:020000040800F2
:10000000000004203D650008B9630008BD630008D6
:10001000C1630008C5630008C96300088D65000856
:100020000000000000000000000000003106010890
:10003000CD63000800000000C105010865DE00086E
:100040008D6500088D6500088D6500088D650008C8
:100050008D6500088D6500088D6500088D650008B8
:100060008D6500088D6500088D6500088D650008A8
:100070008D6500088D6500088D6500088D65000898
:100080008D6500088D6500088D6500088D65000888
:100090008D6500088D6500088D6500088D65000878
:1000A0008D6500088D6500088D6500088D65000868
:1000B0008D650008D1630008DD6300088D650008C8
:1000C0008D6500088D6500088D6500088D65000848
:1000D0008D6500088D6500088D650008E9630008DE
:1000E000F56300088D650008016400088D6500084F
:1000F0008D6500088D6500088D6500088D65000818
:100100008D6500080D640008196400088D650008FD
:100110008D6500088D6500088D6500088D650008F7
:100120008D65000825640008316400088D650008AD
:100130003D6400088D6500088D6500088D65000828
:100140008D6500088D650008496400088D6500080C
:100150008D6500088D6500088D6500088D650008B7
:100160008D650008556400088D6500088D650008E0
:100170008D650008000000008D650008000000008B
:10018000616400088D6500088D6500088D650008B4
:100190008D6500088D6500088D6500088D65000877
:1001A0008D6500088D6500088D6500088D65000867
:1001B0008D650008000000006D6400088D65000872
:1001C0008D650008000000008D6500088D65000841
:1001D0008D6500088D6500088D6500088D65000837
:1001E0008D6500088D6500088D6500088D65000827
:0401F000000000000B
:1002000010B5054C237833B9044B13B10448AFF350
:1002100000800123237010BDB00203200000000005
:10022000880B010808B5034B1BB103490348AFF322
:10023000008008BD00000000B4020320880B010804
:10024000034613F8012B002AFBD1181A0138704716
:10025000704700BF01F042BFF0B5274C274E9BB05E
:100260004FF0FF332822694620680EF06FFC2828E3
:10027000F6D1039805F0EEFB0546002834D1029B29
:100280009BB929460AAA009801F0B6FF0FF064F95D
:100290000AA90246684602F03FF90FF05DF90AA983
:1002A0000246684601F000FFDAE7B3F1005FF4D1DF
:1002B00040F20172009B9342EFD10822039900277C
:1002C000914228BF11460D46C6E90577B760019FE8
:1002D0000B490C48C6E90037F56005F0C7FB30460E
:1002E000084901F081FDD8E74FF0FF332A46206826
:1002F0000AA90EF02BFCC2E750280320E0020320DD
:100300009005FA0BD40203202DE9F0431F4D9BB05A
:10031000DFF8808001AE0AAF002404EBC401C4F111
:1003200024024FF0FF33286806EB81010EF00EFC2B
:100330000444232CF1D9049805F08CFB039B8146DF
:10034000B3F1005F00D0A0B9114807F0B9FB50B17C
:100350003A4631460E4807F07DFAD8F80C300133A2
:10036000C8F80C30D8E74FF0FF3201210FF088FBBE
:10037000EAE70024A9EB040239194FF0FF3328689B
:100380000EF0E4FB04444C45F4D3DDE74C28032095
:10039000F42603200000032000B583B001F0D8FE4E
:1003A00001F008FC03221849184806F0E9FC03F0A4
:1003B00061FC00F0DDFE03F0B9FC0FF0CDF801F0B8
:1003C0006DFE13480BF04CF812480BF011F8124C6C
:1003D0000FF0C2F8019003F053FC019803F0ACFC5D
:1003E000019800F0C7FE237813B9019801F0F6FFD9
:1003F000019801F063FE019802F07CF80A2101A83F
:100400000EF0EAFFE4E700BFF44B0320E4270320EB
:100410002C24032094230320760003202DE9F041AF
:100420000026214DDFF88C80204FA6B012E00FF09F
:100430006DFF98F8003033B10B9B23B164200DF0B1
:10044000C9FD01F0B7FB002202231146386800966F
:100450000FF098FB4FF0FF32012100200FF010FB4E
:100460000FF046FF124807F081FC044606A9104829
:1004700007F0ECFA02A90E4807F010FB54222946B7
:1004800011A8AC6010F028FB094B1E66189BB3F551
:10049000003FCCD9AB689B02C9D5012385F8203039
:1004A0000B9301F02FFCC2E700000320B41B0320D4
:1004B000F4260320D002032000232DE9F04F85B05D
:1004C000DFF8B482A64FDFF8B4B2A64EA64DDFF82F
:1004D000B0A20DF10E098DF80B3014E028680EF073
:1004E0003FFA012809D94FF0FF330222286803A9F7
:1004F0000EF02CFB022800F0968000214FF0FF3216
:1005000008460FF0BDFAD8F800000EF029FA0028CE
:1005100049D130680EF024FA0128DFD94FF0FF33BB
:100520000222306803A90EF011FB0228D6D1BDF8D3
:100530000C20B2F5845FD1D86AB10024121B39199E
:100540004FF0FF3330680EF001FBBDF80C20204463
:1005500084B2A242F2D10EF0FFFF844B3946BDF8BF
:100560000C20CDF8009003F085F9BDF80E30002B7B
:10057000B4D07F48494604464FF0FF33022200685A
:100580000EF0FCF9BDF80E204FF0FF3377492068DC
:100590000EF0F4F9002202231146DBF8000000926D
:1005A0000FF0F0FA9AE74FF0FF330122D8F800007D
:1005B0000DF10B010EF0CAFA0128AAD1D8F80000FB
:1005C0000EF0CEF90128A4D94FF0FF330222D8F85B
:1005D000000003A90EF0BAFA02289AD1BDF80C2047
:1005E000B2F5845F95D8002A40F0AA809DF80B40B0
:1005F000002C56D10EF0B0FF5C4B5949BDF80C20D1
:10060000CDF8009005F0A4F9BDF80E30002B7DD197
:100610000EF0A2FF554B5249BDF80C20CDF80090CA
:1006200005F0E6F975E7BDF80C20B2F5805FBFF480
:1006300064AF6AB10024121B39194FF0FF332868E8
:100640000EF084FABDF80C20204484B2A242F2D10C
:100650000EF082FF454B3946BDF80C20CDF80090D6
:1006600005F0F2FABDF80E30002B3FF446AF4946D4
:100670004FF0FF330222DAF800000EF07FF9BDF8E8
:100680000E204FF0FF333949DAF800000EF076F90A
:10069000002202231146DBF8000000920FF072FAEC
:1006A0002BE70EF059FF314B2D49BDF80C20CDF84A
:1006B000009005F075F9BDF80E30002BA8D02B493D
:1006C0000A787F2A08D1022BA2D98B78A3F11102D4
:1006D000012A9DD9312B9BD02648494604464FF02C
:1006E000FF33022200680EF049F9BDF80E204FF0EA
:1006F000FF331E4920680EF041F900220223114603
:10070000DBF8000000920FF03DFA81E719484946F6
:100710004FF0FF33022200680EF030F91548BDF8A3
:100720000E204FF0FF33114900680EF027F9022325
:1007300022462146DBF8000000940FF023FA67E719
:100740000024121B4FF0FF333919D8F800000EF0C7
:10075000FDF9BDF80C2023189CB2A242F1D145E767
:10076000E44F02201003032008030320603F02200F
:100770000C0303201403032018030320F4080320B0
:10078000040303202DE9F04FDFF8C89185B0664FD0
:10079000664EDFF8C4A1664D09F19C0B0DF1080807
:1007A0001AE030680EF0DCF8012844D828680EF012
:1007B000D7F801280AD94FF0FF33022228680DF13B
:1007C00006010EF0C3F9022800F08B8000214FF0E3
:1007D000FF3208460FF054F938680EF0C1F80128CE
:1007E000DFD94FF0FF330222524938680EF0AEF9DC
:1007F0000228D6D1B9F89420B2F5845FD1D872B16D
:100800000024121B0BEB04014FF0FF3338680EF08D
:100810009DF9B9F89420204484B2A242F1D10EF09F
:100820009BFE0146444802F081FA80B330680EF026
:1008300097F80128BAD94FF0FF3302223F493068B8
:100840000EF084F90228B1D1BAF89420B2F5845F91
:10085000ACD872B100243A49121B21444FF0FF3347
:1008600030680EF073F9BAF89420204484B2A242A2
:10087000F1D10EF071FE0146324802F057FA00281D
:1008800094D11BE0304B93F823010DF0A3FB0EF045
:1008900063FE04F063FF012883D038680EF060F82F
:1008A00001283FF67EAF294B1B78002BEAD10A20A6
:1008B000EBE7274B93F823010DF08CFB0EF04CFE79
:1008C00002F05CFF01283FF471AF30680EF048F889
:1008D00001283FF66BAF1D4B1B78002BE9D10A2096
:1008E000EAE7BDF80620082A3FF670AF72B100248F
:1008F000121B08EB04014FF0FF3328680EF026F9B5
:10090000BDF80620204484B2A242F1D10EF024FEAC
:100910004146BDF8062005F02FF901283FF456AFF7
:100920000A200DF057FBF1E7140303200C0303200A
:1009300004030320FC70022068600220503B032067
:10094000583B0320BC2A0320688002207600032045
:10095000BC4A032068700220BC3A032001F0C2BBED
:1009600001F0C4BB002001F0C5BB00BF0022024B58
:1009700002481A600AF074BDCC020320E023032071
:10098000014B1868704700BFCC0203200000000034
:1009900010B59EB0482200210CA810F011F80023D9
:1009A0004FF40070CDE90233CDE90433CDE90733CC
:1009B000CDE90933019306930B9309F02FF908B1A0
:1009C00072B6FEE701230222169311931993179230
:1009D00010231D9207229FED1E7BCDE91A320324BE
:1009E000042312900CA81C938DED0C7B189409F035
:1009F00051FB034608B172B6FEE70F22214601A85B
:100A0000CDE9033305930294019209F0EFF903460F
:100A100008B172B6FEE7104A4FF0005C916D4BF6DC
:100A20007F3441F080719165926D069302F080727F
:100A3000009208932222202306A8CDE90A230099D8
:100A4000CDF81CC009940AF085FA1EB010BD00BF95
:100A5000290000000000010000100240F0B595B030
:100A600072B64FF00062AA4B9A60BFF34F8F62B626
:100A7000002405F08DFDFFF78BFFCDE90E44CDE995
:100A80001044A44D1294EB6C4FF4604143F0040306
:100A9000EB64EB6C224603F004030793079BEB6CBB
:100AA0009D4843F08003EB64EB6C012603F0800368
:100AB0000893089BEB6C43F00103EB64EB6C03F0D1
:100AC00001030993099BEB6C43F00203EB64EB6CAD
:100AD00003F002030A930A9B07F0E0FD224640F26E
:100AE00001118E4807F0DAFD224641F2E4018C48FC
:100AF00007F0D4FD4FF4604387480EA9CDE90E36C8
:100B00001094119407F01CFC40F2011383480EA9C5
:100B1000CDE90E36CDE9104407F012FC41F2E403B2
:100B20007F480EA9CDE90E36CDE9104407F008FC48
:100B30004FF4007379480EA9CDE90E34109607F0F2
:100B4000FFFB082377480EA9CDE90E34109407F077
:100B5000F7FBAB6C052143F00403AB64AB6C22469E
:100B600003F004030493049BAB6C1D203343AB647C
:100B7000AB6C33400593059BAB6C43F00203AB6455
:100B8000AB6C03F002030693069B06F0EBF91D2005
:100B900006F022FA224605211E2006F0E3F91E2067
:100BA00006F01AFA22460521502006F0DBF9502003
:100BB00006F012FA204608F0EFF808B172B6FEE728
:100BC00008F0FEF8034640B95748584AC0E90023E8
:100BD0000AF0E8F918B172B6FEE772B6FEE7544AB9
:100BE000544B1070544A4FF440711A6010229960AF
:100BF0009A619A620F2113223C2404275860D8601E
:100C00009874D8631846C3E90D661E825E615E6201
:100C1000DC61D9621A621F6306F072FC034650BBA6
:100C20000BAD0B90CDE90E00CDE91000CDE912001F
:100C3000C5E901004FF480704FF4301C03214FF4DC
:100C400080523E4CC4E90233C4E90A3384F82030B0
:100C500084F838303A4B20832046C4E90467C4F84E
:100C600004C0E161626384F83060236005F0B4FC85
:100C700018B172B6FEE772B6FEE70B902946204621
:100C800006F0F8F808B172B6FEE706230F937F234B
:100C900011932C4B109013900EA9204612970E938F
:100CA00005F0C8FD08B172B6FEE7274B20460E934B
:100CB0000C230EA90F9305F0BDFD08B172B6FEE737
:100CC000224B20460E9312230EA90F9305F0B2FD7E
:100CD000034608B172B6FEE71D48C0E905338380BC
:100CE0001C4B0662036006F0A9F908B172B6FEE774
:100CF00000234FF4027102221748C372174B818000
:100D0000C0F80720036008F065F848B372B6FEE744
:100D100000ED00E000100240000802420000024224
:100D200000040242001C0242F825032000080C4285
:100D3000D0020320F426032000A40040E42703206F
:100D400000800242400020190002B0250004002A61
:100D500058270320003002406C20032000D40040BC
:100D600041F63F76414C424ACDE90E00C4E901000C
:100D70001090A06120462260E6600AF061FD034603
:100D800008B172B6FEE720460EA90E9310930AF042
:100D900089FD034608B172B6FEE7364CCDE90E3345
:100DA0001093A360A36142F20F73334A2046C4E953
:100DB0000023E6600AF044FD034608B172B6FEE780
:100DC00020460EA90E9310930AF06CFD034608B15D
:100DD00072B6FEE74F264FF6FF742848284AC0E94E
:100DE00004338360836102604660C4600AF028FDBA
:100DF000034608B172B6FEE72248C0E90163C0E9C4
:100E00000343C0E90533204B03600AF019FD08B124
:100E100072B6FEE74FF080414FF0FF321B4C0B9053
:100E2000CDE90E00CDE91000C5E90100C4E90100DB
:100E30002061A06120462160E2600AF001FD08B156
:100E400072B6FEE74FF4805320460EA90E930AF0C7
:100E500045FB034608B172B6FEE7294620460B93D0
:100E60000D930AF01FFD98B172B6FEE7E023032050
:100E7000001400402C240320001000409423032081
:100E80000044014048230320004801407824032007
:100E900000246E4A01216E4B009246F20600224663
:100EA000CDE901440DF004FD02466A4E6A4D0096FC
:100EB0000121CDE90144694B2A6046F20600224631
:100EC0000DF0F6FC664B674A01210092CDE9014422
:100ED00022461860644B46F206000DF0E9FC634EB2
:100EE000634B224600930121CDE90144614B306000
:100EF00046F206000DF0DCFC5F4B224600935F4B90
:100F00000121CDE9014418605D4B4FF47A600DF08A
:100F1000CFFC5C4F5C4B224600930121CDE901449C
:100F20005A4B38604FF47A600DF0C2FC584B2246A1
:100F30000093584B0121CDE901441860564B4FF402
:100F4000A0400DF0B5FC554B22460093544B0121B7
:100F5000CDE901441860534B4FF4A0400DF0A8FCBC
:100F6000514B186001F096FB0EF0F6FA33462A4614
:100F70004E49009701F09EFA4D4802F00FFF4D4890
:100F800001F072F84C484D4A4D4900F0F9FD0EA8A9
:100F90000E9401F075FB20B90E9B13B9494801F07E
:100FA00047FB0CF06DFF0021474A48480CF0B8FFA2
:100FB0000446474B0021474A47481C600CF0B0FFED
:100FC0000446464B0021464A46481C600CF0A8FFE8
:100FD00004463B4B0021444A44481C600CF0A0FFEF
:100FE0000446434B0021434A43481C600CF098FFE1
:100FF0000446324B0021414A41481C600CF090FFEE
:1010000004462A4B00213F4A3F481C600CF088FFF1
:1010100004463E4B00213E4A3E481C600CF080FFD7
:1010200004463D4B00213D4A3D481C600CF078FFD2
:1010300004463C4B00213C4A3C481C600CF070FFCD
:101040003B4B18600CF03EFFFEE700BF1804032086
:1010500058DF0120F403032018030320507F0120F0
:1010600014030320D0030320481F01201003032092
:10107000AC03032040BF0020880303200C0303209F
:10108000A0AF0020080303206403032000A0002079
:101090004003032004030320005000201C0303200E
:1010A00050280320000000204C280320A40D03201A
:1010B000F825032058270320F42603205412032088
:1010C000B41B032004006345DC0D01085502000831
:1010D00068200320B80D010859020008642003208D
:1010E000940D010809030008700D01089903000818
:1010F000041703204C0D01081D040008280D0108E9
:10110000B9040008040D010885070008F40803204D
:10111000E00C01085D09000844040320BC0C010830
:101120006109000840040320980C010865090008C3
:101130003C040320094A0368934206D0084A9342BC
:101140000AD0084A934205D07047074A1368013312
:101150001360704700F0BABF05F02CBA00140040CD
:10116000002C014000100040CC02032072B6FEE7C4
:10117000704700BF70B50E4D0E4C2B6820891B6860
:101180000D491B6B80B298472B68208A0A4E1B685A
:1011900006F174019B6E80B298472B68208B1B6808
:1011A00006F1E8019B6F80B2BDE87040184700BFB0
:1011B000C8000320540003207429032008707047DE
:1011C00000787047030A08704B707047012994BF7C
:1011D00000780088704700BF012908D94FF6FE2328
:1011E00002889A4203D8981AC0F34F007047002033
:1011F000704700BF012911D94378FA2B07D8084A54
:10120000C3EB0330A2FB0020C0F30F10704740F681
:10121000FF72FF2B0CBF0020104670470020704764
:10122000D34D6210022907D94FF6FF73B0F80100C1
:10123000984208BF0020704700207047042907D952
:101240004FF6FF73B0F80300984208BF00207047C4
:1012500000207047012907D94FF6FF730088984294
:1012600008BF4FF4006070470020704701290ED975
:101270004FF6FF730088984209D047F27F53984297
:1012800038BF1846A0F5EA407F3880B270474FF467
:1012900000607047032986BFC078C0F3810000203A
:1012A000704700BF09B1007870470846704700BF1B
:1012B000012906D9437803F00F03013BDBB2022B6F
:1012C00001D900207047024A32F81300704700BF6E
:1012D000000E010819B10178C1F38100704708467A
:1012E000704700BF032986BFC07800F003000020CC
:1012F000704700BF034600B583B008465BBA0222C0
:101300000DF10601ADF8063004F0B0FB03B000BDEE
:101310008446002310B50C4682B00DF1060002226F
:101320006146ADF8063004F0A1FBBDF80600012CC3
:1013300098BFC0B240BA80B202B010BD002300B561
:10134000012983B0ADF8063002D8184603B000BDBD
:10135000014602220DF1060004F088FB9DF806000C
:1013600003B000BD38B50D4604460822FF212846CB
:1013700004F078FBB4F5FB4F0ADAC4F5FA447F3485
:10138000640004F0FE03C4F307242B706C7038BDB6
:10139000002423466C702B7038BD00BF38B50D4655
:1013A0000822FF210446284604F05CFBFA2204FBD5
:1013B00002F2044BA3FB0213D21A03EB5203DB0A23
:1013C0006B7038BD0101100038B50C460546082287
:1013D000FF21204604F046FB2B0A6570A37038BD40
:1013E00038B50C4605460822FF21204604F03AFB9A
:1013F0002B0AE570237138BD38B50C460546082226
:10140000FF21204604F02EFB2B0A2570637038BDA7
:1014100038B50C4608220546FF21204604F022FB81
:1014200048F6802247F27F53954294BF5B199B1880
:101430009BB21A0A2370627038BD00BF38B50D46E2
:1014400004460822FF2128467D3404F00BFBAC70D3
:1014500038BD00BF38B50D4604460822FF21284696
:1014600004F000FBEB78A40023F00C0304F00C0460
:101470002343EB7038BD00BF38B50C460546082243
:10148000FF21204604F0EEFA257038BDFF2838B55C
:101490000D460FD9C3B2002B0CBF01240324082230
:1014A000FF21284604F0DEFA6B7823F00F031C437B
:1014B0006C7038BD031E18BF01235C00EFE700BF4E
:1014C00038B50D4604460822FF21284604F0CAFA22
:1014D0002B78A40023F00C0304F00C0423432B709E
:1014E00038BD00BF38B50C4605460822FF2120460E
:1014F00004F0B8FAE37805F0030523F003032B4367
:10150000E37038BD38B50D4604460822FF21284651
:1015100004F0A8FA012C0AD0022C05D0032C0CBF31
:10152000D723FF23AB7038BDC723AB7038BDC323AF
:10153000AB7038BD38B50C4605460822FF21204661
:1015400004F090FAEBB2022B12D0032B09D0042B3B
:101550000CBF51230023FF2D88BF43F004032370E9
:1015600038BD1123FF2D88BF43F00403237038BD1D
:101570000123FF2D88BF43F00403237038BD00BF53
:1015800038B50C4605460822FF21204604F06AFAC9
:1015900015F0080F0CBF0021FA2115F0100F0CBF39
:1015A0000022FA2215F0200F0CBF0023FA2315F0B9
:1015B000400F0CBF0020FA2015F0800FE0700CBF28
:1015C0000020FA2015F0010F21700CBF0021FA2134
:1015D00015F0020F62700CBF0022FA2215F0040F02
:1015E000A3700CBF0023FA2320716171A271E37113
:1015F00038BD00BF022906D980787D38C0B2812865
:1016000088BF002070470020704700BF032906D91B
:10161000C0787D38C0B2812888BF00207047002084
:10162000704700BF02290FD9837803F00C02042A07
:1016300001D001207047C3F30113012B06D0002B0A
:101640000CBF022001207047002070470320704724
:1016500007292DD903784278A3F1FA03B3FA83F36B
:10166000FA2A4FEA531382784FEAC30308BF43F0C4
:101670001003FA2AC27808BF43F02003FA2A02793D
:1016800008BF43F04003FA2A427908BF43F08003C1
:10169000FA2A827908BF43F00103FA2AC27908BF07
:1016A00043F00203FA2A08BF43F0040318467047C8
:1016B0000020704700787047D9B103789A09012A51
:1016C0000ED003F03002102A15D003F00302012AD5
:1016D00014BF0120022003F00C03042B06D0704736
:1016E00003F00C03042B4FF00400F8D140F47F40CA
:1016F0007047084670470320EDE700BF0078704749
:10170000007870470078704700787047087070471D
:10171000087070470870704708707047087070470D
:10172000030A08704B707047012994BF0078008845
:10173000704700BF38B50D460822FF2104462846F1
:1017400004F090F9FA2204FB02F2044BA3FB02130B
:10175000D21A03EB5203DB0A6B7038BD0101100093
:10176000012911D94378FA2B07D8084AC3EB033073
:10177000A2FB0020C0F30F10704740F6FF72FF2B52
:101780000CBF00201046704700207047D34D6210F8
:10179000034600B583B008465BBA02220DF106018C
:1017A000ADF8063004F062F903B000BD034600B5A1
:1017B00083B008465BBA02220DF10601ADF806308F
:1017C00004F054F903B000BD034600B583B00846E9
:1017D0005BBA02220DF10601ADF8063004F046F9BD
:1017E00003B000BD034600B583B008465BBA0222D1
:1017F0000DF10601ADF8063004F038F903B000BD74
:10180000034600B583B008465BBA02220DF106011B
:10181000ADF8063004F02AF903B000BD034600B568
:1018200083B008465BBA02220DF10601ADF806301E
:1018300004F01CF903B000BD034600B583B00846B0
:101840005BBA02220DF10601ADF8063004F00EF984
:1018500003B000BD8446002310B50C4682B00DF1E4
:10186000060002226146ADF8063004F0FFF8BDF82C
:101870000600012C98BFC0B240BA80B202B010BDC1
:101880008446002310B50C4682B00DF106000222FA
:101890006146ADF8063004F0E9F8BDF80600012C09
:1018A00098BFC0B240BA80B202B010BD84460023D7
:1018B00010B50C4682B00DF1060002226146ADF86B
:1018C000063004F0D3F8BDF80600012C98BFC0B272
:1018D00040BA80B202B010BD8446002310B50C4659
:1018E00082B00DF1060002226146ADF8063004F028
:1018F000BDF8BDF80600012C98BFC0B240BA80B256
:1019000002B010BD8446002310B50C4682B00DF124
:10191000060002226146ADF8063004F0A7F8BDF8D3
:101920000600012C98BFC0B240BA80B202B010BD10
:101930008446002310B50C4682B00DF10600022249
:101940006146ADF8063004F091F8BDF80600012CB0
:1019500098BFC0B240BA80B202B010BD8446002326
:1019600010B50C4682B00DF1060002226146ADF8BA
:10197000063004F07BF8BDF80600012C98BFC0B219
:1019800040BA80B202B010BD002300B5012983B077
:10199000ADF8063002D8184603B000BD0146022259
:1019A0000DF1060004F062F8BDF80600000A03B06D
:1019B00000BD00BF012918D9037803F00302012AF2
:1019C00017D003F00C02042A15D003F03002102ABD
:1019D0000DD003F0C003402B0FD0437803F0030376
:1019E000012B0CBF06200120704700207047052006
:1019F000704702207047032070470420704700BFE3
:101A00002DE9F04F3A4B8346984283B007D8394BC3
:101A1000984260D94FF028094FF4487609E03649DA
:101A20004FF02509B1FBFBF1C9B2192940F2EE26AE
:101A30005BD90124304B0134A4B2B3FBF4F1B1FB08
:101A4000FBF1C9B21929F6D8B4F5806F3FD2012055
:101A50002A4BCDF804B01F6823186FF0004C4FF4E8
:101A60007A759B461FFA83FAA1F1020EBEEB510F65
:101A70004FEA51031ADD01F1FF385FFA88F805FBE0
:101A800003F2B2FBF1F2B21A002AB8BF5242624529
:101A900009DA914507DB00209446A8EB0302D2B295
:101AA000FB617C613A6201337345E8DB124B1FFA3C
:101AB0008BF4B3FBFAF1019BB4F5806FB1FBF3F14A
:101AC0000AF1010AC9B203D004F1010BCCE70120ED
:101AD00003B0BDE8F08F08494FF02B09B1FBFBF1D3
:101AE000C9B2192940F26B36A3D80124AFE700BF71
:101AF00000350C0020A10700005A6202442903208F
:101B00004FF08041022201232DE9F041174C0025BE
:101B1000C4E91123164E174FDFF86080E16311E02E
:101B2000D8F800202365937C003B18BF012312499D
:101B30003868A36405F0CEFD78B96B1C022B4FF01A
:101B4000010511D056F8043B2564E364002BE7D06F
:101B50006FF0604201232265E9E7FFF707FB6B1C8A
:101B6000022B4FF00105EDD1BDE8F081000003200C
:101B7000180F0108442903203C000320C80003205B
:101B800038B50C46064D0749074B0A6028600749DF
:101B900001201C600CF02CFC054B186038BD00BF08
:101BA000442903203C2903204029032054280320F2
:101BB000A4280320F0B54D4E83B0306805F034FE04
:101BC000306805F09DFC00286FD10022484D40216F
:101BD00048482A71EA602A616A61AA61AA60EA61DA
:101BE00085F8202006F05AFD306805F01DFE092218
:101BF00002233068C0E90D2305F082FC002871D172
:101C000000240222012340F2FF71C5E90B233A4F61
:101C1000A9636C6202E00134092C0ED037F8023F50
:101C200036493068AC626B6305F054FD0028F2D091
:101C30000134FFF79BFA092CF0D1FFF761FF002375
:101C4000022230681146009305F070FD002846D14D
:101C5000306805F08DFD00283ED10022012130685A
:101C600005F034FFA8BB00220621306805F02EFFE6
:101C700060BB07224FF4F051306805F027FF10BB1E
:101C800007228021306805F021FFC8B900221C49D5
:101C9000306805F01BFF80B900224FF460213068E6
:101CA00005F014FF20B903B0F0BDFFF75FFA8CE731
:101CB00003B0BDE8F040FFF759BAFFF757FAEBE77A
:101CC000FFF754FAE2E7FFF751FAD9E7FFF74EFAC8
:101CD000CFE7FFF74BFAC6E7FFF748FABDE7FFF794
:101CE00045FAB5E7FFF742FA8AE700BF4429032027
:101CF00000000320000402421E0F010824000320FC
:101D000000407100014B186805F08EBD4429032086
:101D1000FFF7F6BE082824D8DFE800F0080C1014FE
:101D2000171A1D2005001448FFF76ABE42F2107012
:101D3000FFF766BE44F62060FFF762BE4CF25030FB
:101D4000FFF75EBE0D48FFF75BBE0D48FFF758BEBC
:101D50000C48FFF755BE0C48FFF752BE0B48FFF783
:101D60004FBE0B4AA0F51C53103B934201D90120F2
:101D70007047FFF745BE00BF40420F00A08601003C
:101D800048E8010090D0030020A1070000350C00B6
:101D9000301B0F000346054A19780020516159781D
:101DA000D16199781162DB7893617047F426032042
:101DB0000246024B00209A61704700BFF4260320C0
:101DC000034600B5064A93F801E093F800C082F894
:101DD00010E004499B7881F800C05374002000BDD6
:101DE000F4260320D00203202DE9F047054682B0F7
:101DF000C0680F4603F02EFEAB68B3F1005F3ED023
:101E00000646824600F12409264C4FF0FF31206837
:101E10000CF0ACFB0128F8D1DFF89480D8F8000072
:101E20000CF08AFD484517D202251F4A13792B432F
:101E30001371002320681A4619460CF03DFA1B4A1C
:101E40000223126810680022114600920DF09AFEDB
:101E5000284602B0BDE8F08729464FF0FF33242220
:101E6000D8F800000CF08AFD054686B94D450CD027
:101E70000D4A0125137943F008031371D9E74FF098
:101E8000000A4FF024095646BEE70025D1E7524626
:101E900039464FF0FF33D8F800000CF06FFD0544D1
:101EA000E4E700BFA428032000000320402903200A
:101EB0004C2803202DE9F04700250C4682B0C907C5
:101EC0000646019516D4A20707D50221314A137997
:101ED00043F00103137133681965630738D4019B1C
:101EE0002BB14FF0E0234FF08052C3F8042D02B025
:101EF000BDE8F087DFF8A890DFF8988040214A46D7
:101F0000254B05F009FDD8F81430D9F80C00013341
:101F1000C8F8143003F09EFDDFF888A00746DAF811
:101F200000000CF009FD07F12803984224D349462C
:101F30002822DAF8000001AB0CF0BAFD002FC2D065
:101F40003A46DAF80000144901AB0CF0B1FDBAE7EB
:101F50000424104B11499A69086801329A611A7970
:101F6000002142F008021A71336800680DEB040288
:101F70001C650DF027FFB2E7D8F818302946013369
:101F8000C8F81830054B01AA1B6818680DF01AFF35
:101F900099E700BF00000320FC2803203C29032010
:101FA000D428032050280320002110B50A4A0B4CE6
:101FB0001268236982B01068013301AA236101917C
:101FC0000DF000FF019B2BB14FF0E0234FF080524A
:101FD000C3F8042D02B010BD4029032000000320E7
:101FE000002110B50A4A0B4C1268E36982B01068F0
:101FF000013301AAE36101910DF0E4FE019B2BB1D5
:102000004FF0E0234FF08052C3F8042D02B010BD12
:102010003C2903200000032038B50C46104D29460A
:1020200005F014FDA10303D5EB68A3B90D4A1360B5
:10203000620309D52B690B4A012B13790CBF43F0BE
:10204000040303F0FB031371230303D50122054BA3
:1020500083F8202038BD4FF00042024B1A60E7E7BA
:10206000A828032000000320704700BF91B14FF063
:10207000FF3210B4084C014410F8013B5340DBB26E
:1020800054F82330884283EA1222F5D1D0435DF818
:10209000044B704708467047340F01080022014B7B
:1020A0001A6070474C290320034B1B689B7C03B9C3
:1020B000704700F093BE00BFC8000320024A1368B7
:1020C00001331360704700BF4C290320024A136894
:1020D00001331360704700BF4829032000200DF032
:1020E00005B900BF00200DF001B900BF00200DF0C0
:1020F000FDB800BF00200DF0F9B800BF124B1B68FF
:102100001989F9B130B400245B68104A03EB41111E
:10211000D3E90050C2E900509D6898699561DD6877
:102120002033556153F8105C8B42C2E9024553F8E5
:102130000C5C02F1740242F8105C42F8040CE7D126
:1021400030BC7047704700BFC800032050290320EF
:1021500070B500250D4B0E4A1B6815709C7C0D4B0D
:10216000641B18BF0124644203F5AE76E4B218463E
:10217000082221460EF024FC03467433B342C0E922
:102180001155F4D1BDE87040FFF7B8BFC800032077
:10219000760003207429032038B3144B1A68824256
:1021A00023D02DE9F041847C0122003C18BF01249A
:1021B00000250F4E186037780E4B644203F5AE7859
:1021C000FFB23270E4B21846082221460EF0F8FB46
:1021D000034674334345C0E91155F4D1FFF78EFF30
:1021E000FFF796FD3770BDE8F0817047C800032007
:1021F000760003207429032000293CD0F0B5744BED
:1022000083B01D68AF7C6FB906462C8A44B1EB6879
:1022100003EBC40C1C68B4420FD008336345F9D1FA
:1022200003B0F0BDC0F30743EF2B4FEA1024C0F317
:102230001126EAD8674E2640E7E71C79E7B1B6F5E4
:102240006F4F49D04FF6D4539E4266D04FF602737B
:102250009E4200F0AD800F2C10D12B681046DB6F32
:1022600000929847009A137803F00303032BD7D00A
:10227000594B1883D4E77047082C3BD02B68104685
:1022800003EBC4035B689847102CC9D801A353F82B
:1022900024F000BF3D2300087123000877230008C5
:1022A0007D23000883230008892300088F2300086A
:1022B000952300089B230008552300085D23000890
:1022C000652300086B230008492300084F230008FA
:1022D0007122000843230008C0F30720132860D0B0
:1022E0005A289DD12B6810465B6D98473A4AC3B275
:1022F000D37595E72B6810465B6C00910192984767
:102300000099354CC0B20129207389D0019A10463A
:10231000FFF73AFB84F8200082E7C3B2212B4ED0AE
:102320005A2B7FF47DAF2B681046DB6C9847C3B205
:10233000032B3FF475AF284A937571E7264B5880FD
:102340006EE7254BD8836BE7234B188268E7224B57
:10235000988365E7204BC0B2987561E71E4BC0B209
:10236000D8755DE71C4B58835AE71B4B588257E7DB
:10237000194B188054E7184BD88051E7164B9880BA
:102380004EE7154B98824BE7134B588148E7124BA9
:10239000188145E7104BD88142E70F4BC0B2187344
:1023A0003EE72B681046DB6A98470B4B588137E7AE
:1023B0001046FFF7FFFA084B83F8200030E72B6840
:1023C00010465B6F9847044AC3B2938328E700BF67
:1023D000C800032000FF030054000320314B1B788A
:1023E000002B5DD12DE9F04FDFF8C4A003F0FF050D
:1023F000DAF8003083B01B89002B4ED02A4F0646F6
:102400003C464FF0740908E0DAF8003001351A89CB
:10241000ABB29A4204F174043FD9E36E626EF31AD0
:102420009342F1D3B4F9703009FB05FB002B0DDBAF
:10243000B4F868200BF1240052BA00EBE300ADF8C9
:1024400004203844022201A903F010FBB4F97210F1
:1024500004F1240800294FEAE10112DB4046FFF7AE
:1024600005FEB4F972200190002AB8BF07320BF1C3
:10247000240000EBE200042238440DEB020103F0DB
:10248000F5FA0A4B41461A6820462261FFF7ACFC78
:10249000A36EE6660133A366B6E703B0BDE8F08F2E
:1024A000704700BF7600032050290320000003205E
:1024B000C800032010B50B4C216004460A490A608D
:1024C0000A490B4A0B60029B136000F06BF8204630
:1024D00003F0F8F8204601F03FF9204603F02CFB0A
:1024E000002010BDB82A0320B42A0320B02A0320FC
:1024F000AC2A032038B5054603F004F90446284603
:1025000001F036F9034628461C4303F021FBE4B2F0
:102510002043C0B238BD00BF70B51E4B82B01B68EF
:1025200004460D46164603F023F9012813D01A4B32
:102530003246294620461B6801F02AF901281FD09F
:10254000164B3246294620461B6803F02BFB012818
:102550000BD002B070BD0022114B11461B681868E9
:10256000022300920DF00EFBE1E700220C4902234A
:1025700009680868114600920DF004FB02B070BDB6
:102580000022074B11461B681868022300920DF0C9
:10259000F9FAD5E7B42A0320B02A0320AC2A032095
:1025A000B82A032000B583B0102001A900F09EF8DE
:1025B00008B903B000BD0021102000F07FF80038FA
:1025C00018BF012003B000BD00B583B0102001A9E1
:1025D00000F08CF820B90146019820B903B000BD85
:1025E000012003B000BD102000F068F8003818BFCB
:1025F000012003B000BD00BF70B5002682B00446C4
:102600000D46102001A9019600F070F810B9019B49
:10261000A34202D8012002B070BD04F11100294686
:1026200080B200F063F8801B18BF012002B070BDBB
:10263000002210B5114B82B01B78019213B91846D5
:1026400002B010BD044601A9102000F04FF840B9B7
:1026500001981130FF2804D8214680B200F02EF8EE
:1026600018B10123184602B010BD019910200131A4
:1026700000F024F8031E18BF0123E0E777000320D1
:10268000014608B5102000F031F8003818BF0120CD
:1026900008BD00BF10B505F06BFB00200AF0C0FCC0
:1026A000044618B905F078FB204610BD00200AF05A
:1026B00085F805F071FB204610BD00BF38B5044613
:1026C0000D4605F055FB204629460AF051FFC3058B
:1026D000044603D405F060FB204638BD0AF048F9F3
:1026E0000443A4B205F058FB204638BD0AF0A2BA54
:1026F00084462DE9F8430CF50055104695F827213E
:102700000CF580540F461E46B4F89210B4F894307D
:1027100072B3002940F08E80072B40F2A0803E2B40
:1027200040F2B9804FF04008B3F5805F4246C146A1
:102730005FD21B0A43F010030370B4F894300CF519
:1027400084514370023A1C31023003F08FF90122A8
:102750000223A8F1020887F80090A4F89280A5F857
:102760001C2184F891300120C4F89860BDE8F883FA
:10277000B1B307224FF008085B1A1FFA83F9B5F8C6
:102780001C31914503F00F0343F0200300F8013B97
:10279000B4F8923003F5845303F11C030CEB0301EE
:1027A0004CD903F063F987F80080B4F89230B5F89B
:1027B0001C21013B9844A4F8928095F822313BB14A
:1027C000B2FBF3F103FB112313B9022384F8913018
:1027D0000132A5F81C210120C4F89860BDE8F883F7
:1027E000072B3CD94FF00808B3F5805F4246C1463D
:1027F0009FD310230360B4F894300CF584511B0A66
:102800000371B4F89430063A43711C31063003F07A
:102810002DF901220223A8F1060887F80090A4F8F8
:102820009280A5F81C2184F891300120C4F89860AA
:10283000BDE8F8833F224FF040089DE74A4603F089
:1028400015F9032309F101023A7084F89130B4F8C4
:102850009230B5F81C219944A4F89290B8E700F89A
:10286000013B0CF58451B4F894201C3103F0FEF8C0
:1028700001210322B4F894300B443B70B4F8943037
:102880000120A4F89230A5F81C1184F89120C4F816
:102890009860BDE8F8830170B4F894300CF5845169
:1028A0004370B4F894201C31023003F0DFF8B4F820
:1028B0009430012103220233DFE700BF70B500240A
:1028C0000E4600F580530470C0F802400473846023
:1028D000C3F89240C3F89840A3F88E40A3F8904004
:1028E00000F50053054621464FF48452C3E947449E
:1028F000C3F82861C3F824410D300EF061F84FF49D
:102900008452A8182146BDE870401C300EF058B81B
:10291000F0B591B0169D0446856019B396461278BD
:102920008C46100903281DD8DFE800F0024C7A22FB
:10293000003B18BF012304F5005282F826312378AA
:1029400023B10621002382F8241123709EF8005041
:10295000BCF1080F05F00F0500F2D1800123002D16
:1029600040F0D680237B012B00F0A78011B0F0BD92
:1029700004F5805797F8911002F00F0204F5005605
:102980004B1E012A86F82121DBB200F00B81022ABE
:1029900000F01181002A40F0FB80BCF1010F00F033
:1029A0001E819EF80130BCF1020F86F8223101D061
:1029B0009EF80220022986F82321D3D1012387F82B
:1029C0009130CFE7003B18BF012304F5005686F88D
:1029D0002631227822B1062286F824210022227094
:1029E000BCF1070FBED99EF800209EF8010002F04E
:1029F0000F01014340F09C80DEF8022012BA072A42
:102A0000B0D9B2F5845F40F2F0800222072086F848
:102A10001E2186F82401217096F81F21322159E0E9
:102A20002378012B9ED104F58057B7F88E1002F061
:102A30000F0201F00F039A4240F0A2806088A38841
:102A400097F890201B1A9BB2002A00F0BE80551EFA
:102A5000AEB29E4280F0BC80944583D14A1C92B2B3
:102A6000EDB20D30A7F88E200EF101012A46204468
:102A700002F0FCFF6388A2882B449BB29A426380D9
:102A800000F0B08004F5005696F81F21002A3FF4AC
:102A900069AFB7F88E30013B93FBF2F102FB1133C3
:102AA000002B7FF45FAF96F8263196F81E11003B9D
:102AB00018BF012341F030010CE004F5005696F8F0
:102AC000263196F81E11003B18BF012396F81F21EE
:102AD00041F0300100208DF8012003228DF8001014
:102AE00096F820112073D6F828015B058DF80210A6
:102AF00083616946C260FFF777F911B0F0BD002D20
:102B00007FF430AF9EF801500223002D3FF42AAF2E
:102B1000ACEB03018D423FF725AF0EEB03012A46D4
:102B200004F10D0002F0A2FF02236580237019E773
:102B3000120202F470620243072A7FF613AF0221E9
:102B40000B46ACEB0303DDB204F58057A280714461
:102B50002A4687F890C004F10D0002F087FF012398
:102B600000226580237086F81E21A7F88E3096F823
:102B700026313021003B18BF012396F81F21A9E719
:102B80000421002304F5005282F824112370E9E6A1
:102B9000012B3FF6E7AE0522032386F8252187F8AF
:102BA0009130DFE6012B3FF6DDAE0223C7F89850E7
:102BB00087F89130D6E6012B3FF6D4AE08220323E6
:102BC00086F8252187F89130CCE6072B3FF6CAAE70
:102BD0009C457FF6C7AE4A1C92B2DDB241E786F84B
:102BE0002221E7E602232370BCE606210B46A8E774
:102BF0000378012B01D0002070478268064B891AA8
:102C00009942F8DD0321002300F5005282F82411D7
:102C100003700020704700BF400D03002DE9F04114
:102C200000F58055144695F8912092B0561E012E5D
:102C300005D9032A0ED0002012B0BDE8F081D5F8E6
:102C40009830394ECB1AB3420BD9022300F500500D
:102C500080F825310023012085F8913012B0BDE8BD
:102C6000F081012AE7D100F5005696F9237196F814
:102C70002321002F05DA0F32D2B2082A8CBF7F221F
:102C800001229A42D7D80B4602AA0DF10701FFF79D
:102C90002FFD9DF80780B8F1080F38D9B8F10C0F57
:102CA00037D9B8F1100F36D9B8F1140F35D9B8F1BA
:102CB000180F34D9B8F1200F33D9B8F1310F34BF20
:102CC0000E270F27384602F0C5FE80450AD2A0EB3A
:102CD0000802013AD2B202AB0021013203EB080034
:102CE0000DF06EFEE76096F82731003B18BF012318
:102CF0005B05A36102E0012002F0D8FE204602A994
:102D0000FFF772F80028F6D195F8912091E7474631
:102D1000D8E70927D6E70A27D4E70B27D2E70C27FD
:102D2000D0E70D27CEE700BF400D030000F580522D
:102D3000B2F89430B3F5845F14D892F891309BB90F
:102D400000F5005300204FF0010CA2F89200A3F808
:102D50001C01C2F8981093F8261183F8271182F805
:102D600091C07047012070474FF0090C00F50053E7
:102D700083F825C1E6E700BF830F032BC0F30D40A6
:102D800020D0012B0ED0B3B9B0F5B97F21D01F23CD
:102D90005FFA80FC000A012281F800C048708B7045
:102DA000CA70704740F263539842F0D102204FF04E
:102DB000740C0D23EFE79128E9D10B204FF0380C6C
:102DC0000223E8E72928E2D102204FF07F0C0923F3
:102DD000E1E70B204FF0EF0CDDE700BF2DE9F04FEE
:102DE000456893B0B5F1804F02D013B0BDE8F08FC5
:102DF0000668C068C6F307470C4602F02BFEEA2FB0
:102E0000C6F3072832D0EC2FEFD1B8F1130FECD175
:102E10000728EAD92378102BE7D1E3793002C54996
:102E2000A27980B20143647908201B0443EA02239B
:102E3000234300224FF0FF34099123FA00F18DF86B
:102E400021308DF822101B0C0C9007A909A8CDE9A0
:102E50000D22CDE90F220A958DF823300B921192A5
:102E600007948DF82040FEF7BFFFBEE70228BCD9CB
:102E7000B8F1FF0F23D0B8F1130FB6D1A378617862
:102E800022781B0443EA01231343B3F56E4F40F04D
:102E9000C480A94A33029BB21A4300234FF08045F5
:102EA0000824A64909A8CDE90A53CDE90C43CDE988
:102EB0000E33CDE910330992FEF796FF95E7A3781C
:102EC000617822781B0443EA01231343B3F56E4F64
:102ED00000F02E814FF6C552934200F0CB804FF6A2
:102EE000CA62934281D14FF0000904A8CDF8109036
:102EF000FFF7C6FB924B049AB3F81EA0012ACAF34F
:102F0000400A4FEA8A1A4AF03F0A5FFA8AF440F20E
:102F10002981920002321FFA82FA8A4B0AF10601D5
:102F2000A3FB0103C91A03EB5103C3F387074FF057
:102F3000804385490A930991082120230C918349F4
:102F400007AA08910DF1240B4FEA1A218DF81E10E3
:102F5000584611468DF81C301546CDE90D99CDE93E
:102F60000F99CDF82C90CDF844908DF81DA08DF8D8
:102F70001F70FEF739FF764B0993002F3FF435AFF2
:102F8000CDE9027B4FF00108A3460DF1230608228C
:102F9000FF21284602F066FD334656469A4608F160
:102FA000FF34C4EBC4048DF81C80A4B20195A64282
:102FB0001ADDA3B243B3012B2DD0A7B2023F05A95E
:102FC000B810CDF8149007F00307FFF715FB05982C
:102FD00006A9FFF7D1FE0DEB07031B7E05F8013FA5
:102FE000AA4504F10104E2D15346019D0398294604
:102FF000B24608F101081E46FEF7F6FE029B5FFA94
:1030000088F84345C3D2F0E605F801BFAA4504F1AC
:103010000104CED1E8E7FF23E0E74FF6C552934223
:1030200028D04FF6CA6293423FF45DAF08270022D2
:10303000FF240A956FF0FE0506FA07F0454980B2B5
:103040000143099123FA07F18DF821308DF8221000
:103050001B0C07A909A8CDE90B27CDE90D22CDE965
:103060000F228DF82330119207958DF82040FEF73E
:10307000BBFEBAE6384802F00DFD00224FF0804159
:103080000824314DCDE90A12099505462021CDE9E4
:103090000C42CDE90E22CDE91022304A294B08928C
:1030A000AA1D8DF81C10A3FB0213D21A07A803EB6C
:1030B000520325FA04F10DF1240BC3F387088DF8B0
:1030C0001E100746014658468DF81D508DF81F808A
:1030D000FEF78AFE1E4B0993B8F1000F3FF485AE50
:1030E0000124DFF874900DF12306A4EB090A0822ED
:1030F000FF21384602F0B6FC3A46631EC3EBC30319
:103100009BB2013B8DF81C404B440AEB03018D42FE
:1031100005DD13F8011F02F8011F9642F5D10134B5
:1031200039465846E4B2FEF75FFEA045DFD25CE6C2
:103130000B4AB2E61300EC1C1300EE184C13010806
:10314000540003202549922413FFEC1CFFCAFE0003
:1031500013FFEB1C1300E81834130108FFC5FD0032
:1031600013FFEE1808224FF0804316490C92099184
:1031700007A908460D46FF210A93CDE90D99CDE92F
:103180000F99CDF82C90CDF8449002F06BFCFF2203
:10319000049B8DF81C40012B8DF81D2006D0CDF826
:1031A0001E90294609A8FEF71FFE1EE606A94846FE
:1031B000CDF81890FFF720FA06980DF11E01FFF7E1
:1031C000DBFDEEE713CAFE182DE9F0431446027842
:1031D0000646013A1D4685B0092A11D8DFE812F0EB
:1031E0001C0010000A009A01100010000A001000D4
:1031F00076010A00012900F09A817F22122101E064
:103200007F221121032322703278A17062702B80FB
:10321000002005B0BDE8F0830229EED141232370E0
:1032200043786370A62BE8D801A252F823F000BFC0
:10323000F7360008D9360008FB310008FB310008DA
:10324000A336000899360008FB310008FB3100085E
:10325000FB310008FB310008FB310008FB3100089E
:103260008336000873360008FB310008FB31000884
:10327000FB31000843360008FB310008FB31000831
:10328000FB310008FB310008FB310008FB3100086E
:10329000FB310008FB310008FB310008FB3100085E
:1032A000FB310008FB310008FB310008AD36000897
:1032B0006736000839360008FB310008FB3100088A
:1032C000FB310008FB310008FB310008FB3100082E
:1032D000FB310008FB310008FB310008FB3100081E
:1032E000FB310008FB310008FB310008FB3100080E
:1032F0004336000839360008FB310008FB3100086E
:10330000FB310008FB310008FB310008FB310008ED
:10331000FB310008FB310008FB310008FB310008DD
:10332000FB310008FB310008FB310008FB310008CD
:1033300025370008193700080D370008FB31000851
:10334000FB310008FB31000803370008FB3100089F
:10335000FB310008FB310008FB310008FB3100089D
:10336000FB3100083936000839360008FB31000807
:10337000FB310008FB310008FB310008FB3100087D
:10338000FB310008FB310008FB310008FB3100086D
:10339000FB310008FB310008FB310008FB3100085D
:1033A000FB310008FB310008FB310008FB3100084D
:1033B0004D360008FB310008FB310008FB310008E6
:1033C000FB310008FB310008FB310008FB3100082D
:1033D000FB310008FB310008FB310008FB3100081D
:1033E000FB310008FB310008FB310008FB3100080D
:1033F000FB310008FB310008FB310008FB310008FD
:10340000FB310008FB310008FB310008FB310008EC
:10341000FB310008FB310008FB310008FB310008DC
:10342000FB310008FB310008FB310008FB310008CC
:103430004D360008FB310008FB310008FB31000865
:10344000FB310008FB310008FB310008FB310008AC
:10345000FB310008FB310008FB310008FB3100089C
:10346000FB310008FB310008FB310008FB3100088C
:10347000FB310008FB310008FB310008FB3100087C
:10348000FB310008FB310008FB310008FB3100086C
:10349000FB310008FB310008FB310008FB3100085C
:1034A000FB310008FB310008FB310008FB3100084C
:1034B000CD360008FB310008FB310008FB31000865
:1034C000FB310008FB3100085B36000802297FF45D
:1034D00094AE49232370437863700A2B3FF68DAE78
:1034E00001A252F823F000BF87350008FB31000825
:1034F000A7350008FB31000895350008FB310008AE
:1035000029360008FB310008FB310008FB310008B8
:103510000B36000801297FF470AE0191FFF754F8D3
:10352000019968BB337840332370298070E602A884
:10353000FFF7A6F820BB029B5A1C52002A80327863
:1035400063704032DBB22270002B3FF461AE07465D
:1035500004F1020904F103080CE0039B1A0E09F8B8
:1035600017201B0C9DF8082008F817300137BA42C5
:103570007FF64EAE384603A9FFF73EF80028ECD0A0
:103580007F2210213EE644F254020623C4F80220B2
:103590002B803DE601236749A370E01C02F072FA1C
:1035A00013232B8034E614230120E61CA07031463F
:1035B0002B80FFF79BF8E11D05460220FFF796F8E8
:1035C000034604F10B0103201D43FFF78FF8034668
:1035D00004F10F010420ADB21D43FFF787F8034645
:1035E00004F113010520ADB245EA0304FFF77EF8AC
:1035F000A4B244EA00039BB2002B3FF409AE1122AF
:103600000021304602F02EFA02E60123E61CA370E8
:1036100014220021304602F025FA3046464902F0D5
:1036200031FA17232B80F3E5782207234349A2714F
:10363000C4F802102B80EBE5042200232A8063806B
:10364000E6E5032200232A80A370E1E506224FF07D
:1036500080732A80C4F80230DAE50622384B2A80CB
:10366000C4F80230D4E50622364B2A80C4F8023072
:10367000CEE50322344B2A809B8AC3F30723A37031
:10368000C6E50423304A2B809388C3F34A13A37002
:103690009388DB00E370BBE5032274232A80A370C8
:1036A000B6E503224C232A80A370B1E504232B80C6
:1036B0000BF052FF254DA5FB00239B0BA3700BF0D5
:1036C0004BFFA5FB00539B09E370A1E506220423F1
:1036D0002A80C4F802309BE503A8FEF7D1FF38BB6F
:1036E000039A02F07F02002306212980A270E37072
:1036F000237163718CE50622154B2A80C4F80230D1
:1037000086E5032251232A80A37081E504224BF62B
:1037100035732A8063807BE5062200232A80C4F863
:10372000023075E506220B4B2A80C4F802306FE5A3
:103730000022D8E7400C0108500C01080112345651
:10374000123456788001800154000320D34D62105A
:1037500098188003A40C000108B503490348FFF73B
:10376000ADF8002008BD00BF78000320BC2A03206C
:1037700001460148FFF73CBABC2A03200146024A31
:103780000248FFF74BBA00BFA0000320BC2A032069
:103790002DE9F0410446D0E90050B0F1804F884651
:1037A00016461F4682B008D018B940F2E5739D4214
:1037B0001AD0002002B0BDE8F081C5F30743EF2B1B
:1037C000F7D1C5F30723132BF3D105F10F03DBB2B8
:1037D000092BEED82B029BB205F0E0551D4345F4B2
:1037E0006F0545F0130501E040F2ED751C4BC3E990
:1037F00000501C4BC3E9005098F800301A4D0F2BB5
:1038000003D82B780BB100232B70E06802F022F96B
:103810000096A3690146A3F50013B3FA83F3424669
:1038200011485B09FFF774F82A78022AC1D14FF0DA
:10383000FF330E4938680BF0A1F84FF0FF33044610
:103840000B496A8838680BF099F86B880444023396
:10385000A34201D0FDF78AFC002301202B70A9E7C9
:10386000A000032078000320BC2A0320BE2A0320E6
:10387000C92A03200020F0B4049F4E4D4E4E3880DC
:1038800037602B60002A4ED00846114602781C464D
:103890000F2A4AD9103A762A3DD8DFE802F0553C83
:1038A0003C3C3C3C3C3C3C3C3C3C3C3C3C3C3C3C58
:1038B0003C3C3C3C3C3C4B693C3C3C3C3C3C3C3C0C
:1038C0003C3C3C3C3C3C3C3C3C3C3C3C613C3C3C13
:1038D0003C3C3C3C3C3C3C3C3C3C3C3C3C3C3C3C28
:1038E0003C3C3C3C3C3C3C3C3C3C3C3C3C3C3C3C18
:1038F0003C3C3C3C3C3C3C3C3C3C3C3C3C3C3C3C08
:103900003C3C3C3C3C3C3C3C3C3C3C3C3C3C3C3CF7
:103910003C3C3C3C3C007F22112103232270027876
:10392000A17062703B80F0BC70473B462246F0BC01
:10393000FFF74ABC012904D04378012B2BD0022B7E
:1039400021D07F221221E8E70129FAD0437803F041
:10395000FB03812BF5D15022012322703B80E2E74B
:103960000129EED04378012B11D0022BE9D1DAE7FF
:103970000129E6D04378012B14D0022BE1D100229B
:103980000E4B1A70CFE701220C4B1A70CBE77E2248
:1039900022703B80C7E7094A1370027840322270D8
:1039A0003B80C0E70021054A117002784032227046
:1039B0003B80B8E7EC4B0320E84B03207600032064
:1039C000814204D900F17840B0F5802F01D3002066
:1039D000704701F178410139B1F5802F2CBF0020EB
:1039E00001207047814208D9B0F1005F05D3044837
:1039F00081428CBF0020012070470020704700BF2B
:103A000000000420814211D9B0F1005F10D31A4B9D
:103A1000994219D9194B984208D9194881428CBF4B
:103A2000002001207047B0F1006F15D200207047D0
:103A3000144B98420AD8144B9842F4D91348814247
:103A40008CBF002001207047012070471048814240
:103A50008CBF0020012070470E4B9942E6D80E4BD8
:103A6000B3F8E030B3F5007FEED00C4881428CBF54
:103A700000200120704700BF000004203F200240CA
:103A800040210240FFFFF90BFFFFF80B0080F90B0C
:103A90000002FA0B000008080005FA0B00000408F9
:103AA00000B58BB001A804F05FFB0598AA3818BFD9
:103AB00001200BB000BD00BF00B58BB072B601A8ED
:103AC00004F052FB04214FF40052079B019143F094
:103AD0008063CDE9062304F04BF918B162B60120EA
:103AE0000BB000BD04F064F90028F7D101A804F080
:103AF00019FA10B904F07EF9F0E704F06DF904F05A
:103B00004BF9EBE710B58AB004F032F9044604F043
:103B10004FF9044301A804F027FB04214FF48072FD
:103B20009DF81E30E4B2C3F3001383F001031B05BC
:103B3000CDE90623019134B104F04EF904F02CF9DB
:103B400001200AB010BD01A804F0ECF90028F3D15F
:103B500004F050F9044604F03FF9044304F01CF962
:103B6000E4B22043C0B2003818BF01200AB010BD33
:103B700030B58BB004F0FCF8044601A804F0F4FA68
:103B8000002380220798022110F4801FCDE9033220
:103B900000930CBF02230123019101A869460293FF
:103BA00004F078FB054604F0F7F828432043C0B240
:103BB000003818BF01200BB030BD00BF70B504F055
:103BC000D7F805460F4C104ED4E90023B3F1FF3F60
:103BD00008BFB2F1FF3F04F5802107D0012004F0B7
:103BE00045F9002818BF45F00105EDB20834B4428C
:103BF000EAD104F0D1F82843C0B2003818BF012040
:103C000070BD00BF00E0030800000408002330B5C9
:103C10008FB0009304F0ACF80223044605A801938A
:103C200004F0A2FA0B9B042213F4801F4FF07C00D7
:103C300014BF02230123694603900DEB0200049296
:103C4000029304F027FB054604F0A6F8054344EA76
:103C50000500C0B2003818BF01200FB030BD00BF52
:103C6000014608B5012004F001F9003818BF012011
:103C700008BD00BF0022014B1A607047F04B0320C3
:103C800010B4264C2388002B3FD0B3F57B6F41D274
:103C900040F6FF71224AC3EB0333A2FB0323A1EBDF
:103CA000D32189B2B4F802C0A388BCF5E06F34BF59
:103CB0004FF0000C4FF0010C1A4AB3F5306F118031
:103CC00082F802C013D2B3F5E06F21D2B3F5407F82
:103CD00022D2B3F5807F8CBF00230123D1789B00D3
:103CE000994208D1104B18605DF8044B70470123CE
:103CF000D1789942F6D00C4C2168411AFA29F3D9AF
:103D0000D37020605DF8044B704740F6FF71C9E73F
:103D10000223EDE70021C5E70323E9E7F44B032085
:103D2000BFBF8C82C4000320F04B03200022014B54
:103D30001A707047FA4B0320154B164A1B781088EF
:103D400091787BB16FF4FC63C3183E2B124B14D9EE
:103D50001881188B60F0FF0080B2188321B9598A4E
:103D600089B201E00C4B18811982D27822B1198BEB
:103D700001F47F410A431A837047588980B2188141
:103D8000188BC0B21883588A80B21882E6E700BF49
:103D9000FA4B0320C400032054000320014B186099
:103DA000704700BFFC4B0320704700BF00B5044BB9
:103DB00083B0186801A907F0DBF9019803B000BDD2
:103DC000FC4B03200D4B02781B68403201291A700E
:103DD0000FD900B5A1F1020E10FA8EFE024610F8BE
:103DE00001CF724503F801CFF8D1054B1B6819804C
:103DF00000BD034B1B681980704700BF244C032093
:103E0000204C032030B54378044685B013B983783D
:103E1000442B0FD07F204FF0310C03213C4B3D4A07
:103E20001B6812681870207883F802C058701180DF
:103E300005B030BD0B2903D07F204FF0130CECE709
:103E4000354B1978022903D04FF07F0C7F20E4E72F
:103E50001B7F022B11D1314D6B7B13F0FB030FD075
:103E60007F20242503212A4B2A4A1B6812681870D8
:103E700020789D7058701180DAE74FF0330CE5E739
:103E8000D0F80300AB6001232B73D4F8073000BADD
:103E90001BBAC1186B6001922860FFF791FD1C4BA3
:103EA00019681C4BD3F800C040B36B68019A13F03B
:103EB000070F0AD07F2370200B70032394F800E0D3
:103EC000887081F801E0ACF8003023786A734FF213
:103ED0000F04202540338DF80C3003AA4B1EC81C5C
:103EE0008DF80D50ADF80E4012F8011B03F8011FBC
:103EF0008342F9D10423ACF8003099E77F223120C6
:103F000003230A70227888704A70ACF800308FE77B
:103F1000244C0320204C0320004C03202C4C032075
:103F200003780F2B40F283802DE9F047A3F11002B4
:103F300004460D468EB0772A7FD8DFE812F04202A1
:103F400032027E007E00C5017E007E007E007E0083
:103F5000AC017E007E007E007E007E007E007E0042
:103F60007E00F801E20108027E007E006C019F01E4
:103F7000920115027E0085017E002202D5017E009D
:103F80005C017E007E0048012201ED00DD00D000D2
:103F90007E007E007E007E00320105017E007E00F4
:103FA0007E007E007E007E007E007E007E007E0021
:103FB0007E007E007E007E007E007E007E007E0011
:103FC0007E007E007E007E007E007E007E007E0001
:103FD0007E007E007E007E007E007E007E007E00F1
:103FE0007E007E007E007E007E007E007E007E00E1
:103FF0007E007E007E007E007E007E007E007E00D1
:104000007E007E007E007E007E007E007E007E00C0
:104010007E007E007E007E007E007E007E007E00B0
:104020007E007E001501C300B300A6008D00A24BE8
:10403000A24A1B681268FFF7C7B87F201125032129
:104040009E4B9D4A1B681268187020789D705870AE
:1040500011800EB0BDE8F087012D40F2FA8442785D
:1040600002F07F03012B00F01485032B00F0FF8486
:104070007F2012250321914B8F4A1B68126818700C
:1040800020789D7058701180E3E77F20112503216F
:104090008A4B894A1B681268187020789D70587086
:1040A0001180D6E7022D00F0A8847F20132503217C
:1040B000824B814A1B681268187020789D70587076
:1040C0001180C6E77F20122503217C4B7A4A1B68AA
:1040D0001268187020789D7058701180B9E77F20A1
:1040E00011250321754B744A1B68126818702078DB
:1040F0009D7058701180ACE7704B6F4A012D1B68A2
:10410000166800F0A9837F211320032219702178FB
:104110009870597032809CE7012D40F23B83684EC5
:10412000737B012B00F01A85644A6349022B1268E5
:10413000086800F0C2857F212425032311702178AF
:1041400095705170038084E7022D00F06D847F200C
:1041500013250321594B584A1B68126818702078A0
:104160009D705870118074E77F2011250321534BF7
:10417000514A1B681268187020789D705870118021
:1041800067E7022D00F22D817F20132503214B4B81
:10419000494A1B681268187020789D705870118009
:1041A00057E7012D40F20383437803F00F02042AFE
:1041B00000F0C1847F2012250321404B3E4A1B683A
:1041C0001268187020789D705870118041E73D4B3F
:1041D000B3F8E030B3F5007F00F09C847F20112518
:1041E0000321364B344A1B681268187020789D7082
:1041F000587011802DE7032D00F2FB807F201325DE
:1042000003212E4B2C4A1B681268187020789D7071
:10421000587011801DE7012D40F2E382467806F0C8
:104220007F06012E00F0CD84022E00F0EB847F206B
:1042300012250321214B204A1B6812681870207830
:104240009D705870118004E77F20112503211B4BBE
:10425000194A1B681268187020789D705870118078
:10426000F7E67F2011250321144B134A1B681268BF
:10427000187020789D7058701180EAE67F20112513
:1042800003210E4B0C4A1B681268187020789D7031
:1042900058701180DDE6094F022D3B6800F2428222
:1042A0007F2013250321044A1870207812689D701E
:1042B00058701180CDE600BF204C0320244C032011
:1042C0002C4C03200005FA0B042D00F0B3827F2054
:1042D00013250321A44BA54A1B6812681870207887
:1042E0009D7058701180B4E67F20112503219E4BEC
:1042F0009E4A1B681268187020789D705870118053
:10430000A7E6012D40F26082437803F00F02042AF1
:1043100000F044847F2012250321934B934A1B68AD
:104320001268187020789D705870118091E6032DE6
:1043300000F0A1827F20132503218B4B8B4A1B6841
:104340001268187020789D705870118081E67F2067
:1043500011250321844B854A1B6812681870207848
:104360009D705870118074E67F20112503217E4BCB
:104370007E4A1B681268187020789D7058701180F2
:1043800067E6022D00F2F5817F2013250321764B8D
:10439000764A1B681268187020789D7058701180DA
:1043A00057E6714B714A022D1B68166800F0268291
:1043B0007F21132003221970217898705970328060
:1043C00047E6022D00F0F1827F2013250321664B82
:1043D000664A1B681268187020789D7058701180AA
:1043E00037E60222294620460EB0BDE8F047FFF727
:1043F00009BD90F901204378002ABCBF03F07F0378
:1044000043704388B8BF01265BBA9BB2A8BF0026A1
:10441000B3F5097F00F35F85B3F5007F2ADBA3F5D1
:104420000073242B26D8DFE813F0ED00D600C5007A
:10443000B200A30090006800590050014801250017
:10444000250025002500250025001401FF0025007A
:104450002500250025002500250025002500250034
:1044600025002500250025002500410126017601B3
:1044700043003D007F20312103223B4B1B68187015
:1044800020789970394958700B681A80002E3FF4D3
:10449000E0AD354A126812787F2A3FF4DAAD002287
:1044A0001A80D6E5052D00F069877F201321E3E708
:1044B000042DFAD1FDF77EFB0A2009F08BFD2A4B73
:1044C0001A682A4B1B68217840311170617851704D
:1044D000A1789170E178D1701D80D7E7224A234BF3
:1044E000042D12681B6800F02D877F2113201170A6
:1044F0002178907051700325EEE70B2DD5D94568D2
:1045000087682DBA3FBA28467919FFF77BFA002849
:10451000B0D039462846FDF7A9FD01460827124BC1
:1045200025781A68403515706078104B5070A07867
:104530001B689070E078D171D070080E1071080C73
:10454000F940507191711F80A0E7074A074B062D73
:1045500011681B6800F002877F2213200A702278FE
:1045600088704A70032290E7244C0320204C0320DB
:1045700071200421AB4B1A68AB4B107060781B683C
:104580005070A0789070E078D07019807EE7A54BCD
:1045900071201968AB1E0A46087014FA83F321468D
:1045A00014F8010F8B4202F8010FF8D19E4B1B68E3
:1045B0001D806BE7FFF702FB9A4B1A689A4B1B684A
:1045C000002800F00F877F217220117021780325C9
:1045D0009070517080E7FFF719FB924B1A68924B6D
:1045E0001B680028EFD12146207840301070A81EAB
:1045F00014FA80F00C4611F8017F844202F8017F22
:10460000F8D169E7874A884B042D12681B687FF44C
:104610006CAF4178012900F09487022940F0898726
:104620000020824908704EE7042D7FF43EAF804B96
:104630001A78022A00F0AA877F227F200321794B73
:104640001B68187020789A70774A58701368198020
:104650001CE7042D7FF429AF754B1A78022AEBD1A1
:104660001B7F022B40F08F874378012B00F0CF8710
:104670007F20122100E7052D7FF417AF0079FDF7A9
:1046800097FBFDF797FA0A2009F0A4FC0420654B7C
:1046900021781A68644B40311B6811706178517041
:1046A000A1789170E178D1701880EFE6072D7FF442
:1046B000FCAE0430FDF76EFBE3E75D4B1B7F022B86
:1046C00000F011867F203321D6E6082D7FF4EDAE71
:1046D0004378012BCCD1C379042B7FF4CBAE807906
:1046E00022796379000240EA026040EA034040F028
:1046F0000400FDF79DFF002800F056857F207225FD
:104700000321484A484B12681B6810702078957046
:1047100050701980BAE6072D7FF4C7AE0430FDF75C
:104720004FFBAEE7592204211A70427899705A70F3
:10473000427802F07F02012A00F09C82022A00F0F7
:1047400093827F2512260320374A1D702578116831
:104750009E705D70088094F90130002BBFF679AC33
:104760003B681B787F2B3FF474AC002113681980E1
:104770006FE42F4B1E78022E00F055827F2203201B
:10478000284B29491B6809681A7024789A705C7054
:1047900008805EE47F2013250321224B224A1B68F8
:1047A0001268187020789D705870118051E47F2035
:1047B000132503211B4B1C4A1B68126818702078B4
:1047C0009D705870118044E47F2013250321154B00
:1047D000154A1B681268187020789D7058701180F7
:1047E00037E47F20132503210E4B0F4A1B68126804
:1047F000187020789D70587011802AE40C4A127845
:10480000012A00F07682427802F07F02012A00F04D
:10481000A9837F2112200322197021789870597082
:10482000328016E4244C0320204C03207600032021
:10483000004C03204378FF2B00F072827F2031254B
:104840000321A74BA74A1B681268187020789D7037
:1048500058701180FFF7FDBBA34A517B032900F07C
:1048600032837F2124200322197021789870597097
:104870003280FFF7EEBBB0F8012052BA90B20022AE
:10488000A0F50071B1F5007FCDE90122CDE9032249
:104890000092C0F06B82A0F57142843A0C2A08D8CD
:1048A000DFE802F072076C63070707075A0707077C
:1048B00015007F2031250321894B8A4A1B68126825
:1048C000187020789D7058701180FFF7C2BB694640
:1048D0000120FDF70BFF01A905460220FDF706FFA9
:1048E000034602A903201D43FDF700FF034603A969
:1048F0000420ADB21D43FDF7F9FE034604A90520CF
:10490000ADB21D43FDF7F2FEADB20543ADB21122CB
:1049100069460DF1170001F0A9F8002DC9D1142541
:1049200023786F4A66781168A2784033681E8DF844
:1049300014308DF816208DF8156005AA4B1E11FA5B
:1049400080F012F8011B03F8011F8342F9D1654B77
:104950001B681D80FFF77DBB0C2264490DF1170019
:1049600001F084F80F252378DBE7042260490DF17C
:10497000170001F07BF807252378D2E75D4A04256C
:1049800012788DF81720CCE70C225B490DF1170047
:1049900001F06CF820230922584909A88DF823302A
:1049A000192501F063F82378BBE7437803F07F0310
:1049B000022B00F05B82032B00F04482012B40F0BD
:1049C0006A8200224B494E48C1E903220B70464BD4
:1049D00002605A734A610A778A6194F901306278F9
:1049E000002BFFF636AB50203D4B3E491B68096853
:1049F0005A7018700D80FFF72CBB427802F07F03CD
:104A0000012B00F07F81022B00F053827F201225C2
:104A10000321334B334A1B681268187020789D704D
:104A200058701180FFF715BB4378002B00F093817D
:104A3000802B3FF40EAB7F2012250321284B294AFF
:104A40001B681268187020789D7058701180FFF7ED
:104A500000BB7F2013250321214B224A1B681268CB
:104A6000187020789D7058701180FFF7F2BA244DAD
:104A70002968002940F02E817F202225184A1949F3
:104A80001268096810702078957050700B80FFF7DD
:104A9000E0BA022D00F037828378103B032B00F23E
:104AA000F285DFE803F01917021B164B144A136056
:104AB00094F90130002BFFF6CCAA0221084A237892
:104AC00012684033074D137060782B68507019805E
:104AD000FFF7BFBA0C4BE9E70C4BE7E70C4BE5E7F8
:104AE000244C0320204C03202C4C03209005FA0B6F
:104AF000780C0108004C0320600C01086C0C0108C4
:104B0000284C032020A1070090D0030048E80100B2
:104B100040420F00022D00F23C817F20132503212B
:104B2000B14BB24A1B681268187020789D7058709B
:104B30001180FFF78EBA03F0F002402A40F22C8178
:104B40007F2012250321A84BA84A1B681268187001
:104B500020789D7058701180FFF77BBAA91E11F064
:104B600007051FFA81F840F09A80B36872684344E1
:104B7000934200F29480327B4378934200F0428467
:104B80007F2073250321984B984A1B681268187080
:104B900020789D7058701180FFF75BBA03F0F00227
:104BA000402A40F229817F20122503218E4B8F4A13
:104BB0001B681268187020789D7058701180FFF77C
:104BC00048BA40F26713ADF81430FFF7EFF8884A9F
:104BD000884B4240C3E903021E7794F9013000BAC2
:104BE000002BCDF81600FFF634AA06217E4B05985F
:104BF0001B687E4A1860BDF8180012689880118002
:104C0000FFF727BA062D00F0CB817F201325032163
:104C1000754B764A1B681268187020789D70587022
:104C20001180FFF716BA4FF28412B0F8013058BA6B
:104C300080B220F00801914200F0F68049F2F102C2
:104C4000934200F06382072D00F057837F201325E5
:104C50000321654B654A1B681268187020789D70A7
:104C600058701180FFF7F5B9032D00F0CE817F2534
:104C7000132668E5032DFAD1002205A8DA70FDF7A6
:104C8000FFFC5A4A3B681668002800F024837F2105
:104C90001970722120789970587035805BE57F20FB
:104CA00071250321504B514A1B68126818702078F7
:104CB0009D7058701180FFF7CCB9022D00F0618112
:104CC0007F21712503231170217895705170038025
:104CD000FFF7BFB9130600F12481C7200221424B20
:104CE000424A1B6812681870607858701180FFF78C
:104CF000B0B97F2203211A7000789A705870318001
:104D0000FFF7A7B911063FF5A4A9C521364B374ACD
:104D10001B6812681970417859701580FFF799B9AE
:104D20008378FF2B7FF48AADC378FF2B7FF486ADA9
:104D3000FDF74AFC002800F01D847F207225032126
:104D4000294B2A4A1B681268187020789D70587089
:104D50001180FFF77EB97E21234B244A1B6812681D
:104D60001970417859701580FFF773B96946FDF7DE
:104D7000BDFC002800F027817F2131201A4B1B4AFF
:104D80001B68126819702178987059701580FFF7A8
:104D900060B90122FFF726BB1B095A1DAA4280F207
:104DA000D380002B00F0A7820027591E0530C900D0
:104DB00010F8012F8A4008393A4311F1080F97B2D1
:104DC000F6D19E1DF3199D4200F072827F201325BB
:104DD0000321054B054A1B681268187020789D70E6
:104DE00058701180FFF735B9244C0320204C032064
:104DF00078563412004C0320AF4A1278012A00F092
:104E000032811B099A1D954200F0EE817F20132507
:104E10000321AA4BAA4A1B681268187020789D705B
:104E200058701180FFF715B97F2031250321A34B5E
:104E3000A34A1B681268187020789D705870118002
:104E4000FFF707B99F4A928A92B2B2F5805FC0F02D
:104E500041817F208825994A994912680968107014
:104E60002078957050700B80FFF7F3B8954B9B8AB4
:104E70009BB2B3F5805FC0F003817F202225032120
:104E80008E4B8F4A1B681268187020789D7058707E
:104E90001180FFF7DEB87F2012250321874B884A57
:104EA0001B681268187020789D7058701180FFF789
:104EB000D0B812063FF5CDA8294620460EB0BDE871
:104EC000F047FEF77FBF04215173027840321A7019
:104ED0003580FFF7BEB8B3F57F4F00F050814FF635
:104EE000017293427FF4C6AA042D7FF4DEAA4378B0
:104EF000012B7FF4BDAB704B1A78022A00F07C8343
:104F00007E22FFF79ABB7F20132503216B4B6C4A4F
:104F10001B681268187020789D7058701180FFF718
:104F200098B80123684C26782370FCF7EBFE4FF409
:104F30007A7009F04FF8F6B22868FCF7EBFEFCF740
:104F400039FE2670FFF785B87F20132503215B4BC0
:104F50005B4A1B681268187020789D705870118029
:104F6000FFF777B851221A7042785A70358090F95D
:104F70000130002BBFF66DA80EB0BDE8F04702F07F
:104F80004BB8317B63788B4200F050817F217325D1
:104F9000032311702178957051700380FFF759B881
:104FA000454B9A69042A40F20B817F203625032164
:104FB000424B434A1B681268187020789D705870E5
:104FC0001180FFF746B860782378A4784033042234
:104FD0008DF8150069460DF117008DF814308DF825
:104FE000164000F043FD354B0DF113021868431EC7
:104FF000063012F8011F03F8011F9842F9D1072269
:105000002F4B1B681A80FFF724B8002205A8DA701E
:10501000FDF736FB8146002840F02D81059B002BD3
:1050200000F0AA8280466E4612E09DF803203B689D
:105030005A55BDF8022003F82820009A2B44120A82
:105040009A70009ADA70059B0435984580F01F81AC
:1050500040463146FDF7D0FA08F101080028E4D0B7
:105060004FF00109EFE77F220320144B14491B681E
:1050700009681A7024789A705C700880FEF7E9BF9E
:1050800000230D4A1148C2E90333114903604B73F1
:1050900053611377936194F901306078002B157098
:1050A000FEF6D7AF5021054B054A1B6812685870B1
:1050B00019701580FEF7CDBF004C0320244C03204F
:1050C000204C03205400032076000320284C0320AA
:1050D0002C4C03200022B349B348C1E903220B70D2
:1050E000B24B42731A604A610A778A6194F90130BF
:1050F00060789342FEF6ADAF5021AD4BAD4A1B68D0
:105100001268587019701580FEF7A3BF142D7FF434
:105110009DADD4F803100120FDF7D0FAD4F80710A4
:1051200005463046FDF7CAFA0346D4F80B100320B3
:105130001D43FDF7C3FA0346D4F80F100420ADB2A7
:105140001D43FDF7BBFA0346E17C0520ADB21D43CC
:10515000FDF7B4FAADB245EA00039BB2944A954913
:1051600012680968002B00F0F0817F20722503236C
:1051700010702078957050700B80FEF76ABF042D78
:105180007FF493A94378012B7FF472AA854B1A7898
:10519000022A7FF4B5AE1B7F022B40F0F481FEF7AC
:1051A000E7FC00287FF4AAAA04212046FEF70AFEA5
:1051B000804B1B681A88002A3EF44BAFFFF766B994
:1051C00058685969411A092900F2FA807F20372569
:1051D0000321774B774A1B681268187020789D70FE
:1051E00058701180FEF735BF002B00F08D8000262F
:1051F000013B411DDB0011F8012F9A40083B13F1E0
:10520000080F46EA0206F6D140F6FE739E427CD9AC
:105210007F2031250321664B664A1B68126818708F
:1052200020789D7058701180FEF713BF01333373DF
:105230002378002140331370637802F8013FB3688C
:105240000BE034680131E35CB1F57F6F02F8013F98
:10525000B36803F10103B36003D07468A342F0D3D1
:1052600089B27268023193420180FEF4F2AE0323E8
:105270007373FEF7EEBE7F2272203B681A702178AE
:105280004C4A5970987013681D80FFF764BAB9F1E1
:10529000000F00F071817F213B6872251970032196
:1052A0002078444A58709D7013681980FFF753BAEC
:1052B0003C4B1A78022A00F0F0807F227F250320E1
:1052C0003B4B3C491B6809681D7024789A705C70E0
:1052D0000880FEF7BEBE062005995971090A1971AA
:1052E0003080FFF738BABFF34F8FBFF36F8F431D86
:1052F0009847FFF7CBB91F4663E5D4F8031009BA06
:10530000FDF7DCF9034629E71E46D4F802502DBA12
:1053100071192846FEF776FB254B264A1B68116853
:10532000002800F01D812278ED1A40321A709A1977
:1053300002E0E85C03F8010F9A42FAD1731C0B807B
:10534000FEF787BE4178012900F0D980022940F09C
:10535000F080002018490870FFF7B5B8828840F641
:10536000FB7052BA92B2824240F2CD807F2231204D
:105370000A70227888704A70FFF7F4B84378012BDE
:105380007FF476A90379002B00F04A81012B7FF48A
:1053900071A80A48FCF700FF29462046FEF712FDD7
:1053A00006E700BF004C03202C4C0320284C0320B0
:1053B000244C0320204C0320FA4B032054130108F3
:1053C000197F012900F0EF807F2024250321B64BAF
:1053D000B64A1B681268187020789D70587011804A
:1053E000FEF737BE2146207840301070A81E14FA10
:1053F00080F00C4611F8017F844202F8017FF8D159
:10540000FFF76AB80133337302F0B2FCB8F1000F52
:105410005ED02746AA46A946B0683B797A791B0434
:1054200003EB0263FA78397A03EB02237A7A0904F0
:1054300001EB0261BA780AF1080A134419EB03027E
:10544000FB79083701EB0323316801F5802108441B
:1054500017F8021C0B44FEF703FC40EA0503B06892
:10546000D04500F10800DDB2B060D6D802F094FC5F
:10547000D6E901329A4224BF0323737385B37F2197
:1054800072200322884B1B6819702178987059701C
:10549000864B1B681A80FEF7DCBD1B7F022B2CD1CC
:1054A000D4F802502DBA28467919FEF79BFA002845
:1054B00040F0BE807F20312503217B4B7B4A1B6857
:1054C0001268187020789D7058701180FEF7C1BD69
:1054D00002F062FCD6E901239A4201D803237373D8
:1054E0000220714A71492378126864780968403350
:1054F000137054700880FEF7ACBD3322DEE66C48B2
:105500000170FEF7E0BF71200870084665784D70A5
:10551000A5788D70E4780021151F00F8034F02E094
:1055200000F8011F01318D42FADC043292B2FEF71D
:10553000ACBF7F2112201170217890705170FEF75E
:10554000DABF5C480170FEF7BEBF60782378A578AB
:10555000507003204033137095700880FEF779BDBA
:105560007F2031250322187020789D7058700A80A2
:10557000FEF76FBD0121A0E44C4A9B001168033384
:105580000B80FFF7E8B83322FFF757B81B7F022BD9
:10559000F9D14378012B7FF46BA8FEF7B3FA00280A
:1055A0007FF4ACA800E6D4F802101D6909BA8D4258
:1055B00012D000277F2658613525032001329A61D9
:1055C000394A3A4912681F77167023780968537070
:1055D00095700880FEF73DBD1E7794F90130002BD1
:1055E000FEF637AD40F267212F4A304B12681B6838
:1055F00011801E80FEF72DBD1B7F022BC3D12E4BC9
:105600005B7B042BC9D07F202221FEF735BFFEF73C
:1056100047FA00BBFEF750FA00287FF46FA8C3E5F5
:105620002648FCF7B9FD29462046FEF7CBFBBFE52F
:10563000022F23D0042F1CD0082F12D06FF00603A6
:10564000E21D1B1B02E012F8011F29709918B942D4
:10565000F9D3314631E40BF0A3FA00287FF44EA8C9
:10566000A2E5A168E0680BBA02BA3146C5E9002399
:1056700023E4A36831461BBA2B601EE4238931461C
:105680005BBA2B8019E47F22002631200321064BD0
:105690000B4D1B682E601A70044A247812685C70E7
:1056A00098701180FEF7D5BC244C0320204C0320B9
:1056B000FA4B0320760003202C4C032068130108CA
:1056C000284C032038B500240122094B09490A4D12
:1056D0004C73586009490A48C3E90344C3E90544C7
:1056E0002C601A701C77FDF7E9F8204638BD00BF22
:1056F000004C03202C4C0320284C0320D000032016
:1057000068600220114B01461A78032A02D0104823
:10571000FDF76EBA41F288305A688A1A8242F6D989
:1057200000224FF0010C0B4810B40B4C427383F86D
:1057300000C01A77226006485DF8044BC3E90322D3
:10574000C3E905225960FDF753BA00BF004C03209E
:10575000686002202C4C0320284C03200146024A9A
:105760000248FDF75BBA00BFF80003206860022022
:105770002DE9F043002585B004468DF80D50ADF8B5
:105780000E50D0E90050B0F1804F0F4690461E46B3
:10579000C5F382690CD038B940F2E1739D4263D001
:1057A00040F2DF739D420ED0002005B0BDE8F083CB
:1057B000C5F30743DA2BC5F3072200F09980DB2BF2
:1057C000F2D1FF2AF0D1E06800F044F90028EBD0D4
:1057D0003B780F2BE8D8002B00F09680072BE3D8FE
:1057E00001388342E0D8A2690137ADF80E30A2F546
:1057F00000120123B2FA82F28DF80D30504B52099B
:1058000083F826216168B1F1804F00F08F8040F26B
:10581000E97200214B484C4B0260C3E90021416012
:105820004FF0FF3301220DF10D01306809F0A6F8A9
:105830004FF0FF33022204460DF10E01306809F0EB
:105840009DF802464FF0FF33144439463068BDF8E6
:105850000E2009F093F8BDF80E3004440333A34240
:1058600044D0FBF783FC41E040F2E973364AC2E9D9
:105870000030344AC2E90030E06800F0EBF8CDF8BF
:105880000080A369314CA3F50013B3FA83F30146FA
:105890003A4620465B09FDF73BF82578022D83D177
:1058A00000274FF0FF3301220DF10D0130688DF814
:1058B0000D7009F063F82A464FF0FF330546A11C2E
:1058C000306809F05BF802464FF0FF33154430684A
:1058D000628804F10D0109F051F86388054403332F
:1058E000AB4201D0FBF742FC0023237001205CE7B0
:1058F000132A7FF459AF2B029BB243EA896343F426
:105900005A0343F01303B1E7A269B2F5001F7FF415
:105910004BAF08287FF648AF7B78002B3FF444AFAD
:10592000023883423FF640AF02375EE72A0292B266
:1059300042EA896242F45A0242F013026AE700BF67
:1059400068800220D0000320F80003206860022055
:105950004FF0000C10B5029CA4F800C08C460D4915
:105960000B600D490C600D494860114622B1BDE83D
:1059700010406046FEF7D4BA4FF07F0E8CF800203E
:105980001320032283F800E09CF8001098705970EF
:10599000228010BD244C0320204C0320004C032007
:1059A0004FF0000C10B5029CA4F800C08C460D49C5
:1059B0000B600D490C600D494860114622B1BDE8ED
:1059C00010406046FEF7ACBA4FF07F0E8CF8002016
:1059D0001320032283F800E09CF80010987059709F
:1059E000228010BD244C0320204C0320004C0320B7
:1059F00038B5049A12884AB11978512907D0C729B5
:105A000004D1012A02D05B78032B08D038BD4FF4B3
:105A1000FA7008F0DFFABDE8384001F0FDBA4FF443
:105A2000FA7008F0D7FA0123084C25782370FCF7A8
:105A300069F94FF47A7008F0CDFA054BEDB21868A9
:105A4000FCF768F9FCF7B6F8257038BD760003203E
:105A5000284C0320014BC0B2185C70474415010864
:105A6000704700BF0AB10AF0ABBF70474AB1013AB4
:105A70004B1E0138114413F8012F8B4200F8012FFF
:105A8000F9D17047421E11F8013B02F8013F002B8B
:105A9000F9D1704708B503782BB10130FAF7D0FB84
:105AA000013080B208BD184608BD00BF4FF47A72BD
:105AB00002FB00F0024BA3FB0030800908F08ABA19
:105AC000D34D6210F8B54178072909D942F2FE207A
:105AD00002221649164B09681B6808801A80F8BD17
:105AE000144D044628690144FDF78CFF0F4A104B02
:105AF000012816681F6805D042F2FE220223328078
:105B00003B80F8BDFF233370637863B100232A69BB
:105B100012780133DBB2F2542A6901322A616178CA
:105B20009942F5D8481C3880F8BD00BF404C03208E
:105B30003C4C0320444C032000220146034B1046FA
:105B4000C3E903221A7059601A817047444C03203C
:105B5000084B1A785AB14EF660215A68821A8A4266
:105B600005D90022C3E9032258601A701A81002067
:105B7000704700BF444C032038B5D0B20C46FFF745
:105B80006FFF074DE86002E00A2008F023FA214683
:105B90002846FCF729F90028F6D1012038BD00BFBE
:105BA0002001032070B5D0E90042B2F1804F0D46CC
:105BB0001E4682B007D01AB940F252539C4219D007
:105BC000002002B070BDC4F30743EF2BF8D1C4F33B
:105BD0000723132BF4D1E3B23F2B01D05A2BEFD183
:105BE00023029BB204F0E0541C4344F46F0444F0DD
:105BF000130401E040F25354124BC068C3E9004261
:105C0000FFF728FFADF806000028D9D04FF0FF338A
:105C100002220DF10601306808F0B0FE4FF0FF33AC
:105C200004462946BDF80620306808F0A7FEBDF8F6
:105C3000063004440233A34201D10120C1E7FBF73F
:105C400095FAFAE7200103202DE9F041069D944FD3
:105C5000944E954C356060603B604AB1FF201870EF
:105C60000878FF2824D094F800C0BCF1010F01D0BF
:105C7000BDE8F081CE38302827D8DFE800F03326A1
:105C80002626262626262626262C2C2626262626A8
:105C90002626262626262626263326262626262697
:105CA0002626268D837C746153264339AFA16C0070
:105CB000012A00F098804A78002A00F0948042F28D
:105CC000FE21022219802A80D2E742F2FE0102223E
:105CD00019802A80CCE70022C3F801205A600823EB
:105CE0002B80C5E700210322A3F801102A80BFE71B
:105CF000002201200821C3F80120A3F80520D87153
:105D00002980B5E7012A30D04A78002AD7D104206B
:105D10000821C3F80120A3F80520644AD87129801E
:105D20002261A5E7012A20D0227A012A03D04A78ED
:105D3000002A00F082800021022259702A8097E711
:105D4000052A12D9627A012A64D042F6FE11022293
:105D500019802A808CE700230122C4E903332370D1
:105D600023812A8084E7082A4ED042F2FE110222C3
:105D700019802A807CE7012AF7D0BDE8F041084667
:105D8000FFF7A0BE072AF0D94B6808461BBA23616B
:105D9000BDE8F041FFF796BE072AE6D94D682069B5
:105DA00095FA85F808EB0001FDF72CFE01283F6805
:105DB000366857D042F2FE2202233A80338057E7FA
:105DC00000215970227A0620013A18BF01221201DF
:105DD000D970197159719A70288049E7FE21022201
:105DE00019802A8044E7002201214FF480760820A0
:105DF0002F4FC4E9032222812170C3F80170A3F858
:105E00000560D971288033E701224B681BBA2361F2
:105E10002A802DE7D1F80210E668264809BA7040BA
:105E2000884236D0002242F2FE500221188029809A
:105E3000C4E90322227022811AE7FDF7B7FF01218E
:105E4000042206253B68E06061725A70E27B31688B
:105E50009A70E289DA70E268120A1A71E2685A717D
:105E60000D8005E75DB100231D46226912F8011B74
:105E7000013398450D442261F8D895FA85F803213D
:105E800000220823C7F80480A7F80110FA703380B5
:105E9000EEE622810021022259702A80E8E600BF46
:105EA000404C03203C4C0320444C03205415010873
:105EB000000108087856341210B50F4B82B0186EE6
:105EC000002240F0010018661C6E072104F0010456
:105ED0000094009C9C6D6FF0010044F080549C6520
:105EE0009B6D03F080530193019B01F03BF802B0DE
:105EF000BDE8104003F0D0BE0010024070B5002194
:105F00000446ACB0942207A8CDE90211CDE90411F2
:105F100006910AF055FD324B22689A4201D02CB00E
:105F200070BD03234FF480424FF08051CDE9072329
:105F30000993182211232791CDE90A23022108226F
:105F40004FF0807307A8CDE90D230C9104F082FD7A
:105F500000283BD1234B0026DA6C02A942F4005200
:105F6000DA64DA6C204D02F400520092009ADA6C86
:105F700042F00102DA64DB6C322203F00103019388
:105F8000032301981948CDE90223049602F0D8F9B9
:105F900080224FF480730521C5E903626B614FF4E1
:105FA00080622023C5E9011611492846C5E9062368
:105FB0002E62296001F0E4F870B910210A4801F05E
:105FC0008FFA30B92565AC622CB070BDFBF7CEF806
:105FD000C0E7FBF7CBF8F5E7FBF7C8F8EDE700BF44
:105FE00000800242001002407C2703200000024291
:105FF00008040240094B02689A4200D07047A3F59A
:1060000000539A6C82B042F480529A649B6C03F401
:1060100080530193019B02B0704700BF00300240E3
:1060200010B500210446ACB0942207A8CDE90211B6
:10603000CDE9041106910AF0C3FC274B22689A426D
:1060400001D02CB010BD4FF000724FF0807307A844
:106050000792219304F0FEFC002832D19FED1A6BC9
:106060009FED1B7B09241D4B02A9DA6D1C4842F4ED
:106070000072DA65DA6D02F400720092009ADA6C4E
:1060800042F00202DA64DB6C8DED026B03F0020376
:1060900001938DED047B019B069402F051F90022DF
:1060A0000521272000F05EFF272000F095FF002249
:1060B0000521282000F056FF282000F08DFF2CB08D
:1060C00010BDFBF753F8C9E7000300000200000011
:1060D000000000000000000000A40040001002408A
:1060E0000004024208B502680A4B9A4200D008BD7B
:1060F000094A4FF44071D36D084823F40073D36507
:1061000002F024FA272000F075FFBDE8084028209F
:1061100000F070BF00A400400010024000040242E2
:1061200010B50446A6B09422002101A80AF048FC4C
:10613000114B22689A4201D026B010BD4FF4802343
:1061400001A8019304F086FC98B90C4B0022D86C8E
:10615000052140F48020D864DB6C5E2003F48023AA
:106160000093009B00F0FEFE5E2000F035FF26B09D
:1061700010BDFAF7FBFFE8E700080C4200100240F0
:1061800000B5036887B0B3F1804F0DD02E4A93421B
:1061900038D02E4A934214D02D4A934226D02D4A0D
:1061A000934244D007B000BD03F504339A6D42F02A
:1061B00001029A659B6D03F001030193019B07B0F7
:1061C00000BD254B0022986D052140F02000986508
:1061D0009B6D322003F020030393039B00F0C2FE6B
:1061E000322007B05DF804EB00F0F6BE1A4B1A6ED1
:1061F00042F400321A661B6E03F400330493049BCE
:1062000007B000BD144B0022986D052140F010002E
:1062100098659B6D312003F010030293029B00F000
:10622000A1FE312007B05DF804EB00F0D5BE0A4BAB
:106230001A6E42F480221A661B6E03F480230593C3
:10624000059B07B000BD00BF0010004000140040D7
:1062500000440140004801400010024000000000DE
:1062600010B500210446AEB0942209A8CDE904116E
:10627000CDE9061108910AF0A3FB2D4B22689A4242
:1062800001D02EB010BD4FF4005309A8099304F0BB
:10629000E1FB00283FD19FED226B9FED237B0A227B
:1062A000244C2548E36C04A943F00103E364E36C48
:1062B0008DED046B03F001030193019B8DED067BD3
:1062C000089202F03DF8E36D43F40013E365E36DDB
:1062D00003F400130293029BA36DDB0018D4A36D9B
:1062E00043F08053A365A36D03F080530393039B96
:1062F00003F0CAFCA36D23F08053A365002205219F
:10630000492000F02FFE492000F066FE2EB010BD9F
:1063100003F0BAFCF2E7FAF729FFBCE7AFF300801D
:106320000018000002000000000000000000000053
:1063300000D40040001002400000024210B50146A7
:1063400088B000222A2000F00DFE2A2000F044FE32
:10635000154B01A91A6E03A842F400621A661B6E5F
:10636000124C03F400630293029B04F06BFA04F0F6
:1063700051FA0346002140F2E7300D4A2161A2FBA9
:106380000323A1609B0C0B49E060013B2046216088
:10639000636005F055FA10B1012008B010BD204629
:1063A00005F05EF808B010BD00100240584C032004
:1063B00083DE1B43002C0140FEE700BFFEE700BF69
:1063C000FEE700BFFEE700BFFEE700BF704700BF6B
:1063D000014801F013B800BF2C250320014801F04B
:1063E0000DB800BFC4240320014801F0F9BB00BF71
:1063F000F4260320014801F0F3BB00BFF42603207C
:10640000014805F01DB900BF584C0320014805F0B4
:1064100017B900BF2C240320014805F011B900BFB3
:10642000E0230320014802F03FB900BFA02603206B
:10643000014802F0D7BA00BFA0260320014804F0AB
:10644000E5BE00BF94250320014805F0C3BA00BF94
:106450000C260320014802F00BBD00BF6C20032076
:10646000014800F0CBBF00BF7C270320014804F0A7
:10647000FFBD00BFF8250320034AD2F8883043F45B
:106480007003C2F88830704700ED00E0254B2549C5
:106490001A68120754BFD3F894301B688A6858BF33
:1064A000C3F3032302F00C0248BFC3F30313082A0B
:1064B00012D01D480C2A50F823300FD01B49042A53
:1064C00008BF0B46174A1A4892681A49C2F30312CA
:1064D000825CD3400B607047174BF3E7C868CA680B
:1064E00000F00301C2F30312022902F1010211D0EC
:1064F000032913D0B3FBF2F10A4AD368D268C3F37D
:10650000062301FB03F3C2F3416201325200B3FBE5
:10651000F2F3D7E70549B1FBF2F1EDE70649B1FB2C
:10652000F2F1E9E7001002405C1501080024F400D4
:10653000A41501084401032080969800DFF834D0A8
:10654000FFF79AFF002103E00B4B5B5843500431E7
:106550000A480B4B42189A42F6D30A4A02E000233B
:1065600042F8043B084B9A42F9D30AF08FFAFAF743
:1065700075FAFEE700000420D8150108000003208A
:10658000B0020320B0020320F0790320FEE70000F0
:10659000042010B500F0D4FCFFF778FF0020FFF7CF
:1065A000CDFE10B10124204610BD0446FFF784FC47
:1065B000204610BD034A044B11681B780B4413603E
:1065C000704700BFA44C032048010320014B18680A
:1065D000704700BFA44C0320002330B583B0019363
:1065E000002800F09E80856D0446002D00F09C8000
:1065F000226893689D0005D5936823F0204323F01B
:106600003F0393609368D80019D45C4B5C481B68C7
:1066100091689B09A0FB030321F010419B0921F025
:106620003F0101335B0041F0805191600193019B78
:106630002BB1019B013B0193019B002BF9D1936886
:10664000D90064D40120A36D43F01003A365E36D6A
:106650000343E365936813F0040FA36D5DD1DB067C
:106660005BD4A36D23F4817343F00203A3659368A5
:10667000DD0708D4434B9B6813F0010F424B9B6826
:1066800001D1D90763D5E568636B94F820102B43DB
:10669000A568012943EA0503657E43EA453343EAD9
:1066A00001434FD0A16A21B1E56A01F47071294319
:1066B0000B43D568354929401943D16093681B07BE
:1066C00016D494F83030257ED1685B0043EA8533D8
:1066D000E56C21F4804121F006012B430B43D3608C
:1066E00094F83830012B3AD0136923F00103136179
:1066F0002369012B1ED0136B23F00F031363A36DCB
:1067000023F0030343F00103A36503B030BD936896
:10671000002013F0040FA36DA1D0A36D43F010036C
:10672000A365012003B030BDFFF7E8FBE56584F801
:1067300054505DE7116BE36921F00F01013B0B43FE
:106740001363DCE7616A013943EA4143AAE7104970
:1067500065688B6823F47C132B438B6093E7116986
:10676000E36B256C6FF38A012B430B43616C0B4386
:10677000A16C0B4343F001031361B9E7440103200B
:10678000632D3E05008002420081024207C0F0FFF7
:1067900000830242704700BF704700BF08B5806A9F
:1067A000FFF7FAFF08BD00BF704700BF836A10B54E
:1067B0009A6D12F0500F9A6D1DD1196842F4007253
:1067C0009A650A6812F0080FCA681BD012F4406F6D
:1067D0000DD1CA6894040AD49A6D22F480729A6525
:1067E0009A6DD10403D49A6D42F001029A6518465D
:1067F000FFF7D0FF10BDD2060AD4BDE810401B6DD4
:10680000DB6B18479007E7D51846FFF7C3FFF1E7A2
:106810001846FFF7C9FF10BD806A08B5836D43F0C5
:1068200040038365C36D43F00403C365FFF7BCFFFA
:1068300008BD00BF0022F0B583B0019290F854204B
:10684000012A00F0F380034601201A6883F85400FF
:106850009068400709D501209A6D42F020029A65A0
:10686000002283F8542003B0F0BD1F24486802F1D1
:10687000300500F01F0C4FEA901E08680EF00C0E59
:10688000C0F3846000FA0CF004FA0CFC55F80E40DA
:1068900024EA0C0C40EA0C0045F80E00906810F059
:1068A000040F906835D1070733D4072408688D6832
:1068B000C0F30456B440C00DB5F1004F6FEA0404B4
:1068C00000F0040000F0FC8002F11407B5403E58CF
:1068D00034402C433C50506920F0004050610E6918
:1068E000D468042E086800F0B88002F1600757F8F9
:1068F00026C0BA4D00F0F8400CEA05050543C4F384
:10690000C10448696400A040284340F0004047F8B3
:1069100026009068C60701D50020A1E7CE680C6864
:10692000AF48D2F8B05006F01807F840C4F3120789
:10693000204025EA07052843C2F8B000A94886424E
:1069400026D0A9490C42E7D0A848A94986688D6895
:10695000ED076ED4A74DAD68EF073FF57CAFA64DB0
:1069600006F0E077AC4200F05F81A44DAC4200F04D
:106970007F81A34DAC42CFD17402CDD48A42CBD11A
:10698000826822F0E0723A4342F480028260C3E7F8
:10699000002F51D094FAA4F0002800F0D080B0FA73
:1069A00080F0013000F01F00092840F2C88094FAFE
:1069B000A4F0002800F07281B0FA80F00130800667
:1069C00000F0F84094FAA4F5002D00F06C81012647
:1069D000B5FA85F5354405F01F0506FA05F5284397
:1069E00094FAA4F4002C00F05C81B4FA84F401342D
:1069F00004F01F0404EB44041E3C240544F000741E
:106A000007272043C50D8E6805F0040502F1140C1C
:106A10005CF80540C0F30450864007FA00F024EA11
:106A2000000030434CF805000C688AE7022003B0F0
:106A3000F0BD704A92680EE70120A40E013404F004
:106A40001F06A40604F0F845B040092E06EB4604E4
:106A500040EA0500D0D82405D2E7146E146EC0F3C6
:106A60001205C4F38464002D34D1C0F38466B442AB
:106A700000F08B80546E556E02F16004C5F384659E
:106A800002F1640CB54200F09480A568A56804F199
:106A90000807C5F38465C0F38466AE4200F0B28097
:106AA000E568E56804F10C06C5F38464C0F384600E
:106AB000A0427FF42EAF306820F00040306028E71D
:106AC00002F1140635582C403450506940F0004013
:106AD000506104E790FAA0F51DB1B5FA85F5AC4216
:106AE00053D0546E556E02F16004C5F3846502F113
:106AF000640C90FAA0F604F10807BE461EB1B6FA7F
:106B000086F6AE4257D0A568A568C5F3846590FAAD
:106B1000A0FC04F10C06B646BCF1000F03D0BCFA91
:106B20008CFCAC4570D0E568E468C4F3846490FAEA
:106B3000A0F000283FF4EDAEB0FA80F0B8E794FA88
:106B4000A4F0002800F0A480B0FA80F001308006A4
:106B500000F0F84094FAA4F5002D00F0978001268B
:106B6000B5FA85F5354405F01F0506FA05F5284305
:106B700094FAA4F4002C00F08E80B4FA84F401346A
:106B800004F01F0404EB440465E71446106E02F1A0
:106B9000640C20F0004044F8600F506E0868556E99
:106BA000C0F31206C5F38465002EA2D1C0F384663B
:106BB00068E704F1080EDCF80000774620F000409A
:106BC000CCF80000A0680868A568C0F31206C5F3F9
:106BD0008465002E3FF45FAF99E700BF00F0FF032C
:106BE000FFFF070000007F40000008800083024292
:106BF0000080024200810242000052C7000084CBA4
:106C00000100008004F10C0E3868764620F0004048
:106C10003860E0680868E468C0F31205C4F384646F
:106C2000002D3FF443AF82E736023FF575AE8A424E
:106C30007FF472AE82681D4922F0E0723A4342F45A
:106C4000000282600A681A499209A1FB02129209A5
:106C5000013202EB420292000192019A002A3FF4B3
:106C60005BAE019A013A0192019A002AF9D153E6EA
:106C7000F5013FF551AE8A427FF44EAE826822F0B4
:106C8000E0723A4342F08072826045E602256EE788
:106C90004FF080605EE74FF44014B1E64FF0806043
:106CA00090E6044CACE6022599E600BF44010320BF
:106CB000632D3E05000050FE002370B582B00193A5
:106CC00003689A68D2072CD49968284A054611426D
:106CD0002AD19A68264922F0004222F03F0242F06F
:106CE00001029A608B681E0229D4FFF76FFC2B68A3
:106CF00006461A68D40714D41E4C9A68D00704D4E8
:106D00009A68224042F001029A60FFF75FFC821B02
:106D1000022A2B6802D91A68D10705D51A68D2074A
:106D2000EBD5002002B070BD0120AB6D43F0100325
:106D3000AB65EB6D43F00103EB6502B070BD0E4B2C
:106D40000E4A1B689B09A2FB03239B09013303EB3B
:106D500043039B000193019B002BC6D0019B013B89
:106D60000193019B002BF9D1BFE700BF3F000080DA
:106D700000830242C0FFFF7F44010320632D3E05D4
:106D80002DE9F041364B05689B68AD6815F00405A8
:106D900016D1164690F854200446012A10D040F22D
:106DA000212C03F01F0801232CFA08FC1CEA030C19
:106DB00080F8543007D180F854C00120BDE8F0813C
:106DC0000220BDE8F0810F46FFF776FF002840D192
:106DD000A36D216823F4706323F0010343F48073EF
:106DE000A365204B994237D0A36D23F48013A3658C
:106DF000A36D002513F4805318BFE36D206D18BFF9
:106E000023F00603E36533461C263A46164F40310D
:106E1000C762164F0763164FC76341F8406C84F88A
:106E2000545051F83C5C45F0100541F83C5C51F879
:106E3000345C45F0010541F8345C00F017FA226833
:106E4000936823F0004323F03F0343F0040393606F
:106E5000B7E784F85450B0E7B8F1000FC8D1C3E7E2
:106E60000083024200810242AD6700089D6700086E
:106E70001968000890F85420012A46D003460022E1
:106E80000120F0B42B4D1C689AB0AC42169283F8E6
:106E90005400179208D0996D83F8542041F02001D6
:106EA00099651AB0F0BC7047234A906840070BD52B
:106EB000A26801209A6D42F020029A65002283F8B0
:106EC00054201AB0F0BC7047A0684507F1D40D6893
:106ED000EDB11A4E4F68B06893F830C020F46040AE
:106EE000384340EA4C30B060A0689268C0070AD4CA
:106EF000D70708D4B268896822F471620D4322F082
:106F00000F021543B5600020D8E7022070470B48F8
:106F1000816821F460418160A1689268CD07F2D454
:106F2000D407F0D4826822F4716222F00F028260EA
:106F3000E9E700BF00800242008102420083024272
:106F40004FF6FF0C06490302CA6803F4E06302EA45
:106F50000C02134343F0BF6343F40033CB6070472C
:106F600000ED00E01A4B00B5DB68C3F30223C3F168
:106F7000070EBEF1030F03F1030C28BF4FF0030E01
:106F8000BCF1060F1BD9A3F1040C4FF0FF3303FA39
:106F90000CF322EA03024FF0FF3303FA0EF321EA67
:106FA000030303FA0CF313435B010028DBB209DB94
:106FB00000F1604000F5614080F8003300BD002220
:106FC0009446E8E7034A00F00F000244137600BD40
:106FD00000ED00E0FCEC00E0002807DB012300F0FE
:106FE0001F01034A40098B4042F82030704700BF20
:106FF00000E100E000280CDB01220649430900F013
:107000001F002033824041F82320BFF34F8FBFF38E
:107010006F8F704700E100E0BFF34F8F0549064BCB
:10702000CA6802F4E0621343CB60BFF34F8F00BF26
:10703000FDE700BF00ED00E00400FA05002836D0AF
:1070400038B5437F044603F0FF0263B3022223797D
:107050006277F3B92368174A5A619A6822F01802D6
:107060009A6062798AB122691A6101219A68656918
:1070700022F060022A439A609A68A56922F0800291
:107080002A439A606177002038BD4FF0FF321A61C1
:10709000EBE72046D4E9021200F00EF808B92368A5
:1070A000DFE7012038BD0277FEF7A4FFCEE701201D
:1070B000704700BFB71DC104CB071AD51E2310B4FB
:1070C00001E0013B17D321FA03FC1CF0010FF8D0BB
:1070D000182A11D8DFE802F0161010101010101046
:1070E000241010101010101021101010101010107B
:1070F0001400012070472AB101205DF8044B70474D
:10710000062BF9D8046800206161A36823F01803F6
:107110001343A3605DF8044B7047072BF2D9EBE7EC
:107120000F2BEFD9E8E700BF11490368C26C8B420F
:1071300088BF104922F0030294BF02F180418918F0
:107140004FF0010210B4DBB20B4CA3F10803A4FB17
:1071500003430A4CC3F3041398BF01F5023102FA4A
:1071600003F3C0E9141483655DF8044B704700BF56
:107170000704024020080240CDCCCCCC800802405D
:1071800000285ED00268304B70B59A42044646D95A
:107190002E4B2F491344A1FB03132E481B099B00C0
:1071A0000221C4E91203D4E9025320692B430343AB
:1071B000606984F825100343A06911680343E069FE
:1071C0006FF310110343206A03430B4320461360FF
:1071D000FFF7AAFFD4E91461B5F5804FA06D27D061
:1071E0006368DAB2013B032B3260486024D8012186
:1071F0000020194B194D1344013A01FA02F21849C3
:107200009B00E3656266256618604A6400230122DC
:10721000636484F8243084F82520184670BD114B2F
:107220000B491344A1FB03131B090F489B00B7E74D
:1072300000236360336048600023C4E9173363664A
:10724000E4E70120704700BF07040240F8FBFDBFE0
:10725000CDCCCCCC000402403F820010400902405B
:1072600000090240F8FFFDBF00000240F0B590F8B1
:107270002440012C0AD04FF0010C90F8254080F8F2
:1072800024C0644504D0002380F824300220F0BDDF
:107290000026D0E9157C4FF0020E046880F825E046
:1072A00046642668C56D26F001062660C7F804C04E
:1072B00015B1D0E9186777600126C76C07F01C0C80
:1072C000876C06FA0CF67E6063608368102B036B94
:1072D0000BBFA260A160E160E260B3B1236843F03C
:1072E0000E032360036D1A68D20303D51A6842F4B3
:1072F00080721A601DB12B6843F480732B60236881
:10730000002043F001032360F0BD236823F0040351
:107310002360236843F00A032360E3E790F8252005
:107320000346022A06D004225A640022012083F870
:1073300024207047026870B4046D1068D96C20F086
:107340000E00106020689E6C20F480702060106831
:1073500001F01C0120F0010010600122D3E9154565
:10736000D86D8A407260656030B1D3E91814026844
:1073700022F4807202604C60012283F825200022F2
:1073800083F82420002070BC704700BF90F82520AF
:107390000346022A03D0042201205A64704702687F
:1073A00070B5046D1068D96C20F00E001060106884
:1073B0009E6C20F0010010602268D86D22F480726B
:1073C00022600122D3E9154501F01C018A40726058
:1073D000656030B1D3E91814026822F4807202604B
:1073E0004C60012000211A6C83F8250083F82410DA
:1073F0000AB118469047002070BD00BF0421F0B4C8
:10740000C26C866C02F01C02356804689140294207
:107410000346276812D017F0040F0FD02268170414
:1074200039D42268950603D4226822F0040222602F
:107430001A6B716092B1F0BC18461047022191405E
:1074400029420DD0B8070BD5226812F4004F2268EC
:1074500029D0D4033CD45A6B002AECD1F0BC70473D
:10746000082191402942F9D03907F7D52168002039
:1074700021F00E0121600121DC6B01FA02F2726041
:10748000596483F8240083F82510002CE6D01846B0
:107490002346F0BC184771602268D60314D4036BEE
:1074A000002BF6D1DAE7900606D4226822F00A0211
:1074B0002260012283F825200020DA6A716083F8B7
:1074C0002400002AB7D1C9E7836B002BE1D1C5E7BF
:1074D000DA6A002AAFD1C1E790F82500704700BFF3
:1074E00060B10368C8061A6805D5C9024CBF42F4EA
:1074F000801222F4801200201A6070470120704729
:10750000002800F0D78038B590F85C30044603F0CE
:10751000FF02002B70D02268936923F0100393615F
:10752000FFF754F8054604E0FFF750F8401B0A281F
:1075300059D823689A691107F6D49A6942F0010272
:107540009A61FFF743F8054604E0FFF73FF8401B58
:107550000A2848D823689A69D207F6D59A696068DC
:10756000574942F002029A610860227C012A9A6916
:107570000CBF22F0400242F040029A61627C012A74
:107580009A690CBF42F4804222F480429A61A27C44
:10759000012A9A690CBF22F4805242F480529A6107
:1075A0009A69A06822F4407202439A619A69E1687C
:1075B00022F0A4029A611A69012922F010021A61CC
:1075C0001FD011B302299A6976D042F080029A61E5
:1075D0001A69032942F010021A6116D19A6942F021
:1075E00020029A6111E00322236E012043F001037F
:1075F000236684F85C2038BD80F85D20FEF710FD1E
:1076000089E79A6942F004029A61D4E90612013AC4
:107610000139120242EA4162216AB0F5407F01F16C
:10762000FF3142EA0102616901F1FF3142EA0142A0
:10763000DA610ED1D4E90B02A16A013A01381201D4
:10764000013942EA00220A43616A013942EA0142F1
:10765000DA60D3F8C020E06B616B0243C3F8C0204E
:10766000D3F88020174822F4F81242EA014220643D
:10767000C3F88020D3F88020A16B134D22F07062F4
:1076800042EA01626564C3F88020104B104940351E
:10769000C4E91253F033C4E914134FF454720021B7
:1076A00009F08EF900230122236684F85C20184635
:1076B000A36538BD0120704742F020029A61A4E71B
:1076C00000A5004000AC004070AC004088AD004018
:1076D00060AE004090F85C200346013A012A05D9CB
:1076E0001A6E012042F002021A6670478A6870B46E
:1076F000D1E9035448699207D1E9006156B942EAD9
:10770000C56202431B6C42EA0442002070BC43F88D
:10771000212070475B6C44EA457443F831401043C4
:1077200003EBC103586070BC00207047844690F89A
:107730005C00012807D0DCF86030012043F004032E
:10774000CCF86030704710B40198DCF8004040EA93
:107750004303D4F8800043EA820242EA011120F098
:107760003F030B430020C4F880305DF8044B7047A2
:1077700090F85C200346012A05D01A6E012042F0E1
:1077800004021A6670470222002110B4046880F8CF
:107790005C20A269084622F00102A2615DF8044B58
:1077A0001966704790F85C300146022B17D10268C9
:1077B000936943F0010393619369DB0758BF0B237F
:1077C00013D49069C00710D4013BFAD103220B6E89
:1077D000012043F001030B6681F85C207047036EC3
:1077E00043F00803036601207047936923F01003F8
:1077F000936193691B0748BF0B2305D59069000768
:1078000002D5013BFAD1E1E74FF0010C10B400249E
:107810009369204643F00203936181F85CC08C6554
:107820005DF8044B704700BF88B110B50446FFF700
:10783000B9FF22682046D36D23F00303D365FEF71A
:1078400051FC0023236684F85C30184610BD0120EB
:10785000704700BFF0B590F85C308646022B0BD124
:107860000568D5F8C43013F4001C0BD0036E43F444
:10787000007303660120F0BD036E43F00803036646
:107880000120F0BDD5F8C4604B680C6988680F68AA
:10789000C6F30146002B37D1044344EA8744D1E9BB
:1078A00006030343486906EBC6070343086A43EA35
:1078B0000063C86843EA0043DEF8540040F83740EC
:1078C00000EBC7004360134CCB68E35CA3B1937833
:1078D000D7781B0443EA0763177804323B4312F856
:1078E000037C43EA07230CEB0007BB60CB680CF179
:1078F000040CE35C9C45EAD30123B340C5F8CC30CB
:107900000020CEF85830F0BD3C43044344F080449E
:10791000C5E700BFB41501082DE9F04190F85C40BF
:10792000022C64D1402905686DD0D5F8984027070E
:1079300064D0D5F89870D5F89840C7F30128E601CF
:1079400007D5D5F88040E40544BF08F1010707F0EA
:107950000308C46C08EBC80604EBC604266806F0EE
:1079600080465660D4F800C0002E66D1CCF38A461B
:107970001660266806F000569660266806F00046F7
:107980001661A688D661B4F806C00CF00F0CC2F8D8
:107990000CC0666806F480165661666806F4001628
:1079A0009661E67906F07F061662274E676816F83C
:1079B0000CE04FEAD77CC2F824C0BEF1000F10D013
:1079C000013B04F1070EF4461EF8015FACF1060C12
:1079D00003F8015FD568ACEB040C755D6545F2D822
:1079E000056840292CD0C5F89C80002004E0036E77
:1079F00043F0080303660120BDE8F081036E43F401
:107A000080730366F7E7D5F890402707F6D0D5F8DE
:107A10009070D5F89040C7F30128E60107D5D5F856
:107A20008040A40544BF08F1010707F00308846CF7
:107A300008EBC80604EBC60490E72CF0604697E715
:107A4000C5F89480D1E700BFB415010803461B6850
:107A500030B45B6C002003F00704C3F30222C1E9D9
:107A60000042C3F34014C3F38012C1E90342C3F3DD
:107A7000C014C3F3C022C1E90542C3F30034C3F309
:107A8000403203F01805C1E90742C3F38032C3F363
:107A900006438D60C1E9092330BC7047034630B40A
:107AA0001B6800201B6CDCB2C3F3C035C3F3062295
:107AB000C3F30743C1E900428D60CB6030BC70471F
:107AC0000368D3F8C40000F007007047034690F83D
:107AD0005C000138012805D91A6E012042F002022B
:107AE0001A6670471B6870B411F00705986D01F0B5
:107AF000380420D0C6071ED4DD6D45F00105DD65D4
:107B00000CB384071FD5D86D40F00200D8650C0671
:107B100004D5D3F8DC001043C3F8DC00C80504D555
:107B2000D3F8E0000243C3F8E0205A6D002070BC97
:107B30000A435A65704704B386071ED4DE6D46F0CB
:107B40000106DE6525BB11F4E07F01D04607DAD4DB
:107B500011F4F05F01D00507D5D411F4604F01D0C6
:107B6000C406D0D411F4403F01D08606CBD411F422
:107B70007C0FCCD04506C6D4C9E711F4E07F0AD00B
:107B8000460708D4DE6D46F00106DE65002DB7D04D
:107B9000C507B5D5B7E711F4F05F01D00607F1D5F9
:107BA00011F4604F01D0C606ECD511F4403F01D06E
:107BB0008606E7D511F47C0FE8D04606E2D5002D05
:107BC0009ED0E5E7704700BF704700BF704700BF19
:107BD000704700BF704700BF704700BF704700BFCD
:107BE0002DE9F84F036804461A6D596D02EA010A3F
:107BF0001A6D596D0AF4E05A02EA01091A6D596DBD
:107C00001E6D02EA01085A6D1F6D16405A6DD3F8B9
:107C100054B01D6D1740690609F0070908F03808CF
:107C200006F4710607F4602702D51BF0400F73D1EC
:107C3000EA0502D51BF4807F5DD1BAF1000F4AD16D
:107C4000B9F1000F35D1B8F1000F3CD1AB0502D529
:107C50001BF4007F75D1280602D51BF0800F78D168
:107C6000A90402D51BF4005F5BD12A0402D51BF4E2
:107C7000004F5ED16B040AD51BF4804F07D04FF440
:107C8000804223681A65236E43F0800323664FB950
:107C900026B123681E65236E33432366236E2BBBF8
:107CA000BDE8F88F2368394620461F65FAF7B4F916
:107CB000EEE7236849462046C3F85090FAF7FAF8F1
:107CC000B8F1000FC2D0236841462046C3F8508067
:107CD000FFF77AFFBAE7236851462046C3F850A061
:107CE000FFF770FFB9F1000FADD0E2E72046FAF7D9
:107CF00077F9BDE8F88F4FF4807223682046D3F8F7
:107D0000D8C0D3F8E0101A650CEA0101FFF760FF54
:107D1000BAF1000F94D0DEE740221A65FFF75EFF4C
:107D200086E74FF40052236820461A65FFF752FF9A
:107D30009BE74FF40042236820461A65FFF74CFF8B
:107D400098E74FF40072236820461A65FFF73EFF5C
:107D500081E7802223682046D3F8D4C0D3F8DC1012
:107D60001A650CEA0101FAF71FF979E7006E70470E
:107D7000064B9A6A002A01DB002070470449054A35
:107D800099609A60986AC00F704700BF0020024057
:107D900023016745AB89EFCD044B9A6A42F000425C
:107DA0009A62986AC043C00F704700BF002002402B
:107DB000064B986A10F0804006D00549054A1961C3
:107DC0001A61986AC0F38070704700BF00200240BB
:107DD0003B2A19087F6E5D4C054B9A6A42F080423F
:107DE0009A62986A80F08040C0F38070704700BF4C
:107DF00000200240034A0120936A43F0006393622B
:107E0000704700BF0020024070B5164C0546FEF7D3
:107E1000DDFB236ADE0306D56A1C18BF064612D1B5
:107E2000236AD803FCD442F2FA010E4A136A0B40CB
:107E300010D1136A0020DB0744BF0123136270BD19
:107E4000236AD903EFD5FEF7C1FB801BA842F7D305
:107E5000032070BD044C0120616813621943616006
:107E600070BD00BF00200240500103202DE9F04109
:107E70001A4C94F800C0BCF1010F2CD09846012395
:107E80002370002307464FF47A700D461646636050
:107E9000FFF7BAFF18B100232370BDE8F081A76097
:107EA000EFF3108272B60E4FBB6A43F00103BB6260
:107EB0002E60BFF36F8FC5F8048082F310884FF4F3
:107EC0007A70FFF7A1FFA268BB6A22F0004223EAA2
:107ED0000203BB62DFE70220BDE8F081500103200E
:107EE000002002400E4B1A6C510212D5C20703D576
:107EF0009A6A42F004029A62830704D5084A936A98
:107F000043F400439362064A936A43F480339362D6
:107F100070479A6A42F4004242F004029A62F2E721
:107F20000020024070B58E4D2B78012B20D001220D
:107F3000002304464FF47A702A706B60FFF764FFE9
:107F400098B92068C10700F1C480820712D44307A2
:107F500019D4030700F1AF80824A4FF47A70936A14
:107F600043F400339362FFF74FFF00232B7070BD83
:107F7000022070BD7B4A2169136C23F0FF030B4381
:107F800013644307E5D5D4E9052612F0010316BFB3
:107F90004FF4E061194606EA010312F0020F05D022
:107FA00006F4805C41F4805143EA0C0312F0040FA4
:107FB00005D006F4005C41F4005143EA0C0312F0D2
:107FC000080F05D006F4804C41F4804143EA0C03CD
:107FD00012F0100F05D006F4803C41F4803143EAE2
:107FE0000C0312F0200F05D006F4003C41F40031E0
:107FF00043EA0C0312F0400F05D006F4802C41F444
:10800000802143EA0C0312F0800F05D006F4002C07
:1080100041F4002143EA0C0312F4807F05D006F4FA
:10802000801C41F4801143EA0C0312F4007F05D058
:1080300006F4001C41F4001143EA0C0312F4006F33
:1080400005D006F0807C41F0807143EA0C0312F405
:10805000805F05D006F0007C41F0007143EA0C031C
:1080600012F4005F05D006F0806C41F0806143EAB5
:108070000C0312F4804F05D006F0006C41F0006153
:1080800043EA0C0312F4004F05D006F0805C41F087
:10809000805143EA0C03D20304D506F00046334373
:1080A00041F000412F4E326C22EA01021343336447
:1080B00003077FF551AFD4E90732012B48D0022BDB
:1080C0007FF44AAF27498B6C03F07F0313438B6423
:1080D00042E76368D4E90212013B072B3FF635AF54
:1080E00001A656F823F000BF3F8100082D8100084B
:1080F0004B7F00081B8100084B7F00084B7F000866
:108100004B7F000809810008164EF36E23F07F13A1
:108110000B4343EA0243F36617E7124EB36E23F0B4
:108120007F130B4343EA0243B3660EE70D4EF36D34
:1081300023F07F130B4343EA0243F36505E7094E3F
:10814000B36D23F07F130B4343EA0243B365FCE6B0
:1081500004494B6C03F07F0313434B64FCE600BF00
:108160005001032000200240062243680260082BD1
:1081700004D84FF48B72DA40D20717D4334B1B6C00
:10818000DBB2AA2B05D0552B03D0CC2B0CBFCC23B4
:10819000BB232E49C26903610B6C02F1FF3C23F043
:1081A000FF03BCF1010F836118D970470722013B1F
:1081B0000260072BE2D801A252F823F02F820008B8
:1081C0001B8200087D810008078200087D8100086D
:1081D0007D8100087D810008F38100080368012A81
:1081E00043F0080303602CD08B6C23F07F03036201
:1081F0007047164AD36E03F07F038360D36EC3F3D8
:108200000643C360BAE7114A936E03F07F038360AD
:10821000936EC3F30643C360B0E70C4AD36D03F01B
:108220007F038360D36DC3F30643C360A6E7074AA9
:10823000936D03F07F038360936DC3F30643C360C4
:108240009CE74B6C23F07F030362704700200240E1
:108250000F4B1A6C12F4800F9A6A01D0C90712D51D
:1082600022F400629A620A4A936A23F47E7323F02E
:10827000020343EAC00343F002039362936A43F4A8
:1082800080339362704742F400629A62EBE700BF6A
:10829000002002402DE9F041274E3378012B3DD0DC
:1082A0000122002304464FF47A70884632707360CE
:1082B000FFF7AAFD074660BB48F204022368B360DB
:1082C00023F0004393422DD04FF0FF33C8F8003025
:1082D000D4E902532B449D4206D312E00135D4E980
:1082E00002321344AB420CD928466168FFF7B0FF55
:1082F0004FF47A70FFF788FD0028EFD00746C8F8E2
:1083000000500E49B2688B6A22F0004223EA020351
:108310008B62002333703846BDE8F081022738466F
:10832000BDE8F0816068FFF7DDFD4FF47A70FFF77C
:108330006BFD0746E5E700BF500103200020024027
:108340002DE9F04F0C6883B0002C00F090800023E2
:108350008946774F012202FA03F515EA040800F076
:1083600081800326D9F8041003FA02F201F0030E0B
:108370000EF1FF3A06FA02FCBAF1010F6FEA0C0C9B
:10838000D9F8086076D9BEF1030F01D1012E05D0CE
:10839000C568964005EA0C052E43C66005680EFACE
:1083A00002F205EA0C052A4311F4403F026059D05D
:1083B0004FF00F0C23F0030202F1804202F53D3230
:1083C00003F00306156EF6000CFA06FC25EA0C0E07
:1083D000584DA84222D005F58065A84200F08C8057
:1083E000554DA84200F08F80DFF850C160457CD029
:1083F000DFF84CC1604500F08D80DFF848C1604572
:1084000000F08F80DFF840C160450CBF4FF0060CD4
:108410004FF0070C0CFA06F64EEA060E6FEA080556
:10842000C2F860E03A68CE0254BF2A4048EA02022D
:108430003A607A688E0254BF2A4048EA02027A60A3
:10844000D7F884208E0354BF2A4048EA0202C7F8B6
:108450008420D7F88020C90354BF2A4048EA02028A
:10846000C7F88020013334FA03F27FF473AF03B00E
:10847000BDE8F08F9640D0F808B00196D9F80C60AE
:108480000BEA0C0B06FA02FA4AEA0B0AC0F808A03B
:10849000D0F804A0019E2AEA050AC1F300159D4008
:1084A00045EA0A054560C568BEF1020F05EA0C05FC
:1084B00046EA0506C6607FF471AFD9F8105003F0A4
:1084C0000706B600B54001950F254FEAD30A00EB29
:1084D0008A0ADAF820B005FA06F6019D2BEA060BA7
:1084E00045EA0B05CAF8205058E74FF0030C0CFA88
:1084F00006F64EEA060E91E74FF0010C0CFA06F66E
:108500004EEA060E8AE74FF0020C0CFA06F64EEA27
:10851000060E83E74FF0040C0CFA06F64EEA060E40
:108520007CE74FF0050C0CFA06F64EEA060E75E7EE
:1085300000F402400000024200080242000C024225
:10854000001002420014024200180242002900F00A
:1085500095802DE9F04F00234FF00F094FF0030AEB
:10856000474E01229A4012EA010E69D023F003051A
:1085700005F18045434F05F53D3503F00304D5F87B
:1085800060C0E40009FA04F8B84208EA0C0C1BD0F9
:1085900007F58067B84259D03B4FB8425AD03B4F9D
:1085A000B84261D03A4FB84263D0DFF8E8B05845DE
:1085B00055D0DFF8E4B058450CBF4FF0060B4FF034
:1085C000070B0BFA04F400E00024A44517D1D6F8F9
:1085D000804024EA0E04C6F88040D6F8844024EA9D
:1085E0000E04C6F88440746824EA0E04746034688B
:1085F00024EA0E0434602C6E24EA08042C66046815
:108600005D000AFA05F52C434FEAD30C046000EB39
:108610008C0C03F00704DCF820E0A40009FA04F451
:108620002EEA0404CCF82040846824EA050484601F
:10863000446824EA02024260C26822EA0502C2607B
:10864000013331FA03F28CD1BDE8F08F012707FA2C
:1086500004F4BAE74FF0020B0BFA04F4B5E74FF05D
:10866000050B0BFA04F4B0E74FF0030B0BFA04F41C
:10867000ABE74FF0040B0BFA04F4A6E7704700BF1A
:1086800000F402400000024200080242000C0242D4
:108690000010024200140242001802420AB1816135
:1086A00070478162704700BF0268436B916912682E
:1086B00003B11847704700BF704700BF704700BF45
:1086C0000022016810B50B6880F842205A040CD5CE
:1086D0000B6823F480430B6090F84130292B0ED0B7
:1086E00090F841302A2B24D010BD1B04F4D50B6820
:1086F00023F400430B6090F84130292BF0D14FF068
:10870000280C212380F841C0036390F841300022F7
:1087100003EA0C03634514BF6FF0F20C6FF0420CD8
:108720000B6803EA0C030B6080F84020FFF7C4FFDE
:1087300010BD2824222380F84140036390F8413083
:1087400000222340A34214BF6FF0F4036FF04403F0
:108750000C6823400B6080F84020FFF7AFFF10BD8E
:10876000704700BF70B50468C368A169A269022B95
:108770004FEA1242A5688446E668C1F3004102F060
:10878000FE020FD182EAD51313F00603C5F30902E6
:1087900006D1856C01358564856C022D0CD070BDC9
:1087A00006F0FE020025236823F0B80323608CF84E
:1087B0004050FFF7D5FF70BD08258364E56180F860
:1087C0004030FFF7CDFF70BD704700BF002320226F
:1087D00010B5174C4363C462036380F8412080F8EE
:1087E00042304B0712D50268436A526A1A70436AD4
:1087F000028D013343624AB1438D013A013B9BB282
:108800004385436C028543F0040343641024002134
:10881000036890F8412090F841201A6822F0FE0287
:108820001A60DC6180F84010FFF7CEFF10BD00BF7A
:108830000000FFFF704700BF704700BF806A08B5A7
:10884000836B0BB100221A64C36B0BB100221A6454
:1088500090F84130602B4FF0000305D0036380F89F
:108860004030FFF7E7FF08BD202280F8403080F855
:1088700041200363FFF7E0FF08BD00BF70B500258E
:10888000554B90F8412080F84250C3624585436CB7
:10889000283A0B43022A43640446036833D890F80D
:1088A000411090F8412001F02801282908BF4621F5
:1088B00002F0280218BFF621282A0CBFC9436FF026
:1088C000F60128201A680A4044491A6084F84100D9
:1088D000A06B226B616318B1112A3ED0212A3CD0D3
:1088E000E06B18B1122A4ED0222A4CD094F84130B5
:1088F000602B4FF0000365D02046236384F840309E
:10890000FFF798FF70BD90F8412090F841201A6859
:1089100022F0FE021A609A69920748BF9D629A6926
:10892000D60703D49A6942F001029A6194F8412073
:10893000602A10D0202284F841209A6995060AD531
:108940009A69D00605D51022DA61626C42F0040201
:1089500062642022DA610021BAE71A6851042CD43B
:10896000FEF7BAFD0128C1D00023A06B1C4A0264A7
:1089700084F84030FEF70AFD0028C3D0A06BBDE8A4
:108980007040036C18471A68120403D51A6822F461
:1089900000421A60FEF7A0FD0128A7D00023E06B7B
:1089A0000F4A026484F84030FEF7F0FC0028A9D09A
:1089B000E06BBDE87040036C18471A6822F48042EF
:1089C0001A60CDE72022204684F8412084F8403008
:1089D0002363FFF731FF70BD0000FFFF458C0008E7
:1089E0003D880008036810B49A69196812F4807F02
:1089F00002F4806408D0090626D4416C11F00B0FF4
:108A000019D15DF8044B7047CCB10906F5D54FF488
:108A10008064416C920541F008014164DC61ECD551
:108A20004FF40071426C42F002024264D961416C21
:108A300011F00B0FE5D05DF8044BFFF71FBF940555
:108A4000DBD50A06ECD4D8E7416C41F00101416462
:108A50004FF48071D961002CD9D19405CDD5DFE7D1
:108A600070B50446202603680D461968C06A94F85C
:108A70004120DE61213A092A0ED8DFE802F07705AD
:108A80000D0D0D0D0DAA7705222694F841201A68C8
:108A900022F0FC021A6026635A68684E42F40042D3
:108AA0005A605A6832405A609A69920744BF00225D
:108AB0009A629A69D60703D49A6942F001029A61D0
:108AC0004A043BD51A6822F480421A60A26B1AB19C
:108AD0001268526892B262856A070AD55A6A636A56
:108AE00025F004051A70636A01336362238D002B3D
:108AF00068D1638D9BB21BB1636C43F00403636464
:108B0000EB0601D5CE063AD4002384F84230666CD9
:108B10006363002E68D1E36A494DAB4218D194F8E3
:108B200041302046222B4FF0200384F8406084F827
:108B30004130266376D0FFF7BFFD70BD0E04CBD564
:108B40001A6822F400421A60E26B002AC0D1C3E71F
:108B50002046FFF7B5FD2023E562204684F841302A
:108B600084F840602663FFF72FFE70BD212694F83D
:108B700041201A6822F0FA021A6026638CE7638D9E
:108B80009BB2002B3ED194F84130282B4DD094F865
:108B900041202368292A4FF01002DA61B4D110F580
:108BA000803FB1D09A69910744BF00229A629A69C6
:108BB000D20703D49A6942F001029A612046FFF776
:108BC0007FFDA1E7013B2385638D013B9BB263855C
:108BD0008FE7002694F8412094F841201A6822F08B
:108BE000FE021A60266357E72046616CFFF746FED7
:108BF00094F84130282BA0D129462046BDE870408A
:108C0000FFF7E4BD10222368DA61636C43F00403CC
:108C1000636430F080737FF477AF2046616CFFF7B8
:108C20002DFE71E7FFF74AFD70BDB0F1007FAED1B8
:108C300029462046FFF7CAFD66E700BF00E800FEB0
:108C40000000FFFF38B590F840C0C56ABCF1010FC5
:108C500070D04FF0010C11F0200F04460B4680F845
:108C600040C002D012F0200F53D1D80617D5D1063C
:108C700015D5628D92B2002A5ED194F84120282A3F
:108C800000F0818094F841202368292A4FF01002D7
:108C9000DA6164D00023184684F8403038BD5907A3
:108CA00019D4190701D510073AD49907F2D59307BB
:108CB000F0D5638D9BB2002B4DD0616A236811F80B
:108CC000010B228D9862638D013A013B9BB2616278
:108CD00063852285DEE75007E3D5638D9BB26BB1D8
:108CE0002268636A526A1A70638D616A228D013B41
:108CF0000131013A9BB2616222856385638D9BB22B
:108D0000002BC7D115F5803FC4D02046FFF7D8FC13
:108D1000C0E7FFF7A5FE0023184684F84030BDE702
:108D200094F8413003F02803282B28D00822236828
:108D3000DA61AFE7022038BD10222368DA61636C84
:108D400043F00403636435F08073A3D12046616C63
:108D5000FFF794FD9EE735F080739BD1D5E715F5BD
:108D6000803F97D09A69950744BF00229A629A691A
:108D7000D007CAD49A6942F001029A61C5E7204639
:108D8000FFF7F0FC86E7B5F1007F7FF47BAF194673
:108D90002046FFF71BFD7DE708490B6813F0010330
:108DA0000AD1024610B40C68184624F00403134399
:108DB0005DF8044B0B6070470120704700040340CE
:108DC000034A0020136843F001031360704700BF9B
:108DD00000040340002844D070B590F89132064654
:108DE00003F0FF02C3B30323306886F8913202F028
:108DF000B7FF3579FDB100213346324601200C46DC
:108E000011740131A942C2E908445074D47442F883
:108E1000284FF5D100210A4683F850110131A942AB
:108E2000C3E9582283F8512183F85321C3F86821FC
:108E300003F12803F0D1334653F8040B93E80600FE
:108E400002F098FF01220021B37A3173934286F831
:108E5000912208D0002070BD80F89022FDF700FA22
:108E6000C1E701207047304600F0B4FE002070BD1D
:108E70002DE9F84F0546006803F0F0FB10F40044BC
:108E80002BD1430500F17C8247041BD410F4005120
:108E900040F09382C60400F1BD81040500F1928484
:108EA000010600F16484820500F1CE84C30512D569
:108EB0002A68B2F8443023F480731B041B0CA2F818
:108EC000443008E02A68B2F8443023F480431B049D
:108ED0001B0CA2F84430BDE8F88F2868B0F8443085
:108EE0001904F8D5B0F84440A1B214F00F0436D1FB
:108EF00011F0100100F0E180018811F400648BB2E0
:108F000000F0AA8095F85021B0F8503000EBC20272
:108F100012FA83F3B3F80634C3F30903082BC5F838
:108F20006C3140F06B84B5F8562105F5267103F0DD
:108F3000A9FB40F68F732A68284611880B4043F03E
:108F40008003138007F06CFC2868B0F844301904E3
:108F5000C1D5B0F84440A1B214F00F04C8D030F825
:108F60002430A7001FFA83F81B0439D418F0800FAF
:108F7000B4D030F824309BB223F4E14323F07003E3
:108F800043F4004320F824303B1905EBC302D17CA5
:108F9000DB00012900F0EB80117C18F48079D2F815
:108FA00028E04FEAC10C40F05881B0F850401CFA5C
:108FB00084F40444B4F80244C4F30904744580F012
:108FC0000381AEEB040110339162E918536A234424
:108FD0005362D36A2344D36203F012F928687DE711
:108FE00040F68F7330F824203919134043F0800382
:108FF00020F8243005EBC10191F85C3191F8502143
:10900000002B40F08580B0F85030D20012FA83F384
:109010000344B3F80694C9F30909B9F1000F40F00D
:10902000E481391905EBC103D3F86C21C9004A4426
:10903000C3F86C21D3F8682122B1D3F860214A45E6
:1090400040F2C6813B1905EBC303284693F8501143
:1090500007F0F8FB286889E71A047FF53FAF40F670
:109060008F730288134043F08003038095F85021EA
:10907000B0F8503000EBC20212FA83F3B3F80634B2
:10908000C3F30903C5F86C31002B00F0B480D5F8A8
:10909000641100293FF422AFB5F8562103F0F2FA2B
:1090A000D5F86431D5F86C21284613442146C5F81B
:1090B000643107F0C7FB286810E703889BB223F4EC
:1090C000E14323F0700343F4004303802A7CB0F8AB
:1090D000503000EBC20212FA83F3B3F802346A6A2A
:1090E000C3F309031A442846EB626A6207F0B4FB33
:1090F0002B7B2868002B3FF4F1AEAB6A002B7FF48A
:10910000EDAE2A7B42F08002A0F84C202B73E5E6FE
:1091100091F85331022B00F0508230F822309BB28C
:1091200023F4E04323F0700343F4004343F0C0030F
:1091300020F8223091F8503130F82320DB0012F46F
:10914000804FB0F8502013FA82F3034443D0B3F8B1
:109150000294C9F30909B9F1000F3FF462AFB1F805
:1091600058214B46D1F8641103F08CFA59E70021DD
:10917000631C03EB830345F83310137FDBB118F056
:109180004008537C00F00A82002B40F05F82117C83
:10919000B0F8503000F2024010FA83F333F8312077
:1091A000C2F3090223F8312033F8312092B242F49D
:1091B000004223F83120274405EBC7072846397CB5
:1091C00007F04AFB286889E62846C2F8289007F08D
:1091D00043FB286882E6B3F80694C9F30909B9F19C
:1091E000000F3FF41EAFB1F85A214B46D1F864117D
:1091F00003F048FA15E7038823F4804323F0700353
:109200001B041B0C83F4405343F4004343F08003DE
:10921000038063E62A68B2F8403023F004031B049D
:109220001B0CA2F84030B2F8403023F008031B04B6
:109230001B0CA2F8403095F8C832012B00F01283C5
:10924000284607F039FB2A68B2F8443023F48053EB
:109250001B041B0CA2F844303DE608F4804918F0CA
:109260004008B0F8503000F0C88000F2024818FA08
:1092700083F333F83130C3F3090373454AD34FF016
:10928000000C537CC2F828C0002B40F0F882B0F8E4
:10929000503018FA83F333F83120C2F3090223F86F
:1092A000312033F8312092B242F4004223F83120C9
:1092B000B0F8503000F2064212FA83F333F831204E
:1092C000C2F3090223F8312033F8312092B242F47C
:1092D000004223F831203B1905EBC303DB7C022B52
:1092E0000FD130F8213023F4E04323F040031B0476
:1092F0001B0C83F0200343F4004343F0800320F869
:109300002130284607F0A8FA2868B9F1000F3FF489
:10931000E5ADCBE0AEEB030EC2F828E0B9F1000FEB
:109320000FD030F821E02EF4E04E2EF0700E4FEA10
:109330000E4E4FEA1E4E4EF4404E4EF0800E20F878
:1093400021E007EB040E05EBCE0E9EF83490B9F148
:10935000010F00F0CB81274405EBC7073A7C30F8BA
:10936000223023F4E04323F040031B041B0C83F062
:10937000300343F4004343F0800320F82230ADE58E
:109380002A682846B2F8443023F480631B041B0C7F
:10939000A2F8443007F06EFA95F89032012B3FF4B2
:1093A0009AAD0123214628682C7385F8903203F08A
:1093B0004FF985F89042BDE8F88F2A68B2F844303A
:1093C00023F400531B041B0CA2F84430BDE8F88FB3
:1093D000D3F8642101F5A8714A4428682944C3F8E8
:1093E000642102F00DFF2868C0E5B1F856214B4614
:1093F000D1F8641103F046F913E600F2064A1AFAAE
:1094000083F333F83130C3F30903734561D9C2F8EC
:1094100028803B1905EBC3035B7C002B40F04182A5
:10942000B0F8502000F2024313FA82F232F83130E1
:10943000C3F3090322F8313032F831306FEA434385
:109440006FEA53439BB222F83130B0F850201AFA39
:1094500082F232F83130C3F3090322F8313032F8A6
:1094600031306FEA43436FEA53439BB222F8313005
:109470003B1905EBC303DB7C022B0FD130F8213005
:1094800023F4E04323F040031B041B0C83F0200370
:1094900043F4004343F0800320F82130284607F0CE
:1094A000DBF92868B9F1000F7FF418AD3B1905EB23
:1094B000C3031A7C30F8223023F4E04323F0700316
:1094C0001B041B0C43F4404343F0800320F822307C
:1094D00004E5AEEB030EC2F828E0BEF1000F98D011
:1094E000B9F1000F0FD130F821E02EF4E04E2EF04C
:1094F000700E4FEA0E4E4FEA1E4E4EF4404E4EF0A6
:10950000800E20F821E007EB040E05EBCE0E9EF84E
:109510003480B8F1010F7FF41EAFDEF8246006EB53
:109520000308CEF82480D66A06EB0309C2F82C9013
:10953000DEF83090DEF820209145C0F0D081A9EB14
:109540000203CEF8303093B207EB040E05EBCE0EDB
:109550009EF811B0BBF1000F40F0B681B0F850E0BA
:109560001AFA8EFE3EF83190F444C9F309092EF838
:109570003190002A40F0E4813EF831206FEA424207
:109580006FEA524292B22EF831203A1905EBC2022C
:109590004146528B03F066F82868DCE6002B62D067
:1095A000012B7FF408AEB0F85030127C00F2064078
:1095B00010FA83F323F83280FDE5B0F850C04FEA8B
:1095C000C20919FA8CFC18F4804ED1F86831844431
:1095D0004FD0BCF802C4CCF3090C9C45E14600F224
:1095E0004781A3EB0C03C1F868317BB930F8221036
:1095F00021F4804121F070010904090C81F400512B
:1096000041F4004141F0800120F8221018F0400F91
:109610000DD030F8223023F4E04323F070031B0414
:109620001B0C43F4004343F0C00320F82230BCF18C
:10963000000F3FF4F6AC391905EBC101B1F8582120
:109640006346D1F8641103F01DF8EAE4012B7FF4BE
:10965000B2ADB0F85030127C00F2024010FA83F341
:1096600023F83210A7E5B0F85030117C00F2064024
:1096700092E5BCF806C4CCF3090C9C45E14600F227
:10968000FB80A3EB0C03C1F868317BB930F82210E2
:1096900021F4804121F070010904090C81F400518A
:1096A00041F4004141F0800120F8221018F0400FF1
:1096B0000DD130F8223023F4E04323F070031B0473
:1096C0001B0C43F4004343F0C00320F82230BCF1EC
:1096D000000F3FF4A6AC391905EBC101B1F85A21CE
:1096E0006346D1F8641102F0CDFF9AE4DEF82460FD
:1096F00006EB0309CEF82490D66A06EB030AC2F8FB
:109700002CA0DEF830A0DEF820209245C0F0F980D1
:10971000AAEB0203CEF8303093B207EB040E05EB50
:10972000CE0E9EF811B0BBF1000F40F0DF80B0F814
:1097300050E018FA8EFE3EF83180F444C8F3090870
:109740002EF83180002A40F022813EF831206FEA65
:1097500042426FEA524292B22EF831203A1905EB9A
:10976000C2024946128B02F07DFF2868F3E52A68A1
:10977000B2F8443023F080031B041B0CA2F84430E1
:1097800095F8C832002B5AD10121B2F84030284652
:109790009BB243F00403A2F84030B2F840309BB2D1
:1097A00043F00803A2F8403085F8C812B2F85430EC
:1097B000C3F38D0303F03C03C5F8CC32BDE8F84F8A
:1097C00000F022BA2A682846B2F840309BB243F033
:1097D0000803A2F84030B2F8443023F400631B04BD
:1097E0001B0CA2F84430B2F840309BB243F00403A3
:1097F000A2F8403007F050F8FFF76DBB48F2800147
:1098000040F68F72038823F4804323F070031B0417
:109810001B0C83F480530B430380038823F4E04341
:1098200023F040031B041B0C83F010031943018039
:109830000388134043F080030380FFF74CBB2846A6
:1098400007F02AF8FFF747BB2A682846B2F84430E9
:1098500023F400731B041B0CA2F8443007F006F835
:10986000FFF739BB284685F8C81200F0CDF9E7E4C8
:109870000023C1F86831B9E6C1F868E106E7012BB9
:109880007FF429ADB0F8503000F2064218FA83F3A5
:1098900023F831C0B0F8503012FA83F323F831C006
:1098A00019E5012B7FF4E4AD0022B0F8503000F24E
:1098B000024C1CFA83F323F83120B0F850301AFA26
:1098C00083F323F83120D3E5BBF1010F7FF45DAEC4
:1098D000B0F850201AFA82F222F8313055E6B9F188
:1098E000000F15D11A468EF834902DE6BBF1010F0A
:1098F0007FF434AFB0F8502018FA82F222F83130F9
:109900002CE7BAF1000F2AD11A468EF834A004E7EA
:1099100000229EF811B01FFA89F3CEF830208EF89D
:109920003420BBF1000FCFD1B0F850E04A461AFA0C
:109930008EFE3EF83190F444C9F309092EF83190B7
:109940003E2A33D8BCF8001002F0010E89B20EEBAB
:10995000520241EA822292B2ACF8002015E60022BF
:109960009EF811B01FFA8AF38EF83420CEF830201A
:10997000BBF1000FBAD15246B0F850E018FA8EFE93
:109980003EF83180F444C8F309082EF831803E2AAD
:109990001ED8BCF8001002F0010E89B20EEB520284
:1099A00041EA822292B2ACF80020D7E65109D206F1
:1099B000BCF8002008BF01F1FF3192B242EA8122D7
:1099C0006FEA42426FEA524292B2ACF80020DCE504
:1099D0005109D606BCF8002008BF01F1FF3192B250
:1099E00042EA81226FEA42426FEA524292B2ACF8F6
:1099F0000020B3E690F89022012A0DD010B5012284
:109A000004460068217384F8902202F021FE0023AE
:109A100084F89032184610BD0220704701F0070C00
:109A200010B5090604460CEB8C004FEAC00021D4A7
:109A30004FF0000E00F5A871204480F851E1214458
:109A4000022BCB7008BF0023C2F30A0208BF0B71C0
:109A500081F800C00A6194F89032012B13D00123E1
:109A6000206884F8903202F09BF9002384F8903249
:109A7000184610BD4FF0010E00F11001204480F88F
:109A800011E02144DCE7022010BD00BF10B5002426
:109A900001F0070101EB810E00EBCE0C8CF85011A8
:109AA0008CF851410068CCF86421CCE95A340CF5AB
:109AB000A87102F0A5FB204610BD00BF01F0070110
:109AC00038B501EB810E00EBCE0C01258CF810109F
:109AD000002461468CF834508CF811500068CCF8A2
:109AE0002420CCE90B43CCF82830103102F088FB5D
:109AF000204638BD10B50379044601F007008342C3
:109B00002ED30B061AD401EB8101C90001F5A8720E
:109B10006318A118002283F85121012308708B706B
:109B200094F890229A4219D084F89032206802F07A
:109B300019FD002384F89032184610BD012200EB75
:109B40008003DB0003F1100123445A7401232144F4
:109B500008708B7094F890229A42E5D1022010BDD3
:109B6000012010BD38B5027901F00F039A422FD3BE
:109B700001F0070202EB8203090604464FEAC30321
:109B800017D403F5A871014403440025002083F88D
:109B900051010A708D7094F89032012B16D0012378
:109BA000206884F8903202F005FD84F8905228462F
:109BB00038BD03F11001014403440025012058740D
:109BC0000A708D7094F89032012BE8D1022038BDD4
:109BD000012038BD0246002310B40124116882F828
:109BE000C8321846B1F85430C2F8D0429BB2234371
:109BF000A1F85430B1F854305DF8044B9BB243F0F7
:109C00000203A1F854307047704700BF024B186838
:109C100000F4C060704700BF00700040174A13682E
:109C2000116911F4104F25D0D168090422D403F42E
:109C3000C06383421CD01368114923F4C0630343FB
:109C400013600B680F495B09A1FB03135169DB0922
:109C500003EB8303480503F1010305D55169013B7B
:109C6000490501D5002BF9D1044B5B695B0503D491
:109C700000207047012070470320704700700040AB
:109C800044010320C55A7C0A024A536843F48063A6
:109C90005360704700700040024A936843F4804369
:109CA000936070470070004030B51E4C0546A36DB0
:109CB00083B0DB0021D5FFF7A9FF30F4007315D086
:109CC000802D2AD82BD0A5F17003B3FA83F35B095A
:109CD00015490A6822F00F021A430A60086800F06A
:109CE0000F00C01A18BF012003B030BD802DEFD97E
:109CF000A02D8CBF02230123EAE7A36D43F080531C
:109D0000A365A36D03F080530193019BFFF77EFFD2
:109D1000A36D23F08053A365CFE70323D8E7022385
:109D2000D6E700BF00100240002002402B4A936893
:109D3000D26813F00C0307D00C2B33D0042B39D08E
:109D4000082B35D000207047244A1168090754BFFA
:109D5000D2F894201268224954BFC2F30322C2F3FE
:109D6000031251F82200002BEDD01C49CA68CB68C1
:109D700002F00302C3F30313022A03F1010324D008
:109D8000032A19D0B0FBF3F0CB68C3F3062303FB1F
:109D900000F0124BDB68C3F3416301335B00B0FB9F
:109DA000F3F0704702F00302012ACDD00020DCE777
:109DB0000C4870470C4870470A4AC868B2FBF3F376
:109DC000C0F3062003FB00F0E3E7074AC868B2FBD4
:109DD000F3F3C0F3062003FB00F0DAE700100240C3
:109DE0005C150108809698000024F400002800F01B
:109DF000DE809F4A2DE9F8431368814603F00F0384
:109E00008B420C460CD2136823F00F030B431360F4
:109E1000136803F00F038B4202D00120BDE8F883E2
:109E2000D9F80030980703F0010240F19A80914D73
:109E3000D9F80800A96801F0F001884204D9A9689E
:109E400021F0F0010143A960002A4DD0D9F8045057
:109E5000884B032D00F08D80022D1B6800F0A3803D
:109E6000002D40F0A6809E07D7D5FFF75FFF824BFD
:109E7000984205D97F4B9A6812F0F00F00F09F804E
:109E80007C4FBB6823F003032B43BB60FCF79EFBB6
:109E9000BB68D9F8042003F00C03B3EB820F06462D
:109EA00018BF4FF0000819D041F28837714DFCF708
:109EB0008DFBD9F80430821BBA424FEA830304D9E0
:109EC000AA6802F00C029A4277D1AA6802F00C024A
:109ED0009A42ECD1B8F1000F40F08C80D9F80030F4
:109EE000990707D5D9F8080062498A6802F0F0029C
:109EF000824252D85E490A6802F00F02A24209D992
:109F00000A6822F00F0222430A600A6802F00F0278
:109F1000A24282D15A0707D55649D9F80C008A685F
:109F200022F4E06202438A601B0708D5514AD9F83F
:109F30001010936823F4605343EAC1039360FFF762
:109F4000F5FE03464B4A4D4992684D48C2F3031251
:109F5000895C4C4ACB4013600068BDE8F843FCF7CD
:109F6000EDB9002AC6D0D9F80450424B032D7FF436
:109F700073AF1A6891017FF550AFD968DA6801F0C4
:109F80000301C2F30312022902F1010238D00329AE
:109F900065D0012954D0DB6872E78A6822F0F002AC
:109FA00002438A60A6E79F033FF55FAF35E70120D4
:109FB000704758057FF531AF57E703202EE79A68C1
:109FC00022F0F00242F080029A602A4FBB6823F030
:109FD00003032B43BB60FCF7F9FABB68D9F80420F4
:109FE00003F00C03B3EB820F064618BF4FF0800856
:109FF0007FF45AAF1F4A936823F0F00393606DE734
:10A000002149DB68B1FBF2F2C3F3062303FB02F242
:10A0100018491948CB68C3F3416301335B00B2FBB5
:10A02000F3F383427FF62CAF8B6813F0F00F7FF4CD
:10A0300027AF8B6823F0F00343F080038B60C4E705
:10A040001A68120754BFD3F894301B680F4A54BFE4
:10A05000C3F30323C3F3031352F82320D8E70C49B7
:10A06000DB68B1FBF2F2C3F3062303FB02F2CFE796
:10A07000002002400010024000B4C404A4150108EE
:10A080004C010320440103200024F4005C15010866
:10A0900080969800002800F0B7832DE9F041174B17
:10A0A00002689D68DE68D1060446134682B005F05A
:10A0B0000C0506F003063BD5002D00F06A810C2D3F
:10A0C00000F06481E3690D4FD3B13B6843F00103B5
:10A0D0003B60FCF77BFA80463B689A0700F1CA8236
:10A0E000FCF774FAA0EB08000228F5D93B689B073F
:10A0F000F2D4032002B0BDE8F08100BF001002409E
:10A100003B6823F001033B60FCF760FA3B68804644
:10A1100099070BD5FCF75AFAA0EB0800022802D9E0
:10A120003B689A07E5D43B689B07F3D42268134643
:10A13000D1072DD5082D00F095810C2D00F08F81D1
:10A140006368B3F5803F00F0B681B3F5A02F00F04F
:10A1500005838B4F3A6822F480323A603A6822F4E1
:10A1600080223A60002B40F0AB81FCF72FFA3B686D
:10A1700080469A030BD5FCF729FAA0EB0800642867
:10A1800002D93B689B03B4D43B689903F3D423689A
:10A190009A0713D5042D40F03D81794B1B685B0570
:10A1A00003D5E368002B00F05881754A2169536894
:10A1B00023F0FE4343EA0163536023681A072BD55B
:10A1C0006369002B00F05981A3696D4A002B40F0B0
:10A1D000D681D2F8943023F01003C2F89430684D41
:10A1E000D5F8943043F00103C5F89430FCF7EEF94C
:10A1F000D5F8943006469B070DD4FCF7E7F9801B91
:10A20000072804D9D5F894309F077FF572AFD5F8A9
:10A2100094309907F1D523685D0765D5584B9A6D41
:10A22000D00000F1288101259A6D42F080529A6594
:10A230009B6D03F080530193019B524E3368D90507
:10A2400040F1D981A368DA0740F150815A0740F103
:10A2500026824B4BD3F8902042F00402C3F89020A2
:10A26000D3F8902042F00102C3F89020FCF7AEF939
:10A27000434F0646D7F890309B070FD441F28838F9
:10A28000FCF7A4F9801B404504D9D7F890309A0711
:10A290007FF52FAFD7F890309B07F1D5A36819064B
:10A2A00040F10582364FD7F8903043F08003C7F86D
:10A2B0009030D7F8903019050FD441F28838FCF768
:10A2C00085F9801B404504D9D7F890301A057FF5F1
:10A2D00010AFD7F890301B05F1D525B1284A936D02
:10A2E00023F08053936523689A061FD5A36A244DF3
:10A2F000002B00F06381D5F8983043F00103C5F8D6
:10A300009830FCF763F9D5F8983006469B070DD4D2
:10A31000FCF75CF9801B022804D9D5F898309F0718
:10A320007FF5E7AED5F898309907F1D5E36A23B306
:10A33000134DAA6802F00C020C2A00F0D581022B02
:10A340002B6823F080732B6000F01582FCF73EF938
:10A350002B68044699010BD5FCF738F9001B02283D
:10A3600003D92B689A013FF5C4AE2B689B01F3D447
:10A37000034A054BD1680B40D3600020BAE600BF0A
:10A380000010024000700040FCFFEEFE012E7FF442
:10A3900099AEA64B1B689B075CD4A44B606A1A68F5
:10A3A000170756BFD3F894301B681B0903F0F0035E
:10A3B000984200F243819D4B1A6842F008021A60ED
:10A3C0001A6822F0F00202431A605A68216A22F4E5
:10A3D0007F4242EA01225A60002D00F0B981FFF766
:10A3E000A5FC0346914A92499268C2F30312895C24
:10A3F000904ACB401068904A1360FBF79FFF0028FB
:10A400007FF478AE2368D9071A463FF596AE9907D0
:10A410007FF5D4AE0C2D00F02981E368834D002B2D
:10A4200000F0B4802B6843F480732B60FCF7CEF807
:10A430002B6806465F053FF5B8AEFCF7C7F8801BF2
:10A44000022803D92B6859057FF553AE2B685A05AE
:10A45000F3D5AAE6E369002B9FD101204AE6032E3B
:10A460007FF46EAE714B1B689F0302D56368002BAF
:10A47000F3D01346CBE70025DFE66C4DD5F89430DA
:10A4800023F00103C5F89430FCF7A0F8D5F8943018
:10A4900006469A077FF5BFAEFCF798F8801B0728A1
:10A4A00004D9D5F894309B073FF523AED5F8943006
:10A4B0009F07F1D4AFE65D4A136843F4803313601D
:10A4C000FCF784F8594F80463B689A033FF55FAE2E
:10A4D000FCF77CF8A0EB0800642803D93B689B03D9
:10A4E0007FF507AE3B689903F2D550E64F4ED6F89C
:10A4F000902022F00102C6F89020D6F8902022F099
:10A500000402C6F89020002B7FF4B0AEFCF75EF892
:10A51000D6F89030074699070FD541F28838FCF7F6
:10A5200055F8C01B404504D9D6F890309B073FF53D
:10A53000E0ADD6F890309907F1D43C4ED6F8903083
:10A540001A067FF5CAAED6F8903023F08003C6F81D
:10A550009030D6F890301A057FF5BFAE41F28838BA
:10A56000FCF734F8C01B404504D9D6F890301B05E1
:10A570003FF5BFADD6F890301905F1D4ADE6D2F86D
:10A58000943043F01003C2F8943028E62B6823F48B
:10A5900080732B60FCF71AF82B6806465B050BD519
:10A5A000FCF714F8801B022803D92B685F053FF5E0
:10A5B000A0AD2B685905F3D42368FFE5D5F8983092
:10A5C00023F00103C5F89830FCF700F8D5F898306F
:10A5D00006469A077FF5AAAEFBF7F8FF801B022814
:10A5E00004D9D5F898309B073FF583ADD5F898305E
:10A5F0009F07F1D49AE6336843F480733360FBF726
:10A60000E5FF33680746DB053FF51CAE03E0336822
:10A61000D9053FF517AEFBF7D9FFC01B0228F6D9C5
:10A620003368D8057FF565ADF1E700BF0010024043
:10A63000A41501084C01032044010320FFF734FB5B
:10A6400000287FF40AAF714B1A6842F008021A60C2
:10A650001A68616A22F0F0020A431A605A68216A95
:10A6600022F47F4242EA01225A60B8E6022E7FF4C9
:10A67000D4AE92E5654B1A6842F008021A601A6877
:10A68000616A22F0F0020A431A605A68216A22F4D1
:10A690007F4242EA01225A602268134648E55B4A3B
:10A6A000D2F8903043F00103C2F89030DEE5574F06
:10A6B000D7F8903023F08003C7F89030D7F8903067
:10A6C00019057FF50AAE41F28838FBF77FFF801B42
:10A6D000404504D9D7F890301A053FF50AADD7F8B0
:10A6E00090301B05F1D4F8E5012B3FF4B6AEEB68D2
:10A6F000226B03F0030191427FF4AFAE616B03F074
:10A70000F0020139B2EB011F7FF4A7AEA16B03F495
:10A71000FE42B2EB012F7FF4A0AEE16B03F0784272
:10A72000B2EBC16F7FF499AE226C03F4C001520802
:10A73000013AB1EB425F7FF490AE626C03F0C0630C
:10A740005208013AB3EB426F14BF01200020D1E45C
:10A75000FFF7AAFA00283FF442AE7EE603F18043F9
:10A76000A3F53C331A6842F480221A601A6842F456
:10A7700080321A60A4E6FBF729FF2B680646990190
:10A780000BD5FBF723FF801B022803D92B689B0105
:10A790003FF5AFAC2B689F01F3D41C4D1C4BE9680F
:10A7A000226B0B40606B1343D4E90E1243EA012382
:10A7B00043EAC2630138D4E91012490843EA00139E
:10A7C00001395208013A43EA415343EA4263EB60DC
:10A7D0002B6843F080732B60EB6843F08073EB6071
:10A7E000FBF7F4FE2B6804469A013FF5C6ADFBF774
:10A7F000EDFE001B022803D92B689E017FF579AC82
:10A800002B689801F3D5B8E501207047001002408D
:10A810000C809F0108B5FFF789FA074B07499A6832
:10A820009B68C2F303128A5C0549C3F3C223CB5C65
:10A83000D040D84008BD00BF00100240A415010858
:10A840009C1501080F220E4B10B402609A680D4C43
:10A8500002F0030242609A6802F0F00282609A6895
:10A8600002F4E062C2609B68DB0803F4E06303610A
:10A8700023685DF8044B03F00F030B60704700BFC3
:10A880000010024000200240F8B5044600680F4660
:10A8900002284ED0032845D0012848D1394B1B68E7
:10A8A0009E073ED5374D2B6823F080632B60FBF766
:10A8B0008DFE064604E0FBF789FE831B022B4AD877
:10A8C0002B681901F7D4D4E90132013B1002216849
:10A8D0001A01002F33D0012F2A4D45D02E692A4B63
:10A8E00033400B430343134362695208013A43EA7E
:10A8F00042632B61234D2B6843F080632B60FBF791
:10A9000065FE064604E0FBF761FE831B022B27D899
:10A910002B681B01F7D500201A4AA16913690B4364
:10A920001361F8BD174B1B6813F4C02FBAD1012077
:10A93000F8BD144B1B685D05B4D40120F8E7114D38
:10A94000124B2E6933400B43E168034343EAC16372
:10A9500013432B61CEE72B681801B4D50320F8BD53
:10A960002B681A01FAD5D6E72E69094B33400B4301
:10A970000343134322695208013A43EA42532B61CD
:10A98000B8E700BF001002400C80FFF90C80FF0701
:10A990000C809FFF70B504460068022847D003284A
:10A9A0003ED0012841D1294B1B689E0737D5274D42
:10A9B0002B6823F080532B60FBF708FE064604E06B
:10A9C000FBF704FE831B022B37D82B689900F7D4C2
:10A9D0001E4D1F4B696922680B401343D4E90212D4
:10A9E00043EA012343EAC2636268013A43EA02137D
:10A9F0006B612B6843F080532B60FBF7E7FD064645
:10AA000004E0FBF7E3FD831B022B1BD82B689B00A4
:10AA1000F7D500200D4A216953690B43536170BD7E
:10AA20000A4B1B6813F4C02FC1D1012070BD074B26
:10AA30001B685D05BBD40120F8E72B689800C7D5DB
:10AA4000032070BD2B689A00FAD5E2E7001002409F
:10AA50000C80FF072DE9F0470368044613F40065F6
:10AA600082B01BD0C16E402900F03D8200F25882B6
:10AA7000002900F02282202940F058822030FFF780
:10AA800089FF054623684DB9E16E0025B648D0F828
:10AA90009C2022F0E0020A43C0F89C20DF0440F131
:10AAA0004F81216FB1F5007F00F0168200F23F81E7
:10AAB000002900F00782B1F5807F40F0408104F169
:10AAC0002000FFF767FF07462368002F40F002824F
:10AAD000A549206FD1F89C209E0322F4E06242EA4F
:10AAE0000002C1F89C2000F12F81D90708D59E49AA
:10AAF000606BD1F8882022F003020243C1F888205D
:10AB00009A0708D59849A06BD1F8882022F00C024A
:10AB10000243C1F888205E0708D59349E06BD1F85D
:10AB2000882022F030020243C1F88820180708D597
:10AB30008D49206CD1F8882022F0C0020243C1F870
:10AB40008820D90608D58849606CD1F8882022F47D
:10AB500040720243C1F888209A0608D58249A06C49
:10AB6000D1F8882022F440620243C1F888209E0573
:10AB700008D57D49E06DD1F8882022F440220243B7
:10AB8000C1F88820580508D57749206ED1F888206B
:10AB900022F440120243C1F88820590208D57249B4
:10ABA000606ED1F8882022F440020243C1F8882068
:10ABB0009A010CD5A26EB2F1807F00F06D81B2F1E6
:10ABC000007F00F02681002A00F0298101255F0620
:10ABD00008D56549E06CD1F8882022F44052024340
:10ABE000C1F888201E0608D55F49206DD1F888205D
:10ABF00022F440420243C1F88820D80508D55A49BA
:10AC0000606DD1F8882022F440320243C1F88820D8
:10AC1000D90208D55449A06DD1F89C2022F0030236
:10AC20000243C1F89C209A0411D54F49606FD1F8B6
:10AC30008820B0F1006F22F0406242EA0002C1F8C1
:10AC4000882000F02481B0F1806F00F060811F0344
:10AC50001BD5A16FB1F5804F00F005814248B1F1DD
:10AC6000806FD0F8882022F0406242EA0102C0F8EA
:10AC70008820D0F89C2022F48042C0F89C2000F06C
:10AC80005781B1F1006F00F034815E0311D5364970
:10AC9000E06FD1F88820B0F1006F22F0406242EA04
:10ACA0000002C1F8882000F0D980B0F1806F00F078
:10ACB000258158040ED52C48D4F88010D0F888206F
:10ACC000B1F1805F22F0405242EA0102C0F88820D0
:10ACD00000F0EA80D90309D52349D4F88400D1F8DB
:10ACE0009C2022F004020243C1F89C209A0209D55C
:10ACF0001D49D4F88800D1F89C2022F018020243A4
:10AD0000C1F89C20DB010ED5174AD4F88C10D2F87C
:10AD10009C30B1F5001F23F4401343EA0103C2F84D
:10AD20009C3000F0AC80284602B0BDE8F087B1F559
:10AD3000407F00F0D680B1F5806F00F0D280012511
:10AD40002F469E037FF5D1AE074B9A6DD00054D5A8
:10AD50004FF00008054E336843F480733360FBF70F
:10AD600035FC81460AE000BF001002400070004040
:10AD7000FBF72CFCA0EB090002285BD83368DA054E
:10AD8000F6D5002F5CD1DFF8C8A1D4F89010DAF81E
:10AD9000903013F4407327D08B4225D0DAF89020FE
:10ADA000DAF8903043F48033CAF89030DAF8903013
:10ADB00023F48033CAF8903022F44073CAF89030FC
:10ADC000D30711D5FBF702FC41F28839064605E0AE
:10ADD000FBF7FCFB801B484500F2B380DAF89030AB
:10ADE0009807F5D5D4F89010594AD2F8903023F44A
:10ADF00040730B43C2F8903023E09A6D4FF0010886
:10AE000042F080529A659B6D03F080530193019B41
:10AE1000A0E70021201DFFF737FD07462368DFB9B3
:10AE20004B49A06ED1F8882022F040720243C1F84D
:10AE30008820CCE63368D905A3D403252F4600E04B
:10AE40003D462368B8F1000F3FF44FAE40498A6D8C
:10AE500022F080528A6548E63D46B8E6CA6842F468
:10AE60008012CA6025E73A4AD2F89C1041F480412A
:10AE7000C2F89C10D16841F48031D16005E72846C2
:10AE8000D36843F48013D36002B0BDE8F087CA688A
:10AE900042F48012CA60DAE62D49CA6842F4801290
:10AEA000CA60002FD8D1BBE70221201DFFF7ECFCC0
:10AEB0002368002818BF05460CE70430FFF7E4FCC0
:10AEC0000546DFE5201DFFF7DFFC07462368002F5E
:10AED0003FF4FEAD3D4634E71D49CA6842F4803276
:10AEE000CA602F46F1E51A48C26842F48032C26057
:10AEF000CBE5C26842F48012C260C6E60121201D83
:10AF0000FFF7C2FC2368002818BF0546D1E60121DF
:10AF1000201DFFF7B9FC2368002818BF054696E6F8
:10AF200060293FF4B2AD80293FF4AFAD0125B5E50E
:10AF30000121201DFFF7A8FC2368002818BF054643
:10AF4000A3E6DAF890309E077FF577AF4AE700BFB7
:10AF500000100240114B10B4996B114A41F08071FE
:10AF60009963996B21F0807199630368D0E901417D
:10AF700023430B43D0E90341234343EA0143536096
:10AF80001368416923F4FE4343EA01231360136805
:10AF90005DF8044B43F060031360704700100240FB
:10AFA0000060004000285AD038B5437A044603F0C8
:10AFB000FF02002B49D0D4E9003502214AF2B32028
:10AFC0006172284A19682A43274D21F0040119604B
:10AFD0001A601D6118611A6822F080421A60FBF73E
:10AFE000F5FA054623681A6851000ED5FBF7EEFA0C
:10AFF000401B02282368F6D91A685200F3D50122B3
:10B00000022362720120E36038BD1A6842F0040234
:10B010001A605B68580603D504236372012038BDAB
:10B02000FBF7D4FA054623685B68D90711D4FBF710
:10B03000CDFA401B02282368F6D95A68D207F3D408
:10B04000042202236272E360E8E70272FBF768F809
:10B05000B1E70122002362721846E36038BD012087
:10B06000704700BF000DF040BC0A5917704700BF81
:10B07000026810B553680446990613D4580605D5DE
:10B08000590723D4516821F040015160DB0708D5EE
:10B09000136823F0080313609168637A2161042B1D
:10B0A0000CD110BD1023C360042320466372F8F74F
:10B0B0007BFE6FF0600223685A6010BD01220023FE
:10B0C000204662722372FFF7D1FF10BD0823E360B0
:10B0D000136823F008031360E6E700BF002300B500
:10B0E000026883B001935368014658070AD4536835
:10B0F00023F0400353600020CB6823F00803CB60AB
:10B1000003B000BD0220136843F08043136013684E
:10B1100023F080431360019002E013685B0012D5B6
:10B12000019B013B0193019B002BF6D101224A7246
:10B130000B72CB68084643F00203CB60F8F734FE8D
:10B14000012003B000BD536858060CD402230193BC
:10B1500002E053685B07CED5019B013B0193019B45
:10B16000002BF6D1E2E7536823F040035360EDE78C
:10B17000F8B5037A012B43D00122437A0446934267
:10B18000DFB2027206D004231746C3600023237285
:10B190003846F8BD0222036842725B680E465906C3
:10B1A00016D4FBF713FA054623685A68D20718D459
:10B1B000FBF70CFA401B02282368F6D95A6812F0F4
:10B1C0000102F2D10121022361722272E360DFE702
:10B1D0000823C360FFF782FF0128E2D12023E36048
:10B1E000D6E79A685B68226113F0400316BF082314
:10B1F0001F46E3604FF0010308BF32606372C5E78A
:10B2000002273846F8BD00BF704700BF30B502685E
:10B2100004465168936885B013F0400FC3F380155E
:10B2200019D113F0010F2FD1980745D49D0600F1D5
:10B230009180DB050DD58D060BD50020236E43F0E4
:10B2400008032366039093680393039B236E002BEC
:10B250005AD105B030BD13F002001AD008067CD4D4
:10B2600013F020002CD18D06F3D594F85D50032DFA
:10B2700079D0256E45F0040525660090D0680090D1
:10B280009068009000983AE011F0400FCCD0C36C69
:10B2900065E08D06DDD594F85D50032D63D0256EF5
:10B2A00045F0040525660090D068009090680090F5
:10B2B0000098980623D515E008064ED49806B8D510
:10B2C0008806C6D575B194F85D0003284BD0206E72
:10B2D00040F00400206600200090D0680090906844
:10B2E00000900098206E40F001002066002002903F
:10B2F00090680290106820F0400010600298DB0512
:10B300009BD4236E002BA4D0012053688D0723F01B
:10B31000E003536084F85D002DD05368A06D23F0E6
:10B320000303536040B1164B0364FCF72FF818B1C8
:10B33000236E43F040032366606D002889D0104BD4
:10B340000364FCF723F8002883D0236E43F0400306
:10B3500023667EE78806C5D47BE72046236D05B0CB
:10B36000BDE83040184700230193D36801939368E8
:10B370000193019B6DE72046FFF746FF69E700BF99
:10B3800085B3000808B50023806AA0F84630C3875B
:10B39000FFF73AFF08BD00BF30B4036A124D046ADC
:10B3A000A84224F0010404620ED0104CA0420BD03D
:10B3B00004F54064A04207D004F58064A04203D0A5
:10B3C00004F58064A04203D1046A24F004040462FA
:10B3D000846923F00A0324F0F00C4CEA02121943AA
:10B3E000826130BC01627047002C01400034014092
:10B3F00090F83D30012B23D102210368164A80F8D2
:10B400003D1093421ED0B3F1804F1BD0A2F5943271
:10B41000934217D002F58062934213D002F5806206
:10B4200093420FD002F5943293420BD002F5406262
:10B43000934207D01A6842F001021A600020704758
:10B44000012070479968054A0A40062AF6D0B2F5ED
:10B45000803FEFD100207047002C01400700010021
:10B4600090F83D30012B26D10222036880F83D2060
:10B47000DA68174942F001028B42DA601DD0B3F15D
:10B48000804F1AD0134A934217D002F5806293423C
:10B4900013D002F5806293420FD002F594329342AA
:10B4A0000BD002F54062934207D01A6842F00102C5
:10B4B0001A6000207047012070479968064A0A40C8
:10B4C000062AF6D0B2F5803FEFD10020704700BFCA
:10B4D000002C0140000400400700010038B590F83E
:10B4E0003C30012B6AD0044602250123006884F811
:10B4F0003C3084F83D5085684B4A2A4082600A6897
:10B50000602A6AD010D8402A5AD02CD8202A4BD092
:10B5100048D832F0100147D018460122002384F8A1
:10B520003D2084F83C3038BDB2F5805F13D0B2F5D1
:10B53000005F27D0702AEFD1D1E901538268C96832
:10B540002B4322F47F4243EA012313438360836841
:10B5500043F0770383600122002384F83D2084F8C0
:10B560003C30002038BD502AD6D1CA684968FFF760
:10B5700013FF836823F4401323F0700343F0570351
:10B580008360E8E78268D1E90153C9682B4322F45C
:10B590007F4243EA012313438360836843F480437B
:10B5A0008360D8E7302AB7D1836823F4401323F0AF
:10B5B0007003134343F007038360CCE7022038BDD8
:10B5C000CA684968FFF7E8FE836823F4401323F054
:10B5D000700343F047038360BDE7036A026A4D6866
:10B5E00022F01002C9680262104A904217D002F598
:10B5F0000062904213D0826923F0A00322F47042CB
:10B6000043EA051342EA013282610362836823F44C
:10B61000401323F0700343F0670383609BE7026AE3
:10B6200022F040020262E6E78800CEFF002C0140D3
:10B63000704700BF704700BF704700BF704700BF32
:10B64000036870B5DE681C690546A20701D5B1071D
:10B650005AD4630701D5700743D4210701D53207B7
:10B660002DD4E00601D5F10616D4E20701D5F30783
:10B6700063D414F4025F0AD0300666D4600601D5A4
:10B68000710673D4A20601D5B3064DD470BDE20590
:10B69000F4D5330662D4F1E76FF0100108222B686D
:10B6A000284619612A77DB6913F4407F6FD1FFF7D1
:10B6B000BFFF2846FFF7C0FF00232B77D5E76FF0C9
:10B6C000080104222B68284619612A77DB699B0749
:10B6D0005AD1FFF7ADFF2846FFF7AEFF00232B77C7
:10B6E000BFE76FF0040102222B68284619612A7710
:10B6F0009B6913F4407F44D1FFF79AFF2846FFF778
:10B700009BFF00232B77A8E76FF002021A6101224A
:10B7100002779B699A0731D1FFF78AFF2846FFF726
:10B720008BFF00232B7794E76FF020022B682846CD
:10B73000BDE870401A6100F005B96FF001022B6896
:10B7400028461A61F5F7F6FC93E76FF402522B686E
:10B7500028461A6100F0F8F8E1058FD56FF4807281
:10B760002B6828461A6100F0F1F887E76FF0400275
:10B770002B6828461A61FFF761FF83E7FFF75AFF3E
:10B78000CFE7FFF757FFBCE7FFF754FFA6E7FFF748
:10B7900051FF91E770B4284E0368B0424A698D6842
:10B7A0000C6839D0B0F1804F20D0A6F59436B04265
:10B7B0001CD006F58066B04218D006F58066B0420F
:10B7C00014D006F59436B04226D01C4EB04227D095
:10B7D00006F58066B04223D006F58066B0421FD0E1
:10B7E00023F08003C5621A4384620CE04E6823F0A4
:10B7F0007003C968334323F440730B4323F0800381
:10B80000C5621A438462012170BC036843F00403DB
:10B8100003604161026070474E6823F07003334358
:10B82000CE6823F440733343C56223F080038462FF
:10B830001A430B690363E6E7002C01400040014016
:10B8400070B310B590F83D30044603F0FF0213B317
:10B850000223214684F83D3051F8040BFFF79AFF8C
:10B86000012384F8483084F83E3084F83F3084F86F
:10B87000403084F8413084F8423084F8433084F812
:10B88000443084F8453084F8463084F8473084F8F2
:10B890003D30002010BD80F83C20FAF771FCD7E75E
:10B8A0000120704790F83C20012A45D00346022031
:10B8B00070B41A68214E83F83D00B24250680D689A
:10B8C000946827D006F50066B2422CD020F07000B4
:10B8D0002843B2F1804F50600ED0194882420BD0FD
:10B8E00000F58060824207D000F58060824203D07C
:10B8F00000F59A30824204D1896824F080040C4318
:10B9000094600022012183F83C2083F83D1010460A
:10B9100070BC70474E6820F47000304320F0700017
:10B9200028435060E8E74E6820F47000304320F070
:10B93000700005435560DFE702207047002C01408E
:10B9400000040040704700BF704700BF704700BF51
:10B9500010B4026852E8003F23F4907342E80031CB
:10B960000029F7D1144C02F1080353E8003F2340AB
:10B9700002F1080C4CE800310029F4D1C36E012B10
:10B9800008D0002320225DF8044BC0F88C204367C8
:10B99000C366704752E8003F23F0100342E80031CD
:10B9A0000029EED052E8003F23F0100342E80031B6
:10B9B0000029EFD1E5E700BFFEFFFFEF704700BFB2
:10B9C000704700BF08B5806AFFF7FAFF08BD00BFE7
:10B9D000704700BF40F60F0C70B504680546E36978
:10B9E000216813EA0C0FA26829D19E0607D501F041
:10B9F000200C02F080565CEA060C40F0F080E86E05
:10BA0000012800F0AC80D80200F19E80180606D50F
:10BA100002F4000201F08000104340F0E7805A0673
:10BA200002D54E0600F1C380180202D54A0000F18B
:10BA30000C81DB0102D50029C0F23D8170BDA34815
:10BA4000104040F0C580A24E3142D8D0DE0740F110
:10BA5000DC80CE0540F1D28001262662D5F89060C8
:10BA600046F00106C5F890609E0740F1C980D607F0
:10BA700040F1CB8002202062D5F890005E0740F0B4
:10BA80000400C5F8900040F1DD8004202062D5F864
:10BA9000900040F00200C5F89000180700F1BD804A
:10BAA00018050AD54E0108D54FF400602062D5F87C
:10BAB000900040F02000C5F89000D5F890000028D4
:10BAC000BCD0980606D501F0200102F08052114347
:10BAD00040F0AC80D5F89020A36802F0280203F073
:10BAE000400353EA0206284600F0EA80FFF730FFE1
:10BAF000A3685B0640F1A28004F1080353E8003F0D
:10BB000023F0400304F1080141E8003262B12C68DF
:10BB100004F1080353E8003F23F0400304F1080157
:10BB200041E80032002AF3D1D5F88000002800F067
:10BB30008580684B0364FBF729FC00283FF47EAF47
:10BB4000D5F88000036C4EE056027FF55FAF4FF4EE
:10BB5000801328462362BDE8704000F0FBB8DE0683
:10BB60007FF551AFC8067FF54EAF1022B5F85C30B7
:10BB70002262A268520640F1AF80D5F880000268C8
:10BB8000516889B2002900F0DC80994280F0D980A8
:10BB9000A5F85E10126896065CD502222A67B5F8F1
:10BBA0005E102846591A89B2FFF712FF70BD54E89B
:10BBB000003F23F0400344E80032002AF7D120225E
:10BBC00000232846C5F88820AB67FFF7F7FE70BD55
:10BBD000DE077FF549AFCE057FF546AF3CE7436F03
:10BBE000002B3FF42BAFBDE870401847AB6F002B24
:10BBF0003FF424AF2846BDE8704018479E0704D4A0
:10BC00005E0702D5D6073FF540AF1E077FF548AF68
:10BC100001F0200606433FF443AF08202062D5F828
:10BC2000900040F00800C5F8900039E76B6F002BDA
:10BC30003FF450AF284698472C684BE72846FFF75B
:10BC4000BFFE70BD1807E8D42AE72846BDE870405B
:10BC500000F084B854E8003F23F4807344E80032D5
:10BC6000002AF7D104F1080353E8003F23F0010351
:10BC700004F1080141E80032002AF3D104F108037D
:10BC800053E8003F23F0400304F1080141E800328B
:10BC9000002AF3D12023C5F88C30EA6654E8003F2F
:10BCA00023F0100344E80032002AF7D1FBF736FBFB
:10BCB000B5F85C3071E72846BDE8704000F04CB83C
:10BCC000FFF77EFEC5F8906070BD00BF0100001058
:10BCD00020010004C5B90008B5F85E10B5F85E2073
:10BCE00089B292B2002A3FF4A9AE5B1A99B2002938
:10BCF0003FF4A4AE54E8003F23F4907344E80032CC
:10BD0000002AF7D1124804F1080353E8003F03402A
:10BD100004F1080646E80032002AF4D120236A67BD
:10BD2000C5F88C30EA6654E8003F23F0100344E87D
:10BD30000032002AF7D1022328462B67FFF748FE7E
:10BD400070BD99427FF47AAE13689C06F3D470BD3F
:10BD5000FEFFFFEF704700BF704700BF704700BF96
:10BD6000034644F27F02B3F8401000200A40A3F8D3
:10BD7000402070474FF0000C00B583B002AB4FF08D
:10BD8000010E03E9060003466046A3F840E0A3F86D
:10BD900040C0A3F844C0A3F850C003B000BD00BF2A
:10BDA00070B50A78034630F8220091F803E020F4D9
:10BDB000EC4020F070000004000CBEF1030F00F214
:10BDC0000582DFE80EF0CDD0B10240F4C06048F249
:10BDD000800C40EA0C0023F8220033F8220020F403
:10BDE000E04020F070000004000C10434CEA000C0E
:10BDF00023F822C0087B002800F0B880002033F828
:10BE000022C02CF4E24C2CF0700C4FEA0C4C4FEAA0
:10BE10001C4C4CF4004C4CF0800C23F822C00C89D4
:10BE2000B3F8505003EBC20C640864001CFA85F5AB
:10BE3000A5F800444C89B3F85050640864001CFA1B
:10BE400085F5A5F804444C78002C40F01C8133F8AB
:10BE5000224064040DD533F8224024F4E04424F059
:10BE600070042404240C44F4404444F0800423F877
:10BE7000224033F8224066060DD533F8224024F4E0
:10BE8000E04424F070042404240C44F4004444F0FE
:10BE9000C00423F822400D69B3F850101CFA81F158
:10BEA000B1F802440CF2064CC4F30904A1F80244B0
:10BEB000002D00F030813E2D00F2658105F0010477
:10BEC00004EB5504A402A5B2B1F80244A4B22C4379
:10BED000A1F80244B3F8501089B231F80C40C4F311
:10BEE000090421F80C4031F80C40A4B22C4321F88D
:10BEF0000C4048F2800433F8221021F4804121F0F4
:10BF000070010904090C81F44051214323F82210E7
:10BF100033F8221021F4E04121F040010904090C1A
:10BF20000C4323F8224070BD48F28005284323F8D3
:10BF3000220033F82200B14C80B220401043054368
:10BF400023F82250087B88B133F8220080B22040C9
:10BF500040F4014040F0800023F8220000205EE71A
:10BF600040F4007033E740F4806030E70020CC8874
:10BF70004E786408640003EBC205F6B3B3F85010C2
:10BF800015FA81F1A1F8004433F8221049060DD5C5
:10BF900033F8221021F4E04121F070010904090C6A
:10BFA00041F4004141F0C00123F8221033F822107F
:10BFB000BEF1010F21F4E04121F040014FEA0141BF
:10BFC0004FEA114112D081F0200141F4004141F0CB
:10BFD000800123F8221070BD33F8221021F4804133
:10BFE00021F070010904090C81F4005141F4004171
:10BFF00041F0800123F8221070BD0E69B3F8501093
:10C0000015FA81F1A1F80444B3F8501015FA81F142
:10C01000B1F80644C4F30904A1F80644002E00F068
:10C0200096803E2E00F29D80B1F8064406F0010590
:10C03000A4B205EB560544EA8524A4B2A1F806444F
:10C0400033F822104D040DD533F8221021F4E041CD
:10C0500021F070010904090C41F4404141F08001D4
:10C0600023F82210002AB7D11A8822F4804222F045
:10C0700070021204120C82F4405242F4004242F068
:10C0800080021A8070BD33F822104C040DD533F8AD
:10C09000221021F4E04121F070010904090C41F45F
:10C0A000404141F0800123F8221033F82210490664
:10C0B0000DD533F8221021F4E04121F0700109047C
:10C0C000090C41F4004141F0C00123F8221033F87B
:10C0D0002210BEF1010F21F4E04121F040014FEAAE
:10C0E00001414FEA114118BF81F0200141F40041A4
:10C0F00041F0800123F8221033F8221021F480410E
:10C1000021F070010904090C41F4004141F0800163
:10C1100023F8221070BDB1F802446FEA44446FEA7C
:10C120005444A4B2A1F80244B3F85040A4B234F885
:10C130000C10C1F3090124F80C1034F80C106FEA4C
:10C1400041416FEA514189B224F80C10D1E6B1F8AF
:10C1500006446FEA44446FEA5444A4B2A1F806448A
:10C160006EE7B1F806447509F60608BF05F1FF351C
:10C17000A4B244EA85246FEA44446FEA5444A4B26A
:10C18000A1F806445CE76C09ED0608BF04F1FF3432
:10C19000B1F80254A402A4B2ADB2254345F400455F
:10C1A000A1F80254B3F85050ADB235F80C10C1F3F9
:10C1B000090125F80C1035F80C1021436FEA4141B4
:10C1C0006FEA514189B225F80C1092E648F28004DA
:10C1D000204323F8220033F8220020F4E04020F02E
:10C1E00070000004000C1043044323F82240087B35
:10C1F00008B1012003E60120B9E600BF8F8FFFFFE1
:10C200002DE9F04F4B780C7B012B83B035D0ECB18E
:10C21000CB78022B00F0FD80012B40F087800023BB
:10C220000A788B6130F8223023F4804323F07003C6
:10C230001B041B0C83F4405343F4004343F080037E
:10C2400020F82230002003B0BDE8F08F8A690C7816
:10C25000002A55D1CB78002B40F0F98030F82430FB
:10C2600023F4E04323F070031B041B0C43F401434D
:10C2700043F0800320F82430D1E70E698A694B69C6
:10C28000B24228BF324600F58067002C00F0A8803B
:10C29000CD780C6A022D91F800E04BD0A41A30F84A
:10C2A0002E500C6294B2013415F0400F92B2B0F8E7
:10C2B00050504FEA540400F0D98000F2064616FAB6
:10C2C00085F525F83E204D893D443CB103EB4404FF
:10C2D000ED1A1A885A5302339C42FAD10A7830F880
:10C2E000223023F4E04323F040031B041B0C83F0B3
:10C2F000300343F4004343F0800320F82230A1E7E9
:10C3000030F8243023F4E24323F070031B041B0CA9
:10C3100043F4004343F0800320F824300B699A4231
:10C320007FF67DAFD31A8B610A787BE7012003B0DB
:10C33000BDE8F08FA64200F2024B80F0DF8030F8BB
:10C340002E50A41A25F4E04525F070052D042D0C7F
:10C3500045F4014545F0800520F82E5030F82EC0F8
:10C3600095B201351CF0400F0C62B0F850C04FEA96
:10C3700055051FFA82F800F2064900F08E8019FA7E
:10C380008CFC2CF83E80B1F80A90B94475B19C46FB
:10C39000A9EB030903EB450A0196BCF800602CF8F1
:10C3A00009600CF1020CD445F7D1019E1344A6425A
:10C3B0004B6180F0C880A21A0A62B0F850201BFAC4
:10C3C00082F222F83E800C893C44002D86D003EB9B
:10C3D0004505E41A1A881A5302339D42FAD17DE7C3
:10C3E00095B2CE8801356D083E4492B207D003EB7A
:10C3F0004505F61A1C889C530233AB42FAD1B0F8BB
:10C4000050300C7800F2024515FA83F323F83420FB
:10C4100064E7CB690A78002B3FF404AF30F8223090
:10C4200003F040045B0435D4002C7FF4FBAE30F8FD
:10C43000223023F4E04323F070031B041B0C43F46D
:10C44000004343F0C00320F822300A78EAE630F8CF
:10C45000243023F4E24323F070031B041B0C43F449
:10C46000004343F0800320F82430D8E600F202466F
:10C4700016FA85F525F83E200D893D44002C3FF441
:10C480002DAF03EB4404ED1A1A885A5302339C4231
:10C49000FAD123E7002CCAD1C4E61BFA8CFC2CF895
:10C4A0003E80B1F808A0BA4475B19C46AAEB030AD5
:10C4B00003EB450B0196BCF800602CF80A600CF108
:10C4C000020CDC45F7D1019E1344A6424B6141D2D8
:10C4D000A41AB0F850200C6219FA82F222F83E80B9
:10C4E0004C893C44002D3FF4F9AE03EB4505E41ABA
:10C4F0001A881A530233AB42FAD1EFE6A5B22C46A2
:10C5000030F82E20013422F4E24222F070021204AC
:10C51000120C42F4004242F0800220F82E20B0F8C3
:10C52000502064081BFA82F222F83E500D893D44E7
:10C530003FF4D4AE03EB4404ED1A1A885A53023385
:10C540009C42FAD1CAE6A5B2013500221FFA84F84E
:10C550006D0831E7A5B201351FFA84F86D08002493
:10C56000B7E700BF4B780A788BB130F8223023F45C
:10C57000E04323F040031B041B0C83F0100343F43F
:10C58000004343F0800320F822300020704730F849
:10C59000223023F4804323F070031B041B0C83F42C
:10C5A000805343F4004343F0800320F822300020FE
:10C5B000704700BF4B780A7833B330F822305B06FF
:10C5C0000DD530F8223023F4E04323F070031B0430
:10C5D0001B0C43F4004343F0C00320F82230CB7817
:10C5E000012B0FD030F8223023F4E04323F0400336
:10C5F0001B041B0C83F0200343F4004343F080032F
:10C6000020F822300020704730F822305B040DD52E
:10C6100030F8223023F4E04323F070031B041B0C9A
:10C6200043F4404343F0800320F8223030F82230B6
:10C6300023F4804323F070031B041B0C83F440534A
:10C6400043F4004343F0800320F822300020704779
:10C6500011B98023A0F84C3000207047B0F8440096
:10C6600080B27047013302F580625B08104408D045
:10C670000A4601EB4301801A1388135202328A42A0
:10C68000FAD1704770B502F580625D0800EB0204D4
:10C6900019D06FF001008E1C3246AC46401A20447F
:10C6A000815ABCF1010C89B24FEA112E02F102024B
:10C6B00002F8041C02F803ECF2D1013D023406EB4F
:10C6C000450104EB4504DB0744BF23880B7070BDB4
:10C6D000D0E90023F0B4D0E90267D0E90445D0E9FD
:10C6E0000601B1F1FF3F08BFB0F1FF3F18D1B5F12E
:10C6F000FF3F08BFB4F1FF3F0FD1B7F1FF3F08BFC5
:10C70000B6F1FF3F0FD1F0BCB3F1FF3F08BFB2F16C
:10C71000FF3F14BF0120002070470320F0BC70478A
:10C720000420F0BC70470220F0BC704710B54FF6F3
:10C73000FD7E1F4B0446B3F8E0C000F580330CF1DA
:10C74000FF3292B272454FEAC32008D84FF47832D4
:10C75000184B03EA4C23B2FBF3F203FB020003295C
:10C760004FF0AA324FF0AA3312D0042908D0022980
:10C7700016D000F041FFC0B90F4B00201C7010BD57
:10C78000183000F039FF003818BF0120400010BDFC
:10C79000103000F031FF003818BF0120400010BDFC
:10C7A000083000F029FF0028E6D0022010BD00BFAD
:10C7B0000005FA0B00FE1F00B04C0320F8B504463C
:10C7C00000F052FF002840F0BD804FF6FD73634A31
:10C7D000B2F8E0C00CF1FF3291B2994200F2B080A1
:10C7E0004FF478355E4B03EA4C23B5FBF3F503FBBE
:10C7F00005F5C5F57835ED0A4FF6FD7391B299420E
:10C8000012D999E04FF6FD77544E2846012100F0E9
:10C81000F7FE0135002840F08D80B6F8E0C00CF13D
:10C82000FF3293B2BB4237D84FF478334C4901EA18
:10C830004C21B3FBF1F301FB03F3C3F57833DB0ABF
:10C8400004339D422AD2002CDCD04FF47836B6FB5C
:10C85000F1F01127EB0203F1006301FB003303F554
:10C86000006ED3E90001B1F1FF3F08BFB0F1FF3F17
:10C8700003F1080318BF10279E45F2D1102F47D0AF
:10C880004FF6FD7391B2994205F10105CCD9802D87
:10C8900004D04FF48021DAE7802DB6D100F0E2FE1B
:10C8A0004FF6FD712D4BB3F8E020531E9BB28B4227
:10C8B0004AD84FF478302A4B022103EA4223B0FBD6
:10C8C000F3F003FB00F0C0F57830C00AFFF72EFF4D
:10C8D00000283FD14FF6FD71224A204B1080B3F85B
:10C8E000E020531E9BB28B4236D84FF478331C495C
:10C8F00001EA4222B3FBF2F302FB03F3C3F5783300
:10C90000C3F3C7232021184C184A23701160F8BDC7
:10C910000121284600F074FE60B9104B0135B3F8D0
:10C92000E0C04FF6FD730CF1FF3291B299427FF6F1
:10C930007BAFACE70120F8BD80234FF4802180E776
:10C940007C2559E70E20F8BD7C200221FFF7EEFE82
:10C950000028BFD00220F8BD7C23D3E70005FA0BE6
:10C9600000FE1F00B24C0320B04C03206C010320DA
:10C970004FF6FD71224B2DE9F041B3F8E02082B073
:10C98000531E9BB28B4220D84FF478351D4B03EADF
:10C990004223B5FBF3F503FB05F5C5F57834E40A4E
:10C9A000271D05F1006606EBC420FFF791FE042861
:10C9B0004FEAC42804F102030BD09F4203D805209C
:10C9C00002B0BDE8F0811C46EDE780277C240025FD
:10C9D000E7E7621C9A4206D30221204600F010FECF
:10C9E00048B10120ECE708F108202844FFF770FE69
:10C9F0000428F1D0E3E7019000F034FE0198DFE76E
:10CA00000005FA0B00FE1F002DE9F0474FF6FD74FC
:10CA1000444A454BB2F8E0101E784A1E92B206F521
:10CA20008033A24280464FEAC3234FD84FF478396F
:10CA30003E4C04EA4124B9FBF4F904FB09F94B44E8
:10CA40001846FFF745FE4FF47833B3FBF4F304FBCD
:10CA500003F3C3F57833A6EBD32A0AF1010505F0F9
:10CA6000030505EBD325074605F5803009EBC0200B
:10CA7000DC0AFFF72DFEB8F1010F12D0B8F1020F5A
:10CA80000AD0022F1FD0012F1BD10AF1030A0AF08E
:10CA9000030A0AEB040616E098B92E463046BDE8B4
:10CAA000F087022F17D0012F0BD1214C2368B3F54B
:10CAB000006F08D304282BD003213046FFF736FE41
:10CAC000E0B14FF0FF363046BDE8F0874FF0000987
:10CAD0004FF48024B4E7164C2368B3F5006FF2D30B
:10CAE00004281AD003213046FFF720FE0028E8D1A1
:10CAF00002212846FFF71AFE30B1E2E7012128465D
:10CB0000FFF714FE0028DCD120232E462360C5E762
:10CB1000FFF72EFF0028CFD0D3E7FFF729FF00282B
:10CB2000E0D0CEE70005FA0BB04C032000FE1F005A
:10CB30006C0103202DE9F041074600200E46FFF767
:10CB400063FF431C6DD000F58031CC024FF6FD71C0
:10CB5000354B8046B3F8E020531E9BB28B4208D879
:10CB60004FF47831314B03EA4223B1FBF3F203FB7C
:10CB700002442046FFF7ACFD831EDBB2022B4BD8EC
:10CB80002B4D04F5FF6C04F1180101E08C451CD01D
:10CB9000DCE90023B3F1FF3F08BFB2F1FF3FACF186
:10CBA000080C1FFA82FEF1D0BE45EFD1A86840F014
:10CBB0000100A8602B602F802C68A4B2B4EB124F48
:10CBC000E4D100203360BDE8F0814FF6FD71164BD3
:10CBD000B3F8E020531E9BB28B421FD84FF478313C
:10CBE000124B03EA4223B1FBF3F103FB01F1C1F560
:10CBF0007833DB0A08F10308A8EB030808F0030800
:10CC0000984408F5803301EBC3242046FFF760FD0C
:10CC1000831EDBB2022BB4D90720D4E700217C238A
:10CC2000E8E70320BDE8F0810005FA0B00FE1F00D5
:10CC3000003002404FF6FD72431E9BB2934201D971
:10CC400008207047002310B582B00C4601A901935B
:10CC5000FFF770FF019B236002B010BD70B5064660
:10CC600001200D46FFF7D0FE431C3AD04FF6FD7170
:10CC70001D4B00F5803CB3F8E0204FEACC2C531E4E
:10CC80009BB28B4227D84FF47830184B03EA4223EB
:10CC9000B0FBF3F003FB00F0CDB1154CA36843F0FB
:10CCA0000103A3602560268022681204114C2B46E4
:10CCB000216832438C44604400F09EFC78B90E49F0
:10CCC00022680B880832013322600B8070BD002E71
:10CCD000E3D13246EAE70020002DDED1F7E702205B
:10CCE00070BD032070BD00BF0005FA0B00FE1F00E1
:10CCF000003002406C010320B24C03202DE9F04FBC
:10CD0000002785B0CDE90001C2F10200C0B214468F
:10CD10000397FFF779FE431C00F068812023BB4A8C
:10CD2000BB4D1070BB4A06462F801360002C00F0EC
:10CD300042814FF6FD71B84BB3F8E020531E9BB211
:10CD40008B4200F23F814FF47833B44901EA42222A
:10CD5000B3FBF2F302FB03F31A46C3F57833DB0AA5
:10CD60000336F61A06F003061E4406F5803002EB81
:10CD7000C020FFF7ADFC022800F08680042800F0F8
:10CD80008980012C40F0DB80032840F0D8809F4B45
:10CD90002C881E789F4B4FF0000B1A6804F1FC039F
:10CDA000C2EBC62C0CF1006C4FF6FD7A9B4F0CF1D8
:10CDB000200C1FFA83FE09E01FFA89F474454FF036
:10CDC000010B2C8002F1080200F01981924BB3F89C
:10CDD000E03003F1FF381FFA88F1514598BF4FF456
:10CDE000783107EA432996BFB1FBF9F0002009FB2F
:10CDF00000F00CEB02010144D1E90001B1F1FF3F69
:10CE000008BFB0F1FF3F04F10109D5D14146BBF1A4
:10CE1000000F01D07F4802604FF6FD77DFF8FC81FC
:10CE200089B204F57C7AB942DFF8EC911FFA8AFAEC
:10CE300008EA432325D84FF47830B0FBF3F003FB26
:10CE400000F0C0F57832D20AC2F10303334403F094
:10CE500003039E1806F5803300EBC320FFF738FC70
:10CE6000032804F1FC0340F0C8809CB254452C8098
:10CE700078D0B9F8E030591E89B2B94208EA4323A4
:10CE8000D9D97C220020DFE704213046FFF74EFC91
:10CE900000285ED14FF6FD715F4BB3F8E020531EC2
:10CEA0009BB28B4200F2A6804FF478335B4901EAD3
:10CEB0004222B3FBF2F302FB03F31A46C3F57833C5
:10CEC000DB0A06F10309A9EB030909F003099944F8
:10CED00009F5803002EBC020FFF7FAFBC31EDBB27E
:10CEE000012B3AD84C4F4D4E1AE04FF47833B3FB38
:10CEF000F1F301FB03F31846C3F57833DB0A09F1BC
:10CF00000309A9EB030909F00309994409F58033E2
:10CF100000EBC320FFF7DCFBC31EDBB2012B1CD8E8
:10CF2000032810D04FF6FD72B7F8E03006EA43212F
:10CF3000013B9BB29342D8D900207C23DFE70A2033
:10CF400005B0BDE8F08F04214846FFF7EFFB00284D
:10CF5000E8D0022005B0BDE8F08F012CB5F800A0A4
:10CF60003FF415AFBAF5FC7FF3D2DDE90001FFF71E
:10CF700075FE0028EDD12C88022C26D80124009FB4
:10CF80000CE02B88B3F5FC7F2CD230460399FFF7D9
:10CF900065FE0028D4D10134FB2C19D0BC42A6B2C6
:10CFA000F9D0304603A9FFF7C5FD0028E9D00728CE
:10CFB000F1D00320C4E70121FFF7B8FB00283FF4BC
:10CFC000B8AEC6E700227C23CAE6023CFA2CD6D9CA
:10CFD0000E4B02211878FFF7A9FB0028B9D14FF4B6
:10CFE0008070ADE7122005B0BDE8F08F042005B0D9
:10CFF000BDE8F08F00227C2363E7A246B2E7054B31
:10D000001A60054BB3F8E030591E05E7B04C032019
:10D01000B24C03206C0103200005FA0B00FE1F0038
:10D020002DE9F04F89B0064600F01EFB002840F0C5
:10D03000D281074648F2050001244FF6FD71C04B2E
:10D040009A6C42F480529A649B6CBE4A03F48053FB
:10D050000793079B50619368BB4823F0180343F084
:10D0600008039360B94B0470B3F8E020531E9BB2E1
:10D070008B4200F242814FF4783AB54B03EA4223E7
:10D08000BAFBF3FA03FB0AF3C3F57834E40A03931B
:10D0900004F58033049304F10408A446039AAD49CF
:10D0A00002F5006202EBC3224FEAC32EA2F5006331
:10D0B0000B60F3E802AB9A42FAD10CF1010CC445C3
:10D0C00002F50062F2D3039B4FF0000C0EEB030B52
:10D0D0005B46E1466546A3469A46CDE901CC80F819
:10D0E00000C05046FFF7F4FA421ED2B2012A40F2C5
:10D0F0000B81032807D1019BCDF808B0002B08BF96
:10D10000D946013301930BF1010BC3450AF5006ABF
:10D11000E7D3002D00F064814FF6FD718B4BB3F81F
:10D12000E020531E9BB28B4200F2E481884B03EA5D
:10D1300042234FF47832B2FBF3F203FB02FBCBF550
:10D1400078334FEAD32909F58035294609F1040AD5
:10D150004FF0030803964C464646884609F1020301
:10D160000BEBC52501932846FFF7B2FA012800F022
:10D17000FB800134544505F5006506F10106F2D344
:10D180000023039E01934FF6FD71704BB3F8E0202E
:10D19000531E9BB28B4200F2A5814FF4783C6C4B3E
:10D1A00003EA4223BCFBF3FC03FB0CFCCCF5783513
:10D1B000ED0A05F58034224605F104084FF0000918
:10D1C0000CEBC424CA46A346039704964F46164662
:10D1D000A94664465846FFF77BFA022800F096807D
:10D1E000032808BFCDF80890791C01EB0509C1455B
:10D1F0000F460BF5006BEDD3DDE903765346002BAC
:10D2000000F08681544D002220202B78DFF85481D5
:10D210004FEAC32C0293514B4FF6FD7B9646DFF845
:10D220002CA1DFF82C910CF1006CA8F800201860FC
:10D2300008E00830B0F5006F4FF0010EA8F80020AC
:10D2400000F08381BAF8E0300132591E8DB25D459D
:10D2500098BF4FF4783509EA432496BFB5FBF4F53F
:10D26000002565430CEB00042C44D4E90045B5F1DE
:10D27000FF3F08BFB4F1FF3F92B2DAD1BEF1000F19
:10D2800001D0364A10604FF6FD750A46DDF808A059
:10D290002F4CDFF8B89028E04FF47831B1FBF3F170
:10D2A00003FB01F1C1F57832D20A0AF103039B1A9C
:10D2B000924503F0030302F1020000F0B3805045F1
:10D2C00000F0B08003EB020A0AF5803001EBC020C9
:10D2D000FFF7FEF9032840F01681B8F80030FC3360
:10D2E000A8F80030B9F8E0305A1E92B2AA4204EA17
:10D2F0004323D1D97C220021D7E7194B4FF0800876
:10D300007C2404930397C8E60135FCE6A94549D07F
:10D31000022F47D0F81C00F00300304404EBC0207B
:10D32000FFF7D6F903287FF45FAFBAF1000F40F0A2
:10D33000EA80094A4FF0010A791C82F8009054E70C
:10D340000010024000300240A84C03200005FA0BF8
:10D3500000FE1F00AC4C0320B04C03206C010320E6
:10D360007C000100B24C03204C4528D0019BA34215
:10D3700025D006F0030040440BEBC020FFF7A8F9CE
:10D3800003287FF4F6AE0021744D01220846039E67
:10D390002C70FFF7B3FCB0F5807F40F0DD800123F7
:10D3A0000193F0E6791C01F00300304404EBC02047
:10D3B0000591FFF78DF90028B7D0059915E7B01E44
:10D3C00000F0030040440BEBC020FFF781F9002878
:10D3D0007FF4CFAED7E70E27384609B0BDE8F08F0F
:10D3E000019B002B00F0AB80C4F10300049B484478
:10D3F00000F003001844039B03EBC020FFF768F91B
:10D4000004287FF489AE029BC4F10100184400F0A7
:10D41000030001212044FFF789F900283FF47CAE86
:10D420000227D9E7029D0135AD1A05F00305154421
:10D4300005F58033AA4501EBC32127D0484C002EC7
:10D4400037D10121284600F0DBF8002872D14FF6D1
:10D45000FD71B4F8E020531E9BB28B423FD84FF4CD
:10D460007831404B03EA4223B1FBF3F103FB01F1B6
:10D47000C1F57833DB0A0135ED1A05F003051D44CB
:10D4800005F58033AA4501EBC321D8D100F0EAF8B5
:10D49000019B002BA0D1B8F80030B3F5FC7F9BD2E4
:10D4A00001990846FFF7DAFB071E18BF01277F0026
:10D4B00092E74FF0110C01F50060D1E90023B3F1C0
:10D4C000FF3F08BFB2F1FF3F01F1080118BF4FF065
:10D4D000100C8142F1D1BCF1100FB8D1B1E700219D
:10D4E0007C23C8E7204A4FF080087C254FF0000CD1
:10D4F000144663E61C494FF0800A4FF07C094FF058
:10D50000000B0D4624E60A27384609B0BDE8F08F27
:10D51000EDB2029AC5F10103134403F003031D4465
:10D52000E8B20E4D02212870FFF700F900283FF401
:10D530006AAE75E70127384609B0BDE8F08F01985B
:10D5400009B0BDE8F04FFFF739B9084B1860044B3C
:10D55000B3F8E030591E96E60C273DE7B04C0320A7
:10D560000005FA0B00FE1F007C0001006C01032087
:10D570004FF6FD72431E9BB2934201D908207047BB
:10D58000044B1B88B3F5FC7F01D2FFF767BB002279
:10D59000FFF7B4BBB24C0320134B144A196CB2F81A
:10D5A000E02011F4801F02F1FF334FF6FD719BB2B2
:10D5B0000CD18B4297BF0E4B0E4B03EA422303F173
:10D5C000006383428CBF0120022070478B4297BFCB
:10D5D000074B084B03EA422303F1006383428CBFED
:10D5E00002200120704700BF002002400005FA0B16
:10D5F00000FE1F000000040801460120FAF736BCB7
:10D600004FF6FD7C70B50026144B0446B3F8E020BD
:10D6100086B0531E9BB200F5803063450D460196DF
:10D620004FEAC02008D80E4B03EA42234FF4783269
:10D63000B2FBF3F203FB0200FFF7AEFF0222034648
:10D6400001A902A8CDE9033405950292FAF722FE5A
:10D65000003818BF012006B070BD00BF0005FA0BEE
:10D6600000FE1F00704700BFFF2300B58BB001A86C
:10D670000293FAF779FD079B13F4800F0CBF0E207D
:10D6800000200BB000BD00BFD0F8B8320BB11B6852
:10D6900018470320704700BF08B5D0F8B8320BB167
:10D6A0005B689847002008BD38B5044600F2AA25FB
:10D6B000284600F091FB012294F8AA12B4F8B03287
:10D6C000C029C4F89422C4F898320DD001F01F0389
:10D6D000012B1BD0022B13D063B12046BDE838408C
:10D6E00001F0800103F010B92046BDE838408021E8
:10D6F00003F00AB929462046BDE8384000F0F6B8E4
:10D7000029462046BDE8384000F0C8BA29462046E0
:10D71000BDE8384000F08CBA70B5044631B9134604
:10D72000D0F89422032A0DD0002070BD90F89C32CE
:10D73000032BF9D1D0F8B8329B69002BF4D0BDE8A7
:10D7400070401847D0E95752954208D890F89C325B
:10D75000032B0ED0204600F06DFB002070BDAD1AEB
:10D76000AA4228BF2A461946C0F85C5100F058FB6F
:10D77000DAE7D0F8B8321B69002BEBD09847E9E71D
:10D7800070B5044649B9D0F89432022B11D094F800
:10D79000A032012B22D0002070BD90F89C32032BC8
:10D7A000F9D1D0F8B8325B69002BF4D0BDE87040F5
:10D7B0001847D0E90736B3420D4614D820D094F864
:10D7C0009C32032B2FD08021204603F09DF8204669
:10D7D00000F03CFB94F8A032012BDCD1002384F84C
:10D7E000A032002070BD9B1B1146C3611A4600F099
:10D7F0000DFB2B462A462946204603F0C9F8C6E70A
:10D8000082699342DBD8D0F898329A42D7D20A463E
:10D8100000F0FCFA2B462A4629462046C4F89852C6
:10D8200003F0B6F8B3E7D4F8B832DB68002BCAD0FF
:10D8300020469847C7E700BF00210122D0F8B83240
:10D8400080F89C224160C0F89412C0F8A412EBB199
:10D85000D0F8BC2270B5044612B15B6803B198479A
:10D8600000224025012611464023204603F03EF8C1
:10D87000002280212B462046A4F86461C4F8605140
:10D8800003F034F80020A684256270BD03207047A1
:10D8900003460020197470470346042193F89C2224
:10D8A0000020D2B283F89D2283F89C12704700BFFB
:10D8B00090F89C32042B04D190F89D32DBB280F8B2
:10D8C0009C320020704700BFD0F8B82262B108B582
:10D8D00090F89C32032B01D0002008BDD369002BA7
:10D8E000FAD09847002008BD0320704730B50B7868
:10D8F0000D4603F06003202B044683B028D0402B54
:10D9000026D05BB18021204602F0FEFF0021204698
:10D9100002F0FAFF0025284603B030BD4B78092BF2
:10D92000F0D801A252F823F09BD90008C3D900080F
:10D9300005D90008E1D9000805D90008E9D900088F
:10D9400023DA000805D9000859DA000863D900086D
:10D9500029462046D4F8B8329B6803B0BDE8304071
:10D9600018478978B14D0129297000F23B8190F860
:10D970009C32022BDAB200F01D81032A00F0FA80FB
:10D98000802102F0C1FF0021204602F0BDFF2046A9
:10D990002978FFF781FE0325BDE790F89C32013B13
:10D9A000022BAFD8CA88022AACD1D0F8A4320146E3
:10D9B000003B18BF01235B0041F80C3F00F018FA50
:10D9C000A8E790F89C32013B022B9BD84B88012B97
:10D9D000A0D100232046C4F8A43200F02BFA99E726
:10D9E0004B88012B96D1F5E78B88002B8AD1CB8809
:10D9F000002B87D14B887F2B84D890F89C22032A58
:10DA000080D0DDB2294680F89E5202F0A9FF204660
:10DA100000F010FA002D00F0FB80022384F89C3205
:10DA200078E700216A88ADF80610130A013B062B3F
:10DA30003FF668AF01A151F823F000BFEDDA00080E
:10DA4000D3DA0008FDDA000805D9000805D9000876
:10DA5000BDDA000881DA0008CA88012A7FF452AFD3
:10DA600090F89C32022BD9B200F2B58000293FF425
:10DA700049AF0146002341F8083F00F0B9F949E7F2
:10DA8000037C002B7FF43EAFD0F8B8320DF10600D6
:10DA90001B6B984707234370EB88002B66D0BDF8BB
:10DAA0000620002A3FF42EAF9A4228BF1A460146AC
:10DAB0002046ADF8062000F09BF92BE7037C002BF5
:10DAC0007FF420AFD0F8B8320DF106005B6B9847B9
:10DAD000E2E7027CD0F8B832002A40F08B809B6AE3
:10DAE0000DF10600984702234370D5E7D0F8B43211
:10DAF0000DF106011B68007C9847CDE7D1B20529DE
:10DB000000F28A80DFE801F026201A140E03D0F814
:10DB1000B4329B69002B3FF4F5AE207C0DF1060179
:10DB20009847B9E7D0F8B4325B69002BF5D1E9E644
:10DB3000D0F8B4321B69002BEFD1E3E6D0F8B43251
:10DB4000DB68002BE9D1DDE6D0F8B4329B68002B0E
:10DB5000E3D1D7E6D0F8B4325B68002BDDD1D1E653
:10DB60000223416080F89C32FFF796FD204600F0CA
:10DB700061F9CFE60029F3D041680129F6D0C9B296
:10DB8000FFF78AFD297820466160FFF77DFD054695
:10DB90000028EBD08021204602F0B6FE002120466E
:10DBA00002F0B2FE20462179FFF776FD022384F8C9
:10DBB0009C32B0E60029D9D001214160FFF764FD15
:10DBC0000546F0B18021204602F09EFE002120464D
:10DBD00002F09AFE9FE603297FF494AE011D00F047
:10DBE00007F997E6802102F08FFE0021204602F01F
:10DBF0008BFED0E6DB6A0DF10600984702234370E6
:10DC00004AE7204600F016F9032384F89C3281E6A7
:10DC1000012384F89C327DE6D0F8B8329B6B002B50
:10DC20003FF470AE0DF10602984735E7B44C03207F
:10DC300038B50B780D465A0604460DD503F0600240
:10DC4000402A09D0802102F05FFE0021204602F028
:10DC50005BFE0025284638BD94F89C32013B022B20
:10DC600012D82B79032B0FD8D4F8B83229469B68E9
:10DC700020469847EB880546002BEBD10028E9D1D8
:10DC8000204600F0D7F8E5E78021204602F03CFE70
:10DC90000021204602F038FEDBE700BF70B50B78AC
:10DCA0000D4603F06003202B04464CD0402B4AD095
:10DCB0004BB18021204602F027FE0021204602F0D1
:10DCC00023FE002070BD6B788A88012BD1B22BD047
:10DCD000032B40D0002BECD190F89C32022BD8B211
:10DCE00053D00328E5D101F00F0303EB83031206A1
:10DCF00004EB830358D4B3F86431002BD9D001EB83
:10DD0000810504EB850505F5AA75002958D0204644
:10DD100002F012FE002859D001232B60022229466E
:10DD2000204600F065F8CCE790F89C32022BDAB27E
:10DD300022D0032ABDD16B88002BC2D14E0642D11E
:10DD4000204600F077F8D4F8B83229462046BDE8DE
:10DD500070409B68184790F89C32022BDAB20BD0C7
:10DD6000032AA6D16B881BB94A0601D0EB887BB386
:10DD7000204600F05FF8A4E74B069AD002F0C4FDFD
:10DD80008021204602F0C0FD9BE7480691D1002388
:10DD900011064CBF04F1140104F5AA7102222046B9
:10DDA0000B6000F025F88CE79B8C002B81D001F0F4
:10DDB0007F05013505EB8505802904EB8505A6D196
:10DDC00000232B60AAE702F0ABFDB9E72860A5E7C6
:10DDD00002F09AFDCCE700BF0B7803704B784370DC
:10DDE0004B8843808B888380CB88C380704700BF7B
:10DDF00010B5134602240A46C0E906330021C0F8D4
:10DE0000944202F0B9FD002010BD00BF8C4608B559
:10DE100000211346624602F0AFFD002008BD00BF9E
:10DE20008C4608B500211346624602F0B1FD002081
:10DE300008BD00BF002310B504241A461946C0F8D7
:10DE4000944202F099FD002010BD00BF002310B5E0
:10DE500005241A461946C0F8944202F099FD0020A4
:10DE600010BD00BF08B54FF0E0231B6901F00EFDA7
:10DE7000012800D108BDBDE8084002F05BBA00BF30
:10DE800008B5EFF3058313B16FF0050008BD01F08D
:10DE9000FDFC012807D0EFF31083002BF4D1EFF342
:10DEA0001183002BF0D101F0F1FC0128034604D1CD
:10DEB000034A106808B9136008BD4FF0FF3008BD71
:10DEC000105A0320EFF3058313B16FF0050070477C
:10DED00010B501F0DBFC012809D0EFF3108313B17A
:10DEE0006FF0050010BDEFF31183002BF8D101F0A6
:10DEF000CDFC01280CD1084B1A68012A08D1002456
:10DF000002220649CC771A6001F0C0FA204610BD03
:10DF10004FF0FF3010BD00BF105A032000ED00E0AD
:10DF2000F0B5002587B014460595EFF3058212B1D0
:10DF3000002007B0F0BD07460E4601F0A7FC0128FF
:10DF400009D0EFF3108313B1059807B0F0BDEFF3DC
:10DF50001183002BF8D1002FF6D00CB3A569DDB9E1
:10DF600018256368DB07E3D463693BB39A08A068AC
:10DF7000D4F800C0E16820B3AB29E5D921690029B4
:10DF8000E2D0002BE0D0CDE901103346614638469F
:10DF9000009501F045F9CCE76B1E372BE1D9C7E7B7
:10DFA0004FF480721825214605AC3346384600955B
:10DFB000019401F069F90128BAD1C5E74FF48072E4
:10DFC000D5E70029C0D12369002BBDD1644692B2A8
:10DFD000E9E700BFEFF3058313B16FF00500704769
:10DFE00010B5044601F052FC012809D0EFF310836C
:10DFF00013B16FF0050010BDEFF31183002BF8D1C2
:10E000000CB9002010BD204601F022FAF9E700BF4C
:10E010004FF4807330B4034D034C05600C60136003
:10E0200030BC704764590320645503204FF40073DB
:10E0300030B4034D034C05600C60136030BC704776
:10E04000B8540320B84C03204FF0FF31002200F1F8
:10E050000803C0E90131C0E903330260704700BF23
:10E0600000230361704700BF4268036810B49468DE
:10E070000133C1E90124616091605DF8044B0861DE
:10E080000360704730B40D686B1C10D000F10803BA
:10E090001C465B681A68AA42FAD902684B600132D2
:10E0A00099608C606160086130BC026070470469EF
:10E0B0006368F2E7036910B4D0E901125C688A6012
:10E0C00051600021844208BF5A601A680161013A18
:10E0D0001A6018685DF8044B704700BF70B51646AB
:10E0E000026C0446856B2AB9066801354EB31046AA
:10E0F000A56370BD8EB9406802F0EEFC6368216CC8
:10E10000A2680B449342636028BF236805F10105B0
:10E1100028BF63600020A56370BDC06802F0DCFC0E
:10E12000226CE36851429B1A2268E360934202D258
:10E13000A3680B44E360022E08D001350020A563DC
:10E1400070BD806801F0FAFBA660D1E7012D38BFF1
:10E150000125DFE770B5054602F0CAF895F84530AD
:10E160005CB2002C14DD05F1240603E0631EDAB274
:10E170005CB26AB16B6A5BB1304601F0B5FA002857
:10E18000F4D001F077FB631EDAB25CB2002AF1D161
:10E19000FF2385F8453002F0B9F802F0A9F895F8A8
:10E1A00044305CB2002C14DD05F1100603E0631E60
:10E1B000DAB25CB26AB12B695BB1304601F094FA15
:10E1C0000028F4D001F056FB631EDAB25CB2002ADC
:10E1D000F1D1FF2385F84430BDE8704002F096B8D5
:10E1E00070B568B3C56B0446F5B1026CA2FB05259A
:10E1F000D5B90E4602F07CF8D4E90F30FF2100FBC0
:10E2000003F32268181A626013440244A563C4E948
:10E21000023284F8441084F8451046B9236993B952
:10E2200002F074F8012070BD02F0B4F9FEE704F1C9
:10E230001000FFF709FF04F12400FFF705FFEFE7E7
:10E2400002F0A8F9FEE704F1100001F04DFA0028F1
:10E25000E6D002F041F8E3E770B582B09DF81860AF
:10E2600033B3054650B11C465AB139B1502301931E
:10E27000019B502B0DD002F08DF9FEE702F08AF9D8
:10E28000FEE70029FAD150230193019B502BF2D1D4
:10E290002246C4E90F5101212046226084F846102D
:10E2A000019BFFF79DFF204684F84C6002B070BDD3
:10E2B00002F070F9FEE700BFF0B585B001920028CA
:10E2C00000F0878004460E461D46002961D0022DCD
:10E2D00002D1E36B012B6FD101F0D8FA00284ED0A8
:10E2E00002F006F8A26BE36B9A4258D3022D56D087
:10E2F000002007460DE002F009F82046FFF72AFF4C
:10E3000001F01CF901F0F4FFA26BE36B01209A42CB
:10E3100045D3019B002B5FD0002836D001F0F6FFDB
:10E3200001F004F901F0E4FF94F84430FF2B08BF3A
:10E3300084F8447094F84500FF2808BF84F84570BD
:10E3400001F0E4FF01A902A801F05CFA002848D11D
:10E3500001F0CEFFA26BE36B9A42CCD101F0D6FF65
:10E36000019904F1100001F07FF92046FFF7F2FE59
:10E3700001F0E4F80028C5D101F0AEFFC2E7019B2F
:10E38000002BADD002F006F9FEE702A801F02EFA4C
:10E39000C4E7036C002B9AD002F0FCF8FEE72A4693
:10E3A00031462046FFF79AFE636A5BB938B901F03F
:10E3B000ADFF012005B0F0BD02F0ECF8FEE701F082
:10E3C0008BFFF4E704F1240001F08EF90028EED071
:10E3D000F5E702F0DFF8FEE701F098FF002005B056
:10E3E000F0BD2046FFF7B6FE01F0A8F8F6E700BF43
:10E3F00070B582B011B350230193019B502B1AD1F9
:10E400000C46002601210546C4E90F1684F8461083
:10E4100020462460019BFFF7E3FE33463246314637
:10E42000204684F84C50A6602660E660FFF744FF63
:10E43000204602B070BD02F0ADF8FEE702F0AAF887
:10E44000FEE700BFF0B585B0019200286BD004460E
:10E450000E4600295BD001F019FA00285DD001F0CA
:10E4600047FFA56B002D61D1019B002B42D002A874
:10E4700001F0BCF92F4601F049FF01F057F801F017
:10E4800037FF94F84430FF2B08BF84F8447094F8A9
:10E490004530FF2B08BF84F8457001F037FF01A914
:10E4A00002A801F0AFF998B901F022FFA36B33BBCA
:10E4B00001F02CFF019904F1240001F0D5F8204669
:10E4C000FFF748FE01F03AF868B901F005FF0AE0ED
:10E4D0002046FFF73FFE01F031F801F009FFA36B82
:10E4E00043B101F013FF01F003FFA56BF5B9019BE8
:10E4F000002BC0D101F00AFF002005B0F0BD01F0F3
:10E5000005FF2046FFF726FE01F018F8EBE7036C45
:10E51000002BA0D002F03EF8FEE7019B002B9ED01E
:10E5200002F038F8FEE702F035F8FEE7226C5AB147
:10E53000E168A36811449942E16028BF2168304630
:10E5400028BFE16002F0C8FA013DA56323691BB949
:10E5500001F0DCFE0120D0E704F1100001F0C4F866
:10E560000028F5D001F0B8FEF2E700BFF0B585B0A5
:10E570000191002878D0036C0446002B3FD101F0B4
:10E5800085F910B9019B002B6BD101F0B1FEA56B91
:10E59000002D7AD1019B002B60D002A801F026F952
:10E5A0002E462F4601F0B2FE00F0C0FF01F0A0FEA3
:10E5B00094F84430FF2B08BF84F8447094F8453039
:10E5C000FF2B08BF84F8457001F0A0FE01A902A846
:10E5D00001F018F9B0B901F08BFEA36B23B301F081
:10E5E00095FE2046FFF7B6FD00F0A8FF01F080FE83
:10E5F000A56B002D49D1019B002BD3D12EE001F05A
:10E60000C9FFFEE72046FFF7A5FD00F097FF01F0E8
:10E610006FFEA36B2BB901F079FEC6B9002005B0DF
:10E62000F0BD01F073FEE1E701F070FE23681BB35B
:10E63000019904F1240001F017F82046FFF78AFD44
:10E6400000F07CFF0028D1D101F046FECEE701F0BA
:10E650004FFE616A59B9A06801F0B8F901F056FEA1
:10E66000DCE701F097FFFEE701F094FFFEE7236B84
:10E670001968C1F13801EEE701F03AFEA06801F037
:10E6800015F9064601F042FED2E72368013DA56375
:10E6900073B123691BB901F039FE0120BFE704F112
:10E6A000100001F021F80028F5D001F015FEF2E786
:10E6B00001F0DAF9A060ECE738B500B3A1B1124C73
:10E6C0006268234682421DD0A44600221D680132A2
:10E6D00008337DB1082A07D05D689C46A842F5D171
:10E6E00004EBC20CCCE9001038BD5D68A842F7D03D
:10E6F00001320833082AF8D1CCE90010F4E701F020
:10E7000049FFFEE70022EBE7185A032070B50446E4
:10E710000E46154601F0ECFD94F84430FF2B04BF83
:10E72000002384F8443094F84530FF2B04BF0023C5
:10E7300084F8453001F0EAFDA36B23B12046BDE823
:10E740007040FFF707BD04F124002A46314600F06F
:10E750009FFF2046BDE87040FFF7FCBC2DE9F84361
:10E760001C4683681646A3EB04089045474628BF1D
:10E770001746E219934202D201F00CFFFEE705466C
:10E7800080693A462044894602F0A6F9B0450BD28A
:10E79000AB68F21B9A4202D901F0FCFEFEE7A869C1
:10E7A00009EB070102F098F9AB68A019984228BF5D
:10E7B000C01ABDE8F88300BF2DE9F0411C460B46A6
:10E7C00081681546A1EB04089045474628BF1746C7
:10E7D000E219914202D201F0DDFEFEE781690646B0
:10E7E0003A461846214402F077F9A84506D3B368A3
:10E7F0006019984228BFC01ABDE8F081B169384459
:10E80000EA1B02F069F9F2E7F0B51646027F1C46F2
:10E81000D20705460F46036883B006D4B44228BF2A
:10E8200034467CB9204603B0F0BD04220DEB020152
:10E83000FFF7C2FF019A034696420CD200242046FD
:10E8400003B0F0BD224639462846FFF7B5FF2860E1
:10E85000204603B0F0BD1646043CDFE7F0B516468F
:10E86000027F1C46D20705460F46436883B007D592
:10E87000089A0196944211D20024204603B0F0BDBC
:10E88000B44228BF3446002CF7D0224639462846E9
:10E89000FFF764FF6860204603B0F0BD04220DEB73
:10E8A0000201FFF75BFF34460346002CE5D0ECE79E
:10E8B0002DE9F04182B0CBB11D46089BE3B1814206
:10E8C00004460E460FD8002A0CBF4FF002084FF046
:10E8D000030804280DD924230193019F9F420ED0E1
:10E8E00001F058FEFEE701F055FEFEE701F052FE92
:10E8F000FEE701F04FFEFEE701F04CFEFEE70246A8
:10E900005521284602F05CF8854202D001F042FE13
:10E91000FEE73A460021089802F052F8089B012EC3
:10E9200038BF012618469D619C6083F81C80DE601C
:10E9300002B0BDE8F08100BF38B568B185680268F3
:10E940000168446803689A42F9D168180138001BCD
:10E95000854298BF401B38BD01F01CFEFEE700BF9A
:10E9600008B540B1826843680168D018401A8242F5
:10E9700098BF801A08BD01F00DFEFEE72DE9F043B7
:10E9800087B00393002900F084800446002800F03B
:10E990008380037F8568DB0717460E4605F1FF324B
:10E9A0005ED4BA4228BF3A469046039B002B33D030
:10E9B00004A800F005FF01F09BFCA1682068256811
:10E9C000626823689842F9D10D44013DAD1AA9420D
:10E9D00098BF6D1AA84565D90021084601F06CFA68
:10E9E000D4F81490B9F1000F5FD100F049FF6061D5
:10E9F00001F08CFC039A494600924B464A46484631
:10EA000001F074F803A904A8C4F8149000F0FAFE09
:10EA10000028D0D05DB9A5682268216860682368A5
:10EA20009A42F9D14B1E1B1A5D1938BF1D462B4661
:10EA30003A4631462046CDF80080FFF70FFF0546E5
:10EA400050B1A2686368216813445B1A9A4298BF68
:10EA50009B1AE2689A420CD9284607B0BDE8F083B9
:10EA600007F1040847451AD242459ED2002303937A
:10EA7000D2E700F05BFD236943B1002620693346ED
:10EA800032463146009601F07DF8266100F056FDD1
:10EA9000E2E701F07FFDFEE701F07CFDFEE701F01B
:10EAA00079FDFEE701F032FCB4E701F073FDFEE70B
:10EAB000F0B583B0002942D00446002842D01F465A
:10EAC00090F81CC0D0F808E00CF0010C02EB8C0CA4
:10EAD00025682668636820688542F9D17644013E3E
:10EAE000F31A9E45204698BFA3EB0E03CDF800C055
:10EAF000FFF7B4FE054650B1A2686368216813446D
:10EB00005B1A9A4298BF9B1AE2689A4202D9284639
:10EB100003B0F0BD01F03EFD236906464BB120690C
:10EB2000019700273B463A463946009701F0AAF87C
:10EB30002761304601F03AFD284603B0F0BD01F0F0
:10EB400029FDFEE701F026FDFEE700BF2DE9F043B9
:10EB500083B0002949D00446002849D0077F0E46DB
:10EB600007F0010790469946BF0073B9A36865682E
:10EB700022681D44AD1AAB4298BFED1ABD4212D8AF
:10EB80000025284603B0BDE8F08301F0B1FBA3687F
:10EB9000656822681D44AD1AAB4298BFED1ABD42AC
:10EBA0001AD901F0B3FB2B46424631462046FFF707
:10EBB0002BFE05460028E3D000F0B8FC636943B1A2
:10EBC00000266069334632463146009600F0DAFF8F
:10EBD000666100F0B3FCD4E70021084601F06CF94F
:10EBE000256945B101F0D6FCFEE701F0D3FCFEE754
:10EBF00001F0D0FCFEE700F043FE206101F086FB4F
:10EC00002B462A4629462846CDF8009000F06EFF94
:10EC10002561ABE72DE9F041054601F069FB374A74
:10EC2000374F1368013313603B68002B35D0354CE8
:10EC3000EB6A226852B3344E344935480A6805F10C
:10EC4000040C01326A640A6002689A4238BF0360A9
:10EC500003EB830306EB830041689B00A960F25835
:10EC6000D1F808E00132C5F80CE0CEF804C0C1F8D4
:10EC700008C06861F25001F049FB236823B13A688B
:10EC8000EB6AD26A9A4210D3BDE8F0813A681E4E10
:10EC9000D26A9A4298BF3D60CEE73D601368012B6F
:10ECA00007D0EB6A184E174CC6E7BDE8F04101F0FB
:10ECB00013BB154E344606F58C6820461434FFF716
:10ECC000C3F94445F9D1DFF86480124C4046FFF7A0
:10ECD000BBF92046FFF7B8F90F48FFF7B5F90F4821
:10ECE000FFF7B2F90E48FFF7AFF90E4BC3F80080FB
:10ECF0000D4B1C60EB6A034C9EE700BF885A032053
:10ED00005C5F03207C5A0320FC5A03206C5A0320CA
:10ED1000805A0320D45A0320B85A0320A45A03204F
:10ED20008C5A0320D05A0320CC5A0320E85A0320DF
:10ED3000F8B50446214B224E1D6830680F4604305A
:10ED4000FFF7B8F9631C17D033682D195D600BD23B
:10ED50001C4B186831680431FFF794F91A4B1A6894
:10ED6000AA4200D91D60F8BD184B18683168BDE88B
:10ED7000F8400431FFF786B96FB933686A1E5A60EC
:10ED8000002DF1D10F4B186831680431FFF77AF983
:10ED90000D4B1B68F8BD0E4B31685A6837688A60A6
:10EDA0003068316835681C68043001341C60946830
:10EDB0000431FC60606091606B61F8BD845A03208F
:10EDC0005C5F0320D05A0320685A0320CC5A0320EA
:10EDD0008C5A03202DE9F0478A460A9C9500074685
:10EDE000A5212A46206B9846089E01F0E9FDD4F83B
:10EDF0003090BAF1000F0FD00AF1FF3C0AF10F0179
:10EE000004F1330E1CF8012F0EF8012F0AB18C45C6
:10EE1000F8D1002384F84330372E02D901F0BAFB31
:10EE2000FEE7E662E664201DFFF71AF9C6F1380630
:10EE300004F11800FFF714F94C220021A6612461A7
:10EE4000646204F1580001F0BBFD0B49043D01F17F
:10EE50006803E16509EB0500D0312366616643462E
:10EE60003A46216B20F0070001F092FA099B2060DE
:10EE700003B11C60BDE8F087B478032080B51E4D57
:10EE8000DFF884801D4E1E4F1E4C2B684BB301F0E3
:10EE90002FFAD8F80C30D3F80C9009F10400FFF7E2
:10EEA00009F93368013B33602B68013B2B6001F0AB
:10EEB0002DFA3868583001F08BFD99F8A93033B13C
:10EEC000012B14D0022BE0D001F064FBFEE7D9F84F
:10EED000300001F077FC484601F074FC2B68002BF1
:10EEE000D5D12368012BD0D901F0F6F9CDE74846FA
:10EEF00001F068FCC9E700BFA05A0320885A03202C
:10EF00005C5F0320FC5A0320A45A03202DE9F04F34
:10EF1000604B83B01C6801341C60002C79D05E4BC0
:10EF20001A6894427CD35D4D2A681268002A00F06A
:10EF3000AC804FF0000CCDE9004366465848DFF83E
:10EF400074E1584F58E0D3F81490D3E90241A1601E
:10EF50009C684C60D9F80410914204BFD968C9F884
:10EF60000410D9F800105E610139C9F80010D3F817
:10EF70002890B9F1000F11D0D3E90741A160DC69F5
:10EF80004C60D9F80410414504BF196AC9F804104F
:10EF9000D9F800109E620139C9F80010D3F82C800E
:10EFA000D7F8009008EB880100EB810AC845DAF831
:10EFB000049088BFC7F8008050F82180C3F80890FB
:10EFC000D9F808B008F10108C3F80CB0CBF8042058
:10EFD000C9F80820C3F814A040F82180DEF800200A
:10EFE000D5F80080D96AD26AD8F80030914288BF3B
:10EFF0004CF0010C002B43D02B68009CDB68DB68D5
:10F0000059681A1D8C4203F118089CD2019B1960A3
:10F010000BE0224B1A681268DAB101F0BBFAFEE786
:10F020004FF0000C1E48DFF88CE0DEF800301E4A7E
:10F03000DB6A03EB83039B00C0581368012898BF69
:10F04000002B14BF0120002040EA0C0003B0BDE8F3
:10F05000F08F164A186811681960154910600A681F
:10F0600001320A601A68126822B94FF0FF320A4B67
:10F070001A6055E71A68084BD26812681A604FE7A1
:10F08000019B4FF0FF321A60CFE794460448DFF847
:10F0900024E0F6E7845A0320685A0320D05A03205C
:10F0A000FC5A0320805A0320745A0320CC5A0320B0
:10F0B000705A03205C5F03202DE9F04F4E4C83B063
:10F0C00001F016F92368013B23602668002E40F00A
:10F0D00083804A4B1B68002B7ED0494D2B68002B48
:10F0E00000F08680474F4848DFF82CC1DFF82C81BC
:10F0F0000196EB68DB681A6ADE69996AB260DE69BC
:10F1000003F1180E56604A68019E724504BF1A6AE0
:10F110004A600A689E62013A0A60D9689E685A6924
:10F12000B1609E6803F1040E4E605168714504BFE2
:10F13000D9685160116801391160DA6AD7F8009016
:10F1400002EB820100EB810A4A45DAF8049088BF9D
:10F150003A6050F82120C3F80890D9F808B001327D
:10F16000C3F80CB0CBF804E0C9F808E0C3F814A069
:10F1700040F82120DCF80010DA6ACB6A9A4284BF9A
:10F180000123C8F800302B68002BB2D11F4B1A683E
:10F19000126842B31A681E4BD26812681A601D4E7C
:10F1A000356895B1012706E0FFF7B0FE08B1C8F851
:10F1B0000070013D08D02368002BF5D03368013D75
:10F1C00003F101033360F6D13560D8F800301BB18C
:10F1D00001F082F8012400E0002401F097F82046B5
:10F1E00003B0BDE8F08F4FF0FF32094B1A60D6E74D
:10F1F000DFF82880D3E700BF605A0320885A032035
:10F20000B85A0320805A0320FC5A0320D05A032006
:10F21000685A0320785A03205C5F0320745A032045
:10F220002DE9F04188B0DDE90F573DB34FB31646E5
:10F23000AC220792079AAC2A02D001F0ABF9FEE7A4
:10F2400004468846384607990021059301F0B8FB2B
:10F2500020460E9C3D6300940224029787F8A94043
:10F2600006AC32464146059B0194FFF7B3FD384694
:10F27000FFF7D0FC069808B0BDE8F08101F08AF9EC
:10F28000FEE701F087F9FEE72DE9F043064685B079
:10F29000900015460F46984601F00CFA08B3044654
:10F2A000AC2001F007FA8146C0B1AC22002101F088
:10F2B00087FBC9F830400D9C434601940C9C2A46BC
:10F2C00039463046CDF808900094FFF783FD484654
:10F2D000FFF7A0FC012005B0BDE8F083204601F057
:10F2E00071FA4FF0FF3005B0BDE8F08370B5044609
:10F2F000304D00F0FDFF002C42D0261D3046FEF7B9
:10F30000D9FEA36A1BB104F11800FEF7D3FE2A4A06
:10F310001368013313602B68A34228D0274A284979
:10F320001368013B13600B681B68DBB10A68254B4F
:10F33000D26812681A6000F0E9FF2B68A3420AD075
:10F340002868583001F044FB94F8A9301BB3012B16
:10F3500028D0022B16D11C4B1B6813B12B68A3427B
:10F3600013D070BD4FF0FF32164B1A60E3E7314601
:10F370001648FEF779FE164A136801331360DAE780
:10F380002C68BAE701F006F9FEE7124B1B686BB177
:10F3900001F000F9FEE7206B01F014FA204601F0BD
:10F3A00011FAD8E7204601F00DFAD4E7BDE8704025
:10F3B00000F092BF5C5F03206C5A0320885A032040
:10F3C000D05A0320685A03207C5A0320A45A0320F1
:10F3D000A05A0320605A032038B578B3D1B11A4C33
:10F3E00023682BBB236801332360184B02681D6818
:10F3F00053182CBF01210021AA420ED8D9B10360B5
:10F400000021581BFFF794FC236801255BB901F02C
:10F41000C1F8FEE701F0BEF8FEE761B903602368BA
:10F420000025002BF3D0FFF747FE50B1284638BD2A
:10F4300001F0B0F8FEE79D42E1D3EFE701F0AAF852
:10F44000FEE700F049FFF1E7605A0320845A0320E9
:10F45000C0B110B50C4C216811B101F09BF8FEE76A
:10F46000236801332360FFF763FC23681BB1FFF7B8
:10F4700023FE18B110BD01F08DF8FEE7BDE8104085
:10F4800000F02ABF00F028BF605A032030B50024E6
:10F4900089B007AA06A905A8CDE90544FEF7B8FD7D
:10F4A000DDE905231849CDE9013218482346079ABA
:10F4B0000094FFF7B5FE164B186030B100F0B4FEB3
:10F4C0000128054608D0013503D0124B1B6809B04E
:10F4D00030BD01F05FF8FEE701F05CF84FF0FF305F
:10F4E0000D4B0E4A1B680E49583313600D4A0E4BE4
:10F4F000086015601C60F1F739FA00F085FF054BD4
:10F500001B6809B030BD00BF800C01087DEE00080B
:10F51000645A0320C41501085C5F032074010320B2
:10F52000685A03207C5A0320845A0320024A136835
:10F5300001331360704700BF605A032008B5054BC4
:10F540001B6813B901F026F8FEE7BDE80840FFF795
:10F55000B3BD00BF605A0320014B1868704700BF5D
:10F56000845A0320054B1B680BB9FFF7CFBC044A34
:10F570000020136801331360704700BF605A0320F6
:10F58000785A0320304B1B681BB101222F4B1A60A5
:10F5900070472E4A70B51360F1F7F2F92C4B2D4AE3
:10F5A0001860156819682C4CA94205D91E68206896
:10F5B000416D491B314441651968236811601B6B1B
:10F5C0001A68B2F1A53F07D15A68B2F1A53F03D13D
:10F5D0009A68B2F1A53F32D0206821683431F0F743
:10F5E00037FE1E4D1E492B6803EB830292008A589A
:10F5F000980042B903B3013B03EB830251F8222088
:10F600009800002AF6D0184401EB800C6246DCF822
:10F610000410083249689142CCF8041008BFDCF8A5
:10F620000C10104A08BFCCF80410C96821602B6088
:10F6300023685833136070BD00F0ACFFFEE7DB6851
:10F64000B3F1A53FC8D1CCE7605A0320745A032018
:10F65000585A03205C5A03205C5F0320805A032021
:10F66000FC5A03207401032010B558B10C46074B17
:10F6700019681831FEF706FD2046BDE8104001214B
:10F68000FFF756BB00F086FFFEE700BF5C5F03207C
:10F69000F8B5034610B3134C5D680846002A1146BE
:10F6A0002268D4F800E0D56126682268D4F800C04A
:10F6B00002F118041A68AF6806F1180602F1010297
:10F6C000CEF8207018BF4FF0FF307E60AC60CCF8F1
:10F6D00028301A60BDE8F840FFF72ABB00F05AFF57
:10F6E000FEE700BF5C5F0320C36870B5DB68002BDA
:10F6F00057D0D3E907019A6A8160DD6954684D608B
:10F70000002503F11800844208BF196A264C08BF7F
:10F71000516011689D62013911602268AAB1234AC3
:10F720005468DC61A168196248601168A060013109
:10F730009A6211601E49DA6A0B68DB6A9A422ED916
:10F7400001231C4A1846136070BD5A69D3E90201AF
:10F7500081609C6850681D1D4C60A84208BFD96834
:10F76000154808BF5160116801391160DA6A0168F3
:10F770008A42124988BF026002EB82024FEA820C81
:10F7800001EB8202546851F80C009C60A6680130BD
:10F79000DE607560A5605A6141F80C00CAE7002080
:10F7A00070BD00F0F7FEFEE7605A0320B85A032050
:10F7B0005C5F0320745A0320805A0320FC5A032004
:10F7C00010B560B1044600F093FD064A064B12687E
:10F7D0001B68C4E90023BDE8104000F097BD00F0AD
:10F7E000D9FEFEE7705A0320845A0320034A044BD3
:10F7F00012681B68C0E90023704700BF705A0320DD
:10F80000845A0320F8B568B30D4641B3044600F0AE
:10F810006FFD2B68154A581C11681BD0D4E9006095
:10F82000DFF84CC0DCF80070BE4208D0884206D831
:10F83000002301242B6000F069FD2046F8BD0F1A5B
:10F84000BB42F5D95B1ADCF80010126803442B6048
:10F85000C4E90012002400F059FD2046F8BD00F074
:10F8600099FEFEE700F096FEFEE700BF845A0320F3
:10F87000705A03200122014B1A607047745A03200A
:10F88000014B1868704700BF5C5F0320054B1B6885
:10F8900033B1054B1868B0FA80F04009400070475A
:10F8A000012070477C5A0320605A0320F8B50446B3
:10F8B000C8B11F4DC36A2A68D26A934214D28269C2
:10F8C000002A04DB2A68D26AC2F138028261194E2A
:10F8D000626903EB830306EB83039A420CD02B6827
:10F8E000DB6AE3620120F8BD2B68C06CDB6A9842DA
:10F8F0002CBF00200120F8BD271D3846FEF7DAFB9B
:10F900002B680D4ADB6A1168E3628B4288BF136083
:10F9100003EB8303980006EB830359683258A16018
:10F920008D680132E5606F608F6063613250D9E7A6
:10F930005C5F0320FC5A0320805A032098B1204BBF
:10F9400070B51B680446834202D000F023FEFEE738
:10F950001B6D53B1C16AC26C013B9142036500D07B
:10F9600033B1002070BD0020704700F013FEFEE7A9
:10F97000051D2846FEF79EFBE36C124AC3F13800D2
:10F98000A06101201168E3628B4288BF13600E4AB8
:10F9900003EB83034FEA830E02EB8303D3F804C027
:10F9A00052F80E10C4F808C0DCF808600144E660A4
:10F9B0007560CCF80850636142F80E1070BD00BF4E
:10F9C0005C5F0320805A0320FC5A032080B1036D42
:10F9D00070B504464BB1C06CE26A814238BF014643
:10F9E0008A4201D0012B04D070BD00F0D3FDFEE7A8
:10F9F00070471A4B1B68A3422CD0A369E162002B0D
:10FA0000A8BFC1F13801164DA8BFA16102EB820267
:10FA1000616905EB82039942E6D1261D3046FEF767
:10FA200049FB104AE36A11688B4288BF136003EBFD
:10FA30008303980005EB830359682A58A160D1F825
:10FA400008C00132C4F80CC0CCF804608E60636159
:10FA50002A5070BD00F09EFDFEE700BF5C5F0320F2
:10FA6000FC5A0320805A0320044B1A681AB1196803
:10FA70000A6D01320A651868704700BF5C5F032099
:10FA800070B510B100F086FDFEE7174D0E46144626
:10FA900000F02EFC2B68D3F8A43023B901212B6889
:10FAA00083F8A810CCB900F031FC00F021FC2B68E1
:10FAB000D3F8A44024B15EB100222B68C3F8A4207F
:10FAC00000222B6883F8A82000F020FC204670BD9F
:10FAD0002B68621EC3F8A420F2E72046FFF728F93E
:10FAE00000F0FAFBDFE700BF5C5F0320F8B510B160
:10FAF00000F050FDFEE7224E1D460C46174600F072
:10FB0000F7FB336893F8A830022B0CD00121326840
:10FB1000D2F8A43023EA0403C2F8A430336883F88F
:10FB2000A810069BFBB900F0F1FB00F0E1FB1DB152
:10FB30003368D3F8A4302B60336893F8A830022BD5
:10FB400008D000240022336883F8A82000F0DEFBF0
:10FB50002046F8BD32680124D2F8A43023EA070316
:10FB6000C2F8A430EEE71846FFF7E2F800F0B4FB65
:10FB700000F0CCFB00F0BCFB002DD9D1DCE700BFCE
:10FB80005C5F032070B531BB0446B0B11D4616461C
:10FB900000F0AEFB049B1BB1D4F8A430049A1360B0
:10FBA000022294F8A83084F8A820DBB2042D5AD899
:10FBB000DFE805F00A1A1408060000F0EBFCFEE787
:10FBC000022B4ED0C4F8A460012B13D0012400F006
:10FBD0009DFB204670BD00F0DDFCFEE7D4F8A420BC
:10FBE0000132C4F8A420EFE7D4F8A4203243C4F8CB
:10FBF000A420E9E76369D4E902128A60A068596821
:10FC0000251D5060A94208BFE2681A4908BF5A6022
:10FC10001A68013A1A60E36A0A689342164A88BF72
:10FC20000B6003EB83039E0002EB8303586891593A
:10FC3000A060D0F808C00131C4F80CC0CCF8045062
:10FC400085606361A36A915113B100F0A3FCFEE7E4
:10FC50000A4BE26A1B68DB6A9A42B7D900F03CFBA8
:10FC6000B4E70024B3E7064A1268002AACD000F0DB
:10FC700091FCFEE7805A0320FC5A03205C5F0320BE
:10FC8000845A032070B5A0B3C9B91D460446164670
:10FC900000F02AFC00F07EFC049B1BB1D4F8A430D9
:10FCA000049A1360022294F8A83084F8A820DBB2EA
:10FCB000042D72D8DFE805F00A171108060000F0DD
:10FCC00069FCFEE7022B66D0C4F8A460012B13D0B8
:10FCD000012400F06BFC204670BDD4F8A420013252
:10FCE000C4F8A420F2E7D4F8A4203243C4F8A42036
:10FCF000ECE700F04FFCFEE7A36A13B100F04AFC0A
:10FD0000FEE7294B1B68DBB1284B5A681968E26192
:10FD100095680131196004F11801256269609160EC
:10FD2000A362234BE26A1B68DB6A9A42D0D9059B27
:10FD300013B10123059A136001221E4B1A60C7E715
:10FD40006369D4E902128A60A168261D51605A686D
:10FD5000B24204BFE2685A601A68013A1A60164A51
:10FD6000E36A11688B4288BF1360144A03EB830374
:10FD700002EB830CDCF804509B00D158A560D5F849
:10FD800008E00131C4F80CE0CEF80460AE60C4F8BD
:10FD900014C0D150C5E700249BE7094A1268002A25
:10FDA00094D000F0F7FBFEE7605A0320B85A032016
:10FDB0005C5F0320745A0320805A0320FC5A0320FE
:10FDC000845A0320F8B500283BD0B9B9044615463B
:10FDD00000F08AFB00F0DEFB022394F8A82084F8F0
:10FDE000A830D4F8A430012A03F10103C4F8A430E8
:10FDF00023D1A36A2BB100F0CDFBFEE700F0CAFBD4
:10FE0000FEE7274B1B68FBB1264B5A681968E26175
:10FE100096680131196004F11801266271609160E1
:10FE2000A362214BE26A1B68DB6A9A4205D90DB1D5
:10FE300001232B6001221D4B1A60BDE8F84000F041
:10FE4000B5BB00F0A7FBFEE76369D4E902128A6044
:10FE5000A16804F1040E51605A68724504BFE2685B
:10FE60005A601A68013A1A60114AE36A11688B42B3
:10FE700088BF13600F4A03EB83039E0002EB8303EA
:10FE8000D3F804C09159C4F808C0DCF808700131F7
:10FE9000E760C7F804E0CCF808E063619151C0E77F
:10FEA000605A0320B85A03205C5F0320745A032071
:10FEB000805A0320FC5A032038B599B9044670B122
:10FEC00000F016FA94F8A830022B05BF0023012594
:10FED000002584F8A83000F019FA284638BD034BF5
:10FEE0001C68EDE700F056FBFEE700BF5C5F0320F7
:10FEF000F0B5124C83B000F0FBF9256825B103B0D2
:10FF0000BDE8F04000F002BA0D4E0E4F3046FEF74D
:10FF10009BF83846FEF798F80B490C4B00950A20E1
:10FF20001F600E600A4B10210A4AFEF795F9206007
:10FF30000028E4D00849FEF7BFFBE0E75860032043
:10FF40007860032064600320606003205C6003200D
:10FF5000605F0320B05F0320880C01082DE9F047A3
:10FF6000DFF884900546D9F800300F46DB68DC687E
:10FF700004F104084046FEF79DF894F828305A072B
:10FF80000ED423F0010384F828302046236ABDE80C
:10FF9000F047184793421BD82046236A98473546B6
:10FFA000A3697A1BEE182CBF01210021B7426660BD
:10FFB0002461EFD2AF4201D20029EDD0D9F8000080
:10FFC0004146FEF75FF82046236ABDE8F047184730
:10FFD000044B41461868FEF755F82046236ABDE8F1
:10FFE000F04718475C600320606003202DE9F0476C
:10FFF000894D8A4E8A4F8B4C84B02B68D3F8009081
:020000040801F1
:10000000B9F1000F40F0D480FFF790FAFFF7A4FA9F
:100010003368804698423DD33B6830601A68B2FA34
:1000200082F252092068A9EB0801FEF76FFBFFF787
:1000300085FA002800F0CD80002269462068FEF78E
:1000400001FA0028D9D0009B0298002BC0F2A880AA
:10005000DDF80880D8F814301BB108F10400FEF771
:1000600029F8FFF779FA33688146984224D3009B38
:10007000C6F80090013B082BDED8DFE803F0252509
:100080008169882525816900DB684FF0FF31186898
:10009000FFF764FF2B681A68002AF5D13A68C6F8A2
:1000A00000802A603B60FFF749FAC5E7DB684FF044
:1000B000FF311868FFF752FF2B681A68002AF5D144
:1000C0003A683B602A60D2E798F82810019AD8F87D
:1000D000180041F0010C131888F828C02CBF4FF00D
:1000E000010C4FF0000C4B45C8F80430C8F81080E4
:1000F00072D8A9EB020290423CD84A0711D421F0F1
:10010000010188F828104046D8F82030984793E736
:10011000904277D84046D8F8203098475346D8F8D0
:10012000180010EB030A2CBF01210021D145A9EBD7
:100130000302C8F804A0C8F81080E9D2994501D29A
:100140000029E7D0286808F10401FDF79BFFDAE7F2
:1001500098F82820019B42F0010288F82820C8F86E
:100160001830002B54D04B444B45C8F80430C8F825
:10017000108036D8386808F10401FDF783FF5BE78B
:1001800098F8283023F0010388F8283054E798F8CD
:1001900028309A0732D523F0010388F828304BE73E
:1001A000019B03999847009B002BFFF645AF4FE753
:1001B000DB68D3F80090FFF7B9F9FFF7CDF93368A2
:1001C00080469842FFF466AF814530600FD9002227
:1001D00028E700F081F82FE74A4502D9BCF1000F6B
:1001E0008BD0286808F10401FDF74CFF24E7FFF7E6
:1001F000A5F941464846FFF7B1FE1DE7404600F02D
:10020000E1FA19E7386808F10401FDF73BFF7AE7E6
:1002100000F0C0F9FEE700BF6060032050600320DB
:100220005C6003205860032010B588B0FFF760FEC3
:100230000F4B1B68CBB1002407AA06A905A8CDE97E
:100240000544FDF7F3FE02222346059C009202942A
:10025000069C08490848079A0194FEF7E1FF074BFE
:10026000186010B1012008B010BD00F093F9FEE74E
:1002700058600320900C0108EDFF00085460032033
:10028000002200B5074B83B001921B68013302D0F6
:1002900000F080F9FEE700F07DF9019B002BFCD017
:1002A00003B000BD700103204FF0E02200230720BF
:1002B00010B4074C13619361236806495DF8044B41
:1002C000A1FB03139B09013B53611061704700BF01
:1002D00044010320D34D62104FF0E0234FF08052D1
:1002E000C3F8042DBFF34F8FBFF36F8F704700BF6C
:1002F00008B500F04FF9044A136801331360BFF3E7
:100300004F8FBFF36F8F08BD7001032008B5084BF6
:100310001A684AB11A68013A1A60186800B108BD33
:10032000BDE8084000F042B900F034F9FEE700BF34
:100330007001032010B500F02DF90446FFF712F903
:1003400028B14FF0E0234FF08052C3F8042D20462F
:10035000BDE8104000F02AB908B5836913F8023CE3
:10036000662B02D000F016F9FEE74FF0E023D3F839
:10037000882D42F47002C3F8882DD3F8342F42F050
:100380004042C3F8342FBDE8084000F0D1B800BFA8
:100390002DE9F04F4FF0113E4FF0807440E909E332
:1003A0004FF0073340F8044C164C40F8343C40E919
:1003B00003424FF005334FF006324FF0123B40E955
:1003C0000F324FF0033A4FF002394FF001384FF03F
:1003D00010374FF009364FF008354FF004346FF006
:1003E000430340E905AB40E9078940E90B6740F862
:1003F000305C40F8404C40F8443C40F8481DBDE8B3
:10040000F08F00BF8102010800204FF0E0234FF081
:100410007F4130B585B00290D3F81C0D2F4A019072
:10042000C3F81C1DD3F81C3D1B0E8DF803309DF83E
:10043000033003F0A0031370002B41D09DF803306C
:10044000DB4313F0A00F0BD000F0A4F8FEE7029BF3
:10045000013302939DF803305B00DBB28DF803306B
:100460009DF803301B06F2D4029B082B2BD0029A76
:10047000C2F10702120202F4E0624FF0E02300250D
:1004800001991748174C0260C3F81C1DD3F8202DA2
:1004900042F47F02C3F8202DD3F8202D42F07F4292
:1004A000C3F8202DFFF700FF256000F061F8FFF78B
:1004B00069F803952368013307D000F06BF8FEE775
:1004C00000F068F8FEE70022D7E700F063F8039B2E
:1004D000002BFCD0002005B030BD00BF9060032091
:1004E0008C6003207001032008B5EFF305830F2B08
:1004F00005D90B490B4A5B5C12789A420DD84FF034
:10050000E023094AD3F80C3D126803F4E0639342F8
:1005100000D808BD00F03EF8FEE700F03BF8FEE72B
:10052000F0E300E0906003208C60032000000000F6
:100530000B4A1168086806C881F30B88022181F311
:100540001488203080F30988BFF36F8F4FF00000CC
:1005500080F31188104700BFAFF30080AFF3008035
:100560005C5F0320000000000000000000000000AD
:1005700007480068006880F3088862B661B6BFF378
:100580004F8FBFF36F8F66DF00BF00BFAFF30080F8
:1005900008ED00E0EFF311804FF0A00181F3118826
:1005A000BFF34F8FBFF36F8F704700BF80F3118889
:1005B000BFF34F8FBFF36F8F704700BF0000000085
:1005C000EFF309801EF0100F08BF20ED108AEFF343
:1005D0000B82734620E9FC0F114A116808604FF046
:1005E000A00080F31188BFF34F8FBFF36F8FFEF72A
:1005F000C9FF4FF0000080F31188094A11680868AC
:10060000B0E8FC0F13F0100F08BFB0EC108A82F3B3
:100610000B8880F309881847AFF30080AFF30080A0
:100620005C5F0320000000000000000000000000EC
:100630001EF0040F0CBFEFF30880EFF309800449AC
:10064000084700BFAFF30080AFF30080AFF3008036
:100650005903010810B4154B1A461B688342FBD39B
:100660005468416802EB040C604513D04418A3425F
:1006700006D00360824218BF10605DF8044B7047DB
:100680000B4C2468A342F4D0D3E900342144036026
:100690004160EFE72144501883425160EDD1044896
:1006A00000688342E9D01046EEE700BFA86003204F
:1006B000A4600320F8B53D4E0446FEF737FF3368CB
:1006C000002B52D0631E0A332ED814F0070304F116
:1006D000080121D1002927DB354F3D688D4223D306
:1006E000344B18461C6803E0236823B120461C469F
:1006F00062688A42F8D33368A34215D0236806683B
:100700000360531A102B06F1080617D96018420728
:100710000FD0FFF73FFFFEE7A3F109028A4203D3A0
:100720001034E11A0029D7DCFEF708FF0026304616
:10073000F8BD43606160FFF78DFF626800201E4BCB
:10074000AD1A196842F000428D421C4938BF1D6045
:100750000B686260013320600B603D60FEF7EEFEC7
:100760007307E4D0FFF716FFFEE7154A510719D0CB
:10077000D11D21F0070102F5C052531A0A4600208C
:100780000B44083B23F007030A4D9A1AC5E90010F1
:100790003360C3E90000C1E900320749044B0A6035
:1007A0001A608FE711464FF4C053E8E7A4600320B6
:1007B000A0600320A86003209C60032098600320B1
:1007C000B060032070B150F8043C10B5002B044613
:1007D00005DA50F8082C32B1FFF7DCFEFEE7FFF730
:1007E000D9FEFEE7704723F0004340F8043CFEF7D3
:1007F0009DFE094A54F8043C1168A4F108000B441A
:100800001360FFF727FFBDE81040044A1368013367
:100810001360FEF793BE00BFA06003209460032026
:1008200038B50446D0F8D80204F52675294600F2FA
:10083000AA20FDF7D1FA2946D4F8D802BDE83840FD
:10084000FCF732BF01EB810300EBC303D3F8642153
:10085000D0F8D802FCF760BF01EB810300EBC303C3
:100860005A6AD0F8D802FCF78BBF00BFD0F8D80284
:10087000FDF72AB810B543790446022B01D0F0F7F2
:1008800075FCD4F8D8020121FDF702F8D4F8D8029B
:10089000BDE81040FCF7D0BF10B50446D0F8D80230
:1008A000FCF7FAFF637A23B1024A136943F00603A7
:1008B000136110BD00ED00E010B5437A04462BB97A
:1008C000D4F8D802BDE81040FCF7F2BF064A13691D
:1008D00023F006031361F0F75BF8D4F8D802BDE803
:1008E0001040FCF7E5BF00BF00ED00E0944608B5FE
:1008F0001A46D0F8CC026346F9F790F818B10228EE
:100900000CBF0120032008BD08B5D0F8CC02F9F7D0
:10091000F1F818B102280CBF0120032008BD00BF68
:1009200008B5D0F8CC02F9F71DF918B102280CBFB0
:100930000120032008BD00BF0A06D0F8CC3206D43F
:1009400001EB810103EBC10393F85201704701F001
:100950007F0101EB810103EBC103987C704700BF6D
:1009600008B5D0F8CC02F9F745F818B102280CBF49
:100970000120032008BD00BF08B5D0F8CC02F9F76C
:100980009DF818B102280CBF0120032008BD00BF4C
:1009900008B5D0F8CC02F9F779F818B102280CBFE5
:1009A0000120032008BD00BF014800F093B800BF3C
:1009B000EC790320014800F08EB800BFEC790320E9
:1009C00002440346934200D1704703F8011BF9E744
:1009D0002D4B1B68834270B5044653D0C3691BB3CB
:1009E000DB6863B10025E369DB685959B1B90435A7
:1009F000802DF8D1E3692046D96800F07BF8E369DF
:100A0000196811B1204600F075F8E3699D685DB181
:100A1000294620462D6800F06DF8F8E70E6820465C
:100A200000F068F83146E1E7616911B1204600F055
:100A300061F8E16911B1204600F05CF8216B11B159
:100A4000204600F057F8616B11B1204600F052F8D3
:100A5000A16B11B1204600F04DF8A16C11B12046F8
:100A600000F048F8616C11B1204600F043F8E16AEB
:100A700011B1204600F03EF8236A1BB12046BDE8C4
:100A80007040184770BD00BF7401032070B50D4B56
:100A900000260D4D5B1B9C10A64209D10B4D00F0AA
:100AA00073F80B4B00265B1B9C10A64205D170BD52
:100AB00055F8043B01369847EEE755F8043B0136FC
:100AC0009847F2E7D0150108D0150108D0150108A4
:100AD000D4150108704770470A44431E914200D163
:100AE000704710B511F8014B914203F8014FF9D14D
:100AF00010BD000038B50546002941D051F8043C2E
:100B00000C1F002BB8BFE418FFF74EFF1D4A1368F7
:100B100033B9636014602846BDE83840FFF74ABF28
:100B2000A34208D9206821188B4201BF19685B686D
:100B300009182160EDE71A465B680BB1A342FAD9A8
:100B400011685018A0420BD1206801445018116060
:100B50008342E0D118685B68084453601060DAE7AC
:100B600002D90C232B60D6E7206821188B4202BFE4
:100B700019685B680918636008BF21605460CAE7A0
:100B800038BD00BFB0780320F8B500BFF8BC08BC82
:100B90009E467047F8B500BFF8BC08BC9E4670473B
:080BA0005FF800F0C50103201D
:100BA80052414D4E5F54785461736B32000000001F
:100BB80052414D4E5F52785461736B320000000011
:100BC80052414D4E5F53656E64555342000000001C
:100BD80052414D4E5F4469616754580052414D4E31
:100BE8005F4469616752580052414D4E5F457272C9
:100BF8006F725461736B000052414D4E5F506572C5
:100C0800696F64696300000052414D4E5F53656E21
:100C18006443414E0000000052414D4E5F526563EF
:100C28006569766543414E0052414D4E5F5265639A
:100C3800656976655553420043414C4942524154D7
:100C4800494F4E2049443000454355422D43686181
:100C580073736973000000005365702020342032DC
:100C68003032360030313A31303A33350000000046
:100C780052414D4E0000000049444C450000000020
:100C8800546D725100000000546D72205376630059
:100C9800A80B010800000000000000000000000090
:100CA80000000000000400002A000000000000000E
:100CB80000000000B80B0108000000000000000060
:100CC80000000000000000000008000029000000EB
:100CD8000000000000000000C80B01080000000030
:100CE80000000000000000000000000000040000F8
:100CF800300000000000000000000000D80B0108D0
:100D08000000000048040320AC000000F4040320A5
:100D1800000400000F0000000000000000000000B8
:100D2800E40B010800000000F8080320AC000000F4
:100D3800A4090320000400001000000000000000C7
:100D480000000000F00B010800000000A80D0320BF
:100D5800AC000000540E0320000400003100000025
:100D68000000000000000000000C01080000000066
:100D780058120320AC0000000413032000040000F4
:100D8800200000000000000000000000100C010816
:100D98000000000008170320AC000000B41703206F
:100DA800000400002800000000000000000000000F
:100DB800200C010800000000B81B0320AC00000054
:100DC800641C03200004000018000000000000005C
:100DD80000000000300C01080000000000000000C6
:100DE80000000000000000000004000018000000DF
:100DF80000000000000000000001010001010000E7
:100E080065130008D91100089D130008F5110008A2
:100E1800C9130008251200083517000861170008D3
:100E2800E11300083D120008F913000855120008E4
:100E3800111400086D1200083D140008F51500088B
:100E4800000000000D16000855140008951200084F
:100E580079140008A51200088D140008B1120008C2
:100E6800C1140008D5120008E5140008E5120008AE
:100E7800051500082516000835150008B9160008DC
:100E88008115000851160008F51200081113000812
:100E98009117000855180008AD17000881180008B8
:100EA800C9170008AD180008E5170008D918000888
:100EB80001180008051900081D1800083119000854
:100EC800BD110008C1110008000000003D13000812
:100ED8000D170008FD160008111700080117000873
:100EE800C5110008CD110008391800085D1900085F
:100EF8001517000805170008191700080917000832
:100F080021170008291700081D170008B516000842
:100F1800FECA77000000000043005800C9015001D4
:100F2800E107DF07E50752050107000000000000A0
:100F3800963007772C610EEEBA51099919C46D07DE
:100F48008FF46A7035A563E9A395649E3288DB0E39
:100F5800A4B8DC791EE9D5E088D9D2972B4CB6091C
:100F6800BD7CB17E072DB8E7911DBF906410B71DF9
:100F7800F220B06A4871B9F3DE41BE847DD4DA1A32
:100F8800EBE4DD6D51B5D4F4C785D38356986C1363
:100F9800C0A86B647AF962FDECC9658A4F5C0114DC
:100FA800D96C0663633D0FFAF50D088DC8206E3BBA
:100FB8005E10694CE44160D5727167A2D1E4033CCC
:100FC80047D4044BFD850DD26BB50AA5FAA8B535F3
:100FD8006C98B242D6C9BBDB40F9BCACE36CD832E2
:100FE800755CDF45CF0DD6DC593DD1ABAC30D92689
:100FF8003A00DE518051D7C81661D0BFB5F4B4218C
:1010080023C4B3569995BACF0FA5BDB89EB8022888
:101018000888055FB2D90CC624E90BB1877C6F2F0D
:10102800114C6858AB1D61C13D2D66B69041DC7608
:101038000671DB01BC20D2982A10D5EF8985B171E1
:101048001FB5B606A5E4BF9F33D4B8E8A2C9077890
:1010580034F9000F8EA8099618980EE1BB0D6A7F27
:101068002D3D6D08976C6491015C63E6F4516B6BE0
:1010780062616C1CD83065854E0062F2ED95066C95
:101088007BA5011BC1F4088257C40FF5C6D9B0650A
:1010980050E9B712EAB8BE8B7C88B9FCDF1DDD6267
:1010A800492DDA15F37CD38C654CD4FB5861B24DCD
:1010B800CE51B53A7400BCA3E230BBD441A5DF4A97
:1010C800D795D83D6DC4D1A4FBF4D6D36AE969435A
:1010D800FCD96E34468867ADD0B860DA732D044405
:1010E800E51D03335F4C0AAAC97C0DDD3C71055030
:1010F800AA41022710100BBE86200CC925B56857D7
:10110800B3856F2009D466B99FE461CE0EF9DE5E1F
:1011180098C9D9292298D0B0B4A8D7C7173DB359D0
:10112800810DB42E3B5CBDB7AD6CBAC02083B8ED61
:10113800B6B3BF9A0CE2B6039AD2B1743947D5EA6E
:10114800AF77D29D1526DB048316DC73120B63E39D
:10115800843B64943E6A6D0DA85A6A7A0BCF0EE4FC
:101168009DFF099327AE000AB19E077D44930FF0B7
:10117800D2A3088768F2011EFEC206695D5762F7AE
:10118800CB67658071366C19E7066B6E761BD4FEEB
:10119800E02BD3895A7ADA10CC4ADD676FDFB9F9C8
:1011A800F9EFBE8E43BEB717D58EB060E8A3D6D68A
:1011B8007E93D1A1C4C2D83852F2DF4FF167BBD1B8
:1011C8006757BCA6DD06B53F4B36B248DA2B0DD8BB
:1011D8004C1B0AAFF64A0336607A0441C3EF60DF5E
:1011E80055DF67A8EF8E6E3179BE69468CB361CB47
:1011F8001A8366BCA0D26F2536E2685295770CCC6C
:1012080003470BBBB91602222F260555BE3BBAC5AC
:10121800280BBDB2925AB42B046AB35CA7FFD7C29D
:1012280031CFD0B58B9ED92C1DAEDE5BB0C2649B8E
:1012380026F263EC9CA36A750A936D02A906099CC1
:101248003F360EEB8567077213570005824ABF9534
:10125800147AB8E2AE2BB17B381BB60C9B8ED292B7
:101268000DBED5E5B7EFDC7C21DFDB0BD4D2D3860E
:1012780042E2D4F1F8B3DD686E83DA1FCD16BE8181
:101288005B26B9F6E177B06F7747B718E65A088852
:10129800706A0FFFCA3B06665C0B0111FF9E658FE3
:1012A80069AE62F8D3FF6B6145CF6C1678E20AA08D
:1012B800EED20DD75483044EC2B30339612667A713
:1012C800F71660D04D476949DB776E3E4A6AD1AE62
:1012D800DC5AD6D9660BDF40F03BD83753AEBCA9F1
:1012E800C59EBBDE7FCFB247E9FFB5301CF2BDBD5E
:1012F8008AC2BACA3093B353A6A3B4240536D0BA67
:101308009306D7CD2957DE54BF67D9232E7A66B303
:10131800B84A61C4021B685D942B6F2A37BE0BB4B0
:10132800A18E0CC31BDF055A8DEF022D52414D4E85
:101338002A4543555F422A303030322A554E4954A7
:10134800322A0000100210003F600002080E010857
:1013580084140108030000007C1301081000010038
:10136800900E0108E414010803000000FC130108B2
:101378001100000001F0000001000000000400005E
:101388000000000003F0000003000000000000005F
:101398000200000004F000000400000009F0000052
:1013A8000600000005F00000080000000001000031
:1013B80007000000FAFE00000D000000F1FE00002A
:1013C8000C000000CCFD00000B00000041FE0000F6
:1013D8000F00000000FF00001000000002FF0000E6
:1013E800FF00000000EF0000FF000000D4FD000037
:1013F800FF00000024000000010000001A000000A7
:101408000000000039000000030000002F00000069
:101418000200000043000000040000006200000019
:1014280006000000580000000500000077000000DA
:10143800080000006D000000070000009800000090
:1014480009000000A20000000A000000D30100000B
:101458000D000000C90100000C000000A7010000F9
:101468000B000000B80100000E0000005001000051
:101478000F000000BB010000100000001309F01865
:10148800000000400000000000000000080000000C
:101498000A000000FFFFFFFF060000000DFAFE181B
:1014A80000000040000000000000000008000000EC
:1014B800E8030000FFFFFFFF0D0000004741FE0C9E
:1014C80000000040000000000000000008000000CC
:1014D80064000000FFFFFFFF0F0000006200000033
:1014E80000000000000000000000000008000000EC
:1014F8000A0000001000200006000000D3010000D0
:1015080000000000000000000000000008000000CB
:1015180064000000100020000D00000050010000D1
:1015280000000000000000000000000008000000AB
:1015380064000000100020000F00000000010203FA
:1015480004050607080C101418203040454355427E
:1015580000000000A0860100400D0300801A06006C
:1015680000350C0040420F0080841E0000093D0039
:1015780000127A000024F40000366E010048E801E9
:10158800006CDC0200000000000000000000000009
:101598000000000000000000010203040000000039
:1015A8000000000001020304060708090001020305
:1015B80004050607080C10141820304037000000F6
:0815C80078ECFE7F0100000039
:0415D00025020008E8
:0415D4000102000808
:1015D8000000000000000000000000000000000003
:1015E80000000000000000000000000000000000F3
:1015F80000000000000000000000000002000000E1
:101608000100000000000000000000000000004091
:1016180000000000020000000100000000000000BF
:101628000000000000000000000000000000FF07AC
:10163800010001000000000000000000010000009F
:101648000000000000000101ED070000000000009C
:101658000000000000000000000000000000000082
:101668000000000000000000000000000000000072
:10167800ED0700000000000000000000000000006E
:101688000000000000000000000000000000000052
:1016980000000000FF0702046813010800000000B2
:1016A800E907000000000000000000000000000042
:1016B8000000000000000000000000000000000022
:1016C8000000000000000000E90700000000000022
:1016D8000000000000000000000000000000000002
:1016E80000000000000000000000000000000000F2
:1016F800530500000000000000000000000000008A
:1017080000000000000000000000000000000000D1
:101718000000000000093D00010000000800000072
:1017280000000000000000000000000000000000B1
:101738000100000000000000000000002000000080
:10174800AAAAAAAA7801032000000000B4780320FE
:101758001C790320847903200000000000000000A9
:101768000000000000000000000000000000000071
:101778000000000000000000000000000000000061
:101788000000000000000000000000000000000051
:101798000000000070B58AB072B6AA244FF4005554
:1017A800684600F065F80621069BCDE9044543F03C
:1017B8008063284A00910693936A002B03DA26492E
:1017C800264B91609360234B9A6A520003D52449B3
:1017D800244A19611A61244C2378012B36D001233D
:1017E80000264FF47A702370666000F045F80546CD
:1017F80068B12670174B9A6A42F080429A629A6AD8
:1018080042F000429A6262B601200AB070BD114EE1
:10181800049A336C4FF47A7023F0FF031343336454
:10182800326C069B22F0806203F0806313433364BA
:10183800B36A43F40033B36200F01EF82570002841
:10184800D8D1B36A43F00063B362DCE702200AB080
:1018580070BD00BF0020024023016745AB89EFCD72
:101868003B2A19087F6E5D4C5001032000000000E0
:101878005FF800F0698100085FF800F0097E000851
:040000050800653D4D
:00000001FF
