:020000040800F2
:1000000000000420A5670008216600082566000896
:10001000296600082D66000831660008F5670008AB
:10002000000000000000000000000000A10801081E
:10003000356600080000000031080108CDE0000826
:10004000F5670008F5670008F5670008F567000820
:10005000F5670008F5670008F5670008F567000810
:10006000F5670008F5670008F5670008F567000800
:10007000F5670008F5670008F5670008F5670008F0
:10008000F5670008F5670008F5670008F5670008E0
:10009000F5670008F5670008F5670008F5670008D0
:1000A000F5670008F5670008F5670008F5670008C0
:1000B000F56700083966000845660008F56700081E
:1000C000F5670008F5670008F5670008F5670008A0
:1000D000F5670008F5670008F56700085166000835
:1000E0005D660008F567000869660008F5670008A6
:1000F000F5670008F5670008F5670008F567000870
:10010000F56700087566000881660008F567000855
:10011000F5670008F5670008F5670008F56700084F
:10012000F56700088D66000899660008F567000805
:10013000A5660008F5670008F5670008F567000880
:10014000F5670008F5670008B1660008F567000864
:10015000F5670008F5670008F5670008F56700080F
:10016000F5670008BD660008F5670008F567000838
:10017000F567000800000000F567000800000000B7
:10018000C9660008F5670008F5670008F56700080C
:10019000F5670008F5670008F5670008F5670008CF
:1001A000F5670008F5670008F5670008F5670008BF
:1001B000F567000800000000D5660008F567000834
:1001C000F567000800000000F5670008F567000803
:1001D000F5670008F5670008F5670008F56700088F
:1001E000F5670008F5670008F5670008F56700087F
:0401F000000000000B
:1002000010B5054C237833B9044B13B10448AFF350
:1002100000800123237010BDC002032000000000F5
:10022000F80D010808B5034B1BB103490348AFF3B0
:10023000008008BD00000000C4020320F80D010882
:10024000034613F8012B002AFBD1181A0138704716
:10025000704700BF01F0A4BFF0B5274C274E9BB0FC
:100260004FF0FF332822694620680EF0A3FD2828AE
:10027000F6D1039805F024FD0546002834D1029BF1
:100280009BB929460AAA009802F02CF80FF098FAB8
:100290000AA90246684602F0B7F90FF091FA0AA9D6
:1002A0000246684601F062FFDAE7B3F1005FF4D17D
:1002B00040F20272009B9342EFD10822039900277B
:1002C000914228BF11460D46C6E90577B760019FE8
:1002D0000B490C48C6E90037F56005F0FDFC3046D7
:1002E000084901F0E3FDD8E74FF0FF332A462068C4
:1002F0000AA90EF05FFDC2E760280320F002032088
:100300009005FA0BE40203202DE9F0431F4D9BB04A
:10031000DFF8808001AE0AAF002404EBC401C4F111
:1003200024024FF0FF33286806EB81010EF042FDF6
:100330000444232CF1D9049805F0C2FC039B8146A8
:10034000B3F1005F00D0A0B9114807F0EDFC50B147
:100350003A4631460E4807F0B1FBD8F80C3001336D
:10036000C8F80C30D8E74FF0FF3201210FF0BCFC89
:10037000EAE70024A9EB040239194FF0FF3328689B
:100380000EF018FD04444C45F4D3DDE75C2803204F
:10039000042703200000032000B583B001F076FF9E
:1003A00001F06AFC03221849184806F01DFE03F00C
:1003B0003FFD00F0DDFE03F0EFFD0FF001FA01F06C
:1003C000CFFE13480BF080F912480BF045F9124CA0
:1003D0000FF0F6F9019003F031FD019803F0E2FD12
:1003E000019800F0C7FE237813B9019802F06CF869
:1003F000019801F0C5FE019802F0F4F80A2101A865
:100400000FF01EF9E4E700BF604D0320F42703203E
:100410003C240320A4230320760003202DE9F0418F
:100420000026214DDFF88C80204FA6B012E010F09E
:10043000A1F898F8003033B10B9B23B164200DF084
:10044000FDFE01F019FC00220223114638680096D7
:100450000FF0CCFC4FF0FF32012100200FF044FCE4
:1004600010F07AF8124807F0B5FD044606A91048C6
:1004700007F020FC02A90E4807F044FC542229464C
:1004800011A8AC6010F060FC094B1E66189BB3F518
:10049000003FCCD9AB689B02C9D5012385F8203039
:1004A0000B9301F091FCC2E700000320C41B032062
:1004B00004270320E002032000232DE9F04F85B03C
:1004C000DFF8B482A64FDFF8B4B2A64EA64DDFF82F
:1004D000B0A20DF10E098DF80B3014E028680EF073
:1004E00073FB012809D94FF0FF330222286803A9C2
:1004F0000EF060FC022800F0968000214FF0FF32E1
:1005000008460FF0F1FBD8F800000EF05DFB002864
:1005100049D130680EF058FB0128DFD94FF0FF3386
:100520000222306803A90EF045FC0228D6D1BDF89E
:100530000C20B2F5845FD1D86AB10024121B39199E
:100540004FF0FF3330680EF035FCBDF80C2020442E
:1005500084B2A242F2D10FF033F9844B3946BDF890
:100560000C20CDF8009003F063FABDF80E30002B9C
:10057000B4D07F48494604464FF0FF33022200685A
:100580000EF030FBBDF80E204FF0FF3377492068A6
:100590000EF028FB002202231146DBF80000009237
:1005A0000FF024FC9AE74FF0FF330122D8F8000047
:1005B0000DF10B010EF0FEFB0128AAD1D8F80000C6
:1005C0000EF002FB0128A4D94FF0FF330222D8F825
:1005D000000003A90EF0EEFB02289AD1BDF80C2012
:1005E000B2F5845F95D8002A40F0AA809DF80B40B0
:1005F000002C56D10FF0E4F85C4B5949BDF80C20A3
:10060000CDF8009005F0DAFABDF80E30002B7DD160
:100610000FF0D6F8554B5249BDF80C20CDF800909C
:1006200005F01CFB75E7BDF80C20B2F5805FBFF448
:1006300064AF6AB10024121B39194FF0FF332868E8
:100640000EF0B8FBBDF80C20204484B2A242F2D1D7
:100650000FF0B6F8454B3946BDF80C20CDF80090A8
:1006600005F026FCBDF80E30002B3FF446AF49469E
:100670004FF0FF330222DAF800000EF0B3FABDF8B3
:100680000E204FF0FF333949DAF800000EF0AAFAD5
:10069000002202231146DBF8000000920FF0A6FBB7
:1006A0002BE70FF08DF8314B2D49BDF80C20CDF81C
:1006B000009005F0ABFABDF80E30002BA8D02B4906
:1006C0000A787F2A08D1022BA2D98B78A3F11102D4
:1006D000012A9DD9312B9BD02648494604464FF02C
:1006E000FF33022200680EF07DFABDF80E204FF0B5
:1006F000FF331E4920680EF075FA002202231146CE
:10070000DBF8000000920FF071FB81E719484946C1
:100710004FF0FF33022200680EF064FA1548BDF86E
:100720000E204FF0FF33114900680EF05BFA0223F0
:1007300022462146DBF8000000940FF057FB67E7E4
:100740000024121B4FF0FF333919D8F800000EF0C7
:1007500031FBBDF80C2023189CB2A242F1D145E731
:10076000E44F02202003032018030320603F0220EF
:100770001C0303202403032028030320040903206F
:10078000140303202DE9F04FDFF8C89185B0664FC0
:10079000664EDFF8C4A1664D09F19C0B0DF1080807
:1007A0001AE030680EF010FA012844D828680EF0DC
:1007B0000BFA01280AD94FF0FF33022228680DF105
:1007C00006010EF0F7FA022800F08B8000214FF0AE
:1007D000FF3208460FF088FA38680EF0F5F9012864
:1007E000DFD94FF0FF330222524938680EF0E2FAA7
:1007F0000228D6D1B9F89420B2F5845FD1D872B16D
:100800000024121B0BEB04014FF0FF3338680EF08D
:10081000D1FAB9F89420204484B2A242F1D10EF06A
:10082000CFFF0146444802F0F9FA80B330680EF079
:10083000CBF90128BAD94FF0FF3302223F49306883
:100840000EF0B8FA0228B1D1BAF89420B2F5845F5C
:10085000ACD872B100243A49121B21444FF0FF3347
:1008600030680EF0A7FABAF89420204484B2A2426D
:10087000F1D10EF0A5FF0146324802F0CFFA002870
:1008800094D11BE0304B93F823010DF0D7FC0EF010
:1008900097FF05F099F8012883D038680EF094F995
:1008A00001283FF67EAF294B1B78002BEAD10A20A6
:1008B000EBE7274B93F823010DF0C0FC0EF080FF0F
:1008C00003F03AF801283FF471AF30680EF07CF97C
:1008D00001283FF66BAF1D4B1B78002BE9D10A2096
:1008E000EAE7BDF80620082A3FF670AF72B100248F
:1008F000121B08EB04014FF0FF3328680EF05AFA80
:10090000BDF80620204484B2A242F1D10EF058FF77
:100910004146BDF8062005F065FA01283FF456AFC0
:100920000A200DF08BFCF1E7240303201C030320B5
:1009300014030320FC70022068600220BC3C0320EA
:10094000C43C0320282C032068800220760003206A
:10095000284C032068700220283C032001F024BCAE
:1009600001F026BC002001F027BC00BF0022024B92
:1009700002481A600AF0A8BEDC020320F02303201C
:10098000014B1868704700BFDC0203200000000024
:1009900010B59EB0482200210CA810F049F90023A0
:1009A0004FF40070CDE90233CDE90433CDE90733CC
:1009B000CDE90933019306930B9309F063FA08B16B
:1009C00072B6FEE701230222169311931993179230
:1009D00010231D9207229FED1E7BCDE91A320324BE
:1009E000042312900CA81C938DED0C7B189409F035
:1009F00085FC034608B172B6FEE70F22214601A826
:100A0000CDE9033305930294019209F023FB0346D9
:100A100008B172B6FEE7104A4FF0005C916D4BF6DC
:100A20007F3441F080719165926D069302F080727F
:100A3000009208932222202306A8CDE90A230099D8
:100A4000CDF81CC009940AF0B9FB1EB010BD00BF60
:100A5000290000000000010000100240F0B595B030
:100A600072B64FF00062AA4B9A60BFF34F8F62B626
:100A7000002405F0C1FEFFF78BFFCDE90E44CDE960
:100A80001044A44D1294EB6C4FF4604143F0040306
:100A9000EB64EB6C224603F004030793079BEB6CBB
:100AA0009D4843F08003EB64EB6C012603F0800368
:100AB0000893089BEB6C43F00103EB64EB6C03F0D1
:100AC00001030993099BEB6C43F00203EB64EB6CAD
:100AD00003F002030A930A9B07F014FF224640F238
:100AE00001118E4807F00EFF224641F2E4018C48C6
:100AF00007F008FF4FF4604387480EA9CDE90E3692
:100B00001094119407F050FD40F2011383480EA990
:100B1000CDE90E36CDE9104407F046FD41F2E4037D
:100B20007F480EA9CDE90E36CDE9104407F03CFD13
:100B30004FF4007379480EA9CDE90E34109607F0F2
:100B400033FD082377480EA9CDE90E34109407F041
:100B50002BFDAB6C052143F00403AB64AB6C224668
:100B600003F004030493049BAB6C1D203343AB647C
:100B7000AB6C33400593059BAB6C43F00203AB6455
:100B8000AB6C03F002030693069B06F01FFB1D20CF
:100B900006F056FB224605211E2006F017FB1E20FC
:100BA00006F04EFB22460521502006F00FFB502098
:100BB00006F046FB204608F023FA08B172B6FEE7BD
:100BC00008F032FA034640B95748584AC0E90023B2
:100BD0000AF01CFB18B172B6FEE772B6FEE7544A83
:100BE000544B1070544A4FF440711A6010229960AF
:100BF0009A619A620F2113223C2404275860D8601E
:100C00009874D8631846C3E90D661E825E615E6201
:100C1000DC61D9621A621F6306F0A6FD034650BB71
:100C20000BAD0B90CDE90E00CDE91000CDE912001F
:100C3000C5E901004FF480704FF4301C03214FF4DC
:100C400080523E4CC4E90233C4E90A3384F82030B0
:100C500084F838303A4B20832046C4E90467C4F84E
:100C600004C0E161626384F83060236005F0E8FD50
:100C700018B172B6FEE772B6FEE70B902946204621
:100C800006F02CFA08B172B6FEE706230F937F2315
:100C900011932C4B109013900EA9204612970E938F
:100CA00005F0FCFE08B172B6FEE7274B20460E9316
:100CB0000C230EA90F9305F0F1FE08B172B6FEE702
:100CC000224B20460E9312230EA90F9305F0E6FE49
:100CD000034608B172B6FEE71D48C0E905338380BC
:100CE0001C4B0662036006F0DDFA08B172B6FEE73F
:100CF00000234FF4027102221748C372174B818000
:100D0000C0F80720036008F099F948B372B6FEE70F
:100D100000ED00E000100240000802420000024224
:100D200000040242001C02420826032000080C4274
:100D3000E00203200427032000A40040F42703203E
:100D400000800242400020190002B0250004002A61
:100D500068270320003002407C20032000D400409C
:100D600041F63F76414C424ACDE90E00C4E901000C
:100D70001090A06120462260E6600AF095FE0346CE
:100D800008B172B6FEE720460EA90E9310930AF042
:100D9000BDFE034608B172B6FEE7364CCDE90E3310
:100DA0001093A360A36142F20F73334A2046C4E953
:100DB0000023E6600AF078FE034608B172B6FEE74B
:100DC00020460EA90E9310930AF0A0FE034608B128
:100DD00072B6FEE74F264FF6FF742848284AC0E94E
:100DE00004338360836102604660C4600AF05CFE85
:100DF000034608B172B6FEE72248C0E90163C0E9C4
:100E00000343C0E90533204B03600AF04DFE08B1EF
:100E100072B6FEE74FF080414FF0FF321B4C0B9053
:100E2000CDE90E00CDE91000C5E90100C4E90100DB
:100E30002061A06120462160E2600AF035FE08B121
:100E400072B6FEE74FF4805320460EA90E930AF0C7
:100E500079FC034608B172B6FEE7294620460B939B
:100E60000D930AF053FE98B172B6FEE7F02303200B
:100E7000001400403C24032000100040A423032061
:100E800000440140582303200048014088240320E7
:100E900000246E4A01216E4B009246F20600224663
:100EA000CDE901440DF038FE02466A4E6A4D0096C7
:100EB0000121CDE90144694B2A6046F20600224631
:100EC0000DF02AFE664B674A01210092CDE90144EC
:100ED00022461860644B46F206000DF01DFE634E7C
:100EE000634B224600930121CDE90144614B306000
:100EF00046F206000DF010FE5F4B224600935F4B5A
:100F00000121CDE9014418605D4B4FF47A600DF08A
:100F100003FE5C4F5C4B224600930121CDE9014466
:100F20005A4B38604FF47A600DF0F6FD584B22466C
:100F30000093584B0121CDE901441860564B4FF402
:100F4000A0400DF0E9FD554B22460093544B012182
:100F5000CDE901441860534B4FF4A0400DF0DCFD87
:100F6000514B186001F00EFC0EF02AFC33462A4665
:100F70004E49009701F016FB4D4803F045F84D48E7
:100F800001F0D4F84C484D4A4D4900F05BFE0EA8E4
:100F90000E9401F0EDFB20B90E9B13B9494801F006
:100FA000BFFB0DF0A1F80021474A48480DF0ECF8CE
:100FB0000446474B0021474A47481C600DF0E4F8BF
:100FC0000446464B0021464A46481C600DF0DCF8BA
:100FD00004463B4B0021444A44481C600DF0D4F8C1
:100FE0000446434B0021434A43481C600DF0CCF8B3
:100FF0000446324B0021414A41481C600DF0C4F8C0
:1010000004462A4B00213F4A3F481C600DF0BCF8C3
:1010100004463E4B00213E4A3E481C600DF0B4F8A9
:1010200004463D4B00213D4A3D481C600DF0ACF8A4
:1010300004463C4B00213C4A3C481C600DF0A4F89F
:101040003B4B18600DF072F8FEE700BF2804032048
:1010500058DF01200404032028030320507F0120CF
:1010600024030320E0030320481F01202003032062
:10107000BC03032040BF0020980303201C0303206F
:10108000A0AF0020180303207403032000A0002059
:101090005003032014030320005000202C030320DE
:1010A00060280320000000205C280320B40D0320EA
:1010B0000826032068270320042703206412032046
:1010C000C41B0320040072016010010855020008CF
:1010D000782003203C1001085902000874200320E6
:1010E0001810010809030008F40F0108990300080B
:1010F00014170320D00F01081D040008AC0F0108CD
:10110000B9040008880F01088507000804090320B6
:10111000640F01085D09000854040320400F010812
:1011200061090008500403201C0F0108650900082C
:101130004C040320094A0368934206D0084A9342AC
:101140000AD0084A934205D07047074A1368013312
:101150001360704701F01CB805F060BB001400403C
:10116000002C014000100040DC02032072B6FEE7B4
:10117000704700BF38B51A4C1A4D236828881B6881
:1011800019499B6880B298472368A8881B6817494B
:101190009B6980B298472368287B9B7C95F8201038
:1011A000134A93B100F040FC2368A87D1B681149E5
:1011B0009B6C98472368688B1B680F499B6D80B2B6
:1011C000984723689B7C1BB938BD00F001FCEBE716
:1011D0000A4B0B491879BDE8384000F031BC00BF1C
:1011E000DC0003205400032084290320F829032075
:1011F0006C2A0320E02A0320542B0320C400032080
:10120000C82B03200870704700787047030A0870E5
:101210004B707047012994BF00780088704700BF69
:10122000012908D94FF6FE2302889A4203D8981A5A
:10123000C0F34F0070470020704700BF012911D94B
:101240004378FA2B07D8084AC3EB0330A2FB0020EF
:10125000C0F30F10704740F6FF72FF2B0CBF002049
:101260001046704700207047D34D6210022907D9FD
:101270004FF6FF73B0F80100984208BF0020704796
:1012800000207047042907D94FF6FF73B0F8030018
:10129000984208BF0020704700207047012907D9F5
:1012A0004FF6FF730088984208BF4FF40060704704
:1012B0000020704701290ED94FF6FF73008898422D
:1012C00009D047F27F53984238BF1846A0F5EA404C
:1012D0007F3880B270474FF400607047032986BFA3
:1012E000C078C0F381000020704700BF09B10078CA
:1012F00070470846704700BF012906D9437803F0BC
:101300000F03013BDBB2022B01D900207047024AD8
:1013100032F81300704700BF9410010819B101782A
:10132000C1F3810070470846704700BF032986BF9C
:10133000C07800F003000020704700BF034600B5EE
:1013400083B008465BBA02220DF10601ADF8063003
:1013500004F0C2FC03B000BD8446002310B50C4667
:1013600082B00DF1060002226146ADF8063004F0AD
:10137000B3FCBDF80600012C98BFC0B240BA80B2E1
:1013800002B010BD002300B5012983B0ADF80630CE
:1013900002D8184603B000BD014602220DF1060036
:1013A00004F09AFC9DF8060003B000BD38B50D4668
:1013B00004460822FF21284604F08AFCB4F5FB4FBE
:1013C0000ADAC4F5FA447F34640004F0FE03C4F37F
:1013D00007242B706C7038BD002423466C702B7072
:1013E00038BD00BF38B50D460822FF210446284607
:1013F00004F06EFCFA2204FB02F2044BA3FB02137E
:10140000D21A03EB5203DB0A6B7038BD01011000E6
:1014100038B50C4605460822FF21204604F058FC4A
:101420002B0A6570A37038BD38B50C4605460822F6
:10143000FF21204604F04CFC2B0AE570237138BDD7
:1014400038B50C4605460822FF21204604F040FC32
:101450002B0A2570637038BD38B50C460822054646
:10146000FF21204604F034FC48F6802247F27F53E7
:10147000954294BF5B199B189BB21A0A2370627045
:1014800038BD00BF38B50D4604460822FF21284666
:101490007D3404F01DFCAC7038BD00BF38B50D467E
:1014A00004460822FF21284604F012FCEB78A40031
:1014B00023F00C0304F00C042343EB7038BD00BF91
:1014C00038B50C4605460822FF21204604F000FCF2
:1014D000257038BDFF2838B50D460FD9C3B2002B93
:1014E0000CBF012403240822FF21284604F0F0FB4E
:1014F0006B7823F00F031C436C7038BD031E18BFBC
:1015000001235C00EFE700BF38B50D460446082212
:10151000FF21284604F0DCFB2B78A40023F00C0309
:1015200004F00C0423432B7038BD00BF38B50C46C3
:1015300005460822FF21204604F0CAFBE37805F0A7
:10154000030523F003032B43E37038BD38B50D4684
:1015500004460822FF21284604F0BAFB012C0AD0D9
:10156000022C05D0032C0CBFD723FF23AB7038BD52
:10157000C723AB7038BDC323AB7038BD38B50C463C
:1015800005460822FF21204604F0A2FBEBB2022B05
:1015900012D0032B09D0042B0CBF51230023FF2DA5
:1015A00088BF43F00403237038BD1123FF2D88BF8B
:1015B00043F00403237038BD0123FF2D88BF43F09F
:1015C0000403237038BD00BF38B50C460546082219
:1015D000FF21204604F07CFB15F0080F0CBF002112
:1015E000FA2115F0100F0CBF0022FA2215F0200F7F
:1015F0000CBF0023FA2315F0400F0CBF0020FA2087
:1016000015F0800FE0700CBF0020FA2015F0010FDC
:1016100021700CBF0021FA2115F0020F62700CBF7F
:101620000022FA2215F0040FA3700CBF0023FA2346
:1016300020716171A271E37138BD00BF022906D922
:1016400080787D38C0B2812888BF00207047002094
:10165000704700BF032906D9C0787D38C0B2812801
:1016600088BF002070470020704700BF02290FD9B3
:10167000837803F00C02042A01D001207047C3F3E1
:101680000113012B06D0002B0CBF02200120704754
:10169000002070470320704707292DD9037842782E
:1016A000A3F1FA03B3FA83F3FA2A4FEA53138278C9
:1016B0004FEAC30308BF43F01003FA2AC27808BFF9
:1016C00043F02003FA2A027908BF43F04003FA2AC4
:1016D000427908BF43F08003FA2A827908BF43F0B9
:1016E0000103FA2AC27908BF43F00203FA2A08BFAD
:1016F00043F0040318467047002070470078704795
:10170000D9B103789A09012A0ED003F03002102AC9
:1017100015D003F00302012A14BF0120022003F0B8
:101720000C03042B06D0704703F00C03042B4FF07E
:101730000400F8D140F47F4070470846704703200A
:10174000EDE700BF00787047007870470078704779
:1017500000787047087070470870704708707047CD
:101760000870704708707047030A08704B70704724
:10177000012994BF00780088704700BF38B50D4636
:101780000822FF210446284604F0A2FAFA2204FBAC
:1017900002F2044BA3FB0213D21A03EB5203DB0A3F
:1017A0006B7038BD01011000012911D94378FA2B63
:1017B00007D8084AC3EB0330A2FB0020C0F30F1088
:1017C000704740F6FF72FF2B0CBF00201046704799
:1017D00000207047D34D6210034600B583B0084621
:1017E0005BBA02220DF10601ADF8063004F074FA7E
:1017F00003B000BD034600B583B008465BBA0222C1
:101800000DF10601ADF8063004F066FA03B000BD34
:10181000034600B583B008465BBA02220DF106010B
:10182000ADF8063004F058FA03B000BD034600B529
:1018300083B008465BBA02220DF10601ADF806300E
:1018400004F04AFA03B000BD034600B583B0084671
:101850005BBA02220DF10601ADF8063004F03CFA45
:1018600003B000BD034600B583B008465BBA022250
:101870000DF10601ADF8063004F02EFA03B000BDFC
:10188000034600B583B008465BBA02220DF106019B
:10189000ADF8063004F020FA03B000BD8446002302
:1018A00010B50C4682B00DF1060002226146ADF87B
:1018B000063004F011FABDF80600012C98BFC0B242
:1018C00040BA80B202B010BD8446002310B50C4669
:1018D00082B00DF1060002226146ADF8063004F038
:1018E000FBF9BDF80600012C98BFC0B240BA80B227
:1018F00002B010BD8446002310B50C4682B00DF135
:10190000060002226146ADF8063004F0E5F9BDF8A4
:101910000600012C98BFC0B240BA80B202B010BD20
:101920008446002310B50C4682B00DF10600022259
:101930006146ADF8063004F0CFF9BDF80600012C81
:1019400098BFC0B240BA80B202B010BD8446002336
:1019500010B50C4682B00DF1060002226146ADF8CA
:10196000063004F0B9F9BDF80600012C98BFC0B2EA
:1019700040BA80B202B010BD8446002310B50C46B8
:1019800082B00DF1060002226146ADF8063004F087
:10199000A3F9BDF80600012C98BFC0B240BA80B2CE
:1019A00002B010BD8446002310B50C4682B00DF184
:1019B000060002226146ADF8063004F08DF9BDF84C
:1019C0000600012C98BFC0B240BA80B202B010BD70
:1019D00070B515460E46044682B028460822FF21FF
:1019E00004F076F944EA0624022228460DF10601A5
:1019F000ADF8064004F070F902B070BD002300B5E8
:101A0000012983B0ADF8063002D8184603B000BDF6
:101A1000014602220DF1060004F05EF9BDF8060051
:101A2000000A03B000BD00BF38B5154604460822C1
:101A3000FF2128467D3404F04BF9EC7038BD00BF1F
:101A400038B50D4604460822FF21284604F040F927
:101A5000A31EDBB2042B06D8054A0649D25CCB5C38
:101A60002A706B7038BDFC2300226B702A7038BD61
:101A70008C10010884100108012918D9037803F09B
:101A80000302012A17D003F00C02042A15D003F038
:101A90003002102A0DD003F0C003402B0FD0437842
:101AA00003F00303012B0CBF062001207047002028
:101AB00070470520704702207047032070470420BC
:101AC000704700BF2DE9F04F3A4B8346984283B0F0
:101AD00007D8394B984260D94FF028094FF448761F
:101AE00009E036494FF02509B1FBFBF1C9B21929CC
:101AF00040F2EE265BD90124304B0134A4B2B3FB93
:101B0000F4F1B1FBFBF1C9B21929F6D8B4F5806F35
:101B10003FD201202A4BCDF804B01F6823186FF084
:101B2000004C4FF47A759B461FFA83FAA1F1020E1E
:101B3000BEEB510F4FEA51031ADD01F1FF385FFA96
:101B400088F805FB03F2B2FBF1F2B21A002AB8BF23
:101B50005242624509DA914507DB00209446A8EB22
:101B60000302D2B2FB617C613A6201337345E8DB68
:101B7000124B1FFA8BF4B3FBFAF1019BB4F5806FA3
:101B8000B1FBF3F10AF1010AC9B203D004F1010B70
:101B9000CCE7012003B0BDE8F08F08494FF02B09D6
:101BA000B1FBFBF1C9B2192940F26B36A3D801246D
:101BB000AFE700BF00350C0020A10700005A620209
:101BC000542903204FF08041022201232DE9F041E6
:101BD000174C0025C4E91123164E174FDFF860801B
:101BE000E16311E0D8F800202365937C003B18BF27
:101BF000012312493868A36405F0A0FE78B96B1C74
:101C0000022B4FF0010511D056F8043B2564E36424
:101C1000002BE7D06FF0604201232265E9E7FFF770
:101C2000A5FA6B1C022B4FF00105EDD1BDE8F08148
:101C300000000320AC110108542903203C000320BC
:101C4000DC00032038B50C46064D0749074B0A60F7
:101C50002860074901201C600CF0FEFC054B186051
:101C600038BD00BF542903204C29032050290320EC
:101C700064280320B4280320F0B54D4E83B03068AB
:101C800005F006FF306805F06FFD00286FD10022D7
:101C9000484D402148482A71EA602A616A61AA6178
:101CA000AA60EA6185F8202006F02CFE306805F075
:101CB000EFFE0C2202233068C0E90D2305F054FD2D
:101CC000002871D100240222012340F2FF71C5E9EE
:101CD0000B233A4FA9636C6202E001340C2C0ED046
:101CE00037F8023B36493068AC626B6305F026FE7C
:101CF0000028F2D00134FFF739FA0C2CF0D1FFF7AD
:101D000061FF0023022230681146009305F042FE75
:101D1000002846D1306805F05FFE00283ED1002241
:101D20000121306806F006F8A8BB002206213068C1
:101D300006F000F860BB07224FF4F051306805F060
:101D4000F9FF10BB07228021306805F0F3FFC8B906
:101D500000221C49306805F0EDFF80B900224FF4E5
:101D60006021306805F0E6FF20B903B0F0BDFFF751
:101D7000FDF98CE703B0BDE8F040FFF7F7B9FFF7D6
:101D8000F5F9EBE7FFF7F2F9E2E7FFF7EFF9D9E74B
:101D9000FFF7ECF9CFE7FFF7E9F9C6E7FFF7E6F958
:101DA000BDE7FFF7E3F9B5E7FFF7E0F98AE700BF22
:101DB000542903200000032000040242B41101084A
:101DC0002400032000407100014B186805F060BE3C
:101DD00054290320FFF7F6BE082824D8DFE800F0D6
:101DE000080C1014171A1D2005001448FFF76ABECE
:101DF00042F21070FFF766BE44F62060FFF762BE45
:101E00004CF25030FFF75EBE0D48FFF75BBE0D4849
:101E1000FFF758BE0C48FFF755BE0C48FFF752BEFF
:101E20000B48FFF74FBE0B4AA0F51C53103B9342E3
:101E300001D901207047FFF745BE00BF40420F00A7
:101E4000A086010048E8010090D0030020A107000F
:101E500000350C00301B0F000346054A197800209E
:101E600051615978D16199781162DB78936170473B
:101E7000042703200246024B00209A61704700BFEE
:101E800004270320034600B5064A93F801E093F8BF
:101E900000C082F810E004499B7881F800C05374B8
:101EA000002000BD04270320E00203202DE9F047B5
:101EB000054682B0C0680F4603F002FFAB68B3F17D
:101EC000005F3ED00646824600F12409264C4FF0C2
:101ED000FF3120680CF07EFC0128F8D1DFF89480F7
:101EE000D8F800000CF05CFE484517D202251F4AC6
:101EF00013792B431371002320681A4619460CF0FE
:101F00000FFB1B4A02231268106800221146009240
:101F10000DF06CFF284602B0BDE8F08729464FF06F
:101F2000FF332422D8F800000CF05CFE054686B989
:101F30004D450CD00D4A0125137943F00803137168
:101F4000D9E74FF0000A4FF024095646BEE70025B6
:101F5000D1E7524639464FF0FF33D8F800000CF075
:101F600041FE0544E4E700BFB4280320000003203D
:101F7000502903205C2803202DE9F04700250C465A
:101F800082B0C9070646019516D4A20707D50221DB
:101F9000314A137943F001031371336819656307FC
:101FA00038D4019B2BB14FF0E0234FF08052C3F89F
:101FB000042D02B0BDE8F087DFF8A890DFF8988024
:101FC00040214A46254B05F0DBFDD8F81430D9F8FE
:101FD0000C000133C8F8143003F072FEDFF888A05B
:101FE0000746DAF800000CF0DBFD07F12803984201
:101FF00024D349462822DAF8000001AB0CF08CFE0D
:10200000002FC2D03A46DAF80000144901AB0CF0B8
:1020100083FEBAE70424104B11499A69086801321B
:102020009A611A79002142F008021A713368006837
:102030000DEB04021C650DF0F9FFB2E7D8F818307B
:1020400029460133C8F81830054B01AA1B681868E7
:102050000DF0ECFF99E700BF000003200C290320DE
:102060004C290320E428032060280320002110B518
:102070000A4A0B4C1268236982B01068013301AA26
:10208000236101910DF0D2FF019B2BB14FF0E023B2
:102090004FF08052C3F8042D02B010BD5029032028
:1020A00000000320002110B50A4A0B4C1268E369B6
:1020B00082B01068013301AAE36101910DF0B6FF0F
:1020C000019B2BB14FF0E0234FF08052C3F8042D59
:1020D00002B010BD4C2903200000032038B50C4687
:1020E000104D294605F0E6FDA10303D5EB68A3B921
:1020F0000D4A1360620309D52B690B4A012B137932
:102100000CBF43F0040303F0FB031371230303D557
:102110000122054B83F8202038BD4FF00042024BCE
:102120001A60E7E7B828032000000320704700BFCB
:1021300091B14FF0FF3210B4084C014410F8013B4C
:102140005340DBB254F82330884283EA1222F5D19F
:10215000D0435DF8044B704708467047CC11010826
:102160000022014B1A6070475C290320034B1B6857
:102170009B7C03B9704700F0A9BE00BFDC000320C0
:10218000024A136801331360704700BF5C290320C3
:10219000024A136801331360704700BF58290320B7
:1021A00000200DF0D7B900BF00200DF0D3B900BF5B
:1021B00000200DF0CFB900BF00200DF0CBB900BF5B
:1021C000124B1B68198901B310B400245B68104AD4
:1021D00003EB411CD3E90001C2E900019868996949
:1021E0009061D8682033506153F8100C6345C2E900
:1021F000024053F80C0C02F1740242F8100C42F841
:10220000041CE7D15DF8044B70477047DC000320E5
:1022100060290320F0B50024051B18BF01250746DF
:10222000154B6D4285B003F52E76EDB218460822A7
:1022300029460EF0FDFC03467433B342C0E9114455
:10224000F4D10FB105B0F0BD0C4A0D4D02AC92E8CF
:1022500003000822CDE9000195E8030084E80300AB
:102260006946084803F038FD08222146064803F075
:1022700033FD05B0F0BD00BF84290320B80E01086E
:10228000180E01086C2A0320E02A0320002208B55A
:102290000549064B09681A70887CFFF7BBFFBDE84B
:1022A0000840FFF78DBF00BFDC000320760003204D
:1022B00098B138B5094B1A6882420DD00122084CFA
:1022C00018602578807CEDB22270FFF7A3FFFFF73E
:1022D00077FFFFF77FFD257038BD7047DC000320D6
:1022E0007600032000293CD0F0B5744B83B01D6804
:1022F000AF7C6FB906462C8A44B1EB6803EBC40C83
:102300001C68B4420FD008336345F9D103B0F0BD67
:10231000C0F30743EF2B4FEA1024C0F31126EAD88D
:10232000674E2640E7E71C79E7B1B6F56F4F49D015
:102330004FF6D4539E4266D04FF602739E4200F091
:10234000AD800F2C10D12B681046DB6F00929847A0
:10235000009A137803F00303032BD7D0594B18834B
:10236000D4E77047082C3BD02B68104603EBC4031E
:102370005B689847102CC9D801A353F824F000BF1C
:10238000292400085D24000863240008692400084B
:102390006F240008752400087B24000881240008AD
:1023A000872400084124000849240008512400081B
:1023B00057240008352400083B2400085D2300084A
:1023C0002F240008C0F30720132860D05A289DD17D
:1023D0002B6810465B6D98473A4AC3B2D37595E7B0
:1023E0002B6810465B6C0091019298470099354C20
:1023F000C0B20129207389D0019A1046FFF7FEFA76
:1024000084F8200082E7C3B2212B4ED05A2B7FF4F0
:102410007DAF2B681046DB6C9847C3B2032B3FF4AB
:1024200075AF284A937571E7264B58806EE7254BA8
:10243000D8836BE7234B188268E7224B988365E7C4
:10244000204BC0B2987561E71E4BC0B2D8755DE7EE
:102450001C4B58835AE71B4B588257E7194B18807F
:1024600054E7184BD88051E7164B98804EE7154B30
:1024700098824BE7134B588148E7124B188145E788
:10248000104BD88142E70F4BC0B218733EE72B6860
:102490001046DB6A98470B4B588137E71046FFF729
:1024A000EBFA084B83F8200030E72B6810465B6F8F
:1024B0009847044AC3B2938328E700BFDC00032097
:1024C00000FF030054000320324B1B78002B5FD128
:1024D0002DE9F04FDFF8C0A003F0FF06DAF8003076
:1024E00083B01B89002B50D0DFF8B08007464446EC
:1024F0003546DFF8AC900AE0DAF8003001351A8989
:10250000ABB29A4204F1740406F174063DD9E36E4D
:10251000626EFB1A9342EFD3B4F9703006F12400D7
:1025200000EBE300002B404408DBB4F868300222E3
:102530005BBA01A9ADF8043003F0CEFBB4F97230F8
:1025400004F1240B002B4FEAE30112DB5846FFF79E
:10255000EFFD0422B4F972300190002BB8BF0733AD
:1025600006F1240000EBE30040440DEB020103F010
:10257000B3FBD9F80030594623612046FFF796FC9B
:10258000A36EE7660133A366B6E703B0BDE8F08F3C
:10259000704700BF76000320DC0003206029032081
:1025A0000000032010B50B4C216004460A490A6064
:1025B0000A490B4A0B60029B136000F06BF820463F
:1025C00003F0B6F9204601F0A5F9204603F0EAFB36
:1025D000002010BD242C0320202C03201C2C0320C1
:1025E000182C032038B5054603F0C2F904462846E6
:1025F00001F09CF9034628461C4303F0DFFBE4B2DC
:102600002043C0B238BD00BF70B51E4B82B01B68FE
:1026100004460D46164603F0E1F9012813D01A4B83
:102620003246294620461B6801F090F901281FD048
:10263000164B3246294620461B6803F0E9FB012869
:102640000BD002B070BD0022114B11461B681868F8
:10265000022300920DF0CAFBE1E700220C4902239D
:1026600009680868114600920DF0C0FB02B070BD09
:102670000022074B11461B681868022300920DF0D8
:10268000B5FBD5E7202C03201C2C0320182C03209D
:10269000242C032000B583B0102001A900F09EF87F
:1026A00008B903B000BD0021102000F07FF8003809
:1026B00018BF012003B000BD00B583B0102001A9F0
:1026C00000F08CF820B90146019820B903B000BD94
:1026D000012003B000BD102000F068F8003818BFDA
:1026E000012003B000BD00BF70B5002682B00446D3
:1026F0000D46102001A9019600F070F810B9019B59
:10270000A34202D8012002B070BD04F11100294695
:1027100080B200F063F8801B18BF012002B070BDCA
:10272000002210B5114B82B01B78019213B91846E4
:1027300002B010BD044601A9102000F04FF840B9C6
:1027400001981130FF2804D8214680B200F02EF8FD
:1027500018B10123184602B010BD019910200131B3
:1027600000F024F8031E18BF0123E0E777000320E0
:10277000014608B5102000F031F8003818BF0120DC
:1027800008BD00BF10B505F027FC00200AF07CFD55
:10279000044618B905F034FC204610BD00200AF0AC
:1027A00041F905F02DFC204610BD00BF38B50446A8
:1027B0000D4605F011FC204629460BF00DF8C30527
:1027C000044603D405F01CFC204638BD0AF004FA88
:1027D0000443A4B205F014FC204638BD0AF05EBBE9
:1027E00084462DE9F8430CF50055104695F827214D
:1027F0000CF580540F461E46B4F89210B4F894308D
:1028000072B3002940F08E80072B40F2A0803E2B4F
:1028100040F2B9804FF04008B3F5805F4246C146B0
:102820005FD21B0A43F010030370B4F894300CF528
:1028300084514370023A1C31023003F04DFA0122F8
:102840000223A8F1020887F80090A4F89280A5F866
:102850001C2184F891300120C4F89860BDE8F88309
:10286000B1B307224FF008085B1A1FFA83F9B5F8D5
:102870001C31914503F00F0343F0200300F8013BA6
:10288000B4F8923003F5845303F11C030CEB0301FD
:102890004CD903F021FA87F80080B4F89230B5F8EB
:1028A0001C21013B9844A4F8928095F822313BB159
:1028B000B2FBF3F103FB112313B9022384F8913027
:1028C0000132A5F81C210120C4F89860BDE8F88306
:1028D000072B3CD94FF00808B3F5805F4246C1464C
:1028E0009FD310230360B4F894300CF584511B0A75
:1028F0000371B4F89430063A43711C31063003F08A
:10290000EBF901220223A8F1060887F80090A4F849
:102910009280A5F81C2184F891300120C4F89860B9
:10292000BDE8F8833F224FF040089DE74A4603F098
:10293000D3F9032309F101023A7084F89130B4F815
:102940009230B5F81C219944A4F89290B8E700F8A9
:10295000013B0CF58451B4F894201C3103F0BCF910
:1029600001210322B4F894300B443B70B4F8943046
:102970000120A4F89230A5F81C1184F89120C4F825
:102980009860BDE8F8830170B4F894300CF5845178
:102990004370B4F894201C31023003F09DF9B4F870
:1029A0009430012103220233DFE700BF70B5002419
:1029B0000E4600F580530470C0F802400473846032
:1029C000C3F89240C3F89840A3F88E40A3F8904013
:1029D00000F50053054621464FF48452C3E94744AD
:1029E000C3F82861C3F824410D300EF021F94FF4EB
:1029F0008452A8182146BDE870401C300EF018B96A
:102A0000F0B591B0169D0446856019B396461278CC
:102A10008C46100903281DD8DFE800F0024C7A220A
:102A2000003B18BF012304F5005282F826312378B9
:102A300023B10621002382F8241123709EF8005050
:102A4000BCF1080F05F00F0500F2D1800123002D25
:102A500040F0D680237B012B00F0A78011B0F0BDA1
:102A600004F5805797F8911002F00F0204F5005614
:102A70004B1E012A86F82121DBB200F00B81022ACD
:102A800000F01181002A40F0FB80BCF1010F00F042
:102A90001E819EF80130BCF1020F86F8223101D070
:102AA0009EF80220022986F82321D3D1012387F83A
:102AB0009130CFE7003B18BF012304F5005686F89C
:102AC0002631227822B1062286F8242100222270A3
:102AD000BCF1070FBED99EF800209EF8010002F05D
:102AE0000F01014340F09C80DEF8022012BA072A51
:102AF000B0D9B2F5845F40F2F0800222072086F858
:102B00001E2186F82401217096F81F21322159E0F8
:102B10002378012B9ED104F58057B7F88E1002F070
:102B20000F0201F00F039A4240F0A2806088A38850
:102B300097F890201B1A9BB2002A00F0BE80551E09
:102B4000AEB29E4280F0BC80944583D14A1C92B2C2
:102B5000EDB20D30A7F88E200EF101012A46204477
:102B600003F0BAF86388A2882B449BB29A42638030
:102B700000F0B08004F5005696F81F21002A3FF4BB
:102B800069AFB7F88E30013B93FBF2F102FB1133D2
:102B9000002B7FF45FAF96F8263196F81E11003BAC
:102BA00018BF012341F030010CE004F5005696F8FF
:102BB000263196F81E11003B18BF012396F81F21FD
:102BC00041F0300100208DF8012003228DF8001023
:102BD00096F820112073D6F828015B058DF80210B5
:102BE00083616946C260FFF761F911B0F0BD002D45
:102BF0007FF430AF9EF801500223002D3FF42AAF3E
:102C0000ACEB03018D423FF725AF0EEB03012A46E3
:102C100004F10D0003F060F802236580237019E7CA
:102C2000120202F470620243072A7FF613AF0221F8
:102C30000B46ACEB0303DDB204F58057A280714470
:102C40002A4687F890C004F10D0003F045F80123EF
:102C500000226580237086F81E21A7F88E3096F832
:102C600026313021003B18BF012396F81F21A9E728
:102C70000421002304F5005282F824112370E9E6B0
:102C8000012B3FF6E7AE0522032386F8252187F8BE
:102C90009130DFE6012B3FF6DDAE0223C7F89850F6
:102CA00087F89130D6E6012B3FF6D4AE08220323F5
:102CB00086F8252187F89130CCE6072B3FF6CAAE7F
:102CC0009C457FF6C7AE4A1C92B2DDB241E786F85A
:102CD0002221E7E602232370BCE606210B46A8E783
:102CE0000378012B01D0002070478268064B891AB7
:102CF0009942F8DD0321002300F5005282F82411E7
:102D000003700020704700BF400D03002DE9F04123
:102D100000F58055144695F8912092B0561E012E6C
:102D200005D9032A0ED0002012B0BDE8F081D5F8F5
:102D30009830394ECB1AB3420BD9022300F500501C
:102D400080F825310023012085F8913012B0BDE8CC
:102D5000F081012AE7D100F5005696F9237196F823
:102D60002321002F05DA0F32D2B2082A8CBF7F222E
:102D700001229A42D7D80B4602AA0DF10701FFF7AC
:102D80002FFD9DF80780B8F1080F38D9B8F10C0F66
:102D900037D9B8F1100F36D9B8F1140F35D9B8F1C9
:102DA000180F34D9B8F1200F33D9B8F1310F34BF2F
:102DB0000E270F27384602F083FF80450AD2A0EB8A
:102DC0000802013AD2B202AB0021013203EB080043
:102DD0000DF02EFFE76096F82731003B18BF012366
:102DE0005B05A36102E0012002F096FF204602A9E4
:102DF000FFF75CF80028F6D195F8912091E7474657
:102E0000D8E70927D6E70A27D4E70B27D2E70C270C
:102E1000D0E70D27CEE700BF400D030000F580523C
:102E2000B2F89430B3F5845F14D892F891309BB91E
:102E300000F5005300204FF0010CA2F89200A3F817
:102E40001C01C2F8981093F8261183F8271182F814
:102E500091C07047012070474FF0090C00F50053F6
:102E600083F825C1E6E700BF830F032BC0F30D40B5
:102E700020D0012B0ED0B3B9B0F5B97F21D01F23DC
:102E80005FFA80FC000A012281F800C048708B7054
:102E9000CA70704740F263539842F0D102204FF05D
:102EA000740C0D23EFE79128E9D10B204FF0380C7B
:102EB0000223E8E72928E2D102204FF07F0C092302
:102EC000E1E70B204FF0EF0CDDE700BF2DE9F04FFD
:102ED000456893B0B5F1804F02D013B0BDE8F08FD4
:102EE0000668C068C6F307470C4602F0E9FEEA2F01
:102EF000C6F3072832D0EC2FEFD1B8F15A0FECD13E
:102F00000728EAD92378102BE7D1E3793002C549A5
:102F1000A27980B20143647908201B0443EA0223AA
:102F2000234300224FF0FF34099123FA00F18DF87A
:102F300021308DF822101B0C0C9007A909A8CDE9AF
:102F40000D22CDE90F220A958DF823300B921192B4
:102F500007948DF82040FEF7A9FFBEE70228BCD9F0
:102F6000B8F1FF0F23D0B8F15A0FB6D1A37861782A
:102F700022781B0443EA01231343B3F56E4F40F05C
:102F8000C480A94A33029BB21A4300234FF0804504
:102F90000824A64909A8CDE90A53CDE90C43CDE997
:102FA0000E33CDE910330992FEF780FF95E7A37841
:102FB000617822781B0443EA01231343B3F56E4F73
:102FC00000F02E814FF6C552934200F0CB804FF6B1
:102FD000CA62934281D14FF0000904A8CDF8109045
:102FE000FFF7C6FB924B049AB3F81EA0012ACAF35E
:102FF000400A4FEA8A1A4AF03F0A5FFA8AF440F21E
:103000002981920002321FFA82FA8A4B0AF10601E4
:10301000A3FB0103C91A03EB5103C3F387074FF066
:10302000804385490A930991082120230C91834903
:1030300007AA08910DF1240B4FEA1A218DF81E10F2
:10304000584611468DF81C301546CDE90D99CDE94D
:103050000F99CDF82C90CDF844908DF81DA08DF8E7
:103060001F70FEF723FF764B0993002F3FF435AF17
:10307000CDE9027B4FF00108A3460DF1230608229B
:10308000FF21284602F024FE334656469A4608F1B0
:10309000FF34C4EBC4048DF81C80A4B20195A64291
:1030A0001ADDA3B243B3012B2DD0A7B2023F05A96D
:1030B000B810CDF8149007F00307FFF715FB05983B
:1030C00006A9FFF7D1FE0DEB07031B7E05F8013FB4
:1030D000AA4504F10104E2D15346019D0398294613
:1030E000B24608F101081E46FEF7E0FE029B5FFAB9
:1030F00088F84345C3D2F0E605F801BFAA4504F1BC
:103100000104CED1E8E7FF23E0E74FF6C552934232
:1031100028D04FF6CA6293423FF45DAF08270022E1
:10312000FF240A956FF0FE0506FA07F0454980B2C4
:103130000143099123FA07F18DF821308DF822100F
:103140001B0C07A909A8CDE90B27CDE90D22CDE974
:103150000F228DF82330119207958DF82040FEF74D
:10316000A5FEBAE6384802F0CBFD00224FF08041C0
:103170000824314DCDE90A12099505462021CDE9F3
:103180000C42CDE90E22CDE91022304A294B08929B
:10319000AA1D8DF81C10A3FB0213D21A07A803EB7B
:1031A000520325FA04F10DF1240BC3F387088DF8BF
:1031B0001E100746014658468DF81D508DF81F8099
:1031C000FEF774FE1E4B0993B8F1000F3FF485AE75
:1031D0000124DFF874900DF12306A4EB090A0822FC
:1031E000FF21384602F074FD3A46631EC3EBC30369
:1031F0009BB2013B8DF81C404B440AEB03018D420E
:1032000005DD13F8011F02F8011F9642F5D10134C4
:1032100039465846E4B2FEF749FEA045DFD25CE6E7
:103220000B4AB2E65A00EC1C5A00EE18E4150108ED
:1032300054000320254992245AFFEC1CFFCAFE00CB
:103240005AFFEB1C5A00E818CC150108FFC5FD0019
:103250005AFFEE1808224FF0804316490C9209914C
:1032600007A908460D46FF210A93CDE90D99CDE93E
:103270000F99CDF82C90CDF8449002F029FDFF2253
:10328000049B8DF81C40012B8DF81D2006D0CDF835
:103290001E90294609A8FEF709FE1EE606A9484623
:1032A000CDF81890FFF720FA06980DF11E01FFF7F0
:1032B000DBFDEEE75ACAFE182DE9F043144602780A
:1032C0000646013A1D4685B0092A11D8DFE812F0FA
:1032D0001C0010000A008A01100010000A001000F3
:1032E00066010A00012900F08A817F22122101E093
:1032F0007F221121032322703278A17062702B800B
:10330000002005B0BDE8F0830229EED141232370EF
:10331000437863709E2BE8D801A252F823F000BFD7
:103320007738000855380008EB3200088D37000860
:1033300083370008793700086F37000865370008C1
:10334000EB320008EB320008EB320008EB320008E9
:103350004F3700083F370008353700083537000879
:103360001538000813370008EB3200082D38000824
:10337000EB32000821380008EB320008EB3200087D
:10338000EB320008EB320008EB320008EB320008A9
:10339000E9370008EB320008EB320008C9370008B3
:1033A0000938000809370008EB320008EB32000842
:1033B000EB320008EB320008EB320008EB32000879
:1033C000EB320008EB320008EB320008EB32000869
:1033D000EB320008EB32000813370008EB3200082C
:1033E0001337000809370008EB320008D538000809
:1033F000C9380008EB320008EB320008EB32000855
:10340000EB320008EB320008EB320008EB32000828
:10341000BD380008EB320008B1380008EB32000874
:10342000A5380008EB320008993800080937000871
:103430008D38000813370008833800081337000858
:10344000EB3200082737000827370008EB32000866
:10345000273700080937000809370008EB32000851
:10346000EB320008A3370008EB320008EB3200080B
:10347000EB3200081D3700081D370008EB3200084A
:10348000EB320008EB320008EB320008EB320008A8
:10349000EB320008EB320008EB320008EB32000898
:1034A00097370008EB320008FF370008F3370008B1
:1034B000EB320008EB320008EB320008EB32000878
:1034C000EB32000841380008EB320008EB3200080C
:1034D000EB320008EB320008EB320008EB32000858
:1034E000EB320008EB320008EB320008EB32000848
:1034F000EB320008EB320008EB320008EB32000838
:10350000EB320008EB320008EB320008EB32000827
:10351000EB320008EB320008EB320008EB32000817
:1035200035380008EB320008EB320008EB320008B7
:10353000EB320008EB320008EB320008AD37000830
:10354000EB320008EB320008EB320008EB320008E7
:10355000EB320008EB3200081D370008EB320008A0
:10356000EB320008EB320008EB320008EB320008C7
:10357000EB320008EB320008EB320008EB320008B7
:10358000EB320008EB320008EB320008EB320008A7
:10359000EB320008BD3700080937000802297FF424
:1035A000A4AE49232370437863700A2B3FF69DAE87
:1035B00001A252F823F000BF57360008EB32000892
:1035C00077360008EB32000865360008EB32000859
:1035D000F9360008EB320008EB320008EB32000845
:1035E000DB36000801297FF480AE0191FFF764F813
:1035F000019968BB337840332370298080E602A8A4
:10360000FFF7B6F820BB029B5A1C52002A80327882
:1036100063704032DBB22270002B3FF471AE07467C
:1036200004F1020904F103080CE0039B1A0E09F8E7
:1036300017201B0C9DF8082008F817300137BA42F4
:103640007FF65EAE384603A9FFF74EF80028ECD0AF
:103650007F2210214EE644F254020623C4F80220D1
:103660002B804DE601239E49A370E01C02F040FB35
:1036700013232B8044E614230120E61CA07031465E
:103680002B80FFF7ABF8E11D05460220FFF7A6F8F7
:10369000034604F10B0103201D43FFF79FF8034687
:1036A00004F10F010420ADB21D43FFF797F8034664
:1036B00004F113010520ADB245EA0304FFF78EF8CB
:1036C000A4B244EA00039BB2002B3FF419AE1122CE
:1036D0000021304602F0FCFA12E60123E61CA3703A
:1036E00014220021304602F0F3FA30467D4902F000
:1036F000FFFA17232B8003E6782207237A49A27169
:10370000C4F802102B80FBE5042200232A8063808A
:10371000F6E5032200232A80A370F1E5032280232B
:103720002A80A370ECE50322704B2A805B881B097A
:10373000A370E5E503228A232A80A370E0E5032233
:103740006B4B2A809B8AC3F30723A370D8E504231D
:10375000674A2B809388C3F34A13A3709388DB00D6
:10376000E370CDE5032288232A80A370C8E50322F5
:103770007E232A80A370C3E5032274232A80A370CA
:10378000BEE503224C232A80A370B9E5042202235C
:103790002A806380B4E50622564B2A80C4F80230A2
:1037A000AEE5032201232A80A370A9E507210023A7
:1037B000514A2980C4F80220A371A1E50622002302
:1037C0002A80C4F802309BE504232B800BF0F8FF1D
:1037D0004A4DA5FB00239B0BA3700BF0F1FFA5FB4B
:1037E00000539B09E3708BE503220A232A80A37010
:1037F00086E504224FF413432A80638080E5032288
:103800007D232A80A3707BE506223D4B2A80C4F8E5
:10381000023075E504224FF41C532A8063806FE563
:1038200004224FF47F432A80638069E503232B80C1
:10383000A37065E50622334B2A80C4F802305FE5A9
:103840000023092140F269122980C4F80220E38094
:10385000237255E503A8FEF78BFF08B100230393FD
:1038600000230621039A298002F07F02A270E370F0
:103870002371637144E50622234B2A80C4F8023089
:103880003EE5032251232A80A37039E504224FF438
:103890009C532A80638033E504224BF635732A80DB
:1038A00063802DE50622194B2A80C4F8023027E5F3
:1038B000042243F60B132A80638021E5042248F694
:1038C00013232A8063801BE50622114B2A80C4F84B
:1038D000023015E5032264232A80A37010E500BF9F
:1038E000C40E0108D40E010801123456C40003208E
:1038F0005400032060800001010C9500D34D62103C
:103900008005B0150204000CBE1FA8137EDC8C01DC
:103910008C92802308B503490348FFF747F800203D
:1039200008BD00BF78000320282C03200146014871
:10393000FFF7D6B9282C03200146024A0248FFF7B8
:10394000E5B900BFA0000320282C03202DE9F04199
:103950000446D0E90050B0F1804F884616461F4615
:1039600082B008D018B940F2E6739D421AD0002008
:1039700002B0BDE8F081C5F30743EF2BF7D1C5F3E3
:1039800007235A2BF3D105F10F03DBB2092BEED835
:103990002B029BB205F0E0551D4345F46F0545F041
:1039A0005A0501E040F2EE751C4BC3E900501C4B78
:1039B000C3E9005098F800301A4D0F2B03D82B782C
:1039C0000BB100232B70E06802F07AF90096A3692E
:1039D0000146A3F50013B3FA83F3424611485B098D
:1039E000FFF70EF82A78022AC1D14FF0FF330E49B3
:1039F00038680BF0F7F84FF0FF3304460B496A883C
:103A000038680BF0EFF86B8804440233A34201D00E
:103A1000FDF7ACFB002301202B70A9E7A0000320D9
:103A200078000320282C03202A2C0320352C032087
:103A30000020F0B4049F4E4D4E4E388037602B600E
:103A4000002A4ED00846114602781C460F2A4AD951
:103A5000103A762A3DD8DFE802F0553C3C3C3C3C2D
:103A60003C3C3C3C3C3C3C3C3C3C3C3C3C3C3C3C96
:103A70003C3C4B693C3C3C3C3C3C3C3C3C3C3C3C4A
:103A80003C3C3C3C3C3C3C3C613C3C3C3C3C3C3C51
:103A90003C3C3C3C3C3C3C3C3C3C3C3C3C3C3C3C66
:103AA0003C3C3C3C3C3C3C3C3C3C3C3C3C3C3C3C56
:103AB0003C3C3C3C3C3C3C3C3C3C3C3C3C3C3C3C46
:103AC0003C3C3C3C3C3C3C3C3C3C3C3C3C3C3C3C36
:103AD0003C007F221121032322700278A1706270C2
:103AE0003B80F0BC70473B462246F0BCFFF7E4BB8E
:103AF000012904D04378012B2BD0022B21D07F2227
:103B00001221E8E70129FAD0437803F0FB03812B67
:103B1000F5D15022012322703B80E2E70129EED04B
:103B20004378012B11D0022BE9D1DAE70129E6D045
:103B30004378012B14D0022BE1D100220E4B1A70D6
:103B4000CFE701220C4B1A70CBE77E2222703B801C
:103B5000C7E7094A13700278403222703B80C0E701
:103B60000021054A11700278403222703B80B8E78C
:103B7000584D0320544D032076000320814204D980
:103B800000F17840B0F5802F01D30020704701F19B
:103B900078410139B1F5802F2CBF002001207047FA
:103BA000814208D9B0F1005F05D3044881428CBF3F
:103BB0000020012070470020704700BF0000042053
:103BC000814211D9B0F1005F10D31A4B994219D933
:103BD000194B984208D9194881428CBF0020012016
:103BE0007047B0F1006F15D200207047144B984217
:103BF0000AD8144B9842F4D9134881428CBF002054
:103C00000120704701207047104881428CBF00207E
:103C1000012070470E4B9942E6D80E4BB3F8E030C6
:103C2000B3F5007FEED00C4881428CBF002001200C
:103C3000704700BF000004203F20024040210240A6
:103C4000FFFFF90BFFFFF80B0080F90B0002FA0BE6
:103C5000000008080005FA0B0000040800B58BB04E
:103C600001A804F0B5FB0598AA3818BF01200BB0D5
:103C700000BD00BF00B58BB072B601A804F0A8FB70
:103C800004214FF40052079B019143F08063CDE97A
:103C9000062304F0A1F918B162B601200BB000BDF3
:103CA00004F0BAF90028F7D101A804F06FFA10B9AE
:103CB00004F0D4F9F0E704F0C3F904F0A1F9EBE75C
:103CC00010B58AB004F088F9044604F0A5F904435D
:103CD00001A804F07DFB04214FF480729DF81E3092
:103CE000E4B2C3F3001383F001031B05CDE90623FF
:103CF000019134B104F0A4F904F082F901200AB072
:103D000010BD01A804F042FA0028F3D104F0A6F98E
:103D1000044604F095F9044304F072F9E4B2204338
:103D2000C0B2003818BF01200AB010BD30B58BB04A
:103D300004F052F9044601A804F04AFB0023802253
:103D40000798022110F4801FCDE9033200930CBFC5
:103D500002230123019101A86946029304F0CEFBDE
:103D6000054604F04DF928432043C0B2003818BF7F
:103D700001200BB030BD00BF70B504F02DF9054631
:103D80000F4C104ED4E90023B3F1FF3F08BFB2F14E
:103D9000FF3F04F5802107D0012004F09BF90028A3
:103DA00018BF45F00105EDB20834B442EAD104F081
:103DB00027F92843C0B2003818BF012070BD00BFEA
:103DC00000E0030800000408002330B58FB0009322
:103DD00004F002F90223044605A8019304F0F8FA5E
:103DE0000B9B042213F4801F4FF07C0014BF0223AE
:103DF0000123694603900DEB02000492029304F044
:103E00007DFB054604F0FCF8054344EA0500C0B21A
:103E1000003818BF01200FB030BD00BF014608B503
:103E2000012004F057F9003818BF012008BD00BF79
:103E30000022014B1A6070475C4D0320514930B499
:103E40000A884AB1B2F57B6F68D24F4BC2EB02329F
:103E5000A3FB0232C2F3CF224C4C4B8822804BB1E1
:103E6000B3F57B6F5DD2484AC3EB0333A2FB032358
:103E7000C3F3CF23464D8A8863802B68B2F5506F19
:103E8000A0EB03030FD30122642B227120D92860F9
:103E90004FF0000C94E807003E4B84F808C003C3C1
:103EA00030BC1A807047B2F5406F17D2B2F5306F50
:103EB0003AD2B2F5206F21D2B2F5E06F48D2B2F516
:103EC000807F4DD94FF0000C642B84F804C039D8A2
:103ED0004FF0000C84F808C030BC70470322642BFC
:103EE0002271F5D92B4B28601B79012BD0D1637936
:103EF000062B01D8013BDBB26371C9E70522642BB5
:103F00002271E5D9234B28601B79012BC0D1E388AE
:103F100083F4807323F0FF03E380B9E740F6FF7278
:103F20009AE740F6FF73A5E70422642B2271CFD9EC
:103F3000184B28601B79012BAAD1A37983F00103C8
:103F4000E380A5E7134B28601B79012BA0D1A1E7E3
:103F50000622642B4FF0010C2271BBD9286099E72F
:103F60000222642B2271B3D90A4B28601B79012BE2
:103F70008ED163799A1FD2B2F82A84BF0133DBB2A3
:103F8000637185E7604D0320BFBF8C82C4000320AE
:103F90005C4D0320D00003200022014B1A707047B3
:103FA000664D0320154B164A1B781188B2F802C0E3
:103FB000507963B9134B1980A3F804C01873107AB1
:103FC0001179D288987583F820105A8370471F2979
:103FD0000C4B08D91980A3F804C00028EED1D98968
:103FE000C9B21973EBE7BCF11F0FF3D8598889B236
:103FF0001980D98889B29980EFE700BF664D032008
:10400000C400032054000320014B1860704700BF18
:10401000684D0320704700BF00B5044B83B018689B
:1040200001A907F0D9F9019803B000BD684D03203C
:104030000D4B02781B68403201291A700FD900B568
:10404000A1F1020E10FA8EFE024610F801CF724561
:1040500003F801CFF8D1054B1B68198000BD034B55
:104060001B681980704700BF944D0320904D0320BA
:1040700030B54378044685B013B98378442B0FD00C
:104080007F204FF0310C03213C4B3D4A1B681268E6
:104090001870207883F802C05870118005B030BDC8
:1040A0000B2903D07F204FF0130CECE7354B197828
:1040B000022903D04FF07F0C7F20E4E71B7F022B07
:1040C00011D1314D6B7B13F0FB030FD07F202425E2
:1040D00003212A4B2A4A1B681268187020789D70A9
:1040E00058701180DAE74FF0330CE5E7D0F80300A1
:1040F000AB6001232B73D4F8073000BA1BBAC11888
:104100006B6001922860FFF739FD1C4B19681C4B4E
:10411000D3F800C040B36B68019A13F0070F0AD0C0
:104120007F2370200B70032394F800E0887081F8DF
:1041300001E0ACF8003023786A734FF20F042025B9
:1041400040338DF80C3003AA4B1EC81C8DF80D505F
:10415000ADF80E4012F8011B03F8011F8342F9D19C
:104160000423ACF8003099E77F22312003230A7042
:10417000227888704A70ACF800308FE7944D0320A5
:10418000904D0320704D03209C4D032003780F2B8E
:1041900040F283802DE9F047A3F1100204460D465A
:1041A0008EB0772A7FD8DFE812F0420232027E001A
:1041B0007E00C5017E007E007E007E00AC017E0098
:1041C0007E007E007E007E007E007E007E00F80184
:1041D000E20108027E007E006C019F01920115023F
:1041E0007E0085017E002202D5017E005C017E00FA
:1041F0007E0048012201ED00DD00D0007E007E003F
:104200007E007E00320105017E007E007E007E0081
:104210007E007E007E007E007E007E007E007E00AE
:104220007E007E007E007E007E007E007E007E009E
:104230007E007E007E007E007E007E007E007E008E
:104240007E007E007E007E007E007E007E007E007E
:104250007E007E007E007E007E007E007E007E006E
:104260007E007E007E007E007E007E007E007E005E
:104270007E007E007E007E007E007E007E007E004E
:104280007E007E007E007E007E007E007E007E003E
:104290001501C300B300A6008D00A24BA24A1B6803
:1042A0001268FFF709B87F20112503219E4B9D4A14
:1042B0001B681268187020789D70587011800EB0BD
:1042C000BDE8F087012D40F2FA84427802F07F03C6
:1042D000012B00F01485032B00F0FF847F201225B2
:1042E0000321914B8F4A1B681268187020789D70CB
:1042F00058701180E3E77F20112503218A4B894AFA
:104300001B681268187020789D7058701180D6E76D
:10431000022D00F0A8847F2013250321824B814ABF
:104320001B681268187020789D7058701180C6E75D
:104330007F20122503217C4B7A4A1B681268187073
:1043400020789D7058701180B9E77F2011250321D6
:10435000754B744A1B681268187020789D705870ED
:104360001180ACE7704B6F4A012D1B68166800F096
:10437000A9837F2113200322197021789870597026
:1043800032809CE7012D40F23B83684E737B012B0A
:1043900000F01A85644A6349022B1268086800F02D
:1043A000C2857F21242503231170217895705170D7
:1043B000038084E7022D00F06D847F201325032104
:1043C000594B584A1B681268187020789D705870B5
:1043D000118074E77F2011250321534B514A1B683C
:1043E0001268187020789D705870118067E7022D50
:1043F00000F22D817F20132503214B4B494A1B6876
:104400001268187020789D705870118057E7012D40
:1044100040F20383437803F00F02042A00F0C184C2
:104420007F2012250321404B3E4A1B6812681870FA
:1044300020789D705870118041E73D4BB3F8E03013
:10444000B3F5007F00F09C847F2011250321364BBB
:10445000344A1B681268187020789D70587011805B
:104460002DE7032D00F2FB807F20132503212E4B27
:104470002C4A1B681268187020789D705870118043
:104480001DE7012D40F2E382467806F07F06012EFB
:1044900000F0CD84022E00F0EB847F201225032152
:1044A000214B204A1B681268187020789D70587044
:1044B000118004E77F20112503211B4B194A1B683B
:1044C0001268187020789D7058701180F7E67F2070
:1044D00011250321144B134A1B68126818702078A9
:1044E0009D7058701180EAE67F20112503210E4B44
:1044F0000C4A1B681268187020789D7058701180E3
:10450000DDE6094F022D3B6800F242827F20132531
:104510000321044A1870207812689D705870118029
:10452000CDE600BF904D0320944D03209C4D032009
:104530000005FA0B042D00F0B3827F201325032120
:10454000A44BA54A1B681268187020789D7058709B
:104550001180B4E67F20112503219E4B9E4A1B68E3
:104560001268187020789D7058701180A7E6012D90
:1045700040F26082437803F00F02042A00F0448482
:104580007F2012250321934B934A1B6812681870F1
:1045900020789D705870118091E6032D00F0A18263
:1045A0007F20132503218B4B8B4A1B6812681870E0
:1045B00020789D705870118081E67F20112503219D
:1045C000844B854A1B681268187020789D7058705B
:1045D000118074E67F20112503217E4B7E4A1B68E3
:1045E0001268187020789D705870118067E6022D4F
:1045F00000F2F5817F2013250321764B764A1B6854
:104600001268187020789D705870118057E6714BB1
:10461000714A022D1B68166800F026827F21132044
:1046200003221970217898705970328047E6022D64
:1046300000F0F1827F2013250321664B664A1B6838
:104640001268187020789D705870118037E6022229
:10465000294620460EB0BDE8F047FFF709BD90F9A6
:1046600001204378002ABCBF03F07F0343704388D6
:10467000B8BF01265BBA9BB2A8BF0026B3F5097F7D
:1046800000F35F85B3F5007F2ADBA3F50073242BCD
:1046900026D8DFE813F0ED00D600C500B200A30075
:1046A00090006800590050014801250025002500B0
:1046B0002500250025001401FF0025002500250008
:1046C00025002500250025002500250025002500C2
:1046D00025002500250041012601760143003D000B
:1046E0007F20312103223B4B1B6818702078997082
:1046F000394958700B681A80002E3FF4E0AD354AF6
:10470000126812787F2A3FF4DAAD00221A80D6E5CB
:10471000052D00F069877F201321E3E7042DFAD1EE
:10472000FDF7AAFA0A2009F089FD2A4B1A682A4BDC
:104730001B6821784031117061785170A1789170B7
:10474000E178D1701D80D7E7224A234B042D1268EF
:104750001B6800F02D877F21132011702178907045
:1047600051700325EEE70B2DD5D9456887682DBA22
:104770003FBA28467919FFF723FA0028B0D0394606
:104780002846FDF7D5FC01460827124B25781A6804
:10479000403515706078104B5070A0781B68907091
:1047A000E078D171D070080E1071080CF94050718A
:1047B00091711F80A0E7074A074B062D11681B68FF
:1047C00000F002877F2213200A70227888704A70D6
:1047D000032290E7944D0320904D03207120042183
:1047E000AB4B1A68AB4B107060781B685070A078A8
:1047F0009070E078D07019807EE7A54B7120196821
:10480000AB1E0A46087014FA83F3214614F8010F10
:104810008B4202F8010FF8D19E4B1B681D806BE79D
:10482000FFF7AAFA9A4B1A689A4B1B68002800F007
:104830000F877F21722011702178032590705170AD
:1048400080E7FFF7C1FA924B1A68924B1B68002869
:10485000EFD12146207840301070A81E14FA80F065
:104860000C4611F8017F844202F8017FF8D169E714
:10487000874A884B042D12681B687FF46CAF41781F
:10488000012900F09487022940F08987002082499D
:1048900008704EE7042D7FF43EAF804B1A78022A51
:1048A00000F0AA877F227F200321794B1B681870B4
:1048B00020789A70774A5870136819801CE7042D85
:1048C0007FF429AF754B1A78022AEBD11B7F022B9C
:1048D00040F08F874378012B00F0CF877F20122193
:1048E00000E7052D7FF417AF0079FDF7C3FAFDF758
:1048F000C3F90A2009F0A2FC0420654B21781A684C
:10490000644B40311B68117061785170A1789170CF
:10491000E178D1701880EFE6072D7FF4FCAE04300B
:10492000FDF79AFAE3E75D4B1B7F022B00F011863F
:104930007F203321D6E6082D7FF4EDAE4378012B9E
:10494000CCD1C379042B7FF4CBAE80792279637903
:10495000000240EA026040EA034040F00400FDF734
:10496000DFFE002800F056857F2072250321484A8B
:10497000484B12681B681070207895705070198031
:10498000BAE6072D7FF4C7AE0430FDF77BFAAEE739
:10499000592204211A70427899705A70427802F0B4
:1049A0007F02012A00F09C82022A00F093827F2578
:1049B00012260320374A1D70257811689E705D709D
:1049C000088094F90130002BBFF679AC3B681B7866
:1049D0007F2B3FF474AC0021136819806FE42F4BD8
:1049E0001E78022E00F055827F220320284B294991
:1049F0001B6809681A7024789A705C7008805EE4FD
:104A00007F2013250321224B224A1B68126818704D
:104A100020789D705870118051E47F201325032168
:104A20001B4B1C4A1B681268187020789D705870C8
:104A3000118044E47F2013250321154B154A1B6880
:104A40001268187020789D705870118037E47F20AC
:104A5000132503210E4B0F4A1B681268187020782B
:104A60009D70587011802AE40C4A1278012A00F0D7
:104A70007682427802F07F02012A00F0A9837F212A
:104A8000122003221970217898705970328016E430
:104A9000944D0320904D032076000320704D032099
:104AA0004378FF2B00F072827F2031250321A74B32
:104AB000A74A1B681268187020789D705870118082
:104AC000FFF7FDBBA34A517B032900F032837F210E
:104AD0002420032219702178987059703280FFF7D2
:104AE000EEBBB0F8012052BA90B20022A0F50071DE
:104AF000B1F5007FCDE90122CDE903220092C0F09B
:104B00006B82A0F57142843A0C2A08D8DFE802F0E3
:104B100072076C63070707075A07070715007F200E
:104B200031250321894B8A4A1B6812681870207846
:104B30009D7058701180FFF7C2BB69460120FDF7D8
:104B40004DFE01A905460220FDF748FE034602A9D5
:104B500003201D43FDF742FE034603A90420ADB226
:104B60001D43FDF73BFE034604A90520ADB21D43DE
:104B7000FDF734FEADB20543ADB2112269460DF129
:104B8000170001F0A9F8002DC9D1142523786F4A28
:104B900066781168A2784033681E8DF814308DF85D
:104BA00016208DF8156005AA4B1E11FA80F012F838
:104BB000011B03F8011F8342F9D1654B1B681D805F
:104BC000FFF77DBB0C2264490DF1170001F084F85A
:104BD0000F252378DBE7042260490DF1170001F06F
:104BE0007BF807252378D2E75D4A042512788DF8F3
:104BF0001720CCE70C225B490DF1170001F06CF88F
:104C000020230922584909A88DF82330192501F0DD
:104C100063F82378BBE7437803F07F03022B00F0AF
:104C20005B82032B00F04482012B40F06A82002259
:104C30004B494E48C1E903220B70464B02605A7340
:104C40004A610A778A6194F901306278002BFFF695
:104C500036AB50203D4B3E491B6809685A701870AE
:104C60000D80FFF72CBB427802F07F03012B00F090
:104C70007F81022B00F053827F2012250321334BCA
:104C8000334A1B681268187020789D705870118024
:104C9000FFF715BB4378002B00F09381802B3FF486
:104CA0000EAB7F2012250321284B294A1B6812686E
:104CB000187020789D7058701180FFF700BB7F201E
:104CC00013250321214B224A1B6812681870207893
:104CD0009D7058701180FFF7F2BA244D29680029A1
:104CE00040F02E817F202225184A19491268096850
:104CF00010702078957050700B80FFF7E0BA022D8D
:104D000000F037828378103B032B00F2F285DFE856
:104D100003F01917021B164B144A136094F9013063
:104D2000002BFFF6CCAA0221084A237812684033F0
:104D3000074D137060782B6850701980FFF7BFBA69
:104D40000C4BE9E70C4BE7E70C4BE5E7944D0320F0
:104D5000904D03209C4D03209005FA0BFC0E01089A
:104D6000704D0320E40E0108F00E0108984D032059
:104D700020A1070090D0030048E8010040420F0046
:104D8000022D00F23C817F2013250321B14BB24A52
:104D90001B681268187020789D7058701180FFF79A
:104DA0008EBA03F0F002402A40F22C817F201225B7
:104DB0000321A84BA84A1B681268187020789D70C0
:104DC00058701180FFF77BBAA91E11F007051FFA72
:104DD00081F840F09A80B36872684344934200F2CD
:104DE0009480327B4378934200F042847F20732585
:104DF0000321984B984A1B681268187020789D70A0
:104E000058701180FFF75BBA03F0F002402A40F2BD
:104E100029817F20122503218E4B8F4A1B6812683F
:104E2000187020789D7058701180FFF748BA40F2D2
:104E30006713ADF81430FFF7EFF8884A884B42400B
:104E4000C3E903021E7794F9013000BA002BCDF8B4
:104E50001600FFF634AA06217E4B05981B687E4A91
:104E60001860BDF81800126898801180FFF727BA03
:104E7000062D00F0CB817F2013250321754B764A48
:104E80001B681268187020789D7058701180FFF7A9
:104E900016BA4FF28412B0F8013058BA80B220F03E
:104EA0000801914200F0F68049F2F102934200F0CD
:104EB0006382072D00F057837F2013250321654B64
:104EC000654A1B681268187020789D7058701180B0
:104ED000FFF7F5B9032D00F0CE817F25132668E595
:104EE000032DFAD1002205A8DA70FDF741FC5A4AD9
:104EF0003B681668002800F024837F211970722116
:104F000020789970587035805BE57F2071250321EA
:104F1000504B514A1B681268187020789D70587069
:104F20001180FFF7CCB9022D00F061817F2171253E
:104F3000032311702178957051700380FFF7BFB97A
:104F4000130600F12481C7200221424B424A1B680C
:104F500012681870607858701180FFF7B0B97F221E
:104F600003211A7000789A7058703180FFF7A7B942
:104F700011063FF5A4A9C521364B374A1B681268B4
:104F80001970417859701580FFF799B98378FF2B14
:104F90007FF48AADC378FF2B7FF486ADFDF78CFBE1
:104FA000002800F01D847F2072250321294B2A4A06
:104FB0001B681268187020789D7058701180FFF778
:104FC0007EB97E21234B244A1B68126819704178F0
:104FD00059701580FFF773B96946FDF7FFFB00288C
:104FE00000F027817F2131201A4B1B4A1B68126871
:104FF00019702178987059701580FFF760B90122F7
:10500000FFF726BB1B095A1DAA4280F2D380002B52
:1050100000F0A7820027591E0530C90010F8012FA3
:105020008A4008393A4311F1080F97B2F6D19E1D14
:10503000F3199D4200F072827F2013250321054B56
:10504000054A1B681268187020789D70587011808E
:10505000FFF735B9944D0320904D03207856341254
:10506000704D0320AF4A1278012A00F032811B09EB
:105070009A1D954200F0EE817F2013250321AA4B53
:10508000AA4A1B681268187020789D7058701180A9
:10509000FFF715B97F2031250321A34BA34A1B68D5
:1050A0001268187020789D7058701180FFF707B94A
:1050B0009F4A928A92B2B2F5805FC0F041817F2010
:1050C0008825994A99491268096810702078957066
:1050D00050700B80FFF7F3B8954B9B8A9BB2B3F5EA
:1050E000805FC0F003817F20222503218E4B8F4AF1
:1050F0001B681268187020789D7058701180FFF737
:10510000DEB87F2012250321874B884A1B6812686E
:10511000187020789D7058701180FFF7D0B8120673
:105120003FF5CDA8294620460EB0BDE8F047FEF772
:105130007FBF04215173027840321A703580FFF727
:10514000BEB8B3F57F4F00F050814FF60172934225
:105150007FF4C6AA042D7FF4DEAA4378012B7FF4E6
:10516000BDAB704B1A78022A00F07C837E22FFF7D9
:105170009ABB7F20132503216B4B6C4A1B68126876
:10518000187020789D7058701180FFF798B801232F
:10519000684C26782370FCF717FE4FF47A7009F0FC
:1051A0004DF8F6B22868FCF717FEFCF765FD26708F
:1051B000FFF785B87F20132503215B4B5B4A1B68F3
:1051C0001268187020789D7058701180FFF777B8BA
:1051D00051221A7042785A70358090F90130002BB4
:1051E000BFF66DA80EB0BDE8F04702F049B8317BBC
:1051F00063788B4200F050817F2173250323117067
:105200002178957051700380FFF759B8454B9A6922
:10521000042A40F20B817F2036250321424B434A6A
:105220001B681268187020789D7058701180FFF705
:1052300046B860782378A478403304228DF81500AE
:1052400069460DF117008DF814308DF8164000F006
:1052500043FD354B0DF113021868431E063012F85A
:10526000011F03F8011F9842F9D107222F4B1B6839
:105270001A80FFF724B8002205A8DA70FDF778FA43
:105280008146002840F02D81059B002B00F0AA826A
:1052900080466E4612E09DF803203B685A55BDF8E3
:1052A000022003F82820009A2B44120A9A70009AD0
:1052B000DA70059B0435984580F01F8140463146E1
:1052C000FDF712FA08F101080028E4D04FF00109B7
:1052D000EFE77F220320144B14491B6809681A70FA
:1052E00024789A705C700880FEF7E9BF00230D4AAD
:1052F0001148C2E90333114903604B7353611377BB
:10530000936194F901306078002B1570FEF6D7AFE9
:105310005021054B054A1B6812685870197015809A
:10532000FEF7CDBF704D0320944D0320904D032018
:105330005400032076000320984D03209C4D032049
:105340000022B349B348C1E903220B70B24B427348
:105350001A604A610A778A6194F901306078934251
:10536000FEF6ADAF5021AD4BAD4A1B6812685870C8
:1053700019701580FEF7A3BF142D7FF49DADD4F8EE
:1053800003100120FDF712FAD4F807100546304645
:10539000FDF70CFA0346D4F80B1003201D43FDF76C
:1053A00005FA0346D4F80F100420ADB21D43FDF7F3
:1053B000FDF90346E17C0520ADB21D43FDF7F6F98A
:1053C000ADB245EA00039BB2944A95491268096858
:1053D000002B00F0F0817F207225032310702078CD
:1053E000957050700B80FEF76ABF042D7FF493A96F
:1053F0004378012B7FF472AA854B1A78022A7FF436
:10540000B5AE1B7F022B40F0F481FEF78FFC002825
:105410007FF4AAAA04212046FEF70AFE804B1B68EF
:105420001A88002A3EF44BAFFFF766B958685969ED
:10543000411A092900F2FA807F2037250321774B92
:10544000774A1B681268187020789D705870118018
:10545000FEF735BF002B00F08D800026013B411D7B
:10546000DB0011F8012F9A40083B13F1080F46EAC0
:105470000206F6D140F6FE739E427CD97F2031258C
:105480000321664B664A1B681268187020789D706D
:1054900058701180FEF713BF013333732378002156
:1054A00040331370637802F8013FB3680BE034684F
:1054B0000131E35CB1F57F6F02F8013FB36803F19E
:1054C0000103B36003D07468A342F0D389B2726859
:1054D000023193420180FEF4F2AE03237373FEF7B0
:1054E000EEBE7F2272203B681A7021784C4A5970B8
:1054F000987013681D80FFF764BAB9F1000F00F0CF
:1055000071817F213B687225197003212078444AFC
:1055100058709D7013681980FFF753BA3C4B1A7886
:10552000022A00F0F0807F227F2503203B4B3C497C
:105530001B6809681D7024789A705C700880FEF7FB
:10554000BEBE062005995971090A19713080FFF70E
:1055500038BABFF34F8FBFF36F8F431D9847FFF7E4
:10556000CBB91F4663E5D4F8031009BAFDF71EF95D
:10557000034629E71E46D4F802502DBA7119284671
:10558000FEF71EFB254B264A1B681168002800F019
:105590001D812278ED1A40321A709A1902E0E85CF7
:1055A00003F8010F9A42FAD1731C0B80FEF787BEF5
:1055B0004178012900F0D980022940F0F0800020D4
:1055C00018490870FFF7B5B8828840F6FB7052BAE8
:1055D00092B2824240F2CD807F2231200A7022783E
:1055E00088704A70FFF7F4B84378012B7FF476A9EE
:1055F0000379002B00F04A81012B7FF471A80A483F
:10560000FCF756FE29462046FEF712FD06E700BFCE
:10561000704D03209C4D0320984D0320944D032092
:10562000904D0320664D0320EC150108197F0129D8
:1056300000F0EF807F2024250321B64BB64A1B687B
:105640001268187020789D7058701180FEF737BE70
:105650002146207840301070A81E14FA80F00C46C5
:1056600011F8017F844202F8017FF8D1FFF76AB890
:105670000133337302F0B0FCB8F1000F5ED027465F
:10568000AA46A946B0683B797A791B0403EB02630A
:10569000FA78397A03EB02237A7A090401EB026182
:1056A000BA780AF1080A134419EB0302FB790837A8
:1056B00001EB0323316801F58021084417F8021C2F
:1056C0000B44FEF7ABFB40EA0503B068D04500F1A0
:1056D0000800DDB2B060D6D802F092FCD6E9013203
:1056E0009A4224BF0323737385B37F217220032260
:1056F000884B1B681970217898705970864B1B680D
:105700001A80FEF7DCBD1B7F022B2CD1D4F802508F
:105710002DBA28467919FEF743FA002840F0BE80DA
:105720007F20312503217B4B7B4A1B681268187050
:1057300020789D7058701180FEF7C1BD02F060FCAA
:10574000D6E901239A4201D8032373730220714AD8
:105750007149237812686478096840331370547073
:105760000880FEF7ACBD3322DEE66C480170FEF720
:10577000E0BF71200870084665784D70A5788D707F
:10578000E4780021151F00F8034F02E000F8011F24
:1057900001318D42FADC043292B2FEF7ACBF7F21B8
:1057A00012201170217890705170FEF7DABF5C48BA
:1057B0000170FEF7BEBF60782378A5785070032093
:1057C0004033137095700880FEF779BD7F20312536
:1057D0000322187020789D7058700A80FEF76FBD04
:1057E0000121A0E44C4A9B00116803330B80FFF7B2
:1057F000E8B83322FFF757B81B7F022BF9D1437863
:10580000012B7FF46BA8FEF75BFA00287FF4ACA8AD
:1058100000E6D4F802101D6909BA8D4212D00027A3
:105820007F2658613525032001329A61394A3A4969
:1058300012681F7716702378096853709570088076
:10584000FEF73DBD1E7794F90130002BFEF637AD13
:1058500040F267212F4A304B12681B6811801E806E
:10586000FEF72DBD1B7F022BC3D12E4B5B7B042B80
:10587000C9D07F202221FEF735BFFEF7EFF900BB2C
:10588000FEF7F8F900287FF46FA8C3E52648FCF777
:105890000FFD29462046FEF7CBFBBFE5022F23D0A4
:1058A000042F1CD0082F12D06FF00603E21D1B1B23
:1058B00002E012F8011F29709918B942F9D3314654
:1058C00031E40BF0A5FA00287FF44EA8A2E5A16808
:1058D000E0680BBA02BA3146C5E9002323E4A368A5
:1058E00031461BBA2B601EE4238931465BBA2B80FC
:1058F00019E47F22002631200321064B0B4D1B6843
:105900002E601A70044A247812685C7098701180B6
:10591000FEF7D5BC944D0320904D0320664D032027
:10592000760003209C4D032000160108984D0320AB
:1059300038B500240122094B09490A4D4C735860BF
:1059400009490A48C3E90344C3E905442C601A70B5
:105950001C77FDF72BF8204638BD00BF704D0320A3
:105960009C4D0320984D0320E00003206860022036
:10597000114B01461A78032A02D01048FDF7B0B93E
:1059800041F288305A688A1A8242F6D900224FF0D2
:10599000010C0B4810B40B4C427383F800C01A770B
:1059A000226006485DF8044BC3E90322C3E90522DF
:1059B0005960FDF795B900BF704D03206860022063
:1059C0009C4D0320984D03200146024A0248FDF7F2
:1059D0009DB900BF08010320686002202DE9F04353
:1059E000002585B004468DF80D50ADF80E50D0E975
:1059F0000050B0F1804F0F4690461E46C5F38269B5
:105A00000CD038B940F2E2739D4263D040F2DF73AC
:105A10009D420ED0002005B0BDE8F083C5F30743DA
:105A2000DA2BC5F3072200F09980DB2BF2D1FF2A95
:105A3000F0D1E06800F044F90028EBD03B780F2B60
:105A4000E8D8002B00F09680072BE3D8013883427A
:105A5000E0D8A2690137ADF80E30A2F5001201239B
:105A6000B2FA82F28DF80D30504B520983F826219C
:105A70006168B1F1804F00F08F8040F2EA7200213E
:105A80004B484C4B0260C3E9002141604FF0FF33AB
:105A900001220DF10D01306809F0A4F84FF0FF3339
:105AA000022204460DF10E01306809F09BF802460F
:105AB0004FF0FF33144439463068BDF80E2009F02A
:105AC00091F8BDF80E3004440333A34244D0FBF7F1
:105AD0004DFB41E040F2EA73364AC2E90030344AF5
:105AE000C2E90030E06800F0EBF8CDF80080A3696F
:105AF000314CA3F50013B3FA83F301463A4620462E
:105B00005B09FCF77DFF2578022D83D100274FF03C
:105B1000FF3301220DF10D0130688DF80D7009F091
:105B200061F82A464FF0FF330546A11C306809F0A2
:105B300059F802464FF0FF3315443068628804F18B
:105B40000D0109F04FF8638805440333AB4201D0DF
:105B5000FBF70CFB0023237001205CE75A2A7FF43B
:105B600059AF2B029BB243EA896343F45A0343F0D3
:105B70005A03B1E7A269B2F5001F7FF44BAF0828C2
:105B80007FF648AF7B78002B3FF444AF0238834266
:105B90003FF640AF02375EE72A0292B242EA8962DC
:105BA00042F45A0242F05A026AE700BF68800220BB
:105BB000E000032008010320686002204FF0000C81
:105BC00010B5029CA4F800C08C460D490B600D492D
:105BD0000C600D494860114622B1BDE81040604696
:105BE000FEF7D4BA4FF07F0E8CF80020132003226A
:105BF00083F800E09CF8001098705970228010BD66
:105C0000944D0320904D0320704D03204FF0000C65
:105C100010B5029CA4F800C08C460D490B600D49DC
:105C20000C600D494860114622B1BDE81040604645
:105C3000FEF7ACBA4FF07F0E8CF800201320032241
:105C400083F800E09CF8001098705970228010BD15
:105C5000944D0320904D0320704D032038B5049AD5
:105C600012884AB11978512907D0C72904D1012ACD
:105C700002D05B78032B08D038BD4FF4FA7008F0DF
:105C8000DDFABDE8384001F0FBBA4FF4FA7008F0D5
:105C9000D5FA0123084C25782370FCF795F84FF4CA
:105CA0007A7008F0CBFA054BEDB21868FCF794F85F
:105CB000FBF7E2FF257038BD76000320984D0320E6
:105CC000014BC0B2185C70477C180108704700BFD8
:105CD0000AB10AF0ADBF70474AB1013A4B1E013814
:105CE000114413F8012F8B4200F8012FF9D17047AE
:105CF000421E11F8013B02F8013F002BF9D1704719
:105D000008B503782BB10130FAF79AFA013080B266
:105D100008BD184608BD00BF4FF47A7202FB00F0C0
:105D2000024BA3FB0030800908F088BAD34D621003
:105D3000F8B54178072909D942F2FE200222164916
:105D4000164B09681B6808801A80F8BD144D04467C
:105D500028690144FDF734FF0F4A104B01281668EB
:105D60001F6805D042F2FE22022332803B80F8BD3C
:105D7000FF233370637863B100232A6912780133FB
:105D8000DBB2F2542A6901322A6161789942F5D86E
:105D9000481C3880F8BD00BFB04D0320AC4D032037
:105DA000B44D032000220146034B1046C3E90322F1
:105DB0001A7059601A817047B44D0320084B1A7845
:105DC0005AB14EF660215A68821A8A4205D90022D9
:105DD000C3E9032258601A701A810020704700BF7F
:105DE000B44D032038B5D0B20C46FFF76FFF074D16
:105DF000E86002E00A2008F021FA21462846FCF774
:105E000055F80028F6D1012038BD00BF300103202D
:105E100070B5D0E90042B2F1804F0D461E4682B007
:105E200007D01AB940F254539C4217D0002002B058
:105E300070BDC4F30743EF2BF8D1C4F307235A2BEB
:105E4000F4D1E3B23F2BF1D123029BB204F0E05432
:105E50001C4344F46F0444F05A0401E040F25554EA
:105E6000124BC068C3E90042FFF72AFFADF80600F5
:105E70000028DBD04FF0FF3302220DF1060130681D
:105E800008F0B0FE4FF0FF3304462946BDF8062067
:105E9000306808F0A7FEBDF8063004440233A34280
:105EA00001D10120C3E7FBF761F9FAE730010320D4
:105EB0002DE9F041069D944F944E954C35606060FD
:105EC0003B604AB1FF2018700878FF2824D094F86E
:105ED00000C0BCF1010F01D0BDE8F081CE38302800
:105EE00027D8DFE800F03326262626262626262673
:105EF000262C2C2626262626262626262626262636
:105F000026332626262626262626268D837C746181
:105F100053264339AFA16C00012A00F098804A78DB
:105F2000002A00F0948042F2FE21022219802A8089
:105F3000D2E742F2FE01022219802A80CCE7002239
:105F4000C3F801205A6008232B80C5E700210322F3
:105F5000A3F801102A80BFE7002201200821C3F81E
:105F60000120A3F80520D8712980B5E7012A30D097
:105F70004A78002AD7D104200821C3F80120A3F8C9
:105F80000520644AD87129802261A5E7012A20D022
:105F9000227A012A03D04A78002A00F08280002168
:105FA000022259702A8097E7052A12D9627A012ABB
:105FB00064D042F6FE11022219802A808CE7002369
:105FC0000122C4E90333237023812A8084E7082A4D
:105FD0004ED042F2FE11022219802A807CE7012A6B
:105FE000F7D0BDE8F0410846FFF7A2BE072AF0D976
:105FF0004B6808461BBA2361BDE8F041FFF798BE25
:10600000072AE6D94D68206995FA85F808EB000162
:10601000FDF7D6FD01283F68366857D042F2FE22D0
:1060200002233A80338057E700215970227A0620F4
:10603000013A18BF01221201D970197159719A7071
:10604000288049E7FE21022219802A8044E70022A5
:1060500001214FF4807608202F4FC4E903222281CA
:106060002170C3F80170A3F80560D971288033E767
:1060700001224B681BBA23612A802DE7D1F8021058
:10608000E668264809BA7040884236D0002242F2BB
:10609000FE50022118802980C4E903222270228147
:1060A0001AE7FDF7B9FF0121042206253B68E060ED
:1060B00061725A70E27B31689A70E289DA70E26844
:1060C000120A1A71E2685A710D8005E75DB100236A
:1060D0001D46226912F8011B013398450D442261C7
:1060E000F8D895FA85F8032100220823C7F8048020
:1060F000A7F80110FA703380EEE622810021022217
:1061000059702A80E8E600BFB04D0320AC4D032053
:10611000B44D03208C180108000108087856341289
:1061200010B50F4B82B0186E002240F001001866C7
:106130001C6E072104F001040094009C9C6D6FF01C
:10614000010044F080549C659B6D03F080530193E3
:10615000019B01F03BF802B0BDE8104003F0D0BE57
:106160000010024070B500210446ACB0942207A88C
:10617000CDE90211CDE9041106910AF059FD324B27
:1061800022689A4201D02CB070BD03234FF48042A4
:106190004FF08051CDE9072309931822112327914D
:1061A000CDE90A23022108224FF0807307A8CDE928
:1061B0000D230C9104F082FD00283BD1234B0026D7
:1061C000DA6C02A942F40052DA64DA6C204D02F46F
:1061D00000520092009ADA6C42F00102DA64DB6C41
:1061E000322203F001030193032301981948CDE9FA
:1061F0000223049602F0D8F980224FF4807305211F
:10620000C5E903626B614FF480622023C5E9011682
:1062100011492846C5E906232E62296001F0E4F8F9
:1062200070B910210A4801F08FFA30B92565AC62C7
:106230002CB070BDFAF79AFFC0E7FAF797FFF5E7C1
:10624000FAF794FFEDE700BF008002420010024021
:106250008C2703200000024208040240094B026818
:106260009A4200D07047A3F500539A6C82B042F472
:1062700080529A649B6C03F480530193019B02B09B
:10628000704700BF0030024010B500210446ACB09A
:10629000942207A8CDE90211CDE9041106910AF074
:1062A000C7FC274B22689A4201D02CB010BD4FF09A
:1062B00000724FF0807307A80792219304F0FEFC50
:1062C000002832D19FED1A6B9FED1B7B09241D4BDB
:1062D00002A9DA6D1C4842F40072DA65DA6D02F444
:1062E00000720092009ADA6C42F00202DA64DB6C0F
:1062F0008DED026B03F0020301938DED047B019B96
:10630000069402F051F900220521272000F05EFFDB
:10631000272000F095FF00220521282000F056FFDD
:10632000282000F08DFF2CB010BDFAF71FFFC9E741
:106330000003000002000000000000000000000058
:1063400000A40040001002400004024208B50268A8
:106350000A4B9A4200D008BD094A4FF44071D36DF0
:10636000084823F40073D36502F024FA272000F0D4
:1063700075FFBDE80840282000F070BF00A4004071
:10638000001002400004024210B50446A6B0942258
:10639000002101A80AF04CFC114B22689A4201D05E
:1063A00026B010BD4FF4802301A8019304F086FCB1
:1063B00098B90C4B0022D86C052140F48020D86499
:1063C000DB6C5E2003F480230093009B00F0FEFE54
:1063D0005E2000F035FF26B010BDFAF7C7FEE8E7F3
:1063E00000080C420010024000B5036887B0B3F10A
:1063F000804F0DD02E4A934238D02E4A934214D06B
:106400002D4A934226D02D4A934244D007B000BD76
:1064100003F504339A6D42F001029A659B6D03F017
:1064200001030193019B07B000BD254B0022986D2D
:10643000052140F0200098659B6D322003F0200379
:106440000393039B00F0C2FE322007B05DF804EB1B
:1064500000F0F6BE1A4B1A6E42F400321A661B6E3A
:1064600003F400330493049B07B000BD144B0022D7
:10647000986D052140F0100098659B6D312003F068
:1064800010030293029B00F0A1FE312007B05DF8DB
:1064900004EB00F0D5BE0A4B1A6E42F480221A6655
:1064A0001B6E03F480230593059B07B000BD00BF5E
:1064B000001000400014004000440140004801402A
:1064C000001002400000000010B500210446AEB0EC
:1064D000942209A8CDE90411CDE9061108910AF02A
:1064E000A7FB2D4B22689A4201D02EB010BD4FF46D
:1064F000005309A8099304F0E1FB00283FD19FED68
:10650000226B9FED237B0A22244C2548E36C04A9CF
:1065100043F00103E364E36C8DED046B03F00103CE
:106520000193019B8DED067B089202F03DF8E36D2F
:1065300043F40013E365E36D03F400130293029B3D
:10654000A36DDB0018D4A36D43F08053A365A36D46
:1065500003F080530393039B03F0CAFCA36D23F065
:106560008053A36500220521492000F02FFE492019
:1065700000F066FE2EB010BD03F0BAFCF2E7FAF7A9
:10658000F5FDBCE7AFF3008000180000020000003A
:10659000000000000000000000D400400010024095
:1065A0000000024210B5014688B000222A2000F007
:1065B0000DFE2A2000F044FE154B01A91A6E03A817
:1065C00042F400621A661B6E124C03F400630293DD
:1065D000029B04F06BFA04F051FA0346002140F2EA
:1065E000E7300D4A2161A2FB0323A1609B0C0B49FC
:1065F000E060013B20462160636005F055FA10B170
:10660000012008B010BD204605F05EF808B010BDAE
:1066100000100240C84D032083DE1B43002C0140C4
:10662000FEE700BFFEE700BFFEE700BFFEE700BFDA
:10663000FEE700BF704700BF014801F013B800BF7C
:106640003C250320014801F00DB800BFD4240320ED
:10665000014801F0F9BB00BF04270320014801F005
:10666000F3BB00BF04270320014805F01DB900BF9C
:10667000C84D0320014805F017B900BF3C24032092
:10668000014805F011B900BFF0230320014802F0D2
:106690003FB900BFB0260320014802F0D7BA00BFBF
:1066A000B0260320014804F0E5BE00BFA425032066
:1066B000014805F0C3BA00BF1C260320014802F0C0
:1066C0000BBD00BF7C200320014800F0CBBF00BF02
:1066D0008C270320014804F0FFBD00BF08260320DB
:1066E000034AD2F8883043F47003C2F88830704708
:1066F00000ED00E0254B25491A68120754BFD3F876
:1067000094301B688A6858BFC3F3032302F00C025D
:1067100048BFC3F30313082A12D01D480C2A50F8AF
:1067200023300FD01B49042A08BF0B46174A1A48CA
:1067300092681A49C2F30312825CD3400B6070471F
:10674000174BF3E7C868CA6800F00301C2F30312ED
:10675000022902F1010211D0032913D0B3FBF2F197
:106760000A4AD368D268C3F3062301FB03F3C2F3DA
:10677000416201325200B3FBF2F3D7E70549B1FBA6
:10678000F2F1EDE70649B1FBF2F1E9E70010024052
:10679000941801080024F400DC18010854010320B7
:1067A00080969800DFF834D0FFF79AFF002103E0CD
:1067B0000B4B5B58435004310A480B4B42189A422A
:1067C000F6D30A4A02E0002342F8043B084B9A42FF
:1067D000F9D30AF093FAFAF741F9FEE70000042032
:1067E0001019010800000320C0020320C00203208A
:1067F000607B0320FEE70000042010B500F0D4FC0D
:10680000FFF778FF0020FFF7CDFE10B101242046EE
:1068100010BD0446FFF784FC204610BD034A044B1C
:1068200011681B780B441360704700BF144E03209F
:1068300058010320014B1868704700BF144E032015
:10684000002330B583B00193002800F09E80856D51
:106850000446002D00F09C80226893689D0005D5B9
:10686000936823F0204323F03F0393609368D8009C
:1068700019D45C4B5C481B6891689B09A0FB03031F
:1068800021F010419B0921F03F0101335B0041F0F1
:10689000805191600193019B2BB1019B013B0193BE
:1068A000019B002BF9D19368D90064D40120A36D1A
:1068B00043F01003A365E36D0343E365936813F0AE
:1068C000040FA36D5DD1DB065BD4A36D23F481734C
:1068D00043F00203A3659368DD0708D4434B9B682C
:1068E00013F0010F424B9B6801D1D90763D5E568CE
:1068F000636B94F820102B43A568012943EA050334
:10690000657E43EA453343EA01434FD0A16A21B192
:10691000E56A01F4707129430B43D5683549294074
:106920001943D16093681B0716D494F83030257E44
:10693000D1685B0043EA8533E56C21F4804121F0A6
:1069400006012B430B43D36094F83830012B3AD027
:10695000136923F0010313612369012B1ED0136B0C
:1069600023F00F031363A36D23F0030343F001032C
:10697000A36503B030BD9368002013F0040FA36D2E
:10698000A1D0A36D43F01003A365012003B030BD77
:10699000FFF7E8FBE56584F854505DE7116BE369A8
:1069A00021F00F01013B0B431363DCE7616A0139FE
:1069B00043EA4143AAE7104965688B6823F47C13D6
:1069C0002B438B6093E71169E36B256C6FF38A01AE
:1069D0002B430B43616C0B43A16C0B4343F001034E
:1069E0001361B9E754010320632D3E050080024284
:1069F0000081024207C0F0FF00830242704700BFDF
:106A0000704700BF08B5806AFFF7FAFF08BD00BFF6
:106A1000704700BF836A10B59A6D12F0500F9A6DDF
:106A20001DD1196842F400729A650A6812F0080FC5
:106A3000CA681BD012F4406F0DD1CA6894040AD4FE
:106A40009A6D22F480729A659A6DD10403D49A6D7E
:106A500042F001029A651846FFF7D0FF10BDD2063A
:106A60000AD4BDE810401B6DDB6B18479007E7D5D3
:106A70001846FFF7C3FFF1E71846FFF7C9FF10BD3F
:106A8000806A08B5836D43F040038365C36D43F0AE
:106A90000403C365FFF7BCFF08BD00BF0022F0B5CB
:106AA00083B0019290F85420012A00F0F38003464D
:106AB00001201A6883F854009068400709D5012026
:106AC0009A6D42F020029A65002283F8542003B0A8
:106AD000F0BD1F24486802F1300500F01F0C4FEA9A
:106AE000901E08680EF00C0EC0F3846000FA0CF0E3
:106AF00004FA0CFC55F80E4024EA0C0C40EA0C0099
:106B000045F80E00906810F0040F906835D1070723
:106B100033D4072408688D68C0F30456B440C00D10
:106B2000B5F1004F6FEA040400F0040000F0FC80AF
:106B300002F11407B5403E5834402C433C50506994
:106B400020F0004050610E69D468042E086800F0FF
:106B5000B88002F1600757F826C0BA4D00F0F8403F
:106B60000CEA05050543C4F3C10448696400A0406C
:106B7000284340F0004047F826009068C60701D53A
:106B80000020A1E7CE680C68AF48D2F8B05006F0FC
:106B90001807F840C4F31207204025EA07052843E8
:106BA000C2F8B000A948864226D0A9490C42E7D0D5
:106BB000A848A94986688D68ED076ED4A74DAD68D1
:106BC000EF073FF57CAFA64D06F0E077AC4200F052
:106BD0005F81A44DAC4200F07F81A34DAC42CFD188
:106BE0007402CDD48A42CBD1826822F0E0723A435B
:106BF00042F480028260C3E7002F51D094FAA4F0DF
:106C0000002800F0D080B0FA80F0013000F01F00C2
:106C1000092840F2C88094FAA4F0002800F072819C
:106C2000B0FA80F00130800600F0F84094FAA4F544
:106C3000002D00F06C810126B5FA85F5354405F08C
:106C40001F0506FA05F5284394FAA4F4002C00F079
:106C50005C81B4FA84F4013404F01F0404EB4404AE
:106C60001E3C240544F0007407272043C50D8E68A0
:106C700005F0040502F1140C5CF80540C0F3045063
:106C8000864007FA00F024EA000030434CF8050083
:106C90000C688AE7022003B0F0BD704A92680EE7E4
:106CA0000120A40E013404F01F06A40604F0F845E8
:106CB000B040092E06EB460440EA0500D0D8240572
:106CC000D2E7146E146EC0F31205C4F38464002D71
:106CD00034D1C0F38466B44200F08B80546E556E9C
:106CE00002F16004C5F3846502F1640CB54200F062
:106CF0009480A568A56804F10807C5F38465C0F30E
:106D00008466AE4200F0B280E568E56804F10C06E6
:106D1000C5F38464C0F38460A0427FF42EAF306872
:106D200020F00040306028E702F1140635582C406E
:106D30003450506940F00040506104E790FAA0F5EB
:106D40001DB1B5FA85F5AC4253D0546E556E02F1C3
:106D50006004C5F3846502F1640C90FAA0F604F1B6
:106D60000807BE461EB1B6FA86F6AE4257D0A568F1
:106D7000A568C5F3846590FAA0FC04F10C06B6463C
:106D8000BCF1000F03D0BCFA8CFCAC4570D0E568B8
:106D9000E468C4F3846490FAA0F000283FF4EDAEF8
:106DA000B0FA80F0B8E794FAA4F0002800F0A480CC
:106DB000B0FA80F00130800600F0F84094FAA4F5B3
:106DC000002D00F097800126B5FA85F5354405F0D1
:106DD0001F0506FA05F5284394FAA4F4002C00F0E8
:106DE0008E80B4FA84F4013404F01F0404EB4404EC
:106DF00065E71446106E02F1640C20F0004044F880
:106E0000600F506E0868556EC0F31206C5F38465B6
:106E1000002EA2D1C0F3846668E704F1080EDCF806
:106E20000000774620F00040CCF80000A068086819
:106E3000A568C0F31206C5F38465002E3FF45FAF6A
:106E400099E700BF00F0FF03FFFF070000007F404D
:106E5000000008800083024200800242008102425A
:106E6000000052C7000084CB0100008004F10C0E2A
:106E70003868764620F000403860E0680868E468CA
:106E8000C0F31205C4F38464002D3FF443AF82E7DE
:106E900036023FF575AE8A427FF472AE82681D49B4
:106EA00022F0E0723A4342F4000282600A681A4912
:106EB0009209A1FB02129209013202EB42029200F6
:106EC0000192019A002A3FF45BAE019A013A0192C5
:106ED000019A002AF9D153E6F5013FF551AE8A42F5
:106EE0007FF44EAE826822F0E0723A4342F0807244
:106EF000826045E602256EE74FF080605EE74FF462
:106F00004014B1E64FF0806090E6044CACE60225F8
:106F100099E600BF54010320632D3E05000050FE9A
:106F2000002370B582B0019303689A68D2072CD40D
:106F30009968284A054611422AD19A68264922F0C2
:106F4000004222F03F0242F001029A608B681E026A
:106F500029D4FFF76FFC2B6806461A68D40714D4AF
:106F60001E4C9A68D00704D49A68224042F001026D
:106F70009A60FFF75FFC821B022A2B6802D91A680D
:106F8000D10705D51A68D207EBD5002002B070BD35
:106F90000120AB6D43F01003AB65EB6D43F00103D3
:106FA000EB6502B070BD0E4B0E4A1B689B09A2FB3D
:106FB00003239B09013303EB43039B000193019BD4
:106FC000002BC6D0019B013B0193019B002BF9D103
:106FD000BFE700BF3F00008000830242C0FFFF7F89
:106FE00054010320632D3E052DE9F041364B056821
:106FF0009B68AD6815F0040516D1164690F854202C
:107000000446012A10D040F2212C03F01F0801236E
:107010002CFA08FC1CEA030C80F8543007D180F8E5
:1070200054C00120BDE8F0810220BDE8F0810F4688
:10703000FFF776FF002840D1A36D216823F4706329
:1070400023F0010343F48073A365204B994237D0AA
:10705000A36D23F48013A365A36D002513F480535F
:1070600018BFE36D206D18BF23F00603E3653346B8
:107070001C263A46164F4031C762164F0763164F1B
:10708000C76341F8406C84F8545051F83C5C45F0BB
:10709000100541F83C5C51F8345C45F0010541F8BD
:1070A000345C00F017FA2268936823F0004323F061
:1070B0003F0343F004039360B7E784F85450B0E70C
:1070C000B8F1000FC8D1C3E7008302420081024239
:1070D000156A0008056A0008816A000890F85420C3
:1070E000012A46D0034600220120F0B42B4D1C6833
:1070F0009AB0AC42169283F85400179208D0996D5A
:1071000083F8542041F0200199651AB0F0BC704713
:10711000234A906840070BD5A26801209A6D42F07F
:1071200020029A65002283F854201AB0F0BC704700
:10713000A0684507F1D40D68EDB11A4E4F68B068EC
:1071400093F830C020F46040384340EA4C30B060DF
:10715000A0689268C0070AD4D70708D4B2688968C3
:1071600022F471620D4322F00F021543B560002036
:10717000D8E7022070470B48816821F460418160A4
:10718000A1689268CD07F2D4D407F0D4826822F4C3
:10719000716222F00F028260E9E700BF00800242C4
:1071A00000810242008302424FF6FF0C06490302AF
:1071B000CA6803F4E06302EA0C02134343F0BF63BE
:1071C00043F40033CB60704700ED00E01A4B00B58C
:1071D000DB68C3F30223C3F1070EBEF1030F03F113
:1071E000030C28BF4FF0030EBCF1060F1BD9A3F10F
:1071F000040C4FF0FF3303FA0CF322EA03024FF0C2
:10720000FF3303FA0EF321EA030303FA0CF31343EB
:107210005B010028DBB209DB00F1604000F5614052
:1072200080F8003300BD00229446E8E7034A00F0EE
:107230000F000244137600BD00ED00E0FCEC00E01E
:10724000002807DB012300F01F01034A40098B409F
:1072500042F82030704700BF00E100E000280CDB5E
:1072600001220649430900F01F002033824041F803
:107270002320BFF34F8FBFF36F8F704700E100E013
:10728000BFF34F8F0549064BCA6802F4E06213430F
:10729000CB60BFF34F8F00BFFDE700BF00ED00E004
:1072A0000400FA05002836D038B5437F044603F0C1
:1072B000FF0263B3022223796277F3B92368174A86
:1072C0005A619A6822F018029A6062798AB122693A
:1072D0001A6101219A68656922F060022A439A6066
:1072E0009A68A56922F080022A439A60617700209B
:1072F00038BD4FF0FF321A61EBE72046D4E90212A5
:1073000000F00EF808B92368DFE7012038BD0277E6
:10731000FEF7A4FFCEE70120704700BFB71DC104F0
:10732000CB071AD51E2310B401E0013B17D321FA75
:1073300003FC1CF0010FF8D0182A11D8DFE802F086
:107340001610101010101010241010101010101023
:1073500021101010101010101400012070472AB1D5
:1073600001205DF8044B7047062BF9D80468002013
:107370006161A36823F018031343A3605DF8044B15
:107380007047072BF2D9EBE70F2BEFD9E8E700BFE7
:1073900011490368C26C8B4288BF104922F0030276
:1073A00094BF02F1804189184FF0010210B4DBB2A2
:1073B0000B4CA3F10803A4FB03430A4CC3F30413CF
:1073C00098BF01F5023102FA03F3C0E91414836592
:1073D0005DF8044B704700BF0704024020080240DC
:1073E000CDCCCCCC8008024000285ED00268304B67
:1073F00070B59A42044646D92E4B2F491344A1FB3F
:1074000003132E481B099B000221C4E91203D4E98F
:10741000025320692B430343606984F8251003431A
:10742000A06911680343E0696FF310110343206AF8
:1074300003430B4320461360FFF7AAFFD4E914610E
:10744000B5F5804FA06D27D06368DAB2013B032BFE
:107450003260486024D801210020194B194D134493
:10746000013A01FA02F218499B00E365626625665B
:1074700018604A6400230122636484F8243084F88D
:107480002520184670BD114B0B491344A1FB031373
:107490001B090F489B00B7E7002363603360486017
:1074A0000023C4E917336366E4E70120704700BF97
:1074B00007040240F8FBFDBFCDCCCCCC0004024059
:1074C0003F8200104009024000090240F8FFFDBF62
:1074D00000000240F0B590F82440012C0AD04FF093
:1074E000010C90F8254080F824C0644504D00023A6
:1074F00080F824300220F0BD0026D0E9157C4FF042
:10750000020E046880F825E046642668C56D26F002
:1075100001062660C7F804C015B1D0E91867776086
:107520000126C76C07F01C0C876C06FA0CF67E600F
:1075300063608368102B036B0BBFA260A160E160E6
:10754000E260B3B1236843F00E032360036D1A6851
:10755000D20303D51A6842F480721A601DB12B68F9
:1075600043F480732B602368002043F00103236001
:10757000F0BD236823F004032360236843F00A036B
:107580002360E3E790F825200346022A06D0042270
:107590005A640022012083F824207047026870B4E6
:1075A000046D1068D96C20F00E00106020689E6C8D
:1075B00020F480702060106801F01C0120F00100B0
:1075C00010600122D3E91545D86D8A40726065606C
:1075D00030B1D3E91814026822F4807202604C6062
:1075E000012283F82520002283F82420002070BC8B
:1075F000704700BF90F825200346022A03D00422DA
:1076000001205A647047026870B5046D1068D96C27
:1076100020F00E00106010689E6C20F001001060D9
:107620002268D86D22F4807222600122D3E91545C8
:1076300001F01C018A407260656030B1D3E9181412
:10764000026822F4807202604C60012000211A6CF2
:1076500083F8250083F824100AB1184690470020CB
:1076600070BD00BF0421F0B4C26C866C02F01C0235
:1076700035680468914029420346276812D017F004
:10768000040F0FD02268170439D42268950603D45A
:10769000226822F0040222601A6B716092B1F0BC81
:1076A000184610470221914029420DD0B8070BD54A
:1076B000226812F4004F226829D0D4033CD45A6BBC
:1076C000002AECD1F0BC7047082191402942F9D042
:1076D0003907F7D52168002021F00E012160012132
:1076E000DC6B01FA02F27260596483F8240083F8BB
:1076F0002510002CE6D018462346F0BC18477160D0
:107700002268D60314D4036B002BF6D1DAE7900677
:1077100006D4226822F00A022260012283F8252082
:107720000020DA6A716083F82400002AB7D1C9E723
:10773000836B002BE1D1C5E7DA6A002AAFD1C1E73C
:1077400090F82500704700BF60B10368C8061A684A
:1077500005D5C9024CBF42F4801222F480120020E9
:107760001A60704701207047002800F0D78038B5B4
:1077700090F85C30044603F0FF02002B70D02268C2
:10778000936923F010039361FFF754F8054604E072
:10779000FFF750F8401B0A2859D823689A69110747
:1077A000F6D49A6942F001029A61FFF743F8054660
:1077B00004E0FFF73FF8401B0A2848D823689A697D
:1077C000D207F6D59A696068574942F002029A6179
:1077D0000860227C012A9A690CBF22F0400242F024
:1077E00040029A61627C012A9A690CBF42F480428D
:1077F00022F480429A61A27C012A9A690CBF22F489
:10780000805242F480529A619A69A06822F44072D0
:1078100002439A619A69E16822F0A4029A611A69A6
:10782000012922F010021A611FD011B302299A69AE
:1078300076D042F080029A611A69032942F0100260
:107840001A6116D19A6942F020029A6111E003226E
:10785000236E012043F00103236684F85C2038BDC9
:1078600080F85D20FEF710FD89E79A6942F0040276
:107870009A61D4E90612013A0139120242EA4162E0
:10788000216AB0F5407F01F1FF3142EA01026169EE
:1078900001F1FF3142EA0142DA610ED1D4E90B0273
:1078A000A16A013A01381201013942EA00220A4371
:1078B000616A013942EA0142DA60D3F8C020E06B24
:1078C000616B0243C3F8C020D3F88020174822F42C
:1078D000F81242EA01422064C3F88020D3F88020E5
:1078E000A16B134D22F0706242EA01626564C3F835
:1078F0008020104B10494035C4E91253F033C4E9DD
:1079000014134FF45472002109F092F9002301225C
:10791000236684F85C201846A36538BD01207047B3
:1079200042F020029A61A4E700A5004000AC0040AC
:1079300070AC004088AD004060AE004090F85C2024
:107940000346013A012A05D91A6E012042F00202CB
:107950001A6670478A6870B4D1E90354486992077F
:10796000D1E9006156B942EAC56202431B6C42EAA2
:107970000442002070BC43F8212070475B6C44EA4D
:10798000457443F83140104303EBC103586070BCA9
:1079900000207047844690F85C00012807D0DCF88E
:1079A0006030012043F00403CCF86030704710B41D
:1079B0000198DCF8004040EA4303D4F8800043EA31
:1079C000820242EA011120F03F030B430020C4F879
:1079D00080305DF8044B704790F85C200346012A24
:1079E00005D01A6E012042F004021A667047022286
:1079F000002110B4046880F85C20A269084622F0D7
:107A00000102A2615DF8044B1966704790F85C3082
:107A10000146022B17D10268936943F00103936179
:107A20009369DB0758BF0B2313D49069C00710D4A8
:107A3000013BFAD103220B6E012043F001030B66D8
:107A400081F85C207047036E43F008030366012051
:107A50007047936923F01003936193691B0748BF34
:107A60000B2305D59069000702D5013BFAD1E1E768
:107A70004FF0010C10B400249369204643F0020338
:107A8000936181F85CC08C655DF8044B704700BF62
:107A900088B110B50446FFF7B9FF22682046D36DC0
:107AA00023F00303D365FEF751FC0023236684F81B
:107AB0005C30184610BD0120704700BFF0B590F84B
:107AC0005C308646022B0BD10568D5F8C43013F420
:107AD000001C0BD0036E43F4007303660120F0BD5D
:107AE000036E43F0080303660120F0BDD5F8C460BF
:107AF0004B680C6988680F68C6F30146002B37D1C4
:107B0000044344EA8744D1E906030343486906EB8A
:107B1000C6070343086A43EA0063C86843EA0043B0
:107B2000DEF8540040F8374000EBC7004360134CC8
:107B3000CB68E35CA3B19378D7781B0443EA07636F
:107B4000177804323B4312F8037C43EA07230CEB1B
:107B50000007BB60CB680CF1040CE35C9C45EAD3E6
:107B60000123B340C5F8CC300020CEF85830F0BD2A
:107B70003C43044344F08044C5E700BFEC180108CF
:107B80002DE9F04190F85C40022C64D14029056851
:107B90006DD0D5F89840270764D0D5F89870D5F8FF
:107BA0009840C7F30128E60107D5D5F88040E405E1
:107BB00044BF08F1010707F00308C46C08EBC806CE
:107BC00004EBC604266806F080465660D4F800C070
:107BD000002E66D1CCF38A461660266806F0005661
:107BE0009660266806F000461661A688D661B4F84D
:107BF00006C00CF00F0CC2F80CC0666806F48016C4
:107C00005661666806F400169661E67906F07F060E
:107C10001662274E676816F80CE04FEAD77CC2F868
:107C200024C0BEF1000F10D0013B04F1070EF44652
:107C30001EF8015FACF1060C03F8015FD568ACEBF0
:107C4000040C755D6545F2D8056840292CD0C5F84F
:107C50009C80002004E0036E43F0080303660120CB
:107C6000BDE8F081036E43F480730366F7E7D5F84F
:107C700090402707F6D0D5F89070D5F89040C7F31C
:107C80000128E60107D5D5F88040A40544BF08F1D6
:107C9000010707F00308846C08EBC80604EBC60470
:107CA00090E72CF0604697E7C5F89480D1E700BFD5
:107CB000EC18010803461B6830B45B6C002003F02D
:107CC0000704C3F30222C1E90042C3F34014C3F323
:107CD0008012C1E90342C3F3C014C3F3C022C1E957
:107CE0000542C3F30034C3F3403203F01805C1E981
:107CF0000742C3F38032C3F306438D60C1E9092311
:107D000030BC7047034630B41B6800201B6CDCB2EB
:107D1000C3F3C035C3F30622C3F30743C1E90042EE
:107D20008D60CB6030BC70470368D3F8C40000F0AE
:107D300007007047034690F85C000138012805D918
:107D40001A6E012042F002021A6670471B6870B476
:107D500011F00705986D01F0380420D0C6071ED435
:107D6000DD6D45F00105DD650CB384071FD5D86DC9
:107D700040F00200D8650C0604D5D3F8DC001043AF
:107D8000C3F8DC00C80504D5D3F8E0000243C3F80B
:107D9000E0205A6D002070BC0A435A65704704B356
:107DA00086071ED4DE6D46F00106DE6525BB11F4A4
:107DB000E07F01D04607DAD411F4F05F01D0050767
:107DC000D5D411F4604F01D0C406D0D411F4403F93
:107DD00001D08606CBD411F47C0FCCD04506C6D496
:107DE000C9E711F4E07F0AD0460708D4DE6D46F0FB
:107DF0000106DE65002DB7D0C507B5D5B7E711F48C
:107E0000F05F01D00607F1D511F4604F01D0C6062E
:107E1000ECD511F4403F01D08606E7D511F47C0F74
:107E2000E8D04606E2D5002D9ED0E5E7704700BFBA
:107E3000704700BF704700BF704700BF704700BF6A
:107E4000704700BF704700BF2DE9F84F0368044634
:107E50001A6D596D02EA010A1A6D596D0AF4E05A59
:107E600002EA01091A6D596D1E6D02EA01085A6D88
:107E70001F6D16405A6DD3F854B01D6D174069063A
:107E800009F0070908F0380806F4710607F46027BE
:107E900002D51BF0400F73D1EA0502D51BF4807F99
:107EA0005DD1BAF1000F4AD1B9F1000F35D1B8F167
:107EB000000F3CD1AB0502D51BF4007F75D128061D
:107EC00002D51BF0800F78D1A90402D51BF4005F06
:107ED0005BD12A0402D51BF4004F5ED16B040AD596
:107EE0001BF4804F07D04FF4804223681A65236E3D
:107EF00043F0800323664FB926B123681E65236EC5
:107F000033432366236E2BBBBDE8F88F23683946C5
:107F100020461F65FAF7E2F8EEE723684946204657
:107F2000C3F85090FAF728F8B8F1000FC2D02368D0
:107F300041462046C3F85080FFF77AFFBAE723682E
:107F400051462046C3F850A0FFF770FFB9F1000F6B
:107F5000ADD0E2E72046FAF7A5F8BDE8F88F4FF478
:107F6000807223682046D3F8D8C0D3F8E0101A6591
:107F70000CEA0101FFF760FFBAF1000F94D0DEE7D1
:107F800040221A65FFF75EFF86E74FF40052236830
:107F900020461A65FFF752FF9BE74FF40042236823
:107FA00020461A65FFF74CFF98E74FF400722368EC
:107FB00020461A65FFF73EFF81E7802223682046AE
:107FC000D3F8D4C0D3F8DC101A650CEA0101FAF733
:107FD0004DF879E7006E7047064B9A6A002A01DB7C
:107FE000002070470449054A99609A60986AC00F5A
:107FF000704700BF0020024023016745AB89EFCDE9
:10800000044B9A6A42F000429A62986AC043C00FD9
:10801000704700BF00200240064B986A10F0804075
:1080200006D00549054A19611A61986AC0F3807043
:10803000704700BF002002403B2A19087F6E5D4C4C
:10804000054B9A6A42F080429A62986A80F08040BA
:10805000C0F38070704700BF00200240034A012037
:10806000936A43F000639362704700BF00200240B0
:1080700070B5164C0546FEF7DDFB236ADE0306D518
:108080006A1C18BF064612D1236AD803FCD442F2F8
:10809000FA010E4A136A0B4010D1136A0020DB0765
:1080A00044BF0123136270BD236AD903EFD5FEF7E5
:1080B000C1FB801BA842F7D3032070BD044C0120F4
:1080C000616813621943616070BD00BF0020024007
:1080D000600103202DE9F0411A4C94F800C0BCF176
:1080E000010F2CD0984601232370002307464FF43C
:1080F0007A700D4616466360FFF7BAFF18B1002389
:108100002370BDE8F081A760EFF3108272B60E4FC6
:10811000BB6A43F00103BB622E60BFF36F8FC5F8EB
:10812000048082F310884FF47A70FFF7A1FFA268F1
:10813000BB6A22F0004223EA0203BB62DFE70220AF
:10814000BDE8F08160010320002002400E4B1A6C54
:10815000510212D5C20703D59A6A42F004029A620C
:10816000830704D5084A936A43F400439362064A9E
:10817000936A43F48033936270479A6A42F40042F0
:1081800042F004029A62F2E70020024070B58E4D80
:108190002B78012B20D00122002304464FF47A7063
:1081A0002A706B60FFF764FF98B92068C10700F17F
:1081B000C480820712D4430719D4030700F1AF80AB
:1081C000824A4FF47A70936A43F400339362FFF764
:1081D0004FFF00232B7070BD022070BD7B4A2169C8
:1081E000136C23F0FF030B4313644307E5D5D4E975
:1081F000052612F0010316BF4FF4E061194606EAA6
:10820000010312F0020F05D006F4805C41F48051A6
:1082100043EA0C0312F0040F05D006F4005C41F4AD
:10822000005143EA0C0312F0080F05D006F4804C0D
:1082300041F4804143EA0C0312F0100F05D006F41C
:10824000803C41F4803143EA0C0312F0200F05D04A
:1082500006F4003C41F4003143EA0C0312F0400FF5
:1082600005D006F4802C41F4802143EA0C0312F07F
:10827000800F05D006F4002C41F4002143EA0C03E2
:1082800012F4807F05D006F4801C41F4801143EA8B
:108290000C0312F4007F05D006F4001C41F4001119
:1082A00043EA0C0312F4006F05D006F0807C41F025
:1082B000807143EA0C0312F4805F05D006F0007C65
:1082C00041F0007143EA0C0312F4005F05D006F0A0
:1082D000806C41F0806143EA0C0312F4804F05D0BA
:1082E00006F0006C41F0006143EA0C0312F4004F09
:1082F00005D006F0805C41F0805143EA0C03D203C4
:1083000004D506F00046334341F000412F4E326C55
:1083100022EA01021343336403077FF551AFD4E926
:108320000732012B48D0022B7FF44AAF27498B6CD0
:1083300003F07F0313438B6442E76368D4E90212BE
:10834000013B072B3FF635AF01A656F823F000BFDF
:10835000A783000895830008B38100088383000881
:10836000B3810008B3810008B3810008718300085D
:10837000164EF36E23F07F130B4343EA0243F3667A
:1083800017E7124EB36E23F07F130B4343EA024309
:10839000B3660EE70D4EF36D23F07F130B4343EAF4
:1083A0000243F36505E7094EB36D23F07F130B43DA
:1083B00043EA0243B365FCE604494B6C03F07F03D8
:1083C00013434B64FCE600BF600103200020024021
:1083D000062243680260082B04D84FF48B72DA40FF
:1083E000D20717D4334B1B6CDBB2AA2B05D0552B0D
:1083F00003D0CC2B0CBFCC23BB232E49C269036115
:108400000B6C02F1FF3C23F0FF03BCF1010F836111
:1084100018D970470722013B0260072BE2D801A25E
:1084200052F823F09784000883840008E58300084D
:108430006F840008E5830008E5830008E5830008F1
:108440005B8400080368012A43F0080303602CD012
:108450008B6C23F07F0303627047164AD36E03F0E0
:108460007F038360D36EC3F30643C360BAE7114A48
:10847000936E03F07F038360936EC3F30643C36080
:10848000B0E70C4AD36D03F07F038360D36DC3F371
:108490000643C360A6E7074A936D03F07F0383603A
:1084A000936DC3F30643C3609CE74B6C23F07F03DB
:1084B00003627047002002400F4B1A6C12F4800FC9
:1084C0009A6A01D0C90712D522F400629A620A4A58
:1084D000936A23F47E7323F0020343EAC00343F05C
:1084E00002039362936A43F480339362704742F4C9
:1084F00000629A62EBE700BF002002402DE9F041E4
:10850000274E3378012B3DD00122002304464FF43F
:108510007A70884632707360FFF7AAFD074660BB29
:1085200048F204022368B36023F0004393422DD045
:108530004FF0FF33C8F80030D4E902532B449D427A
:1085400006D312E00135D4E902321344AB420CD910
:1085500028466168FFF7B0FF4FF47A70FFF788FD97
:108560000028EFD00746C8F800500E49B2688B6A61
:1085700022F0004223EA02038B6200233370384664
:10858000BDE8F08102273846BDE8F0816068FFF75A
:10859000DDFD4FF47A70FFF76BFD0746E5E700BF9E
:1085A00060010320002002402DE9F04F0C6883B0E9
:1085B000002C00F0908000238946774F012202FAB8
:1085C00003F515EA040800F081800326D9F80410A9
:1085D00003FA02F201F0030E0EF1FF3A06FA02FC72
:1085E000BAF1010F6FEA0C0CD9F8086076D9BEF128
:1085F000030F01D1012E05D0C568964005EA0C0590
:108600002E43C66005680EFA02F205EA0C052A43FD
:1086100011F4403F026059D04FF00F0C23F00302D9
:1086200002F1804202F53D3203F00306156EF600BA
:108630000CFA06FC25EA0C0E584DA84222D005F58E
:108640008065A84200F08C80554DA84200F08F80D4
:10865000DFF850C160457CD0DFF84CC1604500F0C8
:108660008D80DFF848C1604500F08F80DFF840C1A1
:1086700060450CBF4FF0060C4FF0070C0CFA06F6E5
:108680004EEA060E6FEA0805C2F860E03A68CE02CC
:1086900054BF2A4048EA02023A607A688E0254BF08
:1086A0002A4048EA02027A60D7F884208E0354BF39
:1086B0002A4048EA0202C7F88420D7F88020C9037C
:1086C00054BF2A4048EA0202C7F88020013334FA36
:1086D00003F27FF473AF03B0BDE8F08F9640D0F89B
:1086E00008B00196D9F80C600BEA0C0B06FA02FAF6
:1086F0004AEA0B0AC0F808A0D0F804A0019E2AEAB2
:10870000050AC1F300159D4045EA0A054560C568A4
:10871000BEF1020F05EA0C0546EA0506C6607FF4C5
:1087200071AFD9F8105003F00706B600B5400195B7
:108730000F254FEAD30A00EB8A0ADAF820B005FACF
:1087400006F6019D2BEA060B45EA0B05CAF82050F8
:1087500058E74FF0030C0CFA06F64EEA060E91E7C6
:108760004FF0010C0CFA06F64EEA060E8AE74FF0BF
:10877000020C0CFA06F64EEA060E83E74FF0040CE4
:108780000CFA06F64EEA060E7CE74FF0050C0CFAE2
:1087900006F64EEA060E75E700F4024000000242BB
:1087A00000080242000C0242001002420014024281
:1087B00000180242002900F095802DE9F04F0023B7
:1087C0004FF00F094FF0030A474E01229A4012EA78
:1087D000010E69D023F0030505F18045434F05F5EF
:1087E0003D3503F00304D5F860C0E40009FA04F84D
:1087F000B84208EA0C0C1BD007F58067B84259D084
:108800003B4FB8425AD03B4FB84261D03A4FB84282
:1088100063D0DFF8E8B0584555D0DFF8E4B05845EC
:108820000CBF4FF0060B4FF0070B0BFA04F400E0FF
:108830000024A44517D1D6F8804024EA0E04C6F8D7
:108840008040D6F8844024EA0E04C6F88440746858
:1088500024EA0E047460346824EA0E0434602C6E3A
:1088600024EA08042C6604685D000AFA05F52C4326
:108870004FEAD30C046000EB8C0C03F00704DCF827
:1088800020E0A40009FA04F42EEA0404CCF8204005
:10889000846824EA05048460446824EA0202426091
:1088A000C26822EA0502C260013331FA03F28CD1B8
:1088B000BDE8F08F012707FA04F4BAE74FF0020B86
:1088C0000BFA04F4B5E74FF0050B0BFA04F4B0E72C
:1088D0004FF0030B0BFA04F4ABE74FF0040B0BFA69
:1088E00004F4A6E7704700BF00F402400000024213
:1088F00000080242000C0242001002420014024230
:10890000001802420AB1816170478162704700BF5E
:108910000268436B9169126803B11847704700BF42
:10892000704700BF704700BF0022016810B50B6898
:1089300080F842205A040CD50B6823F480430B6066
:1089400090F84130292B0ED090F841302A2B24D0BA
:1089500010BD1B04F4D50B6823F400430B6090F8A2
:108960004130292BF0D14FF0280C212380F841C051
:10897000036390F84130002203EA0C03634514BFFF
:108980006FF0F20C6FF0420C0B6803EA0C030B6003
:1089900080F84020FFF7C4FF10BD2824222380F870
:1089A0004140036390F8413000222340A34214BFAA
:1089B0006FF0F4036FF044030C6823400B6080F801
:1089C0004020FFF7AFFF10BD704700BF70B50468CF
:1089D000C368A169A269022B4FEA1242A5688446C6
:1089E000E668C1F3004102F0FE020FD182EAD5131E
:1089F00013F00603C5F3090206D1856C01358564C1
:108A0000856C022D0CD070BD06F0FE020025236897
:108A100023F0B80323608CF84050FFF7D5FF70BDFA
:108A200008258364E56180F84030FFF7CDFF70BD15
:108A3000704700BF0023202210B5174C4363C46267
:108A4000036380F8412080F842304B0712D502685A
:108A5000436A526A1A70436A028D013343624AB113
:108A6000438D013A013B9BB24385436C028543F041
:108A70000403436410240021036890F8412090F817
:108A800041201A6822F0FE021A60DC6180F8401072
:108A9000FFF7CEFF10BD00BF0000FFFF704700BF13
:108AA000704700BF806A08B5836B0BB100221A645F
:108AB000C36B0BB100221A6490F84130602B4FF069
:108AC000000305D0036380F84030FFF7E7FF08BDDF
:108AD000202280F8403080F841200363FFF7E0FF58
:108AE00008BD00BF70B50025554B90F8412080F8B7
:108AF0004250C3624585436C283A0B43022A4364C3
:108B00000446036833D890F8411090F8412001F0F2
:108B10002801282908BF462102F0280218BFF621A3
:108B2000282A0CBFC9436FF0F60128201A680A40B2
:108B300044491A6084F84100A06B226B616318B14C
:108B4000112A3ED0212A3CD0E06B18B1122A4ED017
:108B5000222A4CD094F84130602B4FF0000365D0AE
:108B60002046236384F84030FFF798FF70BD90F8EB
:108B7000412090F841201A6822F0FE021A609A699A
:108B8000920748BF9D629A69D60703D49A6942F05A
:108B900001029A6194F84120602A10D0202284F8C2
:108BA00041209A6995060AD59A69D00605D5102202
:108BB000DA61626C42F0040262642022DA61002110
:108BC000BAE71A6851042CD4FEF7BAFD0128C1D0C7
:108BD0000023A06B1C4A026484F84030FEF70AFDB3
:108BE0000028C3D0A06BBDE87040036C18471A681A
:108BF000120403D51A6822F400421A60FEF7A0FDA1
:108C00000128A7D00023E06B0F4A026484F84030AB
:108C1000FEF7F0FC0028A9D0E06BBDE87040036CC3
:108C200018471A6822F480421A60CDE720222046B5
:108C300084F8412084F840302363FFF731FF70BD92
:108C40000000FFFFAD8E0008A58A0008036810B47D
:108C50009A69196812F4807F02F4806408D00906CA
:108C600026D4416C11F00B0F19D15DF8044B7047FD
:108C7000CCB10906F5D54FF48064416C920541F002
:108C800008014164DC61ECD54FF40071426C42F0A4
:108C900002024264D961416C11F00B0FE5D05DF81E
:108CA000044BFFF71FBF9405DBD50A06ECD4D8E7C9
:108CB000416C41F0010141644FF48071D961002C95
:108CC000D9D19405CDD5DFE770B5044620260368D9
:108CD0000D461968C06A94F84120DE61213A092ADC
:108CE0000ED8DFE802F077050D0D0D0D0DAA770502
:108CF000222694F841201A6822F0FC021A602663AA
:108D00005A68684E42F400425A605A6832405A60CB
:108D10009A69920744BF00229A629A69D60703D4DF
:108D20009A6942F001029A614A043BD51A6822F41A
:108D300080421A60A26B1AB11268526892B26285C0
:108D40006A070AD55A6A636A25F004051A70636ACD
:108D500001336362238D002B68D1638D9BB21BB1FD
:108D6000636C43F004036364EB0601D5CE063AD48A
:108D7000002384F84230666C6363002E68D1E36A96
:108D8000494DAB4218D194F841302046222B4FF088
:108D9000200384F8406084F84130266376D0FFF7E2
:108DA000BFFD70BD0E04CBD51A6822F400421A60D4
:108DB000E26B002AC0D1C3E72046FFF7B5FD2023B0
:108DC000E562204684F8413084F840602663FFF76E
:108DD0002FFE70BD212694F841201A6822F0FA0275
:108DE0001A6026638CE7638D9BB2002B3ED194F80A
:108DF0004130282B4DD094F841202368292A4FF088
:108E00001002DA61B4D110F5803FB1D09A699107B0
:108E100044BF00229A629A69D20703D49A6942F049
:108E200001029A612046FFF77FFDA1E7013B238500
:108E3000638D013B9BB263858FE7002694F8412048
:108E400094F841201A6822F0FE021A60266357E760
:108E50002046616CFFF746FE94F84130282BA0D1E4
:108E600029462046BDE87040FFF7E4BD1022236884
:108E7000DA61636C43F00403636430F080737FF461
:108E800077AF2046616CFFF72DFE71E7FFF74AFDD3
:108E900070BDB0F1007FAED129462046FFF7CAFD74
:108EA00066E700BF00E800FE0000FFFF38B590F85D
:108EB00040C0C56ABCF1010F70D04FF0010C11F039
:108EC000200F04460B4680F840C002D012F0200F5D
:108ED00053D1D80617D5D10615D5628D92B2002A86
:108EE0005ED194F84120282A00F0818094F8412036
:108EF0002368292A4FF01002DA6164D00023184653
:108F000084F8403038BD590719D4190701D5100726
:108F10003AD49907F2D59307F0D5638D9BB2002B15
:108F20004DD0616A236811F8010B228D9862638D20
:108F3000013A013B9BB2616263852285DEE75007FF
:108F4000E3D5638D9BB26BB12268636A526A1A7073
:108F5000638D616A228D013B0131013A9BB26162EE
:108F600022856385638D9BB2002BC7D115F5803FA9
:108F7000C4D02046FFF7D8FCC0E7FFF7A5FE0023CA
:108F8000184684F84030BDE794F8413003F02803D8
:108F9000282B28D008222368DA61AFE7022038BDE9
:108FA00010222368DA61636C43F00403636435F0D4
:108FB0008073A3D12046616CFFF794FD9EE735F0E6
:108FC00080739BD1D5E715F5803F97D09A699507B7
:108FD00044BF00229A629A69D007CAD49A6942F0C3
:108FE00001029A61C5E72046FFF7F0FC86E7B5F17C
:108FF000007F7FF47BAF19462046FFF71BFD7DE71E
:1090000008490B6813F001030AD1024610B40C683A
:10901000184624F0040313435DF8044B0B607047BB
:109020000120704700040340034A0020136843F006
:1090300001031360704700BF00040340002844D0C0
:1090400070B590F89132064603F0FF02C3B30323D4
:10905000306886F8913202F0B7FF3579FDB1002112
:109060003346324601200C4611740131A942C2E94F
:1090700008445074D47442F8284FF5D100210A46B0
:1090800083F850110131A942C3E9582283F85121D4
:1090900083F85321C3F8682103F12803F0D1334644
:1090A00053F8040B93E8060002F098FF0122002118
:1090B000B37A3173934286F8912208D0002070BDB4
:1090C00080F89022FDF700FAC1E701207047304692
:1090D00000F0B4FE002070BD2DE9F84F0546006891
:1090E00003F0F0FB10F400442BD1430500F17C8227
:1090F00047041BD410F4005140F09382C60400F1E1
:10910000BD81040500F19284010600F164848205AA
:1091100000F1CE84C30512D52A68B2F8443023F496
:1091200080731B041B0CA2F8443008E02A68B2F8D4
:10913000443023F480431B041B0CA2F84430BDE8E8
:10914000F88F2868B0F844301904F8D5B0F84440D6
:10915000A1B214F00F0436D111F0100100F0E1803B
:10916000018811F400648BB200F0AA8095F85021B8
:10917000B0F8503000EBC20212FA83F3B3F80634B1
:10918000C3F30903082BC5F86C3140F06B84B5F8C4
:10919000562105F5267103F0A9FB40F68F732A6866
:1091A000284611880B4043F08003138007F070FCC1
:1091B0002868B0F844301904C1D5B0F84440A1B2D1
:1091C00014F00F04C8D030F82430A7001FFA83F839
:1091D0001B0439D418F0800FB4D030F824309BB27F
:1091E00023F4E14323F0700343F4004320F82430D8
:1091F0003B1905EBC302D17CDB00012900F0EB80B9
:10920000117C18F48079D2F828E04FEAC10C40F0C4
:109210005881B0F850401CFA84F40444B4F8024475
:10922000C4F30904744580F00381AEEB04011033EC
:109230009162E918536A23445362D36A2344D36288
:1092400003F012F928687DE740F68F7330F8242088
:109250003919134043F0800320F8243005EBC10195
:1092600091F85C3191F85021002B40F08580B0F8E6
:109270005030D20012FA83F30344B3F80694C9F3D2
:109280000909B9F1000F40F0E481391905EBC10378
:10929000D3F86C21C9004A44C3F86C21D3F8682183
:1092A00022B1D3F860214A4540F2C6813B1905EB53
:1092B000C303284693F8501107F0FCFB286889E7A0
:1092C0001A047FF53FAF40F68F730288134043F0D6
:1092D0008003038095F85021B0F8503000EBC202B3
:1092E00012FA83F3B3F80634C3F30903C5F86C31FB
:1092F000002B00F0B480D5F8641100293FF422AFB0
:10930000B5F8562103F0F2FAD5F86431D5F86C219E
:10931000284613442146C5F8643107F0CBFB286882
:1093200010E703889BB223F4E14323F0700343F476
:10933000004303802A7CB0F8503000EBC20212FADE
:1093400083F3B3F802346A6AC3F309031A44284664
:10935000EB626A6207F0B8FB2B7B2868002B3FF4B6
:10936000F1AEAB6A002B7FF4EDAE2A7B42F08002B7
:10937000A0F84C202B73E5E691F85331022B00F056
:10938000508230F822309BB223F4E04323F0700384
:1093900043F4004343F0C00320F8223091F85031E9
:1093A00030F82320DB0012F4804FB0F8502013FA7D
:1093B00082F3034443D0B3F80294C9F30909B9F125
:1093C000000F3FF462AFB1F858214B46D1F8641159
:1093D00003F08CFA59E70021631C03EB830345F883
:1093E0003310137FDBB118F04008537C00F00A8281
:1093F000002B40F05F82117CB0F8503000F2024048
:1094000010FA83F333F83120C2F3090223F8312034
:1094100033F8312092B242F4004223F8312027443D
:1094200005EBC7072846397C07F04EFB286889E61C
:109430002846C2F8289007F047FB286882E6B3F870
:109440000694C9F30909B9F1000F3FF41EAFB1F852
:109450005A214B46D1F8641103F048FA15E7038806
:1094600023F4804323F070031B041B0C83F440534C
:1094700043F4004343F08003038063E62A68B2F8B4
:10948000403023F004031B041B0CA2F84030B2F858
:10949000403023F008031B041B0CA2F8403095F861
:1094A000C832012B00F01283284607F03DFB2A68E2
:1094B000B2F8443023F480531B041B0CA2F8443050
:1094C0003DE608F4804918F04008B0F8503000F04C
:1094D000C88000F2024818FA83F333F83130C3F33E
:1094E000090373454AD34FF0000C537CC2F828C0DF
:1094F000002B40F0F882B0F8503018FA83F333F8BC
:109500003120C2F3090223F8312033F8312092B21E
:1095100042F4004223F83120B0F8503000F2064205
:1095200012FA83F333F83120C2F3090223F8312011
:1095300033F8312092B242F4004223F831203B1933
:1095400005EBC303DB7C022B0FD130F8213023F471
:10955000E04323F040031B041B0C83F0200343F47F
:10956000004343F0800320F82130284607F0ACFA8E
:109570002868B9F1000F3FF4E5ADCBE0AEEB030E88
:10958000C2F828E0B9F1000F0FD030F821E02EF436
:10959000E04E2EF0700E4FEA0E4E4FEA1E4E4EF485
:1095A000404E4EF0800E20F821E007EB040E05EB54
:1095B000CE0E9EF83490B9F1010F00F0CB81274414
:1095C00005EBC7073A7C30F8223023F4E04323F060
:1095D00040031B041B0C83F0300343F4004343F0AF
:1095E000800320F82230ADE52A682846B2F84430DE
:1095F00023F480631B041B0CA2F8443007F072FABA
:1096000095F89032012B3FF49AAD0123214628684A
:109610002C7385F8903203F04FF985F89042BDE83D
:10962000F88F2A68B2F8443023F400531B041B0C53
:10963000A2F84430BDE8F88FD3F8642101F5A87191
:109640004A4428682944C3F8642102F00DFF2868C1
:10965000C0E5B1F856214B46D1F8641103F046F944
:1096600013E600F2064A1AFA83F333F83130C3F3F3
:109670000903734561D9C2F828803B1905EBC30380
:109680005B7C002B40F04182B0F8502000F2024396
:1096900013FA82F232F83130C3F3090322F8313081
:1096A00032F831306FEA43436FEA53439BB222F8FA
:1096B0003130B0F850201AFA82F232F83130C3F368
:1096C000090322F8313032F831306FEA43436FEA50
:1096D00053439BB222F831303B1905EBC303DB7CCB
:1096E000022B0FD130F8213023F4E04323F0400364
:1096F0001B041B0C83F0200343F4004343F080035E
:1097000020F82130284607F0DFF92868B9F1000F6A
:109710007FF418AD3B1905EBC3031A7C30F82230F7
:1097200023F4E04323F070031B041B0C43F4404379
:1097300043F0800320F8223004E5AEEB030EC2F8BC
:1097400028E0BEF1000F98D0B9F1000F0FD130F82A
:1097500021E02EF4E04E2EF0700E4FEA0E4E4FEA4E
:109760001E4E4EF4404E4EF0800E20F821E007EBE6
:10977000040E05EBCE0E9EF83480B8F1010F7FF495
:109780001EAFDEF8246006EB0308CEF82480D66A0C
:1097900006EB0309C2F82C90DEF83090DEF82020AA
:1097A0009145C0F0D081A9EB0203CEF8303093B2DE
:1097B00007EB040E05EBCE0E9EF811B0BBF1000FC7
:1097C00040F0B681B0F850E01AFA8EFE3EF83190C3
:1097D000F444C9F309092EF83190002A40F0E481DD
:1097E0003EF831206FEA42426FEA524292B22EF8BE
:1097F00031203A1905EBC2024146528B03F066F85C
:109800002868DCE6002B62D0012B7FF408AEB0F8AC
:109810005030127C00F2064010FA83F323F83280B5
:10982000FDE5B0F850C04FEAC20919FA8CFC18F4F3
:10983000804ED1F8683184444FD0BCF802C4CCF3D8
:10984000090C9C45E14600F24781A3EB0C03C1F8EB
:1098500068317BB930F8221021F4804121F0700189
:109860000904090C81F4005141F4004141F08001E8
:1098700020F8221018F0400F0DD030F8223023F4D9
:10988000E04323F070031B041B0C43F4004343F03C
:10989000C00320F82230BCF1000F3FF4F6AC3919B8
:1098A00005EBC101B1F858216346D1F8641103F00A
:1098B0001DF8EAE4012B7FF4B2ADB0F85030127C11
:1098C00000F2024010FA83F323F83210A7E5B0F853
:1098D0005030117C00F2064092E5BCF806C4CCF38F
:1098E000090C9C45E14600F2FB80A3EB0C03C1F898
:1098F00068317BB930F8221021F4804121F07001E9
:109900000904090C81F4005141F4004141F0800147
:1099100020F8221018F0400F0DD130F8223023F437
:10992000E04323F070031B041B0C43F4004343F09B
:10993000C00320F82230BCF1000F3FF4A6AC391967
:1099400005EBC101B1F85A216346D1F8641102F068
:10995000CDFF9AE4DEF8246006EB0309CEF82490EC
:10996000D66A06EB030AC2F82CA0DEF830A0DEF8B7
:1099700020209245C0F0F980AAEB0203CEF83030E7
:1099800093B207EB040E05EBCE0E9EF811B0BBF1BF
:10999000000F40F0DF80B0F850E018FA8EFE3EF87D
:1099A0003180F444C8F309082EF83180002A40F0D1
:1099B00022813EF831206FEA42426FEA524292B26F
:1099C0002EF831203A1905EBC2024946128B02F0FB
:1099D0007DFF2868F3E52A68B2F8443023F080035D
:1099E0001B041B0CA2F8443095F8C832002B5AD146
:1099F0000121B2F8403028469BB243F00403A2F89C
:109A00004030B2F840309BB243F00803A2F8403037
:109A100085F8C812B2F85430C3F38D0303F03C0349
:109A2000C5F8CC32BDE8F84F00F022BA2A682846C3
:109A3000B2F840309BB243F00803A2F84030B2F8CD
:109A4000443023F400631B041B0CA2F84430B2F82A
:109A500040309BB243F00403A2F8403007F054F8C2
:109A6000FFF76DBB48F2800140F68F72038823F444
:109A7000804323F070031B041B0C83F480530B43BF
:109A80000380038823F4E04323F040031B041B0CF2
:109A900083F01003194301800388134043F08003CF
:109AA0000380FFF74CBB284607F02EF8FFF747BBB3
:109AB0002A682846B2F8443023F400731B041B0CB8
:109AC000A2F8443007F00AF8FFF739BB284685F8BA
:109AD000C81200F0CDF9E7E40023C1F86831B9E617
:109AE000C1F868E106E7012B7FF429ADB0F85030EA
:109AF00000F2064218FA83F323F831C0B0F8503070
:109B000012FA83F323F831C019E5012B7FF4E4AD99
:109B10000022B0F8503000F2024C1CFA83F323F814
:109B20003120B0F850301AFA83F323F83120D3E50E
:109B3000BBF1010F7FF45DAEB0F850201AFA82F24B
:109B400022F8313055E6B9F1000F15D11A468EF8DA
:109B500034902DE6BBF1010F7FF434AFB0F8502004
:109B600018FA82F222F831302CE7BAF1000F2AD12C
:109B70001A468EF834A004E700229EF811B01FFAAE
:109B800089F3CEF830208EF83420BBF1000FCFD10E
:109B9000B0F850E04A461AFA8EFE3EF83190F4448E
:109BA000C9F309092EF831903E2A33D8BCF80010C9
:109BB00002F0010E89B20EEB520241EA822292B209
:109BC000ACF8002015E600229EF811B01FFA8AF3C7
:109BD0008EF83420CEF83020BBF1000FBAD15246B7
:109BE000B0F850E018FA8EFE3EF83180F444C8F325
:109BF00009082EF831803E2A1ED8BCF8001002F069
:109C0000010E89B20EEB520241EA822292B2ACF806
:109C10000020D7E65109D206BCF8002008BF01F1A8
:109C2000FF3192B242EA81226FEA42426FEA524227
:109C300092B2ACF80020DCE55109D606BCF8002051
:109C400008BF01F1FF3192B242EA81226FEA42423B
:109C50006FEA524292B2ACF80020B3E690F890223C
:109C6000012A0DD010B5012204460068217384F842
:109C7000902202F021FE002384F89032184610BD95
:109C80000220704701F0070C10B5090604460CEBE2
:109C90008C004FEAC00021D44FF0000E00F5A871EF
:109CA000204480F851E12144022BCB7008BF0023EF
:109CB000C2F30A0208BF0B7181F800C00A6194F870
:109CC0009032012B13D00123206884F8903202F0E7
:109CD0009BF9002384F89032184610BD4FF0010E16
:109CE00000F11001204480F811E02144DCE702205B
:109CF00010BD00BF10B5002401F0070101EB810E7B
:109D000000EBCE0C8CF850118CF851410068CCF867
:109D10006421CCE95A340CF5A87102F0A5FB204669
:109D200010BD00BF01F0070138B501EB810E00EB5B
:109D3000CE0C01258CF81010002461468CF83450AC
:109D40008CF811500068CCF82420CCE90B43CCF8F7
:109D50002830103102F088FB204638BD10B5037959
:109D6000044601F0070083422ED30B061AD401EB00
:109D70008101C90001F5A8726318A118002283F8B7
:109D80005121012308708B7094F890229A4219D0C7
:109D900084F89032206802F019FD002384F8903294
:109DA000184610BD012200EB8003DB0003F1100117
:109DB00023445A740123214408708B7094F8902234
:109DC0009A42E5D1022010BD012010BD38B50279BC
:109DD00001F00F039A422FD301F0070202EB820336
:109DE000090604464FEAC30317D403F5A8710144DA
:109DF00003440025002083F851010A708D7094F807
:109E00009032012B16D00123206884F8903202F0A2
:109E100005FD84F89052284638BD03F11001014435
:109E200003440025012058740A708D7094F8903214
:109E3000012BE8D1022038BD012038BD02460023A5
:109E400010B40124116882F8C8321846B1F85430B1
:109E5000C2F8D0429BB22343A1F85430B1F8543039
:109E60005DF8044B9BB243F00203A1F854307047F5
:109E7000704700BF024B186800F4C060704700BF15
:109E800000700040174A1368116911F4104F25D073
:109E9000D168090422D403F4C06383421CD0136840
:109EA000114923F4C063034313600B680F495B0936
:109EB000A1FB03135169DB0903EB8303480503F19D
:109EC000010305D55169013B490501D5002BF9D1A5
:109ED000044B5B695B0503D4002070470120704789
:109EE000032070470070004054010320C55A7C0ACB
:109EF000024A536843F48063536070470070004027
:109F0000024A936843F480439360704700700040B6
:109F100030B51E4C0546A36D83B0DB0021D5FFF79D
:109F2000A9FF30F4007315D0802D2AD82BD0A5F1CD
:109F30007003B3FA83F35B0915490A6822F00F0234
:109F40001A430A60086800F00F00C01A18BF012009
:109F500003B030BD802DEFD9A02D8CBF022301238B
:109F6000EAE7A36D43F08053A365A36D03F080532C
:109F70000193019BFFF77EFFA36D23F08053A36540
:109F8000CFE70323D8E70223D6E700BF0010024043
:109F9000002002402B4A9368D26813F00C0307D0CC
:109FA0000C2B33D0042B39D0082B35D00020704730
:109FB000244A1168090754BFD2F894201268224934
:109FC00054BFC2F30322C2F3031251F82200002B44
:109FD000EDD01C49CA68CB6802F00302C3F3031337
:109FE000022A03F1010324D0032A19D0B0FBF3F0B5
:109FF000CB68C3F3062303FB00F0124BDB68C3F30B
:10A00000416301335B00B0FBF3F0704702F00302E1
:10A01000012ACDD00020DCE70C4870470C4870477F
:10A020000A4AC868B2FBF3F3C0F3062003FB00F052
:10A03000E3E7074AC868B2FBF3F3C0F3062003FB6B
:10A0400000F0DAE7001002409418010880969800AA
:10A050000024F400002800F0DE809F4A2DE9F84338
:10A060001368814603F00F038B420C460CD2136831
:10A0700023F00F030B431360136803F00F038B42AD
:10A0800002D00120BDE8F883D9F80030980703F02A
:10A09000010240F19A80914DD9F80800A96801F0B9
:10A0A000F001884204D9A96821F0F0010143A960B8
:10A0B000002A4DD0D9F80450884B032D00F08D8034
:10A0C000022D1B6800F0A380002D40F0A6809E07A3
:10A0D000D7D5FFF75FFF824B984205D97F4B9A682F
:10A0E00012F0F00F00F09F807C4FBB6823F0030359
:10A0F0002B43BB60FCF79EFBBB68D9F8042003F040
:10A100000C03B3EB820F064618BF4FF0000819D0BE
:10A1100041F28837714DFCF78DFBD9F80430821B72
:10A12000BA424FEA830304D9AA6802F00C029A42A9
:10A1300077D1AA6802F00C029A42ECD1B8F1000F74
:10A1400040F08C80D9F80030990707D5D9F808007D
:10A1500062498A6802F0F002824252D85E490A6877
:10A1600002F00F02A24209D90A6822F00F0222432C
:10A170000A600A6802F00F02A24282D15A0707D58C
:10A180005649D9F80C008A6822F4E06202438A60DA
:10A190001B0708D5514AD9F81010936823F460536F
:10A1A00043EAC1039360FFF7F5FE03464B4A4D496E
:10A1B00092684D48C2F30312895C4C4ACB4013604D
:10A1C0000068BDE8F843FCF7EDB9002AC6D0D9F81D
:10A1D0000450424B032D7FF473AF1A6891017FF551
:10A1E00050AFD968DA6801F00301C2F30312022903
:10A1F00002F1010238D0032965D0012954D0DB686F
:10A2000072E78A6822F0F00202438A60A6E79F03A1
:10A210003FF55FAF35E70120704758057FF531AF57
:10A2200057E703202EE79A6822F0F00242F08002FE
:10A230009A602A4FBB6823F003032B43BB60FCF7F3
:10A24000F9FABB68D9F8042003F00C03B3EB820FD2
:10A25000064618BF4FF080087FF45AAF1F4A936834
:10A2600023F0F00393606DE72149DB68B1FBF2F264
:10A27000C3F3062303FB02F218491948CB68C3F362
:10A28000416301335B00B2FBF3F383427FF62CAFF3
:10A290008B6813F0F00F7FF427AF8B6823F0F00387
:10A2A00043F080038B60C4E71A68120754BFD3F8E9
:10A2B00094301B680F4A54BFC3F30323C3F3031343
:10A2C00052F82320D8E70C49DB68B1FBF2F2C3F364
:10A2D000062303FB02F2CFE70020024000100240F9
:10A2E00000B4C404DC1801085C01032054010320FD
:10A2F0000024F4009418010880969800002800F0CB
:10A30000B7832DE9F041174B02689D68DE68D106DE
:10A310000446134682B005F00C0506F003063BD553
:10A32000002D00F06A810C2D00F06481E3690D4F6F
:10A33000D3B13B6843F001033B60FCF77BFA8046F6
:10A340003B689A0700F1CA82FCF774FAA0EB080098
:10A350000228F5D93B689B07F2D4032002B0BDE880
:10A36000F08100BF001002403B6823F001033B6016
:10A37000FCF760FA3B68804699070BD5FCF75AFA60
:10A38000A0EB0800022802D93B689A07E5D43B6895
:10A390009B07F3D422681346D1072DD5082D00F072
:10A3A00095810C2D00F08F816368B3F5803F00F03C
:10A3B000B681B3F5A02F00F005838B4F3A6822F4E5
:10A3C00080323A603A6822F480223A60002B40F0F2
:10A3D000AB81FCF72FFA3B6880469A030BD5FCF75C
:10A3E00029FAA0EB0800642802D93B689B03B4D487
:10A3F0003B689903F3D423689A0713D5042D40F0E2
:10A400003D81794B1B685B0503D5E368002B00F0A9
:10A410005881754A2169536823F0FE4343EA01637A
:10A42000536023681A072BD56369002B00F059810C
:10A43000A3696D4A002B40F0D681D2F8943023F006
:10A440001003C2F89430684DD5F8943043F00103FE
:10A45000C5F89430FCF7EEF9D5F8943006469B0722
:10A460000DD4FCF7E7F9801B072804D9D5F8943000
:10A470009F077FF572AFD5F894309907F1D523681F
:10A480005D0765D5584B9A6DD00000F128810125F4
:10A490009A6D42F080529A659B6D03F08053019350
:10A4A000019B524E3368D90540F1D981A368DA0780
:10A4B00040F150815A0740F126824B4BD3F890204F
:10A4C00042F00402C3F89020D3F8902042F0010239
:10A4D000C3F89020FCF7AEF9434F0646D7F890300A
:10A4E0009B070FD441F28838FCF7A4F9801B404544
:10A4F00004D9D7F890309A077FF52FAFD7F890306E
:10A500009B07F1D5A368190640F10582364FD7F8AD
:10A51000903043F08003C7F89030D7F89030190599
:10A520000FD441F28838FCF785F9801B404504D9E7
:10A53000D7F890301A057FF510AFD7F890301B058B
:10A54000F1D525B1284A936D23F080539365236894
:10A550009A061FD5A36A244D002B00F06381D5F81D
:10A56000983043F00103C5F89830FCF763F9D5F84B
:10A57000983006469B070DD4FCF75CF9801B022837
:10A5800004D9D5F898309F077FF5E7AED5F8983015
:10A590009907F1D5E36A23B3134DAA6802F00C02C0
:10A5A0000C2A00F0D581022B2B6823F080732B60DE
:10A5B00000F01582FCF73EF92B68044699010BD593
:10A5C000FCF738F9001B022803D92B689A013FF5E4
:10A5D000C4AE2B689B01F3D4034A054BD1680B40F2
:10A5E000D3600020BAE600BF0010024000700040B7
:10A5F000FCFFEEFE012E7FF499AEA64B1B689B0775
:10A600005CD4A44B606A1A68170756BFD3F894301D
:10A610001B681B0903F0F003984200F243819D4B35
:10A620001A6842F008021A601A6822F0F002024327
:10A630001A605A68216A22F47F4242EA01225A6073
:10A64000002D00F0B981FFF7A5FC0346914A92491D
:10A650009268C2F30312895C904ACB401068904A1A
:10A660001360FBF79FFF00287FF478AE2368D907BB
:10A670001A463FF596AE99077FF5D4AE0C2D00F043
:10A680002981E368834D002B00F0B4802B6843F4EC
:10A6900080732B60FCF7CEF82B6806465F053FF50C
:10A6A000B8AEFCF7C7F8801B022803D92B68590500
:10A6B0007FF553AE2B685A05F3D5AAE6E369002B64
:10A6C0009FD101204AE6032E7FF46EAE714B1B68CA
:10A6D0009F0302D56368002BF3D01346CBE7002518
:10A6E000DFE66C4DD5F8943023F00103C5F89430C3
:10A6F000FCF7A0F8D5F8943006469A077FF5BFAE70
:10A70000FCF798F8801B072804D9D5F894309B07EC
:10A710003FF523AED5F894309F07F1D4AFE65D4AFC
:10A72000136843F480331360FCF784F8594F804674
:10A730003B689A033FF55FAEFCF77CF8A0EB08009E
:10A74000642803D93B689B037FF507AE3B689903F8
:10A75000F2D550E64F4ED6F8902022F00102C6F80E
:10A760009020D6F8902022F00402C6F89020002B0A
:10A770007FF4B0AEFCF75EF8D6F890300746990744
:10A780000FD541F28838FCF755F8C01B404504D975
:10A79000D6F890309B073FF5E0ADD6F8903099079A
:10A7A000F1D43C4ED6F890301A067FF5CAAED6F8F2
:10A7B000903023F08003C6F89030D6F890301A0518
:10A7C0007FF5BFAE41F28838FCF734F8C01B404536
:10A7D00004D9D6F890301B053FF5BFADD6F89030C0
:10A7E0001905F1D4ADE6D2F8943043F01003C2F865
:10A7F000943028E62B6823F480732B60FCF71AF85A
:10A800002B6806465B050BD5FCF714F8801B022865
:10A8100003D92B685F053FF5A0AD2B685905F3D42C
:10A820002368FFE5D5F8983023F00103C5F8983088
:10A83000FCF700F8D5F8983006469A077FF5AAAEDF
:10A84000FBF7F8FF801B022804D9D5F898309B0746
:10A850003FF583ADD5F898309F07F1D49AE6336879
:10A8600043F480733360FBF7E5FF33680746DB058D
:10A870003FF51CAE03E03368D9053FF517AEFBF793
:10A88000D9FFC01B0228F6D93368D8057FF565AD1E
:10A89000F1E700BF00100240DC1801085C01032052
:10A8A00054010320FFF734FB00287FF40AAF714BFB
:10A8B0001A6842F008021A601A68616A22F0F0020F
:10A8C0000A431A605A68216A22F47F4242EA01224E
:10A8D0005A60B8E6022E7FF4D4AE92E5654B1A6852
:10A8E00042F008021A601A68616A22F0F0020A4314
:10A8F0001A605A68216A22F47F4242EA01225A60B1
:10A900002268134648E55B4AD2F8903043F00103D1
:10A91000C2F89030DEE5574FD7F8903023F080032F
:10A92000C7F89030D7F8903019057FF50AAE41F29C
:10A930008838FBF77FFF801B404504D9D7F890305B
:10A940001A053FF50AADD7F890301B05F1D4F8E5AC
:10A95000012B3FF4B6AEEB68226B03F0030191428A
:10A960007FF4AFAE616B03F0F0020139B2EB011F6F
:10A970007FF4A7AEA16B03F4FE42B2EB012F7FF48C
:10A98000A0AEE16B03F07842B2EBC16F7FF499AEF9
:10A99000226C03F4C0015208013AB1EB425F7FF42C
:10A9A00090AE626C03F0C0635208013AB3EB426FA1
:10A9B00014BF01200020D1E4FFF7AAFA00283FF4D9
:10A9C00042AE7EE603F18043A3F53C331A6842F4BD
:10A9D00080221A601A6842F480321A60A4E6FBF7FB
:10A9E00029FF2B68064699010BD5FBF723FF801B37
:10A9F000022803D92B689B013FF5AFAC2B689F0160
:10AA0000F3D41C4D1C4BE968226B0B40606B134365
:10AA1000D4E90E1243EA012343EAC2630138D4E9C0
:10AA20001012490843EA001301395208013A43EA77
:10AA3000415343EA4263EB602B6843F080732B6021
:10AA4000EB6843F08073EB60FBF7F4FE2B68044681
:10AA50009A013FF5C6ADFBF7EDFE001B022803D9B6
:10AA60002B689E017FF579AC2B689801F3D5B8E58A
:10AA700001207047001002400C809F0108B5FFF7CD
:10AA800089FA074B07499A689B68C2F303128A5CEC
:10AA90000549C3F3C223CB5CD040D84008BD00BFFA
:10AAA00000100240DC180108D41801080F220E4BD8
:10AAB00010B402609A680D4C02F0030242609A687A
:10AAC00002F0F00282609A6802F4E062C2609B6861
:10AAD000DB0803F4E063036123685DF8044B03F0D3
:10AAE0000F030B60704700BF0010024000200240BF
:10AAF000F8B5044600680F4602284ED0032845D01A
:10AB0000012848D1394B1B689E073ED5374D2B682D
:10AB100023F080632B60FBF78DFE064604E0FBF715
:10AB200089FE831B022B4AD82B681901F7D4D4E97C
:10AB30000132013B100221681A01002F33D0012F8E
:10AB40002A4D45D02E692A4B33400B430343134310
:10AB500062695208013A43EA42632B61234D2B6834
:10AB600043F080632B60FBF765FE064604E0FBF7CD
:10AB700061FE831B022B27D82B681B01F7D5002011
:10AB80001A4AA16913690B431361F8BD174B1B687F
:10AB900013F4C02FBAD10120F8BD144B1B685D051A
:10ABA000B4D40120F8E7114D124B2E6933400B430A
:10ABB000E168034343EAC16313432B61CEE72B688B
:10ABC0001801B4D50320F8BD2B681A01FAD5D6E7D1
:10ABD0002E69094B33400B43034313432269520848
:10ABE000013A43EA42532B61B8E700BF001002402C
:10ABF0000C80FFF90C80FF070C809FFF70B50446A6
:10AC00000068022847D003283ED0012841D1294BB3
:10AC10001B689E0737D5274D2B6823F080532B6088
:10AC2000FBF708FE064604E0FBF704FE831B022B3D
:10AC300037D82B689900F7D41E4D1F4B69692268DD
:10AC40000B401343D4E9021243EA012343EAC263EF
:10AC50006268013A43EA02136B612B6843F0805348
:10AC60002B60FBF7E7FD064604E0FBF7E3FD831BE3
:10AC7000022B1BD82B689B00F7D500200D4A2169B9
:10AC800053690B43536170BD0A4B1B6813F4C02F0B
:10AC9000C1D1012070BD074B1B685D05BBD40120ED
:10ACA000F8E72B689800C7D5032070BD2B689A0081
:10ACB000FAD5E2E7001002400C80FF072DE9F047CB
:10ACC0000368044613F4006582B01BD0C16E4029AE
:10ACD00000F03D8200F25882002900F022822029F3
:10ACE00040F058822030FFF789FF054623684DB9B0
:10ACF000E16E0025B648D0F89C2022F0E0020A431D
:10AD0000C0F89C20DF0440F14F81216FB1F5007F36
:10AD100000F0168200F23F81002900F00782B1F5B1
:10AD2000807F40F0408104F12000FFF767FF074675
:10AD30002368002F40F00282A549206FD1F89C20A3
:10AD40009E0322F4E06242EA0002C1F89C2000F176
:10AD50002F81D90708D59E49606BD1F8882022F051
:10AD600003020243C1F888209A0708D59849A06BCE
:10AD7000D1F8882022F00C020243C1F888205E0737
:10AD800008D59349E06BD1F8882022F030020243C5
:10AD9000C1F88820180708D58D49206CD1F8882083
:10ADA00022F0C0020243C1F88820D90608D588499C
:10ADB000606CD1F8882022F440720243C1F88820E8
:10ADC0009A0608D58249A06CD1F8882022F4406206
:10ADD0000243C1F888209E0508D57D49E06DD1F871
:10ADE000882022F440220243C1F88820580508D563
:10ADF0007749206ED1F8882022F440120243C1F82E
:10AE00008820590208D57249606ED1F8882022F452
:10AE100040020243C1F888209A010CD5A26EB2F11B
:10AE2000807F00F06D81B2F1007F00F02681002A62
:10AE300000F0298101255F0608D56549E06CD1F84D
:10AE4000882022F440520243C1F888201E0608D50B
:10AE50005F49206DD1F8882022F440420243C1F8B6
:10AE60008820D80508D55A49606DD1F8882022F489
:10AE700040320243C1F88820D90208D55449A06D58
:10AE8000D1F89C2022F003020243C1F89C209A04CE
:10AE900011D54F49606FD1F88820B0F1006F22F0D2
:10AEA000406242EA0002C1F8882000F02481B0F13B
:10AEB000806F00F060811F031BD5A16FB1F5804F3B
:10AEC00000F005814248B1F1806FD0F8882022F06F
:10AED000406242EA0102C0F88820D0F89C2022F4A7
:10AEE0008042C0F89C2000F05781B1F1006F00F063
:10AEF00034815E0311D53649E06FD1F88820B0F176
:10AF0000006F22F0406242EA0002C1F8882000F09F
:10AF1000D980B0F1806F00F0258158040ED52C48FF
:10AF2000D4F88010D0F88820B1F1805F22F0405230
:10AF300042EA0102C0F8882000F0EA80D90309D56E
:10AF40002349D4F88400D1F89C2022F00402024363
:10AF5000C1F89C209A0209D51D49D4F88800D1F87F
:10AF60009C2022F018020243C1F89C20DB010ED580
:10AF7000174AD4F88C10D2F89C30B1F5001F23F496
:10AF8000401343EA0103C2F89C3000F0AC8028462D
:10AF900002B0BDE8F087B1F5407F00F0D680B1F592
:10AFA000806F00F0D28001252F469E037FF5D1AE41
:10AFB000074B9A6DD00054D54FF00008054E33680A
:10AFC00043F480733360FBF735FC81460AE000BF31
:10AFD0000010024000700040FBF72CFCA0EB0900C1
:10AFE00002285BD83368DA05F6D5002F5CD1DFF88C
:10AFF000C8A1D4F89010DAF8903013F4407327D039
:10B000008B4225D0DAF89020DAF8903043F4803380
:10B01000CAF89030DAF8903023F48033CAF89030D0
:10B0200022F44073CAF89030D30711D5FBF702FC25
:10B0300041F28839064605E0FBF7FCFB801B4845DA
:10B0400000F2B380DAF890309807F5D5D4F8901074
:10B05000594AD2F8903023F440730B43C2F8903031
:10B0600023E09A6D4FF0010842F080529A659B6D83
:10B0700003F080530193019BA0E70021201DFFF7FF
:10B0800037FD07462368DFB94B49A06ED1F8882009
:10B0900022F040720243C1F88820CCE63368D9051B
:10B0A000A3D403252F4600E03D462368B8F1000FE6
:10B0B0003FF44FAE40498A6D22F080528A6548E6DF
:10B0C0003D46B8E6CA6842F48012CA6025E73A4AAB
:10B0D000D2F89C1041F48041C2F89C10D16841F430
:10B0E0008031D16005E72846D36843F48013D360EC
:10B0F00002B0BDE8F087CA6842F48012CA60DAE69E
:10B100002D49CA6842F48012CA60002FD8D1BBE72B
:10B110000221201DFFF7ECFC2368002818BF05461C
:10B120000CE70430FFF7E4FC0546DFE5201DFFF7E0
:10B13000DFFC07462368002F3FF4FEAD3D4634E7B1
:10B140001D49CA6842F48032CA602F46F1E51A48A8
:10B15000C26842F48032C260CBE5C26842F4801219
:10B16000C260C6E60121201DFFF7C2FC236800284B
:10B1700018BF0546D1E60121201DFFF7B9FC236861
:10B18000002818BF054696E660293FF4B2AD802935
:10B190003FF4AFAD0125B5E50121201DFFF7A8FC67
:10B1A0002368002818BF0546A3E6DAF890309E070A
:10B1B0007FF577AF4AE700BF00100240114B10B493
:10B1C000996B114A41F080719963996B21F08071FC
:10B1D00099630368D0E9014123430B43D0E903415C
:10B1E000234343EA014353601368416923F4FE4358
:10B1F00043EA0123136013685DF8044B43F06003D6
:10B2000013607047001002400060004000285AD0D0
:10B2100038B5437A044603F0FF02002B49D0D4E945
:10B22000003502214AF2B3206172284A19682A4384
:10B23000274D21F0040119601A601D6118611A6818
:10B2400022F080421A60FBF7F5FA054623681A6877
:10B2500051000ED5FBF7EEFA401B02282368F6D901
:10B260001A685200F3D50122022362720120E360C2
:10B2700038BD1A6842F004021A605B68580603D5AC
:10B2800004236372012038BDFBF7D4FA0546236816
:10B290005B68D90711D4FBF7CDFA401B022823685D
:10B2A000F6D95A68D207F3D4042202236272E3600B
:10B2B000E8E70272FBF768F8B1E701220023627247
:10B2C0001846E36038BD0120704700BF000DF04014
:10B2D000BC0A5917704700BF026810B5536804468E
:10B2E000990613D4580605D5590723D4516821F07F
:10B2F00040015160DB0708D5136823F00803136091
:10B300009168637A2161042B0CD110BD1023C360B6
:10B31000042320466372F8F77DFE6FF06002236815
:10B320005A6010BD01220023204662722372FFF78B
:10B33000D1FF10BD0823E360136823F008031360F6
:10B34000E6E700BF002300B5026883B001935368AD
:10B35000014658070AD4536823F040035360002085
:10B36000CB6823F00803CB6003B000BD0220136854
:10B3700043F080431360136823F08043136001900F
:10B3800002E013685B0012D5019B013B0193019B16
:10B39000002BF6D101224A720B72CB68084643F0AB
:10B3A0000203CB60F8F736FE012003B000BD5368FE
:10B3B00058060CD40223019302E053685B07CED5F4
:10B3C000019B013B0193019B002BF6D1E2E75368FF
:10B3D00023F040035360EDE7F8B5037A012B43D027
:10B3E0000122437A04469342DFB2027206D004235C
:10B3F0001746C360002323723846F8BD0222036853
:10B4000042725B680E46590616D4FBF713FA0546DE
:10B4100023685A68D20718D4FBF70CFA401B02289D
:10B420002368F6D95A6812F00102F2D101210223F1
:10B4300061722272E360DFE70823C360FFF782FFD7
:10B440000128E2D12023E360D6E79A685B68226195
:10B4500013F0400316BF08231F46E3604FF00103BB
:10B4600008BF32606372C5E702273846F8BD00BFE7
:10B47000704700BF30B5026804465168936885B0D4
:10B4800013F0400FC3F3801519D113F0010F2FD122
:10B49000980745D49D0600F19180DB050DD58D06FA
:10B4A0000BD50020236E43F00803236603909368B6
:10B4B0000393039B236E002B5AD105B030BD13F0CC
:10B4C00002001AD008067CD413F020002CD18D067F
:10B4D000F3D594F85D50032D79D0256E45F0040521
:10B4E00025660090D06800909068009000983AE03F
:10B4F00011F0400FCCD0C36C65E08D06DDD594F81B
:10B500005D50032D63D0256E45F00405256600903F
:10B51000D0680090906800900098980623D515E0B8
:10B5200008064ED49806B8D58806C6D575B194F8E5
:10B530005D0003284BD0206E40F004002066002000
:10B540000090D0680090906800900098206E40F0C5
:10B55000010020660020029090680290106820F0A0
:10B56000400010600298DB059BD4236E002BA4D012
:10B57000012053688D0723F0E003536084F85D00D9
:10B580002DD05368A06D23F00303536040B1164BD8
:10B590000364FCF72FF818B1236E43F040032366D1
:10B5A000606D002889D0104B0364FCF723F8002855
:10B5B00083D0236E43F0400323667EE78806C5D41C
:10B5C0007BE72046236D05B0BDE8304018470023D7
:10B5D0000193D368019393680193019B6DE7204623
:10B5E000FFF746FF69E700BFEDB5000808B5002387
:10B5F000806AA0F84630C387FFF73AFF08BD00BF56
:10B6000030B4036A124D046AA84224F001040462B3
:10B610000ED0104CA0420BD004F54064A04207D0DD
:10B6200004F58064A04203D004F58064A04203D1F5
:10B63000046A24F004040462846923F00A0324F0F9
:10B64000F00C4CEA02121943826130BC016270476F
:10B65000002C01400034014090F83D30012B23D1F3
:10B6600002210368164A80F83D1093421ED0B3F1C0
:10B67000804F1BD0A2F59432934217D002F580621E
:10B68000934213D002F5806293420FD002F59432B8
:10B6900093420BD002F54062934207D01A6842F001
:10B6A00001021A6000207047012070479968054A1E
:10B6B0000A40062AF6D0B2F5803FEFD1002070474D
:10B6C000002C01400700010090F83D30012B26D1ED
:10B6D0000222036880F83D20DA68174942F001022F
:10B6E0008B42DA601DD0B3F1804F1AD0134A9342D7
:10B6F00017D002F58062934213D002F58062934224
:10B700000FD002F5943293420BD002F5406293427F
:10B7100007D01A6842F001021A6000207047012029
:10B7200070479968064A0A40062AF6D0B2F5803F6B
:10B73000EFD10020704700BF002C01400004004002
:10B740000700010038B590F83C30012B6AD0044660
:10B7500002250123006884F83C3084F83D50856858
:10B760004B4A2A4082600A68602A6AD010D8402A70
:10B770005AD02CD8202A4BD048D832F0100147D0CC
:10B7800018460122002384F83D2084F83C3038BD5F
:10B79000B2F5805F13D0B2F5005F27D0702AEFD1E9
:10B7A000D1E901538268C9682B4322F47F4243EAFE
:10B7B000012313438360836843F07703836001228E
:10B7C000002384F83D2084F83C30002038BD502A06
:10B7D000D6D1CA684968FFF713FF836823F4401382
:10B7E00023F0700343F057038360E8E78268D1E9F0
:10B7F0000153C9682B4322F47F4243EA01231343D8
:10B800008360836843F480438360D8E7302AB7D1EC
:10B81000836823F4401323F07003134343F00703BA
:10B820008360CCE7022038BDCA684968FFF7E8FEAC
:10B83000836823F4401323F0700343F047038360CD
:10B84000BDE7036A026A4D6822F01002C96802620D
:10B85000104A904217D002F50062904213D08269DC
:10B8600023F0A00322F4704243EA051342EA0132B6
:10B8700082610362836823F4401323F0700343F072
:10B88000670383609BE7026A22F040020262E6E7F8
:10B890008800CEFF002C0140704700BF704700BFFA
:10B8A000704700BF704700BF036870B5DE681C6951
:10B8B0000546A20701D5B1075AD4630701D5700721
:10B8C00043D4210701D532072DD4E00601D5F10676
:10B8D00016D4E20701D5F30763D414F4025F0AD04B
:10B8E000300666D4600601D5710673D4A20601D570
:10B8F000B3064DD470BDE205F4D5330662D4F1E74A
:10B900006FF0100108222B68284619612A77DB693D
:10B9100013F4407F6FD1FFF7BFFF2846FFF7C0FF4A
:10B9200000232B77D5E76FF0080104222B68284607
:10B9300019612A77DB699B075AD1FFF7ADFF2846CB
:10B94000FFF7AEFF00232B77BFE76FF00401022261
:10B950002B68284619612A779B6913F4407F44D1EC
:10B96000FFF79AFF2846FFF79BFF00232B77A8E7F6
:10B970006FF002021A61012202779B699A0731D1A6
:10B98000FFF78AFF2846FFF78BFF00232B7794E70A
:10B990006FF020022B682846BDE870401A6100F065
:10B9A00005B96FF001022B6828461A61F5F7C2FB52
:10B9B00093E76FF402522B6828461A6100F0F8F8FA
:10B9C000E1058FD56FF480722B6828461A6100F06C
:10B9D000F1F887E76FF040022B6828461A61FFF7FD
:10B9E00061FF83E7FFF75AFFCFE7FFF757FFBCE799
:10B9F000FFF754FFA6E7FFF751FF91E770B4284E19
:10BA00000368B0424A698D680C6839D0B0F1804F44
:10BA100020D0A6F59436B0421CD006F58066B04220
:10BA200018D006F58066B04214D006F59436B042C0
:10BA300026D01C4EB04227D006F58066B04223D0F7
:10BA400006F58066B0421FD023F08003C5621A431A
:10BA500084620CE04E6823F07003C968334323F41A
:10BA600040730B4323F08003C5621A4384620121B3
:10BA700070BC036843F004030360416102607047D7
:10BA80004E6823F070033343CE6823F4407333438E
:10BA9000C56223F0800384621A430B690363E6E7FF
:10BAA000002C01400040014070B310B590F83D30CB
:10BAB000044603F0FF0213B30223214684F83D300D
:10BAC00051F8040BFFF79AFF012384F8483084F8FB
:10BAD0003E3084F83F3084F8403084F8413084F8B8
:10BAE000423084F8433084F8443084F8453084F898
:10BAF000463084F8473084F83D30002010BD80F88F
:10BB00003C20FAF771FCD7E70120704790F83C2001
:10BB1000012A45D00346022070B41A68214E83F8EA
:10BB20003D00B24250680D68946827D006F5006663
:10BB3000B2422CD020F070002843B2F1804F506008
:10BB40000ED0194882420BD000F58060824207D0A7
:10BB500000F58060824203D000F59A30824204D121
:10BB6000896824F080040C4394600022012183F84A
:10BB70003C2083F83D10104670BC70474E6820F49E
:10BB80007000304320F0700028435060E8E74E68B2
:10BB900020F47000304320F0700005435560DFE76B
:10BBA00002207047002C014000040040704700BF95
:10BBB000704700BF704700BF10B4026852E8003FF2
:10BBC00023F4907342E800310029F7D1144C02F1BC
:10BBD000080353E8003F234002F1080C4CE8003111
:10BBE0000029F4D1C36E012B08D0002320225DF878
:10BBF000044BC0F88C204367C366704752E8003F8F
:10BC000023F0100342E800310029EED052E8003F53
:10BC100023F0100342E800310029EFD1E5E700BF2F
:10BC2000FEFFFFEF704700BF704700BF08B5806A96
:10BC3000FFF7FAFF08BD00BF704700BF40F60F0CCA
:10BC400070B504680546E369216813EA0C0FA26821
:10BC500029D19E0607D501F0200C02F080565CEA3F
:10BC6000060C40F0F080E86E012800F0AC80D802AD
:10BC700000F19E80180606D502F4000201F0800053
:10BC8000104340F0E7805A0602D54E0600F1C3800B
:10BC9000180202D54A0000F10C81DB0102D500290F
:10BCA000C0F23D8170BDA348104040F0C580A24E57
:10BCB0003142D8D0DE0740F1DC80CE0540F1D280A1
:10BCC00001262662D5F8906046F00106C5F890601E
:10BCD0009E0740F1C980D60740F1CB800220206248
:10BCE000D5F890005E0740F00400C5F8900040F1E0
:10BCF000DD8004202062D5F8900040F00200C5F8F5
:10BD00009000180700F1BD8018050AD54E0108D52E
:10BD10004FF400602062D5F8900040F02000C5F894
:10BD20009000D5F890000028BCD0980606D501F008
:10BD3000200102F08052114340F0AC80D5F89020F1
:10BD4000A36802F0280203F0400353EA02062846E3
:10BD500000F0EA80FFF730FFA3685B0640F1A280A5
:10BD600004F1080353E8003F23F0400304F1080105
:10BD700041E8003262B12C6804F1080353E8003F47
:10BD800023F0400304F1080141E80032002AF3D116
:10BD9000D5F88000002800F08580684B0364FBF72D
:10BDA00029FC00283FF47EAFD5F88000036C4EE0FC
:10BDB00056027FF55FAF4FF4801328462362BDE83B
:10BDC000704000F0FBB8DE067FF551AFC8067FF586
:10BDD0004EAF1022B5F85C302262A268520640F1E4
:10BDE000AF80D5F880000268516889B2002900F060
:10BDF000DC80994280F0D980A5F85E101268960622
:10BE00005CD502222A67B5F85E102846591A89B215
:10BE1000FFF712FF70BD54E8003F23F0400344E8F1
:10BE20000032002AF7D1202200232846C5F88820B6
:10BE3000AB67FFF7F7FE70BDDE077FF549AFCE05B4
:10BE40007FF546AF3CE7436F002B3FF42BAFBDE8D7
:10BE500070401847AB6F002B3FF424AF2846BDE875
:10BE6000704018479E0704D45E0702D5D6073FF5F9
:10BE700040AF1E077FF548AF01F0200606433FF4B0
:10BE800043AF08202062D5F8900040F00800C5F8C4
:10BE9000900039E76B6F002B3FF450AF284698476E
:10BEA0002C684BE72846FFF7BFFE70BD1807E8D4A3
:10BEB0002AE72846BDE8704000F084B854E8003F07
:10BEC00023F4807344E80032002AF7D104F1080318
:10BED00053E8003F23F0010304F1080141E8003278
:10BEE000002AF3D104F1080353E8003F23F0400394
:10BEF00004F1080141E80032002AF3D12023C5F8FB
:10BF00008C30EA6654E8003F23F0100344E8003226
:10BF1000002AF7D1FBF736FBB5F85C3071E728460D
:10BF2000BDE8704000F04CB8FFF77EFEC5F89060A9
:10BF300070BD00BF01000010200100042DBC0008EE
:10BF4000B5F85E10B5F85E2089B292B2002A3FF4CF
:10BF5000A9AE5B1A99B200293FF4A4AE54E8003FA1
:10BF600023F4907344E80032002AF7D1124804F118
:10BF7000080353E8003F034004F1080646E8003296
:10BF8000002AF4D120236A67C5F88C30EA6654E8A9
:10BF9000003F23F0100344E80032002AF7D10223C7
:10BFA00028462B67FFF748FE70BD99427FF47AAEB2
:10BFB00013689C06F3D470BDFEFFFFEF704700BF0F
:10BFC000704700BF704700BF034644F27F02B3F8DA
:10BFD000401000200A40A3F8402070474FF0000CAA
:10BFE00000B583B002AB4FF0010E03E90600034633
:10BFF0006046A3F840E0A3F840C0A3F844C0A3F80B
:10C0000050C003B000BD00BF70B50A78034630F8D9
:10C01000220091F803E020F4EC4020F070000004CE
:10C02000000CBEF1030F00F20582DFE80EF0CDD068
:10C03000B10240F4C06048F2800C40EA0C0023F8E2
:10C04000220033F8220020F4E04020F070000004C9
:10C05000000C10434CEA000C23F822C0087B002897
:10C0600000F0B880002033F822C02CF4E24C2CF011
:10C07000700C4FEA0C4C4FEA1C4C4CF4004C4CF04A
:10C08000800C23F822C00C89B3F8505003EBC20C8B
:10C09000640864001CFA85F5A5F800444C89B3F8DF
:10C0A0005050640864001CFA85F5A5F804444C78E7
:10C0B000002C40F01C8133F8224064040DD533F885
:10C0C000224024F4E04424F070042404240C44F4BA
:10C0D000404444F0800423F8224033F822406606AE
:10C0E0000DD533F8224024F4E04424F070042404F5
:10C0F000240C44F4004444F0C00423F822400D69A9
:10C10000B3F850101CFA81F1B1F802440CF2064C5D
:10C11000C4F30904A1F80244002D00F030813E2D43
:10C1200000F2658105F0010404EB5504A402A5B2F8
:10C13000B1F80244A4B22C43A1F80244B3F8501061
:10C1400089B231F80C40C4F3090421F80C4031F8ED
:10C150000C40A4B22C4321F80C4048F2800433F880
:10C16000221021F4804121F070010904090C81F4AE
:10C170004051214323F8221033F8221021F4E041EA
:10C1800021F040010904090C0C4323F8224070BD42
:10C1900048F28005284323F8220033F82200B14CEE
:10C1A00080B220401043054323F82250087B88B119
:10C1B00033F8220080B2204040F4014040F080007B
:10C1C00023F8220000205EE740F4007033E740F4DB
:10C1D000806030E70020CC884E786408640003EB70
:10C1E000C205F6B3B3F8501015FA81F1A1F8004476
:10C1F00033F8221049060DD533F8221021F4E0411E
:10C2000021F070010904090C41F4004141F0C00122
:10C2100023F8221033F82210BEF1010F21F4E0417F
:10C2200021F040014FEA01414FEA114112D081F063
:10C23000200141F4004141F0800123F8221070BD3B
:10C2400033F8221021F4804121F070010904090C17
:10C2500081F4005141F4004141F0800123F82210A3
:10C2600070BD0E69B3F8501015FA81F1A1F80444BD
:10C27000B3F8501015FA81F1B1F80644C4F309047B
:10C28000A1F80644002E00F096803E2E00F29D801C
:10C29000B1F8064406F00105A4B205EB560544EAE0
:10C2A0008524A4B2A1F8064433F822104D040DD51C
:10C2B00033F8221021F4E04121F070010904090C47
:10C2C00041F4404141F0800123F82210002AB7D107
:10C2D0001A8822F4804222F070021204120C82F4B6
:10C2E000405242F4004242F080021A8070BD33F89E
:10C2F00022104C040DD533F8221021F4E04121F036
:10C3000070010904090C41F4404141F0800123F817
:10C31000221033F8221049060DD533F8221021F4EB
:10C32000E04121F070010904090C41F4004141F0A1
:10C33000C00123F8221033F82210BEF1010F21F4BE
:10C34000E04121F040014FEA01414FEA114118BF9D
:10C3500081F0200141F4004141F0800123F82210D6
:10C3600033F8221021F4804121F070010904090CF6
:10C3700041F4004141F0800123F8221070BDB1F872
:10C3800002446FEA44446FEA5444A4B2A1F8024460
:10C39000B3F85040A4B234F80C10C1F3090124F8EA
:10C3A0000C1034F80C106FEA41416FEA514189B228
:10C3B00024F80C10D1E6B1F806446FEA44446FEA61
:10C3C0005444A4B2A1F806446EE7B1F806447509D6
:10C3D000F60608BF05F1FF35A4B244EA85246FEAEA
:10C3E00044446FEA5444A4B2A1F806445CE76C09E3
:10C3F000ED0608BF04F1FF34B1F80254A402A4B260
:10C40000ADB2254345F40045A1F80254B3F85050AD
:10C41000ADB235F80C10C1F3090125F80C1035F850
:10C420000C1021436FEA41416FEA514189B225F86E
:10C430000C1092E648F28004204323F8220033F8DF
:10C44000220020F4E04020F070000004000C1043B3
:10C45000044323F82240087B08B1012003E60120B1
:10C46000B9E600BF8F8FFFFF2DE9F04F4B780C7BB3
:10C47000012B83B035D0ECB1CB78022B00F0FD80DE
:10C48000012B40F0878000230A788B6130F822303E
:10C4900023F4804323F070031B041B0C83F44053EC
:10C4A00043F4004343F0800320F82230002003B01F
:10C4B000BDE8F08F8A690C78002A55D1CB78002B23
:10C4C00040F0F98030F8243023F4E04323F0700387
:10C4D0001B041B0C43F4014343F0800320F8243079
:10C4E000D1E70E698A694B69B24228BF324600F52E
:10C4F0008067002C00F0A880CD780C6A022D91F89E
:10C5000000E04BD0A41A30F82E500C6294B20134E3
:10C5100015F0400F92B2B0F850504FEA540400F0BA
:10C52000D98000F2064616FA85F525F83E204D8999
:10C530003D443CB103EB4404ED1A1A885A530233CC
:10C540009C42FAD10A7830F8223023F4E04323F0F9
:10C5500040031B041B0C83F0300343F4004343F0FF
:10C56000800320F82230A1E730F8243023F4E2439E
:10C5700023F070031B041B0C43F4004343F08003BF
:10C5800020F824300B699A427FF67DAFD31A8B6175
:10C590000A787BE7012003B0BDE8F08FA64200F2E5
:10C5A000024B80F0DF8030F82E50A41A25F4E045CD
:10C5B00025F070052D042D0C45F4014545F080054E
:10C5C00020F82E5030F82EC095B201351CF0400FE7
:10C5D0000C62B0F850C04FEA55051FFA82F800F21D
:10C5E000064900F08E8019FA8CFC2CF83E80B1F8D8
:10C5F0000A90B94475B19C46A9EB030903EB450ABF
:10C600000196BCF800602CF809600CF1020CD445CE
:10C61000F7D1019E1344A6424B6180F0C880A21A54
:10C620000A62B0F850201BFA82F222F83E800C8990
:10C630003C44002D86D003EB4505E41A1A881A53B2
:10C6400002339D42FAD17DE795B2CE8801356D085F
:10C650003E4492B207D003EB4505F61A1C889C5362
:10C660000233AB42FAD1B0F850300C7800F20245F8
:10C6700015FA83F323F8342064E7CB690A78002B9A
:10C680003FF404AF30F8223003F040045B0435D4AB
:10C69000002C7FF4FBAE30F8223023F4E04323F08B
:10C6A00070031B041B0C43F4004343F0C00320F849
:10C6B00022300A78EAE630F8243023F4E24323F00B
:10C6C00070031B041B0C43F4004343F0800320F869
:10C6D0002430D8E600F2024616FA85F525F83E2009
:10C6E0000D893D44002C3FF42DAF03EB4404ED1ABB
:10C6F0001A885A5302339C42FAD123E7002CCAD13C
:10C70000C4E61BFA8CFC2CF83E80B1F808A0BA44B1
:10C7100075B19C46AAEB030A03EB450B0196BCF8E6
:10C7200000602CF80A600CF1020CDC45F7D1019E88
:10C730001344A6424B6141D2A41AB0F850200C62B7
:10C7400019FA82F222F83E804C893C44002D3FF4D5
:10C75000F9AE03EB4505E41A1A881A530233AB42CB
:10C76000FAD1EFE6A5B22C4630F82E20013422F49F
:10C77000E24222F070021204120C42F4004242F033
:10C78000800220F82E20B0F8502064081BFA82F2B4
:10C7900022F83E500D893D443FF4D4AE03EB4404EF
:10C7A000ED1A1A885A5302339C42FAD1CAE6A5B24E
:10C7B000013500221FFA84F86D0831E7A5B2013572
:10C7C0001FFA84F86D080024B7E700BF4B780A7899
:10C7D0008BB130F8223023F4E04323F040031B04F4
:10C7E0001B0C83F0100343F4004343F0800320F854
:10C7F00022300020704730F8223023F4804323F0A9
:10C8000070031B041B0C83F4805343F4004343F078
:10C81000800320F822300020704700BF4B780A7850
:10C8200033B330F822305B060DD530F8223023F4D4
:10C83000E04323F070031B041B0C43F4004343F05C
:10C84000C00320F82230CB78012B0FD030F82230F3
:10C8500023F4E04323F040031B041B0C83F020036C
:10C8600043F4004343F0800320F822300020704757
:10C8700030F822305B040DD530F8223023F4E04349
:10C8800023F070031B041B0C43F4404343F080036C
:10C8900020F8223030F8223023F4804323F0700354
:10C8A0001B041B0C83F4405343F4004343F0800308
:10C8B00020F822300020704711B98023A0F84C30B6
:10C8C00000207047B0F8440080B27047013302F591
:10C8D00080625B08104408D00A4601EB4301801ACD
:10C8E0001388135202328A42FAD1704770B502F5AA
:10C8F00080625D0800EB020419D06FF001008E1C0D
:10C900003246AC46401A2044815ABCF1010C89B22F
:10C910004FEA112E02F1020202F8041C02F803ECA5
:10C92000F2D1013D023406EB450104EB4504DB077F
:10C9300044BF23880B7070BDD0E90023F0B4D0E968
:10C940000267D0E90445D0E90601B1F1FF3F08BF15
:10C95000B0F1FF3F18D1B5F1FF3F08BFB4F1FF3F81
:10C960000FD1B7F1FF3F08BFB6F1FF3F0FD1F0BCC9
:10C97000B3F1FF3F08BFB2F1FF3F14BF0120002019
:10C9800070470320F0BC70470420F0BC70470220C1
:10C99000F0BC704710B54FF6FD7E1F4B0446B3F850
:10C9A000E0C000F580330CF1FF3292B272454FEADD
:10C9B000C32008D84FF47832184B03EA4C23B2FB5B
:10C9C000F3F203FB020003294FF0AA324FF0AA331F
:10C9D00012D0042908D0022916D000F041FFC0B9B6
:10C9E0000F4B00201C7010BD183000F039FF0038CC
:10C9F00018BF0120400010BD103000F031FF00389A
:10CA000018BF0120400010BD083000F029FF0028A9
:10CA1000E6D0022010BD00BF0005FA0B00FE1F008B
:10CA2000204E0320F8B5044600F052FF002840F0E5
:10CA3000BD804FF6FD73634AB2F8E0C00CF1FF32DF
:10CA400091B2994200F2B0804FF478355E4B03EA20
:10CA50004C23B5FBF3F503FB05F5C5F57835ED0A79
:10CA60004FF6FD7391B2994212D999E04FF6FD77D6
:10CA7000544E2846012100F0F7FE0135002840F011
:10CA80008D80B6F8E0C00CF1FF3293B2BB4237D8CC
:10CA90004FF478334C4901EA4C21B3FBF1F301FB2D
:10CAA00003F3C3F57833DB0A04339D422AD2002C0A
:10CAB000DCD04FF47836B6FBF1F01127EB0203F12E
:10CAC000006301FB003303F5006ED3E90001B1F10F
:10CAD000FF3F08BFB0F1FF3F03F1080318BF102765
:10CAE0009E45F2D1102F47D04FF6FD7391B2994277
:10CAF00005F10105CCD9802D04D04FF48021DAE76F
:10CB0000802DB6D100F0E2FE4FF6FD712D4BB3F84B
:10CB1000E020531E9BB28B424AD84FF478302A4B08
:10CB2000022103EA4223B0FBF3F003FB00F0C0F55F
:10CB30007830C00AFFF72EFF00283FD14FF6FD7175
:10CB4000224A204B1080B3F8E020531E9BB28B4248
:10CB500036D84FF478331C4901EA4222B3FBF2F392
:10CB600002FB03F3C3F57833C3F3C7232021184C2A
:10CB7000184A23701160F8BD0121284600F074FEA8
:10CB800060B9104B0135B3F8E0C04FF6FD730CF1FE
:10CB9000FF3291B299427FF67BAFACE70120F8BD3E
:10CBA00080234FF4802180E77C2559E70E20F8BDD3
:10CBB0007C200221FFF7EEFE0028BFD00220F8BD46
:10CBC0007C23D3E70005FA0B00FE1F00224E032052
:10CBD000204E03207C0103204FF6FD71224B2DE9EE
:10CBE000F041B3F8E02082B0531E9BB28B4220D8B4
:10CBF0004FF478351D4B03EA4223B5FBF3F503FBF5
:10CC000005F5C5F57834E40A271D05F1006606EB45
:10CC1000C420FFF791FE04284FEAC42804F1020360
:10CC20000BD09F4203D8052002B0BDE8F0811C461E
:10CC3000EDE780277C240025E7E7621C9A4206D3B3
:10CC40000221204600F010FE48B10120ECE708F177
:10CC500008202844FFF770FE0428F1D0E3E7019094
:10CC600000F034FE0198DFE70005FA0B00FE1F001C
:10CC70002DE9F0474FF6FD74444A454BB2F8E010F9
:10CC80001E784A1E92B206F58033A24280464FEAD1
:10CC9000C3234FD84FF478393E4C04EA4124B9FB02
:10CCA000F4F904FB09F94B441846FFF745FE4FF42D
:10CCB0007833B3FBF4F304FB03F3C3F57833A6EB4B
:10CCC000D32A0AF1010505F0030505EBD325074634
:10CCD00005F5803009EBC020DC0AFFF72DFEB8F126
:10CCE000010F12D0B8F1020F0AD0022F1FD0012F6E
:10CCF0001BD10AF1030A0AF0030A0AEB040616E044
:10CD000098B92E463046BDE8F087022F17D0012F84
:10CD10000BD1214C2368B3F5006F08D304282BD026
:10CD200003213046FFF736FEE0B14FF0FF363046C4
:10CD3000BDE8F0874FF000094FF48024B4E7164CAB
:10CD40002368B3F5006FF2D304281AD003213046CC
:10CD5000FFF720FE0028E8D102212846FFF71AFE3F
:10CD600030B1E2E701212846FFF714FE0028DCD1AC
:10CD700020232E462360C5E7FFF72EFF0028CFD0E3
:10CD8000D3E7FFF729FF0028E0D0CEE70005FA0B34
:10CD9000204E032000FE1F007C0103202DE9F041FE
:10CDA000074600200E46FFF763FF431C6DD000F5D9
:10CDB0008031CC024FF6FD71354B8046B3F8E02050
:10CDC000531E9BB28B4208D84FF47831314B03EAA3
:10CDD0004223B1FBF3F203FB02442046FFF7ACFD14
:10CDE000831EDBB2022B4BD82B4D04F5FF6C04F1F4
:10CDF000180101E08C451CD0DCE90023B3F1FF3FB2
:10CE000008BFB2F1FF3FACF1080C1FFA82FEF1D06F
:10CE1000BE45EFD1A86840F00100A8602B602F80CC
:10CE20002C68A4B2B4EB124FE4D100203360BDE80B
:10CE3000F0814FF6FD71164BB3F8E020531E9BB204
:10CE40008B421FD84FF47831124B03EA4223B1FBD7
:10CE5000F3F103FB01F1C1F57833DB0A08F10308B4
:10CE6000A8EB030808F00308984408F5803301EBA9
:10CE7000C3242046FFF760FD831EDBB2022BB4D92A
:10CE80000720D4E700217C23E8E70320BDE8F081F8
:10CE90000005FA0B00FE1F00003002404FF6FD7245
:10CEA000431E9BB2934201D908207047002310B55E
:10CEB00082B00C4601A90193FFF770FF019B23602C
:10CEC00002B010BD70B5064601200D46FFF7D0FE3A
:10CED000431C3AD04FF6FD711D4B00F5803CB3F872
:10CEE000E0204FEACC2C531E9BB28B4227D84FF444
:10CEF0007830184B03EA4223B0FBF3F003FB00F059
:10CF0000CDB1154CA36843F00103A36025602680D2
:10CF100022681204114C2B46216832438C44604431
:10CF200000F09EFC78B90E4922680B880832013364
:10CF300022600B8070BD002EE3D13246EAE700206C
:10CF4000002DDED1F7E7022070BD032070BD00BFC9
:10CF50000005FA0B00FE1F00003002407C01032098
:10CF6000224E03202DE9F04F002785B0CDE90001C6
:10CF7000C2F10200C0B214460397FFF779FE431CCA
:10CF800000F068812023BB4ABB4D1070BB4A0646A7
:10CF90002F801360002C00F042814FF6FD71B84BDA
:10CFA000B3F8E020531E9BB28B4200F23F814FF456
:10CFB0007833B44901EA4222B3FBF2F302FB03F3F4
:10CFC0001A46C3F57833DB0A0336F61A06F0030671
:10CFD0001E4406F5803002EBC020FFF7ADFC0228AE
:10CFE00000F08680042800F08980012C40F0DB806E
:10CFF000032840F0D8809F4B2C881E789F4B4FF021
:10D00000000B1A6804F1FC03C2EBC62C0CF1006C97
:10D010004FF6FD7A9B4F0CF1200C1FFA83FE09E0BE
:10D020001FFA89F474454FF0010B2C8002F10802BD
:10D0300000F01981924BB3F8E03003F1FF381FFA8A
:10D0400088F1514598BF4FF4783107EA432996BFDC
:10D05000B1FBF9F0002009FB00F00CEB02010144E8
:10D06000D1E90001B1F1FF3F08BFB0F1FF3F04F18A
:10D070000109D5D14146BBF1000F01D07F480260C4
:10D080004FF6FD77DFF8FC8189B204F57C7AB9426E
:10D09000DFF8EC911FFA8AFA08EA432325D84FF407
:10D0A0007830B0FBF3F003FB00F0C0F57832D20A21
:10D0B000C2F10303334403F003039E1806F58033E3
:10D0C00000EBC320FFF738FC032804F1FC0340F019
:10D0D000C8809CB254452C8078D0B9F8E030591EF5
:10D0E00089B2B94208EA4323D9D97C220020DFE77C
:10D0F00004213046FFF74EFC00285ED14FF6FD714B
:10D100005F4BB3F8E020531E9BB28B4200F2A68027
:10D110004FF478335B4901EA4222B3FBF2F302FB9E
:10D1200003F31A46C3F57833DB0A06F10309A9EBCA
:10D13000030909F00309994409F5803002EBC02086
:10D14000FFF7FAFBC31EDBB2012B3AD84C4F4D4E12
:10D150001AE04FF47833B3FBF1F301FB03F3184605
:10D16000C3F57833DB0A09F10309A9EB030909F0D8
:10D170000309994409F5803300EBC320FFF7DCFB7A
:10D18000C31EDBB2012B1CD8032810D04FF6FD7252
:10D19000B7F8E03006EA4321013B9BB29342D8D96D
:10D1A00000207C23DFE70A2005B0BDE8F08F0421D2
:10D1B0004846FFF7EFFB0028E8D0022005B0BDE8A5
:10D1C000F08F012CB5F800A03FF415AFBAF5FC7F45
:10D1D000F3D2DDE90001FFF775FE0028EDD12C88C0
:10D1E000022C26D80124009F0CE02B88B3F5FC7F8D
:10D1F0002CD230460399FFF765FE0028D4D10134C4
:10D20000FB2C19D0BC42A6B2F9D0304603A9FFF7D7
:10D21000C5FD0028E9D00728F1D00320C4E701218B
:10D22000FFF7B8FB00283FF4B8AEC6E700227C2326
:10D23000CAE6023CFA2CD6D90E4B02211878FFF729
:10D24000A9FB0028B9D14FF48070ADE7122005B0DA
:10D25000BDE8F08F042005B0BDE8F08F00227C23EC
:10D2600063E7A246B2E7054B1A60054BB3F8E0301E
:10D27000591E05E7204E0320224E03207C01032087
:10D280000005FA0B00FE1F002DE9F04F89B006469D
:10D2900000F01EFB002840F0D281074648F205004E
:10D2A00001244FF6FD71C04B9A6C42F480529A648F
:10D2B0009B6CBE4A03F480530793079B50619368AD
:10D2C000BB4823F0180343F008039360B94B047084
:10D2D000B3F8E020531E9BB28B4200F242814FF420
:10D2E000783AB54B03EA4223BAFBF3FA03FB0AF39D
:10D2F000C3F57834E40A039304F58033049304F10E
:10D300000408A446039AAD4902F5006202EBC32269
:10D310004FEAC32EA2F500630B60F3E802AB9A421A
:10D32000FAD10CF1010CC44502F50062F2D3039B63
:10D330004FF0000C0EEB030B5B46E1466546A3463F
:10D340009A46CDE901CC80F800C05046FFF7F4FAC8
:10D35000421ED2B2012A40F20B81032807D1019B61
:10D36000CDF808B0002B08BFD946013301930BF16B
:10D37000010BC3450AF5006AE7D3002D00F0648174
:10D380004FF6FD718B4BB3F8E020531E9BB28B42DE
:10D3900000F2E481884B03EA42234FF47832B2FB77
:10D3A000F3F203FB02FBCBF578334FEAD32909F5FF
:10D3B0008035294609F1040A4FF0030803964C46CC
:10D3C0004646884609F102030BEBC5250193284622
:10D3D000FFF7B2FA012800F0FB800134544505F54F
:10D3E000006506F10106F2D30023039E01934FF678
:10D3F000FD71704BB3F8E020531E9BB28B4200F2DC
:10D40000A5814FF4783C6C4B03EA4223BCFBF3FC50
:10D4100003FB0CFCCCF57835ED0A05F5803422468B
:10D4200005F104084FF000090CEBC424CA46A346DA
:10D43000039704964F461646A94664465846FFF79A
:10D440007BFA022800F09680032808BFCDF80890E8
:10D45000791C01EB0509C1450F460BF5006BEDD3B7
:10D46000DDE903765346002B00F08681544D0022FF
:10D4700020202B78DFF854814FEAC32C0293514BC4
:10D480004FF6FD7B9646DFF82CA1DFF82C910CF1CE
:10D49000006CA8F80020186008E00830B0F5006FB4
:10D4A0004FF0010EA8F8002000F08381BAF8E030B8
:10D4B0000132591E8DB25D4598BF4FF4783509EAA7
:10D4C000432496BFB5FBF4F5002565430CEB00043F
:10D4D0002C44D4E90045B5F1FF3F08BFB4F1FF3F4C
:10D4E00092B2DAD1BEF1000F01D0364A10604FF689
:10D4F000FD750A46DDF808A02F4CDFF8B89028E04B
:10D500004FF47831B1FBF3F103FB01F1C1F578324F
:10D51000D20A0AF103039B1A924503F0030302F1B6
:10D52000020000F0B380504500F0B08003EB020A27
:10D530000AF5803001EBC020FFF7FEF9032840F028
:10D540001681B8F80030FC33A8F80030B9F8E030A4
:10D550005A1E92B2AA4204EA4323D1D97C22002166
:10D56000D7E7194B4FF080087C2404930397C8E653
:10D570000135FCE6A94549D0022F47D0F81C00F040
:10D580000300304404EBC020FFF7D6F903287FF4F2
:10D590005FAFBAF1000F40F0EA80094A4FF0010A8C
:10D5A000791C82F8009054E70010024000300240DD
:10D5B000184E03200005FA0B00FE1F001C4E03202E
:10D5C000204E03207C0103207C000100224E03201A
:10D5D0004C4528D0019BA34225D006F003004044CF
:10D5E0000BEBC020FFF7A8F903287FF4F6AE00216B
:10D5F000744D01220846039E2C70FFF7B3FCB0F572
:10D60000807F40F0DD8001230193F0E6791C01F07A
:10D610000300304404EBC0200591FFF78DF900288A
:10D62000B7D0059915E7B01E00F0030040440BEB9E
:10D63000C020FFF781F900287FF4CFAED7E70E278F
:10D64000384609B0BDE8F08F019B002B00F0AB809D
:10D65000C4F10300049B484400F003001844039BFA
:10D6600003EBC020FFF768F904287FF489AE029B22
:10D67000C4F10100184400F0030001212044FFF729
:10D6800089F900283FF47CAE0227D9E7029D0135D5
:10D69000AD1A05F00305154405F58033AA4501EBE5
:10D6A000C32127D0484C002E37D10121284600F055
:10D6B000DBF8002872D14FF6FD71B4F8E020531E5C
:10D6C0009BB28B423FD84FF47831404B03EA422360
:10D6D000B1FBF3F103FB01F1C1F57833DB0A01354E
:10D6E000ED1A05F003051D4405F58033AA4501EB4D
:10D6F000C321D8D100F0EAF8019B002BA0D1B8F8E3
:10D700000030B3F5FC7F9BD201990846FFF7DAFBA6
:10D71000071E18BF01277F0092E74FF0110C01F59B
:10D720000060D1E90023B3F1FF3F08BFB2F1FF3F32
:10D7300001F1080118BF4FF0100C8142F1D1BCF18A
:10D74000100FB8D1B1E700217C23C8E7204A4FF081
:10D7500080087C254FF0000C144663E61C494FF00E
:10D76000800A4FF07C094FF0000B0D4624E60A2793
:10D77000384609B0BDE8F08FEDB2029AC5F1010359
:10D78000134403F003031D44E8B20E4D0221287038
:10D79000FFF700F900283FF46AAE75E70127384625
:10D7A00009B0BDE8F08F019809B0BDE8F04FFFF770
:10D7B00039B9084B1860044BB3F8E030591E96E6AF
:10D7C0000C273DE7204E03200005FA0B00FE1F004A
:10D7D0007C0001007C0103204FF6FD72431E9BB2CA
:10D7E000934201D908207047044B1B88B3F5FC7F96
:10D7F00001D2FFF767BB0022FFF7B4BB224E032024
:10D80000134B144A196CB2F8E02011F4801F02F196
:10D81000FF334FF6FD719BB20CD18B4297BF0E4B7D
:10D820000E4B03EA422303F1006383428CBF0120C5
:10D83000022070478B4297BF074B084B03EA4223F5
:10D8400003F1006383428CBF02200120704700BFB8
:10D85000002002400005FA0B00FE1F000000040833
:10D8600001460120FAF736BC4FF6FD7C70B5002664
:10D87000144B0446B3F8E02086B0531E9BB200F56B
:10D88000803063450D4601964FEAC02008D80E4B04
:10D8900003EA42234FF47832B2FBF3F203FB0200B7
:10D8A000FFF7AEFF0222034601A902A8CDE9033427
:10D8B00005950292FAF722FE003818BF012006B043
:10D8C00070BD00BF0005FA0B00FE1F00704700BFCF
:10D8D000FF2300B58BB001A80293FAF779FD079BEF
:10D8E00013F4800F0CBF0E2000200BB000BD00BF52
:10D8F000D0F8B8320BB11B6818470320704700BF3F
:10D9000008B5D0F8B8320BB15B689847002008BD65
:10D9100038B5044600F2AA25284600F091FB012202
:10D9200094F8AA12B4F8B032C029C4F89422C4F80A
:10D9300098320DD001F01F03012B1BD0022B13D006
:10D9400063B12046BDE8384001F0800103F014B90E
:10D950002046BDE83840802103F00EB92946204614
:10D96000BDE8384000F0F6B829462046BDE838400A
:10D9700000F0C8BA29462046BDE8384000F08CBA0D
:10D9800070B5044631B91346D0F89422032A0DD05D
:10D99000002070BD90F89C32032BF9D1D0F8B8323A
:10D9A0009B69002BF4D0BDE870401847D0E957526E
:10D9B000954208D890F89C32032B0ED0204600F0F8
:10D9C0006DFB002070BDAD1AAA4228BF2A46194639
:10D9D000C0F85C5100F058FBDAE7D0F8B8321B69A8
:10D9E000002BEBD09847E9E770B5044649B9D0F869
:10D9F0009432022B11D094F8A032012B22D00020B7
:10DA000070BD90F89C32032BF9D1D0F8B8325B6925
:10DA1000002BF4D0BDE870401847D0E90736B34278
:10DA20000D4614D820D094F89C32032B2FD080219F
:10DA3000204603F0A1F8204600F03CFB94F8A03209
:10DA4000012BDCD1002384F8A032002070BD9B1B89
:10DA50001146C3611A4600F00DFB2B462A462946A3
:10DA6000204603F0CDF8C6E782699342DBD8D0F8B0
:10DA700098329A42D7D20A4600F0FCFA2B462A4640
:10DA800029462046C4F8985203F0BAF8B3E7D4F810
:10DA9000B832DB68002BCAD020469847C7E700BFE2
:10DAA00000210122D0F8B83280F89C224160C0F8F1
:10DAB0009412C0F8A412EBB1D0F8BC2270B50446A1
:10DAC00012B15B6803B19847002240250126114638
:10DAD0004023204603F042F8002280212B462046B6
:10DAE000A4F86461C4F8605103F038F80020A684FB
:10DAF000256270BD032070470346002019747047EB
:10DB00000346042193F89C220020D2B283F89D2280
:10DB100083F89C12704700BF90F89C32042B04D10C
:10DB200090F89D32DBB280F89C320020704700BF35
:10DB3000D0F8B82262B108B590F89C32032B01D01E
:10DB4000002008BDD369002BFAD09847002008BDFB
:10DB50000320704730B50B780D4603F06003202B8F
:10DB6000044683B028D0402B26D05BB180212046CC
:10DB700003F002F80021204602F0FEFF00252846AF
:10DB800003B030BD4B78092BF0D801A252F823F036
:10DB900003DC00082BDC00086DDB000849DC000812
:10DBA0006DDB000851DC00088BDC00086DDB000831
:10DBB000C1DC0008CBDB000829462046D4F8B83287
:10DBC0009B6803B0BDE8304018478978B14D012902
:10DBD000297000F23B8190F89C32022BDAB200F0FF
:10DBE0001D81032A00F0FA80802102F0C5FF002188
:10DBF000204602F0C1FF20462978FFF781FE032569
:10DC0000BDE790F89C32013B022BAFD8CA88022AAC
:10DC1000ACD1D0F8A4320146003B18BF01235B0011
:10DC200041F80C3F00F018FAA8E790F89C32013B4D
:10DC3000022B9BD84B88012BA0D100232046C4F88F
:10DC4000A43200F02BFA99E74B88012B96D1F5E727
:10DC50008B88002B8AD1CB88002B87D14B887F2BD8
:10DC600084D890F89C22032A80D0DDB2294680F81F
:10DC70009E5202F0ADFF204600F010FA002D00F099
:10DC8000FB80022384F89C3278E700216A88ADF893
:10DC90000610130A013B062B3FF668AF01A151F8AD
:10DCA00023F000BF55DD00083BDD000865DD0008FE
:10DCB0006DDB00086DDB000825DD0008E9DC0008ED
:10DCC000CA88012A7FF452AF90F89C32022BD9B255
:10DCD00000F2B58000293FF449AF0146002341F826
:10DCE000083F00F0B9F949E7037C002B7FF43EAF11
:10DCF000D0F8B8320DF106001B6B9847072343702C
:10DD0000EB88002B66D0BDF80620002A3FF42EAF2A
:10DD10009A4228BF1A4601462046ADF8062000F078
:10DD20009BF92BE7037C002B7FF420AFD0F8B832AF
:10DD30000DF106005B6B9847E2E7027CD0F8B83241
:10DD4000002A40F08B809B6A0DF106009847022361
:10DD50004370D5E7D0F8B4320DF106011B68007CA2
:10DD60009847CDE7D1B2052900F28A80DFE801F0BB
:10DD700026201A140E03D0F8B4329B69002B3FF40E
:10DD8000F5AE207C0DF106019847B9E7D0F8B43222
:10DD90005B69002BF5D1E9E6D0F8B4321B69002BA2
:10DDA000EFD1E3E6D0F8B432DB68002BE9D1DDE651
:10DDB000D0F8B4329B68002BE3D1D7E6D0F8B43268
:10DDC0005B68002BDDD1D1E60223416080F89C32F4
:10DDD000FFF796FD204600F061F9CFE60029F3D069
:10DDE00041680129F6D0C9B2FFF78AFD297820469B
:10DDF0006160FFF77DFD05460028EBD080212046BD
:10DE000002F0BAFE0021204602F0B6FE204621793B
:10DE1000FFF776FD022384F89C32B0E60029D9D0C2
:10DE200001214160FFF764FD0546F0B180212046E5
:10DE300002F0A2FE0021204602F09EFE9FE603298A
:10DE40007FF494AE011D00F007F997E6802102F0FF
:10DE500093FE0021204602F08FFED0E6DB6A0DF132
:10DE600006009847022343704AE7204600F016F95F
:10DE7000032384F89C3281E6012384F89C327DE6FA
:10DE8000D0F8B8329B6B002B3FF470AE0DF1060258
:10DE9000984735E7244E032038B50B780D465A06CF
:10DEA00004460DD503F06002402A09D0802102F01B
:10DEB00063FE0021204602F05FFE0025284638BDA3
:10DEC00094F89C32013B022B12D82B79032B0FD8EC
:10DED000D4F8B83229469B6820469847EB88054617
:10DEE000002BEBD10028E9D1204600F0D7F8E5E778
:10DEF0008021204602F040FE0021204602F03CFE38
:10DF0000DBE700BF70B50B780D4603F06003202BF4
:10DF100004464CD0402B4AD04BB18021204602F021
:10DF20002BFE0021204602F027FE002070BD6B78FA
:10DF30008A88012BD1B22BD0032B40D0002BECD1FF
:10DF400090F89C32022BD8B253D00328E5D101F0CF
:10DF50000F0303EB8303120604EB830358D4B3F8D7
:10DF60006431002BD9D001EB810504EB850505F563
:10DF7000AA75002958D0204602F016FE002859D074
:10DF800001232B6002222946204600F065F8CCE7E9
:10DF900090F89C32022BDAB222D0032ABDD16B88D2
:10DFA000002BC2D14E0642D1204600F077F8D4F8BB
:10DFB000B83229462046BDE870409B68184790F863
:10DFC0009C32022BDAB20BD0032AA6D16B881BB984
:10DFD0004A0601D0EB887BB3204600F05FF8A4E747
:10DFE0004B069AD002F0C8FD8021204602F0C4FD05
:10DFF0009BE7480691D1002311064CBF04F11401A0
:10E0000004F5AA71022220460B6000F025F88CE787
:10E010009B8C002B81D001F07F05013505EB850538
:10E02000802904EB8505A6D100232B60AAE702F026
:10E03000AFFDB9E72860A5E702F09EFDCCE700BF81
:10E040000B7803704B7843704B8843808B888380B8
:10E05000CB88C380704700BF10B5134602240A4620
:10E06000C0E906330021C0F8944202F0BDFD002053
:10E0700010BD00BF8C4608B500211346624602F071
:10E08000B3FD002008BD00BF8C4608B50021134633
:10E09000624602F0B5FD002008BD00BF002310B5A8
:10E0A00004241A461946C0F8944202F09DFD00204F
:10E0B00010BD00BF002310B505241A461946C0F84C
:10E0C000944202F09DFD002010BD00BF08B54FF046
:10E0D000E0231B6901F00EFD012800D108BDBDE859
:10E0E000084002F05BBA00BF08B5EFF3058313B137
:10E0F0006FF0050008BD01F0FDFC012807D0EFF32B
:10E100001083002BF4D1EFF31183002BF0D101F039
:10E11000F1FC0128034604D1034A106808B91360D2
:10E1200008BD4FF0FF3008BD805B0320EFF305838F
:10E1300013B16FF00500704710B501F0DBFC01284A
:10E1400009D0EFF3108313B16FF0050010BDEFF3AA
:10E150001183002BF8D101F0CDFC01280CD1084B24
:10E160001A68012A08D1002402220649CC771A60D5
:10E1700001F0C0FA204610BD4FF0FF3010BD00BFC7
:10E18000805B032000ED00E0F0B5002587B0144669
:10E190000595EFF3058212B1002007B0F0BD0746E8
:10E1A0000E4601F0A7FC012809D0EFF3108313B14C
:10E1B000059807B0F0BDEFF31183002BF8D1002FC5
:10E1C000F6D00CB3A569DDB918256368DB07E3D485
:10E1D00063693BB39A08A068D4F800C0E16820B333
:10E1E000AB29E5D921690029E2D0002BE0D0CDE9A7
:10E1F0000110334661463846009501F045F9CCE7F9
:10E200006B1E372BE1D9C7E74FF4807218252146E2
:10E2100005AC334638460095019401F069F90128B0
:10E22000BAD1C5E74FF48072D5E70029C0D1236980
:10E23000002BBDD1644692B2E9E700BFEFF305833E
:10E2400013B16FF00500704710B5044601F052FCA1
:10E25000012809D0EFF3108313B16FF0050010BD52
:10E26000EFF31183002BF8D10CB9002010BD20462C
:10E2700001F022FAF9E700BF4FF4807330B4034D88
:10E28000034C05600C60136030BC7047D45A032007
:10E29000D45603204FF4007330B4034D034C056093
:10E2A0000C60136030BC704728560320284E0320B2
:10E2B0004FF0FF31002200F10803C0E90131C0E94D
:10E2C00003330260704700BF00230361704700BF43
:10E2D0004268036810B494680133C1E901246160A5
:10E2E00091605DF8044B08610360704730B40D68BD
:10E2F0006B1C10D000F108031C465B681A68AA4228
:10E30000FAD902684B60013299608C6061600861E3
:10E3100030BC0260704704696368F2E7036910B4B7
:10E32000D0E901125C688A6051600021844208BF14
:10E330005A601A680161013A1A6018685DF8044B66
:10E34000704700BF70B51646026C0446856B2AB94B
:10E35000066801354EB31046A56370BD8EB940689E
:10E3600002F0F2FC6368216CA2680B449342636084
:10E3700028BF236805F1010528BF63600020A5635D
:10E3800070BDC06802F0E0FC226CE36851429B1A49
:10E390002268E360934202D2A3680B44E360022E3A
:10E3A00008D001350020A56370BD806801F0FAFB3C
:10E3B000A660D1E7012D38BF0125DFE770B505461E
:10E3C00002F0CAF895F845305CB2002C14DD05F176
:10E3D000240603E0631EDAB25CB26AB16B6A5BB119
:10E3E000304601F0B5FA0028F4D001F077FB631E47
:10E3F000DAB25CB2002AF1D1FF2385F8453002F091
:10E40000B9F802F0A9F895F844305CB2002C14DD9C
:10E4100005F1100603E0631EDAB25CB26AB12B6943
:10E420005BB1304601F094FA0028F4D001F056FBBD
:10E43000631EDAB25CB2002AF1D1FF2385F84430C2
:10E44000BDE8704002F096B870B568B3C56B04467D
:10E45000F5B1026CA2FB0525D5B90E4602F07CF899
:10E46000D4E90F30FF2100FB03F32268181A626021
:10E4700013440244A563C4E9023284F8441084F8CA
:10E48000451046B9236993B902F074F8012070BDB4
:10E4900002F0B8F9FEE704F11000FFF709FF04F1FC
:10E4A0002400FFF705FFEFE702F0ACF9FEE704F107
:10E4B000100001F04DFA0028E6D002F041F8E3E741
:10E4C00070B582B09DF8186033B3054650B11C4654
:10E4D0005AB139B150230193019B502B0DD002F05A
:10E4E00091F9FEE702F08EF9FEE70029FAD15023F8
:10E4F0000193019B502BF2D12246C4E90F51012117
:10E500002046226084F84610019BFFF79DFF2046BD
:10E5100084F84C6002B070BD02F074F9FEE700BFF1
:10E52000F0B585B00192002800F0878004460E46C1
:10E530001D46002961D0022D02D1E36B012B6FD162
:10E5400001F0D8FA00284ED002F006F8A26BE36B77
:10E550009A4258D3022D56D0002007460DE002F013
:10E5600009F82046FFF72AFF01F01CF901F0F4FF3B
:10E57000A26BE36B01209A4245D3019B002B5FD035
:10E58000002836D001F0F6FF01F004F901F0E4FFB5
:10E5900094F84430FF2B08BF84F8447094F8450089
:10E5A000FF2808BF84F8457001F0E4FF01A902A824
:10E5B00001F05CFA002848D101F0CEFFA26BE36BBA
:10E5C0009A42CCD101F0D6FF019904F1100001F07C
:10E5D0007FF92046FFF7F2FE01F0E4F80028C5D1EC
:10E5E00001F0AEFFC2E7019B002BADD002F00AF9AB
:10E5F000FEE702A801F02EFAC4E7036C002B9AD0C4
:10E6000002F000F9FEE72A4631462046FFF79AFE5F
:10E61000636A5BB938B901F0ADFF012005B0F0BD08
:10E6200002F0F0F8FEE701F08BFFF4E704F12400BC
:10E6300001F08EF90028EED0F5E702F0E3F8FEE7EE
:10E6400001F098FF002005B0F0BD2046FFF7B6FEB0
:10E6500001F0A8F8F6E700BF70B582B011B35023FF
:10E660000193019B502B1AD10C460026012105462F
:10E67000C4E90F1684F8461020462460019BFFF77A
:10E68000E3FE334632463146204684F84C50A660BD
:10E690002660E660FFF744FF204602B070BD02F03E
:10E6A000B1F8FEE702F0AEF8FEE700BFF0B585B0C6
:10E6B000019200286BD004460E4600295BD001F081
:10E6C00019FA00285DD001F047FFA56B002D61D13C
:10E6D000019B002B42D002A801F0BCF92F4601F0AB
:10E6E00049FF01F057F801F037FF94F84430FF2B51
:10E6F00008BF84F8447094F84530FF2B08BF84F8B5
:10E70000457001F037FF01A902A801F0AFF998B9EF
:10E7100001F022FFA36B33BB01F02CFF019904F140
:10E72000240001F0D5F82046FFF748FE01F03AF842
:10E7300068B901F005FF0AE02046FFF73FFE01F04F
:10E7400031F801F009FFA36B43B101F013FF01F0B1
:10E7500003FFA56BF5B9019B002BC0D101F00AFFA7
:10E76000002005B0F0BD01F005FF2046FFF726FEB2
:10E7700001F018F8EBE7036C002BA0D002F042F890
:10E78000FEE7019B002B9ED002F03CF8FEE702F072
:10E7900039F8FEE7226C5AB1E168A3681144994246
:10E7A000E16028BF2168304628BFE16002F0CCFA62
:10E7B000013DA56323691BB901F0DCFE0120D0E710
:10E7C00004F1100001F0C4F80028F5D001F0B8FE03
:10E7D000F2E700BFF0B585B00191002878D0036C56
:10E7E0000446002B3FD101F085F910B9019B002BA5
:10E7F0006BD101F0B1FEA56B002D7AD1019B002BEE
:10E8000060D002A801F026F92E462F4601F0B2FE94
:10E8100000F0C0FF01F0A0FE94F84430FF2B08BFC9
:10E8200084F8447094F84530FF2B08BF84F8457095
:10E8300001F0A0FE01A902A801F018F9B0B901F099
:10E840008BFEA36B23B301F095FE2046FFF7B6FDC8
:10E8500000F0A8FF01F080FEA56B002D49D1019BBF
:10E86000002BD3D12EE001F0CDFFFEE72046FFF7CD
:10E87000A5FD00F097FF01F06FFEA36B2BB901F02F
:10E8800079FEC6B9002005B0F0BD01F073FEE1E7E6
:10E8900001F070FE23681BB3019904F1240001F01C
:10E8A00017F82046FFF78AFD00F07CFF0028D1D141
:10E8B00001F046FECEE701F04FFE616A59B9A0684B
:10E8C00001F0B8F901F056FEDCE701F09BFFFEE72E
:10E8D00001F098FFFEE7236B1968C1F13801EEE7FC
:10E8E00001F03AFEA06801F015F9064601F042FE7B
:10E8F000D2E72368013DA56373B123691BB901F019
:10E9000039FE0120BFE704F1100001F021F80028D2
:10E91000F5D001F015FEF2E701F0DAF9A060ECE7BE
:10E9200038B500B3A1B1124C6268234682421DD0B3
:10E93000A44600221D68013208337DB1082A07D0A1
:10E940005D689C46A842F5D104EBC20CCCE90010EE
:10E9500038BD5D68A842F7D001320833082AF8D1E3
:10E96000CCE90010F4E701F04DFFFEE70022EBE7F1
:10E97000885B032070B504460E46154601F0ECFD99
:10E9800094F84430FF2B04BF002384F8443094F8FB
:10E990004530FF2B04BF002384F8453001F0EAFD29
:10E9A000A36B23B12046BDE87040FFF707BD04F11B
:10E9B00024002A46314600F09FFF2046BDE8704003
:10E9C000FFF7FCBC2DE9F8431C4683681646A3EB11
:10E9D00004089045474628BF1746E219934202D2E1
:10E9E00001F010FFFEE7054680693A46204489465B
:10E9F00002F0AAF9B0450BD2AB68F21B9A4202D9D9
:10EA000001F000FFFEE7A86909EB070102F09CF99D
:10EA1000AB68A019984228BFC01ABDE8F88300BFB0
:10EA20002DE9F0411C460B4681681546A1EB040810
:10EA30009045474628BF1746E219914202D201F09D
:10EA4000E1FEFEE7816906463A461846214402F097
:10EA50007BF9A84506D3B3686019984228BFC01A4D
:10EA6000BDE8F081B1693844EA1B02F06DF9F2E7C4
:10EA7000F0B51646027F1C46D20705460F460368CE
:10EA800083B006D4B44228BF34467CB9204603B0D4
:10EA9000F0BD04220DEB0201FFF7C2FF019A03460D
:10EAA00096420CD20024204603B0F0BD22463946DF
:10EAB0002846FFF7B5FF2860204603B0F0BD164694
:10EAC000043CDFE7F0B51646027F1C46D207054638
:10EAD0000F46436883B007D5089A0196944211D235
:10EAE0000024204603B0F0BDB44228BF3446002CB9
:10EAF000F7D0224639462846FFF764FF6860204673
:10EB000003B0F0BD04220DEB0201FFF75BFF3446BA
:10EB10000346002CE5D0ECE72DE9F04182B0CBB103
:10EB20001D46089BE3B1814204460E460FD8002AD9
:10EB30000CBF4FF002084FF0030804280DD924231E
:10EB40000193019F9F420ED001F05CFEFEE701F0B1
:10EB500059FEFEE701F056FEFEE701F053FEFEE728
:10EB600001F050FEFEE702465521284602F060F80B
:10EB7000854202D001F046FEFEE73A4600210898A1
:10EB800002F056F8089B012E38BF012618469D61F9
:10EB90009C6083F81C80DE6002B0BDE8F08100BF9D
:10EBA00038B568B1856802680168446803689A42AC
:10EBB000F9D168180138001B854298BF401B38BD49
:10EBC00001F020FEFEE700BF08B540B1826843684F
:10EBD0000168D018401A824298BF801A08BD01F01F
:10EBE00011FEFEE72DE9F04387B00393002900F002
:10EBF00084800446002800F08380037F8568DB075B
:10EC000017460E4605F1FF325ED4BA4228BF3A4697
:10EC10009046039B002B33D004A800F005FF01F0C1
:10EC20009BFCA16820682568626823689842F9D136
:10EC30000D44013DAD1AA94298BF6D1AA84565D98A
:10EC40000021084601F06CFAD4F81490B9F1000FD5
:10EC50005FD100F049FF606101F08CFC039A4946E6
:10EC600000924B464A46484601F074F803A904A8AE
:10EC7000C4F8149000F0FAFE0028D0D05DB9A56861
:10EC800022682168606823689A42F9D14B1E1B1ADA
:10EC90005D1938BF1D462B463A4631462046CDF811
:10ECA0000080FFF70FFF054650B1A2686368216836
:10ECB00013445B1A9A4298BF9B1AE2689A420CD995
:10ECC000284607B0BDE8F08307F1040847451AD28B
:10ECD00042459ED200230393D2E700F05BFD2369F7
:10ECE00043B100262069334632463146009601F092
:10ECF0007DF8266100F056FDE2E701F083FDFEE7B6
:10ED000001F080FDFEE701F07DFDFEE701F032FC41
:10ED1000B4E701F077FDFEE7F0B583B0002942D0FB
:10ED20000446002842D01F4690F81CC0D0F808E0E6
:10ED30000CF0010C02EB8C0C2568266863682068D7
:10ED40008542F9D17644013EF31A9E45204698BF8C
:10ED5000A3EB0E03CDF800C0FFF7B4FE054650B19B
:10ED6000A2686368216813445B1A9A4298BF9B1A91
:10ED7000E2689A4202D9284603B0F0BD01F042FD94
:10ED8000236906464BB12069019700273B463A4666
:10ED90003946009701F0AAF82761304601F03EFDA0
:10EDA000284603B0F0BD01F02DFDFEE701F02AFD7D
:10EDB000FEE700BF2DE9F04383B0002949D00446A7
:10EDC000002849D0077F0E4607F001079046994674
:10EDD000BF0073B9A368656822681D44AD1AAB42D1
:10EDE00098BFED1ABD4212D80025284603B0BDE8F1
:10EDF000F08301F0B1FBA368656822681D44AD1A79
:10EE0000AB4298BFED1ABD421AD901F0B3FB2B46B5
:10EE1000424631462046FFF72BFE05460028E3D048
:10EE200000F0B8FC636943B100266069334632469E
:10EE30003146009600F0DAFF666100F0B3FCD4E7DB
:10EE40000021084601F06CF9256945B101F0DAFCB2
:10EE5000FEE701F0D7FCFEE701F0D4FCFEE700F08E
:10EE600043FE206101F086FB2B462A4629462846B0
:10EE7000CDF8009000F06EFF2561ABE72DE9F04181
:10EE8000054601F069FB374A374F136801331360B9
:10EE90003B68002B35D0354CEB6A226852B3344EB8
:10EEA000344935480A6805F1040C01326A640A6085
:10EEB00002689A4238BF036003EB830306EB8300CA
:10EEC00041689B00A960F258D1F808E00132C5F80A
:10EED0000CE0CEF804C0C1F808C06861F25001F03F
:10EEE00049FB236823B13A68EB6AD26A9A4210D38D
:10EEF000BDE8F0813A681E4ED26A9A4298BF3D60E2
:10EF0000CEE73D601368012B07D0EB6A184E174C13
:10EF1000C6E7BDE8F04101F013BB154E344606F5D7
:10EF20008C6820461434FFF7C3F94445F9D1DFF863
:10EF30006480124C4046FFF7BBF92046FFF7B8F952
:10EF40000F48FFF7B5F90F48FFF7B2F90E48FFF782
:10EF5000AFF90E4BC3F800800D4B1C60EB6A034CFD
:10EF60009EE700BFF85B0320CC600320EC5B03202E
:10EF70006C5C0320DC5B0320F05B0320445C03201B
:10EF8000285C0320145C0320FC5B0320405C03200E
:10EF90003C5C0320585C0320F8B50446214B224E0C
:10EFA0001D6830680F460430FFF7B8F9631C17D0AE
:10EFB00033682D195D600BD21C4B18683168043121
:10EFC000FFF794F91A4B1A68AA4200D91D60F8BDE0
:10EFD000184B18683168BDE8F8400431FFF786B96E
:10EFE0006FB933686A1E5A60002DF1D10F4B186853
:10EFF00031680431FFF77AF90D4B1B68F8BD0E4BF1
:10F0000031685A6837688A603068316835681C68CA
:10F01000043001341C6094680431FC6060609160CD
:10F020006B61F8BDF45B0320CC600320405C0320DF
:10F03000D85B03203C5C0320FC5B03202DE9F047F8
:10F040008A460A9C95000746A5212A46206B9846C9
:10F05000089E01F0EDFDD4F83090BAF1000F0FD00A
:10F060000AF1FF3C0AF10F0104F1330E1CF8012FE5
:10F070000EF8012F0AB18C45F8D1002384F84330F3
:10F08000372E02D901F0BEFBFEE7E662E664201DE2
:10F09000FFF71AF9C6F1380604F11800FFF714F962
:10F0A0004C220021A6612461646204F1580001F041
:10F0B000BFFD0B49043D01F16803E16509EB050063
:10F0C000D0312366616643463A46216B20F0070043
:10F0D00001F092FA099B206003B11C60BDE8F08743
:10F0E000247A032080B51E4DDFF884801D4E1E4F0C
:10F0F0001E4C2B684BB301F02FFAD8F80C30D3F824
:10F100000C9009F10400FFF709F93368013B336003
:10F110002B68013B2B6001F02DFA3868583001F064
:10F120008FFD99F8A93033B1012B14D0022BE0D018
:10F1300001F068FBFEE7D9F8300001F07BFC48469F
:10F1400001F078FC2B68002BD5D12368012BD0D996
:10F1500001F0F6F9CDE7484601F06CFCC9E700BFC5
:10F16000105C0320F85B0320CC6003206C5C032060
:10F17000145C03202DE9F04F604B83B01C68013410
:10F180001C60002C79D05E4B1A6894427CD35D4D94
:10F190002A681268002A00F0AC804FF0000CCDE91C
:10F1A000004366465848DFF874E1584F58E0D3F8FA
:10F1B0001490D3E90241A1609C684C60D9F8041016
:10F1C000914204BFD968C9F80410D9F800105E61F3
:10F1D0000139C9F80010D3F82890B9F1000F11D007
:10F1E000D3E90741A160DC694C60D9F804104145BE
:10F1F00004BF196AC9F80410D9F800109E620139D9
:10F20000C9F80010D3F82C80D7F8009008EB8801DB
:10F2100000EB810AC845DAF8049088BFC7F800807F
:10F2200050F82180C3F80890D9F808B008F1010817
:10F23000C3F80CB0CBF80420C9F80820C3F814A018
:10F2400040F82180DEF80020D5F80080D96AD26A23
:10F25000D8F80030914288BF4CF0010C002B43D00D
:10F260002B68009CDB68DB6859681A1D8C4203F12F
:10F2700018089CD2019B19600BE0224B1A68126897
:10F28000DAB101F0BFFAFEE74FF0000C1E48DFF8DC
:10F290008CE0DEF800301E4ADB6A03EB83039B0040
:10F2A000C0581368012898BF002B14BF012000200C
:10F2B00040EA0C0003B0BDE8F08F164A18681168E8
:10F2C0001960154910600A6801320A601A681268EC
:10F2D00022B94FF0FF320A4B1A6055E71A68084B03
:10F2E000D26812681A604FE7019B4FF0FF321A6034
:10F2F000CFE794460448DFF824E0F6E7F45B032008
:10F30000D85B0320405C03206C5C0320F05B03208F
:10F31000E45B03203C5C0320E05B0320CC60032023
:10F320002DE9F04F4E4C83B001F016F92368013BF4
:10F3300023602668002E40F083804A4B1B68002B18
:10F340007ED0494D2B68002B00F08680474F4848FF
:10F35000DFF82CC1DFF82C810196EB68DB681A6AB4
:10F36000DE69996AB260DE6903F1180E56604A6878
:10F37000019E724504BF1A6A4A600A689E62013A99
:10F380000A60D9689E685A69B1609E6803F1040EEC
:10F390004E605168714504BFD968516011680139E8
:10F3A0001160DA6AD7F8009002EB820100EB810A63
:10F3B0004A45DAF8049088BF3A6050F82120C3F833
:10F3C0000890D9F808B00132C3F80CB0CBF804E0CB
:10F3D000C9F808E0C3F814A040F82120DCF80010B8
:10F3E000DA6ACB6A9A4284BF0123C8F800302B68DE
:10F3F000002BB2D11F4B1A68126842B31A681E4B19
:10F40000D26812681A601D4E356895B1012706E072
:10F41000FFF7B0FE08B1C8F80070013D08D02368BE
:10F42000002BF5D03368013D03F101033360F6D1C1
:10F430003560D8F800301BB101F082F8012400E0FB
:10F44000002401F097F8204603B0BDE8F08F4FF09C
:10F45000FF32094B1A60D6E7DFF82880D3E700BFF8
:10F46000D05B0320F85B0320285C0320F05B0320C3
:10F470006C5C0320405C0320D85B0320E85B032026
:10F48000CC600320E45B03202DE9F04188B0DDE986
:10F490000F573DB34FB31646AC220792079AAC2ADA
:10F4A00002D001F0AFF9FEE70446884638460799D6
:10F4B0000021059301F0BCFB20460E9C3D630094A7
:10F4C0000224029787F8A94006AC32464146059BC4
:10F4D0000194FFF7B3FD3846FFF7D0FC069808B05B
:10F4E000BDE8F08101F08EF9FEE701F08BF9FEE74F
:10F4F0002DE9F043064685B0900015460F46984624
:10F5000001F010FA08B30446AC2001F00BFA814672
:10F51000C0B1AC22002101F08BFBC9F830400D9C3A
:10F52000434601940C9C2A4639463046CDF8089053
:10F530000094FFF783FD4846FFF7A0FC012005B0CB
:10F54000BDE8F083204601F075FA4FF0FF3005B0BA
:10F55000BDE8F08370B50446304D00F0FDFF002C8F
:10F5600042D0261D3046FEF7D9FEA36A1BB104F136
:10F570001800FEF7D3FE2A4A1368013313602B6884
:10F58000A34228D0274A28491368013B13600B681F
:10F590001B68DBB10A68254BD26812681A6000F05C
:10F5A000E9FF2B68A3420AD02868583001F048FBD5
:10F5B00094F8A9301BB3012B28D0022B16D11C4B79
:10F5C0001B6813B12B68A34213D070BD4FF0FF32FC
:10F5D000164B1A60E3E731461648FEF779FE164AE5
:10F5E000136801331360DAE72C68BAE701F00AF90F
:10F5F000FEE7124B1B686BB101F004F9FEE7206BCC
:10F6000001F018FA204601F015FAD8E7204601F07B
:10F6100011FAD4E7BDE8704000F092BFCC6003203F
:10F62000DC5B0320F85B0320405C0320D85B0320F5
:10F63000EC5B0320145C0320105C0320D05B0320F0
:10F6400038B578B3D1B11A4C23682BBB236801338A
:10F650002360184B02681D6853182CBF012100213C
:10F66000AA420ED8D9B103600021581BFFF794FCC1
:10F67000236801255BB901F0C5F8FEE701F0C2F887
:10F68000FEE761B9036023680025002BF3D0FFF784
:10F6900047FE50B1284638BD01F0B4F8FEE79D4260
:10F6A000E1D3EFE701F0AEF8FEE700F049FFF1E744
:10F6B000D05B0320F45B0320C0B110B50C4C216873
:10F6C00011B101F09FF8FEE7236801332360FFF7D3
:10F6D00063FC23681BB1FFF723FE18B110BD01F0D6
:10F6E00091F8FEE7BDE8104000F02ABF00F028BF07
:10F6F000D05B032030B5002489B007AA06A905A86D
:10F70000CDE90544FEF7B8FDDDE905231849CDE94B
:10F71000013218482346079A0094FFF7B5FE164BAE
:10F72000186030B100F0B4FE0128054608D001355C
:10F7300003D0124B1B6809B030BD01F063F8FEE73F
:10F7400001F060F84FF0FF300D4B0E4A1B680E4978
:10F75000583313600D4A0E4B086015601C60F1F7BA
:10F7600005F900F085FF054B1B6809B030BD00BFEF
:10F77000040F0108E5F00008D45B0320FC18010821
:10F78000CC60032084010320D85B0320EC5B0320C2
:10F79000F45B0320024A136801331360704700BF13
:10F7A000D05B032008B5054B1B6813B901F02AF89C
:10F7B000FEE7BDE80840FFF7B3BD00BFD05B032004
:10F7C000014B1868704700BFF45B0320054B1B68B2
:10F7D0000BB9FFF7CFBC044A002013680133136054
:10F7E000704700BFD05B0320E85B0320304B1B68F1
:10F7F0001BB101222F4B1A6070472E4A70B513605F
:10F80000F1F7BEF82C4B2D4A1860156819682C4C7E
:10F81000A94205D91E682068416D491B31444165E4
:10F820001968236811601B6B1A68B2F1A53F07D1F4
:10F830005A68B2F1A53F03D19A68B2F1A53F32D020
:10F84000206821683431F0F703FD1E4D1E492B68F6
:10F8500003EB830292008A58980042B903B3013B3C
:10F8600003EB830251F822209800002AF6D01844B6
:10F8700001EB800C6246DCF80410083249689142C2
:10F88000CCF8041008BFDCF80C10104A08BFCCF804
:10F890000410C96821602B6023685833136070BD61
:10F8A00000F0B0FFFEE7DB68B3F1A53FC8D1CCE7BD
:10F8B000D05B0320E45B0320C85B0320CC5B032008
:10F8C000CC600320F05B03206C5C032084010320E8
:10F8D00010B558B10C46074B19681831FEF706FDF4
:10F8E0002046BDE810400121FFF756BB00F08AFF1B
:10F8F000FEE700BFCC600320F8B5034610B3134CFD
:10F900005D680846002A11462268D4F800E0D561F7
:10F9100026682268D4F800C002F118041A68AF689B
:10F9200006F1180602F10102CEF8207018BF4FF060
:10F93000FF307E60AC60CCF828301A60BDE8F8403B
:10F94000FFF72ABB00F05EFFFEE700BFCC6003209C
:10F95000C36870B5DB68002B57D0D3E907019A6AFA
:10F960008160DD6954684D60002503F11800844210
:10F9700008BF196A264C08BF516011689D620139A1
:10F9800011602268AAB1234A5468DC61A168196237
:10F9900048601168A06001319A6211601E49DA6AFC
:10F9A0000B68DB6A9A422ED901231C4A1846136061
:10F9B00070BD5A69D3E9020181609C6850681D1DC1
:10F9C0004C60A84208BFD968154808BF516011684B
:10F9D00001391160DA6A01688A42124988BF0260FF
:10F9E00002EB82024FEA820C01EB8202546851F86A
:10F9F0000C009C60A6680130DE607560A5605A61ED
:10FA000041F80C00CAE7002070BD00F0FBFEFEE7E5
:10FA1000D05B0320285C0320CC600320E45B032040
:10FA2000F05B03206C5C032010B560B1044600F06D
:10FA300093FD064A064B12681B68C4E90023BDE823
:10FA4000104000F097BD00F0DDFEFEE7E05B032014
:10FA5000F45B0320034A044B12681B68C0E90023CF
:10FA6000704700BFE05B0320F45B0320F8B568B388
:10FA70000D4641B3044600F06FFD2B68154A581C33
:10FA800011681BD0D4E90060DFF84CC0DCF80070CE
:10FA9000BE4208D0884206D8002301242B6000F023
:10FAA00069FD2046F8BD0F1ABB42F5D95B1ADCF898
:10FAB0000010126803442B60C4E90012002400F017
:10FAC00059FD2046F8BD00F09DFEFEE700F09AFECD
:10FAD000FEE700BFF45B0320E05B03200122014B43
:10FAE0001A607047E45B0320014B1868704700BF41
:10FAF000CC600320054B1B6833B1054B1868B0FA86
:10FB000080F040094000704701207047EC5B032003
:10FB1000D05B0320F8B50446C8B11F4DC36A2A68FC
:10FB2000D26A934214D28269002A04DB2A68D26A1C
:10FB3000C2F138028261194E626903EB830306EB5E
:10FB400083039A420CD02B68DB6AE3620120F8BD84
:10FB50002B68C06CDB6A98422CBF00200120F8BDE6
:10FB6000271D3846FEF7DAFB2B680D4ADB6A116861
:10FB7000E3628B4288BF136003EB8303980006EBBC
:10FB8000830359683258A1608D680132E5606F6067
:10FB90008F6063613250D9E7CC6003206C5C032036
:10FBA000F05B032098B1204B70B51B68044683427C
:10FBB00002D000F027FEFEE71B6D53B1C16AC26C94
:10FBC000013B9142036500D033B1002070BD00209D
:10FBD000704700F017FEFEE7051D2846FEF79EFB66
:10FBE000E36C124AC3F13800A06101201168E3629E
:10FBF0008B4288BF13600E4A03EB83034FEA830EE8
:10FC000002EB8303D3F804C052F80E10C4F808C006
:10FC1000DCF808600144E6607560CCF80850636168
:10FC200042F80E1070BD00BFCC600320F05B0320D3
:10FC30006C5C032080B1036D70B504464BB1C06CA1
:10FC4000E26A814238BF01468A4201D0012B04D0CA
:10FC500070BD00F0D7FDFEE770471A4B1B68A3424A
:10FC60002CD0A369E162002BA8BFC1F13801164D69
:10FC7000A8BFA16102EB8202616905EB8203994290
:10FC8000E6D1261D3046FEF749FB104AE36A1168AB
:10FC90008B4288BF136003EB8303980005EB83035B
:10FCA00059682A58A160D1F808C00132C4F80CC0C4
:10FCB000CCF804608E6063612A5070BD00F0A2FD34
:10FCC000FEE700BFCC6003206C5C0320F05B0320E8
:10FCD000044B1A681AB119680A6D01320A6518686E
:10FCE000704700BFCC60032070B510B100F08AFDF2
:10FCF000FEE7174D0E46144600F02EFC2B68D3F895
:10FD0000A43023B901212B6883F8A810CCB900F0E6
:10FD100031FC00F021FC2B68D3F8A44024B15EB183
:10FD200000222B68C3F8A42000222B6883F8A820A7
:10FD300000F020FC204670BD2B68621EC3F8A42092
:10FD4000F2E72046FFF728F900F0FAFBDFE700BFF3
:10FD5000CC600320F8B510B100F054FDFEE7224E50
:10FD60001D460C46174600F0F7FB336893F8A830A1
:10FD7000022B0CD001213268D2F8A43023EA04030C
:10FD8000C2F8A430336883F8A810069BFBB900F0D2
:10FD9000F1FB00F0E1FB1DB13368D3F8A4302B6018
:10FDA000336893F8A830022B08D00024002233686F
:10FDB00083F8A82000F0DEFB2046F8BD326801245D
:10FDC000D2F8A43023EA0703C2F8A430EEE71846BD
:10FDD000FFF7E2F800F0B4FB00F0CCFB00F0BCFB56
:10FDE000002DD9D1DCE700BFCC60032070B531BB5A
:10FDF0000446B0B11D46164600F0AEFB049B1BB195
:10FE0000D4F8A430049A1360022294F8A83084F83D
:10FE1000A820DBB2042D5AD8DFE805F00A1A14082E
:10FE2000060000F0EFFCFEE7022B4ED0C4F8A46001
:10FE3000012B13D0012400F09DFB204670BD00F083
:10FE4000E1FCFEE7D4F8A4200132C4F8A420EFE7D7
:10FE5000D4F8A4203243C4F8A420E9E76369D4E9C4
:10FE600002128A60A0685968251D5060A94208BF27
:10FE7000E2681A4908BF5A601A68013A1A60E36AD0
:10FE80000A689342164A88BF0B6003EB83039E0007
:10FE900002EB830358689159A060D0F808C0013183
:10FEA000C4F80CC0CCF8045085606361A36A91511A
:10FEB00013B100F0A7FCFEE70A4BE26A1B68DB6A9D
:10FEC0009A42B7D900F03CFBB4E70024B3E7064AF6
:10FED0001268002AACD000F095FCFEE7F05B03202E
:10FEE0006C5C0320CC600320F45B032070B5A0B3EE
:10FEF000C9B91D460446164600F02AFC00F082FCF3
:10FF0000049B1BB1D4F8A430049A1360022294F825
:10FF1000A83084F8A820DBB2042D72D8DFE805F001
:10FF20000A171108060000F06DFCFEE7022B66D0F0
:10FF3000C4F8A460012B13D0012400F06FFC20460C
:10FF400070BDD4F8A4200132C4F8A420F2E7D4F89C
:10FF5000A4203243C4F8A420ECE700F053FCFEE7F1
:10FF6000A36A13B100F04EFCFEE7294B1B68DBB11E
:10FF7000284B5A681968E26195680131196004F1EB
:10FF80001801256269609160A362234BE26A1B68D5
:10FF9000DB6A9A42D0D9059B13B10123059A1360FD
:10FFA00001221E4B1A60C7E76369D4E902128A6016
:10FFB000A168261D51605A68B24204BFE2685A60C7
:10FFC0001A68013A1A60164AE36A11688B4288BFC0
:10FFD0001360144A03EB830302EB830CDCF8045038
:10FFE0009B00D158A560D5F808E00131C4F80CE0B9
:10FFF000CEF80460AE60C4F814C0D150C5E7002448
:020000040801F1
:100000009BE7094A1268002A94D000F0FBFBFEE748
:10001000D05B0320285C0320CC600320E45B03203A
:10002000F05B03206C5C0320F45B0320F8B5002830
:100030003BD0B9B90446154600F08AFB00F0E2FB5C
:10004000022394F8A82084F8A830D4F8A430012A18
:1000500003F10103C4F8A43023D1A36A2BB100F04B
:10006000D1FBFEE700F0CEFBFEE7274B1B68FBB1A0
:10007000264B5A681968E26196680131196004F1EB
:100080001801266271609160A362214BE26A1B68CD
:10009000DB6A9A4205D90DB101232B6001221D4B69
:1000A0001A60BDE8F84000F0B9BB00F0ABFBFEE71A
:1000B0006369D4E902128A60A16804F1040E5160F8
:1000C0005A68724504BFE2685A601A68013A1A60B9
:1000D000114AE36A11688B4288BF13600F4A03EB31
:1000E00083039E0002EB8303D3F804C09159C4F844
:1000F00008C0DCF808700131E760C7F804E0CCF80C
:1001000008E063619151C0E7D05B0320285C0320C5
:10011000CC600320E45B0320F05B03206C5C0320D5
:1001200038B599B9044670B100F016FA94F8A830C1
:10013000022B05BF00230125002584F8A83000F01C
:1001400019FA284638BD034B1C68EDE700F05AFB4E
:10015000FEE700BFCC600320F0B5124C83B000F086
:10016000FBF9256825B103B0BDE8F04000F002BA04
:100170000D4E0E4F3046FEF79BF83846FEF798F8C6
:100180000B490C4B00950A201F600E600A4B102192
:100190000A4AFEF795F920600028E4D00849FEF7E6
:1001A000BFFBE0E7C8610320E8610320D4610320BE
:1001B000D0610320CC610320D060032020610320A4
:1001C0000C0F01082DE9F047DFF884900546D9F8B7
:1001D00000300F46DB68DC6804F104084046FEF797
:1001E0009DF894F828305A070ED423F0010384F8C0
:1001F00028302046236ABDE8F047184793421BD8B1
:100200002046236A98473546A3697A1BEE182CBF0F
:1002100001210021B74266602461EFD2AF4201D2D2
:100220000029EDD0D9F800004146FEF75FF82046DE
:10023000236ABDE8F0471847044B41461868FEF7AB
:1002400055F82046236ABDE8F0471847CC610320E3
:10025000D06103202DE9F047894D8A4E8A4F8B4C9F
:1002600084B02B68D3F80090B9F1000F40F0D4802F
:10027000FFF790FAFFF7A4FA3368804698423DD31F
:100280003B6830601A68B2FA82F252092068A9EB22
:100290000801FEF76FFBFFF785FA002800F0CD801C
:1002A000002269462068FEF701FA0028D9D0009B99
:1002B0000298002BC0F2A880DDF80880D8F814302E
:1002C0001BB108F10400FEF729F8FFF779FA33684B
:1002D0008146984224D3009BC6F80090013B082B2E
:1002E000DED8DFE803F025258169882525816900AE
:1002F000DB684FF0FF311868FFF764FF2B681A685E
:10030000002AF5D13A68C6F800802A603B60FFF702
:1003100049FAC5E7DB684FF0FF311868FFF752FF75
:100320002B681A68002AF5D13A683B602A60D2E748
:1003300098F82810019AD8F8180041F0010C131809
:1003400088F828C02CBF4FF0010C4FF0000C4B4533
:10035000C8F80430C8F8108072D8A9EB02029042A5
:100360003CD84A0711D421F0010188F828104046F2
:10037000D8F82030984793E7904277D84046D8F88D
:10038000203098475346D8F8180010EB030A2CBFCA
:1003900001210021D145A9EB0302C8F804A0C8F847
:1003A0001080E9D2994501D20029E7D0286808F1E8
:1003B0000401FDF79BFFDAE798F82820019B42F043
:1003C000010288F82820C8F81830002B54D04B447C
:1003D0004B45C8F80430C8F8108036D8386808F1A2
:1003E0000401FDF783FF5BE798F8283023F0010351
:1003F00088F8283054E798F828309A0732D523F047
:10040000010388F828304BE7019B03999847009B2C
:10041000002BFFF645AF4FE7DB68D3F80090FFF7FE
:10042000B9F9FFF7CDF9336880469842FFF466AF1B
:10043000814530600FD9002228E700F081F82FE7CE
:100440004A4502D9BCF1000F8BD0286808F104019D
:10045000FDF74CFF24E7FFF7A5F941464846FFF7B3
:10046000B1FE1DE7404600F0E5FA19E7386808F1EB
:100470000401FDF73BFF7AE700F0C4F9FEE700BF97
:10048000D0610320C0610320CC610320C861032038
:1004900010B588B0FFF760FE0F4B1B68CBB100248E
:1004A00007AA06A905A8CDE90544FDF7F3FE022237
:1004B0002346059C00920294069C08490848079A26
:1004C0000194FEF7E1FF074B186010B1012008B05E
:1004D00010BD00F097F9FEE7C8610320140F010872
:1004E00055020108C4610320002200B5074B83B008
:1004F00001921B68013302D000F084F9FEE700F09E
:1005000081F9019B002BFCD003B000BD80010320CA
:100510004FF0E0220023072010B4074C13619361D1
:10052000236806495DF8044BA1FB03139B09013BBB
:1005300053611061704700BF54010320D34D621016
:100540004FF0E0234FF08052C3F8042DBFF34F8FDC
:10055000BFF36F8F704700BF08B500F053F9044A2E
:10056000136801331360BFF34F8FBFF36F8F08BD64
:100570008001032008B5084B1A684AB11A68013A8D
:100580001A60186800B108BDBDE8084000F046B91F
:1005900000F038F9FEE700BF8001032010B500F03D
:1005A00031F90446FFF712F928B14FF0E0234FF07C
:1005B0008052C3F8042D2046BDE8104000F02EB94B
:1005C00008B5836913F8023C662B02D000F01AF9D3
:1005D000FEE74FF0E023D3F8882D42F47002C3F811
:1005E000882DD3F8342F42F04042C3F8342FBDE8B1
:1005F000084000F0D5B800BF2DE9F04F4FF0113E94
:100600004FF0807440E909E34FF0073340F8044CA1
:10061000164C40F8343C40E903424FF005334FF0AC
:1006200006324FF0123B40E90F324FF0033A4FF0E1
:1006300002394FF001384FF010374FF009364FF0C4
:1006400008354FF004346FF0430340E905AB40E94F
:10065000078940E90B6740F8305C40F8404C40F8AF
:10066000443C40F8481DBDE8F08F00BFE904010894
:1006700000204FF0E0234FF07F4130B585B002906D
:10068000D3F81C0D2F4A0190C3F81C1DD3F81C3D54
:100690001B0E8DF803309DF8033003F0A003137098
:1006A000002B41D09DF80330DB4313F0A00F0BD09B
:1006B00000F0A8F8FEE7029B013302939DF8033097
:1006C0005B00DBB28DF803309DF803301B06F2D4DB
:1006D000029B082B2BD0029AC2F10702120202F4ED
:1006E000E0624FF0E023002501991748174C0260A3
:1006F000C3F81C1DD3F8202D42F47F02C3F8202D2F
:10070000D3F8202D42F07F42C3F8202DFFF700FFE1
:10071000256000F065F8FFF769F803952368013359
:1007200007D000F06FF8FEE700F06CF8FEE700225B
:10073000D7E700F067F8039B002BFCD0002005B042
:1007400030BD00BF00620320FC6103208001032054
:1007500008B5EFF305830F2B05D90B490B4A5B5CFA
:1007600012789A420DD84FF0E023094AD3F80C3D95
:10077000126803F4E063934200D808BD00F042F829
:10078000FEE700F03FF8FEE7F0E300E00062032040
:10079000FC610320000000000000000000000000D9
:1007A0000B4A1168086806C881F30B88022181F39F
:1007B0001488203080F30988BFF36F8F4FF000005A
:1007C00080F31188104700BFAFF30080AFF30080C3
:1007D000CC600320000000000000000000000000CA
:1007E00007480068006880F3088862B661B6BFF306
:1007F0004F8FBFF36F8F66DF00BF00BFAFF3008086
:1008000008ED00E0EFF311804FF0A00181F31188B3
:10081000BFF34F8FBFF36F8F704700BF80F3118816
:10082000BFF34F8FBFF36F8F704700BF0000000012
:10083000EFF309801EF0100F08BF20ED108AEFF3D0
:100840000B82734620E9FC0F114A116808604FF0D3
:10085000A00080F31188BFF34F8FBFF36F8FFEF7B7
:10086000C5FF4FF0000080F31188094A116808683D
:10087000B0E8FC0F13F0100F08BFB0EC108A82F341
:100880000B8880F309881847AFF30080AFF300802E
:10089000CC60032000000000000000000000000009
:1008A0001EF0040F0CBFEFF30880EFF3098004493A
:1008B000084700BFAFF30080AFF30080AFF30080C4
:1008C000C105010810B4154B1A461B688342FBD3BF
:1008D0005468416802EB040C604513D04418A342ED
:1008E00006D00360824218BF10605DF8044B704769
:1008F0000B4C2468A342F4D0D3E9003421440360B4
:100900004160EFE72144501883425160EDD1044823
:1009100000688342E9D01046EEE700BF186203206A
:1009200014620320F8B53D4E0446FEF733FF3368EA
:10093000002B52D0631E0A332ED814F0070304F1A3
:10094000080121D1002927DB354F3D688D4223D393
:10095000344B18461C6803E0236823B120461C462C
:1009600062688A42F8D33368A34215D023680668C8
:100970000360531A102B06F1080617D960184207B6
:100980000FD0FFF73FFFFEE7A3F109028A4203D32E
:100990001034E11A0029D7DCFEF704FF00263046A8
:1009A000F8BD43606160FFF78DFF626800201E4B59
:1009B000AD1A196842F000428D421C4938BF1D60D3
:1009C0000B686260013320600B603D60FEF7EAFE59
:1009D0007307E4D0FFF716FFFEE7154A510719D059
:1009E000D11D21F0070102F5C052531A0A4600201A
:1009F0000B44083B23F007030A4D9A1AC5E900107F
:100A00003360C3E90000C1E900320749044B0A60C2
:100A10001A608FE711464FF4C053E8E714620320D1
:100A200010620320186203200C6203200862032076
:100A30002062032070B150F8043C10B5002B04462E
:100A400005DA50F8082C32B1FFF7DCFEFEE7FFF7BD
:100A5000D9FEFEE7704723F0004340F8043CFEF760
:100A600099FE094A54F8043C1168A4F108000B44AB
:100A70001360FFF727FFBDE81040044A13680133F5
:100A80001360FEF78FBE00BF1062032004620320D4
:100A900038B50446D0F8D80204F52675294600F288
:100AA000AA20FDF7CDFA2946D4F8D802BDE838408F
:100AB000FCF72EBF01EB810300EBC303D3F86421E5
:100AC000D0F8D802FCF75CBF01EB810300EBC30355
:100AD0005A6AD0F8D802FCF787BF00BFD0F8D80216
:100AE000FDF726B810B543790446022B01D0F0F784
:100AF0003DFBD4F8D8020121FCF7FEFFD4F8D80260
:100B0000BDE81040FCF7CCBF10B50446D0F8D802C1
:100B1000FCF7F6FF637A23B1024A136943F0060338
:100B2000136110BD00ED00E010B5437A04462BB907
:100B3000D4F8D802BDE81040FCF7EEBF064A1369AE
:100B400023F006031361EFF723FFD4F8D802BDE8C2
:100B50001040FCF7E1BF00BF00ED00E0944608B58F
:100B60001A46D0F8CC026346F9F78CF818B102287F
:100B70000CBF0120032008BD08B5D0F8CC02F9F75E
:100B8000EDF818B102280CBF0120032008BD00BFFA
:100B900008B5D0F8CC02F9F719F918B102280CBF42
:100BA0000120032008BD00BF0A06D0F8CC3206D4CD
:100BB00001EB810103EBC10393F85201704701F08F
:100BC0007F0101EB810103EBC103987C704700BFFB
:100BD00008B5D0F8CC02F9F741F818B102280CBFDB
:100BE0000120032008BD00BF08B5D0F8CC02F9F7FA
:100BF00099F818B102280CBF0120032008BD00BFDE
:100C000008B5D0F8CC02F9F775F818B102280CBF76
:100C10000120032008BD00BF014800F093B800BFC9
:100C20005C7B0320014800F08EB800BF5C7B032092
:100C300002440346934200D1704703F8011BF9E7D1
:100C40002D4B1B68834270B5044653D0C3691BB358
:100C5000DB6863B10025E369DB685959B1B9043534
:100C6000802DF8D1E3692046D96800F07BF8E3696C
:100C7000196811B1204600F075F8E3699D685DB10F
:100C8000294620462D6800F06DF8F8E70E682046EA
:100C900000F068F83146E1E7616911B1204600F0E3
:100CA00061F8E16911B1204600F05CF8216B11B1E7
:100CB000204600F057F8616B11B1204600F052F861
:100CC000A16B11B1204600F04DF8A16C11B1204686
:100CD00000F048F8616C11B1204600F043F8E16A79
:100CE00011B1204600F03EF8236A1BB12046BDE852
:100CF0007040184770BD00BF8401032070B50D4BD4
:100D000000260D4D5B1B9C10A64209D10B4D00F037
:100D100073F80B4B00265B1B9C10A64205D170BDDF
:100D200055F8043B01369847EEE755F8043B013689
:100D30009847F2E70819010808190108081901087D
:100D40000C190108704770470A44431E914200D1B4
:100D5000704710B511F8014B914203F8014FF9D1DA
:100D600010BD000038B50546002941D051F8043CBB
:100D70000C1F002BB8BFE418FFF74EFF1D4A136885
:100D800033B9636014602846BDE83840FFF74ABFB6
:100D9000A34208D9206821188B4201BF19685B68FB
:100DA00009182160EDE71A465B680BB1A342FAD936
:100DB00011685018A0420BD12068014450181160EE
:100DC0008342E0D118685B68084453601060DAE73A
:100DD00002D90C232B60D6E7206821188B4202BF72
:100DE00019685B680918636008BF21605460CAE72E
:100DF00038BD00BF207A0320F8B500BFF8BC08BC9E
:100E00009E467047F8B500BFF8BC08BC9E467047C8
:080E10005FF800F0D50103209A
:100E180000FFFFFFFFFFFFFF52414D4E5F54785424
:100E280061736B320000000052414D4E5F5278549E
:100E380061736B320000000052414D4E5F53656E86
:100E4800645553420000000052414D4E5F446961B1
:100E58006754580052414D4E5F44696167525800CB
:100E680052414D4E5F4572726F725461736B000050
:100E780052414D4E5F506572696F646963000000AE
:100E880052414D4E5F53656E6443414E0000000071
:100E980052414D4E5F5265636569766543414E0028
:100EA80052414D4E5F526563656976655553420000
:100EB800FFFFFF7D7EFFFFFF0000000043414C491C
:100EC80042524154494F4E2049443000454355430E
:100ED8002D506F776572747261696E00536570206A
:100EE800203420323032360030313A31303A35321F
:100EF8000000000052414D4E0000000049444C459E
:100F080000000000546D725100000000546D722002
:100F180053766300200E0108000000000000000066
:100F28000000000000000000000400002A0000008B
:100F38000000000000000000300E01080000000062
:100F48000000000000000000000000000008000091
:100F5800290000000000000000000000400E010809
:100F68000000000000000000000000000000000079
:100F78000004000030000000000000000000000035
:100F8800500E01080000000058040320AC000000C7
:100F980004050320000400000F000000000000000A
:100FA800000000005C0E0108000000000809032092
:100FB800AC000000B4090320000400001000000089
:100FC8000000000000000000680E0108000000009A
:100FD800B80D0320AC000000640E032000040000DC
:100FE800310000000000000000000000780E010839
:100FF8000000000068120320AC0000001413032056
:1010080000040000200000000000000000000000B4
:10101800880E01080000000018170320AC0000002B
:10102800C41703200004000028000000000000008E
:1010380000000000980E010800000000C81B0320F3
:10104800AC000000741C032000040000180000001D
:101058000000000000000000A80E010800000000C9
:101068000000000000000000000000000004000074
:10107800180000000000000000000000FCFCFCFC60
:10108800FD00000001044010000000000001010004
:1010980001010000AD13000821120008E513000843
:1010A8003D120008111400086D1200087D17000891
:1010B800A91700082914000885120008411400081F
:1010C8009D12000859140008B5120008851400087C
:1010D8003D16000800000000551600089D14000881
:1010E800DD120008C1140008ED120008D51400082C
:1010F800F9120008091500081D1300082D1500082D
:101108002D1300084D1500086D1600087D15000800
:1011180001170008C9150008991600083D130008B2
:1011280059130008D91700089D180008F51700087A
:10113800C918000811180008F51800082D1800082B
:1011480021190008491800084D19000865180008F9
:1011580079190008051200080912000800000000AB
:101168008513000855170008451700085917000887
:10117800491700080D120008151200088118000808
:10118800A51900085D1700084D1700086117000829
:10119800511700086917000871170008651700083B
:1011A800FD160008FECA7700000000001A002F0094
:1011B80043006D00A200C901B801E207DF07E60796
:1011C8005405020700000000963007772C610EEEE8
:1011D800BA51099919C46D078FF46A7035A563E986
:1011E800A395649E3288DB0EA4B8DC791EE9D5E0AD
:1011F80088D9D2972B4CB609BD7CB17E072DB8E7AC
:10120800911DBF906410B71DF220B06A4871B9F300
:10121800DE41BE847DD4DA1AEBE4DD6D51B5D4F439
:10122800C785D38356986C13C0A86B647AF962FD9E
:10123800ECC9658A4F5C0114D96C0663633D0FFAEB
:10124800F50D088DC8206E3B5E10694CE44160D5F1
:10125800727167A2D1E4033C47D4044BFD850DD2DB
:101268006BB50AA5FAA8B5356C98B242D6C9BBDBEE
:1012780040F9BCACE36CD832755CDF45CF0DD6DCE9
:10128800593DD1ABAC30D9263A00DE518051D7C890
:101298001661D0BFB5F4B42123C4B3569995BACF1B
:1012A8000FA5BDB89EB802280888055FB2D90CC63C
:1012B80024E90BB1877C6F2F114C6858AB1D61C1B5
:1012C8003D2D66B69041DC760671DB01BC20D298D4
:1012D8002A10D5EF8985B1711FB5B606A5E4BF9F61
:1012E80033D4B8E8A2C9077834F9000F8EA8099654
:1012F80018980EE1BB0D6A7F2D3D6D08976C6491BF
:10130800015C63E6F4516B6B62616C1CD8306585D7
:101318004E0062F2ED95066C7BA5011BC1F40882B4
:1013280057C40FF5C6D9B06550E9B712EAB8BE8BF5
:101338007C88B9FCDF1DDD62492DDA15F37CD38C7E
:10134800654CD4FB5861B24DCE51B53A7400BCA37C
:10135800E230BBD441A5DF4AD795D83D6DC4D1A4AE
:10136800FBF4D6D36AE96943FCD96E34468867AD85
:10137800D0B860DA732D0444E51D03335F4C0AAA24
:10138800C97C0DDD3C710550AA41022710100BBE27
:1013980086200CC925B56857B3856F2009D466B96E
:1013A8009FE461CE0EF9DE5E98C9D9292298D0B0A3
:1013B800B4A8D7C7173DB359810DB42E3B5CBDB750
:1013C800AD6CBAC02083B8EDB6B3BF9A0CE2B603D1
:1013D8009AD2B1743947D5EAAF77D29D1526DB0486
:1013E8008316DC73120B63E3843B64943E6A6D0DD1
:1013F800A85A6A7A0BCF0EE49DFF099327AE000A1C
:10140800B19E077D44930FF0D2A3088768F2011EAE
:10141800FEC206695D5762F7CB67658071366C1945
:10142800E7066B6E761BD4FEE02BD3895A7ADA1066
:10143800CC4ADD676FDFB9F9F9EFBE8E43BEB71747
:10144800D58EB060E8A3D6D67E93D1A1C4C2D838D1
:1014580052F2DF4FF167BBD16757BCA6DD06B53F37
:101468004B36B248DA2B0DD84C1B0AAFF64A033676
:10147800607A0441C3EF60DF55DF67A8EF8E6E31F5
:1014880079BE69468CB361CB1A8366BCA0D26F253E
:1014980036E2685295770CCC03470BBBB91602228B
:1014A8002F260555BE3BBAC5280BBDB2925AB42BA0
:1014B800046AB35CA7FFD7C231CFD0B58B9ED92CB5
:1014C8001DAEDE5BB0C2649B26F263EC9CA36A751A
:1014D8000A936D02A906099C3F360EEB85670772D1
:1014E80013570005824ABF95147AB8E2AE2BB17B38
:1014F800381BB60C9B8ED2920DBED5E5B7EFDC7CBF
:1015080021DFDB0BD4D2D38642E2D4F1F8B3DD6815
:101518006E83DA1FCD16BE815B26B9F6E177B06F10
:101528007747B718E65A0888706A0FFFCA3B0666FD
:101538005C0B0111FF9E658F69AE62F8D3FF6B618A
:1015480045CF6C1678E20AA0EED20DD75483044E2C
:10155800C2B30339612667A7F71660D04D476949BA
:10156800DB776E3E4A6AD1AEDC5AD6D9660BDF40CD
:10157800F03BD83753AEBCA9C59EBBDE7FCFB24780
:10158800E9FFB5301CF2BDBD8AC2BACA3093B35365
:10159800A6A3B4240536D0BA9306D7CD2957DE546E
:1015A800BF67D9232E7A66B3B84A61C4021B685D47
:1015B800942B6F2A37BE0BB4A18E0CC31BDF055AC0
:1015C8008DEF022D52414D4E2A4543555F432A3037
:1015D8003030332A554E4954332A00001002500047
:1015E800414000039C1001081C1701080600000078
:1015F800141601081000010024110108DC17010865
:1016080005000000941601081100000001F0000018
:1016180001000000000400000000000003F00000CA
:1016280003000000000000000200000004F00000B9
:101638000400000009F000000600000005F00000AA
:10164800080000000001000007000000FAFE00008A
:101658000D000000F1FE00000C000000CCFD0000B1
:101668000B00000041FE00000F00000000FF00001A
:101678001000000002FF0000FF00000000EF000063
:10168800FF000000D4FD0000FF000000240000005F
:10169800010000001A0000000000000039000000EE
:1016A800030000002F0000000200000043000000BB
:1016B800040000006200000006000000580000005E
:1016C8000500000077000000080000006D00000021
:1016D800070000009800000009000000A2000000B8
:1016E8000A000000D30100000D000000C90100003D
:1016F8000C000000A70100000B000000B80100006A
:101708000E000000500100000F000000BB010000A7
:10171800100000005A01F01800000040000000000E
:10172800000000000800000064000000FFFFFFFF49
:10173800010000005A03F0180000004000000000FB
:10174800000000000800000032000000FFFFFFFF5B
:10175800030000000305F01800000040000000002E
:10176800000000000800000064000000FFFFFFFF09
:10177800080000005AD4FD180000004000000000D6
:10178800000000000800000064000000FFFFFFFFE9
:101798000900000005CCFD0C00000040000000001E
:1017A800000000000800000064000000FFFFFFFFC9
:1017B8000B0000000502FF180000004000000000B8
:1017C800000000000800000032000000FFFFFFFFDB
:1017D800FF000000240000000000000000000000DE
:1017E80000000000080000000A00000010002000AF
:1017F80001000000390000000000000000000000A7
:1018080000000000080000000A000000100020008E
:101818000300000077000000000000000000000046
:101828000000000008000000640000001000200014
:101838000800000098000000000000000000000000
:1018480000000000080000006400000010002000F4
:1018580009000000A70100000000000000000000CF
:1018680000000000080000006400000010002000D4
:101878000B0000000001020304050607080C101401
:10188800182030404543554300000000A086010061
:10189800400D0300801A060000350C0040420F007E
:1018A80080841E0000093D0000127A000024F40024
:1018B80000366E010048E801006CDC020000000000
:1018C8000000000000000000000000000000000010
:1018D80001020304000000000000000001020304EC
:1018E800060708090001020304050607080C10147E
:0818F800182030403700000009
:0819000040E9FE7F0100000038
:0419080025020008AC
:04190C0001020008CC
:1019100000000000000000000000000000000000C7
:1019200000000000000000000000000000000000B7
:1019300000000000000000000000000002000000A5
:101940000100000000000000000000000000004056
:101950000000000002000000010000000000000084
:101960000000000000000000000000000000FF0771
:101970000100010000000000000000000100000064
:101980000000000000000101EE0700000000000060
:101990000000000000000000000000000000000047
:1019A0000000000000000000000000000000000037
:1019B000EE07000000000000000000000000000032
:1019C0000000000000000000000000000000000017
:1019D0000000000000000000010000000000000006
:1019E00000000000010000000000000000160108D7
:1019F000EA070000000000000000000000000000F6
:101A000000000000000000000000000000000000D6
:101A10000000000000000000EA07000000000000D5
:101A200000000000000000000000000000000000B6
:101A300000000000000000000000000000000000A6
:101A4000550500000000000000000000000000003C
:101A50000000000000000000000000000000000086
:101A60000000000000093D00010000000800000027
:101A70000000000000000000000000000000000066
:101A80000100000000000000000000002000000035
:101A9000AAAAAAAA8801032000000000247A032031
:101AA0008C7A0320F47A032000000000000000007C
:101AB0000000000000000000000000000000000026
:101AC0000000000000000000000000000000000016
:101AD0000000000000000000000000000000000006
:101AE0000000000070B58AB072B6AA244FF4005509
:101AF000684600F065F80621069BCDE9044543F0F1
:101B00008063284A00910693936A002B03DA2649E2
:101B1000264B91609360234B9A6A520003D5244967
:101B2000244A19611A61244C2378012B36D00123F1
:101B300000264FF47A702370666000F045F8054681
:101B400068B12670174B9A6A42F080429A629A6A8C
:101B500042F000429A6262B601200AB070BD114E96
:101B6000049A336C4FF47A7023F0FF031343336409
:101B7000326C069B22F0806203F08063134333646F
:101B8000B36A43F40033B36200F01EF825700028F6
:101B9000D8D1B36A43F00063B362DCE702200AB035
:101BA00070BD00BF0020024023016745AB89EFCD27
:101BB0003B2A19087F6E5D4C600103200000000085
:101BC0005FF800F0D18300085FF800F07180000832
:04000005080067A5E3
:00000001FF
