:020000040800F2
:10000000000004209DE90008D1E70008D5E70008BA
:10001000D9E70008DDE70008E1E70008EDE900089E
:1000200000000000000000000000000051950108E1
:10003000E5E7000800000000E1940108E16901081B
:10004000EDE90008EDE90008EDE90008EDE9000838
:10005000EDE90008EDE90008EDE90008EDE9000828
:10006000EDE90008EDE90008EDE90008EDE9000818
:10007000EDE90008EDE90008EDE90008EDE9000808
:10008000EDE90008EDE90008EDE90008EDE90008F8
:10009000EDE90008EDE90008EDE90008EDE90008E8
:1000A000EDE90008EDE90008EDE90008EDE90008D8
:1000B000EDE90008E9E70008F5E70008EDE90008C8
:1000C000EDE90008EDE90008EDE90008EDE90008B8
:1000D000EDE90008EDE90008EDE9000801E8000895
:1000E0000DE80008EDE9000819E80008EDE900084E
:1000F000EDE90008EDE90008EDE90008EDE9000888
:10010000EDE9000825E8000831E80008EDE90008FD
:10011000EDE90008EDE90008EDE90008EDE9000867
:10012000EDE900083DE8000849E80008EDE90008AD
:1001300055E80008EDE90008EDE90008EDE90008E0
:10014000EDE90008EDE9000861E80008EDE90008C4
:10015000EDE90008EDE90008EDE90008EDE9000827
:10016000EDE900086DE80008EDE90008EDE9000898
:10017000EDE9000800000000EDE9000800000000C3
:1001800079E80008EDE90008EDE90008EDE900086C
:10019000EDE90008EDE90008EDE90008EDE90008E7
:1001A000EDE90008EDE90008EDE90008EDE90008D7
:1001B000EDE900080000000085E80008EDE900080E
:1001C000EDE9000800000000EDE90008EDE9000895
:1001D000EDE90008EDE90008EDE90008EDE90008A7
:1001E000EDE90008EDE90008EDE90008EDE9000897
:0401F000000000000B
:1002000010B5054C237833B9044B13B10448AFF350
:1002100000800123237010BDF803032000000000BC
:10022000FCA0010808B5034B1BB103490348AFF319
:10023000008008BD00000000FC030320FCA00108B2
:10024000034613F8012B002AFBD1181A0138704716
:10025000704700BF30B5214C214D83B04FF0FF33C4
:10026000022220680DF1060117F052FA022807D089
:100270002B78012B29D001211A480DF095FCEDE7D0
:1002800042F20303BDF806209A42F1D816494FF016
:10029000FF33206817F03CFABDF806108142E7D121
:1002A000114807F02BF80028D8D12B78BDF806109C
:1002B000012B0D480DD005F09FF90128CED12B78E8
:1002C000B3FA83F35B092B70C8E708480DF0DAFC3A
:1002D000C4E703F021FF0128C0D1F0E7180503208F
:1002E000EC04032028AD010854B8002008AD010833
:1002F0002DE9F04F864C9BB0DFF83082854F864E5B
:100300000AAD4FF0FF3328226946206817F000FA43
:100310002828F6D103980DF051FE8346002840F0BE
:100320009A80029B002B77D10098D8F80030984231
:1003300000F099802A46594607F082F817F09CFF92
:1003400029460246684607F0A1FF17F095FF2946A7
:10035000024668460AF028FB17F08EFF294602463F
:10036000684606F0C1FF3B78002BCAD0069BB3F568
:10037000001F00F086800121BBF1080F28BF4FF05D
:10038000080B002289465FFA8BFBDDE9013000286B
:100390006FD13144002B00F0AA805420B054009853
:1003A0000DF0B4FC09EB00035FFA83F9069A06EB43
:1003B0000901B2F5001F6FD00BF00F000DF024FD06
:1003C00009EB00035FFA83FABBF1000F0CD0A946DA
:1003D000AB4419F8010B06EB0A010DF005FDD945F8
:1003E00050445FFA80FAF4D1FA78002A5ED17A7923
:1003F0001AB1069AB2F5001F7DD00D220AF1010153
:100400004548C9B206F80A200DF0CEFB00283FF49B
:1004100078AF00233B7074E7B3F1005F9CD1009B81
:10042000B3F5E06F98D13D4801990360039B4160AB
:10043000082B28BF08231A460023C260C0E90533F1
:1004400083600822364937480DF0C4FD35493348EA
:1004500003F0C2FC80E702464FF0FF3329462068D4
:1004600017F056F95DE73049304803F0B5FC0098C5
:1004700060E77BB352204FF0000BB054314400983A
:100480008EE7059B0221B3F5801F14BF3023312373
:1004900001228946337078E7039800F00F000DF0D1
:1004A000B3FC09EB00035FFA83FA8DE717F0E4FE73
:1004B0004EF6602C1E4B06EB0A01A3FB00E2920BEA
:1004C0000CFB120080B20DF06DFC0AEB00035FFA2A
:1004D00083FA8CE772209B46B0540098314480B276
:1004E0000DF04AFC09EB00035FFA83F95EE7742024
:1004F000B0540098F3E7049AB2F1004F7FF47DAF57
:1005000069220AF1010306F80A205FFA83FA74E708
:10051000943803207401032054B6002028040320DB
:100520009005FA0B1C040320E8390320F03903205E
:1005300073B2E7452DE9F0431F4D9BB0DFF8808093
:1005400001AE0AAF002404EBC401C4F124024FF051
:10055000FF33286806EB810117F0DAF80444232CF6
:10056000F1D904980DF02AFD039B8146B3F1005F99
:1005700000D0A0B911480FF04DF850B13A463146BD
:100580000E480EF007FFD8F80C300133C8F80C30D5
:10059000D8E74FF0FF32012118F004FAEAE700240F
:1005A000A9EB040239194FF0FF33286817F0B0F8AF
:1005B00004444C45F4D3DDE790380320F8270320AA
:1005C00010000320F0B583B006F0E0FE03F008FB56
:1005D00007F05CFF2B480FF07BFF08B172B6FEE717
:1005E00000F046FE0AF072FF17F046FE06F072FEBB
:1005F00017F042FE06F072FE234813F07FF92348FD
:1006000013F044F9224923480AF0ECF8224D08F08F
:1006100081FF224E224F05E001330CD10A2101A8AF
:1006200017F0BCFC17F028FE32682B6801320190ED
:10063000F2D101330BD04FF47A7401E0013CEDD0DC
:100640002846184903F0C8FB0028F7D0E6E70AF06F
:100650003BFF01980AF040FF019800F00BFE3B7849
:100660004BB1019806F04CFE019807F00DFE019881
:100670000AF0CEF8D2E7019806F0DCFF019806F008
:100680002BFEEEE7A4270320302503209824032027
:100690000818032098260320C4390320F0390320CA
:1006A00092000320BC3903202DE9F04300262B4D96
:1006B000DFF8B490DFF8B480294FA7B016E06302EA
:1006C00003D52B7943F080032B7198F8003033B1B8
:1006D0000B9B23B1642016F05FFA03F081FA00222D
:1006E000022311463868009618F0DEF94FF0FF3209
:1006F0000121002018F056F918F08CFD19480FF070
:10070000DFF8044606A917480EF040FF02A9154875
:100710000EF064FF5422294611A8AC6019F096FC33
:10072000104B1E66189BB3F5003F02D9AB689A02C6
:100730000CD418F07DFD99F80030012BBFD1234671
:1007400011AA06A902A807F0A9F8B8E7012385F8BD
:1007500020300B9303F0CEFAEBE700BF100003202C
:10076000B81C0320F8270320BC3D032018040320F5
:1007700000232DE9F04385B05B4C5C4EDFF87881B7
:100780005B4D0DF10E078DF80B3005E000214FF0A9
:10079000FF32084618F006F9206816F0C3FE00285C
:1007A000F4D04FF0FF33012220680DF10B0116F059
:1007B000AFFF0128EAD1206816F0B4FE0128E5D980
:1007C0004FF0FF330222206803A916F0A1FF022890
:1007D000DCD1BDF80C20B2F5845FD7D8002A56D101
:1007E0009DF80B90B9F1000F16D117F045FD414B64
:1007F0003146BDF80C2000970DF008F9BDF80E3019
:10080000002B57D117F038FD31463A4BBDF80C207C
:1008100000970DF04BF9B9E717F02EFD354B334932
:10082000BDF80C2000970DF019F9BDF80E3023B378
:1008300030490A787F2A08D1022B1ED98B78A3F180
:100840001102012A19D9312B17D04FF0FF330222A0
:100850003946D8F8000016F073FE4FF0FF332549F3
:10086000BDF80E20D8F8000016F06AFE0022022320
:1008700011462868009218F017F917F0FDFC1D4B7F
:100880001A49BDF80C2000970DF010F97EE74FF0E3
:100890000009A2EB090206EB09014FF0FF332068C3
:1008A00016F036FFBDF80C2081441FFA89F94A453D
:1008B000EFD195E739464FF0FF330222D8F8000018
:1008C00016F03EFEBDF80E204FF0FF330949D8F870
:1008D000000016F035FE02234A4649462868CDF846
:1008E000009018F0E1F88DE758040320BCA5002023
:1008F000F809032038950020540403202DE9F8431B
:10090000294E2A4DDFF8B08006F19C0706F5805984
:1009100005E000214FF0FF32084618F043F8286840
:1009200016F000FE0128F4D94FF0FF3302222049CF
:10093000286816F0EDFE0228EBD1B6F89420B2F547
:10094000845FE6D86AB10024121B39194FF0FF33D7
:10095000286816F0DDFEB6F894200444A4B2A24242
:10096000F2D117F089FC0146124808F015F9002869
:10097000CFD117F081FC0CF051FF0128C9D02868B5
:1009800016F0D0FD0128C4D898F8003053B199F87A
:10099000230116F001F917F06FFC0CF03FFF01285E
:1009A000B7D0ECE70A20F4E7A43E02205404032069
:1009B000383F0220A42E02209200032010B50C49DB
:1009C0000C480DF0ADF80A4A0B490C4818F0CCFF62
:1009D000084C0B494FF0FF334FF40062206816F0CB
:1009E00097FE01460028F4D005480DF0B1F8F0E775
:1009F00048050320F00403206C2103201805032080
:100A000058D8002006F08CBC002006F08DBC00BF3A
:100A10000022024B02481A6012F070BF1404032037
:100A2000E4240320014B1868704700BF140403201E
:100A300010B59EB0482200210CA819F065FA0023D9
:100A40004FF40070CDE90233CDE90433CDE907332B
:100A5000CDE90933019306930B9311F0E1F808B146
:100A600072B6FEE70123022216931193199317928F
:100A700010231D9207229FED1E7BCDE91A3203241D
:100A8000042312900CA81C938DED0C7B189411F08C
:100A900003FB034608B172B6FEE70F22214601A808
:100AA000CDE9033305930294019211F0A1F90346B5
:100AB00008B172B6FEE7104A4FF0005C916D4BF63C
:100AC0007F3441F080719165926D069302F08072DF
:100AD000009208932222202306A8CDE90A23009938
:100AE000CDF81CC0099412F037FA1EB010BD00BF3B
:100AF0002900000000000100001002402DE9F04133
:100B000094B072B64FF00062A64B9A60BFF34F8F5D
:100B100062B600240DF06CFF08F008FEFFF788FFB6
:100B2000CDE90F44CDE911449F4D1394EB6C4FF484
:100B3000604143F00403EB64EB6C224603F00403D2
:100B40000893089BEB6C994843F08003EB64EB6CD3
:100B5000012603F080030993099BEB6C4FF40078A6
:100B600043F00103EB64EB6C082703F001030A93E5
:100B70000A9BEB6C43F00203EB64EB6C03F00203A3
:100B80000B930B9B0FF03AFB224640F20111884871
:100B90000FF034FB224641F2E40186480FF02EFBB1
:100BA0004FF4604381480FA9CDE90F361194129498
:100BB0000FF070F940F201137D480FA9CDE90F360F
:100BC000CDE911440FF066F941F2E40379480FA929
:100BD000CDE90F36CDE911440FF05CF974480FA947
:100BE000CDE90F8411960FF055F973480FA9CDE99F
:100BF0000F7411940FF04EF9AB6C052143F0040310
:100C0000AB64AB6C224603F004030593059BAB6C0D
:100C10001D203343AB64AB6C33400693069BAB6C37
:100C200043F00203AB64AB6C03F002030793079B32
:100C30000DF014FF1D200DF04BFF224605211E2054
:100C40000DF00CFF1E200DF043FF22460521502021
:100C50000DF004FF50200DF03BFF204610F014F87B
:100C600008B172B6FEE710F023F8034648B95348BE
:100C70004360534B036012F097F9034618B172B604
:100C8000FEE772B6FEE710224FF4407E4FF03C0CB8
:100C9000042113250F244B48826182624A4A436033
:100CA000C3608374C3631370484BC0E907C5036016
:100CB000C0E90B41C0E90D66068246614662C0F894
:100CC00008E00EF099F9034658BB07224FF0FF31B8
:100CD0004FF482754FF4E0643D48C0E90A323D4A62
:100CE000C0E90433C2E90533C2E90133D3601160BE
:100CF000394AC0E90833C2E90533C2E901338360E8
:100D00000363D360354BC0F818800360C761476345
:100D10004560C460116012F06BFB034618B172B6F7
:100D2000FEE772B6FEE72E482E4AC0E905338380FF
:100D3000026006620DF0FEFE034608B172B6FEE7E1
:100D4000294C2A4A20462260294AC4E905336260B8
:100D5000EE22C4E90733E6602361A2600FF05EFA79
:100D6000014608B172B6FEE720460FF039FF014692
:100D700008B172B6FEE720460FF05CFF034608B1EB
:100D800072B6FEE74FF4027102221A48C3721A4B80
:100D90008180C0F8072003600FF094FF70B372B633
:100DA000FEE700BF00ED00E0001002400008024234
:100DB0000000024200040242001C0242FC26032002
:100DC00000080C42F82703201804032000A4004068
:100DD00098260320F0390320C4390320003800404E
:100DE0005C28032000300240A42703200058004064
:100DF000E49CD1107021032000D40040002341F670
:100E00003F754349434A0846CDE90F33C1E90133F1
:100E100011938B610A60CD6012F060FF034608B148
:100E200072B6FEE73A480FA90F93119312F088FFAC
:100E3000034608B172B6FEE7374C384ACDE90F00D9
:100E4000226042F20F72C4E9020511902046A361AC
:100E5000626012F043FF034608B172B6FEE7204617
:100E60000FA90F93119312F06BFF034608B172B6EE
:100E7000FEE74F254FF6FF742948C0E9043383602D
:100E80008361284BC460C0E9003512F027FF034698
:100E900008B172B6FEE72448C0E90153C0E9034334
:100EA000C0E90533214B036012F018FF034608B177
:100EB00072B6FEE74FF080414FF0FF321C4CCDE997
:100EC0000F00CDE91100C4E901000CAD0C902061C8
:100ED000A0612046C5E901332160E26012F0FEFE08
:100EE00008B172B6FEE74FF4805320460FA90F9366
:100EF00012F042FD034608B172B6FEE720462946CD
:100F00000C930E9312F01CFF044698B172B6FEE7E4
:100F1000E42403200014004030250320001000408A
:100F200098240320004401404C2403200048014041
:100F30007C2503206848694900902246CDE9014498
:100F4000674B0C7043F69820012116F093FA054682
:100F5000644E654A00960121CDE90144634B15605A
:100F600043F69820224616F085FA0546604E614AFF
:100F700000960121CDE901445F4B156041F201006B
:100F8000224616F077FA02465C4E5D4D009601212E
:100F9000CDE901445B4B2A6041F20100224616F084
:100FA00069FA594B594A01210092CDE90144224680
:100FB0001860574B43F6982016F05CFA554B564A8A
:100FC00001210092CDE9014422461860534B43F6BB
:100FD000982016F04FFA524B524E1860204607F0F8
:100FE00021FA204607F038FA07F08AFA17F044F998
:100FF0002A464D4B4D49009607F034F94C480AF00B
:10100000E1FD4C4806F04CF94B484C4A4C4902F083
:10101000CDFD0FA80F9407F0C1F910B90F9B002B5D
:1010200055D015F0EBFC18F08BFB0021454A4648E3
:1010300015F034FD0446454B0021454A45481C60E7
:1010400015F02CFD0446444B0021444A44481C60E2
:1010500015F024FD04463A4B0021424A42481C60E8
:1010600015F01CFD0446414B0021414A41481C60DB
:1010700015F014FD0446314B00213F4A3F481C60E7
:1010800015F00CFD0446294B00213D4A3D481C60EB
:1010900015F004FD04463C4B00213C4A3C481C60D2
:1010A00015F0FCFC04463B4B00213B4A3B481C60CE
:1010B00015F0F4FC04463A4B00213A4A3A481C60C9
:1010C00015F0ECFC394B186015F0BAFCFEE7384817
:1010D00007F03CF9A5E700BF1C050320EC04032042
:1010E000F01A0120F40403201805032058E0002022
:1010F000C8040320F004032034850020A404032046
:101100005804032030750020540403208004032079
:10111000983A0020943803205C040320000000204B
:10112000903803204C04032050040320A80E032011
:10113000FC2603205C280320F827032058130320F3
:10114000B81C0320CCE00108550200086C210320E4
:10115000A8E00108F10200086821032084E00108EA
:101160003505000860E00108C505000808180320DF
:101170003CE00108A906000818E001087107000812
:10118000F4DF0108FD080008F8090320D0DF01089A
:10119000BD09000848050320ACDF0108050A000866
:1011A0004405032088DF0108090A000840050320E0
:1011B000040029C018B11021014806F0B9B87047E1
:1011C00044B60020704700BFE0B110B519B1012945
:1011D0000AD072B6FEE74FF0007310220B490FF0F1
:1011E000F7F870B172B6FEE704460421084806F02D
:1011F000A1F84FF000730422204605490FF068F86B
:1012000008B910BD704772B6FEE700BF44B60020B3
:1012100040B6002008B10FF05BB9704710B5044626
:101220000FF0DCFC00B910BD2046BDE810400FF007
:101230004FB900BF094A0368934206D0084A934257
:101240000AD0084A934205D07047074A1368013311
:101250001360704706F05CB80DF0DCBB0014004072
:10126000002C0140001000401404032072B6FEE779
:10127000704700BF034B044A1B68D07D1B680349BD
:101280001B6D18472001032070000320F83C032049
:1012900040F69E732DE9F047DFF89CA02349244ACD
:1012A000DAF80040B1F800E012889C4204FB0E22FC
:1012B00038D800204FF0804140F69F764FF030083C
:1012C0003127DFF878901B4D09EB040C4B6A9342F1
:1012D000FCD32B69013013F48073C0B204F1010414
:1012E00072440ED118468CF80080B4420CF1010C07
:1012F000ECD10120CAF80040002309F80430BDE811
:10130000F0870A288CF80070EFD9142C02D80CF161
:10131000010CDBE7002309F804300020CAF8004084
:10132000BDE8F0870120DFF81490E5E70A0003200C
:101330000800032000040242EC280320F0280320C8
:1013400070B500244FF0804101254FF6FF7086B044
:10135000CDE90044CDE9024404940A681A4E22F013
:1013600001020A603288194B013A8A624C624D616F
:101370000A682A430A601A6822F001021A60986219
:101380005C625D611A682A431A6002F0B3FC2A4667
:101390004FF400710E480EF031FF4FF480720023BD
:1013A00069460B48CDE9002302940EF073FD4FF41B
:1013B0000073032269460648CDE900350392029482
:1013C0000EF068FD06B070BD0C000320004801401F
:1013D00000040242F0B5BDF81440012C45D94FF08D
:1013E000300C0127013C83F800C000293FD10A26B8
:1013F0003D4604E08C4675460127013E15D320FA90
:1014000006F101F0010105F1010EA54201F13001E3
:101410001FFA8EFE29DA8C455955EBD10137FFB200
:10142000052F4FD0013E7546E9D2002A0CBF302669
:101430003126A54219DA691CB4455E5589B200F01F
:10144000C1800127A14210DA30224D1C9642ADB274
:101450005A5400F0D980A54207DA881C80B25A5548
:1014600000221A54F0BDA54239DB0020F0BD1C2635
:101470003D4605E08C4675460127013E112EF2D00F
:1014800020FA06F101F0010105F1010EA54201F17A
:1014900030011FFA8EFEE8DA8C455955EAD1013742
:1014A000FFB2052F01D07546E7E7CCF1610CA645E8
:1014B0005FFA8CFC05F10205D7DA012703F80EC0AC
:1014C000ADB2DAE7CCF1610CA6455FFA8CFC05F110
:1014D0000205CADA012703F80EC0ADB28DE74FF05E
:1014E000310E691CF44589B203F805E04FD0A142E2
:1014F000BBDA03F801E0A91CF44602271FFA81FEBB
:1015000004E08C46AE460127013E22D320FA06F1C4
:1015100001F00101A64501F13001A6DA0EF1010545
:10152000614503F80E10ADB2EBD10137FFB2052FC4
:1015300001D0AE46E8E7CCF1610CA5425FFA8CFC25
:101540000EF1020E91DA012703F805C01FFA8EFE94
:10155000DAE7002A0CBF30253125A64585DA0EF1E1
:101560000102AC4503F80E5092B262D00121A242B2
:10157000BFF67BAF3027561CBD42B6B29F5477D022
:10158000A642BFF672AF023290B29F5568E7042FB1
:1015900028D0A142BFF669AF0237FFB205F1020EB3
:1015A000052F03F801C01FFA8EFEAFD1A645BFF686
:1015B0005CAF4FF0300C033503F80EC001271FFA63
:1015C00085FEA3E70137FFB2052F7FF43BAFA142B1
:1015D000BFF64BAFC6F16106F6B202355E54012785
:1015E000A9B22FE7A142BFF640AF30275F54A91C34
:1015F00089B28C427FF739AF05F1030E012703F85A
:1016000001C01FFA8EFE81E77A1CD2B2052A21D0D2
:10161000A542BFF62AAF881C042A5E5580B27FF42B
:101620001FAFA042BFF621AF312203311A5488B256
:1016300016E7791CC9B2052999D1A242BFF615AFA8
:10164000C5F16105EDB20EF1020E9D5401211FFAA4
:101650008EF28CE7A542BFF608AF31225A558A1C9C
:1016600092B294427FF701AFC81C80B29E54F7E655
:101670000131C9B2052910D0A642BFF6F6AE9D557C
:10168000042902F10205ADB215D1A542BFF6EDAEB7
:101690003121033290B25955E2E6A642BFF6E5AEDB
:1016A00031219955911C89B2A142BFF6DEAE0332B9
:1016B00090B25D54D4E62846D2E600BF4B4B186882
:1016C000831C70D02DE9F04FC71C91B077D0411C1E
:1016D00002D14FF000090BE03024454B454A197800
:1016E000127804AB0094FFF775FE8146002860D0A5
:1016F0004FF0804C404B414A1B88B2F800A0039346
:101700003F4B0AEB8A0E1F883E4B3F491C683F4EF9
:101710004FEA4E0E0B69DA05FCD5DCF8242092B2B4
:101720000B69DB05F6D5DCF824309B1A9E45F7D80B
:101730000B6913F4807306D0736ABB422DD80B6912
:1017400013F48073F8D1CCF82430B9F1000F1AD01B
:101750001C464FF08040039ADFF8B880DFF8A8B04D
:1017600004AD436A9342FCD3DBF81030524413F4C7
:10177000807F15F8013B0DD0312BCBD10134A14531
:1017800008F8013BEDD11F4BC3F80090002011B0C9
:10179000BDE8F08F302BF1D0BCE70120194B1C6065
:1017A00011B0BDE8F08F4FF08043002200205A6254
:1017B000704717480CF066FA4FF0000998E74FF0B1
:1017C00080440E4B104A188800EB800040001369DB
:1017D000DE05FCD5616A89B21369DD05F7D5636A58
:1017E0005B1A8342F8D300236362CFE7040003202F
:1017F000E9280320E8280320080003200A0003202A
:1018000000000320EC2803200004024200480140AD
:10181000C4AD0108F028032002783AB34FF0000C61
:1018200030B56346864631250BE02A2A07D10CF1F4
:10183000010C1FFA8CFC8EF8005000EB0C0EC25C01
:1018400082B1A2F13001013301290CF101049BB2F4
:10185000EBD88EF80020C25C1FFA84FC00EB0C0E63
:10186000002AEED100238EF8003030BD0023037033
:10187000704700BF70B504460CF0D6FB14281ED983
:1018800000F1FF3E1FFA8EFE14F80E3004EB0E0539
:10189000312B2A4615D1831E9BB200EB040C0CEBB6
:1018A00003002A262344A0EB0E0005E016701A461A
:1018B0001178013B312906D1C11A0C29F6D9002033
:1018C00070BD00EB040C002220460126144610F8DF
:1018D000013BA3F1300101292FD862B386B3052A59
:1018E00042D0A3420FD0312B5ED0844515D010F8E2
:1018F000011B0122A1F13003012B79D830231C46B2
:101900000B46A342EFD10132312CD2B256D08445DE
:101910004FF001064FF03004D9D10FFA8EFEBEF120
:10192000000F06DB2A4615F801392A2B58D05F2B09
:1019300037D0012070BD1C4601228445C7D1ECE799
:10194000A3420DD08445E8D010F8011B1C46A1F13C
:101950003002012A22D80B46A3424FF00102F1D1F6
:1019600001320026D2B2E8E7A342A8D05F23844523
:1019700000F8013CD1D0034613F8011BA1F130025D
:10198000012A20D86345C8D043783246A3F13004F9
:10199000012C00F102000C46A0D9CEE7002601225E
:1019A000CBE730231370C4E78445B6D010F8011B91
:1019B000A1F13002012A1ED80122A0E7062A8CBF1D
:1019C00000260126B9E76345A7D01A780230A2F1B4
:1019D0003003DBB2012B96BF144600223246ACE73F
:1019E0000EF1FF3E0FFA8EFEBEF1FF3F9AD1A0E747
:1019F00030241646A1E701221C4616469DE700BF8B
:101A000070B571B3002344F2995600F1FF3C0CEB22
:101A100001051CF8012F5C00A2F13102B2FA82F23A
:101A20004FEA933E47F6FE735209724503EA0403F8
:101A300018BF7340AC45ECD14A1E00F10E0C0244B5
:101A400000208C4412F8011F4000312908BF40F0EB
:101A50000100944580B2F5D1C01AB0FA80F0400977
:101A600070BD0B46E8E700BF2DE9F04F8FB004468C
:101A70000CF0DAFA122840F24B812378302B05D093
:101A8000B4480FB0BDE8F04F0CF0FCB8074606AE06
:101A9000B1480CF0F7F800253146234604F10B0C51
:101AA00013F8012FA2F13100B0FA80F09C454FEA03
:101AB000501001F8012B40EA4505F1D14FF0000824
:101AC000A6488DF823800CF0DDF806A80CF0DAF8B3
:101AD000A3480CF0D7F803A928460CF017F903A87F
:101AE0008DF814800CF0CEF89E480CF0CBF894F8EA
:101AF0000CA09D48657B8DF819808DF818A00CF01E
:101B0000C1F806A80CF0BEF898480CF0BBF898484D
:101B10008DF818500CF0B6F806A80CF0B3F89348FE
:101B20000CF0B0F8312D40F0FD80262F40F2F68009
:101B3000454606AA04F10D010DF12A0011F8013FF6
:101B400002F8013BA3F13103B3FA83F390424FEA69
:101B5000531343EA4505F1D14FF0000885488DF84D
:101B60002A800CF08FF806A80CF08CF87C480CF05A
:101B700089F803A928460CF0C9F803A88DF8148049
:101B80000CF080F877480CF07DF894F820A07A48A3
:101B90008DF819808DF818A00CF074F806A80CF0D8
:101BA00071F872480CF06EF894F8213073488DF893
:101BB00018300CF067F806A80CF064F86B480CF0CD
:101BC00061F894F822306E488DF818300CF05AF80D
:101BD00006A80CF057F865480CF054F823220025AD
:101BE00004F1040C06A89444A11811F8013B00F874
:101BF000013BA3F13103B3FA83F38C454FEA53134E
:101C000043EA4505F1D14FF000095E4802F10408AE
:101C100001928DF81C900CF035F806A80CF032F803
:101C2000EDB24F480CF02EF803A928460CF0DCF872
:101C300003A88DF80E9008EBC50B0CF023F849486B
:101C40000CF020F80BF10F03BB42019A00F2E78081
:101C5000BAF1300F00F0A680002506A90BF1FF3085
:101C6000204401F10F0710F8012F01F8012BA2F118
:101C70003102B2FA82F28F424FEA521242EA45052D
:101C8000F1D10027404801938DF827700BF0FAFF3F
:101C900006A80BF0F7FF32480BF0F4FF03A9A8B237
:101CA0000CF080F803A88DF810700BF0EBFF3748AC
:101CB0000BF0E8FF59462046FFF7A2FE019B0028E3
:101CC00040D033480BF0DEFF019BE25CE118A2F14B
:101CD0003003012B98BF012303D916E00133202BD9
:101CE00036D006F8012B11F8012FA2F1300001289F
:101CF000F4D900226B4427481A760BF0C3FF06A8DC
:101D00000BF0C0FF19480BF0BDFF0FB0BDE8F08F1E
:101D100021480FB0BDE8F04F0BF0B4BF1F480BF0E7
:101D2000B1FFF2E7A37B16488DF818308DF81980C3
:101D30000BF0A8FF06A80BF0A5FF0C480BF0A2FFC4
:101D40000F224CE7164801930BF09CFF019BBCE768
:101D50001F23CEE700AE010814AE010828AE01082B
:101D600038AE010880D5010840AE010850AE010828
:101D700054AE010878AE010888AE010898AE01089B
:101D8000A8AE0108B8AE0108F4AE010804AF01081E
:101D900008AF01081CAF0108ECAD010864AE0108F2
:101DA00010AF0108082D3FF657AF002D3BD06B1E3A
:101DB000DBB20C3202EBC30B0DF11F0700250DF156
:101DC000170204EB080111F8013B02F8013FA3F1EF
:101DD0003103B3FA83F397424FEA531343EA4505BD
:101DE000F1D113488DF820900BF04CFF06A80BF0B2
:101DF00049FF10480BF046FF03A9E8B20BF0F4FFCF
:101E000003A808F108088DF80E900BF03BFF0A4874
:101E10000BF038FFC345D1D10BF10F031CE7074886
:101E20000BF030FF71E7C34602F1130314E700BF64
:101E3000E4AE010838AE010880D50108C8AE01083B
:101E4000002800F0F98030B583B004460CF0ECF8BF
:101E50000130235C25180BB9012038E02046774972
:101E60000CF0FAF848BB204675490CF0F5F820BB99
:101E7000204674490CF0F0F8002856D120467249EB
:101E80000CF0EAF8002862D00A2128460DF107027A
:101E90000CF04CF99DF80730002BDDD04FF6FE73A7
:101EA000421E9A42D8D8694B80B21A886849824249
:101EB00008800BD34008188008E0284665490CF0DC
:101EC000CBF830B16FF00102634B1A60002003B011
:101ED00030BD284661490CF0BFF820B14FF0FF3209
:101EE0005D4B1A60F2E728465D490CF0B5F820B169
:101EF0006FF00202584B1A60E8E7102128460DF1F6
:101F000007020CF013F99DF807300446002BA3D00C
:101F1000B0F1005FA0D2B0F5006F03D3514B1A7837
:101F2000002A50D04C4B1C60D0E70A2128460DF106
:101F300007020CF0FBF89DF80730002B8CD04FF611
:101F4000FE73421E9A4287D8474B1880BEE7204650
:101F500046490CF081F890B10A2128460DF107029C
:101F60000CF0E4F89DF80730002B3FF475AF384BC8
:101F70001B8883427FF670AF344B1880A6E720465B
:101F80003B490CF069F880B128463A490CF064F8F6
:101F9000002837D0304B384A1B68A3F500639342C2
:101FA00046D900222F4B1A7090E7204633490CF097
:101FB00053F870B128462F490CF04EF868B3002250
:101FC0002F4B1A7082E701222E481A700BF05AFE2E
:101FD000A8E720462C490CF03FF800283FF43CAF1E
:101FE0000DF107020A2128460CF0A0F89DF8072001
:101FF000002A3FF431AFB0F5803FBFF42DAF234A44
:10200000108063E7284622490CF026F800283FF4A8
:1020100023AF0122134B1A7058E728461C490CF0D5
:102020001BF800283FF418AF0122154B1A704DE73A
:1020300018480BF027FE0FE7012070472CAF01086E
:1020400038AF010878AF010884AF01080800032009
:102050000A00032034AF01080400032040AF010848
:1020600044AF0108E92803200C00032090AF0108C9
:10207000A0AF0108ACAF0108FFF7FF1FDCAF0108FC
:10208000E82803204CAF0108E0AF0108000003205E
:10209000D8AF0108B0AF010810B5364884B00BF0D6
:1020A000F1FD354B01A918880CF06EF801A80BF072
:1020B000E9FD324C32480BF0E5FD32480BF0E2FD11
:1020C00001A920680BF022FE002301A88DF80C3036
:1020D0000BF0D8FD2368991C40D05A1C42D0033322
:1020E00044D029480BF0CEFD284B01A918780CF0FC
:1020F0004BF801A80BF0C6FD25480BF0C3FD254B9E
:1021000001A918780CF040F801A80BF0BBFD22489B
:102110000BF0B8FD214B01A918880CF035F801A887
:102120000BF0B0FD1E480BF0ADFD1E4B01A9188849
:102130000CF02AF801A80BF0A5FD1B480BF0A2FD3E
:102140001A4B01A918880CF01FF801A80BF09AFD92
:1021500017480BF097FD002004B010BD15480BF098
:1021600091FDBEE714480BF08DFDBAE713480BF064
:1021700089FDB6E7E8AF0108000003200400032052
:10218000F4AF0108FCAF01081CB00108E9280320E6
:1021900028B00108E828032030B001080C00032013
:1021A00054B001080A00032064B0010808000320AD
:1021B00050AE010804B001080CB0010814B00108C9
:1021C0002DE9F0410026104D104FFFF7B9F86E626F
:1021D0006A6A3B889A4212D24FF08044DFF834801A
:1021E000B8F800206662636A9342FCD34FF4007132
:1021F00007480EF009F86A6A3B889A42F0D301F06A
:10220000EFFC0020BDE8F081004801400000032001
:10221000000402420A0003202DE9F04F7A4B91B0EE
:102220001B88B3F57A7F60D9FFF78AF872B6774BCF
:102230001868831C00F0D780C71C6DD0411C5BD18F
:102240004FF000094FF0804C714B724A1B88B2F876
:1022500000A00393704B0AEB8A041D686A4B6F4918
:10226000B3F800E06E4F64000B69DA05FCD5DCF8CA
:10227000242092B20B69DB05F6D5DCF824309B1ADA
:10228000A342F7D30B6913F4807307D07B6A7345BD
:1022900000F2B1800B6913F48073F7D1CCF82430CD
:1022A000B9F1000F1AD01D464FF08040039ADFF8B5
:1022B0008C81DFF868B104AE436A9342FCD3DBF84B
:1022C0001030524413F4807F16F8013B0AD0312BB2
:1022D000CAD10135A94508F8013BEDD14E4BC3F8F1
:1022E000009032E0302BF4D0BEE74E480BF0CAFC31
:1022F000002011B0BDE8F08F30244B4B4B4A1978C9
:10230000127804AB0094FFF765F88146002899D154
:1023100047480BF0B7FC93E74FF080443D4B3F4AF2
:10232000188800EB800040001369DE05FCD5616A67
:1023300089B21369DD05F7D5636A5B1A8342F8D366
:1023400000236362304BB3F800E00026344D6E6228
:102350006B6A73452FD22E4B4FF08041B3F800C00B
:102360002C4B2E4C1F8802E06B6A73452ED22369DA
:1023700013F48073F8D162461846D5F824804B6276
:102380004B6A9342FCD32369013013F48073C0B2CB
:1023900019D00B283A44F3D1A2EB0C024B6A9342BA
:1023A000FCD36B6AA3EB08031E446B6A7345DED350
:1023B000204B03FB06F662B601F012FC124B1B88A1
:1023C000B6FBF3F095E718463A44D9E762B601F058
:1023D00007FC184B0C4A06FB03F31088B3FBF0F024
:1023E00011B0BDE8F08F4FF0804300225A62064BD7
:1023F000B3F800E0A9E7084B1D6062B60E480BF089
:1024000041FC01F0EDFB73E7000003200400032012
:10241000080003200A000320EC28032000040242E5
:102420000048014078B00108E9280320E82803208B
:10243000C4AD0108A086010094B00108F028032073
:102440002A4B70B51B680333012B37D9FEF778FF91
:1024500072B60022264B5A62FFF730F928BBFEF70E
:1024600017FF044600283AD162B6224E3368072B84
:102470002ED9214D28460BF005FC20480BF002FC1C
:1024800033682846EC54FFF7F5F9D8B128460BF02D
:10249000F9FB1B480BF0F6FB2846FFF7BDF9FFF7E9
:1024A000E3FA01F09DFB204670BD62B615480BF0C3
:1024B000E9FB01F095FB0124204670BD12480BF0AA
:1024C000E1FBF8E711480BF0DDFB01F089FBF3E7D6
:1024D0000F480BF0D7FB01F083FB204670BD62B6BE
:1024E0000C480BF0CFFB01F07BFBE4E7040003207A
:1024F00000480140EC280320F028032028B10108FF
:1025000040B10108DCB00108A8B0010830B10108F1
:1025100010B10108F8B001082DE9F04F91B0FEF7B5
:102520000FFF72B600254FF0804270497048714B22
:10253000556205604D621868811C00F0A180C31CC3
:1025400000F0B380421C7FD1AB464FF0804E6A4B07
:102550006A481E886A4B06EB86041A88694BDFF8C6
:102560008C81B3F8009064000369DB05FCD5DEF8CC
:10257000241089B20369DF05F6D5DEF824305B1A32
:10258000A342F7D3036913F4807307D0D8F824303B
:102590004B457ED8036913F48073F7D1CEF824300D
:1025A000BBF1000F00F09B801D46574B11469A4629
:1025B0004FF0804703930DF1100C7B6A8B42FCD3E4
:1025C0004E4B31441B6913F4807F1CF8013B54D0FF
:1025D000312BC9D10135AB450AF8013BEDD1444B54
:1025E00006FB0B22C3F800B040F69E739B451AD839
:1025F0004FF080414FF0300C3127039B0BF1FF303F
:10260000424D3E4C18444B6A9342FCD32369DB0590
:102610002DD500F8017FA8423244F4D140F69F73D3
:102620009B46334A13600024039B03F80B4062B6B9
:1026300001F0D6FA34480BF025FB35480BF022FBAD
:10264000204611B0BDE8F08F324B334A1978302361
:102650001278009304ABFEF7BDFE834600287FF49A
:1026600074AF2E480BF00EFB214B1D686DE700F890
:1026700001CFA8423244C6D1D0E7302BAAD073E7AD
:102680001D4B1F491E88204B5562AB460A88039399
:10269000AEE7174B1D6062B621480BF0F3FA01F06C
:1026A0009FFA012011B0BDE8F08F134B13491E882B
:1026B00006EB860464000B69DF05FCD5506A80B226
:1026C0000B69DD05F7D5536A1B1AA342F8D3002323
:1026D0000B490D489B46039053620A8888E70A4BD2
:1026E0000393034BC3F800B082E700BF00480140EA
:1026F000EC280320040003200A0003200004024207
:102700000800032000000320F02803208E38032057
:1027100050AE0108E9280320E8280320C4AD0108D1
:1027200094B00108002800F019812DE9F04F95B010
:1027300083460BF079FCB0F57A6F28BF4FF47A60CE
:10274000894E81463368033340F0C480FEF7F8FDBC
:1027500072B600254FF08044844B65625D6230683C
:10276000834B1D60831C00F0E380C71C00F0C58014
:10277000471C00F0BA80302300937E4B1A787E4BC2
:10278000197808ABFEF726FE8246002800F0AF80DD
:102790007A4B4FF0804E1A8879491346098802EB2C
:1027A0008204059177497848B1F800806F4F640042
:1027B0000169CE05FCD5DEF82460B6B20169C90511
:1027C000F6D5DEF82410891B8C42F7D8016911F484
:1027D000807107D0796A414500F2B480016911F433
:1027E0008071F7D1CEF82410BAF1000F00F0B88054
:1027F0004FF0804C0D466549059E0691049108A94D
:1028000003910794DCF82410B142FBD35E49039C8A
:102810000969164411F4807F14F8011B039460D0F9
:10282000312960D1049C013504F8011BAA450494A8
:10283000E8D105990024114418464FF080424FF426
:10284000007E4FF0300840F69F7C494D504E4E4F71
:102850002C60556A8542FCD3A1453FD91BF8045032
:10286000312D3BD0302D04D14FF0007A464DC5F8C4
:1028700018A0556A8D42FCD33D690134ED0544BF73
:10288000312506F8015F3A4D58BF06F8018F6445BF
:102890002C6018441944DCD14FF47A6000224FF0C8
:1028A000804100FB03F3069880F89F2F4A6A9A4202
:1028B000FCD34FF40072344B9A6162B601F090F988
:1028C00032480BF0DFF933480BF0DCF9002015B08B
:1028D000BDE8F08F30480BF0D5F937E7C7F818E0BE
:1028E000C7E730299ED0079C62E7AA4650E72B48ED
:1028F0000BF0C8F91E4B1D684AE7204B224D1A8881
:10290000134602EB820149002869C605FCD5666AB8
:10291000B6B22869C005F7D5606A801B8842F8D333
:10292000002161621649098805911849069180E7DE
:10293000124A134B12881B8814496562059306914D
:10294000134676E70A4B1D6062B615480BF09AF9FC
:1029500001F046F9012015B0BDE8F08F0120704765
:102960000A49069165E700BF0400032000480140C2
:10297000EC280320E8280320E92803200A0003208C
:10298000080003200000032000040242F028032076
:10299000EF28032050AE010850B10108C4AD010872
:1029A000DCB001082DE9F04F91B0FEF7C9FC72B61A
:1029B00000229C499C4B4A621868831C00F01881D5
:1029C000C71C00F04981441C02D14FF0000E0CE0FE
:1029D0003024964B964A1978127804AB0094FEF78F
:1029E000F9FC8646002800F017814FF08044914A98
:1029F000914B1288B3F800C00392904B904A0CEBB5
:102A00008C05B2F800B01E688E49864F6D000A69C9
:102A1000D005FCD5606A80B20A69D205F7D5626A32
:102A2000121A9542F8D80A6912F4807207D07A6AAD
:102A30005A4500F2D2800A6912F48072F7D16262BC
:102A4000BEF1000F00F0258116467F4A4FF0804806
:102A50009146039802920DF1100AD8F82420824280
:102A6000FBD3784A6044126912F4807F1AF8012B74
:102A700000F0AA80312ACAD10136B64509F8012BE7
:102A8000EBD1039A0CFB0E2200244FF0804040F65D
:102A90009E764FF0310830276A4D416A9142FCD34F
:102AA0002969013411F480710AD1B64598BF029C9E
:102AB000624498BF04F80E700C460EF1010EECE76C
:102AC000B64598BF0299624498BF01F80E80092C60
:102AD0000EF1010EE1D10399DFF848A1594EC3F878
:102AE00000E0511A0393DAF82400584533D840F631
:102AF0008E739E452FD8029B0EF1FF351D4400209A
:102B00004FF080434FF031094FF030080EF10104CF
:102B10005F6A8F42FCD3052894BF4FF000774FF4D3
:102B20000077B7615F6A9742FCD337696144FF055C
:102B300054BF05F8018F05F8019FDAF8247062444C
:102B40005F4504EB000ECED801301028E0D1DAF852
:102B500024305B45CBD94FF08042039BC3F800E0A3
:102B6000536A8B42FCD32F4C636A5B4518D84FF0F5
:102B7000804300274FF000764FF400750CEB4C01BA
:102B8000304849004FEA0C1C5F6286615A6A8A42EB
:102B9000FCD385615A6A6245FCD3626A5A45F3D90F
:102BA000BEF57A6F14D20023029A02F80E3062B694
:102BB00001F016F824480BF065F824480BF062F891
:102BC000002011B0BDE8F08F302A3FF455AF1EE76A
:102BD0000023029A82F89F3FE9E71E6062B61C4814
:102BE0000BF050F800F0FCFF012011B0BDE8F08FB1
:102BF0004FF08045104C144E104B0E481049B4F85D
:102C000000C002966A620288D3F800E00392B1F82D
:102C100000B00EFB0C2237E70E480BF033F84FF0F4
:102C2000000EE2E60048014004000320E9280320EA
:102C3000E8280320080003200A000320EC280320D2
:102C40000000032000040242F028032050AE0108D7
:102C5000DCB00108C4AD01084FF080420F4B1048B2
:102C6000B3F800C00CEB8C0149000369DE05FCD50C
:102C7000546AA4B20369DD05F7D5536A1B1B8B4266
:102C8000F8D30024074D084B0295084808495462C0
:102C9000B9E70449039A0291F6E600BF0A0003204F
:102CA00000040242F0280320EC280320080003203F
:102CB000000003202DE9F04FA24C93B023680333AA
:102CC000012B40F214818346FEF73AFB72B60026D0
:102CD0004FF080429C4B5E629C4B1E6056622068A7
:102CE000811C00F02581C31C00F04A81421C72D176
:102CF00034464FF0804C964BDFF864A21D88954B0C
:102D000005EB850E1B8894490593944BDFF83882B8
:102D1000B3F800904FEA4E0E0B69DB05FCD5DCF8EA
:102D2000242092B20B69DF05F6D5DCF824309B1A1B
:102D30009E45F7D80B6913F4807308D0D8F8243077
:102D40004B4500F2C6800B6913F48073F6D1CCF8C2
:102D50002430002C00F02E814FF080401E46804B26
:102D600006AF059A04930397436A9342FCD37A4BC8
:102D7000039F1B692A4413F4807F17F8013B0397D4
:102D80003BD0312BC8D1049F013607F8013BB44238
:102D90000497E9D16D4B1C60059B05FB04330026AD
:102DA0004FF0804240F69E7C4FF031094FF03008E2
:102DB000694F0BF1060E516A9942FCD3396901360D
:102DC00011F4807104F101001AD1644521D90E4635
:102DD00004462B44EFE7634B1A7830230093624B91
:102DE000197806ABFEF7F6FA0446002881D15F4851
:102DF0000AF048FF554B1E687BE7302BC3D08BE7AA
:102E0000644598BF0AF80490B6452B4407D9044698
:102E1000D1E70AF804800E4601342B44CBE7014683
:102E20004FF08040059A9E1A426AB242FCD34FF09E
:102E300000774FF08040484A9761426A9A42FCD33B
:102E4000454A0234126912F4807F40F69E7255D1D1
:102E5000914261D93D48944204602E442B4442D8AB
:102E60004FF080424FF4007C4FF031084FF0300EAD
:102E70003F4F394C5144506AB042FCD3C4F818C09B
:102E8000506A8342FCD82069C0051BD401F801EFC9
:102E9000B9422E442B44EED140F69F732B4A136067
:102EA00040F69F7300220AF8032062B600F098FEF5
:102EB0002B480AF0E7FE2F480AF0E4FE002013B08A
:102EC000BDE8F08F01F8018FB9422E442B44D2D1D6
:102ED000E2E71E4B28481C461E600AF0D3FE23681A
:102EE000B3F57A6FDED300238AF89F3FDDE72348EE
:102EF0000AF0C8FE012013B0BDE8F08F9142A9D8B6
:102F0000124A2E44146031220AF8012040F69F72C2
:102F100094422B44A4D1C3E70C4A2E4414603022BF
:102F20000AF8012040F69F7294422B4498D1B7E7EB
:102F3000084B56621B88064A34461588DFF820A0E5
:102F400005932CE70400032000480140EC280320EF
:102F50000A000320080003200004024200000320AE
:102F6000F0280320E8280320E9280320C4AD010845
:102F70008E38032050AE010894B1010880B10108D9
:102F80000D4B0E491D8805EB850464000B69DF05B8
:102F9000FCD5506A80B20B69DE05F7D5536A1B1A5F
:102FA000A342F8D30024064B54621B88DFF814A018
:102FB0000593F4E6059BF2E60A00032000040242B2
:102FC00008000320F02803209B4B2DE9F04F1B68DD
:102FD00093B00333012B40F224818146FEF7B0F910
:102FE00072B60023DFF87CB2944ACBF82430DBF8C9
:102FF00024301688B34280F0DA80914C09F106093A
:1030000000274FF080428C4B57621D688D4BA91CE6
:103010001F6000F0D680EB1C00F0E480691C00F01B
:10302000CD8030230093884B28461A78874B197837
:1030300006ABFEF7CFF98246002800F0CB80384679
:103040004FF08047824BB3F800E0824B0EEB8E0CC2
:103050001B884FEA4C0C04932369DA05FCD57A6A85
:1030600092B22369DB05F7D57B6A9B1A6345F8D3D7
:10307000236913F4807308D0DBF82430B34200F2E4
:10308000CA80236913F48073F6D17B62BAF1000F12
:1030900000F0C4804FF0804118466F4B049A0393B0
:1030A0000DF1180805954B6A9342FCD323697244CD
:1030B00013F4807F18F8013B1FD0312B1FD1039DE3
:1030C000013005F8013B82450395ECD1DDE904357B
:1030D00000FB0E3200274FF0804101304B6A9342D3
:1030E000FCD32369013713F4807300F1010C08D07D
:1030F000B945724409D96046F0E7302BDFD0059D11
:10310000AAE71F4672440130E8E74FF080414D4B7B
:103110001860049BD21A4B6A9342FCD34FF00073A1
:103120004FF080417244A3614B6A9342FCD34FF449
:10313000007CC4F818C0DBF82430B34237D2023523
:103140007FF45EAF4FF080414FF0000E4FF0007BF8
:103150003F4B3B4D1F883F4BDFF808A1B3F8008081
:10316000002442462046C1F824E0C1F824E04B6A1E
:103170009A42FCD82B69013013F4807358D08145F2
:1031800004F101043A44F2D8A2EB08024B6A9A42D5
:10319000FCD8C5F818B03A444B6A9A42FCD8C5F836
:1031A00018C0DAF824309E42DAD8264B1C6062B68A
:1031B00000F016FD002013B0BDE8F08F3846BA4687
:1031C0003EE7244B57621A88214B3846B3F800E09B
:1031D00004927FE721480AF055FD184B1E88194BD1
:1031E00018682DE71A4B1649B3F800E00EEB8E076E
:1031F0007F000B69D805FCD5506A80B20B69DB05EE
:10320000F7D5536A1B1ABB42F8D30020114B50620A
:103210001A8804925EE70B4B1860C8E75046049A80
:1032200058E70F480AF02EFD012013B0BDE8F08FDB
:10323000184601343A449AE70400032000000320B2
:1032400000040242EC280320E8280320E928032098
:103250000A00032008000320F0280320C4AD010861
:1032600080B101080048014008707047007870473D
:10327000030A08704B707047012994BF00780088DA
:10328000704700BF012908D94FF6FE2302889A42F1
:1032900003D8981AC0F34F0070470020704700BF52
:1032A000012911D94378FA2B07D8084AC3EB033018
:1032B000A2FB0020C0F30F10704740F6FF72FF2BF7
:1032C0000CBF00201046704700207047D34D62109D
:1032D000022907D94FF6FF73B0F80100984208BFE2
:1032E0000020704700207047042907D94FF6FF736C
:1032F000B0F80300984208BF0020704700207047D4
:10330000012907D94FF6FF730088984208BF4FF490
:10331000006070470020704701290ED94FF6FF73F7
:103320000088984209D047F27F53984238BF184628
:10333000A0F5EA407F3880B270474FF400607047D4
:10334000032986BFC078C0F381000020704700BF0A
:1033500009B1007870470846704700BF012906D9B7
:10336000437803F00F03013BDBB2022B01D90020AD
:103370007047024A32F81300704700BFF0E00108BE
:1033800019B10178C1F3810070470846704700BF4A
:10339000032986BFC07800F003000020704700BFFB
:1033A000034600B583B008465BBA02220DF1060160
:1033B000ADF806300AF00EFE03B000BD84460023CF
:1033C00010B50C4682B00DF1060002226146ADF840
:1033D00006300AF0FFFDBDF80600012C98BFC0B210
:1033E00040BA80B202B010BD002300B5012983B0FD
:1033F000ADF8063002D8184603B000BD01460222DF
:103400000DF106000AF0E6FD9DF8060003B000BDD0
:1034100038B50D4604460822FF2128460AF0D6FD9D
:10342000B4F5FB4F0ADAC4F5FA447F34640004F0C3
:10343000FE03C4F307242B706C7038BD00242346B0
:103440006C702B7038BD00BF38B50D460822FF21C7
:10345000044628460AF0BAFDFA2204FB02F2044BA5
:10346000A3FB0213D21A03EB5203DB0A6B7038BDC5
:103470000101100038B50C4605460822FF21204600
:103480000AF0A4FD2B0A6570A37038BD38B50C4650
:1034900005460822FF2120460AF098FD2B0AE57018
:1034A000237138BD38B50C4605460822FF21204659
:1034B0000AF08CFD2B0A2570637038BD38B50C46B8
:1034C00008220546FF2120460AF080FD48F68022AA
:1034D00047F27F53954294BF5B199B189BB21A0A1F
:1034E0002370627038BD00BF38B50D46044608220F
:1034F000FF2128467D340AF069FDAC7038BD00BF5D
:1035000038B50D4604460822FF2128460AF05EFD24
:10351000EB78A40023F00C0304F00C042343EB70BD
:1035200038BD00BF38B50C4605460822FF212046AD
:103530000AF04CFD257038BDFF2838B50D460FD96F
:10354000C3B2002B0CBF012403240822FF2128460C
:103550000AF03CFD6B7823F00F031C436C7038BD00
:10356000031E18BF01235C00EFE700BF38B50D460E
:1035700004460822FF2128460AF028FD2B78A400E3
:1035800023F00C0304F00C0423432B7038BD00BF60
:1035900038B50C4605460822FF2120460AF016FDE4
:1035A000E37805F0030523F003032B43E37038BDF4
:1035B00038B50D4604460822FF2128460AF006FDCC
:1035C000012C0AD0022C05D0032C0CBFD723FF23DB
:1035D000AB7038BDC723AB7038BDC323AB7038BDEB
:1035E00038B50C4605460822FF2120460AF0EEFCBD
:1035F000EBB2022B12D0032B09D0042B0CBF5123AA
:103600000023FF2D88BF43F00403237038BD11232E
:10361000FF2D88BF43F00403237038BD0123FF2D25
:1036200088BF43F00403237038BD00BF38B50C4693
:1036300005460822FF2120460AF0C8FC15F0080FB5
:103640000CBF0021FA2115F0100F0CBF0022FA2246
:1036500015F0200F0CBF0023FA2315F0400F0CBF0C
:103660000020FA2015F0800FE0700CBF0020FA2037
:1036700015F0010F21700CBF0021FA2115F0020F87
:1036800062700CBF0022FA2215F0040FA3700CBF69
:103690000023FA2320716171A271E37138BD00BF6C
:1036A000022906D980787D38C0B2812888BF0020E1
:1036B00070470020704700BF032906D9C0787D38C5
:1036C000C0B2812888BF002070470020704700BF2B
:1036D00002290FD9837803F00C02042A01D00120BB
:1036E0007047C3F30113012B06D0002B0CBF02203F
:1036F00001207047002070470320704707292DD90B
:1037000003784278A3F1FA03B3FA83F3FA2A4FEA73
:10371000531382784FEAC30308BF43F01003FA2A19
:10372000C27808BF43F02003FA2A027908BF43F0A9
:103730004003FA2A427908BF43F08003FA2A8279CB
:1037400008BF43F00103FA2AC27908BF43F002031D
:10375000FA2A08BF43F00403184670470020704758
:1037600000787047D9B103789A09012A0ED003F086
:103770003002102A15D003F00302012A14BF0120E1
:10378000022003F00C03042B06D0704703F00C0357
:10379000042B4FF00400F8D140F47F4070470846F6
:1037A00070470320EDE700BF00787047007870474E
:1037B000007870470078704708707047087070474D
:1037C000087070470870704708707047030A0870E7
:1037D0004B707047012994BF00780088704700BF84
:1037E00038B50D460822FF21044628460AF0EEFBB4
:1037F000FA2204FB02F2044BA3FB0213D21A03EBDE
:103800005203DB0A6B7038BD01011000012911D988
:103810004378FA2B07D8084AC3EB0330A2FB0020F9
:10382000C0F30F10704740F6FF72FF2B0CBF002053
:103830001046704700207047D34D6210034600B514
:1038400083B008465BBA02220DF10601ADF80630DE
:103850000AF0C0FB03B000BD034600B583B00846C4
:103860005BBA02220DF10601ADF806300AF0B2FB98
:1038700003B000BD034600B583B008465BBA022220
:103880000DF10601ADF806300AF0A4FB03B000BD4F
:10389000034600B583B008465BBA02220DF106016B
:1038A000ADF806300AF096FB03B000BD034600B544
:1038B00083B008465BBA02220DF10601ADF806306E
:1038C0000AF088FB03B000BD034600B583B008468C
:1038D0005BBA02220DF10601ADF806300AF07AFB60
:1038E00003B000BD034600B583B008465BBA0222B0
:1038F0000DF10601ADF806300AF06CFB03B000BD17
:103900008446002310B50C4682B00DF10600022259
:103910006146ADF806300AF05DFBBDF80600012CEB
:1039200098BFC0B240BA80B202B010BD8446002336
:1039300010B50C4682B00DF1060002226146ADF8CA
:1039400006300AF047FBBDF80600012C98BFC0B254
:1039500040BA80B202B010BD8446002310B50C46B8
:1039600082B00DF1060002226146ADF806300AF081
:1039700031FBBDF80600012C98BFC0B240BA80B23E
:1039800002B010BD8446002310B50C4682B00DF184
:10399000060002226146ADF806300AF01BFBBDF8B6
:1039A0000600012C98BFC0B240BA80B202B010BD70
:1039B0008446002310B50C4682B00DF106000222A9
:1039C0006146ADF806300AF005FBBDF80600012C93
:1039D00098BFC0B240BA80B202B010BD8446002386
:1039E00010B50C4682B00DF1060002226146ADF81A
:1039F00006300AF0EFFABDF80600012C98BFC0B2FD
:103A000040BA80B202B010BD8446002310B50C4607
:103A100082B00DF1060002226146ADF806300AF0D0
:103A2000D9FABDF80600012C98BFC0B240BA80B2E6
:103A300002B010BD002300B5012983B0ADF80630F7
:103A400002D8184603B000BD014602220DF106005F
:103A50000AF0C0FABDF80600000A03B000BD00BFBE
:103A6000012918D9037803F00302012A17D003F0C3
:103A70000C02042A15D003F03002102A0DD003F0F6
:103A8000C003402B0FD0437803F00303012B0CBF7E
:103A90000620012070470020704705207047022053
:103AA0007047032070470420704700BF2DE9F04F96
:103AB0003A4B8346984283B007D8394B984260D935
:103AC0004FF028094FF4487609E036494FF02509B0
:103AD000B1FBFBF1C9B2192940F2EE265BD90124F2
:103AE000304B0134A4B2B3FBF4F1B1FBFBF1C9B22A
:103AF0001929F6D8B4F5806F3FD201202A4BCDF8B2
:103B000004B01F6823186FF0004C4FF47A759B4681
:103B10001FFA83FAA1F1020EBEEB510F4FEA5103D7
:103B20001ADD01F1FF385FFA88F805FB03F2B2FBFA
:103B3000F1F2B21A002AB8BF5242624509DA914541
:103B400007DB00209446A8EB0302D2B2FB617C6144
:103B50003A6201337345E8DB124B1FFA8BF4B3FB77
:103B6000FAF1019BB4F5806FB1FBF3F10AF1010AA0
:103B7000C9B203D004F1010BCCE7012003B0BDE8CA
:103B8000F08F08494FF02B09B1FBFBF1C9B219299D
:103B900040F26B36A3D80124AFE700BF00350C001C
:103BA00020A10700005A62028839032038B50C466C
:103BB000064D0749074B0A602860074901201C6031
:103BC00013F0F8F9054B186038BD00BF88390320A1
:103BD000803903208439032098380320E8380320F3
:103BE00030B53F4C83B020680BF0BEFB20680BF073
:103BF00003FA002851D100223A4D40213A482A7157
:103C0000EA602A616A61AA61AA60EA6185F82020F7
:103C10000CF0F4FA206805F124010BF0D7FA002823
:103C20005BD1324920680BF0D1FA002852D1002331
:103C300002222068114600930BF0F4FA002846D1C6
:103C400020680BF035FB00283ED1002201212068BE
:103C50000BF0E6FCA8BB0022062120680BF0E0FC7C
:103C600060BB07224FF4F05120680BF0D9FC10BB69
:103C70000722802120680BF0D3FCC8B900221C4920
:103C800020680BF0CDFC80B900224FF46021206841
:103C90000BF0C6FC20B903B030BDFDF7E7FAAAE788
:103CA00003B0BDE83040FDF7E1BAFDF7DFFAEBE71E
:103CB000FDF7DCFAE2E7FDF7D9FAD9E7FDF7D6FA26
:103CC000CFE7FDF7D3FAC6E7FDF7D0FABDE7FDF77A
:103CD000CDFAB5E7FDF7CAFAA9E7FDF7C7FAA0E7FD
:103CE0008839032010000320000402424C00032006
:103CF00000407100014B18680BF036BB8839032077
:103D0000704700BF082824D8DFE800F0080C101422
:103D1000171A1D2005001448FFF7C8BE42F21070A4
:103D2000FFF7C4BE44F62060FFF7C0BE4CF250302F
:103D3000FFF7BCBE0D48FFF7B9BE0D48FFF7B6BE92
:103D40000C48FFF7B3BE0C48FFF7B0BE0B48FFF7B7
:103D5000ADBE0B4AA0F51C53103B934201D9012084
:103D60007047FFF7A3BE00BF40420F00A0860100CE
:103D700048E8010090D0030020A1070000350C00A6
:103D8000301B0F000346054A19780020516159780D
:103D9000D16199781162DB7893617047F82703202D
:103DA0000246024B00209A61704700BFF8270320AB
:103DB000034600B5064A93F801E093F800C082F884
:103DC00010E004499B7881F800C05374002000BDC6
:103DD000F8270320180403202DE9F047054682B098
:103DE000C0680F460AF0EAF8AB68B3F1005F3ED056
:103DF0000646824600F12409264C4FF0FF31206828
:103E000013F096F90128F8D1DFF89480D8F8000073
:103E100013F074FB484517D202251F4A13792B4330
:103E20001371002320681A46194613F027F81B4A1D
:103E300002231268106800221146009214F034FE2A
:103E4000284602B0BDE8F08729464FF0FF33242210
:103E5000D8F8000013F074FB054686B94D450CD028
:103E60000D4A0125137943F008031371D9E74FF088
:103E7000000A4FF024095646BEE70025D1E7524616
:103E800039464FF0FF33D8F8000013F059FB0544D2
:103E9000E4E700BFE8380320100003208439032042
:103EA0009038032030B40122002410200A4B042152
:103EB0001B684FF440751C82C3E90520DC60186262
:103EC0003F240F209A74C3E90125DC61C3E909216D
:103ED00030BC1963D8627047883903202DE9F04758
:103EE00000250C4682B0C9070646019516D4A207E4
:103EF00007D50221314A137943F001031371336866
:103F00001965630738D4019B2BB14FF0E0234FF0C4
:103F10008052C3F8042D02B0BDE8F087DFF8A89006
:103F2000DFF8988040214A46254B0BF095FAD8F8E7
:103F30001430D9F80C000133C8F814300AF03EF8F8
:103F4000DFF888A00746DAF8000013F0D7FA07F187
:103F50002803984224D349462822DAF8000001AB0E
:103F600013F088FB002FC2D03A46DAF8000014495B
:103F700001AB13F07FFBBAE70424104B11499A6997
:103F8000086801329A611A79002142F008021A7118
:103F9000336800680DEB04021C6514F0A5FEB2E75F
:103FA000D8F8183029460133C8F81830054B01AA53
:103FB0001B68186814F098FE99E700BF10000320F2
:103FC0004039032080390320183903209438032016
:103FD000002110B50A4A0B4C1268236982B01068A0
:103FE000013301AA2361019114F07EFE019B2BB1E4
:103FF0004FF0E0234FF08052C3F8042D02B010BD03
:104000008439032010000320002110B50A4A0B4C0C
:104010001268E36982B01068013301AAE36101917B
:1040200014F062FE019B2BB14FF0E0234FF0805261
:10403000C3F8042D02B010BD803903201000032006
:1040400038B50C46104D29460BF0A0FAA10303D554
:10405000EB68A3B90D4A1360620309D52B690B4ABB
:10406000012B13790CBF43F0040303F0FB0313711E
:10407000230303D50122054B83F8202038BD4FF0E0
:104080000042024B1A60E7E7EC38032010000320DF
:10409000F0B500250B7885B0074602950395CBB1A6
:1040A0000C460DF1FF3608E02046D5B209F02AFF94
:1040B00014F8023F06F8010F23B163786A1C0BB3B2
:1040C000072DF1D18DF808502A4669460DF10900F7
:1040D00015F0BCFF00230E4C0820C4E90533C4E9E9
:1040E0000133276009F070FF082203460DEB02013F
:1040F0000848E36009F06EFF20460649FFF76CFEB2
:1041000005B0F0BD8DF80850002DDDD1E2E700BF0D
:10411000983903208C39032042F202032DE9F04341
:10412000002499428BB0445400F2BA80002900F078
:10413000808100F1FF3E0139F4467346014405E0F9
:104140000A2A1CBF025501348B4209D013F8012FF3
:10415000082AF5D1002CF7D08B4204F1FF34F5D1B9
:104160000025AC42055540F35E812A460EEB040360
:104170001CF8011F202900F0898082B99C4505F1B7
:1041800001050CF101010CD09CF80140202C7FD0DE
:10419000994206D01CF8022F203A18BF01229C45F4
:1041A000E6D1A54901AA09F08DFF0446002800F0D8
:1041B0008180A24909F050FF002800F00F81012DF5
:1041C00040F3B1809C49002001AA09F07BFF9C4983
:1041D000044609F041FF002870D12046994909F0B2
:1041E0003BFF002800F0A481974809F04BFD974859
:1041F00009F048FD944809F045FD954809F042FD55
:10420000944809F03FFD924809F03CFD924809F0BE
:1042100039FD924809F036FD8D4809F033FD90488C
:1042200009F030FD8F4809F02DFD894809F02AFD7D
:104230008D4809F027FD8D4809F024FD844809F0D8
:1042400021FD8B4809F01EFD8A4809F01BFD8A48B4
:1042500009F018FD894809F015FD894809F012FD9B
:10426000884809F00FFD884809F00CFD874809F0DF
:1042700009FD874809F006FD754809F003FD7248FD
:1042800009F000FD834809F0FDFC0CE0002286E700
:10429000994286D01CF8021F20297FF46FAF7EE779
:1042A0007D4809F0EFFC7D4809F0ECFC00200BB0E4
:1042B000BDE8F0837A4809F0E5FCF4E7624809F0CC
:1042C000E1FC624809F0DEFC5F4809F0DBFC604875
:1042D00009F0D8FC734809F0D5FC5D4809F0D2FC20
:1042E0005D4809F0CFFC704809F0CCFC584809F053
:1042F000C9FC5B4809F0C6FC6C4809F0C3FC544893
:1043000009F0C0FC584809F0BDFC694809F0BAFC46
:104310004F4809F0B7FC564809F0B4FC654809F06D
:10432000B1FC6548A6E7484809F0ACFC474809F0ED
:10433000A9FC454809F0A6FC454809F0A3FC5F48E4
:1043400009F0A0FC424809F09DFC5D4809F09AFC88
:104350005C4809F097FC5C4809F094FC5B4809F064
:1043600091FC5B4809F08EFC5A4809F08BFC5A48D6
:1043700009F088FC594809F085FC594809F082FC8D
:10438000584809F07FFC584809F07CFC574809F070
:1043900079FC574809F076FC564809F073FC5648FA
:1043A00009F070FC554809F06DFC554809F06AFCAD
:1043B000544809F067FC544809F064FC534809F07C
:1043C00061FC534809F05EFC214809F05BFC514850
:1043D00009F058FC1C4809F055FC64E720464E499A
:1043E00009F03AFE00287FF4EAAE20464B4909F076
:1043F00033FE00287FF4E3AE2046494909F02CFE45
:10440000074600287FF4DBAE2046464909F024FE2B
:104410008046002800F00A81022D00F0DA80424830
:1044200009F030FC3FE77FF4BCAE404809F02AFCBD
:1044300039E70170F9E700BFD8B1010808B20108F7
:1044400024B20108C4B301082CB201086CB20108FF
:1044500050AE0108CCB30108A8B20108E0B30108CE
:10446000ECB201081CB4010810B3010830B4010813
:1044700064B301087CB401089CB40108ACB4010821
:10448000CCB40108DCB40108FCB401080CB5010887
:1044900038B5010808B70108C0B1010850D40108B7
:1044A000DCB1010898B20108B8B20108F4B2010801
:1044B0001CB3010870B30108B4B301085CB701086C
:1044C00000B801080CB8010880B8010808B9010853
:1044D00034B9010884B90108D4B9010824BA010823
:1044E0007CBA0108E8BA010810BB01083CBB01080E
:1044F0009CBB010804BC010850BC010894BC010825
:10450000C0BC010818BD010870BD0108DCBD010870
:1045100028BE01085CBE010810B2010818B20108EB
:1045200020B201084CB501087CBE0108D4B10108D5
:104530002046914909F090FD002846D08F4809F0A7
:10454000A1FB8F4809F09EFB8C4809F09BFB8D482E
:1045500009F098FB8C4809F095FB8A4809F092FB1A
:104560008A4809F08FFB8A4809F08CFB854809F0DE
:1045700089FB884809F086FB874809F083FB81485E
:1045800009F080FB854809F07DFB854809F07AFB3E
:104590007C4809F077FB834809F074FB824809F0F6
:1045A00071FB824809F06EFB814809F06BFB814882
:1045B00009F068FB804809F065FB804809F062FB60
:1045C0007F4809F05FFB7F4854E67F4809F05AFBBB
:1045D00058E638467D4901AA09F074FD037804467F
:1045E000002B3FF460AE051D413B232B13D8DFE8C1
:1045F00003F0413931291212121212121212121240
:10460000121212121212121212121212121212128A
:104610001212413931296E4809F034FB14F8013F78
:10462000002B3FF440AEA542DED13CE6204669496E
:1046300009F012FD00284ED0022D1FD0664809F067
:1046400021FB30E6654809F01DFB0021442003F002
:10465000AFFEE3E7624809F015FB0021432003F0B9
:10466000A7FEDBE75F4809F00DFB0021422003F0C5
:104670009FFED3E75C4809F005FBCFE7404653496E
:1046800001AA09F01FFD03780446002B3FF40BAE8E
:10469000051D413B232B13D8DFE803F03E36422EA5
:1046A00012121212121212121212121212121212EA
:1046B0001212121212121212121212123E36422E3E
:1046C000434809F0DFFA14F8013F002B3FF4EBAD4B
:1046D000A542DED1E7E52046444909F0BDFC0028AB
:1046E00000F0B180012D00F0A680AE1E012E1FD972
:1046F0003F4809F0C7FAD6E53E4809F0C3FA012160
:10470000442003F055FEDEE73B4809F0BBFA0121E7
:10471000422003F04DFED6E7384809F0B3FAD2E75D
:10472000374809F0AFFA0121432003F041FECAE700
:10473000264901AA002009F0C5FC09F007FCB0F5E4
:10474000006F80F098802F4F022D386000F08A8033
:104750001E4901AA002009F0B5FC064609F064FCD8
:10476000C107044600F18B80102800F2888035468E
:10477000DFF8948050E000BF4CB501082CB201086E
:104780006CB2010850AE010854B50108A8B2010886
:1047900068B50108ECB20108A4B5010810B301081E
:1047A000B8B5010864B3010804B6010824B60108CD
:1047B00038B6010858B601086CB601088CB6010875
:1047C000A0B60108CCB60108E0B60108D8B10108CE
:1047D00084BF0108C4B30108ACBF010860BF010871
:1047E0003CBF010818BF0108CCBE010884C0010805
:1047F000A4C0010860C0010818C00108FCBF01087E
:104800003CC00108F0390320E8390320284609F0AC
:1048100079FB023508F8010BAB1B9BB29C42F5D823
:10482000601CC0F3470009F0CFFB0346AC48FB60B7
:1048300009F028FA37E54FF0FF32AA4BAA481A6070
:1048400009F020FA2FE52046A84909F005FC0028C8
:1048500061D0012D52D0AE1E012E14D9A44809F00A
:1048600011FA20E5002009F0AFFB0346A148FB60E8
:1048700009F008FA17E5A04809F004FA13E59F4883
:1048800009F000FA0FE59E4901AA002009F01AFC80
:1048900009F05CFBB0F5006F80F0AB80994F022D02
:1048A000386000F09D8012F053F9282112F052F97F
:1048B00001AA9349002009F005FC064609F0B4FB63
:1048C000C2070446DBD41028D9D83546DFF89C82CD
:1048D00005E0284609F016FB023508F8010BAB1B72
:1048E0009BB2A342F5D3601CC0F3470009F06CFBF8
:1048F00003468548FB6009F0C5F9D4E44FF0FF3268
:10490000804B82481A6009F0BDF912F021F9182194
:1049100012F020F9C7E420467D4909F09DFB10B351
:10492000032D03D07B4809F0ADF9BCE4744901AA1A
:10493000002009F0C7FB7249054601AA002009F0D2
:10494000C1FB0A21002209F0F1FB73490446284605
:1049500009F082FBA0B1714B71485C6109F092F9DA
:10496000FFF73EF99FE420466E4909F075FB0746C4
:10497000002842D0032D0FD06B4809F083F992E450
:1049800028466A4909F068FB002843D0634B684811
:10499000DC6109F077F9E3E75949002001AA09F041
:1049A00091FB6449044609F057FB002874D040F29B
:1049B000DF7401AA5249002009F084FB054609F082
:1049C00033FB421E92B20D2A034661D8DB075FD447
:1049D00020462946FFF75CFB574809F053F962E48B
:1049E000002009F0F1FA03465448FB6009F04AF947
:1049F00059E4534809F046F955E42046514909F075
:104A00002BFB0646002851D0022D10D04E4809F04D
:104A100039F948E428464D4909F01EFB002800F00A
:104A2000BD803E4B4A481C6209F02CF998E7384695
:104A3000334901AA09F046FB451E041D15F8012F54
:104A4000A2F12A03002A3FF42EACA5423FF42BAC7E
:104A50001A2B00F20E81DFE813F003010C010C01A8
:104A60000C010C010C010C010C010C010C010C01DE
:104A70000C010C010C010C010C010C010C010C01CE
:104A80000C010C010C010C018B00390098008F0007
:104A9000304809F0F7F806E420462F4909F0DCFA1F
:104AA000002800F0868040F2E17482E720462B491E
:104AB00009F0D2FA0746002800F00281022D00F02A
:104AC000DC80274809F0DEF8FFF7EDBB254809F048
:104AD000D9F840F2E1702449FFF7DAFAAEE700BFF7
:104AE00028C10108F03903208CC0010854C1010815
:104AF00078C10108F0C00108CCC0010810C101084C
:104B0000D8B10108C4390320ECC101085CC1010817
:104B100014C2010818C2010878AF0108F827032061
:104B200034C2010878C301087CC301084CC20108E3
:104B300054C20108B8C3010850C40108CCC101081F
:104B4000A0C1010864C401086CC4010868C201085E
:104B500070C2010824C40108BCC301081CC50108B7
:104B600024C50108E0C40108ACC40108BC39032015
:104B7000964809F087F861E7954809F083F840F214
:104B8000E3709449FFF784FA58E7934809F07AF8FC
:104B900040F2E2708F49FFF77BFA4FE728468F49D2
:104BA00009F05AFA68B18E4B8E489C6109F06AF898
:104BB000D6E620468C4909F04FFA80B140F2E27403
:104BC000F7E62846894909F047FA80B1003C18BF4A
:104BD0000124834B86481C7409F054F8C0E6204633
:104BE000844909F039FA80B140F2E374E1E62846DD
:104BF000814909F031FA90B1003C18BF0124784B8B
:104C00007E485C7409F03EF8AAE620467C4909F02B
:104C100023FA90B17B4809F035F80024C9E628460C
:104C2000794909F019FA60B1003C18BF0124774BAB
:104C300077481C7009F026F892E6764809F022F8C9
:104C4000EBE72846744909F007FA002872D0002CD7
:104C500069D1724809F016F80222614BDA607FE6EA
:104C60006F4809F00FF840F2DF705A49FFF710FA69
:104C7000E4E6684809F006F8E0E63046694901AA2A
:104C800009F020FA451E041D15F8012FA2F12A0390
:104C9000002A3FF408ABA5423FF405AB1A2B3ED8DF
:104CA000DFE803F0343D3D3D3D3D3D3D3D3D3D3D77
:104CB0003D3D3D3D3D3D3D3D3D3D3D30274C1E0094
:104CC0002046594909F0C8F90646002867D0012D49
:104CD0005AD0022D3BD0554808F0D4FFFFF7E3BA75
:104CE000534808F0CFFF40F2E3705249FFF7D0F984
:104CF000CAE7514808F0C6FF40F2E1704D49FFF79E
:104D0000C7F9C1E7314808F0BDFFBDE74B4808F0DF
:104D1000B9FF40F2DF704749FFF7BAF9B4E73D4801
:104D200008F0B0FFB0E7464808F0ACFF00222C4B7B
:104D3000DA6015E6434808F0A5FF11E6424808F09E
:104D4000A1FF40F2E2703B49FFF7A2F99CE7354929
:104D5000384601AA09F0B6F93C49044609F07CF945
:104D600088BB20463A4909F077F938B3394C3A48BC
:104D700002F032FB214640F2DF70FFF789F9374835
:104D800008F080FFFFF78FBA354A334B12689A421A
:104D90000CBF3448344808F075FFFFF784BA20464A
:104DA000324909F059F90746002800F08D80012D9D
:104DB00066D02F4808F066FFFFF775BA2D4808F057
:104DC00061FFFFF770BA2C4C2C48D1E7B8C401083A
:104DD00008C50108ACC40108F4C4010884C2010874
:104DE000F827032088C20108C0C301089CC201083B
:104DF000A8C20108C4C30108D0C20108E0C201086A
:104E0000C8C30108CCC30108FCC201081804032070
:104E100008C3010800C4010828C301082CC3010805
:104E200088C40108D8B10108D0C50108B4BD010883
:104E3000B0C5010864C5010870C501083CC501087A
:104E400048C3010860C3010890C501082CC60108C9
:104E500034C60108A8B10108F806020870C60108A6
:104E600020010320DCC5010804C6010894C601081E
:104E7000A0C601083CC60108B4B101080C0702082D
:104E800001AABB49304609F01DF9BA4808F0FAFEFC
:104E9000304603F0C7FA322011F07EFE2946422048
:104EA00003F086FA06F096FE11F076FE29464320BE
:104EB00003F07EFA06F08EFE11F06EFE29464420C5
:104EC00003F076FAFFF7EFB92046AB4909F0C4F8D2
:104ED00030B1022D20D0A94808F0D4FEFFF7E3B985
:104EE0002046A74909F0B8F8002800F0C580012D38
:104EF00040F3BD8000209E4901AA09F0E3F8044672
:104F000000283FF4D0A99F4909F0A6F8E0B19E48D7
:104F100008F0B8FEFFF7C7B93846954901AA09F06D
:104F2000D1F8451E041D15F8012FA2F14103002AF6
:104F30003FF4B9A9A5423FF4B6A9032B00F246837A
:104F4000DFE803F0912D240B2046904909F084F806
:104F500060B1FDF775FAFFF7A6B98D4808F092FE2B
:104F600040F2E3708B49FFF793F8DCE720468A496B
:104F700009F072F80646D8B1884808F083FEFDF7BC
:104F80001FF9874808F07EFEFFF78DB9854808F0C5
:104F900079FE40F2E2707F49FFF77AF8C3E7824872
:104FA00008F070FE40F2E1707A49FFF771F8BAE755
:104FB00020467E4909F050F8002870D07C4808F05F
:104FC00061FEFDF729F94FF47A730446B0FBF3F064
:104FD00002A903FB104409F0D7F80A210346B4FBE9
:104FE000F1F24FF02E09642503F12808E84408F88F
:104FF000209CB2FBF1F8B4FBF5F54FF0200E4FF01A
:10500000250C0D2701FB124401FB18220DF1280885
:10501000591C58FA81F1303501F8205C991C303266
:1050200058FA81F101F8202CDA1C58FA82F2303457
:1050300002F8204C1A1D58FA82F202F820EC5A1D90
:1050400058FA82F202F820CC9A1D073358FA82F2FD
:1050500058FA83F302F8207C02A803F8206C08F0C9
:1050600011FEFFF720B9534808F00CFE5BE75248E9
:1050700008F008FEFFF717B92046504908F0ECFF8A
:1050800000287FF434AF20464D4908F0E5FF28B3EF
:10509000022D11D04B4808F0F5FDFFF704B920466A
:1050A000494908F0D9FF064600B3484808F0EAFD30
:1050B000FDF732FAFFF7F7B82D49002001AA09F0F1
:1050C00001F84349044608F0C7FFE8B1012005F0A4
:1050D0001FFF404808F0D6FDFFF7E5B820463E49DF
:1050E00008F0BAFFF8B10120FFF7E1B820463B49CC
:1050F00008F0B2FF002800F0BC80032D7ED03848B5
:1051000008F0C0FDFFF7CFB82046364908F0A4FFED
:10511000002800F08880022005F0FAFE2D4808F0F3
:10512000B1FDFFF7C0B820462F4908F095FF0028D1
:10513000D9D120462D4908F08FFF0028D3D1204631
:105140002B4908F089FF06460028CCD12046294982
:1051500008F082FF002800F0A480012D00F0978065
:10516000022D40F3AA80244808F08CFDFFF79BB87D
:10517000D8B10108C8C6010824C7010830C7010812
:10518000E4C7010808B201082CC80108F4CE0108E0
:10519000A0C7010870C70108FCCE010800CF0108B4
:1051A0000CCF01087CC701084CC7010814CF0108C7
:1051B0001CCF0108B8C40108F0C70108E8C70108FE
:1051C00024B2010894D0010834CF01083CCF010873
:1051D000D8AF0108E4D0010834D1010854CF010848
:1051E0005CCF0108ACD5010838D1010840D10108D5
:1051F00048D1010850D10108A8D10108BD4901AA30
:10520000304608F05FFF0A2102AA8DF8086008F016
:105210008DFF9DF80830C4B2012B11D0B64808F0BC
:1052200031FDFFF740B82046B44908F015FF90B1B2
:10523000032005F06DFEB24808F024FDFFF733B8F7
:10524000B04808F01FFD2046FDF7BEFEAE4808F04E
:1052500019FDFFF728B82046AC4908F0FDFE0028EC
:105260005CD0042005F054FEA54808F00BFDFFF7C4
:105270001AB82046A64908F0EFFE002800F0898001
:10528000032D32D0A34808F0FDFCFFF70CB8A2486C
:1052900008F0F8FCC82011F07FFC09F039FCFFF79A
:1052A00002B820469D4908F0D7FE0646002843D0A4
:1052B0009B4808F0E7FCFEF7F6BF30468D4901AA8F
:1052C00008F000FF451EC41C15F8012FA2F1410390
:1052D000002A3EF4E8AFA5423EF4E5AF032B00F20E
:1052E0007981DFE803F0D0473865824901AA0020C0
:1052F00008F0E8FE00230A2102AA8DF8083008F021
:1053000015FF9DF80830C4B2012B87D17D4808F005
:10531000B9FC2046FDF7CEFCFEF7C5BF204681490B
:1053200008F09AFE002868D0052005F0F1FD7448C9
:1053300008F0A8FCFEF7B7BF20467B4908F08CFEBA
:10534000002800F0B680022D00F0A180774808F018
:1053500099FCFEF7A8BF764808F094FC0021432092
:1053600003F026F8322011F017FC0121432003F04E
:105370001FF8A9E76F4808F085FC0021422003F0E0
:1053800017F8322011F008FC0121422003F010F838
:105390009AE72046684908F05FFE08B3674808F0BE
:1053A00071FC032D13D0664808F06CFCFEF77BBF40
:1053B000644808F067FC0021442002F0F9FF322025
:1053C00011F0EAFB0121442002F0F2FF7CE7494999
:1053D00001AA002008F076FEFDF7A4F9FEF763BFEE
:1053E0002046594908F038FE064698B1574808F05B
:1053F00049FCFDF7D7FAFEF756BF2046544908F09E
:105400002BFED8B1062005F083FD3D4808F03AFC9C
:10541000FEF749BF20464F4908F01EFE00B3042D99
:10542000C1D1344901AA304608F04CFEFCF708FD12
:1054300088B9354808F026FCFEF735BF20464649B6
:1054400008F00AFEA8B1072005F062FD2C4808F01C
:1054500019FCFEF728BF414808F014FCFEF723BFF3
:1054600020463F4908F0F8FD40B1FCF715FEFEF775
:105470001ABF3C4808F006FCFEF715BF3A4808F092
:1054800001FCFEF710BF394808F0FCFB1CE7194986
:10549000304601AA08F016FE3549044608F0DCFD46
:1054A000C8B1012005F08CFA324808F0EBFBFEF79A
:1054B000FABE2046304908F0CFFD002869D000F040
:1054C0003DFF002860D02D4808F0DCFB012000F0F3
:1054D00045FFFEF7E8BE2046294908F0BDFD00283B
:1054E00062D0284605F06CFA264808F0CBFBFEF7A0
:1054F000DABE00BFD8B1010894CF0108F0D001088E
:10550000E4D0010880CF01088CCF0108F4D0010855
:10551000A8CF0108B4CF010858D10108B4D20108BE
:10552000BCD20108F8D0010838D3010840D30108E3
:105530008CD2010878D20108DCCF0108E4CF010841
:10554000F0CF0108A0D2010810D0010818D001083E
:10555000FCD0010834D0010800D1010838D001087E
:1055600054D0010804D101085CD001082CD20108F4
:10557000D8AF010860D30108CCD30108D4D3010807
:10558000ACD5010874D30108144808F07BFBFEF782
:105590008ABE134808F076FB204608F073FB1148DA
:1055A00008F070FBFEF77FBE20460F4908F054FD5F
:1055B00038B1032005F004FA0C4808F063FBFEF74D
:1055C00072BE0B4808F05EFBFEF76DBE094808F09E
:1055D00059FBA8E4074808F055FB75E6E4D3010839
:1055E000F8D301080CD40108F0D0010888D30108D1
:1055F0009CD30108C4C701082DE9F047037805468C
:10560000A3F13002012A0E46A0B040F28F800022A2
:10561000824FCDE90B227979012910D00024DFF8DF
:105620000082752BD8F80020CDE90D440A9213D1E1
:10563000132E00F06E81002020B0BDE8F087701EB0
:10564000295C0024692904BF4FF000420646752BEF
:10565000CDE90D440A92EBD0295D2246722905EB73
:10566000040900F0E58000F2458152297FD05429D9
:105670007DD0233B562B00F23881DFE813F08F04F6
:10568000360143045F033601360136013601360127
:105690003601360136013601360136013601360152
:1056A0003601360136013601360136013601360142
:1056B0003601360136015B01820436013601B90339
:1056C00098038B03E003CF035B01CB03C303F70312
:1056D000E803100472033703360136013601110363
:1056E0003601360145030303FA02EF02E5023601F3
:1056F0003601360160013601360168016301790225
:105700006B023601C40236015B01B902D402A10268
:105710003D022A0214023601C2019A0136018501B6
:10572000360136017C017501590248024FF400111F
:1057300042780C91302A00F0CD804FF48010374F22
:105740000B907979012900F0D98000233449722A1D
:105750000968CDE90D330A9105F1010966D063D8D6
:10576000522A02D0542A40F0C08001242246B71A9F
:10577000092F40F2BA804FF080434FF0000A601CBE
:1057800028440793CDF820A008F0F0FB069004F120
:105790000900284408F0B0FB99F800308046522BED
:1057A000099003D14FF00053D0460893404608F0CB
:1057B00005FC053000B2B7EB400F40F096800A348C
:1057C000013EA64288BF00270DD9281908F09AFB90
:1057D0000234E4B220AB53FA87F3B44203F8400C2E
:1057E00007F10107F1D308F017FA10AC01210D48B9
:1057F00006AE08F027FA21463046FEF7EDFA0228F9
:1058000000F08B8008F014FA4046069D08F0D6FBA5
:1058100022460146284601F013FE0CE774010320DE
:105820001000032050AE0108742A5ED101242246E4
:10583000B71A042F59D94FF0000A601C2844CDE94B
:1058400007AA08F083FB0690201D284408F054FBAB
:1058500099F800308046722B099003D14FF0005325
:10586000D0460893404608F0A9FB052300B203EB9D
:1058700040039F4239D10534013EA64288BF00272C
:105880000DD9281908F03EFB0234E4B220AB53FADC
:1058900087F3B44203F8400C07F10107F1D308F095
:1058A000BBF910AC0121B94806AE08F0CBF921468E
:1058B0003046FEF791FA0228A4D108F0B9F902E0C7
:1058C0000A2011F069F921463046FEF785FA0228D0
:1058D000F6D099E70022AE4F0B92797901290DD0CD
:1058E000AC4B0D921B680E920A930121AA4808F056
:1058F0005BF9A0E674297FF4BCAE99E7721EA95C3F
:10590000692900F06B8300220124CDE90D220A925F
:10591000A2E6284601F0FAFE8DE608F089F902E0D9
:105920000A2011F039F921463046FEF755FA0228CF
:10593000F6D069E71621994808F036F97BE69848D1
:1059400008F0A0F90121914808F02EF973E6022E23
:10595000CBD16B78934A303B18BF012301218B4890
:10596000137408F021F966E6FEF73AF90121874839
:1059700008F01AF95FE6022EB7D16B78302B0CBF16
:10598000002301237B71DDE7052EAED10126854C76
:10599000A819666108F0B6FA0346E81CE36108F04E
:1059A000B1FA2062FEF71CF93146784808F0FCF89D
:1059B00041E67D4808F066F940217A4809F020FE6A
:1059C00008F076F9794C774809F024FE08F070F970
:1059D000206811F093FD08F06BF92068744C11F009
:1059E000A1FD08F065F9206811F088FD08F060F964
:1059F000206811F097FD08F05BF9644808F042F95F
:105A000019E6022E7FF471AF6B78423B022B3FF612
:105A10006CAF00234FF400124FF48011BB70CDE93E
:105A20000B12099340F281123B7000234FF01409CE
:105A3000CDE90623DFF85C8110AC06AE002002F051
:105A4000F1FCFEF72FFAFEF7CBF8642011F0A4F872
:105A50006878012102F0CAFC6878012102F0A8FCF4
:105A6000484611F099F802E00A2011F095F8214615
:105A70003046FEF7B1F90228F6D0322011F08CF84A
:105A8000D8F8143023B909F11409B9F5D27FD5D16A
:105A9000D8F81430002B3FF428AF01213B4839706F
:105AA00008F082F8C7E5012E7FF41FAF3146374872
:105AB00008F07AF83F4801F0DFFE002002F0B2FC67
:105AC000002002F0C9FC642011F066F809F020F80B
:105AD000B1E5042E00F03483092E7FF406AF681C74
:105AE00008F044FA03462B4A23F0004301212748DB
:105AF000136508F059F89EE50121244808F054F890
:105B00000123284A3B70D360FEF76AF893E5032E21
:105B10007FF4EBAE6878A0F14203022B3FF6E5AECE
:105B2000AB78302B0CBF0021012102F041FC09E7CA
:105B30007822214B8DF84020D3F890050DF14101DA
:105B400008F0E4F80D230A2110A88DF8493008F078
:105B50002BF870E5022E7FF4C8AE6B78302B00F086
:105B60001683312B7FF4EEAE012001F07FFEE9E6D3
:105B7000022E7FF4BAAE6B78302B40F0C882012140
:105B800000230E4A1170BB70DCE600BF50AE010866
:105B9000740103201000032028AD0108C4D40108BB
:105BA00094D50108F8270320DCD401089438032099
:105BB00090380320E4D401080000FA0B920003207F
:105BC000092E7FF492AE681C08F0A8F90346BE4C7B
:105BD000681D636108F096F90346E81DE36108F06B
:105BE00091F903460121B948236207F0DDFF22E560
:105BF000022E7FF47AAE6B78B348302B00F0C3826C
:105C000009F032FB9EE6022E7FF46FAE6B78302BEC
:105C100000F0AB82312B0CBF4FF480724FF4407216
:105C2000A94B9A608EE66A238DF8403005F0D2FFCA
:105C30000DF1410108F0D8F80D23042110A88DF8CA
:105C4000433007F0B1FFF6E4022E7FF44EAE6B78DE
:105C5000302B0CBF00230123FB7073E6022E7FF470
:105C600044AE6B78302B0CBF0020012002F0DAFB31
:105C700068E612F007FB102840F2BE81944808F055
:105C800001F8D8E4022E7FF430AE6B78303B032B62
:105C90003FF62BAEDFE813F0A001970195018B01D1
:105CA000B31E062B3FF621AE01220020894CA91815
:105CB0002E4411F8013B00EB8000303B03EB400029
:105CC000DBB2092B8CBF002202F00102A0428CBF84
:105CD000002202F001028E42EBD1002A3FF405AE11
:105CE000FEF710F800287FF400AE2BE6012E7FF4BB
:105CF000FCAD3146754807F057FF0022724B3E70ED
:105D0000DA60FDF76DFF96E402F0EEFB0F2100284C
:105D100000F06E81704807F047FF0C216F4807F0D4
:105D200043FF01216E4807F03FFF09216D4807F04E
:105D30003BFF02216C4807F037FF7CE4062E7FF41E
:105D4000D4AD05226949681C08F050F9002840F0DC
:105D50001582674807F096FF01215C4807F024FF91
:105D600069E44E23634D644E0DF141048DF84030DB
:105D700015F8040B214608F037F8B54204F1020487
:105D8000F6D1192110A807F00FFF01214F4807F0A5
:105D90000BFF50E410A94C4809F0F8FB02A94A484F
:105DA00009F01CFC10A902A801F01EFD43E45348B1
:105DB00008F03AF9431C9E427FF497AD4F4808F033
:105DC00033F94E490246681C08F064F900287FF454
:105DD0008CAD01213D4807F0E7FEC82010F0DCFE45
:105DE00003F098FC002840F0D78103F0DFFC7CE54D
:105DF000012E7FF47AAD0023314634483B7007F022
:105E0000D3FE18E44A238DF8403005F0F1FE0DF181
:105E1000410195E63A4801F0C7FC0CE4032E00F07E
:105E20009D81052E7FF461AD681C08F06BF8034678
:105E3000254CE81CA36108F065F8A06282E54623C2
:105E40002F4A0DF1410110798DF84030F2E6012E14
:105E50007FF44BAD31461D4807F0A6FE02221A4BD7
:105E60003E70DA60FDF7BCFEFFF7E5BB072E7FF45E
:105E70003CAD681C08F046F80346134CE81C63620E
:105E800008F040F80346681DE36208F03BF803465B
:105E900001210E48236307F087FEFFF7CCBB042ED9
:105EA00000F04081092E7FF420AD681C08F05EF8F8
:105EB0000346134A23F0004301210448D36407F04A
:105EC00073FEFFF7B8BB00BFF827032050AE0108F0
:105ED000F4D4010840420F005CD401087CD40108CE
:105EE000D8B1010888D4010880D50108A8D50108D7
:105EF000B0D501089005FA0BC005FA0BE0D40108F3
:105F000010000320032E7FF6F0AC6F1C384608F01B
:105F10001DF87608023E1FFA86F8404504467FF4D5
:105F2000E4AC05F104084146B2B29D4810AE07F05A
:105F3000C9FF12F0A1F922469A4B9949009607F041
:105F400065FD3946BDF8400007F016FFBDF840205A
:105F50004046944907F0B8FE0D22BDF8403028466F
:105F6000023305F813205B00591C07F01DFE12F0E8
:105F700083F922468B4B8A49009607F097FDFFF77D
:105F80005ABB022E7FF4B1AC6B78302B00F0F2805C
:105F9000312B7FF4D7AC01233B71D3E4012E7FF486
:105FA000A4AC814807F06EFE3046FFF745BB0322E4
:105FB0007E4B01217E48DA625A6407F0F5FDFFF757
:105FC0003ABB0222F4E70121784B7948D96259643F
:105FD00007F0EAFDFFF72FBB0022E9E74FF0004191
:105FE000164600220124CDE90D220A91FFF734BBA9
:105FF000704807F0D9FD90E66F4807F043FE12F0B5
:1060000041F902AA01466D4812F054FB10AC6C48ED
:1060100007F038FE00212246029807F0FFFE2046D6
:1060200007F030FE674807F02DFE4FF00009DFF85B
:106030008C8160E0642206EBC60308EB83039B6956
:10604000F50002FB03F3B3FBF7F3DFB222460021B6
:10605000304607F0E3FE05EB060A204607F012FE85
:1060600008EB8A0A584807F00DFEDAF8040007F03A
:1060700009FEDAF8040007F0D7FF072894BF534859
:10608000534807F0FFFDAB1908EB83031B7B354436
:10609000052B96BF4F4A504852F8230007F0F2FDF7
:1060A00022460021384607F0B9FE494807F0EAFDCC
:1060B000204607F0E7FD08EB8505484807F0E2FDBC
:1060C00022460021288C07F0A9FE414807F0DAFD9E
:1060D000204607F0D7FD3E4807F0D4FD22460021B8
:1060E000A86907F09BFE204607F0CCFD304807F07A
:1060F000C9FD09F1010912F0C5F85FFA89F6B0424D
:106100007FF699AA029F002F94D1F5009EE7002404
:10611000334B3C70DC60FDF763FD0122314BBA70FC
:106120001C700FE4681C07F011FF03461F4AC3F3FD
:106130000A0301211E48536307F036FDFFF77BBABF
:10614000681C07F003FF0346184AC3F30A03012142
:106150001748936307F028FDFFF76DBA681C07F036
:10616000D1FE1F4B9861FFF7EDBB00221C4B9A60DC
:10617000FFF7E8BB00233B71FFF7E4BB1A4807F0C9
:1061800081FDFFF758BA09F081F8FFF7DBBB00206B
:1061900001F06CFBFFF7D6BB13F0BEFFFFF7A5BB0A
:1061A000CC670120C857012094D4010810000320B7
:1061B00050AE01086CD4010804D5010888550120AF
:1061C00050D5010870D5010884D5010888D501088B
:1061D0008CD5010808E2010854D4010890D50108C3
:1061E000F827032092000320C8D50108024A034B78
:1061F00010801980704700BF640003201A3A032002
:10620000F8B500254FF400770E46384B384AC3E9FD
:106210000055C3E90255374B37491D80374B17806E
:106220001D80374BB5221D80364B04461D70364B02
:1062300036481D7013F00AFF2946344D3B2205F104
:10624000B50013F061FE002E4AD0204605F2FF1380
:10625000344410F8012BA04203F8012FF9D1002299
:1062600006F500702A4B80B2B0F5805FC3E90022CA
:1062700007D0264BC6F56062002192B2184413F095
:1062800043FE0024234B4FF48062214622481C70B9
:1062900013F03AFE214A224B1588224665F30F047B
:1062A00065F30F0203F5905065F31F4465F31F4239
:1062B000C3E9004208339842FAD10325002218218D
:1062C000184B2E241D70184B40201A702022174B9B
:1062D0001980174B17491C80174B08701A70F8BDAE
:1062E0000B4B3846C3E90066C3E700BF743A03208E
:1062F000683A0320843A032008D601086A3A03204A
:10630000243A0320213A0320203A0320D00B022014
:106310006C3A0320193A0320D00702201A3A0320CE
:10632000D0770120680003201C3A03206C00032072
:106330006A0003206700032066000320014B1878E1
:10634000704700BF183A032001220249024B08603F
:106350001A707047143A0320183A03200022014BA8
:106360001A707047183A03202DE9F04F3D493E4B13
:106370003E4A91F800801B7892F8009089B0B8F1FD
:10638000000F6CD003FB08FE394A03FB0EF01288A5
:1063900038490392384AB1F800A01D4600214FEA5F
:1063A0004E0E4FEA400BA2EB4304B9F1000F08D1A7
:1063B000013188B2804541D9013188B28045F7D892
:1063C0003CE00592084622460146069000275046CA
:1063D000EC1A049402EB450C0792284CCA08A25C04
:1063E00001F00704E24012F0010F039A14BF0446C3
:1063F0001446A3B16646DDF810A0CDF808C0B44637
:10640000002201329342ACF80040F444F9D10AF181
:10641000010AAA4506F10206F1D1DDF808C00137EC
:10642000BAB291454144DC44D7D88246DDE9060240
:10643000013081B241451D44C6D3059A18FB03F8CB
:106440001FFA88F80E490F48009203FB09F34246F1
:106450000988008805F04AFA09B0BDE8F08F064ABD
:10646000F0E700BF670003206800032066000320F8
:106470001A3A032064000320D0770120D0070220BD
:106480006A0003206C00032000212DE9F04F744BBB
:10649000744A93F820308BB0023B1180042B06D84D
:1064A000DFE803F04E5155034B00802313806E4903
:1064B0000B68C31A102B09D96C4C23780BB1013B24
:1064C00023706B4C2378002B34D1086040F6FE73A8
:1064D000684C27889F4227D8674B1D88B5F5805F99
:1064E00022D26649664ECB195B78C95D43EA012327
:1064F000194603F47040B0F5004F1BB2318000F034
:10650000DD8228D8B0F5804F00F07E813FD8B0F50D
:10651000005F00F0398300F22A83002800F07D81BB
:10652000C3F30B03238002E00022564B1A700BB01A
:10653000BDE8F08F013B2370C7E740231380B6E727
:1065400020231380B3E74FF480731380AFE74FF439
:1065500000731380ABE7B0F5404F00F024832FD8D1
:10656000B0F5204F00F0FC82B0F5304F00F03C81D8
:10657000B0F5104FD8D1444BC1F30322C1F303113E
:106580009A5C5B5C9A4216D00237BFB213E0B0F55A
:10659000C04F00F0CC82B0F5E04F00F02C81B0F598
:1065A000A04FC1D1384AC3F30321C3F30313515C95
:1065B000D35C9942E8D0023727800BB0BDE8F08F5A
:1065C000B0F5604F00F0BA82B0F5704F00F0748102
:1065D000B0F5504FA8D12C4AC1F3032012F800A007
:1065E0004FF0000C1046294FC1F30311525C03F029
:1065F0000F063B78069280F80FC0002B00F0438214
:10660000002E00F0E082082300221FFA86F903938F
:1066100007931F49079B097853448B4200F3D082AC
:106620001C4B06991B7849449942D4BF002301238F
:1066300002930027002A14BF4FF400438023BB4677
:106640000493CDF824A0B9F1100F00F02D820B4B6C
:106650001D4415F807800025099ECDF820906FE0B5
:1066600070000320223A0320143A0320203A03202A
:10667000213A0320683A03206A3A0320D00B022013
:10668000843A0320183A0320743A0320193A03206D
:106690006700032066000320BB4B069A1978BB4BAA
:1066A0003A441B78B2FBF1FCB6FBF3F04FF0010A61
:1066B00001FB1C2203FB106003FB0203DFF8E892DE
:1066C0004FEAD30E19F80E1003F0070321FA03FB6B
:1066D0001BF0010F059218BFAD4A0AFA03FC5FFADE
:1066E0008CFC18BF82F80FA0029A0CBF41EA0C0183
:1066F00021EA0C0109F80E10002A00F0D281D940DD
:10670000CB0754BFA34BA44B059A1B88A349009306
:10671000A34B09881B784FF0010B12FB03F210FB0F
:1067200003F011449F4A89B21288104480B21A467D
:1067300005F068F8039B01359D4206F101064AD039
:10674000049B2B4113EA080FA6D1029B002BF1D129
:106750008D4B19788D4B1A78069B3B44B3FBF1F0B7
:1067600001FB103096FBF2F302FB136302FB0033D4
:106770008D49DA08895C03F00703D940C90754BF83
:10678000844B854BB3F800C0854B19780029D1D0D4
:10679000079B15FB01F911FB03F211FB07F313FB38
:1067A00002935000814A09EB010A02EB430E724644
:1067B000002301338B42A2F800C00244F9D109F151
:1067C0000109D1450EF1020EF1D1039B01359D4225
:1067D00006F10106B4D1DDF8209001374F4500F0F5
:1067E0009981734B1D882EE7694AC3F30B03127816
:1067F000134423809BE66648C3F30321425C0237BF
:1068000013442780435492E66149C3F303228A5C10
:10681000DBB29A427FF4B8AECDE6DAB2012A3FF499
:10682000CAAEE03A91B21F2900F2C4801F2A00F2DA
:10683000C18001A151F822F0F36E0008B56900088B
:10684000B5690008B5690008B5690008B5690008B0
:10685000B5690008B5690008B5690008B5690008A0
:10686000B5690008B5690008B5690008B569000890
:10687000D16E0008B5690008B5690008B56900085F
:10688000B5690008B5690008B5690008B569000870
:10689000B5690008B5690008B5690008B569000860
:1068A000B5690008056E0008916C000829650008AC
:1068B000256C00088B6D0008DBB2332B00F393814D
:1068C000062B7FF731AE073B2C2B3FF62DAE01A0F8
:1068D00050F823F0DD7100082965000829650008DB
:1068E0003970000829650008296500082965000835
:1068F0002965000829650008296500082965000840
:106900002965000829650008296500082570000828
:1069100029650008296500086572000829650008D6
:10692000296500082965000829650008296500080F
:106930004F720008296500082965000829650008CC
:1069400029650008296500082965000829650008EF
:1069500029650008296500082965000837720008C4
:1069600029650008296500082965000829650008CF
:1069700029650008296500081B72000829650008C0
:106980002965000873710008660003206700032072
:10699000743A03201A3A0320640003206A0003209B
:1069A000680003206C000320D0070220D07701206C
:1069B0006A3A032003F0F002C02A00F06983D02A6B
:1069C0007FF4B2ADA34A03F00F031278002A54D02B
:1069D00000254FF0010B9C469F4902FB03F991F8FB
:1069E00000A0AAEB030802FB08F1E24528DD2F46D0
:1069F000CE46CDE902CCCDE9041598484FEADE0336
:106A0000C35CF90810F801C018460EF0070607F03D
:106A100007030BFA03F320FA06F6DBB2F00743EAAA
:106A20000C0558BF2CEA03058C4B96445D54029B21
:106A3000174401339A450293DFD1DDE903C1059D77
:106A4000904513DA0B46464684484FEAD30E10F8B9
:106A50000E0003F007070BFA07F720EA07070136D5
:106A60007E48964200F80E701344EDD101359542F0
:106A700001F1010109F10109B7D1FFF775FC238884
:106A80000233238053E5764BC0221B882E210093CE
:106A90001820602304F0B6FE01233B70714B1D8863
:106AA000AEE54FF0010B68E66F4B05EB47055A1951
:106AB00092F801805B5D48EA0328CCE5C1F303222C
:106AC00003F00F031546C1F303100E2B3FF62CAD58
:106AD00001A656F823F000BF1770000805700008E3
:106AE000F36F0008E16F0008C16F0008776F0008BE
:106AF000616F0008436F00082965000829650008D8
:106B0000296500082965000829650008296500082D
:106B10002F6F0008DDF824A0BBF1000F03D0029B0B
:106B2000002B00F04981238802332380FFE44F4982
:106B3000C3F3032202378B542780F8E4DBB29E2B89
:106B400047D0A12B7FF4F0AC4848C1F30321138850
:106B5000425C1341DB073FF52EAD04372780E6E4A6
:106B6000404AC3F30B03023713802780DFE4B0F5FC
:106B7000405F7FF4D9AC3D49C3F303228A5CDBB2AA
:106B80009A427FF418ADFFE439493A480A8820F860
:106B90001270013292B21F2A0A807FF6C1AC002126
:106BA000354A1170BCE405F015F833882F4DC3F356
:106BB000032100EA030223886A5402332380B6E4E7
:106BC0000123029335E5102301229946039307938D
:106BD0001FE52648C1F303211388425C1341DA07FD
:106BE0007FF5E9ACB9E7752B00F0EF8200F3BF80C9
:106BF000552B00F0FD82652B7FF496ACC1F3032684
:106C0000AB19B3F5805FBFF68FAC174B721C5919E7
:106C1000164813F01BFA0135124B2E4402371E8022
:106C2000278084E4032000231821144A20251070B3
:106C30002E20402202372780114C2370114C2370E4
:106C4000114B054C19801149024B257008801A70B0
:106C50006DE400BF6700032066000320D007022018
:106C60001A3A03206A3A0320D00B0220743A032018
:106C7000243A0320283A0320183A0320680003200E
:106C8000193A03201C3A03206C0003206A000320F9
:106C9000BC4BBD4A1B7892F800A0002B0CBF4FF0F4
:106CA000020C4FF0040CBAF1000F3FF4E6AE0025E1
:106CB000B64B4FF001091E78DFF8D4E2A6EB0C07C3
:106CC000B0463B4637462E46002B4ADD70462A46E4
:106CD000CDE90237CDE904CACDE906850CEB050103
:106CE00003EB050BD3081EF80350CF0801F0070390
:106CF00002F0070A1EF8078009FA03F325FA0AF5DD
:106D0000DBB2ED0702F1010243EA080C58BF28EAA2
:106D1000030C93450EF807C001F10101E2D1DDE952
:106D20000237DDE904CADDE90685BB4280F246820E
:106D30000246594602934FEAD10B12F80B3001F08C
:106D4000070009FA00F0013123EA0003414502F887
:106D50000B30F0D1029B0136B245B8443D44B3D16B
:106D60008BE6BB42F7DA8A4A03EB050BE1E7852B9A
:106D70007FF4DAABC1F30322864887490132023738
:106D800013F064F92780FFF7D2BB0123382583482D
:106D9000023703708248278005800020802440222B
:106DA0008049814D0870794977480C7075492A806F
:106DB00002700B70FFF7BBBB744B1A78724BBAFBB7
:106DC000F2F11B7802FB11A00699B1FBF3F203FB71
:106DD0001211724B1A7812FB07F311FB02F110FB30
:106DE00002F012FB05F2704D9BB22D8892B229443D
:106DF0006B4D89B22D8828446C4D80B2009504F00B
:106E000075FD90E65F4B604A1B7892F800A0002B5E
:106E10000CBF4FF0020C4FF0040CBAF1000F3FF41E
:106E20002CAE4FF001090022584B0CF1FF3793F8BC
:106E30000080A9EB0C0B08F1FF33A3EB0C0E544BB5
:106E4000E0450BEB070640D97046CDE9028CCDE951
:106E500004260CEB0E01CDF818A0CA089D5CC608EC
:106E600000F0070201F0070A13F8068009FA02F29F
:106E700025FA0AF5D2B2ED0701F1FF3142EA080C1A
:106E800058BF28EA020C8F4203F806C000F1FF3019
:106E9000E3D1DDE903C2DDE9056A4FEAD60813F85C
:106EA000080006F0070509FA05F520EA0500B742D3
:106EB00003F8080006F10106EFD1DDF80880013281
:106EC00052454744C644BBD1D7E5CDF80880E4E736
:106ED000374A1388013B9BB21F2B138002D9002134
:106EE000344A1170344A32F8133002332380FFF7EA
:106EF0001EBB4FF480620021254813F005F823499A
:106F0000264A214B087812781B78274902FB03F3A5
:106F100000FB02F229480988008800902048008878
:106F200004F070FC238802332380FFF700BB194A6A
:106F30000237135C27805900DB095155D373FFF7E3
:106F4000F6BA144B0237185C995C27808142A0EB9B
:106F500001048CBF002101219C54D973FFF7E7BACB
:106F60000C4A0237135C2780590803F0010351557E
:106F7000D373FFF7DCBA074B0237195C2780985CA4
:106F8000E4E700BF1C3A03206600032067000320EB
:106F9000D0070220743A03206C3A032068000320D3
:106FA0006C000320193A03206A000320D0770120E7
:106FB000243A0320183A0320283A03201A3A0320DF
:106FC000AD4B0237195C985C27800C18C0F1FF00AC
:106FD0008142D4BF002101219C54D973FFF7A7BA85
:106FE000A54B0237195C985C278041409954FFF704
:106FF0009EBAA14B0237195C985C278001409954D6
:10700000FFF795BA9C4B0237195C985C27800143C7
:107010009954FFF78CBA984B0237195C2780995422
:10702000FFF785BA944AC1F30321525C934B0237B0
:107030001A702780FFF77BBA0020914DB2F80080CC
:107040004FF0010E84462A8805E04FF0010CB2B2E1
:107050000130102815D048FA00F30EFA00F613F0AC
:10706000010346EA0206F0D142FA00F6F607EFD530
:107070002B80814BC1F30321023727805854FFF73F
:1070800056BABCF1000F3FF452AA2A80FFF74FBA5C
:107090007C4A03F00F05117800293FF4EEAC7A4BDF
:1070A0006A1E1B7800205B1B5F1E1A44002F01FB29
:1070B00002F201FB07F62EDB744B9446B046BB464A
:1070C000CDE9025204904FF001094FEAD80E13F8AF
:1070D0000E500CF0070E4FEADC0209FA0EFE08F023
:1070E0000709985C25FA09F95FFA8EFE19F0010F7D
:1070F0000BF1FF3B40EA0E0A08BF20EA0E0ABBF183
:10710000FF3F03F802A0A8EB0108ACEB010CDAD1B9
:10711000DDE9025204980DB34FF0010A5B4B84463F
:107120004FF0000E4FEADC0913F809800CF0070B52
:107130000EF1010E0AFA0BFB28EA0B08754503F85D
:1071400009808C44EED10130814206F1010602F142
:1071500001023FF492AC002FAFDAE0E70130814248
:1071600006F1010602F101023FF487AC002FA3DA19
:10717000F4E705F1020CBCF5805FBFF6D5A9023734
:10718000278064243C4BC1F303215A5C0A20B2FBE4
:10719000F4F33F4E735504FB1323DBB2B2FBF0F262
:1071A000B3FBF0F400FB1433B2FBF0F400FB142249
:1071B00071194A7006F80C30FFF7B9B90136564517
:1071C000B8443D447FF483AD57E4C1F30322013258
:1071D0002949304812F03AFFFFF7EDB9274A264B0C
:1071E0001278C1F3032102375A542780FFF79FB961
:1071F000C1F30326AB19B3F5805FBFF695A9244B05
:107200001D495819721C12F021FF0135224B7119CA
:10721000023719802780FFF78AB9174BC1F3032182
:107220005B5C1D4A03EB83035B0002375033138022
:107230002780FFF77CB9104BC1F303215B5C164A32
:10724000023703EB830313802780FFF770B90A4BE3
:10725000C1F303215B5C104A02372B442780138063
:10726000FFF765B9044AC1F30321525C0B4B0237A7
:107270001A702780FFF75BB9743A0320213A032084
:107280001E3A03206700032066000320D007022077
:10729000D00B02206C3A03206A3A0320203A0320E4
:1072A000704700BF91B14FF0FF3210B4084C014459
:1072B00010F8013B5340DBB254F82330884283EA94
:1072C0001222F5D1D0435DF8044B70470846704751
:1072D000F0010208704700BF704700BF0022014B59
:1072E0001A6070478C3A0320034B1B689B7C03B9E0
:1072F000704701F0A9BC00BF2001032000207047A7
:10730000024A136801331360704700BF8C3A0320B0
:10731000024A136801331360704700BF883A0320A4
:10732000002010F0C5BD00BF002010F0C1BD00BF9F
:10733000704700BF704700BF124B1B68198901B32B
:1073400010B400245B68104A03EB411CD3E9000130
:10735000C2E90001986899699061D868203350614A
:1073600053F8100C6345C2E9024053F80C0C02F1CB
:10737000740242F8100C42F8041CE7D15DF8044B8B
:107380007047704720010320903A032070B5002415
:107390000E4B01211B680E4A9D7C0E4B2D1B18BF06
:1073A00001256D4203F54B761170EDB218460822A7
:1073B000294612F0A9FD03467433B342C0E91144D3
:1073C000F4D1BDE87040FFF7B7BF00BF2001032034
:1073D00092000320B43A032050B3164B1A6882423D
:1073E00026D02DE9F041857C0122003D18BF012502
:1073F0000024114E186096F80080104B6D4203F582
:107400004B775FFA88F83270EDB2184608222946A9
:1074100012F07AFD03467433BB42C0E91144F4D143
:10742000FFF78AFFFCF76CFC86F80080BDE8F0816E
:10743000704700BF2001032092000320B43A0320CC
:1074400000293CD0F0B5784B83B01D68AF7C6FB994
:1074500006462C8A44B1EB6803EBC40C1C68B442AA
:107460000FD008336345F9D103B0F0BDC0F3074333
:10747000EF2B4FEA1024C0F31126EAD86B4E2640BA
:10748000E7E71C79E7B1B6F56F4F49D04FF6D45313
:107490009E426CD04FF602739E4200F0B3800F2CD8
:1074A00010D12B681046DB6F00929847009A137832
:1074B00003F00303032BD7D05D4B1883D4E7704749
:1074C000082C3BD02B68104603EBC4035B6898473D
:1074D000102CC9D801A353F824F000BF91750008FF
:1074E000C5750008CB750008D1750008D775000870
:1074F000DD750008E3750008E9750008EF75000800
:10750000A9750008B1750008B9750008BF750008B5
:107510009D750008A3750008B974000897750008E8
:10752000C0F30720132866D05A289DD12B68104637
:107530005B6D98473E4AC3B2D37595E72B681046FA
:107540005B6C0091019298470099394CC0B20129B7
:10755000207389D0019A1046FCF76CFA84F8200059
:1075600094F8200003B0BDE8F04001F0F5BFC3B2CD
:10757000212B50D05A2B7FF477AF2B681046DB6C51
:107580009847C3B2032B3FF46FAF294A93756BE75B
:10759000274B588068E7264BD88365E7244B188231
:1075A00062E7234B98835FE7214BC0B298755BE796
:1075B0001F4BC0B2D87557E71D4B588354E71C4B7F
:1075C000588251E71A4B18804EE7194BD8804BE789
:1075D000174B988048E7164B988245E7144B588123
:1075E00042E7134B18813FE7114BD8813CE7104B22
:1075F000C0B2187338E72B681046DB6A98470C4B0B
:10760000588131E71046FCF72BFA094B83F820002C
:1076100093F82000A6E72B6810465B6F9847044A52
:10762000C3B2938320E700BF2001032000FF0300C3
:1076300070000320314B1B78002B5DD12DE9F04702
:10764000DFF8C49003F0FF05D9F8003082B01B8941
:10765000002B4ED02A4C0646A4F12407C4F10008A2
:1076600008E0D9F8003001351A89ABB29A4204F12A
:1076700074043ED9A36C226CF31A9342F1D3B4F98B
:107680004C3008EB040A0AF1240000EBE300002B65
:10769000384408DBB4F8443002225BBA01A9ADF8E3
:1076A000043006F097FCB4F94E30002B4FEAE301AA
:1076B00011DB2046FFF7F6FDB4F94E300190002BA8
:1076C0000AF12400B8BF073300EBE300042201A94C
:1076D000384406F07FFC0B4B21461B68A4F12400C4
:1076E00044F8143CFCF778FB636CA66401336364D4
:1076F000B7E702B0BDE8F087704700BF92000320F3
:10770000B43A032010000320200103202DE9F041AA
:107710000446234D01302B68224F1B681E6806F07B
:1077200015FC2049B0472B68201D1B681E6906F018
:107730000DFC07F17401B0472B68E01D1B681E6A41
:1077400006F004FC07F1E801B0472B6804F10A00D9
:107750001B689E6A06F0FAFB07F5AE71B0472B680E
:1077600004F10D001B689E6B06F0CCFB07F5E87179
:10777000B0472B6804F10F001B681E6D06F0C2FBBA
:1077800007F51171B0472B6804F111001B681C6EDE
:1077900006F0B8FB234607F52E71BDE8F041184707
:1077A00020010320B43A032010B504460B4806F02C
:1077B00069FAE06806F07CFA206906F079FA6069F7
:1077C00006F076FAA06906F073FA054B986806F0A1
:1077D0006FFABDE81040034806F054BAC0D601085D
:1077E0007401032050AE010838B505460C461C480C
:1077F00006F048FA1B4B986806F05AFA286806F01B
:1078000057FA686806F054FAA86806F051FAE86872
:1078100006F04EFA206806F04BFA606806F048FA67
:10782000A06806F045FAE06806F042FA206906F022
:107830003FFA606906F03CFAA06906F039FAE0699F
:1078400006F036FA206A06F033FA606A06F030FA7B
:10785000A06A06F02DFABDE83840034806F012BAD7
:10786000C4D601081000032050AE0108014B187067
:10787000704700BFBC3D0320074B1B78012B00D095
:10788000704710B5044606F0CFFB01462046BDE820
:10789000104006F089B900BFBC3D03202DE9F84F28
:1078A0007B4D074695F800C00E46BCF1010F90468F
:1078B0001C4600F09180DFF8F49199F80430002B19
:1078C00040F082802B78002C76D0012B00F0F080E5
:1078D000A10740F19480600700F1E081210700F1E9
:1078E000CE81E00600F1DF81A10600F194806206FE
:1078F00040F1418114F4801A00F07E82A10240F12F
:107900002982D6F800B0BBF1010F00F06B83BBF108
:10791000020F00F067834FF4801ABBF1030F03D00E
:10792000BBF1040F40F07A83640200F118823878CA
:1079300006F0B2F92B78012B00F056823868C0F3BC
:10794000C70006F0A9F92B78012B00F0B88238792E
:1079500006F0A2F92B78012B00F0A982387B06F003
:107960009BF92B78012B00F0558296F8280006F041
:1079700093F92B78012B00F05C82B268182A00F290
:10798000A281DFE812F0A001A001A001A001A001E6
:10799000A001A001A001A001A001A001A001A001DF
:1079A000A001A001A001A001A001A001A001A001CF
:1079B000A001A001A001A001012B3CD0D8F81830F3
:1079C000D9F80830BDE8F88F38463146FFF70CFF8C
:1079D0004046FFF7E9FE75E72E4806F025FB014615
:1079E0002C4806F0E1F82B78012B7FF464AF2A488D
:1079F00006F01AFB0146284806F0D6F85BE7610757
:107A000000F14C81200700F13A81E10600F14B8141
:107A1000A20640F1A38060063FF56CAF21063FF55A
:107A200069AFE0053FF566AFA1053FF563AFE2033F
:107A30003FF560AFD3E0194806F0F6FA0146174863
:107A400006F0B2F82B78D8F818204AB1012BB7D13C
:107A5000134806F0E9FA0146114806F0A5F82B781C
:107A6000D9F808204AB1012BACD10E4806F0DCFA57
:107A700001460C4806F098F82B78012BA2D10A4851
:107A800006F0D2FABDE8F84F0146074806F08CB878
:107A9000BC3D0320C8D6010800D7010860DC0108FE
:107AA00070DC01089CDC0108CCDC010874010320B7
:107AB000984806F0B9FA0146964806F075F8E207CC
:107AC0002B780AD5012B40F07B83934806F0ACFA63
:107AD0000146914806F068F82B78A2070AD5012BD9
:107AE0007FF4F9AE8D4806F09FFA01468B4806F008
:107AF0005BF82B7862070AD5012B40F0CF808848CD
:107B000006F092FA0146864806F04EF82B782207D6
:107B10000AD5012B40F0B380824806F085FA014671
:107B2000804806F041F82B78E2060AD5012B40F098
:107B3000BA807D4806F078FA01467B4806F034F8B2
:107B40002B78A2060AD5012B7FF465AF774806F0A3
:107B50006BFA0146754806F027F82B7862060AD5BD
:107B6000012B7FF4C7AE724806F05EFA01467048FA
:107B700006F01AF82B7820060AD5012B7FF4BAAE4E
:107B80006C4806F051FA01466A4806F00DF82B7869
:107B9000E1050AD5012B7FF4ADAE674806F044FA43
:107BA0000146654806F000F82B78A2050AD5012B9E
:107BB0007FF4A0AE614806F037FA01465F4805F051
:107BC000F3FF2B78E0030AD5012B7FF493AE5C48DA
:107BD00006F02AFA01465A4805F0E6FF2B7814F41D
:107BE000801A0CD0012B7FF489AE564806F01CFA9F
:107BF0004FF4801A0146534805F0D6FF2B78012B2D
:107C000040F0FA80504806F00FFA01464E4805F061
:107C1000CBFFA1022B7800F15A81012B7FF484AEB7
:107C2000494806F001FA0146474805F0BDFF6202E7
:107C30002B7840F1BA80012B746840F015824348DC
:107C400006F0F2F90146414805F0AEFF012C2B7811
:107C500000F0CC81022C00F09082032C00F099827D
:107C6000042C40F08980012B7FF461AE384806F087
:107C7000DBF90146364805F097FF2B788AE0E006ED
:107C800011D4A1063FF5C7AE60063FF533AE21061D
:107C90003FF530AEE2053FF52DAE86E72007EED486
:107CA000E10640F19581A0063FF5B5AE61063FF5CE
:107CB00021AE20063FF51EAEE1053FF51BAEA20545
:107CC0003FF518AE7EE7326972B9726962B9B2697E
:107CD000012A3FF473AEF269012A3FF46FAE326AB3
:107CE000012A40F0658169E6B269012A3FF466AE77
:107CF000F269012A3FF462AE326A012A3FF45EAEB5
:107D0000726A012A3FF45AAED8F81820002A7FF48C
:107D100057AEA5E624B0010824D7010840D70108D2
:107D200064D7010880D70108A0D70108C0D701088F
:107D3000D8D70108F4D7010810D801082CD80108B9
:107D400048D8010868D8010850AE010870D9010868
:107D5000FCD8010864027FF5EAAD4FF4801A74681C
:107D6000012C3FF4E4AD022C3FF4E1AD032C3FF4D1
:107D7000DEAD042C3FF4DBAD052C40F08481012BFB
:107D80007FF4D5ADA64806F04FF90146A44805F0AA
:107D90000BFF2B78012B7FF4CAADA24806F044F903
:107DA0000146A04805F000FF2B78BAF1000F0AD079
:107DB000012B7FF4BCAD9C4806F036F901469A4889
:107DC00005F0F2FE2B78012B7FF4B1AD974806F059
:107DD0002BF90146954805F0E7FE387805F05CFF81
:107DE0002B78012B7FF4AAAD914806F01DF90146CE
:107DF0008F4805F0D9FEA1E5A0027FF595ADD6F834
:107E000000B0BBF1010F3FF48FADBBF1020F7FF467
:107E100084AD89E5874806F007F90146854805F0F5
:107E2000C3FE96F8280005F037FF2B78012B7FF46E
:107E3000A4AD7C4806F0F8F801467A4805F0B4FE97
:107E4000BB6853B12B78012B7FF497AD7A4806F0CD
:107E5000EBF80146784805F0A7FE2B78012B7FF45C
:107E60008CAD764806F0E0F80146744805F09CFEBB
:107E7000B2682B78182A52D8DFE812F06801510056
:107E80005100510051005100510051005D0151005D
:107E90005100510051005100510051005201510058
:107EA00051005100510051005100510047016448F8
:107EB00006F0BAF80146624805F076FE4EE56148E4
:107EC00006F0B2F801465F4805F06EFE3FE5012B73
:107ED000D6F800B095D15C4806F0A6F801465A489D
:107EE00005F062FEBBF1010F2B7800F08B80BBF137
:107EF000020F00F03681BBF1030F00F05681BBF199
:107F0000040F40F06A81012B7FF40EAD4F4806F05C
:107F10008BF801464D4805F047FE2B787DE6012B96
:107F20007FF4D1AE4A4806F07FF80146484805F094
:107F30003BFE2B78012B7FF4C6AE3A4806F074F86E
:107F40000146384805F030FEF2682B7852B1012B1B
:107F50007FF4B9AE3F4806F067F801463D4805F0AA
:107F600023FE2B78326952B1012B7FF4BDAE3A4823
:107F700006F05AF80146384805F016FE2B7872696B
:107F800052B1012B7FF4B0AE344806F04DF80146F3
:107F9000324805F009FE2B78B269012A00F09D8075
:107FA000F269012A00F08D80326A012A00F0A18076
:107FB000726A012A7FF447AD012B7FF4FFAC284899
:107FC00006F032F80146264805F0EEFD2B783AE53A
:107FD000A0063FF520AD61063FF58CAC22063FF5CB
:107FE00089ACD5E562023FF5B8AEA0E4012B7FF481
:107FF0009EAC1C4806F018F801461A4805F0D4FD5E
:108000002B78C7E6012B7FF48FAC164806F00CF8EE
:108010000146144805F0C8FD2B78FEE584E400BF56
:1080200018D9010850AE010894D90108B0D9010847
:1080300038AE0108E8D90108F4D901082CDA0108A2
:10804000D8D90108C0D9010884D80108FCD8010892
:10805000DCDA0108F8DA010820DB010870DB01082E
:1080600038DC0108A8D80108012C3FF460AC022CD0
:108070003FF45DAC032C3FF45AAC042C3FF457ACF6
:10808000052C3FF454AC062C2B780BD1012B7FF43C
:108090004EAC684805F0C8FF0146664805F084FD0F
:1080A0002B7877E6072C7FF475AE012B7FF43FAC7D
:1080B000614805F0B9FF01465F4805F075FD2B7872
:1080C00068E6012B7FF47AAC5C4805F0ADFF014611
:1080D0005A4805F069FD2B7866E7012B7FF46EACFA
:1080E000574805F0A1FF0146554805F05DFD2B7886
:1080F00056E7012B7FF462AC524805F095FF01462C
:10810000504805F051FD2B7852E7012B7FF4DBAD91
:108110004D4805F089FF01464B4805F045FD08E74D
:10812000012B7FF4D0AD494805F07EFF014647485A
:1081300005F03AFDFDE6012B7FF4C5AD444805F09E
:1081400073FF0146424805F02FFDF2E6012B7FF454
:10815000BAAD404805F068FF01463E4805F024FDF1
:10816000E7E6012B7FF4E0AB3B4805F05DFF0146FD
:10817000394805F019FD2B784FE5012B7FF4D7AB7B
:10818000354805F051FF0146334805F00DFD2B78C9
:1081900000E6012B7FF4CBAB304805F045FF0146EC
:1081A0002E4805F001FD2B78F4E5012B7FF4BCABE4
:1081B0002A4805F039FF0146284805F0F5FCACE6F1
:1081C000A0077FF51CAC60073FF568AD21073FF5C0
:1081D00056ADE2063FF567ADB3E4BBF1050F0AD13A
:1081E000012B7FF4A1AB1E4805F01EFF01461C4881
:1081F00005F0DAFC91E6BBF1060F0BD1012B7FF401
:1082000093AB0C4805F010FF01460A4805F0CCFC82
:108210002B7802E5BBF1070F7FF4FFAC012B7FF455
:1082200083AB054805F000FF0146034805F0BCFCA0
:1082300073E600BF34D9010850D90108CCDB01082E
:1082400094DB010804DC0108B8DA010898DA0108B7
:108250006CDA010840DA0108C4D80108E0D8010846
:1082600018D9010838B50446054B064D1A60296037
:1082700000F026F8204605F085FA002038BD00BF42
:10828000C03D0320C43D032005F09CBA00B50A4B55
:1082900083B01B6805F0CCFA012801D003B000BD03
:1082A000002206490223096808681146009210F06E
:1082B000FBFB03B000BD00BFC03D0320C43D032055
:1082C00000B583B0102001A900F046F908B903B049
:1082D00000BD0021102000F027F9003818BF012050
:1082E00003B000BD00B583B0102001A900F034F93F
:1082F00020B90146019820B903B000BD012003B0A8
:1083000000BD102000F010F9003818BF012003B0A4
:1083100000BD00BF70B5002682B004460D46102097
:1083200001A9019600F018F910B9019BA34202D8E7
:10833000012002B070BD04F11100294680B200F0A6
:108340000BF9801B18BF012002B070BD002210B5D0
:10835000114B82B01B78019213B9184602B010BDC0
:10836000044601A9102000F0F7F840B90198113037
:10837000FF2804D8214680B200F0D6F818B10123B6
:10838000184602B010BD01991020013100F0CCF860
:10839000031E18BF0123E0E793000320014608B540
:1083A000102000F0D9F8003818BF012008BD00BF28
:1083B000422804D0432807D044280BD070470A46EF
:1083C0000748202107F01ABF0A4606484FF400511B
:1083D00007F014BF0A460448012107F00FBF00BF91
:1083E000000402420008024200000242422804D077
:1083F000432807D044280BD070470A4607488021FD
:1084000007F0FCBE0A4606484FF4804107F0F6BE6E
:108410000A4603484FF4004107F0F0BE0004024250
:108420000008024210B5044620212246074807F002
:10843000E5FE22464FF40051054807F0DFFE2246D4
:10844000BDE810400121034807F0D8BE00040242F5
:10845000000802420000024210B504468021224674
:10846000084807F0CBFE22464FF48041064807F04B
:10847000C5FE2246BDE810404FF40041024807F017
:10848000BDBE00BF000402420008024208B500223F
:108490008021124807F0B2FE00224FF480411048BC
:1084A00007F0ACFE00224FF400410D4807F0A6FE95
:1084B0000A200EF071FB01222021084807F09EFEE1
:1084C00001224FF40051064807F098FEBDE808402D
:1084D00001220448114607F091BE00BF0004024289
:1084E00000080242000002424FF4007108B5034840
:1084F00007F07EFEB0FA80F0400908BD000002429D
:1085000010B507F0DFF900200DF0D8F8044618B9CF
:1085100007F0ECF9204610BD00200CF09DFC07F0A0
:10852000E5F9204610BD00BF38B504460D4607F0FA
:10853000C9F9204629460DF069FBC305044603D45A
:1085400007F0D4F9204638BD0CF060FD0443A4B216
:1085500007F0CCF9204638BD0CF0BABE84462DE9B0
:10856000F8430CF50055104695F827210CF580547A
:108570000F461E46B4F89210B4F8943072B3002936
:1085800040F08E80072B40F2A0803E2B40F2B98055
:108590004FF04008B3F5805F4246C1465FD21B0AE8
:1085A00043F010030370B4F894300CF58451437019
:1085B000023A1C31023005F00DFD01220223A8F120
:1085C000020887F80090A4F89280A5F81C2184F88E
:1085D00091300120C4F89860BDE8F883B1B3072258
:1085E0004FF008085B1A1FFA83F9B5F81C31914562
:1085F00003F00F0343F0200300F8013BB4F892307E
:1086000003F5845303F11C030CEB03014CD905F073
:10861000E1FC87F80080B4F89230B5F81C21013BEA
:108620009844A4F8928095F822313BB1B2FBF3F163
:1086300003FB112313B9022384F891300132A5F80A
:108640001C210120C4F89860BDE8F883072B3CD9B1
:108650004FF00808B3F5805F4246C1469FD3102310
:108660000360B4F894300CF584511B0A0371B4F81C
:108670009430063A43711C31063005F0ABFC012200
:108680000223A8F1060887F80090A4F89280A5F8C4
:108690001C2184F891300120C4F89860BDE8F8836B
:1086A0003F224FF040089DE74A4605F093FC032324
:1086B00009F101023A7084F89130B4F89230B5F8BB
:1086C0001C219944A4F89290B8E700F8013B0CF5FE
:1086D0008451B4F894201C3105F07CFC0121032264
:1086E000B4F894300B443B70B4F894300120A4F8F3
:1086F0009230A5F81C1184F89120C4F89860BDE868
:10870000F8830170B4F894300CF584514370B4F8D8
:1087100094201C31023005F05DFCB4F89430012146
:1087200003220233DFE700BF70B500240E4600F5D8
:1087300080530470C0F8024004738460C3F8924010
:10874000C3F89840A3F88E40A3F8904000F500537A
:10875000054621464FF48452C3E94744C3F82861D3
:10876000C3F824410D3011F0CFFB4FF48452A81808
:108770002146BDE870401C3011F0C6BBF0B591B089
:10878000169D0446856019B3964612788C461009EA
:1087900003281DD8DFE800F0024C7A22003B18BF06
:1087A000012304F5005282F82631237823B10621F3
:1087B000002382F8241123709EF80050BCF1080FAA
:1087C00005F00F0500F2D1800123002D40F0D68086
:1087D000237B012B00F0A78011B0F0BD04F580577A
:1087E00097F8911002F00F0204F500564B1E012A73
:1087F00086F82121DBB200F00B81022A00F0118102
:10880000002A40F0FB80BCF1010F00F01E819EF8B1
:108810000130BCF1020F86F8223101D09EF802200F
:10882000022986F82321D3D1012387F89130CFE79D
:10883000003B18BF012304F5005686F82631227844
:1088400022B1062286F8242100222270BCF1070FF3
:10885000BED99EF800209EF8010002F00F010143EE
:1088600040F09C80DEF8022012BA072AB0D9B2F597
:10887000845F40F2F0800222072086F81E2186F8ED
:108880002401217096F81F21322159E02378012B11
:108890009ED104F58057B7F88E1002F00F0201F058
:1088A0000F039A4240F0A2806088A38897F8902036
:1088B0001B1A9BB2002A00F0BE80551EAEB29E422B
:1088C00080F0BC80944583D14A1C92B2EDB20D3049
:1088D000A7F88E200EF101012A46204405F07AFB0C
:1088E0006388A2882B449BB29A42638000F0B080D8
:1088F00004F5005696F81F21002A3FF469AFB7F837
:108900008E30013B93FBF2F102FB1133002B7FF41D
:108910005FAF96F8263196F81E11003B18BF012371
:1089200041F030010CE004F5005696F8263196F837
:108930001E11003B18BF012396F81F2141F03001A2
:1089400000208DF8012003228DF8001096F82011E8
:108950002073D6F828015B058DF802108361694603
:10896000C260FBF739FA11B0F0BD002D7FF430AFD3
:108970009EF801500223002D3FF42AAFACEB030117
:108980008D423FF725AF0EEB03012A4604F10D009F
:1089900005F020FB02236580237019E7120202F420
:1089A00070620243072A7FF613AF02210B46ACEB3D
:1089B0000303DDB204F58057A28071442A4687F88C
:1089C00090C004F10D0005F005FB01230022658035
:1089D000237086F81E21A7F88E3096F826313021B4
:1089E000003B18BF012396F81F21A9E704210023AB
:1089F00004F5005282F824112370E9E6012B3FF6BA
:108A0000E7AE0522032386F8252187F89130DFE6BB
:108A1000012B3FF6DDAE0223C7F8985087F891305E
:108A2000D6E6012B3FF6D4AE0822032386F8252193
:108A300087F89130CCE6072B3FF6CAAE9C457FF60F
:108A4000C7AE4A1C92B2DDB241E786F82221E7E6C2
:108A500002232370BCE606210B46A8E70378012B0E
:108A600001D0002070478268064B891A9942F8DDD0
:108A70000321002300F5005282F824110370002026
:108A8000704700BF400D03002DE9F04100F580550F
:108A9000144695F8912092B0561E012E05D9032A4E
:108AA0000ED0002012B0BDE8F081D5F89830394ED4
:108AB000CB1AB3420BD9022300F5005080F82531C0
:108AC0000023012085F8913012B0BDE8F081012A21
:108AD000E7D100F5005696F9237196F82321002F6F
:108AE00005DA0F32D2B2082A8CBF7F2201229A42C5
:108AF000D7D80B4602AA0DF10701FFF72FFD9DF80D
:108B00000780B8F1080F38D9B8F10C0F37D9B8F190
:108B1000100F36D9B8F1140F35D9B8F1180F34D970
:108B2000B8F1200F33D9B8F1310F34BF0E270F271A
:108B3000384605F043FA80450AD2A0EB0802013A14
:108B4000D2B202AB0021013203EB080011F0DCF9D4
:108B5000E76096F82731003B18BF01235B05A3614E
:108B600002E0012005F06CFA204602A9FBF734F977
:108B70000028F6D195F8912091E74746D8E70927D4
:108B8000D6E70A27D4E70B27D2E70C27D0E70D2733
:108B9000CEE700BF400D030000F58052B2F89430DC
:108BA000B3F5845F14D892F891309BB900F5005367
:108BB00000204FF0010CA2F89200A3F81C01C2F8AB
:108BC000981093F8261183F8271182F891C0704706
:108BD000012070474FF0090C00F5005383F825C1C0
:108BE000E6E700BF830F032BC0F30D4020D0012B1D
:108BF0000ED0B3B9B0F5B97F21D01F235FFA80FC46
:108C0000000A012281F800C048708B70CA7070475A
:108C100040F263539842F0D102204FF0740C0D23C0
:108C2000EFE79128E9D10B204FF0380C0223E8E759
:108C30002928E2D102204FF07F0C0923E1E70B2025
:108C40004FF0EF0CDDE700BF2DE9F04F456893B022
:108C5000B5F1804F02D013B0BDE8F08F0668C06850
:108C6000C6F307470C4605F0A9F9EA2FC6F3072813
:108C700032D0EC2FEFD1B8F12A0FECD10728EAD986
:108C80002378102BE7D1E3793002C549A27980B26D
:108C90000143647908201B0443EA02232343002292
:108CA0004FF0FF34099123FA00F18DF821308DF84F
:108CB00022101B0C0C9007A909A8CDE90D22CDE9C3
:108CC0000F220A958DF823300B92119207948DF89C
:108CD0002040FBF781F8BEE70228BCD9B8F1FF0FAE
:108CE00023D0B8F12A0FB6D1A378617822781B047B
:108CF00043EA01231343B3F56E4F40F0C480A94A01
:108D000033029BB21A4300234FF080450824A64942
:108D100009A8CDE90A53CDE90C43CDE90E33CDE9DD
:108D200010330992FBF758F895E7A3786178227819
:108D30001B0443EA01231343B3F56E4F00F02E8169
:108D40004FF6C552934200F0CB804FF6CA62934271
:108D500081D14FF0000904A8CDF81090FFF71EFB59
:108D6000924B049AB3F81EA0012ACAF3400A4FEAB4
:108D70008A1A4AF03F0A5FFA8AF440F22981920087
:108D800002321FFA82FA8A4B0AF10601A3FB0103A1
:108D9000C91A03EB5103C3F387074FF0804385499A
:108DA0000A930991082120230C91834907AA08916D
:108DB0000DF1240B4FEA1A218DF81E10584611466A
:108DC0008DF81C301546CDE90D99CDE90F99CDF8F8
:108DD0002C90CDF844908DF81DA08DF81F70FAF7F7
:108DE000FBFF764B0993002F3FF435AFCDE9027BB3
:108DF0004FF00108A3460DF123060822FF21284663
:108E000005F0E4F8334656469A4608F1FF34C4EBC1
:108E1000C4048DF81C80A4B20195A6421ADDA3B249
:108E200043B3012B2DD0A7B2023F05A9B810CDF84E
:108E3000149007F00307FFF76DFA059806A9FFF7EE
:108E4000D1FE0DEB07031B7E05F8013FAA4504F197
:108E50000104E2D15346019D03982946B24608F128
:108E600001081E46FAF7B8FF029B5FFA88F84345EF
:108E7000C3D2F0E605F801BFAA4504F10104CED142
:108E8000E8E7FF23E0E74FF6C552934228D04FF6BC
:108E9000CA6293423FF45DAF08270022FF240A957F
:108EA0006FF0FE0506FA07F0454980B201430991CB
:108EB00023FA07F18DF821308DF822101B0C07A939
:108EC00009A8CDE90B27CDE90D22CDE90F228DF8B8
:108ED0002330119207958DF82040FAF77DFFBAE60E
:108EE000384805F0A1F800224FF080410824314DA8
:108EF000CDE90A12099505462021CDE90C42CDE9BC
:108F00000E22CDE91022304A294B0892AA1D8DF875
:108F10001C10A3FB0213D21A07A803EB520325FA75
:108F200004F10DF1240BC3F387088DF81E100746DA
:108F3000014658468DF81D508DF81F80FAF74CFFFA
:108F40001E4B0993B8F1000F3FF485AE0124DFF802
:108F500074900DF12306A4EB090A0822FF2138467C
:108F600005F034F83A46631EC3EBC3039BB2013BE2
:108F70008DF81C404B440AEB03018D4205DD13F8CC
:108F8000011F02F8011F9642F5D1013439465846B7
:108F9000E4B2FAF721FFA045DFD25CE60B4AB2E665
:108FA0002A00EC1C2A00EE180806020870000320B4
:108FB000254992242AFFEC1CFFCAFE002AFFEB1C65
:108FC0002A00E818F0050208FFC5FD002AFFEE1888
:108FD00008224FF0804316490C92099107A90846D0
:108FE0000D46FF210A93CDE90D99CDE90F99CDF8F2
:108FF0002C90CDF8449004F0E9FFFF22049B8DF8FB
:109000001C40012B8DF81D2006D0CDF81E9029465E
:1090100009A8FAF7E1FE1EE606A94846CDF8189021
:10902000FFF778F906980DF11E01FFF7DBFDEEE77B
:109030002ACAFE182DE9F043144602780646013A82
:109040001D4685B0092A11D8DFE812F01C00100077
:109050000A004E01100010000A0010002A010A0048
:10906000012900F04E817F22122101E07F2211218F
:10907000032322703278A17062702B80002005B02B
:10908000BDE8F0830229EED1412323704378637059
:10909000802BE8D801A252F823F000BF4D940008BD
:1090A0002D9400086790000867900008E594000878
:1090B000DB9400086790000867900008679000083C
:1090C000679000086790000867900008C594000842
:1090D000B594000867900008679000086790000842
:1090E00023940008679000086790000867900008C4
:1090F0006790000867900008679000086790000874
:109100006790000867900008679000086790000863
:1091100067900008679000087B940008A9940008F5
:109120000D94000867900008679000086790000899
:109130006790000867900008679000086790000833
:109140006790000867900008679000086790000823
:109150006790000867900008679000082394000853
:109160000D94000867900008679000086790000859
:1091700067900008679000086790000867900008F3
:1091800067900008679000086790000867900008E3
:109190006790000867900008679000086F940008C7
:1091A000179400086394000867900008679000080F
:1091B00067900008599400086790000867900008BD
:1091C00067900008679000086790000867900008A3
:1091D0000D9400080D94000867900008679000083F
:1091E0006790000867900008679000086790000883
:1091F0006790000867900008679000086790000873
:109200006790000867900008679000086790000862
:109210006790000867900008679000089B9400081A
:109220006790000867900008679000086790000842
:109230006790000867900008679000086790000832
:109240006790000867900008679000086790000822
:109250006790000867900008679000086790000812
:109260006790000867900008679000086790000802
:1092700067900008679000086790000867900008F2
:1092800067900008679000086790000867900008E2
:10929000679000086790000867900008179400081E
:1092A00002297FF4E0AE49232370437863700A2BD0
:1092B0003FF6D9AE01A252F823F000BF5B9300083D
:1092C000679000087B930008679000086993000886
:1092D00067900008FD9300086790000867900008F9
:1092E00067900008DF93000801297FF4BCAE01916C
:1092F000FEF7F8FF019968BB33784033237029806B
:10930000BCE602A8FFF74AF820BB029B5A1C520099
:109310002A80327863704032DBB22270002B3FF437
:10932000ADAE074604F1020904F103080CE0039B0B
:109330001A0E09F817201B0C9DF8082008F81730A2
:109340000137BA427FF69AAE384603A9FEF7E2FF2C
:109350000028ECD07F2210218AE644F25402062332
:10936000C4F802202B8089E601236249A370E01C27
:1093700004F052FE13232B8080E614230120E61C08
:10938000A07031462B80FFF7E7F8E11D054602206B
:10939000FFF7E2F8034604F10B0103201D43FFF73A
:1093A000DBF8034604F10F010420ADB21D43FFF7C3
:1093B000D3F8034604F113010520ADB245EA0304D6
:1093C000FFF7CAF8A4B244EA00039BB2002B3FF4B3
:1093D00055AE11220021304604F0F8FD4EE601237F
:1093E000E61CA37014220021304604F0EFFD304645
:1093F000414904F011FE17232B803FE67822072312
:109400003E49A271C4F802102B8037E604220023E3
:109410002A80638032E6062200232A80C4F80230C4
:109420002CE6032200232A80A37027E603A8FEF778
:10943000B5FF00285BD1039A02F07F0200230621CA
:109440002980A270E3702371637117E606222C4B0A
:109450002A80C4F8023011E6032251232A80A37027
:109460000CE604224BF635732A80638006E606225A
:10947000244B2A80C4F8023000E604232B800EF02F
:10948000FBFE214DA5FB00239B0BA3700EF0F4FE09
:10949000A5FB00539B09E370F0E506224FF08073B3
:1094A0002A80C4F80230E9E50622184B2A80C4F865
:1094B0000230E3E50322164B2A809B8AC3F307237D
:1094C000A370DBE50423124A2B809388C3F34A136D
:1094D000A3709388DB00E370D0E5032274232A8015
:1094E000A370CBE503224C232A80A370C6E500229B
:1094F000A4E700BF04DD010814DD010801123456A1
:1095000098188003A40C0001D34D621080018001E3
:1095100070000320002210B50A4C84B0CDE901226E
:109520000121094B00940A200DF0A4FF0346074ACD
:109530000749012013600DF03DFD064B186004B093
:1095400010BD00BFD83D0320CC3D0320503E03207A
:10955000FC3D03204C3E032070B51F4E82B03368A3
:10956000DBB11E4D04462B78834215D0421E052ADE
:109570002FD8DFE802F01C141603181A01233068F4
:109580008DF807300DF0BAFF30B1002301223068AA
:109590000DF107010DF0D4FF2C7002B070BD042353
:1095A000EDE70523EBE70023E9E70346E7E7023BA6
:1095B000042B0ED8DFE803F005030B09070008238E
:1095C000DDE70723DBE70923D9E70223D7E70323F6
:1095D000D5E70B23D3E700BF503E0320C83D03204F
:1095E00070B5124D82B04FF0FF3128680DF0A0FD2C
:1095F00001280446F7D10E4E30680DF093FF60B994
:109600000A238DF80730002328681A4619460DF002
:1096100035FC9DF8070002B070BD4FF0FF332246C5
:1096200030680DF107010EF073F8ECE74C3E0320B3
:10963000503E0320814204D900F17840B0F5802FDC
:1096400001D30020704701F178410139B1F5802F35
:109650002CBF002001207047814208D9B0F1005F83
:1096600005D3044881428CBF0020012070470020B0
:10967000704700BF00000420814211D9B0F1005FA3
:1096800010D31A4B994219D9194B984208D9194845
:1096900081428CBF002001207047B0F1006F15D2CD
:1096A00000207047144B98420AD8144B9842F4D9C2
:1096B000134881428CBF0020012070470120704771
:1096C000104881428CBF0020012070470E4B994208
:1096D000E6D80E4BB3F8E030B3F5007FEED00C487F
:1096E00081428CBF00200120704700BF0000042091
:1096F0003F20024040210240FFFFF90BFFFFF80B23
:109700000080F90B0002FA0B000008080005FA0BB4
:109710000000040800B58BB001A806F0CFFA059848
:10972000AA3818BF01200BB000BD00BF10B58AB029
:1097300001A806F0C3FA079810F0806001D10AB0C2
:1097400010BD0821184806F053FD50B304214FF412
:10975000C042079B019123F0806343F000630793AD
:10976000069272B606F0AEF8044606F0CBF8034651
:1097700001A81C4306F080F9E4B2044306F0E4F8C3
:10978000E4B2044306F0D2F8E4B20443E4B206F0D3
:10979000ADF862B62043C0B2003818BF01200AB04D
:1097A00010BD01200AB010BD001C024200B58BB0F4
:1097B00072B601A806F082FA04214FF40052079B0A
:1097C000019143F08063CDE9062306F07BF818B1E0
:1097D00062B601200BB000BD06F094F80028F7D166
:1097E00001A806F049F910B906F0AEF8F0E706F066
:1097F0009DF806F07BF8EBE710B58AB006F062F84A
:10980000044606F07FF8044301A806F057FA042145
:109810004FF480729DF81E30E4B2C3F3001383F05E
:1098200001031B05CDE90623019134B106F07EF852
:1098300006F05CF801200AB010BD01A806F01CF982
:109840000028F3D106F080F8044606F06FF80443D0
:1098500006F04CF8E4B22043C0B2003818BF012033
:109860000AB010BD30B58BB006F02CF8044601A844
:1098700006F024FA002380220798022110F4801FAA
:10988000CDE9033200930CBF02230123019101A80B
:109890006946029306F0A8FA054606F027F8284321
:1098A0002043C0B2003818BF01200BB030BD00BF4C
:1098B00070B506F007F805460F4C104ED4E90023AA
:1098C000B3F1FF3F08BFB2F1FF3F04F5802107D09D
:1098D000012006F075F8002818BF45F00105EDB22B
:1098E0000834B442EAD106F001F82843C0B2003887
:1098F00018BF012070BD00BF00E00308000004088D
:10990000002330B58FB0009305F0DCFF022304463E
:1099100005A8019306F0D2F90B9B042213F4801FD3
:109920004FF07C0014BF02230123694603900DEB26
:1099300002000492029306F057FA054605F0D6FF9E
:10994000054344EA0500C0B2003818BF01200FB03B
:1099500030BD00BF014608B5012006F031F80038DF
:1099600018BF012008BD00BF2DE9F041334E336818
:109970005BB1334A044612680D46927C4168101E62
:1099800018BF0120B1EB807F01D0BDE8F081A16953
:109990000029FAD1A1680029F7D1E1680829F4D893
:1099A000284908782168002A42D0274A52F82070B6
:1099B000264A52F820204A403A4201D0E5E733686F
:1099C0004FF0FF3118460DF0B3FB0128F7D1204FBF
:1099D000E26897F8D030246818013C5004302946DA
:1099E00007EB0313D4B238441C7304F0F3FA97F86E
:1099F000D020184B0132A3FB02139B0803EB430159
:109A000003EB8103D21AD2B287F8D02097F8D13075
:109A10000C2B05D897F8D1300133DBB287F8D13061
:109A2000002330681A46BDE8F04119460DF026BA09
:109A3000094A52F82070094ABBE700BFA43E032040
:109A400020010320B03E032078060208AC0602087D
:109A5000D01B02204FECC44E100602084406020838
:109A600070B53C4D3C4C2A682378927C86B0EAB1B4
:109A70003A4A03AE52F823003146C0F30F2004F0F7
:109A800091F93A222B688DF810209B7C002B5BD13A
:109A9000334B22780DF1110153F82200C0F30F204F
:109AA00004F080F900238DF8153017E02D4A03AE3D
:109AB00032F82300314604F05FF93A222B688DF822
:109AC0000F209B7C002B3DD1254B227804A933F835
:109AD000220004F051F900238DF8133002230021F5
:109AE000214C0093E288084692B216230192F0229C
:109AF00001F0C6FE05211D4BE2880093238808462D
:109B000092B29BB202F008F82B68E2889B7C009628
:109B1000002B23884FF005019BB20CBF5D20522023
:109B200092B201F0F9FF124B1B787BB12289114DE3
:109B300023880521B52000959BB292B201F0ECFF7D
:109B400006B070BD0C4BC0E70B4BA2E7E2880B4D93
:109B5000EEE700BF20010320B03E0320AC06020860
:109B60001006020844060208343F032028DD0108DD
:109B7000A800032030DD01087806020838DD01085E
:109B8000202001F001BE00BF2DE9F04F8F4B8BB0BC
:109B90001B781BB38E4C21680C2940F208811020E1
:109BA00001F006FE8B4B8C491A891B8800912168B5
:109BB0008A4892B2A0FB0150800800EBC000A1EBE4
:109BC00040010231090109209BB289B201F0A4FFD2
:109BD00000222368013323607C4B1A70DFF814A243
:109BE000DAF800000DF09EFC41F64C53984200F26A
:109BF000DB807B4B7B4A1E68A2FB063222F003030C
:109C000003EB9203F61A40F0CF80DFF8EC914FF0AF
:109C1000FF31D9F800000DF08BFA0128F7D1724B13
:109C20001B78002B00F0B680DFF8D08198F8D13097
:109C3000002B00F0AF8098F8D03098F8D1200D3389
:109C40009B1A6A4A4FEAE37C82FB0312CCEBA20C1C
:109C50000CEB4C020CEB8202A3EB020C98F8D13017
:109C6000002B00F09280CDF808C0029BDAF80000CB
:109C70009A195E4BA3FB02134FEA930B0BEB4B03BA
:109C80000BEB8303A2EB030B0DF04CFC41F64C53A2
:109C9000984200F21E81564B4FEA0B171B6858F88A
:109CA00007009C7C08EB0B1B002C00F0A98004AD86
:109CB0002946C0F30F2004F075F820228DF81420F7
:109CC0009BF80C20BAB1002421460BEB5403187901
:109CD0004B1C03F001039B0018410531294400F09F
:109CE0000F0004F091F801349BF80C30E4B2B4EBAF
:109CF000430F2146E9DB0022354C08EB07031B7BB1
:109D000021680DEB43030C295A7500F2A8800095D9
:109D1000304D0231EA882B8809019BB2092089B2B3
:109D200092B2474401F0F8FE3B7B072B23DC304B1B
:109D300097F80CC01B689B7C002B0CBF4FF0350EB6
:109D40004FF0400E3B7B2A88C3F1080392B2009289
:109D50002268911C03EB830203EB42020CEB8C03A1
:109D60000CEB4300090152000E2389B292B20EEBB4
:109D7000400001F047FD236898F8D12001330136F7
:109D80002360F3B29A423FF670AF002388F8D030D8
:109D900088F8D13000231A461946D9F800000BB0D4
:109DA000BDE8F04F0DF06AB80BB0BDE8F08F094880
:109DB00002310289038808480901009089B209200C
:109DC0009BB292B201F0A8FE02E700BFA83E0320BA
:109DD000AC3E0320343F032040DD0108398EE338D8
:109DE000403F0320CDCCCCCCA80003204FECC44E88
:109DF0002001032094380320A43E0320D01B02201E
:109E000004AD294680B203F0B7FF20228DF813205D
:109E10009BF80C20BAB103965E4606EB540204F19F
:109E2000010B10790BF0010292001041211D294411
:109E300000F00F0003F0E8FF327B5FFA8BF4B4EB25
:109E4000420FEADB039E0022244C08EB07031B7B36
:109E500021680DEB43030C291A757FF658AF1020CB
:109E600001F0A6FC009523681D4A1E4DA2FB0312BB
:109E7000920802EBC202A3EB42010231EA882B886E
:109E800009019BB2092089B292B2474401F044FE15
:109E90003B7B072B3FF76FAF134B97F80CC01B684A
:109EA00021689B7C002B3B7B2A8808BF4FF0350E36
:109EB00092B200920A4A18BF4FF0400EA2FB010274
:109EC000920802EBC202A1EB4201C3F10803023186
:109ED00040E70123054A137057E700BFAC3E03205B
:109EE000398EE338343F032020010320A83E0320AD
:109EF000002210B50B4C0C4B216883F8D02083F85E
:109F0000D12041B101F034F8BDE810400022074BE8
:109F10001A60FFF7A5BD012005490DF04BF8206040
:109F2000F0E700BFA43E0320D01B0220AC3E03207C
:109F3000543E0320052808B505D0042815D006286E
:109F40000DD0012008BD114A137833B1013BDBB2BB
:109F50001370FFF785FD012008BD0C23F8E70C4ABC
:109F60001378B3FA83F35B09F2E70849094B0A78DF
:109F70000132A3FB02039B0803EB430003EB8003C6
:109F8000D21A0A70FFF76CFD012008BDB03E032015
:109F9000A80003204FECC44E38B5074D2C6834B1EF
:109FA0002046D4F8A4400FF0F9FE002CF8D100238D
:109FB000024A2B60137038BDB83E0320BE3E03201A
:109FC00030B50E4C83B023688BB1012401F02AF820
:109FD0000B4D0C4A0C4B00951470DA881B88052138
:109FE0002A2092B29BB201F05DFD03B030BD01208A
:109FF00006490CF0DFFF2060E7E700BF103F0320B9
:10A0000058DD0108BD3E0320343F0320C03E03203D
:10A010002DE9F04F7D4B15461B6842689B7C83B051
:10A02000003B18BF0123B2EB837F02D003B0BDE831
:10A03000F08F83690446002BF8D18368002BF5D19B
:10A04000C368082BF2D8DFF8DCA10E46DAF800006E
:10A0500010B9EBE7DAF800004FF0FF310DF068F8C7
:10A060000128F7D16A4B21681868002800F0C580E4
:10A0700007464FF0000B04E0D7F8A430BB461F465C
:10A0800023B13B689942F7D800F0B380614B1A784E
:10A09000092A40F29F804FF0000801E080461046F8
:10A0A000D0F8A420002AF9D194460268914280F0A9
:10A0B0009880CDE9001C0FF071FE0099554BB8F166
:10A0C000000F03D0DDF804C0C8F8A4C001201A783E
:10A0D000013AD2B21A70504A1070504A0092107071
:10A0E000A82001910FF052FE01998046002800F04F
:10A0F0008780814649F8041B60220021484603F00E
:10A1000065FF4022002108F1640003F05FFF414B2E
:10A11000C8F8A470BBF1000F5FD0CBF8A480D8F8CA
:10A12000A4700121B84508BF00271A78C8F8A470A8
:10A130000A44D2B21A70009B1970CE46B9E80F00DB
:10A14000A44608F134070FC7B9E80F000FC799E814
:10A150000F0087E80F00BCE80F00AEE80F00BCE876
:10A160000F00AEE80F00E2689CE8030089E80300F6
:10A170003146C8F8205008F12C0003F02BFFE468AA
:10A18000CCB100230227012608EB030191F82C2013
:10A1900091F85C1008EBC3004A40110704D013FB90
:10A1A000076108EB81014D6601330F2ADBB288BFDE
:10A1B00045669C42E8D81A4A13780133DBB2137023
:10A1C00000231A461946DAF8000003B0BDE8F04F44
:10A1D0000CF054BE114A009282E70D4AC2F800808A
:10A1E0009FE70E4B0C4A009301231370009A1370E3
:10A1F000E6E7B84607F104099FE78346074645E7C7
:10A200000123054A009913700B70EDE7200103202C
:10A21000B83E0320BE3E0320BC3E0320BD3E0320CB
:10A22000BF3E0320103F03202DE9F041144E346857
:10A230000CB3002207461546DFF84880236A204603
:10A24000BB42D4F8A44010D29DB1C5F8A4400FF091
:10A25000A5FD98F800300122013BDBB288F8003000
:10A26000002CEBD11046BDE8F0810546002CE5D16D
:10A27000F8E73460EBE722461046BDE8F08100BF06
:10A28000B83E0320BE3E0320904B914A19682DE949
:10A29000F04FA2FB013222F0030303EB92038DB0D7
:10A2A000CB1A029340F0DD808A4B80461B78DFF8A2
:10A2B00044A2002B00F0D880874B4FF0FF31186884
:10A2C0000CF036FF0128F7D1B8F5FA6F044600F21A
:10A2D000D280824BDFF820B21A78DBF80040002AE7
:10A2E0003ED000277E4D1F702B78002B40F0DE8083
:10A2F000002C00F0A9807B4E4FF00009CDE9038AC5
:10A30000794D06AF16E0394603F04CFD4FF00003DF
:10A310008DF81C30F288009733884FEA0811072027
:10A3200092B219319BB201F0BDFBD4F8A44009F1FF
:10A3300001098CB12B68216893F812A0C1F30F209A
:10A340005FFA89F8BAF1000FDDD188B2394603F01F
:10A3500013FD8DF81BA0DDE7DDE9038ADBF8004083
:10A36000002C71D0604D5F4E0DF11809CDF814A08E
:10A370002B6822699B7C9DF80810002B0CBF4FF0C6
:10A38000040B4FF0050B53003BD04FF0000A0F01B8
:10A390001937CDE903155546BA4604EB55026F1C33
:10A3A00092F82C0007F001029200104109EB050120
:10A3B00000F00F0003F028FD04EB8501496E0BEB64
:10A3C000050202EB820002EB4000A8EB0102B2F5AD
:10A3D000FA7F0DEB05032CBFF28832891B7EB6F89D
:10A3E00000C00730009392B2514680B21FFA8CF33E
:10A3F00001F004FB2269FDB2B5EB420FCDD3DDE9DC
:10A400000315082A17D002EB820302EB43030BEB80
:10A410008B020BEB42005B009BB207301844C3F188
:10A42000B0039AB2338809019BB2009319310E230D
:10A4300080B201F0E7F9029BD4F8A4400133029303
:10A44000002C95D1DDF814A0234B22491868002375
:10A450000B701A461946CAF800800CF00FFD00F088
:10A460001FFE0DB0BDE8F08FDAF80030C31AB3F567
:10A47000FA7FF4D920E7A8F5FA60FFF7D5FE0028A7
:10A480003FF427AF194B174E19781B783288C3F168
:10A490000A0392B21B01090100929BB2E622052039
:10A4A000193101F0AFF90D4B1C7013E7104B0D4E35
:10A4B0000093328933880521C82092B29BB201F003
:10A4C000F1FA2F70002C7FF417AF47E7403F0320CD
:10A4D000CDCCCCCCBF3E0320103F0320BD3E03209B
:10A4E000BC3E0320343F032020010320BE3E032056
:10A4F00068DD0108B43E0320B83E0320F0B5002417
:10A50000124E134F134D83B038782101E3B220313E
:10A51000984256F8042B89B20ED0B5F806C02B88A5
:10A52000052000929BB21FFA8CF201F0BBFA0134B5
:10A53000032CE9D103B0F0BD00922A88EB880520F6
:10A540009BB292B201F0AEFAF1E700BFD400032053
:10A55000163F0320343F032008B500F063FD0A4B8B
:10A56000D888198880B289B2FBF740FEFBF7E6FE77
:10A5700018B90022054B1A7008BDFBF7F5FE002242
:10A58000024B1A7008BD00BF343F0320143F032064
:10A59000F0B583B00646FBF7D1FE384C237848B3BC
:10A5A000012B44D064220024354F364D3B889BB2AA
:10A5B00002FB03F385FB03251D44ED12C5F1640581
:10A5C000AD000135ADB230460134FBF75DFFA3B2FB
:10A5D000AB42F8D32C4ABB8B1278DBB29A421DD126
:10A5E0002A4B2B4A1B6802FB03F3B3F1333F19D903
:10A5F00003B0F0BD002BF3D100F014FD254B264D28
:10A60000DA881B8805219BB25A2092B2009501F08E
:10A6100049FAFFF773FF01232370E1E70120FBF7FD
:10A620009DFEDDE703B0BDE8F04000F039BD194DF7
:10A6300000F0F8FCE888298880B289B2FBF7D6FDE3
:10A64000FBF77CFEB0B90027EA8814492B88052067
:10A65000009192B290219BB2277001F023FA104B27
:10A66000EA8800932B88A021052092B29BB201F0CA
:10A6700019FA97E7FBF778FEE5E700BF143F0320E0
:10A680007000032081000880153F0320403F032015
:10A69000CDCCCCCC343F0320A4DD01086CDD010817
:10A6A00080DD010838B504460D46FBF757FE6420EF
:10A6B0000CF072FA29462046FBF7A2FD0DF0DCFDF6
:10A6C000FBF742FE024A034B928B1A7038BD00BF63
:10A6D00070000320153F0320022810B521D0032865
:10A6E00015D0012812D1144B1C88FBF737FE6420CB
:10A6F0000CF052FA21461148FBF782FD0DF0BCFD2B
:10A70000FBF722FE0E4A0F4B928B1A7010BD0E4BB8
:10A710001C88FBF723FE64200CF03EFA21460B4810
:10A72000EAE70B4B1C88FBF719FE64200CF034FAA7
:10A7300021460848E0E700BFDCEF0108E0EF010830
:10A7400070000320153F032020E2010824E20108E5
:10A7500008F501080CF5010810B50446FBF7EEFDFD
:10A7600038B9052C07D0042C14D0062C1DD001209C
:10A7700010BD002010BD1048104A03780133A2FB21
:10A78000031202F4FF7101EB52029B1A0370FFF7F0
:10A79000B5FEECE7084A13782BB1013BDBB213702E
:10A7A000FFF7ACFEE3E70223F9E7034B187801302B
:10A7B000C0B2FFF791FFDAE7163F0320ABAAAAAABF
:10A7C00070B5074D04462B6813B19B6803B19847D9
:10A7D0002C6024B1236813B1BDE87040184770BDE8
:10A7E000183F032010B5084C00F03AFC236813B161
:10A7F0009B6803B19847054B1A68236012B1BDE806
:10A800001040104710BD00BF183F0320E000032098
:10A810002DE9F8438046FBF791FD574E58B1574C50
:10A820003368A34207D013B19B6803B198472368EC
:10A83000346003B19847524B1B785BB13368514C7D
:10A84000A34207D013B19B6803B1984723683460D3
:10A8500003B19847FEF7C4FE0A2804467AD00125C2
:10A860004FF00009484F04E0FEF7BAFE0A280446FC
:10A8700028D0336823B1DB6813B1204698470546DA
:10A88000012DF1D1012C2BD0002CEDD133683F4AA2
:10A89000934250D03E4A93424CD03E4A93425DD0C0
:10A8A0003D4A93425CD0354A93425BD0354A93424D
:10A8B00008BF05243FD0C7F80090FEF791FE0A2894
:10A8C0000446D6D1354C237873BB33681BB15B6823
:10A8D0000BB1404698473B6801333B60BDE8F883C5
:10A8E00033682A4A93423FD0294A934234D0294AB6
:10A8F00093423BD0284A93423AD0204A934239D0DF
:10A90000204A934208BF0522D5D1254B0732A3FB2D
:10A9100002139B0803EB4303A2EB4302214B53F8C2
:10A920002200FFF74DFFC6E73068FFF749FF00231D
:10A930002370CAE72C461A4B0534A3FB04239B085B
:10A9400003EB4303A4EB4304164B53F82400FFF737
:10A9500037FFB0E70C4FB5E72A46D6E70224EAE70F
:10A960000324E8E70424E6E70022CEE70222CCE74E
:10A970000322CAE70422C8E7183F0320C0000320CF
:10A98000263F032008010320403F0320E00003206E
:10A99000AC00032094000320F40003203E3F03207A
:10A9A000ABAAAAAAE0060208034B1B6813B11B69F5
:10A9B00003B11847704700BF183F0320FFF772BE6E
:10A9C000FFF78ABE014B1878704700BF263F03206F
:10A9D00000F020BA062801D00120704708B500F029
:10A9E000A9FA012008BD00BF2DE9F041474D0446FA
:10A9F0002B7886B073B141F288339C421BD8444B0C
:10AA0000444A1B6802FB03F3B3F1333F78D906B025
:10AA1000BDE8F0810126404B4049DA881B881B20A5
:10AA200000919BB2452192B22E7001F03BF841F2A9
:10AA300088339C42E3D9DFF8E080394CB8F8021043
:10AA4000B8F80220B8F80400B8F80430ADF80810DF
:10AA5000ADF80A20B8F80610ADF80E30B8F80620A8
:10AA6000B8F80830ADF81010ADF81220ADF8143079
:10AA7000ADF80C0001F0AEF8054601F0ABF8074662
:10AA800001F0A8F8274B284AA3FB053CA4FB073498
:10AA9000E40804EB4404A7EB8401A5EB0C040CEBE5
:10AAA000540C224EA2FB0042A6FB0046D20802EB49
:10AAB0008202C2EB0214821B06EB52029208C2EB26
:10AAC000C202041B801AC0B20DEB40004FEA1C1CEE
:10AAD00002890CEBCC000CEB400CA5EB0C05EDB2A5
:10AAE000B8F8003005EB4505C9B23034E4B2A8002F
:10AAF00009019BB205310094053000F02BFF7EE781
:10AB000006B0BDE8F04100F0CBBA00BF1C3F032007
:10AB1000403F0320CDCCCCCC343F0320CCDD01081A
:10AB2000ABAAAAAACB6B28AFB5814E1B25499224AC
:10AB300000F078BA30B5304C83B000F073FA2F4D86
:10AB4000E288238805215A209BB292B2009500F03A
:10AB5000E3FF2B4BE288009323881521072092B254
:10AB60009BB200F0D9FF274BE28800932388252170
:10AB7000072092B29BB200F0CFFF234BE2880093F4
:10AB800023883521072092B29BB200F0C5FF1F4BEE
:10AB9000E288009323884521072092B29BB200F0FF
:10ABA000BBFF1B4BE288009323885521072092B2FC
:10ABB0009BB200F0B1FF174BE28800932388752108
:10ABC000072092B29BB200F0A7FF134BE2880093DC
:10ABD00023888521072092B29BB200F09DFF0F4B86
:10ABE000E28800932388A521072092B29BB200F04F
:10ABF00093FF03B030BD00BF343F0320F0DD0108F8
:10AC0000F8DD010808DE010818DE010828DE010869
:10AC100034DE010840DE010850DE010860DE010874
:10AC2000424B434A1B6802FB03F3B3F1333F00D9A5
:10AC30007047F0B53F4C404DE2882388696983B086
:10AC400092B29BB20091064615218B2000F09EFF28
:10AC5000E28823882F699BB225218B2092B200972E
:10AC600000F094FFEB69002B4BD1E2882388E9695F
:10AC70009BB200918B20352192B200F087FFAB6927
:10AC8000002B47D022892D4923887520009192B24C
:10AC900045219BB200F040FF95F82030002B36D0C4
:10ACA000228927492388274D00919BB25521752081
:10ACB00092B200F031FFAB683BB322892388A968C8
:10ACC0009BB200918B20752192B200F05FFFEB6880
:10ACD000CBB122892388E9688B2000919BB2852122
:10ACE00092B200F053FFE2882388A5218B200096C2
:10ACF0009BB292B200F04AFF03B0BDE8F04000F012
:10AD0000CFB92289B2E7E288E4E7E288D6E7E288B1
:10AD10000D49C7E7E2880D4923887520009192B25A
:10AD200045219BB200F0F8FEB6E700BF403F03208C
:10AD3000CDCCCCCC343F03201000032070DE0108C2
:10AD400078DE0108740103207CDE010874DE01084E
:10AD500030B5114C83B023784BB9104B104A1B68A7
:10AD600002FB03F3B3F1333F10D903B030BD0D4BF9
:10AD70000D4A0E490E480F4D1B881288098800881D
:10AD8000009500F0B3FD00232370E6E703B0BDE8B3
:10AD9000304000F085B900BF263F0320403F03202C
:10ADA000CDCCCCCC1E3F0320203F0320223F0320EC
:10ADB000243F0320A41C022030B5124C83B000F0C5
:10ADC00031F9114DE288238805214B209BB292B2C4
:10ADD000009500F067FE0D4BE28800932388252143
:10ADE0000A2092B29BB200F05DFE094B22880093CC
:10ADF000E38855210A2092B29BB200F053FE03B0C3
:10AE000030BD00BF343F032080DE01088CDE010826
:10AE1000B4DE010838B5094D094C2980094D208060
:10AE20002A8003FB02F2084C520004990748238051
:10AE300003F0D0F80122064B1A7038BD223F0320E0
:10AE4000243F0320203F03201E3F0320A41C022098
:10AE5000263F032000204FF6FF712B4A2B4B127820
:10AE600018801981072A14D8DFE802F013131D2770
:10AE7000313B090400214FF6FF7219811A804FF40B
:10AE8000FD6045F2DF214FF6C71258809980DA80C5
:10AE900070474FF4F07040F262414FF4FD62588009
:10AEA0009980DA80704742F20A1043F2B21145F2FB
:10AEB000DF2258809980DA80704747F245104BF2C4
:10AEC000C7114FF6C71258809980DA80704749F24F
:10AED0002A004EF22F014FF6B20258809980DA8094
:10AEE000704700B54FF6FF7C4FF0000E49F69240D8
:10AEF00046F64D3144F20822A3F808E0A3F800C05A
:10AF000058809980DA8000BD1C010320343F032063
:10AF100008B5064B1A78824200D108BD1870FFF7B9
:10AF200099FF0122024B1A7008BD00BF1C010320CB
:10AF30003E3F032008B50B490B4B0A78A3FB0203E5
:10AF40009B0803EB4303A2EB43030133DBB29A42BA
:10AF500000D108BD0B70FFF77DFF0122034B1A7073
:10AF600008BD00BF1C010320ABAAAAAA3E3F0320D4
:10AF700000B5202083B000F007FC0021054A4FF403
:10AF8000A0731088F02280B20090084600F03AFCCE
:10AF900003B000BD343F032030B5194C83B0208886
:10AFA000242380B20090F022CC21002000F02AFC63
:10AFB0000225F0232289CC2192B200950192002033
:10AFC0001A4600F05DFC0F4BE28800932388284668
:10AFD000CE219BB292B200F065FD4FF6FF730A4995
:10AFE0000A4A0B8013800A4C0A480B4D0B490C4A45
:10AFF0002B70238003700B70137003B030BD00BF43
:10B00000343F0320C8DE0108303F03202E3F0320D9
:10B010002C3F03202A3F0320293F0320283F032001
:10B02000273F0320002130B50C4C83B02088D0236B
:10B0300080B20090F022084600F0E4FB02250021D7
:10B04000E088C72380B20190F0220846009500F006
:10B0500017FC03B0BDE83040FFF79EBF343F03202C
:10B0600008B500F007FB00F025FB00F0B3FD030678
:10B0700010D4094BA3FB002303F0FC0202EB930363
:10B08000C01AC0B2054B1870FFF7E4FEBDE80840D7
:10B09000FFF7C8BF0120F5E7CDCCCCCC1C010320C5
:10B0A000002270B5A14CA2492389088884B09BB2C4
:10B0B000984202AD0292AA8040F094809D4A238873
:10B0C00011889BB2994240F055819B4AA388118810
:10B0D0009BB2994240F0DD80984A94F82030117874
:10B0E00099421DD094F8201094F820302846023B55
:10B0F0001170042B00F2C781DFE813F09C01A0015E
:10B10000A401050098018E4902F086FF8D4B009541
:10B110001A891B88DE21AA2092B29BB200F0C2FCE1
:10B12000894A238A11789BB2994213D0218A238AB3
:10B1300028469BB21170002B50D1844902F06CFF5D
:10B14000804B00951A891B88CE21D22092B29BB2E7
:10B1500000F0A8FC7E4A238B1178DBB299421AD00A
:10B16000218B238B2846DBB2032B117000F05A8110
:10B17000042B00F08081022B40F04881754902F0D9
:10B180004BFF704B00951A891B88CE21B42092B2D8
:10B190009BB200F087FC704AA38B1178DBB2994216
:10B1A0001AD0A18BA38B2846DBB2022B117000F0C2
:10B1B0003581032B00F06381012B40F02B8167491F
:10B1C00002F02AFF5F4BDE211A891B88C8200095F8
:10B1D0009BB292B200F066FC04B070BD604902F010
:10B1E0001BFFADE7642240F2FE7023890B802389A8
:10B1F0005C491BB2A3F5006302FB03F381FB03214F
:10B20000834219444FEAE372C2EBA122CEBF52211E
:10B210004C215242544B12B292B2A3FB02038DF85E
:10B22000081052495B09A1FB0260A1FB036CC00836
:10B23000A1FB00614FEADC0C0CEB8C0CA3EB4C0384
:10B24000C90801EB81013033A0EB4101DBB23031A1
:10B25000302BC9B200F0FA808DF809302520434B1D
:10B260008DF80A10A3FB0263DB0803EB8303354967
:10B27000A2EB4303009530330A898DF80B300B881D
:10B280008DF80C00DE21022092B29BB200F044FC4B
:10B2900014E76426A388A188138089B206FB01F114
:10B2A000334A314BA2FB0162891A02EB51022F484B
:10B2B000C2F3CF22A3FB0213A0FB02615B09CE08FD
:10B2C000A0FB031CA0FB06014FEADC0000EB8000A2
:10B2D000A3EB4003C90801EB81013033A6EB410128
:10B2E000DBB23031302BC9B200F0BE808DF80830AF
:10B2F00025208DF8091000211C4B0095A3FB02634B
:10B30000DB0803EB8303A2EB430330338DF80A30F1
:10B310000C4B8DF80B001A891B888DF80C107A20C5
:10B32000DE2192B29BB200F0F7FBD5E6700003205D
:10B33000303F03202C3F03202E3F0320273F0320D4
:10B34000E4DE0108343F03202A3F0320ECDE01083D
:10B35000283F0320F4DE0108293F032078DE01089E
:10B36000F0DE0108010210801F85EB51CDCCCCCC62
:10B3700001011000642123882088138080B201FB22
:10B3800000F0434A434BA2FB0012801A02EB50022A
:10B39000414EC2F3CF22A3FB0213A6FB02015B09BD
:10B3A0004FEAD10CA6FB0310A6FB0C61C00800EB12
:10B3B0008000A3EB4003C90801EB81013033ACEB03
:10B3C0004101DBB23031302BC9B246D08DF80830A4
:10B3D00025208DF8091000212F4B0095A3FB026357
:10B3E000DB0803EB8303A2EB430330338DF80A3011
:10B3F0002A4B8DF80B001A891B888DF80C104220FF
:10B40000DE2192B29BB200F087FB5EE6244902F097
:10B4100003FEB6E6234902F0FFFDD3E6224902F01F
:10B42000FBFDCFE6214902F0F7FDAAE6204902F034
:10B43000F3FD6BE61F4902F0EFFD67E61E4902F0DF
:10B44000EBFD63E61D4902F0E7FD5FE620233029AE
:10B4500008BF19468DF8093000E72023302908BFBE
:10B4600019468DF80830B3E72023302908BF194664
:10B470008DF808303CE7124902F0CEFD81E6114913
:10B4800002F0CAFD9EE6064902F0C6FD3EE600BF98
:10B49000010110001F85EB51CDCCCCCC343F0320F3
:10B4A000ECDE010808DF010800DF0108F8DE010812
:10B4B000E8DE0108D8DE0108DCDE0108E0DE010874
:10B4C000FCDE010804DF0108704700BF0022014BC9
:10B4D0001A707047443F0320274B9B78012B00D004
:10B4E0007047752370B5254E88B030880DF1010185
:10B4F00080B28DF8003002F03FFC6D46B388441CEA
:10B50000E4B2291998B202F037FC33890444E4B25A
:10B51000291998B202F030FC337B0444E4B22919B3
:10B52000184602F061FCF38B0444E4B22919D8B246
:10B5300002F05AFC338A0444E4B22919D8B202F06A
:10B5400063FCB37D0444E4B22919184602F05CFCA4
:10B55000B38B0444E4B22919D8B202F055FC024678
:10B560000D231444E4B2611C68466C44C9B22370D4
:10B5700002F01AFB08B070BD7401032070000320B4
:10B58000034600B51BBA83B001224FF480510F4827
:10B59000019304F033FE002204210C4804F02EFE37
:10B5A00004220B4B0DEB0201186807F0A3FF30B12A
:10B5B00001220421054804F021FE03B000BD4FF034
:10B5C000FF3201210DF0EEF9F2E700BF0004024264
:10B5D0004C3F0320034600B5002283B04FF4805156
:10B5E0000F488DF8073004F009FE002204210C48B2
:10B5F00004F004FE0B4B012218680DF1070107F05F
:10B6000079FF30B101220421054804F0F7FD03B0B1
:10B6100000BD4FF0FF3201210DF0C4F9F2E700BF89
:10B62000000402424C3F032038B504460D46012277
:10B630004FF480510D4804F0E1FD002204210B4835
:10B6400004F0DCFD0A4B2A462146186807F052FF39
:10B6500030B1BDE8384001220421044804F0CEBDD9
:10B660004FF0FF3201210DF09DF9F2E70004024294
:10B670004C3F0320024A034B10601960704700BF23
:10B680004C3F0320483F0320002100B5084B83B006
:10B690001B6801AA186801910DF026FB019B2BB1D4
:10B6A0004FF0E0234FF08052C3F8042D03B000BDEB
:10B6B000483F032000234FF470424FF4784C00B50C
:10B6C0004FF400514FF0550E2E4889B006904FF4BC
:10B6D000FA708DF8003004928DF804E00592ADF810
:10B6E00008C0ADF81C30ADF80C100BF055FA012075
:10B6F000FFF770FF32200BF04FFA1120FFF76AFFBF
:10B7000032200BF049FA2120FFF764FF3620FFF7C3
:10B7100061FF01216846FFF787FF3A20FFF75AFFD4
:10B72000012101A8FFF780FF2A20FFF753FF042122
:10B7300004A8FFF779FF2B20FFF74CFF042105A891
:10B74000FFF772FF1320FFF745FF2920FFF742FFA5
:10B75000B020FFF73FFF022102A8FFF765FF33206B
:10B76000FFF738FF062106A8FFF75EFF3720FFF737
:10B7700031FF022103A8FFF757FF2C20FFF72AFF14
:10B7800009B000BD00200120034600B5074983B081
:10B790005ABA37200B80ADF80420FFF71BFF0221B7
:10B7A00001A8FFF741FF03B000BD00BF1E01032049
:10B7B0001249134B0A8800B51044A3FB00231B0A4F
:10B7C00003EB8303A0EB83131F2B83B011DD9AB22D
:10B7D000C3F3072CDBB237200A808DF804C08DF844
:10B7E0000530FFF7F7FE022101A8FFF71DFF03B0A8
:10B7F00000BD20224FF0000C1346ECE71E01032091
:10B80000CDCCCCCC70B500258E462946BDF8106055
:10B810001A4C66F30F0566F30F0166F31F4566F3D6
:10B820001F4103FB02F604F5007CC4E90051083413
:10B830006445FAD185180EEB0304013D45EA004545
:10B84000013C2A2044EA0E44FFF7C4FE2846FFF7D5
:10B8500097FE2B20FFF7BEFE2046FFF791FE2C201F
:10B86000FFF7B8FE4EB100244FF40071034804F511
:10B870008074FFF7D9FEA642F6D870BDA42C022032
:10B880002DE9F04F88461D46064683B0BDF830705E
:10B89000BDF83490A2EB000B1FFA8BFBA5EB080A56
:10B8A0003B4614461FFA8AFA5A46CDF80090FFF735
:10B8B000A9FF53463A4641463046CDF80090FFF77F
:10B8C000A1FFE91B5A4630463B46CDF8009089B2AD
:10B8D000FFF798FF53463A464146E01B80B2CDF849
:10B8E000309003B0BDE8F04FFFF78CBFF8B50746C6
:10B8F000BD18CC18013D03FB02F62A2045EA074596
:10B90000013C44EA0144FFF765FE2846FFF738FE94
:10B910002B20FFF75FFE2046FFF732FE76002C203B
:10B92000FFF758FEA6B134464FF6FF75069B9F19E8
:10B93000AC42214628BF2946381B89B2FFF774FE66
:10B940002346EB1AA4F57F44F342A4F1FF04EFD29F
:10B95000F8BD00BF2DE9F0410646254882B00068D9
:10B9600006F10F08019048EA06482A2001F10F0667
:10B9700046EA014615461C469DF82070FFF72AFE50
:10B980004046FFF7FDFD2B20FFF724FE3046FFF772
:10B99000F7FD2C20FFF71EFE0198164A00EB471317
:10B9A00002F50076A3F2FF331046002113F801CC14
:10B9B00093F800E00EEB0C2E1FFA8EFE4EFA01FCFF
:10B9C0001CF0010F14BFAC46A4460131102920F829
:10B9D00002CDF3D12032964203F10203E4D14FF4B9
:10B9E0000071054802B0BDE8F041FFF71DBE00BF81
:10B9F00020A10108C42C0220A42C02202DE9F04132
:10BA00000646254882B0006806F10A08019048EA17
:10BA100006482A2001F10D0646EA014615461C4655
:10BA20009DF82070FFF7D6FD4046FFF7A9FD2B20BB
:10BA3000FFF7D0FD3046FFF7A3FD2C20FFF7CAFD2E
:10BA40000198164A00EB471302F59A76A3F2FF33EA
:10BA500010460F2113F801CC93F800E00EEB0C2EEA
:10BA60001FFA8EFE4EFA01FC1CF0010F14BFAC460B
:10BA7000A4460139042920F802CFF3D116329642A8
:10BA800003F10203E4D14FF49A71054802B0BDE816
:10BA9000F041FFF7C9BD00BF20A10108A22C022080
:10BAA000A42C02202DE9F04F85B0DDF838900392E8
:10BAB00099F800505DB380468A469B4606460024AE
:10BAC000144F17E00A2D17D0E02E5B46039A04D9D5
:10BAD0004646F88850441FFA80FA30460095514691
:10BAE0000134FFF737FFA4B2BB8819F80450334480
:10BAF0009EB265B10D2DE5D10134FB88A4B219F8D1
:10BB00000450534446461FFA83FA002DF2D105B083
:10BB1000BDE8F08F20A101082DE9F04F85B0DDF8D8
:10BB20003890039299F800505DB380468A469B4650
:10BB300006460024144F17E00A2D17D0E02E5B466E
:10BB4000039A04D94646F88850441FFA80FA3046D2
:10BB5000009551460134FFF751FFA4B2BB8819F894
:10BB6000045033449EB265B10D2DE5D10134FB88FC
:10BB7000A4B219F80450534446461FFA83FA002D24
:10BB8000F2D105B0BDE8F08F20A101082DE9F04108
:10BB90004FF0000C04460D4616461F4686B00DF1C8
:10BBA0000C0841460C988DF814C002F0AFF83B46E3
:10BBB000324629462046CDF80080FFF7ADFF06B09B
:10BBC000BDE8F081014B1860704700BF503F032073
:10BBD000704700BF00B5054B83B0186801A907F096
:10BBE000C9FA9DF8040003B000BD00BF503F032018
:10BBF00000B5044B83B0186801A907F0BBFA01989F
:10BC000003B000BD503F03200D4B02781B6840324B
:10BC100001291A700FD900B5A1F1020E10FA8EFE9B
:10BC2000024610F801CF724503F801CFF8D1054B59
:10BC30001B68198000BD034B1B681980704700BF4B
:10BC40008C3F0320883F032030B54378044685B0FD
:10BC500013B98378442B0FD07F204FF0310C032190
:10BC60003C4B3D4A1B6812681870207883F802C06C
:10BC70005870118005B030BD0B2903D07F204FF0E4
:10BC8000130CECE7354B1978022903D04FF07F0CE9
:10BC90007F20E4E71B7F022B11D1314D6B7B13F02A
:10BCA000FB030FD07F20242503212A4B2A4A1B683F
:10BCB0001268187020789D7058701180DAE74FF084
:10BCC000330CE5E7D0F80300AB6001232B73D4F805
:10BCD000073000BA1BBAC1186B6001922860FDF7EB
:10BCE000A9FC1C4B19681C4BD3F800C040B36B680F
:10BCF000019A13F0070F0AD07F2370200B700323E3
:10BD000094F800E0887081F801E0ACF80030237806
:10BD10006A734FF20F04202540338DF80C3003AACC
:10BD20004B1EC81C8DF80D50ADF80E4012F8011BCB
:10BD300003F8011F8342F9D10423ACF8003099E7DE
:10BD40007F22312003230A70227888704A70ACF871
:10BD500000308FE78C3F0320883F0320683F03209B
:10BD6000943F032003780F2B40F283802DE9F047A6
:10BD7000A3F110020446884690B0772A7FD8DFE806
:10BD800012F0440233027E007E00E0017E007E005D
:10BD90007E007E00CF017E007E007E007E007E0061
:10BDA0007E007E007E001502FE0126027E007E00DF
:10BDB0008501B901AC0155027E009F017E0073022E
:10BDC000F1017E0062027E007E0071013E012501CC
:10BDD0006001F0007E007E007E007E000E01FD000E
:10BDE0007E007E004F01DF007E007E007E007E0030
:10BDF0007E007E007E007E007E007E007E007E0053
:10BE00007E007E007E007E007E007E007E007E0042
:10BE10007E007E007E007E007E007E007E007E0032
:10BE20007E007E007E007E007E007E007E007E0022
:10BE30007E007E007E007E007E007E007E007E0012
:10BE40007E007E007E007E007E007E007E007E0002
:10BE50007E007E007E007E007E007E007E007E00F2
:10BE60007E007E007E007E00C100B400CE00A700F0
:10BE70008D00A74BA74A1B681268FDF7DBB87F202F
:10BE800011250321A34BA24A1B6812681870207861
:10BE90009D705870118010B0BDE8F087B8F1010FA7
:10BEA00040F29A85427802F07F03012B00F0B485BE
:10BEB000032B00F09F857F2012250321954B944A88
:10BEC0001B681268187020789D7058701180E2E726
:10BED0007F20112503218F4B8D4A1B681268187033
:10BEE00020789D7058701180D5E77F20122503219E
:10BEF000884B874A1B681268187020789D705870AC
:10BF00001180C8E77F2011250321824B804A1B68DE
:10BF10001268187020789D7058701180BBE7B8F1D6
:10BF2000020F00F033857F2013250321794B784AD7
:10BF30001B681268187020789D7058701180AAE7ED
:10BF4000B8F1020F00F2E0817F2013250321714B2D
:10BF50006F4A1B681268187020789D7058701180A5
:10BF600099E77F20112503216A4B694A1B681268F3
:10BF7000187020789D70587011808CE7B8F1020F0E
:10BF800000F03E847F2013250321624B604A1B682A
:10BF90001268187020789D70587011807BE7B8F196
:10BFA000010F40F2A583437803F00F02042A00F04A
:10BFB0007C857F2012250321564B554A1B68126849
:10BFC000187020789D705870118064E7B8F1010FE7
:10BFD00040F2AA83504E737B012B00F045854D4AF9
:10BFE0004B49022B1268086800F058867F212425EF
:10BFF0000323117021789570517003804BE7B8F1DD
:10C00000020F00F279817F2013250321414B404A22
:10C010001B681268187020789D70587011803AE77C
:10C02000B8F1040F00F286817F2013250321394BDC
:10C03000374A1B681268187020789D7058701180FC
:10C0400029E7344B324AB8F1010F1B68166800F03B
:10C05000B4847F21132003221970217898705970BD
:10C06000328018E72D4BB3F8E030B3F5007F00F0D5
:10C0700042857F2011250321264B254A1B68126823
:10C08000187020789D705870118004E7B8F1010F86
:10C0900040F25883467806F07F06012E00F03D8579
:10C0A000022E00F05B857F2012250321194B184AD0
:10C0B0001B681268187020789D7058701180EAE62D
:10C0C0007F2011250321134B114A1B681268187039
:10C0D00020789D7058701180DDE67F2011250321A6
:10C0E0000C4B0B4A1B681268187020789D705870B2
:10C0F0001180D0E67F2011250321064B044A1B68DE
:10C100001268187020789D7058701180C3E600BFC7
:10C11000883F03208C3F0320943F03200005FA0B47
:10C12000904FB8F1020F3B6800F2AE807F201325DC
:10C1300003218D4A1870207812689D705870118004
:10C14000A9E6B8F1040F00F049837F2013250321ED
:10C15000844B854A1B681268187020789D7058704F
:10C16000118098E67F20112503217E4B7E4A1B68B3
:10C170001268187020789D70587011808BE6B8F1A5
:10C18000010F40F2C382437803F00F02042A00F04B
:10C190009F847F2012250321724B734A1B6812680B
:10C1A000187020789D705870118074E6B8F1030FF4
:10C1B00000F03B837F20132503216A4B6A4A1B68EA
:10C1C0001268187020789D705870118063E67F2087
:10C1D00011250321634B644A1B681268187020788C
:10C1E0009D705870118056E65E4B5F4AB8F1020FA1
:10C1F0001B68166800F0DD827F211320032219706E
:10C20000217898705970328045E6B8F1020F00F03D
:10C21000A7827F2013250321524B534A1B681268C3
:10C22000187020789D705870118034E67F20112599
:10C2300003214C4B4C4A1B681268187020789D7083
:10C240005870118027E6B8F1030F00F291807F202B
:10C2500013250321434B444A1B6812681870207849
:10C260009D705870118016E6B8F1020F33D87F2008
:10C27000132503213B4B3C4A1B6812681870207839
:10C280009D705870118006E6592204211A70427878
:10C2900099705A70427802F07F02012A00F0C4843B
:10C2A000022A00F0B9847F25122603202E4A1D7031
:10C2B000257811689E705D70088094F90130002B1C
:10C2C000BFF6E9AD3B681B787F2B3FF4E4AD00215E
:10C2D00013681980DFE5254B1E78022E00F07A8462
:10C2E0007F2203201F4B20491B6809681A7024789D
:10C2F0009A705C700880CEE502224146204610B05C
:10C30000BDE8F047FFF7A0BCB0F80160A8F1030357
:10C3100076BAB6B29E4200F047847F2013250321EF
:10C32000104B114A1B681268187020789D70587065
:10C330001180B0E5C6780779A8F1050107FB06F37F
:10C34000B1EB430F00F01C847F2013250321054B24
:10C35000054A1B681268187020789D70587011800B
:10C3600099E500BF8C3F0320883F0320683F0320EE
:10C3700090F901204378002ABCBF03F07F0343708B
:10C380004388B8BF01265BBA9BB2A8BF0026B3F5AD
:10C39000097F00F3A285B3F5007F2ADBA3F50073C4
:10C3A000242B26D8DFE813F04F01370125011001B7
:10C3B00070016001D2002500AC000501FD0086017E
:10C3C00025002500250025009A0085002500250070
:10C3D0002500250025002500250025002500250035
:10C3E00025002500250025007E0077005C00440024
:10C3F0003D007F2031210322AB4B1B681870207851
:10C400009970AA4958700B681A80002E3FF443AD0A
:10C41000A54A126812787F2A3FF43DAD00221A80A7
:10C4200039E5B8F1050F01F00C807F201321E2E718
:10C43000B8F1040FF9D1F7F7D3FB0A200AF0ACFBEF
:10C44000994B1A68994B1B682178403111706178BB
:10C450005170A1789170E178D170A3F80080D4E791
:10C46000B8F1070FE1D10430F7F7A2FCF7F7B8FBFA
:10C470000A200AF091FB04208B4B21781A688B4B21
:10C4800040311B68117061785170A1789170E1782A
:10C49000D1701880B9E7B8F1050FC6D10079F7F768
:10C4A0007FFCE3E7B8F1070FBFD10430F7F76AFC70
:10C4B000DCE7B8F1040FB8D17D4B1A78022A01F0FD
:10C4C000A7807F227F200321774B1B68187020787C
:10C4D0009A70764A58701368198096E7B8F1040F7D
:10C4E000A3D1734B1A78022AEBD11B7F022B41F0A8
:10C4F00042804378012B01F005817F2012217AE7E9
:10C50000B8F1080F91D14378012BF6D1C379042BF0
:10C510007FF46FAF807922796379000240EA02608C
:10C5200040EA034040F00400FBF710FF002800F051
:10C5300042867F20722503215B4A5C4B12681B6890
:10C54000107020789570507019805EE7B8F10B0F6D
:10C550007FF66BAF456887682DBA3FBA28467919D0
:10C56000FDF78AF800283FF444AF39462846FAF729
:10C5700099FE014608274C4B25781A6840351570FE
:10C5800060784A4B5070A0781B689070E078D17149
:10C59000D070080E1071080CF940507191711F8015
:10C5A00033E7434B1B7F022B00F0E8867F203321CB
:10C5B00021E73F4B1B7F022BF8D1BFF34F8FBFF317
:10C5C0006F8F431D984756E7374B71201968A8F1C4
:10C5D00002030A46087014FA83F3214614F8010F87
:10C5E0008B4202F8010FF8D1304B1B68A3F8008092
:10C5F0000BE7FDF75DF92C4B1A682C4B1B680028E4
:10C6000000F0AB867F217220117021784FF0030873
:10C610009070517021E7FDF773F9234B1A68234B93
:10C620001B680028EED12146207840301070A8F118
:10C63000020014FA80F00C4611F8017F844202F8DF
:10C64000017FF8D109E7184A184BB8F1040F1268B6
:10C650001B6800F00C877F211320117021789070E7
:10C6600051704FF00308F8E60F4A104BB8F1060F6F
:10C6700011681B6800F008877F2213200A70227857
:10C6800088704A700322BFE671200421064B1A68A5
:10C69000064B107060781B685070A0789070E0783E
:10C6A000D0701980B1E600BF8C3F0320883F032083
:10C6B000683F0320AA4B1B7F022B7FF477AF41F228
:10C6C0007A02A8F105039BB293423FF6AEAE002377
:10C6D000211DA44804F8083001F09EFCA249A1489D
:10C6E00001F0BAFC002840F066857F20312522E762
:10C6F0007F20132503219D4B9D4A1B6812681870EB
:10C7000020789D7058701180FFF7C5BB7F201325DE
:10C710000321964B964A1B681268187020789D700A
:10C7200058701180FFF7B7BB7F20132503218F4B73
:10C730008F4A1B681268187020789D70587011809D
:10C74000FFF7A9BB7F2013250321884B884A1B686C
:10C750001268187020789D7058701180FFF79BBB8D
:10C76000437803F07F03022B00F06D83032B00F06E
:10C770005683012B40F07C83002279497D48C1E932
:10C7800003220B707C4B02605A734A610A778A61FC
:10C7900094F9013060789342FFF67DAB5021734BE2
:10C7A000734A1B68126858701970A2F80080FFF76E
:10C7B00072BB6B4A1278012A00F0A882427802F01C
:10C7C0007F02012A00F0DC837F21122003221970EE
:10C7D0002178987059703280FFF75DBB4378FF2B4A
:10C7E00000F079827F2031250321604B604A1B686D
:10C7F0001268187020789D7058701180FFF74BBB3D
:10C800004378002B00F09A82802B3FF444AB7F20CA
:10C8100012250321554B564A1B6812681870207860
:10C820009D7058701180FFF736BBB0F8012002AE42
:10C8300052BA90B20022A0F50071B1F5007F0292C9
:10C84000C6E90122C6E90322C0F08482A0F5714244
:10C85000843A0C2A08D8DFE802F072076C630707F5
:10C8600007075A07070715007F20312503213F4B93
:10C870003F4A1B681268187020789D7058701180AC
:10C88000FFF709BB31460120FBF766FE03A9054609
:10C890000220FBF761FE034604A903201D43FBF7BA
:10C8A0005BFE034605A90420ADB21D43FBF754FE11
:10C8B000034606A90520ADB21D43FBF74DFEADB200
:10C8C0000543ADB2112231460DF11F0001F082FB8C
:10C8D000002DC9D114252378244A66781168A278DE
:10C8E0004033681E8DF81C308DF81E208DF81D60B9
:10C8F00007AA4B1E11FA80F012F8011B03F8011F62
:10C900008342F9D11A4B1B681D80FFF7C4BA0C2271
:10C910001A490DF11F0001F05DFB0F252378DBE7BD
:10C92000042217490DF11F0001F054FB072523785D
:10C93000D2E70B4A042512788DF81F20CCE70C2291
:10C9400010490DF11F0001F045FB202309220E497B
:10C950000BA88DF82B30192501F03CFB2378BBE7A1
:10C96000683F0320543F0320E80902088C3F03205E
:10C97000883F0320903F0320943F03209005FA0B4B
:10C9800018DF01087CD401080CDF0108427802F0AE
:10C990007F03012B00F0C381022B00F077827F2000
:10C9A00012250321AC4BAD4A1B6812681870207821
:10C9B0009D7058701180FFF76EBAA94A517B032908
:10C9C00000F06E827F212420032219702178987054
:10C9D00059703280FFF75FBA7F20132503219E4BE9
:10C9E0009E4A1B681268187020789D7058701180DC
:10C9F000FFF751BA9B4D2968002940F05D817F20E7
:10CA00002225954A9549126809681070207895701A
:10CA100050700B80FFF73FBAB8F1020F00F084822C
:10CA20008378103B032B00F29186DFE803F019179F
:10CA3000021B8D4B8B4A136094F90130002BFFF6DB
:10CA40002AAA0221844A237812684033834D137046
:10CA500060782B6850701980FFF71DBA834BE9E7A7
:10CA6000834BE7E7834BE5E7A8F1020111F00705E7
:10CA70001FFA81F840F00481B3687268434493421E
:10CA800000F2FE80327B4378934200F08C847F205A
:10CA900073250321704B714A1B6812681870207847
:10CAA0009D7058701180FFF7F6B903F0F002402A2C
:10CAB00040F27F817F2012250321674B674A1B6864
:10CAC0001268187020789D7058701180FFF7E3B9D4
:10CAD00003F0F002402A40F254817F201225032106
:10CAE0005D4B5E4A1B681268187020789D70587004
:10CAF0001180FFF7D0B9B8F1020F00F23F817F201B
:10CB000013250321544B554A1B681268187020786E
:10CB10009D7058701180FFF7BEB940F26713ADF8F1
:10CB20001C30FFF765F8544A544B4240C3E90302F6
:10CB30001E7794F9013000BA002BCDF81E00FFF6E5
:10CB4000AAA90621444B07981B68444A1860BDF8FF
:10CB50002000126898801180FFF79DB9B8F1060F88
:10CB600000F02D827F20132503213B4B3B4A1B689D
:10CB70001268187020789D7058701180FFF78BB97B
:10CB800026B11FB1B3F5614F40F277837F20312585
:10CB90000321314B314A1B681268187020789D7050
:10CBA00058701180FFF777B940F6AE52A8F105032F
:10CBB0009BB2934240F27D817F2031250321264B99
:10CBC000264A1B681268187020789D705870118072
:10CBD000FFF761B94FF28412B0F8013058BA80B251
:10CBE00020F00801914200F00C8149F2F1029342D9
:10CBF00000F07382B8F1070F00F096837F201325B1
:10CC00000321154B154A1B681268187020789D7017
:10CC100058701180FFF73FB9B8F1030F00F011828F
:10CC20007F251326FFF741BBB8F1030FF8D100228F
:10CC300007A8DA70FBF7B2FB084A3B6816680028C1
:10CC400000F031847F21197072212078997058701A
:10CC5000A6F80080FFF731BB8C3F0320883F0320FC
:10CC6000943F0320903F032020A1070090D00300B1
:10CC700048E8010040420F0078563412683F032014
:10CC80007F2071250321B94BB94A1B6812681870BF
:10CC900020789D7058701180FFF7FDB8B8F1020F31
:10CCA00000F07E817F21712503231170217895701A
:10CCB00051700380FFF7EFB8130600F14381C720DE
:10CCC0000221AA4BAA4A1B68126818706078587033
:10CCD0001180FFF7E0B88378FF2B7FF483ADC37832
:10CCE000FF2B7FF47FADFBF7FDFA002800F0B68440
:10CCF0007F20722503219D4B9D4A1B681268187086
:10CD000020789D7058701180FFF7C5B87F220321ED
:10CD10001A7000789A7058703180FFF7BCB811060D
:10CD20003FF5B9A8C521914B914A1B68126819704B
:10CD300041785970A2F80080FFF7ADB87E218B4B87
:10CD40008B4A1B681268197041785970A2F80080EC
:10CD5000FFF7A1B83146FBF7FFFB002800F0428146
:10CD60007F213120814B824A1B681268197021781B
:10CD700098705970A2F80080FFF78DB80122FFF774
:10CD8000BCBA7C4A1278012A00F04E811B099A1D18
:10CD9000904500F01C827F2013250321734B744AB9
:10CDA0001B681268187020789D7058701180FFF70A
:10CDB00072B81B095A1D424580F2A880002B00F072
:10CDC00054830027591E0530C90010F8012F8A40EE
:10CDD00008393A4311F1080F97B2F6D19E1DF319A5
:10CDE000984500F017827F20132503215F4B604A8E
:10CDF0001B681268187020789D7058701180FFF7BA
:10CE00004AB87F2031250321584B594A1B681268C4
:10CE1000187020789D7058701180FFF73CB8564A02
:10CE2000928A92B2B2F5805FC0F03A817F20882565
:10CE30004E4A4F49126809681070207895705070FA
:10CE40000B80FFF728B84C4B9B8A9BB2B3F5805FF1
:10CE5000C0F07D817F2022250321444B444A1B687A
:10CE60001268187020789D7058701180FFF713B801
:10CE70007F20122503213D4B3D4A1B681268187024
:10CE800020789D7058701180FFF705B812063FF5A5
:10CE900002A84146204610B0BDE8F047FEF7B4BEF8
:10CEA00004215173027840321A70A6F80080FEF710
:10CEB000F2BFF9F753FAC82009F06EFE3146E01CC4
:10CEC000FDF77CFD0121294A294B10681A68237857
:10CED000403303701180FEF7DEBFB3F57F4F00F0E3
:10CEE00054814FF6017293427FF483AAB8F1040F84
:10CEF0007FF49BAA4378012B7FF4FFAA1D4B1A787D
:10CF0000022A00F0CD837E22FFF7DCBA7F201325B2
:10CF10000321164B164A1B681268187020789D7002
:10CF200058701180FEF7B7BF7F20132503210F4BE8
:10CF30000F4A1B681268187020789D705870118015
:10CF4000FEF7A9BF01230D4C26782370F6F7D2FE19
:10CF50004FF47A7009F020FEF6B22868F6F7D2FE98
:10CF6000F6F73EFE2670FEF796BF00BF8C3F03200B
:10CF7000883F0320683F03207000032092000320B5
:10CF800051221A7042785A70A6F8008090F9013048
:10CF9000002BBEF680AF10B0BDE8F04701F0B8BD81
:10CFA000317B63788B4200F089817F2173250323D5
:10CFB00011702178957051700380FEF76CBFBA4BE9
:10CFC0009A69042A40F239817F2036250321B74B24
:10CFD000B74A1B681268187020789D7058701180CD
:10CFE000FEF759BF60782378A478403304228DF887
:10CFF0001D0031460DF11F008DF81C308DF81E40CC
:10D0000000F0E8FFA94B0DF11B021868431E063023
:10D0100012F8011F03F8011F9842F9D10722A44B0F
:10D020001B681A80FEF737BF7F2203209F4BA04961
:10D030001B6809681A7024789A705C700880FEF783
:10D040002ABF002207A8DA70FBF7A8F9814600285A
:10D0500040F00681079B002B00F0C982054602AE16
:10D0600014E09DF80B203B6803F80820BDF80A2067
:10D0700003F82520029A4344120A9A70029ADA7041
:10D08000079B08F104089D4280F03D812846314607
:10D09000FBF740F901350028E3D04FF00109EFE735
:10D0A000002281498348C1E903220B70824B4273FD
:10D0B0001A604A610A778A6194F901306078934274
:10D0C000FEF6E9AE5021794B794A1B681268587018
:10D0D0001970A2F80080FEF7DEBEB8F1140F7FF4DD
:10D0E0008DADD4F803100120FBF71EFAD4F8071019
:10D0F00005463046FBF718FA0346D4F80B10032018
:10D100001D43FBF711FA0346D4F80F100420ADB20B
:10D110001D43FBF709FA0346E17C0520ADB21D4330
:10D12000FBF702FAADB245EA00039BB25F4A6049E1
:10D1300012680968002B00F0A8827F207225032363
:10D1400010702078957050700B80FEF7A4BE0023FD
:10D15000554A5948C2E90333564903604B7353613A
:10D160001377936194F901306078002B82F8008086
:10D17000FEF691AE50214D4B4D4A1B681268587017
:10D180001970A2F80080FEF786BEB8F1040F7FF494
:10D190004CA94378012B7FF4B0A9434B1A78022A9B
:10D1A0007FF4B1AE1B7F022B40F0E581FCF75AFB08
:10D1B00000287FF4BEA904212046FEF725FD3C4A45
:10D1C00013681A88002A3EF466AEFFF71EB9002BDA
:10D1D00000F071810025013B411DDB0011F8012F9A
:10D1E0009A40083B13F1080F45EA0205F6D140F6D4
:10D1F000FE739D4240F260817F20312503212B4B3D
:10D200002B4A1B681268187020789D705870118026
:10D21000FEF741BE244B1A78022A00F0AF817F222C
:10D220007F250320214B22491B6809681D70247843
:10D230009A705C700880FEF72EBE58685969411AD2
:10D24000092978D87F2037250321184B184A1B68F5
:10D250001268187020789D7058701180FEF71BBE00
:10D260007F2272203B681A702178114A5970987099
:10D270001368A3F80080FFF720B890F80180857844
:10D28000FDF7A0FB002800F094817F2021250321D9
:10D29000064B074A1B681268187020789D705870FA
:10D2A0001180FEF7F8BD00BF683F03208C3F0320CC
:10D2B000883F0320943F0320903F032001333373C2
:10D2C0002378002140331370637802F8013FB3687C
:10D2D0000BE034680131E35CB1F57F6F02F8013F88
:10D2E000B36803F10103B36003D074689C42F0D8C3
:10D2F00089B2726802319A4201803EF6CCAD0323B6
:10D300007373FEF7C8BDB9F1000F00F070817F2183
:10D310003B687225197003212078B84A58709D70B7
:10D3200013681980FEF7C9BFD4F8031009BAFBF7D8
:10D33000FBF80346FAE6197F012900F076817F2089
:10D3400024250321AE4BAD4A1B6812681870207863
:10D350009D7058701180FEF79EBD214620784030A8
:10D360001070A8F1020014FA80F00C4611F8017F49
:10D37000A04202F8017FF8D1FFF76FB841F27A02BC
:10D38000A8F105039BB2934240F2BB807F2713258F
:10D3900003209B4B994A1B6811681F7024789D706D
:10D3A0005C7008800CE70133337302F08BFAB8F13C
:10D3B000000F00F055812746AA46A946B0683B7980
:10D3C0007A791B0403EB0263FA78397A03EB0223C0
:10D3D0007A7A090401EB0261BA780AF1080A134467
:10D3E00019EB0302FB79083701EB0323316801F5E0
:10D3F0008021084417F8021C0B44FCF7ABFA45EAFD
:10D400000003B068D04500F10800DDB2B060D6D8A6
:10D4100002F06CFAD6E901329A4224BF03237373F7
:10D42000002D00F025817F2172200322744B1B68A0
:10D430001970217898705970704B1B681A80FEF72C
:10D440002ABD4378012B7FF458A80379002B00F004
:10D450005781012B7EF4CDAF6A48F9F7BDFF4146F5
:10D460002046FEF7D1FB654AAAE61F46B6E441789E
:10D4700001297CD0022975D07F21122011702178DA
:10D4800090705170FFF7EDB8828840F6FB7052BA89
:10D4900092B2824250D97F2231200A70227888705D
:10D4A0004A70FFF7EFB8062007995971090A1971F8
:10D4B0003080FEF702BF1D46D4F8026036BAA919C3
:10D4C0003046FCF7D9F84E4B4C4A1B68116870B1D6
:10D4D0002278F61A40321A705A1902E0F05C03F80A
:10D4E000010F9A42FAD101350D80FEF7D4BC7F209E
:10D4F00031250322187020789D7058700A80FEF73D
:10D50000CABC0023211D07A804F8083000F084FDE0
:10D510003D4907A800F0A0FD00287FF44CAE7F2015
:10D520003121374B354A1B681870207899700321D8
:10D5300058701368198043E67120087008466578B2
:10D540004D70A5788D70E4780021151F00F8034F09
:10D5500002E000F8011F0131A942FADB043292B265
:10D56000FEF752BF002029490870FEF76DBF27481B
:10D570000170FEF769BF3322FEF7A4BF1B7F022BA9
:10D5800033D1D4F802502DBA28467919FCF764F843
:10D59000002840F0A1807F2031250321184B174A35
:10D5A0001B681268187020789D7058701180FEF703
:10D5B00072BCF020611D0091B5FBF0F100FB115130
:10D5C000B8FBF0F500FB15803B463246C9B2C0B24D
:10D5D000FDF7FEF901210A4A084B10681A68237802
:10D5E000403303701180FEF756BC332218E6034A1D
:10D5F0009B00116803330B80FEF75FBE883F03205A
:10D600008C3F0320F8060208E80902089200032074
:10D610001B7F022BAFD14378012B7EF46EAFFCF75A
:10D62000EBF800287EF485AFC5E5D4F802101D693B
:10D6300009BA8D4240D000277F2658613525032046
:10D6400001329A614A4A4B4912681F771670237853
:10D650000968537095700880FEF71DBC012119E41C
:10D6600002F044F9D6E901329A4201D303237373DD
:10D6700002203F4A3F4923781268647809684033A2
:10D68000137054700880FEF706BC60782378A57884
:10D69000507003204033137095700880FEF7FBBB79
:10D6A0001B7F022B7FF467AF334B5B7B042BB6D021
:10D6B0007F202221FEF79FBE1E7794F90130002BB8
:10D6C000FEF6E9AB40F26721294A2A4B12681B6833
:10D6D00011801E80FEF7DFBB022F22D0042F1AD04C
:10D6E000082F24D06FF00603E21D1B1B02E012F886
:10D6F000011F29709918B942F9D33146FFF7CABB07
:10D700001E48AAE6FCF706F8D0B9FCF74FF8002847
:10D710007EF40FAF4FE5A36831461BBA2B60FFF7CD
:10D72000B9BB238931465BBA2B80FFF7B3BBA16835
:10D73000E0680BBA02BA3146C5E90023FFF7AABB7D
:10D740000CF0EAFC00287EF4F4AE34E57F220026DB
:10D7500031200321064B0A4D1B682E601A70054AC2
:10D76000247812685C7098701180FEF794BB00BF3B
:10D770008C3F0320883F0320943F03200C070208BE
:10D78000903F032038B500240122094B09490A4D76
:10D790004C73586009490A48C3E90344C3E9054486
:10D7A0002C601A701C77FAF7BFFF204638BD00BF07
:10D7B000683F0320943F0320903F0320280103206B
:10D7C000A42E0220114B01461A78032A02D01048D9
:10D7D000FBF744B941F288305A688A1A8242F6D976
:10D7E00000224FF0010C0B4810B40B4C427383F82D
:10D7F00000C01A77226006485DF8044BC3E9032293
:10D80000C3E905225960FBF729B900BF683F03202F
:10D81000A42E0220943F0320903F03200146024A99
:10D820000248FBF731B900BF50010320A42E0220AB
:10D830002DE9F043002585B004468DF80D50ADF874
:10D840000E50D0E90050B0F1804F0F4690461E4672
:10D85000C5F382690BD030B9B5F5FC6F63D040F2E7
:10D86000DF739D420ED0002005B0BDE8F083C5F304
:10D870000743DA2BC5F3072200F09980DB2BF2D1A6
:10D88000FF2AF0D1E06800F099FB0028EBD03B784C
:10D890000F2BE8D8002B00F09680072BE3D8013837
:10D8A0008342E0D8A2690137ADF80E30A2F500122C
:10D8B0000123B2FA82F28DF80D30504B520983F8F1
:10D8C00026216168B1F1804F00F08F804FF4FD6236
:10D8D00000214B484B4B0260C3E9002141604FF0EF
:10D8E000FF3301220DF10D01306809F029FE4FF0E0
:10D8F000FF33022204460DF10E01306809F020FECC
:10D9000002464FF0FF33144439463068BDF80E200C
:10D9100009F016FEBDF80E3004440333A34244D090
:10D92000F3F7A4FC41E04FF4FD63364AC2E900304E
:10D93000334AC2E90030E06800F040FBCDF80080D7
:10D94000A369314CA3F50013B3FA83F301463A46B9
:10D9500020465B09FAF712FF2578022D83D10027B4
:10D960004FF0FF3301220DF10D0130688DF80D707D
:10D9700009F0E6FD2A464FF0FF330546A11C30684A
:10D9800009F0DEFD02464FF0FF331544306862882F
:10D9900004F10D0109F0D4FD638805440333AB4263
:10D9A00001D0F3F763FC0023237001205CE72A2AEF
:10D9B0007FF459AF2B029BB243EA896343F45A03C5
:10D9C00043F02A03B1E7A269B2F5001F7FF44BAF21
:10D9D00008287FF648AF7B78002B3FF444AF02382D
:10D9E00083423FF640AF02375EE72A0292B242EA34
:10D9F000896242F45A0242F02A026AE7A44E0220E7
:10DA00002801032050010320A42E02204FF0000C17
:10DA100010B5029CA4F800C08C460D490B600D495E
:10DA20000C600D494860114622B1BDE810406046C7
:10DA3000FEF798B94FF07F0E8CF8002013200322D8
:10DA400083F800E09CF8001098705970228010BD97
:10DA50008C3F0320883F0320683F03204FF0000CD9
:10DA600010B5029CA4F800C08C460D490B600D490E
:10DA70000C600D494860114622B1BDE81040604677
:10DA8000FEF770B94FF07F0E8CF8002013200322B0
:10DA900083F800E09CF8001098705970228010BD47
:10DAA0008C3F0320883F0320683F032038B5049A49
:10DAB00012884AB11978512907D0C72904D1012AFF
:10DAC00002D05B78032B08D038BD4FF4FA7009F010
:10DAD00063F8BDE8384001F01BB84FF4FA7009F064
:10DAE0005BF80123084C25782370F6F703F94FF40F
:10DAF0007A7009F051F8054BEDB21868F6F702F9A3
:10DB0000F6F76EF8257038BD92000320903F032091
:10DB1000024A936801339360704700BF7401032089
:10DB2000024608B5054B064901201A6009F042FA81
:10DB3000044B054A05491860116008BDF83F0320F1
:10DB4000A83F0320A43F03206440032011DB00080A
:10DB5000002238B505460C46104601210AF022FF86
:10DB60002846A1B20BF02CFF70B941F2883406E0D0
:10DB70000122002011460AF015FF013C09D00BF0EC
:10DB800003FF0028F4D138BD064AD3680133D360BF
:10DB900038BD044A936801339360BDE838400BF008
:10DBA00001BF00BF74010320F8B507460D46174CAE
:10DBB0004FF0FF31206809F0BBFA0128F8D1144E6C
:10DBC0003368186809F09AFCA8420BD20023206839
:10DBD0001A46194609F052F901200E4AD368034447
:10DBE000D360F8BD32680023394610682A4609F030
:10DBF000A7FC024600232068144619461A4609F07D
:10DC00003DF9A542E8D10020F8BD00BFA43F0320A4
:10DC1000F83F03207401032010B5044C4FF0FF318E
:10DC2000206809F085FA0128F8D110BDA43F03202F
:10DC30000023034A194610681A4609F01FB900BFAD
:10DC4000A43F032070B50D4E054632680C4610689F
:10DC500009F054FCA04205D20120094AD3680344CC
:10DC6000D36070BD3068002322462946006809F061
:10DC700067FC8442F0D1002070BD00BFF83F032054
:10DC80007401032010B5044600F0CEF90146204689
:10DC9000BDE81040FFF788BF00B583B001A900F0D0
:10DCA000A3F8022101A8FFF77FFF03B000BD00BF6A
:10DCB00000B583B0694600F029F808216846FFF7EF
:10DCC00073FF03B000BD00BFE2B1034610B40E4CB9
:10DCD0005000013903EB420211F801CF02334FEA41
:10DCE0001C1C14F80CC0934203F802CC91F800C03D
:10DCF0000CF00F0C14F80CC003F801CCECD15DF85B
:10DD0000044B704710467047080A02084FF0000C99
:10DD1000034610B5E646174AC3F30334145D0820E2
:10DD200064F3070C1C0F145D64F3070EC3F30324A4
:10DD3000145D64F30F2CC3F30364145D64F30F2EBE
:10DD4000C3F30314145D64F3174CC3F30354145D5D
:10DD500064F3174E03F00F04C3F30343145DD35C65
:10DD600064F31F6C63F31F6EC1F800E0C1F804C0D8
:10DD700010BD00BF080A02080346094AC3F3032C7A
:10DD800012F80CC0032081F800C0C3F3031C03F099
:10DD90000F0312F80CC0D35C81F801C08B70704780
:10DDA000080A02080346002210B40E4C4FEA133C46
:10DDB00014F80CC004206CF30702C3F3032C14F80E
:10DDC0000CC06CF30F22C3F3031C14F80CC003F057
:10DDD0000F03E35C6CF3174263F31F625DF8044BBF
:10DDE0000A607047080A02080346064A4FEA131CF5
:10DDF00003F00F0312F80CC0D35C022081F800C0BE
:10DE00004B707047080A02080346034A03F00F03E9
:10DE1000D35C01200B707047080A020850EA010326
:10DE200005D13021002301201170537070472DE976
:10DE3000F0478A464FF0000911464FF0CC380526CE
:10DE40001F4C0B4610EB0A0C4CF1000CA4FB0C15FC
:10DE500025F0030101EB9501ACEB010CB0EB0C05D7
:10DE600008FB05F10746A5FB040E6AF1000504FB5B
:10DE700005115546714400F0010E4008AEFB06EA5C
:10DE800040EAC1704FEA510A19461EEB0C0E0A2FE8
:10DE90000EF1300E75F1000501F801EBD1D2881AB0
:10DEA0009A4281F80090C0B207D211781C7802F82B
:10DEB000014B03F801199A42F7D3BDE8F08700BF80
:10DEC000CDCCCCCCA2B110B40A4C013801EB42024B
:10DED00091F800C04B7814F80CC0E35C023103EBFE
:10DEE0000C138A4200F8013FF2D15DF8044B7047F1
:10DEF000704700BF180A0208014A0378D05C7047D7
:10DF0000180A0208044B027841789A5C585C00EBCE
:10DF10000210C0B2704700BF180A020800B50A4AD2
:10DF200043780178D35C90F803E0515C90F802C02C
:10DF30001B0212F80E0003EB013312F80C201844F8
:10DF400000EB021080B200BD180A0208064A4378AE
:10DF50000178D35C8078515C105C1B0103EB0123DA
:10DF6000184480B2704700BF180A0208124A43786A
:10DF700090F800C08178D35C12F80CC0515C1B068D
:10DF800003EB0C7390F803C003EB0153017912F813
:10DF90000CC0515C03EB0C4390F805C003EB01335C
:10DFA000817912F80CC0C079515C105C03EB0C2332
:10DFB00003EB011318447047180A0208014BC0B262
:10DFC000185C7047F8090208704700BF0AB10BF0EF
:10DFD0009BBF70474AB1013A4B1E0138114413F8F8
:10DFE000012F8B4200F8012FF9D170477AB1013A25
:10DFF000431E0139104401E0834208D013F801CFD9
:10E0000011F8012F9445F7D003D901207047002063
:10E0100070474FF0FF307047421E11F8013B02F885
:10E02000013F002BF9D1704708B503782BB10130BF
:10E03000F2F706F9013080B208BD184608BD00BFEE
:10E040004FF47A7202FB00F0024BA3FB0030800910
:10E0500008F0A2BDD34D621088B179B103781BB925
:10E0600015E010F8013F5BB18C4611F8012B9A4284
:10E07000F7D0981AB0FA80F0400970470846704708
:10E080009CF80120981AB0FA80F0400970470A788D
:10E09000EFE700BFA2B10244431E013902F1FF3C89
:10E0A00002E060B163450BD013F8010F11F8012FA6
:10E0B0009042F6D001D9012070474FF0FF307047F1
:10E0C0000020704710B5144658B3027802B301F12E
:10E0D000FF3C614601E0934216D011F8013F002B4E
:10E0E000F9D1427800F1010E5AB1614601E0934244
:10E0F00012D011F8013F002BF9D11EF8012F002A90
:10E10000F3D11346236010BD10F8012F002AE0D18F
:10E1100000232360002010BD0022734603F8012B6A
:10E12000F0E710680028D0D1F4E700BF30B505460D
:10E130000AB10023137005B32C78F4B1002007E076
:10E14000DBB28B4219D215F8014F00FB0130B4B19C
:10E15000A4F13003DBB2092BA4F1410CF1D9BCF1DD
:10E16000050FA4F1610EA4F13703E9D9BEF1050F43
:10E1700003D8573CE3B28B42E5D3002030BD002AE0
:10E18000FCD00123137030BD024620B9302301209A
:10E190004A700B7070478C4630B5124D9646A5FB01
:10E1A0000240C00800EB8004A2EB440202F13004FC
:10E1B000BEF1090F634602460CF8014BEED800226F
:10E1C000ACEB01009942C0B28CF8002008D20A786A
:10E1D00093F800C001F801CB03F801299942F6D366
:10E1E00030BD00BFCDCCCCCC10B50F4B82B0186E7B
:10E1F000002240F0010018661C6E072104F00104A3
:10E200000094009C9C6D6FF0010044F080549C656C
:10E210009B6D03F080530193019B00F01FFC02B043
:10E22000BDE8104003F03ABD00100240094B0268FF
:10E230009A4200D07047A3F500539A6C82B042F422
:10E2400080529A649B6C03F480530193019B02B04B
:10E25000704700BF0030024010B500210446ACB04A
:10E26000942207A8CDE90211CDE9041106910BF023
:10E270004BFE274B22689A4201D02CB010BD4FF0C4
:10E2800000724FF0807307A80792219304F0E4FB1B
:10E29000002832D19FED1A6B9FED1B7B09241D4B8B
:10E2A00002A9DA6D1C4842F40072DA65DA6D02F4F4
:10E2B00000720092009ADA6C42F00202DA64DB6CBF
:10E2C0008DED026B03F0020301938DED047B019B46
:10E2D000069401F0DFFD00220521272000F0BEFB9F
:10E2E000272000F0F5FB00220521282000F0B6FBD6
:10E2F000282000F0EDFB2CB010BDF2F7B7FFC9E706
:10E300000003000002000000000000000000000008
:10E3100000A40040001002400004024208B5026858
:10E320000A4B9A4200D008BD094A4FF44071D36DA0
:10E33000084823F40073D36501F0B2FE272000F0F3
:10E34000D5FBBDE80840282000F0D0BB00A4004069
:10E35000001002400004024210B500210446ACB097
:10E36000942207A8CDE90211CDE9041106910BF022
:10E37000CBFD254B22689A4201D02CB010BD8023E2
:10E3800007A8079304F068FB002832D19FED1A6BB1
:10E390009FED1B7B04221D4C02A9E36C1C4843F03B
:10E3A0000203E364E36C8DED026B03F00203009360
:10E3B0008DED047B009B069201F06CFDA36D0022A5
:10E3C00043F48003A365A36D052103F48003019347
:10E3D0003920019B00F042FB392000F079FB00223C
:10E3E00005213A2000F03AFB3A2000F071FB2CB0F6
:10E3F00010BDF2F73BFFC9E7000C0000120000005F
:10E400000100000000000000005800400010024021
:10E410000004024210B50446A6B09422002101A8CF
:10E420000BF072FD114B22689A4201D026B010BD4C
:10E430004FF4802301A8019304F00EFB98B90C4B14
:10E440000022D86C052140F48020D864DB6C5E206B
:10E4500003F480230093009B00F000FB5E2000F09B
:10E4600037FB26B010BDF2F701FFE8E700080C42C9
:10E4700000100240F0B50024414B026889B09A4276
:10E48000CDE90244CDE90444069401D009B0F0BDC1
:10E4900003F5EC339A6D052642F480429A659A6D35
:10E4A000032702F480420092009ADA6C054642F09B
:10E4B0000202DA64DB6C4FF4204203F002030193A2
:10E4C000022301992F4802A9CDE90223CDE905765F
:10E4D00001F0E0FC02224FF48043CDE90232012337
:10E4E000284802A906960493059701F0D3FC8023DF
:10E4F0000E211022244EC6E90343244B3046C6E9C0
:10E500000112C6E90544C6E90744336000F0B4FBD4
:10E5100048BB10211C4800F05FFD68BB002380222F
:10E520000D211B4C6E65C4E90233C4E90423C4E920
:10E5300006332362174B2046B5626160236000F00A
:10E540009BFBB0B91021124800F046FD70B90022C3
:10E5500005213C20AC65A56200F080FA3C2000F06B
:10E56000B7FA09B0F0BDF2F781FED2E7F2F77EFE0E
:10E57000EDE7F2F77BFEE5E7F2F778FECEE700BFC6
:10E580000038004000040242302603200800024008
:10E59000C82503201C00024000B5036887B0B3F112
:10E5A000804F0DD02E4A934238D02E4A934214D039
:10E5B0002D4A934226D02D4A934244D007B000BD45
:10E5C00003F504339A6D42F001029A659B6D03F0E6
:10E5D00001030193019B07B000BD254B0022986DFC
:10E5E000052140F0200098659B6D322003F0200348
:10E5F0000393039B00F032FA322007B05DF804EB7E
:10E6000000F066BA1A4B1A6E42F400321A661B6E9C
:10E6100003F400330493049B07B000BD144B0022A5
:10E62000986D052140F0100098659B6D312003F036
:10E6300010030293029B00F011FA312007B05DF83D
:10E6400004EB00F045BA0A4B1A6E42F480221A66B7
:10E650001B6E03F480230593059B07B000BD00BF2C
:10E6600000100040001400400044014000480140F8
:10E67000001002400000000010B500210446AEB0BA
:10E68000942209A8CDE90411CDE9061108910BF0F7
:10E690003BFC2D4B22689A4201D02EB010BD4FF4A6
:10E6A000005309A8099304F0D7F900283FD19FED42
:10E6B000226B9FED237B0A22244C2548E36C04A99E
:10E6C00043F00103E364E36C8DED046B03F001039D
:10E6D0000193019B8DED067B089201F0DBFBE36D5E
:10E6E00043F40013E365E36D03F400130293029B0C
:10E6F000A36DDB0018D4A36D43F08053A365A36D15
:10E7000003F080530393039B03F0C0FAA36D23F03F
:10E710008053A36500220521492000F09FF949207C
:10E7200000F0D6F92EB010BD03F0B0FAF2E7F2F720
:10E730009DFDBCE7AFF30080001800000200000060
:10E74000000000000000000000D400400010024063
:10E750000000024210B5014688B000222A2000F0D5
:10E760007DF92A2000F0B4F9154B01A91A6E03A80F
:10E7700042F400621A661B6E124C03F400630293AB
:10E78000029B04F061F804F047F80346002140F2D0
:10E79000E7300D4A2161A2FB0323A1609B0C0B49CA
:10E7A000E060013B20462160636005F097FA10B1FC
:10E7B000012008B010BD204605F0A0F808B010BD3B
:10E7C00000100240FC3F032083DE1B43002C01406D
:10E7D000FEE700BFFEE700BFFEE700BFFEE700BFA9
:10E7E000FEE700BF704700BF014800F083BB00BFD9
:10E7F00030260320014800F07DBB00BFC825032060
:10E80000014800F097BF00BFF8270320014800F03F
:10E8100091BF00BFF8270320014805F05FB900BF92
:10E82000FC3F0320014805F059B900BF3025032003
:10E83000014805F053B900BFE4240320014801F06A
:10E840005FBE00BFA4270320014801F0EDBF00BF59
:10E85000A4270320014804F027BF00BF9826032007
:10E86000014805F005BB00BF10270320014802F056
:10E870008DBA00BF70210320014800F03BBB00BFF0
:10E8800080280320014804F0F5BB00BFFC260320CC
:10E890000D49034610B50D4A0D4C0868121B20B1F6
:10E8A0000344934207D80B6010BD0A4C2046034432
:10E8B00093420C60F7D90BF09DFB0C2203464FF0FE
:10E8C000FF301A6010BD00BF484003200000042044
:10E8D00000100000F0740320034AD2F8883043F49B
:10E8E0007003C2F88830704700ED00E0254B2549E1
:10E8F0001A68120754BFD3F894301B688A6858BF4F
:10E90000C3F3032302F00C0248BFC3F30313082A26
:10E9100012D01D480C2A50F823300FD01B49042A6E
:10E9200008BF0B46174A1A4892681A49C2F30312E5
:10E93000825CD3400B607047174BF3E7C868CA6826
:10E9400000F00301C2F30312022902F1010211D007
:10E95000032913D0B3FBF2F10A4AD368D268C3F398
:10E96000062301FB03F3C2F3416201325200B3FB01
:10E97000F2F3D7E70549B1FBF2F1EDE70649B1FB48
:10E98000F2F1E9E700100240180B02080024F4003D
:10E99000600B02088401032080969800DFF834D0D1
:10E9A000FFF79AFF002103E00B4B5B584350043103
:10E9B0000A480B4B42189A42F6D30A4A02E0002357
:10E9C00042F8043B084B9A42F9D30BF019FBF2F7DB
:10E9D00095F8FEE700000420940B020800000320D5
:10E9E000F8030320F8030320EC740320FEE7000083
:10E9F000042010B500F020F8FFF778FF0020FFF7A3
:10EA0000A9FE10B10124204610BD0446FFF7ECFB1F
:10EA1000204610BD034A044B11681B780B44136059
:10EA2000704700BF4C40032088010320014B186849
:10EA3000704700BF4C4003204FF6FF0C064903020D
:10EA4000CA6803F4E06302EA0C02134343F0BF63B5
:10EA500043F40033CB60704700ED00E01A4B00B583
:10EA6000DB68C3F30223C3F1070EBEF1030F03F10A
:10EA7000030C28BF4FF0030EBCF1060F1BD9A3F106
:10EA8000040C4FF0FF3303FA0CF322EA03024FF0B9
:10EA9000FF3303FA0EF321EA030303FA0CF31343E3
:10EAA0005B010028DBB209DB00F1604000F561404A
:10EAB00080F8003300BD00229446E8E7034A00F0E6
:10EAC0000F000244137600BD00ED00E0FCEC00E016
:10EAD000002807DB012300F01F01034A40098B4097
:10EAE00042F82030704700BF00E100E000280CDB56
:10EAF00001220649430900F01F002033824041F8FB
:10EB00002320BFF34F8FBFF36F8F704700E100E00A
:10EB1000BFF34F8F0549064BCA6802F4E062134306
:10EB2000CB60BFF34F8F00BFFDE700BF00ED00E0FB
:10EB30000400FA05002836D038B5437F044603F0B8
:10EB4000FF0263B3022223796277F3B92368174A7D
:10EB50005A619A6822F018029A6062798AB1226931
:10EB60001A6101219A68656922F060022A439A605D
:10EB70009A68A56922F080022A439A606177002092
:10EB800038BD4FF0FF321A61EBE72046D4E902129C
:10EB900000F00EF808B92368DFE7012038BD0277DE
:10EBA000FFF744FBCEE70120704700BFB71DC1044B
:10EBB000CB071AD51E2310B401E0013B17D321FA6D
:10EBC00003FC1CF0010FF8D0182A11D8DFE802F07E
:10EBD000161010101010101024101010101010101B
:10EBE00021101010101010101400012070472AB1CD
:10EBF00001205DF8044B7047062BF9D8046800200B
:10EC00006161A36823F018031343A3605DF8044B0C
:10EC10007047072BF2D9EBE70F2BEFD9E8E700BFDE
:10EC200011490368C26C8B4288BF104922F003026D
:10EC300094BF02F1804189184FF0010210B4DBB299
:10EC40000B4CA3F10803A4FB03430A4CC3F30413C6
:10EC500098BF01F5023102FA03F3C0E91414836589
:10EC60005DF8044B704700BF0704024020080240D3
:10EC7000CDCCCCCC8008024000285ED00268304B5E
:10EC800070B59A42044646D92E4B2F491344A1FB36
:10EC900003132E481B099B000221C4E91203D4E987
:10ECA000025320692B430343606984F82510034312
:10ECB000A06911680343E0696FF310110343206AF0
:10ECC00003430B4320461360FFF7AAFFD4E9146106
:10ECD000B5F5804FA06D27D06368DAB2013B032BF6
:10ECE0003260486024D801210020194B194D13448B
:10ECF000013A01FA02F218499B00E3656266256653
:10ED000018604A6400230122636484F8243084F884
:10ED10002520184670BD114B0B491344A1FB03136A
:10ED20001B090F489B00B7E700236360336048600E
:10ED30000023C4E917336366E4E70120704700BF8E
:10ED400007040240F8FBFDBFCDCCCCCC0004024050
:10ED50003F8200104009024000090240F8FFFDBF59
:10ED600000000240F0B590F82440012C0AD04FF08A
:10ED7000010C90F8254080F824C0644504D000239D
:10ED800080F824300220F0BD0026D0E9157C4FF039
:10ED9000020E046880F825E046642668C56D26F0FA
:10EDA00001062660C7F804C015B1D0E9186777607E
:10EDB0000126C76C07F01C0C876C06FA0CF67E6007
:10EDC00063608368102B036B0BBFA260A160E160DE
:10EDD000E260B3B1236843F00E032360036D1A6849
:10EDE000D20303D51A6842F480721A601DB12B68F1
:10EDF00043F480732B602368002043F001032360F9
:10EE0000F0BD236823F004032360236843F00A0362
:10EE10002360E3E790F825200346022A06D0042267
:10EE20005A640022012083F824207047026870B4DD
:10EE3000046D1068D96C20F00E00106020689E6C84
:10EE400020F480702060106801F01C0120F00100A7
:10EE500010600122D3E91545D86D8A407260656063
:10EE600030B1D3E91814026822F4807202604C6059
:10EE7000012283F82520002283F82420002070BC82
:10EE8000704700BF90F825200346022A03D00422D1
:10EE900001205A647047026870B5046D1068D96C1F
:10EEA00020F00E00106010689E6C20F001001060D1
:10EEB0002268D86D22F4807222600122D3E91545C0
:10EEC00001F01C018A407260656030B1D3E918140A
:10EED000026822F4807202604C60012000211A6CEA
:10EEE00083F8250083F824100AB1184690470020C3
:10EEF00070BD00BF0421F0B4C26C866C02F01C022D
:10EF000035680468914029420346276812D017F0FB
:10EF1000040F0FD02268170439D42268950603D451
:10EF2000226822F0040222601A6B716092B1F0BC78
:10EF3000184610470221914029420DD0B8070BD541
:10EF4000226812F4004F226829D0D4033CD45A6BB3
:10EF5000002AECD1F0BC7047082191402942F9D039
:10EF60003907F7D52168002021F00E012160012129
:10EF7000DC6B01FA02F27260596483F8240083F8B2
:10EF80002510002CE6D018462346F0BC18477160C7
:10EF90002268D60314D4036B002BF6D1DAE790066F
:10EFA00006D4226822F00A022260012283F825207A
:10EFB0000020DA6A716083F82400002AB7D1C9E71B
:10EFC000836B002BE1D1C5E7DA6A002AAFD1C1E734
:10EFD00090F82500704700BF60B10368C8061A6842
:10EFE00005D5C9024CBF42F4801222F480120020E1
:10EFF0001A60704701207047002800F0D78038B5AC
:10F0000090F85C30044603F0FF02002B70D02268B9
:10F01000936923F010039361FFF708FD054604E0B0
:10F02000FFF704FD401B0A2859D823689A69110785
:10F03000F6D49A6942F001029A61FFF7F7FC05469F
:10F0400004E0FFF7F3FC401B0A2848D823689A69BC
:10F05000D207F6D59A696068574942F002029A6170
:10F060000860227C012A9A690CBF22F0400242F01B
:10F0700040029A61627C012A9A690CBF42F4804284
:10F0800022F480429A61A27C012A9A690CBF22F480
:10F09000805242F480529A619A69A06822F44072C8
:10F0A00002439A619A69E16822F0A4029A611A699E
:10F0B000012922F010021A611FD011B302299A69A6
:10F0C00076D042F080029A611A69032942F0100258
:10F0D0001A6116D19A6942F020029A6111E0032266
:10F0E000236E012043F00103236684F85C2038BDC1
:10F0F00080F85D20FFF7B0F889E79A6942F00402D2
:10F100009A61D4E90612013A0139120242EA4162D7
:10F11000216AB0F5407F01F1FF3142EA01026169E5
:10F1200001F1FF3142EA0142DA610ED1D4E90B026A
:10F13000A16A013A01381201013942EA00220A4368
:10F14000616A013942EA0142DA60D3F8C020E06B1B
:10F15000616B0243C3F8C020D3F88020174822F423
:10F16000F81242EA01422064C3F88020D3F88020DC
:10F17000A16B134D22F0706242EA01626564C3F82C
:10F180008020104B10494035C4E91253F033C4E9D4
:10F1900014134FF4547200210AF0B6FE002301222A
:10F1A000236684F85C201846A36538BD01207047AB
:10F1B00042F020029A61A4E700A5004000AC0040A4
:10F1C00070AC004088AD004060AE004090F85C201C
:10F1D0000346013A012A05D91A6E012042F00202C3
:10F1E0001A6670478A6870B4D1E903544869920777
:10F1F000D1E9006156B942EAC56202431B6C42EA9A
:10F200000442002070BC43F8212070475B6C44EA44
:10F21000457443F83140104303EBC103586070BCA0
:10F2200000207047844690F85C00012807D0DCF885
:10F230006030012043F00403CCF86030704710B414
:10F240000198DCF8004040EA4303D4F8800043EA28
:10F25000820242EA011120F03F030B430020C4F870
:10F2600080305DF8044B704790F85C200346012A1B
:10F2700005D01A6E012042F004021A667047026837
:10F280000020936923F400439361704790F85C2059
:10F290000346012A05D01A6E012042F004021A66C4
:10F2A000704702680020936943F4004393617047FC
:10F2B00090F85C200346012A05D01A6E012042F026
:10F2C00004021A6670470222002110B4046880F814
:10F2D0005C20A269084622F00102A2615DF8044B9D
:10F2E0001966704790F85C300146022B17D102680E
:10F2F000936943F0010393619369DB0758BF0B23C4
:10F3000013D49069C00710D4013BFAD103220B6ECD
:10F31000012043F001030B6681F85C207047036E07
:10F3200043F00803036601207047936923F010033C
:10F33000936193691B0748BF0B2305D590690007AC
:10F3400002D5013BFAD1E1E74FF0010C10B40024E3
:10F350009369204643F00203936181F85CC08C6599
:10F360005DF8044B704700BF88B110B50446FFF745
:10F37000B9FF22682046D36D23F00303D365FEF75F
:10F38000CDFF0023236684F85C30184610BD0120B1
:10F39000704700BFF0B590F85C308646022B0BD169
:10F3A0000568D5F8C43013F4001C0BD0036E43F489
:10F3B000007303660120F0BD036E43F0080303668B
:10F3C0000120F0BDD5F8C4604B680C6988680F68EF
:10F3D000C6F30146002B37D1044344EA8744D1E900
:10F3E00006030343486906EBC6070343086A43EA7A
:10F3F0000063C86843EA0043DEF8540040F8374031
:10F4000000EBC7004360134CCB68E35CA3B1937877
:10F41000D7781B0443EA0763177804323B4312F89A
:10F42000037C43EA07230CEB0007BB60CB680CF1BD
:10F43000040CE35C9C45EAD30123B340C5F8CC300F
:10F440000020CEF85830F0BD3C43044344F08044E3
:10F45000C5E700BF700B02082DE9F04190F85C4051
:10F46000022C64D1402905686DD0D5F89840270753
:10F4700064D0D5F89870D5F89840C7F30128E60114
:10F4800007D5D5F88040E40544BF08F1010707F02F
:10F490000308C46C08EBC80604EBC604266806F033
:10F4A00080465660D4F800C0002E66D1CCF38A4660
:10F4B0001660266806F000569660266806F000463C
:10F4C0001661A688D661B4F806C00CF00F0CC2F81D
:10F4D0000CC0666806F480165661666806F400166D
:10F4E0009661E67906F07F061662274E676816F881
:10F4F0000CE04FEAD77CC2F824C0BEF1000F10D058
:10F50000013B04F1070EF4461EF8015FACF1060C56
:10F5100003F8015FD568ACEB040C755D6545F2D866
:10F52000056840292CD0C5F89C80002004E0036EBB
:10F5300043F0080303660120BDE8F081036E43F445
:10F5400080730366F7E7D5F890402707F6D0D5F823
:10F550009070D5F89040C7F30128E60107D5D5F89B
:10F560008040A40544BF08F1010707F00308846C3C
:10F5700008EBC80604EBC60490E72CF0604697E75A
:10F58000C5F89480D1E700BF700B020803461B68E2
:10F5900030B45B6C002003F00704C3F30222C1E91E
:10F5A0000042C3F34014C3F38012C1E90342C3F322
:10F5B000C014C3F3C022C1E90542C3F30034C3F34E
:10F5C000403203F01805C1E90742C3F38032C3F3A8
:10F5D00006438D60C1E9092330BC7047034630B44F
:10F5E0001B6800201B6CDCB2C3F3C035C3F30622DA
:10F5F000C3F30743C1E900428D60CB6030BC704764
:10F60000036840290CBFD3F89000D3F8980000F0AD
:10F610000F0070470368D3F8C40000F0070070477C
:10F62000034690F85C000138012805D91A6E0120C4
:10F6300042F002021A6670471B6870B411F00705A9
:10F64000986D01F0380420D0C6071ED4DD6D45F05A
:10F650000105DD650CB384071FD5D86D40F00200AD
:10F66000D8650C0604D5D3F8DC001043C3F8DC00E1
:10F67000C80504D5D3F8E0000243C3F8E0205A6D72
:10F68000002070BC0A435A65704704B386071ED435
:10F69000DE6D46F00106DE6525BB11F4E07F01D08A
:10F6A0004607DAD411F4F05F01D00507D5D411F480
:10F6B000604F01D0C406D0D411F4403F01D086067B
:10F6C000CBD411F47C0FCCD04506C6D4C9E711F4D5
:10F6D000E07F0AD0460708D4DE6D46F00106DE65FD
:10F6E000002DB7D0C507B5D5B7E711F4F05F01D04D
:10F6F0000607F1D511F4604F01D0C606ECD511F420
:10F70000403F01D08606E7D511F47C0FE8D04606CD
:10F71000E2D5002D9ED0E5E7704700BF704700BFDF
:10F72000704700BF704700BF704700BF704700BF01
:10F73000704700BF2DE9F84F036804461A6D596DF4
:10F7400002EA010A1A6D596D0AF4E05A02EA010947
:10F750001A6D596D1E6D02EA01085A6D1F6D164033
:10F760005A6DD3F854B01D6D1740690609F00709AA
:10F7700008F0380806F4710607F4602702D51BF07C
:10F78000400F73D1EA0502D51BF4807F5DD1BAF139
:10F79000000F4AD1B9F1000F35D1B8F1000F3CD1BB
:10F7A000AB0502D51BF4007F75D1280602D51BF0EE
:10F7B000800F78D1A90402D51BF4005F5BD12A0425
:10F7C00002D51BF4004F5ED16B040AD51BF4804FA9
:10F7D00007D04FF4804223681A65236E43F08003FC
:10F7E00023664FB926B123681E65236E3343236613
:10F7F000236E2BBBBDE8F88F2368394620461F6572
:10F80000F4F71EFCEEE7236849462046C3F8509003
:10F81000F4F764FBB8F1000FC2D0236841462046DC
:10F82000C3F85080FFF77AFFBAE7236851462046B5
:10F83000C3F850A0FFF770FFB9F1000FADD0E2E7B9
:10F840002046F4F7E1FBBDE8F88F4FF4807223689F
:10F850002046D3F8D8C0D3F8E0101A650CEA0101AD
:10F86000FFF760FFBAF1000F94D0DEE740221A657F
:10F87000FFF75EFF86E74FF40052236820461A65C3
:10F88000FFF752FF9BE74FF40042236820461A65BA
:10F89000FFF74CFF98E74FF40072236820461A6583
:10F8A000FFF73EFF81E7802223682046D3F8D4C0CB
:10F8B000D3F8DC101A650CEA0101F4F789FB79E74B
:10F8C000006E7047064B9A6A002A01DB00207047E1
:10F8D0000449054A99609A60986AC00F704700BF52
:10F8E0000020024023016745AB89EFCD044B9A6AA3
:10F8F00042F000429A62986AC043C00F704700BF4E
:10F9000000200240064B986A10F0804006D005495E
:10F91000054A19611A61986AC0F38070704700BF88
:10F92000002002403B2A19087F6E5D4C054B9A6A05
:10F9300042F080429A62986A80F08040C0F3807002
:10F94000704700BF00200240034A0120936A43F041
:10F9500000639362704700BF0020024070B5164CF0
:10F960000546FFF763F8236ADE0306D56A1C18BF55
:10F97000064612D1236AD803FCD442F2FA010E4A99
:10F98000136A0B4010D1136A0020DB0744BF012328
:10F99000136270BD236AD903EFD5FFF747F8801BC8
:10F9A000A842F7D3032070BD044C012061681362A4
:10F9B0001943616070BD00BF002002409001032028
:10F9C0002DE9F0411A4C94F800C0BCF1010F2CD085
:10F9D000984601232370002307464FF47A700D46A2
:10F9E00016466360FFF7BAFF18B100232370BDE825
:10F9F000F081A760EFF3108272B60E4FBB6A43F03E
:10FA00000103BB622E60BFF36F8FC5F8048082F3E1
:10FA100010884FF47A70FFF7A1FFA268BB6A22F04A
:10FA2000004223EA0203BB62DFE70220BDE8F08167
:10FA300090010320002002400E4B1A6C510212D597
:10FA4000C20703D59A6A42F004029A62830704D57A
:10FA5000084A936A43F400439362064A936A43F464
:10FA60008033936270479A6A42F4004242F0040283
:10FA70009A62F2E70020024070B58E4D2B78012B80
:10FA800020D00122002304464FF47A702A706B6064
:10FA9000FFF764FF98B92068C10700F1C4808207AE
:10FAA00012D4430719D4030700F1AF80824A4FF400
:10FAB0007A70936A43F400339362FFF74FFF002399
:10FAC0002B7070BD022070BD7B4A2169136C23F03E
:10FAD000FF030B4313644307E5D5D4E9052612F071
:10FAE000010316BF4FF4E061194606EA010312F064
:10FAF000020F05D006F4805C41F4805143EA0C0308
:10FB000012F0040F05D006F4005C41F4005143EA02
:10FB10000C0312F0080F05D006F4804C41F480412C
:10FB200043EA0C0312F0100F05D006F4803C41F4B8
:10FB3000803143EA0C0312F0200F05D006F4003C9C
:10FB400041F4003143EA0C0312F0400F05D006F4F3
:10FB5000802C41F4802143EA0C0312F0800F05D081
:10FB600006F4002C41F4002143EA0C0312F4807FD8
:10FB700005D006F4801C41F4801143EA0C0312F412
:10FB8000007F05D006F4001C41F4001143EA0C0389
:10FB900012F4006F05D006F0807C41F0807143EADA
:10FBA0000C0312F4805F05D006F0007C41F0007178
:10FBB00043EA0C0312F4005F05D006F0806C41F0BC
:10FBC000806143EA0C0312F4804F05D006F0006C0C
:10FBD00041F0006143EA0C0312F4004F05D006F037
:10FBE000805C41F0805143EA0C03D20304D506F057
:10FBF0000046334341F000412F4E326C22EA0102AD
:10FC00001343336403077FF551AFD4E90732012B67
:10FC100048D0022B7FF44AAF27498B6C03F07F0357
:10FC200013438B6442E76368D4E90212013B072B5C
:10FC30003FF635AF01A656F823F000BF93FC00084D
:10FC400081FC00089FFA00086FFC00089FFA00087A
:10FC50009FFA00089FFA00085DFC0008164EF36E3C
:10FC600023F07F130B4343EA0243F36617E7124E78
:10FC7000B36E23F07F130B4343EA0243B3660EE7F0
:10FC80000D4EF36D23F07F130B4343EA0243F365FC
:10FC900005E7094EB36D23F07F130B4343EA02439C
:10FCA000B365FCE604494B6C03F07F0313434B64DC
:10FCB000FCE600BF900103200020024006224368BA
:10FCC0000260082B04D84FF48B72DA40D20717D4A5
:10FCD000334B1B6CDBB2AA2B05D0552B03D0CC2B9E
:10FCE0000CBFCC23BB232E49C26903610B6C02F10C
:10FCF000FF3C23F0FF03BCF1010F836118D970476B
:10FD00000722013B0260072BE2D801A252F823F040
:10FD100083FD00086FFD0008D1FC00085BFD0008B2
:10FD2000D1FC0008D1FC0008D1FC000847FD000808
:10FD30000368012A43F0080303602CD08B6C23F086
:10FD40007F0303627047164AD36E03F07F0383601C
:10FD5000D36EC3F30643C360BAE7114A936E03F050
:10FD60007F038360936EC3F30643C360B0E70C4A1E
:10FD7000D36D03F07F038360D36DC3F30643C36089
:10FD8000A6E7074A936D03F07F038360936DC3F387
:10FD90000643C3609CE74B6C23F07F03036270470C
:10FDA000002002400F4B1A6C12F4800F9A6A01D0A7
:10FDB000C90712D522F400629A620A4A936A23F4B0
:10FDC0007E7323F0020343EAC00343F0020393620D
:10FDD000936A43F480339362704742F400629A62FC
:10FDE000EBE700BF002002402DE9F041274E3378B9
:10FDF000012B3DD00122002304464FF47A7088463F
:10FE000032707360FFF7AAFD074660BB48F2040238
:10FE10002368B36023F0004393422DD04FF0FF33AB
:10FE2000C8F80030D4E902532B449D4206D312E0B7
:10FE30000135D4E902321344AB420CD9284661683B
:10FE4000FFF7B0FF4FF47A70FFF788FD0028EFD07E
:10FE50000746C8F800500E49B2688B6A22F000428B
:10FE600023EA02038B62002333703846BDE8F08139
:10FE700002273846BDE8F0816068FFF7DDFD4FF4EA
:10FE80007A70FFF76BFD0746E5E700BF900103209E
:10FE9000002002402DE9F04F0C6883B0002C00F0E8
:10FEA000908000238946774F012202FA03F515EA74
:10FEB000040800F081800326D9F8041003FA02F246
:10FEC00001F0030E0EF1FF3A06FA02FCBAF1010F3F
:10FED0006FEA0C0CD9F8086076D9BEF1030F01D196
:10FEE000012E05D0C568964005EA0C052E43C66074
:10FEF00005680EFA02F205EA0C052A4311F4403FA8
:10FF0000026059D04FF00F0C23F0030202F180423F
:10FF100002F53D3203F00306156EF6000CFA06FCFE
:10FF200025EA0C0E584DA84222D005F58065A8425E
:10FF300000F08C80554DA84200F08F80DFF850C152
:10FF400060457CD0DFF84CC1604500F08D80DFF863
:10FF500048C1604500F08F80DFF840C160450CBFAC
:10FF60004FF0060C4FF0070C0CFA06F64EEA060EA0
:10FF70006FEA0805C2F860E03A68CE0254BF2A4032
:10FF800048EA02023A607A688E0254BF2A4048EA80
:10FF900002027A60D7F884208E0354BF2A4048EAD0
:10FFA0000202C7F88420D7F88020C90354BF2A4032
:10FFB00048EA0202C7F88020013334FA03F27FF4E2
:10FFC00073AF03B0BDE8F08F9640D0F808B001964B
:10FFD000D9F80C600BEA0C0B06FA02FA4AEA0B0A93
:10FFE000C0F808A0D0F804A0019E2AEA050AC1F3CF
:10FFF00000159D4045EA0A054560C568BEF1020F3F
:020000040801F1
:1000000005EA0C0546EA0506C6607FF471AFD9F82B
:10001000105003F00706B600B54001950F254FEAD2
:10002000D30A00EB8A0ADAF820B005FA06F6019D39
:100030002BEA060B45EA0B05CAF8205058E74FF0AB
:10004000030C0CFA06F64EEA060E91E74FF0010C8F
:100050000CFA06F64EEA060E8AE74FF0020C0CFA8E
:1000600006F64EEA060E83E74FF0040C0CFA06F68D
:100070004EEA060E7CE74FF0050C0CFA06F64EEA47
:10008000060E75E700F4024000000242000802423A
:10009000000C024200100242001402420018024208
:1000A000002900F095802DE9F04F00234FF00F0953
:1000B0004FF0030A474E01229A4012EA010E69D01E
:1000C00023F0030505F18045434F05F53D3503F069
:1000D0000304D5F860C0E40009FA04F8B84208EA5D
:1000E0000C0C1BD007F58067B84259D03B4FB84283
:1000F0005AD03B4FB84261D03A4FB84263D0DFF894
:10010000E8B0584555D0DFF8E4B058450CBF4FF083
:10011000060B4FF0070B0BFA04F400E00024A44593
:1001200017D1D6F8804024EA0E04C6F88040D6F8ED
:10013000844024EA0E04C6F88440746824EA0E045D
:100140007460346824EA0E0434602C6E24EA0804D7
:100150002C6604685D000AFA05F52C434FEAD30CBF
:10016000046000EB8C0C03F00704DCF820E0A40032
:1001700009FA04F42EEA0404CCF82040846824EA46
:1001800005048460446824EA02024260C26822EAEC
:100190000502C260013331FA03F28CD1BDE8F08F61
:1001A000012707FA04F4BAE74FF0020B0BFA04F444
:1001B000B5E74FF0050B0BFA04F4B0E74FF0030B73
:1001C0000BFA04F4ABE74FF0040B0BFA04F4A6E7C8
:1001D000704700BF00F402400000024200080242E3
:1001E000000C0242001002420014024200180242B7
:1001F00003691940081E18BF012070470AB18161C8
:1002000070478162704700BF436901EA030221EA37
:10021000030141EA02418161704700BF002855D0C7
:1002200038B590F84130044603F0FF02002B48D067
:10023000D4E90032242184F84110196822F0706258
:1002400021F00101E568A06819601A619A68012D22
:1002500022F400429A6009D040F40440022D9860D4
:1002600007D15A6842F400625A6006E040F4004048
:1002700098605A6822F400625A6000214FF0200C06
:100280005A6842F0007242F400425A60DA6822F47E
:100290000042DA60D4E904200243A06942EA002265
:1002A000DA60D4E9072002431A601A68084642F06F
:1002B00001021A60616484F841C0216384F842102D
:1002C00038BD80F84020FEF747F8B1E701207047BD
:1002D00070B5044690F8410084B000F0280028284A
:1002E00002D0012004B070BD002937D0002A35D0DB
:1002F000256894F84100286820F0FA00286094F8F6
:10030000400001282ED0012084F8400094F84100DC
:100310002A2829D0292084F84100202084F842008E
:1003200000206064686820F4004068606285608D29
:10033000E362254A6162A969AB696263DA032085D9
:1003400003D50B0744BF0823EB61002084F840006D
:100350002B6843F0FA032B6004B070BD4FF40073B8
:100360006364BEE70220BDE794F841002E6800F008
:100370002800282814BF6FF0F4006FF044003040CC
:10038000286028680004C5D5286820F4004028604B
:10039000E06B0028BED00D4DCDE90223056401912C
:1003A000FEF770FDDDE90112039B08B92568B1E78E
:1003B000E06BCDE90223056C0191A847DDE902233A
:1003C00025680199A6E700BF890A0108810601088E
:1003D00030B5044690F8410085B000F02800282888
:1003E00002D0012005B030BD002937D0002A35D019
:1003F000256894F84100286820F0FC00286094F8F3
:100400004000012853D0012084F8400094F84100B6
:10041000292827D02A2084F84100202084F842008F
:1004200000206064686820F4004068606285608D28
:10043000E362254A6162A969AB696263DA032085D8
:1004400003D40B0744BF0823EB61002084F840006D
:100450002B6843F0FC032B6005B030BD4FF40073F4
:100460006364BEE794F8410000F02800282814BF18
:100470006FF0F20C6FF0420C286800EA0C00286064
:1004800028684004C6D5286820F480402860A06B06
:100490000028BFD00D4DCDE9022305640191FEF780
:1004A000F1FCDDE90112039B18B92568B2E70220CF
:1004B00098E7A06BCDE90223056C0191A847DDE91F
:1004C000022325680199A5E7890A01088106010828
:1004D00090F84120202A01D00220704703462821AD
:1004E00010B40268054C83F841105C631368002067
:1004F00043F0B8035DF8044B13607047890A0108A4
:100500000268436B9169126803B11847704700BFD6
:100510000022016810B50B6880F842205A040CD5FF
:100520000B6823F480430B6090F84130292B0ED0E8
:1005300090F841302A2B24D010BD1B04F4D50B6851
:1005400023F400430B6090F84130292BF0D14FF099
:10055000280C212380F841C0036390F84130002229
:1005600003EA0C03634514BF6FF0F20C6FF0420C0A
:100570000B6803EA0C030B6080F84020F0F722FEC2
:1005800010BD2824222380F84140036390F84130B5
:1005900000222340A34214BF6FF0F4036FF0440322
:1005A0000C6823400B6080F84020F0F703FE10BD7C
:1005B00070B50468C368A169A269022B4FEA1242B0
:1005C000A5688446E668C1F3004102F0FE020FD13F
:1005D00082EAD51313F00603C5F3090206D1856C30
:1005E00001358564856C022D0CD070BD06F0FE02CD
:1005F0000025236823F0B80323608CF84050F0F7FF
:10060000E3FD70BD08258364E56180F84030F0F7B4
:10061000DBFD70BD0023202210B5174C4363C4627C
:10062000036380F8412080F842304B0712D50268FE
:10063000436A526A1A70436A028D013343624AB1B7
:10064000438D013A013B9BB24385436C028543F0E5
:100650000403436410240021036890F8412090F8BB
:1006600041201A6822F0FE021A60DC6180F8401016
:10067000F0F7D0FD10BD00BF0000FFFF704700BFC6
:10068000806A08B5836B0BB100221A64C36B0BB18F
:1006900000221A6490F84130602B4FF0000305D01F
:1006A000036380F84030F0F7B9FD08BD202280F8E0
:1006B000403080F841200363FFF7E0FF08BD00BF32
:1006C00070B50025554B90F8412080F84250C36228
:1006D0004585436C283A0B43022A43640446036869
:1006E00033D890F8411090F8412001F028012829D2
:1006F00008BF462102F0280218BFF621282A0CBFA5
:10070000C9436FF0F60128201A680A4044491A606C
:1007100084F84100A06B226B616318B1112A3ED0AE
:10072000212A3CD0E06B18B1122A4ED0222A4CD09C
:1007300094F84130602B4FF0000365D020462363CE
:1007400084F84030F0F76AFD70BD90F8412090F8D1
:1007500041201A6822F0FE021A609A69920748BF87
:100760009D629A69D60703D49A6942F001029A61A0
:1007700094F84120602A10D0202284F841209A6900
:1007800095060AD59A69D00605D51022DA61626C01
:1007900042F0040262642022DA610021BAE71A689A
:1007A00051042CD4FEF714FC0128C1D00023A06B07
:1007B0001C4A026484F84030FEF764FB0028C3D072
:1007C000A06BBDE87040036C18471A68120403D58B
:1007D0001A6822F400421A60FEF7FAFB0128A7D03B
:1007E0000023E06B0F4A026484F84030FEF74AFBB6
:1007F0000028A9D0E06BBDE87040036C18471A6868
:1008000022F480421A60CDE72022204684F841205D
:1008100084F840302363FFF731FF70BD0000FFFF15
:10082000890A010881060108036810B49A691968E9
:1008300012F4807F02F4806408D0090626D4416C4B
:1008400011F00B0F19D15DF8044B7047CCB10906BC
:10085000F5D54FF48064416C920541F00801416484
:10086000DC61ECD54FF40071426C42F0020242644C
:10087000D961416C11F00B0FE5D05DF8044BFFF727
:100880001FBF9405DBD50A06ECD4D8E7416C41F0D4
:10089000010141644FF48071D961002CD9D19405D4
:1008A000CDD5DFE770B50446202603680D461968EC
:1008B000C06A94F84120DE61213A092A0ED8DFE8A7
:1008C00002F077050D0D0D0D0DAA7705222694F87F
:1008D00041201A6822F0FC021A6026635A68684EAA
:1008E00042F400425A605A6832405A609A6992074C
:1008F00044BF00229A629A69D60703D49A6942F0EB
:1009000001029A614A043BD51A6822F480421A60B7
:10091000A26B1AB11268526892B262856A070AD550
:100920005A6A636A25F004051A70636A01336362C8
:10093000238D002B68D1638D9BB21BB1636C43F098
:1009400004036364EB0601D5CE063AD4002384F891
:100950004230666C6363002E68D1E36A494DAB4256
:1009600018D194F841302046222B4FF0200384F810
:10097000406084F84130266376D0F0F723FC70BDE8
:100980000E04CBD51A6822F400421A60E26B002AEA
:10099000C0D1C3E72046FFF7BBFD2023E562204618
:1009A00084F8413084F840602663F0F733FC70BD72
:1009B000212694F841201A6822F0FA021A60266370
:1009C0008CE7638D9BB2002B3ED194F84130282BED
:1009D0004DD094F841202368292A4FF01002DA61A3
:1009E000B4D110F5803FB1D09A69910744BF00227D
:1009F0009A629A69D20703D49A6942F001029A6115
:100A00002046FFF785FDA1E7013B2385638D013B70
:100A10009BB263858FE7002694F8412094F841202B
:100A20001A6822F0FE021A60266357E72046616CBE
:100A3000FFF746FE94F84130282BA0D129462046E6
:100A4000BDE87040FFF7E6BD10222368DA61636CF1
:100A500043F00403636430F080737FF477AF204683
:100A6000616CFFF72DFE71E7F0F7A4FB70BDB0F1EC
:100A7000007FAED129462046FFF7CCFD66E700BFD8
:100A800000E800FE0000FFFF38B590F840C0C56ADE
:100A9000BCF1010F70D04FF0010C11F0200F044693
:100AA0000B4680F840C002D012F0200F53D1D80678
:100AB00017D5D10615D5628D92B2002A5ED194F871
:100AC0004120282A00F0818094F841202368292AB7
:100AD0004FF01002DA6164D00023184684F84030E9
:100AE00038BD590719D4190701D510073AD4990709
:100AF000F2D59307F0D5638D9BB2002B4DD0616A80
:100B0000236811F8010B228D9862638D013A013B35
:100B10009BB2616263852285DEE75007E3D5638D72
:100B20009BB26BB12268636A526A1A70638D616A04
:100B3000228D013B0131013A9BB2616222856385BE
:100B4000638D9BB2002BC7D115F5803FC4D02046E2
:100B5000FFF7DEFCC0E7FFF7A5FE0023184684F888
:100B60004030BDE794F8413003F02803282B28D00B
:100B700008222368DA61AFE7022038BD102223681B
:100B8000DA61636C43F00403636435F08073A3D1CE
:100B90002046616CFFF794FD9EE735F080739BD192
:100BA000D5E715F5803F97D09A69950744BF002295
:100BB0009A629A69D007CAD49A6942F001029A618E
:100BC000C5E72046FFF7F4FC86E7B5F1007F7FF428
:100BD0007BAF19462046FFF71DFD7DE7406C70474F
:100BE00090F84120202A22D15FFA82FC90F8402020
:100BF0000346012A1BD0242000B54FF0000E1A68CE
:100C000083F84100106820F001001060106820F4A3
:100C1000805010601068014311601168704641F007
:100C20000101116083F841C083F840E000BD02205B
:100C3000704700BF90F84120202A21D100B55FFA0B
:100C400082FE90F840200346012A1BD024204FF05A
:100C5000000C1A6883F84100106820F00100106051
:100C6000106820F4706040EA01211160116860464C
:100C700041F00101116083F841E083F840C000BDFC
:100C800002207047022000BD08490B6813F00103E1
:100C90000AD1024610B40C68184624F0040313432A
:100CA0005DF8044B0B60704701207047000403405F
:100CB000034A0020136843F001031360704700BF2C
:100CC00000040340002844D070B590F891320646E5
:100CD00003F0FF02C3B30323306886F8913203F0B8
:100CE00097FA3579FDB100213346324601200C4692
:100CF00011740131A942C2E908445074D47442F815
:100D0000284FF5D100210A4683F850110131A9423C
:100D1000C3E9582283F8512183F85321C3F868218D
:100D200003F12803F0D1334653F8040B93E806008F
:100D300003F078FA01220021B37A3173934286F8E6
:100D4000912208D0002070BD80F89022FDF794FC1D
:100D5000C1E701207047304600F03EFF002070BD23
:100D600090F89032012B0FD010B501230446006893
:100D700084F8903203F042FA206803F0B1FF0023B8
:100D800084F89032184610BD022070472DE9F84FC4
:100D90000546006803F0B0FF10F400442BD1430572
:100DA00000F17C8247041BD410F4005140F0938280
:100DB000C60400F1BD81040500F19284010600F132
:100DC0006484820500F1CE84C30512D52A68B2F886
:100DD000443023F480731B041B0CA2F8443008E059
:100DE0002A68B2F8443023F480431B041B0CA2F899
:100DF0004430BDE8F88F2868B0F844301904F8D5BD
:100E0000B0F84440A1B214F00F0436D111F0100133
:100E100000F0E180018811F400648BB200F0AA8038
:100E200095F85021B0F8503000EBC20212FA83F36B
:100E3000B3F80634C3F30903082BC5F86C3140F04E
:100E40006B84B5F8562105F5267103F069FF40F66D
:100E50008F732A68284611880B4043F08003138063
:100E600008F040FE2868B0F844301904C1D5B0F845
:100E70004440A1B214F00F04C8D030F82430A700C9
:100E80001FFA83F81B0439D418F0800FB4D030F85F
:100E900024309BB223F4E14323F0700343F4004376
:100EA00020F824303B1905EBC302D17CDB0001297B
:100EB00000F0EB80117C18F48079D2F828E04FEA3A
:100EC000C10C40F05881B0F850401CFA84F404443E
:100ED000B4F80244C4F30904744580F00381AEEB16
:100EE000040110339162E918536A23445362D36AB0
:100EF0002344D36203F0C6FC28687DE740F68F7375
:100F000030F824203919134043F0800320F82430AE
:100F100005EBC10191F85C3191F85021002B40F0B4
:100F20008580B0F85030D20012FA83F30344B3F84E
:100F30000694C9F30909B9F1000F40F0E4813919A9
:100F400005EBC103D3F86C21C9004A44C3F86C21F6
:100F5000D3F8682122B1D3F860214A4540F2C68116
:100F60003B1905EBC303284693F8501108F0CCFD5C
:100F7000286889E71A047FF53FAF40F68F7302882F
:100F8000134043F08003038095F85021B0F85030AF
:100F900000EBC20212FA83F3B3F80634C3F3090379
:100FA000C5F86C31002B00F0B480D5F8641100292D
:100FB0003FF422AFB5F8562103F0B2FED5F8643104
:100FC000D5F86C21284613442146C5F8643108F051
:100FD0009BFD286810E703889BB223F4E14323F0CC
:100FE000700343F4004303802A7CB0F8503000EBD8
:100FF000C20212FA83F3B3F802346A6AC3F3090334
:101000001A442846EB626A6208F088FD2B7B286848
:10101000002B3FF4F1AEAB6A002B7FF4EDAE2A7BE0
:1010200042F08002A0F84C202B73E5E691F8533192
:10103000022B00F0508230F822309BB223F4E043C0
:1010400023F0700343F4004343F0C00320F8223040
:1010500091F8503130F82320DB0012F4804FB0F8C3
:10106000502013FA82F3034443D0B3F80294C9F337
:101070000909B9F1000F3FF462AFB1F858214B46AE
:10108000D1F8641103F04CFE59E70021631C03EB17
:10109000830345F83310137FDBB118F04008537C0D
:1010A00000F00A82002B40F05F82117CB0F85030D3
:1010B00000F2024010FA83F333F83120C2F3090240
:1010C00023F8312033F8312092B242F4004223F861
:1010D0003120274405EBC7072846397C08F01EFD60
:1010E000286889E62846C2F8289008F017FD286885
:1010F00082E6B3F80694C9F30909B9F1000F3FF489
:101100001EAFB1F85A214B46D1F8641103F008FE26
:1011100015E7038823F4804323F070031B041B0CA2
:1011200083F4405343F4004343F08003038063E6B9
:101130002A68B2F8403023F004031B041B0CA2F809
:101140004030B2F8403023F008031B041B0CA2F817
:10115000403095F8C832012B00F01283284608F081
:101160000DFD2A68B2F8443023F480531B041B0C95
:10117000A2F844303DE608F4804918F04008B0F881
:10118000503000F0C88000F2024818FA83F333F8B8
:101190003130C3F3090373454AD34FF0000C537C3D
:1011A000C2F828C0002B40F0F882B0F8503018FA8E
:1011B00083F333F83120C2F3090223F8312033F8E6
:1011C000312092B242F4004223F83120B0F850307E
:1011D00000F2064212FA83F333F83120C2F3090217
:1011E00023F8312033F8312092B242F4004223F840
:1011F00031203B1905EBC303DB7C022B0FD130F808
:10120000213023F4E04323F040031B041B0C83F044
:10121000200343F4004343F0800320F821302846A4
:1012200008F07CFC2868B9F1000F3FF4E5ADCBE095
:10123000AEEB030EC2F828E0B9F1000F0FD030F882
:1012400021E02EF4E04E2EF0700E4FEA0E4E4FEAE3
:101250001E4E4EF4404E4EF0800E20F821E007EB7B
:10126000040E05EBCE0E9EF83490B9F1010F00F09C
:10127000CB81274405EBC7073A7C30F8223023F4B2
:10128000E04323F040031B041B0C83F0300343F4C2
:10129000004343F0800320F82230ADE52A68284659
:1012A000B2F8443023F480631B041B0CA2F84430D2
:1012B00008F042FC95F89032012B3FF49AAD0123DF
:1012C000214628682C7385F8903203F003FD85F8D9
:1012D0009042BDE8F88F2A68B2F8443023F40053F6
:1012E0001B041B0CA2F84430BDE8F88FD3F864212E
:1012F00001F5A8714A4428682944C3F8642103F021
:10130000C1FA2868C0E5B1F856214B46D1F86411FE
:1013100003F006FD13E600F2064A1AFA83F333F8E7
:101320003130C3F30903734561D9C2F828803B19F2
:1013300005EBC3035B7C002B40F04182B0F85020EA
:1013400000F2024313FA82F232F83130C3F3090398
:1013500022F8313032F831306FEA43436FEA5343B9
:101360009BB222F83130B0F850201AFA82F232F8EB
:101370003130C3F3090322F8313032F831306FEAEB
:1013800043436FEA53439BB222F831303B1905EBDC
:10139000C303DB7C022B0FD130F8213023F4E04370
:1013A00023F040031B041B0C83F0200343F4004391
:1013B00043F0800320F82130284608F0AFFB28686E
:1013C000B9F1000F7FF418AD3B1905EBC3031A7C8C
:1013D00030F8223023F4E04323F070031B041B0C8D
:1013E00043F4404343F0800320F8223004E5AEEBA1
:1013F000030EC2F828E0BEF1000F98D0B9F1000F3B
:101400000FD130F821E02EF4E04E2EF0700E4FEAAE
:101410000E4E4FEA1E4E4EF4404E4EF0800E20F817
:1014200021E007EB040E05EBCE0E9EF83480B8F1F8
:10143000010F7FF41EAFDEF8246006EB0308CEF840
:101440002480D66A06EB0309C2F82C90DEF83090AF
:10145000DEF820209145C0F0D081A9EB0203CEF840
:10146000303093B207EB040E05EBCE0E9EF811B0B0
:10147000BBF1000F40F0B681B0F850E01AFA8EFED2
:101480003EF83190F444C9F309092EF83190002A4E
:1014900040F0E4813EF831206FEA42426FEA524266
:1014A00092B22EF831203A1905EBC2024146528B16
:1014B00003F026FC2868DCE6002B62D0012B7FF4C9
:1014C00008AEB0F85030127C00F2064010FA83F3F8
:1014D00023F83280FDE5B0F850C04FEAC20919FA8E
:1014E0008CFC18F4804ED1F8683184444FD0BCF89D
:1014F00002C4CCF3090C9C45E14600F24781A3EB02
:101500000C03C1F868317BB930F8221021F4804116
:1015100021F070010904090C81F4005141F40041EB
:1015200041F0800120F8221018F0400F0DD030F863
:10153000223023F4E04323F070031B041B0C43F41C
:10154000004343F0C00320F82230BCF1000F3FF409
:10155000F6AC391905EBC101B1F858216346D1F851
:10156000641103F0DDFBEAE4012B7FF4B2ADB0F8C7
:101570005030127C00F2024010FA83F323F832104C
:10158000A7E5B0F85030117C00F2064092E5BCF8B7
:1015900006C4CCF3090C9C45E14600F2FB80A3EBAA
:1015A0000C03C1F868317BB930F8221021F4804176
:1015B00021F070010904090C81F4005141F400414B
:1015C00041F0800120F8221018F0400F0DD130F8C2
:1015D000223023F4E04323F070031B041B0C43F47C
:1015E000004343F0C00320F82230BCF1000F3FF469
:1015F000A6AC391905EBC101B1F85A216346D1F8FF
:10160000641103F08DFB9AE4DEF8246006EB030915
:10161000CEF82490D66A06EB030AC2F82CA0DEF8B6
:1016200030A0DEF820209245C0F0F980AAEB02033A
:10163000CEF8303093B207EB040E05EBCE0E9EF8D9
:1016400011B0BBF1000F40F0DF80B0F850E018FAA5
:101650008EFE3EF83180F444C8F309082EF831803C
:10166000002A40F022813EF831206FEA42426FEAC0
:10167000524292B22EF831203A1905EBC202494685
:10168000128B03F03DFB2868F3E52A68B2F844307A
:1016900023F080031B041B0CA2F8443095F8C832D9
:1016A000002B5AD10121B2F8403028469BB243F0BA
:1016B0000403A2F84030B2F840309BB243F0080374
:1016C000A2F8403085F8C812B2F85430C3F38D0345
:1016D00003F03C03C5F8CC32BDE8F84F00F096BAF1
:1016E0002A682846B2F840309BB243F00803A2F8BB
:1016F0004030B2F8443023F400631B041B0CA2F802
:101700004430B2F840309BB243F00403A2F84030BA
:1017100008F024FAFFF76DBB48F2800140F68F72A3
:10172000038823F4804323F070031B041B0C83F411
:1017300080530B430380038823F4E04323F04003EA
:101740001B041B0C83F01003194301800388134012
:1017500043F080030380FFF74CBB284608F0FEF9F6
:10176000FFF747BB2A682846B2F8443023F40073D9
:101770001B041B0CA2F8443008F0DAF9FFF739BB60
:10178000284685F8C81200F041FAE7E40023C1F8C2
:101790006831B9E6C1F868E106E7012B7FF429ADAD
:1017A000B0F8503000F2064218FA83F323F831C043
:1017B000B0F8503012FA83F323F831C019E5012B49
:1017C0007FF4E4AD0022B0F8503000F2024C1CFA75
:1017D00083F323F83120B0F850301AFA83F323F85A
:1017E0003120D3E5BBF1010F7FF45DAEB0F850209E
:1017F0001AFA82F222F8313055E6B9F1000F15D10C
:101800001A468EF834902DE6BBF1010F7FF434AF09
:10181000B0F8502018FA82F222F831302CE7BAF1F1
:10182000000F2AD11A468EF834A004E700229EF851
:1018300011B01FFA89F3CEF830208EF83420BBF1B6
:10184000000FCFD1B0F850E04A461AFA8EFE3EF8AB
:101850003190F444C9F309092EF831903E2A33D867
:10186000BCF8001002F0010E89B20EEB520241EA00
:10187000822292B2ACF8002015E600229EF811B048
:101880001FFA8AF38EF83420CEF83020BBF1000F17
:10189000BAD15246B0F850E018FA8EFE3EF83180C8
:1018A000F444C8F309082EF831803E2A1ED8BCF84B
:1018B000001002F0010E89B20EEB520241EA8222C0
:1018C00092B2ACF80020D7E65109D206BCF800204D
:1018D00008BF01F1FF3192B242EA81226FEA42422F
:1018E0006FEA524292B2ACF80020DCE55109D6060C
:1018F000BCF8002008BF01F1FF3192B242EA812218
:101900006FEA42426FEA524292B2ACF80020B3E66C
:1019100090F89022012A0DD010B5012204460068EB
:10192000217384F8902203F0D5F9002384F89032D3
:10193000184610BD0220704701F0070C10B50906CB
:1019400004460CEB8C004FEAC00021D44FF0000E8F
:1019500000F5A871204480F851E12144022BCB709E
:1019600008BF0023C2F30A0208BF0B7181F800C050
:101970000A6194F89032012B13D00123206884F877
:10198000903202F069FC002384F89032184610BDB2
:101990004FF0010E00F11001204480F811E02144C5
:1019A000DCE7022010BD00BF01F0070202EB82035A
:1019B000090610B54FEAC303044616D403F5A8710F
:1019C00001440344002083F851010A7094F89032D6
:1019D000012B15D00123206884F8903202F06CFEB0
:1019E000002384F89032184610BD03F11001014421
:1019F0000344012058740A7094F89032012BE9D105
:101A0000022010BD10B5002401F0070101EB810E8A
:101A100000EBCE0C8CF850118CF851410068CCF8DA
:101A20006421CCE95A340CF5A87102F02BFF204652
:101A300010BD00BF01F0070101EB810100EBC10007
:101A4000D0F86C01704700BF01F0070138B501EB19
:101A5000810E00EBCE0C01258CF81010002461469D
:101A60008CF834508CF811500068CCF82420CCE964
:101A70000B43CCF82830103102F004FF204638BD6B
:101A800010B50379044601F0070083422ED30B06FC
:101A90001AD401EB8101C90001F5A8726318A118DD
:101AA000002283F85121012308708B7094F8902252
:101AB0009A4219D084F89032206803F095F80023F8
:101AC00084F89032184610BD012200EB8003DB0041
:101AD00003F1100123445A740123214408708B70D0
:101AE00094F890229A42E5D1022010BD012010BD49
:101AF00038B5027901F00F039A422FD301F00702A3
:101B000002EB8203090604464FEAC30317D403F528
:101B1000A871014403440025002083F851010A7094
:101B20008D7094F89032012B16D00123206884F830
:101B3000903203F081F884F89052284638BD03F1C2
:101B40001001014403440025012058740A708D706F
:101B500094F89032012BE8D1022038BD012038BD25
:101B600090F89032012B17D0012310B5044600687D
:101B700084F890320B0606D402F06CFB002384F844
:101B80009032184610BD01F0070102F061FB0023FE
:101B900084F89032184610BD0220704711F0800F73
:101BA0000CD001F0070101EB810100EBC100103006
:101BB00099B262B9C18002730020704701EB8101C4
:101BC00000EBC10000F5A87099B2002AF2D0012202
:101BD00083600273002070470246002310B4012482
:101BE000116882F8C8321846B1F85430C2F8D042B1
:101BF0009BB22343A1F85430B1F854305DF8044B44
:101C00009BB243F00203A1F854307047704700BF05
:101C1000024B186800F4C060704700BF00700040BD
:101C2000174A1368116911F4104F25D0D1680904BF
:101C300022D403F4C06383421CD01368114923F4F7
:101C4000C063034313600B680F495B09A1FB0313D7
:101C50005169DB0903EB8303480503F1010305D553
:101C60005169013B490501D5002BF9D1044B5B6952
:101C70005B0503D4002070470120704703207047A4
:101C80000070004084010320C55A7C0A024A536850
:101C900043F480635360704700700040024A9368C9
:101CA00043F48043936070470070004030B51E4C91
:101CB0000546A36D83B0DB0021D5FFF7A9FF30F403
:101CC000007315D0802D2AD82BD0A5F17003B3FA5C
:101CD00083F35B0915490A6822F00F021A430A6070
:101CE000086800F00F00C01A18BF012003B030BD13
:101CF000802DEFD9A02D8CBF02230123EAE7A36D2D
:101D000043F08053A365A36D03F080530193019BBF
:101D1000FFF77EFFA36D23F08053A365CFE7032376
:101D2000D8E70223D6E700BF00100240002002409F
:101D30002B4A9368D26813F00C0307D00C2B33D0D6
:101D4000042B39D0082B35D000207047244A116865
:101D5000090754BFD2F894201268224954BFC2F335
:101D60000322C2F3031251F82200002BEDD01C49CC
:101D7000CA68CB6802F00302C3F30313022A03F11B
:101D8000010324D0032A19D0B0FBF3F0CB68C3F3CE
:101D9000062303FB00F0124BDB68C3F341630133FE
:101DA0005B00B0FBF3F0704702F00302012ACDD0D4
:101DB0000020DCE70C4870470C4870470A4AC868A6
:101DC000B2FBF3F3C0F3062003FB00F0E3E7074A9E
:101DD000C868B2FBF3F3C0F3062003FB00F0DAE7B8
:101DE00000100240180B0208809698000024F400AE
:101DF000002800F0DE809F4A2DE9F84313688146F1
:101E000003F00F038B420C460CD2136823F00F0330
:101E10000B431360136803F00F038B4202D00120C1
:101E2000BDE8F883D9F80030980703F0010240F1CB
:101E30009A80914DD9F80800A96801F0F001884214
:101E400004D9A96821F0F0010143A960002A4DD00E
:101E5000D9F80450884B032D00F08D80022D1B68AB
:101E600000F0A380002D40F0A6809E07D7D5FFF795
:101E70005FFF824B984205D97F4B9A6812F0F00FB2
:101E800000F09F807C4FBB6823F003032B43BB60B3
:101E9000FCF7CCFDBB68D9F8042003F00C03B3EBCE
:101EA000820F064618BF4FF0000819D041F288375C
:101EB000714DFCF7BBFDD9F80430821BBA424FEAE2
:101EC000830304D9AA6802F00C029A4277D1AA6867
:101ED00002F00C029A42ECD1B8F1000F40F08C8075
:101EE000D9F80030990707D5D9F8080062498A68FF
:101EF00002F0F002824252D85E490A6802F00F02F4
:101F0000A24209D90A6822F00F0222430A600A6835
:101F100002F00F02A24282D15A0707D55649D9F8DA
:101F20000C008A6822F4E06202438A601B0708D52D
:101F3000514AD9F81010936823F4605343EAC1035F
:101F40009360FFF7F5FE03464B4A4D4992684D48B2
:101F5000C2F30312895C4C4ACB4013600068BDE8B1
:101F6000F843FCF7F7BB002AC6D0D9F80450424B1F
:101F7000032D7FF473AF1A6891017FF550AFD968D4
:101F8000DA6801F00301C2F30312022902F101022F
:101F900038D0032965D0012954D0DB6872E78A68FC
:101FA00022F0F00202438A60A6E79F033FF55FAF8D
:101FB00035E70120704758057FF531AF57E703201B
:101FC0002EE79A6822F0F00242F080029A602A4FCF
:101FD000BB6823F003032B43BB60FCF727FDBB6802
:101FE000D9F8042003F00C03B3EB820F064618BFA8
:101FF0004FF080087FF45AAF1F4A936823F0F00334
:1020000093606DE72149DB68B1FBF2F2C3F306236D
:1020100003FB02F218491948CB68C3F3416301334B
:102020005B00B2FBF3F383427FF62CAF8B6813F0B7
:10203000F00F7FF427AF8B6823F0F00343F08003A9
:102040008B60C4E71A68120754BFD3F894301B683A
:102050000F4A54BFC3F30323C3F3031352F82320DF
:10206000D8E70C49DB68B1FBF2F2C3F3062303FBAC
:1020700002F2CFE7002002400010024000B4C40486
:10208000600B02088C010320840103200024F4006B
:10209000180B020880969800002800F0B7832DE9FD
:1020A000F041174B02689D68DE68D106044613466E
:1020B00082B005F00C0506F003063BD5002D00F0BC
:1020C0006A810C2D00F06481E3690D4FD3B13B6848
:1020D00043F001033B60FCF7A9FC80463B689A078C
:1020E00000F1CA82FCF7A2FCA0EB08000228F5D997
:1020F0003B689B07F2D4032002B0BDE8F08100BF2B
:10210000001002403B6823F001033B60FCF78EFCAB
:102110003B68804699070BD5FCF788FCA0EB0800CC
:10212000022802D93B689A07E5D43B689B07F3D4A1
:1021300022681346D1072DD5082D00F095810C2D6E
:1021400000F08F816368B3F5803F00F0B681B3F58E
:10215000A02F00F005838B4F3A6822F480323A605A
:102160003A6822F480223A60002B40F0AB81FCF701
:102170005DFC3B6880469A030BD5FCF757FCA0EB4F
:102180000800642802D93B689B03B4D43B689903D8
:10219000F3D423689A0713D5042D40F03D81794B81
:1021A0001B685B0503D5E368002B00F05881754A76
:1021B0002169536823F0FE4343EA016353602368B7
:1021C0001A072BD56369002B00F05981A3696D4A6A
:1021D000002B40F0D681D2F8943023F01003C2F8DF
:1021E0009430684DD5F8943043F00103C5F894302D
:1021F000FCF71CFCD5F8943006469B070DD4FCF781
:1022000015FC801B072804D9D5F894309F077FF56B
:1022100072AFD5F894309907F1D523685D0765D57D
:10222000584B9A6DD00000F1288101259A6D42F03B
:1022300080529A659B6D03F080530193019B524E2F
:102240003368D90540F1D981A368DA0740F150819C
:102250005A0740F126824B4BD3F8902042F00402FB
:10226000C3F89020D3F8902042F00102C3F89020E8
:10227000FCF7DCFB434F0646D7F890309B070FD4A2
:1022800041F28838FCF7D2FB801B404504D9D7F8CF
:1022900090309A077FF52FAFD7F890309B07F1D594
:1022A000A368190640F10582364FD7F8903043F005
:1022B0008003C7F89030D7F8903019050FD441F259
:1022C0008838FCF7B3FB801B404504D9D7F8903021
:1022D0001A057FF510AFD7F890301B05F1D525B161
:1022E000284A936D23F08053936523689A061FD57F
:1022F000A36A244D002B00F06381D5F8983043F099
:102300000103C5F89830FCF791FBD5F898300646E4
:102310009B070DD4FCF78AFB801B022804D9D5F853
:1023200098309F077FF5E7AED5F898309907F1D53B
:10233000E36A23B3134DAA6802F00C020C2A00F0E2
:10234000D581022B2B6823F080732B6000F015825F
:10235000FCF76CFB2B68044699010BD5FCF766FB78
:10236000001B022803D92B689A013FF5C4AE2B68E5
:102370009B01F3D4034A054BD1680B40D360002086
:10238000BAE600BF0010024000700040FCFFEEFE05
:10239000012E7FF499AEA64B1B689B075CD4A44B1F
:1023A000606A1A68170756BFD3F894301B681B0978
:1023B00003F0F003984200F243819D4B1A6842F00B
:1023C00008021A601A6822F0F00202431A605A6882
:1023D000216A22F47F4242EA01225A60002D00F075
:1023E000B981FFF7A5FC0346914A92499268C2F36E
:1023F0000312895C904ACB401068904A1360FCF746
:10240000A9F900287FF478AE2368D9071A463FF56A
:1024100096AE99077FF5D4AE0C2D00F02981E368C4
:10242000834D002B00F0B4802B6843F480732B6045
:10243000FCF7FCFA2B6806465F053FF5B8AEFCF7E3
:10244000F5FA801B022803D92B6859057FF553AE96
:102450002B685A05F3D5AAE6E369002B9FD101202A
:102460004AE6032E7FF46EAE714B1B689F0302D5C4
:102470006368002BF3D01346CBE70025DFE66C4DF5
:10248000D5F8943023F00103C5F89430FCF7CEFA68
:10249000D5F8943006469A077FF5BFAEFCF7C6FA2A
:1024A000801B072804D9D5F894309B073FF523AE4D
:1024B000D5F894309F07F1D4AFE65D4A136843F432
:1024C00080331360FCF7B2FA594F80463B689A0399
:1024D0003FF55FAEFCF7AAFAA0EB0800642803D929
:1024E0003B689B037FF507AE3B689903F2D550E646
:1024F0004F4ED6F8902022F00102C6F89020D6F870
:10250000902022F00402C6F89020002B7FF4B0AE99
:10251000FCF78CFAD6F89030074699070FD541F2B0
:102520008838FCF783FAC01B404504D9D6F89030B0
:102530009B073FF5E0ADD6F890309907F1D43C4EBB
:10254000D6F890301A067FF5CAAED6F8903023F050
:102550008003C6F89030D6F890301A057FF5BFAEEC
:1025600041F28838FCF762FAC01B404504D9D6F81E
:1025700090301B053FF5BFADD6F890301905F1D46A
:10258000ADE6D2F8943043F01003C2F8943028E658
:102590002B6823F480732B60FCF748FA2B680646FF
:1025A0005B050BD5FCF742FA801B022803D92B6888
:1025B0005F053FF5A0AD2B685905F3D42368FFE50F
:1025C000D5F8983023F00103C5F89830FCF72EFABF
:1025D000D5F8983006469A077FF5AAAEFCF726FA9A
:1025E000801B022804D9D5F898309B073FF583ADAE
:1025F000D5F898309F07F1D49AE6336843F4807396
:102600003360FCF713FA33680746DB053FF51CAE71
:1026100003E03368D9053FF517AEFCF707FAC01B96
:102620000228F6D93368D8057FF565ADF1E700BF1C
:1026300000100240600B02088C010320840103207B
:10264000FFF734FB00287FF40AAF714B1A6842F0A1
:1026500008021A601A68616A22F0F0020A431A60DE
:102660005A68216A22F47F4242EA01225A60B8E69F
:10267000022E7FF4D4AE92E5654B1A6842F0080250
:102680001A601A68616A22F0F0020A431A605A68F6
:10269000216A22F47F4242EA01225A6022681346EC
:1026A00048E55B4AD2F8903043F00103C2F890301D
:1026B000DEE5574FD7F8903023F08003C7F890300D
:1026C000D7F8903019057FF50AAE41F28838FCF74B
:1026D000ADF9801B404504D9D7F890301A053FF575
:1026E0000AADD7F890301B05F1D4F8E5012B3FF483
:1026F000B6AEEB68226B03F0030191427FF4AFAEFC
:10270000616B03F0F0020139B2EB011F7FF4A7AE59
:10271000A16B03F4FE42B2EB012F7FF4A0AEE16B9C
:1027200003F07842B2EBC16F7FF499AE226C03F4F0
:10273000C0015208013AB1EB425F7FF490AE626C87
:1027400003F0C0635208013AB3EB426F14BF01209B
:102750000020D1E4FFF7AAFA00283FF442AE7EE65B
:1027600003F18043A3F53C331A6842F480221A60D7
:102770001A6842F480321A60A4E6FCF757F92B6815
:10278000064699010BD5FCF751F9801B022803D9A5
:102790002B689B013FF5AFAC2B689F01F3D41C4D18
:1027A0001C4BE968226B0B40606B1343D4E90E129B
:1027B00043EA012343EAC2630138D4E9101249080D
:1027C00043EA001301395208013A43EA415343EA0C
:1027D0004263EB602B6843F080732B60EB6843F03F
:1027E0008073EB60FCF722F92B6804469A013FF5F1
:1027F000C6ADFCF71BF9001B022803D92B689E010C
:102800007FF579AC2B689801F3D5B8E501207047C6
:10281000001002400C809F0108B5FFF789FA074BB2
:1028200007499A689B68C2F303128A5C0549C3F39F
:10283000C223CB5CD040D84008BD00BF001002408E
:10284000600B0208580B02080F220E4B10B40260F6
:102850009A680D4C02F0030242609A6802F0F0029E
:1028600082609A6802F4E062C2609B68DB0803F44D
:10287000E063036123685DF8044B03F00F030B6012
:10288000704700BF0010024000200240F8B5044627
:1028900000680F4602284ED0032845D0012848D1B1
:1028A000394B1B689E073ED5374D2B6823F080635C
:1028B0002B60FCF7BBF8064604E0FCF7B7F8831B77
:1028C000022B4AD82B681901F7D4D4E90132013B15
:1028D000100221681A01002F33D0012F2A4D45D054
:1028E0002E692A4B33400B4303431343626952085A
:1028F000013A43EA42632B61234D2B6843F0806326
:102900002B60FCF793F8064604E0FCF78FF8831B76
:10291000022B27D82B681B01F7D500201A4AA16982
:1029200013690B431361F8BD174B1B6813F4C02FD9
:10293000BAD10120F8BD144B1B685D05B4D4012049
:10294000F8E7114D124B2E6933400B43E168034306
:1029500043EAC16313432B61CEE72B681801B4D55A
:102960000320F8BD2B681A01FAD5D6E72E69094B6A
:1029700033400B430343134322695208013A43EAAD
:1029800042532B61B8E700BF001002400C80FFF9F2
:102990000C80FF070C809FFF70B50446006802287A
:1029A00047D003283ED0012841D1294B1B689E0700
:1029B00037D5274D2B6823F080532B60FCF736F872
:1029C000064604E0FCF732F8831B022B37D82B684D
:1029D0009900F7D41E4D1F4B696922680B401343C1
:1029E000D4E9021243EA012343EAC2636268013A6E
:1029F00043EA02136B612B6843F080532B60FCF7B2
:102A000015F8064604E0FCF711F8831B022B1BD8CF
:102A10002B689B00F7D500200D4A216953690B43B1
:102A2000536170BD0A4B1B6813F4C02FC1D1012044
:102A300070BD074B1B685D05BBD40120F8E72B6810
:102A40009800C7D5032070BD2B689A00FAD5E2E73D
:102A5000001002400C80FF072DE9F0470368044690
:102A600013F4006582B01BD0C16E402900F03D8296
:102A700000F25882002900F02282202940F058827A
:102A80002030FFF789FF054623684DB9E16E002528
:102A9000B648D0F89C2022F0E0020A43C0F89C20FF
:102AA000DF0440F14F81216FB1F5007F00F0168205
:102AB00000F23F81002900F00782B1F5807F40F0ED
:102AC000408104F12000FFF767FF07462368002FCD
:102AD00040F00282A549206FD1F89C209E0322F489
:102AE000E06242EA0002C1F89C2000F12F81D90780
:102AF00008D59E49606BD1F8882022F0030202437A
:102B0000C1F888209A0708D59849A06BD1F8882089
:102B100022F00C020243C1F888205E0708D59349D1
:102B2000E06BD1F8882022F030020243C1F88820FF
:102B3000180708D58D49206CD1F8882022F0C002F2
:102B40000243C1F88820D90608D58849606CD1F8BD
:102B5000882022F440720243C1F888209A0608D5E2
:102B60008249A06CD1F8882022F440620243C1F867
:102B700088209E0508D57D49E06DD1F8882022F493
:102B800040220243C1F88820580508D57749206EB5
:102B9000D1F8882022F440120243C1F8882059025B
:102BA00008D57249606ED1F8882022F440020243B1
:102BB000C1F888209A010CD5A26EB2F1807F00F096
:102BC0006D81B2F1007F00F02681002A00F029819A
:102BD00001255F0608D56549E06CD1F8882022F40C
:102BE00040520243C1F888201E0608D55F49206D77
:102BF000D1F8882022F440420243C1F88820D80549
:102C000008D55A49606DD1F8882022F44032024339
:102C1000C1F88820D90208D55449A06DD1F89C206C
:102C200022F003020243C1F89C209A0411D54F49B7
:102C3000606FD1F88820B0F1006F22F0406242EA64
:102C40000002C1F8882000F02481B0F1806F00F00C
:102C500060811F031BD5A16FB1F5804F00F0058186
:102C60004248B1F1806FD0F8882022F0406242EAF9
:102C70000102C0F88820D0F89C2022F48042C0F8DD
:102C80009C2000F05781B1F1006F00F034815E03A9
:102C900011D53649E06FD1F88820B0F1006F22F0ED
:102CA000406242EA0002C1F8882000F0D980B0F109
:102CB000806F00F0258158040ED52C48D4F8801080
:102CC000D0F88820B1F1805F22F0405242EA010240
:102CD000C0F8882000F0EA80D90309D52349D4F848
:102CE0008400D1F89C2022F004020243C1F89C2009
:102CF0009A0209D51D49D4F88800D1F89C2022F009
:102D000018020243C1F89C20DB010ED5174AD4F803
:102D10008C10D2F89C30B1F5001F23F4401343EA25
:102D20000103C2F89C3000F0AC80284602B0BDE838
:102D3000F087B1F5407F00F0D680B1F5806F00F0EC
:102D4000D28001252F469E037FF5D1AE074B9A6DA9
:102D5000D00054D54FF00008054E336843F480731B
:102D60003360FBF763FE81460AE000BF00100240BB
:102D700000700040FBF75AFEA0EB090002285BD868
:102D80003368DA05F6D5002F5CD1DFF8C8A1D4F896
:102D90009010DAF8903013F4407327D08B4225D08E
:102DA000DAF89020DAF8903043F48033CAF89030A3
:102DB000DAF8903023F48033CAF8903022F440736C
:102DC000CAF89030D30711D5FBF730FE41F28839AD
:102DD000064605E0FBF72AFE801B484500F2B3805B
:102DE000DAF890309807F5D5D4F89010594AD2F80F
:102DF000903023F440730B43C2F8903023E09A6D77
:102E00004FF0010842F080529A659B6D03F08053A9
:102E10000193019BA0E70021201DFFF737FD074626
:102E20002368DFB94B49A06ED1F8882022F04072A8
:102E30000243C1F88820CCE63368D905A3D4032522
:102E40002F4600E03D462368B8F1000F3FF44FAE37
:102E500040498A6D22F080528A6548E63D46B8E6D0
:102E6000CA6842F48012CA6025E73A4AD2F89C1038
:102E700041F48041C2F89C10D16841F48031D160A6
:102E800005E72846D36843F48013D36002B0BDE859
:102E9000F087CA6842F48012CA60DAE62D49CA682F
:102EA00042F48012CA60002FD8D1BBE70221201D56
:102EB000FFF7ECFC2368002818BF05460CE7043038
:102EC000FFF7E4FC0546DFE5201DFFF7DFFC0746C2
:102ED0002368002F3FF4FEAD3D4634E71D49CA6824
:102EE00042F48032CA602F46F1E51A48C26842F4C3
:102EF0008032C260CBE5C26842F48012C260C6E68E
:102F00000121201DFFF7C2FC2368002818BF0546D9
:102F1000D1E60121201DFFF7B9FC2368002818BF66
:102F2000054696E660293FF4B2AD80293FF4AFAD87
:102F30000125B5E50121201DFFF7A8FC2368002825
:102F400018BF0546A3E6DAF890309E077FF577AF05
:102F50004AE700BF00100240114B10B4996B114AB0
:102F600041F080719963996B21F0807199630368D6
:102F7000D0E9014123430B43D0E90341234343EA12
:102F8000014353601368416923F4FE4343EA01237C
:102F9000136013685DF8044B43F0600313607047DF
:102FA000001002400060004000285AD038B5437A33
:102FB000044603F0FF02002B49D0D4E9003502217A
:102FC0004AF2B3206172284A19682A43274D21F03A
:102FD000040119601A601D6118611A6822F08042AC
:102FE0001A60FBF723FD054623681A6851000ED5C9
:102FF000FBF71CFD401B02282368F6D91A68520013
:10300000F3D50122022362720120E36038BD1A6801
:1030100042F004021A605B68580603D50423637209
:10302000012038BDFBF702FD054623685B68D90720
:1030300011D4FBF7FBFC401B02282368F6D95A6821
:10304000D207F3D4042202236272E360E8E702723B
:10305000FBF7E0F9B1E70122002362721846E36052
:1030600038BD0120704700BF000DF040BC0A591761
:10307000704700BF026810B553680446990613D420
:10308000580605D5590723D4516821F040015160F5
:10309000DB0708D5136823F0080313609168637A8F
:1030A0002161042B0CD110BD1023C36004232046E2
:1030B0006372F8F78DFD6FF0600223685A6010BDEF
:1030C00001220023204662722372FFF7D1FF10BD58
:1030D0000823E360136823F008031360E6E700BFEA
:1030E000002300B5026883B0019353680146580776
:1030F0000AD4536823F0400353600020CB6823F0C8
:103100000803CB6003B000BD0220136843F0804386
:103110001360136823F080431360019002E013688A
:103120005B0012D5019B013B0193019B002BF6D163
:1031300001224A720B72CB68084643F00203CB604F
:10314000F8F746FD012003B000BD536858060CD4C3
:103150000223019302E053685B07CED5019B013B3C
:103160000193019B002BF6D1E2E7536823F0400363
:103170005360EDE7F8B5037A012B43D00122437A7F
:1031800004469342DFB2027206D004231746C3609E
:10319000002323723846F8BD0222036842725B683E
:1031A0000E46590616D4FBF741FC054623685A68BB
:1031B000D20718D4FBF73AFC401B02282368F6D943
:1031C0005A6812F00102F2D10121022361722272C7
:1031D000E360DFE70823C360FFF782FF0128E2D145
:1031E0002023E360D6E79A685B68226113F040030E
:1031F00016BF08231F46E3604FF0010308BF32608B
:103200006372C5E702273846F8BD00BFF0B50D462A
:10321000144683B00646FBF709FC2C44241AFBF73E
:1032200005FC0746264B1B68C3F3CB3304FB03F3B3
:10323000019332689368190604D56B1C06D1936814
:103240001C06FCD4002003B0F0BD1C46FBF7EEFBCF
:10325000C31B9C4206D9019B0BBB326892681006C7
:10326000F3D4EFE7D6E900315A68B1F5827F22F056
:10327000E0025A6017D0B26AB2F5005F07D11A684F
:1032800022F400521A601A6842F400521A600122B5
:103290000023032086F85D2086F85C30D3E7019B8D
:1032A000013B0193C5E7B268B2F5004F02D0B2F519
:1032B000806FE0D11A6822F040021A60DBE700BF9D
:1032C000840103202DE9F04700241D4682B01746F3
:1032D000064688468DF80340FBF7A8FB3D442D1AAF
:1032E000FBF7A4FBD6F8009082464C462F4B1B6898
:1032F00003EB8303C3EBC3031B0D05FB03F3019334
:10330000A36818EA030F08D0B8F5C06F0DD07B1C76
:1033100014D1A36813F4C05FFBD1002002B0BDE854
:10332000F087A36813F4C06FF7D099F80C307A1CBB
:10333000DBB28DF803309DF80330F2D0FBF776FB5B
:10334000A0EB0A00A842346803D2019BEBB91D46EA
:10335000D6E76368726823F0E003B2F5827F6360AA
:1033600017D0B36AB3F5005F07D1236823F4005385
:103370002360236843F400532360012200230320C9
:1033800086F85D2086F85C30C8E7019B013B01931D
:10339000B6E7B368B3F5004F02D0B3F5806FE0D164
:1033A000236823F040032360DBE700BF8401032090
:1033B00070B50D46164613464FF4C0512A460446D2
:1033C000FFF780FF70B9324629462046FFF71EFFFF
:1033D00040B933462A464FF4C0612046FFF772FFDA
:1033E00000B970BD236E032043F02003236670BD37
:1033F000002879D02DE9F84F0446406A002857D0BC
:103400000023C4E90433002294F85D30A26203F083
:10341000FF01002B5BD00223256884F85D30E26851
:103420002B68B2F5E06F23F040032B6046D855D0EF
:103430004FF4805E0027BB46A7624FF0010C0026C8
:10344000636802F47068A26803F4827302F40442B1
:1034500013432269A16902F0020213436269E7691A
:1034600002EA0C021343626B07F0380901F4007A98
:10347000276A02F00802090C42EA080243EA0A033A
:1034800001F0040100F0100007F0800843EA09038E
:103490000A4343EA0803024343EA0B0342EA0E02EB
:1034A0002B606A60266684F85DC03046BDE8F88F00
:1034B0006368B3F5827FA6D0E061A4E7B2F5706FD0
:1034C00014D1A76A4FF0000E07F4005BB5E7204661
:1034D00084F85C10FAF7CEFF606A9CE7A76A4FF4A5
:1034E000805E07F4005BA8E7012070474FF0000EF4
:1034F000A0E700BF70B590F85D30012B65D1DDB25B
:10350000002960D0002A5ED090F85C300446012B80
:103510005BD000234FF0030C80F85C5081638287FE
:1035200080682668B0F5004F84F85DC0C4E91333A5
:1035300023662364E287A4F84430A4F8463007D118
:10354000336823F040033360336843F480433360CF
:103550000023606D274A036473680263264A23F4DC
:103560008043C262254AC2637360E368B3F5E06FCB
:103570000FD88369B3F5806F0BD1E38F13F0010F80
:1035800073682ED123F480437360E38FC3F34E033B
:10359000E387E38F06F10C029BB2FBF7E3FBB8B9BC
:1035A00023681A68520603D41A6842F040021A606F
:1035B000002584F85C505A6842F020025A605A682C
:1035C00042F002025A60284670BD0225284670BDAE
:1035D0000022236E84F85C2043F010032846236603
:1035E00070BD43F480437360E38FC3F34E03013334
:1035F000E387CEE70536010839360108153601089C
:10360000704700BF08B5806AFFF7FAFF08BD00BF2A
:10361000704700BF0121806A08B50268536823F033
:1036200003035360036E43F01003036680F85D10DC
:10363000FFF7EEFF08BD00BF30B5054683B0846AD2
:10364000FBF7F4F92B681B689B0622D4236802461B
:103650005868642120F020005860586820F002006B
:1036600058602046FFF7A4FE18B1236E43F02003F4
:103670002366A36833B922680193D36801939368E2
:103680000193019B01230022E28784F85D30236EC1
:1036900023B92046F7F7F8FF03B030BD2046FFF707
:1036A000B7FF03B030BD00BF30B5026804465168B3
:1036B000936885B013F0400FC3F3801519D113F050
:1036C000010F2FD1980745D49D0600F19180DB05AD
:1036D0000DD58D060BD50020236E43F0080323661D
:1036E000039093680393039B236E002B5AD105B07C
:1036F00030BD13F002001AD008067CD413F020006D
:103700002CD18D06F3D594F85D50032D79D0256E1C
:1037100045F0040525660090D06800909068009000
:1037200000983AE011F0400FCCD0C36C65E08D06F4
:10373000DDD594F85D50032D63D0256E45F004056A
:1037400025660090D06800909068009000989806D8
:1037500023D515E008064ED49806B8D58806C6D5F8
:1037600075B194F85D0003284BD0206E40F0040042
:10377000206600200090D06800909068009000982B
:10378000206E40F0010020660020029090680290B8
:10379000106820F0400010600298DB059BD4236E77
:1037A000002BA4D0012053688D0723F0E003536061
:1037B00084F85D002DD05368A06D23F0030353609F
:1037C00040B1164B0364FBF75DFB18B1236E43F069
:1037D00040032366606D002889D0104B0364FBF71B
:1037E00051FB002883D0236E43F0400323667EE71D
:1037F0008806C5D47BE72046236D05B0BDE8304080
:10380000184700230193D368019393680193019BA8
:103810006DE72046FFF7FCFE69E700BF213801088D
:1038200008B50023806AA0F84630C387FFF7F0FE92
:1038300008BD00BF30B4036A124D046AA84224F0E8
:10384000010404620ED0104CA0420BD004F5406479
:10385000A04207D004F58064A04203D004F5806440
:10386000A04203D1046A24F004040462846923F0B2
:103870000A0324F0F00C4CEA02121943826130BCB6
:1038800001627047002C01400034014090F83D3047
:10389000012B23D102210368164A80F83D10934280
:1038A0001ED0B3F1804F1BD0A2F59432934217D0B3
:1038B00002F58062934213D002F5806293420FD0EA
:1038C00002F5943293420BD002F54062934207D046
:1038D0001A6842F001021A60002070470120704708
:1038E0009968054A0A40062AF6D0B2F5803FEFD122
:1038F00000207047002C01400700010090F83D3087
:10390000012B26D10222036880F83D20DA6817498E
:1039100042F001028B42DA601DD0B3F1804F1AD021
:10392000134A934217D002F58062934213D002F5F6
:10393000806293420FD002F5943293420BD002F58D
:103940004062934207D01A6842F001021A600020D8
:103950007047012070479968064A0A40062AF6D047
:10396000B2F5803FEFD10020704700BF002C01402E
:10397000000400400700010038B590F83C30012BEE
:103980006AD0044602250123006884F83C3084F89C
:103990003D5085684B4A2A4082600A68602A6AD096
:1039A00010D8402A5AD02CD8202A4BD048D832F0F0
:1039B000100147D018460122002384F83D2084F8E6
:1039C0003C3038BDB2F5805F13D0B2F5005F27D030
:1039D000702AEFD1D1E901538268C9682B4322F4E0
:1039E0007F4243EA012313438360836843F07703F4
:1039F00083600122002384F83D2084F83C300020BD
:103A000038BD502AD6D1CA684968FFF713FF8368CA
:103A100023F4401323F0700343F057038360E8E777
:103A20008268D1E90153C9682B4322F47F4243EAFB
:103A3000012313438360836843F480438360D8E7A2
:103A4000302AB7D1836823F4401323F07003134363
:103A500043F007038360CCE7022038BDCA68496899
:103A6000FFF7E8FE836823F4401323F0700343F06C
:103A700047038360BDE7036A026A4D6822F01002C3
:103A8000C9680262104A904217D002F50062904263
:103A900013D0826923F0A00322F4704243EA051395
:103AA00042EA013282610362836823F4401323F007
:103AB000700343F0670383609BE7026A22F04002D1
:103AC0000262E6E78800CEFF002C0140704700BF8D
:103AD000704700BF704700BF704700BF036870B5F4
:103AE000DE681C690546A20701D5B1075AD46307F1
:103AF00001D5700743D4210701D532072DD4E00644
:103B000001D5F10616D4E20701D5F30763D414F406
:103B1000025F0AD0300666D4600601D5710673D400
:103B2000A20601D5B3064DD470BDE205F4D5330627
:103B300062D4F1E76FF0100108222B682846196162
:103B40002A77DB6913F4407F6FD1FFF7BFFF284668
:103B5000FFF7C0FF00232B77D5E76FF008010422A1
:103B60002B68284619612A77DB699B075AD1FFF732
:103B7000ADFF2846FFF7AEFF00232B77BFE76FF0BE
:103B8000040102222B68284619612A779B6913F4E5
:103B9000407F44D1FFF79AFF2846FFF79BFF0023A1
:103BA0002B77A8E76FF002021A61012202779B6966
:103BB0009A0731D1FFF78AFF2846FFF78BFF0023D2
:103BC0002B7794E76FF020022B682846BDE8704001
:103BD0001A6100F005B96FF001022B6828461A61DE
:103BE000EDF728FB93E76FF402522B6828461A6121
:103BF00000F0F8F8E1058FD56FF480722B68284645
:103C00001A6100F0F1F887E76FF040022B68284650
:103C10001A61FFF761FF83E7FFF75AFFCFE7FFF76E
:103C200057FFBCE7FFF754FFA6E7FFF751FF91E707
:103C300070B4284E0368B0424A698D680C6839D068
:103C4000B0F1804F20D0A6F59436B0421CD006F5D6
:103C50008066B04218D006F58066B04214D006F5F2
:103C60009436B04226D01C4EB04227D006F580666E
:103C7000B04223D006F58066B0421FD023F0800307
:103C8000C5621A4384620CE04E6823F07003C96871
:103C9000334323F440730B4323F08003C5621A437C
:103CA0008462012170BC036843F004030360416136
:103CB000026070474E6823F070033343CE6823F4EC
:103CC00040733343C56223F0800384621A430B6957
:103CD0000363E6E7002C01400040014070B310B5DB
:103CE00090F83D30044603F0FF0213B3022321464F
:103CF00084F83D3051F8040BFFF79AFF012384F854
:103D0000483084F83E3084F83F3084F8403084F8FE
:103D1000413084F8423084F8433084F8443084F8E9
:103D2000453084F8463084F8473084F83D30002030
:103D300010BD80F83C20FAF72FFCD7E70120704730
:103D400090F83C20012A45D00346022070B41A683E
:103D5000214E83F83D00B24250680D68946827D028
:103D600006F50066B2422CD020F070002843B2F174
:103D7000804F50600ED0194882420BD000F5806011
:103D8000824207D000F58060824203D000F59A306D
:103D9000824204D1896824F080040C43946000229C
:103DA000012183F83C2083F83D10104670BC704719
:103DB0004E6820F47000304320F0700028435060BB
:103DC000E8E74E6820F47000304320F070000543AF
:103DD0005560DFE702207047002C014000040040DE
:103DE000704700BF704700BF704700BF10B4026843
:103DF00052E8003F23F4907342E800310029F7D1E4
:103E0000144C02F1080353E8003F234002F1080C70
:103E10004CE800310029F4D1C36E012B08D00023F7
:103E200020225DF8044BC0F88C204367C3667047BE
:103E300052E8003F23F0100342E800310029EED0A1
:103E400052E8003F23F0100342E800310029EFD18F
:103E5000E5E700BFFEFFFFEF704700BF704700BF00
:103E600008B5806AFFF7FAFF08BD00BF704700BFC2
:103E700040F60F0C70B504680546E369216813EA43
:103E80000C0FA26829D19E0607D501F0200C02F084
:103E900080565CEA060C40F0F080E86E012800F0E5
:103EA000AC80D80200F19E80180606D502F400020C
:103EB00001F08000104340F0E7805A0602D54E061C
:103EC00000F1C380180202D54A0000F10C81DB0129
:103ED00002D50029C0F23D8170BDA348104040F0DA
:103EE000C580A24E3142D8D0DE0740F1DC80CE053D
:103EF00040F1D28001262662D5F8906046F0010696
:103F0000C5F890609E0740F1C980D60740F1CB808C
:103F100002202062D5F890005E0740F00400C5F84A
:103F2000900040F1DD8004202062D5F8900040F040
:103F30000200C5F89000180700F1BD8018050AD5E9
:103F40004E0108D54FF400602062D5F8900040F093
:103F50002000C5F89000D5F890000028BCD0980645
:103F600006D501F0200102F08052114340F0AC80F0
:103F7000D5F89020A36802F0280203F0400353EA2A
:103F80000206284600F0EA80FFF730FFA3685B06D0
:103F900040F1A28004F1080353E8003F23F04003FE
:103FA00004F1080141E8003262B12C6804F1080311
:103FB00053E8003F23F0400304F1080141E80032D8
:103FC000002AF3D1D5F88000002800F08580684BE6
:103FD0000364FAF757FF00283FF47EAFD5F880005E
:103FE000036C4EE056027FF55FAF4FF48013284616
:103FF0002362BDE8704000F0FBB8DE067FF551AFEC
:10400000C8067FF54EAF1022B5F85C302262A26878
:10401000520640F1AF80D5F880000268516889B23D
:10402000002900F0DC80994280F0D980A5F85E106C
:10403000126896065CD502222A67B5F85E102846FB
:10404000591A89B2FFF712FF70BD54E8003F23F000
:10405000400344E80032002AF7D1202200232846FA
:10406000C5F88820AB67FFF7F7FE70BDDE077FF568
:1040700049AFCE057FF546AF3CE7436F002B3FF4D9
:104080002BAFBDE870401847AB6F002B3FF424AF57
:104090002846BDE8704018479E0704D45E0702D545
:1040A000D6073FF540AF1E077FF548AF01F0200669
:1040B00006433FF443AF08202062D5F8900040F05B
:1040C0000800C5F8900039E76B6F002B3FF450AF44
:1040D000284698472C684BE72846FFF7BFFE70BD7F
:1040E0001807E8D42AE72846BDE8704000F084B8F5
:1040F00054E8003F23F4807344E80032002AF7D1EB
:1041000004F1080353E8003F23F0010304F1080120
:1041100041E80032002AF3D104F1080353E8003FDC
:1041200023F0400304F1080141E80032002AF3D1F2
:104130002023C5F88C30EA6654E8003F23F01003D2
:1041400044E80032002AF7D1FAF764FEB5F85C3093
:1041500071E72846BDE8704000F04CB8FFF77EFEDE
:10416000C5F8906070BD00BF010000102001000480
:10417000613E0108B5F85E10B5F85E2089B292B2D2
:10418000002A3FF4A9AE5B1A99B200293FF4A4AE0D
:1041900054E8003F23F4907344E80032002AF7D13A
:1041A000124804F1080353E8003F034004F10806F5
:1041B00046E80032002AF4D120236A67C5F88C3023
:1041C000EA6654E8003F23F0100344E80032002A76
:1041D000F7D1022328462B67FFF748FE70BD9942AE
:1041E0007FF47AAE13689C06F3D470BDFEFFFFEF38
:1041F000704700BF704700BF704700BF03460022F2
:104200004BF68071A3F844201046A3F84010704785
:10421000034644F27F02B3F8401000200A40A3F89E
:10422000402070474FF0000C00B583B002AB4FF058
:10423000010E03E9060003466046A3F840E0A3F838
:1042400040C0A3F844C0A3F850C003B000BD00BFF5
:10425000002070470020704770B50A78034630F898
:10426000220091F803E020F4EC4020F070000004FC
:10427000000CBEF1030F00F20582DFE80EF0CDD096
:10428000B10240F4C06048F2800C40EA0C0023F810
:10429000220033F8220020F4E04020F070000004F7
:1042A000000C10434CEA000C23F822C0087B0028C5
:1042B00000F0B880002033F822C02CF4E24C2CF03F
:1042C000700C4FEA0C4C4FEA1C4C4CF4004C4CF078
:1042D000800C23F822C00C89B3F8505003EBC20CB9
:1042E000640864001CFA85F5A5F800444C89B3F80D
:1042F0005050640864001CFA85F5A5F804444C7815
:10430000002C40F01C8133F8224064040DD533F8B2
:10431000224024F4E04424F070042404240C44F4E7
:10432000404444F0800423F8224033F822406606DB
:104330000DD533F8224024F4E04424F07004240422
:10434000240C44F4004444F0C00423F822400D69D6
:10435000B3F850101CFA81F1B1F802440CF2064C8B
:10436000C4F30904A1F80244002D00F030813E2D71
:1043700000F2658105F0010404EB5504A402A5B226
:10438000B1F80244A4B22C43A1F80244B3F850108F
:1043900089B231F80C40C4F3090421F80C4031F81B
:1043A0000C40A4B22C4321F80C4048F2800433F8AE
:1043B000221021F4804121F070010904090C81F4DC
:1043C0004051214323F8221033F8221021F4E04118
:1043D00021F040010904090C0C4323F8224070BD70
:1043E00048F28005284323F8220033F82200B14C1C
:1043F00080B220401043054323F82250087B88B147
:1044000033F8220080B2204040F4014040F08000A8
:1044100023F8220000205EE740F4007033E740F408
:10442000806030E70020CC884E786408640003EB9D
:10443000C205F6B3B3F8501015FA81F1A1F80044A3
:1044400033F8221049060DD533F8221021F4E0414B
:1044500021F070010904090C41F4004141F0C00150
:1044600023F8221033F82210BEF1010F21F4E041AD
:1044700021F040014FEA01414FEA114112D081F091
:10448000200141F4004141F0800123F8221070BD69
:1044900033F8221021F4804121F070010904090C45
:1044A00081F4005141F4004141F0800123F82210D1
:1044B00070BD0E69B3F8501015FA81F1A1F80444EB
:1044C000B3F8501015FA81F1B1F80644C4F30904A9
:1044D000A1F80644002E00F096803E2E00F29D804A
:1044E000B1F8064406F00105A4B205EB560544EA0E
:1044F0008524A4B2A1F8064433F822104D040DD54A
:1045000033F8221021F4E04121F070010904090C74
:1045100041F4404141F0800123F82210002AB7D134
:104520001A8822F4804222F070021204120C82F4E3
:10453000405242F4004242F080021A8070BD33F8CB
:1045400022104C040DD533F8221021F4E04121F063
:1045500070010904090C41F4404141F0800123F845
:10456000221033F8221049060DD533F8221021F419
:10457000E04121F070010904090C41F4004141F0CF
:10458000C00123F8221033F82210BEF1010F21F4EC
:10459000E04121F040014FEA01414FEA114118BFCB
:1045A00081F0200141F4004141F0800123F8221004
:1045B00033F8221021F4804121F070010904090C24
:1045C00041F4004141F0800123F8221070BDB1F8A0
:1045D00002446FEA44446FEA5444A4B2A1F802448E
:1045E000B3F85040A4B234F80C10C1F3090124F818
:1045F0000C1034F80C106FEA41416FEA514189B256
:1046000024F80C10D1E6B1F806446FEA44446FEA8E
:104610005444A4B2A1F806446EE7B1F80644750903
:10462000F60608BF05F1FF35A4B244EA85246FEA17
:1046300044446FEA5444A4B2A1F806445CE76C0910
:10464000ED0608BF04F1FF34B1F80254A402A4B28D
:10465000ADB2254345F40045A1F80254B3F85050DB
:10466000ADB235F80C10C1F3090125F80C1035F87E
:104670000C1021436FEA41416FEA514189B225F89C
:104680000C1092E648F28004204323F8220033F80D
:10469000220020F4E04020F070000004000C1043E1
:1046A000044323F82240087B08B1012003E60120DF
:1046B000B9E600BF8F8FFFFF10B40C7B4A780B78F0
:1046C000CCB9002A00F0B58030F82320540600F160
:1046D000C98030F8232022F4E04222F04002120484
:1046E000120C42F4004242F0800220F823205DF8D0
:1046F000044B00207047002A4DD130F8232052048B
:104700000DD530F8232022F4E04222F0700212048A
:10471000120C42F4404242F0800220F8232030F88C
:10472000232054060DD530F8232022F4E04222F055
:1047300070021204120C42F4004242F0C00220F84F
:10474000232048F2800130F823205DF8044B22F446
:10475000E04222F070021204120C42F4004242F0D5
:10476000C00220F8232030F8232022F4804222F0D7
:1047700070021204120C0A4320F8232030F8232080
:1047800022F4E04222F040021204120C114320F8FD
:1047900023100020704730F8232051040DD530F845
:1047A000232022F4E04222F070021204120C42F4A0
:1047B000404242F0800220F8232030F823205206A5
:1047C0000DD530F8232022F4E04222F070021204CA
:1047D000120C42F4004242F0C00220F8232048F2BA
:1047E000800130F823205DF8044B22F4E04222F0EF
:1047F00070021204120C42F4404242F0800220F88F
:10480000232030F8232022F4E04222F04002120458
:10481000120C0A4320F8232030F8232022F480428F
:1048200022F070021204120C114320F82310002011
:10483000704730F8232051040DD530F8232022F49E
:10484000E04222F070021204120C42F4404242F0A4
:10485000800220F8232030F8232022F4804222F026
:1048600070023CE730F8232022F4E04222F070028C
:104870001204120C42F4004242F0C00220F823203D
:1048800027E700BF2DE9F04F4B780C7B012B83B05D
:1048900035D0ECB1CB78022B00F0FD80012B40F03D
:1048A000878000230A788B6130F8223023F480431C
:1048B00023F070031B041B0C83F4405343F40043A8
:1048C00043F0800320F82230002003B0BDE8F08FD1
:1048D0008A690C78002A55D1CB78002B40F0F980FA
:1048E00030F8243023F4E04323F070031B041B0C46
:1048F00043F4014343F0800320F82430D1E70E69EC
:104900008A694B69B24228BF324600F58067002CA5
:1049100000F0A880CD780C6A022D91F800E04BD011
:10492000A41A30F82E500C6294B2013415F0400FE6
:1049300092B2B0F850504FEA540400F0D98000F21F
:10494000064616FA85F525F83E204D893D443CB1D2
:1049500003EB4404ED1A1A885A5302339C42FAD1ED
:104960000A7830F8223023F4E04323F040031B049C
:104970001B0C83F0300343F4004343F0800320F822
:104980002230A1E730F8243023F4E24323F070030F
:104990001B041B0C43F4004343F0800320F8243035
:1049A0000B699A427FF67DAFD31A8B610A787BE759
:1049B000012003B0BDE8F08FA64200F2024B80F068
:1049C000DF8030F82E50A41A25F4E04525F070055C
:1049D0002D042D0C45F4014545F0800520F82E509E
:1049E00030F82EC095B201351CF0400F0C62B0F8C3
:1049F00050C04FEA55051FFA82F800F2064900F050
:104A00008E8019FA8CFC2CF83E80B1F80A90B944DB
:104A100075B19C46A9EB030903EB450A0196BCF866
:104A200000602CF809600CF1020CD445F7D1019E0E
:104A30001344A6424B6180F0C880A21A0A62B0F803
:104A400050201BFA82F222F83E800C893C44002D53
:104A500086D003EB4505E41A1A881A5302339D42A7
:104A6000FAD17DE795B2CE8801356D083E4492B209
:104A700007D003EB4505F61A1C889C530233AB4262
:104A8000FAD1B0F850300C7800F2024515FA83F3F1
:104A900023F8342064E7CB690A78002B3FF404AF95
:104AA00030F8223003F040045B0435D4002C7FF44E
:104AB000FBAE30F8223023F4E04323F070031B04F4
:104AC0001B0C43F4004343F0C00320F822300A7863
:104AD000EAE630F8243023F4E24323F070031B04A9
:104AE0001B0C43F4004343F0800320F82430D8E645
:104AF00000F2024616FA85F525F83E200D893D4460
:104B0000002C3FF42DAF03EB4404ED1A1A885A53DE
:104B100002339C42FAD123E7002CCAD1C4E61BFA27
:104B20008CFC2CF83E80B1F808A0BA4475B19C46C4
:104B3000AAEB030A03EB450B0196BCF800602CF8C6
:104B40000A600CF1020CDC45F7D1019E1344A64229
:104B50004B6141D2A41AB0F850200C6219FA82F2CB
:104B600022F83E804C893C44002D3FF4F9AE03EB23
:104B70004505E41A1A881A530233AB42FAD1EFE61C
:104B8000A5B22C4630F82E20013422F4E24222F065
:104B900070021204120C42F4004242F0800220F82B
:104BA0002E20B0F8502064081BFA82F222F83E5002
:104BB0000D893D443FF4D4AE03EB4404ED1A1A884A
:104BC0005A5302339C42FAD1CAE6A5B201350022FB
:104BD0001FFA84F86D0831E7A5B201351FFA84F891
:104BE0006D080024B7E700BF4B780A788BB130F826
:104BF000223023F4E04323F040031B041B0C83F01A
:104C0000100343F4004343F0800320F822300020D7
:104C1000704730F8223023F4804323F070031B04E4
:104C20001B0C83F4805343F4004343F0800320F8CB
:104C300022300020704700BF4B780A7833B330F839
:104C400022305B060DD530F8223023F4E04323F008
:104C500070031B041B0C43F4004343F0C00320F813
:104C60002230CB78012B0FD030F8223023F4E043F0
:104C700023F040031B041B0C83F0200343F4004388
:104C800043F0800320F822300020704730F82230B3
:104C90005B040DD530F8223023F4E04323F0700399
:104CA0001B041B0C43F4404343F0800320F82230E4
:104CB00030F8223023F4804323F070031B041B0CD4
:104CC00083F4405343F4004343F0800320F8223040
:104CD0000020704711B98023A0F84C3000207047A5
:104CE0000246B2F8583000206FEA43436FEA53435C
:104CF0009BB2A2F858307047B0F8440080B27047B9
:104D0000013302F580625B08104408D00A4601EBCB
:104D10004301801A1388135202328A42FAD1704733
:104D200070B502F580625D0800EB020419D06FF0E7
:104D300001008E1C3246AC46401A2044815ABCF118
:104D4000010C89B24FEA112E02F1020202F8041C92
:104D500002F803ECF2D1013D023406EB450104EB0D
:104D60004504DB0744BF23880B7070BDD0E90023E6
:104D7000F0B4D0E90267D0E90445D0E90601B1F109
:104D8000FF3F08BFB0F1FF3F18D1B5F1FF3F08BFAB
:104D9000B4F1FF3F0FD1B7F1FF3F08BFB6F1FF3FBE
:104DA0000FD1F0BCB3F1FF3F08BFB2F1FF3F14BF1A
:104DB0000120002070470320F0BC70470420F0BCA5
:104DC00070470220F0BC704710B54FF6FD7E1F4BB8
:104DD0000446B3F8E0C000F580330CF1FF3292B224
:104DE00072454FEAC32008D84FF47832184B03EAD3
:104DF0004C23B2FBF3F203FB020003294FF0AA326B
:104E00004FF0AA3312D0042908D0022916D000F09E
:104E100041FFC0B90F4B00201C7010BD183000F0CE
:104E200039FF003818BF0120400010BD103000F0DD
:104E300031FF003818BF0120400010BD083000F0DD
:104E400029FF0028E6D0022010BD00BF0005FA0BA4
:104E500000FE1F0058400320F8B5044600F052FF42
:104E6000002840F0BD804FF6FD73634AB2F8E0C001
:104E70000CF1FF3291B2994200F2B0804FF47835D4
:104E80005E4B03EA4C23B5FBF3F503FB05F5C5F5D3
:104E90007835ED0A4FF6FD7391B2994212D999E037
:104EA0004FF6FD77544E2846012100F0F7FE0135FC
:104EB000002840F08D80B6F8E0C00CF1FF3293B2CC
:104EC000BB4237D84FF478334C4901EA4C21B3FB4D
:104ED000F1F301FB03F3C3F57833DB0A04339D429E
:104EE0002AD2002CDCD04FF47836B6FBF1F0112733
:104EF000EB0203F1006301FB003303F5006ED3E91D
:104F00000001B1F1FF3F08BFB0F1FF3F03F108031B
:104F100018BF10279E45F2D1102F47D04FF6FD73D2
:104F200091B2994205F10105CCD9802D04D04FF4FE
:104F30008021DAE7802DB6D100F0E2FE4FF6FD7158
:104F40002D4BB3F8E020531E9BB28B424AD84FF44E
:104F500078302A4B022103EA4223B0FBF3F003FB33
:104F600000F0C0F57830C00AFFF72EFF00283FD1CF
:104F70004FF6FD71224A204B1080B3F8E020531EFB
:104F80009BB28B4236D84FF478331C4901EA422257
:104F9000B3FBF2F302FB03F3C3F57833C3F3C72388
:104FA0002021184C184A23701160F8BD01212846B1
:104FB00000F074FE60B9104B0135B3F8E0C04FF655
:104FC000FD730CF1FF3291B299427FF67BAFACE7F3
:104FD0000120F8BD80234FF4802180E77C2559E72C
:104FE0000E20F8BD7C200221FFF7EEFE0028BFD086
:104FF0000220F8BD7C23D3E70005FA0B00FE1F005A
:105000005A40032058400320AC0103204FF6FD71A5
:10501000224B2DE9F041B3F8E02082B0531E9BB241
:105020008B4220D84FF478351D4B03EA4223B5FB61
:10503000F3F503FB05F5C5F57834E40A271D05F102
:10504000006606EBC420FFF791FE04284FEAC4284F
:1050500004F102030BD09F4203D8052002B0BDE843
:10506000F0811C46EDE780277C240025E7E7621CE1
:105070009A4206D30221204600F010FE48B10120DA
:10508000ECE708F108202844FFF770FE0428F1D06F
:10509000E3E7019000F034FE0198DFE70005FA0B2A
:1050A00000FE1F002DE9F0474FF6FD74444A454BC2
:1050B000B2F8E0101E784A1E92B206F58033A24282
:1050C00080464FEAC3234FD84FF478393E4C04EA68
:1050D0004124B9FBF4F904FB09F94B441846FFF7E6
:1050E00045FE4FF47833B3FBF4F304FB03F3C3F54D
:1050F0007833A6EBD32A0AF1010505F0030505EB89
:10510000D325074605F5803009EBC020DC0AFFF700
:105110002DFEB8F1010F12D0B8F1020F0AD0022F04
:105120001FD0012F1BD10AF1030A0AF0030A0AEB70
:10513000040616E098B92E463046BDE8F087022FE7
:1051400017D0012F0BD1214C2368B3F5006F08D382
:1051500004282BD003213046FFF736FEE0B14FF094
:10516000FF363046BDE8F0874FF000094FF4802449
:10517000B4E7164C2368B3F5006FF2D304281AD0B5
:1051800003213046FFF720FE0028E8D102212846FF
:10519000FFF71AFE30B1E2E701212846FFF714FEBF
:1051A0000028DCD120232E462360C5E7FFF72EFF21
:1051B0000028CFD0D3E7FFF729FF0028E0D0CEE7C3
:1051C0000005FA0B5840032000FE1F00AC0103202D
:1051D0002DE9F041074600200E46FFF763FF431C10
:1051E0006DD000F58031CC024FF6FD71354B804615
:1051F000B3F8E020531E9BB28B4208D84FF47831AD
:10520000314B03EA4223B1FBF3F203FB0244204695
:10521000FFF7ACFD831EDBB2022B4BD82B4D04F500
:10522000FF6C04F1180101E08C451CD0DCE900237F
:10523000B3F1FF3F08BFB2F1FF3FACF1080C1FFA1A
:1052400082FEF1D0BE45EFD1A86840F00100A86011
:105250002B602F802C68A4B2B4EB124FE4D1002055
:105260003360BDE8F0814FF6FD71164BB3F8E020D6
:10527000531E9BB28B421FD84FF47831124B03EA76
:105280004223B1FBF3F103FB01F1C1F57833DB0AF3
:1052900008F10308A8EB030808F00308984408F590
:1052A000803301EBC3242046FFF760FD831EDBB291
:1052B000022BB4D90720D4E700217C23E8E70320A0
:1052C000BDE8F0810005FA0B00FE1F00003002402F
:1052D0004FF6FD72431E9BB2934201D908207047DE
:1052E000002310B582B00C4601A90193FFF770FFAF
:1052F000019B236002B010BD70B5064601200D462B
:10530000FFF7D0FE431C3AD04FF6FD711D4B00F560
:10531000803CB3F8E0204FEACC2C531E9BB28B426A
:1053200027D84FF47830184B03EA4223B0FBF3F050
:1053300003FB00F0CDB1154CA36843F00103A3605B
:105340002560268022681204114C2B4621683243C6
:105350008C44604400F09EFC78B90E4922680B88AA
:105360000832013322600B8070BD002EE3D132463B
:10537000EAE70020002DDED1F7E7022070BD032010
:1053800070BD00BF0005FA0B00FE1F000030024098
:10539000AC0103205A4003202DE9F04F002785B0CF
:1053A000CDE90001C2F10200C0B214460397FFF735
:1053B00079FE431C00F068812023BB4ABB4D10706E
:1053C000BB4A06462F801360002C00F042814FF646
:1053D000FD71B84BB3F8E020531E9BB28B4200F234
:1053E0003F814FF47833B44901EA4222B3FBF2F330
:1053F00002FB03F31A46C3F57833DB0A0336F61AC9
:1054000006F003061E4406F5803002EBC020FFF7CD
:10541000ADFC022800F08680042800F08980012C71
:1054200040F0DB80032840F0D8809F4B2C881E780A
:105430009F4B4FF0000B1A6804F1FC03C2EBC62C23
:105440000CF1006C4FF6FD7A9B4F0CF1200C1FFA0B
:1054500083FE09E01FFA89F474454FF0010B2C809C
:1054600002F1080200F01981924BB3F8E03003F129
:10547000FF381FFA88F1514598BF4FF4783107EA99
:10548000432996BFB1FBF9F0002009FB00F00CEBBB
:1054900002010144D1E90001B1F1FF3F08BFB0F1C1
:1054A000FF3F04F10109D5D14146BBF1000F01D006
:1054B0007F4802604FF6FD77DFF8FC8189B204F582
:1054C0007C7AB942DFF8EC911FFA8AFA08EA4323A2
:1054D00025D84FF47830B0FBF3F003FB00F0C0F5B3
:1054E0007832D20AC2F10303334403F003039E1857
:1054F00006F5803300EBC320FFF738FC032804F1E6
:10550000FC0340F0C8809CB254452C8078D0B9F898
:10551000E030591E89B2B94208EA4323D9D97C2226
:105520000020DFE704213046FFF74EFC00285ED163
:105530004FF6FD715F4BB3F8E020531E9BB28B42D8
:1055400000F2A6804FF478335B4901EA4222B3FBB4
:10555000F2F302FB03F31A46C3F57833DB0A06F1D4
:105560000309A9EB030909F00309994409F58030FF
:1055700002EBC020FFF7FAFBC31EDBB2012B3AD8C7
:105580004C4F4D4E1AE04FF47833B3FBF1F301FB6F
:1055900003F31846C3F57833DB0A09F10309A9EBD5
:1055A000030909F00309994409F5803300EBC3208E
:1055B000FFF7DCFBC31EDBB2012B1CD8032810D085
:1055C0004FF6FD72B7F8E03006EA4321013B9BB28B
:1055D0009342D8D900207C23DFE70A2005B0BDE83C
:1055E000F08F04214846FFF7EFFB0028E8D00220A7
:1055F00005B0BDE8F08F012CB5F800A03FF415AF61
:10560000BAF5FC7FF3D2DDE90001FFF775FE002853
:10561000EDD12C88022C26D80124009F0CE02B8889
:10562000B3F5FC7F2CD230460399FFF765FE0028C6
:10563000D4D10134FB2C19D0BC42A6B2F9D03046EB
:1056400003A9FFF7C5FD0028E9D00728F1D0032002
:10565000C4E70121FFF7B8FB00283FF4B8AEC6E766
:1056600000227C23CAE6023CFA2CD6D90E4B02213A
:105670001878FFF7A9FB0028B9D14FF48070ADE787
:10568000122005B0BDE8F08F042005B0BDE8F08F12
:1056900000227C2363E7A246B2E7054B1A60054B64
:1056A000B3F8E030591E05E7584003205A40032064
:1056B000AC0103200005FA0B00FE1F002DE9F04F9E
:1056C00089B0064600F01EFB002840F0D281074654
:1056D00048F2050001244FF6FD71C04B9A6C42F46C
:1056E00080529A649B6CBE4A03F480530793079BD5
:1056F00050619368BB4823F0180343F0080393609C
:10570000B94B0470B3F8E020531E9BB28B4200F2F9
:1057100042814FF4783AB54B03EA4223BAFBF3FADD
:1057200003FB0AF3C3F57834E40A039304F58033EA
:10573000049304F10408A446039AAD4902F50062FB
:1057400002EBC3224FEAC32EA2F500630B60F3E81D
:1057500002AB9A42FAD10CF1010CC44502F5006289
:10576000F2D3039B4FF0000C0EEB030B5B46E146BC
:105770006546A3469A46CDE901CC80F800C0504664
:10578000FFF7F4FA421ED2B2012A40F20B8103283D
:1057900007D1019BCDF808B0002B08BFD9460133D3
:1057A00001930BF1010BC3450AF5006AE7D3002D05
:1057B00000F064814FF6FD718B4BB3F8E020531E6F
:1057C0009BB28B4200F2E481884B03EA42234FF400
:1057D0007832B2FBF3F203FB02FBCBF578334FEAEE
:1057E000D32909F58035294609F1040A4FF0030849
:1057F00003964C464646884609F102030BEBC52545
:1058000001932846FFF7B2FA012800F0FB8001342B
:10581000544505F5006506F10106F2D30023039E09
:1058200001934FF6FD71704BB3F8E020531E9BB20D
:105830008B4200F2A5814FF4783C6C4B03EA422383
:10584000BCFBF3FC03FB0CFCCCF57835ED0A05F54D
:105850008034224605F104084FF000090CEBC42403
:10586000CA46A346039704964F461646A946644681
:105870005846FFF77BFA022800F09680032808BFFD
:10588000CDF80890791C01EB0509C1450F460BF5D1
:10589000006BEDD3DDE903765346002B00F08681E3
:1058A000544D002220202B78DFF854814FEAC32C7E
:1058B0000293514B4FF6FD7B9646DFF82CA1DFF8A3
:1058C0002C910CF1006CA8F80020186008E008305A
:1058D000B0F5006F4FF0010EA8F8002000F08381B2
:1058E000BAF8E0300132591E8DB25D4598BF4FF4D1
:1058F000783509EA432496BFB5FBF4F500256543E6
:105900000CEB00042C44D4E90045B5F1FF3F08BF7F
:10591000B4F1FF3F92B2DAD1BEF1000F01D0364AA6
:1059200010604FF6FD750A46DDF808A02F4CDFF831
:10593000B89028E04FF47831B1FBF3F103FB01F1AB
:10594000C1F57832D20A0AF103039B1A924503F09B
:10595000030302F1020000F0B380504500F0B08074
:1059600003EB020A0AF5803001EBC020FFF7FEF9D5
:10597000032840F01681B8F80030FC33A8F8003056
:10598000B9F8E0305A1E92B2AA4204EA4323D1D9B0
:105990007C220021D7E7194B4FF080087C24049328
:1059A0000397C8E60135FCE6A94549D0022F47D048
:1059B000F81C00F00300304404EBC020FFF7D6F9D8
:1059C00003287FF45FAFBAF1000F40F0EA80094A84
:1059D0004FF0010A791C82F8009054E70010024051
:1059E00000300240504003200005FA0B00FE1F006B
:1059F0005440032058400320AC0103207C000100E8
:105A00005A4003204C4528D0019BA34225D006F0E4
:105A1000030040440BEBC020FFF7A8F903287FF4F4
:105A2000F6AE0021744D01220846039E2C70FFF74C
:105A3000B3FCB0F5807F40F0DD8001230193F0E6F8
:105A4000791C01F00300304404EBC0200591FFF7FE
:105A50008DF90028B7D0059915E7B01E00F00300B6
:105A600040440BEBC020FFF781F900287FF4CFAE54
:105A7000D7E70E27384609B0BDE8F08F019B002B11
:105A800000F0AB80C4F10300049B484400F0030025
:105A90001844039B03EBC020FFF768F904287FF448
:105AA00089AE029BC4F10100184400F003000121FB
:105AB0002044FFF789F900283FF47CAE0227D9E79C
:105AC000029D0135AD1A05F00305154405F5803337
:105AD000AA4501EBC32127D0484C002E37D1012124
:105AE000284600F0DBF8002872D14FF6FD71B4F8BB
:105AF000E020531E9BB28B423FD84FF47831404B8D
:105B000003EA4223B1FBF3F103FB01F1C1F5783362
:105B1000DB0A0135ED1A05F003051D4405F5803358
:105B2000AA4501EBC321D8D100F0EAF8019B002B74
:105B3000A0D1B8F80030B3F5FC7F9BD2019908469C
:105B4000FFF7DAFB071E18BF01277F0092E74FF02F
:105B5000110C01F50060D1E90023B3F1FF3F08BF4C
:105B6000B2F1FF3F01F1080118BF4FF0100C814264
:105B7000F1D1BCF1100FB8D1B1E700217C23C8E707
:105B8000204A4FF080087C254FF0000C144663E655
:105B90001C494FF0800A4FF07C094FF0000B0D4676
:105BA00024E60A27384609B0BDE8F08FEDB2029A24
:105BB000C5F10103134403F003031D44E8B20E4D85
:105BC00002212870FFF700F900283FF46AAE75E75C
:105BD0000127384609B0BDE8F08F019809B0BDE84B
:105BE000F04FFFF739B9084B1860044BB3F8E030B9
:105BF000591E96E60C273DE7584003200005FA0B96
:105C000000FE1F007C000100AC0103204FF6FD7276
:105C1000431E9BB2934201D908207047044B1B8856
:105C2000B3F5FC7F01D2FFF767BB0022FFF7B4BBDF
:105C30005A400320134B144A196CB2F8E02011F4B7
:105C4000801F02F1FF334FF6FD719BB20CD18B42E6
:105C500097BF0E4B0E4B03EA422303F100638342CE
:105C60008CBF0120022070478B4297BF074B084B27
:105C700003EA422303F1006383428CBF0220012028
:105C8000704700BF002002400005FA0B00FE1F0015
:105C90000000040801460120F9F792BE4FF6FD7C92
:105CA00070B50026144B0446B3F8E02086B0531EAE
:105CB0009BB200F5803063450D4601964FEAC02047
:105CC00008D80E4B03EA42234FF47832B2FBF3F2CA
:105CD00003FB0200FFF7AEFF0222034601A902A860
:105CE000CDE9033405950292FAF77EF8003818BF23
:105CF000012006B070BD00BF0005FA0B00FE1F00BA
:105D0000704700BFFF2300B58BB001A80293F9F7DD
:105D1000D5FF079B13F4800F0CBF0E2000200BB0A3
:105D200000BD00BF38B5044601254023022284216E
:105D300003F0ACFFA4F87450402302220421204653
:105D400003F0A4FF102003228321A4F8B451A4F887
:105D500062000823204603F099FFA4F86050002554
:105D6000D4F8C0321B689847D4F8BC320421C3F879
:105D700034522046C3F8405200F0BAF9284638BDE4
:105D80000023F0B5D0F8BC6283B08DF80530ADF8D3
:105D9000063066B10B78054613F0600C0C4623D034
:105DA000BCF1200F06D02146284600F09DFD0320BF
:105DB00003B0F0BDCF8891F801C09FB31B0654D546
:105DC00002F1B00350F823303A46314660469B68F2
:105DD0009847E2883146072A28BF0722284600F064
:105DE000B7FD002003B0F0BD4B780B2BDBD801A230
:105DF00052F823F0575E0108E35D0108A75D010832
:105E0000A75D0108A75D0108A75D0108A75D01085E
:105E1000A75D0108A75D0108A75D0108435E0108B1
:105E2000395E010802F1B00350F823303A4660466B
:105E30009B6898470020D5E790F89C32032BD0D080
:105E4000B1E790F89C32032BADD101220DF1050191
:105E500000F07EFDC5E790F89C32032BA3D102220F
:105E60000DF1060100F074FDBBE73A46314686F8B5
:105E700000C286F8017200F083FDB2E710B5D0F8D9
:105E8000BC4284B1D0F8C0325BB194F80002FF2864
:105E900007D09B68214694F801229847FF2384F895
:105EA0000032002010BD032010BD00BF03464B226E
:105EB00001481A80704700BF0002032003460A22EF
:105EC00001481A80704700BF4C020320EE2903D11D
:105ED000122305481380704710B500242146148012
:105EE00000F002FD204610BDEC01032038B5D0F8CB
:105EF000BC524DB30429044617D0022905D003F043
:105F00003BFFC5F82402002038BD03F035FFD4F86C
:105F1000C432C5F82002002BF5D020469B68D5F886
:105F2000081205F508729847EDE703F025FFD4F84D
:105F3000C032C5F81C02002BE5D0DB68D5F804029E
:105F400005F507719847DEE7032038BD70B5D0F836
:105F5000BC42ACB301EB810E00EB8E05AB690A4687
:105F600084465BB9DCF8C0320BB1042A18D0DCF8E7
:105F7000C4320BB1012A1ED0002070BDD0F8CC6213
:105F800006EBCE0EDEF82060B3FBF6FE06FB1E33FA
:105F9000002BE7D11A46AB6103F0D6FE0020ECE7F8
:105FA00000251B69D4F8100204F50A71C4F83452B4
:105FB00098470020E1E700230020C4F83832DCE7EE
:105FC000032070BD8A8870B50C4605464AB9FFF7B4
:105FD000D7FE064618B12146284600F085FC30461B
:105FE00070BD21462846032600F07EFCF7E700BF7F
:105FF00038B504460025842103F056FE04212046CE
:10600000A4F8745003F050FE83212046A4F8B45144
:1060100003F04AFED4F8BC3225664BB1D4F8C03246
:106020005B689847D4F8BC0203F0AEFEC4F8BC52DB
:10603000002038BD10B504464FF4147003F0A0FEE4
:10604000034630B12046C4F8BC32BDE81040FFF72B
:1060500069BEC4F8BC02022010BD00BF034621B1D6
:10606000B032002043F8221070470320704700BF71
:10607000D0F8BC0238B100EB8303C3F81012002043
:10608000C3F8282270470320704700BFD0F8BC3205
:106090002BB103EB82030020C3F8041270470320E6
:1060A000704700BFD0F8BC2202B302EB810310B5E9
:1060B000D3F834426CB90124C3F8344259B9D2F848
:1060C00028328421D2F81022836603F03DFE00209E
:1060D00010BD012010BD0129F9D1D2F82C32812147
:1060E000D2F81422C36203F02FFEF0E703207047BA
:1060F000D0F8BC22A2B1042908B503D0022908D0E7
:10610000002008BD4023D2F8042203F029FE00201D
:1061100008BD8023D2F8082203F022FE002008BD2B
:106120000320704788B10023C0E9B033C0F8B8320B
:10613000C0F8C832C0F8D43209B1C0F8B412012393
:10614000027080F89C3203F033BD0320704700BF1B
:10615000002310B582B0ADF8063061B1CB6A0446B9
:10616000C0F8B81223B10DF106009847C4F8D40264
:10617000002002B010BD032002B010BD03F07ABDB4
:10618000D0F8B8320BB11B6818470320704700BF26
:1061900008B5D0F8B8320BB15B689847002008BD4D
:1061A00038B5044600F2AA25284600F091FB0122EA
:1061B00094F8AA12B4F8B032C029C4F89422C4F8F2
:1061C00098320DD001F01F03012B1BD0022B13D0EE
:1061D00063B12046BDE8384001F0800103F07CBD8A
:1061E0002046BDE83840802103F076BD2946204690
:1061F000BDE8384000F0F6B829462046BDE83840F2
:1062000000F0C8BA29462046BDE8384000F08CBAF4
:1062100070B5044631B91346D0F89422032A0DD044
:10622000002070BD90F89C32032BF9D1D0F8B83221
:106230009B69002BF4D0BDE870401847D0E9575255
:10624000954208D890F89C32032B0ED0204600F0DF
:10625000AFFB002070BDAD1AAA4228BF2A461946DE
:10626000C0F85C5100F09AFBDAE7D0F8B8321B694D
:10627000002BEBD09847E9E770B5044649B9D0F850
:106280009432022B11D094F8A032012B22D000209E
:1062900070BD90F89C32032BF9D1D0F8B8325B690D
:1062A000002BF4D0BDE870401847D0E90736B34260
:1062B0000D4614D820D094F89C32032B2FD0802187
:1062C000204603F009FD204600F07EFB94F8A03242
:1062D000012BDCD1002384F8A032002070BD9B1B71
:1062E0001146C3611A4600F041FB2B462A46294657
:1062F000204603F035FDC6E782699342DBD8D0F82B
:1063000098329A42D7D20A4600F030FB2B462A46F2
:1063100029462046C4F8985203F022FDB3E7D4F88A
:10632000B832DB68002BCAD020469847C7E700BFC9
:1063300000210122D0F8B83280F89C224160C0F8D8
:106340009412C0F8A412EBB1D0F8BC2270B5044688
:1063500012B15B6803B1984700224025012611461F
:106360004023204603F092FC002280212B46204649
:10637000A4F86461C4F8605103F088FC0020A6848E
:10638000256270BD032070470346002019747047D2
:106390000346042193F89C220020D2B283F89D2268
:1063A00083F89C12704700BF90F89C32042B04D1F4
:1063B00090F89D32DBB280F89C320020704700BF1D
:1063C000D0F8B82262B108B590F89C32032B01D006
:1063D000002008BDD369002BFAD09847002008BDE3
:1063E0000320704730B50B780D4603F06003202B77
:1063F000044683B028D0402B26D05BB180212046B4
:1064000003F06AFC0021204603F066FC00252846C4
:1064100003B030BD4B78092BF0D801A252F823F01D
:1064200093640108BB640108FD630108D964010895
:10643000FD630108E16401081B650108FD630108B3
:10644000516501085B64010829462046D4F8B8323A
:106450009B6803B0BDE8304018478978B14D0129E9
:10646000297000F23B8190F89C32022BDAB200F0E6
:106470001D81032A00F0FA80802103F02DFC002109
:10648000204603F029FC20462978FFF781FE0325EA
:10649000BDE790F89C32013B022BAFD8CA88022A94
:1064A000ACD1D0F8A4320146003B18BF01235B00F9
:1064B00041F80C3F00F04CFAA8E790F89C32013B01
:1064C000022B9BD84B88012BA0D100232046C4F877
:1064D000A43200F06DFA99E74B88012B96D1F5E7CD
:1064E0008B88002B8AD1CB88002B87D14B887F2BC0
:1064F00084D890F89C22032A80D0DDB2294680F807
:106500009E5203F015FC204600F052FA002D00F0D8
:10651000FB80022384F89C3278E700216A88ADF87A
:106520000610130A013B062B3FF668AF01A151F894
:1065300023F000BFE5650108CB650108F56501089A
:10654000FD630108FD630108B5650108796501086F
:10655000CA88012A7FF452AF90F89C32022BD9B23C
:1065600000F2B58000293FF449AF0146002341F80D
:10657000083F00F0EDF949E7037C002B7FF43EAFC4
:10658000D0F8B8320DF106001B6B98470723437013
:10659000EB88002B66D0BDF80620002A3FF42EAF12
:1065A0009A4228BF1A4601462046ADF8062000F060
:1065B000CFF92BE7037C002B7FF420AFD0F8B83263
:1065C0000DF106005B6B9847E2E7027CD0F8B83229
:1065D000002A40F08B809B6A0DF106009847022349
:1065E0004370D5E7D0F8B4320DF106011B68007C8A
:1065F0009847CDE7D1B2052900F28A80DFE801F0A3
:1066000026201A140E03D0F8B4329B69002B3FF4F5
:10661000F5AE207C0DF106019847B9E7D0F8B43209
:106620005B69002BF5D1E9E6D0F8B4321B69002B89
:10663000EFD1E3E6D0F8B432DB68002BE9D1DDE638
:10664000D0F8B4329B68002BE3D1D7E6D0F8B4324F
:106650005B68002BDDD1D1E60223416080F89C32DB
:10666000FFF796FD204600F0A3F9CFE60029F3D00E
:1066700041680129F6D0C9B2FFF78AFD2978204682
:106680006160FFF77DFD05460028EBD080212046A4
:1066900003F022FB0021204603F01EFB2046217957
:1066A000FFF776FD022384F89C32B0E60029D9D0AA
:1066B00001214160FFF764FD0546F0B180212046CD
:1066C00003F00AFB0021204603F006FB9FE60329A6
:1066D0007FF494AE011D00F03BF997E6802103F0B2
:1066E000FBFA0021204603F0F7FAD0E6DB6A0DF151
:1066F00006009847022343704AE7204600F058F905
:10670000032384F89C3281E6012384F89C327DE6E1
:10671000D0F8B8329B6B002B3FF470AE0DF106023F
:10672000984735E76840032038B50B780D465A0680
:1067300004460DD503F06002402A09D0802103F001
:10674000CBFA0021204603F0C7FA0025284638BDC1
:1067500094F89C32013B022B12D82B79022B0FD8D4
:10676000D4F8B83229469B6820469847EB880546FE
:10677000002BEBD10028E9D1204600F019F9E5E71C
:106780008021204603F0A8FA0021204603F0A4FA55
:10679000DBE700BF70B50B780D4603F06003202BDC
:1067A00004464CD0402B4AD04BB18021204603F008
:1067B00093FA0021204603F08FFA002070BD6B7819
:1067C0008A88012BD1B22BD0032B40D0002BECD1E7
:1067D00090F89C32022BD8B253D00328E5D101F0B7
:1067E0000F0303EB8303120604EB830358D4B3F8BF
:1067F0006431002BD9D001EB810504EB850505F54B
:10680000AA75002958D0204603F07EFA002859D0F6
:1068100001232B6002222946204600F099F8CCE79C
:1068200090F89C32022BDAB222D0032ABDD16B88B9
:10683000002BC2D14E0642D1204600F0B9F8D4F860
:10684000B83229462046BDE870409B68184790F84A
:106850009C32022BDAB20BD0032AA6D16B881BB96B
:106860004A0601D0EB887BB3204600F0A1F8A4E7EC
:106870004B069AD003F030FA8021204603F02CFA20
:106880009BE7480691D1002311064CBF04F1140187
:1068900004F5AA71022220460B6000F059F88CE73B
:1068A0009B8C002B81D001F07F05013505EB850520
:1068B000802904EB8505A6D100232B60AAE703F00D
:1068C00017FAB9E72860A5E703F006FACCE700BF9E
:1068D0000B7803704B7843704B8843808B888380A0
:1068E000CB88C380704700BF10B50446802103F0F9
:1068F000F3F92046BDE81040002103F0EDB900BFD8
:1069000008B370B5037805460E461446E3B101306E
:10691000E9F796FC431CDBB201335B00DAB223805B
:106920000323327073702C7864B12846022300214F
:106930005A1CD2B2F454B15410F8014F0233DBB2F6
:10694000002CF5D170BD704702221346E7E700BF67
:1069500010B5134602240A46C0E906330021C0F8E8
:10696000944203F0F1F9002010BD00BF8C4608B539
:1069700000211346624603F0E7F9002008BD00BF7E
:1069800010B5134603240A46C0E956330021C0F867
:10699000944203F0E5F9002010BD00BF8C4608B515
:1069A00000211346624603F0DBF9002008BD00BF5A
:1069B000002310B504241A461946C0F8944203F087
:1069C000C3F9002010BD00BF002310B505241A46EE
:1069D0001946C0F8944203F0C3F9002010BD00BF6F
:1069E00008B54FF0E0231B6901F0E2FE012800D159
:1069F00008BDBDE8084002F02FBC00BF08B5EFF3AA
:106A0000058313B16FF0050008BD01F0D1FE012828
:106A100007D0EFF31083002BF4D1EFF31183002B99
:106A2000F0D101F0C5FE0128034604D1034A1068E5
:106A300008B9136008BD4FF0FF3008BDC44D0320F6
:106A4000EFF3058313B16FF00500704710B501F047
:106A5000AFFE012809D0EFF3108313B16FF00500EA
:106A600010BDEFF31183002BF8D101F0A1FE012836
:106A70000CD1084B1A68012A08D1002402220649C9
:106A8000CC771A6001F092FB204610BD4FF0FF302A
:106A900010BD00BFC44D032000ED00E0F0B500259F
:106AA00087B014460595EFF3058212B1002007B0B8
:106AB000F0BD07460E4601F07BFE012809D0EFF33A
:106AC000108313B1059807B0F0BDEFF31183002BCD
:106AD000F8D1002FF6D00CB3A569DDB9182563688D
:106AE000DB07E3D463693BB39A08A068D4F800C01D
:106AF000E16820B3AB29E5D921690029E2D0002B58
:106B0000E0D0CDE90110334661463846009501F0EA
:106B100069F9CCE76B1E372BE1D9C7E74FF48072D8
:106B20001825214605AC334638460095019401F0FE
:106B30008DF90128BAD1C5E74FF48072D5E7002955
:106B4000C0D12369002BBDD1644692B2E9E700BFF2
:106B500001F028BE38B5EFF3058313B16FF00500DF
:106B600038BD04460D4601F023FE012807D0EFF39F
:106B70001083002BF2D1EFF31183002BEED144B13F
:106B80006B1E372B05D82046294601F0ABFA0020B2
:106B900038BD6FF0030038BDEFF3058313B16FF01C
:106BA0000500704710B5044601F002FE012809D027
:106BB000EFF3108313B16FF0050010BDEFF31183F5
:106BC000002BF8D10CB9002010BD204601F022FAAC
:106BD000F9E700BF4FF4807330B4034D034C0560F8
:106BE0000C60136030BC7047184D03201849032017
:106BF0004FF4007330B4034D034C05600C60136018
:106C000030BC70476C4803206C4003204FF0FF31CC
:106C1000002200F10803C0E90131C0E9033302603A
:106C2000704700BF00230361704700BF42680368DC
:106C300010B494680133C1E90124616091605DF88A
:106C4000044B08610360704730B40D686B1C10D0B2
:106C500000F108031C465B681A68AA42FAD9026868
:106C60004B60013299608C606160086130BC0260E9
:106C7000704704696368F2E7036910B4D0E9011250
:106C80005C688A6051600021844208BF5A601A68BB
:106C90000161013A1A6018685DF8044B704700BF43
:106CA00070B51646026C0446856B2AB90668013534
:106CB0004EB31046A56370BD8EB9406803F0C6F9A7
:106CC0006368216CA2680B449342636028BF236809
:106CD00005F1010528BF63600020A56370BDC06891
:106CE00003F0B4F9226CE36851429B1A2268E36016
:106CF000934202D2A3680B44E360022E08D0013510
:106D00000020A56370BD806801F0AAFDA660D1E7F0
:106D1000012D38BF0125DFE770B5054602F07AFA8C
:106D200095F845305CB2002C14DD05F1240603E033
:106D3000631EDAB25CB26AB16B6A5BB1304601F0D5
:106D400069FB0028F4D001F02BFC631EDAB25CB2C0
:106D5000002AF1D1FF2385F8453002F069FA02F0EC
:106D600059FA95F844305CB2002C14DD05F1100698
:106D700003E0631EDAB25CB26AB12B695BB13046E4
:106D800001F048FB0028F4D001F00AFC631EDAB2DF
:106D90005CB2002AF1D1FF2385F84430BDE8704091
:106DA00002F046BA70B568B3C56B0446F5B1026C23
:106DB000A2FB0525D5B90E4602F02CFAD4E90F3016
:106DC000FF2100FB03F32268181A62601344024497
:106DD000A563C4E9023284F8441084F8451046B92A
:106DE000236993B902F024FA012070BD02F062FB1E
:106DF000FEE704F11000FFF709FF04F12400FFF79C
:106E000005FFEFE702F056FBFEE704F1100001F08A
:106E100001FB0028E6D002F0F1F9E3E770B582B09B
:106E20009DF8186033B3054650B11C465AB139B1CC
:106E300050230193019B502B0DD002F03BFBFEE74A
:106E400002F038FBFEE70029FAD150230193019BA1
:106E5000502BF2D12246C4E90F5101212046226075
:106E600084F84610019BFFF79DFF204684F84C6094
:106E700002B070BD02F01EFBFEE700BFF0B585B0AA
:106E80000192002800F0878004460E461D46002926
:106E900061D0022D02D1E36B012B6FD101F088FC90
:106EA00000284ED002F0B6F9A26BE36B9A4258D399
:106EB000022D56D0002007460DE002F0B9F9204619
:106EC000FFF72AFF01F0CAF902F0A4F9A26BE36B05
:106ED00001209A4245D3019B002B5FD0002836D079
:106EE00002F0A6F901F0B2F902F094F994F84430F6
:106EF000FF2B08BF84F8447094F84500FF2808BFB2
:106F000084F8457002F094F901A902A801F010FB81
:106F1000002848D102F07EF9A26BE36B9A42CCD1F3
:106F200002F086F9019904F1100001F033FA2046CD
:106F3000FFF7F2FE01F092F90028C5D102F05EF9E8
:106F4000C2E7019B002BADD002F0B4FAFEE702A825
:106F500001F0E2FAC4E7036C002B9AD002F0AAFA1F
:106F6000FEE72A4631462046FFF79AFE636A5BB980
:106F700038B902F05DF9012005B0F0BD02F09AFACF
:106F8000FEE702F03BF9F4E704F1240001F042FAD5
:106F90000028EED0F5E702F08DFAFEE702F048F99E
:106FA000002005B0F0BD2046FFF7B6FE01F056F90F
:106FB000F6E700BF70B582B011B350230193019B77
:106FC000502B1AD10C46002601210546C4E90F16A4
:106FD00084F8461020462460019BFFF7E3FE334609
:106FE00032463146204684F84C50A6602660E66062
:106FF000FFF744FF204602B070BD02F05BFAFEE7E7
:1070000002F058FAFEE700BFF0B585B00192002803
:107010006BD004460E4600295BD001F0C9FB002866
:107020005DD002F0F7F8A56B002D61D1019B002B1C
:1070300042D002A801F070FA2F4602F0F9F801F0F0
:1070400005F902F0E7F894F84430FF2B08BF84F804
:10705000447094F84530FF2B08BF84F8457002F067
:10706000E7F801A902A801F063FA98B902F0D2F892
:10707000A36B33BB02F0DCF8019904F1240001F0AA
:1070800089F92046FFF748FE01F0E8F868B902F0F8
:10709000B5F80AE02046FFF73FFE01F0DFF802F006
:1070A000B9F8A36B43B102F0C3F802F0B3F8A56BD3
:1070B000F5B9019B002BC0D102F0BAF8002005B051
:1070C000F0BD02F0B5F82046FFF726FE01F0C6F845
:1070D000EBE7036C002BA0D002F0ECF9FEE7019B7C
:1070E000002B9ED002F0E6F9FEE702F0E3F9FEE79E
:1070F000226C5AB1E168A36811449942E16028BF4B
:107100002168304628BFE16002F0A0FF013DA56381
:1071100023691BB902F08CF80120D0E704F11000BC
:1071200001F078F90028F5D002F068F8F2E700BF26
:10713000F0B585B00191002878D0036C0446002B8F
:107140003FD101F035FB10B9019B002B6BD102F050
:1071500061F8A56B002D7AD1019B002B60D002A8AD
:1071600001F0DAF92E462F4602F062F801F06EF8CF
:1071700002F050F894F84430FF2B08BF84F84470B4
:1071800094F84530FF2B08BF84F8457002F050F8A2
:1071900001A902A801F0CCF9B0B902F03BF8A36B49
:1071A00023B302F045F82046FFF7B6FD01F056F88C
:1071B00002F030F8A56B002D49D1019B002BD3D1F3
:1071C0002EE002F077F9FEE72046FFF7A5FD01F07B
:1071D00045F802F01FF8A36B2BB902F029F8C6B9E5
:1071E000002005B0F0BD02F023F8E1E702F020F83E
:1071F00023681BB3019904F1240001F0CBF8204669
:10720000FFF78AFD01F02AF80028D1D101F0F6FF3E
:10721000CEE701F0FFFF616A59B9A06801F068FB91
:1072200002F006F8DCE702F045F9FEE702F042F969
:10723000FEE7236B1968C1F13801EEE701F0EAFFC0
:10724000A06801F0C5FA064601F0F2FFD2E7236814
:10725000013DA56373B123691BB901F0E9FF01206A
:10726000BFE704F1100001F0D5F80028F5D001F0D7
:10727000C5FFF2E701F08AFBA060ECE738B500B388
:10728000A1B1124C6268234682421DD0A44600225E
:107290001D68013208337DB1082A07D05D689C461D
:1072A000A842F5D104EBC20CCCE9001038BD5D68F2
:1072B000A842F7D001320833082AF8D1CCE90010EF
:1072C000F4E702F0F7F8FEE70022EBE7C84D0320F1
:1072D00070B504460E46154601F09CFF94F8443004
:1072E000FF2B04BF002384F8443094F84530FF2B73
:1072F00004BF002384F8453001F09AFFA36B23B14B
:107300002046BDE87040FFF707BD04F124002A467F
:10731000314601F053F82046BDE87040FFF7FCBC51
:107320002DE9F8431C4683681646A3EB04089045F4
:10733000474628BF1746E219934202D202F0BAF834
:10734000FEE7054680693A462044894602F07EFE03
:10735000B0450BD2AB68F21B9A4202D902F0AAF8F0
:10736000FEE7A86909EB070102F070FEAB68A019FF
:10737000984228BFC01ABDE8F88300BF2DE9F0414C
:107380001C460B4681681546A1EB0408904547460C
:1073900028BF1746E219914202D202F08BF8FEE7AD
:1073A000816906463A461846214402F04FFEA84538
:1073B00006D3B3686019984228BFC01ABDE8F081AF
:1073C000B1693844EA1B02F041FEF2E7F0B5164617
:1073D000027F1C46D20705460F46036883B006D4D9
:1073E000B44228BF34467CB9204603B0F0BD042225
:1073F0000DEB0201FFF7C2FF019A034696420CD241
:107400000024204603B0F0BD224639462846FFF747
:10741000B5FF2860204603B0F0BD1646043CDFE708
:10742000F0B51646027F1C46D20705460F46436854
:1074300083B007D5089A0196944211D200242046C1
:1074400003B0F0BDB44228BF3446002CF7D022462A
:1074500039462846FFF764FF6860204603B0F0BD58
:1074600004220DEB0201FFF75BFF34460346002CBC
:10747000E5D0ECE72DE9F04182B0CBB11D46089B89
:10748000E3B1814204460E460FD8002A0CBF4FF0EC
:1074900002084FF0030804280DD924230193019F0B
:1074A0009F420ED002F006F8FEE702F003F8FEE776
:1074B00002F000F8FEE701F0FDFFFEE701F0FAFF41
:1074C000FEE702465521284602F01EFD854202D005
:1074D00001F0F0FFFEE73A460021089802F014FDA3
:1074E000089B012E38BF012618469D619C6083F8D9
:1074F0001C80DE6002B0BDE8F08100BF38B568B125
:10750000856802680168446803689A42F9D168187E
:107510000138001B854298BF401B38BD01F0CAFFEF
:10752000FEE700BF08B540B1826843680168D01823
:10753000401A824298BF801A08BD01F0BBFFFEE7E7
:107540002DE9F04387B00393002900F084800446BE
:10755000002800F08380037F8568DB0717460E460E
:1075600005F1FF325ED4BA4228BF3A469046039BEB
:10757000002B33D004A800F0B9FF01F04BFEA16846
:1075800020682568626823689842F9D10D44013D5E
:10759000AD1AA94298BF6D1AA84565D900210846C1
:1075A00001F01CFCD4F81490B9F1000F5FD101F088
:1075B000F9F8606101F03CFE039A494600924B469F
:1075C0004A46484601F024FA03A904A8C4F81490D6
:1075D00000F0AEFF0028D0D05DB9A5682268216810
:1075E000606823689A42F9D14B1E1B1A5D1938BF97
:1075F0001D462B463A4631462046CDF80080FFF71F
:107600000FFF054650B1A2686368216813445B1AF6
:107610009A4298BF9B1AE2689A420CD9284607B052
:10762000BDE8F08307F1040847451AD242459ED2CF
:1076300000230393D2E700F009FE236943B100263B
:107640002069334632463146009601F02DFA266114
:1076500000F004FEE2E701F02DFFFEE701F02AFF53
:10766000FEE701F027FFFEE701F0E2FDB4E701F0DD
:1076700021FFFEE7F0B583B0002942D00446002880
:1076800042D01F4690F81CC0D0F808E00CF0010C66
:1076900002EB8C0C25682668636820688542F9D166
:1076A0007644013EF31A9E45204698BFA3EB0E0395
:1076B000CDF800C0FFF7B4FE054650B1A26863687C
:1076C000216813445B1A9A4298BF9B1AE2689A4257
:1076D00002D9284603B0F0BD01F0ECFE236906464E
:1076E0004BB12069019700273B463A46394600973F
:1076F00001F05AFA2761304601F0E8FE284603B04F
:10770000F0BD01F0D7FEFEE701F0D4FEFEE700BFBA
:107710002DE9F04383B0002949D00446002849D020
:10772000077F0E4607F0010790469946BF0073B9E0
:10773000A368656822681D44AD1AAB4298BFED1A74
:10774000BD4212D80025284603B0BDE8F08301F001
:1077500061FDA368656822681D44AD1AAB4298BFFD
:10776000ED1ABD421AD901F063FD2B46424631465F
:107770002046FFF72BFE05460028E3D000F066FD0B
:10778000636943B10026606933463246314600964C
:1077900001F08AF9666100F061FDD4E70021084636
:1077A00001F01CFB256945B101F084FEFEE701F004
:1077B00081FEFEE701F07EFEFEE700F0F3FF2061B0
:1077C00001F036FD2B462A4629462846CDF8009082
:1077D00001F01EF92561ABE72DE9F041054601F006
:1077E00019FD374A374F1368013313603B68002B8C
:1077F00035D0354CEB6A226852B3344E34493548A3
:107800000A6805F1040C01326A640A6002689A424F
:1078100038BF036003EB830306EB830041689B00E2
:10782000A960F258D1F808E00132C5F80CE0CEF8B2
:1078300004C0C1F808C06861F25001F0F9FC236887
:1078400023B13A68EB6AD26A9A4210D3BDE8F0815C
:107850003A681E4ED26A9A4298BF3D60CEE73D60BC
:107860001368012B07D0EB6A184E174CC6E7BDE82A
:10787000F04101F0C3BC154E344606F58C68204635
:107880001434FFF7C3F94445F9D1DFF86480124C92
:107890004046FFF7BBF92046FFF7B8F90F48FFF75E
:1078A000B5F90F48FFF7B2F90E48FFF7AFF90E4BE5
:1078B000C3F800800D4B1C60EB6A034C9EE700BFD1
:1078C000384E03200C5303202C4E0320AC4E0320D3
:1078D0001C4E0320304E0320844E0320684E0320AC
:1078E000544E03203C4E0320804E03207C4E032048
:1078F000984E0320F8B50446214B224E1D6830688F
:107900000F460430FFF7B8F9631C17D033682D1900
:107910005D600BD21C4B186831680431FFF794F995
:107920001A4B1A68AA4200D91D60F8BD184B186896
:107930003168BDE8F8400431FFF786B96FB93368A4
:107940006A1E5A60002DF1D10F4B1868316804315E
:10795000FFF77AF90D4B1B68F8BD0E4B31685A687A
:1079600037688A603068316835681C6804300134D3
:107970001C6094680431FC60606091606B61F8BDCC
:10798000344E03200C530320804E0320184E032056
:107990007C4E03203C4E03202DE9F0478A460A9C8A
:1079A00095000746A5212A46206B9846089E02F0BE
:1079B000ABFAD4F83090BAF1000F0FD00AF1FF3CC7
:1079C0000AF10F0104F1330E1CF8012F0EF8012FFC
:1079D0000AB18C45F8D1002384F84330372E02D900
:1079E00001F068FDFEE7E662E664201DFFF71AF984
:1079F000C6F1380604F11800FFF714F94C220021F3
:107A0000A6612461646204F1580002F07DFA0B491A
:107A1000043D01F16803E16509EB0500D0312366FF
:107A2000616643463A46216B20F0070001F042FCB4
:107A3000099B206003B11C60BDE8F087AC73032094
:107A400080B51E4DDFF884801D4E1E4F1E4C2B68E6
:107A50004BB301F0DFFBD8F80C30D3F80C9009F1F0
:107A60000400FFF709F93368013B33602B68013BE1
:107A70002B6001F0DDFB3868583002F04DFA99F8C0
:107A8000A93033B1012B14D0022BE0D001F012FD4C
:107A9000FEE7D9F8300001F025FE484601F022FE4D
:107AA0002B68002BD5D12368012BD0D901F0A6FB80
:107AB000CDE7484601F016FEC9E700BF504E03204F
:107AC000384E03200C530320AC4E0320544E0320A9
:107AD0002DE9F04F604B83B01C6801341C60002C12
:107AE00079D05E4B1A6894427CD35D4D2A68126847
:107AF000002A00F0AC804FF0000CCDE90043664650
:107B00005848DFF874E1584F58E0D3F81490D3E99F
:107B10000241A1609C684C60D9F80410914204BFF6
:107B2000D968C9F80410D9F800105E610139C9F8A4
:107B30000010D3F82890B9F1000F11D0D3E9074114
:107B4000A160DC694C60D9F80410414504BF196A92
:107B5000C9F80410D9F800109E620139C9F8001064
:107B6000D3F82C80D7F8009008EB880100EB810A4D
:107B7000C845DAF8049088BFC7F8008050F8218023
:107B8000C3F80890D9F808B008F10108C3F80CB0A0
:107B9000CBF80420C9F80820C3F814A040F82180CD
:107BA000DEF80020D5F80080D96AD26AD8F8003013
:107BB000914288BF4CF0010C002B43D02B68009CF5
:107BC000DB68DB6859681A1D8C4203F118089CD2E7
:107BD000019B19600BE0224B1A681268DAB101F0C0
:107BE00069FCFEE74FF0000C1E48DFF88CE0DEF881
:107BF00000301E4ADB6A03EB83039B00C058136806
:107C0000012898BF002B14BF0120002040EA0C007F
:107C100003B0BDE8F08F164A18681168196015495D
:107C200010600A6801320A601A68126822B94FF0BF
:107C3000FF320A4B1A6055E71A68084BD26812687F
:107C40001A604FE7019B4FF0FF321A60CFE794466E
:107C50000448DFF824E0F6E7344E0320184E0320F2
:107C6000804E0320AC4E0320304E0320244E0320D0
:107C70007C4E0320204E03200C5303202DE9F04FAF
:107C80004E4C83B001F0C6FA2368013B236026689E
:107C9000002E40F083804A4B1B68002B7ED0494D5C
:107CA0002B68002B00F08680474F4848DFF82CC136
:107CB000DFF82C810196EB68DB681A6ADE69996A45
:107CC000B260DE6903F1180E56604A68019E724583
:107CD00004BF1A6A4A600A689E62013A0A60D9685B
:107CE0009E685A69B1609E6803F1040E4E60516847
:107CF000714504BFD9685160116801391160DA6AB1
:107D0000D7F8009002EB820100EB810A4A45DAF8CD
:107D1000049088BF3A6050F82120C3F80890D9F841
:107D200008B00132C3F80CB0CBF804E0C9F808E0A1
:107D3000C3F814A040F82120DCF80010DA6ACB6AFE
:107D40009A4284BF0123C8F800302B68002BB2D1BF
:107D50001F4B1A68126842B31A681E4BD268126829
:107D60001A601D4E356895B1012706E0FFF7B0FE99
:107D700008B1C8F80070013D08D02368002BF5D089
:107D80003368013D03F101033360F6D13560D8F863
:107D900000301BB101F032FA012400E0002401F0B0
:107DA00047FA204603B0BDE8F08F4FF0FF32094B91
:107DB0001A60D6E7DFF82880D3E700BF104E032013
:107DC000384E0320684E0320304E0320AC4E032073
:107DD000804E0320184E0320284E03200C5303200E
:107DE000244E03202DE9F04188B0DDE90F573DB363
:107DF0004FB31646AC220792079AAC2A02D001F084
:107E000059FBFEE70446884638460799002105934A
:107E100002F07AF820460E9C3D63009402240297FB
:107E200087F8A94006AC32464146059B0194FFF70E
:107E3000B3FD3846FFF7D0FC069808B0BDE8F081E6
:107E400001F038FBFEE701F035FBFEE72DE9F043DA
:107E5000064685B0900015460F46984601F0BAFBDD
:107E600008B30446AC2001F0B5FB8146C0B1AC229A
:107E7000002102F049F8C9F830400D9C43460194B6
:107E80000C9C2A4639463046CDF808900094FFF7FE
:107E900083FD4846FFF7A0FC012005B0BDE8F08354
:107EA000204601F01FFC4FF0FF3005B0BDE8F08325
:107EB00070B50446304D01F0ADF9002C42D0261DBE
:107EC0003046FEF7D9FEA36A1BB104F11800FEF795
:107ED000D3FE2A4A1368013313602B68A34228D0CB
:107EE000274A28491368013B13600B681B68DBB104
:107EF0000A68254BD26812681A6001F099F92B685C
:107F0000A3420AD02868583002F006F894F8A93045
:107F10001BB3012B28D0022B16D11C4B1B6813B1AD
:107F20002B68A34213D070BD4FF0FF32164B1A607E
:107F3000E3E731461648FEF779FE164A1368013327
:107F40001360DAE72C68BAE701F0B4FAFEE7124BE7
:107F50001B686BB101F0AEFAFEE7206B01F0C2FBCB
:107F6000204601F0BFFBD8E7204601F0BBFBD4E779
:107F7000BDE8704001F042B90C5303201C4E0320B1
:107F8000384E0320804E0320184E03202C4E032031
:107F9000544E0320504E0320104E032038B578B3C2
:107FA000D1B11A4C23682BBB236801332360184BD3
:107FB00002681D6853182CBF01210021AA420ED867
:107FC000D9B103600021581BFFF794FC23680125F9
:107FD0005BB901F06FFAFEE701F06CFAFEE761B9F8
:107FE000036023680025002BF3D0FFF747FE50B154
:107FF000284638BD01F05EFAFEE79D42E1D3EFE787
:1080000001F058FAFEE701F0F9F8F1E7104E03200D
:10801000344E0320C0B110B50C4C216811B101F0F1
:1080200049FAFEE7236801332360FFF763FC236806
:108030001BB1FFF723FE18B110BD01F03BFAFEE7BC
:10804000BDE8104001F0DAB801F0D8B8104E0320B6
:108050002DE9F04150B31D4B04461B6883421DD0EF
:1080600001F0D8F81A4B1B4AA66A17686569D3F85D
:10807000008001F0DDF8184B9E421AD0BD4212D0AC
:10808000454510D0154B9D420BD0154B9D421AD043
:10809000002D0CBF04200120BDE8F0810020BDE8C8
:1080A000F081A36A43B10220BDE8F08101F002FA39
:1080B000FEE70120BDE8F08194F8A830012B0CBF49
:1080C00002200320EBE70420E9E700BF0C53032064
:1080D0007C4E0320804E0320684E03203C4E03203C
:1080E000544E03203729F8B502D901F0E3F9FEE731
:1080F00004460D4601F08EF86CB3E26C954226D032
:10810000274B09D91968A14248D01B68DE6AAE42E4
:108110002CBF0026012604E01E68361BB6FA86F640
:108120007609E36AE5649A42A26908BFE562002A1B
:10813000A4BFC5F13805A5611A4D626903EB83033D
:1081400005EB83039A420CD00EB101F057F8BDE85D
:10815000F84001F06DB8124B1C68E26C9542CFD12B
:10816000F5E7271D3846FEF787FD0F4AE36A1168D9
:108170008B4288BF136003EB830305EB83004168E8
:108180009B00EA58A160D1F808C00132C4F80CC0C5
:10819000CCF804708F606061EA50D5E70026C0E734
:1081A0000C530320AC4E0320304E032030B5002486
:1081B00089B007AA06A905A8CDE90544FEF70AFD7E
:1081C000DDE905231849CDE9013218482346079A0D
:1081D0000094FFF707FE164B186030B100F0B6FFB1
:1081E0000128054608D0013503D0124B1B6809B0A1
:1081F00030BD01F05FF9FEE701F05CF94FF0FF30B0
:108200000D4B0E4A1B680E49583313600D4A0E4B36
:10821000086015601C60E8F7FBFB01F087F8054B70
:108220001B6809B030BD00BF20DF0108417A01089A
:10823000144E0320800B02080C530320C0020320BD
:10824000184E03202C4E0320344E0320024A13689C
:1082500001331360704700BF104E032008B5054B73
:108260001B6813B901F026F9FEE7BDE80840FFF7E7
:1082700005BD00BF104E0320014B1868704700BFBA
:10828000344E0320014B1868704700BF384E03205E
:10829000054B1B680BB9FFF71BBC044A0020136891
:1082A00001331360704700BF104E0320284E032097
:1082B000304B1B681BB101222F4B1A6070472E4AAE
:1082C00070B51360E8F7AEFB2C4B2D4A18601568AB
:1082D00019682C4CA94205D91E682068416D491BBC
:1082E000314441651968236811601B6B1A68B2F14B
:1082F000A53F07D15A68B2F1A53F03D19A68B2F100
:10830000A53F32D0206821683431E7F7A1FF1E4D28
:108310001E492B6803EB830292008A58980042B9E9
:1083200003B3013B03EB830251F822209800002A9B
:10833000F6D0184401EB800C6246DCF804100832D9
:1083400049689142CCF8041008BFDCF80C10104AC0
:1083500008BFCCF80410C96821602B60236858332B
:10836000136070BD01F0A6F8FEE7DB68B3F1A53F2E
:10837000C8D1CCE7104E0320244E0320084E032022
:108380000C4E03200C530320304E0320AC4E032030
:10839000C002032010B558B10C46074B19681831BC
:1083A000FEF752FC2046BDE810400121FFF7A2BABB
:1083B00001F080F8FEE700BF0C530320F8B5034638
:1083C00010B3134C5D680846002A11462268D4F8A1
:1083D00000E0D56126682268D4F800C002F11804D4
:1083E0001A68AF6806F1180602F10102CEF8207093
:1083F00018BF4FF0FF307E60AC60CCF828301A60B8
:10840000BDE8F840FFF776BA01F054F8FEE700BF88
:108410000C530320C36870B5DB68002B57D0D3E939
:1084200007019A6A8160DD6954684D60002503F197
:108430001800844208BF196A264C08BF51601168B1
:108440009D62013911602268AAB1234A5468DC6137
:10845000A168196248601168A06001319A621160D8
:108460001E49DA6A0B68DB6A9A422ED901231C4A3C
:108470001846136070BD5A69D3E9020181609C6897
:1084800050681D1D4C60A84208BFD968154808BF38
:108490005160116801391160DA6A01688A42124933
:1084A00088BF026002EB82024FEA820C01EB82027B
:1084B000546851F80C009C60A6680130DE6075605D
:1084C000A5605A6141F80C00CAE7002070BD00F0B9
:1084D000F1FFFEE7104E0320684E03200C530320EB
:1084E000244E0320304E0320AC4E032010B560B163
:1084F000044600F08FFE064A064B12681B68C4E96A
:108500000023BDE8104000F093BE00F0D3FFFEE76B
:10851000204E0320344E0320034A044B12681B688C
:10852000C0E90023704700BF204E0320344E0320D3
:10853000F8B568B30D4641B3044600F06BFE2B68F6
:10854000154A581C11681BD0D4E90060DFF84CC0F4
:10855000DCF80070BE4208D0884206D8002301240F
:108560002B6000F065FE2046F8BD0F1ABB42F5D91E
:108570005B1ADCF80010126803442B60C4E9001297
:10858000002400F055FE2046F8BD00F093FFFEE702
:1085900000F090FFFEE700BF344E0320204E032082
:1085A0000122014B1A607047244E032070B50D461E
:1085B0001646002833D0044604F13402C5E90042CF
:1085C000E26A052B2A61226BEA61626CAA60E26CA6
:1085D0006A61626DAA6128D01F4A1268A24221D046
:1085E000032B2B7326D000F015FE1C4BA26A9A4277
:1085F00004BF01232B7300F01BFE76B1266B33788A
:10860000A52B27D13346184613F8011FA529FAD008
:10861000C6F101060644C6F38F062E8470BD0E4ACD
:108620001468C9E700232B73E7E72046FFF710FD26
:108630002873E2E70A4B1A6801321A60A26A0AB18B
:1086400002222A731B6813B900F034FFFEE7FFF71C
:1086500015FBC8E70026E0E70C530320684E032013
:10866000104E03204B682DE9F0475E6801F10809C0
:108670004E4508BFCE680D46904604460027D6F802
:108680000CA000E06E68706821468145686008BFF4
:10869000E8684346C66808BF686001223046FFF7B5
:1086A00085FFB24507F1010704F12404EAD13846F9
:1086B000BDE8F0872DE9F047334F3B6801333B605D
:1086C000324B1B688B425CD80025DFF8D4A0904663
:1086D000814638242A46AAF24C4600E09A46013CDC
:1086E00004EB840356F82330501909EB80004BB19A
:1086F00001225146FFF7B6FF054405EBC500EA002D
:1087000009EB8000B245AAF11403E7D1204B1968A8
:108710000B683BB10222FFF7A5FF054405EBC5003E
:1087200009EB80001B4B19680B683BB10222FFF775
:1087300099FF054405EBC50009EB800016490B685D
:108740003BB10422FFF78EFF054405EBC50009EBA2
:10875000800012490B681BB10322FFF783FF054419
:10876000B8F1000F03D0E8F75DF9C8F800003B68E6
:1087700013B900F09FFEFEE7FFF780FA2846BDE838
:10878000F0870025F3E700BF104E0320384E03208A
:10879000804E03207C4E0320544E03203C4E032089
:1087A000F8520320014B1868704700BF0C53032098
:1087B000054B1B6833B1054B1868B0FA80F04009CF
:1087C00040007047012070472C4E0320104E0320BC
:1087D000F8B50446C8B11F4DC36A2A68D26A9342ED
:1087E00014D28269002A04DB2A68D26AC2F13802F4
:1087F0008261194E626903EB830306EB83039A429D
:108800000CD02B68DB6AE3620120F8BD2B68C06CDA
:10881000DB6A98422CBF00200120F8BD271D384696
:10882000FEF72AFA2B680D4ADB6A1168E3628B4275
:1088300088BF136003EB8303980006EB830359683A
:108840003258A1608D680132E5606F608F606361AE
:108850003250D9E70C530320AC4E0320304E032096
:1088600098B1204B70B51B680446834202D000F0DB
:1088700021FEFEE71B6D53B1C16AC26C013B914200
:10888000036500D033B1002070BD0020704700F0B8
:1088900011FEFEE7051D2846FEF7EEF9E36C124ACD
:1088A000C3F13800A06101201168E3628B4288BFE8
:1088B00013600E4A03EB83034FEA830E02EB83033C
:1088C000D3F804C052F80E10C4F808C0DCF80860F1
:1088D0000144E6607560CCF80850636142F80E1000
:1088E00070BD00BF0C530320304E0320AC4E03205C
:1088F00080B1036D70B504464BB1C06CE26A814231
:1089000038BF01468A4201D0012B04D070BD00F06F
:10891000D1FDFEE770471A4B1B68A3422CD0A36918
:10892000E162002BA8BFC1F13801164DA8BFA161BB
:1089300002EB8202616905EB82039942E6D1261DB2
:108940003046FEF799F9104AE36A11688B4288BFF6
:10895000136003EB8303980005EB830359682A58DF
:10896000A160D1F808C00132C4F80CC0CCF8046092
:108970008E6063612A5070BD00F09CFDFEE700BF71
:108980000C530320AC4E0320304E0320044B1A68D6
:108990001AB119680A6D01320A651868704700BF7C
:1089A0000C53032070B510B100F084FDFEE7174DA5
:1089B0000E46144600F02EFC2B68D3F8A43023B9E1
:1089C00001212B6883F8A810CCB900F031FC00F02D
:1089D00021FC2B68D3F8A44024B15EB100222B689F
:1089E000C3F8A42000222B6883F8A82000F020FC04
:1089F000204670BD2B68621EC3F8A420F2E7204613
:108A0000FEF778FF00F0FAFBDFE700BF0C5303200E
:108A1000F8B510B100F04EFDFEE7224E1D460C46A3
:108A2000174600F0F7FB336893F8A830022B0CD000
:108A300001213268D2F8A43023EA0403C2F8A4303A
:108A4000336883F8A810069BFBB900F0F1FB00F037
:108A5000E1FB1DB13368D3F8A4302B60336893F881
:108A6000A830022B08D000240022336883F8A82005
:108A700000F0DEFB2046F8BD32680124D2F8A430B5
:108A800023EA0703C2F8A430EEE71846FEF732FFE8
:108A900000F0B4FB00F0CCFB00F0BCFB002DD9D102
:108AA000DCE700BF0C53032070B531BB0446B0B106
:108AB0001D46164600F0AEFB049B1BB1D4F8A43053
:108AC000049A1360022294F8A83084F8A820DBB23C
:108AD000042D5AD8DFE805F00A1A1408060000F041
:108AE000E9FCFEE7022B4ED0C4F8A460012B13D0A2
:108AF000012400F09DFB204670BD00F0DBFCFEE78A
:108B0000D4F8A4200132C4F8A420EFE7D4F8A420BC
:108B10003243C4F8A420E9E76369D4E902128A6009
:108B2000A0685968251D5060A94208BFE2681A492B
:108B300008BF5A601A68013A1A60E36A0A689342E9
:108B4000164A88BF0B6003EB83039E0002EB83038E
:108B500058689159A060D0F808C00131C4F80CC021
:108B6000CCF8045085606361A36A915113B100F0A1
:108B7000A1FCFEE70A4BE26A1B68DB6A9A42B7D99E
:108B800000F03CFBB4E70024B3E7064A1268002A71
:108B9000ACD000F08FFCFEE7304E0320AC4E03203B
:108BA0000C530320344E032070B5A0B3C9B91D4641
:108BB0000446164600F02AFC00F07CFC049B1BB126
:108BC000D4F8A430049A1360022294F8A83084F8F0
:108BD000A820DBB2042D72D8DFE805F00A171108CF
:108BE000060000F067FCFEE7022B66D0C4F8A46024
:108BF000012B13D0012400F069FC204670BDD4F88D
:108C0000A4200132C4F8A420F2E7D4F8A42032430F
:108C1000C4F8A420ECE700F04DFCFEE7A36A13B112
:108C200000F048FCFEE7294B1B68DBB1284B5A6873
:108C30001968E26195680131196004F11801256233
:108C400069609160A362234BE26A1B68DB6A9A4207
:108C5000D0D9059B13B10123059A136001221E4B45
:108C60001A60C7E76369D4E902128A60A168261D09
:108C700051605A68B24204BFE2685A601A68013A09
:108C80001A60164AE36A11688B4288BF1360144A5F
:108C900003EB830302EB830CDCF804509B00D158F8
:108CA000A560D5F808E00131C4F80CE0CEF8046006
:108CB000AE60C4F814C0D150C5E700249BE7094A50
:108CC0001268002A94D000F0F5FBFEE7104E032056
:108CD000684E03200C530320244E0320304E032003
:108CE000AC4E0320344E0320F8B500283BD0B9B970
:108CF0000446154600F08AFB00F0DCFB022394F8E2
:108D0000A82084F8A830D4F8A430012A03F1010384
:108D1000C4F8A43023D1A36A2BB100F0CBFBFEE74B
:108D200000F0C8FBFEE7274B1B68FBB1264B5A68D7
:108D30001968E26196680131196004F11801266230
:108D400071609160A362214BE26A1B68DB6A9A4200
:108D500005D90DB101232B6001221D4B1A60BDE81E
:108D6000F84000F0B3BB00F0A5FBFEE76369D4E96F
:108D700002128A60A16804F1040E51605A687245BB
:108D800004BFE2685A601A68013A1A60114AE36A3D
:108D900011688B4288BF13600F4A03EB83039E0068
:108DA00002EB8303D3F804C09159C4F808C0DCF87F
:108DB00008700131E760C7F804E0CCF808E06361AF
:108DC0009151C0E7104E0320684E03200C5303203E
:108DD000244E0320304E0320AC4E032038B599B901
:108DE000044670B100F016FA94F8A830022B05BFC3
:108DF00000230125002584F8A83000F019FA284640
:108E000038BD034B1C68EDE700F054FBFEE700BFE4
:108E10000C530320F0B5124C83B000F0FBF9256829
:108E200025B103B0BDE8F04000F002BA0D4E0E4F80
:108E30003046FDF7EBFE3846FDF7E8FE0B490C4BDC
:108E400000950A201F600E600A4B10210A4AFDF7A8
:108E5000E5FF20600028E4D00849FEF70FFAE0E7BC
:108E600008540320285403201454032010540320D2
:108E70000C540320105303206053032028DF010803
:108E80002DE9F047DFF884900546D9F800300F4609
:108E9000DB68DC6804F104084046FDF7EDFE94F859
:108EA00028305A070ED423F0010384F828302046D6
:108EB000236ABDE8F047184793421BD82046236A2F
:108EC00098473546A3697A1BEE182CBF0121002173
:108ED000B74266602461EFD2AF4201D20029EDD0E3
:108EE000D9F800004146FDF7AFFE2046236ABDE8F1
:108EF000F0471847044B41461868FDF7A5FE204689
:108F0000236ABDE8F04718470C540320105403208F
:108F10002DE9F047894D8A4E8A4F8B4C84B02B68DF
:108F2000D3F80090B9F1000F40F0D480FFF78EF92C
:108F3000FFF7A2F93368804698423DD33B68306022
:108F40001A68B2FA82F252092068A9EB0801FEF70A
:108F5000BFF9FFF783F9002800F0CD8000226946B1
:108F60002068FEF751F80028D9D0009B0298002B0A
:108F7000C0F2A880DDF80880D8F814301BB108F1E1
:108F80000400FDF779FEFFF777F9336881469842D0
:108F900024D3009BC6F80090013B082BDED8DFE805
:108FA00003F025258169882525816900DB684FF05C
:108FB000FF311868FFF764FF2B681A68002AF5D1A3
:108FC0003A68C6F800802A603B60FFF747F9C5E7BA
:108FD000DB684FF0FF311868FFF752FF2B681A6803
:108FE000002AF5D13A683B602A60D2E798F8281049
:108FF000019AD8F8180041F0010C131888F828C01D
:109000002CBF4FF0010C4FF0000C4B45C8F804305A
:10901000C8F8108072D8A9EB020290423CD84A07E7
:1090200011D421F0010188F828104046D8F82030EA
:10903000984793E7904277D84046D8F82030984731
:109040005346D8F8180010EB030A2CBF0121002169
:10905000D145A9EB0302C8F804A0C8F81080E9D2F2
:10906000994501D20029E7D0286808F10401FDF7ED
:10907000EBFDDAE798F82820019B42F0010288F81E
:109080002820C8F81830002B54D04B444B45C8F862
:109090000430C8F8108036D8386808F10401FDF7AC
:1090A000D3FD5BE798F8283023F0010388F82830D7
:1090B00054E798F828309A0732D523F0010388F84E
:1090C00028304BE7019B03999847009B002BFFF644
:1090D00045AF4FE7DB68D3F80090FFF7B7F8FFF72D
:1090E000CBF8336880469842FFF466AF8145306024
:1090F0000FD9002228E700F081F82FE74A4502D96E
:10910000BCF1000F8BD0286808F10401FDF79CFD2D
:1091100024E7FFF7A3F841464846FFF7B1FE1DE7F5
:10912000404600F0DFFA19E7386808F10401FDF75E
:109130008BFD7AE700F0BEF9FEE700BF1054032074
:10914000005403200C5403200854032010B588B0A9
:10915000FFF760FE0F4B1B68CBB1002407AA06A9DE
:1091600005A8CDE90544FDF743FD02222346059CF1
:1091700000920294069C08490848079A0194FEF759
:1091800031FE074B186010B1012008B010BD00F08F
:1091900091F9FEE70854032030DF0108118F010820
:1091A00004540320002200B5074B83B001921B68D2
:1091B000013302D000F07EF9FEE700F07BF9019B5D
:1091C000002BFCD003B000BD580203204FF0E0227A
:1091D0000023072010B4074C1361936123680649EC
:1091E0005DF8044BA1FB03139B09013B5361106124
:1091F000704700BF84010320D34D62104FF0E0237D
:109200004FF08052C3F8042DBFF34F8FBFF36F8F21
:10921000704700BF08B500F04DF9044A13680133E8
:109220001360BFF34F8FBFF36F8F08BD5802032049
:1092300008B5084B1A684AB11A68013A1A601868EA
:1092400000B108BDBDE8084000F040B900F032F9B7
:10925000FEE700BF5802032010B500F02BF90446CA
:10926000FFF716F828B14FF0E0234FF08052C3F813
:10927000042D2046BDE8104000F028B908B58369E8
:1092800013F8023C662B02D000F014F9FEE74FF011
:10929000E023D3F8882D42F47002C3F8882DD3F868
:1092A000342F42F04042C3F8342FBDE8084000F0AC
:1092B000CFB800BF2DE9F04F4FF0113E4FF0807452
:1092C00040E909E34FF0073340F8044C164C40F8EE
:1092D000343C40E903424FF005334FF006324FF083
:1092E000123B40E90F324FF0033A4FF002394FF092
:1092F00001384FF010374FF009364FF008354FF076
:1093000004346FF0430340E905AB40E9078940E9C5
:109310000B6740F8305C40F8404C40F8443C40F863
:10932000481DBDE8F08F00BFA591010800204FF057
:10933000E0234FF07F4130B585B00290D3F81C0D8B
:109340002F4A0190C3F81C1DD3F81C3D1B0E8DF84D
:1093500003309DF8033003F0A0031370002B41D0BD
:109360009DF80330DB4313F0A00F0BD000F0A2F800
:10937000FEE7029B013302939DF803305B00DBB2F2
:109380008DF803309DF803301B06F2D4029B082BA6
:109390002BD0029AC2F10702120202F4E0624FF0EF
:1093A000E023002501991748174C0260C3F81C1DE3
:1093B000D3F8202D42F47F02C3F8202DD3F8202DBE
:1093C00042F07F42C3F8202DFFF700FF256000F038
:1093D0005FF8FEF76DFF03952368013307D000F0B7
:1093E00069F8FEE700F066F8FEE70022D7E700F034
:1093F00061F8039B002BFCD0002005B030BD00BFFE
:10940000405403203C5403205802032008B5EFF3D6
:1094100005830F2B05D90B490B4A5B5C12789A42E6
:109420000DD84FF0E023094AD3F80C3D126803F43D
:10943000E063934200D808BD00F03CF8FEE700F07E
:1094400039F8FEE7F0E300E0405403203C540320E9
:109450000B4A1168086806C881F30B88022181F362
:109460001488203080F30988BFF36F8F4FF000001D
:1094700080F31188104700BFAFF30080AFF3008086
:109480000C5303200000000000000000000000005A
:1094900007480068006880F3088862B661B6BFF3C9
:1094A0004F8FBFF36F8F66DF00BF00BFAFF3008049
:1094B00008ED00E0EFF311804FF0A00181F3118877
:1094C000BFF34F8FBFF36F8F704700BF80F31188DA
:1094D000BFF34F8FBFF36F8F704700BF00000000D6
:1094E000EFF309801EF0100F08BF20ED108AEFF394
:1094F0000B82734620E9FC0F114A116808604FF097
:10950000A00080F31188BFF34F8FBFF36F8FFEF77A
:10951000CFFE4FF0000080F31188094A11680868F7
:10952000B0E8FC0F13F0100F08BFB0EC108A82F304
:109530000B8880F309881847AFF30080AFF30080F1
:109540000C53032000000000000000000000000099
:109550001EF0040F0CBFEFF30880EFF309800449FD
:10956000084700BFAFF30080AFF30080AFF3008087
:109570007D92010810B4154B1A461B688342FBD339
:109580005468416802EB040C604513D04418A342B0
:1095900006D00360824218BF10605DF8044B70472C
:1095A0000B4C2468A342F4D0D3E900342144036077
:1095B0004160EFE72144501883425160EDD10448E7
:1095C00000688342E9D01046EEE700BF58540320FC
:1095D00054540320F8B53D4E0446FEF737FE336879
:1095E000002B52D0631E0A332ED814F0070304F167
:1095F000080121D1002927DB354F3D688D4223D357
:10960000344B18461C6803E0236823B120461C46EF
:1096100062688A42F8D33368A34215D0236806688B
:109620000360531A102B06F1080617D96018420779
:109630000FD0FFF73FFFFEE7A3F109028A4203D3F1
:109640001034E11A0029D7DCFEF708FE0026304668
:10965000F8BD43606160FFF78DFF626800201E4B1C
:10966000AD1A196842F000428D421C4938BF1D6096
:109670000B686260013320600B603D60FEF7EEFD19
:109680007307E4D0FFF716FFFEE7154A510719D01C
:10969000D11D21F0070102F5C052531A0A460020DD
:1096A0000B44083B23F007030A4D9A1AC5E9001042
:1096B0003360C3E90000C1E900320749044B0A6086
:1096C0001A608FE711464FF4C053E8E75454032063
:1096D00050540320585403204C5403204854032072
:1096E0006054032070B150F8043C10B5002B0446C0
:1096F00005DA50F8082C32B1FFF7DCFEFEE7FFF781
:10970000D9FEFEE7704723F0004340F8043CFEF723
:109710009DFD094A54F8043C1168A4F108000B446B
:109720001360FFF727FFBDE81040044A13680133B8
:109730001360FEF793BD00BF505403204454032030
:1097400008B5012213491448FCF7ECFC78B9134919
:109750001148FCF7FDFC90B9002211490E48FCF7B6
:109760007DFC98B90C48FCF709FD58B908BDE7F72E
:109770007DFD0A490848FCF7EBFC0028ECD0E7F730
:1097800075FDE9E7BDE80840E7F770BDE7F76EFD56
:10979000E8E700BFA4020320606C0320B0010320AF
:1097A0005C02032000207047212819D0222810B520
:1097B0000AD0202806D1124B0C6888888A791C6050
:1097C00098809A71002010BD498811F0010110D0D5
:1097D0000C4B1B68002BF5D000210B489847F1E794
:1097E000074B18689A889B7908608A8000208B71E3
:1097F0007047064B1B68002BE4D003489847E1E70D
:10980000386F032060400320606C03205C4003201D
:109810000B4B1B6893B1002100B583B0186801AAF7
:109820000191FFF761FA019B2BB14FF0E0234FF05C
:109830008052C3F8042D002003B000BD0020704703
:10984000446F03202DE9F04700240A6882B0019498
:109850002AB30F46804642F20206314DDFF8D4901B
:109860000AE00021D9F80030298013B12D4898472B
:109870003A680134A24212D92B88B342F1D818F8C1
:1098800004100A29F5D00029F3D00D290FD0264A5B
:109890000134D1543A680133A2422B80ECD8042120
:1098A0002048FCF725FC002002B0BDE8F087013B12
:1098B0009BB2B34210D8DFF880A0DAF800305BB179
:1098C0001868FDF71BFE2B880233984207D2174A0F
:1098D0009368013393603A6800232B80C9E7DAF874
:1098E0000030022218680E490023FDF7C3FEDAF8A3
:1098F000002000230C4910682A88FDF7BBFE0C4BA2
:1099000000211B6801AA1868FFF7EEF9019B2BB133
:109910004FF0E0234FF08052C3F8042D3A68DBE7A4
:10992000406F0320606C0320D04F0220740103209D
:10993000486F0320644003204C6F032008B54FF4A8
:109940000062002305490648FCF792FB0022054906
:109950000348FCF79BFB002008BD00BFD46F02202A
:10996000606C0320D477022030B4044B044C054DC6
:1099700020602A60196030BC704700BF486F032028
:109980004C6F0320446F0320054BD3F8BC322BB13E
:10999000D3F83402003818BF012070470120704707
:1099A000606C0320054810B5D0F8BC42842100F05B
:1099B00087F914B10023C4F8343210BD606C032061
:1099C00038B50A4CD4F8BC3213B1D3F834520DB1C7
:1099D000012038BD2B460A4601462046FCF748FBCD
:1099E00029462046BDE83840FCF75CBB606C03208C
:1099F000122301480B807047900203200423014882
:109A00000B8070478C02032008B50A4602480349C0
:109A1000FCF776FF014808BD38DF0108506F0320CE
:109A200008B50A4602480349FCF76AFF014808BD29
:109A300054DF0108506F032008B50A460248034965
:109A4000FCF75EFF014808BD6CDF0108506F032082
:109A500008B50A4602480349FCF752FF014808BD11
:109A600078DF0108506F032010B51A241A48D0F887
:109A70009035D0F898250C809B1801D1174810BD5F
:109A8000164A00241146D0F8940502F1100E4FEA50
:109A9000137CB3F1204F34BF0CF1300C0CF1370CB8
:109AA00081F802C0CC7002318E454FEA0313EED12B
:109AB0004FF0000C0A49030FB0F1204F34BF303390
:109AC0003733937482F813C0023291424FEA001088
:109AD000F1D1024810BD00BF0000FA0B7002032054
:109AE0007802032038B50446D0F8D80204F526756C
:109AF000294600F2AA20FCF7EBFE2946D4F8D8024A
:109B0000BDE83840FCF74CBB01EB810300EBC3031D
:109B1000D3F86421D0F8D802FCF77ABB01EB8103BB
:109B200000EBC3035A6AD0F8D802FCF7A5BB00BF0C
:109B3000D0F8D802FCF744BC10B543790446022B98
:109B400001D0E7F793FBD4F8D8020121FCF71CFC05
:109B5000D4F8D802BDE81040FCF7EABB10B50446C3
:109B6000D0F8D802FCF714FC637A23B1024A1369D7
:109B700043F00603136110BD00ED00E010B5437A19
:109B800004462BB9D4F8D802BDE81040FCF70CBC51
:109B9000064A136923F006031361E6F749FFD4F878
:109BA000D802BDE81040FCF7FFBB00BF00ED00E0AD
:109BB00038B52E4D0446C5F8D802C0F8CC52F8F797
:109BC00065F840F20521022200232948A980286077
:109BD0002846C5F80720EB72F7F774F8002842D141
:109BE00000222D791146EB00D4F8CC02F7F7D6FF0E
:109BF0004023002203EBC5038021D4F8CC02F7F701
:109C0000CDFF8023002203EBC5038421D4F8CC02CE
:109C1000F7F7C4FFC023002203EBC5030421D4F8E7
:109C2000CC02F7F7BBFF4FF48073002203EBC503B0
:109C30008321D4F8CC02F7F7B1FF4FF484730022EC
:109C400003EBC5038121D4F8CC02F7F7A7FF4FF44B
:109C5000A47300220221D4F8CC0203EBC503F7F76A
:109C60009DFF002038BDE7F701FBB9E77021032015
:109C700000D4004008B5D0F8CC02F7F771F818B15D
:109C800002280CBF0120032008BD00BF944608B580
:109C90001A46D0F8CC026346F7F74EFE18B10228F8
:109CA0000CBF0120032008BD08B5D0F8CC02F7F79F
:109CB0007BFE18B102280CBF0120032008BD00BFA5
:109CC00008B5D0F8CC02F7F74BFF18B102280CBF4B
:109CD0000120032008BD00BF08B5D0F8CC02F7F77B
:109CE000CFFE18B102280CBF0120032008BD00BF21
:109CF00008B5D0F8CC02F7F7FBFE18B102280CBF6C
:109D00000120032008BD00BF0A06D0F8CC3206D4DB
:109D100001EB810103EBC10393F85201704701F09D
:109D20007F0101EB810103EBC103987C704700BF09
:109D300008B5D0F8CC02F7F7EBFD18B102280CBF3C
:109D40000120032008BD00BF08B5D0F8CC02F7F70A
:109D50007BFE18B102280CBF0120032008BD00BF04
:109D600008B5D0F8CC02F7F74DFE18B102280CBFA9
:109D70000120032008BD00BFD0F8CC02F7F75ABE7F
:109D80000048704750710320704700BF024B0146E6
:109D9000186800F02DB800BFC0020320024B014636
:109DA000186800F061B900BFC002032070B50F4E03
:109DB0000C460546316811B900F00CF930602146B7
:109DC000284600F007F9431C03D14FF0FF3420462A
:109DD00070BDC41C24F00304A042F8D0211A284608
:109DE00000F0F8F80130F2D1EFE700BFA4730320D0
:109DF0002DE9F843CD1C064625F0030508350C2D4A
:109E000038BF0C25002D01DBA94204D90C23336097
:109E10000020BDE8F883DFF8D48000F069F8D8F8B6
:109E200000301C4644BB29463046FFF7BFFF431CA9
:109E3000044658D1D8F800402746002F43D1002CC3
:109E40004BD023683946304604EB030900F0C2F8D2
:109E5000814542D1216830466D1A2946FFF7A6FF99
:109E600001303AD023682B442360D8F800305A6878
:109E700062BBC8F800700FE02268521B20D40B2A86
:109E800017D96119A342256018BF5960636808BFDC
:109E9000C8F8001062514B60304600F02FF804F112
:109EA0000B00231D20F00700C21A1CBF1B1AA35071
:109EB000AFE76268A3420CBFC8F800205A60EBE726
:109EC00023466468AEE73C467F68B6E71A465B689F
:109ED000A342FBD100235360DEE70C2330463360FE
:109EE00000F00CF894E70560D6E700BFA8730320E4
:109EF000014800F0A9B800BFE8740320014800F051
:109F0000A4B800BFE874032002440346934200D182
:109F1000704703F8011BF9E72D4B1B68834270B5AE
:109F2000044653D0C3691BB3DB6863B10025E36902
:109F3000DB685959B1B90435802DF8D1E369204661
:109F4000D96800F091F8E369196811B1204600F072
:109F50008BF8E3699D685DB1294620462D6800F0C5
:109F600083F8F8E70E68204600F07EF83146E1E716
:109F7000616911B1204600F077F8E16911B120461E
:109F800000F072F8216B11B1204600F06DF8616BA2
:109F900011B1204600F068F8A16B11B1204600F025
:109FA00063F8A16C11B1204600F05EF8616C11B14C
:109FB000204600F059F8E16A11B1204600F054F84B
:109FC000236A1BB12046BDE87040184770BD00BF32
:109FD000C002032038B50023054D044608462B6017
:109FE000F4F756FC431C02D12B6803B1236038BD43
:109FF000E4740320014B1868704700BFC0020320BF
:10A0000070B50D4B00260D4D5B1B9C10A64209D16F
:10A010000B4D00F073F80B4B00265B1B9C10A64207
:10A0200005D170BD55F8043B01369847EEE755F869
:10A03000043B01369847F2E78C0B02088C0B0208B0
:10A040008C0B0208900B0208704770470A44431EAD
:10A05000914200D1704710B511F8014B914203F8BD
:10A06000014FF9D110BD000038B50546002941D097
:10A0700051F8043C0C1F002BB8BFE418FFF738FF61
:10A080001D4A136833B9636014602846BDE8384040
:10A09000FFF734BFA34208D9206821188B4201BFC3
:10A0A00019685B6809182160EDE71A465B680BB117
:10A0B000A342FAD911685018A0420BD1206801447C
:10A0C000501811608342E0D118685B6808445360FF
:10A0D0001060DAE702D90C232B60D6E7206821183C
:10A0E0008B4202BF19685B680918636008BF216072
:10A0F0005460CAE738BD00BFA8730320F8B500BF9D
:10A10000F8BC08BC9E467047F8B500BFF8BC08BC58
:10A110009E467047000000005FF800F01103032026
:10A1200028A101080B001000000000000000000042
:10A13000000000000000000000000000000000001F
:10A14000000000000000000000000C000C000C00EB
:10A150000C000C000C000C000C0000000C000000B7
:10A160000000000000000000000000001DC01DC035
:10A170000880088008800000000000000000000047
:10A18000000000000000000000000D800D800D8028
:10A190000D803FC01B003FC01B001B001B001B00AD
:10A1A000000000000000000004001F8031803180AA
:10A1B00038001E000F000380318031803F00040012
:10A1C000040000000000000000001800240024002B
:10A1D00018C007801E00318002400240018000004C
:10A1E0000000000000000000000000000F00180048
:10A1F000180018000C001D80370033001D8000007F
:10A200000000000000000000000000000700070040
:10A210000200020002000000000000000000000038
:10A220000000000000000000000003000300060022
:10A230000E000C000C000C000C000E0006000300C9
:10A2400003000000000000000000180018000C00CF
:10A250000600060006000600060006000C001C00B2
:10A2600018000000000000000000060006003FC0CB
:10A270003FC00F001F801980000000000000000098
:10A2800000000000000000000000000000000400CA
:10A29000040004003F8004000400040000000000EB
:10A2A00000000000000000000000000000000000AE
:10A2B00000000000000000000000060004000C0088
:10A2C000080008000000000000000000000000007E
:10A2D000000000003F8000000000000000000000BF
:10A2E000000000000000000000000000000000006E
:10A2F000000000000000000000000C000C00000046
:10A30000000000000000000000C000C001800180CB
:10A310000300030006000C000C00180018003000B9
:10A32000300000000000000000000E001B00318023
:10A33000318031803180318031801B000E0000007F
:10A340000000000000000000000006003E000600C3
:10A350000600060006000600060006003FC00000DA
:10A36000000000000000000000000F001980318094
:10A370003180030006000C00180030003F80000010
:10A38000000000000000000000003F00618001802C
:10A3900003001F0003800180018061803F000000F6
:10A3A00000000000000000000000070007000F0090
:10A3B0000B001B00130033003F8003000F800000E0
:10A3C000000000000000000000001F8018001800BE
:10A3D00018001F0011800180018021801F000000F3
:10A3E0000000000000000000000007801C001800B2
:10A3F0003000370039803180318019800F00000033
:10A40000000000000000000000007F004300030087
:10A4100006000600060006000C000C000C00000000
:10A42000000000000000000000001F0031803180AB
:10A4300031801F0031803180318031801F00000069
:10A44000000000000000000000001E00330031800A
:10A45000318033801D800180030007003C00000034
:10A4600000000000000000000000000000000000EC
:10A470000C000C000000000000000C000C000000AC
:10A4800000000000000000000000000000000000CC
:10A4900003000300000000000000060004000800A4
:10A4A00008000000000000000000000000C00300E1
:10A4B00004001800600018000400030000C0000041
:10A4C000000000000000000000000000000000008C
:10A4D00000007FC000007FC00000000000000000FE
:10A4E00000000000000000000000000060001800F4
:10A4F0000400030000C00300040018006000000016
:10A500000000000000000000000000001F0031807B
:10A510003180018007000C000C0000000C000000DE
:10A52000000000000000000000000E0011002100EB
:10A5300021002700290029002700200011000E001B
:10A540000000000000000000000000003F000F00BD
:10A550000900198019801F8030C030C079E00000E8
:10A560000000000000000000000000007F003180BB
:10A57000318031803F003180318031807F000000A8
:10A580000000000000000000000000001F4030C07C
:10A590006040600060006000604030801F0000008C
:10A5A0000000000000000000000000007F0031807B
:10A5B00030C030C030C030C030C031807F000000BB
:10A5C0000000000000000000000000007F803080DC
:10A5D000308032003E003200308030807F800000CA
:10A5E0000000000000000000000000007FC03040BC
:10A5F000304032003E003200300030007C0000006D
:10A600000000000000000000000000001E803180FB
:10A6100060806000600067C0618031801F000000C2
:10A620000000000000000000000000007BC031803E
:10A63000318031803F803180318031807BC00000AB
:10A640000000000000000000000000003FC0060005
:10A650000600060006000600060006003FC00000D7
:10A660000000000000000000000000001FC0030008
:10A670000300030003006300630063003E0000006A
:10A680000000000000000000000000007BC03180DE
:10A69000330036003C003E003300318079C00000BA
:10A6A0000000000000000000000000007E00180014
:10A6B0001800180018001840184018407FC000000B
:10A6C000000000000000000000000000E0E060C0AA
:10A6D00071C07BC06AC06EC064C060C0FBE0000097
:10A6E00000000000000000000000000073C0318086
:10A6F00039803D803580378033803180798000001B
:10A700000000000000000000000000001F00318079
:10A7100060C060C060C060C060C031801F000000C9
:10A720000000000000000000000000007F003180F9
:10A730003180318031803F00300030007E000000E9
:10A740000000000000000000000000001F00318039
:10A7500060C060C060C060C060C031801F000CC0BD
:10A760001F80000000000000000000007F0031801A
:10A77000318031803E003300318031807CE0000048
:10A780000000000000000000000000001F80318079
:10A79000318038001F000380318031803F0000008D
:10A7A0000000000000000000000000007F804C80DE
:10A7B0004C804C800C000C000C000C003F00000092
:10A7C0000000000000000000000000007BC031809D
:10A7D0003180318031803180318031801F00000034
:10A7E0000000000000000000000000007BC031807D
:10A7F00031801B001B001B000A000E000E00000031
:10A80000000000000000000000000000FBE060C04D
:10A8100064C06EC06EC02A803B803B8031800000E7
:10A820000000000000000000000000007BC031803C
:10A830001B000E000E000E001B0031807BC00000CC
:10A8400000000000000000000000000079E030C0BF
:10A8500019800F0006000600060006001F80000099
:10A860000000000000000000000000003F80218088
:10A870002300060004000C00188030803F80000098
:10A880000000000000000000000007800600060035
:10A890000600060006000600060006000600060088
:10A8A0000780000000000000300030001800180091
:10A8B0000C000C000600030003000180018000C0B2
:10A8C00000C000000000000000001E00060006009E
:10A8D0000600060006000600060006000600060048
:10A8E0001E0000000000000004000A000A00110021
:10A8F0002080208000000000000000000000000018
:10A900000000000000000000000000000000000047
:10A910000000000000000000000000000000000037
:10A92000000000000000FFE008000400020000003A
:10A930000000000000000000000000000000000017
:10A940000000000000000000000000000000000007
:10A950001F00018001801F80318033801DC00000F6
:10A960000000000000000000000070003000300017
:10A970003700398030C030C030C0398077000000E7
:10A9800000000000000000000000000000000000C7
:10A990001E80318060806000608031801F00000078
:10A9A0000000000000000000000003800180018022
:10A9B0001D80338061806180618033801DC0000014
:10A9C0000000000000000000000000000000000087
:10A9D0001F00318060C07FC0600030C01F80000059
:10A9E0000000000000000000000007E00C000C0068
:10A9F0003F800C000C000C000C000C003F8000009D
:10AA00000000000000000000000000000000000046
:10AA10001DC0338061806180618033801D80018032
:10AA200001801F00000000000000700030003000B6
:10AA30003700398031803180318031807BC0000027
:10AA400000000000000000000000060006000000FA
:10AA50001E00060006000600060006003FC00000BB
:10AA600000000000000000000000060006000000DA
:10AA70003F00030003000300030003000300030082
:10AA800003003E00000000000000700030003000B5
:10AA9000378036003C003C003600330077C00000B1
:10AAA000000000000000000000001E00060006007C
:10AAB0000600060006000600060006003FC0000073
:10AAC0000000000000000000000000000000000086
:10AAD0007F8036C036C036C036C036C076E0000053
:10AAE0000000000000000000000000000000000066
:10AAF0007700398031803180318031807BC0000027
:10AB00000000000000000000000000000000000045
:10AB10001F00318060C060C060C031801F00000035
:10AB20000000000000000000000000000000000025
:10AB30007700398030C030C030C0398037003000F5
:10AB400030007C0000000000000000000000000059
:10AB50001DC0338061806180618033801D800180F1
:10AB6000018007C00000000000000000000000009D
:10AB70007B801CC018001800180018007F0000001F
:10AB800000000000000000000000000000000000C5
:10AB90001F8031803C001F00038031803F00000097
:10ABA000000000000000000000001800180018005D
:10ABB0007F00180018001800180018800F0000000F
:10ABC0000000000000000000000000000000000085
:10ABD0007380318031803180318033801DC000002E
:10ABE0000000000000000000000000000000000065
:10ABF0007BC0318031801B001B000E000E00000066
:10AC00000000000000000000000000000000000044
:10AC1000F1E060C064C06EC03B803B8031800000CA
:10AC20000000000000000000000000000000000024
:10AC30007BC01B000E000E000E001B007BC000003E
:10AC40000000000000000000000000000000000004
:10AC500079E030C0198019800B000F000600060053
:10AC60000C003E000000000000000000000000009A
:10AC70003F80218003000E00180030803F800000DC
:10AC80000000000000000000000006000C000C00A6
:10AC90000C000C000C0018000C000C000C000C0048
:10ACA000060000000000000000000600060006008C
:10ACB0000600060006000600060006000600060064
:10ACC000060000000000000000000C000600060066
:10ACD0000600060006000300060006000600060047
:10ACE0000C00000000000000000000000000000058
:10ACF0000000180024800300000000000000000095
:10AD000000000000000000004572726F7220707237
:10AD10006F63657373696E67205553422042756691
:10AD20006665722E0D0000000700000052414D4E76
:10AD30005F54785461736B320000000052414D4EF5
:10AD40005F52785461736B320000000052414D4EE7
:10AD50005F53656E645553420000000052414D4EF2
:10AD60005F4469616754580052414D4E5F446961C8
:10AD70006752580052414D4E5F4572726F72546176
:10AD8000736B000052414D4E5F506572696F64698C
:10AD90006300000052414D4E5F53656E6443414E67
:10ADA0000000000052414D4E5F5265636569766553
:10ADB00043414E0052414D4E5F5265636569766571
:10ADC000555342004572726F722067656E657261FD
:10ADD00074696E6720657870656374656420626964
:10ADE0007473747265616D0D000000004672616DD0
:10ADF0006520746F6F2073686F72740D000000001F
:10AE00004E6F7420612076616C696420534F460D4B
:10AE100000000000534F462020202020202020202A
:10AE20007C20300D000000004944202020202020FC
:10AE3000202020207C200000202830780000000006
:10AE40005254522F53525220202020207C200000A8
:10AE50000D000000494445202020202020202020F3
:10AE60007C2000004672616D6520746F6F207368EE
:10AE70006F72742E0D00000049445F455854202025
:10AE8000202020207C20000052545220202020200E
:10AE9000202020207C200000723120202020202033
:10AEA000202020207C200000723020202020202024
:10AEB000202020207C200000444C43202020202003
:10AEC000202020207C2000004672616D6520746F78
:10AED0006F2073686F727420666F7220646C632ECB
:10AEE0000D0000004441544120202020202020203B
:10AEF0007C200000435243202020202020202020BE
:10AF00007C20000029200000435243204F4B0D00BD
:10AF1000435243204241440D000000005441494C3B
:10AF200020202020202020207C20000074726967CF
:10AF3000000000006E6F77007472696767657200C9
:10AF4000616E790069646C65000000005761726E83
:10AF5000696E673A2043414E204944203E203746DF
:10AF6000462C20656E61626C696E67206578746539
:10AF70006E6465640D0000007072657363616C65DA
:10AF8000720000006269745F7175616E7461000027
:10AF900073616D706C696E675F7175616E7461006D
:10AFA000657874656E646564000000003000000020
:10AFB0004572726F723A20747269676765722072A7
:10AFC0006571756972657320657874656E64656412
:10AFD0002049440D0000000031000000727472002E
:10AFE00074696D656F7574000D74696D656F757446
:10AFF0002000000020286D737E290D00747269679F
:10B000002000000020286E6F772900002028616E44
:10B0100079290000202869646C6529000D65787421
:10B02000656E6465642000000D727472200000007B
:10B030000D0D43414E2054696D696E672073657430
:10B0400074696E67733A0D7072657363616C6572D3
:10B05000200000000D6269745F7175616E7461207B
:10B06000000000000D73616D706C696E675F717533
:10B07000616E74612000000054696D656F75742005
:10B0800076616C756520746F6F2073686F72742EB3
:10B090000D000000547269676765722054696D6520
:10B0A0006F75742E0D0000004572726F723A207435
:10B0B000726967676572206E6F7420636F6D70616F
:10B0C0007469626C6520776974682074686973209C
:10B0D0006D6F64756C652E0D000000004572726F17
:10B0E000723A20547269676765722054696D656FA2
:10B0F00075742E0D00000000436F756C64206E6F38
:10B10000742064657465637420454F460D0000002B
:10B1100042697420737472696E6720746F6F207354
:10B12000686F72740D0000002028526177290D00AD
:10B13000424144205354554646494E470D000000B5
:10B140002028446573747566666564290D0D0000DA
:10B150005761726E696E673A20796F752073686FF8
:10B16000756C642075736520746865202769646C4C
:10B17000652720747269676765722E0D00000000F4
:10B18000496E76616C696420747269676765722EB6
:10B190000D000000547269676765722074696D65FF
:10B1A0006F75742E0D00000033313031303232347F
:10B1B0003031000033313031303232343030000041
:10B1C000436F6D6D616E6420746F6F206C6F6E677E
:10B1D0002E0D00000D3E0D00200000004E6F20637C
:10B1E0006F6D6D616E6420666F756E642E2054798C
:10B1F0007065202268656C702220666F7220686519
:10B200006C702E0D0000000068656C70000000007E
:10B2100048656C700000000048454C50000000007C
:10B220006D616E007468656D650000002D2D2D2D1B
:10B230002D2D2D2D2D2D2D2D2D2D2D2D2D2D2D2D3E
:10B240002D2D2D2D2D2D2D2D2D2D2D2D2D2D2D2D2E
:10B250002D2D2D2D2D2D2D2D2D2D2D2D2D2D2D2D1E
:10B260002D2D2D2D2D2D2D2D2D0D000020202020BC
:10B2700020202020202020202020202020202020CE
:10B28000202052414D4E20436F6D6D616E64204809
:10B29000656C700D00000000436F6D6D616E643A67
:10B2A000207468656D650D00446573637269707420
:10B2B000696F6E3A0D000000202020205365742035
:10B2C00074686520636F6C6F72207468656D6520AB
:10B2D000666F722074686520646576696365204CCA
:10B2E00043442073637265656E2E0D00557361676C
:10B2F000653A0D00202020207468656D65203C743F
:10B3000068656D655F6E756D6265723E0D0000006B
:10B310004F7074696F6E733A0D000000202020207A
:10B320003C7468656D655F6E756D6265723E202068
:10B3300020546865207468656D65206E756D626562
:10B340007220746F206265207365742C2072616EA8
:10B3500067696E672066726F6D203120746F2037C9
:10B360002E0D00004578616D706C65733A0D00001C
:10B37000202020202D20546F207365742074686570
:10B3800020646576696365204C434420736372656D
:10B39000656E207468656D6520746F207468656DD6
:10B3A00065206E756D62657220332C20656E746544
:10B3B000723A0D002020202020207468656D6520E1
:10B3C000330D0000656E61626C650000436F6D6D4A
:10B3D000616E643A20656E61626C650D000000006C
:10B3E00020202020456E61626C65207468652070A5
:10B3F0006F77657220737570706C79206F6620614D
:10B400006E6F74686572204543552028422C204396
:10B410002C206F722044292E0D00000020202020B7
:10B42000656E61626C65203C4543553E0D00000031
:10B43000202020203C4543553E2020205468652094
:10B4400045435520746F20626520656E61626C65AE
:10B45000642C206964656E7469666965642062792C
:10B460002061206C65747465722028422C20432C66
:10B47000206F722044292E0D000000002020202083
:10B480002D20546F20656E61626C65204543552008
:10B49000422C207573653A0D00000000202020200A
:10B4A0002020656E61626C6520420D002020202006
:10B4B0002D20546F20656E61626C652045435520D8
:10B4C000432C207573653A0D0000000020202020D9
:10B4D0002020656E61626C6520430D0020202020D5
:10B4E0002D20546F20656E61626C652045435520A8
:10B4F000442C207573653A0D0000000020202020A8
:10B500002020656E61626C6520440D0020202020A3
:10B510002D20546F20656E61626C65204543552077
:10B52000422C20432C2044206174206F6E63652CD4
:10B53000207573653A0D0000202020202020656EC4
:10B5400061626C65204243440D00000064697361D0
:10B55000626C6500436F6D6D616E643A206469735F
:10B5600061626C650D000000202020204469736139
:10B57000626C652074686520706F776572207375E2
:10B5800070706C79206F6620616E6F7468657220D0
:10B590004543552028422C20432C206F72204429FB
:10B5A0002E0D00002020202064697361626C6520EC
:10B5B0003C4543553E0D0000202020203C4543558E
:10B5C0003E2020205468652045435520746F20623A
:10B5D000652064697361626C65642C206964656EC2
:10B5E0007469666965642062792061206C65747491
:10B5F00065722028422C20432C206F722044292E73
:10B600000D000000202020202D20546F206469733D
:10B6100061626C652045435520422C207573653A64
:10B620000D00000020202020202064697361626CDE
:10B630006520420D00000000202020202D20546FA6
:10B640002064697361626C652045435520432C205A
:10B650007573653A0D0000002020202020206469C9
:10B660007361626C6520430D0000000020202020E3
:10B670002D20546F2064697361626C6520454355C9
:10B6800020442C207573653A0D00000020202020F6
:10B69000202064697361626C6520440D0000000025
:10B6A000202020202D20546F2064697361626C6516
:10B6B0002045435520422C20432C204420617420F7
:10B6C0006F6E63652C207573653A0D002020202075
:10B6D000202064697361626C65204243440D000060
:10B6E0004E6F2068656C70207061676520666F75AD
:10B6F0006E6420666F72207468697320636F6D6D6D
:10B70000616E642E0D000000456E64206F6620633C
:10B710006F6D6D616E642068656C70207061676527
:10B720002E2054797065202268656C70222077691C
:10B7300074686F757420617267756D656E742066CC
:10B740006F72207468652067656E6572616C206831
:10B75000656C7020706167652E0D00005468697318
:10B7600020696E7465726661636520616C6C6F77C9
:10B770007320796F7520746F20696E7465726163D0
:10B7800074207769746820766172696F75732052CE
:10B79000414D4E2066756E6374696F6E7320616EE5
:10B7A0006420636F6E74726F6C20746865206465CA
:10B7B000766963652773206F7065726174696F6E57
:10B7C00073207468726F75676820612073657420D8
:10B7D0006F6620636F6D6D616E64732E0D547970AA
:10B7E000652027622720746F20676F206261636B7A
:10B7F00020746F20736C63616E206D6F64652E0022
:10B80000436F6D6D616E64733A0D0000202020203F
:10B810002D20617361703A20496D6D6564696174B2
:10B82000656C79206F7665727772697465206461E2
:10B830007461206F662043414E206672616D6573AE
:10B840002077697468207370656369666965642030
:10B8500043414E2049442E2055736167653A20616B
:10B86000736170203C63616E5F69645F6865783EF8
:10B87000205B646174615F6865785D2E0D00000077
:10B88000202020202D2063616E3A20757064617441
:10B89000652045435520412043414E207365747413
:10B8A000696E67733A207072657363616C65722CA0
:10B8B0002074736567312C2074736567322C207394
:10B8C0006A772C206175746F72657472792C20749C
:10B8D00072616E736D697470617573652C2061752A
:10B8E000746F7265636F7665722C2061636B2E20B6
:10B8F0004578616D706C653A202763616E206163E5
:10B900006B2030272E0D0000202020202D20636C7E
:10B910006561723A20436C6561727320796F75724C
:10B920002073657269616C207465726D696E616CFB
:10B930002E0D0000202020202D2064697361626C90
:10B94000653A2044697361626C6520746865207093
:10B950006F77657220737570706C7920666F7220D6
:10B96000616E6F74686572204543552E2055736172
:10B9700067653A2064697361626C65203C45435594
:10B980003E2E0D00202020202D20656E61626C650A
:10B990003A20456E61626C652074686520706F772F
:10B9A000657220737570706C7920666F7220616E9D
:10B9B0006F74686572204543552E20557361676525
:10B9C0003A20656E61626C65203C4543553E2E0D04
:10B9D00000000000202020202D20657869743A2086
:10B9E000457869742074686973206465627567209E
:10B9F000696E7465726661636520616E642072654C
:10BA00007665727420746F20736C63616E206D6F45
:10BA100064652E2055736167653A20657869742ED8
:10BA20000D000000202020202D20666C6F6F643AEE
:10BA300020666C6F6F64206275732077697468206C
:10BA400070726F76696465642043414E206672614E
:10BA50006D652E2055736167653A20666C6F6F6463
:10BA6000203C63616E5F69645F6865783E205B645B
:10BA70006174615F6865785D2E0D000020202020D4
:10BA80002D2068656C703A20446973706C61792070
:10BA900067656E6572616C2068656C702C206F72D2
:10BAA0002068656C7020666F72206120737065631A
:10BAB0006966696320636F6D6D616E642077686588
:10BAC0006E20617661696C61626C652E20557361D0
:10BAD00067653A2068656C70203C636F6D6D616EC0
:10BAE000643E2E0D00000000202020202D20623A10
:10BAF00020416C69617320666F7220746865202232
:10BB0000657869742220636F6D6D616E642E0D001F
:10BB1000202020202D20717569743A20416C6961C4
:10BB20007320666F722074686520226578697422BC
:10BB300020636F6D6D616E642E0D0000202020204B
:10BB40002D2072616E646F6D697A653A2052616E64
:10BB5000646F6D697A6520626F6F742064656C61D3
:10BB6000797320746F2070726576656E742045431A
:10BB700055206265696E672073796E6368726F6EB7
:10BB8000697A65642E2055736167653A2072616E2B
:10BB9000646F6D697A652E0D000000002020202062
:10BBA0002D2073696C656E63652F74616C6B203C2E
:10BBB0004543553E3A205573652055445320746FD4
:10BBC0002061736B2045435520746F2073746F7030
:10BBD000207472616E736D697474696E672070652C
:10BBE00072696F646963616C6C7920286275742076
:10BBF0006B656570206C697374656E696E67292E5C
:10BC00000D000000202020202D2072657365742017
:10BC10003C4543553E3A20506F7765722D5265730F
:10BC2000657420746865206465766963652E2055A7
:10BC3000736167653A207265736574206F72207254
:10BC400065736574203C4543553E2E0D0000000091
:10BC5000202020202D20726573657463616E203C66
:10BC60004543553E3A2053616D6520617320616202
:10BC70006F766520627574206F6E6C7920666F72C6
:10BC80002043414E207065726970686572616C7303
:10BC90002E0D0000202020202D20736C63616E3A51
:10BCA00020416C69617320666F7220746865202280
:10BCB000657869742220636F6D6D616E642E0D006E
:10BCC000202020202D20756473203C4543553E20C4
:10BCD0003C7061796C6F61643E3A20436F6D6D61B9
:10BCE0006E6420746F20717569636B6C7920736565
:10BCF0006E64206120756473207061796C6F61647B
:10BD00002028757020746F20372062797465732045
:10BD10006F6E6C79292E0D00202020202D20746854
:10BD2000656D653A205365742074686520636F6C97
:10BD30006F72207468656D6520666F72204543558B
:10BD400020412773204C43442073637265656E2E37
:10BD50002055736167653A207468656D65203C7491
:10BD600068656D65206E756D6265723E2E0D000012
:10BD7000202020202D20747261666669636D6F64D7
:10BD8000653A20537769746368207468652043417D
:10BD90004E20747261666669632070726F66696CAA
:10BDA00065206C697665206F6E20616C6C20454360
:10BDB00055732E2055736167653A2074726166660B
:10BDC00069636D6F6465205B3C64656661756C7466
:10BDD0007C6A313933393E5D2E0D00002020202051
:10BDE0002D20706C61793A20506C61792061206758
:10BDF000616D65206F6E2045435520412773204CAF
:10BE000043442073637265656E2E205573616765C8
:10BE10003A20706C6179203C67616D65206E756DAC
:10BE20006265723E2E0D0000202020202D207374AC
:10BE30006F703A2053746F7020616E79206F6E6757
:10BE40006F696E672067616D652E20557361676548
:10BE50003A2073746F702E0D00000000436F6D6DFB
:10BE6000616E647320617265206361736520736520
:10BE70006E7369746976652E0D000000496E7661F7
:10BE80006C6964206E756D626572206F66206172E8
:10BE900067756D656E74732E205479706520226805
:10BEA000656C702064697361626C652220666F72D4
:10BEB0002068656C70207573696E6720746869739B
:10BEC00020636F6D6D616E642E0D000043616E6EB8
:10BED0006F742064697361626C652045435520412D
:10BEE0002E20547970652022726573657422207447
:10BEF0006F2072657365742069742028616C6F6EA1
:10BF0000672077697468206F7468657220454355AF
:10BF100073292E0D0000000053657474696E67204C
:10BF2000454355204220706F77657220737570709D
:10BF30006C7920746F204F46462E0D005365747443
:10BF4000696E6720454355204320706F77657220E6
:10BF5000737570706C7920746F204F46462E0D00FB
:10BF600053657474696E6720454355204420706F93
:10BF700077657220737570706C7920746F204F46EE
:10BF8000462E0D00496E76616C6964204543552E3E
:10BF9000204D75737420626520412C20422C204373
:10BFA0002C206F7220442E0D00000000496E766137
:10BFB0006C6964206E756D626572206F66206172B7
:10BFC00067756D656E74732E2054797065202268D4
:10BFD000656C7020656E61626C652220666F7220F0
:10BFE00068656C70207573696E672074686973206A
:10BFF000636F6D6D616E642E0D000000454355202A
:10C000004120697320616C7761797320656E61628C
:10C010006C65642E0D00000053657474696E6720B2
:10C02000454355204220706F77657220737570709C
:10C030006C7920746F204F4E2E0D00005365747480
:10C04000696E6720454355204320706F77657220E5
:10C05000737570706C7920746F204F4E2E0D000038
:10C0600053657474696E6720454355204420706F92
:10C0700077657220737570706C7920746F204F4EE5
:10C080002E0D00006173617000000000617361702B
:10C09000206D6F64756C652073746F707065642EAD
:10C0A0000D00000055736167653A2061736170206F
:10C0B0003C63616E5F69645F6865783E205B6461C4
:10C0C00074615F6865785D0D00000000496E7661FF
:10C0D0006C69642043414E20494420286D75737477
:10C0E000206265203C3D203078374646292E0D00E1
:10C0F00061736170206672616D6520757064617432
:10C1000065642028444C433D30292E0D000000007A
:10C11000496E76616C69642064617461206669654A
:10C120006C642E0D00000000617361702073706FED
:10C130006F66696E67206F6E676F696E6720287320
:10C14000637265656E2077696C6C20667265657ACE
:10C1500065290D00666C6F6F64000000466C6F6FA0
:10C1600064696E67206D6F64756C652073746F70A1
:10C170007065642E0D00000055736167653A206696
:10C180006C6F6F64203C63616E5F69645F686578A3
:10C190003E205B646174615F6865785D0D0000003E
:10C1A000496E76616C69642043414E2049442028E1
:10C1B0006D757374206265207374616E646172645E
:10C1C0002031312D626974292E0D0000466C6F6F8D
:10C1D00064206672616D65207570646174656420A9
:10C1E00028444C433D30292E0D000000466C6F6FF3
:10C1F00064206F6E676F696E672028736372656570
:10C200006E2077696C6C20667265657A65292E0DE3
:10C210000000000063616E0055736167653A20633A
:10C22000616E203C706172616D3E203C76616C7580
:10C23000653E0D0043414E207072657363616C650D
:10C240007220757064617465642E0D007473656787
:10C250003100000043414E20545345473120757052
:10C2600064617465642E0D007473656732000000AC
:10C2700043414E20545345473220757064617465C4
:10C28000642E0D00736A770043414E20534A5720B5
:10C29000757064617465642E0D0000006175746FC3
:10C2A000726574727900000043414E207472616EB1
:10C2B000736D697373696F6E206175746F726574E5
:10C2C000727920757064617465642E0D0000000041
:10C2D0007472616E736D69747061757365000000CE
:10C2E00043414E205472616E736D69745061757371
:10C2F0006520757064617465642E0D006175746FDE
:10C300007265636F766572004275734F6666206171
:10C3100075746F207265636F7665727920757064CD
:10C32000617465642E0D000061636B004C69737469
:10C33000656E2D6F6E6C79206D6F646520286E6F51
:10C340002041434B292E0D004E6F726D616C206DA4
:10C350006F64652028772F2041434B292E0D000064
:10C36000556E6B6E6F776E2043414E207061726127
:10C370006D657465722E0D00756473005573616789
:10C38000653A20756473203C427C437C447C2A3EA1
:10C39000203C6865785F7061796C6F61643E2E2027
:10C3A000557365202A20666F722062726F61646324
:10C3B0006173742E0D0000002A000000420000008E
:10C3C0004300000044000000410000004572726F0D
:10C3D000723A2055736520736C63616E20746F2010
:10C3E00073656E642055445320636F6D6D616E6498
:10C3F0007320746F2045435520412E0D000000002E
:10C40000496E76616C6964204543552E20557365ED
:10C4100020422C20432C20442C206F72202A2E0DE9
:10C4200000000000496E76616C6964207061796C6F
:10C430006F61642E204D75737420626520312D3735
:10C44000206279746573206865782E0D0000000005
:10C45000554453205061796C6F61642073656E742C
:10C460002E0D000073696C656E636500557361671E
:10C47000653A2073696C656E6365203C427C437C41
:10C48000447C2A3E0D00000053696C656E63696E42
:10C490006720616C6C2045435573202862726F6180
:10C4A0006463617374292E0D000000003331303154
:10C4B0003032303000000000454355204120646F89
:10C4C0006573206E6F7420737570706F7274207452
:10C4D00068697320636F6D6D616E642E0D000000DE
:10C4E00053696C656E63696E672045435520422E23
:10C4F0000D00000053696C656E63696E67204543EB
:10C500005520432E0D00000053696C656E63696E03
:10C51000672045435520442E0D00000074616C6B6C
:10C520000000000055736167653A2074616C6B20F0
:10C530003C427C437C447C2A3E0D0000526573746F
:10C540006F72696E6720636F6D6D756E696361747C
:10C55000696F6E20666F7220616C6C204543557365
:10C560002E0D000033313032303230300000000008
:10C57000526573746F72696E67204543552042207F
:10C58000636F6D6D756E69636174696F6E2E0D00FA
:10C59000526573746F72696E67204543552043205E
:10C5A000636F6D6D756E69636174696F6E2E0D00DA
:10C5B000526573746F72696E67204543552044203D
:10C5C000636F6D6D756E69636174696F6E2E0D00BA
:10C5D000747261666669636D6F6465004163746956
:10C5E00076652074726166666963206D6F6465208C
:10C5F000284543552041293A206A313933392E0DD7
:10C60000000000004163746976652074726166669B
:10C610006963206D6F646520284543552041293AA0
:10C620002064656661756C742E0D0000646566613A
:10C63000756C74006A31393339000000496E7661D7
:10C640006C6964206D6F64652E2055736167653A6F
:10C6500020747261666669636D6F6465203C646511
:10C660006661756C747C6A313933393E2E0D000079
:10C670005377697463686564207472616666696380
:10C68000206D6F6465206F6E20616C6C2045435592
:10C69000732E0D0072616E646F6D697A6500000023
:10C6A000546F6F206D616E7920617267756D656E74
:10C6B00074732E2055736167653A2072616E646FE2
:10C6C0006D697A652E0D000052616E646F6D697A36
:10C6D000696E6720626F6F742064656C6179732086
:10C6E000666F722045435520422F432F442E204E23
:10C6F0006F7465207468617420626F6F74206F724C
:10C7000064657220697320616C7761797320746845
:10C71000652073616D652028422D3E432D3E4429DE
:10C720002E0D0000726573657463616E0000000079
:10C7300055736167653A20726573657463616E2035
:10C740003C427C437C443E0D000000005265736512
:10C750007474696E672043414E2050657269706839
:10C760006572616C206F662045435520422E0D0096
:10C77000333130313032323300000000526573659E
:10C780007474696E672043414E2050657269706809
:10C790006572616C206F662045435520432E0D0065
:10C7A000526573657474696E672043414E2050650D
:10C7B000726970686572616C206F66204543552010
:10C7C000442E0D00496E76616C6964204543552EF8
:10C7D0002055736520422C20432C206F7220442E5C
:10C7E0000D0000006262000062697462616E6700A1
:10C7F000496E76616C6964206E756D626572206F3A
:10C800006620617267756D656E74732E2054797041
:10C8100065202262697462616E672068656C7022AF
:10C8200020666F722068656C702E0D00426974621C
:10C83000616E6720636F6D6D616E64733A0D206287
:10C84000622072656164202020202020202020208A
:10C85000202D205265616420616E642070617273C6
:10C8600065206F6E652043414E206672616D6520C4
:10C87000286D69676874206F63636173696F6E61A7
:10C880006C6C79206C6F73652073796E6320616EB8
:10C8900064207361792062616420435243290D2032
:10C8A0006262206A616D202020202020202020202C
:10C8B00020202D204A616D207468652043414E2060
:10C8C00062757320627920616C7465726E6174693F
:10C8D0006E67203020616E64203120756E74696C43
:10C8E0002074696D656F7574202869676E6F726555
:10C8F000732074726967676572290D206262206215
:10C9000075736C6F616420202020202020202D2052
:10C910004D6561737572652043414E2062757320C9
:10C920006C6F61640D2062622064756D7020202040
:10C9300020202020202020202D2044756D702043B1
:10C94000414E2062757320626974730D206262200B
:10C9500064656E79203C6E3E202020202020202D12
:10C960002053656E64206F6E6520646F6D696E6123
:10C970006E7420616674657220362B6E207265635A
:10C98000657373697665206269747320286C6F6FB4
:10C99000707320756E74696C2074696D656F757441
:10C9A0003B207365652062656C6F77290D2062629C
:10C9B0002064656E796F6E6365203C6E3E2020209A
:10C9C0002D2053616D652061732064656E792C2084
:10C9D000627574206578656375746564206F6E6335
:10C9E00065207768696C65207265636F7264696E33
:10C9F000672E0D2062622073656E64203C6D736744
:10CA00003E20202020202D2053656E642072617707
:10CA10002062697473747265616D20286F6E63653E
:10CA200029207768656E207472696767657265642E
:10CA30002028737461727473206F6E206E65787431
:10CA40002062697420616674657220747269676718
:10CA5000657220636F6E646974696F6E20646574BB
:10CA60006563746564292E0D206262206C6F6F709F
:10CA70006F662020202020202020202D2053656E4E
:10CA8000642061206C6F6F70206F66206F76657216
:10CA90006C6F6164206672616D6573206166746598
:10CAA000722074726967676572206D657373616760
:10CAB000652028756E74696C2074696D656F757476
:10CAC000290D20626220736574203C703E203C7604
:10CAD0003E202020202D2053657420706172616DEE
:10CAE000657465722E205365652027626220736825
:10CAF0006F772720666F72206C6973742E0D206229
:10CB0000622073686F7720202020202020202020A2
:10CB1000202D2053686F7720636F6E66696775728A
:10CB20006174696F6E0D0D484F5720544F20555357
:10CB300045202873656520646F63756D656E74614B
:10CB400074696F6E20666F722064657461696C73BE
:10CB5000290D0D4669727374207365742061207409
:10CB600072696767657220287370656369666963B7
:10CB70002043414E204944202F27616E79272F27DB
:10CB800069646C65272F276E6F77272920616E6493
:10CB90002074696D656F75742076616C756520779A
:10CBA000697468207468652073657420636F6D6DA7
:10CBB000616E642E0D4578616D706C65733A276205
:10CBC0006220736574207472696720303234272CB8
:10CBD0002027626220736574207472696720616E19
:10CBE00079272C20276262207365742074696D6533
:10CBF0006F75742035303030272E0D436F6D6D61A9
:10CC00006E64732077696C6C2072657475726E2027
:10CC10007768656E207468657920737563636565F0
:10CC200064206F72207768656E207468657920745F
:10CC3000696D656F75742028747269676765722005
:10CC400074696D656F7574206F7220656E64206FF6
:10CC500066206C6F6F70292E0D0D436F6D6D616EC8
:10CC60006473202764656E792720616E64202764D1
:10CC7000656E795F6F6E6365272074617267657496
:10CC800020746865206269742070726F76696465CB
:10CC90006420696E20617267756D656E743A206EEE
:10CCA0003D30202D3E20454F4631202872782F748C
:10CCB00078206572726F72292C206E3D31202D3ED6
:10CCC00020454F463020287478206572726F722993
:10CCD0002C206E3D32202D3E204946533220284FD5
:10CCE00046292C206E3D33202D3E204946533120CD
:10CCF000284F46292C206E3D342D3E204946533086
:10CD000020284F4B292E0D4543552044277320637F
:10CD10006865636B20656E67696E65204C454420CD
:10CD20006C6967687473207570206F6E2043414E84
:10CD3000206572726F7220616E6420626C696E6B26
:10CD400073206F6E20627573206F66662E20596F98
:10CD5000752063616E2072657365742045435520AC
:10CD60004427732063616E20776974682027726599
:10CD700073657463616E2044272028666F72206299
:10CD80007573206F66662C20757365202772657336
:10CD90006574204427292E0D45435573206861761C
:10CDA0006520617572657472616E736D6974204F70
:10CDB0004E2062792064656661756C742120796FFC
:10CDC000752063616E2064697361626C65206974AB
:10CDD0002077697468205544532C20652E672E2CCB
:10CDE00020277564732044203331303130323232A1
:10CDF000303030303030272E20286669727374202E
:10CE0000303020666F72206275736F6666206175C0
:10CE1000746F7265636F7665722C207365636F6ED5
:10CE20006420303020666F72206175746F207265E7
:10CE30007472616E736D69742C206C617374203030
:10CE40003020666F72207472616E736D6974207029
:10CE500061757365292E0D0D0D5761726E696E67D0
:10CE60003A2043414E2074696D696E67207061728B
:10CE7000616D657465727320617265206E6F7420D8
:10CE8000636865636B6564202D206D6F64756C65E8
:10CE9000206D61792068616E67206966207468651D
:10CEA000792061726520696E76616C69642E0D432C
:10CEB0006F6D6D616E64732073756368206173209C
:10CEC0006275736C6F6164206F722072656164209B
:10CED000617373756D65206E6F206572726F72730A
:10CEE000206F6E207468652043414E206275732E5A
:10CEF0000D00000072656164000000006A616D0051
:10CF00004A616D6D696E672E2E2E0000446F6E654E
:10CF1000210D00006275736C6F6164004D65617373
:10CF20007572696E6720627573206C6F61642E2E56
:10CF30002E0D000064756D700000000044756D706A
:10CF4000696E672062757320626974732E2E2E0DD0
:10CF50000000000064656E79000000004572726F89
:10CF6000723A2064656E79207265717569726573B5
:10CF7000203120706172616D657465722E0D000044
:10CF800044656E79696E672E2E2E0D00446F6E65B6
:10CF90002E0D0000496E76616C6964206E756D62BD
:10CFA00065722E0D0000000064656E796F6E63651A
:10CFB000000000004572726F723A2064656E796FEE
:10CFC0006E636520726571756972657320312070BA
:10CFD0006172616D657465722E0D000073656E641B
:10CFE0000000000053656E64696E672E2E2E0D00E2
:10CFF000496E76616C6964206E756D626572206F32
:10D000006620617267756D656E74730D00000000B7
:10D010006C6F6F706F6600004C6F6F70696E672089
:10D020004F7665726C6F6164204672616D65732E18
:10D030002E2E0D00736574004572726F7220736539
:10D040007474696E6720706172616D657465722EAB
:10D050000D00000073686F7700000000496E766174
:10D060006C69642062697462616E6720636F6D6DC4
:10D07000616E642E20547970652027626974626144
:10D080006E672068656C702720666F722068656C1B
:10D09000702E0D00496E76616C6964206E756D624C
:10D0A0006572206F6620617267756D656E74732E90
:10D0B0002054797065202268656C70207468656DF5
:10D0C000652220666F722068656C70207573696ECA
:10D0D00067207468697320636F6D6D616E642E0DD7
:10D0E00000000000557064617465642E0D0000003E
:10D0F000330000003400000035000000360000005E
:10D10000370000005468656D65206E756D6265724C
:10D11000206E6F7420666F756E642E2054727920B5
:10D120006265747765656E203120616E6420372EEC
:10D130000D000000620000006578697400000000C6
:10D140007175697400000000736C63616E0000000B
:10D150007265736574000000526573657474696E5E
:10D16000672E2052656D656D62657220746F206652
:10D17000697273742073656E64207468652022235D
:10D180002220636F6D6D616E6420746F207265651F
:10D190006E746572207468697320696E7465726656
:10D1A0006163652E0D000000546F6F206D616E7914
:10D1B00020706172616D65746572732E20557365A0
:10D1C000202772657365742720746F2072657365FC
:10D1D00074207468652077686F6C6520626F617277
:10D1E000642C206F722070726F7669646520422F04
:10D1F000432F4420617320617267756D656E742ED4
:10D2000020466F72206578616D706C652C20757397
:10D21000652027726573657420422720746F207221
:10D22000657365742045435520422E005573652073
:10D23000277265736574272077697468206E6F2084
:10D24000706172616D657465727320746F207265B0
:10D250007365742045435520412028616E64206F1A
:10D260007468657220454355732077697468206936
:10D2700074292E0D00000000526573657474696E88
:10D28000672045435520422E0D000000526573650E
:10D290007474696E672045435520432E0D000000CD
:10D2A000526573657474696E672045435520442E3A
:10D2B0000D000000636C6561720000000D0D0D0D26
:10D2C0000D0D0D0D0D0D0D0D0D0D0D0D0D0D0D0D8E
:10D2D0000D0D0D0D0D0D0D0D0D0D0D0D0D0D0D0D7E
:10D2E0000D0D0D0D0D0D0D0D0D0D0D0D0D0D0D0D6E
:10D2F0000D0D0D0D0D0D0D0D0D0D0D0D0D0D0D0D5E
:10D300000D0D0D0D0D0D0D0D0D0D0D0D0D0D0D0D4D
:10D310000D0D0D0D0D0D0D0D0D0D0D0D0D0D0D0D3D
:10D320000D0D0D0D0D0D0D0D0D0D0D0D0D0D0D0D2D
:10D330000D0D0D0D0D0D0000706C617900000000E9
:10D34000496E76616C6964206E756D626572206FDE
:10D350006620617267756D656E74732E0D00000036
:10D360005374617274696E672067616D6520312E38
:10D370000D0000005374617274696E672067616DFF
:10D380006520322E0D0000005374617274696E675F
:10D390002067616D6520332E0D00000047616D65CB
:10D3A000206E756D626572206E6F7420666F756E8B
:10D3B000642E20547279206265747765656E203121
:10D3C00020616E6420332E0D0000000073746F70B6
:10D3D0000000000053746F7070696E672067616DA4
:10D3E000652E0D004E6F206F6E676F696E67206748
:10D3F000616D652E0D000000556E6B6E6F776E20AF
:10D40000636F6D6D616E643A200000000D54797099
:10D4100065202268656C702220666F722068656CDA
:10D42000702E2052656D656D62657220746865208E
:10D43000696E7465726661636520697320636173E8
:10D44000652073656E7369746976652E0D00000042
:10D450000D3E00003F3F3F3F3F000000563120534C
:10D460004C43414E2052344D4E202800563120531B
:10D470004C43414E2052414D4E20280053657020B0
:10D48000203420323032360030313A30393A3437B5
:10D490000000000057656C636F6D6520746F20524B
:10D4A000414D4E20434C492E205479706520276809
:10D4B000656C702720666F722068656C702E0D3E5B
:10D4C0000000000068747470733A2F2F72616D6EE3
:10D4D0002E727466642E696F2F0D000071000000BB
:10D4E0007A5A00006420526573657474696E670D22
:10D4F00000000000546F6F206D616E7920746173BD
:10D500006B730D00537461747320636F6D70757469
:10D5100065642066726F6D20626F6F742073746132
:10D5200074652E205573652072696768746D6F731A
:10D53000742076616C75657320746F20636F6D70F5
:10D540007574652064656C7461732E0D00000000B5
:10D550004E6F095461736B204E616D6509537461A0
:10D56000746509557361676509537461636B0900DC
:10D570002028756C546F74616C52756E54696D65BA
:10D58000290D00003A090000090900000900000007
:10D5900025000000666C61677B5553425F434F4D29
:10D5A0004D414E447D0000003237373632000000D6
:10D5B000666C61677B5553425F4252555445464FF6
:10D5C0005243457D0000000057726F6E6720506126
:10D5D0007373776F72640D0052756E6E696E6700BB
:10D5E0005265616479000000426C6F636B0000005B
:10D5F00053757370656E640044656C657465640092
:10D60000496E76616C696400F0909090F020602023
:10D610002070F010F080F0F010F010F09090F0100A
:10D6200010F080F010F0F080F090F0F0102040400A
:10D63000F090F090F0F090F010F0F090F09090E01A
:10D6400090E090E0F0808080F0E0909090E0F080BA
:10D65000F080F0F080F080803C7EE7C3C3C3C3E776
:10D660007E3C1838581818181818183C3E7FC30606
:10D670000C183060FFFF3C7EC3030E0E03C37E3CDC
:10D68000060E1E3666C6FFFF0606FFFFC0C0FCFE84
:10D6900003C37E3C3E7CC0C0FCFEC3C37E3CFFFF98
:10D6A00003060C18306060603C7EC3C37E7EC3C33B
:10D6B0007E3C3C7EC3C37F3F03033E7C00000000F2
:10D6C000490000004500000064202D2D2D2D2D2D3A
:10D6D0002D2D2D2D2D2D2D2D2D2D2D2D2D2D2D2D7A
:10D6E0002D2D2D2D2D2D2D2D2D2D2D2D2D2D2D2D6A
:10D6F0002D2D2D2D2D2D2D2D2D2D200D000000003B
:10D7000064204552524F522021205265676973743C
:10D710006572732064756D7065642062656C6F77E7
:10D720000D00000048414C5F464443414E5F455266
:10D73000524F525F54494D454F5554200000000050
:10D7400048414C5F464443414E5F4552524F525F01
:10D750004E4F545F494E495449414C495A45442023
:10D760000000000048414C5F464443414E5F455233
:10D77000524F525F4E4F545F524541445920000072
:10D7800048414C5F464443414E5F4552524F525FC1
:10D790004E4F545F53544152544544200000000002
:10D7A00048414C5F464443414E5F4552524F525FA1
:10D7B0004E4F545F535550504F5254454420000033
:10D7C00048414C5F464443414E5F4552524F525F81
:10D7D000504152414D20000048414C5F4644434176
:10D7E0004E5F4552524F525F50454E44494E47207E
:10D7F0000000000048414C5F464443414E5F4552A3
:10D80000524F525F52414D5F4143434553532000B5
:10D8100048414C5F464443414E5F4552524F525F30
:10D820004649464F5F454D505459200048414C5F92
:10D83000464443414E5F4552524F525F4649464F20
:10D840005F46554C4C20000048414C5F46444341E4
:10D850004E5F4552524F525F4C4F475F4F564552B5
:10D86000464C4F572000000048414C5F464443411E
:10D870004E5F4552524F525F52414D5F57444720D1
:10D8800000000000642048414C5F464443414E5F25
:10D890004552524F525F50524F544F434F4C5F418D
:10D8A000524254202D3E2000464443414E5F505288
:10D8B0004F544F434F4C5F4552524F525F53545554
:10D8C00046462000464443414E5F50524F544F431A
:10D8D0004F4C5F4552524F525F464F524D20000011
:10D8E000464443414E5F50524F544F434F4C5F4567
:10D8F00052524F525F41434B200000004644434187
:10D900004E5F50524F544F434F4C5F4552524F520F
:10D910005F42495431200000464443414E5F50521B
:10D920004F544F434F4C5F4552524F525F42495400
:10D9300030200000464443414E5F50524F544F4305
:10D940004F4C5F4552524F525F43524320000000FC
:10D95000464443414E5F50524F544F434F4C5F45F6
:10D9600052524F525F4E4F5F4348414E4745200051
:10D97000642048414C5F464443414E5F4552524FFC
:10D98000525F50524F544F434F4C5F4441544120DB
:10D990002D3E2000642048414C5F464443414E5F89
:10D9A0004552524F525F52414D5F574447200D0040
:10D9B00064205458204552524F52533A2030780038
:10D9C000206672616D657329205258204552524F6E
:10D9D00052533A203078000020455252204C4F4795
:10D9E0003A2030780000000020434F4D503A20305C
:10D9F00078000000642021205258204572726F7216
:10DA00002068617320726561636865642065727265
:10DA10006F722070617373697665206C6576656CD2
:10DA2000206F662031323820210D000064204375BC
:10DA30007272656E742053746174653A2000000040
:10DA40004E6F64652069732073796E6368726F6EC0
:10DA5000697A696E67206F6E2043414E20636F6D57
:10DA60006D756E69636174696F6E00004E6F6465F9
:10DA7000206973206E6569746865722072656365DC
:10DA800069766572206E6F72207472616E736D6953
:10DA900074746572000000004E6F64652069732025
:10DAA0006F7065726174696E67206173207265635F
:10DAB00065697665720000004E6F646520697320A9
:10DAC0006F7065726174696E672061732074726132
:10DAD0006E736D697474657200000000496E766142
:10DAE0006C696420636F6D6D756E69636174696FD5
:10DAF0006E20737461746500642054686520464428
:10DB000043414E20697320696E204572726F725FC7
:10DB1000506173736976652073746174650D0000DC
:10DB200064204174206C65617374206F6E65206F92
:10DB30006620746865206572726F7220636F756EFF
:10DB400074657273206861732072656163686564CF
:10DB500020746865204572726F725F5761726E69DA
:10DB60006E67206C696D6974206F662039360D0010
:10DB7000642054686520464443414E2069732069FF
:10DB80006E204275735F4F66662073746174650D15
:10DB90000000000064204C61737420726563656945
:10DBA0007665642043414E204644206D6573736161
:10DBB0006765206861642069747320455349206655
:10DBC0006C6167207365740D0000000064204C6177
:10DBD00073742072656365697665642043414E20E5
:10DBE0004644206D657373616765206861642069D0
:10DBF00074732042525320666C6167207365740D04
:10DC00000000000064204E6577206D6573736167C6
:10DC1000652072656365697665642073696E636506
:10DC2000206C6173742070726F746F636F6C2073FB
:10DC300074617475730D0000642050726F746F63AB
:10DC40006F6C20657863657074696F6E20657665AA
:10DC50006E74206F636375727265640D000000005E
:10DC6000642043414E20425553204F4B0D0000008D
:10DC70006420427566666572206F76657272756E95
:10DC8000207265706F72746564206F6E2043414E20
:10DC900020526563657074696F6E0D006420457273
:10DCA000726F72207265706F727465642062792081
:10DCB000555342206D6F64756C6520286F766572D0
:10DCC000666C6F773F29200D0000000064202D2D29
:10DCD0002D2D2D2D2D2D2D2D2D2D2D2D2D2D2D2D74
:10DCE0002D2D2D2D2D2D2D2D2D2D2D2D2D2D2D2D64
:10DCF0002D2D2D2D2D2D2D2D2D2D2D2D2D2D200D81
:10DD00000D00000043414C4942524154494F4E20BE
:10DD100049443000454355412D496E666F74616931
:10DD20006E6D656E7400000052582044554D5000D1
:10DD300020204F4E0000000053544F5000000000C0
:10DD40004F766572666C6F7720202020202020207F
:10DD5000202020200000000043414E205258204D3A
:10DD60004F4E49544F5200004F5646005475726E44
:10DD7000204B657920746F20717569742E00000046
:10DD8000557365204252414B4520746F20636F6E7E
:10DD900074726F6C0D67616D652073706565642EBC
:10DDA00000000000434849502D38000044616E6D6A
:10DDB000616B750043617665204578706C6F7265A4
:10DDC000720000004F63746F7065670020557365C3
:10DDD000204543552043205368696674200D746FB5
:10DDE00020636F6E74726F6C2073637265656E0072
:10DDF000535441545300000043414E2052582020B8
:10DE00003A2030780000000043414E205458202032
:10DE10003A2030780000000043414E204552522005
:10DE20003A2030780000000043414E204F564620F3
:10DE30003A00000043414E20425553203A00000072
:10DE400055534220455252203A20307800000000BD
:10DE5000434443204F5646203A20307800000000CB
:10DE60005359535449434B203A2030780000000066
:10DE7000594553004E4F20004F4646004F4E20005C
:10DE8000554453204452415700000000557365200B
:10DE9000554453205365727669636520746F0A6434
:10DEA00072617720616E20696D61676520686572B7
:10DEB000652E000072616D6E2E7265616474686516
:10DEC000646F63732E696F0053544545522042526C
:10DED000414B204143434C00555000004457000043
:10DEE000525400004C5400004D440000202000001B
:10DEF00053420000434C00004C42000048420000E6
:10DF00004143430049474E003F3F3F0030313A30E4
:10DF1000393A34390000000052414D4E00000000F3
:10DF200049444C4500000000546D7251000000004F
:10DF3000546D722053766300546F796F7461204D75
:10DF40006F746F7220436F72706F726174696F6E5D
:10DF50000000000052414D4E20436F6D706F736999
:10DF60007465204465766963650000004D44432074
:10DF7000436F6E66696700004D444320496E7465C7
:10DF800072666163650000002CAD010800000000AE
:10DF9000000000000000000000000000000400007D
:10DFA0002A00000000000000000000003CAD010855
:10DFB0000000000000000000000000000000000061
:10DFC0000008000029000000000000000000000020
:10DFD0004CAD01080000000000000000000000003F
:10DFE00000000000000400003000000000000000FD
:10DFF000000000005CAD0108000000004C0503209B
:10E00000AC000000F8050320000400000F00000031
:10E01000000000000000000068AD010800000000E2
:10E02000FC090320AC000000A80A03200004000043
:10E0300010000000000000000000000074AD0108A6
:10E0400000000000AC0E0320AC000000580F0320BD
:10E05000000400003100000000000000000000008B
:10E0600084AD0108000000005C130320AC00000038
:10E07000081403200004000020000000000000003D
:10E080000000000094AD0108000000000C180320FF
:10E09000AC000000B81803200004000028000000B5
:10E0A0000000000000000000A4AD01080000000016
:10E0B000BC1C0320AC000000681D0320000400000D
:10E0C000180000000000000000000000B4AD0108CE
:10E0D0000000000000000000000000000000000040
:10E0E0000004000018000000000000000000000014
:10E0F0000001010001010000113400088532000810
:10E1000049340008A132000875340008D1320008F3
:10E11000E13700080D3800088D340008E9320008A6
:10E12000A534000801330008BD3400081933000885
:10E13000E9340008A136000800000000B9360008E4
:10E140000135000841330008253500085133000827
:10E15000393500085D3300086D350008813300084B
:10E160009135000891330008B1350008D136000818
:10E17000E1350008653700082D360008FD36000837
:10E18000A1330008BD3300083D38000801390008FC
:10E19000593800082D390008753800085939000829
:10E1A0009138000885390008AD380008B1390008F9
:10E1B000C9380008DD390008693200086D320008EE
:10E1C00000000000E9330008B9370008A93700084B
:10E1D000BD370008AD3700087132000879320008F9
:10E1E000E5380008093A0008C1370008B1370008CF
:10E1F000C5370008B5370008CD370008D537000807
:10E20000C937000861370008D8D50108E0D50108F2
:10E21000E8D50108F0D50108F8D5010800D60108B5
:10E22000B80D00001C16220A6280222800EE60ADA4
:10E230006191A28CF155A2B4F155601261D0A2C8CF
:10E24000F155601261D2A2CCF15500EE6500640177
:10E250003401124422A0F06530FF1242450000EE66
:10E260006000640012448504228CF065830022C89B
:10E27000803080546E098E054F01126A70F683005B
:10E28000650122B4F055229022B8803012728300CA
:10E29000650022B4F05522CC340112823500128080
:10E2A000229022B822A4805080443000122C00EE2C
:10E2B000000000EEA28CF1656F0181F480F4A28C65
:10E2C000F15500EE000000EEA2A0F1656F0181F4AF
:10E2D00080F4A2A0F15500EE000000EEA2B4F165BA
:10E2E0006F0181F480F4A2B4F15500EE000000EE5D
:10E2F000000000EE72FBF0296F01D2F500EE610024
:10E3000062806E00AD91F11E7101F06522D07E0138
:10E310003E0612E000EEF11E7101F06540FF600064
:10E32000F029D3457E0100EE635D64046E00610058
:10E33000AD8873FB22F23E06130C6F006124620469
:10E34000AF9A2EE93FFF131C00EE635D64046E007C
:10E350006100AD9973FB22F23E03132E6F0061241E
:10E360006204AF932EE93FFF133E00EE635D640449
:10E370006E006100000073FB22F23E0513506F0037
:10E3800061246204AF9F2EE93FFF136000EEADA051
:10E39000F06561016201AD086E00D1227E0171035A
:10E3A0003E0A1384610172035E00137600EEADA095
:10E3B000F065239870FFADA0F05500EE6101620199
:10E3C000AD08400113B46E0171033E0A13AE610142
:10E3D00072037E015E0013A4D12200EEADA0F065B1
:10E3E000301413C213C47001ADA0F055239800EE91
:10E3F00075047504350013E6ADA3F06523EC7004D5
:10E400004028600023ECADA3F05500EEADA3F0650D
:10E41000AD77623F24A2D12100EEAD0B6008610808
:10E42000D01860206100D0186058AD13D018710862
:10E430006070D0186058AD3BD0186020AD33D01854
:10E440006008AD1B7008D018301814206058700890
:10E45000D0183068142A602061007008D01830503D
:10E460001436AD2B607061087108D018313814442F
:10E47000AD23600861087108D01831381452248E19
:10E4800000EEAD4B60006138D0186078D018AD5BFD
:10E490006108D0186000D018AD537108D018313021
:10E4A0001476610860787108D0183130148224CC59
:10E4B00000EEAD436117623A6E00D1267E01711302
:10E4C0003E05149600EEB4A4610D00EE612000EE4E
:10E4D000613300EE614600EE615900EE616C00EEC2
:10E4E000615900EE614600EE613300EE612000EEFE
:10E4F000ADA4F065400014E46100623EAD6370FFBE
:10E5000072FED122300014DA00EEADA4F065700185
:10E51000ADA4F0556100820E6F3E82F7AD63301BF3
:10E52000152080206E0082007202252A7E0126F0CE
:10E530003E0915026001ADA4F0557202AD63D1220F
:10E5400023B800EED12200EEAD636178620AD128D3
:10E550007208D1287208D1287208D1287208D128EF
:10E560007208D1287208D12400EEADA5F0653034D0
:10E57000157C8100ADA7F065300015766E006F0048
:10E58000612F6204AF8C2EE93FFF15607E0126E407
:10E590003E10155AADA76001F0558010701400EEC2
:10E5A0007001ADA5F055617882006F3E82F7AD63D2
:10E5B000D12100EE6E006F0061256204AF822EE96A
:10E5C0003FFF15987E0126E43E10159200EED341E0
:10E5D00000EE6508800E4F0125AA730275FF350015
:10E5E00015B000EE000000EEA5C0F1658F2081F4AB
:10E5F00080F4A5C0F15500EE000000000000800E80
:10E60000800E800E2EA7A5C0F15566006700680039
:10E6100069006310641025C0F0656AE06B1F8A0210
:10E620008B023A201636F0658200AD0A802036064D
:10E6300016166600770173A0740A37041620670067
:10E6400074DA78014000162825AE162A7310760178
:10E650007BFF3B001608620225C43A40164E89B083
:10E66000899E620125C4A5D4F155620225C4A5D6B0
:10E67000F1553A60165CF16583048414620325C485
:10E680003A801670660067006800690063106410C5
:10E69000620125C43AA0167E8CB0620125C4A5D8BB
:10E6A000F1553AC016967CFF4C001692A5D8F1653C
:10E6B000A5C0F1551696620125C4490016B06F0138
:10E6C0008F923F0016A6A5D416A8A5D6F165A5C0C1
:10E6D000F15579FF25C0F065300015F600EE6F3C6E
:10E6E000FF15FF076004E0A16F006007E0A16F0065
:10E6F0006009E0A16F006005E0A16F006008E0A183
:10E700006F003F0016BE00EE6F02FF15FF073F00CF
:10E7100016E800EE6F01FF15FF073F0016F400EE4C
:10E720006E3D8E774F011726AD78F55527662790F9
:10E7300027A2802028362872AD78F56577FF6D0115
:10E74000690488864C0178801728299200EE24E617
:10E75000730125466FF08F323F00254670026FF837
:10E7600080F2700884043F011752749CADA6F065D6
:10E770007001ADA6F055AD78F555276627A228267D
:10E7800028362872AD78F56500EEAD0A806081709C
:10E790006200D0113F00178AD0117201420170014E
:10E7A00042027101420370FFD0114F0017748E2690
:10E7B00082E300EED011AD9CF16586008710F16513
:10E7C0008A008B1000EE3C0017D6380078FF3D0021
:10E7D00017B2809017B66000809561008E008E871A
:10E7E0003F01710183068E308E873F01710483865D
:10E7F0008E008E373F0171021824380078013D00E9
:10E8000018026000808561008E008E953F017101C5
:10E8100083968E308E073F01710483068E908E376B
:10E820003F017102182461008E908E853F016101C5
:10E83000839673808E308E853F017104838673804A
:10E840008E908E353F01710200EE60008EAE4F015A
:10E8500070018EBE4F01700200EE6E006F038F03D9
:10E8600092006E0192F06E013E0018686E028E22D8
:10E870003E00185C6E028E0260024E006004186654
:10E880006E028E0260044E006002186A600181020E
:10E890003100610100EE2C146F0032001888310045
:10E8A00018844C006F0218884D006F013201189ACD
:10E8B000310018964C016F02189A4D006F01320218
:10E8C00018AC310018A84C006F0218AC4D016F0154
:10E8D000320318BE310018BA4C016F0218BE4D0148
:10E8E0006F014F0018CC4F0129924F02298800EE8A
:10E8F0008E268EF3300118EA3E0018DC2988299212
:10E900008F80889089F08FC08CD08DF018EC28F023
:10E910002C1400EE83008086800681968116800686
:10E920004C0170E081164D0171E082164D0172803C
:10E930003E01191688108824191C6800881588253E
:10E940003304192488051926880482064C01728034
:10E950003E01193689008924193C690089058925F9
:10E9600033041944891419468915888E3F01195AB0
:10E97000888E4F006804480068046F011962888E11
:10E980004F0168FC6F008CF0899E3F01197A899EC7
:10E99000480068043F00197869046F011984899E52
:10E9A0003F01198469FC6F008DF000EE6F0089F75C
:10E9B0006F018DF300EE6F0088F76F018CF300EEAE
:10E9C00080808190703D7103D01500EEADA1F1659E
:10E9D00088008910AD70603C6103D017AD6B299C35
:10E9E00063006FF085F223CC4500AD6B299C600776
:10E9F000E0A178FF6009E0A178016005E0A179FF5E
:10EA00006008E0A179016006E0A163014863780134
:10EA1000489E78FF497F7901499F79FF299C26E428
:10EA2000430019C2299C238AAD70603C6103D01752
:10EA3000ADA180808190F1556300649CADA660001B
:10EA4000F05500EE29A8663F67056A806B80AD0827
:10EA5000D6726080610188048CF08C1389048DF07B
:10EA60008D13888E888E888E899E899E899E23CE5E
:10EA7000AD9C80608170F15580A081B0F1556E032E
:10EA800089E43F011A6C3D011A6A6D001A6C69FC39
:10EA90003C011A7C6E008E858AE54F0076FF1A8055
:10EAA0008A8486F43D011A906E008E958BE54F00A6
:10EAB00077FF1A948B9487F46E0C8E774F011AD0DF
:10EAC0003D011AC06E238E674F011AAC670B29886F
:10EAD0006E5B8E654F011AB8670B298837031AC021
:10EAE0006703298836231AC84C012992365B1AD04D
:10EAF0004C0029923C011ADE360B1ADC660B299277
:10EB00001AE636731AE666732992ADA7F0654000DF
:10EB10001AFE61028013ADA7F055AF07617A620A51
:10EB2000D125AD9CF165AD08D0126004E09E1B10AC
:10EB3000673E6600373E1B161B36D6723F011B36FA
:10EB40002C14D672807070046E3A8E054F011B3003
:10EB500026FC1B32272AAD08D67226F0373E1A4A09
:10EB6000ADA3F06524A271FC81676E0E8E174F0174
:10EB70001B5223B82590AD99F333F2658F208200A4
:10EB800080F0AD99F2557464AD89F433F2658F204D
:10EB9000820080F0AD89F155ADA6F065AD8B4000E7
:10EBA0001B8CF033F2658F20820080F0AD8BF25524
:10EBB00060FFF05560AD6188A2A0F15522022C14CF
:10EBC000ADA7F0658A004A001BE84A011BB2AF07F7
:10EBD000617A620AD125ADA76000F05546001BDEC0
:10EBE000600024A28E607E048E1560F861137008A8
:10EBF0008E154F011BCA2DA8A2A0F155A350F155A7
:10EC00001BE06A00ADA56000F0552524232626BA36
:10EC10002326230426BA23044A001C0A6A0022027F
:10EC2000234826F0234826F07A013A1E1BFCADA0AB
:10EC3000F06530001A2000EE00EE66016F00610BF7
:10EC4000620AAFA52EE93FFF1C1EA20264106000FD
:10EC5000610062086E0074FF34001C40C40F74032E
:10EC6000A20AF41ED018F21E70087E013E081C4055
:10EC700036011C6460006111620F6E00D01FF21E2D
:10EC800070087E013E081C5861006007E0A1610128
:10EC90006009E0A161016005E0A161016008E0A1F7
:10ECA00061016006E0A1610126E441001C2A00FF29
:10ECB000220A00E06107ADEAF0658006820680174F
:10ECC0008025ADA0F05523F6245EADEAF06525DA87
:10ECD00022DA236AADA56000F05523E82A20ADEAC8
:10ECE000F0657001ADEAF05530081C8E2CCC1C1874
:10ECF00000E000FE6F0061026212AFAD2EE93FFF3F
:10ED00001CD6633264196E006100AD9173FB22F270
:10ED10003E071CE66000610062006300AD91F355A0
:10ED2000F355ADEAF055ADA4F05500EEC0C080FF3C
:10ED300080BFA0A0A0A0A0FF01FD0505050505FF5F
:10ED400000FF0000000000A0A0A0A0A0A0A0A005BF
:10ED500005050505050505A020E0000000000005EB
:10ED600004070000000000307878FCFCFCFCFC5A32
:10ED700042424242427E005A4242424242424200A3
:10ED80007E4242424242423C3C3C3C3C3C3C3C2079
:10ED900020F82020BDC3DBDBC37E3CFE000000006A
:10EDA00000000000000000000000000000FFFFFF66
:10EDB000FFFFFFFFFF000000000000000000000058
:10EDC000000000000080880000000000BDAA60ADC7
:10EDD00061E500EE010260AD61E000EE030360ADAD
:10EDE00061DA00EE040560AD61DA00EE060760ADA1
:10EDF00061E000EE080960AD61E500EE0A0B08066F
:10EE0000070203FF00000806FF00000801FF0026BC
:10EE1000442611264426AA00385560000338AA006B
:10EE2000A221FF240021FFC02C00A221FF240021E9
:10EE3000FFC0600100A2220022552200C038AA00B3
:10EE4000A53844C0002C556001002C662C002C997C
:10EE500000A53888600100C00038E0600300380772
:10EE600060FD00383860030038C1006001004321B4
:10EE70000721C043217F21FC4321DB21B6432132FE
:10EE8000219843211F21F043217F21FC43217F2131
:10EE9000FC43212621C843213F21F843217F21FC47
:10EEA00043211F21F0432104214043213F21F84306
:10EEB000213F21F843217F21FC260043217F21FCB3
:10EEC00043211F21F04321D2219600BEA960AD61EC
:10EED000EB00EE010260AD61F400EE030360AD6192
:10EEE000FC00EE040560AE611C00EE060760AE613A
:10EEF0002100EE080960AE612D00EE080960AE61E8
:10EF00003500EE0A0B60AE614700EE00EEFF1EF02A
:10EF10006530FF1EF76FFF00EE1F05AF0CF01E807F
:10EF2000F0D1258F0071067F0100EEF080F0808027
:10EF300090A0C0A09078807008F0F8202020208851
:10EF400050204080F088F088F080808850205088E1
:10EF5000F888F880F080808080F88888F888888831
:10EF60008870F0888888F088F09088D8A8888850C1
:10EF70005020788080807880988870888888708811
:10EF8000889878F880F080F8202020F8102040F849
:10EF9000202020C088C8A8988888A8A85050500071
:10EFA0005000000000002236535371141D2525FF28
:10EFB00022533D53366CFF050A36531D00FF1B0AD2
:10EFC000361DFF144A642D05FF4A420A4A1653466D
:10EFD000FF2257641D2505424A3653FF27050000CE
:10EFE00014E2E000807900600C0C3E0C9BFD206375
:10EFF0001C0C3E0CFBCD70E71C1E230CF3FDF8CF60
:10F000001E1F210CC3FDD8CD1E9B211CE3CDDDDDD1
:10F010009EBF2198F38DCDD99F3F23F8F99DCDD97F
:10F02000DB713FF098F9CDD9D9603C0000F80000C1
:10F030000000001E1010101E101010EAAAAAAAEE5E
:10F04000EA8A8E8AEAAEA84C484EE484E420E4FFC3
:10F0500000000000000000A0A00000505000006070
:10F06000600060006000C0A06000305060000005DB
:10F070000F00006000600060A0C0006050300060C1
:10F08000600000C0C00000303000C060C0006060A0
:10F090000000C0C0000030300000A040A000000010
:10F0A00060600000C0C00000303000E06A386B0BC8
:10F0B000A203DAB1F0657AF84AF87B014AF86A38B7
:10F0C0003B1512D26405E4A100EE6407E4A100EE52
:10F0D0006408E4A100EE6409E4A100EEA20260006D
:10F0E000C11F71F66F0B8F174F0012E4710A623C5B
:10F0F000402012E4D012D2123F0112E4700472FCDC
:10F10000131000E0631F653FA265601A610ED01501
:10F110007008A26AD015A000600361016220662019
:10F12000642082048605841587208B1023668760FF
:10F1300023668B402366872023667001710140207F
:10F1400070018052133C8B3287526C006F158F77A1
:10F150004F007C016F298F754F007C016F0A8FB7BC
:10F160004F007C016F138FB54F007C016F008FC57E
:10F170004F00D7B400EE00E0A25B6019610DD0151E
:10F18000A2607008D015F00AF00A00EE60FF24209B
:10F19000A29E833E833EF31ED45400EE8C00800E6C
:10F1A0008AF0860480C08AF288F088A588A58484C5
:10F1B0008C10811E8AF0871481C08AF28DF08DA593
:10F1C0008DA585D46FFA8F073F0013F280243F008E
:10F1D000802583806F018F854F0063026F018FD57B
:10F1E0004F006D028DDE8DDE83D16F3E8F453F0077
:10F1F000141623AC141E6F1D8F554F0023AC00EE68
:10F20000ABB8FB1EF75500EE6B00ABB8FB1EF76505
:10F2100040FF143EA272833E833EF31ED4547B080B
:10F220003B00142A00EE6B00ABB8FB1EF76530FF05
:10F2300023BC30FF24207B083B00144800EEAB5475
:10F24000F755A28EF065ABB8F01EF765680030FF89
:10F250001480A28EF0658A007008A28EF0556801B5
:10F26000AB54F7656300ABB8FA1E00EEFF073F0032
:10F27000148C6F01FF1500EEA28FF16583168206D4
:10F28000A2AAD2336205E29E14B071FF410161026D
:10F290006207E29E14BC70FF400160026209E29EB8
:10F2A00014C87001402360226208E29E14D47101E8
:10F2B000413A6139A28FF15583168206A2AAD23350
:10F2C00000EE22CA69006000A2ADF0556B00A26F8B
:10F2D000F765ABB8F7557B013B2014F400E0A2536F
:10F2E00060396100D01871086F208F174F00150426
:10F2F000A28FF16583168206A2AAD233242824980D
:10F300004F01153424468D90255C4DFF2538790139
:10F31000248C151C239614E2A2ADF0657001A2ADF9
:10F32000F055623D610180063F00155A40011556B7
:10F33000710470FF154CA2BAD21300EEA2ADF065B5
:10F340006F0180F23001156E4D8C69FE1574A2AD0F
:10F35000F065B71500EEF755A27ED45400EE6007B5
:10F3600080D230071596CC1F245E6202C03F70AA7F
:10F37000643785C025761574600380D2300315CCC0
:10F38000CC1F245E380115B6C07F707F643985C0FC
:10F39000612362002576CC1F245E380115CCC07F26
:10F3A000707F643985C0619B62002576157400000A
:10F3B00000CE32D22ED62ADA26DE22E21EE61AEA63
:10F3C00016EE12F20EF60AFA06FE02FA82F686F23D
:10F3D0008AEE8EEA92E696E29ADE9EDAA2D6A6D26D
:10F3E000AACEAEA5CEFD33A5CEF2653200162540DD
:10F3F00001710A40027114811EF11EF165245E64E0
:10F400003C651025761574600F80D2300F1655CCF0
:10F410001F643C85C060966100245E6208257624E6
:10F420005E62042576642D604B245E618725762418
:10F430005E610A25761574CC1F245E643285C06037
:10F44000E661002576245E64362576245E643A25DE
:10F450007600EE601F80D2301F1691CC1F245E64B0
:10F460002385C06042610C62022576245E6182259C
:10F47000764D4026574D8026574DC026571574604F
:10F480000780D2300716C3602080D2400016B565D1
:10F490001C61A016B96500611EC41F741F60BE24E4
:10F4A0005E25761574600780D2300716E7601080FD
:10F4B000D2651C61A0300016DD6500611E6000622F
:10F4C00000C41F245E25761574600F80D2300F179C
:10F4D0000F85D6855685566432605F6100620524CB
:10F4E0005E25766114245E25766194245E2576156A
:10F4F00074232214E2157E15981603162716731628
:10F500009F16C516E9171100E30C00001EA5202068
:10F51000200020F010700040E090E0909090E0908B
:10F52000E090E08080D0B0B090909090606090903B
:10F53000906090D0B090909050204000000000006B
:10F540006090F09090F09090F080E080808080F06B
:10F5500080E080F0404040F0204080F0202020C03B
:10F5600060908090609090B07080B09070806010DB
:10F57000E090A0C0A09090B0B0D0F040404040904B
:10F58000907010E00000000000000000000000008B
:10F59000000000000000000000000000000000006B
:10F5A000000000000000000000000000000000005B
:10F5B000000000000000000000000000000000004B
:10F5C000000000000000000000000000000000003B
:10F5D000000000000000000000000000000000002B
:10F5E00000000000000000000000000007E0000034
:10F5F00000000000081800000000000010040000D7
:10F6000000000000200200000000000020020000B6
:10F610000000000028210000000000004001000060
:10F620000000000040010000000000004001000058
:10F6300000000FC04F8100000000103046010000A4
:10F640000000200820020000000030E82002000036
:10F6500000004F04100C0000000050841FF6000052
:10F66000000040047709000000004F849790C0001C
:10F670000000504C0EE020000000201E0C00100086
:10F6800000007FFF0A41320C712D3A1F0A2D2D2DEB
:10F690005E52351F1F3D052D2D2D2D2D2D2D2D2D70
:10F6A000241F00351F672D32101F1A6C2D2D2D2D94
:10F6B00000000000000000000000000000700000DA
:10F6C000003E00703C8C7F0001C18188428480E054
:10F6D000020042044284801004004402210480108D
:10F6E00008004401210500101003880110050710CF
:10F6F0001407080090450FD0100C086090090670A0
:10F7000020180870900901A0201810B0541900802A
:10F71000281010904C1A07002010D0F0A832466034
:10F72000200F580028B203902920D1002433001064
:10F730003009D47217734010144398F8B66302105E
:10F740001AA71B9A3361D0300D1E1F8D63C1FAD0EA
:10F750000FFC0D07E181FF7004600002C0008C20E7
:10F760000000000080000000000000000000000019
:10F7700000FB379873CFBC0000FBF7D8FBEFBE004F
:10F7800000C1E6D8DB6C360000F0C7D8DBEF3E00E6
:10F7900000C1E798DBCC3C0000FBF61EFB6FB60017
:10F7A00000FB361E736FB600000000000000000072
:10F7B0000004003D97FFFFFFFFFDFF9D4BFF8B47C0
:10F7C0002004005DCBFFD84F2604001D05FFDB5F42
:10F7D0002104001D85FFDB4720847C1C05FFFFFF03
:10F7E0002084DA5DC5FF8B472094BCDDE5FF995B83
:10F7F00020B4E61DE61FBA5B2094C2DDCFE78B473D
:10F8000020857DDC3FF9FFFF2FF5839FFFFEFFFF83
:10F810002005FF1FFFFF7FFFFFFCFE1FFFF3BF0759
:10F82000FFFCFE1FFFEDDEFBA22DF80C07DDEDFD5A
:10F830002AA807F7F9D9E37EAAABFFEC1ED6F3FEA0
:10F84000A225F80006E71BFEFFFA07F80377C07E43
:10F85000000BBFFE037BF8FCFFFB9FFF817CEDF8F4
:10F86000000BBFFF817F0E00FFFBAFF0617FEE60FA
:10F87000FFFBBA3FF97FDC98FFFDBDFFFE3FDCF8E0
:10F88000FFFDBCFFFFCFDCFC0001BD7FFFF1BCFC36
:10F89000FFFDBDBF000E3CDC00011DC8FFFF8FDE79
:10F8A00000001DF3FFFFF3BE000004FBFFFFFC7C24
:10F8B000F8711F1A2D3541320A2D2D2D2D322D0AAA
:10F8C0001A17103D412D45242D6C35412D0C455EF8
:10F8D0006C322452414D1A5E6C2D322D101A245276
:10F8E000351F3A2D5A1F3D0C052D351F671A5E41F5
:10F8F0003D415E5E00523D45171045245A2D1F1AAA
:10F900006C711F1A2D4117410A5A412D2D6C1F2D64
:10F910000C3249493D45245A2D5E1A243D455A353D
:10F920006C322D27455E451F242D1F3A2D322D1296
:10F93000710A3217450C052D325E41520A416C2D79
:10F9400067323D3D055E1F17411F24412D3D413A61
:10F950006C6C3541450A2D5E631A3D3D2D35410ADB
:10F9600041052D5A0A1F5E5E00711F1A2D171A5E7F
:10F970006C2D2D2D2D0A416C1A0A242D6C1F2D2D56
:10F980002D6735410A412D6C35455E2D2D323D3DAB
:10F990002D10415A3224322D0C41320C2D41240CB1
:10F9A000052D241A6C5E005E2467416700E060004C
:10F9B000610062006301D011F31E720170084040C3
:10F9C000710140406000312016AA00EE6102620120
:10F9D0006300A000F31EF065A202F01ED1257105A0
:10F9E000413E7206413E61027301534016C600EE6D
:10F9F0006080F015F007300016E800EEA5A4600462
:10FA00006116D0116034611DD01100EE60A36178E1
:10FA1000A6C6F155641326C000EE60A3618BA6C68E
:10FA2000F155640C26C000EE60A36197A6C6F1559F
:10FA3000640D26C000EE0000000000000000FFFF83
:10FA4000FFFFFFFFFFFF00FE5522880000000000BF
:10FA50000011918B8FDFC3BDBDBDB9B9BDBD817E26
:10FA60005A7E7E5A7E81E7E7C3818242DB93E7E7D5
:10FA7000C3814142DBC9040101030101030002010A
:10FA80000101010101030002010101010101000066
:10FA90000202020201060401030103010101020145
:10FAA000010101010105000101060101020200013D
:10FAB000020201050000030101010101010401012D
:10FAC0000102020202020501010101010101020518
:10FAD0000101060101050101010103010103040106
:10FAE00006010101010502010201010102020001FA
:10FAF00000050101000005010300030101040101EB
:10FB000001030101010201010101010101000202E1
:10FB100001060105020004010101010101010201C8
:10FB200001060105010500010102010101010001B9
:10FB300001000105010500030105010101040301A4
:10FB40000101010101020101010502010100050598
:10FB5000010600010100030301040105030305057B
:10FB6000010101010505010101010101010102017C
:10FB7000010601010105A76A00EEA78A00EEA7AA07
:10FB800000EEA7CA00EEA7EA00EEA80A00EEA82A37
:10FB900000EEA84A00EE80EE800EB86A6800288A5F
:10FBA000F81EF765A3A4F81EF755780838201892B8
:10FBB00000EE800E800E800EA72AF01E00EE6A0076
:10FBC00069008D108DD68DD68DD68C208CC68CC6B6
:10FBD0008CC600EE289000E0610062006300A3A4E0
:10FBE000F31EF065400628B228A6D12873017108DB
:10FBF0004140720841406100322018D200EE802E50
:10FC0000800E800E8014A3A4F01E00EE28F2F06592
:10FC100028A6811E811E811E822E822E822ED12830
:10FC200000EE8130824000EE29162900291628F2C4
:10FC30008050F0552916290000EE81D082C000EED8
:10FC400083D084C000EE292E816400EE292E72FF3D
:10FC500000EE292E720100EE292E290000EE294027
:10FC600028F2F06500EE60004C0000EE29523005ED
:10FC700060004005600100EE6700680788153F01DD
:10FC800000EE680388253F0100EE28F2F065400190
:10FC900067014004670100EE29348364291672016C
:10FCA000296C3701199E7401199000EE291628F26B
:10FCB000F06540046901294C292E28F26001F055B5
:10FCC000294C8D308C40650685A4291C00EE650109
:10FCD000293474FF291C00EE650519C42934836496
:10FCE00074FF29A000EE29408164296C370100EEE1
:10FCF0002940816472FF296C370100EE29C229D0A6
:10FD000029CC00EE2940296C370100EE294081649E
:10FD1000296C370100EE29D000EE292E8164296C70
:10FD2000370119DA292E816472FF296C370100EE40
:10FD300029C2298C29A029CC00EE295A30001A0E9C
:10FD4000292E8164296C370119F8298C29A000EE2D
:10FD500066FF4A001A2E29346506291C6A0000EE47
:10FD600066014A011A2E29346507291C6A0100EE32
:10FD7000293A296C370100EE293474FF6501291CEA
:10FD8000298C6505291C00EE66014A0066FF295A88
:10FD900030001A64293A28F2F065300500EE295245
:10FDA000300100EE293483646501291C293474FF75
:10FDB0006505291C00EE00A378FD5528C8FB0A4BF9
:10FDC0000428C84B072A444B092A544B062A7C496D
:10FDD000001AB16020F01800E0AAAAF0657001AA2C
:10FDE000AAF055A378FD6500EE0040000000204019
:10FDF00000004020000000000060F0F06000606043
:10FE0000007040F0500102040810204080030607F3
:10FE1000040E06070403030C04070507040706097C
:10FE2000040A040B0305030503050305030002018F
:10FE3000050A0607070809030C0C0C0C0E03040244
:10FE400001090806070A090A0B0D0E0F0D00020131
:10FE50000A0D0305060809040B0B0B0B0B0003022C
:10FE600000010506070504080B0D0D030F28EB0A1A
:10FE70007A02EF282A6A4A5A427A0A6E2808084A01
:10FE800008FF405E52427E40CF084A08080070508A
:10FE900050D7545454545454D514147C0028282852
:10FEA000EB0A6A0A3A223A2A2E2038082808081C47
:10FEB0007F5CC9081C601C08081C601C081000033B
:10FEC000F3101010DFD01616101010101000024A98
:10FED0006670787CFF7C7870664A0200000076527B
:10FEE0005A040039FB3900045A52760000107E088B
:10FEF0007E107E087E107E087E107E10100808D8C6
:10FF000052D010382B3A1202C24E781018105410EA
:10FF1000FF047C407C041C1000286C743800F2EA5A
:10FF20000202C30AFA02FAA28A22F29A38080808E0
:10FF30003E22FB223E0808080808080808080808AE
:10FF40003E22FB223E0808080808080A080808089C
:10FF50003E22FB223E080808080A080A080808088A
:10FF60003E22FB223E08080A080A080A083D06004D
:10FF7000EE340700EE65FC00EE00E06100640083F3
:10FF8000DE833E833E833EAB61F31EF41EF0658547
:10FF90000062002C61AADDC00CF01E85563F00AA4D
:10FFA000EDD124720432201C897104740134101CB8
:10FFB0007B6AFF69FFA278FD1EF065300000EE80CD
:10FFC000DEAB01F01EF1658A008910800E800E8183
:10FFD0001E811EAAEDD014AAF5D01400EE80CE80AA
:10FFE0000E81BE811EAAF1D01400EE88C087B00039
:10FFF000EE5CA000EE5B9000EE660100EEAB61806F
:020000040802F0
:10000000DE800E800E800EF01E630F82C08232F200
:100010001EF0658100AAF9630782B08232F21EF0F9
:100020006580126F0130002CE5300000EE8C808B73
:10003000706F0000EEFD1EF06590D000EE8D002C7C
:100040006D00EE7CFF2CF14F0000EE3CFF00EEABAC
:10005000516C0F1D297C012CF14F0000EE3C10006B
:10006000EE6C00AB311D297BFF2CF14F0000EE3B05
:10007000FF00EE6B07AB211D297B012CF14F000027
:10008000EE3B0800EE6B00AB411D2942071D3742D5
:10009000091D4942051D5B42081D6D00EE600CF014
:1000A0005500E060A561A5A6C6F155642426C0F000
:1000B0000A00EEABA92D9100EEABAE2D9100EE0043
:1000C000E060A561C9A6C6F155642026C0F00A000B
:1000D000EE00E060A66115A6C6F155642426C0F0C6
:1000E0000A00EE00E060A66139A6C6F15564242638
:1000F000C0F00A00EE00E060A6618AA6C6F1556471
:100100001126C0F00A00EE00E060A6619BA6C6F1D1
:1001100055640526C0F00A00EE00EE6E002AAB0022
:10012000EE6E012AAB00EE6E022AAB00EE6E032AE1
:10013000AB00EE6E042AAB00EE6E052AAB00EE6E4D
:10014000062AAB00EE6E072AAB00E060A561E9A6C7
:10015000C6F155642C26C0F00AA4A426A01E511E88
:10016000391DB31E151E0F1DAD1DD71E1B1DA71E4D
:10017000211E331DE900EE1DC51E271DFB1E2DAAE5
:10018000AAF065300700EE7001AAAAF05500E06001
:10019000A6615DA6C6F155642D26C0F00AAB31609C
:1001A00000F05500EEA278FD1E6001F05580DEBE25
:1001B00053A27826A0270026E4270026F0270E2643
:1001C000E4270E26F0271C26E4271CA3A426A0F073
:1001D0000A6C0A6B042C6D2CD1F20A2CD12CDF6630
:1001E000002D7F36002E992E7336002C6D1ECB000D
:1001F00000000000963007772C610EEEBA51099985
:1002000019C46D078FF46A7035A563E9A395649EE0
:100210003288DB0EA4B8DC791EE9D5E088D9D29704
:100220002B4CB609BD7CB17E072DB8E7911DBF9060
:100230006410B71DF220B06A4871B9F3DE41BE8484
:100240007DD4DA1AEBE4DD6D51B5D4F4C785D383E0
:1002500056986C13C0A86B647AF962FDECC9658A84
:100260004F5C0114D96C0663633D0FFAF50D088DE0
:10027000C8206E3B5E10694CE44160D5727167A284
:10028000D1E4033C47D4044BFD850DD26BB50AA5E0
:10029000FAA8B5356C98B242D6C9BBDB40F9BCAC04
:1002A000E36CD832755CDF45CF0DD6DC593DD1AB60
:1002B000AC30D9263A00DE518051D7C81661D0BF84
:1002C000B5F4B42123C4B3569995BACF0FA5BDB8E0
:1002D0009EB802280888055FB2D90CC624E90BB184
:1002E000877C6F2F114C6858AB1D61C13D2D66B6E0
:1002F0009041DC760671DB01BC20D2982A10D5EF44
:100300008985B1711FB5B606A5E4BF9F33D4B8E89F
:10031000A2C9077834F9000F8EA8099618980EE143
:10032000BB0D6A7F2D3D6D08976C6491015C63E69F
:10033000F4516B6B62616C1CD83065854E0062F2C3
:10034000ED95066C7BA5011BC1F4088257C40FF51F
:10035000C6D9B06550E9B712EAB8BE8B7C88B9FC43
:10036000DF1DDD62492DDA15F37CD38C654CD4FB9F
:100370005861B24DCE51B53A7400BCA3E230BBD443
:1003800041A5DF4AD795D83D6DC4D1A4FBF4D6D39F
:100390006AE96943FCD96E34468867ADD0B860DA43
:1003A000732D0444E51D03335F4C0AAAC97C0DDD9F
:1003B0003C710550AA41022710100BBE86200CC9C3
:1003C00025B56857B3856F2009D466B99FE461CE1F
:1003D0000EF9DE5E98C9D9292298D0B0B4A8D7C743
:1003E000173DB359810DB42E3B5CBDB7AD6CBAC09F
:1003F0002083B8EDB6B3BF9A0CE2B6039AD2B174BB
:100400003947D5EAAF77D29D1526DB048316DC7316
:10041000120B63E3843B64943E6A6D0DA85A6A7ABA
:100420000BCF0EE49DFF099327AE000AB19E077D16
:1004300044930FF0D2A3088768F2011EFEC206693A
:100440005D5762F7CB67658071366C19E7066B6E96
:10045000761BD4FEE02BD3895A7ADA10CC4ADD67BA
:100460006FDFB9F9F9EFBE8E43BEB717D58EB06016
:10047000E8A3D6D67E93D1A1C4C2D83852F2DF4FBA
:10048000F167BBD16757BCA6DD06B53F4B36B24816
:10049000DA2B0DD84C1B0AAFF64A0336607A0441BA
:1004A000C3EF60DF55DF67A8EF8E6E3179BE694616
:1004B0008CB361CB1A8366BCA0D26F2536E268523A
:1004C00095770CCC03470BBBB91602222F26055596
:1004D000BE3BBAC5280BBDB2925AB42B046AB35CBA
:1004E000A7FFD7C231CFD0B58B9ED92C1DAEDE5B16
:1004F000B0C2649B26F263EC9CA36A750A936D02FA
:10050000A906099C3F360EEB856707721357000555
:10051000824ABF95147AB8E2AE2BB17B381BB60C79
:100520009B8ED2920DBED5E5B7EFDC7C21DFDB0BD5
:10053000D4D2D38642E2D4F1F8B3DD686E83DA1FF9
:10054000CD16BE815B26B9F6E177B06F7747B71855
:10055000E65A0888706A0FFFCA3B06665C0B0111F9
:10056000FF9E658F69AE62F8D3FF6B6145CF6C1655
:1005700078E20AA0EED20DD75483044EC2B30339F9
:10058000612667A7F71660D04D476949DB776E3E55
:100590004A6AD1AEDC5AD6D9660BDF40F03BD83779
:1005A00053AEBCA9C59EBBDE7FCFB247E9FFB530D5
:1005B0001CF2BDBD8AC2BACA3093B353A6A3B424F9
:1005C0000536D0BA9306D7CD2957DE54BF67D92355
:1005D0002E7A66B3B84A61C4021B685D942B6F2AF9
:1005E00037BE0BB4A18E0CC31BDF055A8DEF022D55
:1005F00052414D4E2A4543555F412A303030312A11
:10060000554E4954312A0000100220000FA000016D
:10061000FF070000FF070000FF070000FF070000C2
:10062000FF070000FF070000FF070000FF070000B2
:10063000FF070000FF070000F0070000F0070000C0
:1006400000000000240000003900000062000000EB
:10065000770000009800000050010000A701000092
:10066000B8010000BB010000D301000050050000EC
:10067000E00700000000000000FFFF0000FFFF0097
:1006800000FFFF0000FFFF0000FFFF0000FFFF0072
:1006900000FFFF0000FFFF0000FFFF0000FFFF0062
:1006A00000F0FF0000F0FF00000000005A01F01809
:1006B0005A03F0181309F0180305F0185AD4FD185E
:1006C0004741FE0C05CCFD0C21D4FD182100FF187C
:1006D0000DFAFE180000551800007E1800000000FA
:1006E000E0000320AC00032094000320F40003206A
:1006F000C000032008010320F8E0010828080208D0
:1007000007000000200702081000010080E1010836
:100710000809020807000000A007020811000000F5
:1007200001F00000010000000004000000000000D3
:1007300003F00000030000000000000002000000C1
:1007400004F000000400000009F0000006000000B2
:1007500005F0000008000000000100000700000094
:10076000FAFE00000D000000F1FE00000C00000089
:10077000CCFD00000B00000041FE00000F00000057
:1007800000FF00001000000002FF0000FF0000005A
:1007900000EF0000FF000000D4FD0000FF0000009B
:1007A00024000000010000001A000000000000000A
:1007B00039000000030000002F00000002000000CC
:1007C000430000000400000062000000060000007A
:1007D000580000000500000077000000080000003D
:1007E0006D000000070000009800000009000000F4
:1007F000A20000000A000000D30100000D0000006C
:10080000C90100000C000000A70100000B0000005F
:10081000B80100000E000000500100000F000000B1
:10082000BB010000100000002A0B0404000000407F
:10083000000000000000000008000000140000009C
:10084000FFFFFFFF000000002A00000C0000004036
:100850000000000000000000080000000A00000086
:10086000FFFFFFFF020000002A04F00C0000004020
:10087000000000000000000008000000140000005C
:10088000FFFFFFFF040000002A13EF0800000040F4
:10089000000000000000000008000000140000003C
:1008A000FFFFFFFF050000002A03010C00000040CD
:1008B00000000000000000000800000032000000FE
:1008C000FFFFFFFF070000002A5AEF18000000405A
:1008D00000000000000000000800000064000000AC
:1008E000FFFFFFFF0A0000002AF1FE180000004091
:1008F000000000000000000008000000640000008C
:10090000FFFFFFFF0C0000001A00000000000000C5
:100910000000000000000000080000000A000000C5
:1009200010002000000000002F0000000000000068
:100930000000000000000000080000000A000000A5
:100940001000200002000000430000000000000032
:100950000000000000000000080000000A00000085
:1009600010002000040000005800000000000000FB
:100970000000000000000000080000000A00000065
:1009800010002000050000006D00000000000000C5
:1009900000000000000000000800000064000000EB
:1009A0001000200007000000A2000000000000006E
:1009B00000000000000000000800000064000000CB
:1009C000100020000A000000C90100000000000023
:1009D00000000000000000000800000064000000AB
:1009E000100020000C00000056554C4E455241426C
:1009F000494C495459000000000102030405060750
:100A0000080C10141820304030313233343536376A
:100A100038394142434445460000000000000000D0
:100A200000000000000000000000000000000000C6
:100A300000000000000000000000000000000000B6
:100A4000000000000000000000010203040506078A
:100A50000809000000000000000A0B0C0D0E0F003A
:100A60000000000000000000000000000000000086
:100A70000000000000000000000A0B0C0D0E0F002B
:100A80000000000000000000000000000000000066
:100A90000000000000000000000000000000000056
:100AA0000000000000000000000000000000000046
:100AB0000000000000000000000000000000000036
:100AC0000000000000000000000000000000000026
:100AD0000000000000000000000000000000000016
:100AE0000000000000000000000000000000000006
:100AF00000000000000000000000000000000000F6
:100B000000000000000000000000000000000000E5
:100B10000000000000000000A0860100400D03005E
:100B2000801A060000350C0040420F0080841E0031
:100B300000093D0000127A000024F40000366E0126
:100B40000048E801006CDC0200000000000000002A
:100B5000000000000000000000000000010203048B
:100B6000000000000000000001020304060708095D
:100B70000001020304050607080C10141820304079
:040B8000370000003A
:080B8400BCF6FD7F010000003A
:040B8C002502000836
:040B90000102000856
:100B9400D0070000FFFFFFFF5000A000010000008D
:100BA4000000000000000000000000000000000041
:100BB4000000000000000000000000000000000031
:100BC400000000000000000000000000020000001F
:100BD40001000000000000000000000000000040D0
:100BE40000000000020000000100000000000000FE
:100BF40000000000FFFF204003002E00180000004A
:100C040000000000000000000000FF0701000100D8
:100C140000000000000000000100000000000000CF
:100C240000000101F19E0008899B0008819B0008D7
:100C3400359F00086999000801000000C19F000861
:100C440089A20008999F00080000000011A0000874
:100C540059A5000891A500080000000059A7000844
:100C640000000000ACDD0108B4DD0108C4DD0108AA
:100C740031AB0008E9A9000800000000D5A900086C
:100C84000000000035AB000821AC000800000000A3
:100C94000000000000000000B9AD000851AD0008DC
:100CA400000000000000000000000000010020001F
:100CB4000C07020800000000E80700000000000024
:100CC4000000000000000000000000000000000020
:100CD4000000000000000000000000000000000010
:100CE400E807000000000000000000000000000011
:100CF40000000000000000000000000000000000F0
:100D040000000000000100000000000000000000DE
:100D14000000000000093D00010000000800000080
:100D240000000000000000000000000000000000BF
:100D3400010000000000000000000000200000008E
:100D440035600108F15F0108C55F0108000000007B
:100D54007D5E01084D5F0108ED5E010800000000A2
:100D64000000000000000000AD5E0108AD5E010857
:100D7400AD5E0108BD5E0108CD5E010812034D00A1
:100D840053004600540031003000300020000000C1
:100D940009024B0002010080FA080B000202020162
:100DA40002090400000102020100052400100105EB
:100DB400240100010424020205240600010705831E
:100DC4000308000809040100020A000000070504E2
:100DD4000240000007058402400000000A060002E9
:100DE4000000004001000000AAAAAAAA3D99010837
:100DF400A5970108A99701084598010811980108C9
:100E04001A030000000000000000000000000000C1
:100E140000000000000000000000000004030904BA
:100E240012010002EF020140830440570001010255
:100E340003010000F1990108FD990108099A0108CC
:100E4400219A0108699A0108399A0108519A0108FE
:100E5400C402032000000000AC73032014740320B8
:100E64007C7403200000000000000000000000006B
:100E7400000000000000000000000000000000006E
:100E8400000000000000000000000000000000005E
:100E9400000000000000000000000000000000004E
:100EA40070B58AB072B6AA244FF40055684600F0B3
:100EB40067F80621069BCDE9044543F08063284A80
:100EC40000910693936A002B03DA2649264B91601E
:100ED4009360234B9A6A520003D52449244A19612A
:100EE4001A61244C2378012B36D0012300264FF4B9
:100EF4007A702370666000F03FF8054668B126708A
:100F0400174B9A6A42F080429A629A6A42F000420F
:100F14009A6262B601200AB070BD114E049A336C15
:100F24004FF47A7023F0FF0313433364326C069B4F
:100F340022F0806203F0806313433364B36A43F4A2
:100F44000033B36200F018F825700028D8D1B36AD2
:100F540043F00063B362DCE702200AB070BD00BF57
:100F64000020024023016745AB89EFCD3B2A1908D5
:100F74007F6E5D4C900103205FF800F05DF900087E
:080F84005FF800F0BDFC00085D
:040000050800E99D69
:00000001FF
