:020000040800F2
:1000000000000420ED640008696300086D630008C7
:100010007163000875630008796300083D65000896
:10002000000000000000000000000000610901085D
:100030007D63000800000000F108010891E100085C
:100040003D6500083D6500083D6500083D65000808
:100050003D6500083D6500083D6500083D650008F8
:100060003D6500083D6500083D6500083D650008E8
:100070003D6500083D6500083D6500083D650008D8
:100080003D6500083D6500083D6500083D650008C8
:100090003D6500083D6500083D6500083D650008B8
:1000A0003D6500083D6500083D6500083D650008A8
:1000B0003D650008816300088D6300083D65000808
:1000C0003D6500083D6500083D6500083D65000888
:1000D0003D6500083D6500083D650008996300081E
:1000E000A56300083D650008B16300083D65000890
:1000F0003D6500083D6500083D6500083D65000858
:100100003D650008BD630008C96300083D6500083F
:100110003D6500083D6500083D6500083D65000837
:100120003D650008D5630008E16300083D650008EF
:10013000ED6300083D6500083D6500083D65000869
:100140003D6500083D650008F96300083D6500084D
:100150003D6500083D6500083D6500083D650008F7
:100160003D650008056400083D6500083D65000820
:100170003D650008000000003D650008000000002B
:10018000116400083D6500083D6500083D650008F4
:100190003D6500083D6500083D6500083D650008B7
:1001A0003D6500083D6500083D6500083D650008A7
:1001B0003D650008000000001D6400083D65000862
:1001C0003D650008000000003D6500083D65000831
:1001D0003D6500083D6500083D6500083D65000877
:1001E0003D6500083D6500083D6500083D65000867
:0401F000000000000B
:1002000010B5054C237833B9044B13B10448AFF350
:1002100000800123237010BD78020320000000003D
:10022000B80E010808B5034B1BB103490348AFF3EF
:10023000008008BD000000007C020320B80E010809
:10024000034613F8012B002AFBD1181A0138704716
:10025000704700BF01F03CBFF0B5274C274E9BB064
:100260004FF0FF332822694620680EF005FE28284B
:10027000F6D1039805F06CFB0546002834D1029BAB
:100280009BB929460AAA009801F0C8FF0FF0FAFAB4
:100290000AA90246684602F047F90FF0F3FA0AA9E4
:1002A0000246684601F0FAFEDAE7B3F1005FF4D1E6
:1002B00040F20272009B9342EFD10822039900277B
:1002C000914228BF11460D46C6E90577B760019FE8
:1002D0000B490C48C6E90037F56005F045FB304690
:1002E000084901F07BFDD8E74FF0FF332A4620682C
:1002F0000AA90EF0C1FDC2E7CC270320A802032003
:100300009005FA0B9C0203202DE9F0431F4D9BB092
:10031000DFF8808001AE0AAF002404EBC401C4F111
:1003200024024FF0FF33286806EB81010EF0A4FD94
:100330000444232CF1D9049805F00AFB039B814661
:10034000B3F1005F00D0A0B9114807F091FB50B1A4
:100350003A4631460E4807F055FAD8F80C300133CA
:10036000C8F80C30D8E74FF0FF3201210FF01EFD26
:10037000EAE70024A9EB040239194FF0FF3328689B
:100380000EF07AFD04444C45F4D3DDE7C827032082
:10039000702603200000032000B583B001F012FF97
:1003A00001F002FC1B4808F0B1FA08B172B6FEE792
:1003B00003221949194806F0BBFC03F081FB00F049
:1003C0006FFE03F031FC0FF05DFA01F061FE14489E
:1003D0000BF0DCF913480BF0A1F9134C0FF052FAB3
:1003E000019003F073FB019803F024FC019800F0E6
:1003F00059FE237813B9019802F002F8019801F030
:1004000057FE019802F084F80A2101A80FF07AF94A
:10041000E4E700BF1C260320942B03206027032061
:10042000A823032010230320760003202DE9F041A8
:100430000026214DDFF88C80204FA6B012E010F08E
:10044000FBF898F8003033B10B9B23B164200DF01A
:1004500057FF01F0A9FB00220223114638680096DD
:100460000FF026FD4FF0FF32012100200FF09EFC1F
:1004700010F0D4F8124807F051FC044606A91048C1
:1004800007F0BCFA02A90E4807F0E0FA5422294608
:1004900011A8AC6010F0B8FC094B1E66189BB3F5B0
:1004A000003FCCD9AB689B02C9D5012385F8203029
:1004B0000B9301F021FCC2E700000320301B032056
:1004C000702603209802032000232DE9F04D84B00C
:1004D0007D4EDFF80082DFF804B27C4DDFF800A229
:1004E0000DF10E078DF80B3013E028680EF0CEFBEF
:1004F000012808D94FF0FF330222286803A90EF023
:10050000BBFC022845D000214FF0FF3208460FF017
:100510004DFC30680EF0BAFB0028E6D04FF0FF33F8
:10052000012230680DF10B010EF0A6FC0128DCD190
:1005300030680EF0ABFB0128D7D94FF0FF33022211
:10054000306803A90EF098FC0228CED1BDF80C202B
:10055000B2F5845FC9D8002A40F0A5809DF80B4011
:10056000002C52D10FF08EF9594B5A49BDF80C208E
:10057000009705F06BF9BDF80E30002B79D10FF024
:1005800081F9534B5349BDF80C20009705F0AEF9A3
:10059000ABE7BDF80C20B2F5805FB4D272B1002495
:1005A000121B08EB04014FF0FF3328680EF064FCC7
:1005B000BDF80C20204484B2A242F1D10FF062F9C0
:1005C000434B4146BDF80C20009705F0B9FABDF841
:1005D0000E30002B97D039464FF0FF330222DAF865
:1005E00000000EF061FBBDF80E204FF0FF333849DC
:1005F000DAF800000EF058FB002202231146DBF867
:10060000000000920FF054FC7DE70FF03BF9304BF7
:100610003049BDF80C20009705F040F9BDF80E30C8
:10062000002BACD02A490A787F2A08D1022BA6D900
:100630008B78A3F11102012AA1D9312B9FD0264832
:10064000394604464FF0FF33022200680EF02CFBBF
:10065000BDF80E204FF0FF331D4920680EF024FB3B
:10066000002202231146DBF8000000920FF020FC6C
:1006700085E7194839464FF0FF33022200680EF033
:1006800013FB1548BDF80E204FF0FF3310490068EA
:100690000EF00AFB022322462146DBF800000094FC
:1006A0000FF006FC6BE70024121B4FF0FF3308EB42
:1006B000040130680EF0E0FBBDF80C2023189CB25A
:1006C000A242F1D14AE700BFDC020320D00203209E
:1006D000507F0120D48F0120D8020320700803200E
:1006E000CC0203202DE9F04FDFF8148185B0404E95
:1006F000404DDFF810A108F19C0908F5805B02AFBE
:1007000014E028680EF0C2FA012809D94FF0FF332F
:10071000022228680DF106010EF0AEFB022846D039
:1007200000214FF0FF3208460FF040FB30680EF01A
:10073000ADFA0128E5D94FF0FF3302222E49306887
:100740000EF09AFB0228DCD1B8F89420B2F5845F51
:10075000D7D872B10024121B09EB04014FF0FF330C
:1007600030680EF089FBB8F89420204484B2A2428D
:10077000F1D10FF087F80146204802F0CBFA0028AB
:10078000BFD103E09BF823010DF0BAFD0FF07AF81A
:1007900004F062FF0128B4D030680EF077FA012827
:1007A000AFD89AF80030002BECD10A20ECE7BDF866
:1007B0000620082AB4D86AB10024121B39194FF058
:1007C000FF3328680EF058FBBDF80620204484B2A1
:1007D000A242F2D10FF056F83946BDF8062005F0D6
:1007E00049F901289CD00A200DF08AFDF2E700BFEC
:1007F000D8020320CC02032000B101206CA001200C
:100800006CB001207600032001F066BC01F068BCEA
:10081000002001F069BC00BF0022024B02481A60B0
:100820000AF0B4BF940203205C230320014B186834
:10083000704700BF9402032010B59EB048220021EB
:100840000CA810F055FA00234FF40070CDE90233E4
:10085000CDE90433CDE90733CDE90933019306939C
:100860000B9309F071FB08B172B6FEE70123022277
:10087000169311931993179210231D9207229FED3F
:100880001E7BCDE91A320324042312900CA81C937A
:100890008DED0C7B189409F093FD034608B172B6F8
:1008A000FEE70F22214601A8CDE903330593029408
:1008B000019209F031FC034608B172B6FEE7104A16
:1008C0004FF0005C916D4BF67F3441F08071916583
:1008D000926D069302F080720092089322222023E8
:1008E00006A8CDE90A230099CDF81CC009940AF0A6
:1008F000C7FC1EB010BD00BF2900000000000100B1
:1009000000100240F0B595B072B64FF00062A24BF5
:100910009A60BFF34F8F62B6002405F011FEFFF717
:100920008BFFCDE90E44CDE910449C4D1294EB6C45
:100930004FF4604143F00403EB64EB6C224603F098
:1009400004030793079BEB6C954843F08003EB642B
:10095000EB6C012603F080030893089BEB6C43F0DB
:100960000103EB64EB6C03F001030993099BEB6C4F
:1009700043F00203EB64EB6C03F002030A930A9B5F
:1009800007F064FE224640F20111864807F05EFE41
:10099000224641F2E401844807F058FE4FF46043D8
:1009A0007F480EA9CDE90E361094119407F0A0FCF3
:1009B00040F201137B480EA9CDE90E36CDE9104473
:1009C00007F096FC41F2E40377480EA9CDE90E3614
:1009D000CDE9104407F08CFC4FF4007371480EA968
:1009E000CDE90E34109607F083FC08236F480EA95A
:1009F000CDE90E34109407F07BFCAB6C052143F07D
:100A00000403AB64AB6C224603F004030493049B21
:100A1000AB6C1D203343AB64AB6C33400593059B3B
:100A2000AB6C43F00203AB64AB6C03F002030693C0
:100A3000069B06F06FFA1D2006F0A6FA2246052155
:100A40001E2006F067FA1E2006F09EFA22460521B7
:100A5000502006F05FFA502006F096FA204608F083
:100A600031FB08B172B6FEE708F040FB034640B91F
:100A70004F48504AC0E900230AF02AFC18B172B668
:100A8000FEE772B6FEE74C4A4C4B10704C4A4FF4EE
:100A900040711A60102299609A619A620F211322A4
:100AA0003C2404275860D8609874D8631846C3E97A
:100AB0000D661E825E615E62DC61D9621A621F632E
:100AC00006F0F6FC034650BB0BAD0B90CDE90E00D3
:100AD000CDE91000CDE91200C5E901004FF48070A6
:100AE0004FF4301C03214FF48052364CC4E90233DA
:100AF000C4E90A3384F8203084F83830324B20833C
:100B00002046C4E90467C4F804C0E161626384F864
:100B10003060236005F038FD18B172B6FEE772B69A
:100B2000FEE70B902946204606F07CF908B172B624
:100B3000FEE706230F937F231193244B109013900D
:100B40000EA9204612970E9305F04CFE08B172B61E
:100B5000FEE71F4B20460E930C230EA90F9305F0C2
:100B600041FE08B172B6FEE71A4B20460E931223DF
:100B70000EA90F9305F036FE034608B172B6FEE7E4
:100B80001548C0E905338380144B0662036006F004
:100B90002DFA28B372B6FEE700ED00E00010024027
:100BA000000802420000024200040242001C02420D
:100BB0007425032000080C429802032070260320AD
:100BC00000A400406027032000800242400020195A
:100BD0000002B0250004002AD42603200030024081
:100BE0000023EE2101225B48C0E90433C0E906334B
:100BF000816003625849594BC260C0E9001307F095
:100C00002BFD014608B172B6FEE7524808F006FA1D
:100C1000014608B172B6FEE74E4808F029FA0346CD
:100C200008B172B6FEE74E484E4AC37202604FF4F6
:100C3000027302228380C0F8072008F061FA08B12D
:100C400072B6FEE741F63F76474C484ACDE90E00C2
:100C5000C4E901001090A06120462260E6600AF01D
:100C600085FF034608B172B6FEE720460EA90E9333
:100C700010930AF0ADFF034608B172B6FEE73C4C94
:100C8000CDE90E331093A360A36142F20F73394A8A
:100C90002046C4E90023E6600AF068FF034608B175
:100CA00072B6FEE720460EA90E9310930AF090FF4D
:100CB000034608B172B6FEE74F264FF6FF742E4882
:100CC0002E4AC0E904338360836102604660C460D9
:100CD0000AF04CFF034608B172B6FEE72848C0E9A7
:100CE0000163C0E90343C0E90533264B03600AF002
:100CF0003DFF08B172B6FEE700234FF080414FF090
:100D0000FF3221480B93C5E90133CDE90E33CDE91C
:100D10001033C0E901330160C260036183610AF0EE
:100D200025FF08B172B6FEE74FF4805316480EA9AE
:100D30000E930AF069FD034608B172B6FEE7294634
:100D400011480B930D930AF043FF0446F0B172B6BD
:100D5000FEE700BF1C26032000580040E49CD11091
:100D6000E81F032000D400405C230320001400404F
:100D7000A82303200010004010230320004401405A
:100D8000C422032000480140F42303206048224687
:100D90000121604B0090CDE9014446F206000DF0C0
:100DA0001DFF02465C4D5D4E00950121CDE90144D9
:100DB0005B4B326046F2060022460DF00FFF594BA6
:100DC000594A01210092CDE9014422461860574B4F
:100DD0004FF47A600DF002FF554D564B22460093BA
:100DE0000121CDE90144544B28604FF47A600DF0A5
:100DF000F5FE524B22460093514B0121CDE90144AF
:100E00001860504B4FF4A0400DF0E8FE4E4B2246C8
:100E100000934E4B0121CDE9014418604C4B4FF437
:100E2000A0400DF0DBFE4B4B186001F027FC0EF0EC
:100E300029FD3246484B4949009501F04FFB48488F
:100E400002F02AFF474801F009F94748474A484954
:100E500000F090FE0EA80E9401F006FC20B90E9B47
:100E600013B9444801F0D8FB0DF0A0F90021424A23
:100E700042480DF0EBF90446414B0021414A4248FB
:100E80001C600DF0E3F90446404B0021404A414804
:100E90001C600DF0DBF90446354B00213E4A3F480B
:100EA0001C600DF0D3F904463D4B00213D4A3E48FD
:100EB0001C600DF0CBF904462C4B00213B4A3C480A
:100EC0001C600DF0C3F90446244B0021394A3A480E
:100ED0001C600DF0BBF90446384B0021384A3948F4
:100EE0001C600DF0B3F90446374B0021374A3848EF
:100EF0001C600DF0ABF90446364B0021364A3748EA
:100F00001C600DF0A3F9364B18600DF071F9FEE787
:100F100094030320481F012070030320DC020320F8
:100F200040BF0020D80203204C030320A0AF0020C4
:100F3000D00203202803032000A000200403032084
:100F4000CC02032000500020E0020320CC27032025
:100F500000000020C8270320D4020320200D032016
:100F600074250320D426032070260320D0110320EB
:100F7000301B0320040072012011010855020008F3
:100F8000E41F0320FC10010859020008E01F0320A1
:100F9000D810010809030008B410010899030008DB
:100FA00080160320901001082D0400086C10010821
:100FB000C904000848100108E5060008700803206D
:100FC0002410010809080008C003032000100108CC
:100FD0000D080008BC030320DC0F010811080008FD
:100FE000B803032018B11021014801F081B87047FF
:100FF0005CA00120704700BFE0B110B519B1012914
:101000000AD072B6FEE74FF0007310220B4907F0CA
:10101000FDFB70B172B6FEE704460421084801F0FA
:1010200069F84FF0007304222046054907F06EFB73
:1010300008B910BD704772B6FEE700BF5CA0012082
:1010400058A0012008B107F061BC704710B50446F4
:1010500007F0E2FF00B910BD2046BDE8104007F0E0
:1010600055BC00BF094A0368934206D0084A934220
:101070000AD0084A934205D07047074A13680133E3
:101080001360704701F01CB805F06CBA0014004002
:10109000002C0140001000409402032072B6FEE7CD
:1010A000704700BF38B51A4C1A4D236828881B6852
:1010B00019499B6880B298472368A8881B6817491C
:1010C0009B6980B298472368287B9B7C95F8201009
:1010D000134A93B100F040FC2368A87D1B681149B6
:1010E0009B6C98472368688B1B680F499B6D80B287
:1010F000984723689B7C1BB938BD00F001FCEBE7E7
:101100000A4B0B491879BDE8384000F031BC00BFEC
:101110009000032054000320F028032064290320BA
:10112000D82903204C2A0320C02A0320780003205A
:10113000342B03200870704700787047030A08704A
:101140004B707047012994BF00780088704700BF3A
:10115000012908D94FF6FE2302889A4203D8981A2B
:10116000C0F34F0070470020704700BF012911D91C
:101170004378FA2B07D8084AC3EB0330A2FB0020C0
:10118000C0F30F10704740F6FF72FF2B0CBF00201A
:101190001046704700207047D34D6210022907D9CE
:1011A0004FF6FF73B0F80100984208BF0020704767
:1011B00000207047042907D94FF6FF73B0F80300E9
:1011C000984208BF0020704700207047012907D9C6
:1011D0004FF6FF730088984208BF4FF400607047D5
:1011E0000020704701290ED94FF6FF7300889842FE
:1011F00009D047F27F53984238BF1846A0F5EA401D
:101200007F3880B270474FF400607047032986BF73
:10121000C078C0F381000020704700BF09B100789A
:1012200070470846704700BF012906D9437803F08C
:101230000F03013BDBB2022B01D900207047024AA9
:1012400032F81300704700BF5411010819B101783A
:10125000C1F3810070470846704700BF032986BF6D
:10126000C07800F003000020704700BF034600B5BF
:1012700083B008465BBA02220DF10601ADF80630D4
:1012800004F072FB03B000BD8446002310B50C4689
:1012900082B00DF1060002226146ADF8063004F07E
:1012A00063FBBDF80600012C98BFC0B240BA80B203
:1012B00002B010BD002300B5012983B0ADF806309F
:1012C00002D8184603B000BD014602220DF1060007
:1012D00004F04AFB9DF8060003B000BD38B50D468A
:1012E00004460822FF21284604F03AFBB4F5FB4FE0
:1012F0000ADAC4F5FA447F34640004F0FE03C4F350
:1013000007242B706C7038BD002423466C702B7042
:1013100038BD00BF38B50D460822FF2104462846D7
:1013200004F01EFBFA2204FB02F2044BA3FB02139F
:10133000D21A03EB5203DB0A6B7038BD01011000B7
:1013400038B50C4605460822FF21204604F008FB6C
:101350002B0A6570A37038BD38B50C4605460822C7
:10136000FF21204604F0FCFA2B0AE570237138BDFA
:1013700038B50C4605460822FF21204604F0F0FA55
:101380002B0A2570637038BD38B50C460822054617
:10139000FF21204604F0E4FA48F6802247F27F530A
:1013A000954294BF5B199B189BB21A0A2370627016
:1013B00038BD00BF38B50D4604460822FF21284637
:1013C0007D3404F0CDFAAC7038BD00BF38B50D46A1
:1013D00004460822FF21284604F0C2FAEB78A40054
:1013E00023F00C0304F00C042343EB7038BD00BF62
:1013F00038B50C4605460822FF21204604F0B0FA15
:10140000257038BDFF2838B50D460FD9C3B2002B63
:101410000CBF012403240822FF21284604F0A0FA6F
:101420006B7823F00F031C436C7038BD031E18BF8C
:1014300001235C00EFE700BF38B50D4604460822E3
:10144000FF21284604F08CFA2B78A40023F00C032B
:1014500004F00C0423432B7038BD00BF38B50C4694
:1014600005460822FF21204604F07AFAE37805F0C9
:10147000030523F003032B43E37038BD38B50D4655
:1014800004460822FF21284604F06AFA012C0AD0FB
:10149000022C05D0032C0CBFD723FF23AB7038BD23
:1014A000C723AB7038BDC323AB7038BD38B50C460D
:1014B00005460822FF21204604F052FAEBB2022B27
:1014C00012D0032B09D0042B0CBF51230023FF2D76
:1014D00088BF43F00403237038BD1123FF2D88BF5C
:1014E00043F00403237038BD0123FF2D88BF43F070
:1014F0000403237038BD00BF38B50C4605460822EA
:10150000FF21204604F02CFA15F0080F0CBF002133
:10151000FA2115F0100F0CBF0022FA2215F0200F4F
:101520000CBF0023FA2315F0400F0CBF0020FA2057
:1015300015F0800FE0700CBF0020FA2015F0010FAD
:1015400021700CBF0021FA2115F0020F62700CBF50
:101550000022FA2215F0040FA3700CBF0023FA2317
:1015600020716171A271E37138BD00BF022906D9F3
:1015700080787D38C0B2812888BF00207047002065
:10158000704700BF032906D9C0787D38C0B28128D2
:1015900088BF002070470020704700BF02290FD984
:1015A000837803F00C02042A01D001207047C3F3B2
:1015B0000113012B06D0002B0CBF02200120704725
:1015C000002070470320704707292DD903784278FF
:1015D000A3F1FA03B3FA83F3FA2A4FEA531382789A
:1015E0004FEAC30308BF43F01003FA2AC27808BFCA
:1015F00043F02003FA2A027908BF43F04003FA2A95
:10160000427908BF43F08003FA2A827908BF43F089
:101610000103FA2AC27908BF43F00203FA2A08BF7D
:1016200043F0040318467047002070470078704765
:10163000D9B103789A09012A0ED003F03002102A9A
:1016400015D003F00302012A14BF0120022003F089
:101650000C03042B06D0704703F00C03042B4FF04F
:101660000400F8D140F47F407047084670470320DB
:10167000EDE700BF0078704700787047007870474A
:10168000007870470870704708707047087070479E
:101690000870704708707047030A08704B707047F5
:1016A000012994BF00780088704700BF38B50D4607
:1016B0000822FF210446284604F052F9FA2204FBCE
:1016C00002F2044BA3FB0213D21A03EB5203DB0A10
:1016D0006B7038BD01011000012911D94378FA2B34
:1016E00007D8084AC3EB0330A2FB0020C0F30F1059
:1016F000704740F6FF72FF2B0CBF0020104670476A
:1017000000207047D34D6210034600B583B00846F1
:101710005BBA02220DF10601ADF8063004F024F99F
:1017200003B000BD034600B583B008465BBA022291
:101730000DF10601ADF8063004F016F903B000BD56
:10174000034600B583B008465BBA02220DF10601DC
:10175000ADF8063004F008F903B000BD034600B54B
:1017600083B008465BBA02220DF10601ADF80630DF
:1017700004F0FAF803B000BD034600B583B0084694
:101780005BBA02220DF10601ADF8063004F0ECF868
:1017900003B000BD034600B583B008465BBA022221
:1017A0000DF10601ADF8063004F0DEF803B000BD1F
:1017B000034600B583B008465BBA02220DF106016C
:1017C000ADF8063004F0D0F803B000BD8446002325
:1017D00010B50C4682B00DF1060002226146ADF84C
:1017E000063004F0C1F8BDF80600012C98BFC0B265
:1017F00040BA80B202B010BD8446002310B50C463A
:1018000082B00DF1060002226146ADF8063004F008
:10181000ABF8BDF80600012C98BFC0B240BA80B248
:1018200002B010BD8446002310B50C4682B00DF105
:10183000060002226146ADF8063004F095F8BDF8C6
:101840000600012C98BFC0B240BA80B202B010BDF1
:101850008446002310B50C4682B00DF1060002222A
:101860006146ADF8063004F07FF8BDF80600012CA3
:1018700098BFC0B240BA80B202B010BD8446002307
:1018800010B50C4682B00DF1060002226146ADF89B
:10189000063004F069F8BDF80600012C98BFC0B20C
:1018A00040BA80B202B010BD8446002310B50C4689
:1018B00082B00DF1060002226146ADF8063004F058
:1018C00053F8BDF80600012C98BFC0B240BA80B2F0
:1018D00002B010BD8446002310B50C4682B00DF155
:1018E000060002226146ADF8063004F03DF8BDF86E
:1018F0000600012C98BFC0B240BA80B202B010BD41
:1019000070B515460E46044682B028460822FF21CF
:1019100004F026F844EA0624022228460DF10601C6
:10192000ADF8064004F020F802B070BD002300B509
:10193000012983B0ADF8063002D8184603B000BDC7
:10194000014602220DF1060004F00EF8BDF8060073
:10195000000A03B000BD00BF38B515460446082292
:10196000FF2128467D3403F0FBFFEC7038BD00BF3B
:1019700038B50D4604460822FF21284603F0F0FF43
:10198000A31EDBB2042B06D8054A0649D25CCB5C09
:101990002A706B7038BDFC2300226B702A7038BD32
:1019A0004C11010844110108012918D9037803F0EA
:1019B0000302012A17D003F00C02042A15D003F009
:1019C0003002102A0DD003F0C003402B0FD0437813
:1019D00003F00303012B0CBF0620012070470020F9
:1019E000704705207047022070470320704704208D
:1019F000704700BF2DE9F04F3A4B8346984283B0C1
:101A000007D8394B984260D94FF028094FF44876EF
:101A100009E036494FF02509B1FBFBF1C9B219299C
:101A200040F2EE265BD90124304B0134A4B2B3FB63
:101A3000F4F1B1FBFBF1C9B21929F6D8B4F5806F06
:101A40003FD201202A4BCDF804B01F6823186FF055
:101A5000004C4FF47A759B461FFA83FAA1F1020EEF
:101A6000BEEB510F4FEA51031ADD01F1FF385FFA67
:101A700088F805FB03F2B2FBF1F2B21A002AB8BFF4
:101A80005242624509DA914507DB00209446A8EBF3
:101A90000302D2B2FB617C613A6201337345E8DB39
:101AA000124B1FFA8BF4B3FBFAF1019BB4F5806F74
:101AB000B1FBF3F10AF1010AC9B203D004F1010B41
:101AC000CCE7012003B0BDE8F08F08494FF02B09A7
:101AD000B1FBFBF1C9B2192940F26B36A3D801243E
:101AE000AFE700BF00350C0020A10700005A6202DA
:101AF000C02803204FF08041022201232DE9F0414C
:101B0000174C0025C4E91123164E174FDFF86080EB
:101B1000E16311E0D8F800202365937C003B18BFF7
:101B2000012312493868A36405F0ACFD78B96B1C39
:101B3000022B4FF0010511D056F8043B2564E364F5
:101B4000002BE7D06FF0604201232265E9E7FFF741
:101B5000A5FA6B1C022B4FF00105EDD1BDE8F08119
:101B6000000003206C120108C02803203C00032061
:101B70009000032038B50C46064D0749074B0A6014
:101B80002860074901201C600CF0C8FD054B186057
:101B900038BD00BFC0280320B8280320BC2803207C
:101BA000D027032020280320F0B54D4E83B03068A5
:101BB00005F012FE306805F07BFC00286FD1002292
:101BC000484D402148482A71EA602A616A61AA6149
:101BD000AA60EA6185F8202006F038FD306805F03B
:101BE000FBFD0B2202233068C0E90D2305F060FCE9
:101BF000002871D100240222012340F2FF71C5E9BF
:101C00000B233A4FA9636C6202E001340B2C0ED017
:101C100037F8023B36493068AC626B6305F032FD41
:101C20000028F2D00134FFF739FA0B2CF0D1FFF77E
:101C300061FF0023022230681146009305F04EFD3B
:101C4000002846D1306805F06BFD00283ED1002207
:101C50000121306805F012FFA8BB00220621306880
:101C600005F00CFF60BB07224FF4F051306805F01F
:101C700005FF10BB07228021306805F0FFFEC8B9C0
:101C800000221C49306805F0F9FE80B900224FF4AB
:101C90006021306805F0F2FE20B903B0F0BDFFF717
:101CA000FDF98CE703B0BDE8F040FFF7F7B9FFF7A7
:101CB000F5F9EBE7FFF7F2F9E2E7FFF7EFF9D9E71C
:101CC000FFF7ECF9CFE7FFF7E9F9C6E7FFF7E6F929
:101CD000BDE7FFF7E3F9B5E7FFF7E0F98AE700BFF3
:101CE000C0280320000003200004024274120108EF
:101CF0002400032000407100014B186805F06CBD02
:101D0000C0280320FFF7F6BE082824D8DFE800F03B
:101D1000080C1014171A1D2005001448FFF76ABE9E
:101D200042F21070FFF766BE44F62060FFF762BE15
:101D30004CF25030FFF75EBE0D48FFF75BBE0D481A
:101D4000FFF758BE0C48FFF755BE0C48FFF752BED0
:101D50000B48FFF74FBE0B4AA0F51C53103B9342B4
:101D600001D901207047FFF745BE00BF40420F0078
:101D7000A086010048E8010090D0030020A10700E0
:101D800000350C00301B0F000346054A197800206F
:101D900051615978D16199781162DB78936170470C
:101DA000702603200246024B00209A61704700BF54
:101DB00070260320034600B5064A93F801E093F825
:101DC00000C082F810E004499B7881F800C0537489
:101DD000002000BD70260320980203202DE9F04763
:101DE000054682B0C0680F4603F0B2FDAB68B3F1A0
:101DF000005F3ED00646824600F12409264C4FF093
:101E0000FF3120680CF048FD0128F8D1DFF89480FC
:101E1000D8F800000CF026FF484517D202251F4ACB
:101E200013792B431371002320681A4619460CF0CE
:101E3000D9FB1B4A02231268106800221146009247
:101E40000EF036F8284602B0BDE8F08729464FF07C
:101E5000FF332422D8F800000CF026FF054686B98F
:101E60004D450CD00D4A0125137943F00803137139
:101E7000D9E74FF0000A4FF024095646BEE7002587
:101E8000D1E7524639464FF0FF33D8F800000CF046
:101E90000BFF0544E4E700BF2028032000000320D7
:101EA000BC280320C82703202DE9F04700250C4655
:101EB00082B0C9070646019516D4A20707D50221AC
:101EC000314A137943F001031371336819656307CD
:101ED00038D4019B2BB14FF0E0234FF08052C3F870
:101EE000042D02B0BDE8F087DFF8A890DFF89880F5
:101EF00040214A46254B05F0E7FCD8F81430D9F8C4
:101F00000C000133C8F8143003F022FDDFF888A07C
:101F10000746DAF800000CF0A5FE07F12803984206
:101F200024D349462822DAF8000001AB0CF056FF12
:101F3000002FC2D03A46DAF80000144901AB0CF089
:101F40004DFFBAE70424104B11499A690868013221
:101F50009A611A79002142F008021A713368006808
:101F60000DEB04021C650EF0C3F8B2E7D8F8183088
:101F700029460133C8F81830054B01AA1B681868B8
:101F80000EF0B6F899E700BF000003207828032080
:101F9000B828032050280320CC270320002110B5A7
:101FA0000A4A0B4C1268236982B01068013301AAF7
:101FB000236101910EF09CF8019B2BB14FF0E023BF
:101FC0004FF08052C3F8042D02B010BDBC2803208E
:101FD00000000320002110B50A4A0B4C1268E36987
:101FE00082B01068013301AAE36101910EF080F81C
:101FF000019B2BB14FF0E0234FF08052C3F8042D2A
:1020000002B010BDB82803200000032038B50C46EC
:10201000104D294605F0F2FCA10303D5EB68A3B9E6
:102020000D4A1360620309D52B690B4A012B137902
:102030000CBF43F0040303F0FB031371230303D528
:102040000122054B83F8202038BD4FF00042024B9F
:102050001A60E7E72428032000000320704700BF30
:1020600091B14FF0FF3210B4084C014410F8013B1D
:102070005340DBB254F82330884283EA1222F5D170
:10208000D0435DF8044B7047084670478C12010836
:102090000022014B1A607047C8280320034B1B68BD
:1020A0009B7C03B9704700F08DBE00BF90000320F9
:1020B000024A136801331360704700BFC828032029
:1020C000024A136801331360704700BFC42803201D
:1020D00000200DF0A1BA00BF00200DF09DBA00BF96
:1020E00000200DF099BA00BF00200DF095BA00BF96
:1020F000704700BF704700BF124B1B68198901B3BE
:1021000010B400245B68104A03EB411CD3E90001C2
:10211000C2E90001986899699061D86820335061DC
:1021200053F8100C6345C2E9024053F80C0C02F15D
:10213000740242F8100C42F8041CE7D15DF8044B1D
:102140007047704790000320CC280320F0B500248E
:10215000051B18BF01250746154B6D4285B003F5D9
:102160002E76EDB21846082229460EF0C1FD034630
:102170007433B342C0E91144F4D10FB105B0F0BDDE
:102180000C4A0D4D02AC92E803000822CDE9000193
:1021900095E8030084E803006946084803F0E4FB7F
:1021A00008222146064803F0DFFB05B0F0BD00BF62
:1021B000F0280320780F0108D80E0108D829032041
:1021C0004C2A0320002208B50549064B09681A70FD
:1021D000887CFFF7BBFFBDE80840FFF78DBF00BF5D
:1021E000900003207600032098B138B5094B1A6897
:1021F00082420DD00122084C18602578807CEDB217
:102200002270FFF7A3FFFFF777FFFFF77BFD257035
:1022100038BD7047900003207600032000293CD091
:10222000F0B5744B83B01D68AF7C6FB906462C8A3D
:1022300044B1EB6803EBC40C1C68B4420FD0083304
:102240006345F9D103B0F0BDC0F30743EF2B4FEA6C
:102250001024C0F31126EAD8674E2640E7E71C7920
:10226000E7B1B6F56F4F49D04FF6D4539E4266D0D2
:102270004FF602739E4200F0AD800F2C10D12B68F8
:102280001046DB6F00929847009A137803F003031F
:10229000032BD7D0594B1883D4E77047082C3BD079
:1022A0002B68104603EBC4035B689847102CC9D811
:1022B00001A353F824F000BF612300089523000810
:1022C0009B230008A1230008A7230008AD230008D2
:1022D000B3230008B9230008BF23000879230008AE
:1022E00081230008892300088F2300086D2300083C
:1022F000732300089522000867230008C0F3072015
:10230000132860D05A289DD12B6810465B6D9847E2
:102310003A4AC3B2D37595E72B6810465B6C0091BF
:10232000019298470099354CC0B20129207389D099
:10233000019A1046FFF7FAFA84F8200082E7C3B248
:10234000212B4ED05A2B7FF47DAF2B681046DB6CCF
:102350009847C3B2032B3FF475AF284A937571E7D2
:10236000264B58806EE7254BD8836BE7234B1882AA
:1023700068E7224B988365E7204BC0B2987561E708
:102380001E4BC0B2D8755DE71C4B58835AE71B4BF8
:10239000588257E7194B188054E7184BD88051E7FB
:1023A000164B98804EE7154B98824BE7134B58819C
:1023B00048E7124B188145E7104BD88142E70F4B95
:1023C000C0B218733EE72B681046DB6A98470B4B88
:1023D000588137E71046FFF7E7FA084B83F82000EB
:1023E00030E72B6810465B6F9847044AC3B293836B
:1023F00028E700BF9000032000FF030054000320E3
:10240000324B1B78002B5FD12DE9F04FDFF8C0A0D5
:1024100003F0FF06DAF8003083B01B89002B50D0A0
:10242000DFF8B080074644463546DFF8AC900AE056
:10243000DAF8003001351A89ABB29A4204F174041B
:1024400006F174063DD9E36E626EFB1A9342EFD338
:10245000B4F9703006F1240000EBE300002B404497
:1024600008DBB4F8683002225BBA01A9ADF8043089
:1024700003F07AFAB4F9723004F1240B002B4FEA1E
:10248000E30112DB5846FFF7EBFD0422B4F972308A
:102490000190002BB8BF073306F1240000EBE300E6
:1024A00040440DEB020103F05FFAD9F800305946C1
:1024B00023612046FFF792FCA36EE7660133A36613
:1024C000B6E703B0BDE8F08F704700BF7600032089
:1024D00090000320CC2803200000032038B50446D8
:1024E000084B094D1A60094B049A29601A6000F0E4
:1024F0004DF8204603F064F8204603F09BFA0020D4
:1025000038BD00BF882B03208C2B0320842B032095
:1025100038B5054603F074F80446284603F096FAE9
:102520002043C0B238BD00BF70B5154B82B01B68E8
:1025300004460D46164603F099F801280AD0114BBF
:102540003246294620461B6803F0AAFA01280BD020
:1025500002B070BD00220C4B11461B6818680223A4
:1025600000920DF0A5FCEAE7002207490223096862
:102570000868114600920DF09BFC02B070BD00BFD0
:10258000882B0320842B03208C2B032000B583B0E1
:10259000102001A900F09EF808B903B000BD002189
:1025A000102000F07FF8003818BF012003B000BDF4
:1025B00000B583B0102001A900F08CF820B90146C5
:1025C000019820B903B000BD012003B000BD102068
:1025D00000F068F8003818BF012003B000BD00BF4C
:1025E00070B5002682B004460D46102001A9019660
:1025F00000F070F810B9019BA34202D8012002B08C
:1026000070BD04F11100294680B200F063F8801B10
:1026100018BF012002B070BD002210B5114B82B06E
:102620001B78019213B9184602B010BD044601A9E7
:10263000102000F04FF840B901981130FF2804D85D
:10264000214680B200F02EF818B10123184602B0DE
:1026500010BD01991020013100F024F8031E18BFAD
:102660000123E0E777000320014608B5102000F0C1
:1026700031F8003818BF012008BD00BF10B505F0C3
:102680004FFB00200AF062FE044618B905F05CFB1F
:10269000204610BD00200AF027FA05F055FB204621
:1026A00010BD00BF38B504460D4605F039FB204685
:1026B00029460BF0F3F8C305044603D405F044FBA8
:1026C000204638BD0AF0EAFA0443A4B205F03CFB08
:1026D000204638BD0AF044BC84462DE9F8430CF589
:1026E0000055104695F827210CF580540F461E46DC
:1026F000B4F89210B4F8943072B3002940F08E8090
:10270000072B40F2A0803E2B40F2B9804FF04008EA
:10271000B3F5805F4246C1465FD21B0A43F0100307
:102720000370B4F894300CF584514370023A1C31B4
:10273000023003F019F901220223A8F1020887F8F8
:102740000090A4F89280A5F81C2184F89130012013
:10275000C4F89860BDE8F883B1B307224FF00808C9
:102760005B1A1FFA83F9B5F81C31914503F00F038A
:1027700043F0200300F8013BB4F8923003F5845392
:1027800003F11C030CEB03014CD903F0EDF887F8BF
:102790000080B4F89230B5F81C21013B9844A4F8AD
:1027A000928095F822313BB1B2FBF3F103FB112388
:1027B00013B9022384F891300132A5F81C210120BD
:1027C000C4F89860BDE8F883072B3CD94FF008089F
:1027D000B3F5805F4246C1469FD310230360B4F82F
:1027E00094300CF584511B0A0371B4F89430063A06
:1027F00043711C31063003F0B7F801220223A8F11F
:10280000060887F80090A4F89280A5F81C2184F8A7
:1028100091300120C4F89860BDE8F8833F224FF062
:1028200040089DE74A4603F09FF8032309F101029F
:102830003A7084F89130B4F89230B5F81C2199447C
:10284000A4F89290B8E700F8013B0CF58451B4F875
:1028500094201C3103F088F801210322B4F894304D
:102860000B443B70B4F894300120A4F89230A5F8E2
:102870001C1184F89120C4F89860BDE8F8830170B9
:10288000B4F894300CF584514370B4F894201C31A2
:10289000023003F069F8B4F89430012103220233C6
:1028A000DFE700BF70B500240E4600F580530470CA
:1028B000C0F8024004738460C3F89240C3F89840A3
:1028C000A3F88E40A3F8904000F50053054621463A
:1028D0004FF48452C3E94744C3F82861C3F8244144
:1028E0000D300EF005FA4FF48452A8182146BDE8C9
:1028F00070401C300EF0FCB9F0B591B0169D044646
:10290000856019B3964612788C46100903281DD8A5
:10291000DFE800F0024C7A22003B18BF012304F5E7
:10292000005282F82631237823B10621002382F851
:10293000241123709EF80050BCF1080F05F00F051C
:1029400000F2D1800123002D40F0D680237B012BA3
:1029500000F0A78011B0F0BD04F5805797F89110F2
:1029600002F00F0204F500564B1E012A86F82121C1
:10297000DBB200F00B81022A00F01181002A40F046
:10298000FB80BCF1010F00F01E819EF80130BCF10C
:10299000020F86F8223101D09EF80220022986F823
:1029A0002321D3D1012387F89130CFE7003B18BF13
:1029B000012304F5005686F82631227822B106223A
:1029C00086F8242100222270BCF1070FBED99EF8A0
:1029D00000209EF8010002F00F01014340F09C80AE
:1029E000DEF8022012BA072AB0D9B2F5845F40F2AD
:1029F000F0800222072086F81E2186F8240121702B
:102A000096F81F21322159E02378012B9ED104F53D
:102A10008057B7F88E1002F00F0201F00F039A42B0
:102A200040F0A2806088A38897F890201B1A9BB280
:102A3000002A00F0BE80551EAEB29E4280F0BC80DF
:102A4000944583D14A1C92B2EDB20D30A7F88E2086
:102A50000EF101012A46204402F086FF6388A28815
:102A60002B449BB29A42638000F0B08004F500567C
:102A700096F81F21002A3FF469AFB7F88E30013B6A
:102A800093FBF2F102FB1133002B7FF45FAF96F85A
:102A9000263196F81E11003B18BF012341F030018A
:102AA0000CE004F5005696F8263196F81E11003B0E
:102AB00018BF012396F81F2141F0300100208DF846
:102AC000012003228DF8001096F820112073D6F80B
:102AD00028015B058DF8021083616946C260FFF72B
:102AE0007DF911B0F0BD002D7FF430AF9EF801509C
:102AF0000223002D3FF42AAFACEB03018D423FF7D8
:102B000025AF0EEB03012A4604F10D0002F02CFF65
:102B100002236580237019E7120202F470620243F7
:102B2000072A7FF613AF02210B46ACEB0303DDB29D
:102B300004F58057A28071442A4687F890C004F1BA
:102B40000D0002F011FF012300226580237086F83A
:102B50001E21A7F88E3096F826313021003B18BF91
:102B6000012396F81F21A9E70421002304F5005250
:102B700082F824112370E9E6012B3FF6E7AE052227
:102B8000032386F8252187F89130DFE6012B3FF6F5
:102B9000DDAE0223C7F8985087F89130D6E6012BB6
:102BA0003FF6D4AE0822032386F8252187F891301A
:102BB000CCE6072B3FF6CAAE9C457FF6C7AE4A1C53
:102BC00092B2DDB241E786F82221E7E602232370C4
:102BD000BCE606210B46A8E70378012B01D00020B4
:102BE00070478268064B891A9942F8DD0321002359
:102BF00000F5005282F8241103700020704700BFD6
:102C0000400D03002DE9F04100F58055144695F87C
:102C1000912092B0561E012E05D9032A0ED0002015
:102C200012B0BDE8F081D5F89830394ECB1AB342D6
:102C30000BD9022300F5005080F825310023012034
:102C400085F8913012B0BDE8F081012AE7D100F596
:102C5000005696F9237196F82321002F05DA0F32DA
:102C6000D2B2082A8CBF7F2201229A42D7D80B46C3
:102C700002AA0DF10701FFF72FFD9DF80780B8F1BB
:102C8000080F38D9B8F10C0F37D9B8F1100F36D971
:102C9000B8F1140F35D9B8F1180F34D9B8F1200FA5
:102CA00033D9B8F1310F34BF0E270F27384602F061
:102CB0004FFE80450AD2A0EB0802013AD2B202AB25
:102CC0000021013203EB08000EF012F8E76096F8DD
:102CD0002731003B18BF01235B05A36102E00120FF
:102CE00002F062FE204602A9FFF778F80028F6D12C
:102CF00095F8912091E74746D8E70927D6E70A27B4
:102D0000D4E70B27D2E70C27D0E70D27CEE700BF8B
:102D1000400D030000F58052B2F89430B3F5845FA3
:102D200014D892F891309BB900F5005300204FF071
:102D3000010CA2F89200A3F81C01C2F8981093F8B5
:102D4000261183F8271182F891C07047012070473F
:102D50004FF0090C00F5005383F825C1E6E700BFEA
:102D6000830F032BC0F30D4020D0012B0ED0B3B93D
:102D7000B0F5B97F21D01F235FFA80FC000A012241
:102D800081F800C048708B70CA70704740F263537E
:102D90009842F0D102204FF0740C0D23EFE79128F8
:102DA000E9D10B204FF0380C0223E8E72928E2D1C3
:102DB00002204FF07F0C0923E1E70B204FF0EF0CCE
:102DC000DDE700BF2DE9F04F456893B0B5F1804FC6
:102DD00002D013B0BDE8F08F0668C068C6F307479D
:102DE0000C4602F0B5FDEA2FC6F3072832D0EC2FCF
:102DF000EFD1B8F15A0FECD10728EAD92378102B7C
:102E0000E7D1E3793002C549A27980B20143647900
:102E100008201B0443EA0223234300224FF0FF341F
:102E2000099123FA00F18DF821308DF822101B0C46
:102E30000C9007A909A8CDE90D22CDE90F220A952A
:102E40008DF823300B92119207948DF82040FEF7F5
:102E5000C5FFBEE70228BCD9B8F1FF0F23D0B8F1F7
:102E60005A0FB6D1A378617822781B0443EA012374
:102E70001343B3F56E4F40F0C480A94A33029BB2AE
:102E80001A4300234FF080450824A64909A8CDE93C
:102E90000A53CDE90C43CDE90E33CDE91033099245
:102EA000FEF79CFF95E7A378617822781B0443EA3C
:102EB00001231343B3F56E4F00F02E814FF6C55238
:102EC000934200F0CB804FF6CA62934281D14FF01B
:102ED000000904A8CDF81090FFF7C6FB924B049AA6
:102EE000B3F81EA0012ACAF3400A4FEA8A1A4AF030
:102EF0003F0A5FFA8AF440F22981920002321FFAF7
:102F000082FA8A4B0AF10601A3FB0103C91A03EBFB
:102F10005103C3F387074FF0804385490A93099112
:102F2000082120230C91834907AA08910DF1240B55
:102F30004FEA1A218DF81E10584611468DF81C30A4
:102F40001546CDE90D99CDE90F99CDF82C90CDF826
:102F500044908DF81DA08DF81F70FEF73FFF764B53
:102F60000993002F3FF435AFCDE9027B4FF0010804
:102F7000A3460DF123060822FF21284602F0F0FCAB
:102F8000334656469A4608F1FF34C4EBC4048DF824
:102F90001C80A4B20195A6421ADDA3B243B3012B53
:102FA0002DD0A7B2023F05A9B810CDF8149007F0B4
:102FB0000307FFF715FB059806A9FFF7D1FE0DEBF8
:102FC00007031B7E05F8013FAA4504F10104E2D185
:102FD0005346019D03982946B24608F101081E4652
:102FE000FEF7FCFE029B5FFA88F84345C3D2F0E689
:102FF00005F801BFAA4504F10104CED1E8E7FF239B
:10300000E0E74FF6C552934228D04FF6CA6293428A
:103010003FF45DAF08270022FF240A956FF0FE05FC
:1030200006FA07F0454980B20143099123FA07F1F6
:103030008DF821308DF822101B0C07A909A8CDE9C5
:103040000B27CDE90D22CDE90F228DF82330119207
:1030500007958DF82040FEF7C1FEBAE6384802F029
:1030600097FC00224FF080410824314DCDE90A122F
:10307000099505462021CDE90C42CDE90E22CDE986
:103080001022304A294B0892AA1D8DF81C10A3FB70
:103090000213D21A07A803EB520325FA04F10DF12B
:1030A000240BC3F387088DF81E10074601465846C7
:1030B0008DF81D508DF81F80FEF790FE1E4B099372
:1030C000B8F1000F3FF485AE0124DFF874900DF1E4
:1030D0002306A4EB090A0822FF21384602F040FC2F
:1030E0003A46631EC3EBC3039BB2013B8DF81C4001
:1030F0004B440AEB03018D4205DD13F8011F02F872
:10310000011F9642F5D1013439465846E4B2FEF724
:1031100065FEA045DFD25CE60B4AB2E65A00EC1C25
:103120005A00EE18A41601085400032025499224E1
:103130005AFFEC1CFFCAFE005AFFEB1C5A00E818AD
:103140008C160108FFC5FD005AFFEE1808224FF04B
:10315000804316490C92099107A908460D46FF21A4
:103160000A93CDE90D99CDE90F99CDF82C90CDF8C2
:10317000449002F0F5FBFF22049B8DF81C40012BCC
:103180008DF81D2006D0CDF81E90294609A8FEF71F
:1031900025FE1EE606A94846CDF81890FFF720FA4E
:1031A00006980DF11E01FFF7DBFDEEE75ACAFE1887
:1031B0002DE9F043144602780646013A1D4685B0D3
:1031C000092A11D8DFE812F01C0010000A008A0159
:1031D000100010000A00100066010A00012900F02A
:1031E0008A817F22122101E07F2211210323227094
:1031F0003278A17062702B80002005B0BDE8F083AA
:103200000229EED141232370437863709E2BE8D8C6
:1032100001A252F823F000BF6F3700084D370008B5
:10322000E3310008853600087B3600087136000857
:10323000673600085D360008E3310008E331000816
:10324000E3310008E331000847360008373600084C
:103250002D3600082D3600080D3700080B36000803
:10326000E331000825370008E3310008193700086A
:10327000E3310008E3310008E3310008E3310008DE
:10328000E3310008E3310008E1360008E3310008CB
:10329000E3310008C1360008013700080136000894
:1032A000E3310008E3310008E3310008E3310008AE
:1032B000E3310008E3310008E3310008E33100089E
:1032C000E3310008E3310008E3310008E33100088E
:1032D0000B360008E33100080B3600080136000801
:1032E000E3310008CD370008C1370008E33100089A
:1032F000E3310008E3310008E3310008E33100085E
:10330000E3310008E3310008B5370008E331000875
:10331000A9370008E33100089D370008E3310008B1
:103320009137000801360008853700080B36000881
:103330007B3700080B360008E33100081F36000811
:103340001F360008E33100081F3600080136000868
:1033500001360008E3310008E33100089B3600081D
:10336000E3310008E3310008E331000815360008B6
:1033700015360008E3310008E3310008E3310008A6
:10338000E3310008E3310008E3310008E3310008CD
:10339000E3310008E33100088F360008E33100080C
:1033A000F7360008EB360008E3310008E331000887
:1033B000E3310008E3310008E33100083937000841
:1033C000E3310008E3310008E3310008E33100088D
:1033D000E3310008E3310008E3310008E33100087D
:1033E000E3310008E3310008E3310008E33100086D
:1033F000E3310008E3310008E3310008E33100085D
:10340000E3310008E3310008E3310008E33100084C
:10341000E3310008E33100082D370008E3310008EC
:10342000E3310008E3310008E3310008E33100082C
:10343000E3310008A5360008E3310008E331000855
:10344000E3310008E3310008E3310008E33100080C
:1034500015360008E3310008E3310008E3310008C5
:10346000E3310008E3310008E3310008E3310008EC
:10347000E3310008E3310008E3310008E3310008DC
:10348000E3310008E3310008E3310008B5360008F5
:103490000136000802297FF4A4AE49232370437843
:1034A00063700A2B3FF69DAE01A252F823F000BFD5
:1034B0004F350008E33100086F350008E33100089C
:1034C0005D350008E3310008F1350008E3310008FC
:1034D000E3310008E3310008D335000801297FF407
:1034E00080AE0191FFF764F8019968BB33784033EF
:1034F0002370298080E602A8FFF7B6F820BB029B64
:103500005A1C52002A80327863704032DBB222703B
:10351000002B3FF471AE074604F1020904F10308E1
:103520000CE0039B1A0E09F817201B0C9DF80820CD
:1035300008F817300137BA427FF65EAE384603A965
:10354000FFF74EF80028ECD07F2210214EE644F21F
:1035500054020623C4F802202B804DE601239E4925
:10356000A370E01C02F00CFA13232B8044E6142312
:103570000120E61CA07031462B80FFF7ABF8E11D5F
:1035800005460220FFF7A6F8034604F10B010320CD
:103590001D43FFF79FF8034604F10F010420ADB26D
:1035A0001D43FFF797F8034604F113010520ADB260
:1035B00045EA0304FFF78EF8A4B244EA00039BB285
:1035C000002B3FF419AE11220021304602F0C8F959
:1035D00012E60123E61CA37014220021304602F0FB
:1035E000BFF930467D4902F0CBF917232B8003E663
:1035F000782207237A49A271C4F802102B80FBE5D8
:10360000042200232A806380F6E5032200232A8017
:10361000A370F1E5032280232A80A370ECE5032246
:10362000704B2A805B881B09A370E5E503228A237F
:103630002A80A370E0E503226B4B2A809B8AC3F3A8
:103640000723A370D8E50423674A2B809388C3F32C
:103650004A13A3709388DB00E370CDE5032288232F
:103660002A80A370C8E503227E232A80A370C3E5C5
:10367000032274232A80A370BEE503224C232A80F0
:10368000A370B9E5042202232A806380B4E50622F0
:10369000564B2A80C4F80230AEE5032201232A806B
:1036A000A370A9E507210023514A2980C4F802200C
:1036B000A371A1E5062200232A80C4F802309BE50D
:1036C00004232B800CF0DEF84A4DA5FB00239B0B56
:1036D000A3700CF0D7F8A5FB00539B09E3708BE5B2
:1036E00003220A232A80A37086E504224FF41343A1
:1036F0002A80638080E503227D232A80A3707BE5F6
:1037000006223D4B2A80C4F8023075E504224FF4AE
:103710001C532A8063806FE504224FF47F432A8084
:10372000638069E503232B80A37065E50622334B94
:103730002A80C4F802305FE50023092140F26912B3
:103740002980C4F80220E380237255E503A8FEF720
:103750008BFF08B10023039300230621039A2980DD
:1037600002F07F02A270E3702371637144E50622C8
:10377000234B2A80C4F802303EE5032251232A80DD
:10378000A37039E504224FF49C532A80638033E50B
:1037900004224BF635732A8063802DE50622194BEF
:1037A0002A80C4F8023027E5042243F60B132A804E
:1037B000638021E5042248F613232A8063801BE5F9
:1037C0000622114B2A80C4F8023015E50322642337
:1037D0002A80A37010E500BF840F0108940F010830
:1037E0000112345678000320540003206080000149
:1037F000010C9500D34D62108005B0150204000C39
:10380000BE1FA8137EDC8C018C928023814204D9D8
:1038100000F17840B0F5802F01D30020704701F10E
:1038200078410139B1F5802F2CBF0020012070476D
:10383000814208D9B0F1005F05D3044881428CBFB2
:103840000020012070470020704700BF00000420C6
:10385000814211D9B0F1005F10D31A4B994219D9A6
:10386000194B984208D9194881428CBF0020012089
:103870007047B0F1006F15D200207047144B98428A
:103880000AD8144B9842F4D9134881428CBF0020C7
:103890000120704701207047104881428CBF0020F2
:1038A000012070470E4B9942E6D80E4BB3F8E0303A
:1038B000B3F5007FEED00C4881428CBF0020012080
:1038C000704700BF000004203F200240402102401A
:1038D000FFFFF90BFFFFF80B0080F90B0002FA0B5A
:1038E000000008080005FA0B0000040800B58BB0C2
:1038F00001A804F011FC0598AA3818BF01200BB0EC
:1039000000BD00BF00B58BB072B601A804F004FC86
:1039100004214FF40052079B019143F08063CDE9ED
:10392000062304F0FDF918B162B601200BB000BD0A
:1039300004F016FA0028F7D101A804F0CBFA10B968
:1039400004F030FAF0E704F01FFA04F0FDF9EBE7B9
:1039500010B58AB004F0E4F9044604F001FA044317
:1039600001A804F0D9FB04214FF480729DF81E30A9
:10397000E4B2C3F3001383F001031B05CDE9062372
:10398000019134B104F000FA04F0DEF901200AB02C
:1039900010BD01A804F09EFA0028F3D104F002FA49
:1039A000044604F0F1F9044304F0CEF9E4B22043F4
:1039B000C0B2003818BF01200AB010BD30B58BB0BE
:1039C00004F0AEF9044601A804F0A6FB002380220F
:1039D0000798022110F4801FCDE9033200930CBF39
:1039E00002230123019101A86946029304F02AFCF5
:1039F000054604F0A9F928432043C0B2003818BF97
:103A000001200BB030BD00BF70B504F089F9054648
:103A10000F4C104ED4E90023B3F1FF3F08BFB2F1C1
:103A2000FF3F04F5802107D0012004F0F7F90028BA
:103A300018BF45F00105EDB20834B442EAD104F0F4
:103A400083F92843C0B2003818BF012070BD00BF01
:103A500000E0030800000408002330B58FB0009395
:103A600004F05EF90223044605A8019304F054FB18
:103A70000B9B042213F4801F4FF07C0014BF022321
:103A80000123694603900DEB02000492029304F0B7
:103A9000D9FB054604F058F9054344EA0500C0B2D5
:103AA000003818BF01200FB030BD00BF014608B577
:103AB000012004F0B3F9003818BF012008BD00BF91
:103AC0000022014B1A607047902B0320514930B4FB
:103AD0000A884AB1B2F57B6F68D24F4BC2EB023213
:103AE000A3FB0232C2F3CF224C4C4B8822804BB155
:103AF000B3F57B6F5DD2484AC3EB0333A2FB0323CC
:103B0000C3F3CF23464D8A8863802B68B2F5506F8C
:103B1000A0EB03030FD30122642B227120D928606C
:103B20004FF0000C94E807003E4B84F808C003C334
:103B300030BC1A807047B2F5406F17D2B2F5306FC3
:103B40003AD2B2F5206F21D2B2F5E06F48D2B2F589
:103B5000807F4DD94FF0000C642B84F804C039D815
:103B60004FF0000C84F808C030BC70470322642B6F
:103B70002271F5D92B4B28601B79012BD0D16379A9
:103B8000062B01D8013BDBB26371C9E70522642B28
:103B90002271E5D9234B28601B79012BC0D1E38822
:103BA00083F4807323F0FF03E380B9E740F6FF72EC
:103BB0009AE740F6FF73A5E70422642B2271CFD960
:103BC000184B28601B79012BAAD1A37983F001033C
:103BD000E380A5E7134B28601B79012BA0D1A1E757
:103BE0000622642B4FF0010C2271BBD9286099E7A3
:103BF0000222642B2271B3D90A4B28601B79012B56
:103C00008ED163799A1FD2B2F82A84BF0133DBB216
:103C1000637185E7942B0320BFBF8C82780003205B
:103C2000902B0320840003200022014B1A70704760
:103C30009A2B0320154B164A1B781188B2F802C044
:103C4000507963B9134B1980A3F804C01873107A24
:103C50001179D288987583F820105A8370471F29EC
:103C60000C4B08D91980A3F804C00028EED1D989DB
:103C7000C9B21973EBE7BCF11F0FF3D8598889B2A9
:103C80001980D98889B29980EFE700BF9A2B032069
:103C90007800032054000320014B1860704700BFD8
:103CA0009C2B0320704700BF00B5044B83B01868FD
:103CB00001A907F0F3FB019803B000BD9C2B032082
:103CC0000D4B02781B68403201291A700FD900B5DC
:103CD000A1F1020E10FA8EFE024610F801CF7245D5
:103CE00003F801CFF8D1054B1B68198000BD034BC9
:103CF0001B681980704700BFC42B0320C02B032012
:103D000030B54378044685B013B98378442B0FD07F
:103D10007F204FF0310C03213C4B3D4A1B68126859
:103D20001870207883F802C05870118005B030BD3B
:103D30000B2903D07F204FF0130CECE7354B19789B
:103D4000022903D04FF07F0C7F20E4E71B7F022B7A
:103D500011D1314D6B7B13F0FB030FD07F20242555
:103D600003212A4B2A4A1B681268187020789D701C
:103D700058701180DAE74FF0330CE5E7D0F8030014
:103D8000AB6001232B73D4F8073000BA1BBAC118FB
:103D90006B6001922860FFF739FD1C4B19681C4BC2
:103DA000D3F800C040B36B68019A13F0070F0AD034
:103DB0007F2370200B70032394F800E0887081F853
:103DC00001E0ACF8003023786A734FF20F0420252D
:103DD00040338DF80C3003AA4B1EC81C8DF80D50D3
:103DE000ADF80E4012F8011B03F8011F8342F9D110
:103DF0000423ACF8003099E77F22312003230A70B6
:103E0000227888704A70ACF800308FE7C42B03200A
:103E1000C02B0320A02B0320CC2B032003780F2BD7
:103E200040F283802DE9F047A3F1100204460D46CD
:103E30008EB0772A7FD8DFE812F0420232027E008D
:103E40007E00C5017E007E007E007E00AC017E000B
:103E50007E007E007E007E007E007E007E00F801F7
:103E6000E20108027E007E006C019F0192011502B2
:103E70007E0085017E002202D5017E005C017E006D
:103E80007E0048012201ED00DD00D0007E007E00B2
:103E90007E007E00320105017E007E007E007E00F5
:103EA0007E007E007E007E007E007E007E007E0022
:103EB0007E007E007E007E007E007E007E007E0012
:103EC0007E007E007E007E007E007E007E007E0002
:103ED0007E007E007E007E007E007E007E007E00F2
:103EE0007E007E007E007E007E007E007E007E00E2
:103EF0007E007E007E007E007E007E007E007E00D2
:103F00007E007E007E007E007E007E007E007E00C1
:103F10007E007E007E007E007E007E007E007E00B1
:103F20001501C300B300A6008D00A24BA24A1B6876
:103F30001268FFF73DB97F20112503219E4B9D4A52
:103F40001B681268187020789D70587011800EB030
:103F5000BDE8F087012D40F2FA84427802F07F0339
:103F6000012B00F01485032B00F0FF847F20122525
:103F70000321914B8F4A1B681268187020789D703E
:103F800058701180E3E77F20112503218A4B894A6D
:103F90001B681268187020789D7058701180D6E7E1
:103FA000022D00F0A8847F2013250321824B814A33
:103FB0001B681268187020789D7058701180C6E7D1
:103FC0007F20122503217C4B7A4A1B6812681870E7
:103FD00020789D7058701180B9E77F20112503214A
:103FE000754B744A1B681268187020789D70587061
:103FF0001180ACE7704B6F4A012D1B68166800F00A
:10400000A9837F2113200322197021789870597099
:1040100032809CE7012D40F23B83684E737B012B7D
:1040200000F01A85644A6349022B1268086800F0A0
:10403000C2857F212425032311702178957051704A
:10404000038084E7022D00F06D847F201325032177
:10405000594B584A1B681268187020789D70587028
:10406000118074E77F2011250321534B514A1B68AF
:104070001268187020789D705870118067E7022DC3
:1040800000F22D817F20132503214B4B494A1B68E9
:104090001268187020789D705870118057E7012DB4
:1040A00040F20383437803F00F02042A00F0C18436
:1040B0007F2012250321404B3E4A1B68126818706E
:1040C00020789D705870118041E73D4BB3F8E03087
:1040D000B3F5007F00F09C847F2011250321364B2F
:1040E000344A1B681268187020789D7058701180CF
:1040F0002DE7032D00F2FB807F20132503212E4B9B
:104100002C4A1B681268187020789D7058701180B6
:104110001DE7012D40F2E382467806F07F06012E6E
:1041200000F0CD84022E00F0EB847F2012250321C5
:10413000214B204A1B681268187020789D705870B7
:10414000118004E77F20112503211B4B194A1B68AE
:104150001268187020789D7058701180F7E67F20E3
:1041600011250321144B134A1B681268187020781C
:104170009D7058701180EAE67F20112503210E4BB7
:104180000C4A1B681268187020789D705870118056
:10419000DDE6094F022D3B6800F242827F201325A5
:1041A0000321044A1870207812689D70587011809D
:1041B000CDE600BFC02B0320C42B0320CC2B032053
:1041C0000005FA0B042D00F0B3827F201325032194
:1041D000A44BA54A1B681268187020789D7058700F
:1041E0001180B4E67F20112503219E4B9E4A1B6857
:1041F0001268187020789D7058701180A7E6012D04
:1042000040F26082437803F00F02042A00F04484F5
:104210007F2012250321934B934A1B681268187064
:1042200020789D705870118091E6032D00F0A182D6
:104230007F20132503218B4B8B4A1B681268187053
:1042400020789D705870118081E67F201125032110
:10425000844B854A1B681268187020789D705870CE
:10426000118074E67F20112503217E4B7E4A1B6856
:104270001268187020789D705870118067E6022DC2
:1042800000F2F5817F2013250321764B764A1B68C7
:104290001268187020789D705870118057E6714B25
:1042A000714A022D1B68166800F026827F211320B8
:1042B00003221970217898705970328047E6022DD8
:1042C00000F0F1827F2013250321664B664A1B68AC
:1042D0001268187020789D705870118037E602229D
:1042E000294620460EB0BDE8F047FFF709BD90F91A
:1042F00001204378002ABCBF03F07F03437043884A
:10430000B8BF01265BBA9BB2A8BF0026B3F5097FF0
:1043100000F35F85B3F5007F2ADBA3F50073242B40
:1043200026D8DFE813F0ED00D600C500B200A300E8
:104330009000680059005001480125002500250023
:104340002500250025001401FF002500250025007B
:104350002500250025002500250025002500250035
:1043600025002500250041012601760143003D007E
:104370007F20312103223B4B1B68187020789970F5
:10438000394958700B681A80002E3FF4E0AD354A69
:10439000126812787F2A3FF4DAAD00221A80D6E53F
:1043A000052D00F069877F201321E3E7042DFAD162
:1043B000FDF7FAFB0A2009F0A3FF2A4B1A682A4BE3
:1043C0001B6821784031117061785170A17891702B
:1043D000E178D1701D80D7E7224A234B042D126863
:1043E0001B6800F02D877F211320117021789070B9
:1043F00051700325EEE70B2DD5D9456887682DBA96
:104400003FBA28467919FFF723FA0028B0D0394679
:104410002846FDF725FE01460827124B25781A6825
:10442000403515706078104B5070A0781B68907004
:10443000E078D171D070080E1071080CF9405071FD
:1044400091711F80A0E7074A074B062D11681B6872
:1044500000F002877F2213200A70227888704A7049
:10446000032290E7C42B0320C02B032071200421DA
:10447000AB4B1A68AB4B107060781B685070A0781B
:104480009070E078D07019807EE7A54B7120196894
:10449000AB1E0A46087014FA83F3214614F8010F84
:1044A0008B4202F8010FF8D19E4B1B681D806BE711
:1044B000FFF7AAFA9A4B1A689A4B1B68002800F07B
:1044C0000F877F2172201170217803259070517021
:1044D00080E7FFF7C1FA924B1A68924B1B680028DD
:1044E000EFD12146207840301070A81E14FA80F0D9
:1044F0000C4611F8017F844202F8017FF8D169E788
:10450000874A884B042D12681B687FF46CAF417892
:10451000012900F09487022940F089870020824910
:1045200008704EE7042D7FF43EAF804B1A78022AC4
:1045300000F0AA877F227F200321794B1B68187027
:1045400020789A70774A5870136819801CE7042DF8
:104550007FF429AF754B1A78022AEBD11B7F022B0F
:1045600040F08F874378012B00F0CF877F20122106
:1045700000E7052D7FF417AF0079FDF713FCFDF779
:1045800013FB0A2009F0BCFE0420654B21781A6851
:10459000644B40311B68117061785170A178917043
:1045A000E178D1701880EFE6072D7FF4FCAE04307F
:1045B000FDF7EAFBE3E75D4B1B7F022B00F0118662
:1045C0007F203321D6E6082D7FF4EDAE4378012B12
:1045D000CCD1C379042B7FF4CBAE80792279637977
:1045E000000240EA026040EA034040F00400FEF7A7
:1045F00013F8002800F056857F2072250321484AD1
:10460000484B12681B6810702078957050701980A4
:10461000BAE6072D7FF4C7AE0430FDF7CBFBAEE75B
:10462000592204211A70427899705A70427802F027
:104630007F02012A00F09C82022A00F093827F25EB
:1046400012260320374A1D70257811689E705D7010
:10465000088094F90130002BBFF679AC3B681B78D9
:104660007F2B3FF474AC0021136819806FE42F4B4B
:104670001E78022E00F055827F220320284B294904
:104680001B6809681A7024789A705C7008805EE470
:104690007F2013250321224B224A1B6812681870C1
:1046A00020789D705870118051E47F2013250321DC
:1046B0001B4B1C4A1B681268187020789D7058703C
:1046C000118044E47F2013250321154B154A1B68F4
:1046D0001268187020789D705870118037E47F2020
:1046E000132503210E4B0F4A1B681268187020789F
:1046F0009D70587011802AE40C4A1278012A00F04B
:104700007682427802F07F02012A00F0A9837F219D
:10471000122003221970217898705970328016E4A3
:10472000C42B0320C02B032076000320A02B0320E2
:104730004378FF2B00F072827F2031250321A74BA5
:10474000A74A1B681268187020789D7058701180F5
:10475000FFF7FDBBA34A517B032900F032837F2181
:104760002420032219702178987059703280FFF745
:10477000EEBBB0F8012052BA90B20022A0F5007151
:10478000B1F5007FCDE90122CDE903220092C0F00E
:104790006B82A0F57142843A0C2A08D8DFE802F057
:1047A00072076C63070707075A07070715007F2082
:1047B00031250321894B8A4A1B68126818702078BA
:1047C0009D7058701180FFF7C2BB69460120FDF74C
:1047D00081FF01A905460220FDF77CFF034602A9DF
:1047E00003201D43FDF776FF034603A90420ADB265
:1047F0001D43FDF76FFF034604A90520ADB21D431D
:10480000FDF768FFADB20543ADB2112269460DF167
:10481000170001F0A9F8002DC9D1142523786F4A9B
:1048200066781168A2784033681E8DF814308DF8D0
:1048300016208DF8156005AA4B1E11FA80F012F8AB
:10484000011B03F8011F8342F9D1654B1B681D80D2
:10485000FFF77DBB0C2264490DF1170001F084F8CD
:104860000F252378DBE7042260490DF1170001F0E2
:104870007BF807252378D2E75D4A042512788DF866
:104880001720CCE70C225B490DF1170001F06CF802
:1048900020230922584909A88DF82330192501F051
:1048A00063F82378BBE7437803F07F03022B00F023
:1048B0005B82032B00F04482012B40F06A820022CD
:1048C0004B494E48C1E903220B70464B02605A73B4
:1048D0004A610A778A6194F901306278002BFFF609
:1048E00036AB50203D4B3E491B6809685A70187022
:1048F0000D80FFF72CBB427802F07F03012B00F004
:104900007F81022B00F053827F2012250321334B3D
:10491000334A1B681268187020789D705870118097
:10492000FFF715BB4378002B00F09381802B3FF4F9
:104930000EAB7F2012250321284B294A1B681268E1
:10494000187020789D7058701180FFF700BB7F2091
:1049500013250321214B224A1B6812681870207806
:104960009D7058701180FFF7F2BA244D2968002914
:1049700040F02E817F202225184A194912680968C3
:1049800010702078957050700B80FFF7E0BA022D00
:1049900000F037828378103B032B00F2F285DFE8CA
:1049A00003F01917021B164B144A136094F90130D7
:1049B000002BFFF6CCAA0221084A23781268403364
:1049C000074D137060782B6850701980FFF7BFBADD
:1049D0000C4BE9E70C4BE7E70C4BE5E7C42B032056
:1049E000C02B0320CC2B03209005FA0BBC0F010831
:1049F000A02B0320A40F0108B00F0108C82B03202F
:104A000020A1070090D0030048E8010040420F00B9
:104A1000022D00F23C817F2013250321B14BB24AC5
:104A20001B681268187020789D7058701180FFF70D
:104A30008EBA03F0F002402A40F22C817F2012252A
:104A40000321A84BA84A1B681268187020789D7033
:104A500058701180FFF77BBAA91E11F007051FFAE5
:104A600081F840F09A80B36872684344934200F240
:104A70009480327B4378934200F042847F207325F8
:104A80000321984B984A1B681268187020789D7013
:104A900058701180FFF75BBA03F0F002402A40F231
:104AA00029817F20122503218E4B8F4A1B681268B3
:104AB000187020789D7058701180FFF748BA40F246
:104AC0006713ADF81430FFF7EFF8884A884B42407F
:104AD000C3E903021E7794F9013000BA002BCDF828
:104AE0001600FFF634AA06217E4B05981B687E4A05
:104AF0001860BDF81800126898801180FFF727BA77
:104B0000062D00F0CB817F2013250321754B764ABB
:104B10001B681268187020789D7058701180FFF71C
:104B200016BA4FF28412B0F8013058BA80B220F0B1
:104B30000801914200F0F68049F2F102934200F040
:104B40006382072D00F057837F2013250321654BD7
:104B5000654A1B681268187020789D705870118023
:104B6000FFF7F5B9032D00F0CE817F25132668E508
:104B7000032DFAD1002205A8DA70FDF775FD5A4A17
:104B80003B681668002800F024837F211970722189
:104B900020789970587035805BE57F20712503215E
:104BA000504B514A1B681268187020789D705870DD
:104BB0001180FFF7CCB9022D00F061817F217125B2
:104BC000032311702178957051700380FFF7BFB9EE
:104BD000130600F12481C7200221424B424A1B6880
:104BE00012681870607858701180FFF7B0B97F2292
:104BF00003211A7000789A7058703180FFF7A7B9B6
:104C000011063FF5A4A9C521364B374A1B68126827
:104C10001970417859701580FFF799B98378FF2B87
:104C20007FF48AADC378FF2B7FF486ADFDF7C0FC1F
:104C3000002800F01D847F2072250321294B2A4A79
:104C40001B681268187020789D7058701180FFF7EB
:104C50007EB97E21234B244A1B6812681970417863
:104C600059701580FFF773B96946FDF733FD0028C9
:104C700000F027817F2131201A4B1B4A1B681268E4
:104C800019702178987059701580FFF760B901226A
:104C9000FFF726BB1B095A1DAA4280F2D380002BC6
:104CA00000F0A7820027591E0530C90010F8012F17
:104CB0008A4008393A4311F1080F97B2F6D19E1D88
:104CC000F3199D4200F072827F2013250321054BCA
:104CD000054A1B681268187020789D705870118002
:104CE000FFF735B9C42B0320C02B032078563412AC
:104CF000A02B0320AF4A1278012A00F032811B0951
:104D00009A1D954200F0EE817F2013250321AA4BC6
:104D1000AA4A1B681268187020789D70587011801C
:104D2000FFF715B97F2031250321A34BA34A1B6848
:104D30001268187020789D7058701180FFF707B9BD
:104D40009F4A928A92B2B2F5805FC0F041817F2083
:104D50008825994A994912680968107020789570D9
:104D600050700B80FFF7F3B8954B9B8A9BB2B3F55D
:104D7000805FC0F003817F20222503218E4B8F4A64
:104D80001B681268187020789D7058701180FFF7AA
:104D9000DEB87F2012250321874B884A1B681268E2
:104DA000187020789D7058701180FFF7D0B81206E7
:104DB0003FF5CDA8294620460EB0BDE8F047FEF7E6
:104DC0007FBF04215173027840321A703580FFF79B
:104DD000BEB8B3F57F4F00F050814FF60172934299
:104DE0007FF4C6AA042D7FF4DEAA4378012B7FF45A
:104DF000BDAB704B1A78022A00F07C837E22FFF74D
:104E00009ABB7F20132503216B4B6C4A1B681268E9
:104E1000187020789D7058701180FFF798B80123A2
:104E2000684C26782370FCF767FF4FF47A7009F01E
:104E300067FAF6B22868FCF767FFFCF7B5FE267044
:104E4000FFF785B87F20132503215B4B5B4A1B6866
:104E50001268187020789D7058701180FFF777B82D
:104E600051221A7042785A70358090F90130002B27
:104E7000BFF66DA80EB0BDE8F04702F0A5B8317BD3
:104E800063788B4200F050817F21732503231170DA
:104E90002178957051700380FFF759B8454B9A6996
:104EA000042A40F20B817F2036250321424B434ADE
:104EB0001B681268187020789D7058701180FFF779
:104EC00046B860782378A478403304228DF8150022
:104ED00069460DF117008DF814308DF8164000F07A
:104EE00043FD354B0DF113021868431E063012F8CE
:104EF000011F03F8011F9842F9D107222F4B1B68AD
:104F00001A80FFF724B8002205A8DA70FDF7ACFB81
:104F10008146002840F02D81059B002B00F0AA82DD
:104F200080466E4612E09DF803203B685A55BDF856
:104F3000022003F82820009A2B44120A9A70009A43
:104F4000DA70059B0435984580F01F814046314654
:104F5000FDF746FB08F101080028E4D04FF00109F5
:104F6000EFE77F220320144B14491B6809681A706D
:104F700024789A705C700880FEF7E9BF00230D4A20
:104F80001148C2E90333114903604B73536113772E
:104F9000936194F901306078002B1570FEF6D7AF5D
:104FA0005021054B054A1B6812685870197015800E
:104FB000FEF7CDBFA02B0320C42B0320C02B032062
:104FC0005400032076000320C82B0320CC2B0320A1
:104FD0000022B349B348C1E903220B70B24B4273BC
:104FE0001A604A610A778A6194F9013060789342C5
:104FF000FEF6ADAF5021AD4BAD4A1B68126858703C
:1050000019701580FEF7A3BF142D7FF49DADD4F861
:1050100003100120FDF746FBD4F807100546304683
:10502000FDF740FB0346D4F80B1003201D43FDF7AA
:1050300039FB0346D4F80F100420ADB21D43FDF731
:1050400031FB0346E17C0520ADB21D43FDF72AFB91
:10505000ADB245EA00039BB2944A954912680968CB
:10506000002B00F0F0817F20722503231070207840
:10507000957050700B80FEF76ABF042D7FF493A9E2
:105080004378012B7FF472AA854B1A78022A7FF4A9
:10509000B5AE1B7F022B40F0F481FEF78FFC002899
:1050A0007FF4AAAA04212046FEF70AFE804B1B6863
:1050B0001A88002A3EF44BAFFFF766B95868596961
:1050C000411A092900F2FA807F2037250321774B06
:1050D000774A1B681268187020789D70587011808C
:1050E000FEF735BF002B00F08D800026013B411DEF
:1050F000DB0011F8012F9A40083B13F1080F46EA34
:105100000206F6D140F6FE739E427CD97F203125FF
:105110000321664B664A1B681268187020789D70E0
:1051200058701180FEF713BF0133337323780021C9
:1051300040331370637802F8013FB3680BE03468C2
:105140000131E35CB1F57F6F02F8013FB36803F111
:105150000103B36003D07468A342F0D389B27268CC
:10516000023193420180FEF4F2AE03237373FEF723
:10517000EEBE7F2272203B681A7021784C4A59702B
:10518000987013681D80FFF764BAB9F1000F00F042
:1051900071817F213B687225197003212078444A70
:1051A00058709D7013681980FFF753BA3C4B1A78FA
:1051B000022A00F0F0807F227F2503203B4B3C49F0
:1051C0001B6809681D7024789A705C700880FEF76F
:1051D000BEBE062005995971090A19713080FFF782
:1051E00038BABFF34F8FBFF36F8F431D9847FFF758
:1051F000CBB91F4663E5D4F8031009BAFDF752FA9C
:10520000034629E71E46D4F802502DBA71192846E4
:10521000FEF71EFB254B264A1B681168002800F08C
:105220001D812278ED1A40321A709A1902E0E85C6A
:1052300003F8010F9A42FAD1731C0B80FEF787BE68
:105240004178012900F0D980022940F0F080002047
:1052500018490870FFF7B5B8828840F6FB7052BA5B
:1052600092B2824240F2CD807F2231200A702278B1
:1052700088704A70FFF7F4B84378012B7FF476A961
:105280000379002B00F04A81012B7FF471A80A48B2
:10529000FCF7AAFF29462046FEF712FD06E700BFED
:1052A000A02B0320CC2B0320C82B0320C42B0320CE
:1052B000C02B03209A2B0320AC160108197F01296B
:1052C00000F0EF807F2024250321B64BB64A1B68EF
:1052D0001268187020789D7058701180FEF737BEE4
:1052E0002146207840301070A81E14FA80F00C4639
:1052F00011F8017F844202F8017FF8D1FFF76AB804
:105300000133337302F00CFDB8F1000F5ED0274675
:10531000AA46A946B0683B797A791B0403EB02637D
:10532000FA78397A03EB02237A7A090401EB0261F5
:10533000BA780AF1080A134419EB0302FB7908371B
:1053400001EB0323316801F58021084417F8021CA2
:105350000B44FEF7ABFB40EA0503B068D04500F113
:105360000800DDB2B060D6D802F0EEFCD6E901321A
:105370009A4224BF0323737385B37F2172200322D3
:10538000884B1B681970217898705970864B1B6880
:105390001A80FEF7DCBD1B7F022B2CD1D4F8025003
:1053A0002DBA28467919FEF743FA002840F0BE804E
:1053B0007F20312503217B4B7B4A1B6812681870C4
:1053C00020789D7058701180FEF7C1BD02F0BCFCC2
:1053D000D6E901239A4201D8032373730220714A4C
:1053E00071492378126864780968403313705470E7
:1053F0000880FEF7ACBD3322DEE66C480170FEF794
:10540000E0BF71200870084665784D70A5788D70F2
:10541000E4780021151F00F8034F02E000F8011F97
:1054200001318D42FADC043292B2FEF7ACBF7F212B
:1054300012201170217890705170FEF7DABF5C482D
:105440000170FEF7BEBF60782378A5785070032006
:105450004033137095700880FEF779BD7F203125A9
:105460000322187020789D7058700A80FEF76FBD77
:105470000121A0E44C4A9B00116803330B80FFF725
:10548000E8B83322FFF757B81B7F022BF9D14378D6
:10549000012B7FF46BA8FEF75BFA00287FF4ACA821
:1054A00000E6D4F802101D6909BA8D4212D0002717
:1054B0007F2658613525032001329A61394A3A49DD
:1054C00012681F77167023780968537095700880EA
:1054D000FEF73DBD1E7794F90130002BFEF637AD87
:1054E00040F267212F4A304B12681B6811801E80E2
:1054F000FEF72DBD1B7F022BC3D12E4B5B7B042BF4
:10550000C9D07F202221FEF735BFFEF7EFF900BB9F
:10551000FEF7F8F900287FF46FA8C3E52648FCF7EA
:1055200063FE29462046FEF7CBFBBFE5022F23D0C2
:10553000042F1CD0082F12D06FF00603E21D1B1B96
:1055400002E012F8011F29709918B942F9D33146C7
:1055500031E40BF0BDFC00287FF44EA8A2E5A16861
:10556000E0680BBA02BA3146C5E9002323E4A36818
:1055700031461BBA2B601EE4238931465BBA2B806F
:1055800019E47F22002631200321064B0B4D1B68B6
:105590002E601A70044A247812685C70987011802A
:1055A000FEF7D5BCC42B0320C02B03209A2B03206D
:1055B00076000320CC2B0320C0160108C82B032043
:1055C00038B500240122094B09490A4D4C73586033
:1055D00009490A48C3E90344C3E905442C601A7029
:1055E0001C77FDF75FF9204638BD00BFA02B0320D4
:1055F000CC2B0320C82B0320980003206CA0012093
:10560000114B01461A78032A02D01048FDF7E4BA7C
:1056100041F288305A688A1A8242F6D900224FF045
:10562000010C0B4810B40B4C427383F800C01A777E
:10563000226006485DF8044BC3E90322C3E9052252
:105640005960FDF7C9BA00BFA02B03206CA0012050
:10565000CC2B0320C82B03200146024A0248FDF749
:10566000D1BA00BFC00003206CA001202DE9F04397
:10567000002585B004468DF80D50ADF80E50D0E9E8
:105680000050B0F1804F0F4690461E46C5F3826928
:105690000CD038B940F2E2739D4263D040F2DF7320
:1056A0009D420ED0002005B0BDE8F083C5F307434E
:1056B000DA2BC5F3072200F09980DB2BF2D1FF2A09
:1056C000F0D1E06800F044F90028EBD03B780F2BD4
:1056D000E8D8002B00F09680072BE3D801388342EE
:1056E000E0D8A2690137ADF80E30A2F5001201230F
:1056F000B2FA82F28DF80D30504B520983F8262110
:105700006168B1F1804F00F08F8040F2EA720021B1
:105710004B484C4B0260C3E9002141604FF0FF331E
:1057200001220DF10D01306809F0BEFA4FF0FF3390
:10573000022204460DF10E01306809F0B5FA024666
:105740004FF0FF33144439463068BDF80E2009F09D
:10575000ABFABDF80E3004440333A34244D0FBF748
:105760009DFC41E040F2EA73364AC2E90030344A17
:10577000C2E90030E06800F0EBF8CDF80080A369E2
:10578000314CA3F50013B3FA83F301463A462046A1
:105790005B09FDF7B1F82578022D83D100274FF082
:1057A000FF3301220DF10D0130688DF80D7009F005
:1057B0007BFA2A464FF0FF330546A11C306809F0FA
:1057C00073FA02464FF0FF3315443068628804F1E3
:1057D0000D0109F069FA638805440333AB4201D037
:1057E000FBF75CFC0023237001205CE75A2A7FF45E
:1057F00059AF2B029BB243EA896343F45A0343F047
:105800005A03B1E7A269B2F5001F7FF44BAF082835
:105810007FF648AF7B78002B3FF444AF02388342D9
:105820003FF640AF02375EE72A0292B242EA89624F
:1058300042F45A0242F05A026AE700BF6CC00120EB
:1058400098000320C00003206CA001204FF0000C42
:1058500010B5029CA4F800C08C460D490B600D49A0
:105860000C600D494860114622B1BDE81040604609
:10587000FEF7D4BA4FF07F0E8CF8002013200322DD
:1058800083F800E09CF8001098705970228010BDD9
:10589000C42B0320C02B0320A02B03204FF0000CAF
:1058A00010B5029CA4F800C08C460D490B600D4950
:1058B0000C600D494860114622B1BDE810406046B9
:1058C000FEF7ACBA4FF07F0E8CF8002013200322B5
:1058D00083F800E09CF8001098705970228010BD89
:1058E000C42B0320C02B0320A02B032038B5049A1F
:1058F00012884AB11978512907D0C72904D1012A41
:1059000002D05B78032B08D038BD4FF4FA7008F052
:10591000F7FCBDE8384001F057BB4FF4FA7008F0CF
:10592000EFFC0123084C25782370FCF7E5F94FF4D0
:105930007A7008F0E5FC054BEDB21868FCF7E4F965
:10594000FCF732F9257038BD76000320C82B032000
:10595000014BC0B2185C70473C190108704700BF8A
:105960000AB10BF0C5B970474AB1013A4B1E013874
:10597000114413F8012F8B4200F8012FF9D1704721
:10598000421E11F8013B02F8013F002BF9D170478C
:1059900008B503782BB10130FAF752FC013080B220
:1059A00008BD184608BD00BF4FF47A7202FB00F034
:1059B000024BA3FB0030800908F0A2BCD34D62105B
:1059C000F8B54178072909D942F2FE20022216498A
:1059D000164B09681B6808801A80F8BD144D0446F0
:1059E00028690144FDF734FF0F4A104B012816685F
:1059F0001F6805D042F2FE22022332803B80F8BDB0
:105A0000FF233370637863B100232A69127801336E
:105A1000DBB2F2542A6901322A6161789942F5D8E1
:105A2000481C3880F8BD00BFE02B0320DC2B03208E
:105A3000E42B032000220146034B1046C3E9032256
:105A40001A7059601A817047E42B0320084B1A78AA
:105A50005AB14EF660215A68821A8A4205D900224C
:105A6000C3E9032258601A701A810020704700BFF2
:105A7000E42B032038B5D0B20C46FFF76FFF074D7B
:105A8000E86002E00A2008F03BFC21462846FCF7CB
:105A9000A5F90028F6D1012038BD00BFE800032099
:105AA00070B5D0E90042B2F1804F0D461E4682B07B
:105AB00007D01AB940F254539C4217D0002002B0CC
:105AC00070BDC4F30743EF2BF8D1C4F307235A2B5F
:105AD000F4D1E3B23F2BF1D123029BB204F0E054A6
:105AE0001C4344F46F0444F05A0401E040F255545E
:105AF000124BC068C3E90042FFF72AFFADF8060069
:105B00000028DBD04FF0FF3302220DF10601306890
:105B100009F0CAF84FF0FF3304462946BDF80620C5
:105B2000306809F0C1F8BDF8063004440233A342DE
:105B300001D10120C3E7FBF7B1FAFAE7E80003203F
:105B40002DE9F041069D944F944E954C3560606070
:105B50003B604AB1FF2018700878FF2824D094F8E1
:105B600000C0BCF1010F01D0BDE8F081CE38302873
:105B700027D8DFE800F033262626262626262626E6
:105B8000262C2C26262626262626262626262626A9
:105B900026332626262626262626268D837C7461F5
:105BA00053264339AFA16C00012A00F098804A784F
:105BB000002A00F0948042F2FE21022219802A80FD
:105BC000D2E742F2FE01022219802A80CCE70022AD
:105BD000C3F801205A6008232B80C5E70021032267
:105BE000A3F801102A80BFE7002201200821C3F892
:105BF0000120A3F80520D8712980B5E7012A30D00B
:105C00004A78002AD7D104200821C3F80120A3F83C
:105C10000520644AD87129802261A5E7012A20D095
:105C2000227A012A03D04A78002A00F082800021DB
:105C3000022259702A8097E7052A12D9627A012A2E
:105C400064D042F6FE11022219802A808CE70023DC
:105C50000122C4E90333237023812A8084E7082AC0
:105C60004ED042F2FE11022219802A807CE7012ADE
:105C7000F7D0BDE8F0410846FFF7A2BE072AF0D9E9
:105C80004B6808461BBA2361BDE8F041FFF798BE98
:105C9000072AE6D94D68206995FA85F808EB0001D6
:105CA000FDF7D6FD01283F68366857D042F2FE2244
:105CB00002233A80338057E700215970227A062068
:105CC000013A18BF01221201D970197159719A70E5
:105CD000288049E7FE21022219802A8044E7002219
:105CE00001214FF4807608202F4FC4E9032222813E
:105CF0002170C3F80170A3F80560D971288033E7DB
:105D000001224B681BBA23612A802DE7D1F80210CB
:105D1000E668264809BA7040884236D0002242F22E
:105D2000FE50022118802980C4E9032222702281BA
:105D30001AE7FDF7B9FF0121042206253B68E06060
:105D400061725A70E27B31689A70E289DA70E268B7
:105D5000120A1A71E2685A710D8005E75DB10023DD
:105D60001D46226912F8011B013398450D4422613A
:105D7000F8D895FA85F8032100220823C7F8048093
:105D8000A7F80110FA703380EEE62281002102228A
:105D900059702A80E8E600BFE02B0320DC2B0320AB
:105DA000E42B03204C19010800010808785634122E
:105DB00010B50F4B82B0186E002240F0010018663B
:105DC0001C6E072104F001040094009C9C6D6FF090
:105DD000010044F080549C659B6D03F08053019357
:105DE000019B01F097F802B0BDE8104004F0EAB85A
:105DF0000010024070B500210446ACB0942207A800
:105E0000CDE90211CDE9041106910AF071FF324B80
:105E100022689A4201D02CB070BD03234FF4804217
:105E20004FF08051CDE907230993182211232791C0
:105E3000CDE90A23022108224FF0807307A8CDE99B
:105E40000D230C9104F09CFF00283BD1234B00262E
:105E5000DA6C02A942F40052DA64DA6C204D02F4E2
:105E600000520092009ADA6C42F00102DA64DB6CB4
:105E7000322203F001030193032301981948CDE96D
:105E80000223049602F034FA80224FF48073052135
:105E9000C5E903626B614FF480622023C5E90116F6
:105EA00011492846C5E906232E62296001F040F910
:105EB00070B910210A4801F0EBFA30B92565AC62DF
:105EC0002CB070BDFBF7EAF8C0E7FBF7E7F8F5E7A1
:105ED000FBF7E4F8EDE700BF00800242001002404B
:105EE000F82603200000024208040240094B026821
:105EF0009A4200D07047A3F500539A6C82B042F4E6
:105F000080529A649B6C03F480530193019B02B00E
:105F1000704700BF0030024010B500210446ACB00D
:105F2000942207A8CDE90211CDE9041106910AF0E7
:105F3000DFFE274B22689A4201D02CB010BD4FF0F3
:105F400000724FF0807307A80792219304F018FFA6
:105F5000002832D19FED1A6B9FED1B7B09241D4B4E
:105F600002A9DA6D1C4842F40072DA65DA6D02F4B7
:105F700000720092009ADA6C42F00202DA64DB6C82
:105F80008DED026B03F0020301938DED047B019B09
:105F9000069402F0ADF900220521272000F0BAFF97
:105FA000272000F0F1FF00220521282000F0B2FF99
:105FB000282000F0E9FF2CB010BDFBF76FF8C9E70F
:105FC00000030000020000000000000000000000CC
:105FD00000A40040001002400004024208B502681C
:105FE0000A4B9A4200D008BD094A4FF44071D36D64
:105FF000084823F40073D36502F080FA272000F0EC
:10600000D1FFBDE80840282000F0CCBF00A400402C
:10601000001002400004024210B500210446ACB05A
:10602000942207A8CDE90211CDE9041106910AF0E6
:106030005FFE254B22689A4201D02CB010BD802310
:1060400007A8079304F09CFE002832D19FED1A6B3D
:106050009FED1B7B04221D4C02A9E36C1C4843F0FE
:106060000203E364E36C8DED026B03F00203009323
:106070008DED047B009B069202F03AF9A36D00229D
:1060800043F48003A365A36D052103F4800301930A
:106090003920019B00F03EFF392000F075FF0022FF
:1060A00005213A2000F036FF3A2000F06DFF2CB0B9
:1060B00010BDFAF7F3FFC9E7000C00001200000062
:1060C00001000000000000000058004000100240E5
:1060D0000004024210B50446A6B09422002101A893
:1060E0000AF006FE114B22689A4201D026B010BD7C
:1060F0004FF4802301A8019304F042FE98B90C4BA1
:106100000022D86C052140F48020D864DB6C5E202E
:1061100003F480230093009B00F0FCFE5E2000F05F
:1061200033FF26B010BDFAF7B9FFE8E700080C42CC
:106130000010024000B5036887B0B3F1804F0DD066
:106140002E4A934238D02E4A934214D02D4A93427D
:1061500026D02D4A934244D007B000BD03F5043346
:106160009A6D42F001029A659B6D03F00103019361
:10617000019B07B000BD254B0022986D052140F022
:10618000200098659B6D322003F020030393039B4E
:1061900000F0C0FE322007B05DF804EB00F0F4BE62
:1061A0001A4B1A6E42F400321A661B6E03F4003367
:1061B0000493049B07B000BD144B0022986D052189
:1061C00040F0100098659B6D312003F0100302939E
:1061D000029B00F09FFE312007B05DF804EB00F059
:1061E000D3BE0A4B1A6E42F480221A661B6E03F469
:1061F00080230593059B07B000BD00BF0010004041
:1062000000140040004401400048014000100240DA
:1062100010B500210446AEB0942209A8CDE90411BE
:10622000CDE9061108910AF063FD2D4B22689A42D0
:1062300001D02EB010BD4FF4005309A8099304F00B
:106240009FFD00283FD19FED226B9FED237B0A220B
:10625000244C2548E36C04A943F00103E364E36C98
:106260008DED046B03F001030193019B8DED067B23
:10627000089202F03DF8E36D43F40013E365E36D2B
:1062800003F400130293029BA36DDB0018D4A36DEB
:1062900043F08053A365A36D03F080530393039BE6
:1062A00003F088FEA36D23F08053A365002205212F
:1062B000492000F02FFE492000F066FE2EB010BDF0
:1062C00003F078FEF2E7FAF7E9FEBCE7AFF30080EF
:1062D00000180000020000000000000000000000A4
:1062E00000D40040001002400000024210B50146F8
:1062F00088B000222A2000F00DFE2A2000F044FE83
:10630000154B01A91A6E03A842F400621A661B6EAF
:10631000124C03F400630293029B04F029FC04F086
:106320000FFC0346002140F2E7300D4A2161A2FB39
:106330000323A1609B0C0B49E060013B20462160D8
:10634000636005F013FC10B1012008B010BD2046B9
:1063500005F01CFA08B010BD00100240F82B032015
:1063600083DE1B43002C0140FEE700BFFEE700BFB9
:10637000FEE700BFFEE700BFFEE700BF704700BFBB
:10638000014801F013B800BFA8240320014801F020
:106390000DB800BF40240320014801F0F9BB00BF45
:1063A00070260320014801F0F3BB00BF70260320D4
:1063B000014805F0DBBA00BFF82B0320014805F0C7
:1063C000D5BA00BFA8230320014805F0CFBA00BF0B
:1063D0005C230320014802F0B1BA00BF1C26032051
:1063E000014802F03FBC00BF1C260320014805F015
:1063F000A3B800BF10250320014805F081BC00BFF1
:1064000088250320014802F0C9BE00BFE81F032011
:10641000014800F0CBBF00BFF8260320014804F07C
:10642000BDBF00BF74250320034AD2F8883043F46F
:106430007003C2F88830704700ED00E0254B254915
:106440001A68120754BFD3F894301B688A6858BF83
:10645000C3F3032302F00C0248BFC3F30313082A5B
:1064600012D01D480C2A50F823300FD01B49042AA3
:1064700008BF0B46174A1A4892681A49C2F303121A
:10648000825CD3400B607047174BF3E7C868CA685B
:1064900000F00301C2F30312022902F1010211D03C
:1064A000032913D0B3FBF2F10A4AD368D268C3F3CD
:1064B000062301FB03F3C2F3416201325200B3FB36
:1064C000F2F3D7E70549B1FBF2F1EDE70649B1FB7D
:1064D000F2F1E9E700100240541901080024F40029
:1064E0009C1901080C01032080969800DFF834D035
:1064F000FFF79AFF002103E00B4B5B584350043138
:106500000A480B4B42189A42F6D30A4A02E000238B
:1065100042F8043B084B9A42F9D30AF04FFCFAF7D1
:10652000F1F9FEE700000420D01901080000032063
:10653000780203207802032090590320FEE7000030
:10654000042010B500F0D4FCFFF778FF0020FFF71F
:10655000CDFE10B10124204610BD0446FFF728FCF3
:10656000204610BD034A044B11681B780B4413608E
:10657000704700BF442C032010010320014B186812
:10658000704700BF442C0320002330B583B0019333
:10659000002800F09E80856D0446002D00F09C8050
:1065A000226893689D0005D5936823F0204323F06B
:1065B0003F0393609368D80019D45C4B5C481B6818
:1065C00091689B09A0FB030321F010419B0921F076
:1065D0003F0101335B0041F0805191600193019BC9
:1065E0002BB1019B013B0193019B002BF9D19368D7
:1065F000D90064D40120A36D43F01003A365E36DBB
:106600000343E365936813F0040FA36D5DD1DB06CC
:106610005BD4A36D23F4817343F00203A3659368F5
:10662000DD0708D4434B9B6813F0010F424B9B6876
:1066300001D1D90763D5E568636B94F820102B432B
:10664000A568012943EA0503657E43EA453343EA29
:1066500001434FD0A16A21B1E56A01F47071294369
:106660000B43D568354929401943D16093681B070E
:1066700016D494F83030257ED1685B0043EA853328
:10668000E56C21F4804121F006012B430B43D360DC
:1066900094F83830012B3AD0136923F001031361C9
:1066A0002369012B1ED0136B23F00F031363A36D1B
:1066B00023F0030343F00103A36503B030BD9368E7
:1066C000002013F0040FA36DA1D0A36D43F01003BD
:1066D000A365012003B030BDFFF78CFBE56584F8AE
:1066E00054505DE7116BE36921F00F01013B0B434F
:1066F0001363DCE7616A013943EA4143AAE71049C1
:1067000065688B6823F47C132B438B6093E71169D6
:10671000E36B256C6FF38A012B430B43616C0B43D6
:10672000A16C0B4343F001031361B9E70C01032093
:10673000632D3E05008002420081024207C0F0FF47
:1067400000830242704700BF704700BF08B5806AEF
:10675000FFF7FAFF08BD00BF704700BF836A10B59E
:106760009A6D12F0500F9A6D1DD1196842F40072A3
:106770009A650A6812F0080FCA681BD012F4406FBD
:106780000DD1CA6894040AD49A6D22F480729A6575
:106790009A6DD10403D49A6D42F001029A651846AD
:1067A000FFF7D0FF10BDD2060AD4BDE810401B6D24
:1067B000DB6B18479007E7D51846FFF7C3FFF1E7F3
:1067C0001846FFF7C9FF10BD806A08B5836D43F016
:1067D00040038365C36D43F00403C365FFF7BCFF4B
:1067E00008BD00BF0022F0B583B0019290F854209C
:1067F000012A00F0F380034601201A6883F8540050
:106800009068400709D501209A6D42F020029A65F0
:10681000002283F8542003B0F0BD1F24486802F121
:10682000300500F01F0C4FEA901E08680EF00C0EA9
:10683000C0F3846000FA0CF004FA0CFC55F80E402A
:1068400024EA0C0C40EA0C0045F80E00906810F0A9
:10685000040F906835D1070733D4072408688D6882
:10686000C0F30456B440C00DB5F1004F6FEA040404
:1068700000F0040000F0FC8002F11407B5403E581F
:1068800034402C433C50506920F0004050610E6968
:10689000D468042E086800F0B88002F1600757F849
:1068A00026C0BA4D00F0F8400CEA05050543C4F3D4
:1068B000C10448696400A040284340F0004047F804
:1068C00026009068C60701D50020A1E7CE680C68B5
:1068D000AF48D2F8B05006F01807F840C4F31207DA
:1068E000204025EA07052843C2F8B000A94886429F
:1068F00026D0A9490C42E7D0A848A94986688D68E6
:10690000ED076ED4A74DAD68EF073FF57CAFA64D00
:1069100006F0E077AC4200F05F81A44DAC4200F09D
:106920007F81A34DAC42CFD17402CDD48A42CBD16A
:10693000826822F0E0723A4342F480028260C3E748
:10694000002F51D094FAA4F0002800F0D080B0FAC3
:1069500080F0013000F01F00092840F2C88094FA4E
:10696000A4F0002800F07281B0FA80F001308006B7
:1069700000F0F84094FAA4F5002D00F06C81012697
:10698000B5FA85F5354405F01F0506FA05F52843E7
:1069900094FAA4F4002C00F05C81B4FA84F401347D
:1069A00004F01F0404EB44041E3C240544F000746E
:1069B00007272043C50D8E6805F0040502F1140C6D
:1069C0005CF80540C0F30450864007FA00F024EA62
:1069D000000030434CF805000C688AE7022003B041
:1069E000F0BD704A92680EE70120A40E013404F055
:1069F0001F06A40604F0F845B040092E06EB460435
:106A000040EA0500D0D82405D2E7146E146EC0F316
:106A10001205C4F38464002D34D1C0F38466B442FB
:106A200000F08B80546E556E02F16004C5F38465EE
:106A300002F1640CB54200F09480A568A56804F1E9
:106A40000807C5F38465C0F38466AE4200F0B280E7
:106A5000E568E56804F10C06C5F38464C0F384605E
:106A6000A0427FF42EAF306820F00040306028E76D
:106A700002F1140635582C403450506940F0004063
:106A8000506104E790FAA0F51DB1B5FA85F5AC4266
:106A900053D0546E556E02F16004C5F3846502F163
:106AA000640C90FAA0F604F10807BE461EB1B6FACF
:106AB00086F6AE4257D0A568A568C5F3846590FAFE
:106AC000A0FC04F10C06B646BCF1000F03D0BCFAE2
:106AD0008CFCAC4570D0E568E468C4F3846490FA3B
:106AE000A0F000283FF4EDAEB0FA80F0B8E794FAD9
:106AF000A4F0002800F0A480B0FA80F001308006F5
:106B000000F0F84094FAA4F5002D00F097800126DB
:106B1000B5FA85F5354405F01F0506FA05F5284355
:106B200094FAA4F4002C00F08E80B4FA84F40134BA
:106B300004F01F0404EB440465E71446106E02F1F0
:106B4000640C20F0004044F8600F506E0868556EE9
:106B5000C0F31206C5F38465002EA2D1C0F384668B
:106B600068E704F1080EDCF80000774620F00040EA
:106B7000CCF80000A0680868A568C0F31206C5F349
:106B80008465002E3FF45FAF99E700BF00F0FF037C
:106B9000FFFF070000007F400000088000830242E2
:106BA0000080024200810242000052C7000084CBF4
:106BB0000100008004F10C0E3868764620F0004099
:106BC0003860E0680868E468C0F31205C4F38464C0
:106BD000002D3FF443AF82E736023FF575AE8A429F
:106BE0007FF472AE82681D4922F0E0723A4342F4AB
:106BF000000282600A681A499209A1FB02129209F6
:106C0000013202EB420292000192019A002A3FF403
:106C10005BAE019A013A0192019A002AF9D153E63A
:106C2000F5013FF551AE8A427FF44EAE826822F004
:106C3000E0723A4342F08072826045E602256EE7D8
:106C40004FF080605EE74FF44014B1E64FF0806093
:106C500090E6044CACE6022599E600BF0C01032047
:106C6000632D3E05000050FE002370B582B00193F5
:106C700003689A68D2072CD49968284A05461142BD
:106C80002AD19A68264922F0004222F03F0242F0BF
:106C900001029A608B681E0229D4FFF76FFC2B68F3
:106CA00006461A68D40714D41E4C9A68D00704D438
:106CB0009A68224042F001029A60FFF75FFC821B53
:106CC000022A2B6802D91A68D10705D51A68D2079B
:106CD000EBD5002002B070BD0120AB6D43F0100376
:106CE000AB65EB6D43F00103EB6502B070BD0E4B7D
:106CF0000E4A1B689B09A2FB03239B09013303EB8C
:106D000043039B000193019B002BC6D0019B013BD9
:106D10000193019B002BF9D1BFE700BF3F0000802A
:106D200000830242C0FFFF7F0C010320632D3E055C
:106D30002DE9F041364B05689B68AD6815F00405F8
:106D400016D1164690F854200446012A10D040F27D
:106D5000212C03F01F0801232CFA08FC1CEA030C69
:106D600080F8543007D180F854C00120BDE8F0818C
:106D70000220BDE8F0810F46FFF776FF002840D1E2
:106D8000A36D216823F4706323F0010343F480733F
:106D9000A365204B994237D0A36D23F48013A365DC
:106DA000A36D002513F4805318BFE36D206D18BF49
:106DB00023F00603E36533461C263A46164F40315E
:106DC000C762164F0763164FC76341F8406C84F8DB
:106DD000545051F83C5C45F0100541F83C5C51F8CA
:106DE000345C45F0010541F8345C00F017FA226884
:106DF000936823F0004323F03F0343F004039360C0
:106E0000B7E784F85450B0E7B8F1000FC8D1C3E732
:106E100000830242008102425D6700084D6700085E
:106E2000C967000890F85420012A46D00346002282
:106E30000120F0B42B4D1C689AB0AC42169283F836
:106E40005400179208D0996D83F8542041F0200126
:106E500099651AB0F0BC7047234A906840070BD57B
:106E6000A26801209A6D42F020029A65002283F800
:106E700054201AB0F0BC7047A0684507F1D40D68E3
:106E8000EDB11A4E4F68B06893F830C020F46040FE
:106E9000384340EA4C30B060A0689268C0070AD41A
:106EA000D70708D4B268896822F471620D4322F0D2
:106EB0000F021543B5600020D8E7022070470B4849
:106EC000816821F460418160A1689268CD07F2D4A5
:106ED000D407F0D4826822F4716222F00F0282603B
:106EE000E9E700BF008002420081024200830242C3
:106EF0004FF6FF0C06490302CA6803F4E06302EA96
:106F00000C02134343F0BF6343F40033CB6070477C
:106F100000ED00E01A4B00B5DB68C3F30223C3F1B8
:106F2000070EBEF1030F03F1030C28BF4FF0030E51
:106F3000BCF1060F1BD9A3F1040C4FF0FF3303FA89
:106F40000CF322EA03024FF0FF3303FA0EF321EAB7
:106F5000030303FA0CF313435B010028DBB209DBE4
:106F600000F1604000F5614080F8003300BD002270
:106F70009446E8E7034A00F00F000244137600BD90
:106F800000ED00E0FCEC00E0002807DB012300F04E
:106F90001F01034A40098B4042F82030704700BF70
:106FA00000E100E000280CDB01220649430900F063
:106FB0001F002033824041F82320BFF34F8FBFF3DF
:106FC0006F8F704700E100E0BFF34F8F0549064B1C
:106FD000CA6802F4E0621343CB60BFF34F8F00BF77
:106FE000FDE700BF00ED00E00400FA05002836D000
:106FF00038B5437F044603F0FF0263B302222379CE
:107000006277F3B92368174A5A619A6822F0180226
:107010009A6062798AB122691A6101219A68656968
:1070200022F060022A439A609A68A56922F08002E1
:107030002A439A606177002038BD4FF0FF321A6111
:10704000EBE72046D4E9021200F00EF808B92368F5
:10705000DFE7012038BD0277FEF748FFCEE70120C9
:10706000704700BFB71DC104CB071AD51E2310B44B
:1070700001E0013B17D321FA03FC1CF0010FF8D00B
:10708000182A11D8DFE802F0161010101010101096
:1070900024101010101010102110101010101010CB
:1070A0001400012070472AB101205DF8044B70479D
:1070B000062BF9D8046800206161A36823F0180347
:1070C0001343A3605DF8044B7047072BF2D9EBE73D
:1070D0000F2BEFD9E8E700BF11490368C26C8B4260
:1070E00088BF104922F0030294BF02F18041891841
:1070F0004FF0010210B4DBB20B4CA3F10803A4FB68
:1071000003430A4CC3F3041398BF01F5023102FA9A
:1071100003F3C0E9141483655DF8044B704700BFA6
:107120000704024020080240CDCCCCCC80080240AD
:1071300000285ED00268304B70B59A42044646D9AA
:107140002E4B2F491344A1FB03132E481B099B0010
:107150000221C4E91203D4E9025320692B430343FB
:10716000606984F825100343A06911680343E0694E
:107170006FF310110343206A03430B43204613604F
:10718000FFF7AAFFD4E91461B5F5804FA06D27D0B1
:107190006368DAB2013B032B3260486024D80121D6
:1071A0000020194B194D1344013A01FA02F2184913
:1071B0009B00E3656266256618604A64002301222D
:1071C000636484F8243084F82520184670BD114B80
:1071D0000B491344A1FB03131B090F489B00B7E79E
:1071E00000236360336048600023C4E9173363669B
:1071F000E4E70120704700BF07040240F8FBFDBF31
:10720000CDCCCCCC000402403F82001040090240AB
:1072100000090240F8FFFDBF00000240F0B590F801
:107220002440012C0AD04FF0010C90F8254080F842
:1072300024C0644504D0002380F824300220F0BD2F
:107240000026D0E9157C4FF0020E046880F825E096
:1072500046642668C56D26F001062660C7F804C09E
:1072600015B1D0E9186777600126C76C07F01C0CD0
:10727000876C06FA0CF67E6063608368102B036BE4
:107280000BBFA260A160E160E260B3B1236843F08C
:107290000E032360036D1A68D20303D51A6842F403
:1072A00080721A601DB12B6843F480732B602368D1
:1072B000002043F001032360F0BD236823F00403A2
:1072C0002360236843F00A032360E3E790F8252056
:1072D0000346022A06D004225A640022012083F8C1
:1072E00024207047026870B4046D1068D96C20F0D7
:1072F0000E00106020689E6C20F480702060106882
:1073000001F01C0120F0010010600122D3E91545B5
:10731000D86D8A407260656030B1D3E91814026894
:1073200022F4807202604C60012283F82520002242
:1073300083F82420002070BC704700BF90F82520FF
:107340000346022A03D0042201205A6470470268CF
:1073500070B5046D1068D96C20F00E0010601068D4
:107360009E6C20F0010010602268D86D22F48072BB
:1073700022600122D3E9154501F01C018A407260A8
:10738000656030B1D3E91814026822F4807202609B
:107390004C60012000211A6C83F8250083F824102A
:1073A0000AB118469047002070BD00BF0421F0B418
:1073B000C26C866C02F01C02356804689140294258
:1073C0000346276812D017F0040F0FD02268170465
:1073D00039D42268950603D4226822F00402226080
:1073E0001A6B716092B1F0BC1846104702219140AF
:1073F00029420DD0B8070BD5226812F4004F22683D
:1074000029D0D4033CD45A6B002AECD1F0BC70478D
:10741000082191402942F9D03907F7D52168002089
:1074200021F00E0121600121DC6B01FA02F2726091
:10743000596483F8240083F82510002CE6D0184600
:107440002346F0BC184771602268D60314D4036B3E
:10745000002BF6D1DAE7900606D4226822F00A0261
:107460002260012283F825200020DA6A716083F807
:107470002400002AB7D1C9E7836B002BE1D1C5E70F
:10748000DA6A002AAFD1C1E790F82500704700BF43
:1074900060B10368C8061A6805D5C9024CBF42F43A
:1074A000801222F4801200201A6070470120704779
:1074B000002800F0D78038B590F85C30044603F01F
:1074C000FF02002B70D02268936923F010039361B0
:1074D000FFF754F8054604E0FFF750F8401B0A2870
:1074E00059D823689A691107F6D49A6942F00102C3
:1074F0009A61FFF743F8054604E0FFF73FF8401BA9
:107500000A2848D823689A69D207F6D59A6960682C
:10751000574942F002029A610860227C012A9A6966
:107520000CBF22F0400242F040029A61627C012AC4
:107530009A690CBF42F4804222F480429A61A27C94
:10754000012A9A690CBF22F4805242F480529A6157
:107550009A69A06822F4407202439A619A69E168CC
:1075600022F0A4029A611A69012922F010021A611C
:107570001FD011B302299A6976D042F080029A6135
:107580001A69032942F010021A6116D19A6942F071
:1075900020029A6111E00322236E012043F00103CF
:1075A000236684F85C2038BD80F85D20FEF7B4FCCB
:1075B00089E79A6942F004029A61D4E90612013A15
:1075C0000139120242EA4162216AB0F5407F01F1BD
:1075D000FF3142EA0102616901F1FF3142EA0142F1
:1075E000DA610ED1D4E90B02A16A013A0138120125
:1075F000013942EA00220A43616A013942EA014242
:10760000DA60D3F8C020E06B616B0243C3F8C0209E
:10761000D3F88020174822F4F81242EA014220648D
:10762000C3F88020D3F88020A16B134D22F0706244
:1076300042EA01626564C3F88020104B104940356E
:10764000C4E91253F033C4E914134FF45472002107
:1076500009F04EFB00230122236684F85C201846C3
:10766000A36538BD0120704742F020029A61A4E76B
:1076700000A5004000AC004070AC004088AD004068
:1076800060AE004090F85C200346013A012A05D91B
:107690001A6E012042F002021A6670478A6870B4BE
:1076A000D1E9035448699207D1E9006156B942EA29
:1076B000C56202431B6C42EA0442002070BC43F8DE
:1076C000212070475B6C44EA457443F83140104315
:1076D00003EBC103586070BC00207047844690F8EB
:1076E0005C00012807D0DCF86030012043F004037F
:1076F000CCF86030704710B40198DCF8004040EAE4
:107700004303D4F8800043EA820242EA011120F0E8
:107710003F030B430020C4F880305DF8044B7047F2
:1077200090F85C200346012A05D01A6E012042F031
:1077300004021A6670470222002110B4046880F81F
:107740005C20A269084622F00102A2615DF8044BA8
:107750001966704790F85C300146022B17D1026819
:10776000936943F0010393619369DB0758BF0B23CF
:1077700013D49069C00710D4013BFAD103220B6ED9
:10778000012043F001030B6681F85C207047036E13
:1077900043F00803036601207047936923F0100348
:1077A000936193691B0748BF0B2305D590690007B8
:1077B00002D5013BFAD1E1E74FF0010C10B40024EF
:1077C0009369204643F00203936181F85CC08C65A5
:1077D0005DF8044B704700BF88B110B50446FFF751
:1077E000B9FF22682046D36D23F00303D365FEF76B
:1077F000F5FB0023236684F85C30184610BD012099
:10780000704700BFF0B590F85C308646022B0BD174
:107810000568D5F8C43013F4001C0BD0036E43F494
:10782000007303660120F0BD036E43F00803036696
:107830000120F0BDD5F8C4604B680C6988680F68FA
:10784000C6F30146002B37D1044344EA8744D1E90B
:1078500006030343486906EBC6070343086A43EA85
:107860000063C86843EA0043DEF8540040F837403C
:1078700000EBC7004360134CCB68E35CA3B1937883
:10788000D7781B0443EA0763177804323B4312F8A6
:10789000037C43EA07230CEB0007BB60CB680CF1C9
:1078A000040CE35C9C45EAD30123B340C5F8CC301B
:1078B0000020CEF85830F0BD3C43044344F08044EF
:1078C000C5E700BFAC1901082DE9F04190F85C4014
:1078D000022C64D1402905686DD0D5F8984027075F
:1078E00064D0D5F89870D5F89840C7F30128E60120
:1078F00007D5D5F88040E40544BF08F1010707F03B
:107900000308C46C08EBC80604EBC604266806F03E
:1079100080465660D4F800C0002E66D1CCF38A466B
:107920001660266806F000569660266806F0004647
:107930001661A688D661B4F806C00CF00F0CC2F828
:107940000CC0666806F480165661666806F4001678
:107950009661E67906F07F061662274E676816F88C
:107960000CE04FEAD77CC2F824C0BEF1000F10D063
:10797000013B04F1070EF4461EF8015FACF1060C62
:1079800003F8015FD568ACEB040C755D6545F2D872
:10799000056840292CD0C5F89C80002004E0036EC7
:1079A00043F0080303660120BDE8F081036E43F451
:1079B00080730366F7E7D5F890402707F6D0D5F82F
:1079C0009070D5F89040C7F30128E60107D5D5F8A7
:1079D0008040A40544BF08F1010707F00308846C48
:1079E00008EBC80604EBC60490E72CF0604697E766
:1079F000C5F89480D1E700BFAC19010803461B68A5
:107A000030B45B6C002003F00704C3F30222C1E929
:107A10000042C3F34014C3F38012C1E90342C3F32D
:107A2000C014C3F3C022C1E90542C3F30034C3F359
:107A3000403203F01805C1E90742C3F38032C3F3B3
:107A400006438D60C1E9092330BC7047034630B45A
:107A50001B6800201B6CDCB2C3F3C035C3F30622E5
:107A6000C3F30743C1E900428D60CB6030BC70476F
:107A70000368D3F8C40000F007007047034690F88D
:107A80005C000138012805D91A6E012042F002027B
:107A90001A6670471B6870B411F00705986D01F005
:107AA000380420D0C6071ED4DD6D45F00105DD6524
:107AB0000CB384071FD5D86D40F00200D8650C06C2
:107AC00004D5D3F8DC001043C3F8DC00C80504D5A6
:107AD000D3F8E0000243C3F8E0205A6D002070BCE8
:107AE0000A435A65704704B386071ED4DE6D46F01C
:107AF0000106DE6525BB11F4E07F01D04607DAD42C
:107B000011F4F05F01D00507D5D411F4604F01D016
:107B1000C406D0D411F4403F01D08606CBD411F472
:107B20007C0FCCD04506C6D4C9E711F4E07F0AD05B
:107B3000460708D4DE6D46F00106DE65002DB7D09D
:107B4000C507B5D5B7E711F4F05F01D00607F1D549
:107B500011F4604F01D0C606ECD511F4403F01D0BE
:107B60008606E7D511F47C0FE8D04606E2D5002D55
:107B70009ED0E5E7704700BF704700BF704700BF69
:107B8000704700BF704700BF704700BF704700BF1D
:107B90002DE9F84F036804461A6D596D02EA010A8F
:107BA0001A6D596D0AF4E05A02EA01091A6D596D0D
:107BB0001E6D02EA01085A6D1F6D16405A6DD3F80A
:107BC00054B01D6D1740690609F0070908F0380820
:107BD00006F4710607F4602702D51BF0400F73D13D
:107BE000EA0502D51BF4807F5DD1BAF1000F4AD1BE
:107BF000B9F1000F35D1B8F1000F3CD1AB0502D57A
:107C00001BF4007F75D1280602D51BF0800F78D1B8
:107C1000A90402D51BF4005F5BD12A0402D51BF432
:107C2000004F5ED16B040AD51BF4804F07D04FF490
:107C3000804223681A65236E43F0800323664FB9A0
:107C400026B123681E65236E33432366236E2BBB48
:107C5000BDE8F88F2368394620461F65FAF7D6F944
:107C6000EEE7236849462046C3F85090FAF71CF91E
:107C7000B8F1000FC2D0236841462046C3F85080B7
:107C8000FFF77AFFBAE7236851462046C3F850A0B1
:107C9000FFF770FFB9F1000FADD0E2E72046FAF729
:107CA00099F9BDE8F88F4FF4807223682046D3F825
:107CB000D8C0D3F8E0101A650CEA0101FFF760FFA5
:107CC000BAF1000F94D0DEE740221A65FFF75EFF9D
:107CD00086E74FF40052236820461A65FFF752FFEB
:107CE0009BE74FF40042236820461A65FFF74CFFDC
:107CF00098E74FF40072236820461A65FFF73EFFAD
:107D000081E7802223682046D3F8D4C0D3F8DC1062
:107D10001A650CEA0101FAF741F979E7006E70473C
:107D2000064B9A6A002A01DB002070470449054A85
:107D300099609A60986AC00F704700BF00200240A7
:107D400023016745AB89EFCD044B9A6A42F00042AC
:107D50009A62986AC043C00F704700BF002002407B
:107D6000064B986A10F0804006D00549054A196113
:107D70001A61986AC0F38070704700BF002002400B
:107D80003B2A19087F6E5D4C054B9A6A42F080428F
:107D90009A62986A80F08040C0F38070704700BF9C
:107DA00000200240034A0120936A43F0006393627B
:107DB000704700BF0020024070B5164C0546FEF724
:107DC000DDFB236ADE0306D56A1C18BF064612D106
:107DD000236AD803FCD442F2FA010E4A136A0B401C
:107DE00010D1136A0020DB0744BF0123136270BD6A
:107DF000236AD903EFD5FEF7C1FB801BA842F7D356
:107E0000032070BD044C0120616813621943616056
:107E100070BD00BF00200240180103202DE9F04191
:107E20001A4C94F800C0BCF1010F2CD098460123E5
:107E30002370002307464FF47A700D4616466360A0
:107E4000FFF7BAFF18B100232370BDE8F081A760E7
:107E5000EFF3108272B60E4FBB6A43F00103BB62B0
:107E60002E60BFF36F8FC5F8048082F310884FF443
:107E70007A70FFF7A1FFA268BB6A22F0004223EAF2
:107E80000203BB62DFE70220BDE8F0811801032096
:107E9000002002400E4B1A6C510212D5C20703D5C6
:107EA0009A6A42F004029A62830704D5084A936AE8
:107EB00043F400439362064A936A43F48033936227
:107EC00070479A6A42F4004242F004029A62F2E772
:107ED0000020024070B58E4D2B78012B20D001225E
:107EE000002304464FF47A702A706B60FFF764FF3A
:107EF00098B92068C10700F1C480820712D44307F3
:107F000019D4030700F1AF80824A4FF47A70936A64
:107F100043F400339362FFF74FFF00232B7070BDD3
:107F2000022070BD7B4A2169136C23F0FF030B43D1
:107F300013644307E5D5D4E9052612F0010316BF03
:107F40004FF4E061194606EA010312F0020F05D072
:107F500006F4805C41F4805143EA0C0312F0040FF4
:107F600005D006F4005C41F4005143EA0C0312F022
:107F7000080F05D006F4804C41F4804143EA0C031D
:107F800012F0100F05D006F4803C41F4803143EA32
:107F90000C0312F0200F05D006F4003C41F4003130
:107FA00043EA0C0312F0400F05D006F4802C41F494
:107FB000802143EA0C0312F0800F05D006F4002C58
:107FC00041F4002143EA0C0312F4807F05D006F44B
:107FD000801C41F4801143EA0C0312F4007F05D0A9
:107FE00006F4001C41F4001143EA0C0312F4006F84
:107FF00005D006F0807C41F0807143EA0C0312F456
:10800000805F05D006F0007C41F0007143EA0C036C
:1080100012F4005F05D006F0806C41F0806143EA05
:108020000C0312F4804F05D006F0006C41F00061A3
:1080300043EA0C0312F4004F05D006F0805C41F0D7
:10804000805143EA0C03D20304D506F000463343C3
:1080500041F000412F4E326C22EA01021343336497
:1080600003077FF551AFD4E90732012B48D0022B2B
:108070007FF44AAF27498B6C03F07F0313438B6473
:1080800042E76368D4E90212013B072B3FF635AFA4
:1080900001A656F823F000BFEF800008DD8000083D
:1080A000FB7E0008CB800008FB7E0008FB7E0008FA
:1080B000FB7E0008B9800008164EF36E23F07F1394
:1080C0000B4343EA0243F36617E7124EB36E23F005
:1080D0007F130B4343EA0243B3660EE70D4EF36D85
:1080E00023F07F130B4343EA0243F36505E7094E90
:1080F000B36D23F07F130B4343EA0243B365FCE601
:1081000004494B6C03F07F0313434B64FCE600BF50
:108110001801032000200240062243680260082B59
:1081200004D84FF48B72DA40D20717D4334B1B6C50
:10813000DBB2AA2B05D0552B03D0CC2B0CBFCC2304
:10814000BB232E49C26903610B6C02F1FF3C23F093
:10815000FF03BCF1010F836118D970470722013B6F
:108160000260072BE2D801A252F823F0DF81000859
:10817000CB8100082D810008B78100082D810008FF
:108180002D8100082D810008A38100080368012AC1
:1081900043F0080303602CD08B6C23F07F03036251
:1081A0007047164AD36E03F07F038360D36EC3F328
:1081B0000643C360BAE7114A936E03F07F038360FE
:1081C000936EC3F30643C360B0E70C4AD36D03F06C
:1081D0007F038360D36DC3F30643C360A6E7074AFA
:1081E000936D03F07F038360936DC3F30643C36015
:1081F0009CE74B6C23F07F03036270470020024032
:108200000F4B1A6C12F4800F9A6A01D0C90712D56D
:1082100022F400629A620A4A936A23F47E7323F07E
:10822000020343EAC00343F002039362936A43F4F8
:1082300080339362704742F400629A62EBE700BFBA
:10824000002002402DE9F041274E3378012B3DD02C
:108250000122002304464FF47A708846327073601E
:10826000FFF7AAFD074660BB48F204022368B3602B
:1082700023F0004393422DD04FF0FF33C8F8003075
:10828000D4E902532B449D4206D312E00135D4E9D0
:1082900002321344AB420CD928466168FFF7B0FFA5
:1082A0004FF47A70FFF788FD0028EFD00746C8F832
:1082B00000500E49B2688B6A22F0004223EA0203A2
:1082C0008B62002333703846BDE8F08102273846C0
:1082D000BDE8F0816068FFF7DDFD4FF47A70FFF7CD
:1082E0006BFD0746E5E700BF1801032000200240B0
:1082F0002DE9F04F0C6883B0002C00F09080002333
:108300008946774F012202FA03F515EA040800F0C6
:1083100081800326D9F8041003FA02F201F0030E5B
:108320000EF1FF3A06FA02FCBAF1010F6FEA0C0CEB
:10833000D9F8086076D9BEF1030F01D1012E05D01E
:10834000C568964005EA0C052E43C66005680EFA1E
:1083500002F205EA0C052A4311F4403F026059D0AD
:108360004FF00F0C23F0030202F1804202F53D3280
:1083700003F00306156EF6000CFA06FC25EA0C0E57
:10838000584DA84222D005F58065A84200F08C80A7
:10839000554DA84200F08F80DFF850C160457CD079
:1083A000DFF84CC1604500F08D80DFF848C16045C2
:1083B00000F08F80DFF840C160450CBF4FF0060C25
:1083C0004FF0070C0CFA06F64EEA060E6FEA0805A7
:1083D000C2F860E03A68CE0254BF2A4048EA02027E
:1083E0003A607A688E0254BF2A4048EA02027A60F4
:1083F000D7F884208E0354BF2A4048EA0202C7F807
:108400008420D7F88020C90354BF2A4048EA0202DA
:10841000C7F88020013334FA03F27FF473AF03B05E
:10842000BDE8F08F9640D0F808B00196D9F80C60FE
:108430000BEA0C0B06FA02FA4AEA0B0AC0F808A08B
:10844000D0F804A0019E2AEA050AC1F300159D4058
:1084500045EA0A054560C568BEF1020F05EA0C054C
:1084600046EA0506C6607FF471AFD9F8105003F0F4
:108470000706B600B54001950F254FEAD30A00EB79
:108480008A0ADAF820B005FA06F6019D2BEA060BF7
:1084900045EA0B05CAF8205058E74FF0030C0CFAD8
:1084A00006F64EEA060E91E74FF0010C0CFA06F6BE
:1084B0004EEA060E8AE74FF0020C0CFA06F64EEA78
:1084C000060E83E74FF0040C0CFA06F64EEA060E91
:1084D0007CE74FF0050C0CFA06F64EEA060E75E73F
:1084E00000F402400000024200080242000C024276
:1084F000001002420014024200180242002900F05B
:1085000095802DE9F04F00234FF00F094FF0030A3B
:10851000474E01229A4012EA010E69D023F003056A
:1085200005F18045434F05F53D3503F00304D5F8CB
:1085300060C0E40009FA04F8B84208EA0C0C1BD049
:1085400007F58067B84259D03B4FB8425AD03B4FED
:10855000B84261D03A4FB84263D0DFF8E8B058452E
:1085600055D0DFF8E4B058450CBF4FF0060B4FF084
:10857000070B0BFA04F400E00024A44517D1D6F849
:10858000804024EA0E04C6F88040D6F8844024EAED
:108590000E04C6F88440746824EA0E0474603468DB
:1085A00024EA0E0434602C6E24EA08042C66046865
:1085B0005D000AFA05F52C434FEAD30C046000EB8A
:1085C0008C0C03F00704DCF820E0A40009FA04F4A2
:1085D0002EEA0404CCF82040846824EA0504846070
:1085E000446824EA02024260C26822EA0502C260CC
:1085F000013331FA03F28CD1BDE8F08F012707FA7D
:1086000004F4BAE74FF0020B0BFA04F4B5E74FF0AD
:10861000050B0BFA04F4B0E74FF0030B0BFA04F46C
:10862000ABE74FF0040B0BFA04F4A6E7704700BF6A
:1086300000F402400000024200080242000C024224
:108640000010024200140242001802420AB1816185
:1086500070478162704700BF002855D038B590F848
:108660004130044603F0FF02002B48D0D4E9003229
:10867000242184F84110196822F0706221F0010170
:10868000E568A06819601A619A68012D22F4004219
:108690009A6009D040F40440022D986007D15A68CE
:1086A00042F400625A6006E040F4004098605A6864
:1086B00022F400625A6000214FF0200C5A6842F008
:1086C000007242F400425A60DA6822F40042DA6032
:1086D000D4E904200243A06942EA0022DA60D4E926
:1086E000072002431A601A68084642F001021A6025
:1086F000616484F841C0216384F8421038BD80F879
:108700004020FDF789FCB1E70120704770B50446B1
:1087100090F8410084B000F02800282802D0012001
:1087200004B070BD002937D0002A35D0256894F8F0
:108730004100286820F0FA00286094F840000128E1
:108740002ED0012084F8400094F841002A2829D036
:10875000292084F84100202084F842000020606431
:10876000686820F4004068606285608DE362254A95
:108770006162A969AB696263DA03208503D50B07DF
:1087800044BF0823EB61002084F840002B6843F0CD
:10879000FA032B6004B070BD4FF400736364BEE74E
:1087A0000220BDE794F841002E6800F02800282838
:1087B00014BF6FF0F4006FF0440030402860286868
:1087C0000004C5D5286820F400402860E06B00282C
:1087D000BED00D4DCDE9022305640191FEF7AEFD3B
:1087E000DDE90112039B08B92568B1E7E06BCDE92B
:1087F0000223056C0191A847DDE902232568019950
:10880000A6E700BFC58E0008BD8A000830B5044643
:1088100090F8410085B000F02800282802D00120FF
:1088200005B030BD002937D0002A35D0256894F82E
:108830004100286820F0FC00286094F840000128DE
:1088400053D0012084F8400094F84100292827D013
:108850002A2084F84100202084F84200002060642F
:10886000686820F4004068606285608DE362254A94
:108870006162A969AB696263DA03208503D40B07DF
:1088800044BF0823EB61002084F840002B6843F0CC
:10889000FC032B6005B030BD4FF400736364BEE78A
:1088A00094F8410000F02800282814BF6FF0F20C63
:1088B0006FF0420C286800EA0C0028602868400429
:1088C000C6D5286820F480402860A06B0028BFD05F
:1088D0000D4DCDE9022305640191FEF72FFDDDE981
:1088E0000112039B18B92568B2E7022098E7A06B34
:1088F000CDE90223056C0191A847DDE90223256833
:108900000199A5E7C58E0008BD8A000890F84120AE
:10891000202A01D0022070470346282110B40268A3
:10892000054C83F841105C631368002043F0B803E2
:108930005DF8044B13607047C58E00080268436BF6
:108940009169126803B11847704700BF002201689F
:1089500010B50B6880F842205A040CD50B6823F43C
:1089600080430B6090F84130292B0ED090F84130B5
:108970002A2B24D010BD1B04F4D50B6823F400432C
:108980000B6090F84130292BF0D14FF0280C2123B7
:1089900080F841C0036390F84130002203EA0C03E1
:1089A000634514BF6FF0F20C6FF0420C0B6803EAE2
:1089B0000C030B6080F84020F8F71CFB10BD282446
:1089C000222380F84140036390F841300022234085
:1089D000A34214BF6FF0F4036FF044030C6823400C
:1089E0000B6080F84020F8F7FDFA10BD70B5046800
:1089F000C368A169A269022B4FEA1242A5688446A6
:108A0000E668C1F3004102F0FE020FD182EAD513FD
:108A100013F00603C5F3090206D1856C01358564A0
:108A2000856C022D0CD070BD06F0FE020025236877
:108A300023F0B80323608CF84050F8F7DDFA70BDDE
:108A400008258364E56180F84030F8F7D5FA70BDF9
:108A50000023202210B5174C4363C462036380F8DF
:108A6000412080F842304B0712D50268436A526AAF
:108A70001A70436A028D013343624AB1438D013A51
:108A8000013B9BB24385436C028543F0040343647E
:108A900010240021036890F8412090F841201A68C2
:108AA00022F0FE021A60DC6180F84010F8F7CAFA82
:108AB00010BD00BF0000FFFF704700BF806A08B50F
:108AC000836B0BB100221A64C36B0BB100221A64D2
:108AD00090F84130602B4FF0000305D0036380F81D
:108AE0004030F8F7B3FA08BD202280F8403080F813
:108AF00041200363FFF7E0FF08BD00BF70B500250C
:108B0000554B90F8412080F84250C3624585436C34
:108B1000283A0B43022A43640446036833D890F88A
:108B2000411090F8412001F02801282908BF462172
:108B300002F0280218BFF621282A0CBFC9436FF0A3
:108B4000F60128201A680A4044491A6084F8410056
:108B5000A06B226B616318B1112A3ED0212A3CD050
:108B6000E06B18B1122A4ED0222A4CD094F8413032
:108B7000602B4FF0000365D02046236384F840301B
:108B8000F8F764FA70BD90F8412090F841201A6817
:108B900022F0FE021A609A69920748BF9D629A69A4
:108BA000D60703D49A6942F001029A6194F84120F1
:108BB000602A10D0202284F841209A6995060AD5AF
:108BC0009A69D00605D51022DA61626C42F004027F
:108BD00062642022DA610021BAE71A6851042CD4B9
:108BE000FEF752FC0128C1D00023A06B1C4A02648E
:108BF00084F84030FEF7A2FB0028C3D0A06BBDE88C
:108C00007040036C18471A68120403D51A6822F4DE
:108C100000421A60FEF738FC0128A7D00023E06B61
:108C20000F4A026484F84030FEF788FB0028A9D080
:108C3000E06BBDE87040036C18471A6822F480426C
:108C40001A60CDE72022204684F8412084F8403085
:108C50002363FFF731FF70BD0000FFFFC58E0008E2
:108C6000BD8A0008036810B49A69196812F4807FFD
:108C700002F4806408D0090626D4416C11F00B0F71
:108C800019D15DF8044B7047CCB10906F5D54FF406
:108C90008064416C920541F008014164DC61ECD5CF
:108CA0004FF40071426C42F002024264D961416C9F
:108CB00011F00B0FE5D05DF8044BFFF71FBF9405D3
:108CC000DBD50A06ECD4D8E7416C41F001014164E0
:108CD0004FF48071D961002CD9D19405CDD5DFE74F
:108CE00070B50446202603680D461968C06A94F8DA
:108CF0004120DE61213A092A0ED8DFE802F077052B
:108D00000D0D0D0D0DAA7705222694F841201A6845
:108D100022F0FC021A6026635A68684E42F4004250
:108D20005A605A6832405A609A69920744BF0022DA
:108D30009A629A69D60703D49A6942F001029A614D
:108D40004A043BD51A6822F480421A60A26B1AB119
:108D50001268526892B262856A070AD55A6A636AD3
:108D600025F004051A70636A01336362238D002BBA
:108D700068D1638D9BB21BB1636C43F004036364E1
:108D8000EB0601D5CE063AD4002384F84230666C57
:108D90006363002E68D1E36A494DAB4218D194F861
:108DA00041302046222B4FF0200384F8406084F8A5
:108DB0004130266376D0F8F71DF970BD0E04CBD58F
:108DC0001A6822F400421A60E26B002AC0D1C3E79D
:108DD0002046FFF7BBFD2023E562204684F84130A2
:108DE00084F840602663F8F72DF970BD212694F8C9
:108DF00041201A6822F0FA021A6026638CE7638D1C
:108E00009BB2002B3ED194F84130282B4DD094F8E2
:108E100041202368292A4FF01002DA61B4D110F5FD
:108E2000803FB1D09A69910744BF00229A629A6943
:108E3000D20703D49A6942F001029A612046FFF7F3
:108E400085FDA1E7013B2385638D013B9BB26385D3
:108E50008FE7002694F8412094F841201A6822F008
:108E6000FE021A60266357E72046616CFFF746FE54
:108E700094F84130282BA0D129462046BDE8704007
:108E8000FFF7E6BD10222368DA61636C43F0040348
:108E9000636430F080737FF477AF2046616CFFF736
:108EA0002DFE71E7F8F79EF870BDB0F1007FAED1EE
:108EB00029462046FFF7CCFD66E700BF00E800FE2C
:108EC0000000FFFF38B590F840C0C56ABCF1010F43
:108ED00070D04FF0010C11F0200F04460B4680F8C3
:108EE00040C002D012F0200F53D1D80617D5D106BA
:108EF00015D5628D92B2002A5ED194F84120282ABD
:108F000000F0818094F841202368292A4FF0100254
:108F1000DA6164D00023184684F8403038BD590720
:108F200019D4190701D510073AD49907F2D5930738
:108F3000F0D5638D9BB2002B4DD0616A236811F888
:108F4000010B228D9862638D013A013B9BB26162F5
:108F500063852285DEE75007E3D5638D9BB26BB155
:108F60002268636A526A1A70638D616A228D013BBE
:108F70000131013A9BB2616222856385638D9BB2A8
:108F8000002BC7D115F5803FC4D02046FFF7DEFC8B
:108F9000C0E7FFF7A5FE0023184684F84030BDE780
:108FA00094F8413003F02803282B28D008222368A6
:108FB000DA61AFE7022038BD10222368DA61636C02
:108FC00043F00403636435F08073A3D12046616CE1
:108FD000FFF794FD9EE735F080739BD1D5E715F53B
:108FE000803F97D09A69950744BF00229A629A6998
:108FF000D007CAD49A6942F001029A61C5E72046B7
:10900000FFF7F4FC86E7B5F1007F7FF47BAF1946EC
:109010002046FFF71DFD7DE7406C704790F841202A
:10902000202A22D15FFA82FC90F840200346012AD0
:109030001BD0242000B54FF0000E1A6883F84100C1
:10904000106820F001001060106820F4805010605B
:109050001068014311601168704641F00101116010
:1090600083F841C083F840E000BD0220704700BF94
:1090700090F84120202A21D100B55FFA82FE90F8B5
:1090800040200346012A1BD024204FF0000C1A6810
:1090900083F84100106820F001001060106820F48F
:1090A000706040EA012111601168604641F00101E1
:1090B000116083F841E083F840C000BD0220704792
:1090C000022000BD08490B6813F001030AD10246D3
:1090D00010B40C68184624F0040313435DF8044BE5
:1090E0000B6070470120704700040340034A0020D2
:1090F000136843F001031360704700BF000403408E
:10910000002844D070B590F89132064603F0FF0273
:10911000C3B30323306886F8913202F0B7FF357984
:10912000FDB100213346324601200C461174013155
:10913000A942C2E908445074D47442F8284FF5D1CA
:1091400000210A4683F850110131A942C3E958228F
:1091500083F8512183F85321C3F8682103F12803D0
:10916000F0D1334653F8040B93E8060002F098FF61
:1091700001220021B37A3173934286F8912208D0FC
:10918000002070BD80F89022FDF742F8C1E7012071
:109190007047304600F0B4FE002070BD2DE9F84F56
:1091A0000546006803F0F0FB10F400442BD14305A2
:1091B00000F17C8247041BD410F4005140F09382EC
:1091C000C60400F1BD81040500F19284010600F19E
:1091D0006484820500F1CE84C30512D52A68B2F8F2
:1091E000443023F480731B041B0CA2F8443008E0C5
:1091F0002A68B2F8443023F480431B041B0CA2F805
:109200004430BDE8F88F2868B0F844301904F8D528
:10921000B0F84440A1B214F00F0436D111F010019F
:1092200000F0E180018811F400648BB200F0AA80A4
:1092300095F85021B0F8503000EBC20212FA83F3D7
:10924000B3F80634C3F30903082BC5F86C3140F0BA
:109250006B84B5F8562105F5267103F0A9FB40F69D
:109260008F732A68284611880B4043F080031380CF
:1092700007F06EFC2868B0F844301904C1D5B0F886
:109280004440A1B214F00F04C8D030F82430A70035
:109290001FFA83F81B0439D418F0800FB4D030F8CB
:1092A00024309BB223F4E14323F0700343F40043E2
:1092B00020F824303B1905EBC302D17CDB000129E7
:1092C00000F0EB80117C18F48079D2F828E04FEAA6
:1092D000C10C40F05881B0F850401CFA84F40444AA
:1092E000B4F80244C4F30904744580F00381AEEB82
:1092F000040110339162E918536A23445362D36A1C
:109300002344D36203F012F928687DE740F68F7397
:1093100030F824203919134043F0800320F824301A
:1093200005EBC10191F85C3191F85021002B40F020
:109330008580B0F85030D20012FA83F30344B3F8BA
:109340000694C9F30909B9F1000F40F0E481391915
:1093500005EBC103D3F86C21C9004A44C3F86C2162
:10936000D3F8682122B1D3F860214A4540F2C68182
:109370003B1905EBC303284693F8501107F0FAFB9D
:10938000286889E71A047FF53FAF40F68F7302889B
:10939000134043F08003038095F85021B0F850301B
:1093A00000EBC20212FA83F3B3F80634C3F30903E5
:1093B000C5F86C31002B00F0B480D5F86411002999
:1093C0003FF422AFB5F8562103F0F2FAD5F8643134
:1093D000D5F86C21284613442146C5F8643107F0BE
:1093E000C9FB286810E703889BB223F4E14323F00C
:1093F000700343F4004303802A7CB0F8503000EB44
:10940000C20212FA83F3B3F802346A6AC3F309039F
:109410001A442846EB626A6207F0B6FB2B7B286889
:10942000002B3FF4F1AEAB6A002B7FF4EDAE2A7B4C
:1094300042F08002A0F84C202B73E5E691F85331FE
:10944000022B00F0508230F822309BB223F4E0432C
:1094500023F0700343F4004343F0C00320F82230AC
:1094600091F8503130F82320DB0012F4804FB0F82F
:10947000502013FA82F3034443D0B3F80294C9F3A3
:109480000909B9F1000F3FF462AFB1F858214B461A
:10949000D1F8641103F08CFA59E70021631C03EB47
:1094A000830345F83310137FDBB118F04008537C79
:1094B00000F00A82002B40F05F82117CB0F850303F
:1094C00000F2024010FA83F333F83120C2F30902AC
:1094D00023F8312033F8312092B242F4004223F8CD
:1094E0003120274405EBC7072846397C07F04CFBA1
:1094F000286889E62846C2F8289007F045FB2868C6
:1095000082E6B3F80694C9F30909B9F1000F3FF4F4
:109510001EAFB1F85A214B46D1F8641103F048FA56
:1095200015E7038823F4804323F070031B041B0C0E
:1095300083F4405343F4004343F08003038063E625
:109540002A68B2F8403023F004031B041B0CA2F875
:109550004030B2F8403023F008031B041B0CA2F883
:10956000403095F8C832012B00F01283284607F0EE
:109570003BFB2A68B2F8443023F480531B041B0CD5
:10958000A2F844303DE608F4804918F04008B0F8ED
:10959000503000F0C88000F2024818FA83F333F824
:1095A0003130C3F3090373454AD34FF0000C537CA9
:1095B000C2F828C0002B40F0F882B0F8503018FAFA
:1095C00083F333F83120C2F3090223F8312033F852
:1095D000312092B242F4004223F83120B0F85030EA
:1095E00000F2064212FA83F333F83120C2F3090283
:1095F00023F8312033F8312092B242F4004223F8AC
:1096000031203B1905EBC303DB7C022B0FD130F873
:10961000213023F4E04323F040031B041B0C83F0B0
:10962000200343F4004343F0800320F82130284610
:1096300007F0AAFA2868B9F1000F3FF4E5ADCBE0D6
:10964000AEEB030EC2F828E0B9F1000F0FD030F8EE
:1096500021E02EF4E04E2EF0700E4FEA0E4E4FEA4F
:109660001E4E4EF4404E4EF0800E20F821E007EBE7
:10967000040E05EBCE0E9EF83490B9F1010F00F008
:10968000CB81274405EBC7073A7C30F8223023F41E
:10969000E04323F040031B041B0C83F0300343F42E
:1096A000004343F0800320F82230ADE52A682846C5
:1096B000B2F8443023F480631B041B0CA2F844303E
:1096C00007F070FA95F89032012B3FF49AAD012320
:1096D000214628682C7385F8903203F04FF985F8FD
:1096E0009042BDE8F88F2A68B2F8443023F4005362
:1096F0001B041B0CA2F84430BDE8F88FD3F864219A
:1097000001F5A8714A4428682944C3F8642102F08D
:109710000DFF2868C0E5B1F856214B46D1F8641119
:1097200003F046F913E600F2064A1AFA83F333F817
:109730003130C3F30903734561D9C2F828803B195E
:1097400005EBC3035B7C002B40F04182B0F8502056
:1097500000F2024313FA82F232F83130C3F3090304
:1097600022F8313032F831306FEA43436FEA534325
:109770009BB222F83130B0F850201AFA82F232F857
:109780003130C3F3090322F8313032F831306FEA57
:1097900043436FEA53439BB222F831303B1905EB48
:1097A000C303DB7C022B0FD130F8213023F4E043DC
:1097B00023F040031B041B0C83F0200343F40043FD
:1097C00043F0800320F82130284607F0DDF92868AF
:1097D000B9F1000F7FF418AD3B1905EBC3031A7CF8
:1097E00030F8223023F4E04323F070031B041B0CF9
:1097F00043F4404343F0800320F8223004E5AEEB0D
:10980000030EC2F828E0BEF1000F98D0B9F1000FA6
:109810000FD130F821E02EF4E04E2EF0700E4FEA1A
:109820000E4E4FEA1E4E4EF4404E4EF0800E20F883
:1098300021E007EB040E05EBCE0E9EF83480B8F164
:10984000010F7FF41EAFDEF8246006EB0308CEF8AC
:109850002480D66A06EB0309C2F82C90DEF830901B
:10986000DEF820209145C0F0D081A9EB0203CEF8AC
:10987000303093B207EB040E05EBCE0E9EF811B01C
:10988000BBF1000F40F0B681B0F850E01AFA8EFE3E
:109890003EF83190F444C9F309092EF83190002ABA
:1098A00040F0E4813EF831206FEA42426FEA5242D2
:1098B00092B22EF831203A1905EBC2024146528B82
:1098C00003F066F82868DCE6002B62D0012B7FF4F9
:1098D00008AEB0F85030127C00F2064010FA83F364
:1098E00023F83280FDE5B0F850C04FEAC20919FAFA
:1098F0008CFC18F4804ED1F8683184444FD0BCF809
:1099000002C4CCF3090C9C45E14600F24781A3EB6D
:109910000C03C1F868317BB930F8221021F4804182
:1099200021F070010904090C81F4005141F4004157
:1099300041F0800120F8221018F0400F0DD030F8CF
:10994000223023F4E04323F070031B041B0C43F488
:10995000004343F0C00320F82230BCF1000F3FF475
:10996000F6AC391905EBC101B1F858216346D1F8BD
:10997000641103F01DF8EAE4012B7FF4B2ADB0F8F6
:109980005030127C00F2024010FA83F323F83210B8
:10999000A7E5B0F85030117C00F2064092E5BCF823
:1099A00006C4CCF3090C9C45E14600F2FB80A3EB16
:1099B0000C03C1F868317BB930F8221021F48041E2
:1099C00021F070010904090C81F4005141F40041B7
:1099D00041F0800120F8221018F0400F0DD130F82E
:1099E000223023F4E04323F070031B041B0C43F4E8
:1099F000004343F0C00320F82230BCF1000F3FF4D5
:109A0000A6AC391905EBC101B1F85A216346D1F86A
:109A1000641102F0CDFF9AE4DEF8246006EB03093E
:109A2000CEF82490D66A06EB030AC2F82CA0DEF822
:109A300030A0DEF820209245C0F0F980AAEB0203A6
:109A4000CEF8303093B207EB040E05EBCE0E9EF845
:109A500011B0BBF1000F40F0DF80B0F850E018FA11
:109A60008EFE3EF83180F444C8F309082EF83180A8
:109A7000002A40F022813EF831206FEA42426FEA2C
:109A8000524292B22EF831203A1905EBC2024946F1
:109A9000128B02F07DFF2868F3E52A68B2F84430A3
:109AA00023F080031B041B0CA2F8443095F8C83245
:109AB000002B5AD10121B2F8403028469BB243F026
:109AC0000403A2F84030B2F840309BB243F00803E0
:109AD000A2F8403085F8C812B2F85430C3F38D03B1
:109AE00003F03C03C5F8CC32BDE8F84F00F022BAD1
:109AF0002A682846B2F840309BB243F00803A2F827
:109B00004030B2F8443023F400631B041B0CA2F86D
:109B10004430B2F840309BB243F00403A2F8403026
:109B200007F052F8FFF76DBB48F2800140F68F72E4
:109B3000038823F4804323F070031B041B0C83F47D
:109B400080530B430380038823F4E04323F0400356
:109B50001B041B0C83F0100319430180038813407E
:109B600043F080030380FFF74CBB284607F02CF836
:109B7000FFF747BB2A682846B2F8443023F4007345
:109B80001B041B0CA2F8443007F008F8FFF739BBA0
:109B9000284685F8C81200F0CDF9E7E40023C1F8A3
:109BA0006831B9E6C1F868E106E7012B7FF429AD19
:109BB000B0F8503000F2064218FA83F323F831C0AF
:109BC000B0F8503012FA83F323F831C019E5012BB5
:109BD0007FF4E4AD0022B0F8503000F2024C1CFAE1
:109BE00083F323F83120B0F850301AFA83F323F8C6
:109BF0003120D3E5BBF1010F7FF45DAEB0F850200A
:109C00001AFA82F222F8313055E6B9F1000F15D177
:109C10001A468EF834902DE6BBF1010F7FF434AF75
:109C2000B0F8502018FA82F222F831302CE7BAF15D
:109C3000000F2AD11A468EF834A004E700229EF8BD
:109C400011B01FFA89F3CEF830208EF83420BBF122
:109C5000000FCFD1B0F850E04A461AFA8EFE3EF817
:109C60003190F444C9F309092EF831903E2A33D8D3
:109C7000BCF8001002F0010E89B20EEB520241EA6C
:109C8000822292B2ACF8002015E600229EF811B0B4
:109C90001FFA8AF38EF83420CEF83020BBF1000F83
:109CA000BAD15246B0F850E018FA8EFE3EF8318034
:109CB000F444C8F309082EF831803E2A1ED8BCF8B7
:109CC000001002F0010E89B20EEB520241EA82222C
:109CD00092B2ACF80020D7E65109D206BCF80020B9
:109CE00008BF01F1FF3192B242EA81226FEA42429B
:109CF0006FEA524292B2ACF80020DCE55109D60678
:109D0000BCF8002008BF01F1FF3192B242EA812283
:109D10006FEA42426FEA524292B2ACF80020B3E6D8
:109D200090F89022012A0DD010B501220446006857
:109D3000217384F8902202F021FE002384F89032EF
:109D4000184610BD0220704701F0070C10B5090637
:109D500004460CEB8C004FEAC00021D44FF0000EFB
:109D600000F5A871204480F851E12144022BCB700A
:109D700008BF0023C2F30A0208BF0B7181F800C0BC
:109D80000A6194F89032012B13D00123206884F8E3
:109D9000903202F09BF9002384F89032184610BDEF
:109DA0004FF0010E00F11001204480F811E0214431
:109DB000DCE7022010BD00BF10B5002401F0070150
:109DC00001EB810E00EBCE0C8CF850118CF8514158
:109DD0000068CCF86421CCE95A340CF5A87102F083
:109DE000A5FB204610BD00BF01F0070138B501EB0F
:109DF000810E00EBCE0C01258CF81010002461467A
:109E00008CF834508CF811500068CCF82420CCE940
:109E10000B43CCF82830103102F088FB204638BDC7
:109E200010B50379044601F0070083422ED30B06D8
:109E30001AD401EB8101C90001F5A8726318A118B9
:109E4000002283F85121012308708B7094F890222E
:109E50009A4219D084F89032206802F019FD00234C
:109E600084F89032184610BD012200EB8003DB001D
:109E700003F1100123445A740123214408708B70AC
:109E800094F890229A42E5D1022010BD012010BD25
:109E900038B5027901F00F039A422FD301F007027F
:109EA00002EB8203090604464FEAC30317D403F505
:109EB000A871014403440025002083F851010A7071
:109EC0008D7094F89032012B16D00123206884F80D
:109ED000903202F005FD84F89052284638BD03F117
:109EE0001001014403440025012058740A708D704C
:109EF00094F89032012BE8D1022038BD012038BD02
:109F00000246002310B40124116882F8C8321846B2
:109F1000B1F85430C2F8D0429BB22343A1F8543078
:109F2000B1F854305DF8044B9BB243F00203A1F842
:109F300054307047704700BF024B186800F4C0608F
:109F4000704700BF00700040174A1368116911F490
:109F5000104F25D0D168090422D403F4C063834292
:109F60001CD01368114923F4C063034313600B68CA
:109F70000F495B09A1FB03135169DB0903EB830361
:109F8000480503F1010305D55169013B490501D598
:109F9000002BF9D1044B5B695B0503D400207047AB
:109FA0000120704703207047007000400C0103201F
:109FB000C55A7C0A024A536843F480635360704771
:109FC00000700040024A936843F4804393607047F6
:109FD0000070004030B51E4C0546A36D83B0DB0019
:109FE00021D5FFF7A9FF30F4007315D0802D2AD8B2
:109FF0002BD0A5F17003B3FA83F35B0915490A6806
:10A0000022F00F021A430A60086800F00F00C01A1D
:10A0100018BF012003B030BD802DEFD9A02D8CBF1B
:10A0200002230123EAE7A36D43F08053A365A36DE8
:10A0300003F080530193019BFFF77EFFA36D23F094
:10A040008053A365CFE70323D8E70223D6E700BFF9
:10A0500000100240002002402B4A9368D26813F09F
:10A060000C0307D00C2B33D0042B39D0082B35D060
:10A0700000207047244A1168090754BFD2F8942081
:10A080001268224954BFC2F30322C2F3031251F8EB
:10A090002200002BEDD01C49CA68CB6802F00302F5
:10A0A000C3F30313022A03F1010324D0032A19D0B6
:10A0B000B0FBF3F0CB68C3F3062303FB00F0124BB5
:10A0C000DB68C3F3416301335B00B0FBF3F070471F
:10A0D00002F00302012ACDD00020DCE70C487047D3
:10A0E0000C4870470A4AC868B2FBF3F3C0F3062075
:10A0F00003FB00F0E3E7074AC868B2FBF3F3C0F3E1
:10A10000062003FB00F0DAE70010024054190108B2
:10A11000809698000024F400002800F0DE809F4A1A
:10A120002DE9F8431368814603F00F038B420C4678
:10A130000CD2136823F00F030B431360136803F072
:10A140000F038B4202D00120BDE8F883D9F800301C
:10A15000980703F0010240F19A80914DD9F8080068
:10A16000A96801F0F001884204D9A96821F0F00142
:10A170000143A960002A4DD0D9F80450884B032D23
:10A1800000F08D80022D1B6800F0A380002D40F0B0
:10A19000A6809E07D7D5FFF75FFF824B984205D96F
:10A1A0007F4B9A6812F0F00F00F09F807C4FBB68E5
:10A1B00023F003032B43BB60FCF7E0F9BB68D9F83D
:10A1C000042003F00C03B3EB820F064618BF4FF0D8
:10A1D000000819D041F28837714DFCF7CFF9D9F852
:10A1E0000430821BBA424FEA830304D9AA6802F002
:10A1F0000C029A4277D1AA6802F00C029A42ECD182
:10A20000B8F1000F40F08C80D9F80030990707D5DD
:10A21000D9F8080062498A6802F0F002824252D8F6
:10A220005E490A6802F00F02A24209D90A6822F0C8
:10A230000F0222430A600A6802F00F02A24282D192
:10A240005A0707D55649D9F80C008A6822F4E0620B
:10A2500002438A601B0708D5514AD9F81010936849
:10A2600023F4605343EAC1039360FFF7F5FE03460E
:10A270004B4A4D4992684D48C2F30312895C4C4ADF
:10A28000CB4013600068BDE8F843FCF72FB8002A04
:10A29000C6D0D9F80450424B032D7FF473AF1A682F
:10A2A00091017FF550AFD968DA6801F00301C2F37C
:10A2B0000312022902F1010238D0032965D00129D5
:10A2C00054D0DB6872E78A6822F0F00202438A60A9
:10A2D000A6E79F033FF55FAF35E7012070475805BC
:10A2E0007FF531AF57E703202EE79A6822F0F0029E
:10A2F00042F080029A602A4FBB6823F003032B438D
:10A30000BB60FCF73BF9BB68D9F8042003F00C03F1
:10A31000B3EB820F064618BF4FF080087FF45AAFA8
:10A320001F4A936823F0F00393606DE72149DB68CF
:10A33000B1FBF2F2C3F3062303FB02F218491948FA
:10A34000CB68C3F3416301335B00B2FBF3F3834299
:10A350007FF62CAF8B6813F0F00F7FF427AF8B687C
:10A3600023F0F00343F080038B60C4E71A68120700
:10A3700054BFD3F894301B680F4A54BFC3F3032370
:10A38000C3F3031352F82320D8E70C49DB68B1FB71
:10A39000F2F2C3F3062303FB02F2CFE700200240F0
:10A3A0000010024000B4C4049C19010814010320E9
:10A3B0000C0103200024F400541901088096980031
:10A3C000002800F0B7832DE9F041174B02689D6823
:10A3D000DE68D1060446134682B005F00C0506F08F
:10A3E00003063BD5002D00F06A810C2D00F064813E
:10A3F000E3690D4FD3B13B6843F001033B60FCF7C9
:10A40000BDF880463B689A0700F1CA82FCF7B6F8AF
:10A41000A0EB08000228F5D93B689B07F2D4032083
:10A4200002B0BDE8F08100BF001002403B6823F09D
:10A4300001033B60FCF7A2F83B68804699070BD507
:10A44000FCF79CF8A0EB0800022802D93B689A07A9
:10A45000E5D43B689B07F3D422681346D1072DD57A
:10A46000082D00F095810C2D00F08F816368B3F505
:10A47000803F00F0B681B3F5A02F00F005838B4F2D
:10A480003A6822F480323A603A6822F480223A60D4
:10A49000002B40F0AB81FCF771F83B6880469A03D3
:10A4A0000BD5FCF76BF8A0EB0800642802D93B68D9
:10A4B0009B03B4D43B689903F3D423689A0713D55C
:10A4C000042D40F03D81794B1B685B0503D5E368A3
:10A4D000002B00F05881754A2169536823F0FE4330
:10A4E00043EA0163536023681A072BD56369002B85
:10A4F00000F05981A3696D4A002B40F0D681D2F853
:10A50000943023F01003C2F89430684DD5F894309D
:10A5100043F00103C5F89430FCF730F8D5F89430D7
:10A5200006469B070DD4FCF729F8801B072804D9A1
:10A53000D5F894309F077FF572AFD5F8943099071E
:10A54000F1D523685D0765D5584B9A6DD00000F1B1
:10A55000288101259A6D42F080529A659B6D03F027
:10A5600080530193019B524E3368D90540F1D98144
:10A57000A368DA0740F150815A0740F126824B4B1D
:10A58000D3F8902042F00402C3F89020D3F8902032
:10A5900042F00102C3F89020FBF7F0FF434F06465C
:10A5A000D7F890309B070FD441F28838FBF7E6FFCD
:10A5B000801B404504D9D7F890309A077FF52FAF1C
:10A5C000D7F890309B07F1D5A368190640F10582B2
:10A5D000364FD7F8903043F08003C7F89030D7F863
:10A5E000903019050FD441F28838FBF7C7FF801B64
:10A5F000404504D9D7F890301A057FF510AFD7F849
:10A6000090301B05F1D525B1284A936D23F0805376
:10A61000936523689A061FD5A36A244D002B00F08A
:10A620006381D5F8983043F00103C5F89830FBF703
:10A63000A5FFD5F8983006469B070DD4FBF79EFF83
:10A64000801B022804D9D5F898309F077FF5E7AE24
:10A65000D5F898309907F1D5E36A23B3134DAA686A
:10A6600002F00C020C2A00F0D581022B2B6823F09B
:10A6700080732B6000F01582FBF780FF2B68044687
:10A6800099010BD5FBF77AFF001B022803D92B6831
:10A690009A013FF5C4AE2B689B01F3D4034A054BE6
:10A6A000D1680B40D3600020BAE600BF0010024022
:10A6B00000700040FCFFEEFE012E7FF499AEA64B29
:10A6C0001B689B075CD4A44B606A1A68170756BFC7
:10A6D000D3F894301B681B0903F0F003984200F292
:10A6E00043819D4B1A6842F008021A601A6822F0F2
:10A6F000F00202431A605A68216A22F47F4242EA59
:10A7000001225A60002D00F0B981FFF7A5FC034635
:10A71000914A92499268C2F30312895C904ACB40F5
:10A720001068904A1360FBF7E1FD00287FF478AED3
:10A730002368D9071A463FF596AE99077FF5D4AE40
:10A740000C2D00F02981E368834D002B00F0B480CC
:10A750002B6843F480732B60FBF710FF2B680646D1
:10A760005F053FF5B8AEFBF709FF801B022803D950
:10A770002B6859057FF553AE2B685A05F3D5AAE629
:10A78000E369002B9FD101204AE6032E7FF46EAED1
:10A79000714B1B689F0302D56368002BF3D01346EF
:10A7A000CBE70025DFE66C4DD5F8943023F00103AC
:10A7B000C5F89430FBF7E2FED5F8943006469A07C8
:10A7C0007FF5BFAEFBF7DAFE801B072804D9D5F86A
:10A7D00094309B073FF523AED5F894309F07F1D412
:10A7E000AFE65D4A136843F480331360FBF7C6FE9F
:10A7F000594F80463B689A033FF55FAEFBF7BEFEBC
:10A80000A0EB0800642803D93B689B037FF507AEE3
:10A810003B689903F2D550E64F4ED6F8902022F0CF
:10A820000102C6F89020D6F8902022F00402C6F863
:10A830009020002B7FF4B0AEFBF7A0FED6F890304E
:10A84000074699070FD541F28838FBF797FEC01BE2
:10A85000404504D9D6F890309B073FF5E0ADD6F8D7
:10A8600090309907F1D43C4ED6F890301A067FF517
:10A87000CAAED6F8903023F08003C6F89030D6F8F0
:10A8800090301A057FF5BFAE41F28838FBF776FEAF
:10A89000C01B404504D9D6F890301B053FF5BFAD2D
:10A8A000D6F890301905F1D4ADE6D2F8943043F0E3
:10A8B0001003C2F8943028E62B6823F480732B60D1
:10A8C000FBF75CFE2B6806465B050BD5FBF756FED7
:10A8D000801B022803D92B685F053FF5A0AD2B68CC
:10A8E0005905F3D42368FFE5D5F8983023F0010328
:10A8F000C5F89830FBF742FED5F8983006469A071F
:10A900007FF5AAAEFBF73AFE801B022804D9D5F8E2
:10A9100098309B073FF583ADD5F898309F07F1D469
:10A920009AE6336843F480733360FBF727FE33689D
:10A930000746DB053FF51CAE03E03368D9053FF55C
:10A9400017AEFBF71BFEC01B0228F6D93368D805EB
:10A950007FF565ADF1E700BF001002409C190108CA
:10A96000140103200C010320FFF734FB00287FF4BF
:10A970000AAF714B1A6842F008021A601A68616ADD
:10A9800022F0F0020A431A605A68216A22F47F42D8
:10A9900042EA01225A60B8E6022E7FF4D4AE92E574
:10A9A000654B1A6842F008021A601A68616A22F060
:10A9B000F0020A431A605A68216A22F47F4242EA8E
:10A9C00001225A602268134648E55B4AD2F890306B
:10A9D00043F00103C2F89030DEE5574FD7F89030CE
:10A9E00023F08003C7F89030D7F8903019057FF531
:10A9F0000AAE41F28838FBF7C1FD801B404504D9FF
:10AA0000D7F890301A053FF50AADD7F890301B05FE
:10AA1000F1D4F8E5012B3FF4B6AEEB68226B03F0FE
:10AA2000030191427FF4AFAE616B03F0F002013994
:10AA3000B2EB011F7FF4A7AEA16B03F4FE42B2EBB1
:10AA4000012F7FF4A0AEE16B03F07842B2EBC16F4F
:10AA50007FF499AE226C03F4C0015208013AB1EBC5
:10AA6000425F7FF490AE626C03F0C0635208013A1B
:10AA7000B3EB426F14BF01200020D1E4FFF7AAFA24
:10AA800000283FF442AE7EE603F18043A3F53C3359
:10AA90001A6842F480221A601A6842F480321A60FE
:10AAA000A4E6FBF76BFD2B68064699010BD5FBF777
:10AAB00065FD801B022803D92B689B013FF5AFACD5
:10AAC0002B689F01F3D41C4D1C4BE968226B0B4093
:10AAD000606B1343D4E90E1243EA012343EAC263D5
:10AAE0000138D4E91012490843EA00130139520829
:10AAF000013A43EA415343EA4263EB602B6843F077
:10AB000080732B60EB6843F08073EB60FBF736FDDE
:10AB10002B6804469A013FF5C6ADFBF72FFD001BDD
:10AB2000022803D92B689E017FF579AC2B68980128
:10AB3000F3D5B8E501207047001002400C809F015A
:10AB400008B5FFF789FA074B07499A689B68C2F373
:10AB500003128A5C0549C3F3C223CB5CD040D840C2
:10AB600008BD00BF001002409C190108941901089B
:10AB70000F220E4B10B402609A680D4C02F00302D3
:10AB800042609A6802F0F00282609A6802F4E06221
:10AB9000C2609B68DB0803F4E063036123685DF82F
:10ABA000044B03F00F030B60704700BF001002401E
:10ABB00000200240F8B5044600680F4602284ED037
:10ABC000032845D0012848D1394B1B689E073ED544
:10ABD000374D2B6823F080632B60FBF7CFFC0646D4
:10ABE00004E0FBF7CBFC831B022B4AD82B6819012E
:10ABF000F7D4D4E90132013B100221681A01002F79
:10AC000033D0012F2A4D45D02E692A4B33400B43B8
:10AC10000343134362695208013A43EA42632B61DA
:10AC2000234D2B6843F080632B60FBF7A7FC06469F
:10AC300004E0FBF7A3FC831B022B27D82B681B0126
:10AC4000F7D500201A4AA16913690B431361F8BDB7
:10AC5000174B1B6813F4C02FBAD10120F8BD144B59
:10AC60001B685D05B4D40120F8E7114D124B2E6925
:10AC700033400B43E168034343EAC16313432B6151
:10AC8000CEE72B681801B4D50320F8BD2B681A0154
:10AC9000FAD5D6E72E69094B33400B4303431343E0
:10ACA00022695208013A43EA42532B61B8E700BFD8
:10ACB000001002400C80FFF90C80FF070C809FFF02
:10ACC00070B504460068022847D003283ED001280A
:10ACD00041D1294B1B689E0737D5274D2B6823F0A0
:10ACE00080532B60FBF74AFC064604E0FBF746FC6A
:10ACF000831B022B37D82B689900F7D41E4D1F4BAE
:10AD0000696922680B401343D4E9021243EA012324
:10AD100043EAC2636268013A43EA02136B612B683B
:10AD200043F080532B60FBF729FC064604E0FBF759
:10AD300025FC831B022B1BD82B689B00F7D500201A
:10AD40000D4A216953690B43536170BD0A4B1B685F
:10AD500013F4C02FC1D1012070BD074B1B685D05E6
:10AD6000BBD40120F8E72B689800C7D5032070BD3D
:10AD70002B689A00FAD5E2E7001002400C80FF072A
:10AD80002DE9F0470368044613F4006582B01BD038
:10AD9000C16E402900F03D8200F25882002900F087
:10ADA0002282202940F058822030FFF789FF054693
:10ADB00023684DB9E16E0025B648D0F89C2022F0FA
:10ADC000E0020A43C0F89C20DF0440F14F81216F6C
:10ADD000B1F5007F00F0168200F23F81002900F0FB
:10ADE0000782B1F5807F40F0408104F12000FFF739
:10ADF00067FF07462368002F40F00282A549206FB5
:10AE0000D1F89C209E0322F4E06242EA0002C1F8DD
:10AE10009C2000F12F81D90708D59E49606BD1F89D
:10AE2000882022F003020243C1F888209A0708D53F
:10AE30009849A06BD1F8882022F00C020243C1F897
:10AE400088205E0708D59349E06BD1F8882022F06E
:10AE500030020243C1F88820180708D58D49206CBC
:10AE6000D1F8882022F0C0020243C1F88820D90618
:10AE700008D58849606CD1F8882022F440720243DA
:10AE8000C1F888209A0608D58249A06CD1F888209C
:10AE900022F440620243C1F888209E0508D57D490E
:10AEA000E06DD1F8882022F440220243C1F88820C6
:10AEB000580508D57749206ED1F8882022F4401231
:10AEC0000243C1F88820590208D57249606ED1F852
:10AED000882022F440020243C1F888209A010CD550
:10AEE000A26EB2F1807F00F06D81B2F1007F00F0C0
:10AEF0002681002A00F0298101255F0608D56549D1
:10AF0000E06CD1F8882022F440520243C1F8882036
:10AF10001E0608D55F49206DD1F8882022F44042F2
:10AF20000243C1F88820D80508D55A49606DD1F888
:10AF3000882022F440320243C1F88820D90208D583
:10AF40005449A06DD1F89C2022F003020243C1F8BD
:10AF50009C209A0411D54F49606FD1F88820B0F138
:10AF6000006F22F0406242EA0002C1F8882000F03F
:10AF70002481B0F1806F00F060811F031BD5A16FA9
:10AF8000B1F5804F00F005814248B1F1806FD0F8F3
:10AF9000882022F0406242EA0102C0F88820D0F8FE
:10AFA0009C2022F48042C0F89C2000F05781B1F12F
:10AFB000006F00F034815E0311D53649E06FD1F89F
:10AFC0008820B0F1006F22F0406242EA0002C1F82E
:10AFD000882000F0D980B0F1806F00F025815804FE
:10AFE0000ED52C48D4F88010D0F88820B1F1805FBD
:10AFF00022F0405242EA0102C0F8882000F0EA80C4
:10B00000D90309D52349D4F88400D1F89C2022F033
:10B0100004020243C1F89C209A0209D51D49D4F8C4
:10B020008800D1F89C2022F018020243C1F89C202D
:10B03000DB010ED5174AD4F88C10D2F89C30B1F54C
:10B04000001F23F4401343EA0103C2F89C3000F0D0
:10B05000AC80284602B0BDE8F087B1F5407F00F033
:10B06000D680B1F5806F00F0D28001252F469E0377
:10B070007FF5D1AE074B9A6DD00054D54FF0000844
:10B08000054E336843F480733360FBF777FA8146EB
:10B090000AE000BF0010024000700040FBF76EFAAB
:10B0A000A0EB090002285BD83368DA05F6D5002F3B
:10B0B0005CD1DFF8C8A1D4F89010DAF8903013F41E
:10B0C000407327D08B4225D0DAF89020DAF8903000
:10B0D00043F48033CAF89030DAF8903023F48033A8
:10B0E000CAF8903022F44073CAF89030D30711D5D3
:10B0F000FBF744FA41F28839064605E0FBF73EFAD1
:10B10000801B484500F2B380DAF890309807F5D5F7
:10B11000D4F89010594AD2F8903023F440730B437E
:10B12000C2F8903023E09A6D4FF0010842F080524F
:10B130009A659B6D03F080530193019BA0E700216A
:10B14000201DFFF737FD07462368DFB94B49A06E86
:10B15000D1F8882022F040720243C1F88820CCE662
:10B160003368D905A3D403252F4600E03D46236864
:10B17000B8F1000F3FF44FAE40498A6D22F0805283
:10B180008A6548E63D46B8E6CA6842F48012CA605D
:10B1900025E73A4AD2F89C1041F48041C2F89C104D
:10B1A000D16841F48031D16005E72846D36843F483
:10B1B0008013D36002B0BDE8F087CA6842F4801201
:10B1C000CA60DAE62D49CA6842F48012CA60002FCC
:10B1D000D8D1BBE70221201DFFF7ECFC2368002833
:10B1E00018BF05460CE70430FFF7E4FC0546DFE531
:10B1F000201DFFF7DFFC07462368002F3FF4FEAD5C
:10B200003D4634E71D49CA6842F48032CA602F4681
:10B21000F1E51A48C26842F48032C260CBE5C268E8
:10B2200042F48012C260C6E60121201DFFF7C2FC75
:10B230002368002818BF0546D1E60121201DFFF72D
:10B24000B9FC2368002818BF054696E660293FF43C
:10B25000B2AD80293FF4AFAD0125B5E50121201D38
:10B26000FFF7A8FC2368002818BF0546A3E6DAF814
:10B2700090309E077FF577AF4AE700BF001002408D
:10B28000114B10B4996B114A41F080719963996B1D
:10B2900021F0807199630368D0E9014123430B4396
:10B2A000D0E90341234343EA0143536013684169F2
:10B2B00023F4FE4343EA0123136013685DF8044B53
:10B2C00043F06003136070470010024000600040CC
:10B2D00000285AD038B5437A044603F0FF02002B09
:10B2E00049D0D4E9003502214AF2B3206172284ADC
:10B2F00019682A43274D21F0040119601A601D6165
:10B3000018611A6822F080421A60FBF737F9054687
:10B3100023681A6851000ED5FBF730F9401B02284C
:10B320002368F6D91A685200F3D50122022362720B
:10B330000120E36038BD1A6842F004021A605B68BD
:10B34000580603D504236372012038BDFBF716F9B4
:10B35000054623685B68D90711D4FBF70FF9401B3A
:10B3600002282368F6D95A68D207F3D404220223AC
:10B370006272E360E8E70272FAF7ACFEB1E701221D
:10B38000002362721846E36038BD0120704700BF99
:10B39000000DF040BC0A5917704700BF026810B595
:10B3A00053680446990613D4580605D5590723D483
:10B3B000516821F040015160DB0708D5136823F084
:10B3C000080313609168637A2161042B0CD110BDCE
:10B3D0001023C360042320466372F8F763FC6FF008
:10B3E000600223685A6010BD012200232046627269
:10B3F0002372FFF7D1FF10BD0823E360136823F029
:10B4000008031360E6E700BF002300B5026883B0BD
:10B4100001935368014658070AD4536823F0400348
:10B4200053600020CB6823F00803CB6003B000BD5D
:10B430000220136843F080431360136823F08043B5
:10B440001360019002E013685B0012D5019B013B81
:10B450000193019B002BF6D101224A720B72CB683B
:10B46000084643F00203CB60F8F71CFC012003B050
:10B4700000BD536858060CD40223019302E05368C0
:10B480005B07CED5019B013B0193019B002BF6D1BD
:10B49000E2E7536823F040035360EDE7F8B5037A21
:10B4A000012B43D00122437A04469342DFB2027259
:10B4B00006D004231746C360002323723846F8BD24
:10B4C0000222036842725B680E46590616D4FBF7E7
:10B4D00055F8054623685A68D20718D4FBF74EF88A
:10B4E000401B02282368F6D95A6812F00102F2D1F3
:10B4F0000121022361722272E360DFE70823C36047
:10B50000FFF782FF0128E2D12023E360D6E79A68A3
:10B510005B68226113F0400316BF08231F46E360F7
:10B520004FF0010308BF32606372C5E70227384657
:10B53000F8BD00BF704700BF30B5026804465168CF
:10B54000936885B013F0400FC3F3801519D113F041
:10B55000010F2FD1980745D49D0600F19180DB059E
:10B560000DD58D060BD50020236E43F0080323660E
:10B57000039093680393039B236E002B5AD105B06D
:10B5800030BD13F002001AD008067CD413F020005E
:10B590002CD18D06F3D594F85D50032D79D0256E0E
:10B5A00045F0040525660090D068009090680090F2
:10B5B00000983AE011F0400FCCD0C36C65E08D06E6
:10B5C000DDD594F85D50032D63D0256E45F004055C
:10B5D00025660090D06800909068009000989806CA
:10B5E00023D515E008064ED49806B8D58806C6D5EA
:10B5F00075B194F85D0003284BD0206E40F0040034
:10B60000206600200090D06800909068009000981C
:10B61000206E40F0010020660020029090680290A9
:10B62000106820F0400010600298DB059BD4236E68
:10B63000002BA4D0012053688D0723F0E003536052
:10B6400084F85D002DD05368A06D23F00303536090
:10B6500040B1164B0364FBF771FE18B1236E43F043
:10B6600040032366606D002889D0104B0364FBF70C
:10B6700065FE002883D0236E43F0400323667EE7F7
:10B680008806C5D47BE72046236D05B0BDE8304071
:10B69000184700230193D368019393680193019B9A
:10B6A0006DE72046FFF746FF69E700BFB1B6000827
:10B6B00008B50023806AA0F84630C387FFF73AFF39
:10B6C00008BD00BF30B4036A124D046AA84224F0DA
:10B6D000010404620ED0104CA0420BD004F540646B
:10B6E000A04207D004F58064A04203D004F5806432
:10B6F000A04203D1046A24F004040462846923F0A4
:10B700000A0324F0F00C4CEA02121943826130BCA7
:10B7100001627047002C01400034014090F83D3038
:10B72000012B23D102210368164A80F83D10934271
:10B730001ED0B3F1804F1BD0A2F59432934217D0A4
:10B7400002F58062934213D002F5806293420FD0DB
:10B7500002F5943293420BD002F54062934207D037
:10B760001A6842F001021A600020704701207047F9
:10B770009968054A0A40062AF6D0B2F5803FEFD113
:10B7800000207047002C01400700010090F83D3078
:10B79000012B26D10222036880F83D20DA68174980
:10B7A00042F001028B42DA601DD0B3F1804F1AD013
:10B7B000134A934217D002F58062934213D002F5E8
:10B7C000806293420FD002F5943293420BD002F57F
:10B7D0004062934207D01A6842F001021A600020CA
:10B7E0007047012070479968064A0A40062AF6D039
:10B7F000B2F5803FEFD10020704700BF002C014020
:10B80000000400400700010038B590F83C30012BDF
:10B810006AD0044602250123006884F83C3084F88D
:10B820003D5085684B4A2A4082600A68602A6AD087
:10B8300010D8402A5AD02CD8202A4BD048D832F0E1
:10B84000100147D018460122002384F83D2084F8D7
:10B850003C3038BDB2F5805F13D0B2F5005F27D021
:10B86000702AEFD1D1E901538268C9682B4322F4D1
:10B870007F4243EA012313438360836843F07703E5
:10B8800083600122002384F83D2084F83C300020AE
:10B8900038BD502AD6D1CA684968FFF713FF8368BC
:10B8A00023F4401323F0700343F057038360E8E769
:10B8B0008268D1E90153C9682B4322F47F4243EAED
:10B8C000012313438360836843F480438360D8E794
:10B8D000302AB7D1836823F4401323F07003134355
:10B8E00043F007038360CCE7022038BDCA6849688B
:10B8F000FFF7E8FE836823F4401323F0700343F05E
:10B9000047038360BDE7036A026A4D6822F01002B4
:10B91000C9680262104A904217D002F50062904254
:10B9200013D0826923F0A00322F4704243EA051386
:10B9300042EA013282610362836823F4401323F0F8
:10B94000700343F0670383609BE7026A22F04002C2
:10B950000262E6E78800CEFF002C0140704700BF7E
:10B96000704700BF704700BF704700BF036870B5E5
:10B97000DE681C690546A20701D5B1075AD46307E2
:10B9800001D5700743D4210701D532072DD4E00635
:10B9900001D5F10616D4E20701D5F30763D414F4F8
:10B9A000025F0AD0300666D4600601D5710673D4F2
:10B9B000A20601D5B3064DD470BDE205F4D5330619
:10B9C00062D4F1E76FF0100108222B682846196154
:10B9D0002A77DB6913F4407F6FD1FFF7BFFF28465A
:10B9E000FFF7C0FF00232B77D5E76FF00801042293
:10B9F0002B68284619612A77DB699B075AD1FFF724
:10BA0000ADFF2846FFF7AEFF00232B77BFE76FF0AF
:10BA1000040102222B68284619612A779B6913F4D6
:10BA2000407F44D1FFF79AFF2846FFF79BFF002392
:10BA30002B77A8E76FF002021A61012202779B6957
:10BA40009A0731D1FFF78AFF2846FFF78BFF0023C3
:10BA50002B7794E76FF020022B682846BDE87040F2
:10BA60001A6100F005B96FF001022B6828461A61CF
:10BA7000F5F7F8FA93E76FF402522B6828461A613B
:10BA800000F0F8F8E1058FD56FF480722B68284636
:10BA90001A6100F0F1F887E76FF040022B68284642
:10BAA0001A61FFF761FF83E7FFF75AFFCFE7FFF760
:10BAB00057FFBCE7FFF754FFA6E7FFF751FF91E7F9
:10BAC00070B4284E0368B0424A698D680C6839D05A
:10BAD000B0F1804F20D0A6F59436B0421CD006F5C8
:10BAE0008066B04218D006F58066B04214D006F5E4
:10BAF0009436B04226D01C4EB04227D006F5806660
:10BB0000B04223D006F58066B0421FD023F08003F8
:10BB1000C5621A4384620CE04E6823F07003C96862
:10BB2000334323F440730B4323F08003C5621A436D
:10BB30008462012170BC036843F004030360416127
:10BB4000026070474E6823F070033343CE6823F4DD
:10BB500040733343C56223F0800384621A430B6948
:10BB60000363E6E7002C01400040014070B310B5CC
:10BB700090F83D30044603F0FF0213B30223214640
:10BB800084F83D3051F8040BFFF79AFF012384F845
:10BB9000483084F83E3084F83F3084F8403084F8F0
:10BBA000413084F8423084F8433084F8443084F8DB
:10BBB000453084F8463084F8473084F83D30002022
:10BBC00010BD80F83C20FAF7B5FAD7E7012070479E
:10BBD00090F83C20012A45D00346022070B41A6830
:10BBE000214E83F83D00B24250680D68946827D01A
:10BBF00006F50066B2422CD020F070002843B2F166
:10BC0000804F50600ED0194882420BD000F5806002
:10BC1000824207D000F58060824203D000F59A305E
:10BC2000824204D1896824F080040C43946000228D
:10BC3000012183F83C2083F83D10104670BC70470A
:10BC40004E6820F47000304320F0700028435060AC
:10BC5000E8E74E6820F47000304320F070000543A0
:10BC60005560DFE702207047002C014000040040CF
:10BC7000704700BF704700BF704700BF10B4026834
:10BC800052E8003F23F4907342E800310029F7D1D5
:10BC9000144C02F1080353E8003F234002F1080C62
:10BCA0004CE800310029F4D1C36E012B08D00023E9
:10BCB00020225DF8044BC0F88C204367C3667047B0
:10BCC00052E8003F23F0100342E800310029EED093
:10BCD00052E8003F23F0100342E800310029EFD181
:10BCE000E5E700BFFEFFFFEF704700BF704700BFF2
:10BCF00008B5806AFFF7FAFF08BD00BF704700BFB4
:10BD000040F60F0C70B504680546E369216813EA34
:10BD10000C0FA26829D19E0607D501F0200C02F075
:10BD200080565CEA060C40F0F080E86E012800F0D6
:10BD3000AC80D80200F19E80180606D502F40002FD
:10BD400001F08000104340F0E7805A0602D54E060D
:10BD500000F1C380180202D54A0000F10C81DB011A
:10BD600002D50029C0F23D8170BDA348104040F0CB
:10BD7000C580A24E3142D8D0DE0740F1DC80CE052E
:10BD800040F1D28001262662D5F8906046F0010687
:10BD9000C5F890609E0740F1C980D60740F1CB807E
:10BDA00002202062D5F890005E0740F00400C5F83C
:10BDB000900040F1DD8004202062D5F8900040F032
:10BDC0000200C5F89000180700F1BD8018050AD5DB
:10BDD0004E0108D54FF400602062D5F8900040F085
:10BDE0002000C5F89000D5F890000028BCD0980637
:10BDF00006D501F0200102F08052114340F0AC80E2
:10BE0000D5F89020A36802F0280203F0400353EA1B
:10BE10000206284600F0EA80FFF730FFA3685B06C1
:10BE200040F1A28004F1080353E8003F23F04003EF
:10BE300004F1080141E8003262B12C6804F1080302
:10BE400053E8003F23F0400304F1080141E80032C9
:10BE5000002AF3D1D5F88000002800F08580684BD7
:10BE60000364FBF76BFA00283FF47EAFD5F880003F
:10BE7000036C4EE056027FF55FAF4FF48013284607
:10BE80002362BDE8704000F0FBB8DE067FF551AFDD
:10BE9000C8067FF54EAF1022B5F85C302262A2686A
:10BEA000520640F1AF80D5F880000268516889B22F
:10BEB000002900F0DC80994280F0D980A5F85E105E
:10BEC000126896065CD502222A67B5F85E102846ED
:10BED000591A89B2FFF712FF70BD54E8003F23F0F2
:10BEE000400344E80032002AF7D1202200232846EC
:10BEF000C5F88820AB67FFF7F7FE70BDDE077FF55A
:10BF000049AFCE057FF546AF3CE7436F002B3FF4CA
:10BF10002BAFBDE870401847AB6F002B3FF424AF48
:10BF20002846BDE8704018479E0704D45E0702D536
:10BF3000D6073FF540AF1E077FF548AF01F020065A
:10BF400006433FF443AF08202062D5F8900040F04C
:10BF50000800C5F8900039E76B6F002B3FF450AF35
:10BF6000284698472C684BE72846FFF7BFFE70BD70
:10BF70001807E8D42AE72846BDE8704000F084B8E6
:10BF800054E8003F23F4807344E80032002AF7D1DC
:10BF900004F1080353E8003F23F0010304F1080112
:10BFA00041E80032002AF3D104F1080353E8003FCE
:10BFB00023F0400304F1080141E80032002AF3D1E4
:10BFC0002023C5F88C30EA6654E8003F23F01003C4
:10BFD00044E80032002AF7D1FBF778F9B5F85C3075
:10BFE00071E72846BDE8704000F04CB8FFF77EFED0
:10BFF000C5F8906070BD00BF010000102001000472
:10C00000F1BC0008B5F85E10B5F85E2089B292B2B6
:10C01000002A3FF4A9AE5B1A99B200293FF4A4AEFE
:10C0200054E8003F23F4907344E80032002AF7D12B
:10C03000124804F1080353E8003F034004F10806E6
:10C0400046E80032002AF4D120236A67C5F88C3014
:10C05000EA6654E8003F23F0100344E80032002A67
:10C06000F7D1022328462B67FFF748FE70BD99429F
:10C070007FF47AAE13689C06F3D470BDFEFFFFEF29
:10C08000704700BF704700BF704700BF034644F2CF
:10C090007F02B3F8401000200A40A3F84020704708
:10C0A0004FF0000C00B583B002AB4FF0010E03E976
:10C0B000060003466046A3F840E0A3F840C0A3F89A
:10C0C00044C0A3F850C003B000BD00BF70B50A78EB
:10C0D000034630F8220091F803E020F4EC4020F011
:10C0E00070000004000CBEF1030F00F20582DFE8CF
:10C0F0000EF0CDD0B10240F4C06048F2800C40EAAE
:10C100000C0023F8220033F8220020F4E04020F055
:10C1100070000004000C10434CEA000C23F822C00D
:10C12000087B002800F0B880002033F822C02CF4EF
:10C13000E24C2CF0700C4FEA0C4C4FEA1C4C4CF4C7
:10C14000004C4CF0800C23F822C00C89B3F85050FE
:10C1500003EBC20C640864001CFA85F5A5F80044E2
:10C160004C89B3F85050640864001CFA85F5A5F8B2
:10C1700004444C78002C40F01C8133F822406404C5
:10C180000DD533F8224024F4E04424F07004240454
:10C19000240C44F4404444F0800423F8224033F853
:10C1A000224066060DD533F8224024F4E04424F002
:10C1B00070042404240C44F4004444F0C00423F824
:10C1C00022400D69B3F850101CFA81F1B1F8024415
:10C1D0000CF2064CC4F30904A1F80244002D00F04F
:10C1E00030813E2D00F2658105F0010404EB550419
:10C1F000A402A5B2B1F80244A4B22C43A1F80244AF
:10C20000B3F8501089B231F80C40C4F3090421F896
:10C210000C4031F80C40A4B22C4321F80C4048F2F9
:10C22000800433F8221021F4804121F070010904C8
:10C23000090C81F44051214323F8221033F82210D5
:10C2400021F4E04121F040010904090C0C4323F8DA
:10C25000224070BD48F28005284323F8220033F8BD
:10C260002200B14C80B220401043054323F82250F5
:10C27000087B88B133F8220080B2204040F40140AE
:10C2800040F0800023F8220000205EE740F40070B8
:10C2900033E740F4806030E70020CC884E786408B3
:10C2A000640003EBC205F6B3B3F8501015FA81F140
:10C2B000A1F8004433F8221049060DD533F82210B6
:10C2C00021F4E04121F070010904090C41F400411E
:10C2D00041F0C00123F8221033F82210BEF1010F03
:10C2E00021F4E04121F040014FEA01414FEA1141C0
:10C2F00012D081F0200141F4004141F0800123F887
:10C30000221070BD33F8221021F4804121F0700119
:10C310000904090C81F4005141F4004141F080010D
:10C3200023F8221070BD0E69B3F8501015FA81F190
:10C33000A1F80444B3F8501015FA81F1B1F806449D
:10C34000C4F30904A1F80644002E00F096803E2EA6
:10C3500000F29D80B1F8064406F00105A4B205EB99
:10C36000560544EA8524A4B2A1F8064433F8221005
:10C370004D040DD533F8221021F4E04121F0700175
:10C380000904090C41F4404141F0800123F82210D6
:10C39000002AB7D11A8822F4804222F070021204D7
:10C3A000120C82F4405242F4004242F080021A80A1
:10C3B00070BD33F822104C040DD533F8221021F44F
:10C3C000E04121F070010904090C41F4404141F0C1
:10C3D000800123F8221033F8221049060DD533F8D6
:10C3E000221021F4E04121F070010904090C41F40C
:10C3F000004141F0C00123F8221033F82210BEF1B1
:10C40000010F21F4E04121F040014FEA01414FEAE0
:10C41000114118BF81F0200141F4004141F0800139
:10C4200023F8221033F8221021F4804121F070010A
:10C430000904090C41F4004141F0800123F8221065
:10C4400070BDB1F802446FEA44446FEA5444A4B2A8
:10C45000A1F80244B3F85040A4B234F80C10C1F370
:10C46000090124F80C1034F80C106FEA41416FEA0E
:10C47000514189B224F80C10D1E6B1F806446FEAB4
:10C4800044446FEA5444A4B2A1F806446EE7B1F8FC
:10C4900006447509F60608BF05F1FF35A4B244EA63
:10C4A00085246FEA44446FEA5444A4B2A1F80644D8
:10C4B0005CE76C09ED0608BF04F1FF34B1F80254E3
:10C4C000A402A4B2ADB2254345F40045A1F802543C
:10C4D000B3F85050ADB235F80C10C1F3090125F88E
:10C4E0000C1035F80C1021436FEA41416FEA5141BD
:10C4F00089B225F80C1092E648F28004204323F814
:10C50000220033F8220020F4E04020F07000000404
:10C51000000C1043044323F82240087B08B101209B
:10C5200003E60120B9E600BF8F8FFFFF2DE9F04F32
:10C530004B780C7B012B83B035D0ECB1CB78022B40
:10C5400000F0FD80012B40F0878000230A788B618A
:10C5500030F8223023F4804323F070031B041B0CBB
:10C5600083F4405343F4004343F0800320F8223027
:10C57000002003B0BDE8F08F8A690C78002A55D1FD
:10C58000CB78002B40F0F98030F8243023F4E043DE
:10C5900023F070031B041B0C43F4014343F080039E
:10C5A00020F82430D1E70E698A694B69B24228BF6E
:10C5B000324600F58067002C00F0A880CD780C6A28
:10C5C000022D91F800E04BD0A41A30F82E500C62E6
:10C5D00094B2013415F0400F92B2B0F850504FEAC7
:10C5E000540400F0D98000F2064616FA85F525F8C5
:10C5F0003E204D893D443CB103EB4404ED1A1A88BA
:10C600005A5302339C42FAD10A7830F8223023F48C
:10C61000E04323F040031B041B0C83F0300343F47E
:10C62000004343F0800320F82230A1E730F82430A3
:10C6300023F4E24323F070031B041B0C43F4004378
:10C6400043F0800320F824300B699A427FF67DAFD7
:10C65000D31A8B610A787BE7012003B0BDE8F08F25
:10C66000A64200F2024B80F0DF8030F82E50A41A70
:10C6700025F4E04525F070052D042D0C45F4014509
:10C6800045F0800520F82E5030F82EC095B20135C7
:10C690001CF0400F0C62B0F850C04FEA55051FFA6D
:10C6A00082F800F2064900F08E8019FA8CFC2CF812
:10C6B0003E80B1F80A90B94475B19C46A9EB0309D4
:10C6C00003EB450A0196BCF800602CF809600CF1F8
:10C6D000020CD445F7D1019E1344A6424B6180F071
:10C6E000C880A21A0A62B0F850201BFA82F222F81F
:10C6F0003E800C893C44002D86D003EB4505E41AAE
:10C700001A881A5302339D42FAD17DE795B2CE883A
:10C7100001356D083E4492B207D003EB4505F61A89
:10C720001C889C530233AB42FAD1B0F850300C78DD
:10C7300000F2024515FA83F323F8342064E7CB694D
:10C740000A78002B3FF404AF30F8223003F04004A5
:10C750005B0435D4002C7FF4FBAE30F8223023F498
:10C76000E04323F070031B041B0C43F4004343F02D
:10C77000C00320F822300A78EAE630F8243023F4A7
:10C78000E24323F070031B041B0C43F4004343F00B
:10C79000800320F82430D8E600F2024616FA85F528
:10C7A00025F83E200D893D44002C3FF42DAF03EBCE
:10C7B0004404ED1A1A885A5302339C42FAD123E7F3
:10C7C000002CCAD1C4E61BFA8CFC2CF83E80B1F8D0
:10C7D00008A0BA4475B19C46AAEB030A03EB450BCB
:10C7E0000196BCF800602CF80A600CF1020CDC45E4
:10C7F000F7D1019E1344A6424B6141D2A41AB0F86E
:10C8000050200C6219FA82F222F83E804C893C4496
:10C81000002D3FF4F9AE03EB4505E41A1A881A53CC
:10C820000233AB42FAD1EFE6A5B22C4630F82E2007
:10C83000013422F4E24222F070021204120C42F49B
:10C84000004242F0800220F82E20B0F85020640808
:10C850001BFA82F222F83E500D893D443FF4D4AEDB
:10C8600003EB4404ED1A1A885A5302339C42FAD15E
:10C87000CAE6A5B2013500221FFA84F86D0831E737
:10C88000A5B201351FFA84F86D080024B7E700BF90
:10C890004B780A788BB130F8223023F4E04323F050
:10C8A00040031B041B0C83F0100343F4004343F0CC
:10C8B000800320F822300020704730F8223023F423
:10C8C000804323F070031B041B0C83F4805343F458
:10C8D000004343F0800320F822300020704700BF5F
:10C8E0004B780A7833B330F822305B060DD530F838
:10C8F000223023F4E04323F070031B041B0C43F4A9
:10C90000004343F0C00320F82230CB78012B0FD036
:10C9100030F8223023F4E04323F040031B041B0CC7
:10C9200083F0200343F4004343F0800320F82230D7
:10C930000020704730F822305B040DD530F82230EB
:10C9400023F4E04323F070031B041B0C43F4404327
:10C9500043F0800320F8223030F8223023F4804363
:10C9600023F070031B041B0C83F4405343F4004377
:10C9700043F0800320F822300020704711B9802353
:10C98000A0F84C3000207047B0F8440080B27047E7
:10C99000013302F580625B08104408D00A4601EBBF
:10C9A0004301801A1388135202328A42FAD1704727
:10C9B00070B502F580625D0800EB020419D06FF0DB
:10C9C00001008E1C3246AC46401A2044815ABCF10C
:10C9D000010C89B24FEA112E02F1020202F8041C86
:10C9E00002F803ECF2D1013D023406EB450104EB01
:10C9F0004504DB0744BF23880B7070BDD0E90023DA
:10CA0000F0B4D0E90267D0E90445D0E90601B1F1FC
:10CA1000FF3F08BFB0F1FF3F18D1B5F1FF3F08BF9E
:10CA2000B4F1FF3F0FD1B7F1FF3F08BFB6F1FF3FB1
:10CA30000FD1F0BCB3F1FF3F08BFB2F1FF3F14BF0D
:10CA40000120002070470320F0BC70470420F0BC98
:10CA500070470220F0BC704710B54FF6FD7E1F4BAB
:10CA60000446B3F8E0C000F580330CF1FF3292B217
:10CA700072454FEAC32008D84FF47832184B03EAC6
:10CA80004C23B2FBF3F203FB020003294FF0AA325E
:10CA90004FF0AA3312D0042908D0022916D000F092
:10CAA00041FFC0B90F4B00201C7010BD183000F0C2
:10CAB00039FF003818BF0120400010BD103000F0D1
:10CAC00031FF003818BF0120400010BD083000F0D1
:10CAD00029FF0028E6D0022010BD00BF0005FA0B98
:10CAE00000FE1F00502C0320F8B5044600F052FF52
:10CAF000002840F0BD804FF6FD73634AB2F8E0C0F5
:10CB00000CF1FF3291B2994200F2B0804FF47835C7
:10CB10005E4B03EA4C23B5FBF3F503FB05F5C5F5C6
:10CB20007835ED0A4FF6FD7391B2994212D999E02A
:10CB30004FF6FD77544E2846012100F0F7FE0135EF
:10CB4000002840F08D80B6F8E0C00CF1FF3293B2BF
:10CB5000BB4237D84FF478334C4901EA4C21B3FB40
:10CB6000F1F301FB03F3C3F57833DB0A04339D4291
:10CB70002AD2002CDCD04FF47836B6FBF1F0112726
:10CB8000EB0203F1006301FB003303F5006ED3E910
:10CB90000001B1F1FF3F08BFB0F1FF3F03F108030F
:10CBA00018BF10279E45F2D1102F47D04FF6FD73C6
:10CBB00091B2994205F10105CCD9802D04D04FF4F2
:10CBC0008021DAE7802DB6D100F0E2FE4FF6FD714C
:10CBD0002D4BB3F8E020531E9BB28B424AD84FF442
:10CBE00078302A4B022103EA4223B0FBF3F003FB27
:10CBF00000F0C0F57830C00AFFF72EFF00283FD1C3
:10CC00004FF6FD71224A204B1080B3F8E020531EEE
:10CC10009BB28B4236D84FF478331C4901EA42224A
:10CC2000B3FBF2F302FB03F3C3F57833C3F3C7237B
:10CC30002021184C184A23701160F8BD01212846A4
:10CC400000F074FE60B9104B0135B3F8E0C04FF648
:10CC5000FD730CF1FF3291B299427FF67BAFACE7E6
:10CC60000120F8BD80234FF4802180E77C2559E71F
:10CC70000E20F8BD7C200221FFF7EEFE0028BFD079
:10CC80000220F8BD7C23D3E70005FA0B00FE1F004D
:10CC9000522C0320502C0320340103204FF6FD7149
:10CCA000224B2DE9F041B3F8E02082B0531E9BB235
:10CCB0008B4220D84FF478351D4B03EA4223B5FB55
:10CCC000F3F503FB05F5C5F57834E40A271D05F1F6
:10CCD000006606EBC420FFF791FE04284FEAC42843
:10CCE00004F102030BD09F4203D8052002B0BDE837
:10CCF000F0811C46EDE780277C240025E7E7621CD5
:10CD00009A4206D30221204600F010FE48B10120CD
:10CD1000ECE708F108202844FFF770FE0428F1D062
:10CD2000E3E7019000F034FE0198DFE70005FA0B1D
:10CD300000FE1F002DE9F0474FF6FD74444A454BB5
:10CD4000B2F8E0101E784A1E92B206F58033A24275
:10CD500080464FEAC3234FD84FF478393E4C04EA5B
:10CD60004124B9FBF4F904FB09F94B441846FFF7D9
:10CD700045FE4FF47833B3FBF4F304FB03F3C3F540
:10CD80007833A6EBD32A0AF1010505F0030505EB7C
:10CD9000D325074605F5803009EBC020DC0AFFF7F4
:10CDA0002DFEB8F1010F12D0B8F1020F0AD0022FF8
:10CDB0001FD0012F1BD10AF1030A0AF0030A0AEB64
:10CDC000040616E098B92E463046BDE8F087022FDB
:10CDD00017D0012F0BD1214C2368B3F5006F08D376
:10CDE00004282BD003213046FFF736FEE0B14FF088
:10CDF000FF363046BDE8F0874FF000094FF480243D
:10CE0000B4E7164C2368B3F5006FF2D304281AD0A8
:10CE100003213046FFF720FE0028E8D102212846F2
:10CE2000FFF71AFE30B1E2E701212846FFF714FEB2
:10CE30000028DCD120232E462360C5E7FFF72EFF14
:10CE40000028CFD0D3E7FFF729FF0028E0D0CEE7B6
:10CE50000005FA0B502C032000FE1F0034010320B4
:10CE60002DE9F041074600200E46FFF763FF431C03
:10CE70006DD000F58031CC024FF6FD71354B804608
:10CE8000B3F8E020531E9BB28B4208D84FF47831A0
:10CE9000314B03EA4223B1FBF3F203FB0244204689
:10CEA000FFF7ACFD831EDBB2022B4BD82B4D04F5F4
:10CEB000FF6C04F1180101E08C451CD0DCE9002373
:10CEC000B3F1FF3F08BFB2F1FF3FACF1080C1FFA0E
:10CED00082FEF1D0BE45EFD1A86840F00100A86005
:10CEE0002B602F802C68A4B2B4EB124FE4D1002049
:10CEF0003360BDE8F0814FF6FD71164BB3F8E020CA
:10CF0000531E9BB28B421FD84FF47831124B03EA69
:10CF10004223B1FBF3F103FB01F1C1F57833DB0AE6
:10CF200008F10308A8EB030808F00308984408F583
:10CF3000803301EBC3242046FFF760FD831EDBB284
:10CF4000022BB4D90720D4E700217C23E8E7032093
:10CF5000BDE8F0810005FA0B00FE1F000030024022
:10CF60004FF6FD72431E9BB2934201D908207047D1
:10CF7000002310B582B00C4601A90193FFF770FFA2
:10CF8000019B236002B010BD70B5064601200D461E
:10CF9000FFF7D0FE431C3AD04FF6FD711D4B00F554
:10CFA000803CB3F8E0204FEACC2C531E9BB28B425E
:10CFB00027D84FF47830184B03EA4223B0FBF3F044
:10CFC00003FB00F0CDB1154CA36843F00103A3604F
:10CFD0002560268022681204114C2B4621683243BA
:10CFE0008C44604400F09EFC78B90E4922680B889E
:10CFF0000832013322600B8070BD002EE3D132462F
:10D00000EAE70020002DDED1F7E7022070BD032003
:10D0100070BD00BF0005FA0B00FE1F00003002408B
:10D0200034010320522C03202DE9F04F002785B056
:10D03000CDE90001C2F10200C0B214460397FFF728
:10D0400079FE431C00F068812023BB4ABB4D107061
:10D05000BB4A06462F801360002C00F042814FF639
:10D06000FD71B84BB3F8E020531E9BB28B4200F227
:10D070003F814FF47833B44901EA4222B3FBF2F323
:10D0800002FB03F31A46C3F57833DB0A0336F61ABC
:10D0900006F003061E4406F5803002EBC020FFF7C1
:10D0A000ADFC022800F08680042800F08980012C65
:10D0B00040F0DB80032840F0D8809F4B2C881E78FE
:10D0C0009F4B4FF0000B1A6804F1FC03C2EBC62C17
:10D0D0000CF1006C4FF6FD7A9B4F0CF1200C1FFAFF
:10D0E00083FE09E01FFA89F474454FF0010B2C8090
:10D0F00002F1080200F01981924BB3F8E03003F11D
:10D10000FF381FFA88F1514598BF4FF4783107EA8C
:10D11000432996BFB1FBF9F0002009FB00F00CEBAE
:10D1200002010144D1E90001B1F1FF3F08BFB0F1B4
:10D13000FF3F04F10109D5D14146BBF1000F01D0F9
:10D140007F4802604FF6FD77DFF8FC8189B204F575
:10D150007C7AB942DFF8EC911FFA8AFA08EA432395
:10D1600025D84FF47830B0FBF3F003FB00F0C0F5A6
:10D170007832D20AC2F10303334403F003039E184A
:10D1800006F5803300EBC320FFF738FC032804F1D9
:10D19000FC0340F0C8809CB254452C8078D0B9F88C
:10D1A000E030591E89B2B94208EA4323D9D97C221A
:10D1B0000020DFE704213046FFF74EFC00285ED157
:10D1C0004FF6FD715F4BB3F8E020531E9BB28B42CC
:10D1D00000F2A6804FF478335B4901EA4222B3FBA8
:10D1E000F2F302FB03F31A46C3F57833DB0A06F1C8
:10D1F0000309A9EB030909F00309994409F58030F3
:10D2000002EBC020FFF7FAFBC31EDBB2012B3AD8BA
:10D210004C4F4D4E1AE04FF47833B3FBF1F301FB62
:10D2200003F31846C3F57833DB0A09F10309A9EBC8
:10D23000030909F00309994409F5803300EBC32081
:10D24000FFF7DCFBC31EDBB2012B1CD8032810D078
:10D250004FF6FD72B7F8E03006EA4321013B9BB27E
:10D260009342D8D900207C23DFE70A2005B0BDE82F
:10D27000F08F04214846FFF7EFFB0028E8D002209A
:10D2800005B0BDE8F08F012CB5F800A03FF415AF54
:10D29000BAF5FC7FF3D2DDE90001FFF775FE002847
:10D2A000EDD12C88022C26D80124009F0CE02B887D
:10D2B000B3F5FC7F2CD230460399FFF765FE0028BA
:10D2C000D4D10134FB2C19D0BC42A6B2F9D03046DF
:10D2D00003A9FFF7C5FD0028E9D00728F1D00320F6
:10D2E000C4E70121FFF7B8FB00283FF4B8AEC6E75A
:10D2F00000227C23CAE6023CFA2CD6D90E4B02212E
:10D300001878FFF7A9FB0028B9D14FF48070ADE77A
:10D31000122005B0BDE8F08F042005B0BDE8F08F05
:10D3200000227C2363E7A246B2E7054B1A60054B57
:10D33000B3F8E030591E05E7502C0320522C03208F
:10D34000340103200005FA0B00FE1F002DE9F04F09
:10D3500089B0064600F01EFB002840F0D281074647
:10D3600048F2050001244FF6FD71C04B9A6C42F45F
:10D3700080529A649B6CBE4A03F480530793079BC8
:10D3800050619368BB4823F0180343F0080393608F
:10D39000B94B0470B3F8E020531E9BB28B4200F2ED
:10D3A00042814FF4783AB54B03EA4223BAFBF3FAD1
:10D3B00003FB0AF3C3F57834E40A039304F58033DE
:10D3C000049304F10408A446039AAD4902F50062EF
:10D3D00002EBC3224FEAC32EA2F500630B60F3E811
:10D3E00002AB9A42FAD10CF1010CC44502F500627D
:10D3F000F2D3039B4FF0000C0EEB030B5B46E146B0
:10D400006546A3469A46CDE901CC80F800C0504657
:10D41000FFF7F4FA421ED2B2012A40F20B81032830
:10D4200007D1019BCDF808B0002B08BFD9460133C6
:10D4300001930BF1010BC3450AF5006AE7D3002DF8
:10D4400000F064814FF6FD718B4BB3F8E020531E62
:10D450009BB28B4200F2E481884B03EA42234FF4F3
:10D460007832B2FBF3F203FB02FBCBF578334FEAE1
:10D47000D32909F58035294609F1040A4FF003083C
:10D4800003964C464646884609F102030BEBC52538
:10D4900001932846FFF7B2FA012800F0FB8001341F
:10D4A000544505F5006506F10106F2D30023039EFD
:10D4B00001934FF6FD71704BB3F8E020531E9BB201
:10D4C0008B4200F2A5814FF4783C6C4B03EA422377
:10D4D000BCFBF3FC03FB0CFCCCF57835ED0A05F541
:10D4E0008034224605F104084FF000090CEBC424F7
:10D4F000CA46A346039704964F461646A946644675
:10D500005846FFF77BFA022800F09680032808BFF0
:10D51000CDF80890791C01EB0509C1450F460BF5C4
:10D52000006BEDD3DDE903765346002B00F08681D6
:10D53000544D002220202B78DFF854814FEAC32C71
:10D540000293514B4FF6FD7B9646DFF82CA1DFF896
:10D550002C910CF1006CA8F80020186008E008304D
:10D56000B0F5006F4FF0010EA8F8002000F08381A5
:10D57000BAF8E0300132591E8DB25D4598BF4FF4C4
:10D58000783509EA432496BFB5FBF4F500256543D9
:10D590000CEB00042C44D4E90045B5F1FF3F08BF73
:10D5A000B4F1FF3F92B2DAD1BEF1000F01D0364A9A
:10D5B00010604FF6FD750A46DDF808A02F4CDFF825
:10D5C000B89028E04FF47831B1FBF3F103FB01F19F
:10D5D000C1F57832D20A0AF103039B1A924503F08F
:10D5E000030302F1020000F0B380504500F0B08068
:10D5F00003EB020A0AF5803001EBC020FFF7FEF9C9
:10D60000032840F01681B8F80030FC33A8F8003049
:10D61000B9F8E0305A1E92B2AA4204EA4323D1D9A3
:10D620007C220021D7E7194B4FF080087C2404931B
:10D630000397C8E60135FCE6A94549D0022F47D03B
:10D64000F81C00F00300304404EBC020FFF7D6F9CB
:10D6500003287FF45FAFBAF1000F40F0EA80094A77
:10D660004FF0010A791C82F8009054E70010024044
:10D6700000300240482C03200005FA0B00FE1F007A
:10D680004C2C0320502C0320340103207C0001008B
:10D69000522C03204C4528D0019BA34225D006F0F4
:10D6A000030040440BEBC020FFF7A8F903287FF4E8
:10D6B000F6AE0021744D01220846039E2C70FFF740
:10D6C000B3FCB0F5807F40F0DD8001230193F0E6EC
:10D6D000791C01F00300304404EBC0200591FFF7F2
:10D6E0008DF90028B7D0059915E7B01E00F00300AA
:10D6F00040440BEBC020FFF781F900287FF4CFAE48
:10D70000D7E70E27384609B0BDE8F08F019B002B04
:10D7100000F0AB80C4F10300049B484400F0030018
:10D720001844039B03EBC020FFF768F904287FF43B
:10D7300089AE029BC4F10100184400F003000121EE
:10D740002044FFF789F900283FF47CAE0227D9E78F
:10D75000029D0135AD1A05F00305154405F580332A
:10D76000AA4501EBC32127D0484C002E37D1012117
:10D77000284600F0DBF8002872D14FF6FD71B4F8AE
:10D78000E020531E9BB28B423FD84FF47831404B80
:10D7900003EA4223B1FBF3F103FB01F1C1F5783356
:10D7A000DB0A0135ED1A05F003051D4405F580334C
:10D7B000AA4501EBC321D8D100F0EAF8019B002B68
:10D7C000A0D1B8F80030B3F5FC7F9BD20199084690
:10D7D000FFF7DAFB071E18BF01277F0092E74FF023
:10D7E000110C01F50060D1E90023B3F1FF3F08BF40
:10D7F000B2F1FF3F01F1080118BF4FF0100C814258
:10D80000F1D1BCF1100FB8D1B1E700217C23C8E7FA
:10D81000204A4FF080087C254FF0000C144663E648
:10D820001C494FF0800A4FF07C094FF0000B0D4669
:10D8300024E60A27384609B0BDE8F08FEDB2029A17
:10D84000C5F10103134403F003031D44E8B20E4D78
:10D8500002212870FFF700F900283FF46AAE75E74F
:10D860000127384609B0BDE8F08F019809B0BDE83E
:10D87000F04FFFF739B9084B1860044BB3F8E030AC
:10D88000591E96E60C273DE7502C03200005FA0BA5
:10D8900000FE1F007C000100340103204FF6FD72E2
:10D8A000431E9BB2934201D908207047044B1B884A
:10D8B000B3F5FC7F01D2FFF767BB0022FFF7B4BBD3
:10D8C000522C0320134B144A196CB2F8E02011F4C7
:10D8D000801F02F1FF334FF6FD719BB20CD18B42DA
:10D8E00097BF0E4B0E4B03EA422303F100638342C2
:10D8F0008CBF0120022070478B4297BF074B084B1B
:10D9000003EA422303F1006383428CBF022001201B
:10D91000704700BF002002400005FA0B00FE1F0008
:10D920000000040801460120FAF778BA4FF6FD7CA2
:10D9300070B50026144B0446B3F8E02086B0531EA1
:10D940009BB200F5803063450D4601964FEAC0203A
:10D9500008D80E4B03EA42234FF47832B2FBF3F2BD
:10D9600003FB0200FFF7AEFF0222034601A902A853
:10D97000CDE9033405950292FAF764FC003818BF2C
:10D98000012006B070BD00BF0005FA0B00FE1F00AD
:10D99000704700BFFF2300B58BB001A80293FAF7D0
:10D9A000BBFB079B13F4800F0CBF0E2000200BB0B5
:10D9B00000BD00BFD0F8B8320BB11B681847032078
:10D9C000704700BF08B5D0F8B8320BB15B68984714
:10D9D000002008BD38B5044600F2AA25284600F00C
:10D9E00091FB012294F8AA12B4F8B032C029C4F80D
:10D9F0009422C4F898320DD001F01F03012B1BD0E4
:10DA0000022B13D063B12046BDE8384001F08001FD
:10DA100003F012B92046BDE83840802103F00CB96C
:10DA200029462046BDE8384000F0F6B82946204691
:10DA3000BDE8384000F0C8BA29462046BDE8384065
:10DA400000F08CBA70B5044631B91346D0F8942270
:10DA5000032A0DD0002070BD90F89C32032BF9D121
:10DA6000D0F8B8329B69002BF4D0BDE8704018475D
:10DA7000D0E95752954208D890F89C32032B0ED02B
:10DA8000204600F06DFB002070BDAD1AAA4228BFF1
:10DA90002A461946C0F85C5100F058FBDAE7D0F886
:10DAA000B8321B69002BEBD09847E9E770B5044604
:10DAB00049B9D0F89432022B11D094F8A032012B3E
:10DAC00022D0002070BD90F89C32032BF9D1D0F801
:10DAD000B8325B69002BF4D0BDE870401847D0E93C
:10DAE0000736B3420D4614D820D094F89C32032B4D
:10DAF0002FD08021204603F09FF8204600F03CFB09
:10DB000094F8A032012BDCD1002384F8A03200204D
:10DB100070BD9B1B1146C3611A4600F00DFB2B46DE
:10DB20002A462946204603F0CBF8C6E7826993428D
:10DB3000DBD8D0F898329A42D7D20A4600F0FCFAE5
:10DB40002B462A4629462046C4F8985203F0B8F8D6
:10DB5000B3E7D4F8B832DB68002BCAD02046984728
:10DB6000C7E700BF00210122D0F8B83280F89C221C
:10DB70004160C0F89412C0F8A412EBB1D0F8BC22F6
:10DB800070B5044612B15B6803B198470022402586
:10DB9000012611464023204603F040F80022802150
:10DBA0002B462046A4F86461C4F8605103F036F8AF
:10DBB0000020A684256270BD032070470346002024
:10DBC000197470470346042193F89C220020D2B2B6
:10DBD00083F89D2283F89C12704700BF90F89C3216
:10DBE000042B04D190F89D32DBB280F89C320020E7
:10DBF000704700BFD0F8B82262B108B590F89C32E7
:10DC0000032B01D0002008BDD369002BFAD0984720
:10DC1000002008BD0320704730B50B780D4603F097
:10DC20006003202B044683B028D0402B26D05BB164
:10DC30008021204603F000F80021204602F0FCFF7E
:10DC40000025284603B030BD4B78092BF0D801A23F
:10DC500052F823F0C7DC0008EFDC000831DC0008D4
:10DC60000DDD000831DC000815DD00084FDD00087F
:10DC700031DC000885DD00088FDC000829462046DD
:10DC8000D4F8B8329B6803B0BDE8304018478978B3
:10DC9000B14D0129297000F23B8190F89C32022B92
:10DCA000DAB200F01D81032A00F0FA80802102F030
:10DCB000C3FF0021204602F0BFFF20462978FFF76E
:10DCC00081FE0325BDE790F89C32013B022BAFD8C3
:10DCD000CA88022AACD1D0F8A4320146003B18BF52
:10DCE00001235B0041F80C3F00F018FAA8E790F818
:10DCF0009C32013B022B9BD84B88012BA0D10023E7
:10DD00002046C4F8A43200F02BFA99E74B88012B87
:10DD100096D1F5E78B88002B8AD1CB88002B87D151
:10DD20004B887F2B84D890F89C22032A80D0DDB2C8
:10DD3000294680F89E5202F0ABFF204600F010FA10
:10DD4000002D00F0FB80022384F89C3278E700214C
:10DD50006A88ADF80610130A013B062B3FF668AF40
:10DD600001A151F823F000BF19DE0008FFDD000813
:10DD700029DE000831DC000831DC0008E9DD00089C
:10DD8000ADDD0008CA88012A7FF452AF90F89C32BA
:10DD9000022BD9B200F2B58000293FF449AF014609
:10DDA000002341F8083F00F0B9F949E7037C002B54
:10DDB0007FF43EAFD0F8B8320DF106001B6B9847E8
:10DDC00007234370EB88002B66D0BDF80620002A9D
:10DDD0003FF42EAF9A4228BF1A4601462046ADF8BE
:10DDE000062000F09BF92BE7037C002B7FF420AF8B
:10DDF000D0F8B8320DF106005B6B9847E2E7027C81
:10DE0000D0F8B832002A40F08B809B6A0DF10600F2
:10DE1000984702234370D5E7D0F8B4320DF10601DC
:10DE20001B68007C9847CDE7D1B2052900F28A80B3
:10DE3000DFE801F026201A140E03D0F8B4329B69F3
:10DE4000002B3FF4F5AE207C0DF106019847B9E7B1
:10DE5000D0F8B4325B69002BF5D1E9E6D0F8B432E2
:10DE60001B69002BEFD1E3E6D0F8B432DB68002B5E
:10DE7000E9D1DDE6D0F8B4329B68002BE3D1D7E6D8
:10DE8000D0F8B4325B68002BDDD1D1E602234160CB
:10DE900080F89C32FFF796FD204600F061F9CFE64E
:10DEA0000029F3D041680129F6D0C9B2FFF78AFDF5
:10DEB000297820466160FFF77DFD05460028EBD0FC
:10DEC0008021204602F0B8FE0021204602F0B4FE78
:10DED00020462179FFF776FD022384F89C32B0E6D4
:10DEE0000029D9D001214160FFF764FD0546F0B15A
:10DEF0008021204602F0A0FE0021204602F09CFE78
:10DF00009FE603297FF494AE011D00F007F997E620
:10DF1000802102F091FE0021204602F08DFED0E625
:10DF2000DB6A0DF106009847022343704AE720465A
:10DF300000F016F9032384F89C3281E6012384F86B
:10DF40009C327DE6D0F8B8329B6B002B3FF470AE6C
:10DF50000DF10602984735E7542C032038B50B78AD
:10DF60000D465A0604460DD503F06002402A09D03A
:10DF7000802102F061FE0021204602F05DFE0025B6
:10DF8000284638BD94F89C32013B022B12D82B79DD
:10DF9000032B0FD8D4F8B83229469B6820469847FF
:10DFA000EB880546002BEBD10028E9D1204600F094
:10DFB000D7F8E5E78021204602F03EFE002120460A
:10DFC00002F03AFEDBE700BF70B50B780D4603F0B8
:10DFD0006003202B04464CD0402B4AD04BB180210B
:10DFE000204602F029FE0021204602F025FE0020F6
:10DFF00070BD6B788A88012BD1B22BD0032B40D017
:10E00000002BECD190F89C32022BD8B253D00328CD
:10E01000E5D101F00F0303EB8303120604EB830346
:10E0200058D4B3F86431002BD9D001EB810504EB4F
:10E03000850505F5AA75002958D0204602F014FE82
:10E04000002859D001232B6002222946204600F0E7
:10E0500065F8CCE790F89C32022BDAB222D0032A82
:10E06000BDD16B88002BC2D14E0642D1204600F0B4
:10E0700077F8D4F8B83229462046BDE870409B684E
:10E08000184790F89C32022BDAB20BD0032AA6D1A3
:10E090006B881BB94A0601D0EB887BB3204600F0A1
:10E0A0005FF8A4E74B069AD002F0C6FD8021204617
:10E0B00002F0C2FD9BE7480691D1002311064CBF38
:10E0C00004F1140104F5AA71022220460B6000F04D
:10E0D00025F88CE79B8C002B81D001F07F05013562
:10E0E00005EB8505802904EB8505A6D100232B606F
:10E0F000AAE702F0ADFDB9E72860A5E702F09CFDB4
:10E10000CCE700BF0B7803704B7843704B8843809B
:10E110008B888380CB88C380704700BF10B51346BF
:10E1200002240A46C0E906330021C0F8944202F0F6
:10E13000BBFD002010BD00BF8C4608B50021134672
:10E14000624602F0B1FD002008BD00BF8C4608B554
:10E1500000211346624602F0B3FD002008BD00BF57
:10E16000002310B504241A461946C0F8944202F060
:10E170009BFD002010BD00BF002310B505241A46EA
:10E180001946C0F8944202F09BFD002010BD00BF6C
:10E1900008B54FF0E0231B6901F00EFD012800D106
:10E1A00008BDBDE8084002F05BBA00BF08B5EFF358
:10E1B000058313B16FF0050008BD01F0FDFC0128D7
:10E1C00007D0EFF31083002BF4D1EFF31183002B72
:10E1D000F0D101F0F1FC0128034604D1034A106894
:10E1E00008B9136008BD4FF0FF3008BDB0390320F7
:10E1F000EFF3058313B16FF00500704710B501F020
:10E20000DBFC012809D0EFF3108313B16FF0050098
:10E2100010BDEFF31183002BF8D101F0CDFC0128E4
:10E220000CD1084B1A68012A08D1002402220649A1
:10E23000CC771A6001F0C0FA204610BD4FF0FF30D5
:10E2400010BD00BFB039032000ED00E0F0B500259F
:10E2500087B014460595EFF3058212B1002007B090
:10E26000F0BD07460E4601F0A7FC012809D0EFF3E8
:10E27000108313B1059807B0F0BDEFF31183002BA5
:10E28000F8D1002FF6D00CB3A569DDB91825636865
:10E29000DB07E3D463693BB39A08A068D4F800C0F5
:10E2A000E16820B3AB29E5D921690029E2D0002B30
:10E2B000E0D0CDE90110334661463846009501F0C3
:10E2C00045F9CCE76B1E372BE1D9C7E74FF48072D5
:10E2D0001825214605AC334638460095019401F0D7
:10E2E00069F90128BAD1C5E74FF48072D5E7002952
:10E2F000C0D12369002BBDD1644692B2E9E700BFCB
:10E30000EFF3058313B16FF00500704710B50446B5
:10E3100001F052FC012809D0EFF3108313B16FF024
:10E32000050010BDEFF31183002BF8D10CB90020CC
:10E3300010BD204601F022FAF9E700BF4FF48073C8
:10E3400030B4034D034C05600C60136030BC704763
:10E3500004390320043503204FF4007330B4034D17
:10E36000034C05600C60136030BC704758340320C8
:10E37000582C03204FF0FF31002200F10803C0E9C0
:10E380000131C0E903330260704700BF002303611D
:10E39000704700BF4268036810B494680133C1E954
:10E3A0000124616091605DF8044B0861036070476F
:10E3B00030B40D686B1C10D000F108031C465B687C
:10E3C0001A68AA42FAD902684B60013299608C60DF
:10E3D0006160086130BC0260704704696368F2E7FD
:10E3E000036910B4D0E901125C688A6051600021B1
:10E3F000844208BF5A601A680161013A1A601868BD
:10E400005DF8044B704700BF70B51646026C0446B9
:10E41000856B2AB9066801354EB31046A56370BDF9
:10E420008EB9406802F0F0FC6368216CA2680B446E
:10E430009342636028BF236805F1010528BF63602C
:10E440000020A56370BDC06802F0DEFC226CE368AA
:10E4500051429B1A2268E360934202D2A3680B44A4
:10E46000E360022E08D001350020A56370BD8068EE
:10E4700001F0FAFBA660D1E7012D38BF0125DFE7E7
:10E4800070B5054602F0CAF895F845305CB2002C2C
:10E4900014DD05F1240603E0631EDAB25CB26AB152
:10E4A0006B6A5BB1304601F0B5FA0028F4D001F098
:10E4B00077FB631EDAB25CB2002AF1D1FF2385F844
:10E4C000453002F0B9F802F0A9F895F844305CB292
:10E4D000002C14DD05F1100603E0631EDAB25CB215
:10E4E0006AB12B695BB1304601F094FA0028F4D090
:10E4F00001F056FB631EDAB25CB2002AF1D1FF23B1
:10E5000085F84430BDE8704002F096B870B568B345
:10E51000C56B0446F5B1026CA2FB0525D5B90E46C4
:10E5200002F07CF8D4E90F30FF2100FB03F32268EE
:10E53000181A626013440244A563C4E9023284F8E5
:10E54000441084F8451046B9236993B902F074F871
:10E55000012070BD02F0B6F9FEE704F11000FFF7EC
:10E5600009FF04F12400FFF705FFEFE702F0AAF925
:10E57000FEE704F1100001F04DFA0028E6D002F0A9
:10E5800041F8E3E770B582B09DF8186033B30546F3
:10E5900050B11C465AB139B150230193019B502B05
:10E5A0000DD002F08FF9FEE702F08CF9FEE70029AA
:10E5B000FAD150230193019B502BF2D12246C4E99A
:10E5C0000F5101212046226084F84610019BFFF77D
:10E5D0009DFF204684F84C6002B070BD02F072F9D5
:10E5E000FEE700BFF0B585B00192002800F08780FB
:10E5F00004460E461D46002961D0022D02D1E36B70
:10E60000012B6FD101F0D8FA00284ED002F006F8A5
:10E61000A26BE36B9A4258D3022D56D000200746D6
:10E620000DE002F009F82046FFF72AFF01F01CF97F
:10E6300001F0F4FFA26BE36B01209A4245D3019BEA
:10E64000002B5FD0002836D001F0F6FF01F004F96E
:10E6500001F0E4FF94F84430FF2B08BF84F84470C5
:10E6600094F84500FF2808BF84F8457001F0E4FFE6
:10E6700001A902A801F05CFA002848D101F0CEFF00
:10E68000A26BE36B9A42CCD101F0D6FF019904F161
:10E69000100001F07FF92046FFF7F2FE01F0E4F8E8
:10E6A0000028C5D101F0AEFFC2E7019B002BADD021
:10E6B00002F008F9FEE702A801F02EFAC4E7036CA5
:10E6C000002B9AD002F0FEF8FEE72A46314620469B
:10E6D000FFF79AFE636A5BB938B901F0ADFF01201C
:10E6E00005B0F0BD02F0EEF8FEE701F08BFFF4E7B5
:10E6F00004F1240001F08EF90028EED0F5E702F0D5
:10E70000E1F8FEE701F098FF002005B0F0BD2046DB
:10E71000FFF7B6FE01F0A8F8F6E700BF70B582B0CB
:10E7200011B350230193019B502B1AD10C460026A4
:10E7300001210546C4E90F1684F8461020462460DE
:10E74000019BFFF7E3FE334632463146204684F80C
:10E750004C50A6602660E660FFF744FF204602B0FA
:10E7600070BD02F0AFF8FEE702F0ACF8FEE700BFC4
:10E77000F0B585B0019200286BD004460E46002902
:10E780005BD001F019FA00285DD001F047FFA56BBE
:10E79000002D61D1019B002B42D002A801F0BCF9F1
:10E7A0002F4601F049FF01F057F801F037FF94F8C8
:10E7B0004430FF2B08BF84F8447094F84530FF2B99
:10E7C00008BF84F8457001F037FF01A902A801F0E5
:10E7D000AFF998B901F022FFA36B33BB01F02CFF16
:10E7E000019904F1240001F0D5F82046FFF748FE16
:10E7F00001F03AF868B901F005FF0AE02046FFF79A
:10E800003FFE01F031F801F009FFA36B43B101F0C5
:10E8100013FF01F003FFA56BF5B9019B002BC0D1DD
:10E8200001F00AFF002005B0F0BD01F005FF204611
:10E83000FFF726FE01F018F8EBE7036C002BA0D0E1
:10E8400002F040F8FEE7019B002B9ED002F03AF860
:10E85000FEE702F037F8FEE7226C5AB1E168A368E0
:10E8600011449942E16028BF2168304628BFE16029
:10E8700002F0CAFA013DA56323691BB901F0DCFE71
:10E880000120D0E704F1100001F0C4F80028F5D011
:10E8900001F0B8FEF2E700BFF0B585B001910028A5
:10E8A00078D0036C0446002B3FD101F085F910B9F4
:10E8B000019B002B6BD101F0B1FEA56B002D7AD12D
:10E8C000019B002B60D002A801F026F92E462F46AE
:10E8D00001F0B2FE00F0C0FF01F0A0FE94F8443059
:10E8E000FF2B08BF84F8447094F84530FF2B08BF15
:10E8F00084F8457001F0A0FE01A902A801F018F902
:10E90000B0B901F08BFEA36B23B301F095FE204656
:10E91000FFF7B6FD00F0A8FF01F080FEA56B002D0B
:10E9200049D1019B002BD3D12EE001F0CBFFFEE7B4
:10E930002046FFF7A5FD00F097FF01F06FFEA36BE7
:10E940002BB901F079FEC6B9002005B0F0BD01F089
:10E9500073FEE1E701F070FE23681BB3019904F137
:10E96000240001F017F82046FFF78AFD00F07CFF35
:10E970000028D1D101F046FECEE701F04FFE616ADA
:10E9800059B9A06801F0B8F901F056FEDCE701F0D2
:10E9900099FFFEE701F096FFFEE7236B1968C1F1CE
:10E9A0003801EEE701F03AFEA06801F015F90646DD
:10E9B00001F042FED2E72368013DA56373B12369EC
:10E9C0001BB901F039FE0120BFE704F1100001F08E
:10E9D00021F80028F5D001F015FEF2E701F0DAF990
:10E9E000A060ECE738B500B3A1B1124C62682346D1
:10E9F00082421DD0A44600221D68013208337DB139
:10EA0000082A07D05D689C46A842F5D104EBC20CE9
:10EA1000CCE9001038BD5D68A842F7D00132083358
:10EA2000082AF8D1CCE90010F4E701F04BFFFEE72B
:10EA30000022EBE7B839032070B504460E461546B0
:10EA400001F0ECFD94F84430FF2B04BF002384F860
:10EA5000443094F84530FF2B04BF002384F8453040
:10EA600001F0EAFDA36B23B12046BDE87040FFF73B
:10EA700007BD04F124002A46314600F09FFF2046DE
:10EA8000BDE87040FFF7FCBC2DE9F8431C468368E5
:10EA90001646A3EB04089045474628BF1746E219DF
:10EAA000934202D201F00EFFFEE7054680693A4626
:10EAB0002044894602F0A8F9B0450BD2AB68F21B9E
:10EAC0009A4202D901F0FEFEFEE7A86909EB0701B0
:10EAD00002F09AF9AB68A019984228BFC01ABDE8A5
:10EAE000F88300BF2DE9F0411C460B4681681546AE
:10EAF000A1EB04089045474628BF1746E21991420A
:10EB000002D201F0DFFEFEE7816906463A4618466A
:10EB1000214402F079F9A84506D3B36860199842F8
:10EB200028BFC01ABDE8F081B1693844EA1B02F081
:10EB30006BF9F2E7F0B51646027F1C46D207054690
:10EB40000F46036883B006D4B44228BF34467CB96C
:10EB5000204603B0F0BD04220DEB0201FFF7C2FF17
:10EB6000019A034696420CD20024204603B0F0BD21
:10EB7000224639462846FFF7B5FF2860204603B0F5
:10EB8000F0BD1646043CDFE7F0B51646027F1C4692
:10EB9000D20705460F46436883B007D5089A019609
:10EBA000944211D20024204603B0F0BDB44228BFE5
:10EBB0003446002CF7D0224639462846FFF764FF3A
:10EBC0006860204603B0F0BD04220DEB0201FFF7A0
:10EBD0005BFF34460346002CE5D0ECE72DE9F0411D
:10EBE00082B0CBB11D46089BE3B1814204460E467C
:10EBF0000FD8002A0CBF4FF002084FF0030804287A
:10EC00000DD924230193019F9F420ED001F05AFE9B
:10EC1000FEE701F057FEFEE701F054FEFEE701F0CB
:10EC200051FEFEE701F04EFEFEE702465521284662
:10EC300002F05EF8854202D001F044FEFEE73A465B
:10EC40000021089802F054F8089B012E38BF0126D5
:10EC500018469D619C6083F81C80DE6002B0BDE8B0
:10EC6000F08100BF38B568B1856802680168446802
:10EC700003689A42F9D168180138001B854298BF91
:10EC8000401B38BD01F01EFEFEE700BF08B540B1D5
:10EC9000826843680168D018401A824298BF801A7F
:10ECA00008BD01F00FFEFEE72DE9F04387B00393A6
:10ECB000002900F084800446002800F08380037F50
:10ECC0008568DB0717460E4605F1FF325ED4BA426F
:10ECD00028BF3A469046039B002B33D004A800F08F
:10ECE00005FF01F09BFCA168206825686268236825
:10ECF0009842F9D10D44013DAD1AA94298BF6D1A51
:10ED0000A84565D90021084601F06CFAD4F81490A2
:10ED1000B9F1000F5FD100F049FF606101F08CFC98
:10ED2000039A494600924B464A46484601F074F819
:10ED300003A904A8C4F8149000F0FAFE0028D0D06B
:10ED40005DB9A56822682168606823689A42F9D194
:10ED50004B1E1B1A5D1938BF1D462B463A463146DD
:10ED60002046CDF80080FFF70FFF054650B1A2689E
:10ED70006368216813445B1A9A4298BF9B1AE26841
:10ED80009A420CD9284607B0BDE8F08307F1040881
:10ED900047451AD242459ED200230393D2E700F0A2
:10EDA0005BFD236943B10026206933463246314674
:10EDB000009601F07DF8266100F056FDE2E701F0D3
:10EDC00081FDFEE701F07EFDFEE701F07BFDFEE741
:10EDD00001F032FCB4E701F075FDFEE7F0B583B059
:10EDE000002942D00446002842D01F4690F81CC09B
:10EDF000D0F808E00CF0010C02EB8C0C25682668BA
:10EE0000636820688542F9D17644013EF31A9E4535
:10EE1000204698BFA3EB0E03CDF800C0FFF7B4FE69
:10EE2000054650B1A2686368216813445B1A9A4290
:10EE300098BF9B1AE2689A4202D9284603B0F0BDF7
:10EE400001F040FD236906464BB120690197002778
:10EE50003B463A463946009701F0AAF8276130460A
:10EE600001F03CFD284603B0F0BD01F02BFDFEE7AC
:10EE700001F028FDFEE700BF2DE9F04383B0002933
:10EE800049D00446002849D0077F0E4607F0010705
:10EE900090469946BF0073B9A368656822681D440F
:10EEA000AD1AAB4298BFED1ABD4212D800252846D4
:10EEB00003B0BDE8F08301F0B1FBA3686568226888
:10EEC0001D44AD1AAB4298BFED1ABD421AD901F0EC
:10EED000B3FB2B46424631462046FFF72BFE054644
:10EEE0000028E3D000F0B8FC636943B100266069F4
:10EEF000334632463146009600F0DAFF666100F094
:10EF0000B3FCD4E70021084601F06CF9256945B14E
:10EF100001F0D8FCFEE701F0D5FCFEE701F0D2FCE1
:10EF2000FEE700F043FE206101F086FB2B462A46F7
:10EF300029462846CDF8009000F06EFF2561ABE72A
:10EF40002DE9F041054601F069FB374A374F136858
:10EF5000013313603B68002B35D0354CEB6A2268D7
:10EF600052B3344E344935480A6805F1040C013275
:10EF70006A640A6002689A4238BF036003EB830345
:10EF800006EB830041689B00A960F258D1F808E0C5
:10EF90000132C5F80CE0CEF804C0C1F808C06861C1
:10EFA000F25001F049FB236823B13A68EB6AD26A58
:10EFB0009A4210D3BDE8F0813A681E4ED26A9A4256
:10EFC00098BF3D60CEE73D601368012B07D0EB6A28
:10EFD000184E174CC6E7BDE8F04101F013BB154EC3
:10EFE000344606F58C6820461434FFF7C3F94445CF
:10EFF000F9D1DFF86480124C4046FFF7BBF9204698
:10F00000FFF7B8F90F48FFF7B5F90F48FFF7B2F966
:10F010000E48FFF7AFF90E4BC3F800800D4B1C6094
:10F02000EB6A034C9EE700BF283A0320FC3E032016
:10F030001C3A03209C3A03200C3A0320203A032078
:10F04000743A0320583A0320443A03202C3A032010
:10F05000703A03206C3A0320883A0320F8B504463E
:10F06000214B224E1D6830680F460430FFF7B8F977
:10F07000631C17D033682D195D600BD21C4B1868C8
:10F0800031680431FFF794F91A4B1A68AA4200D983
:10F090001D60F8BD184B18683168BDE8F8400431B0
:10F0A000FFF786B96FB933686A1E5A60002DF1D137
:10F0B0000F4B186831680431FFF77AF90D4B1B6864
:10F0C000F8BD0E4B31685A6837688A60306831681D
:10F0D00035681C68043001341C6094680431FC609D
:10F0E000606091606B61F8BD243A0320FC3E032010
:10F0F000703A0320083A03206C3A03202C3A03208C
:10F100002DE9F0478A460A9C95000746A5212A4624
:10F11000206B9846089E01F0EBFDD4F83090BAF1D0
:10F12000000F0FD00AF1FF3C0AF10F0104F1330E7A
:10F130001CF8012F0EF8012F0AB18C45F8D10023DD
:10F1400084F84330372E02D901F0BCFBFEE7E662BB
:10F15000E664201DFFF71AF9C6F1380604F118001D
:10F16000FFF714F94C220021A6612461646204F1C6
:10F17000580001F0BDFD0B49043D01F16803E16554
:10F1800009EB0500D0312366616643463A46216BA0
:10F1900020F0070001F092FA099B206003B11C6087
:10F1A000BDE8F0875458032080B51E4DDFF88480F9
:10F1B0001D4E1E4F1E4C2B684BB301F02FFAD8F892
:10F1C0000C30D3F80C9009F10400FFF709F933680B
:10F1D000013B33602B68013B2B6001F02DFA38684E
:10F1E000583001F08DFD99F8A93033B1012B14D0BE
:10F1F000022BE0D001F066FBFEE7D9F8300001F009
:10F2000079FC484601F076FC2B68002BD5D12368A9
:10F21000012BD0D901F0F6F9CDE7484601F06AFCA0
:10F22000C9E700BF403A0320283A0320FC3E0320F0
:10F230009C3A0320443A03202DE9F04F604B83B001
:10F240001C6801341C60002C79D05E4B1A68944213
:10F250007CD35D4D2A681268002A00F0AC804FF024
:10F26000000CCDE9004366465848DFF874E1584F7A
:10F2700058E0D3F81490D3E90241A1609C684C6037
:10F28000D9F80410914204BFD968C9F80410D9F81C
:10F2900000105E610139C9F80010D3F82890B9F167
:10F2A000000F11D0D3E90741A160DC694C60D9F8A7
:10F2B0000410414504BF196AC9F80410D9F80010B8
:10F2C0009E620139C9F80010D3F82C80D7F800905D
:10F2D00008EB880100EB810AC845DAF8049088BF82
:10F2E000C7F8008050F82180C3F80890D9F808B01A
:10F2F00008F10108C3F80CB0CBF80420C9F80820C5
:10F30000C3F814A040F82180DEF80020D5F8008072
:10F31000D96AD26AD8F80030914288BF4CF0010C0B
:10F32000002B43D02B68009CDB68DB6859681A1DF2
:10F330008C4203F118089CD2019B19600BE0224B10
:10F340001A681268DAB101F0BDFAFEE74FF0000C5E
:10F350001E48DFF88CE0DEF800301E4ADB6A03EB63
:10F3600083039B00C0581368012898BF002B14BF6B
:10F370000120002040EA0C0003B0BDE8F08F164ADF
:10F38000186811681960154910600A6801320A602E
:10F390001A68126822B94FF0FF320A4B1A6055E71B
:10F3A0001A68084BD26812681A604FE7019B4FF049
:10F3B000FF321A60CFE794460448DFF824E0F6E70E
:10F3C000243A0320083A0320703A03209C3A032091
:10F3D000203A0320143A03206C3A0320103A032009
:10F3E000FC3E03202DE9F04F4E4C83B001F016F99E
:10F3F0002368013B23602668002E40F083804A4B3F
:10F400001B68002B7ED0494D2B68002B00F08680B6
:10F41000474F4848DFF82CC1DFF82C810196EB6894
:10F42000DB681A6ADE69996AB260DE6903F1180E58
:10F4300056604A68019E724504BF1A6A4A600A68AB
:10F440009E62013A0A60D9689E685A69B1609E68F6
:10F4500003F1040E4E605168714504BFD9685160D4
:10F46000116801391160DA6AD7F8009002EB820165
:10F4700000EB810A4A45DAF8049088BF3A6050F8F8
:10F480002120C3F80890D9F808B00132C3F80CB0B5
:10F49000CBF804E0C9F808E0C3F814A040F8212034
:10F4A000DCF80010DA6ACB6A9A4284BF0123C8F8FC
:10F4B00000302B68002BB2D11F4B1A68126842B380
:10F4C0001A681E4BD26812681A601D4E356895B1D5
:10F4D000012706E0FFF7B0FE08B1C8F80070013D53
:10F4E00008D02368002BF5D03368013D03F10103F8
:10F4F0003360F6D13560D8F800301BB101F082F8E6
:10F50000012400E0002401F097F8204603B0BDE894
:10F51000F08F4FF0FF32094B1A60D6E7DFF82880F2
:10F52000D3E700BF003A0320283A0320583A0320CB
:10F53000203A03209C3A0320703A0320083A032023
:10F54000183A0320FC3E0320143A03202DE9F04131
:10F5500088B0DDE90F573DB34FB31646AC22079292
:10F56000079AAC2A02D001F0ADF9FEE704468846BE
:10F57000384607990021059301F0BAFB20460E9CFE
:10F580003D6300940224029787F8A94006AC3246F6
:10F590004146059B0194FFF7B3FD3846FFF7D0FCC9
:10F5A000069808B0BDE8F08101F08CF9FEE701F0A3
:10F5B00089F9FEE72DE9F043064685B0900015462F
:10F5C0000F46984601F00EFA08B30446AC2001F04D
:10F5D00009FA8146C0B1AC22002101F089FBC9F8CB
:10F5E00030400D9C434601940C9C2A4639463046D7
:10F5F000CDF808900094FFF783FD4846FFF7A0FC84
:10F60000012005B0BDE8F083204601F073FA4FF009
:10F61000FF3005B0BDE8F08370B50446304D00F012
:10F62000FDFF002C42D0261D3046FEF7D9FEA36A0E
:10F630001BB104F11800FEF7D3FE2A4A1368013308
:10F6400013602B68A34228D0274A28491368013B3E
:10F6500013600B681B68DBB10A68254BD26812681F
:10F660001A6000F0E9FF2B68A3420AD028685830DE
:10F6700001F046FB94F8A9301BB3012B28D0022BD4
:10F6800016D11C4B1B6813B12B68A34213D070BD5D
:10F690004FF0FF32164B1A60E3E731461648FEF78B
:10F6A00079FE164A136801331360DAE72C68BAE76B
:10F6B00001F008F9FEE7124B1B686BB101F002F98B
:10F6C000FEE7206B01F016FA204601F013FAD8E7A6
:10F6D000204601F00FFAD4E7BDE8704000F092BF79
:10F6E000FC3E03200C3A0320283A0320703A032002
:10F6F000083A03201C3A0320443A0320403A0320EE
:10F70000003A032038B578B3D1B11A4C23682BBB2B
:10F71000236801332360184B02681D6853182CBFFF
:10F7200001210021AA420ED8D9B103600021581B43
:10F73000FFF794FC236801255BB901F0C3F8FEE7ED
:10F7400001F0C0F8FEE761B9036023680025002BD3
:10F75000F3D0FFF747FE50B1284638BD01F0B2F8AC
:10F76000FEE79D42E1D3EFE701F0ACF8FEE700F0E1
:10F7700049FFF1E7003A0320243A0320C0B110B555
:10F780000C4C216811B101F09DF8FEE723680133AC
:10F790002360FFF763FC23681BB1FFF723FE18B15A
:10F7A00010BD01F08FF8FEE7BDE8104000F02ABF61
:10F7B00000F028BF003A032030B5002489B007AA22
:10F7C00006A905A8CDE90544FEF7B8FDDDE9052346
:10F7D0001849CDE9013218482346079A0094FFF7EB
:10F7E000B5FE164B186030B100F0B4FE0128054696
:10F7F00008D0013503D0124B1B6809B030BD01F0B1
:10F8000061F8FEE701F05EF84FF0FF300D4B0E4A55
:10F810001B680E49583313600D4A0E4B0860156083
:10F820001C60F0F7F9FF00F085FF054B1B6809B07D
:10F8300030BD00BFC40F0108A9F10008043A03203D
:10F84000BC190108FC3E03203C010320083A0320B8
:10F850001C3A0320243A0320024A13680133136040
:10F86000704700BF003A032008B5054B1B6813B969
:10F8700001F028F8FEE7BDE80840FFF7B3BD00BF80
:10F88000003A0320014B1868704700BF243A032058
:10F89000054B1B680BB9FFF7CFBC044A0020136867
:10F8A00001331360704700BF003A0320183A032069
:10F8B000304B1B681BB101222F4B1A6070472E4A38
:10F8C00070B51360F0F7B2FF2C4B2D4A1860156825
:10F8D00019682C4CA94205D91E682068416D491B46
:10F8E000314441651968236811601B6B1A68B2F1D5
:10F8F000A53F07D15A68B2F1A53F03D19A68B2F18A
:10F90000A53F32D0206821683431F0F7A1FC1E4DAC
:10F910001E492B6803EB830292008A58980042B973
:10F9200003B3013B03EB830251F822209800002A25
:10F93000F6D0184401EB800C6246DCF80410083263
:10F9400049689142CCF8041008BFDCF80C10104A4A
:10F9500008BFCCF80410C96821602B6023685833B5
:10F96000136070BD00F0AEFFFEE7DB68B3F1A53FAA
:10F97000C8D1CCE7003A0320143A0320F839032019
:10F98000FC390320FC3E0320203A03209C3A03204C
:10F990003C01032010B558B10C46074B19681831CB
:10F9A000FEF706FD2046BDE810400121FFF756BBDB
:10F9B00000F088FFFEE700BFFC3E0320F8B50346D9
:10F9C00010B3134C5D680846002A11462268D4F82B
:10F9D00000E0D56126682268D4F800C002F118045E
:10F9E0001A68AF6806F1180602F10102CEF820701D
:10F9F00018BF4FF0FF307E60AC60CCF828301A6042
:10FA0000BDE8F840FFF72ABB00F05CFFFEE700BF4F
:10FA1000FC3E0320C36870B5DB68002B57D0D3E9E8
:10FA200007019A6A8160DD6954684D60002503F121
:10FA30001800844208BF196A264C08BF516011683B
:10FA40009D62013911602268AAB1234A5468DC61C1
:10FA5000A168196248601168A06001319A62116062
:10FA60001E49DA6A0B68DB6A9A422ED901231C4AC6
:10FA70001846136070BD5A69D3E9020181609C6821
:10FA800050681D1D4C60A84208BFD968154808BFC2
:10FA90005160116801391160DA6A01688A421249BD
:10FAA00088BF026002EB82024FEA820C01EB820205
:10FAB000546851F80C009C60A6680130DE607560E7
:10FAC000A5605A6141F80C00CAE7002070BD00F043
:10FAD000F9FEFEE7003A0320583A0320FC3E0320DB
:10FAE000143A0320203A03209C3A032010B560B159
:10FAF000044600F093FD064A064B12681B68C4E9F1
:10FB00000023BDE8104000F097BD00F0DBFEFEE7EB
:10FB1000103A0320243A0320034A044B12681B685E
:10FB2000C0E90023704700BF103A0320243A0320A5
:10FB3000F8B568B30D4641B3044600F06FFD2B687D
:10FB4000154A581C11681BD0D4E90060DFF84CC07E
:10FB5000DCF80070BE4208D0884206D80023012499
:10FB60002B6000F069FD2046F8BD0F1ABB42F5D9A5
:10FB70005B1ADCF80010126803442B60C4E9001221
:10FB8000002400F059FD2046F8BD00F09BFEFEE782
:10FB900000F098FEFEE700BF243A0320103A03204D
:10FBA0000122014B1A607047143A0320014B186878
:10FBB000704700BFFC3E0320054B1B6833B1054B6B
:10FBC0001868B0FA80F04009400070470120704783
:10FBD0001C3A0320003A0320F8B50446C8B11F4D73
:10FBE000C36A2A68D26A934214D28269002A04DB6B
:10FBF0002A68D26AC2F138028261194E626903EB47
:10FC0000830306EB83039A420CD02B68DB6AE36222
:10FC10000120F8BD2B68C06CDB6A98422CBF002025
:10FC20000120F8BD271D3846FEF7DAFB2B680D4A88
:10FC3000DB6A1168E3628B4288BF136003EB8303C6
:10FC4000980006EB830359683258A1608D68013231
:10FC5000E5606F608F6063613250D9E7FC3E03203E
:10FC60009C3A0320203A032098B1204B70B51B68C2
:10FC70000446834202D000F025FEFEE71B6D53B11F
:10FC8000C16AC26C013B9142036500D033B10020D0
:10FC900070BD0020704700F015FEFEE7051D2846E8
:10FCA000FEF79EFBE36C124AC3F13800A06101200D
:10FCB0001168E3628B4288BF13600E4A03EB830333
:10FCC0004FEA830E02EB8303D3F804C052F80E1000
:10FCD000C4F808C0DCF808600144E6607560CCF840
:10FCE0000850636142F80E1070BD00BFFC3E032057
:10FCF000203A03209C3A032080B1036D70B504467E
:10FD00004BB1C06CE26A814238BF01468A4201D0E1
:10FD1000012B04D070BD00F0D5FDFEE770471A4BF3
:10FD20001B68A3422CD0A369E162002BA8BFC1F1DC
:10FD30003801164DA8BFA16102EB8202616905EB93
:10FD400082039942E6D1261D3046FEF749FB104A50
:10FD5000E36A11688B4288BF136003EB830398004A
:10FD600005EB830359682A58A160D1F808C0013215
:10FD7000C4F80CC0CCF804608E6063612A5070BD7A
:10FD800000F0A0FDFEE700BFFC3E03209C3A0320EC
:10FD9000203A0320044B1A681AB119680A6D01321F
:10FDA0000A651868704700BFFC3E032070B510B1AB
:10FDB00000F088FDFEE7174D0E46144600F02EFCBD
:10FDC0002B68D3F8A43023B901212B6883F8A8103D
:10FDD000CCB900F031FC00F021FC2B68D3F8A44032
:10FDE00024B15EB100222B68C3F8A42000222B6846
:10FDF00083F8A82000F020FC204670BD2B68621E0E
:10FE0000C3F8A420F2E72046FFF728F900F0FAFB38
:10FE1000DFE700BFFC3E0320F8B510B100F052FD53
:10FE2000FEE7224E1D460C46174600F0F7FB3368EE
:10FE300093F8A830022B0CD001213268D2F8A430FC
:10FE400023EA0403C2F8A430336883F8A810069BA1
:10FE5000FBB900F0F1FB00F0E1FB1DB13368D3F812
:10FE6000A4302B60336893F8A830022B08D000240C
:10FE70000022336883F8A82000F0DEFB2046F8BD9E
:10FE800032680124D2F8A43023EA0703C2F8A43070
:10FE9000EEE71846FFF7E2F800F0B4FB00F0CCFB09
:10FEA00000F0BCFB002DD9D1DCE700BFFC3E0320F5
:10FEB00070B531BB0446B0B11D46164600F0AEFB2E
:10FEC000049B1BB1D4F8A430049A1360022294F866
:10FED000A83084F8A820DBB2042D5AD8DFE805F05A
:10FEE0000A1A1408060000F0EDFCFEE7022B4ED0C3
:10FEF000C4F8A460012B13D0012400F09DFB204620
:10FF000070BD00F0DFFCFEE7D4F8A4200132C4F895
:10FF1000A420EFE7D4F8A4203243C4F8A420E9E7F2
:10FF20006369D4E902128A60A0685968251D50608F
:10FF3000A94208BFE2681A4908BF5A601A68013A24
:10FF40001A60E36A0A689342164A88BF0B6003EBA3
:10FF500083039E0002EB830358689159A060D0F898
:10FF600008C00131C4F80CC0CCF80450856063614E
:10FF7000A36A915113B100F0A5FCFEE70A4BE26AB7
:10FF80001B68DB6A9A42B7D900F03CFBB4E7002457
:10FF9000B3E7064A1268002AACD000F093FCFEE7F3
:10FFA000203A03209C3A0320FC3E0320243A0320FD
:10FFB00070B5A0B3C9B91D460446164600F02AFC28
:10FFC00000F080FC049B1BB1D4F8A430049A1360A9
:10FFD000022294F8A83084F8A820DBB2042D72D84D
:10FFE000DFE805F00A171108060000F06BFCFEE7D9
:10FFF000022B66D0C4F8A460012B13D0012400F0BA
:020000040801F1
:100000006DFC204670BDD4F8A4200132C4F8A420B1
:10001000F2E7D4F8A4203243C4F8A420ECE700F0BF
:1000200051FCFEE7A36A13B100F04CFCFEE7294B3C
:100030001B68DBB1284B5A681968E2619568013189
:10004000196004F11801256269609160A362234B75
:10005000E26A1B68DB6A9A42D0D9059B13B101237F
:10006000059A136001221E4B1A60C7E76369D4E941
:1000700002128A60A168261D51605A68B24204BF0C
:10008000E2685A601A68013A1A60164AE36A11680F
:100090008B4288BF1360144A03EB830302EB830C8B
:1000A000DCF804509B00D158A560D5F808E0013178
:1000B000C4F80CE0CEF80460AE60C4F814C0D150AF
:1000C000C5E700249BE7094A1268002A94D000F093
:1000D000F9FBFEE7003A0320583A0320FC3E0320D8
:1000E000143A0320203A03209C3A0320243A0320A8
:1000F000F8B500283BD0B9B90446154600F08AFB94
:1001000000F0E0FB022394F8A82084F8A830D4F88B
:10011000A430012A03F10103C4F8A43023D1A36A57
:100120002BB100F0CFFBFEE700F0CCFBFEE7274B46
:100130001B68FBB1264B5A681968E2619668013169
:10014000196004F11801266271609160A362214B6D
:10015000E26A1B68DB6A9A4205D90DB101232B6064
:1001600001221D4B1A60BDE8F84000F0B7BB00F05B
:10017000A9FBFEE76369D4E902128A60A16804F171
:10018000040E51605A68724504BFE2685A601A68EA
:10019000013A1A60114AE36A11688B4288BF136002
:1001A0000F4A03EB83039E0002EB8303D3F804C0E2
:1001B0009159C4F808C0DCF808700131E760C7F84D
:1001C00004E0CCF808E063619151C0E7003A0320F5
:1001D000583A0320FC3E0320143A0320203A03201F
:1001E0009C3A032038B599B9044670B100F016FA6C
:1001F00094F8A830022B05BF00230125002584F8C0
:10020000A83000F019FA284638BD034B1C68EDE70A
:1002100000F058FBFEE700BFFC3E0320F0B5124C97
:1002200083B000F0FBF9256825B103B0BDE8F040CC
:1002300000F002BA0D4E0E4F3046FEF79BF83846DE
:10024000FEF798F80B490C4B00950A201F600E60D2
:100250000A4B10210A4AFEF795F920600028E4D0E5
:100260000849FEF7BFFBE0E7F83F032018400320F2
:100270000440032000400320FC3F0320003F0320F4
:10028000503F0320CC0F01082DE9F047DFF88490A0
:100290000546D9F800300F46DB68DC6804F1040835
:1002A0004046FEF79DF894F828305A070ED423F004
:1002B000010384F828302046236ABDE8F047184738
:1002C00093421BD82046236A98473546A3697A1B78
:1002D000EE182CBF01210021B74266602461EFD2E5
:1002E000AF4201D20029EDD0D9F800004146FEF717
:1002F0005FF82046236ABDE8F0471847044B4146A3
:100300001868FEF755F82046236ABDE8F0471847FD
:10031000FC3F0320004003202DE9F047894D8A4E21
:100320008A4F8B4C84B02B68D3F80090B9F1000F42
:1003300040F0D480FFF790FAFFF7A4FA33688046C4
:1003400098423DD33B6830601A68B2FA82F2520993
:100350002068A9EB0801FEF76FFBFFF785FA00287C
:1003600000F0CD80002269462068FEF701FA0028DF
:10037000D9D0009B0298002BC0F2A880DDF808803D
:10038000D8F814301BB108F10400FEF729F8FFF784
:1003900079FA33688146984224D3009BC6F80090CE
:1003A000013B082BDED8DFE803F02525816988258D
:1003B00025816900DB684FF0FF311868FFF764FFA3
:1003C0002B681A68002AF5D13A68C6F800802A60BE
:1003D0003B60FFF749FAC5E7DB684FF0FF3118686B
:1003E000FFF752FF2B681A68002AF5D13A683B6084
:1003F0002A60D2E798F82810019AD8F8180041F03E
:10040000010C131888F828C02CBF4FF0010C4FF0D6
:10041000000C4B45C8F80430C8F8108072D8A9EB1E
:10042000020290423CD84A0711D421F0010188F819
:1004300028104046D8F82030984793E7904277D864
:100440004046D8F8203098475346D8F8180010EBAB
:10045000030A2CBF01210021D145A9EB0302C8F8F2
:1004600004A0C8F81080E9D2994501D20029E7D04C
:10047000286808F10401FDF79BFFDAE798F82820C7
:10048000019B42F0010288F82820C8F81830002BA0
:1004900054D04B444B45C8F80430C8F8108036D8C7
:1004A000386808F10401FDF783FF5BE798F828300E
:1004B00023F0010388F8283054E798F828309A0789
:1004C00032D523F0010388F828304BE7019B0399CC
:1004D0009847009B002BFFF645AF4FE7DB68D3F84A
:1004E0000090FFF7B9F9FFF7CDF9336880469842DD
:1004F000FFF466AF814530600FD9002228E700F095
:1005000081F82FE74A4502D9BCF1000F8BD028684B
:1005100008F10401FDF74CFF24E7FFF7A5F9414678
:100520004846FFF7B1FE1DE7404600F0E3FA19E741
:10053000386808F10401FDF73BFF7AE700F0C2F9E3
:10054000FEE700BF00400320F03F0320FC3F0320F4
:10055000F83F032010B588B0FFF760FE0F4B1B6813
:10056000CBB1002407AA06A905A8CDE90544FDF7EB
:10057000F3FE02222346059C00920294069C084941
:100580000848079A0194FEF7E1FF074B186010B185
:10059000012008B010BD00F095F9FEE7F83F0320F8
:1005A000D40F010819030108F43F0320002200B50D
:1005B000074B83B001921B68013302D000F082F92F
:1005C000FEE700F07FF9019B002BFCD003B000BDDB
:1005D000380103204FF0E0220023072010B4074C1D
:1005E00013619361236806495DF8044BA1FB031373
:1005F0009B09013B53611061704700BF0C01032050
:10060000D34D62104FF0E0234FF08052C3F8042D19
:10061000BFF34F8FBFF36F8F704700BF08B500F077
:1006200051F9044A136801331360BFF34F8FBFF3CE
:100630006F8F08BD3801032008B5084B1A684AB10E
:100640001A68013A1A60186800B108BDBDE8084090
:1006500000F044B900F036F9FEE700BF380103208E
:1006600010B500F02FF90446FFF712F928B14FF04A
:10067000E0234FF08052C3F8042D2046BDE810401F
:1006800000F02CB908B5836913F8023C662B02D040
:1006900000F018F9FEE74FF0E023D3F8882D42F47C
:1006A0007002C3F8882DD3F8342F42F04042C3F8CB
:1006B000342FBDE8084000F0D3B800BF2DE9F04F5B
:1006C0004FF0113E4FF0807440E909E34FF00733DB
:1006D00040F8044C164C40F8343C40E903424FF0DB
:1006E00005334FF006324FF0123B40E90F324FF026
:1006F000033A4FF002394FF001384FF010374FF006
:1007000009364FF008354FF004346FF0430340E9E9
:1007100005AB40E9078940E90B6740F8305C40F8D9
:10072000404C40F8443C40F8481DBDE8F08F00BF05
:10073000AD05010800204FF0E0234FF07F4130B5B8
:1007400085B00290D3F81C0D2F4A0190C3F81C1DF0
:10075000D3F81C3D1B0E8DF803309DF8033003F0D9
:10076000A0031370002B41D09DF80330DB4313F03E
:10077000A00F0BD000F0A6F8FEE7029B0133029316
:100780009DF803305B00DBB28DF803309DF8033039
:100790001B06F2D4029B082B2BD0029AC2F107024F
:1007A000120202F4E0624FF0E0230025019917489D
:1007B000174C0260C3F81C1DD3F8202D42F47F02B1
:1007C000C3F8202DD3F8202D42F07F42C3F8202D0E
:1007D000FFF700FF256000F063F8FFF769F8039565
:1007E0002368013307D000F06DF8FEE700F06AF8E7
:1007F000FEE70022D7E700F065F8039B002BFCD052
:10080000002005B030BD00BF304003202C40032045
:100810003801032008B5EFF305830F2B05D90B49E9
:100820000B4A5B5C12789A420DD84FF0E023094ADC
:10083000D3F80C3D126803F4E063934200D808BD7E
:1008400000F040F8FEE700F03DF8FEE7F0E300E0DE
:10085000304003202C400320000000000000000076
:100860000B4A1168086806C881F30B88022181F3DE
:100870001488203080F30988BFF36F8F4FF0000099
:1008800080F31188104700BFAFF30080AFF3008002
:10089000FC3E0320000000000000000000000000FB
:1008A00007480068006880F3088862B661B6BFF345
:1008B0004F8FBFF36F8F66DF00BF00BFAFF30080C5
:1008C00008ED00E0EFF311804FF0A00181F31188F3
:1008D000BFF34F8FBFF36F8F704700BF80F3118856
:1008E000BFF34F8FBFF36F8F704700BF0000000052
:1008F000EFF309801EF0100F08BF20ED108AEFF310
:100900000B82734620E9FC0F114A116808604FF012
:10091000A00080F31188BFF34F8FBFF36F8FFEF7F6
:10092000C7FF4FF0000080F31188094A116808687A
:10093000B0E8FC0F13F0100F08BFB0EC108A82F380
:100940000B8880F309881847AFF30080AFF300806D
:10095000FC3E03200000000000000000000000003A
:100960001EF0040F0CBFEFF30880EFF30980044979
:10097000084700BFAFF30080AFF30080AFF3008003
:100980008506010810B4154B1A461B688342FBD339
:100990005468416802EB040C604513D04418A3422C
:1009A00006D00360824218BF10605DF8044B7047A8
:1009B0000B4C2468A342F4D0D3E9003421440360F3
:1009C0004160EFE72144501883425160EDD1044863
:1009D00000688342E9D01046EEE700BF484003209C
:1009E00044400320F8B53D4E0446FEF735FF33681A
:1009F000002B52D0631E0A332ED814F0070304F1E3
:100A0000080121D1002927DB354F3D688D4223D3D2
:100A1000344B18461C6803E0236823B120461C466B
:100A200062688A42F8D33368A34215D02368066807
:100A30000360531A102B06F1080617D960184207F5
:100A40000FD0FFF73FFFFEE7A3F109028A4203D36D
:100A50001034E11A0029D7DCFEF706FF00263046E5
:100A6000F8BD43606160FFF78DFF626800201E4B98
:100A7000AD1A196842F000428D421C4938BF1D6012
:100A80000B686260013320600B603D60FEF7ECFE96
:100A90007307E4D0FFF716FFFEE7154A510719D098
:100AA000D11D21F0070102F5C052531A0A46002059
:100AB0000B44083B23F007030A4D9A1AC5E90010BE
:100AC0003360C3E90000C1E900320749044B0A6002
:100AD0001A608FE711464FF4C053E8E74440032003
:100AE00040400320484003203C400320384003207E
:100AF0005040032070B150F8043C10B5002B044660
:100B000005DA50F8082C32B1FFF7DCFEFEE7FFF7FC
:100B1000D9FEFEE7704723F0004340F8043CFEF79F
:100B20009BFE094A54F8043C1168A4F108000B44E8
:100B30001360FFF727FFBDE81040044A1368013334
:100B40001360FEF791BE00BF4040032034400320F5
:100B500038B50446D0F8D80204F52675294600F2C7
:100B6000AA20FDF7CFFA2946D4F8D802BDE83840CC
:100B7000FCF730BF01EB810300EBC303D3F8642122
:100B8000D0F8D802FCF75EBF01EB810300EBC30392
:100B90005A6AD0F8D802FCF789BF00BFD0F8D80253
:100BA000FDF728B810B543790446022B01D0F0F7C1
:100BB00075FAD4F8D8020121FDF700F8D4F8D8026C
:100BC000BDE81040FCF7CEBF10B50446D0F8D802FF
:100BD000FCF7F8FF637A23B1024A136943F0060376
:100BE000136110BD00ED00E010B5437A04462BB947
:100BF000D4F8D802BDE81040FCF7F0BF064A1369EC
:100C000023F006031361EFF717FED4F8D802BDE80E
:100C10001040FCF7E3BF00BF00ED00E0944608B5CC
:100C20001A46D0F8CC026346F9F78EF818B10228BC
:100C30000CBF0120032008BD08B5D0F8CC02F9F79D
:100C4000EFF818B102280CBF0120032008BD00BF37
:100C500008B5D0F8CC02F9F71BF918B102280CBF7F
:100C60000120032008BD00BF0A06D0F8CC3206D40C
:100C700001EB810103EBC10393F85201704701F0CE
:100C80007F0101EB810103EBC103987C704700BF3A
:100C900008B5D0F8CC02F9F743F818B102280CBF18
:100CA0000120032008BD00BF08B5D0F8CC02F9F739
:100CB0009BF818B102280CBF0120032008BD00BF1B
:100CC00008B5D0F8CC02F9F777F818B102280CBFB4
:100CD0000120032008BD00BF014800F093B800BF09
:100CE0008C590320014800F08EB800BF8C590320B6
:100CF00002440346934200D1704703F8011BF9E711
:100D00002D4B1B68834270B5044653D0C3691BB397
:100D1000DB6863B10025E369DB685959B1B9043573
:100D2000802DF8D1E3692046D96800F07BF8E369AB
:100D3000196811B1204600F075F8E3699D685DB14E
:100D4000294620462D6800F06DF8F8E70E68204629
:100D500000F068F83146E1E7616911B1204600F022
:100D600061F8E16911B1204600F05CF8216B11B126
:100D7000204600F057F8616B11B1204600F052F8A0
:100D8000A16B11B1204600F04DF8A16C11B12046C5
:100D900000F048F8616C11B1204600F043F8E16AB8
:100DA00011B1204600F03EF8236A1BB12046BDE891
:100DB0007040184770BD00BF3C01032070B50D4B5B
:100DC00000260D4D5B1B9C10A64209D10B4D00F077
:100DD00073F80B4B00265B1B9C10A64205D170BD1F
:100DE00055F8043B01369847EEE755F8043B0136C9
:100DF0009847F2E7C8190108C8190108C81901087D
:100E0000CC190108704770470A44431E914200D133
:100E1000704710B511F8014B914203F8014FF9D119
:100E200010BD000038B50546002941D051F8043CFA
:100E30000C1F002BB8BFE418FFF74EFF1D4A1368C4
:100E400033B9636014602846BDE83840FFF74ABFF5
:100E5000A34208D9206821188B4201BF19685B683A
:100E600009182160EDE71A465B680BB1A342FAD975
:100E700011685018A0420BD120680144501811602D
:100E80008342E0D118685B68084453601060DAE779
:100E900002D90C232B60D6E7206821188B4202BFB1
:100EA00019685B680918636008BF21605460CAE76D
:100EB00038BD00BF50580320F8B500BFF8BC08BCCF
:100EC0009E467047F8B500BFF8BC08BC9E46704708
:080ED0005FF800F08D01032022
:100ED80000FFFFFFFFFFFFFF52414D4E5F54785464
:100EE80061736B320000000052414D4E5F527854DE
:100EF80061736B320000000052414D4E5F53656EC6
:100F0800645553420000000052414D4E5F446961F0
:100F18006754580052414D4E5F446961675258000A
:100F280052414D4E5F4572726F725461736B00008F
:100F380052414D4E5F506572696F646963000000ED
:100F480052414D4E5F53656E6443414E00000000B0
:100F580052414D4E5F5265636569766543414E0067
:100F680052414D4E5F52656365697665555342003F
:100F7800FFFFFF7D7EFFFFFF0000000043414C495B
:100F880042524154494F4E2049443000454355434D
:100F98002D506F776572747261696E0053657020A9
:100FA800203420323032360030313A31303A333959
:100FB8000000000052414D4E0000000049444C45DD
:100FC80000000000546D725100000000546D722042
:100FD80053766300E00E01080000000000000000E6
:100FE8000000000000000000000400002A000000CB
:100FF8000000000000000000F00E010800000000E2
:1010080000000000000000000000000000080000D0
:10101800290000000000000000000000000F010887
:1010280000000000000000000000000000000000B8
:101038000004000030000000000000000000000074
:10104800100F010800000000C4030320AC000000DA
:1010580070040320000400000F00000000000000DE
:10106800000000001C0F01080000000074080320A5
:10107800AC0000002009032000040000100000005C
:101088000000000000000000280F01080000000018
:10109800240D0320AC000000D00D03200004000044
:1010A800310000000000000000000000380F0108B7
:1010B80000000000D4110320AC00000080120320BF
:1010C80000040000200000000000000000000000F4
:1010D800480F01080000000084160320AC0000003F
:1010E8003017032000040000280000000000000062
:1010F80000000000580F010800000000341B032006
:10110800AC000000E01B03200004000018000000F1
:101118000000000000000000680F01080000000047
:1011280000000000000000000000000000040000B3
:10113800180000000000000000000000FCFCFCFC9F
:10114800FD00000001044010000000000001010043
:1011580001010000DD1200085111000815130008F4
:101168006D110008411300089D110008AD16000814
:10117800D916000859130008B511000871130008A2
:10118800CD11000889130008E5110008B5130008FF
:101198006D1500080000000085150008CD13000833
:1011A8000D120008F11300081D12000805140008AC
:1011B80029120008391400084D1200085D140008AF
:1011C8005D1200087D1400089D150008AD14000884
:1011D80031160008F9140008C91500086D12000836
:1011E8008912000809170008CD17000825170008FC
:1011F800F917000841170008251800085D170008AE
:1012080051180008791700087D180008951700087C
:10121800A91800083511000839110008000000005D
:10122800B51200088516000875160008891600080A
:10123800791600083D11000845110008B11700088B
:10124800D51800088D1600087D16000891160008AC
:101258008116000899160008A116000895160008BE
:101268002D160008FECA7700000000001A002F00A3
:1012780043006D00A200C901B801E207DF07540569
:101288000207000000000000963007772C610EEE80
:10129800BA51099919C46D078FF46A7035A563E9C5
:1012A800A395649E3288DB0EA4B8DC791EE9D5E0EC
:1012B80088D9D2972B4CB609BD7CB17E072DB8E7EB
:1012C800911DBF906410B71DF220B06A4871B9F340
:1012D800DE41BE847DD4DA1AEBE4DD6D51B5D4F479
:1012E800C785D38356986C13C0A86B647AF962FDDE
:1012F800ECC9658A4F5C0114D96C0663633D0FFA2B
:10130800F50D088DC8206E3B5E10694CE44160D530
:10131800727167A2D1E4033C47D4044BFD850DD21A
:101328006BB50AA5FAA8B5356C98B242D6C9BBDB2D
:1013380040F9BCACE36CD832755CDF45CF0DD6DC28
:10134800593DD1ABAC30D9263A00DE518051D7C8CF
:101358001661D0BFB5F4B42123C4B3569995BACF5A
:101368000FA5BDB89EB802280888055FB2D90CC67B
:1013780024E90BB1877C6F2F114C6858AB1D61C1F4
:101388003D2D66B69041DC760671DB01BC20D29813
:101398002A10D5EF8985B1711FB5B606A5E4BF9FA0
:1013A80033D4B8E8A2C9077834F9000F8EA8099693
:1013B80018980EE1BB0D6A7F2D3D6D08976C6491FE
:1013C800015C63E6F4516B6B62616C1CD830658517
:1013D8004E0062F2ED95066C7BA5011BC1F40882F4
:1013E80057C40FF5C6D9B06550E9B712EAB8BE8B35
:1013F8007C88B9FCDF1DDD62492DDA15F37CD38CBE
:10140800654CD4FB5861B24DCE51B53A7400BCA3BB
:10141800E230BBD441A5DF4AD795D83D6DC4D1A4ED
:10142800FBF4D6D36AE96943FCD96E34468867ADC4
:10143800D0B860DA732D0444E51D03335F4C0AAA63
:10144800C97C0DDD3C710550AA41022710100BBE66
:1014580086200CC925B56857B3856F2009D466B9AD
:101468009FE461CE0EF9DE5E98C9D9292298D0B0E2
:10147800B4A8D7C7173DB359810DB42E3B5CBDB78F
:10148800AD6CBAC02083B8EDB6B3BF9A0CE2B60310
:101498009AD2B1743947D5EAAF77D29D1526DB04C5
:1014A8008316DC73120B63E3843B64943E6A6D0D10
:1014B800A85A6A7A0BCF0EE49DFF099327AE000A5B
:1014C800B19E077D44930FF0D2A3088768F2011EEE
:1014D800FEC206695D5762F7CB67658071366C1985
:1014E800E7066B6E761BD4FEE02BD3895A7ADA10A6
:1014F800CC4ADD676FDFB9F9F9EFBE8E43BEB71787
:10150800D58EB060E8A3D6D67E93D1A1C4C2D83810
:1015180052F2DF4FF167BBD16757BCA6DD06B53F76
:101528004B36B248DA2B0DD84C1B0AAFF64A0336B5
:10153800607A0441C3EF60DF55DF67A8EF8E6E3134
:1015480079BE69468CB361CB1A8366BCA0D26F257D
:1015580036E2685295770CCC03470BBBB9160222CA
:101568002F260555BE3BBAC5280BBDB2925AB42BDF
:10157800046AB35CA7FFD7C231CFD0B58B9ED92CF4
:101588001DAEDE5BB0C2649B26F263EC9CA36A7559
:101598000A936D02A906099C3F360EEB8567077210
:1015A80013570005824ABF95147AB8E2AE2BB17B77
:1015B800381BB60C9B8ED2920DBED5E5B7EFDC7CFE
:1015C80021DFDB0BD4D2D38642E2D4F1F8B3DD6855
:1015D8006E83DA1FCD16BE815B26B9F6E177B06F50
:1015E8007747B718E65A0888706A0FFFCA3B06663D
:1015F8005C0B0111FF9E658F69AE62F8D3FF6B61CA
:1016080045CF6C1678E20AA0EED20DD75483044E6B
:10161800C2B30339612667A7F71660D04D476949F9
:10162800DB776E3E4A6AD1AEDC5AD6D9660BDF400C
:10163800F03BD83753AEBCA9C59EBBDE7FCFB247BF
:10164800E9FFB5301CF2BDBD8AC2BACA3093B353A4
:10165800A6A3B4240536D0BA9306D7CD2957DE54AD
:10166800BF67D9232E7A66B3B84A61C4021B685D86
:10167800942B6F2A37BE0BB4A18E0CC31BDF055AFF
:101688008DEF022D52414D4E2A4543555F432A3076
:101698003030332A554E4954332A00001002500086
:1016A800414000035C110108DC1701080600000036
:1016B800D416010810000100E41101089C18010863
:1016C80005000000541701081100000001F0000097
:1016D80001000000000400000000000003F000000A
:1016E80003000000000000000200000004F00000F9
:1016F8000400000009F000000600000005F00000EA
:10170800080000000001000007000000FAFE0000C9
:101718000D000000F1FE00000C000000CCFD0000F0
:101728000B00000041FE00000F00000000FF000059
:101738001000000002FF0000FF00000000EF0000A2
:10174800FF000000D4FD0000FF000000240000009E
:10175800010000001A00000000000000390000002D
:10176800030000002F0000000200000043000000FA
:10177800040000006200000006000000580000009D
:101788000500000077000000080000006D00000060
:10179800070000009800000009000000A2000000F7
:1017A8000A000000D30100000D000000C90100007C
:1017B8000C000000A70100000B000000B8010000A9
:1017C8000E000000500100000F000000BB010000E7
:1017D800100000005A01F01800000040000000004E
:1017E800000000000800000064000000FFFFFFFF89
:1017F800010000005A03F01800000040000000003B
:10180800000000000800000032000000FFFFFFFF9A
:10181800030000000305F01800000040000000006D
:10182800000000000800000064000000FFFFFFFF48
:10183800080000005AD4FD18000000400000000015
:10184800000000000800000064000000FFFFFFFF28
:101858000900000005CCFD0C00000040000000005D
:10186800000000000800000064000000FFFFFFFF08
:101878000B0000000502FF180000004000000000F7
:10188800000000000800000032000000FFFFFFFF1A
:10189800FF0000002400000000000000000000001D
:1018A80000000000080000000A00000010002000EE
:1018B80001000000390000000000000000000000E6
:1018C80000000000080000000A00000010002000CE
:1018D8000300000077000000000000000000000086
:1018E8000000000008000000640000001000200054
:1018F8000800000098000000000000000000000040
:101908000000000008000000640000001000200033
:1019180009000000A701000000000000000000000E
:101928000000000008000000640000001000200013
:101938000B0000000001020304050607080C101440
:10194800182030404543554300000000A0860100A0
:10195800400D0300801A060000350C0040420F00BD
:1019680080841E0000093D0000127A000024F40063
:1019780000366E010048E801006CDC02000000003F
:10198800000000000000000000000000000000004F
:10199800010203040000000000000000010203042B
:1019A800060708090001020304050607080C1014BD
:0819B800182030403700000048
:0819C00080E8FE7F0100000039
:0419C80025020008EC
:0419CC00010200080C
:1019D0000000000000000000000000000000000007
:1019E00000000000000000000000000000000000F7
:1019F00000000000000000000000000002000000E5
:101A00000100000000000000000000000000004095
:101A100000000000020000000100000000000000C3
:101A20000000000000000000000000000000FF07B0
:101A300001000100000000000000000001000000A3
:101A40000000000000000101000000000100000093
:101A50000000000000000000010000000000000085
:101A6000C016010800000000EA07000000000000A6
:101A70000000000000000000000000000000000066
:101A80000000000000000000000000000000000056
:101A9000EA07000000000000000000000000000055
:101AA0000000000000000000000000000000000036
:101AB00000000000000000005505000000000000CC
:101AC0000000000000000000000000000000000016
:101AD00000000000000000000000000000093D00C0
:101AE00001000000080000000000000000000000ED
:101AF00000000000000000000100000000000000E5
:101B00000000000020000000AAAAAAAA40010320A9
:101B10000000000054580320BC580320245903201F
:101B200000000000000000000000000000000000B5
:101B300000000000000000000000000000000000A5
:101B40000000000000000000000000000000000095
:101B500000000000000000000000000070B58AB026
:101B600072B6AA244FF40055684600F065F80621C5
:101B7000069BCDE9044543F08063284A0091069313
:101B8000936A002B03DA2649264B91609360234B1E
:101B90009A6A520003D52449244A19611A61244CD7
:101BA0002378012B36D0012300264FF47A7023705E
:101BB000666000F045F8054668B12670174B9A6AD2
:101BC00042F080429A629A6A42F000429A6262B699
:101BD00001200AB070BD114E049A336C4FF47A7034
:101BE00023F0FF0313433364326C069B22F08062C0
:101BF00003F0806313433364B36A43F40033B36286
:101C000000F01EF825700028D8D1B36A43F00063B5
:101C1000B362DCE702200AB070BD00BF00200240C2
:101C200023016745AB89EFCD3B2A19087F6E5D4CD8
:101C300018010320000000005FF800F0198100087F
:081C40005FF800F0B97D000817
:04000005080064ED9E
:00000001FF
