:020000040800F2
:10000000000004209DA9000819A800081DA80008E8
:1000100021A8000825A8000829A80008EDA90008C3
:10002000000000000000000000000000314B01084B
:100030002DA8000800000000C14A0108B91F0108EE
:10004000EDA90008EDA90008EDA90008EDA9000838
:10005000EDA90008EDA90008EDA90008EDA9000828
:10006000EDA90008EDA90008EDA90008EDA9000818
:10007000EDA90008EDA90008EDA90008EDA9000808
:10008000EDA90008EDA90008EDA90008EDA90008F8
:10009000EDA90008EDA90008EDA90008EDA90008E8
:1000A000EDA90008EDA90008EDA90008EDA90008D8
:1000B000EDA9000831A800083DA80008EDA9000836
:1000C000EDA90008EDA90008EDA90008EDA90008B8
:1000D000EDA90008EDA90008EDA9000849A800084D
:1000E00055A80008EDA9000861A80008EDA90008BE
:1000F000EDA90008EDA90008EDA90008EDA9000888
:10010000EDA900086DA8000879A80008EDA900086D
:10011000EDA90008EDA90008EDA90008EDA9000867
:10012000EDA9000885A8000891A80008EDA900081D
:100130009DA80008EDA90008EDA90008EDA9000898
:10014000EDA90008EDA90008A9A80008EDA900087C
:10015000EDA90008EDA90008EDA90008EDA9000827
:10016000EDA90008B5A80008EDA90008EDA9000850
:10017000EDA9000800000000EDA900080000000043
:10018000C1A80008EDA90008EDA90008EDA9000824
:10019000EDA90008EDA90008EDA90008EDA90008E7
:1001A000EDA90008EDA90008EDA90008EDA90008D7
:1001B000EDA9000800000000CDA80008EDA9000886
:1001C000EDA9000800000000EDA90008EDA9000855
:1001D000EDA90008EDA90008EDA90008EDA90008A7
:1001E000EDA90008EDA90008EDA90008EDA9000897
:0401F000000000000B
:1002000010B5054C237833B9044B13B10448AFF350
:1002100000800123237010BD600303200000000054
:100220004C55010808B5034B1BB103490348AFF314
:10023000008008BD00000000640303204C55010845
:10024000034613F8012B002AFBD1181A0138704716
:10025000704700BF30B5214C214D83B04FF0FF33C4
:10026000022220680DF1060112F03EFD022807D09F
:100270002B78012B29D001211A4809F0C5FDEDE7A3
:1002800042F20303BDF806209A42F1D816494FF016
:10029000FF33206812F028FDBDF806108142E7D137
:1002A000114805F0E9FD0028D8D12B78BDF80610DB
:1002B000012B0D480DD004F0E5FF0128CED12B789D
:1002C000B3FA83F35B092B70C8E7084809F00AFE0C
:1002D000C4E703F073FE0128C0D1F0E780040320D7
:1002E000540403209055010840B8002070550108BF
:1002F0002DE9F04F834C9BB0DFF82482824F834E70
:100300000AAD4FF0FF3328226946206812F0ECFC5A
:100310002828F6D1039809F081FF8346002840F091
:100320009380029B002B70D10098D8F8003098423F
:1003300000F092802A46594605F03CFE13F088FAF8
:1003400029460246684606F05BFD13F081FA29460D
:100350000246684605F086FD3B78002BD1D0069B0F
:10036000B3F5001F00F086800121BBF1080F28BF04
:100370004FF0080B002289465FFA8BFBDDE9013064
:1003800000286FD13144002B00F0AA805420B054D3
:10039000009809F0EBFD09EB00035FFA83F9069A78
:1003A00006EB0901B2F5001F6FD00BF00F0009F04A
:1003B0005BFE09EB00035FFA83FABBF1000F0CD080
:1003C000A946AB4419F8010B06EB0A0109F03CFE03
:1003D000D94550445FFA80FAF4D1FA78002A5ED108
:1003E0007A791AB1069AB2F5001F7DD00D220AF172
:1003F00001014648C9B206F80A2009F005FD0028A7
:100400003FF47FAF00233B707BE7B3F1005F9CD1EB
:10041000009BB3F5E06F98D13D4801990360039BC1
:100420004160082B28BF08231A460023C260C0E998
:100430000533836008223749374809F0FBFE364907
:10044000334803F01BFC80E702464FF0FF33294698
:10045000206812F049FC64E73049314803F00EFC93
:10046000009867E77BB352204FF0000BB054314443
:1004700000988EE7059B0221B3F5801F14BF30233F
:10048000312301228946337078E7039800F00F008A
:1004900009F0EAFD09EB00035FFA83FA8DE713F038
:1004A000D7F94EF6602C1F4B06EB0A01A3FB00E2C6
:1004B000920B0CFB120080B209F0A4FD0AEB0003C2
:1004C0005FFA83FA8CE772209B46B054009831445F
:1004D00080B209F081FD09EB00035FFA83F95EE762
:1004E0007420B0540098F3E7049AB2F1004F7FF4FF
:1004F0007DAF69220AF1010306F80A205FFA83FA48
:1005000074E700BFFC370320DC00032040B6002066
:10051000900303209005FA0B840303205039032035
:100520005839032073B2E7452DE9F0431F4D9BB0C6
:10053000DFF8808001AE0AAF002404EBC401C4F1EF
:1005400024024FF0FF33286806EB810112F0CCFB48
:100550000444232CF1D9049809F060FE039B8146E2
:10056000B3F1005F00D0A0B911480AF049FF50B1C3
:100570003A4631460E480AF003FED8F80C300133F3
:10058000C8F80C30D8E74FF0FF32012113F0F6FC29
:10059000EAE70024A9EB040239194FF0FF33286879
:1005A00012F0A2FB04444C45F4D3DDE7F8370320F6
:1005B0006027032010000320F0B583B005F0A0FCF5
:1005C00003F060FA06F01CFD00F0A4FD07F0FEFC4D
:1005D00013F03EF905F040FC1D480EF07BFC1D4871
:1005E0000EF040FC1C4D07F0EFFA1C4E1C4F05E0CE
:1005F00001330CD10A2101A812F0BCFF13F028F935
:1006000032682B6801320190F2D101330BD04FF4E4
:100610007A7401E0013CEDD02846124903F02EFB2C
:100620000028F7D0E6E707F0CFFC019807F0D4FCEC
:10063000019800F071FD3B7833B1019805F01EFC84
:10064000019806F0DBFBD5E7019805F0ADFDF4E776
:1006500098240320002403202C3903205839032038
:1006600086000320243903202DE9F04300262B4D7A
:10067000DFF8B490DFF8B480294FA7B016E063022A
:1006800003D52B7943F080032B7198F8003033B1F8
:100690000B9B23B1642011F06BFD03F0F3F90022F2
:1006A000022311463868009613F0EAFC4FF0FF323F
:1006B0000121002013F062FC14F098F819480AF0A8
:1006C000F5FF044606A917480AF056FE02A9154888
:1006D0000AF07AFE5422294611A8AC6014F0DEFE1E
:1006E000104B1E66189BB3F5003F02D9AB689A0207
:1006F0000CD414F089F899F80030012BBFD12346AF
:1007000011AA06A902A805F083FEB8E7012385F81F
:1007100020300B9303F040FAEBE700BF10000320FA
:10072000201C032060270320B03C0320800303200B
:1007300000232DE9F04385B05B4C5C4EDFF87881F7
:100740005B4D0DF10E078DF80B3005E000214FF0E9
:10075000FF32084613F012FC206812F0CFF900288F
:10076000F4D04FF0FF33012220680DF10B0112F09D
:10077000BBFA0128EAD1206812F0C0F90128E5D9B6
:100780004FF0FF330222206803A912F0ADFA0228CD
:10079000DCD1BDF80C20B2F5845FD7D8002A56D141
:1007A0009DF80B90B9F1000F16D113F051F8414BA1
:1007B0003146BDF80C20009709F058FABDF80E300C
:1007C000002B57D113F044F831463A4BBDF80C20BA
:1007D000009709F09BFAB9E713F03AF8354B334923
:1007E000BDF80C20009709F069FABDF80E3023B36C
:1007F00030490A787F2A08D1022B1ED98B78A3F1C1
:100800001102012A19D9312B17D04FF0FF330222E0
:100810003946D8F8000012F07FF94FF0FF33254930
:10082000BDF80E20D8F8000012F076F9002202235D
:1008300011462868009213F023FC13F009F81D4BB1
:100840001A49BDF80C20009709F060FA7EE74FF0D6
:100850000009A2EB090206EB09014FF0FF33206803
:1008600012F042FABDF80C2081441FFA89F94A457A
:10087000EFD195E739464FF0FF330222D8F8000058
:1008800012F04AF9BDF80E204FF0FF330949D8F8AD
:10089000000012F041F902234A4649462868CDF883
:1008A000009013F0EDFB8DE7C0030320BCA50020F2
:1008B0006009032038950020BC0303202DE9F8438C
:1008C000294E2A4DDFF8B08006F19C0706F58059C5
:1008D00005E000214FF0FF32084613F04FFB286877
:1008E00012F00CF90128F4D94FF0FF33022220490D
:1008F000286812F0F9F90228EBD1B6F89420B2F585
:10090000845FE6D86AB10024121B39194FF0FF3317
:10091000286812F0E9F9B6F894200444A4B2A2427F
:10092000F2D112F095FF0146124806F0EFFE0028C2
:10093000CFD112F08DFF09F0A1F80128C9D02868A5
:1009400012F0DCF80128C4D898F8003053B199F8B7
:10095000230111F00DFC12F07BFF09F08FF8012844
:10096000B7D0ECE70A20F4E7BC870120BC030320E2
:1009700050880120BC7701208600032010B50C4967
:100980000C4809F0FDF90A4A0B490C4814F0DCFA4E
:10099000084C0B494FF0FF334FF40062206812F00F
:1009A000A3F901460028F4D0054809F001FAF0E760
:1009B000B004032058040320D42003208004032023
:1009C00044D8002005F06ABA002005F06BBA00BFD9
:1009D0000022024B02481A600EF07CBA7C0303200E
:1009E0004C240320014B1868704700BF7C03032090
:1009F00010B59EB0482200210CA814F0C3FC0023BF
:100A00004FF40070CDE90233CDE90433CDE907336B
:100A1000CDE90933019306930B930CF039FE08B12D
:100A200072B6FEE7012302221693119319931792CF
:100A300010231D9207229FED1E7BCDE91A3203245D
:100A4000042312900CA81C938DED0C7B18940DF0D0
:100A50005BF8034608B172B6FEE70F22214601A8F3
:100A6000CDE903330593029401920CF0F9FE03469D
:100A700008B172B6FEE7104A4FF0005C916D4BF67C
:100A80007F3441F080719165926D069302F080721F
:100A9000009208932222202306A8CDE90A23009978
:100AA000CDF81CC009940DF08FFF1EB010BD00BF23
:100AB00029000000000001000010024070B594B051
:100AC00072B64FF00062A34B9A60BFF34F8F62B6CD
:100AD000002409F08DFF07F059F9FFF789FFCDE9F0
:100AE0000F44CDE911449C4D1394EB6C4FF46041DD
:100AF00043F00403EB64EB6C224603F00403089319
:100B0000089BEB6C954843F08003EB64EB6C01268B
:100B100003F080030993099BEB6C43F00103EB6442
:100B2000EB6C03F001030A930A9BEB6C43F00203A6
:100B3000EB64EB6C03F002030B930B9B0BF054FA8A
:100B4000224640F2011186480BF04EFA224641F24D
:100B5000E40184480BF048FA4FF460437F480FA942
:100B6000CDE90F36119412940BF08AF840F201137C
:100B70007B480FA9CDE90F36CDE911440BF080F881
:100B800041F2E40377480FA9CDE90F36CDE91144CE
:100B90000BF076F84FF4007371480FA9CDE90F34CC
:100BA00011960BF06DF808236F480FA9CDE90F34AB
:100BB00011940BF065F8AB6C052143F00403AB64B2
:100BC000AB6C224603F004030593059BAB6C1D2020
:100BD0003343AB64AB6C33400693069BAB6C43F082
:100BE0000203AB64AB6C03F002030793079B09F0AD
:100BF00035FF1D2009F06CFF224605211E2009F05B
:100C00002DFF1E2009F064FF22460521502009F027
:100C100025FF502009F05CFF20460BF06DFD08B168
:100C200072B6FEE70BF07CFD034640B94F48504AD0
:100C3000C0E900230DF0F0FE18B172B6FEE772B6FF
:100C4000FEE74C4A4C4B10704C4A4FF440711A600E
:100C500010229A619A62132299601A620F2104226B
:100C60003C245860D8609874D8631846C3E90D6670
:100C70001E825E615E62DC61D9621A630AF0B2F8BC
:100C80000346E0B94FF0FF313D4AC2E90500C2E931
:100C90000100D06011603B4A3B4811603B49C0E90C
:100CA0000533C2E90533C2E901338380D3600662AC
:100CB000016009F03FFF034618B172B6FEE772B655
:100CC000FEE74FF4027102223148C372314B81803A
:100CD0000360C0F807200BF02DFD034608B172B683
:100CE000FEE741F63F752C4C2C4ACDE90F001190E0
:100CF0002046C4E90133A3612260E5600EF0DAFA10
:100D0000034608B172B6FEE720460FA90F93119370
:100D10000EF002FB034608B172B6FEE7204C214AF2
:100D2000CDE90F00226042F20F72C4E90205119072
:100D30002046A36162600EF0BDFA034608B172B6A8
:100D4000FEE720460FA90F9311930EF0E5FA58B372
:100D500072B6FEE700ED00E000100240000802421B
:100D60000000024200040242001C024264260320EA
:100D700000080C42800303206027032000A40040E9
:100D8000583903202C390320C427032000300240A7
:100D9000D820032000D400404C240320001400403D
:100DA000982403200010004000234F254FF6FF74C5
:100DB0008D498E4A0846C1E90153C1E90343C1E99F
:100DC00005330A600EF076FA034608B172B6FEE704
:100DD0008748C0E90153C0E90343C0E90533854BA7
:100DE00003600EF067FA034608B172B6FEE74FF0F3
:100DF00080414FF0FF32804CCDE90F00CDE911006A
:100E0000C4E901000CAD0C902061A0612046C5E949
:100E100001332160E2600EF04DFA08B172B6FEE7D0
:100E20004FF4805320460FA90F930EF091F803461C
:100E300008B172B6FEE7204629460C930E930EF0D9
:100E40006BFA044608B172B6FEE76C486C49009034
:100E50002246CDE901446B4B0C7043F698200121EA
:100E600011F0F4FD0546684E684A00960121CDE96F
:100E70000144674B156043F69820224611F0E6FDC9
:100E80000546644E644A00960121CDE90144634B56
:100E9000156041F20100224611F0D8FD0246604E75
:100EA000604D00960121CDE901445F4B2A6041F27B
:100EB0000100224611F0CAFD5C4B5D4A01210092FF
:100EC000CDE90144224618605A4B43F6982011F0B0
:100ED000BDFD594B594A01210092CDE901442246FA
:100EE0001860574B43F6982011F0B0FD554B564E05
:100EF0001860204606F050F8204606F067F806F025
:100F0000B9F812F0A5FC2A46504B5149009605F05D
:100F100063FF504807F0B4F84F4804F083FF4F4890
:100F20004F4A504902F094FD0FA80F9405F0F0FFCE
:100F300020B90F9B13B94C4805F0C2FF11F04AF8D5
:100F400013F0EEFE0021494A494811F093F8044697
:100F5000484B0021484A49481C6011F08BF8044670
:100F6000474B0021474A48481C6011F083F804466B
:100F70003C4B0021454A46481C6011F07BF8044672
:100F8000444B0021444A45481C6011F073F8044664
:100F9000334B0021424A43481C6011F06BF8044671
:100FA0002B4B0021404A41481C6011F063F8044675
:100FB0003F4B00213F4A40481C6011F05BF804465B
:100FC0003E4B00213E4A3F481C6011F053F8044656
:100FD0003D4B00213D4A3E481C6011F04BF83D4B13
:100FE000186011F019F8FEE70024032000440140C6
:100FF000B423032000480140E42403208404032098
:1010000054040320DC1A01205C0403208004032024
:1010100044E00020300403205804032034850020DD
:101020000C040320C003032030750020BC03032000
:10103000E8030320983A0020FC370320C403032070
:1010400000000020F8370320B4030320B803032076
:10105000100E032064260320C427032060270320EA
:10106000C0120320201C0320040029C05084010862
:1010700055020008D42003202C840108F102000846
:10108000D02003200884010829050008E483010812
:10109000B905000870170320C0830108690600081D
:1010A0009C8301083107000878830108BD08000807
:1010B00060090320548301087D090008B00403205F
:1010C00030830108C5090008AC0403200C83010823
:1010D000C9090008A8040320094A0368934206D0FE
:1010E000084A93420AD0084A934205D07047074AFB
:1010F000136801331360704704F0C8BE09F08ABC5E
:1011000000140040002C0140001000407C0303202C
:1011100072B6FEE7704700BF034B044A1B68D07DE0
:101120001B6803491B6D18478800032064000320D7
:10113000EC3B032040F69E732DE9F047DFF89CA0BE
:101140002349244ADAF80040B1F800E012889C42B2
:1011500004FB0E2238D800204FF0804140F69F76E5
:101160004FF030083127DFF878901B4D09EB040C65
:101170004B6A9342FCD32B69013013F48073C0B2E5
:1011800004F1010472440ED118468CF80080B44278
:101190000CF1010CECD10120CAF80040002309F841
:1011A0000430BDE8F0870A288CF80070EFD9142CC1
:1011B00002D80CF1010CDBE7002309F80430002011
:1011C000CAF80040BDE8F0870120DFF81490E5E799
:1011D0000A000320080003200004024254280320D0
:1011E0005828032070B500244FF0804101254FF6A8
:1011F000FF7086B0CDE90044CDE9024404940A684A
:101200001A4E22F001020A603288194B013A8A62B2
:101210004C624D610A682A430A601A6822F0010292
:101220001A6098625C625D611A682A431A6002F073
:10123000B3FC2A464FF400710E480AF0D5FE4FF475
:101240008072002369460B48CDE9002302940AF01E
:1012500017FD4FF40073032269460648CDE90035B7
:10126000039202940AF00CFD06B070BD0C0003203E
:101270000048014000040242F0B5BDF81440012CC2
:1012800045D94FF0300C0127013C83F800C00029FC
:101290003FD10A263D4604E08C4675460127013EB3
:1012A00015D320FA06F101F0010105F1010EA54266
:1012B00001F130011FFA8EFE29DA8C455955EBD128
:1012C0000137FFB2052F4FD0013E7546E9D2002A03
:1012D0000CBF30263126A54219DA691CB4455E558B
:1012E00089B200F0C1800127A14210DA30224D1CE2
:1012F0009642ADB25A5400F0D980A54207DA881C54
:1013000080B25A5500221A54F0BDA54239DB0020A4
:10131000F0BD1C263D4605E08C4675460127013E82
:10132000112EF2D020FA06F101F0010105F1010EB3
:10133000A54201F130011FFA8EFEE8DA8C455955BD
:10134000EAD10137FFB2052F01D07546E7E7CCF1AE
:10135000610CA6455FFA8CFC05F10205D7DA01277E
:1013600003F80EC0ADB2DAE7CCF1610CA6455FFA26
:101370008CFC05F10205CADA012703F80EC0ADB2F4
:101380008DE74FF0310E691CF44589B203F805E092
:101390004FD0A142BBDA03F801E0A91CF4460227B2
:1013A0001FFA81FE04E08C46AE460127013E22D39F
:1013B00020FA06F101F00101A64501F13001A6DA9B
:1013C0000EF10105614503F80E10ADB2EBD1013706
:1013D000FFB2052F01D0AE46E8E7CCF1610CA54283
:1013E0005FFA8CFC0EF1020E91DA012703F805C0BA
:1013F0001FFA8EFEDAE7002A0CBF30253125A645FC
:1014000085DA0EF10102AC4503F80E5092B262D0BB
:101410000121A242BFF67BAF3027561CBD42B6B2B7
:101420009F5477D0A642BFF672AF023290B29F555A
:1014300068E7042F28D0A142BFF669AF0237FFB298
:1014400005F1020E052F03F801C01FFA8EFEAFD181
:10145000A645BFF65CAF4FF0300C033503F80EC065
:1014600001271FFA85FEA3E70137FFB2052F7FF49E
:101470003BAFA142BFF64BAFC6F16106F6B20235F3
:101480005E540127A9B22FE7A142BFF640AF302733
:101490005F54A91C89B28C427FF739AF05F1030E66
:1014A000012703F801C01FFA8EFE81E77A1CD2B231
:1014B000052A21D0A542BFF62AAF881C042A5E5512
:1014C00080B27FF41FAFA042BFF621AF31220331BB
:1014D0001A5488B216E7791CC9B2052999D1A242DB
:1014E000BFF615AFC5F16105EDB20EF1020E9D54C8
:1014F00001211FFA8EF28CE7A542BFF608AF312218
:101500005A558A1C92B294427FF701AFC81C80B230
:101510009E54F7E60131C9B2052910D0A642BFF6A4
:10152000F6AE9D55042902F10205ADB215D1A542D2
:10153000BFF6EDAE3121033290B25955E2E6A64234
:10154000BFF6E5AE31219955911C89B2A142BFF693
:10155000DEAE033290B25D54D4E62846D2E600BF38
:101560004B4B1868831C70D02DE9F04FC71C91B00D
:1015700077D0411C02D14FF000090BE03024454BDD
:10158000454A1978127804AB0094FFF775FE81463E
:10159000002860D04FF0804C404B414A1B88B2F885
:1015A00000A003933F4B0AEB8A0E1F883E4B3F4936
:1015B0001C683F4E4FEA4E0E0B69DA05FCD5DCF88D
:1015C000242092B20B69DB05F6D5DCF824309B1A97
:1015D0009E45F7D80B6913F4807306D0736ABB423B
:1015E0002DD80B6913F48073F8D1CCF82430B9F1FD
:1015F000000F1AD01C464FF08040039ADFF8B880E5
:10160000DFF8A8B004AD436A9342FCD3DBF8103096
:10161000524413F4807F15F8013B0DD0312BCBD110
:101620000134A14508F8013BEDD11F4BC3F80090F0
:10163000002011B0BDE8F08F302BF1D0BCE70120C5
:10164000194B1C6011B0BDE8F08F4FF080430022B1
:1016500000205A627047174808F044FC4FF0000918
:1016600098E74FF080440E4B104A188800EB80003A
:1016700040001369DE05FCD5616A89B21369DD0596
:10168000F7D5636A5B1A8342F8D300236362CFE71E
:1016900004000320512803205028032008000320C1
:1016A0000A00032000000320542803200004024203
:1016B000004801402C5601085828032002783AB30C
:1016C0004FF0000C30B56346864631250BE02A2AE0
:1016D00007D10CF1010C1FFA8CFC8EF8005000EBC6
:1016E0000C0EC25C82B1A2F13001013301290CF170
:1016F00001049BB2EBD88EF80020C25C1FFA84FC78
:1017000000EB0C0E002AEED100238EF8003030BD25
:1017100000230370704700BF70B5044608F096FDC3
:1017200014281ED900F1FF3E1FFA8EFE14F80E3069
:1017300004EB0E05312B2A4615D1831E9BB200EB1C
:10174000040C0CEB03002A262344A0EB0E0005E05A
:1017500016701A461178013B312906D1C11A0C299D
:10176000F6D9002070BD00EB040C002220460126B3
:10177000144610F8013BA3F1300101292FD862B3C0
:1017800086B3052A42D0A3420FD0312B5ED08445C8
:1017900015D010F8011B0122A1F13003012B79D8DB
:1017A00030231C460B46A342EFD10132312CD2B27A
:1017B00056D084454FF001064FF03004D9D10FFACE
:1017C0008EFEBEF1000F06DB2A4615F801392A2BE2
:1017D00058D05F2B37D0012070BD1C4601228445B4
:1017E000C7D1ECE7A3420DD08445E8D010F8011B27
:1017F0001C46A1F13002012A22D80B46A3424FF029
:101800000102F1D101320026D2B2E8E7A342A8D00A
:101810005F23844500F8013CD1D0034613F8011B37
:10182000A1F13002012A20D86345C8D0437832465E
:10183000A3F13004012C00F102000C46A0D9CEE740
:1018400000260122CBE730231370C4E78445B6D0CD
:1018500010F8011BA1F13002012A1ED80122A0E7D5
:10186000062A8CBF00260126B9E76345A7D01A785F
:101870000230A2F13003DBB2012B96BF14460022E6
:101880003246ACE70EF1FF3E0FFA8EFEBEF1FF3F8F
:101890009AD1A0E730241646A1E701221C4616463D
:1018A0009DE700BF70B571B3002344F2995600F173
:1018B000FF3C0CEB01051CF8012F5C00A2F131028A
:1018C000B2FA82F24FEA933E47F6FE73520972452E
:1018D00003EA040318BF7340AC45ECD14A1E00F183
:1018E0000E0C024400208C4412F8011F40003129E4
:1018F00008BF40F00100944580B2F5D1C01AB0FA9B
:1019000080F0400970BD0B46E8E700BF2DE9F04FBD
:101910008FB0044608F09AFC122840F24B812378DD
:10192000302B05D0B4480FB0BDE8F04F08F0DABA5C
:10193000074606AEB14808F0D5FA002531462346E1
:1019400004F10B0C13F8012FA2F13100B0FA80F072
:101950009C454FEA501001F8012B40EA4505F1D1B2
:101960004FF00008A6488DF8238008F0BBFA06A8BF
:1019700008F0B8FAA34808F0B5FA03A9284608F019
:10198000F5FA03A88DF8148008F0ACFA9E4808F028
:10199000A9FA94F80CA09D48657B8DF819808DF804
:1019A00018A008F09FFA06A808F09CFA984808F0DA
:1019B00099FA98488DF8185008F094FA06A808F09B
:1019C00091FA934808F08EFA312D40F0FD80262FD1
:1019D00040F2F680454606AA04F10D010DF12A00F9
:1019E00011F8013F02F8013BA3F13103B3FA83F38D
:1019F00090424FEA531343EA4505F1D14FF00008F6
:101A000085488DF82A8008F06DFA06A808F06AFA71
:101A10007C4808F067FA03A9284608F0A7FA03A84B
:101A20008DF8148008F05EFA774808F05BFA94F8B5
:101A300020A07A488DF819808DF818A008F052FA85
:101A400006A808F04FFA724808F04CFA94F82130D2
:101A500073488DF8183008F045FA06A808F042FAE5
:101A60006B4808F03FFA94F822306E488DF8183031
:101A700008F038FA06A808F035FA654808F032FA96
:101A80002322002504F1040C06A89444A11811F89F
:101A9000013B00F8013BA3F13103B3FA83F38C451A
:101AA0004FEA531343EA4505F1D14FF000095E4870
:101AB00002F1040801928DF81C9008F013FA06A8B0
:101AC00008F010FAEDB24F4808F00CFA03A92846C6
:101AD00008F0BAFA03A88DF80E9008EBC50B08F0D1
:101AE00001FA494808F0FEF90BF10F03BB42019AD5
:101AF00000F2E780BAF1300F00F0A680002506A9B9
:101B00000BF1FF30204401F10F0710F8012F01F80D
:101B1000012BA2F13102B2FA82F28F424FEA521245
:101B200042EA4505F1D10027404801938DF827701E
:101B300008F0D8F906A808F0D5F9324808F0D2F92B
:101B400003A9A8B208F05EFA03A88DF8107008F097
:101B5000C9F9374808F0C6F959462046FFF7A2FEF2
:101B6000019B002840D0334808F0BCF9019BE25C9F
:101B7000E118A2F13003012B98BF012303D916E02D
:101B80000133202B36D006F8012B11F8012FA2F1DA
:101B900030000128F4D900226B4427481A7608F057
:101BA000A1F906A808F09EF9194808F09BF90FB0B2
:101BB000BDE8F08F21480FB0BDE8F04F08F092B9B2
:101BC0001F4808F08FF9F2E7A37B16488DF818300C
:101BD0008DF8198008F086F906A808F083F90C48FA
:101BE00008F080F90F224CE71648019308F07AF9C3
:101BF000019BBCE71F23CEE7685601087C5601080D
:101C000090560108A0560108087C0108A856010852
:101C1000B8560108BC560108E0560108F056010804
:101C20000057010810570108205701085C570108A8
:101C30006C57010870570108845701085456010871
:101C4000CC56010878570108082D3FF657AF002DF4
:101C50003BD06B1EDBB20C3202EBC30B0DF11F0746
:101C600000250DF1170204EB080111F8013B02F801
:101C7000013FA3F13103B3FA83F397424FEA5313C1
:101C800043EA4505F1D113488DF8209008F02AF970
:101C900006A808F027F9104808F024F903A9E8B2CB
:101CA00008F0D2F903A808F108088DF80E9008F0A2
:101CB00019F90A4808F016F9C345D1D10BF10F0301
:101CC0001CE7074808F00EF971E7C34602F1130359
:101CD00014E700BF4C570108A0560108087C010812
:101CE00030570108002800F0F98030B583B0044671
:101CF00008F0ACFA0130235C25180BB9012038E05C
:101D00002046774908F0BAFA48BB2046754908F0E2
:101D1000B5FA20BB2046744908F0B0FA002856D125
:101D20002046724908F0AAFA002862D00A21284603
:101D30000DF1070208F00CFB9DF80730002BDDD0F9
:101D40004FF6FE73421E9A42D8D8694B80B21A8869
:101D50006849824208800BD34008188008E0284672
:101D6000654908F08BFA30B16FF00102634B1A60DD
:101D7000002003B030BD2846614908F07FFA20B149
:101D80004FF0FF325D4B1A60F2E728465D4908F0DC
:101D900075FA20B16FF00202584B1A60E8E7102183
:101DA00028460DF1070208F0D3FA9DF807300446E3
:101DB000002BA3D0B0F1005FA0D2B0F5006F03D329
:101DC000514B1A78002A50D04C4B1C60D0E70A21A6
:101DD00028460DF1070208F0BBFA9DF80730002BEA
:101DE0008CD04FF6FE73421E9A4287D8474B18801C
:101DF000BEE72046464908F041FA90B10A2128463C
:101E00000DF1070208F0A4FA9DF80730002B3FF40B
:101E100075AF384B1B8883427FF670AF344B188008
:101E2000A6E720463B4908F029FA80B128463A49FE
:101E300008F024FA002837D0304B384A1B68A3F545
:101E40000063934246D900222F4B1A7090E7204638
:101E5000334908F013FA70B128462F4908F00EFAFA
:101E600068B300222F4B1A7082E701222E481A70A5
:101E700008F038F8A8E720462C4908F0FFF90028B8
:101E80003FF43CAF0DF107020A21284608F060FA42
:101E90009DF80720002A3FF431AFB0F5803FBFF432
:101EA0002DAF234A108063E72846224908F0E6F95F
:101EB00000283FF423AF0122134B1A7058E728463D
:101EC0001C4908F0DBF900283FF418AF0122154B3C
:101ED0001A704DE7184808F005F80FE70120704721
:101EE00094570108A0570108E0570108EC57010872
:101EF000080003200A0003209C5701080400032067
:101F0000A8570108AC570108512803200C000320F2
:101F1000F85701080858010814580108FFF7FF1F77
:101F20004458010850280320B457010848580108B4
:101F300000000320405801081858010810B5364821
:101F400084B007F0CFFF354B01A9188808F02EFAAE
:101F500001A807F0C7FF324C324807F0C3FF3248F0
:101F600007F0C0FF01A9206808F000F8002301A8CD
:101F70008DF80C3007F0B6FF2368991C40D05A1C2E
:101F800042D0033344D0294807F0ACFF284B01A9C5
:101F9000187808F00BFA01A807F0A4FF254807F00D
:101FA000A1FF254B01A9187808F000FA01A807F055
:101FB00099FF224807F096FF214B01A9188808F0E5
:101FC000F5F901A807F08EFF1E4807F08BFF1E4BA6
:101FD00001A9188808F0EAF901A807F083FF1B4857
:101FE00007F080FF1A4B01A9188808F0DFF901A853
:101FF00007F078FF174807F075FF002004B010BD08
:10200000154807F06FFFBEE7144807F06BFFBAE70B
:10201000134807F067FFB6E7505801080000032097
:10202000040003205C580108645801088458010822
:10203000512803209058010850280320985801087F
:102040000C000320BC5801080A000320CC580108EA
:1020500008000320B85601086C580108745801089C
:102060007C5801082DE9F0410026104D104FFFF774
:10207000B9F86E626A6A3B889A4212D24FF0804485
:10208000DFF83480B8F800206662636A9342FCD3BC
:102090004FF40071074809F0ADFF6A6A3B889A4225
:1020A000F0D301F0EFFC0020BDE8F08100480140D2
:1020B00000000320000402420A0003202DE9F04F33
:1020C0007A4B91B01B88B3F57A7F60D9FFF78AF815
:1020D00072B6774B1868831C00F0D780C71C6DD090
:1020E000411C5BD14FF000094FF0804C714B724A9C
:1020F0001B88B2F800A00393704B0AEB8A041D689A
:102100006A4B6F49B3F800E06E4F64000B69DA0563
:10211000FCD5DCF8242092B20B69DB05F6D5DCF89F
:1021200024309B1AA342F7D30B6913F4807307D0B2
:102130007B6A734500F2B1800B6913F48073F7D1A9
:10214000CCF82430B9F1000F1AD01D464FF0804072
:10215000039ADFF88C81DFF868B104AE436A9342DA
:10216000FCD3DBF81030524413F4807F16F8013BA7
:102170000AD0312BCAD10135A94508F8013BEDD170
:102180004E4BC3F8009032E0302BF4D0BEE74E48FF
:1021900007F0A8FE002011B0BDE8F08F30244B4BB3
:1021A0004B4A1978127804AB0094FFF765F8814622
:1021B000002899D1474807F095FE93E74FF08044F7
:1021C0003D4B3F4A188800EB800040001369DE0554
:1021D000FCD5616A89B21369DD05F7D5636A5B1ABC
:1021E0008342F8D300236362304BB3F800E000264B
:1021F000344D6E626B6A73452FD22E4B4FF0804187
:10220000B3F800C02C4B2E4C1F8802E06B6A73455C
:102210002ED2236913F48073F8D162461846D5F89C
:1022200024804B624B6A9342FCD32369013013F440
:102230008073C0B219D00B283A44F3D1A2EB0C0240
:102240004B6A9342FCD36B6AA3EB08031E446B6A90
:102250007345DED3204B03FB06F662B601F012FC99
:10226000124B1B88B6FBF3F095E718463A44D9E7C2
:1022700062B601F007FC184B0C4A06FB03F310880A
:10228000B3FBF0F011B0BDE8F08F4FF080430022B7
:102290005A62064BB3F800E0A9E7084B1D6062B62E
:1022A0000E4807F01FFE01F0EDFB73E7000003206E
:1022B00004000320080003200A0003205428032000
:1022C0000004024200480140E05801085128032060
:1022D000502803202C560108A0860100FC58010854
:1022E000582803202A4B70B51B680333012B37D9BC
:1022F000FEF778FF72B60022264B5A62FFF730F9DC
:1023000028BBFEF717FF044600283AD162B6224EDA
:102310003368072B2ED9214D284607F0E3FD2048CE
:1023200007F0E0FD33682846EC54FFF7F5F9D8B123
:10233000284607F0D7FD1B4807F0D4FD2846FFF7D5
:10234000BDF9FFF7E3FA01F09DFB204670BD62B6D0
:10235000154807F0C7FD01F095FB0124204670BD2C
:10236000124807F0BFFDF8E7114807F0BBFD01F088
:1023700089FBF3E70F4807F0B5FD01F083FB20462A
:1023800070BD62B60C4807F0ADFD01F07BFBE4E7E1
:10239000040003200048014054280320582803204B
:1023A00090590108A8590108445901081059010819
:1023B0009859010878590108605901082DE9F04F32
:1023C00091B0FEF70FFF72B600254FF080427049C2
:1023D0007048714B556205604D621868811C00F0B1
:1023E000A180C31C00F0B380421C7FD1AB464FF0EC
:1023F000804E6A4B6A481E886A4B06EB86041A8830
:10240000694BDFF88C81B3F8009064000369DB0549
:10241000FCD5DEF8241089B20369DF05F6D5DEF8B5
:1024200024305B1AA342F7D3036913F4807307D0F7
:10243000D8F824304B457ED8036913F48073F7D164
:10244000CEF82430BBF1000F00F09B801D46574BA7
:1024500011469A464FF0804703930DF1100C7B6AAA
:102460008B42FCD34E4B31441B6913F4807F1CF824
:10247000013B54D0312BC9D10135AB450AF8013BA2
:10248000EDD1444B06FB0B22C3F800B040F69E731F
:102490009B451AD84FF080414FF0300C3127039BF9
:1024A0000BF1FF30424D3E4C18444B6A9342FCD333
:1024B0002369DB052DD500F8017FA8423244F4D111
:1024C00040F69F739B46334A13600024039B03F836
:1024D0000B4062B601F0D6FA344807F003FD3548E8
:1024E00007F000FD204611B0BDE8F08F324B334AB3
:1024F000197830231278009304ABFEF7BDFE8346B3
:1025000000287FF474AF2E4807F0ECFC214B1D68C7
:102510006DE700F801CFA8423244C6D1D0E7302B96
:10252000AAD073E71D4B1F491E88204B5562AB464E
:102530000A880393AEE7174B1D6062B6214807F087
:10254000D1FC01F09FFA012011B0BDE8F08F134BD0
:1025500013491E8806EB860464000B69DF05FCD571
:10256000506A80B20B69DD05F7D5536A1B1AA34286
:10257000F8D300230B490D489B46039053620A8809
:1025800088E70A4B0393034BC3F800B082E700BF10
:102590000048014054280320040003200A000320BF
:1025A00000040242080003200000032058280320F2
:1025B000F6370320B856010851280320502803207D
:1025C0002C560108FC580108002800F019812DE95B
:1025D000F04F95B0834607F039FEB0F57A6F28BF0B
:1025E0004FF47A60894E81463368033340F0C480EB
:1025F000FEF7F8FD72B600254FF08044844B65620B
:102600005D623068834B1D60831C00F0E380C71C53
:1026100000F0C580471C00F0BA80302300937E4B49
:102620001A787E4B197808ABFEF726FE8246002802
:1026300000F0AF807A4B4FF0804E1A8879491346EC
:10264000098802EB8204059177497848B1F8008047
:102650006F4F64000169CE05FCD5DEF82460B6B288
:102660000169C905F6D5DEF82410891B8C42F7D81C
:10267000016911F4807107D0796A414500F2B48094
:10268000016911F48071F7D1CEF82410BAF1000F6E
:1026900000F0B8804FF0804C0D466549059E0691CC
:1026A000049108A903910794DCF82410B142FBD3EC
:1026B0005E49039C0969164411F4807F14F8011BDC
:1026C000039460D0312960D1049C013504F8011BCA
:1026D000AA450494E8D105990024114418464FF006
:1026E00080424FF4007E4FF0300840F69F7C494D09
:1026F000504E4E4F2C60556A8542FCD3A1453FD9C0
:102700001BF80450312D3BD0302D04D14FF0007A0E
:10271000464DC5F818A0556A8D42FCD33D69013479
:10272000ED0544BF312506F8015F3A4D58BF06F864
:10273000018F64452C6018441944DCD14FF47A6051
:1027400000224FF0804100FB03F3069880F89F2F92
:102750004A6A9A42FCD34FF40072344B9A6162B6D3
:1027600001F090F9324807F0BDFB334807F0BAFB9F
:10277000002015B0BDE8F08F304807F0B3FB37E715
:10278000C7F818E0C7E730299ED0079C62E7AA4641
:1027900050E72B4807F0A6FB1E4B1D684AE7204B6D
:1027A000224D1A88134602EB820149002869C605AA
:1027B000FCD5666AB6B22869C005F7D5606A801B89
:1027C0008842F8D3002161621649098805911849A9
:1027D000069180E7124A134B12881B8814496562E0
:1027E00005930691134676E70A4B1D6062B61548BD
:1027F00007F078FB01F046F9012015B0BDE8F08F35
:10280000012070470A49069165E700BF04000320D4
:102810000048014054280320502803205128032059
:102820000A000320080003200000032000040242E5
:102830005828032057280320B8560108B859010822
:102840002C560108445901082DE9F04F91B0FEF7CC
:10285000C9FC72B600229C499C4B4A621868831CD2
:1028600000F01881C71C00F04981441C02D14FF0D0
:10287000000E0CE03024964B964A1978127804AB7F
:102880000094FEF7F9FC8646002800F017814FF00F
:102890008044914A914B1288B3F800C00392904B48
:1028A000904A0CEB8C05B2F800B01E688E49864F3A
:1028B0006D000A69D005FCD5606A80B20A69D2054C
:1028C000F7D5626A121A9542F8D80A6912F4807232
:1028D00007D07A6A5A4500F2D2800A6912F48072EF
:1028E000F7D16262BEF1000F00F0258116467F4AE3
:1028F0004FF080489146039802920DF1100AD8F8E3
:1029000024208242FBD3784A6044126912F4807F0B
:102910001AF8012B00F0AA80312ACAD10136B64537
:1029200009F8012BEBD1039A0CFB0E2200244FF087
:10293000804040F69E764FF0310830276A4D416A5C
:102940009142FCD32969013411F480710AD1B64552
:1029500098BF029C624498BF04F80E700C460EF1BA
:10296000010EECE7B64598BF0299624498BF01F8A2
:102970000E80092C0EF1010EE1D10399DFF848A178
:10298000594EC3F800E0511A0393DAF82400584571
:1029900033D840F68E739E452FD8029B0EF1FF353B
:1029A0001D4400204FF080434FF031094FF03008B4
:1029B0000EF101045F6A8F42FCD3052894BF4FF0EB
:1029C00000774FF40077B7615F6A9742FCD33769AD
:1029D0006144FF0554BF05F8018F05F8019FDAF83F
:1029E000247062445F4504EB000ECED801301028FD
:1029F000E0D1DAF824305B45CBD94FF08042039B1D
:102A0000C3F800E0536A8B42FCD32F4C636A5B45EA
:102A100018D84FF0804300274FF000764FF4007530
:102A20000CEB4C01304849004FEA0C1C5F62866198
:102A30005A6A8A42FCD385615A6A6245FCD3626A4B
:102A40005A45F3D9BEF57A6F14D20023029A02F8E0
:102A50000E3062B601F016F8244807F043FA244815
:102A600007F040FA002011B0BDE8F08F302A3FF4A3
:102A700055AF1EE70023029A82F89F3FE9E71E60E8
:102A800062B61C4807F02EFA00F0FCFF012011B0DE
:102A9000BDE8F08F4FF08045104C144E104B0E489F
:102AA0001049B4F800C002966A620288D3F800E0C8
:102AB0000392B1F800B00EFB0C2237E70E4807F086
:102AC00011FA4FF0000EE2E6004801400400032036
:102AD0005128032050280320080003200A00032067
:102AE0005428032000000320000402425828032039
:102AF000B8560108445901082C5601084FF080428D
:102B00000F4B1048B3F800C00CEB8C01490003696F
:102B1000DE05FCD5546AA4B20369DD05F7D5536A16
:102B20001B1B8B42F8D30024074D084B0295084825
:102B300008495462B9E70449039A0291F6E600BFD6
:102B40000A000320000402425828032054280320CE
:102B500008000320000003202DE9F04FA24C93B0A1
:102B600023680333012B40F214818346FEF73AFBBE
:102B700072B600264FF080429C4B5E629C4B1E60FA
:102B800056622068811C00F02581C31C00F04A8138
:102B9000421C72D134464FF0804C964BDFF864A251
:102BA0001D88954B05EB850E1B8894490593944B26
:102BB000DFF83882B3F800904FEA4E0E0B69DB0560
:102BC000FCD5DCF8242092B20B69DF05F6D5DCF8E1
:102BD00024309B1A9E45F7D80B6913F4807308D0F4
:102BE000D8F824304B4500F2C6800B6913F480738B
:102BF000F6D1CCF82430002C00F02E814FF080402C
:102C00001E46804B06AF059A04930397436A93428E
:102C1000FCD37A4B039F1B692A4413F4807F17F877
:102C2000013B03973BD0312BC8D1049F013607F8F5
:102C3000013BB4420497E9D16D4B1C60059B05FB39
:102C4000043300264FF0804240F69E7C4FF031095D
:102C50004FF03008694F0BF1060E516A9942FCD3D0
:102C60003969013611F4807104F101001AD164450B
:102C700021D90E4604462B44EFE7634B1A783023E4
:102C80000093624B197806ABFEF7F6FA044600286B
:102C900081D15F4807F026F9554B1E687BE7302B42
:102CA000C3D08BE7644598BF0AF80490B6452B441F
:102CB00007D90446D1E70AF804800E4601342B44B4
:102CC000CBE701464FF08040059A9E1A426AB24215
:102CD000FCD34FF000774FF08040484A9761426A3A
:102CE0009A42FCD3454A0234126912F4807F40F6BE
:102CF0009E7255D1914261D93D48944204602E4460
:102D00002B4442D84FF080424FF4007C4FF0310802
:102D10004FF0300E3F4F394C5144506AB042FCD313
:102D2000C4F818C0506A8342FCD82069C0051BD47F
:102D300001F801EFB9422E442B44EED140F69F73C7
:102D40002B4A136040F69F7300220AF8032062B6F4
:102D500000F098FE2B4807F0C5F82F4807F0C2F89E
:102D6000002013B0BDE8F08F01F8018FB9422E4466
:102D70002B44D2D1E2E71E4B28481C461E6007F0C8
:102D8000B1F82368B3F57A6FDED300238AF89F3F4A
:102D9000DDE7234807F0A6F8012013B0BDE8F08F67
:102DA0009142A9D8124A2E44146031220AF8012017
:102DB00040F69F7294422B44A4D1C3E70C4A2E44A0
:102DC000146030220AF8012040F69F7294422B448E
:102DD00098D1B7E7084B56621B88064A34461588D7
:102DE000DFF820A005932CE70400032000480140F1
:102DF000542803200A000320080003200004024294
:102E000000000320582803205028032051280320C5
:102E10002C560108F6370320B8560108FC59010862
:102E2000E85901080D4B0E491D8805EB8504640027
:102E30000B69DF05FCD5506A80B20B69DE05F7D55A
:102E4000536A1B1AA342F8D30024064B54621B8812
:102E5000DFF814A00593F4E6059BF2E60A000320D0
:102E60000004024208000320582803209B4B2DE950
:102E7000F04F1B6893B00333012B40F2248181464D
:102E8000FEF7B0F972B60023DFF87CB2944ACBF8B3
:102E90002430DBF824301688B34280F0DA80914C7D
:102EA00009F1060900274FF080428C4B57621D68DC
:102EB0008D4BA91C1F6000F0D680EB1C00F0E48055
:102EC000691C00F0CD8030230093884B28461A7887
:102ED000874B197806ABFEF7CFF98246002800F041
:102EE000CB8038464FF08047824BB3F800E0824BEE
:102EF0000EEB8E0C1B884FEA4C0C04932369DA0509
:102F0000FCD57A6A92B22369DB05F7D57B6A9B1AF6
:102F10006345F8D3236913F4807308D0DBF82430B9
:102F2000B34200F2CA80236913F48073F6D17B6246
:102F3000BAF1000F00F0C4804FF0804118466F4B8B
:102F4000049A03930DF1180805954B6A9342FCD33C
:102F50002369724413F4807F18F8013B1FD0312B92
:102F60001FD1039D013005F8013B82450395ECD14B
:102F7000DDE9043500FB0E3200274FF080410130BF
:102F80004B6A9342FCD32369013713F4807300F139
:102F9000010C08D0B945724409D96046F0E7302BDE
:102FA000DFD0059DAAE71F4672440130E8E74FF0E5
:102FB00080414D4B1860049BD21A4B6A9342FCD35C
:102FC0004FF000734FF080417244A3614B6A93420B
:102FD000FCD34FF4007CC4F818C0DBF82430B342B3
:102FE00037D202357FF45EAF4FF080414FF0000ED4
:102FF0004FF0007B3F4B3B4D1F883F4BDFF808A154
:10300000B3F80080002442462046C1F824E0C1F80D
:1030100024E04B6A9A42FCD82B69013013F4807388
:1030200058D0814504F101043A44F2D8A2EB0802D9
:103030004B6A9A42FCD8C5F818B03A444B6A9A4297
:10304000FCD8C5F818C0DAF824309E42DAD8264BEE
:103050001C6062B600F016FD002013B0BDE8F08FD2
:103060003846BA463EE7244B57621A88214B384609
:10307000B3F800E004927FE7214806F033FF184BD5
:103080001E88194B18682DE71A4B1649B3F800E053
:103090000EEB8E077F000B69D805FCD5506A80B215
:1030A0000B69DB05F7D5536A1B1ABB42F8D3002026
:1030B000114B50621A8804925EE70B4B1860C8E708
:1030C0005046049A58E70F4806F00CFF012013B051
:1030D000BDE8F08F184601343A449AE70400032013
:1030E000000003200004024254280320502803203B
:1030F000512803200A000320080003205828032039
:103100002C560108E8590108004801400870704732
:1031100000787047030A08704B707047012994BF0C
:1031200000780088704700BF012908D94FF6FE23B8
:1031300002889A4203D8981AC0F34F0070470020C3
:10314000704700BF012911D94378FA2B07D8084AE4
:10315000C3EB0330A2FB0020C0F30F10704740F612
:10316000FF72FF2B0CBF00201046704700207047F5
:10317000D34D6210022907D94FF6FF73B0F8010052
:10318000984208BF0020704700207047042907D9E3
:103190004FF6FF73B0F80300984208BF0020704755
:1031A00000207047012907D94FF6FF730088984225
:1031B00008BF4FF4006070470020704701290ED906
:1031C0004FF6FF730088984209D047F27F53984228
:1031D00038BF1846A0F5EA407F3880B270474FF4F8
:1031E00000607047032986BFC078C0F381000020CB
:1031F000704700BF09B1007870470846704700BFAC
:10320000012906D9437803F00F03013BDBB2022BFF
:1032100001D900207047024A32F81300704700BFFE
:103220007484010819B10178C1F381007047084620
:10323000704700BF032986BFC07800F0030000205C
:10324000704700BF034600B583B008465BBA022250
:103250000DF10601ADF8063006F0ECFF03B000BD3D
:103260008446002310B50C4682B00DF10600022200
:103270006146ADF8063006F0DDFFBDF80600012C12
:1032800098BFC0B240BA80B202B010BD002300B5F2
:10329000012983B0ADF8063002D8184603B000BD4E
:1032A000014602220DF1060006F0C4FF9DF806005B
:1032B00003B000BD38B50D4604460822FF2128465C
:1032C00006F0B4FFB4F5FB4F0ADAC4F5FA447F34D4
:1032D000640004F0FE03C4F307242B706C7038BD47
:1032E000002423466C702B7038BD00BF38B50D46E6
:1032F0000822FF210446284606F098FFFA2204FB24
:1033000002F2044BA3FB0213D21A03EB5203DB0AB3
:103310006B7038BD0101100038B50C460546082217
:10332000FF21204606F082FF2B0A6570A37038BD8E
:1033300038B50C4605460822FF21204606F076FFE8
:103340002B0AE570237138BD38B50C4605460822B6
:10335000FF21204606F06AFF2B0A2570637038BDF6
:1033600038B50C4608220546FF21204606F05EFFD0
:1033700048F6802247F27F53954294BF5B199B1811
:103380009BB21A0A2370627038BD00BF38B50D4673
:1033900004460822FF2128467D3406F047FFAC7022
:1033A00038BD00BF38B50D4604460822FF21284627
:1033B00006F03CFFEB78A40023F00C0304F00C04AF
:1033C0002343EB7038BD00BF38B50C4605460822D4
:1033D000FF21204606F02AFF257038BDFF2838B5AA
:1033E0000D460FD9C3B2002B0CBF012403240822C1
:1033F000FF21284606F01AFF6B7823F00F031C43C9
:103400006C7038BD031E18BF01235C00EFE700BFDE
:1034100038B50D4604460822FF21284606F006FF6F
:103420002B78A40023F00C0304F00C0423432B702E
:1034300038BD00BF38B50C4605460822FF2120469E
:1034400006F0F4FEE37805F0030523F003032B43B5
:10345000E37038BD38B50D4604460822FF212846E2
:1034600006F0E4FE012C0AD0022C05D0032C0CBF80
:10347000D723FF23AB7038BDC723AB7038BDC32340
:10348000AB7038BD38B50C4605460822FF212046F2
:1034900006F0CCFEEBB2022B12D0032B09D0042B8A
:1034A0000CBF51230023FF2D88BF43F0040323707A
:1034B00038BD1123FF2D88BF43F00403237038BDAE
:1034C0000123FF2D88BF43F00403237038BD00BFE4
:1034D00038B50C4605460822FF21204606F0A6FE18
:1034E00015F0080F0CBF0021FA2115F0100F0CBFCA
:1034F0000022FA2215F0200F0CBF0023FA2315F04A
:10350000400F0CBF0020FA2015F0800FE0700CBFB8
:103510000020FA2015F0010F21700CBF0021FA21C4
:1035200015F0020F62700CBF0022FA2215F0040F92
:10353000A3700CBF0023FA2320716171A271E371A3
:1035400038BD00BF022906D980787D38C0B28128F5
:1035500088BF002070470020704700BF032906D9AC
:10356000C0787D38C0B2812888BF00207047002015
:10357000704700BF02290FD9837803F00C02042A98
:1035800001D001207047C3F30113012B06D0002B9B
:103590000CBF0220012070470020704703207047B5
:1035A00007292DD903784278A3F1FA03B3FA83F3FC
:1035B000FA2A4FEA531382784FEAC30308BF43F055
:1035C0001003FA2AC27808BF43F02003FA2A0279CE
:1035D00008BF43F04003FA2A427908BF43F0800352
:1035E000FA2A827908BF43F00103FA2AC27908BF98
:1035F00043F00203FA2A08BF43F004031846704759
:103600000020704700787047D9B103789A09012AE1
:103610000ED003F03002102A15D003F00302012A65
:1036200014BF0120022003F00C03042B06D07047C6
:1036300003F00C03042B4FF00400F8D140F47F405A
:103640007047084670470320EDE700BF00787047D9
:1036500000787047007870470078704708707047AE
:10366000087070470870704708707047087070479E
:10367000030A08704B707047012994BF00780088D6
:10368000704700BF38B50D460822FF210446284682
:1036900006F0CCFDFA2204FB02F2044BA3FB02135A
:1036A000D21A03EB5203DB0A6B7038BD0101100024
:1036B000012911D94378FA2B07D8084AC3EB033004
:1036C000A2FB0020C0F30F10704740F6FF72FF2BE3
:1036D0000CBF00201046704700207047D34D621089
:1036E000034600B583B008465BBA02220DF106011D
:1036F000ADF8063006F09EFD03B000BD034600B5F0
:1037000083B008465BBA02220DF10601ADF806301F
:1037100006F090FD03B000BD034600B583B0084637
:103720005BBA02220DF10601ADF8063006F082FD0B
:1037300003B000BD034600B583B008465BBA022261
:103740000DF10601ADF8063006F074FD03B000BDC2
:10375000034600B583B008465BBA02220DF10601AC
:10376000ADF8063006F066FD03B000BD034600B5B7
:1037700083B008465BBA02220DF10601ADF80630AF
:1037800006F058FD03B000BD034600B583B00846FF
:103790005BBA02220DF10601ADF8063006F04AFDD3
:1037A00003B000BD8446002310B50C4682B00DF175
:1037B000060002226146ADF8063006F03BFDBDF87A
:1037C0000600012C98BFC0B240BA80B202B010BD52
:1037D0008446002310B50C4682B00DF1060002228B
:1037E0006146ADF8063006F025FDBDF80600012C57
:1037F00098BFC0B240BA80B202B010BD8446002368
:1038000010B50C4682B00DF1060002226146ADF8FB
:10381000063006F00FFDBDF80600012C98BFC0B2BF
:1038200040BA80B202B010BD8446002310B50C46E9
:1038300082B00DF1060002226146ADF8063006F0B6
:10384000F9FCBDF80600012C98BFC0B240BA80B2A6
:1038500002B010BD8446002310B50C4682B00DF1B5
:10386000060002226146ADF8063006F0E3FCBDF822
:103870000600012C98BFC0B240BA80B202B010BDA1
:103880008446002310B50C4682B00DF106000222DA
:103890006146ADF8063006F0CDFCBDF80600012CFF
:1038A00098BFC0B240BA80B202B010BD84460023B7
:1038B00010B50C4682B00DF1060002226146ADF84B
:1038C000063006F0B7FCBDF80600012C98BFC0B268
:1038D00040BA80B202B010BD002300B5012983B008
:1038E000ADF8063002D8184603B000BD01460222EA
:1038F0000DF1060006F09EFCBDF80600000A03B0BC
:1039000000BD00BF012918D9037803F00302012A82
:1039100017D003F00C02042A15D003F03002102A4D
:103920000DD003F0C003402B0FD0437803F0030306
:10393000012B0CBF06200120704700207047052096
:10394000704702207047032070470420704700BF73
:103950002DE9F04F3A4B8346984283B007D8394B54
:10396000984260D94FF028094FF4487609E036496B
:103970004FF02509B1FBFBF1C9B2192940F2EE263F
:103980005BD90124304B0134A4B2B3FBF4F1B1FB99
:10399000FBF1C9B21929F6D8B4F5806F3FD20120E6
:1039A0002A4BCDF804B01F6823186FF0004C4FF479
:1039B0007A759B461FFA83FAA1F1020EBEEB510FF6
:1039C0004FEA51031ADD01F1FF385FFA88F805FB71
:1039D00003F2B2FBF1F2B21A002AB8BF52426245BA
:1039E00009DA914507DB00209446A8EB0302D2B226
:1039F000FB617C613A6201337345E8DB124B1FFACD
:103A00008BF4B3FBFAF1019BB4F5806FB1FBF3F1DA
:103A10000AF1010AC9B203D004F1010BCCE701207D
:103A200003B0BDE8F08F08494FF02B09B1FBFBF163
:103A3000C9B2192940F26B36A3D80124AFE700BF01
:103A400000350C0020A10700005A6202F038032064
:103A500038B50C46064D0749074B0A6028600749F0
:103A600001201C600EF092FD054B186038BD00BFB0
:103A7000F0380320E8380320EC3803200038032016
:103A80005038032030B53F4C83B0206807F062FB0C
:103A9000206807F0A7F9002851D100223A4D4021B3
:103AA0003A482A71EA602A616A61AA61AA60EA61F9
:103AB00085F8202008F098FA206805F1240107F025
:103AC0007BFA00285BD13249206807F075FA00289C
:103AD00052D10023022220681146009307F098FA81
:103AE000002846D1206807F0D9FA00283ED10022EC
:103AF0000121206807F08AFCA8BB0022062120686B
:103B000007F084FC60BB07224FF4F051206807F0F7
:103B10007DFC10BB07228021206807F077FCC8B924
:103B200000221C49206807F071FC80B900224FF484
:103B30006021206807F06AFC20B903B030BDFDF7B2
:103B4000E7FAAAE703B0BDE83040FDF7E1BAFDF7B8
:103B5000DFFAEBE7FDF7DCFAE2E7FDF7D9FAD9E7A0
:103B6000FDF7D6FACFE7FDF7D3FAC6E7FDF7D0FAAF
:103B7000BDE7FDF7CDFAB5E7FDF7CAFAA9E7FDF70E
:103B8000C7FAA0E7F0380320100003200004024227
:103B90004C00032000407100014B186807F0DABAAE
:103BA000F0380320704700BF082824D8DFE800F071
:103BB000080C1014171A1D2005001448FFF7C8BE82
:103BC00042F21070FFF7C4BE44F62060FFF7C0BE9B
:103BD0004CF25030FFF7BCBE0D48FFF7B9BE0D48A0
:103BE000FFF7B6BE0C48FFF7B3BE0C48FFF7B0BEF8
:103BF0000B48FFF7ADBE0B4AA0F51C53103B934298
:103C000001D901207047FFF7A3BE00BF40420F005B
:103C1000A086010048E8010090D0030020A1070021
:103C200000350C00301B0F000346054A19780020B0
:103C300051615978D16199781162DB78936170474D
:103C4000602703200246024B00209A61704700BFA4
:103C500060270320034600B5064A93F801E093F875
:103C600000C082F810E004499B7881F800C05374CA
:103C7000002000BD60270320800303202DE9F047CA
:103C8000054682B0C0680F4606F0C8FAAB68B3F1CB
:103C9000005F3ED00646824600F12409264C4FF0D4
:103CA000FF3120680EF030FD0128F8D1DFF8948054
:103CB000D8F800000EF00EFF484517D202251F4A23
:103CC00013792B431371002320681A4619460EF00E
:103CD000C1FB1B4A022312681068002211460092A1
:103CE00010F0CEF9284602B0BDE8F08729464FF023
:103CF000FF332422D8F800000EF00EFF054686B9E7
:103D00004D450CD00D4A0125137943F0080313717A
:103D1000D9E74FF0000A4FF024095646BEE70025C8
:103D2000D1E7524639464FF0FF33D8F800000EF085
:103D3000F3FE0544E4E700BF5038032010000320E1
:103D4000EC380320F837032030B40122002410207F
:103D50000A4B04211B684FF440751C82C3E90520FF
:103D6000DC6018623F240F209A74C3E90125DC61EE
:103D7000C3E9092130BC1963D8627047F0380320C9
:103D80002DE9F04700250C4682B0C907064601958B
:103D900016D4A20707D50221314A137943F0010353
:103DA000137133681965630738D4019B2BB14FF049
:103DB000E0234FF08052C3F8042D02B0BDE8F08735
:103DC000DFF8A890DFF8988040214A46254B07F09D
:103DD00039FAD8F81430D9F80C000133C8F8143087
:103DE00006F01CFADFF888A00746DAF800000EF0AB
:103DF00071FE07F12803984224D349462822DAF8B5
:103E0000000001AB0EF022FF002FC2D03A46DAF8D4
:103E10000000144901AB0EF019FFBAE70424104B5F
:103E200011499A69086801329A611A79002142F0B1
:103E300008021A71336800680DEB04021C6510F06B
:103E40003FFAB2E7D8F8183029460133C8F81830DD
:103E5000054B01AA1B68186810F032FA99E700BFF9
:103E600010000320A8380320E838032080380320FE
:103E7000FC370320002110B50A4A0B4C1268236955
:103E800082B01068013301AA2361019110F018FA81
:103E9000019B2BB14FF0E0234FF08052C3F8042D6B
:103EA00002B010BDEC38032010000320002110B533
:103EB0000A4A0B4C1268E36982B01068013301AA08
:103EC000E361019110F0FCF9019B2BB14FF0E0236D
:103ED0004FF08052C3F8042D02B010BDE838032023
:103EE0001000032038B50C46104D294607F044FA5F
:103EF000A10303D5EB68A3B90D4A1360620309D58A
:103F00002B690B4A012B13790CBF43F0040303F018
:103F1000FB031371230303D50122054B83F82020F3
:103F200038BD4FF00042024B1A60E7E754380320D7
:103F300010000320F0B500250B7885B007460295E8
:103F40000395CBB10C460DF1FF3608E02046D5B203
:103F500006F008F914F8023F06F8010F23B1637860
:103F60006A1C0BB3072DF1D18DF808502A4669461B
:103F70000DF1090011F092FA00230E4C0820C4E95B
:103F80000533C4E90133276006F04EF908220346E1
:103F90000DEB02010848E36006F04CF920460649A3
:103FA000FFF76CFE05B0F0BD8DF80850002DDDD197
:103FB000E2E700BF00390320F438032042F2020395
:103FC0002DE9F043002499428BB0445400F2BA80AA
:103FD000002900F07A8100F1FF3E0139F446734672
:103FE000014405E00A2A1CBF025501348B4209D066
:103FF00013F8012F082AF5D1002CF7D08B4204F1D9
:10400000FF34F5D10025AC42055540F358812A46CE
:104010000EEB04031CF8011F202900F0898082B9EF
:104020009C4505F101050CF101010CD09CF8014003
:10403000202C7FD0994206D01CF8022F203A18BFBE
:1040400001229C45E6D1A24901AA06F04DF9044699
:10405000002800F081809F4906F010F9002800F048
:104060000981012D40F3B1809949002001AA06F091
:104070003BF99949044606F001F9002870D1204621
:10408000964906F0FBF8002800F09A81944805F064
:1040900029FF944805F026FF914805F023FF924838
:1040A00005F020FF914805F01DFF8F4805F01AFF2D
:1040B0008F4805F017FF8F4805F014FF8A4805F078
:1040C00011FF8D4805F00EFF8C4805F00BFF864868
:1040D00005F008FF8A4805F005FF8A4805F002FF51
:1040E000814805F0FFFE884805F0FCFE874805F092
:1040F000F9FE874805F0F6FE864805F0F3FE86488F
:1041000005F0F0FE854805F0EDFE854805F0EAFE75
:10411000844805F0E7FE844805F0E4FE724805F0A7
:10412000E1FE6F4805F0DEFE804805F0DBFE0CE0A6
:10413000002286E7994286D01CF8021F20297FF4CE
:104140006FAF7EE77A4805F0CDFE7A4805F0CAFEEB
:1041500000200BB0BDE8F083774805F0C3FEF4E71C
:104160005F4805F0BFFE5F4805F0BCFE5C4805F007
:10417000B9FE5D4805F0B6FE704805F0B3FE5A483A
:1041800005F0B0FE5A4805F0ADFE6D4805F0AAFEF8
:10419000554805F0A7FE584805F0A4FE694805F00B
:1041A000A1FE514805F09EFE554805F09BFE66486D
:1041B00005F098FE4C4805F095FE534805F092FE38
:1041C000624805F08FFE6248A6E7454805F08AFE82
:1041D000444805F087FE424805F084FE424805F059
:1041E00081FE5C4805F07EFE3F4805F07BFE5A48A4
:1041F00005F078FE594805F075FE594805F072FE45
:10420000584805F06FFE584805F06CFE574805F019
:1042100069FE574805F066FE564805F063FE5648AD
:1042200005F060FE554805F05DFE554805F05AFE64
:10423000544805F057FE544805F054FE534805F025
:1042400051FE534805F04EFE524805F04BFE5248D1
:1042500005F048FE514805F045FE514805F042FE84
:10426000214805F03FFE4F4805F03CFE1C4805F094
:1042700039FE6AE720464C4906F000F800287FF432
:10428000F0AE2046494905F0F9FF00287FF4E9AE79
:104290002046474905F0F2FF074600287FF4E1AECB
:1042A0002046444905F0EAFF8046002800F00681D8
:1042B000022D00F0D680404805F014FE45E77FF45B
:1042C000C2AE3E4805F00EFE3FE70170F9E700BFC1
:1042D000405A0108705A01088C5A01082C5C0108E8
:1042E000945A0108D45A0108B8560108345C0108F0
:1042F000105B0108485C0108545B0108845C0108FC
:10430000785B0108985C0108CC5B0108E45C01085B
:10431000045D0108145D0108345D0108445D010875
:10432000645D0108745D0108A05D0108705F01080B
:10433000285A0108D87A0108445A0108005B01088C
:10434000205B01085C5B0108845B0108D85B010805
:104350001C5C0108C45F0108686001087460010802
:10436000E8600108706101089C610108EC610108C6
:104370003C6201088C620108E46201085063010894
:1043800078630108A4630108046401086C640108EF
:10439000B8640108FC64010828650108806501080B
:1043A000D865010844660108785A0108805A010856
:1043B000885A0108B45D0108646601083C5A010886
:1043C0002046914905F05AFF002846D08F4805F055
:1043D00089FD8F4805F086FD8C4805F083FD8D48EA
:1043E00005F080FD8C4805F07DFD8A4805F07AFDDA
:1043F0008A4805F077FD8A4805F074FD854805F088
:1044000071FD884805F06EFD874805F06BFD814819
:1044100005F068FD854805F065FD854805F062FDFD
:104420007C4805F05FFD834805F05CFD824805F09F
:1044300059FD824805F056FD814805F053FD81483D
:1044400005F050FD804805F04DFD804805F04AFD1F
:104450007F4805F047FD7F485EE67F4805F042FD56
:1044600062E638467D4901AA05F03EFF037804461E
:10447000002B3FF46AAE051D413B232B13D8DFE828
:1044800003F04139312912121212121212121212B1
:1044900012121212121212121212121212121212FC
:1044A0001212413931296E4805F01CFD14F8013F04
:1044B000002B3FF44AAEA542DED146E620466949CC
:1044C00005F0DCFE00284ED0022D1FD0664805F016
:1044D00009FD3AE6654805F005FD0021442002F09B
:1044E00021FDE3E7624805F0FDFC0021432002F0D6
:1044F00019FDDBE75F4805F0F5FC0021422002F0E2
:1045000011FDD3E75C4805F0EDFCCFE74046534989
:1045100001AA05F0E9FE03780446002B3FF415AE2E
:10452000051D413B232B13D8DFE803F03E36422E16
:10453000121212121212121212121212121212125B
:104540001212121212121212121212123E36422EAF
:10455000434805F0C7FC14F8013F002B3FF4F5ADCC
:10456000A542DED1F1E52046444905F087FE00284A
:1045700000F0B180012D00F0A680AE1E012E1FD9E3
:104580003F4805F0AFFCE0E53E4805F0ABFC0121FB
:10459000442002F0C7FCDEE73B4805F0A3FC012104
:1045A000422002F0BFFCD6E7384805F09BFCD2E77A
:1045B000374805F097FC0121432002F0B3FCCAE71D
:1045C000264901AA002005F08FFE05F0EFFDB0F5A9
:1045D000006F80F098802F4F022D386000F08A80A5
:1045E0001E4901AA002005F07FFE064605F02EFEBA
:1045F000C107044600F18B80102800F28880354600
:10460000DFF8948050E000BFB45D0108945A0108BF
:10461000D45A0108B8560108BC5D0108105B0108B6
:10462000D05D0108545B01080C5E0108785B01084D
:10463000205E0108CC5B01086C5E01088C5E0108FD
:10464000A05E0108C05E0108D45E0108F45E0108A6
:10465000085F0108345F0108485F0108405A0108FB
:104660006C6701082C5C0108946701084867010821
:104670002467010800670108B46601086C68010836
:104680008C6801084868010800680108E4670108AF
:10469000246801085839032050390320284605F0C2
:1046A00061FD023508F8010BAB1B9BB29C42F5D8AB
:1046B000601CC0F3470005F0B7FD0346AC48FB6043
:1046C00005F010FC41E54FF0FF32AA4BAA481A60F2
:1046D00005F008FC39E52046A84905F0CFFD002883
:1046E00061D0012D52D0AE1E012E14D9A44805F080
:1046F000F9FB2AE5002005F097FD0346A148FB6081
:1047000005F0F0FB21E5A04805F0ECFB1DE59F4816
:1047100005F0E8FB19E59E4901AA002005F0E4FD3B
:1047200005F044FDB0F5006F80F0AB80994F022D8D
:10473000386000F09D800DF0F7FC28210DF0F6FCAC
:1047400001AA9349002005F0CFFD064605F07EFD45
:10475000C2070446DBD41028D9D83546DFF89C823E
:1047600005E0284605F0FEFC023508F8010BAB1BFE
:104770009BB2A342F5D3601CC0F3470005F054FD83
:1047800003468548FB6005F0ADFBDEE44FF0FF32E9
:10479000804B82481A6005F0A5FB0DF0C5FC18217E
:1047A0000DF0C4FCD1E420467D4905F067FD10B34F
:1047B000032D03D07B4805F095FBC6E4744901AA9C
:1047C000002005F091FD7249054601AA002005F080
:1047D0008BFD0A21002205F0BBFD734904462846E3
:1047E00005F04CFDA0B1714B71485C6105F07AFB9E
:1047F000FFF748F9A9E420466E4905F03FFD07465A
:10480000002842D0032D0FD06B4805F06BFB9CE4D1
:1048100028466A4905F032FD002843D0634B6848BA
:10482000DC6105F05FFBE3E75949002001AA05F0D0
:104830005BFD6449044605F021FD002874D040F278
:10484000DF7401AA5249002005F04EFD054605F02F
:10485000FDFC421E92B20D2A034661D8DB075FD4ED
:1048600020462946FFF766FB574805F03BFB6CE402
:10487000002005F0D9FC03465448FB6005F032FBEC
:1048800063E4534805F02EFB5FE42046514905F0F0
:10489000F5FC0646002851D0022D10D04E4805F0F8
:1048A00021FB52E428464D4905F0E8FC002800F0C1
:1048B000BD803E4B4A481C6205F014FB98E7384621
:1048C000334901AA05F010FD451E041D15F8012FFE
:1048D000A2F12A03002A3FF438ACA5423FF435ACDC
:1048E0001A2B00F20E81DFE813F003010C010C011A
:1048F0000C010C010C010C010C010C010C010C0150
:104900000C010C010C010C010C010C010C010C013F
:104910000C010C010C010C018B00390098008F0078
:10492000304805F0DFFA10E420462F4905F0A6FCD8
:10493000002800F0868040F2E17482E720462B498F
:1049400005F09CFC0746002800F00281022D00F0D3
:10495000DC80274805F0C6FAFFF7F7BB254805F0CD
:10496000C1FA40F2E1702449FFF7E4FAAEE700BF74
:104970001069010858390320746801083C6901086E
:1049800060690108D8680108B4680108F86801087E
:10499000405A01082C390320D469010844690108F0
:1049A000FC690108006A0108E0570108602703203C
:1049B0001C6A0108606B0108646B0108346A010815
:1049C0003C6A0108A06B0108386C0108B469010851
:1049D000886901084C6C0108546C0108506A010890
:1049E000586A01080C6C0108A46B0108046D0108E9
:1049F0000C6D0108C86C0108946C0108243903206F
:104A0000964805F06FFA61E7954805F06BFA40F2B9
:104A1000E3709449FFF78EFA58E7934805F062FA7D
:104A200040F2E2708F49FFF785FA4FE728468F4939
:104A300005F024FC68B18E4B8E489C6105F052FA5B
:104A4000D6E620468C4905F019FC80B140F2E274AC
:104A5000F7E62846894905F011FC80B1003C18BFF3
:104A60000124834B86481C7405F03CFAC0E62046BE
:104A7000844905F003FC80B140F2E374E1E6284686
:104A8000814905F0FBFB90B1003C18BF0124784B35
:104A90007E485C7405F026FAAAE620467C4905F0BB
:104AA000EDFB90B17B4805F01DFA0024C9E62846CD
:104AB000794905F0E3FB60B1003C18BF0124774B56
:104AC00077481C7005F00EFA92E6764805F00AFA6F
:104AD000EBE72846744905F0D1FB002872D0002C82
:104AE00069D1724805F0FEF90222614BDA607FE677
:104AF0006F4805F0F7F940F2DF705A49FFF71AFAEC
:104B0000E4E6684805F0EEF9E0E63046694901AAB6
:104B100005F0EAFB451E041D15F8012FA2F12A033A
:104B2000002A3FF412ABA5423FF40FAB1A2B3ED83C
:104B3000DFE803F0343D3D3D3D3D3D3D3D3D3D3DE8
:104B40003D3D3D3D3D3D3D3D3D3D3D30274C1E0005
:104B50002046594905F092FB0646002867D0012DF2
:104B60005AD0022D3BD0554805F0BCF9FFF7EDBAFD
:104B7000534805F0B7F940F2E3705249FFF7DAF90C
:104B8000CAE7514805F0AEF940F2E1704D49FFF730
:104B9000D1F9C1E7314805F0A5F9BDE74B4805F06B
:104BA000A1F940F2DF704749FFF7C4F9B4E73D4887
:104BB00005F098F9B0E7464805F094F900222C4B2F
:104BC000DA6015E6434805F08DF911E6424805F034
:104BD00089F940F2E2703B49FFF7ACF99CE73549AF
:104BE000384601AA05F080FB3C49044605F046FB27
:104BF00088BB20463A4905F041FB38B3394C3A4866
:104C000001F0A4F9214640F2DF70FFF793F937482D
:104C100005F068F9FFF799BA354A334B12689A42A2
:104C20000CBF3448344805F05DF9FFF78EBA2046D2
:104C3000324905F023FB0746002800F08D80012D46
:104C400066D02F4805F04EF9FFF77FBA2D4805F0E2
:104C500049F9FFF77ABA2C4C2C48D1E7A06C01082F
:104C6000F06C0108946C0108DC6C01086C6A0108A6
:104C700060270320706A0108A86B0108846A010894
:104C8000906A0108AC6B0108B86A0108C86A01089B
:104C9000B06B0108B46B0108E46A010880030320CB
:104CA000F06A0108E86B0108106B0108146B010839
:104CB000706C0108405A0108B86D01081C660108B3
:104CC000986D01084C6D0108586D0108246D0108AC
:104CD000306B0108486B0108786D0108146E0108FB
:104CE0001C6E0108105A0108C4890108586E010899
:104CF00088000320C46D0108EC6D01087C6E01087A
:104D0000886E0108246E01081C5A0108D889010820
:104D100001AABF49304605F0E7FABE4805F0E2F8BF
:104D2000304602F039F932200DF022FA29464220AD
:104D300002F0F8F803F0ACF90DF01AFA2946432016
:104D400002F0F0F803F0A4F90DF012FA294644201D
:104D500002F0E8F8FFF7F9B92046AF4905F08EFAFE
:104D600030B1022D20D0AD4805F0BCF8FFF7EDB909
:104D70002046AB4905F082FA002800F0C580012DDD
:104D800040F3BD800020A24901AA05F0ADFA044617
:104D900000283FF4DAA9A34905F070FAE0B1A2486F
:104DA00005F0A0F8FFF7D1B93846994901AA05F0F6
:104DB0009BFA451E041D15F8012FA2F14103002A9C
:104DC0003FF4C3A9A5423FF4C0A9032B00F22482FB
:104DD000DFE803F0912D240B2046944905F04EFAAC
:104DE00060B1FDF77FFAFFF7B0B9914805F07AF8A6
:104DF00040F2E3708F49FFF79DF8DCE720468E49CB
:104E000005F03CFA0646D8B18C4805F06BF8FDF782
:104E100029F98B4805F066F8FFF797B9894805F03E
:104E200061F840F2E2708349FFF784F8C3E78648EF
:104E300005F058F840F2E1707E49FFF77BF8BAE7D9
:104E40002046824905F01AFA00286CD0804805F007
:104E500049F8FDF733F94FF47A730446B0FBF3F0E9
:104E600002A903FB104405F0A1FA0A210346B4FB92
:104E7000F1F24FF02E09642503F12808E84408F800
:104E8000209CB2FBF1F8B4FBF5F54FF0200E4FF08B
:104E9000250C0D2701FB124401FB18220DF12808F7
:104EA000591C58FA81F1303501F8205C991C3032D8
:104EB00058FA81F101F8202CDA1C58FA82F23034C9
:104EC00002F8204C1A1D58FA82F202F820EC5A1D02
:104ED00058FA82F202F820CC9A1D073358FA82F26F
:104EE00058FA83F302F8207C02A803F8206C04F03F
:104EF000F9FFFFF72AB9574804F0F4FF5BE756487B
:104F000004F0F0FFFFF721B92046544905F0B6F947
:104F100000287FF434AF2046514905F0AFF978B14D
:104F20000120FFF716B920464E4905F0A7F90646BD
:104F300048B34D4804F0D6FFFDF740FAFFF705B936
:104F400020464A4905F09AF90028E9D12046484907
:104F500005F094F90028E3D12046464905F08EF982
:104F600006460028DCD12046434905F087F9002891
:104F700000F0B980012D2BD0022D11DD3F4804F047
:104F8000B1FFFFF7E2B820463D4905F077F9002868
:104F90007ED0032D26D03B4804F0A4FFFFF7D5B800
:104FA00030461B4901AA05F09FF9451EC41C15F89F
:104FB000012FA2F14103002A3FF4C7A8A5423FF404
:104FC000C4A8032B00F22C81DFE803F0BC7E6F97AE
:104FD0002D4804F087FFC8200DF0CAF805F098FDB1
:104FE000FFF7B3B80A4901AA304605F07DF90A2156
:104FF00002AA8DF8086005F0ABF99DF80830C4B23C
:10500000012B00F09480214804F06CFFFFF79DB85D
:10501000405A0108B06E01080C6F0108186F0108B2
:10502000CC6F0108705A010814700108DC76010881
:10503000886F0108586F0108E4760108E8760108D6
:10504000F4760108646F0108346F0108FC760108EA
:1050500004770108A06C0108D86F0108D06F01081F
:105060007C7801081C770108247701088078010802
:10507000887801089078010898780108F07801088C
:105080003C77010844770108A07801087C77010883
:105090002046654905F0F2F8002871D0032D55D05F
:1050A000624804F01FFFFFF750B8614804F01AFF90
:1050B0000021432001F036FF32200DF059F8012184
:1050C000432001F02FFF72E75A4804F00BFF002144
:1050D000422001F027FF32200DF04AF80121422042
:1050E00001F020FF63E72046534905F0C7F898B167
:1050F000524804F0F7FEFFF728B8514804F0F2FEDA
:105100000021442001F00EFF32200DF031F8012182
:10511000442001F007FF4AE74A4804F0E3FE204636
:1051200004F0E0FE484804F0DDFEFFF70EB8474803
:1051300004F0D8FE2046FDF799FE454804F0D2FE63
:10514000FFF703B8434804F0CDFE30E7424901AA17
:10515000002005F0C9F800230A2102AA8DF80830C2
:1051600005F0F6F89DF80830C4B2012B7FF44BAF80
:10517000364804F0B7FE2046FDF7EEFCFEF7E5BF2B
:105180002046364905F07AF848B1354804F0AAFEC1
:10519000032D11D0334804F0A5FEFEF7D6BF2046FC
:1051A000314905F06BF8064678B1304804F09AFEB4
:1051B000FDF74AFBFEF7C9BF274901AA002005F009
:1051C00093F8FDF701FAFEF7C0BF2046284905F025
:1051D00055F870B1042DDDD11F4901AA304605F004
:1051E00083F8FCF77FFD68B9194804F07BFEFEF7F1
:1051F000ACBF20461F4905F041F840B1FCF79EFEC8
:10520000FEF7A3BF1C4804F06DFEFEF79EBF1B48CF
:1052100004F068FEFEF799BF194804F063FECAE582
:10522000174804F05FFEC2E6907701089C770108FA
:10523000D4790108C0790108FC790108047A0108D1
:10524000E8790108807A0108947A010868770108F2
:105250007477010874790108405A0108C47701087D
:10526000CC770108D8770108F877010800780108A1
:105270001C7801083C78010820780108447801086E
:10528000AC6F01082DE9F04703780546A3F1300221
:10529000012A0E46A0B040F28F800022824FCDE955
:1052A0000B227979012910D00024DFF80082752BB8
:1052B000D8F80020CDE90D440A9213D1132E00F046
:1052C0006E81002020B0BDE8F087701E295C0024AC
:1052D000692904BF4FF000420646752BCDE90D4405
:1052E0000A92EBD0295D2246722905EB040900F0F1
:1052F000E58000F2458152297FD054297DD0233B9F
:10530000562B00F23881DFE813F0ED033601AE03CF
:1053100036013601360136013601360136013601D5
:1053200036013601360136013601360136013601C5
:1053300036013601360136013601360136013601B5
:1053400036015B01530336013601A4038303760360
:105350006E031C045B0117040F04F6036D042D0497
:1053600053046003360136013601B30136013601BC
:1053700099018D0184017A016001360136013601FF
:105380003601360136016D016801460338033601E6
:10539000280336015B011D030C03F402E902D60267
:1053A000C00236014B02230236010D0236013601DE
:1053B0000302FC01EA01D9014FF4001142780C917B
:1053C000302A00F0CD804FF48010374F0B90797960
:1053D000012900F0D98000233449722A0968CDE9F7
:1053E0000D330A9105F1010966D063D8522A02D023
:1053F000542A40F0C08001242246B71A092F40F2F7
:10540000BA804FF080434FF0000A601C2844079395
:10541000CDF820A004F0DAFE069004F1090028443B
:1054200004F09AFE99F800308046522B099003D17F
:105430004FF00053D0460893404604F0EFFE05308D
:1054400000B2B7EB400F40F096800A34013EA6420E
:1054500088BF00270DD9281904F084FE0234E4B275
:1054600020AB53FA87F3B44203F8400C07F101076D
:10547000F1D304F001FD10AC01210D4806AE04F09B
:1054800011FD21463046FEF7F9FB022800F08B8023
:1054900004F0FEFC4046069D04F0C0FE2246014694
:1054A000284600F087FD0CE7DC00032010000320F5
:1054B000B8560108742A5ED101242246B71A042F77
:1054C00059D94FF0000A601C2844CDE907AA04F01E
:1054D0006DFE0690201D284404F03EFE99F8003031
:1054E0008046722B099003D14FF00053D0460893A9
:1054F000404604F093FE052300B203EB40039F42B5
:1055000039D10534013EA64288BF00270DD928199C
:1055100004F028FE0234E4B220AB53FA87F3B4421D
:1055200003F8400C07F10107F1D304F0A5FC10AC1F
:105530000121B54806AE04F0B5FC21463046FEF721
:105540009DFB0228A4D104F0A3FC02E00A200CF089
:105550000FFE21463046FEF791FB0228F6D099E770
:105560000022AA4F0B92797901290DD0A84B0D92F8
:105570001B680E920A930121A64804F045FCA0E6A0
:1055800074297FF4BCAE99E7721EA95C692900F00A
:105590004F8300220124CDE90D220A92A2E628467B
:1055A00000F06EFE8DE604F073FC02E00A200CF0C1
:1055B000DFFD21463046FEF761FB0228F6D069E7A1
:1055C0001621954804F020FC7BE6022ED3D16B789F
:1055D000302B0CBF00230123FB7001218A4804F00B
:1055E00013FC6EE6022EC6D16B788C4A303B18BF96
:1055F000012301218448137404F006FC61E6022EA5
:10560000B9D16B78302B0CBF0020012001F0C4FC15
:10561000E3E70EF023F9102840F21483804804F0E9
:1056200061FC4EE6022EA6D16B78303B032BA2D84C
:10563000DFE813F0FC02F302F102E70201F00EFDD5
:105640000F21002800F08883764804F0DDFB0C2150
:10565000754804F0D9FB0121744804F0D5FB0921F9
:10566000734804F0D1FB0221724804F0CDFB28E618
:10567000B31E062B3FF67FAF012200206E4CA91807
:105680002E4411F8013B00EB8000303B03EB40005F
:10569000DBB2092B8CBF002202F00102A0428CBFBA
:1056A000002202F001028E42EBD1002A3FF463AFE8
:1056B000FEF77AFA00287FF45EAF8EE7032E7FF4C0
:1056C0005AAF6878A0F14203022B3FF654AFAB7893
:1056D000302B0CBF0021012101F024FC7DE7782252
:1056E000564B8DF84020D3F890050DF1410104F0A0
:1056F0003DFC0D230A2110A88DF8493004F084FBED
:10570000DFE5FEF7BFF901213F4804F07DFBD8E556
:10571000022E7FF430AF6B78302B0CBF00230123B7
:105720007B715AE7052E7FF426AF01263B4CA81962
:10573000666104F017FD0346E81CE36104F012FD06
:105740002062FEF79FF931462F4804F05DFBB8E573
:105750003B4804F0C7FB4021304805F047FE04F009
:10576000D7FB384C2D4805F04BFE04F0D1FB2068E8
:105770000DF0B0F904F0CCFB2068334C0DF0BEF90D
:1057800004F0C6FB20680DF0A5F904F0C1FB206809
:105790000DF0B4F904F0BCFB1B4804F0A3FB90E54A
:1057A000022E7FF4E8AE6B78423B022B3FF6E3AE6D
:1057B00000234FF400124FF48011BB70CDE90B129F
:1057C000099340F281123B7000234FF01409CDE998
:1057D0000623DFF83C8010AC06AE002001F0DCFBB5
:1057E000FEF7B2FAFEF74EF964200CF0C1FC6878BF
:1057F000012101F0B5FB6878012101F093FB4846D7
:105800000CF0B6FC25E000BFB8560108DC00032010
:1058100010000320905501084C7B010860270320ED
:105820007C7B0108E47A0108047B0108405A0108E6
:10583000107B0108087C010840420F000000FA0BB1
:10584000647B0108FC370320F83703200A200CF0A2
:105850008FFC21463046FEF711FA0228F6D032209E
:105860000CF086FCD8F8143023B909F11409B9F505
:10587000D27FB2D1D8F81430002B3FF47CAE012196
:10588000C248397004F0C0FA1BE5012E7FF473AEF4
:105890003146BE4804F0B8FABD4800F0A7FD00202C
:1058A00001F07AFB002001F091FB64200CF060FC19
:1058B00005F02EF905E5042E00F05D82092E7FF437
:1058C0005AAE681C04F082FC0346B24A23F000433F
:1058D0000121AE48136504F097FAF2E40121AB48C8
:1058E00004F092FA0123AC4A3B70D360FEF7CAF889
:1058F000E7E4092E7FF43FAE681C04F03FFC03464A
:10590000A54C681D636104F02DFC0346E81DE361AE
:1059100004F028FC034601219C48236204F074FA39
:10592000CFE46A238DF8403002F0B2FB0DF1410163
:1059300004F08AFB0D23042110A88DF8433004F0F5
:1059400063FABEE4022E7FF416AE6B789248302BD9
:1059500000F03A8205F07EFB3FE6022E7FF40BAEAC
:105960006B78302B00F02C82312B0CBF4FF48072FF
:105970004FF44072884B9A602FE6022E7FF4FBAD05
:105980006B78302B00F02382312B7FF426AE012080
:1059900000F026FD21E6022E7FF4EDAD6B78302B72
:1059A00040F0DE81012100237C4A1170BB7014E6B7
:1059B000022E7FF4E0AD6B78302B00F0FE81312BAE
:1059C0007FF40BAE01233B7107E6012E7FF4D3ADCC
:1059D00031466E4804F018FA00226F4B3E70DA60D0
:1059E000FEF750F86DE446236A4A0DF14101107943
:1059F0008DF840309CE710A9674805F0BDFC02A96E
:105A0000654805F0E1FC10A902A800F0A7FC58E4E5
:105A1000634804F01BFC431C9E427FF4ACAD60481D
:105A200004F014FC5E490246681C04F045FC0028A2
:105A30007FF4A1AD0121554804F0E6F9C8200CF02F
:105A400097FB02F097F9002840F0C58102F0DEF9DB
:105A500091E5012E7FF48FAD002331464B483B701A
:105A600004F0D2F92DE4032E7FF685AD6F1C384685
:105A700004F09CFB7608023E1FFA86F84045044677
:105A80007FF479AD05F104084146B2B2454810AE45
:105A900004F048FB0DF0DCFE2246434B41490096E2
:105AA00004F0E4F83946BDF8400004F095FABDF87A
:105AB000402040463C4904F037FA0D22BDF8403002
:105AC0002846023305F813205B00591C04F09CF9AA
:105AD0000DF0BEFE2246344B3249009604F016F912
:105AE000FFF7EFBB012E7FF446AD304804F0FAF922
:105AF0003046FFF7E7BB072E7FF43DAD681C04F08E
:105B000031FB0346244CE81C636204F02BFB034684
:105B1000681DE36204F026FB034601211B48236352
:105B200004F072F9FFF7CDBB4A238DF8403002F044
:105B3000BDFA0DF14101DAE5164800F0EFFBFFF781
:105B4000C0BB032E00F02581052E7FF414AD681C28
:105B500004F008FB0346104CE81CA36104F002FBB0
:105B6000A0623AE5042E00F01A81092E7FF403ADFD
:105B7000681C04F02BFB0346064A23F00043012176
:105B80000248D36404F040F9FFF79BBBB856010804
:105B90006C7B01081000032060270320860003208F
:105BA000687B0108B8670120B45701201C7B0108FD
:105BB0004E238B4D8B4E0DF141048DF8403015F87E
:105BC000040B214604F040FAB54204F10204F6D178
:105BD000192110A804F018F90121834804F014F9E0
:105BE000FFF76FBB012E7FF4C6AC31467E4804F050
:105BF0000BF902227D4B3E70DA60FDF743FFFFF7A1
:105C000060BB03227A4B01217748DA625A6404F0C0
:105C1000FBF8FFF756BB0222F4E70121744B7248F0
:105C2000D962596404F0F0F8FFF74BBB0022E9E7B2
:105C30004FF00041164600220124CDE90D220A91C1
:105C4000FFF750BB6B4804F04DF90DF007FE02AAB8
:105C5000014669480EF01AF810AC684804F042F9A1
:105C600000212246029804F009FA204604F03AF98D
:105C7000634804F037F94FF00009DFF87C815EE0FB
:105C8000642106EBC60208EB82029269F50001FB73
:105C900002F2B2FBF3F35FFA83FA224600213046A8
:105CA00004F0ECF9AF19204604F01CF908EB870763
:105CB000544804F017F9786804F014F9786804F08F
:105CC000C5FA072894BF5048504804F00BF9AB19A7
:105CD00008EB83031B7B3544052B96BF4C4A4D488C
:105CE00052F8230004F0FEF822460021504604F04A
:105CF000C5F9464804F0F6F8204604F0F3F808EB3E
:105D00008505454804F0EEF822460021288C04F071
:105D1000B5F93E4804F0E6F8204604F0E3F83B48C5
:105D200004F0E0F822460021A86904F0A7F9204613
:105D300004F0D8F82C4804F0D5F809F101090DF069
:105D40008DFD5FFA89F6B0427FF6BBAA029B002B5D
:105D500096D19A46F500A0E7304804F055F876E46D
:105D60000024224B3C70DC60FDF78CFE01222C4BA2
:105D7000BA701C7031E4681C04F018FA03461C4A1F
:105D8000C3F30A0301211848936304F03DF8FFF7B9
:105D900098BA681C04F0E6F9144B98611DE4681C7D
:105DA00004F004FA0346124AC3F30A0301210E4821
:105DB000536304F029F8FFF784BA00233B710CE425
:105DC00000220A4B9A6008E405F056F905E4002029
:105DD00000F006FB01E40FF0C7FBFFF7CCBB00BFF0
:105DE0009005FA0BC005FA0BB8560108602703208E
:105DF000100003208C7B010874550120D87B01081A
:105E0000F87B01080C7C0108107C0108147C010857
:105E10008C850108DC7A0108187C0108F47A0108F5
:105E200086000320704700BF91B14FF0FF3210B4DD
:105E3000084C014410F8013B5340DBB254F82330C6
:105E4000884283EA1222F5D1D0435DF8044B7047B3
:105E500008467047A48501080022014B1A6070476C
:105E600080390320034B1B689B7C03B9704701F00A
:105E7000A5BC00BF8800032000207047024A1368B9
:105E800001331360704700BF80390320024A136852
:105E900001331360704700BF7C39032000200DF0F0
:105EA000F3BA00BF00200DF0EFBA00BF124B1B6821
:105EB000198901B310B400245B68104A03EB411C3C
:105EC000D3E90001C2E90001986899699061D86836
:105ED0002033506153F8100C6345C2E9024053F877
:105EE0000C0C02F1740242F8100C42F8041CE7D1C9
:105EF0005DF8044B70477047880003208439032005
:105F000070B500240E4B01211B680E4A9D7C0E4B80
:105F10002D1B18BF01256D4203F54B761170EDB2B4
:105F20001846082229460FF02DFA03467433B3426F
:105F3000C0E91144F4D1BDE87040FFF7B7BF00BF1E
:105F40008800032086000320A839032050B3164B95
:105F50001A68824226D02DE9F041857C0122003D5D
:105F600018BF01250024114E186096F80080104BD0
:105F70006D4203F54B775FFA88F83270EDB2184640
:105F8000082229460FF0FEF903467433BB42C0E9EC
:105F90001144F4D1FFF78AFFFDF704FE86F8008074
:105FA000BDE8F081704700BF880003208600032011
:105FB000A839032000293CD0F0B5784B83B01D6888
:105FC000AF7C6FB906462C8A44B1EB6803EBC40C76
:105FD0001C68B4420FD008336345F9D103B0F0BD5B
:105FE000C0F30743EF2B4FEA1024C0F31126EAD881
:105FF0006B4E2640E7E71C79E7B1B6F56F4F49D005
:106000004FF6D4539E426CD04FF602739E4200F07E
:10601000B3800F2C10D12B681046DB6F009298478D
:10602000009A137803F00303032BD7D05D4B18833A
:10603000D4E77047082C3BD02B68104603EBC40311
:106040005B689847102CC9D801A353F824F000BF0F
:1060500005610008396100083F61000845610008DA
:106060004B61000851610008576100085D6100083C
:10607000636100081D610008256100082D610008AA
:106080003361000811610008176100082D600008E5
:106090000B610008C0F30720132866D05A289DD151
:1060A0002B6810465B6D98473E4AC3B2D37595E79F
:1060B0002B6810465B6C0091019298470099394C0F
:1060C000C0B20129207389D0019A1046FDF704FC63
:1060D00084F8200094F8200003B0BDE8F04001F0FF
:1060E00095BDC3B2212B50D05A2B7FF477AF2B68CC
:1060F0001046DB6C9847C3B2032B3FF46FAF294ABD
:1061000093756BE7274B588068E7264BD88365E784
:10611000244B188262E7234B98835FE7214BC0B280
:1061200098755BE71F4BC0B2D87557E71D4B588376
:1061300054E71C4B588251E71A4B18804EE7194B15
:10614000D8804BE7174B988048E7164B988245E775
:10615000144B588142E7134B18813FE7114BD8810C
:106160003CE7104BC0B2187338E72B681046DB6A67
:1061700098470C4B588131E71046FDF7C3FB094B9C
:1061800083F8200093F82000A6E72B6810465B6F89
:106190009847044AC3B2938320E700BF88000320D6
:1061A00000FF030064000320314B1B78002B5DD1FE
:1061B0002DE9F047DFF8C49003F0FF05D9F800306F
:1061C00082B01B89002B4ED02A4C0646A4F124072E
:1061D000C4F1000808E0D9F8003001351A89ABB2E3
:1061E0009A4204F174043ED9A36C226CF31A9342D0
:1061F000F1D3B4F94C3008EB040A0AF1240000EBA7
:10620000E300002B384408DBB4F8443002225BBAC8
:1062100001A9ADF8043004F00DF8B4F94E30002BAC
:106220004FEAE30111DB2046FFF7FEFDB4F94E30E3
:106230000190002B0AF12400B8BF073300EBE30004
:10624000042201A9384403F0F5FF0B4B21461B68DB
:10625000A4F1240044F8143CFDF710FD636CA6641F
:1062600001336364B7E702B0BDE8F087704700BF51
:1062700086000320A8390320100003208800032093
:106280002DE9F0410446234D01302B68224F1B6855
:106290001E6803F08BFF2049B0472B68201D1B6848
:1062A0001E6903F083FF07F17401B0472B68E01DFE
:1062B0001B681E6A03F07AFF07F1E801B0472B68FC
:1062C00004F10A001B689E6A03F070FF07F5AE71C7
:1062D000B0472B6804F10D001B689E6B03F042FF72
:1062E00007F5E871B0472B6804F10F001B681E6DBD
:1062F00003F038FF07F51171B0472B6804F1110066
:106300001B681C6E03F02EFF234607F52E71BDE8B7
:10631000F041184788000320A839032010B504462F
:106320000B4803F0DFFDE06803F0F2FD206903F0A5
:10633000EFFD606903F0ECFDA06903F0E9FD054B9A
:10634000986803F0E5FDBDE81040034803F0CABDBE
:106350004C7C0108DC000320B856010838B505461E
:106360000C461C4803F0BEFD1B4B986803F0D0FDA3
:10637000286803F0CDFD686803F0CAFDA86803F043
:10638000C7FDE86803F0C4FD206803F0C1FD606844
:1063900003F0BEFDA06803F0BBFDE06803F0B8FDAC
:1063A000206903F0B5FD606903F0B2FDA06903F058
:1063B000AFFDE06903F0ACFD206A03F0A9FD606A5F
:1063C00003F0A6FDA06A03F0A3FDBDE83840034832
:1063D00003F088BD507C010810000320B856010866
:1063E000014B1870704700BFB03C0320074B1B786F
:1063F000012B00D0704710B5044603F027FF01467B
:106400002046BDE8104003F0FFBC00BFB03C0320B5
:106410002DE9F84F7B4D074695F800C00E46BCF1BC
:10642000010F90461C4600F09180DFF8F49199F836
:106430000430002B40F082802B78002C76D0012B8A
:1064400000F0F080A10740F19480600700F1E08146
:10645000210700F1CE81E00600F1DF81A10600F105
:106460009480620640F1418114F4801A00F07E822B
:10647000A10240F12982D6F800B0BBF1010F00F073
:106480006B83BBF1020F00F067834FF4801ABBF1FE
:10649000030F03D0BBF1040F40F07A83640200F1D4
:1064A0001882387803F028FD2B78012B00F05682F3
:1064B0003868C0F3C70003F01FFD2B78012B00F0F4
:1064C000B882387903F018FD2B78012B00F0A982EF
:1064D000387B03F011FD2B78012B00F0558296F8E4
:1064E000280003F009FD2B78012B00F05C82B268D4
:1064F000182A00F2A281DFE812F0A001A001A00199
:10650000A001A001A001A001A001A001A001A00183
:10651000A001A001A001A001A001A001A001A00173
:10652000A001A001A001A001A001A001012B3CD06D
:10653000D8F81830D9F80830BDE8F88F3846314619
:10654000FFF70CFF4046FFF7E9FE75E72E4803F022
:106550007DFE01462C4803F057FC2B78012B7FF47D
:1065600064AF2A4803F072FE0146284803F04CFC51
:106570005BE7610700F14C81200700F13A81E106F9
:1065800000F14B81A20640F1A38060063FF56CAF9D
:1065900021063FF569AFE0053FF566AFA1053FF580
:1065A00063AFE2033FF560AFD3E0194803F04EFE5E
:1065B0000146174803F028FC2B78D8F818204AB178
:1065C000012BB7D1134803F041FE0146114803F0F7
:1065D0001BFC2B78D9F808204AB1012BACD10E480E
:1065E00003F034FE01460C4803F00EFC2B78012B1F
:1065F000A2D10A4803F02AFEBDE8F84F0146074839
:1066000003F002BCB03C0320547C01088C7C0108E0
:10661000EC810108FC8101082882010858820108E8
:10662000DC000320984803F011FE0146964803F071
:10663000EBFBE2072B780AD5012B40F07B839348D4
:1066400003F004FE0146914803F0DEFB2B78A2071D
:106650000AD5012B7FF4F9AE8D4803F0F7FD014612
:106660008B4803F0D1FB2B7862070AD5012B40F051
:10667000CF80884803F0EAFD0146864803F0C4FB5A
:106680002B7822070AD5012B40F0B380824803F013
:10669000DDFD0146804803F0B7FB2B78E2060AD502
:1066A000012B40F0BA807D4803F0D0FD01467B48C5
:1066B00003F0AAFB2B78A2060AD5012B7FF465AF65
:1066C000774803F0C3FD0146754803F09DFB2B7826
:1066D00062060AD5012B7FF4C7AE724803F0B6FDFF
:1066E0000146704803F090FB2B7820060AD5012B59
:1066F0007FF4BAAE6C4803F0A9FD01466A4803F086
:1067000083FB2B78E1050AD5012B7FF4ADAE6748FA
:1067100003F09CFD0146654803F076FB2B78A2054B
:106720000AD5012B7FF4A0AE614803F08FFD01462E
:106730005F4803F069FB2B78E0030AD5012B7FF457
:1067400093AE5C4803F082FD01465A4803F05CFBBF
:106750002B7814F4801A0CD0012B7FF489AE5648A4
:1067600003F074FD4FF4801A0146534803F04CFBCC
:106770002B78012B40F0FA80504803F067FD01466A
:106780004E4803F041FBA1022B7800F15A81012B06
:106790007FF484AE494803F059FD0146474803F0B1
:1067A00033FB62022B7840F1BA80012B746840F011
:1067B0001582434803F04AFD0146414803F024FB9B
:1067C000012C2B7800F0CC81022C00F09082032C5D
:1067D00000F09982042C40F08980012B7FF461AE97
:1067E000384803F033FD0146364803F00DFB2B78A3
:1067F0008AE0E00611D4A1063FF5C7AE60063FF57A
:1068000033AE21063FF530AEE2053FF52DAE86E70B
:106810002007EED4E10640F19581A0063FF5B5AE24
:1068200061063FF521AE20063FF51EAEE1053FF5BE
:106830001BAEA2053FF518AE7EE7326972B97269E8
:1068400062B9B269012A3FF473AEF269012A3FF4DA
:106850006FAE326A012A40F0658169E6B269012AA9
:106860003FF466AEF269012A3FF462AE326A012A51
:106870003FF45EAE726A012A3FF45AAED8F818208F
:10688000002A7FF457AEA5E68C580108B07C0108B9
:10689000CC7C0108F07C01080C7D01082C7D0108EE
:1068A0004C7D0108647D0108807D01089C7D010804
:1068B000B87D0108D47D0108F47D0108B8560108AF
:1068C000FC7E0108887E010864027FF5EAAD4FF482
:1068D000801A7468012C3FF4E4AD022C3FF4E1AD62
:1068E000032C3FF4DEAD042C3FF4DBAD052C40F06F
:1068F0008481012B7FF4D5ADA64803F0A7FC0146A7
:10690000A44803F081FA2B78012B7FF4CAADA2488A
:1069100003F09CFC0146A04803F076FA2B78BAF10C
:10692000000F0AD0012B7FF4BCAD9C4803F08EFC15
:1069300001469A4803F068FA2B78012B7FF4B1AD39
:10694000974803F083FC0146954803F05DFA3878D8
:1069500003F0D2FA2B78012B7FF4AAAD914803F013
:1069600075FC01468F4803F04FFAA1E5A0027FF5C0
:1069700095ADD6F800B0BBF1010F3FF48FADBBF180
:10698000020F7FF484AD89E5874803F05FFC014680
:10699000854803F039FA96F8280003F0ADFA2B7811
:1069A000012B7FF4A4AD7C4803F050FC01467A48EB
:1069B00003F02AFABB6853B12B78012B7FF497AD13
:1069C0007A4803F043FC0146784803F01DFA2B781F
:1069D000012B7FF48CAD764803F038FC01467448F7
:1069E00003F012FAB2682B78182A52D8DFE812F0B6
:1069F00068015100510051005100510051005100F7
:106A00005D015100510051005100510051005100F1
:106A100052015100510051005100510051005100EC
:106A20004701644803F012FC0146624803F0ECF9A8
:106A30004EE5614803F00AFC01465F4803F0E4F9C3
:106A40003FE5012BD6F800B095D15C4803F0FEFB82
:106A500001465A4803F0D8F9BBF1010F2B7800F03A
:106A60008B80BBF1020F00F03681BBF1030F00F009
:106A70005681BBF1040F40F06A81012B7FF40EAD0B
:106A80004F4803F0E3FB01464D4803F0BDF92B7876
:106A90007DE6012B7FF4D1AE4A4803F0D7FB0146D7
:106AA000484803F0B1F92B78012B7FF4C6AE3A4881
:106AB00003F0CCFB0146384803F0A6F9F2682B78C6
:106AC00052B1012B7FF4B9AE3F4803F0BFFB014642
:106AD0003D4803F099F92B78326952B1012B7FF4CC
:106AE000BDAE3A4803F0B2FB0146384803F08CF9DA
:106AF0002B78726952B1012B7FF4B0AE344803F0A9
:106B0000A5FB0146324803F07FF92B78B269012AD0
:106B100000F09D80F269012A00F08D80326A012A1E
:106B200000F0A180726A012A7FF447AD012B7FF447
:106B3000FFAC284803F08AFB0146264803F064F9BD
:106B40002B783AE5A0063FF520AD61063FF58CAC09
:106B500022063FF589ACD5E562023FF5B8AEA0E468
:106B6000012B7FF49EAC1C4803F070FB01461A48D1
:106B700003F04AF92B78C7E6012B7FF48FAC164857
:106B800003F064FB0146144803F03EF92B78FEE560
:106B900084E400BFA47E0108B8560108207F0108E4
:106BA0003C7F0108A0560108747F0108807F01081E
:106BB000B87F0108647F01084C7F0108107E01083E
:106BC000887E01086880010884800108AC80010883
:106BD000FC800108C4810108347E0108012C3FF4C7
:106BE00060AC022C3FF45DAC032C3FF45AAC042C97
:106BF0003FF457AC052C3FF454AC062C2B780BD14A
:106C0000012B7FF44EAC684803F020FB0146664838
:106C100003F0FAF82B7877E6072C7FF475AE012B9A
:106C20007FF43FAC614803F011FB01465F4803F07D
:106C3000EBF82B7868E6012B7FF47AAC5C4803F024
:106C400005FB01465A4803F0DFF82B7866E7012B75
:106C50007FF46EAC574803F0F9FA0146554803F04B
:106C6000D3F82B7856E7012B7FF462AC524803F03F
:106C7000EDFA0146504803F0C7F82B7852E7012B94
:106C80007FF4DBAD4D4803F0E1FA01464B4803F0D9
:106C9000BBF808E7012B7FF4D0AD494803F0D6FAE2
:106CA0000146474803F0B0F8FDE6012B7FF4C5AD7F
:106CB000444803F0CBFA0146424803F0A5F8F2E657
:106CC000012B7FF4BAAD404803F0C0FA01463E48BC
:106CD00003F09AF8E7E6012B7FF4E0AB3B4803F0C2
:106CE000B5FA0146394803F08FF82B784FE5012BB0
:106CF0007FF4D7AB354803F0A9FA0146334803F0D7
:106D000083F82B7800E6012B7FF4CBAB304803F0FF
:106D10009DFA01462E4803F077F82B78F4E5012B15
:106D20007FF4BCAB2A4803F091FA0146284803F0EF
:106D30006BF8ACE6A0077FF51CAC60073FF568ADCB
:106D400021073FF556ADE2063FF567ADB3E4BBF171
:106D5000050F0AD1012B7FF4A1AB1E4803F076FA90
:106D600001461C4803F050F891E6BBF1060F0BD129
:106D7000012B7FF493AB0C4803F068FA01460A48F4
:106D800003F042F82B7802E5BBF1070F7FF4FFAC6C
:106D9000012B7FF483AB054803F058FA0146034802
:106DA00003F032F873E600BFC07E0108DC7E010804
:106DB0005881010820810108908101084480010860
:106DC00024800108F87F0108CC7F0108507E01086B
:106DD0006C7E0108A47E010838B50446054B064DBB
:106DE0001A60296000F026F8204602F0FBFD002022
:106DF00038BD00BFB43C0320B83C032002F012BEF3
:106E000000B50A4B83B01B6802F042FE012801D096
:106E100003B000BD00220649022309680868114634
:106E200000920DF02DF903B000BD00BFB43C03206B
:106E3000B83C032000B583B0102001A900F046F94A
:106E400008B903B000BD0021102000F027F9003878
:106E500018BF012003B000BD00B583B0102001A908
:106E600000F034F920B90146019820B903B000BD03
:106E7000012003B000BD102000F010F9003818BF49
:106E8000012003B000BD00BF70B5002682B00446EB
:106E90000D46102001A9019600F018F910B9019BC8
:106EA000A34202D8012002B070BD04F111002946AE
:106EB00080B200F00BF9801B18BF012002B070BD3A
:106EC000002210B5114B82B01B78019213B91846FD
:106ED00002B010BD044601A9102000F0F7F840B937
:106EE00001981130FF2804D8214680B200F0D6F86E
:106EF00018B10123184602B010BD019910200131CC
:106F000000F0CCF8031E18BF0123E0E78700032040
:106F1000014608B5102000F0D9F8003818BF01204C
:106F200008BD00BF422804D0432807D044280BD016
:106F300070470A460748202105F056B80A46064819
:106F40004FF4005105F050B80A460448012105F0FD
:106F50004BB800BF00040242000802420000024297
:106F6000422804D0432807D044280BD070470A4653
:106F70000748802105F038B80A4606484FF480419A
:106F800005F032B80A4603484FF4004105F02CB82A
:106F9000000402420008024210B5044620212246A5
:106FA000074805F021F822464FF40051054805F046
:106FB0001BF82246BDE810400121034805F014B833
:106FC00000040242000802420000024210B50446DA
:106FD00080212246084805F007F822464FF48041F8
:106FE000064805F001F82246BDE810404FF4004184
:106FF000024804F0F9BF00BF000402420008024248
:1070000008B500228021124804F0EEFF00224FF460
:107010008041104804F0E8FF00224FF400410D4881
:1070200004F0E2FF0A200BF0A3F801222021084817
:1070300004F0DAFF01224FF40051064804F0D4FFB7
:10704000BDE8084001220448114604F0CDBF00BF4E
:107050000004024200080242000002424FF40071A4
:1070600008B5034804F0BAFFB0FA80F0400908BD43
:107070000000024210B504F01BFB002009F00AFEDC
:10708000044618B904F028FB204610BD002009F082
:10709000CFF904F021FB204610BD00BF38B50446EF
:1070A0000D4604F005FB204629460AF09BF8C3056F
:1070B000044603D404F010FB204638BD09F092FAD0
:1070C0000443A4B204F008FB204638BD09F0ECBB31
:1070D00084462DE9F8430CF50055104695F8272114
:1070E0000CF580540F461E46B4F89210B4F8943054
:1070F00072B3002940F08E80072B40F2A0803E2B17
:1071000040F2B9804FF04008B3F5805F4246C14677
:107110005FD21B0A43F010030370B4F894300CF5EF
:1071200084514370023A1C31023003F083F801228B
:107130000223A8F1020887F80090A4F89280A5F82D
:107140001C2184F891300120C4F89860BDE8F883D0
:10715000B1B307224FF008085B1A1FFA83F9B5F89C
:107160001C31914503F00F0343F0200300F8013B6D
:10717000B4F8923003F5845303F11C030CEB0301C4
:107180004CD903F057F887F80080B4F89230B5F87E
:107190001C21013B9844A4F8928095F822313BB120
:1071A000B2FBF3F103FB112313B9022384F89130EE
:1071B0000132A5F81C210120C4F89860BDE8F883CD
:1071C000072B3CD94FF00808B3F5805F4246C14613
:1071D0009FD310230360B4F894300CF584511B0A3C
:1071E0000371B4F89430063A43711C31063003F051
:1071F00021F801220223A8F1060887F80090A4F8DC
:107200009280A5F81C2184F891300120C4F8986080
:10721000BDE8F8833F224FF040089DE74A4603F05F
:1072200009F8032309F101023A7084F89130B4F8A7
:107230009230B5F81C219944A4F89290B8E700F870
:10724000013B0CF58451B4F894201C3102F0F2FF9C
:1072500001210322B4F894300B443B70B4F894300D
:107260000120A4F89230A5F81C1184F89120C4F8EC
:107270009860BDE8F8830170B4F894300CF584513F
:107280004370B4F894201C31023002F0D3FFB4F8FC
:107290009430012103220233DFE700BF70B50024E0
:1072A0000E4600F580530470C0F8024004738460F9
:1072B000C3F89240C3F89840A3F88E40A3F89040DA
:1072C00000F50053054621464FF48452C3E9474474
:1072D000C3F82861C3F824410D300EF053F84FF481
:1072E0008452A8182146BDE870401C300EF04AB800
:1072F000F0B591B0169D0446856019B39646127894
:107300008C46100903281DD8DFE800F0024C7A22D1
:10731000003B18BF012304F5005282F82631237880
:1073200023B10621002382F8241123709EF8005017
:10733000BCF1080F05F00F0500F2D1800123002DEC
:1073400040F0D680237B012B00F0A78011B0F0BD68
:1073500004F5805797F8911002F00F0204F50056DB
:107360004B1E012A86F82121DBB200F00B81022A94
:1073700000F01181002A40F0FB80BCF1010F00F009
:107380001E819EF80130BCF1020F86F8223101D037
:107390009EF80220022986F82321D3D1012387F801
:1073A0009130CFE7003B18BF012304F5005686F863
:1073B0002631227822B1062286F82421002222706A
:1073C000BCF1070FBED99EF800209EF8010002F024
:1073D0000F01014340F09C80DEF8022012BA072A18
:1073E000B0D9B2F5845F40F2F0800222072086F81F
:1073F0001E2186F82401217096F81F21322159E0C0
:107400002378012B9ED104F58057B7F88E1002F037
:107410000F0201F00F039A4240F0A2806088A38817
:1074200097F890201B1A9BB2002A00F0BE80551ED0
:10743000AEB29E4280F0BC80944583D14A1C92B289
:10744000EDB20D30A7F88E200EF101012A4620443E
:1074500002F0F0FE6388A2882B449BB29A426380BC
:1074600000F0B08004F5005696F81F21002A3FF482
:1074700069AFB7F88E30013B93FBF2F102FB113399
:10748000002B7FF45FAF96F8263196F81E11003B73
:1074900018BF012341F030010CE004F5005696F8C6
:1074A000263196F81E11003B18BF012396F81F21C4
:1074B00041F0300100208DF8012003228DF80010EA
:1074C00096F820112073D6F828015B058DF802107C
:1074D00083616946C260FCF7D1FB11B0F0BD002D9D
:1074E0007FF430AF9EF801500223002D3FF42AAF05
:1074F000ACEB03018D423FF725AF0EEB03012A46AB
:1075000004F10D0002F096FE02236580237019E756
:10751000120202F470620243072A7FF613AF0221BF
:107520000B46ACEB0303DDB204F58057A280714437
:107530002A4687F890C004F10D0002F07BFE01237B
:1075400000226580237086F81E21A7F88E3096F8F9
:1075500026313021003B18BF012396F81F21A9E7EF
:107560000421002304F5005282F824112370E9E677
:10757000012B3FF6E7AE0522032386F8252187F885
:107580009130DFE6012B3FF6DDAE0223C7F89850BD
:1075900087F89130D6E6012B3FF6D4AE08220323BC
:1075A00086F8252187F89130CCE6072B3FF6CAAE46
:1075B0009C457FF6C7AE4A1C92B2DDB241E786F821
:1075C0002221E7E602232370BCE606210B46A8E74A
:1075D0000378012B01D0002070478268064B891A7E
:1075E0009942F8DD0321002300F5005282F82411AE
:1075F00003700020704700BF400D03002DE9F041EB
:1076000000F58055144695F8912092B0561E012E33
:1076100005D9032A0ED0002012B0BDE8F081D5F8BC
:107620009830394ECB1AB3420BD9022300F50050E3
:1076300080F825310023012085F8913012B0BDE893
:10764000F081012AE7D100F5005696F9237196F8EA
:107650002321002F05DA0F32D2B2082A8CBF7F22F5
:1076600001229A42D7D80B4602AA0DF10701FFF773
:107670002FFD9DF80780B8F1080F38D9B8F10C0F2D
:1076800037D9B8F1100F36D9B8F1140F35D9B8F190
:10769000180F34D9B8F1200F33D9B8F1310F34BFF6
:1076A0000E270F27384602F0B9FD80450AD2A0EB1D
:1076B0000802013AD2B202AB0021013203EB08000A
:1076C0000DF060FEE76096F82731003B18BF0123FC
:1076D0005B05A36102E0012002F0C4FD204602A97F
:1076E000FCF7CCFA0028F6D195F8912091E74746AF
:1076F000D8E70927D6E70A27D4E70B27D2E70C27D4
:10770000D0E70D27CEE700BF400D030000F5805203
:10771000B2F89430B3F5845F14D892F891309BB9E5
:1077200000F5005300204FF0010CA2F89200A3F8DE
:107730001C01C2F8981093F8261183F8271182F8DB
:1077400091C07047012070474FF0090C00F50053BD
:1077500083F825C1E6E700BF830F032BC0F30D407C
:1077600020D0012B0ED0B3B9B0F5B97F21D01F23A3
:107770005FFA80FC000A012281F800C048708B701B
:10778000CA70704740F263539842F0D102204FF024
:10779000740C0D23EFE79128E9D10B204FF0380C42
:1077A0000223E8E72928E2D102204FF07F0C0923C9
:1077B000E1E70B204FF0EF0CDDE700BF2DE9F04FC4
:1077C000456893B0B5F1804F02D013B0BDE8F08F9B
:1077D0000668C068C6F307470C4602F01FFDEA2F93
:1077E000C6F3072832D0EC2FEFD1B8F12A0FECD135
:1077F0000728EAD92378102BE7D1E3793002C5496D
:10780000A27980B20143647908201B0443EA022371
:10781000234300224FF0FF34099123FA00F18DF841
:1078200021308DF822101B0C0C9007A909A8CDE976
:107830000D22CDE90F220A958DF823300B9211927B
:1078400007948DF82040FCF719FABEE70228BCD94E
:10785000B8F1FF0F23D0B8F12A0FB6D1A378617821
:1078600022781B0443EA01231343B3F56E4F40F023
:10787000C480A94A33029BB21A4300234FF08045CB
:107880000824A64909A8CDE90A53CDE90C43CDE95E
:107890000E33CDE910330992FCF7F0F995E7A378A0
:1078A000617822781B0443EA01231343B3F56E4F3A
:1078B00000F02E814FF6C552934200F0CB804FF678
:1078C000CA62934281D14FF0000904A8CDF810900C
:1078D000FFF71EFB924B049AB3F81EA0012ACAF3CD
:1078E000400A4FEA8A1A4AF03F0A5FFA8AF440F2E5
:1078F0002981920002321FFA82FA8A4B0AF10601AC
:10790000A3FB0103C91A03EB5103C3F387074FF02D
:10791000804385490A930991082120230C918349CA
:1079200007AA08910DF1240B4FEA1A218DF81E10B9
:10793000584611468DF81C301546CDE90D99CDE914
:107940000F99CDF82C90CDF844908DF81DA08DF8AE
:107950001F70FCF793F9764B0993002F3FF435AF76
:10796000CDE9027B4FF00108A3460DF12306082262
:10797000FF21284602F05AFC334656469A4608F143
:10798000FF34C4EBC4048DF81C80A4B20195A64258
:107990001ADDA3B243B3012B2DD0A7B2023F05A934
:1079A000B810CDF8149007F00307FFF76DFA0598AB
:1079B00006A9FFF7D1FE0DEB07031B7E05F8013F7B
:1079C000AA4504F10104E2D15346019D03982946DA
:1079D000B24608F101081E46FCF750F9029B5FFA17
:1079E00088F84345C3D2F0E605F801BFAA4504F183
:1079F0000104CED1E8E7FF23E0E74FF6C5529342FA
:107A000028D04FF6CA6293423FF45DAF08270022A8
:107A1000FF240A956FF0FE0506FA07F0454980B28B
:107A20000143099123FA07F18DF821308DF82210D6
:107A30001B0C07A909A8CDE90B27CDE90D22CDE93B
:107A40000F228DF82330119207958DF82040FCF716
:107A500015F9BAE6384802F0F9FB00224FF08041F0
:107A60000824314DCDE90A12099505462021CDE9BA
:107A70000C42CDE90E22CDE91022304A294B089262
:107A8000AA1D8DF81C10A3FB0213D21A07A803EB42
:107A9000520325FA04F10DF1240BC3F387088DF886
:107AA0001E100746014658468DF81D508DF81F8060
:107AB000FCF7E4F81E4B0993B8F1000F3FF485AED4
:107AC0000124DFF874900DF12306A4EB090A0822C3
:107AD000FF21384602F0AAFB3A46631EC3EBC303FC
:107AE0009BB2013B8DF81C404B440AEB03018D42D5
:107AF00005DD13F8011F02F8011F9642F5D101348C
:107B000039465846E4B2FCF7B9F8A045DFD25CE646
:107B10000B4AB2E62A00EC1C2A00EE18BC890108C8
:107B200064000320254992242AFFEC1CFFCAFE00B2
:107B30002AFFEB1C2A00E818A4890108FFC5FD00F4
:107B40002AFFEE1808224FF0804316490C92099143
:107B500007A908460D46FF210A93CDE90D99CDE905
:107B60000F99CDF82C90CDF8449002F05FFBFF22E6
:107B7000049B8DF81C40012B8DF81D2006D0CDF8FC
:107B80001E90294609A8FCF779F81EE606A9484682
:107B9000CDF81890FFF778F906980DF11E01FFF760
:107BA000DBFDEEE72ACAFE1810B57F2484464FF0AD
:107BB000110E032114709CF800C0002082F802E02E
:107BC00082F801C0198010BD002210B50A4C84B0A3
:107BD000CDE901220121094B00940A200AF036FF69
:107BE0000346074A0749012013600AF0CFFC064B01
:107BF000186004B010BD00BFCC3C0320C03C032083
:107C0000443D0320F03C0320403D032070B51F4E4F
:107C100082B03368DBB11E4D04462B78834215D009
:107C2000421E052A2FD8DFE802F01C141603181A8A
:107C3000012330688DF807300AF04CFF30B1002383
:107C4000012230680DF107010AF066FF2C7002B0C6
:107C500070BD0423EDE70523EBE70023E9E70346C6
:107C6000E7E7023B042B0ED8DFE803F005030B091E
:107C700007000823DDE70723DBE70923D9E7022311
:107C8000D7E70323D5E70B23D3E700BF443D032009
:107C9000BC3C0320814204D900F17840B0F5802F2C
:107CA00001D30020704701F178410139B1F5802FEF
:107CB0002CBF002001207047814208D9B0F1005F3D
:107CC00005D3044881428CBF00200120704700206A
:107CD000704700BF00000420814211D9B0F1005F5D
:107CE00010D31A4B994219D9194B984208D91948FF
:107CF00081428CBF002001207047B0F1006F15D287
:107D000000207047144B98420AD8144B9842F4D97B
:107D1000134881428CBF002001207047012070472A
:107D2000104881428CBF0020012070470E4B9942C1
:107D3000E6D80E4BB3F8E030B3F5007FEED00C4838
:107D400081428CBF00200120704700BF000004204A
:107D50003F20024040210240FFFFF90BFFFFF80BDC
:107D60000080F90B0002FA0B000008080005FA0B6E
:107D70000000040800B58BB001A803F095FE05983B
:107D8000AA3818BF01200BB000BD00BF10B58AB0E3
:107D900001A803F089FE079810F0806001D10AB0B5
:107DA00010BD0821184804F019F950B304214FF40C
:107DB000C042079B019123F0806343F00063079367
:107DC000069272B603F074FC044603F091FC03467D
:107DD00001A81C4303F046FDE4B2044303F0AAFCEF
:107DE000E4B2044303F098FCE4B20443E4B203F0C9
:107DF00073FC62B62043C0B2003818BF01200AB03D
:107E000010BD01200AB010BD001C024200B58BB0AD
:107E100072B601A803F048FE04214FF40052079BFC
:107E2000019143F08063CDE9062303F041FC18B1D2
:107E300062B601200BB000BD03F05AFC0028F7D158
:107E400001A803F00FFD10B903F074FCF0E703F094
:107E500063FC03F041FCEBE710B58AB003F028FCAB
:107E6000044603F045FC044301A803F01DFE042171
:107E70004FF480729DF81E30E4B2C3F3001383F018
:107E800001031B05CDE90623019134B103F044FC45
:107E900003F022FC01200AB010BD01A803F0E2FCAF
:107EA0000028F3D103F046FC044603F035FC0443FC
:107EB00003F012FCE4B22043C0B2003818BF012026
:107EC0000AB010BD30B58BB003F0F2FB044601A838
:107ED00003F0EAFD002380220798022110F4801F9E
:107EE000CDE9033200930CBF02230123019101A8C5
:107EF0006946029303F06EFE054603F0EDFB28434E
:107F00002043C0B2003818BF01200BB030BD00BF05
:107F100070B503F0CDFB05460F4C104ED4E900239D
:107F2000B3F1FF3F08BFB2F1FF3F04F5802107D056
:107F3000012003F03BFC002818BF45F00105EDB21D
:107F40000834B442EAD103F0C7FB2843C0B200387A
:107F500018BF012070BD00BF00E003080000040846
:107F6000002330B58FB0009303F0A2FB0223044638
:107F700005A8019303F098FD0B9B042213F4801FC6
:107F80004FF07C0014BF02230123694603900DEBE0
:107F900002000492029303F01DFE054603F09CFBD1
:107FA000054344EA0500C0B2003818BF01200FB0F5
:107FB00030BD00BF014608B5012003F0F7FB0038D3
:107FC00018BF012008BD00BF704700BF0022014B51
:107FD0001A707047483D0320274B9B78012B00D037
:107FE0007047752370B5254E88B030880DF10101BA
:107FF00080B28DF8003001F0EFFF6D46B388441C6D
:10800000E4B2291998B201F0E7FF33890444E4B2DD
:10801000291998B201F0E0FF337B0444E4B2291936
:10802000184602F011F8F38B0444E4B22919D8B2CF
:1080300002F00AF8338A0444E4B22919D8B202F0F3
:1080400013F8B37D0444E4B22919184602F00CF881
:10805000B38B0444E4B22919D8B202F005F8024601
:108060000D231444E4B2611C68466C44C9B2237009
:1080700001F0CAFE08B070BDDC00032064000320DC
:10808000014B1860704700BF4C3D0320704700BF94
:1080900000B5054B83B0186801A906F0A3FD9DF853
:1080A000040003B000BD00BF4C3D032000B5044BED
:1080B00083B0186801A906F095FD019803B000BDD2
:1080C0004C3D03200D4B02781B68403201291A7089
:1080D0000FD900B5A1F1020E10FA8EFE024610F87B
:1080E00001CF724503F801CFF8D1054B1B68198009
:1080F00000BD034B1B681980704700BF743D03200F
:10810000703D032030B54378044685B013B98378B9
:10811000442B0FD07F204FF0310C03213C4B3D4AC4
:108120001B6812681870207883F802C0587011809C
:1081300005B030BD0B2903D07F204FF0130CECE7C6
:10814000354B1978022903D04FF07F0C7F20E4E7EC
:108150001B7F022B11D1314D6B7B13F0FB030FD032
:108160007F20242503212A4B2A4A1B681268187095
:1081700020789D7058701180DAE74FF0330CE5E7F6
:10818000D0F80300AB6001232B73D4F8073000BA9A
:108190001BBAC1186B6001922860FFF77BFD1C4B76
:1081A00019681C4BD3F800C040B36B68019A13F0F8
:1081B000070F0AD07F2370200B70032394F800E090
:1081C000887081F801E0ACF8003023786A734FF2D0
:1081D0000F04202540338DF80C3003AA4B1EC81C19
:1081E0008DF80D50ADF80E4012F8011B03F8011F79
:1081F0008342F9D10423ACF8003099E77F22312083
:1082000003230A70227888704A70ACF800308FE738
:10821000743D0320703D0320503D03207C3D03202E
:1082200003780F2B40F283802DE9F047A3F1100271
:1082300004460D468EB0772A7FD8DFE812F042025E
:1082400032027E007E00C5017E007E007E007E0040
:10825000AC017E007E007E007E007E007E007E00FF
:108260007E00F801E20108027E007E006C019F01A1
:10827000920115027E0085017E002202D5017E005A
:108280005C017E007E0048012201ED00DD00D0008F
:108290007E007E007E007E00320105017E007E00B1
:1082A0007E007E007E007E007E007E007E007E00DE
:1082B0007E007E007E007E007E007E007E007E00CE
:1082C0007E007E007E007E007E007E007E007E00BE
:1082D0007E007E007E007E007E007E007E007E00AE
:1082E0007E007E007E007E007E007E007E007E009E
:1082F0007E007E007E007E007E007E007E007E008E
:108300007E007E007E007E007E007E007E007E007D
:108310007E007E007E007E007E007E007E007E006D
:108320007E007E001501C300B300A6008D00A24BA5
:10833000A24A1B681268FFF737BC7F201125032172
:108340009E4B9D4A1B681268187020789D7058706B
:1083500011800EB0BDE8F087012D40F2E484427830
:1083600002F07F03012B00F01685032B00F001853E
:108370007F2012250321914B8F4A1B6812681870C9
:1083800020789D7058701180E3E77F20112503212C
:108390008A4B894A1B681268187020789D70587043
:1083A0001180D6E7022D00F092847F20132503214F
:1083B000824B814A1B681268187020789D70587033
:1083C0001180C6E77F20122503217C4B7A4A1B6867
:1083D0001268187020789D7058701180B9E77F205E
:1083E00011250321754B744A1B6812681870207898
:1083F0009D7058701180ACE7704B6F4A012D1B685F
:10840000166800F094837F211320032219702178CD
:108410009870597032809CE7012D40F22883684E95
:10842000737B012B00F0F184644A6349022B1268CC
:10843000086800F0BD857F21242503231170217871
:1084400095705170038084E7022D00F057847F20DF
:1084500013250321594B584A1B681268187020785D
:108460009D705870118074E77F2011250321534BB4
:10847000514A1B681268187020789D7058701180DE
:1084800067E7022D00F22D817F20132503214B4B3E
:10849000494A1B681268187020789D7058701180C6
:1084A00057E7012D40F2F082437803F00F02042ACF
:1084B00000F0EF847F2012250321404B3E4A1B68C9
:1084C0001268187020789D705870118041E73D4BFC
:1084D000B3F8E030B3F5007F00F0CA847F201125A7
:1084E0000321364B344A1B681268187020789D703F
:1084F000587011802DE7032D00F2FB807F2013259B
:1085000003212E4B2C4A1B681268187020789D702E
:10851000587011801DE7012D40F2D082467806F098
:108520007F06012E00F0C884022E00F0E6847F2032
:1085300012250321214B204A1B68126818702078ED
:108540009D705870118004E77F20112503211B4B7B
:10855000194A1B681268187020789D705870118035
:10856000F7E67F2011250321144B134A1B6812687C
:10857000187020789D7058701180EAE67F201125D0
:1085800003210E4B0C4A1B681268187020789D70EE
:1085900058701180DDE6094F022D3B6800F22F82F2
:1085A0007F2013250321044A1870207812689D70DB
:1085B00058701180CDE600BF703D0320743D03204C
:1085C0007C3D03200005FA0B042D00F09F827F20E4
:1085D000132503219E4B9F4A1B6812681870207850
:1085E0009D7058701180B4E67F2011250321984BAF
:1085F000984A1B681268187020789D705870118016
:10860000A7E6012D40F24D82437803F00F02042AC1
:1086100000F01B847F20122503218D4B8D4A1B689F
:108620001268187020789D705870118091E6032DA3
:1086300000F0B3827F2013250321854B854A1B68F8
:108640001268187020789D705870118081E67F2024
:10865000112503217E4B7F4A1B6812681870207811
:108660009D705870118074E67F2011250321784B8E
:10867000784A1B681268187020789D7058701180B5
:1086800067E6022D00F2E2817F2013250321704B63
:10869000704A1B681268187020789D70587011809D
:1086A00057E66B4B6B4A022D1B68166800F013826D
:1086B0007F2113200322197021789870597032801D
:1086C00047E6022D00F041827F2013250321604BF5
:1086D000604A1B681268187020789D70587011806D
:1086E00037E60222294620460EB0BDE8F047FFF7E4
:1086F00009BD90F901204378002ABCBF03F07F0335
:1087000043704388B8BF01265BBA9BB2A8BF00265E
:10871000B3F5097F00F35C85B3F5007F2ADBA3F591
:108720000073242B26D8DFE813F0440132015301F3
:10873000D700F900EA0008012500B200AA002500D0
:108740002500250025002500250099007F00250033
:1087500025002500250025002500250025002500F1
:10876000250025002500250025007900730059000B
:1087700043003D007F2031210322354B1B681870D8
:1087800020789970334958700B681A80002E3FF496
:10879000E0AD2F4A126812787F2A3FF4DAAD00224A
:1087A0001A80D6E5052D00F0A3877F201321E3E78B
:1087B000042DFAD1FBF766F90A2009F0D9FC244B05
:1087C00021781A68403111706178224B5170A1787C
:1087D0001B689170E178D1701D80D7E7072DE4D137
:1087E0000430FBF737FAFBF74DF90A2009F0C0FC1B
:1087F0000420174B21781A68164B40311B68117002
:1088000061785170A1789170E178D1701880BDE7DE
:10881000052DCAD10079FBF715FAE4E7072DC4D17D
:108820000430FBF701FADEE7042DBED10A4B1A78BB
:10883000022A00F086827F227F200321044B1B68DE
:10884000187020789A70034A5870136819809DE751
:10885000743D0320703D0320503D0320042DA4D11E
:10886000A74B1A78022AE6D11B7F022B40F0DF8744
:108870004378012B01F070807F2012217CE7A04B10
:108880001B7F022B00F06E877F20332174E7082DB9
:108890008BD14378012BEFD1C379042B7FF46AAFDE
:1088A000807922796379000240EA026040EA03405D
:1088B00040F00400FEF704FB002800F04F827F2008
:1088C000722503218F4A904B12681B681070207824
:1088D00095705070198059E78A4B71201968AA1E4B
:1088E0000B46087014FA82F2214614F8010F8A42EE
:1088F00003F8010FF8D1844B1B681D8046E7814ABD
:10890000814B062D11681B6800F01D877F22132004
:108910000A70227888704A70032236E77120042199
:10892000784B1A68784B107060781B685070A0788C
:108930009070E078D070198028E70B2D7FF635AF66
:10894000456887682DBA3FBA28467919FFF7C4F9F8
:1089500000283FF40FAF39462846FDF765FA014677
:108960000827684B25781A68403515706078664B83
:108970005070A0781B689070E078D171D070080EAC
:108980001071080CF940507191711F80FEE6FFF7DD
:10899000E7FA5C4B1A685C4B1B68002800F03086D5
:1089A0007F217220032511702178907051701D80F5
:1089B000ECE6544A544B042D12681B6800F03086D4
:1089C0007F21132011702178907051700325EEE7FC
:1089D000FFF79EFA4B4B1A684B4B1B680028DFD100
:1089E0002146207840301070A81E14FA80F00C4602
:1089F00011F8017F844202F8017FF8D1D7E75922AC
:108A000004211A70427899705A70427802F07F02FD
:108A1000012A00F0AA82022A00F0A1827F251226F4
:108A20000320394A1D70257811689E705D7008809A
:108A300094F90130002BBFF68CAC3B681B787F2B80
:108A40003FF487AC00211368198082E42C4B1E7818
:108A5000022E00F063827F2203202A4B2A491B68E2
:108A600009681A7024789A705C70088071E47F201D
:108A700013250321234B244A1B68126818702078A1
:108A80009D705870118064E47F20132503211D4BD5
:108A90001D4A1B681268187020789D7058701180EC
:108AA00057E47F2013250321164B174A1B681268D1
:108AB000187020789D70587011804AE47F2013252B
:108AC0000321104B104A1B681268187020789D70A3
:108AD000587011803DE40A4A1278012A00F0AD82F4
:108AE000427802F07F02012A00F0D0837F21122019
:108AF00003221970217898705970328029E400BFE0
:108B0000503D0320743D0320703D03204378FF2B2C
:108B100000F078827F2031250321A54BA54A1B68F0
:108B20001268187020789D705870118011E4A24A64
:108B3000517B032900F064837F21242003221970D4
:108B4000217898705970328003E4437803F07F03F2
:108B5000022B00F01E83032B00F00783012B40F053
:108B6000F682002295499648C1E903220B70924B88
:108B700002605A734A610A778A6194F90130627817
:108B8000002BFFF6E6AB5020894B8A491B68096829
:108B90005A7018700D80FFF7DCBBB0F8012052BA94
:108BA00090B20022A0F50071B1F5007FCDE901225D
:108BB000CDE903220092C0F04982A0F57142843AC7
:108BC0000C2A08D8DFE802F072076C630707070772
:108BD0005A07070715007F2031250321744B754A7A
:108BE0001B681268187020789D7058701180FFF70C
:108BF000B0BB69460120FEF769FA01A905460220CB
:108C0000FEF764FA034602A903201D43FEF75EFA4D
:108C1000034603A90420ADB21D43FEF757FA0346ED
:108C200004A90520ADB21D43FEF750FAADB20543CD
:108C3000ADB2112269460DF1170001F0FBFA002DCB
:108C4000C9D1142523785A4A66781168A27840332E
:108C5000681E8DF814308DF816208DF8156005AA61
:108C60004B1E11FA80F012F8011B03F8011F83421A
:108C7000F9D1504B1B681D80FFF76BBB0C2251498B
:108C80000DF1170001F0D6FA0F252378DBE7042257
:108C90004D490DF1170001F0CDFA07252378D2E7F1
:108CA000464A042512788DF81720CCE70C22474954
:108CB0000DF1170001F0BEFA20230922444909A84A
:108CC0008DF82330192501F0B5FA2378BBE74278F7
:108CD00002F07F03012B00F08781022B00F06E82EF
:108CE0007F2012250321324B324A1B68126818700C
:108CF00020789D7058701180FFF72BBB4378002BB4
:108D000000F0B781802B3FF424AB7F201225032194
:108D1000274B284A1B681268187020789D7058707D
:108D20001180FFF716BB7F2013250321204B214A1A
:108D30001B681268187020789D7058701180FFF7BA
:108D400008BB1B7F022B40F072854378012B7FF418
:108D500093ADFFF781F800287FF4B1AD04212046E0
:108D6000FFF7B0F9134B1B681A88002A3FF4F1AAE9
:108D70000CE5134D2968002940F027817F2022252A
:108D80000B4A0C4912680968107020789570507071
:108D90000B80FFF7DEBA022D00F05B828378103B78
:108DA000032B00F20786DFE803F02C2A152E00BF04
:108DB000743D0320703D03207C3D0320503D032083
:108DC000783D03209005FA0B9C820108047B010882
:108DD00090820108AC4BAD4A136094F90130002B2E
:108DE000FFF6B7AA0221AA4A237812684033A94D98
:108DF000137060782B6850701980FFF7AABAA64BE1
:108E0000E9E7A64BE7E7A64BE5E7A91E11F0070542
:108E10001FFA81F840F0BE80B36872684344934201
:108E200000F2B880327B4378934200F013847F20B5
:108E300073250321964B974A1B6812681870207897
:108E40009D7058701180FFF784BA03F0F002402A39
:108E500040F257817F20122503218D4B8D4A1B68DC
:108E60001268187020789D7058701180FFF771BAE1
:108E7000022D00F243817F2013250321844B854A74
:108E80001B681268187020789D7058701180FFF769
:108E900060BA03F0F002402A40F208817F201225D8
:108EA00003217B4B7B4A1B681268187020789D70E9
:108EB00058701180FFF74DBA40F26713ADF81430C7
:108EC000FFF7F4F8774A784B4240C3E903021E7774
:108ED00094F9013000BA002BCDF81600FFF639AA3C
:108EE00006216B4B05981B686A4A1860BDF818008C
:108EF000126898801180FFF72CBA062D00F0D581FA
:108F00007F2013250321624B624A1B681268187088
:108F100020789D7058701180FFF71BBA4FF28412B1
:108F2000B0F8013058BA80B220F00801914200F048
:108F3000008149F2F102934200F06E82072D00F0A9
:108F4000F9837F2013250321514B524A1B68126875
:108F5000187020789D7058701180FFF7FAB9032DB2
:108F600000F0D8817F2513265AE5032DFAD100227F
:108F700005A8DA70FDF7CCFF464A3B681668002862
:108F800000F024837F211970722120789970587025
:108F900035804DE57F20712503213D4B3D4A1B68FF
:108FA0001268187020789D7058701180FFF7D1B941
:108FB000022D00F05C817F2171250323117021783F
:108FC000957051700380FFF7C4B9130600F12E812C
:108FD000C72002212E4B2F4A1B6812681870607838
:108FE00058701180FFF7B5B911063FF5B2A9C52138
:108FF000274B284A1B6812681970417859701580F0
:10900000FFF7A7B98378FF2B7FF484ADC378FF2BDC
:109010007FF480ADFDF720FF002800F020847F2042
:10902000722503211A4B1B4A1B681268187020789E
:109030009D7058701180FFF78CB97F2203211A7040
:1090400000789A7058703180FFF783B96946FEF74F
:109050003DF8002800F03C817F2131200C4B0D4A67
:109060001B68126819702178987059701580FFF785
:1090700070B97E21064B074A1B6812681970417847
:1090800059701580FFF765B920A10700783D0320CE
:10909000743D0320703D032090D0030048E8010098
:1090A00040420F0078563412503D03201B095A1DD0
:1090B000AA4280F2AD80002B00F043830027591EA6
:1090C0000530C90010F8012F8A4008393A4311F1E0
:1090D000080F97B2F6D19E1DF3199D4200F03E8213
:1090E0007F2013250321B74BB74A1B6812681870FD
:1090F00020789D7058701180FFF72BB90122FFF77F
:10910000F1BAB24A1278012A00F032811B099A1D85
:10911000954200F0D0817F2013250321A94BAA4A54
:109120001B681268187020789D7058701180FFF7C6
:1091300010B97F2031250321A24BA34A1B68126876
:10914000187020789D7058701180FFF702B97F2049
:10915000122503219B4B9C4A1B68126818702078CB
:109160009D7058701180FFF7F4B8994A928A92B2B4
:10917000B2F5805FC0F009817F208825914A92492D
:109180001268096810702078957050700B80FFF796
:10919000E0B88F4B9B8A9BB2B3F5805FC0F0208113
:1091A0007F2022250321874B874A1B68126818708D
:1091B00020789D7058701180FFF7CBB812063FF5EC
:1091C000C8A8294620460EB0BDE8F047FEF77ABF92
:1091D000B3F57F4F00F059814FF6017293427FF44F
:1091E000C9AA042D7FF4E1AA4378012B7FF444AB94
:1091F000764B1A78022A00F06C837E22FFF71CBBA4
:1092000004215173027840321A703580FFF7A1B8FB
:109210007F20132503216B4B6B4A1B681268187063
:1092200020789D7058701180FFF793B80123694C26
:1092300026782370FAF7B0FC4FF47A7008F098FFA4
:10924000F6B22868FAF7B0FCFAF71CFC2670FFF7B4
:1092500080B87F20132503215A4B5B4A1B68126894
:10926000187020789D7058701180FFF772B8317BAC
:1092700063788B4200F085817F2173250323117071
:109280002178957051700380FFF763B851221A70EE
:1092900042785A70358090F90130002BBFF659A8FA
:1092A0000EB0BDE8F04701F033BC484B9A69042A80
:1092B00040F224817F2036250321424B424A1B681D
:1092C0001268187020789D7058701180FFF741B8AF
:1092D00060782378A478403304228DF8150069461D
:1092E0000DF117008DF814308DF8164000F0A2FF34
:1092F000344B0DF113021868431E063012F8011F9B
:1093000003F8011F9842F9D107222F4B1B681A80DE
:10931000FFF71FB8002205A8DA70FDF7F9FD8146B6
:10932000002840F0FE80059B002B00F05F82804605
:109330006E4612E09DF803203B685A55BDF80220A6
:1093400003F82820009A2B44120A9A70009ADA70C7
:10935000059B0435984580F0F08040463146FDF786
:1093600093FD08F101080028E4D04FF00109EFE770
:109370007F220320134B14491B6809681A70247854
:109380009A705C700880FEF7E4BF00220F49124813
:10939000C1E903220B70114B42731A604A610A77CC
:1093A0008A6194F9013060789342FEF6D2AF502181
:1093B000044B054A1B681268587019701580FEF737
:1093C000C8BF00BF743D0320703D0320503D032003
:1093D00064000320860003207C3D0320783D0320A9
:1093E0000023974A9748C2E90333974903604B73B8
:1093F00053611377936194F901306078002B1570F5
:10940000FEF6A7AF5021914B914A1B681268587025
:1094100019701580FEF79DBF142D7FF492ADD4F81E
:1094200003100120FDF73AFED4F807100546304638
:10943000FDF734FE0346D4F80B1003201D43FDF75F
:109440002DFE0346D4F80F100420ADB21D43FDF7E6
:1094500025FE0346E17C0520ADB21D43FDF71EFE4F
:10946000ADB245EA00039BB2784A794912680968AF
:10947000002B00F023827F207225032310702078B8
:10948000957050700B80FEF764BF042D7FF48DA99A
:109490004378012B7FF4F0A9694B1A78022A7FF4F4
:1094A000ACAE1B7F022B40F0C281FEF70BFD002803
:1094B0007FF405AA52E4002B00F05C810026013BFA
:1094C000411DDB0011F8012F9A40083B13F1080FF2
:1094D00046EA0206F6D140F6FE739E4240F24B8108
:1094E0007F2031250321594B594A1B681268187097
:1094F00020789D7058701180FEF72BBF586859690D
:10950000411A09296AD87F20372503214F4B504A39
:109510001B681268187020789D7058701180FEF7D3
:1095200018BF7F2272203B681A702178484A597010
:10953000987013681D80FFF77BBAB9F1000F00F037
:1095400055817F213B687225197003212078404A9C
:1095500058709D7013681980FFF76ABA384B1A78F3
:10956000022A00F07E817F227F250320374B384975
:109570001B6809681D7024789A705C700880FEF77B
:10958000E8BE0133337323780021403313706378CE
:1095900002F8013FB3680BE034680131E35CB1F5D8
:1095A0007F6F02F8013FB36803F10103B36003D09A
:1095B0007468A342F0D389B2726802319342018089
:1095C000FEF4C7AE03237373FEF7C3BE06200599EE
:1095D0005971090A19713080FFF72ABA197F0129D8
:1095E00000F00B817F2024250321184B184A1B68AB
:1095F0001268187020789D7058701180FEF7A9BE0F
:109600002146207840301070A81E14FA80F00C46D5
:1096100011F8017F844202F8017FF8D1FFF7C7B942
:109620004178012900F04581022900F034817F2131
:1096300012201170217890705170FFF7C7B900BFE8
:10964000503D0320783D03207C3D0320743D0320E2
:10965000703D03200133337302F02AF8B8F1000F94
:1096600000F0E8802746AA46A946B0683B797A7997
:109670001B0403EB0263FA78397A03EB02237A7A4C
:10968000090401EB0261BA780AF1080A134419EBE4
:109690000302FB79083701EB0323316801F58021D0
:1096A000084417F8021C0B44FEF784FC40EA05034B
:1096B000B068D04500F10800DDB2B060D6D802F045
:1096C0000BF8D6E901329A4224BF03237373002DAD
:1096D00000F0B8807F2172200322B04B1B68197004
:1096E000217898705970AE4B1B681A80FEF731BE16
:1096F0004378012B7FF4C0A80379002B00F0088188
:10970000012B7FF437A8A748FCF720FCA34B227855
:1097100019682346084640320A70221D13F8011FBB
:10972000934200F8011FF9D105229D4B1B681A8056
:10973000FFF72CB8D4F8031009BAFDF7AFFC0346C5
:1097400092E61F46C7E4828840F6FB7052BA92B296
:10975000824235D97F2231200A70227888704A707F
:10976000FFF7DAB8BFF34F8FBFF36F8F431D9847F2
:10977000FFF73EB81E46D4F802502DBA711928469C
:10978000FEF7AAFA854B864A1B68116870B12278E9
:10979000ED1A40321A709A1902E0E85C03F8010FE2
:1097A0009A42FAD1731C0B80FEF7D3BD7F2031257E
:1097B0000322187020789D7058700A80FEF7C9BD8A
:1097C00071200870084665784D70A5788D70E47832
:1097D0000021151F00F8034F02E000F8011F0131BE
:1097E000A942FADB043292B2FEF7CFBF6C4A9B006B
:1097F000116803330B80FFF71BB9D4F802101D6901
:1098000009BA8D4200F0B28000277F2658613525C5
:10981000032001329A61614A614912681F7716700C
:1098200023780968537095700880FEF792BD332243
:10983000FFF702B801F050FFD6E901239A4201D8A0
:10984000032373730220554A5549237812686478BC
:1098500009684033137054700880FEF77ABD012107
:10986000B0E41B7F022B27D1D4F802502DBA284632
:109870007919FEF721FA002837D17F2031250321FD
:10988000464B474A1B681268187020789D705870C4
:109890001180FEF75EBD00204349087021784031F9
:1098A000117061785170A1789170E178D170FFF7F3
:1098B0007EB83D480170F1E7332255E660782378A1
:1098C000A578507003204033137095700880FEF720
:1098D00040BD1B7F022BAAD1344B5B7B042B3FF492
:1098E00038AA7F202221FEF747BF022F2FD0042F56
:1098F00028D0082F1ED06FF00603E21D1B1B02E0CC
:1099000012F8011F29709918B942F9D3314659E468
:109910002748FCF71BFB214B227819682346084691
:1099200040320A70221D13F8011F934200F8011FF4
:10993000F9D1F9E6A168E0680BBA02BA3146C5E987
:1099400000233FE4A36831461BBA2B603AE4238925
:1099500031465BBA2B8035E4FEF70CFAB0B9FEF75E
:1099600055FA00287EF4ABAFFFF7F8B91E7794F9EB
:109970000130002BFEF6EDAC40F26721074A084BA0
:1099800012681B6811801E80FEF7E3BC0BF0ECFD33
:1099900000287EF494AFFFF7E1B900BF743D0320C7
:1099A000703D0320C4890108860003207C3D03200C
:1099B000D88901087F22002631200321064B074D5C
:1099C0001B682E601A70064A247812685C709870C2
:1099D0001180FEF7BEBC00BF743D0320783D03201C
:1099E000703D032038B500240122094B09490A4D76
:1099F0004C73586009490A48C3E90344C3E9054464
:109A00002C601A701C77FDF749FC204638BD00BF5A
:109A1000503D03207C3D0320783D0320900003202F
:109A2000BC770120114B01461A78032A02D0104856
:109A3000FDF7CEBD41F288305A688A1A8242F6D9C3
:109A400000224FF0010C0B4810B40B4C427383F80A
:109A500000C01A77226006485DF8044BC3E9032270
:109A6000C3E905225960FDF7B3BD00BF503D032097
:109A7000BC7701207C3D0320783D03200146024A4B
:109A80000248FDF7BBBD00BFB8000320BC77012032
:109A90002DE9F043002585B004468DF80D50ADF852
:109AA0000E50D0E90050B0F1804F0F4690461E4650
:109AB000C5F382690BD030B9B5F5FC6F63D040F2C5
:109AC000DF739D420ED0002005B0BDE8F083C5F3E2
:109AD0000743DA2BC5F3072200F09980DB2BF2D184
:109AE000FF2AF0D1E06800F099FB0028EBD03B782A
:109AF0000F2BE8D8002B00F09680072BE3D8013815
:109B00008342E0D8A2690137ADF80E30A2F5001209
:109B10000123B2FA82F28DF80D30504B520983F8CE
:109B200026216168B1F1804F00F08F804FF4FD6213
:109B300000214B484B4B0260C3E9002141604FF0CC
:109B4000FF3301220DF10D01306808F0E5FF4FF001
:109B5000FF33022204460DF10E01306808F0DCFFED
:109B600002464FF0FF33144439463068BDF80E20EA
:109B700008F0D2FFBDF80E3004440333A34244D0B2
:109B8000F7F7C6FA41E04FF4FD63364AC2E9003008
:109B9000334AC2E90030E06800F040FBCDF80080B5
:109BA000A369314CA3F50013B3FA83F301463A4697
:109BB00020465B09FDF79CFB2578022D83D1002709
:109BC0004FF0FF3301220DF10D0130688DF80D705B
:109BD00008F0A2FF2A464FF0FF330546A11C30686B
:109BE00008F09AFF02464FF0FF3315443068628850
:109BF00004F10D0108F090FF638805440333AB4284
:109C000001D0F7F785FA0023237001205CE72A2AA8
:109C10007FF459AF2B029BB243EA896343F45A03A2
:109C200043F02A03B1E7A269B2F5001F7FF44BAFFE
:109C300008287FF648AF7B78002B3FF444AF02380A
:109C400083423FF640AF02375EE72A0292B242EA11
:109C5000896242F45A0242F02A026AE7BC97012064
:109C600090000320B8000320BC7701204FF0000CC7
:109C700010B5029CA4F800C08C460D490B600D493C
:109C80000C600D494860114622B1BDE810406046A5
:109C9000FEF7C6BA4FF07F0E8CF800201320032287
:109CA00083F800E09CF8001098705970228010BD75
:109CB000743D0320703D0320503D03204FF0000C05
:109CC00010B5029CA4F800C08C460D490B600D49EC
:109CD0000C600D494860114622B1BDE81040604655
:109CE000FEF79EBA4FF07F0E8CF80020132003225F
:109CF00083F800E09CF8001098705970228010BD25
:109D0000743D0320703D0320503D032038B5049A74
:109D100012884AB11978512907D0C72904D1012ADC
:109D200002D05B78032B08D038BD4FF4FA7008F0EE
:109D30001FFABDE8384000F0EBBE4FF4FA7008F0AF
:109D400017FA0123084C25782370F9F725FF4FF403
:109D50007A7008F00DFA054BEDB21868F9F724FF98
:109D6000F9F790FE257038BD86000320783D03206A
:109D7000024A936801339360704700BFDC00032000
:109D8000024608B5054B064901201A6008F0FEFBA3
:109D9000044B054A05491860116008BDE03D0320E9
:109DA000903D03208C3D0320483E0320719D000818
:109DB000002238B505460C46104601210AF0DEF8AF
:109DC0002846A1B20BF0ECF870B941F2883406E0F5
:109DD0000122002011460AF0D1F8013C09D00BF015
:109DE000C3F80028F4D138BD064AD3680133D360E4
:109DF00038BD044A936801339360BDE838400BF0E6
:109E0000C1B800BFDC000320F8B507460D46174C6B
:109E10004FF0FF31206808F077FC0128F8D1144E8C
:109E20003368186808F056FEA8420BD20023206859
:109E30001A46194608F00EFB01200E4AD368034467
:109E4000D360F8BD32680023394610682A4608F00E
:109E500063FE024600232068144619461A4608F09D
:109E6000F9FAA542E8D10020F8BD00BF8C3D0320DF
:109E7000E03D0320DC00032010B5044C4FF0FF311F
:109E8000206808F041FC0128F8D110BD8C3D03206A
:109E90000023034A194610681A4608F0DBBA00BFCF
:109EA0008C3D032070B50D4E054632680C46106897
:109EB00008F010FEA04205D20120094AD3680344ED
:109EC000D36070BD3068002322462946006808F040
:109ED00023FE8442F0D1002070BD00BFE03D03208E
:109EE000DC00032010B5044600F0B0F9014620461E
:109EF000BDE81040FFF788BF00B583B001A900F0AE
:109F0000A3F8022101A8FFF77FFF03B000BD00BF47
:109F100000B583B0694600F029F808216846FFF7CC
:109F200073FF03B000BD00BFE2B1034610B40E4C96
:109F30005000013903EB420211F801CF02334FEA1E
:109F40001C1C14F80CC0934203F802CC91F800C01A
:109F50000CF00F0C14F80CC003F801CCECD15DF838
:109F6000044B704710467047C48C01084FF0000C3A
:109F7000034610B5E646174AC3F30334145D0820C0
:109F800064F3070C1C0F145D64F3070EC3F3032482
:109F9000145D64F30F2CC3F30364145D64F30F2E9C
:109FA000C3F30314145D64F3174CC3F30354145D3B
:109FB00064F3174E03F00F04C3F30343145DD35C43
:109FC00064F31F6C63F31F6EC1F800E0C1F804C0B6
:109FD00010BD00BFC48C01080346094AC3F3032C1B
:109FE00012F80CC0032081F800C0C3F3031C03F077
:109FF0000F0312F80CC0D35C81F801C08B7070475E
:10A00000C48C01080346002210B40E4C4FEA133CE6
:10A0100014F80CC004206CF30702C3F3032C14F8EB
:10A020000CC06CF30F22C3F3031C14F80CC003F034
:10A030000F03E35C6CF3174263F31F625DF8044B9C
:10A040000A607047C48C01080346064A4FEA131C95
:10A0500003F00F0312F80CC0D35C022081F800C09B
:10A060004B707047C48C01080346034A03F00F038A
:10A07000D35C01200B707047C48C010850EA0103C7
:10A0800005D13021002301201170537070472DE954
:10A09000F0478A464FF0000911464FF0CC380526AC
:10A0A0001F4C0B4610EB0A0C4CF1000CA4FB0C15DA
:10A0B00025F0030101EB9501ACEB010CB0EB0C05B5
:10A0C00008FB05F10746A5FB040E6AF1000504FB39
:10A0D00005115546714400F0010E4008AEFB06EA3A
:10A0E00040EAC1704FEA510A19461EEB0C0E0A2FC6
:10A0F0000EF1300E75F1000501F801EBD1D2881A8E
:10A100009A4281F80090C0B207D211781C7802F808
:10A11000014B03F801199A42F7D3BDE8F08700BF5D
:10A12000CDCCCCCCA2B110B40A4C013801EB420228
:10A1300091F800C04B7814F80CC0E35C023103EBDB
:10A140000C138A4200F8013FF2D15DF8044B7047CE
:10A15000704700BFD48C0108014A0378D05C704777
:10A16000D48C0108044B027841789A5C585C00EB6F
:10A170000210C0B2704700BFD48C010800B50A4A73
:10A1800043780178D35C90F803E0515C90F802C00A
:10A190001B0212F80E0003EB013312F80C201844D6
:10A1A00000EB021080B200BDD48C0108064A43784F
:10A1B0000178D35C8078515C105C1B0103EB0123B8
:10A1C000184480B2704700BFD48C0108124A43780B
:10A1D00090F800C08178D35C12F80CC0515C1B066B
:10A1E00003EB0C7390F803C003EB0153017912F8F1
:10A1F0000CC0515C03EB0C4390F805C003EB01333A
:10A20000817912F80CC0C079515C105C03EB0C230F
:10A2100003EB011318447047D48C0108014BC0B202
:10A22000185C7047B48C0108704700BF0AB10BF08E
:10A23000A9B870474AB1013A4B1E0138114413F8CE
:10A24000012F8B4200F8012FF9D1704708B5037830
:10A250002BB10130F5F7F4FF013080B208BD18468C
:10A2600008BD00BF4FF47A7202FB00F0024BA3FB63
:10A270000030800907F07CBFD34D621088B179B1FE
:10A2800003781BB915E010F8013F5BB18C4611F85B
:10A29000012B9A42F7D0981AB0FA80F04009704723
:10A2A000084670479CF80120981AB0FA80F04009DF
:10A2B00070470A78EFE700BFA2B10244431E01399C
:10A2C00002F1FF3C02E060B163450BD013F8010FCF
:10A2D00011F8012F9042F6D001D9012070474FF0BC
:10A2E000FF3070470020704710B5144658B302780D
:10A2F00002B301F1FF3C614601E0934216D011F830
:10A30000013F002BF9D1427800F1010E5AB16146AC
:10A3100001E0934212D011F8013F002BF9D11EF851
:10A32000012F002AF3D11346236010BD10F8012F2E
:10A33000002AE0D100232360002010BD00227346D4
:10A3400003F8012BF0E710680028D0D1F4E700BF34
:10A3500030B505460AB10023137005B32C78F4B16B
:10A36000002007E0DBB28B4219D215F8014F00FB49
:10A370000130B4B1A4F13003DBB2092BA4F1410CDC
:10A38000F1D9BCF1050FA4F1610EA4F13703E9D9AD
:10A39000BEF1050F03D8573CE3B28B42E5D3002052
:10A3A00030BD002AFCD00123137030BD024620B915
:10A3B000302301204A700B7070478C4630B5124D27
:10A3C0009646A5FB0240C00800EB8004A2EB4402C5
:10A3D00002F13004BEF1090F634602460CF8014B4E
:10A3E000EED80022ACEB01009942C0B28CF80020FC
:10A3F00008D20A7893F800C001F801CB03F80129CC
:10A400009942F6D330BD00BFCDCCCCCC10B50F4BAC
:10A4100082B0186E002240F0010018661C6E072101
:10A4200004F001040094009C9C6D6FF0010044F066
:10A4300080549C659B6D03F080530193019B00F059
:10A440000DFB02B0BDE8104003F060B900100240FF
:10A45000094B02689A4200D07047A3F500539A6CEA
:10A4600082B042F480529A649B6C03F4805301934F
:10A47000019B02B0704700BF0030024000000000A6
:10A4800010B500210446ACB0942207A8CDE9021112
:10A49000CDE9041106910AF075FF274B22689A4214
:10A4A00001D02CB010BD4FF000724FF0807307A8A0
:10A4B0000792219304F008F8002832D19FED1A6B1F
:10A4C0009FED1B7B09241D4B02A9DA6D1C4842F449
:10A4D0000072DA65DA6D02F400720092009ADA6CAA
:10A4E00042F00202DA64DB6C8DED026B03F00203D2
:10A4F00001938DED047B019B069401F0C1FB0022CA
:10A500000521272000F0AAFA272000F0E1FA002216
:10A510000521282000F0A2FA282000F0D9FA2CB05A
:10A5200010BDF6F7F5FDC9E70003000002000000CA
:10A53000000000000000000000A4004000100240E5
:10A540000004024208B502680A4B9A4200D008BDD6
:10A55000094A4FF44071D36D084823F40073D36562
:10A5600001F094FC272000F0C1FABDE80840282043
:10A5700000F0BCBA00A400400010024000040242F7
:10A5800010B50446A6B09422002101A80AF0FAFEF4
:10A59000114B22689A4201D026B010BD4FF480239F
:10A5A00001A8019303F090FF98B90C4B0022D86CDE
:10A5B000052140F48020D864DB6C5E2003F4802306
:10A5C0000093009B00F04AFA5E2000F081FA26B06A
:10A5D00010BDF6F79DFDE8E700080C4200100240B0
:10A5E00000B5036887B0B3F1804F0DD02E4A934277
:10A5F00038D02E4A934214D02D4A934226D02D4A69
:10A60000934244D007B000BD03F504339A6D42F085
:10A6100001029A659B6D03F001030193019B07B052
:10A6200000BD254B0022986D052140F02000986563
:10A630009B6D322003F020030393039B00F00EFA7E
:10A64000322007B05DF804EB00F042BA1A4B1A6EE4
:10A6500042F400321A661B6E03F400330493049B29
:10A6600007B000BD144B0022986D052140F010008A
:10A6700098659B6D312003F010030293029B00F05C
:10A68000EDF9312007B05DF804EB00F021BA0A4B78
:10A690001A6E42F480221A661B6E03F4802305931F
:10A6A000059B07B000BD00BF001000400014004033
:10A6B000004401400048014000100240000000003A
:10A6C00010B500210446AEB0942209A8CDE90411CA
:10A6D000CDE9061108910AF055FE2D4B22689A42E9
:10A6E00001D02EB010BD4FF4005309A8099303F018
:10A6F000EBFE00283FD19FED226B9FED237B0A22CA
:10A70000244C2548E36C04A943F00103E364E36CA3
:10A710008DED046B03F001030193019B8DED067B2E
:10A72000089201F0ADFAE36D43F40013E365E36DC5
:10A7300003F400130293029BA36DDB0018D4A36DF6
:10A7400043F08053A365A36D03F080530393039BF1
:10A7500002F0D4FFA36D23F08053A36500220521EE
:10A76000492000F07BF9492000F0B2F92EB010BD6D
:10A7700002F0C4FFF2E7F6F7CBFCBCE7AFF30080D2
:10A7800000180000020000000000000000000000AF
:10A7900000D40040001002400000024210B5014603
:10A7A00088B000222A2000F059F92A2000F090F900
:10A7B000154B01A91A6E03A842F400621A661B6EBB
:10A7C000124C03F400630293029B03F075FD03F047
:10A7D0005BFD0346002140F2E7300D4A2161A2FBF8
:10A7E0000323A1609B0C0B49E060013B20462160E4
:10A7F000636004F05FFD10B1012008B010BD204679
:10A8000004F068FB08B010BD00100240E43D0320D6
:10A8100083DE1B43002C0140FEE700BFFEE700BFC4
:10A82000FEE700BFFEE700BFFEE700BF704700BFC6
:10A83000014800F065BA00BF98250320014800F0E8
:10A840005FBA00BF30250320014800F069BE00BF99
:10A8500060270320014800F063BE00BF602703208B
:10A86000014804F027BC00BFE43D0320014804F088
:10A8700021BC00BF98240320014804F01BBC00BF8A
:10A880004C240320014801F0BFBB00BF0C2703206C
:10A89000014801F057BD00BF0C270320014804F018
:10A8A000EFB900BF00260320014804F0CDBD00BF72
:10A8B00078260320014801F0A1BF00BFD820032063
:10A8C000014800F01DBA00BFE8270320014804F04A
:10A8D00009B900BF64260320034AD2F8883043F444
:10A8E0007003C2F88830704700ED00E0254B254921
:10A8F0001A68120754BFD3F894301B688A6858BF8F
:10A90000C3F3032302F00C0248BFC3F30313082A66
:10A9100012D01D480C2A50F823300FD01B49042AAE
:10A9200008BF0B46174A1A4892681A49C2F3031225
:10A93000825CD3400B607047174BF3E7C868CA6866
:10A9400000F00301C2F30312022902F1010211D047
:10A95000032913D0B3FBF2F10A4AD368D268C3F3D8
:10A96000062301FB03F3C2F3416201325200B3FB41
:10A97000F2F3D7E70549B1FBF2F1EDE70649B1FB88
:10A98000F2F1E9E700100240D48D01080024F40040
:10A990001C8E0108EC00032080969800DFF834D06C
:10A9A000FFF79AFF002103E00B4B5B584350043143
:10A9B0000A480B4B42189A42F6D30A4A02E0002397
:10A9C00042F8043B084B9A42F9D30AF041FDF6F7EE
:10A9D00075F8FEE700000420508E010800000320F7
:10A9E0006003032060030320CC720320FEE7000015
:10A9F000042010B500F020F8FFF778FF0020FFF7E3
:10AA0000CDFE10B10124204610BD0446FFF7FEFC28
:10AA1000204610BD034A044B11681B780B44136099
:10AA2000704700BF303E0320F0000320014B186840
:10AA3000704700BF303E03204FF6FF0C064903026B
:10AA4000CA6803F4E06302EA0C02134343F0BF63F5
:10AA500043F40033CB60704700ED00E01A4B00B5C3
:10AA6000DB68C3F30223C3F1070EBEF1030F03F14A
:10AA7000030C28BF4FF0030EBCF1060F1BD9A3F146
:10AA8000040C4FF0FF3303FA0CF322EA03024FF0F9
:10AA9000FF3303FA0EF321EA030303FA0CF3134323
:10AAA0005B010028DBB209DB00F1604000F561408A
:10AAB00080F8003300BD00229446E8E7034A00F026
:10AAC0000F000244137600BD00ED00E0FCEC00E056
:10AAD000002807DB012300F01F01034A40098B40D7
:10AAE00042F82030704700BF00E100E000280CDB96
:10AAF00001220649430900F01F002033824041F83B
:10AB00002320BFF34F8FBFF36F8F704700E100E04A
:10AB1000BFF34F8F0549064BCA6802F4E062134346
:10AB2000CB60BFF34F8F00BFFDE700BF00ED00E03B
:10AB30000400FA05002836D038B5437F044603F0F8
:10AB4000FF0263B3022223796277F3B92368174ABD
:10AB50005A619A6822F018029A6062798AB1226971
:10AB60001A6101219A68656922F060022A439A609D
:10AB70009A68A56922F080022A439A6061770020D2
:10AB800038BD4FF0FF321A61EBE72046D4E90212DC
:10AB900000F00EF808B92368DFE7012038BD02771E
:10ABA000FFF756FCCEE70120704700BFB71DC10478
:10ABB000CB071AD51E2310B401E0013B17D321FAAD
:10ABC00003FC1CF0010FF8D0182A11D8DFE802F0BE
:10ABD000161010101010101024101010101010105B
:10ABE00021101010101010101400012070472AB10D
:10ABF00001205DF8044B7047062BF9D8046800204B
:10AC00006161A36823F018031343A3605DF8044B4C
:10AC10007047072BF2D9EBE70F2BEFD9E8E700BF1E
:10AC200090F825200346022A06D004225A64002206
:10AC3000012083F824207047026870B4046D106806
:10AC4000D96C20F00E00106020689E6C20F480709B
:10AC50002060106801F01C0120F00100106001224A
:10AC6000D3E91545D86D8A407260656030B1D3E98B
:10AC70001814026822F4807202604C60012283F88A
:10AC80002520002283F82420002070BC704700BFDC
:10AC900090F825200346022A03D0042201205A649A
:10ACA0007047026870B5046D1068D96C20F00E0012
:10ACB000106010689E6C20F0010010602268D86D52
:10ACC00022F4807222600122D3E9154501F01C01B3
:10ACD0008A407260656030B1D3E91814026822F4CA
:10ACE000807202604C60012000211A6C83F82500FC
:10ACF00083F824100AB118469047002070BD00BFA9
:10AD00000421F0B4C26C866C02F01C023568046841
:10AD1000914029420346276812D017F0040F0FD044
:10AD20002268170439D42268950603D4226822F0D9
:10AD3000040222601A6B716092B1F0BC1846104791
:10AD40000221914029420DD0B8070BD5226812F498
:10AD5000004F226829D0D4033CD45A6B002AECD18E
:10AD6000F0BC7047082191402942F9D03907F7D546
:10AD70002168002021F00E0121600121DC6B01FA25
:10AD800002F27260596483F8240083F82510002CC5
:10AD9000E6D018462346F0BC184771602268D603F7
:10ADA00014D4036B002BF6D1DAE7900606D42268A0
:10ADB00022F00A022260012283F825200020DA6AAC
:10ADC000716083F82400002AB7D1C9E7836B002B98
:10ADD000E1D1C5E7DA6A002AAFD1C1E790F82500D2
:10ADE000704700BF002800F0D78038B590F85C307D
:10ADF000044603F0FF02002B70D02268936923F011
:10AE000010039361FFF712FE054604E0FFF70EFE04
:10AE1000401B0A2859D823689A691107F6D49A6901
:10AE200042F001029A61FFF701FE054604E0FFF7D8
:10AE3000FDFD401B0A2848D823689A69D207F6D539
:10AE40009A696068574942F002029A610860227C60
:10AE5000012A9A690CBF22F0400242F040029A6136
:10AE6000627C012A9A690CBF42F4804222F480423B
:10AE70009A61A27C012A9A690CBF22F4805242F4A2
:10AE800080529A619A69A06822F4407202439A61E2
:10AE90009A69E16822F0A4029A611A69012922F0F4
:10AEA00010021A611FD011B302299A6976D042F0BC
:10AEB00080029A611A69032942F010021A6116D1C0
:10AEC0009A6942F020029A6111E00322236E012068
:10AED00043F00103236684F85C2038BD80F85D20D0
:10AEE000FFF7CEFA89E79A6942F004029A61D4E941
:10AEF0000612013A0139120242EA4162216AB0F5B2
:10AF0000407F01F1FF3142EA0102616901F1FF3145
:10AF100042EA0142DA610ED1D4E90B02A16A013A98
:10AF200001381201013942EA00220A43616A0139FB
:10AF300042EA0142DA60D3F8C020E06B616B024361
:10AF4000C3F8C020D3F88020174822F4F81242EA50
:10AF500001422064C3F88020D3F88020A16B134DF8
:10AF600022F0706242EA01626564C3F88020104BEF
:10AF700010494035C4E91253F033C4E914134FF4B7
:10AF8000547200210AF0FEF900230122236684F89E
:10AF90005C201846A36538BD0120704742F02002AE
:10AFA0009A61A4E700A5004000AC004070AC0040EE
:10AFB00088AD004060AE004090F85C200346013A46
:10AFC000012A05D91A6E012042F002021A66704762
:10AFD0008A6870B4D1E9035448699207D1E90061E5
:10AFE00056B942EAC56202431B6C42EA04420020A1
:10AFF00070BC43F8212070475B6C44EA457443F809
:10B000003140104303EBC103586070BC002070470F
:10B01000844690F85C00012807D0DCF860300120FD
:10B0200043F00403CCF86030704710B40198DCF8AA
:10B03000004040EA4303D4F8800043EA820242EA37
:10B04000011120F03F030B430020C4F880305DF86D
:10B05000044B704790F85C200346012A05D01A6E15
:10B06000012042F004021A667047026800209369CA
:10B0700023F400439361704790F85C200346012A53
:10B0800005D01A6E012042F004021A667047026869
:10B090000020936943F400439361704790F85C206B
:10B0A0000346012A05D01A6E012042F004021A66F6
:10B0B00070470222002110B4046880F85C20A26965
:10B0C000084622F00102A2615DF8044B1966704740
:10B0D00090F85C300146022B17D10268936943F067
:10B0E000010393619369DB0758BF0B2313D4906965
:10B0F000C00710D4013BFAD103220B6E012043F0AC
:10B1000001030B6681F85C207047036E43F008036F
:10B11000036601207047936923F0100393619369DC
:10B120001B0748BF0B2305D59069000702D5013BDB
:10B13000FAD1E1E74FF0010C10B4002493692046E6
:10B1400043F00203936181F85CC08C655DF8044BA9
:10B15000704700BF88B110B50446FFF7B9FF2268F9
:10B160002046D36D23F00303D365FFF7EBF90023EB
:10B17000236684F85C30184610BD0120704700BF7C
:10B18000F0B590F85C308646022B0BD10568D5F8F7
:10B19000C43013F4001C0BD0036E43F40073036639
:10B1A0000120F0BD036E43F0080303660120F0BDEB
:10B1B000D5F8C4604B680C6988680F68C6F301460F
:10B1C000002B37D1044344EA8744D1E90603034303
:10B1D000486906EBC6070343086A43EA0063C86888
:10B1E00043EA0043DEF8540040F8374000EBC70064
:10B1F0004360134CCB68E35CA3B19378D7781B040E
:10B2000043EA0763177804323B4312F8037C43EAAE
:10B2100007230CEB0007BB60CB680CF1040CE35C6C
:10B220009C45EAD30123B340C5F8CC300020CEF8CA
:10B230005830F0BD3C43044344F08044C5E700BFB0
:10B240002C8E01082DE9F04190F85C40022C64D16D
:10B25000402905686DD0D5F89840270764D0D5F807
:10B260009870D5F89840C7F30128E60107D5D5F8BE
:10B270008040E40544BF08F1010707F00308C46CEF
:10B2800008EBC80604EBC604266806F08046566044
:10B29000D4F800C0002E66D1CCF38A46166026682A
:10B2A00006F000569660266806F000461661A688ED
:10B2B000D661B4F806C00CF00F0CC2F80CC066687A
:10B2C00006F480165661666806F400169661E67903
:10B2D00006F07F061662274E676816F80CE04FEA04
:10B2E000D77CC2F824C0BEF1000F10D0013B04F19E
:10B2F000070EF4461EF8015FACF1060C03F8015F7F
:10B30000D568ACEB040C755D6545F2D8056840293D
:10B310002CD0C5F89C80002004E0036E43F00803A5
:10B3200003660120BDE8F081036E43F48073036679
:10B33000F7E7D5F890402707F6D0D5F89070D5F804
:10B340009040C7F30128E60107D5D5F88040A40551
:10B3500044BF08F1010707F00308846C08EBC80636
:10B3600004EBC60490E72CF0604697E7C5F894809C
:10B37000D1E700BF2C8E010803461B6830B45B6C1C
:10B38000002003F00704C3F30222C1E90042C3F323
:10B390004014C3F38012C1E90342C3F3C014C3F3E2
:10B3A000C022C1E90542C3F30034C3F3403203F0C5
:10B3B0001805C1E90742C3F38032C3F306438D6029
:10B3C000C1E9092330BC7047034630B41B68002034
:10B3D0001B6CDCB2C3F3C035C3F30622C3F30743CF
:10B3E000C1E900428D60CB6030BC704703684029E2
:10B3F0000CBFD3F89000D3F8980000F00F0070470E
:10B400000368D3F8C40000F007007047034690F8C3
:10B410005C000138012805D91A6E012042F00202B1
:10B420001A6670471B6870B411F00705986D01F03B
:10B43000380420D0C6071ED4DD6D45F00105DD655A
:10B440000CB384071FD5D86D40F00200D8650C06F8
:10B4500004D5D3F8DC001043C3F8DC00C80504D5DC
:10B46000D3F8E0000243C3F8E0205A6D002070BC1E
:10B470000A435A65704704B386071ED4DE6D46F052
:10B480000106DE6525BB11F4E07F01D04607DAD462
:10B4900011F4F05F01D00507D5D411F4604F01D04D
:10B4A000C406D0D411F4403F01D08606CBD411F4A9
:10B4B0007C0FCCD04506C6D4C9E711F4E07F0AD092
:10B4C000460708D4DE6D46F00106DE65002DB7D0D4
:10B4D000C507B5D5B7E711F4F05F01D00607F1D580
:10B4E00011F4604F01D0C606ECD511F4403F01D0F5
:10B4F0008606E7D511F47C0FE8D04606E2D5002D8C
:10B500009ED0E5E7704700BF704700BF704700BF9F
:10B51000704700BF704700BF704700BF704700BF53
:10B520002DE9F84F036804461A6D596D02EA010AC5
:10B530001A6D596D0AF4E05A02EA01091A6D596D43
:10B540001E6D02EA01085A6D1F6D16405A6DD3F840
:10B5500054B01D6D1740690609F0070908F0380856
:10B5600006F4710607F4602702D51BF0400F73D173
:10B57000EA0502D51BF4807F5DD1BAF1000F4AD1F4
:10B58000B9F1000F35D1B8F1000F3CD1AB0502D5B0
:10B590001BF4007F75D1280602D51BF0800F78D1EF
:10B5A000A90402D51BF4005F5BD12A0402D51BF469
:10B5B000004F5ED16B040AD51BF4804F07D04FF4C7
:10B5C000804223681A65236E43F0800323664FB9D7
:10B5D00026B123681E65236E33432366236E2BBB7F
:10B5E000BDE8F88F2368394620461F65F8F77AFCD6
:10B5F000EEE7236849462046C3F85090F8F7C0FBB1
:10B60000B8F1000FC2D0236841462046C3F85080ED
:10B61000FFF77AFFBAE7236851462046C3F850A0E7
:10B62000FFF770FFB9F1000FADD0E2E72046F8F761
:10B630003DFCBDE8F88F4FF4807223682046D3F8B4
:10B64000D8C0D3F8E0101A650CEA0101FFF760FFDB
:10B65000BAF1000F94D0DEE740221A65FFF75EFFD3
:10B6600086E74FF40052236820461A65FFF752FF21
:10B670009BE74FF40042236820461A65FFF74CFF12
:10B6800098E74FF40072236820461A65FFF73EFFE3
:10B6900081E7802223682046D3F8D4C0D3F8DC1099
:10B6A0001A650CEA0101F8F7E5FB79E7006E7047CF
:10B6B000064B9A6A002A01DB002070470449054ABC
:10B6C00099609A60986AC00F704700BF00200240DE
:10B6D00023016745AB89EFCD044B9A6A42F00042E3
:10B6E0009A62986AC043C00F704700BF00200240B2
:10B6F000064B986A10F0804006D00549054A19614A
:10B700001A61986AC0F38070704700BF0020024041
:10B710003B2A19087F6E5D4C054B9A6A42F08042C5
:10B720009A62986A80F08040C0F38070704700BFD2
:10B7300000200240034A0120936A43F000639362B1
:10B74000704700BF0020024070B5164C0546FFF759
:10B750006DF9236ADE0306D56A1C18BF064612D1AE
:10B76000236AD803FCD442F2FA010E4A136A0B4052
:10B7700010D1136A0020DB0744BF0123136270BDA0
:10B78000236AD903EFD5FFF751F9801BA842F7D3FD
:10B79000032070BD044C012061681362194361608D
:10B7A00070BD00BF00200240F80003202DE9F041E9
:10B7B0001A4C94F800C0BCF1010F2CD0984601231C
:10B7C0002370002307464FF47A700D4616466360D7
:10B7D000FFF7BAFF18B100232370BDE8F081A7601E
:10B7E000EFF3108272B60E4FBB6A43F00103BB62E7
:10B7F0002E60BFF36F8FC5F8048082F310884FF47A
:10B800007A70FFF7A1FFA268BB6A22F0004223EA28
:10B810000203BB62DFE70220BDE8F081F8000320ED
:10B82000002002400E4B1A6C510212D5C20703D5FC
:10B830009A6A42F004029A62830704D5084A936A1E
:10B8400043F400439362064A936A43F4803393625D
:10B8500070479A6A42F4004242F004029A62F2E7A8
:10B860000020024070B58E4D2B78012B20D0012294
:10B87000002304464FF47A702A706B60FFF764FF70
:10B8800098B92068C10700F1C480820712D4430729
:10B8900019D4030700F1AF80824A4FF47A70936A9B
:10B8A00043F400339362FFF74FFF00232B7070BD0A
:10B8B000022070BD7B4A2169136C23F0FF030B4308
:10B8C00013644307E5D5D4E9052612F0010316BF3A
:10B8D0004FF4E061194606EA010312F0020F05D0A9
:10B8E00006F4805C41F4805143EA0C0312F0040F2B
:10B8F00005D006F4005C41F4005143EA0C0312F059
:10B90000080F05D006F4804C41F4804143EA0C0353
:10B9100012F0100F05D006F4803C41F4803143EA68
:10B920000C0312F0200F05D006F4003C41F4003166
:10B9300043EA0C0312F0400F05D006F4802C41F4CA
:10B94000802143EA0C0312F0800F05D006F4002C8E
:10B9500041F4002143EA0C0312F4807F05D006F481
:10B96000801C41F4801143EA0C0312F4007F05D0DF
:10B9700006F4001C41F4001143EA0C0312F4006FBA
:10B9800005D006F0807C41F0807143EA0C0312F48C
:10B99000805F05D006F0007C41F0007143EA0C03A3
:10B9A00012F4005F05D006F0806C41F0806143EA3C
:10B9B0000C0312F4804F05D006F0006C41F00061DA
:10B9C00043EA0C0312F4004F05D006F0805C41F00E
:10B9D000805143EA0C03D20304D506F000463343FA
:10B9E00041F000412F4E326C22EA010213433364CE
:10B9F00003077FF551AFD4E90732012B48D0022B62
:10BA00007FF44AAF27498B6C03F07F0313438B64A9
:10BA100042E76368D4E90212013B072B3FF635AFDA
:10BA200001A656F823F000BF7FBA00086DBA0008DF
:10BA30008BB800085BBA00088BB800088BB8000808
:10BA40008BB8000849BA0008164EF36E23F07F1336
:10BA50000B4343EA0243F36617E7124EB36E23F03B
:10BA60007F130B4343EA0243B3660EE70D4EF36DBB
:10BA700023F07F130B4343EA0243F36505E7094EC6
:10BA8000B36D23F07F130B4343EA0243B365FCE637
:10BA900004494B6C03F07F0313434B64FCE600BF87
:10BAA000F800032000200240062243680260082BB1
:10BAB00004D84FF48B72DA40D20717D4334B1B6C87
:10BAC000DBB2AA2B05D0552B03D0CC2B0CBFCC233B
:10BAD000BB232E49C26903610B6C02F1FF3C23F0CA
:10BAE000FF03BCF1010F836118D970470722013BA6
:10BAF0000260072BE2D801A252F823F06FBB0008C6
:10BB00005BBB0008BDBA000847BB0008BDBA00080F
:10BB1000BDBA0008BDBA000833BB00080368012A9B
:10BB200043F0080303602CD08B6C23F07F03036287
:10BB30007047164AD36E03F07F038360D36EC3F35E
:10BB40000643C360BAE7114A936E03F07F03836034
:10BB5000936EC3F30643C360B0E70C4AD36D03F0A2
:10BB60007F038360D36DC3F30643C360A6E7074A30
:10BB7000936D03F07F038360936DC3F30643C3604B
:10BB80009CE74B6C23F07F03036270470020024068
:10BB90000F4B1A6C12F4800F9A6A01D0C90712D5A4
:10BBA00022F400629A620A4A936A23F47E7323F0B5
:10BBB000020343EAC00343F002039362936A43F42F
:10BBC00080339362704742F400629A62EBE700BFF1
:10BBD000002002402DE9F041274E3378012B3DD063
:10BBE0000122002304464FF47A7088463270736055
:10BBF000FFF7AAFD074660BB48F204022368B36062
:10BC000023F0004393422DD04FF0FF33C8F80030AB
:10BC1000D4E902532B449D4206D312E00135D4E906
:10BC200002321344AB420CD928466168FFF7B0FFDB
:10BC30004FF47A70FFF788FD0028EFD00746C8F868
:10BC400000500E49B2688B6A22F0004223EA0203D8
:10BC50008B62002333703846BDE8F08102273846F6
:10BC6000BDE8F0816068FFF7DDFD4FF47A70FFF703
:10BC70006BFD0746E5E700BFF80003200020024007
:10BC80002DE9F04F0C6883B0002C00F09080002369
:10BC90008946774F012202FA03F515EA040800F0FD
:10BCA00081800326D9F8041003FA02F201F0030E92
:10BCB0000EF1FF3A06FA02FCBAF1010F6FEA0C0C22
:10BCC000D9F8086076D9BEF1030F01D1012E05D055
:10BCD000C568964005EA0C052E43C66005680EFA55
:10BCE00002F205EA0C052A4311F4403F026059D0E4
:10BCF0004FF00F0C23F0030202F1804202F53D32B7
:10BD000003F00306156EF6000CFA06FC25EA0C0E8D
:10BD1000584DA84222D005F58065A84200F08C80DD
:10BD2000554DA84200F08F80DFF850C160457CD0AF
:10BD3000DFF84CC1604500F08D80DFF848C16045F8
:10BD400000F08F80DFF840C160450CBF4FF0060C5B
:10BD50004FF0070C0CFA06F64EEA060E6FEA0805DD
:10BD6000C2F860E03A68CE0254BF2A4048EA0202B4
:10BD70003A607A688E0254BF2A4048EA02027A602A
:10BD8000D7F884208E0354BF2A4048EA0202C7F83D
:10BD90008420D7F88020C90354BF2A4048EA020211
:10BDA000C7F88020013334FA03F27FF473AF03B095
:10BDB000BDE8F08F9640D0F808B00196D9F80C6035
:10BDC0000BEA0C0B06FA02FA4AEA0B0AC0F808A0C2
:10BDD000D0F804A0019E2AEA050AC1F300159D408F
:10BDE00045EA0A054560C568BEF1020F05EA0C0583
:10BDF00046EA0506C6607FF471AFD9F8105003F02B
:10BE00000706B600B54001950F254FEAD30A00EBAF
:10BE10008A0ADAF820B005FA06F6019D2BEA060B2D
:10BE200045EA0B05CAF8205058E74FF0030C0CFA0E
:10BE300006F64EEA060E91E74FF0010C0CFA06F6F4
:10BE40004EEA060E8AE74FF0020C0CFA06F64EEAAE
:10BE5000060E83E74FF0040C0CFA06F64EEA060EC7
:10BE60007CE74FF0050C0CFA06F64EEA060E75E775
:10BE700000F402400000024200080242000C0242AC
:10BE8000001002420014024200180242002900F091
:10BE900095802DE9F04F00234FF00F094FF0030A72
:10BEA000474E01229A4012EA010E69D023F00305A1
:10BEB00005F18045434F05F53D3503F00304D5F802
:10BEC00060C0E40009FA04F8B84208EA0C0C1BD080
:10BED00007F58067B84259D03B4FB8425AD03B4F24
:10BEE000B84261D03A4FB84263D0DFF8E8B0584565
:10BEF00055D0DFF8E4B058450CBF4FF0060B4FF0BB
:10BF0000070B0BFA04F400E00024A44517D1D6F87F
:10BF1000804024EA0E04C6F88040D6F8844024EA23
:10BF20000E04C6F88440746824EA0E047460346811
:10BF300024EA0E0434602C6E24EA08042C6604689B
:10BF40005D000AFA05F52C434FEAD30C046000EBC0
:10BF50008C0C03F00704DCF820E0A40009FA04F4D8
:10BF60002EEA0404CCF82040846824EA05048460A6
:10BF7000446824EA02024260C26822EA0502C26002
:10BF8000013331FA03F28CD1BDE8F08F012707FAB3
:10BF900004F4BAE74FF0020B0BFA04F4B5E74FF0E4
:10BFA000050B0BFA04F4B0E74FF0030B0BFA04F4A3
:10BFB000ABE74FF0040B0BFA04F4A6E7704700BFA1
:10BFC00000F402400000024200080242000C02425B
:10BFD0000010024200140242001802420369194094
:10BFE000081E18BF012070470AB181617047816245
:10BFF000704700BF436901EA030221EA030141EAF5
:10C0000002418161704700BF0268436B9169126809
:10C0100003B11847704700BF704700BF704700BFAB
:10C020000022016810B50B6880F842205A040CD534
:10C030000B6823F480430B6090F84130292B0ED01D
:10C0400090F841302A2B24D010BD1B04F4D50B6886
:10C0500023F400430B6090F84130292BF0D14FF0CE
:10C06000280C212380F841C0036390F8413000225E
:10C0700003EA0C03634514BF6FF0F20C6FF0420C3F
:10C080000B6803EA0C030B6080F84020FFF7C4FF45
:10C0900010BD2824222380F84140036390F84130EA
:10C0A00000222340A34214BF6FF0F4036FF0440357
:10C0B0000C6823400B6080F84020FFF7AFFF10BDF5
:10C0C000704700BF70B50468C368A169A269022BFC
:10C0D0004FEA1242A5688446E668C1F3004102F0C7
:10C0E000FE020FD182EAD51313F00603C5F309024D
:10C0F00006D1856C01358564856C022D0CD070BD30
:10C1000006F0FE020025236823F0B80323608CF8B4
:10C110004050FFF7D5FF70BD08258364E56180F8C6
:10C120004030FFF7CDFF70BD704700BF00232022D5
:10C1300010B5174C4363C462036380F8412080F854
:10C1400042304B0712D50268436A526A1A70436A3A
:10C15000028D013343624AB1438D013A013B9BB2E8
:10C160004385436C028543F004034364102400219B
:10C17000036890F8412090F841201A6822F0FE02EE
:10C180001A60DC6180F84010FFF7CEFF10BD00BFE1
:10C190000000FFFF704700BF704700BF806A08B50E
:10C1A000836B0BB100221A64C36B0BB100221A64BB
:10C1B00090F84130602B4FF0000305D0036380F806
:10C1C0004030FFF7E7FF08BD202280F8403080F8BC
:10C1D00041200363FFF7E0FF08BD00BF70B50025F5
:10C1E000554B90F8412080F84250C3624585436C1E
:10C1F000283A0B43022A43640446036833D890F874
:10C20000411090F8412001F02801282908BF46215B
:10C2100002F0280218BFF621282A0CBFC9436FF08C
:10C22000F60128201A680A4044491A6084F841003F
:10C23000A06B226B616318B1112A3ED0212A3CD039
:10C24000E06B18B1122A4ED0222A4CD094F841301B
:10C25000602B4FF0000365D02046236384F8403004
:10C26000FFF798FF70BD90F8412090F841201A68C0
:10C2700022F0FE021A609A69920748BF9D629A698D
:10C28000D60703D49A6942F001029A6194F84120DA
:10C29000602A10D0202284F841209A6995060AD598
:10C2A0009A69D00605D51022DA61626C42F0040268
:10C2B00062642022DA610021BAE71A6851042CD4A2
:10C2C000FEF78CFD0128C1D00023A06B1C4A02643C
:10C2D00084F84030FEF7DCFC0028C3D0A06BBDE83A
:10C2E0007040036C18471A68120403D51A6822F4C8
:10C2F00000421A60FEF772FD0128A7D00023E06B10
:10C300000F4A026484F84030FEF7C2FC0028A9D02E
:10C31000E06BBDE87040036C18471A6822F4804255
:10C320001A60CDE72022204684F8412084F840306E
:10C330002363FFF731FF70BD0000FFFFA5C50008B4
:10C340009DC10008036810B49A69196812F4807FCF
:10C3500002F4806408D0090626D4416C11F00B0F5A
:10C3600019D15DF8044B7047CCB10906F5D54FF4EF
:10C370008064416C920541F008014164DC61ECD5B8
:10C380004FF40071426C42F002024264D961416C88
:10C3900011F00B0FE5D05DF8044BFFF71FBF9405BC
:10C3A000DBD50A06ECD4D8E7416C41F001014164C9
:10C3B0004FF48071D961002CD9D19405CDD5DFE738
:10C3C00070B50446202603680D461968C06A94F8C3
:10C3D0004120DE61213A092A0ED8DFE802F0770514
:10C3E0000D0D0D0D0DAA7705222694F841201A682F
:10C3F00022F0FC021A6026635A68684E42F400423A
:10C400005A605A6832405A609A69920744BF0022C3
:10C410009A629A69D60703D49A6942F001029A6136
:10C420004A043BD51A6822F480421A60A26B1AB102
:10C430001268526892B262856A070AD55A6A636ABC
:10C4400025F004051A70636A01336362238D002BA3
:10C4500068D1638D9BB21BB1636C43F004036364CA
:10C46000EB0601D5CE063AD4002384F84230666C40
:10C470006363002E68D1E36A494DAB4218D194F84A
:10C4800041302046222B4FF0200384F8406084F88E
:10C490004130266376D0FFF7BFFD70BD0E04CBD5CB
:10C4A0001A6822F400421A60E26B002AC0D1C3E786
:10C4B0002046FFF7B5FD2023E562204684F8413091
:10C4C00084F840602663FFF72FFE70BD212694F8A4
:10C4D00041201A6822F0FA021A6026638CE7638D05
:10C4E0009BB2002B3ED194F84130282B4DD094F8CC
:10C4F00041202368292A4FF01002DA61B4D110F5E7
:10C50000803FB1D09A69910744BF00229A629A692C
:10C51000D20703D49A6942F001029A612046FFF7DC
:10C520007FFDA1E7013B2385638D013B9BB26385C2
:10C530008FE7002694F8412094F841201A6822F0F1
:10C54000FE021A60266357E72046616CFFF746FE3D
:10C5500094F84130282BA0D129462046BDE87040F0
:10C56000FFF7E4BD10222368DA61636C43F0040333
:10C57000636430F080737FF477AF2046616CFFF71F
:10C580002DFE71E7FFF74AFD70BDB0F1007FAED11F
:10C5900029462046FFF7CAFD66E700BF00E800FE17
:10C5A0000000FFFF38B590F840C0C56ABCF1010F2C
:10C5B00070D04FF0010C11F0200F04460B4680F8AC
:10C5C00040C002D012F0200F53D1D80617D5D106A3
:10C5D00015D5628D92B2002A5ED194F84120282AA6
:10C5E00000F0818094F841202368292A4FF010023E
:10C5F000DA6164D00023184684F8403038BD59070A
:10C6000019D4190701D510073AD49907F2D5930721
:10C61000F0D5638D9BB2002B4DD0616A236811F871
:10C62000010B228D9862638D013A013B9BB26162DE
:10C6300063852285DEE75007E3D5638D9BB26BB13E
:10C640002268636A526A1A70638D616A228D013BA7
:10C650000131013A9BB2616222856385638D9BB291
:10C66000002BC7D115F5803FC4D02046FFF7D8FC7A
:10C67000C0E7FFF7A5FE0023184684F84030BDE769
:10C6800094F8413003F02803282B28D0082223688F
:10C69000DA61AFE7022038BD10222368DA61636CEB
:10C6A00043F00403636435F08073A3D12046616CCA
:10C6B000FFF794FD9EE735F080739BD1D5E715F524
:10C6C000803F97D09A69950744BF00229A629A6981
:10C6D000D007CAD49A6942F001029A61C5E72046A0
:10C6E000FFF7F0FC86E7B5F1007F7FF47BAF1946DA
:10C6F0002046FFF71BFD7DE708490B6813F0010397
:10C700000AD1024610B40C68184624F004031343FF
:10C710005DF8044B0B607047012070470004034034
:10C72000034A0020136843F001031360704700BF01
:10C7300000040340002844D070B590F891320646BA
:10C7400003F0FF02C3B30323306886F8913203F08D
:10C750004BF83579FDB100213346324601200C46B5
:10C7600011740131A942C2E908445074D47442F8EA
:10C77000284FF5D100210A4683F850110131A94212
:10C78000C3E9582283F8512183F85321C3F8682163
:10C7900003F12803F0D1334653F8040B93E8060065
:10C7A00003F02CF801220021B37A3173934286F80A
:10C7B000912208D0002070BD80F89022FDF780FF04
:10C7C000C1E701207047304600F03EFF002070BDF9
:10C7D00090F89032012B0FD010B501230446006869
:10C7E00084F8903202F0F6FF206803F065FD002324
:10C7F00084F89032184610BD022070472DE9F84F9A
:10C800000546006803F064FD10F400442BD1430595
:10C8100000F17C8247041BD410F4005140F0938255
:10C82000C60400F1BD81040500F19284010600F107
:10C830006484820500F1CE84C30512D52A68B2F85B
:10C84000443023F480731B041B0CA2F8443008E02E
:10C850002A68B2F8443023F480431B041B0CA2F86E
:10C860004430BDE8F88F2868B0F844301904F8D592
:10C87000B0F84440A1B214F00F0436D111F0100109
:10C8800000F0E180018811F400648BB200F0AA800E
:10C8900095F85021B0F8503000EBC20212FA83F341
:10C8A000B3F80634C3F30903082BC5F86C3140F024
:10C8B0006B84B5F8562105F5267103F01DFD40F691
:10C8C0008F732A68284611880B4043F08003138039
:10C8D00008F0F8FB2868B0F844301904C1D5B0F866
:10C8E0004440A1B214F00F04C8D030F82430A7009F
:10C8F0001FFA83F81B0439D418F0800FB4D030F835
:10C9000024309BB223F4E14323F0700343F400434B
:10C9100020F824303B1905EBC302D17CDB00012950
:10C9200000F0EB80117C18F48079D2F828E04FEA0F
:10C93000C10C40F05881B0F850401CFA84F4044413
:10C94000B4F80244C4F30904744580F00381AEEBEB
:10C95000040110339162E918536A23445362D36A85
:10C960002344D36203F07AFA28687DE740F68F7398
:10C9700030F824203919134043F0800320F8243084
:10C9800005EBC10191F85C3191F85021002B40F08A
:10C990008580B0F85030D20012FA83F30344B3F824
:10C9A0000694C9F30909B9F1000F40F0E48139197F
:10C9B00005EBC103D3F86C21C9004A44C3F86C21CC
:10C9C000D3F8682122B1D3F860214A4540F2C681EC
:10C9D0003B1905EBC303284693F8501108F084FB7C
:10C9E000286889E71A047FF53FAF40F68F73028805
:10C9F000134043F08003038095F85021B0F8503085
:10CA000000EBC20212FA83F3B3F80634C3F309034E
:10CA1000C5F86C31002B00F0B480D5F86411002902
:10CA20003FF422AFB5F8562103F066FCD5F8643127
:10CA3000D5F86C21284613442146C5F8643108F026
:10CA400053FB286810E703889BB223F4E14323F0EB
:10CA5000700343F4004303802A7CB0F8503000EBAD
:10CA6000C20212FA83F3B3F802346A6AC3F3090309
:10CA70001A442846EB626A6208F040FB2B7B286868
:10CA8000002B3FF4F1AEAB6A002B7FF4EDAE2A7BB6
:10CA900042F08002A0F84C202B73E5E691F8533168
:10CAA000022B00F0508230F822309BB223F4E04396
:10CAB00023F0700343F4004343F0C00320F8223016
:10CAC00091F8503130F82320DB0012F4804FB0F899
:10CAD000502013FA82F3034443D0B3F80294C9F30D
:10CAE0000909B9F1000F3FF462AFB1F858214B4684
:10CAF000D1F8641103F000FC59E70021631C03EB3B
:10CB0000830345F83310137FDBB118F04008537CE2
:10CB100000F00A82002B40F05F82117CB0F85030A8
:10CB200000F2024010FA83F333F83120C2F3090215
:10CB300023F8312033F8312092B242F4004223F836
:10CB40003120274405EBC7072846397C08F0D6FA80
:10CB5000286889E62846C2F8289008F0CFFA2868A5
:10CB600082E6B3F80694C9F30909B9F1000F3FF45E
:10CB70001EAFB1F85A214B46D1F8641103F0BCFB4B
:10CB800015E7038823F4804323F070031B041B0C78
:10CB900083F4405343F4004343F08003038063E68F
:10CBA0002A68B2F8403023F004031B041B0CA2F8DF
:10CBB0004030B2F8403023F008031B041B0CA2F8ED
:10CBC000403095F8C832012B00F01283284608F057
:10CBD000C5FA2A68B2F8443023F480531B041B0CB6
:10CBE000A2F844303DE608F4804918F04008B0F857
:10CBF000503000F0C88000F2024818FA83F333F88E
:10CC00003130C3F3090373454AD34FF0000C537C12
:10CC1000C2F828C0002B40F0F882B0F8503018FA63
:10CC200083F333F83120C2F3090223F8312033F8BB
:10CC3000312092B242F4004223F83120B0F8503053
:10CC400000F2064212FA83F333F83120C2F30902EC
:10CC500023F8312033F8312092B242F4004223F815
:10CC600031203B1905EBC303DB7C022B0FD130F8DD
:10CC7000213023F4E04323F040031B041B0C83F01A
:10CC8000200343F4004343F0800320F8213028467A
:10CC900008F034FA2868B9F1000F3FF4E5ADCBE0B5
:10CCA000AEEB030EC2F828E0B9F1000F0FD030F858
:10CCB00021E02EF4E04E2EF0700E4FEA0E4E4FEAB9
:10CCC0001E4E4EF4404E4EF0800E20F821E007EB51
:10CCD000040E05EBCE0E9EF83490B9F1010F00F072
:10CCE000CB81274405EBC7073A7C30F8223023F488
:10CCF000E04323F040031B041B0C83F0300343F498
:10CD0000004343F0800320F82230ADE52A6828462E
:10CD1000B2F8443023F480631B041B0CA2F84430A7
:10CD200008F0FAF995F89032012B3FF49AAD0123FF
:10CD3000214628682C7385F8903203F0B7FA85F8FD
:10CD40009042BDE8F88F2A68B2F8443023F40053CB
:10CD50001B041B0CA2F84430BDE8F88FD3F8642103
:10CD600001F5A8714A4428682944C3F8642103F0F6
:10CD700075F82868C0E5B1F856214B46D1F8641122
:10CD800003F0BAFA13E600F2064A1AFA83F333F80C
:10CD90003130C3F30903734561D9C2F828803B19C8
:10CDA00005EBC3035B7C002B40F04182B0F85020C0
:10CDB00000F2024313FA82F232F83130C3F309036E
:10CDC00022F8313032F831306FEA43436FEA53438F
:10CDD0009BB222F83130B0F850201AFA82F232F8C1
:10CDE0003130C3F3090322F8313032F831306FEAC1
:10CDF00043436FEA53439BB222F831303B1905EBB2
:10CE0000C303DB7C022B0FD130F8213023F4E04345
:10CE100023F040031B041B0C83F0200343F4004366
:10CE200043F0800320F82130284608F067F928688D
:10CE3000B9F1000F7FF418AD3B1905EBC3031A7C61
:10CE400030F8223023F4E04323F070031B041B0C62
:10CE500043F4404343F0800320F8223004E5AEEB76
:10CE6000030EC2F828E0BEF1000F98D0B9F1000F10
:10CE70000FD130F821E02EF4E04E2EF0700E4FEA84
:10CE80000E4E4FEA1E4E4EF4404E4EF0800E20F8ED
:10CE900021E007EB040E05EBCE0E9EF83480B8F1CE
:10CEA000010F7FF41EAFDEF8246006EB0308CEF816
:10CEB0002480D66A06EB0309C2F82C90DEF8309085
:10CEC000DEF820209145C0F0D081A9EB0203CEF816
:10CED000303093B207EB040E05EBCE0E9EF811B086
:10CEE000BBF1000F40F0B681B0F850E01AFA8EFEA8
:10CEF0003EF83190F444C9F309092EF83190002A24
:10CF000040F0E4813EF831206FEA42426FEA52423B
:10CF100092B22EF831203A1905EBC2024146528BEB
:10CF200003F0DAF92868DCE6002B62D0012B7FF4ED
:10CF300008AEB0F85030127C00F2064010FA83F3CD
:10CF400023F83280FDE5B0F850C04FEAC20919FA63
:10CF50008CFC18F4804ED1F8683184444FD0BCF872
:10CF600002C4CCF3090C9C45E14600F24781A3EBD7
:10CF70000C03C1F868317BB930F8221021F48041EC
:10CF800021F070010904090C81F4005141F40041C1
:10CF900041F0800120F8221018F0400F0DD030F839
:10CFA000223023F4E04323F070031B041B0C43F4F2
:10CFB000004343F0C00320F82230BCF1000F3FF4DF
:10CFC000F6AC391905EBC101B1F858216346D1F827
:10CFD000641103F091F9EAE4012B7FF4B2ADB0F8EB
:10CFE0005030127C00F2024010FA83F323F8321022
:10CFF000A7E5B0F85030117C00F2064092E5BCF88D
:10D0000006C4CCF3090C9C45E14600F2FB80A3EB7F
:10D010000C03C1F868317BB930F8221021F480414B
:10D0200021F070010904090C81F4005141F4004120
:10D0300041F0800120F8221018F0400F0DD130F897
:10D04000223023F4E04323F070031B041B0C43F451
:10D05000004343F0C00320F82230BCF1000F3FF43E
:10D06000A6AC391905EBC101B1F85A216346D1F8D4
:10D07000641103F041F99AE4DEF8246006EB030939
:10D08000CEF82490D66A06EB030AC2F82CA0DEF88C
:10D0900030A0DEF820209245C0F0F980AAEB020310
:10D0A000CEF8303093B207EB040E05EBCE0E9EF8AF
:10D0B00011B0BBF1000F40F0DF80B0F850E018FA7B
:10D0C0008EFE3EF83180F444C8F309082EF8318012
:10D0D000002A40F022813EF831206FEA42426FEA96
:10D0E000524292B22EF831203A1905EBC20249465B
:10D0F000128B03F0F1F82868F3E52A68B2F844309F
:10D1000023F080031B041B0CA2F8443095F8C832AE
:10D11000002B5AD10121B2F8403028469BB243F08F
:10D120000403A2F84030B2F840309BB243F0080349
:10D13000A2F8403085F8C812B2F85430C3F38D031A
:10D1400003F03C03C5F8CC32BDE8F84F00F096BAC6
:10D150002A682846B2F840309BB243F00803A2F890
:10D160004030B2F8443023F400631B041B0CA2F8D7
:10D170004430B2F840309BB243F00403A2F8403090
:10D1800007F0DCFFFFF76DBB48F2800140F68F72BD
:10D19000038823F4804323F070031B041B0C83F4E7
:10D1A00080530B430380038823F4E04323F04003C0
:10D1B0001B041B0C83F010031943018003881340E8
:10D1C00043F080030380FFF74CBB284607F0B6FF0F
:10D1D000FFF747BB2A682846B2F8443023F40073AF
:10D1E0001B041B0CA2F8443007F092FFFFF739BB79
:10D1F000284685F8C81200F041FAE7E40023C1F898
:10D200006831B9E6C1F868E106E7012B7FF429AD82
:10D21000B0F8503000F2064218FA83F323F831C018
:10D22000B0F8503012FA83F323F831C019E5012B1E
:10D230007FF4E4AD0022B0F8503000F2024C1CFA4A
:10D2400083F323F83120B0F850301AFA83F323F82F
:10D250003120D3E5BBF1010F7FF45DAEB0F8502073
:10D260001AFA82F222F8313055E6B9F1000F15D1E1
:10D270001A468EF834902DE6BBF1010F7FF434AFDF
:10D28000B0F8502018FA82F222F831302CE7BAF1C7
:10D29000000F2AD11A468EF834A004E700229EF827
:10D2A00011B01FFA89F3CEF830208EF83420BBF18C
:10D2B000000FCFD1B0F850E04A461AFA8EFE3EF881
:10D2C0003190F444C9F309092EF831903E2A33D83D
:10D2D000BCF8001002F0010E89B20EEB520241EAD6
:10D2E000822292B2ACF8002015E600229EF811B01E
:10D2F0001FFA8AF38EF83420CEF83020BBF1000FED
:10D30000BAD15246B0F850E018FA8EFE3EF831809D
:10D31000F444C8F309082EF831803E2A1ED8BCF820
:10D32000001002F0010E89B20EEB520241EA822295
:10D3300092B2ACF80020D7E65109D206BCF8002022
:10D3400008BF01F1FF3192B242EA81226FEA424204
:10D350006FEA524292B2ACF80020DCE55109D606E1
:10D36000BCF8002008BF01F1FF3192B242EA8122ED
:10D370006FEA42426FEA524292B2ACF80020B3E642
:10D3800090F89022012A0DD010B5012204460068C1
:10D39000217384F8902202F089FF002384F89032F0
:10D3A000184610BD0220704701F0070C10B50906A1
:10D3B00004460CEB8C004FEAC00021D44FF0000E65
:10D3C00000F5A871204480F851E12144022BCB7074
:10D3D00008BF0023C2F30A0208BF0B7181F800C026
:10D3E0000A6194F89032012B13D00123206884F84D
:10D3F000903202F01DFA002384F89032184610BDD6
:10D400004FF0010E00F11001204480F811E021449A
:10D41000DCE7022010BD00BF01F0070202EB82032F
:10D42000090610B54FEAC303044616D403F5A871E4
:10D4300001440344002083F851010A7094F89032AB
:10D44000012B15D00123206884F8903202F020FCD3
:10D45000002384F89032184610BD03F110010144F6
:10D460000344012058740A7094F89032012BE9D1DA
:10D47000022010BD10B5002401F0070101EB810E60
:10D4800000EBCE0C8CF850118CF851410068CCF8B0
:10D490006421CCE95A340CF5A87102F0DFFC204677
:10D4A00010BD00BF01F0070101EB810100EBC100DD
:10D4B000D0F86C01704700BF01F0070138B501EBEF
:10D4C000810E00EBCE0C01258CF810100024614673
:10D4D0008CF834508CF811500068CCF82420CCE93A
:10D4E0000B43CCF82830103102F0B8FC204638BD90
:10D4F00010B50379044601F0070083422ED30B06D2
:10D500001AD401EB8101C90001F5A8726318A118B2
:10D51000002283F85121012308708B7094F8902227
:10D520009A4219D084F89032206802F049FE002314
:10D5300084F89032184610BD012200EB8003DB0016
:10D5400003F1100123445A740123214408708B70A5
:10D5500094F890229A42E5D1022010BD012010BD1E
:10D5600038B5027901F00F039A422FD301F0070278
:10D5700002EB8203090604464FEAC30317D403F5FE
:10D58000A871014403440025002083F851010A706A
:10D590008D7094F89032012B16D00123206884F806
:10D5A000903202F035FE84F89052284638BD03F1DF
:10D5B0001001014403440025012058740A708D7045
:10D5C00094F89032012BE8D1022038BD012038BDFB
:10D5D00090F89032012B17D0012310B50446006853
:10D5E00084F890320B0606D402F020F9002384F868
:10D5F0009032184610BD01F0070102F015F9002322
:10D6000084F89032184610BD0220704711F0800F48
:10D610000CD001F0070101EB810100EBC1001030DB
:10D6200099B262B9C18002730020704701EB810199
:10D6300000EBC10000F5A87099B2002AF2D00122D7
:10D6400083600273002070470246002310B4012457
:10D65000116882F8C8321846B1F85430C2F8D04286
:10D660009BB22343A1F85430B1F854305DF8044B19
:10D670009BB243F00203A1F854307047704700BFDB
:10D68000024B186800F4C060704700BF0070004093
:10D69000174A1368116911F4104F25D0D168090495
:10D6A00022D403F4C06383421CD01368114923F4CD
:10D6B000C063034313600B680F495B09A1FB0313AD
:10D6C0005169DB0903EB8303480503F1010305D529
:10D6D0005169013B490501D5002BF9D1044B5B6928
:10D6E0005B0503D40020704701207047032070477A
:10D6F00000700040EC000320C55A7C0A024A5368BF
:10D7000043F480635360704700700040024A93689E
:10D7100043F48043936070470070004030B51E4C66
:10D720000546A36D83B0DB0021D5FFF7A9FF30F4D8
:10D73000007315D0802D2AD82BD0A5F17003B3FA31
:10D7400083F35B0915490A6822F00F021A430A6045
:10D75000086800F00F00C01A18BF012003B030BDE8
:10D76000802DEFD9A02D8CBF02230123EAE7A36D02
:10D7700043F08053A365A36D03F080530193019B95
:10D78000FFF77EFFA36D23F08053A365CFE703234C
:10D79000D8E70223D6E700BF001002400020024075
:10D7A0002B4A9368D26813F00C0307D00C2B33D0AC
:10D7B000042B39D0082B35D000207047244A11683B
:10D7C000090754BFD2F894201268224954BFC2F30B
:10D7D0000322C2F3031251F82200002BEDD01C49A2
:10D7E000CA68CB6802F00302C3F30313022A03F1F1
:10D7F000010324D0032A19D0B0FBF3F0CB68C3F3A4
:10D80000062303FB00F0124BDB68C3F341630133D3
:10D810005B00B0FBF3F0704702F00302012ACDD0A9
:10D820000020DCE70C4870470C4870470A4AC8687B
:10D83000B2FBF3F3C0F3062003FB00F0E3E7074A73
:10D84000C868B2FBF3F3C0F3062003FB00F0DAE78D
:10D8500000100240D48D0108809698000024F40046
:10D86000002800F0DE809F4A2DE9F84313688146C6
:10D8700003F00F038B420C460CD2136823F00F0306
:10D880000B431360136803F00F038B4202D0012097
:10D89000BDE8F883D9F80030980703F0010240F1A1
:10D8A0009A80914DD9F80800A96801F0F0018842EA
:10D8B00004D9A96821F0F0010143A960002A4DD0E4
:10D8C000D9F80450884B032D00F08D80022D1B6881
:10D8D00000F0A380002D40F0A6809E07D7D5FFF76B
:10D8E0005FFF824B984205D97F4B9A6812F0F00F88
:10D8F00000F09F807C4FBB6823F003032B43BB6089
:10D90000FDF794F8BB68D9F8042003F00C03B3EBDF
:10D91000820F064618BF4FF0000819D041F2883731
:10D92000714DFDF783F8D9F80430821BBA424FEAF3
:10D93000830304D9AA6802F00C029A4277D1AA683C
:10D9400002F00C029A42ECD1B8F1000F40F08C804A
:10D95000D9F80030990707D5D9F8080062498A68D4
:10D9600002F0F002824252D85E490A6802F00F02C9
:10D97000A24209D90A6822F00F0222430A600A680B
:10D9800002F00F02A24282D15A0707D55649D9F8B0
:10D990000C008A6822F4E06202438A601B0708D503
:10D9A000514AD9F81010936823F4605343EAC10335
:10D9B0009360FFF7F5FE03464B4A4D4992684D4888
:10D9C000C2F30312895C4C4ACB4013600068BDE887
:10D9D000F843FCF7E3BE002AC6D0D9F80450424B06
:10D9E000032D7FF473AF1A6891017FF550AFD968AA
:10D9F000DA6801F00301C2F30312022902F1010205
:10DA000038D0032965D0012954D0DB6872E78A68D1
:10DA100022F0F00202438A60A6E79F033FF55FAF62
:10DA200035E70120704758057FF531AF57E70320F0
:10DA30002EE79A6822F0F00242F080029A602A4FA4
:10DA4000BB6823F003032B43BB60FCF7EFFFBB680D
:10DA5000D9F8042003F00C03B3EB820F064618BF7D
:10DA60004FF080087FF45AAF1F4A936823F0F00309
:10DA700093606DE72149DB68B1FBF2F2C3F3062343
:10DA800003FB02F218491948CB68C3F34163013321
:10DA90005B00B2FBF3F383427FF62CAF8B6813F08D
:10DAA000F00F7FF427AF8B6823F0F00343F080037F
:10DAB0008B60C4E71A68120754BFD3F894301B6810
:10DAC0000F4A54BFC3F30323C3F3031352F82320B5
:10DAD000D8E70C49DB68B1FBF2F2C3F3062303FB82
:10DAE00002F2CFE7002002400010024000B4C4045C
:10DAF0001C8E0108F4000320EC0003200024F40035
:10DB0000D48D010880969800002800F0B7832DE995
:10DB1000F041174B02689D68DE68D1060446134643
:10DB200082B005F00C0506F003063BD5002D00F091
:10DB30006A810C2D00F06481E3690D4FD3B13B681D
:10DB400043F001033B60FCF771FF80463B689A0796
:10DB500000F1CA82FCF76AFFA0EB08000228F5D9A1
:10DB60003B689B07F2D4032002B0BDE8F08100BF00
:10DB7000001002403B6823F001033B60FCF756FFB6
:10DB80003B68804699070BD5FCF750FFA0EB0800D7
:10DB9000022802D93B689A07E5D43B689B07F3D477
:10DBA00022681346D1072DD5082D00F095810C2D44
:10DBB00000F08F816368B3F5803F00F0B681B3F564
:10DBC000A02F00F005838B4F3A6822F480323A6030
:10DBD0003A6822F480223A60002B40F0AB81FCF7D7
:10DBE00025FF3B6880469A030BD5FCF71FFFA0EB8F
:10DBF0000800642802D93B689B03B4D43B689903AE
:10DC0000F3D423689A0713D5042D40F03D81794B56
:10DC10001B685B0503D5E368002B00F05881754A4B
:10DC20002169536823F0FE4343EA0163536023688C
:10DC30001A072BD56369002B00F05981A3696D4A3F
:10DC4000002B40F0D681D2F8943023F01003C2F8B4
:10DC50009430684DD5F8943043F00103C5F8943002
:10DC6000FCF7E4FED5F8943006469B070DD4FCF78C
:10DC7000DDFE801B072804D9D5F894309F077FF577
:10DC800072AFD5F894309907F1D523685D0765D553
:10DC9000584B9A6DD00000F1288101259A6D42F011
:10DCA00080529A659B6D03F080530193019B524E05
:10DCB0003368D90540F1D981A368DA0740F1508172
:10DCC0005A0740F126824B4BD3F8902042F00402D1
:10DCD000C3F89020D3F8902042F00102C3F89020BE
:10DCE000FCF7A4FE434F0646D7F890309B070FD4AD
:10DCF00041F28838FCF79AFE801B404504D9D7F8DA
:10DD000090309A077FF52FAFD7F890309B07F1D569
:10DD1000A368190640F10582364FD7F8903043F0DA
:10DD20008003C7F89030D7F8903019050FD441F22E
:10DD30008838FCF77BFE801B404504D9D7F890302B
:10DD40001A057FF510AFD7F890301B05F1D525B136
:10DD5000284A936D23F08053936523689A061FD554
:10DD6000A36A244D002B00F06381D5F8983043F06E
:10DD70000103C5F89830FCF759FED5F898300646EF
:10DD80009B070DD4FCF752FE801B022804D9D5F85E
:10DD900098309F077FF5E7AED5F898309907F1D511
:10DDA000E36A23B3134DAA6802F00C020C2A00F0B8
:10DDB000D581022B2B6823F080732B6000F0158235
:10DDC000FCF734FE2B68044699010BD5FCF72EFEB8
:10DDD000001B022803D92B689A013FF5C4AE2B68BB
:10DDE0009B01F3D4034A054BD1680B40D36000205C
:10DDF000BAE600BF0010024000700040FCFFEEFEDB
:10DE0000012E7FF499AEA64B1B689B075CD4A44BF4
:10DE1000606A1A68170756BFD3F894301B681B094D
:10DE200003F0F003984200F243819D4B1A6842F0E0
:10DE300008021A601A6822F0F00202431A605A6857
:10DE4000216A22F47F4242EA01225A60002D00F04A
:10DE5000B981FFF7A5FC0346914A92499268C2F343
:10DE60000312895C904ACB401068904A1360FCF71B
:10DE700095FC00287FF478AE2368D9071A463FF551
:10DE800096AE99077FF5D4AE0C2D00F02981E3689A
:10DE9000834D002B00F0B4802B6843F480732B601B
:10DEA000FCF7C4FD2B6806465F053FF5B8AEFCF7EE
:10DEB000BDFD801B022803D92B6859057FF553AEA1
:10DEC0002B685A05F3D5AAE6E369002B9FD1012000
:10DED0004AE6032E7FF46EAE714B1B689F0302D59A
:10DEE0006368002BF3D01346CBE70025DFE66C4DCB
:10DEF000D5F8943023F00103C5F89430FCF796FD73
:10DF0000D5F8943006469A077FF5BFAEFCF78EFD34
:10DF1000801B072804D9D5F894309B073FF523AE22
:10DF2000D5F894309F07F1D4AFE65D4A136843F407
:10DF300080331360FCF77AFD594F80463B689A03A3
:10DF40003FF55FAEFCF772FDA0EB0800642803D933
:10DF50003B689B037FF507AE3B689903F2D550E61B
:10DF60004F4ED6F8902022F00102C6F89020D6F845
:10DF7000902022F00402C6F89020002B7FF4B0AE6F
:10DF8000FCF754FDD6F89030074699070FD541F2BB
:10DF90008838FCF74BFDC01B404504D9D6F89030BB
:10DFA0009B073FF5E0ADD6F890309907F1D43C4E91
:10DFB000D6F890301A067FF5CAAED6F8903023F026
:10DFC0008003C6F89030D6F890301A057FF5BFAEC2
:10DFD00041F28838FCF72AFDC01B404504D9D6F829
:10DFE00090301B053FF5BFADD6F890301905F1D440
:10DFF000ADE6D2F8943043F01003C2F8943028E62E
:10E000002B6823F480732B60FCF710FD2B68064609
:10E010005B050BD5FCF70AFD801B022803D92B6892
:10E020005F053FF5A0AD2B685905F3D42368FFE5E4
:10E03000D5F8983023F00103C5F89830FCF7F6FCCA
:10E04000D5F8983006469A077FF5AAAEFCF7EEFCA5
:10E05000801B022804D9D5F898309B073FF583AD83
:10E06000D5F898309F07F1D49AE6336843F480736B
:10E070003360FCF7DBFC33680746DB053FF51CAE7D
:10E0800003E03368D9053FF517AEFCF7CFFCC01BA2
:10E090000228F6D93368D8057FF565ADF1E700BFF2
:10E0A000001002401C8E0108F4000320EC00032045
:10E0B000FFF734FB00287FF40AAF714B1A6842F077
:10E0C00008021A601A68616A22F0F0020A431A60B4
:10E0D0005A68216A22F47F4242EA01225A60B8E675
:10E0E000022E7FF4D4AE92E5654B1A6842F0080226
:10E0F0001A601A68616A22F0F0020A431A605A68CC
:10E10000216A22F47F4242EA01225A6022681346C1
:10E1100048E55B4AD2F8903043F00103C2F89030F2
:10E12000DEE5574FD7F8903023F08003C7F89030E2
:10E13000D7F8903019057FF50AAE41F28838FCF720
:10E1400075FC801B404504D9D7F890301A053FF57F
:10E150000AADD7F890301B05F1D4F8E5012B3FF458
:10E16000B6AEEB68226B03F0030191427FF4AFAED1
:10E17000616B03F0F0020139B2EB011F7FF4A7AE2F
:10E18000A16B03F4FE42B2EB012F7FF4A0AEE16B72
:10E1900003F07842B2EBC16F7FF499AE226C03F4C6
:10E1A000C0015208013AB1EB425F7FF490AE626C5D
:10E1B00003F0C0635208013AB3EB426F14BF012071
:10E1C0000020D1E4FFF7AAFA00283FF442AE7EE631
:10E1D00003F18043A3F53C331A6842F480221A60AD
:10E1E0001A6842F480321A60A4E6FCF71FFC2B6820
:10E1F000064699010BD5FCF719FC801B022803D9B0
:10E200002B689B013FF5AFAC2B689F01F3D41C4DED
:10E210001C4BE968226B0B40606B1343D4E90E1270
:10E2200043EA012343EAC2630138D4E910124908E2
:10E2300043EA001301395208013A43EA415343EAE1
:10E240004263EB602B6843F080732B60EB6843F014
:10E250008073EB60FCF7EAFB2B6804469A013FF5FC
:10E26000C6ADFCF7E3FB001B022803D92B689E0117
:10E270007FF579AC2B689801F3D5B8E5012070479C
:10E28000001002400C809F0108B5FFF789FA074B88
:10E2900007499A689B68C2F303128A5C0549C3F375
:10E2A000C223CB5CD040D84008BD00BF0010024064
:10E2B0001C8E0108148E01080F220E4B10B4026050
:10E2C0009A680D4C02F0030242609A6802F0F00274
:10E2D00082609A6802F4E062C2609B68DB0803F423
:10E2E000E063036123685DF8044B03F00F030B60E8
:10E2F000704700BF0010024000200240F8B50446FD
:10E3000000680F4602284ED0032845D0012848D186
:10E31000394B1B689E073ED5374D2B6823F0806331
:10E320002B60FCF783FB064604E0FCF77FFB831BB6
:10E33000022B4AD82B681901F7D4D4E90132013BEA
:10E34000100221681A01002F33D0012F2A4D45D029
:10E350002E692A4B33400B4303431343626952082F
:10E36000013A43EA42632B61234D2B6843F08063FB
:10E370002B60FCF75BFB064604E0FCF757FB831BB6
:10E38000022B27D82B681B01F7D500201A4AA16958
:10E3900013690B431361F8BD174B1B6813F4C02FAF
:10E3A000BAD10120F8BD144B1B685D05B4D401201F
:10E3B000F8E7114D124B2E6933400B43E1680343DC
:10E3C00043EAC16313432B61CEE72B681801B4D530
:10E3D0000320F8BD2B681A01FAD5D6E72E69094B40
:10E3E00033400B430343134322695208013A43EA83
:10E3F00042532B61B8E700BF001002400C80FFF9C8
:10E400000C80FF070C809FFF70B50446006802284F
:10E4100047D003283ED0012841D1294B1B689E07D5
:10E4200037D5274D2B6823F080532B60FCF7FEFA7D
:10E43000064604E0FCF7FAFA831B022B37D82B6858
:10E440009900F7D41E4D1F4B696922680B40134396
:10E45000D4E9021243EA012343EAC2636268013A43
:10E4600043EA02136B612B6843F080532B60FCF787
:10E47000DDFA064604E0FCF7D9FA831B022B1BD811
:10E480002B689B00F7D500200D4A216953690B4387
:10E49000536170BD0A4B1B6813F4C02FC1D101201A
:10E4A00070BD074B1B685D05BBD40120F8E72B68E6
:10E4B0009800C7D5032070BD2B689A00FAD5E2E713
:10E4C000001002400C80FF072DE9F0470368044666
:10E4D00013F4006582B01BD0C16E402900F03D826C
:10E4E00000F25882002900F02282202940F0588250
:10E4F0002030FFF789FF054623684DB9E16E0025FE
:10E50000B648D0F89C2022F0E0020A43C0F89C20D4
:10E51000DF0440F14F81216FB1F5007F00F01682DA
:10E5200000F23F81002900F00782B1F5807F40F0C2
:10E53000408104F12000FFF767FF07462368002FA2
:10E5400040F00282A549206FD1F89C209E0322F45E
:10E55000E06242EA0002C1F89C2000F12F81D90755
:10E5600008D59E49606BD1F8882022F0030202434F
:10E57000C1F888209A0708D59849A06BD1F888205F
:10E5800022F00C020243C1F888205E0708D59349A7
:10E59000E06BD1F8882022F030020243C1F88820D5
:10E5A000180708D58D49206CD1F8882022F0C002C8
:10E5B0000243C1F88820D90608D58849606CD1F893
:10E5C000882022F440720243C1F888209A0608D5B8
:10E5D0008249A06CD1F8882022F440620243C1F83D
:10E5E00088209E0508D57D49E06DD1F8882022F469
:10E5F00040220243C1F88820580508D57749206E8B
:10E60000D1F8882022F440120243C1F88820590230
:10E6100008D57249606ED1F8882022F44002024386
:10E62000C1F888209A010CD5A26EB2F1807F00F06B
:10E630006D81B2F1007F00F02681002A00F029816F
:10E6400001255F0608D56549E06CD1F8882022F4E1
:10E6500040520243C1F888201E0608D55F49206D4C
:10E66000D1F8882022F440420243C1F88820D8051E
:10E6700008D55A49606DD1F8882022F4403202430F
:10E68000C1F88820D90208D55449A06DD1F89C2042
:10E6900022F003020243C1F89C209A0411D54F498D
:10E6A000606FD1F88820B0F1006F22F0406242EA3A
:10E6B0000002C1F8882000F02481B0F1806F00F0E2
:10E6C00060811F031BD5A16FB1F5804F00F005815C
:10E6D0004248B1F1806FD0F8882022F0406242EACF
:10E6E0000102C0F88820D0F89C2022F48042C0F8B3
:10E6F0009C2000F05781B1F1006F00F034815E037F
:10E7000011D53649E06FD1F88820B0F1006F22F0C2
:10E71000406242EA0002C1F8882000F0D980B0F1DE
:10E72000806F00F0258158040ED52C48D4F8801055
:10E73000D0F88820B1F1805F22F0405242EA010215
:10E74000C0F8882000F0EA80D90309D52349D4F81D
:10E750008400D1F89C2022F004020243C1F89C20DE
:10E760009A0209D51D49D4F88800D1F89C2022F0DE
:10E7700018020243C1F89C20DB010ED5174AD4F8D9
:10E780008C10D2F89C30B1F5001F23F4401343EAFB
:10E790000103C2F89C3000F0AC80284602B0BDE80E
:10E7A000F087B1F5407F00F0D680B1F5806F00F0C2
:10E7B000D28001252F469E037FF5D1AE074B9A6D7F
:10E7C000D00054D54FF00008054E336843F48073F1
:10E7D0003360FCF72BF981460AE000BF00100240CD
:10E7E00000700040FCF722F9A0EB090002285BD87A
:10E7F0003368DA05F6D5002F5CD1DFF8C8A1D4F86C
:10E800009010DAF8903013F4407327D08B4225D063
:10E81000DAF89020DAF8903043F48033CAF8903078
:10E82000DAF8903023F48033CAF8903022F4407341
:10E83000CAF89030D30711D5FCF7F8F841F28839BF
:10E84000064605E0FCF7F2F8801B484500F2B3806D
:10E85000DAF890309807F5D5D4F89010594AD2F8E4
:10E86000903023F440730B43C2F8903023E09A6D4C
:10E870004FF0010842F080529A659B6D03F080537F
:10E880000193019BA0E70021201DFFF737FD0746FC
:10E890002368DFB94B49A06ED1F8882022F040727E
:10E8A0000243C1F88820CCE63368D905A3D40325F8
:10E8B0002F4600E03D462368B8F1000F3FF44FAE0D
:10E8C00040498A6D22F080528A6548E63D46B8E6A6
:10E8D000CA6842F48012CA6025E73A4AD2F89C100E
:10E8E00041F48041C2F89C10D16841F48031D1607C
:10E8F00005E72846D36843F48013D36002B0BDE82F
:10E90000F087CA6842F48012CA60DAE62D49CA6804
:10E9100042F48012CA60002FD8D1BBE70221201D2B
:10E92000FFF7ECFC2368002818BF05460CE704300D
:10E93000FFF7E4FC0546DFE5201DFFF7DFFC074697
:10E940002368002F3FF4FEAD3D4634E71D49CA68F9
:10E9500042F48032CA602F46F1E51A48C26842F498
:10E960008032C260CBE5C26842F48012C260C6E663
:10E970000121201DFFF7C2FC2368002818BF0546AF
:10E98000D1E60121201DFFF7B9FC2368002818BF3C
:10E99000054696E660293FF4B2AD80293FF4AFAD5D
:10E9A0000125B5E50121201DFFF7A8FC23680028FB
:10E9B00018BF0546A3E6DAF890309E077FF577AFDB
:10E9C0004AE700BF00100240114B10B4996B114A86
:10E9D00041F080719963996B21F0807199630368AC
:10E9E000D0E9014123430B43D0E90341234343EAE8
:10E9F000014353601368416923F4FE4343EA012352
:10EA0000136013685DF8044B43F0600313607047B4
:10EA1000001002400060004000285AD038B5437A08
:10EA2000044603F0FF02002B49D0D4E9003502214F
:10EA30004AF2B3206172284A19682A43274D21F00F
:10EA4000040119601A601D6118611A6822F0804281
:10EA50001A60FBF7EBFF054623681A6851000ED5D4
:10EA6000FBF7E4FF401B02282368F6D91A6852001E
:10EA7000F3D50122022362720120E36038BD1A68D7
:10EA800042F004021A605B68580603D504236372DF
:10EA9000012038BDFBF7CAFF054623685B68D9072C
:10EAA00011D4FBF7C3FF401B02282368F6D95A682C
:10EAB000D207F3D4042202236272E360E8E7027211
:10EAC000FBF75EFDB1E70122002362721846E360A6
:10EAD00038BD0120704700BF000DF040BC0A591737
:10EAE000704700BF026810B553680446990613D4F6
:10EAF000580605D5590723D4516821F040015160CB
:10EB0000DB0708D5136823F0080313609168637A64
:10EB10002161042B0CD110BD1023C36004232046B7
:10EB20006372F9F7B3FA6FF0600223685A6010BDA0
:10EB300001220023204662722372FFF7D1FF10BD2D
:10EB40000823E360136823F008031360E6E700BFBF
:10EB5000002300B5026883B001935368014658074B
:10EB60000AD4536823F0400353600020CB6823F09D
:10EB70000803CB6003B000BD0220136843F080435C
:10EB80001360136823F080431360019002E0136860
:10EB90005B0012D5019B013B0193019B002BF6D139
:10EBA00001224A720B72CB68084643F00203CB6025
:10EBB000F9F76CFA012003B000BD536858060CD475
:10EBC0000223019302E053685B07CED5019B013B12
:10EBD0000193019B002BF6D1E2E7536823F0400339
:10EBE0005360EDE7F8B5037A012B43D00122437A55
:10EBF00004469342DFB2027206D004231746C36074
:10EC0000002323723846F8BD0222036842725B6813
:10EC10000E46590616D4FBF709FF054623685A68C5
:10EC2000D20718D4FBF702FF401B02282368F6D94D
:10EC30005A6812F00102F2D101210223617222729C
:10EC4000E360DFE70823C360FFF782FF0128E2D11A
:10EC50002023E360D6E79A685B68226113F04003E3
:10EC600016BF08231F46E3604FF0010308BF326060
:10EC70006372C5E702273846F8BD00BF704700BF82
:10EC800030B5026804465168936885B013F0400FB0
:10EC9000C3F3801519D113F0010F2FD1980745D474
:10ECA0009D0600F19180DB050DD58D060BD500206A
:10ECB000236E43F008032366039093680393039B3A
:10ECC000236E002B5AD105B030BD13F002001AD0CC
:10ECD00008067CD413F020002CD18D06F3D594F8CF
:10ECE0005D50032D79D0256E45F004052566009012
:10ECF000D06800909068009000983AE011F0400FC2
:10ED0000CCD0C36C65E08D06DDD594F85D50032D45
:10ED100063D0256E45F0040525660090D06800900C
:10ED2000906800900098980623D515E008064ED408
:10ED30009806B8D58806C6D575B194F85D00032845
:10ED40004BD0206E40F00400206600200090D06878
:10ED50000090906800900098206E40F001002066BE
:10ED60000020029090680290106820F0400010602F
:10ED70000298DB059BD4236E002BA4D0012053689E
:10ED80008D0723F0E003536084F85D002DD05368B5
:10ED9000A06D23F00303536040B1164B0364FBF7EF
:10EDA00077FF18B1236E43F040032366606D00289F
:10EDB00089D0104B0364FBF76BFF002883D0236ED0
:10EDC00043F0400323667EE78806C5D47BE72046F0
:10EDD000236D05B0BDE83040184700230193D36888
:10EDE000019393680193019B6DE72046FFF746FF6F
:10EDF00069E700BFF9ED000808B50023806AA0F8B4
:10EE00004630C387FFF73AFF08BD00BF30B4036A3E
:10EE1000124D046AA84224F0010404620ED0104C82
:10EE2000A0420BD004F54064A04207D004F58064F2
:10EE3000A04203D004F58064A04203D1046A24F008
:10EE400004040462846923F00A0324F0F00C4CEA01
:10EE500002121943826130BC01627047002C0140EC
:10EE60000034014090F83D30012B23D1022103688A
:10EE7000164A80F83D1093421ED0B3F1804F1BD04C
:10EE8000A2F59432934217D002F58062934213D0D8
:10EE900002F5806293420FD002F5943293420BD078
:10EEA00002F54062934207D01A6842F001021A60EC
:10EEB00000207047012070479968054A0A40062AD9
:10EEC000F6D0B2F5803FEFD100207047002C014012
:10EED0000700010090F83D30012B26D10222036883
:10EEE00080F83D20DA68174942F001028B42DA606F
:10EEF0001DD0B3F1804F1AD0134A934217D002F5B8
:10EF00008062934213D002F5806293420FD002F5E3
:10EF1000943293420BD002F54062934207D01A68B4
:10EF200042F001021A600020704701207047996882
:10EF3000064A0A40062AF6D0B2F5803FEFD10020FB
:10EF4000704700BF002C0140000400400700010092
:10EF500038B590F83C30012B6AD0044602250123D5
:10EF6000006884F83C3084F83D5085684B4A2A405C
:10EF700082600A68602A6AD010D8402A5AD02CD8F9
:10EF8000202A4BD048D832F0100147D01846012231
:10EF9000002384F83D2084F83C3038BDB2F5805F12
:10EFA00013D0B2F5005F27D0702AEFD1D1E9015319
:10EFB0008268C9682B4322F47F4243EA012313434A
:10EFC0008360836843F0770383600122002384F821
:10EFD0003D2084F83C30002038BD502AD6D1CA6884
:10EFE0004968FFF713FF836823F4401323F070038D
:10EFF00043F057038360E8E78268D1E90153C968A9
:10F000002B4322F47F4243EA012313438360836846
:10F0100043F480438360D8E7302AB7D1836823F470
:10F02000401323F07003134343F007038360CCE7DE
:10F03000022038BDCA684968FFF7E8FE836823F4F8
:10F04000401323F0700343F047038360BDE7036A76
:10F05000026A4D6822F01002C9680262104A9042AA
:10F0600017D002F50062904213D0826923F0A0030A
:10F0700022F4704243EA051342EA013282610362DC
:10F08000836823F4401323F0700343F06703836025
:10F090009BE7026A22F040020262E6E78800CEFFA8
:10F0A000002C0140704700BF704700BF704700BF91
:10F0B000704700BF036870B5DE681C690546A2078B
:10F0C00001D5B1075AD4630701D5700743D421078E
:10F0D00001D532072DD4E00601D5F10616D4E2079A
:10F0E00001D5F30763D414F4025F0AD0300666D466
:10F0F000600601D5710673D4A20601D5B3064DD4BE
:10F1000070BDE205F4D5330662D4F1E76FF010016B
:10F1100008222B68284619612A77DB6913F4407F9F
:10F120006FD1FFF7BFFF2846FFF7C0FF00232B7703
:10F13000D5E76FF0080104222B68284619612A7769
:10F14000DB699B075AD1FFF7ADFF2846FFF7AEFFFB
:10F1500000232B77BFE76FF0040102222B682846BB
:10F1600019612A779B6913F4407F44D1FFF79AFF16
:10F170002846FFF79BFF00232B77A8E76FF00202DA
:10F180001A61012202779B699A0731D1FFF78AFF42
:10F190002846FFF78BFF00232B7794E76FF02002C0
:10F1A0002B682846BDE870401A6100F005B96FF081
:10F1B00001022B6828461A61F1F78EFF93E76FF47E
:10F1C00002522B6828461A6100F0F8F8E1058FD545
:10F1D0006FF480722B6828461A6100F0F1F887E717
:10F1E0006FF040022B6828461A61FFF761FF83E742
:10F1F000FFF75AFFCFE7FFF757FFBCE7FFF754FFD2
:10F20000A6E7FFF751FF91E770B4284E0368B042BC
:10F210004A698D680C6839D0B0F1804F20D0A6F5CE
:10F220009436B0421CD006F58066B04218D006F580
:10F230008066B04214D006F59436B04226D01C4EFB
:10F24000B04227D006F58066B04223D006F580662E
:10F25000B0421FD023F08003C5621A4384620CE0E1
:10F260004E6823F07003C968334323F440730B43A3
:10F2700023F08003C5621A438462012170BC0368D5
:10F2800043F0040303604161026070474E6823F05D
:10F2900070033343CE6823F440733343C56223F0D5
:10F2A000800384621A430B690363E6E7002C014084
:10F2B0000040014070B310B590F83D30044603F0B3
:10F2C000FF0213B30223214684F83D3051F8040BAA
:10F2D000FFF79AFF012384F8483084F83E3084F821
:10F2E0003F3084F8403084F8413084F8423084F86C
:10F2F000433084F8443084F8453084F8463084F84C
:10F30000473084F83D30002010BD80F83C20FBF7EA
:10F3100067F9D7E70120704790F83C20012A45D0D3
:10F320000346022070B41A68214E83F83D00B242B1
:10F3300050680D68946827D006F50066B2422CD05C
:10F3400020F070002843B2F1804F50600ED0194871
:10F3500082420BD000F58060824207D000F58060C9
:10F36000824203D000F59A30824204D1896824F0A9
:10F3700080040C4394600022012183F83C2083F830
:10F380003D10104670BC70474E6820F4700030434A
:10F3900020F0700028435060E8E74E6820F47000C9
:10F3A000304320F0700005435560DFE702207047CE
:10F3B000002C014000040040704700BF704700BFB0
:10F3C000704700BF10B4026852E8003F23F4907306
:10F3D00042E800310029F7D1144C02F1080353E848
:10F3E000003F234002F1080C4CE800310029F4D121
:10F3F000C36E012B08D0002320225DF8044BC0F817
:10F400008C204367C366704752E8003F23F0100327
:10F4100042E800310029EED052E8003F23F010030B
:10F4200042E800310029EFD1E5E700BFFEFFFFEF22
:10F43000704700BF704700BF08B5806AFFF7FAFF4A
:10F4400008BD00BF704700BF40F60F0C70B50468E0
:10F450000546E369216813EA0C0FA26829D19E06CC
:10F4600007D501F0200C02F080565CEA060C40F053
:10F47000F080E86E012800F0AC80D80200F19E8098
:10F48000180606D502F4000201F08000104340F097
:10F49000E7805A0602D54E0600F1C380180202D555
:10F4A0004A0000F10C81DB0102D50029C0F23D8148
:10F4B00070BDA348104040F0C580A24E3142D8D064
:10F4C000DE0740F1DC80CE0540F1D28001262662C5
:10F4D000D5F8906046F00106C5F890609E0740F1AF
:10F4E000C980D60740F1CB8002202062D5F8900079
:10F4F0005E0740F00400C5F8900040F1DD80042074
:10F500002062D5F8900040F00200C5F8900018077E
:10F5100000F1BD8018050AD54E0108D54FF40060F2
:10F520002062D5F8900040F02000C5F89000D5F892
:10F5300090000028BCD0980606D501F0200102F00A
:10F540008052114340F0AC80D5F89020A36802F0BF
:10F55000280203F0400353EA0206284600F0EA803E
:10F56000FFF730FFA3685B0640F1A28004F10803B7
:10F5700053E8003F23F0400304F1080141E8003262
:10F5800062B12C6804F1080353E8003F23F0400304
:10F5900004F1080141E80032002AF3D1D5F88000D7
:10F5A000002800F08580684B0364FBF771FB00289E
:10F5B0003FF47EAFD5F88000036C4EE056027FF535
:10F5C0005FAF4FF4801328462362BDE8704000F01F
:10F5D000FBB8DE067FF551AFC8067FF54EAF1022AF
:10F5E000B5F85C302262A268520640F1AF80D5F8CF
:10F5F00080000268516889B2002900F0DC809942DD
:10F6000080F0D980A5F85E10126896065CD50222BB
:10F610002A67B5F85E102846591A89B2FFF712FF1B
:10F6200070BD54E8003F23F0400344E80032002A54
:10F63000F7D1202200232846C5F88820AB67FFF7C2
:10F64000F7FE70BDDE077FF549AFCE057FF546AF0B
:10F650003CE7436F002B3FF42BAFBDE870401847E9
:10F66000AB6F002B3FF424AF2846BDE8704018472D
:10F670009E0704D45E0702D5D6073FF540AF1E07AC
:10F680007FF548AF01F0200606433FF443AF082062
:10F690002062D5F8900040F00800C5F8900039E7E6
:10F6A0006B6F002B3FF450AF284698472C684BE710
:10F6B0002846FFF7BFFE70BD1807E8D42AE72846A2
:10F6C000BDE8704000F084B854E8003F23F4807334
:10F6D00044E80032002AF7D104F1080353E8003F60
:10F6E00023F0010304F1080141E80032002AF3D1BC
:10F6F00004F1080353E8003F23F0400304F108013C
:10F7000041E80032002AF3D12023C5F88C30EA66A4
:10F7100054E8003F23F0100344E80032002AF7D1F8
:10F72000FBF77EFAB5F85C3071E72846BDE870401B
:10F7300000F04CB8FFF77EFEC5F8906070BD00BFCA
:10F74000010000102001000439F40008B5F85E1033
:10F75000B5F85E2089B292B2002A3FF4A9AE5B1AD6
:10F7600099B200293FF4A4AE54E8003F23F490730B
:10F7700044E80032002AF7D1124804F1080353E8A4
:10F78000003F034004F1080646E80032002AF4D1A5
:10F7900020236A67C5F88C30EA6654E8003F23F0FE
:10F7A000100344E80032002AF7D1022328462B67D1
:10F7B000FFF748FE70BD99427FF47AAE13689C064D
:10F7C000F3D470BDFEFFFFEF704700BF704700BF6E
:10F7D000704700BF034600224BF68071A3F8442017
:10F7E0001046A3F840107047034644F27F02B3F876
:10F7F000401000200A40A3F8402070474FF0000C52
:10F8000000B583B002AB4FF0010E03E906000346DA
:10F810006046A3F840E0A3F840C0A3F844C0A3F8B2
:10F8200050C003B000BD00BF0020704700207047EB
:10F8300070B50A78034630F8220091F803E020F40E
:10F84000EC4020F070000004000CBEF1030F00F249
:10F850000582DFE80EF0CDD0B10240F4C06048F27E
:10F86000800C40EA0C0023F8220033F8220020F438
:10F87000E04020F070000004000C10434CEA000C43
:10F8800023F822C0087B002800F0B880002033F85D
:10F8900022C02CF4E24C2CF0700C4FEA0C4C4FEAD6
:10F8A0001C4C4CF4004C4CF0800C23F822C00C890A
:10F8B000B3F8505003EBC20C640864001CFA85F5E1
:10F8C000A5F800444C89B3F85050640864001CFA51
:10F8D00085F5A5F804444C78002C40F01C8133F8E1
:10F8E000224064040DD533F8224024F4E04424F08F
:10F8F00070042404240C44F4404444F0800423F8AD
:10F90000224033F8224066060DD533F8224024F415
:10F91000E04424F070042404240C44F4004444F033
:10F92000C00423F822400D69B3F850101CFA81F18D
:10F93000B1F802440CF2064CC4F30904A1F80244E5
:10F94000002D00F030813E2D00F2658105F00104AC
:10F9500004EB5504A402A5B2B1F80244A4B22C43AE
:10F96000A1F80244B3F8501089B231F80C40C4F346
:10F97000090421F80C4031F80C40A4B22C4321F8C2
:10F980000C4048F2800433F8221021F4804121F029
:10F9900070010904090C81F44051214323F822101D
:10F9A00033F8221021F4E04121F040010904090C50
:10F9B0000C4323F8224070BD48F28005284323F809
:10F9C000220033F82200B14C80B22040104305439E
:10F9D00023F82250087B88B133F8220080B22040FF
:10F9E00040F4014040F0800023F8220000205EE750
:10F9F00040F4007033E740F4806030E70020CC88AA
:10FA00004E786408640003EBC205F6B3B3F85010F7
:10FA100015FA81F1A1F8004433F8221049060DD5FA
:10FA200033F8221021F4E04121F070010904090C9F
:10FA300041F4004141F0C00123F8221033F82210B4
:10FA4000BEF1010F21F4E04121F040014FEA0141F4
:10FA50004FEA114112D081F0200141F4004141F000
:10FA6000800123F8221070BD33F8221021F4804168
:10FA700021F070010904090C81F4005141F40041A6
:10FA800041F0800123F8221070BD0E69B3F85010C8
:10FA900015FA81F1A1F80444B3F8501015FA81F178
:10FAA000B1F80644C4F30904A1F80644002E00F09E
:10FAB00096803E2E00F29D80B1F8064406F00105C6
:10FAC000A4B205EB560544EA8524A4B2A1F8064485
:10FAD00033F822104D040DD533F8221021F4E04103
:10FAE00021F070010904090C41F4404141F080010A
:10FAF00023F82210002AB7D11A8822F4804222F07B
:10FB000070021204120C82F4405242F4004242F09D
:10FB100080021A8070BD33F822104C040DD533F8E2
:10FB2000221021F4E04121F070010904090C41F494
:10FB3000404141F0800123F8221033F82210490699
:10FB40000DD533F8221021F4E04121F070010904B1
:10FB5000090C41F4004141F0C00123F8221033F8B0
:10FB60002210BEF1010F21F4E04121F040014FEAE3
:10FB700001414FEA114118BF81F0200141F40041D9
:10FB800041F0800123F8221033F8221021F4804143
:10FB900021F070010904090C41F4004141F0800199
:10FBA00023F8221070BDB1F802446FEA44446FEAB2
:10FBB0005444A4B2A1F80244B3F85040A4B234F8BB
:10FBC0000C10C1F3090124F80C1034F80C106FEA82
:10FBD00041416FEA514189B224F80C10D1E6B1F8E5
:10FBE00006446FEA44446FEA5444A4B2A1F80644C0
:10FBF0006EE7B1F806447509F60608BF05F1FF3552
:10FC0000A4B244EA85246FEA44446FEA5444A4B29F
:10FC1000A1F806445CE76C09ED0608BF04F1FF3467
:10FC2000B1F80254A402A4B2ADB2254345F4004594
:10FC3000A1F80254B3F85050ADB235F80C10C1F32E
:10FC4000090125F80C1035F80C1021436FEA4141E9
:10FC50006FEA514189B225F80C1092E648F280040F
:10FC6000204323F8220033F8220020F4E04020F063
:10FC700070000004000C1043044323F82240087B6A
:10FC800008B1012003E60120B9E600BF8F8FFFFF16
:10FC900010B40C7B4A780B78CCB9002A00F0B58000
:10FCA00030F82320540600F1C98030F8232022F4D4
:10FCB000E04222F040021204120C42F4004242F0F0
:10FCC000800220F823205DF8044B00207047002AB2
:10FCD0004DD130F8232052040DD530F8232022F4E2
:10FCE000E04222F070021204120C42F4404242F050
:10FCF000800220F8232030F8232054060DD530F858
:10FD0000232022F4E04222F070021204120C42F48A
:10FD1000004242F0C00220F8232048F2800130F86F
:10FD200023205DF8044B22F4E04222F0700212041A
:10FD3000120C42F4004242F0C00220F8232030F8B6
:10FD4000232022F4804222F070021204120C0A4393
:10FD500020F8232030F8232022F4E04222F0400251
:10FD60001204120C114320F823100020704730F8C1
:10FD7000232051040DD530F8232022F4E04222F054
:10FD800070021204120C42F4404242F0800220F849
:10FD9000232030F8232052060DD530F8232022F4FA
:10FDA000E04222F070021204120C42F4004242F0CF
:10FDB000C00220F8232048F2800130F823205DF8AB
:10FDC000044B22F4E04222F070021204120C42F4BE
:10FDD000404242F0800220F8232030F8232022F411
:10FDE000E04222F040021204120C0A4320F82320C1
:10FDF00030F8232022F4804222F070021204120C08
:10FE0000114320F823100020704730F823205104BC
:10FE10000DD530F8232022F4E04222F070021204C3
:10FE2000120C42F4404242F0800220F8232030F8C5
:10FE3000232022F4804222F070023CE730F8232095
:10FE400022F4E04222F070021204120C42F400424A
:10FE500042F0C00220F8232027E700BF2DE9F04F31
:10FE60004B780C7B012B83B035D0ECB1CB78022BD7
:10FE700000F0FD80012B40F0878000230A788B6121
:10FE800030F8223023F4804323F070031B041B0C52
:10FE900083F4405343F4004343F0800320F82230BE
:10FEA000002003B0BDE8F08F8A690C78002A55D194
:10FEB000CB78002B40F0F98030F8243023F4E04375
:10FEC00023F070031B041B0C43F4014343F0800335
:10FED00020F82430D1E70E698A694B69B24228BF05
:10FEE000324600F58067002C00F0A880CD780C6ABF
:10FEF000022D91F800E04BD0A41A30F82E500C627D
:10FF000094B2013415F0400F92B2B0F850504FEA5D
:10FF1000540400F0D98000F2064616FA85F525F85B
:10FF20003E204D893D443CB103EB4404ED1A1A8850
:10FF30005A5302339C42FAD10A7830F8223023F423
:10FF4000E04323F040031B041B0C83F0300343F415
:10FF5000004343F0800320F82230A1E730F824303A
:10FF600023F4E24323F070031B041B0C43F400430F
:10FF700043F0800320F824300B699A427FF67DAF6E
:10FF8000D31A8B610A787BE7012003B0BDE8F08FBC
:10FF9000A64200F2024B80F0DF8030F82E50A41A07
:10FFA00025F4E04525F070052D042D0C45F40145A0
:10FFB00045F0800520F82E5030F82EC095B201355E
:10FFC0001CF0400F0C62B0F850C04FEA55051FFA04
:10FFD00082F800F2064900F08E8019FA8CFC2CF8A9
:10FFE0003E80B1F80A90B94475B19C46A9EB03096B
:10FFF00003EB450A0196BCF800602CF809600CF18F
:020000040801F1
:10000000020CD445F7D1019E1344A6424B6180F007
:10001000C880A21A0A62B0F850201BFA82F222F8B5
:100020003E800C893C44002D86D003EB4505E41A44
:100030001A881A5302339D42FAD17DE795B2CE88D1
:1000400001356D083E4492B207D003EB4505F61A20
:100050001C889C530233AB42FAD1B0F850300C7874
:1000600000F2024515FA83F323F8342064E7CB69E4
:100070000A78002B3FF404AF30F8223003F040043C
:100080005B0435D4002C7FF4FBAE30F8223023F42F
:10009000E04323F070031B041B0C43F4004343F0C4
:1000A000C00320F822300A78EAE630F8243023F43E
:1000B000E24323F070031B041B0C43F4004343F0A2
:1000C000800320F82430D8E600F2024616FA85F5BF
:1000D00025F83E200D893D44002C3FF42DAF03EB65
:1000E0004404ED1A1A885A5302339C42FAD123E78A
:1000F000002CCAD1C4E61BFA8CFC2CF83E80B1F867
:1001000008A0BA4475B19C46AAEB030A03EB450B61
:100110000196BCF800602CF80A600CF1020CDC457A
:10012000F7D1019E1344A6424B6141D2A41AB0F804
:1001300050200C6219FA82F222F83E804C893C442D
:10014000002D3FF4F9AE03EB4505E41A1A881A5363
:100150000233AB42FAD1EFE6A5B22C4630F82E209E
:10016000013422F4E24222F070021204120C42F432
:10017000004242F0800220F82E20B0F8502064089F
:100180001BFA82F222F83E500D893D443FF4D4AE72
:1001900003EB4404ED1A1A885A5302339C42FAD1F5
:1001A000CAE6A5B2013500221FFA84F86D0831E7CE
:1001B000A5B201351FFA84F86D080024B7E700BF27
:1001C0004B780A788BB130F8223023F4E04323F0E7
:1001D00040031B041B0C83F0100343F4004343F063
:1001E000800320F822300020704730F8223023F4BA
:1001F000804323F070031B041B0C83F4805343F4EF
:10020000004343F0800320F822300020704700BFF5
:100210004B780A7833B330F822305B060DD530F8CE
:10022000223023F4E04323F070031B041B0C43F43F
:10023000004343F0C00320F82230CB78012B0FD0CD
:1002400030F8223023F4E04323F040031B041B0C5E
:1002500083F0200343F4004343F0800320F822306E
:100260000020704730F822305B040DD530F8223082
:1002700023F4E04323F070031B041B0C43F44043BE
:1002800043F0800320F8223030F8223023F48043FA
:1002900023F070031B041B0C83F4405343F400430E
:1002A00043F0800320F822300020704711B98023EA
:1002B000A0F84C30002070470246B2F858300020B9
:1002C0006FEA43436FEA53439BB2A2F8583070473A
:1002D000B0F8440080B27047013302F580625B08D9
:1002E000104408D00A4601EB4301801A13881352C8
:1002F00002328A42FAD1704770B502F580625D0819
:1003000000EB020419D06FF001008E1C3246AC469F
:10031000401A2044815ABCF1010C89B24FEA112ED7
:1003200002F1020202F8041C02F803ECF2D1013DD2
:10033000023406EB450104EB4504DB0744BF238888
:100340000B7070BDD0E90023F0B4D0E90267D0E9AA
:100350000445D0E90601B1F1FF3F08BFB0F1FF3F0E
:1003600018D1B5F1FF3F08BFB4F1FF3F0FD1B7F18E
:10037000FF3F08BFB6F1FF3F0FD1F0BCB3F1FF3F25
:1003800008BFB2F1FF3F14BF0120002070470320D7
:10039000F0BC70470420F0BC70470220F0BC7047EE
:1003A00010B54FF6FD7E1F4B0446B3F8E0C000F5D4
:1003B00080330CF1FF3292B272454FEAC32008D865
:1003C0004FF47832184B03EA4C23B2FBF3F203FBF1
:1003D000020003294FF0AA324FF0AA3312D00429A9
:1003E00008D0022916D000F041FFC0B90F4B002001
:1003F0001C7010BD183000F039FF003818BF012004
:10040000400010BD103000F031FF003818BF01204F
:10041000400010BD083000F029FF0028E6D002207F
:1004200010BD00BF0005FA0B00FE1F003C3E03207C
:10043000F8B5044600F052FF002840F0BD804FF6AA
:10044000FD73634AB2F8E0C00CF1FF3291B29942F9
:1004500000F2B0804FF478355E4B03EA4C23B5FBD5
:10046000F3F503FB05F5C5F57835ED0A4FF6FD7399
:1004700091B2994212D999E04FF6FD77544E284631
:10048000012100F0F7FE0135002840F08D80B6F81C
:10049000E0C00CF1FF3293B2BB4237D84FF478334F
:1004A0004C4901EA4C21B3FBF1F301FB03F3C3F523
:1004B0007833DB0A04339D422AD2002CDCD04FF47F
:1004C0007836B6FBF1F01127EB0203F1006301FB74
:1004D000003303F5006ED3E90001B1F1FF3F08BF1F
:1004E000B0F1FF3F03F1080318BF10279E45F2D17A
:1004F000102F47D04FF6FD7391B2994205F10105D7
:10050000CCD9802D04D04FF48021DAE7802DB6D1EC
:1005100000F0E2FE4FF6FD712D4BB3F8E020531EC4
:100520009BB28B424AD84FF478302A4B022103EA1F
:100530004223B0FBF3F003FB00F0C0F57830C00AB3
:10054000FFF72EFF00283FD14FF6FD71224A204BC6
:100550001080B3F8E020531E9BB28B4236D84FF484
:1005600078331C4901EA4222B3FBF2F302FB03F3A6
:10057000C3F57833C3F3C7232021184C184A2370DE
:100580001160F8BD0121284600F074FE60B9104BDF
:100590000135B3F8E0C04FF6FD730CF1FF3291B2B4
:1005A00099427FF67BAFACE70120F8BD80234FF482
:1005B000802180E77C2559E70E20F8BD7C200221B0
:1005C000FFF7EEFE0028BFD00220F8BD7C23D3E762
:1005D0000005FA0B00FE1F003E3E03203C3E0320B8
:1005E000140103204FF6FD71224B2DE9F041B3F8C1
:1005F000E02082B0531E9BB28B4220D84FF4783556
:100600001D4B03EA4223B5FBF3F503FB05F5C5F5E6
:100610007834E40A271D05F1006606EBC420FFF7D5
:1006200091FE04284FEAC42804F102030BD09F4234
:1006300003D8052002B0BDE8F0811C46EDE7802715
:100640007C240025E7E7621C9A4206D3022120465B
:1006500000F010FE48B10120ECE708F10820284422
:10066000FFF770FE0428F1D0E3E7019000F034FEBC
:100670000198DFE70005FA0B00FE1F002DE9F047A7
:100680004FF6FD74444A454BB2F8E0101E784A1EFE
:1006900092B206F58033A24280464FEAC3234FD878
:1006A0004FF478393E4C04EA4124B9FBF4F904FBD9
:1006B00009F94B441846FFF745FE4FF47833B3FB76
:1006C000F4F304FB03F3C3F57833A6EBD32A0AF162
:1006D000010505F0030505EBD325074605F5803038
:1006E00009EBC020DC0AFFF72DFEB8F1010F12D094
:1006F000B8F1020F0AD0022F1FD0012F1BD10AF12F
:10070000030A0AF0030A0AEB040616E098B92E461B
:100710003046BDE8F087022F17D0012F0BD1214CB6
:100720002368B3F5006F08D304282BD0032130468B
:10073000FFF736FEE0B14FF0FF363046BDE8F087F8
:100740004FF000094FF48024B4E7164C2368B3F54A
:10075000006FF2D304281AD003213046FFF720FEA1
:100760000028E8D102212846FFF71AFE30B1E2E75F
:1007700001212846FFF714FE0028DCD120232E4655
:100780002360C5E7FFF72EFF0028CFD0D3E7FFF7A0
:1007900029FF0028E0D0CEE70005FA0B3C3E0320FD
:1007A00000FE1F00140103202DE9F0410746002040
:1007B0000E46FFF763FF431C6DD000F58031CC027D
:1007C0004FF6FD71354B8046B3F8E020531E9BB2C7
:1007D0008B4208D84FF47831314B03EA4223B1FB06
:1007E000F3F203FB02442046FFF7ACFD831EDBB2AD
:1007F000022B4BD82B4D04F5FF6C04F1180101E0DE
:100800008C451CD0DCE90023B3F1FF3F08BFB2F1F7
:10081000FF3FACF1080C1FFA82FEF1D0BE45EFD1CC
:10082000A86840F00100A8602B602F802C68A4B25B
:10083000B4EB124FE4D100203360BDE8F0814FF6F5
:10084000FD71164BB3F8E020531E9BB28B421FD8AC
:100850004FF47831124B03EA4223B1FBF3F103FB6F
:1008600001F1C1F57833DB0A08F10308A8EB0308AE
:1008700008F00308984408F5803301EBC3242046B0
:10088000FFF760FD831EDBB2022BB4D90720D4E74B
:1008900000217C23E8E70320BDE8F0810005FA0B86
:1008A00000FE1F00003002404FF6FD72431E9BB257
:1008B000934201D908207047002310B582B00C463E
:1008C00001A90193FFF770FF019B236002B010BDE7
:1008D00070B5064601200D46FFF7D0FE431C3AD006
:1008E0004FF6FD711D4B00F5803CB3F8E0204FEA58
:1008F000CC2C531E9BB28B4227D84FF47830184B28
:1009000003EA4223B0FBF3F003FB00F0CDB1154C3A
:10091000A36843F00103A3602560268022681204C7
:10092000114C2B46216832438C44604400F09EFCFD
:1009300078B90E4922680B880832013322600B8097
:1009400070BD002EE3D13246EAE70020002DDED153
:10095000F7E7022070BD032070BD00BF0005FA0B51
:1009600000FE1F0000300240140103203E3E032021
:100970002DE9F04F002785B0CDE90001C2F102005A
:10098000C0B214460397FFF779FE431C00F068815C
:100990002023BB4ABB4D1070BB4A06462F80136014
:1009A000002C00F042814FF6FD71B84BB3F8E02007
:1009B000531E9BB28B4200F23F814FF47833B4490F
:1009C00001EA4222B3FBF2F302FB03F31A46C3F53A
:1009D0007833DB0A0336F61A06F003061E4406F5E2
:1009E000803002EBC020FFF7ADFC022800F08680CB
:1009F000042800F08980012C40F0DB80032840F0BF
:100A0000D8809F4B2C881E789F4B4FF0000B1A68A4
:100A100004F1FC03C2EBC62C0CF1006C4FF6FD7A1E
:100A20009B4F0CF1200C1FFA83FE09E01FFA89F49A
:100A300074454FF0010B2C8002F1080200F019817F
:100A4000924BB3F8E03003F1FF381FFA88F15145BB
:100A500098BF4FF4783107EA432996BFB1FBF9F00C
:100A6000002009FB00F00CEB02010144D1E9000178
:100A7000B1F1FF3F08BFB0F1FF3F04F10109D5D14B
:100A80004146BBF1000F01D07F4802604FF6FD7771
:100A9000DFF8FC8189B204F57C7AB942DFF8EC9189
:100AA0001FFA8AFA08EA432325D84FF47830B0FBBE
:100AB000F3F003FB00F0C0F57832D20AC2F1030371
:100AC000334403F003039E1806F5803300EBC32084
:100AD000FFF738FC032804F1FC0340F0C8809CB207
:100AE00054452C8078D0B9F8E030591E89B2B9420B
:100AF00008EA4323D9D97C220020DFE704213046CD
:100B0000FFF74EFC00285ED14FF6FD715F4BB3F846
:100B1000E020531E9BB28B4200F2A6804FF4783344
:100B20005B4901EA4222B3FBF2F302FB03F31A46EC
:100B3000C3F57833DB0A06F10309A9EB030909F0D1
:100B40000309994409F5803002EBC020FFF7FAFB56
:100B5000C31EDBB2012B3AD84C4F4D4E1AE04FF476
:100B60007833B3FBF1F301FB03F31846C3F5783395
:100B7000DB0A09F10309A9EB030909F00309994408
:100B800009F5803300EBC320FFF7DCFBC31EDBB2AB
:100B9000012B1CD8032810D04FF6FD72B7F8E030B7
:100BA00006EA4321013B9BB29342D8D900207C2323
:100BB000DFE70A2005B0BDE8F08F04214846FFF7C3
:100BC000EFFB0028E8D0022005B0BDE8F08F012C33
:100BD000B5F800A03FF415AFBAF5FC7FF3D2DDE91C
:100BE0000001FFF775FE0028EDD12C88022C26D8D5
:100BF0000124009F0CE02B88B3F5FC7F2CD23046FB
:100C00000399FFF765FE0028D4D10134FB2C19D0DD
:100C1000BC42A6B2F9D0304603A9FFF7C5FD0028B3
:100C2000E9D00728F1D00320C4E70121FFF7B8FB82
:100C300000283FF4B8AEC6E700227C23CAE6023C97
:100C4000FA2CD6D90E4B02211878FFF7A9FB002801
:100C5000B9D14FF48070ADE7122005B0BDE8F08F38
:100C6000042005B0BDE8F08F00227C2363E7A24694
:100C7000B2E7054B1A60054BB3F8E030591E05E7A3
:100C80003C3E03203E3E0320140103200005FA0BE6
:100C900000FE1F002DE9F04F89B0064600F01EFB54
:100CA000002840F0D281074648F2050001244FF6A3
:100CB000FD71C04B9A6C42F480529A649B6CBE4AA0
:100CC00003F480530793079B50619368BB4823F05C
:100CD000180343F008039360B94B0470B3F8E020A5
:100CE000531E9BB28B4200F242814FF4783AB54BCF
:100CF00003EA4223BAFBF3FA03FB0AF3C3F57834A1
:100D0000E40A039304F58033049304F10408A44631
:100D1000039AAD4902F5006202EBC3224FEAC32EEB
:100D2000A2F500630B60F3E802AB9A42FAD10CF132
:100D3000010CC44502F50062F2D3039B4FF0000C96
:100D40000EEB030B5B46E1466546A3469A46CDE9AA
:100D500001CC80F800C05046FFF7F4FA421ED2B230
:100D6000012A40F20B81032807D1019BCDF808B07E
:100D7000002B08BFD946013301930BF1010BC3458A
:100D80000AF5006AE7D3002D00F064814FF6FD718B
:100D90008B4BB3F8E020531E9BB28B4200F2E481F0
:100DA000884B03EA42234FF47832B2FBF3F203FBA1
:100DB00002FBCBF578334FEAD32909F58035294674
:100DC00009F1040A4FF0030803964C46464688464C
:100DD00009F102030BEBC52501932846FFF7B2FA90
:100DE000012800F0FB800134544505F5006506F14B
:100DF0000106F2D30023039E01934FF6FD71704B61
:100E0000B3F8E020531E9BB28B4200F2A5814FF451
:100E1000783C6C4B03EA4223BCFBF3FC03FB0CFC69
:100E2000CCF57835ED0A05F58034224605F1040845
:100E30004FF000090CEBC424CA46A346039704965E
:100E40004F461646A94664465846FFF77BFA0228E5
:100E500000F09680032808BFCDF80890791C01EBBC
:100E60000509C1450F460BF5006BEDD3DDE90376AF
:100E70005346002B00F08681544D002220202B7811
:100E8000DFF854814FEAC32C0293514B4FF6FD7BA0
:100E90009646DFF82CA1DFF82C910CF1006CA8F835
:100EA0000020186008E00830B0F5006F4FF0010E28
:100EB000A8F8002000F08381BAF8E0300132591E12
:100EC0008DB25D4598BF4FF4783509EA432496BF4B
:100ED000B5FBF4F5002565430CEB00042C44D4E984
:100EE0000045B5F1FF3F08BFB4F1FF3F92B2DAD140
:100EF000BEF1000F01D0364A10604FF6FD750A466C
:100F0000DDF808A02F4CDFF8B89028E04FF47831D6
:100F1000B1FBF3F103FB01F1C1F57832D20A0AF11A
:100F200003039B1A924503F0030302F1020000F051
:100F3000B380504500F0B08003EB020A0AF5803020
:100F400001EBC020FFF7FEF9032840F01681B8F846
:100F50000030FC33A8F80030B9F8E0305A1E92B2E5
:100F6000AA4204EA4323D1D97C220021D7E7194BB6
:100F70004FF080087C2404930397C8E60135FCE613
:100F8000A94549D0022F47D0F81C00F00300304497
:100F900004EBC020FFF7D6F903287FF45FAFBAF166
:100FA000000F40F0EA80094A4FF0010A791C82F8EC
:100FB000009054E70010024000300240343E03200D
:100FC0000005FA0B00FE1F00383E03203C3E0320C4
:100FD000140103207C0001003E3E03204C4528D034
:100FE000019BA34225D006F0030040440BEBC02038
:100FF000FFF7A8F903287FF4F6AE0021744D012213
:101000000846039E2C70FFF7B3FCB0F5807F40F0DC
:10101000DD8001230193F0E6791C01F003003044E8
:1010200004EBC0200591FFF78DF90028B7D0059992
:1010300015E7B01E00F0030040440BEBC020FFF7A3
:1010400081F900287FF4CFAED7E70E27384609B0E4
:10105000BDE8F08F019B002B00F0AB80C4F10300D2
:10106000049B484400F003001844039B03EBC0209A
:10107000FFF768F904287FF489AE029BC4F10100F0
:10108000184400F0030001212044FFF789F90028EB
:101090003FF47CAE0227D9E7029D0135AD1A05F079
:1010A0000305154405F58033AA4501EBC32127D07C
:1010B000484C002E37D10121284600F0DBF80028EB
:1010C00072D14FF6FD71B4F8E020531E9BB28B42F3
:1010D0003FD84FF47831404B03EA4223B1FBF3F1A0
:1010E00003FB01F1C1F57833DB0A0135ED1A05F098
:1010F00003051D4405F58033AA4501EBC321D8D172
:1011000000F0EAF8019B002BA0D1B8F80030B3F54D
:10111000FC7F9BD201990846FFF7DAFB071E18BF38
:1011200001277F0092E74FF0110C01F50060D1E933
:101130000023B3F1FF3F08BFB2F1FF3F01F1080107
:1011400018BF4FF0100C8142F1D1BCF1100FB8D193
:10115000B1E700217C23C8E7204A4FF080087C25B6
:101160004FF0000C144663E61C494FF0800A4FF024
:101170007C094FF0000B0D4624E60A27384609B0DB
:10118000BDE8F08FEDB2029AC5F10103134403F0FC
:1011900003031D44E8B20E4D02212870FFF700F949
:1011A00000283FF46AAE75E70127384609B0BDE86C
:1011B000F08F019809B0BDE8F04FFFF739B9084B3F
:1011C0001860044BB3F8E030591E96E60C273DE753
:1011D0003C3E03200005FA0B00FE1F007C000100CE
:1011E000140103204FF6FD72431E9BB2934201D9B6
:1011F00008207047044B1B88B3F5FC7F01D2FFF732
:1012000067BB0022FFF7B4BB3E3E0320134B144ADA
:10121000196CB2F8E02011F4801F02F1FF334FF691
:10122000FD719BB20CD18B4297BF0E4B0E4B03EA64
:10123000422303F1006383428CBF012002207047E8
:101240008B4297BF074B084B03EA422303F100632D
:1012500083428CBF02200120704700BF0020024063
:101260000005FA0B00FE1F000000040801460120E3
:10127000FAF79CBA4FF6FD7C70B50026144B044675
:10128000B3F8E02086B0531E9BB200F58030634572
:101290000D4601964FEAC02008D80E4B03EA4223C0
:1012A0004FF47832B2FBF3F203FB0200FFF7AEFF1C
:1012B0000222034601A902A8CDE903340595029252
:1012C000FAF788FC003818BF012006B070BD00BFD7
:1012D0000005FA0B00FE1F00704700BFFF2300B59A
:1012E0008BB001A80293FAF7DFFB079B13F4800F82
:1012F0000CBF0E2000200BB000BD00BF38B5044667
:10130000012540230222842103F0B0FFA4F8745089
:10131000402302220421204603F0A8FF10200322CC
:101320008321A4F8B451A4F862000823204603F0F6
:101330009DFFA4F860500025D4F8C0321B68984780
:10134000D4F8BC320421C3F834522046C3F84052CA
:1013500000F0BAF9284638BD0023F0B5D0F8BC62D9
:1013600083B08DF80530ADF8063066B10B780546D0
:1013700013F0600C0C4623D0BCF1200F06D02146A0
:10138000284600F09DFD032003B0F0BDCF8891F802
:1013900001C09FB31B0654D502F1B00350F82330AF
:1013A0003A46314660469B689847E2883146072AAC
:1013B00028BF0722284600F0B7FD002003B0F0BD8B
:1013C0004B780B2BDBD801A252F823F02F14010825
:1013D000BB1301087F1301087F1301087F13010865
:1013E0007F1301087F1301087F1301087F13010891
:1013F0007F1301081B1401081114010802F1B00346
:1014000050F823303A4660469B6898470020D5E75D
:1014100090F89C32032BD0D0B1E790F89C32032B8C
:10142000ADD101220DF1050100F07EFDC5E790F878
:101430009C32032BA3D102220DF1060100F074FDB2
:10144000BBE73A46314686F800C286F8017200F0E2
:1014500083FDB2E710B5D0F8BC4284B1D0F8C032F9
:101460005BB194F80002FF2807D09B68214694F8EE
:1014700001229847FF2384F80032002010BD03208A
:1014800010BD00BF03464B2201481A80704700BFC1
:101490006801032003460A2201481A80704700BFF2
:1014A000B4010320EE2903D11223054813807047AD
:1014B00010B500242146148000F002FD204610BD26
:1014C0005401032038B5D0F8BC524DB3042904466A
:1014D00017D0022905D003F03FFFC5F824020020F1
:1014E00038BD03F039FFD4F8C432C5F82002002B10
:1014F000F5D020469B68D5F8081205F50872984784
:10150000EDE703F029FFD4F8C032C5F81C02002B28
:10151000E5D0DB68D5F8040205F507719847DEE7EA
:10152000032038BD70B5D0F8BC42ACB301EB810EDE
:1015300000EB8E05AB690A4684465BB9DCF8C03225
:101540000BB1042A18D0DCF8C4320BB1012A1ED02A
:10155000002070BDD0F8CC6206EBCE0EDEF8206025
:10156000B3FBF6FE06FB1E33002BE7D11A46AB6138
:1015700003F0DAFE0020ECE700251B69D4F8100226
:1015800004F50A71C4F8345298470020E1E70023BB
:101590000020C4F83832DCE7032070BD8A8870B5BB
:1015A0000C4605464AB9FFF7D7FE064618B1214654
:1015B000284600F085FC304670BD214628460326AB
:1015C00000F07EFCF7E700BF38B504460025842113
:1015D00003F05AFE04212046A4F8745003F054FE90
:1015E00083212046A4F8B45103F04EFED4F8BC3257
:1015F00025664BB1D4F8C0325B689847D4F8BC027A
:1016000003F0B2FEC4F8BC52002038BD10B5044649
:101610004FF4147003F0A4FE034630B12046C4F822
:10162000BC32BDE81040FFF769BEC4F8BC0202201E
:1016300010BD00BF034621B1B032002043F8221094
:1016400070470320704700BFD0F8BC0238B100EBF0
:101650008303C3F810120020C3F828227047032028
:10166000704700BFD0F8BC322BB103EB82030020DF
:10167000C3F8041270470320704700BFD0F8BC22A3
:1016800002B302EB810310B5D3F834426CB90124E4
:10169000C3F8344259B9D2F828328421D2F8102242
:1016A000836603F041FE002010BD012010BD01291A
:1016B000F9D1D2F82C328121D2F81422C36203F07E
:1016C00033FEF0E703207047D0F8BC22A2B1042912
:1016D00008B503D0022908D0002008BD4023D2F865
:1016E000042203F02DFE002008BD8023D2F808223A
:1016F00003F026FE002008BD0320704788B10023B8
:10170000C0E9B033C0F8B832C0F8C832C0F8D4323B
:1017100009B1C0F8B4120123027080F89C3203F0C2
:1017200037BD0320704700BF002310B582B0ADF86D
:10173000063061B1CB6A0446C0F8B81223B10DF18E
:1017400006009847C4F8D402002002B010BD032060
:1017500002B010BD03F07EBDD0F8B8320BB11B68EB
:1017600018470320704700BF08B5D0F8B8320BB156
:101770005B689847002008BD38B5044600F2AA25EA
:10178000284600F091FB012294F8AA12B4F8B03276
:10179000C029C4F89422C4F898320DD001F01F0378
:1017A000012B1BD0022B13D063B12046BDE838407B
:1017B00001F0800103F080BD2046BDE83840802163
:1017C00003F07ABD29462046BDE8384000F0F6B85F
:1017D00029462046BDE8384000F0C8BA29462046D0
:1017E000BDE8384000F08CBA70B5044631B91346F4
:1017F000D0F89422032A0DD0002070BD90F89C32BE
:10180000032BF9D1D0F8B8329B69002BF4D0BDE896
:1018100070401847D0E95752954208D890F89C324A
:10182000032B0ED0204600F0AFFB002070BDAD1A98
:10183000AA4228BF2A461946C0F85C5100F09AFB1C
:10184000DAE7D0F8B8321B69002BEBD09847E9E70C
:1018500070B5044649B9D0F89432022B11D094F8EF
:10186000A032012B22D0002070BD90F89C32032BB7
:10187000F9D1D0F8B8325B69002BF4D0BDE87040E4
:101880001847D0E90736B3420D4614D820D094F853
:101890009C32032B2FD08021204603F00DFD2046E3
:1018A00000F07EFB94F8A032012BDCD1002384F8F9
:1018B000A032002070BD9B1B1146C3611A4600F088
:1018C00041FB2B462A462946204603F039FDC6E750
:1018D00082699342DBD8D0F898329A42D7D20A462E
:1018E00000F030FB2B462A4629462046C4F8985281
:1018F00003F026FDB3E7D4F8B832DB68002BCAD07A
:1019000020469847C7E700BF00210122D0F8B8322F
:1019100080F89C224160C0F89412C0F8A412EBB188
:10192000D0F8BC2270B5044612B15B6803B1984789
:1019300000224025012611464023204603F096FC54
:10194000002280212B462046A4F86461C4F860512F
:1019500003F08CFC0020A684256270BD0320704734
:1019600003460020197470470346042193F89C2213
:101970000020D2B283F89D2283F89C12704700BFEA
:1019800090F89C32042B04D190F89D32DBB280F8A1
:101990009C320020704700BFD0F8B82262B108B571
:1019A00090F89C32032B01D0002008BDD369002B96
:1019B000FAD09847002008BD0320704730B50B7857
:1019C0000D4603F06003202B044683B028D0402B43
:1019D00026D05BB18021204603F06EFC002120461A
:1019E00003F06AFC0025284603B030BD4B78092B74
:1019F000F0D801A252F823F06B1A0108931A0108DB
:101A0000D5190108B11A0108D5190108B91A010838
:101A1000F31A0108D5190108291B0108331A010816
:101A200029462046D4F8B8329B6803B0BDE8304060
:101A300018478978B14D0129297000F23B8190F84F
:101A40009C32022BDAB200F01D81032A00F0FA80EA
:101A5000802103F031FC0021204603F02DFC2046BC
:101A60002978FFF781FE0325BDE790F89C32013B02
:101A7000022BAFD8CA88022AACD1D0F8A4320146D2
:101A8000003B18BF01235B0041F80C3F00F04CFA0B
:101A9000A8E790F89C32013B022B9BD84B88012B86
:101AA000A0D100232046C4F8A43200F06DFA99E7D3
:101AB0004B88012B96D1F5E78B88002B8AD1CB88F8
:101AC000002B87D14B887F2B84D890F89C22032A47
:101AD00080D0DDB2294680F89E5203F019FC2046E2
:101AE00000F052FA002D00F0FB80022384F89C32B3
:101AF00078E700216A88ADF80610130A013B062B2F
:101B00003FF668AF01A151F823F000BFBD1B0108EB
:101B1000A31B0108CD1B0108D5190108D51901081F
:101B20008D1B0108511B0108CA88012A7FF452AF9E
:101B300090F89C32022BD9B200F2B58000293FF414
:101B400049AF0146002341F8083F00F0EDF949E7AD
:101B5000037C002B7FF43EAFD0F8B8320DF10600C5
:101B60001B6B984707234370EB88002B66D0BDF8AA
:101B70000620002A3FF42EAF9A4228BF1A4601469B
:101B80002046ADF8062000F0CFF92BE7037C002BB0
:101B90007FF420AFD0F8B8320DF106005B6B9847A8
:101BA000E2E7027CD0F8B832002A40F08B809B6AD2
:101BB0000DF10600984702234370D5E7D0F8B43200
:101BC0000DF106011B68007C9847CDE7D1B20529CD
:101BD00000F28A80DFE801F026201A140E03D0F804
:101BE000B4329B69002B3FF4F5AE207C0DF1060169
:101BF0009847B9E7D0F8B4325B69002BF5D1E9E634
:101C0000D0F8B4321B69002BEFD1E3E6D0F8B43240
:101C1000DB68002BE9D1DDE6D0F8B4329B68002BFD
:101C2000E3D1D7E6D0F8B4325B68002BDDD1D1E642
:101C30000223416080F89C32FFF796FD204600F0B9
:101C4000A3F9CFE60029F3D041680129F6D0C9B243
:101C5000FFF78AFD297820466160FFF77DFD054684
:101C60000028EBD08021204603F026FB00212046EF
:101C700003F022FB20462179FFF776FD022384F84A
:101C80009C32B0E60029D9D001214160FFF764FD04
:101C90000546F0B18021204603F00EFB00212046CE
:101CA00003F00AFB9FE603297FF494AE011D00F0C8
:101CB0003BF997E6802103F0FFFA0021204603F06C
:101CC000FBFAD0E6DB6A0DF1060098470223437069
:101CD0004AE7204600F058F9032384F89C3281E655
:101CE000012384F89C327DE6D0F8B8329B6B002B40
:101CF0003FF470AE0DF10602984735E74C3E0320E5
:101D000038B50B780D465A0604460DD503F060022F
:101D1000402A09D0802103F0CFFA0021204603F0A9
:101D2000CBFA0025284638BD94F89C32013B022BA3
:101D300012D82B79022B0FD8D4F8B83229469B68D9
:101D400020469847EB880546002BEBD10028E9D1C7
:101D5000204600F019F9E5E78021204603F0ACFAAF
:101D60000021204603F0A8FADBE700BF70B50B782E
:101D70000D4603F06003202B04464CD0402B4AD084
:101D80004BB18021204603F097FA0021204603F052
:101D900093FA002070BD6B788A88012BD1B22BD0CA
:101DA000032B40D0002BECD190F89C32022BD8B200
:101DB00053D00328E5D101F00F0303EB8303120690
:101DC00004EB830358D4B3F86431002BD9D001EB72
:101DD000810504EB850505F5AA75002958D0204634
:101DE00003F082FA002859D001232B6002222946F1
:101DF000204600F099F8CCE790F89C32022BDAB23A
:101E000022D0032ABDD16B88002BC2D14E0642D10D
:101E1000204600F0B9F8D4F8B83229462046BDE88B
:101E200070409B68184790F89C32022BDAB20BD0B6
:101E3000032AA6D16B881BB94A0601D0EB887BB375
:101E4000204600F0A1F8A4E74B069AD003F034FA3C
:101E50008021204603F030FA9BE7480691D1002309
:101E600011064CBF04F1140104F5AA7102222046A8
:101E70000B6000F059F88CE79B8C002B81D001F0AF
:101E80007F05013505EB8505802904EB8505A6D185
:101E900000232B60AAE703F01BFAB9E72860A5E747
:101EA00003F00AFACCE700BF0B7803704B7843705D
:101EB0004B8843808B888380CB88C380704700BF6A
:101EC00010B50446802103F0F7F92046BDE8104024
:101ED000002103F0F1B900BF08B370B503780546DF
:101EE0000E461446E3B10130EEF7AAF9431CDBB20B
:101EF00001335B00DAB223800323327073702C78D5
:101F000064B12846022300215A1CD2B2F454B154C1
:101F100010F8014F0233DBB2002CF5D170BD7047D1
:101F200002221346E7E700BF10B5134602240A4613
:101F3000C0E906330021C0F8944203F0F5F900200F
:101F400010BD00BF8C4608B500211346624603F061
:101F5000EBF9002008BD00BF10B5134603240A4664
:101F6000C0E956330021C0F8944203F0E9F900209B
:101F700010BD00BF8C4608B500211346624603F031
:101F8000DFF9002008BD00BF002310B504241A4665
:101F90001946C0F8944203F0C7F9002010BD00BFF5
:101FA000002310B505241A461946C0F8944203F0E0
:101FB000C7F9002010BD00BF08B54FF0E0231B6932
:101FC00001F0E2FE012800D108BDBDE8084002F0A2
:101FD0002FBC00BF08B5EFF3058313B16FF0050008
:101FE00008BD01F0D1FE012807D0EFF31083002BCC
:101FF000F4D1EFF31183002BF0D101F0C5FE0128DD
:10200000034604D1034A106808B9136008BD4FF0B5
:10201000FF3008BDA84B0320EFF3058313B16FF029
:102020000500704710B501F0AFFE012809D0EFF3AD
:10203000108313B16FF0050010BDEFF31183002B77
:10204000F8D101F0A1FE01280CD1084B1A68012A31
:1020500008D1002402220649CC771A6001F092FBD5
:10206000204610BD4FF0FF3010BD00BFA84B03202D
:1020700000ED00E0F0B5002587B014460595EFF3BC
:10208000058212B1002007B0F0BD07460E4601F0F0
:102090007BFE012809D0EFF3108313B1059807B038
:1020A000F0BDEFF31183002BF8D1002FF6D00CB365
:1020B000A569DDB918256368DB07E3D463693BB321
:1020C0009A08A068D4F800C0E16820B3AB29E5D92C
:1020D00021690029E2D0002BE0D0CDE90110334680
:1020E00061463846009501F069F9CCE76B1E372B45
:1020F000E1D9C7E74FF480721825214605AC334675
:1021000038460095019401F08DF90128BAD1C5E750
:102110004FF48072D5E70029C0D12369002BBDD1CF
:10212000644692B2E9E700BF01F028BE38B5EFF38C
:10213000058313B16FF0050038BD04460D4601F06C
:1021400023FE012807D0EFF31083002BF2D1EFF329
:102150001183002BEED144B16B1E372B05D82046DE
:10216000294601F0ABFA002038BD6FF0030038BDFE
:10217000EFF3058313B16FF00500704710B5044607
:1021800001F002FE012809D0EFF3108313B16FF0C4
:10219000050010BDEFF31183002BF8D10CB900201E
:1021A00010BD204601F022FAF9E700BF4FF480731A
:1021B00030B4034D034C05600C60136030BC7047B5
:1021C000FC4A0320FC4603204FF4007330B4034D57
:1021D000034C05600C60136030BC70475046032010
:1021E000503E03204FF0FF31002200F10803C0E908
:1021F0000131C0E903330260704700BF002303616F
:10220000704700BF4268036810B494680133C1E9A5
:102210000124616091605DF8044B086103607047C0
:1022200030B40D686B1C10D000F108031C465B68CD
:102230001A68AA42FAD902684B60013299608C6030
:102240006160086130BC0260704704696368F2E74E
:10225000036910B4D0E901125C688A605160002102
:10226000844208BF5A601A680161013A1A6018680E
:102270005DF8044B704700BF70B51646026C04460B
:10228000856B2AB9066801354EB31046A56370BD4B
:102290008EB9406803F002F96368216CA2680B44B0
:1022A0009342636028BF236805F1010528BF63607E
:1022B0000020A56370BDC06803F0F0F8226CE368ED
:1022C00051429B1A2268E360934202D2A3680B44F6
:1022D000E360022E08D001350020A56370BD806840
:1022E00001F0AAFDA660D1E7012D38BF0125DFE787
:1022F00070B5054602F07AFA95F845305CB2002CCC
:1023000014DD05F1240603E0631EDAB25CB26AB1A3
:102310006B6A5BB1304601F069FB0028F4D001F034
:102320002BFC631EDAB25CB2002AF1D1FF2385F8E0
:10233000453002F069FA02F059FA95F844305CB27F
:10234000002C14DD05F1100603E0631EDAB25CB266
:102350006AB12B695BB1304601F048FB0028F4D02C
:1023600001F00AFC631EDAB25CB2002AF1D1FF234D
:1023700085F84430BDE8704002F046BA70B568B3E5
:10238000C56B0446F5B1026CA2FB0525D5B90E4616
:1023900002F02CFAD4E90F30FF2100FB03F322688E
:1023A000181A626013440244A563C4E9023284F837
:1023B000441084F8451046B9236993B902F024FA11
:1023C000012070BD02F066FBFEE704F11000FFF78C
:1023D00009FF04F12400FFF705FFEFE702F05AFBC5
:1023E000FEE704F1100001F001FB0028E6D002F046
:1023F000F1F9E3E770B582B09DF8186033B3054694
:1024000050B11C465AB139B150230193019B502B56
:102410000DD002F03FFBFEE702F03CFBFEE7002997
:10242000FAD150230193019B502BF2D12246C4E9EB
:102430000F5101212046226084F84610019BFFF7CE
:102440009DFF204684F84C6002B070BD02F022FB74
:10245000FEE700BFF0B585B00192002800F087804C
:1024600004460E461D46002961D0022D02D1E36BC1
:10247000012B6FD101F088FC00284ED002F0B6F994
:10248000A26BE36B9A4258D3022D56D00020074628
:102490000DE002F0B9F92046FFF72AFF01F0CAF972
:1024A00002F0A4F9A26BE36B01209A4245D3019B91
:1024B000002B5FD0002836D002F0A6F901F0B2F967
:1024C00002F094F994F84430FF2B08BF84F844706C
:1024D00094F84500FF2808BF84F8457002F094F98D
:1024E00001A902A801F010FB002848D102F07EF9F2
:1024F000A26BE36B9A42CCD102F086F9019904F108
:10250000100001F033FA2046FFF7F2FE01F092F9D5
:102510000028C5D102F05EF9C2E7019B002BADD0C7
:1025200002F0B8FAFEE702A801F0E2FAC4E7036C91
:10253000002B9AD002F0AEFAFEE72A46314620463A
:10254000FFF79AFE636A5BB938B902F05DF90120C2
:1025500005B0F0BD02F09EFAFEE702F03BF9F4E7A9
:1025600004F1240001F042FA0028EED0F5E702F071
:1025700091FAFEE702F048F9002005B0F0BD2046D0
:10258000FFF7B6FE01F056F9F6E700BF70B582B06E
:1025900011B350230193019B502B1AD10C460026F6
:1025A00001210546C4E90F1684F846102046246030
:1025B000019BFFF7E3FE334632463146204684F85E
:1025C0004C50A6602660E660FFF744FF204602B04C
:1025D00070BD02F05FFAFEE702F05CFAFEE700BFB2
:1025E000F0B585B0019200286BD004460E46002954
:1025F0005BD001F0C9FB00285DD002F0F7F8A56BB5
:10260000002D61D1019B002B42D002A801F070FA8D
:102610002F4602F0F9F801F005F902F0E7F894F816
:102620004430FF2B08BF84F8447094F84530FF2BEA
:1026300008BF84F8457002F0E7F801A902A801F08C
:1026400063FA98B902F0D2F8A36B33BB02F0DCF85E
:10265000019904F1240001F089F92046FFF748FEB2
:1026600001F0E8F868B902F0B5F80AE02046FFF793
:102670003FFE01F0DFF802F0B9F8A36B43B102F0BE
:10268000C3F802F0B3F8A56BF5B9019B002BC0D1DC
:1026900002F0BAF8002005B0F0BD02F0B5F820460F
:1026A000FFF726FE01F0C6F8EBE7036C002BA0D085
:1026B00002F0F0F9FEE7019B002B9ED002F0EAF950
:1026C000FEE702F0E7F9FEE7226C5AB1E168A36881
:1026D00011449942E16028BF2168304628BFE1607B
:1026E00002F0DCFE013DA56323691BB902F08CF802
:1026F0000120D0E704F1100001F078F90028F5D0AE
:1027000002F068F8F2E700BFF0B585B0019100284B
:1027100078D0036C0446002B3FD101F035FB10B993
:10272000019B002B6BD102F061F8A56B002D7AD1D3
:10273000019B002B60D002A801F0DAF92E462F464B
:1027400002F062F801F06EF802F050F894F84430AC
:10275000FF2B08BF84F8447094F84530FF2B08BF66
:1027600084F8457002F050F801A902A801F0CCF9F4
:10277000B0B902F03BF8A36B23B302F045F8204652
:10278000FFF7B6FD01F056F802F030F8A56B002D0A
:1027900049D1019B002BD3D12EE002F07BF9FEE75B
:1027A0002046FFF7A5FD01F045F802F01FF8A36BE6
:1027B0002BB902F029F8C6B9002005B0F0BD02F02F
:1027C00023F8E1E702F020F823681BB3019904F134
:1027D000240001F0CBF82046FFF78AFD01F02AF82B
:1027E0000028D1D101F0F6FFCEE701F0FFFF616ACA
:1027F00059B9A06801F068FB02F006F8DCE702F0C6
:1028000049F9FEE702F046F9FEE7236B1968C1F1CA
:102810003801EEE701F0EAFFA06801F0C5FA0646CC
:1028200001F0F2FFD2E72368013DA56373B123698C
:102830001BB901F0E9FF0120BFE704F1100001F02E
:10284000D5F80028F5D001F0C5FFF2E701F08AFBCA
:10285000A060ECE738B500B3A1B1124C6268234622
:1028600082421DD0A44600221D68013208337DB18A
:10287000082A07D05D689C46A842F5D104EBC20C3B
:10288000CCE9001038BD5D68A842F7D001320833AA
:10289000082AF8D1CCE90010F4E702F0FBF8FEE7D3
:1028A0000022EBE7B04B032070B504460E461546F8
:1028B00001F09CFF94F84430FF2B04BF002384F800
:1028C000443094F84530FF2B04BF002384F8453092
:1028D00001F09AFFA36B23B12046BDE87040FFF7DB
:1028E00007BD04F124002A46314601F053F8204682
:1028F000BDE87040FFF7FCBC2DE9F8431C46836837
:102900001646A3EB04089045474628BF1746E21930
:10291000934202D202F0BEF8FEE7054680693A46CD
:102920002044894602F0BAFDB0450BD2AB68F21BD9
:102930009A4202D902F0AEF8FEE7A86909EB070156
:1029400002F0ACFDAB68A019984228BFC01ABDE8E0
:10295000F88300BF2DE9F0411C460B4681681546FF
:10296000A1EB04089045474628BF1746E21991425B
:1029700002D202F08FF8FEE7816906463A46184611
:10298000214402F08BFDA84506D3B3686019984234
:1029900028BFC01ABDE8F081B1693844EA1B02F0D3
:1029A0007DFDF2E7F0B51646027F1C46D2070546CC
:1029B0000F46036883B006D4B44228BF34467CB9BE
:1029C000204603B0F0BD04220DEB0201FFF7C2FF69
:1029D000019A034696420CD20024204603B0F0BD73
:1029E000224639462846FFF7B5FF2860204603B047
:1029F000F0BD1646043CDFE7F0B51646027F1C46E4
:102A0000D20705460F46436883B007D5089A01965A
:102A1000944211D20024204603B0F0BDB44228BF36
:102A20003446002CF7D0224639462846FFF764FF8B
:102A30006860204603B0F0BD04220DEB0201FFF7F1
:102A40005BFF34460346002CE5D0ECE72DE9F0416E
:102A500082B0CBB11D46089BE3B1814204460E46CD
:102A60000FD8002A0CBF4FF002084FF003080428CB
:102A70000DD924230193019F9F420ED002F00AF842
:102A8000FEE702F007F8FEE702F004F8FEE702F0C6
:102A900001F8FEE701F0FEFFFEE702465521284659
:102AA00002F070FC854202D001F0F4FFFEE73A46E6
:102AB0000021089802F066FC089B012E38BF012611
:102AC00018469D619C6083F81C80DE6002B0BDE802
:102AD000F08100BF38B568B1856802680168446854
:102AE00003689A42F9D168180138001B854298BFE3
:102AF000401B38BD01F0CEFFFEE700BF08B540B176
:102B0000826843680168D018401A824298BF801AD0
:102B100008BD01F0BFFFFEE72DE9F04387B0039346
:102B2000002900F084800446002800F08380037FA1
:102B30008568DB0717460E4605F1FF325ED4BA42C0
:102B400028BF3A469046039B002B33D004A800F0E0
:102B5000B9FF01F04BFEA168206825686268236810
:102B60009842F9D10D44013DAD1AA94298BF6D1AA2
:102B7000A84565D90021084601F01CFCD4F8149042
:102B8000B9F1000F5FD101F0F9F8606101F03CFE8E
:102B9000039A494600924B464A46484601F024FAB9
:102BA00003A904A8C4F8149000F0AEFF0028D0D008
:102BB0005DB9A56822682168606823689A42F9D1E6
:102BC0004B1E1B1A5D1938BF1D462B463A4631462F
:102BD0002046CDF80080FFF70FFF054650B1A268F0
:102BE0006368216813445B1A9A4298BF9B1AE26893
:102BF0009A420CD9284607B0BDE8F08307F10408D3
:102C000047451AD242459ED200230393D2E700F0F3
:102C100009FE236943B10026206933463246314616
:102C2000009601F02DFA266100F004FEE2E701F0C3
:102C300031FFFEE701F02EFFFEE701F02BFFFEE77C
:102C400001F0E2FDB4E701F025FFFEE7F0B583B047
:102C5000002942D00446002842D01F4690F81CC0EC
:102C6000D0F808E00CF0010C02EB8C0C256826680B
:102C7000636820688542F9D17644013EF31A9E4587
:102C8000204698BFA3EB0E03CDF800C0FFF7B4FEBB
:102C9000054650B1A2686368216813445B1A9A42E2
:102CA00098BF9B1AE2689A4202D9284603B0F0BD49
:102CB00001F0F0FE236906464BB120690197002719
:102CC0003B463A463946009701F05AFA27613046AA
:102CD00001F0ECFE284603B0F0BD01F0DBFEFEE79C
:102CE00001F0D8FEFEE700BF2DE9F04383B00029D4
:102CF00049D00446002849D0077F0E4607F0010757
:102D000090469946BF0073B9A368656822681D4460
:102D1000AD1AAB4298BFED1ABD4212D80025284625
:102D200003B0BDE8F08301F061FDA3686568226827
:102D30001D44AD1AAB4298BFED1ABD421AD901F03D
:102D400063FD2B46424631462046FFF72BFE0546E3
:102D50000028E3D000F066FD636943B10026606996
:102D6000334632463146009601F08AF9666100F03A
:102D700061FDD4E70021084601F01CFB256945B13F
:102D800001F088FEFEE701F085FEFEE701F082FE1D
:102D9000FEE700F0F3FF206101F036FD2B462A46E6
:102DA00029462846CDF8009001F01EF92561ABE7D1
:102DB0002DE9F041054601F019FD374A374F1368F8
:102DC000013313603B68002B35D0354CEB6A226829
:102DD00052B3344E344935480A6805F1040C0132C7
:102DE0006A640A6002689A4238BF036003EB830397
:102DF00006EB830041689B00A960F258D1F808E017
:102E00000132C5F80CE0CEF804C0C1F808C0686112
:102E1000F25001F0F9FC236823B13A68EB6AD26AF8
:102E20009A4210D3BDE8F0813A681E4ED26A9A42A7
:102E300098BF3D60CEE73D601368012B07D0EB6A79
:102E4000184E174CC6E7BDE8F04101F0C3BC154E63
:102E5000344606F58C6820461434FFF7C3F9444520
:102E6000F9D1DFF86480124C4046FFF7BBF92046E9
:102E7000FFF7B8F90F48FFF7B5F90F48FFF7B2F9B8
:102E80000E48FFF7AFF90E4BC3F800800D4B1C60E6
:102E9000EB6A034C9EE700BF204C0320F450032054
:102EA000144C0320944C0320044C0320184C0320A2
:102EB0006C4C0320504C03203C4C0320244C03203A
:102EC000684C0320644C0320804C0320F8B5044672
:102ED000214B224E1D6830680F460430FFF7B8F9C9
:102EE000631C17D033682D195D600BD21C4B18681A
:102EF00031680431FFF794F91A4B1A68AA4200D9D5
:102F00001D60F8BD184B18683168BDE8F840043101
:102F1000FFF786B96FB933686A1E5A60002DF1D188
:102F20000F4B186831680431FFF77AF90D4B1B68B5
:102F3000F8BD0E4B31685A6837688A60306831686E
:102F400035681C68043001341C6094680431FC60EE
:102F5000606091606B61F8BD1C4C0320F45003204D
:102F6000684C0320004C0320644C0320244C0320B5
:102F70002DE9F0478A460A9C95000746A5212A4676
:102F8000206B9846089E02F0FDF9D4F83090BAF113
:102F9000000F0FD00AF1FF3C0AF10F0104F1330ECC
:102FA0001CF8012F0EF8012F0AB18C45F8D100232F
:102FB00084F84330372E02D901F06CFDFEE7E6625B
:102FC000E664201DFFF71AF9C6F1380604F118006F
:102FD000FFF714F94C220021A6612461646204F118
:102FE000580002F0CFF90B49043D01F16803E16597
:102FF00009EB0500D0312366616643463A46216BF2
:1030000020F0070001F042FC099B206003B11C6026
:10301000BDE8F0879071032080B51E4DDFF88480F5
:103020001D4E1E4F1E4C2B684BB301F0DFFBD8F832
:103030000C30D3F80C9009F10400FFF709F933685C
:10304000013B33602B68013B2B6001F0DDFB3868EE
:10305000583002F09FF999F8A93033B1012B14D000
:10306000022BE0D001F016FDFEE7D9F8300001F0A8
:1030700029FE484601F026FE2B68002BD5D1236897
:10308000012BD0D901F0A6FBCDE7484601F01AFE8E
:10309000C9E700BF384C0320204C0320F450032024
:1030A000944C03203C4C03202DE9F04F604B83B03F
:1030B0001C6801341C60002C79D05E4B1A68944265
:1030C0007CD35D4D2A681268002A00F0AC804FF076
:1030D000000CCDE9004366465848DFF874E1584FCC
:1030E00058E0D3F81490D3E90241A1609C684C6089
:1030F000D9F80410914204BFD968C9F80410D9F86E
:1031000000105E610139C9F80010D3F82890B9F1B8
:10311000000F11D0D3E90741A160DC694C60D9F8F8
:103120000410414504BF196AC9F80410D9F8001009
:103130009E620139C9F80010D3F82C80D7F80090AE
:1031400008EB880100EB810AC845DAF8049088BFD3
:10315000C7F8008050F82180C3F80890D9F808B06B
:1031600008F10108C3F80CB0CBF80420C9F8082016
:10317000C3F814A040F82180DEF80020D5F80080C4
:10318000D96AD26AD8F80030914288BF4CF0010C5D
:10319000002B43D02B68009CDB68DB6859681A1D44
:1031A0008C4203F118089CD2019B19600BE0224B62
:1031B0001A681268DAB101F06DFCFEE74FF0000CFE
:1031C0001E48DFF88CE0DEF800301E4ADB6A03EBB5
:1031D00083039B00C0581368012898BF002B14BFBD
:1031E0000120002040EA0C0003B0BDE8F08F164A31
:1031F000186811681960154910600A6801320A6080
:103200001A68126822B94FF0FF320A4B1A6055E76C
:103210001A68084BD26812681A604FE7019B4FF09A
:10322000FF321A60CFE794460448DFF824E0F6E75F
:103230001C4C0320004C0320684C0320944C0320BA
:10324000184C03200C4C0320644C0320084C032032
:10325000F45003202DE9F04F4E4C83B001F0C6FA34
:103260002368013B23602668002E40F083804A4B90
:103270001B68002B7ED0494D2B68002B00F0868008
:10328000474F4848DFF82CC1DFF82C810196EB68E6
:10329000DB681A6ADE69996AB260DE6903F1180EAA
:1032A00056604A68019E724504BF1A6A4A600A68FD
:1032B0009E62013A0A60D9689E685A69B1609E6848
:1032C00003F1040E4E605168714504BFD968516026
:1032D000116801391160DA6AD7F8009002EB8201B7
:1032E00000EB810A4A45DAF8049088BF3A6050F84A
:1032F0002120C3F80890D9F808B00132C3F80CB007
:10330000CBF804E0C9F808E0C3F814A040F8212085
:10331000DCF80010DA6ACB6A9A4284BF0123C8F84D
:1033200000302B68002BB2D11F4B1A68126842B3D1
:103330001A681E4BD26812681A601D4E356895B126
:10334000012706E0FFF7B0FE08B1C8F80070013DA4
:1033500008D02368002BF5D03368013D03F1010349
:103360003360F6D13560D8F800301BB101F032FA85
:10337000012400E0002401F047FA204603B0BDE834
:10338000F08F4FF0FF32094B1A60D6E7DFF8288044
:10339000D3E700BFF84B0320204C0320504C032000
:1033A000184C0320944C0320684C0320004C03204D
:1033B000104C0320F45003200C4C03202DE9F04165
:1033C00088B0DDE90F573DB34FB31646AC220792E4
:1033D000079AAC2A02D001F05DFBFEE7044688465E
:1033E000384607990021059301F0CCFF20460E9C3A
:1033F0003D6300940224029787F8A94006AC324648
:103400004146059B0194FFF7B3FD3846FFF7D0FC1A
:10341000069808B0BDE8F08101F03CFBFEE701F042
:1034200039FBFEE72DE9F043064685B090001546CE
:103430000F46984601F0BEFB08B30446AC2001F0ED
:10344000B9FB8146C0B1AC22002101F09BFFC9F855
:1034500030400D9C434601940C9C2A463946304628
:10346000CDF808900094FFF783FD4846FFF7A0FCD5
:10347000012005B0BDE8F083204601F023FC4FF0A9
:10348000FF3005B0BDE8F08370B50446304D01F063
:10349000ADF9002C42D0261D3046FEF7D9FEA36AB6
:1034A0001BB104F11800FEF7D3FE2A4A136801335A
:1034B00013602B68A34228D0274A28491368013B90
:1034C00013600B681B68DBB10A68254BD268126871
:1034D0001A6001F099F92B68A3420AD02868583085
:1034E00001F058FF94F8A9301BB3012B28D0022B10
:1034F00016D11C4B1B6813B12B68A34213D070BDAF
:103500004FF0FF32164B1A60E3E731461648FEF7DC
:1035100079FE164A136801331360DAE72C68BAE7BC
:1035200001F0B8FAFEE7124B1B686BB101F0B2FA7A
:10353000FEE7206B01F0C6FB204601F0C3FBD8E795
:10354000204601F0BFFBD4E7BDE8704001F042B96E
:10355000F4500320044C0320204C0320684C03202B
:10356000004C0320144C03203C4C0320384C032017
:10357000F84B032038B578B3D1B11A4C23682BBB74
:10358000236801332360184B02681D6853182CBF51
:1035900001210021AA420ED8D9B103600021581B95
:1035A000FFF794FC236801255BB901F073FAFEE78D
:1035B00001F070FAFEE761B9036023680025002B73
:1035C000F3D0FFF747FE50B1284638BD01F062FA4C
:1035D000FEE79D42E1D3EFE701F05CFAFEE701F080
:1035E000F9F8F1E7F84B03201C4C0320C0B110B5EB
:1035F0000C4C216811B101F04DFAFEE7236801334C
:103600002360FFF763FC23681BB1FFF723FE18B1AB
:1036100010BD01F03FFAFEE7BDE8104001F0DAB856
:1036200001F0D8B8F84B03202DE9F04150B31D4B01
:1036300004461B6883421DD001F0D8F81A4B1B4A80
:10364000A66A17686569D3F8008001F0DDF8184BA9
:103650009E421AD0BD4212D0454510D0154B9D4216
:103660000BD0154B9D421AD0002D0CBF0420012019
:10367000BDE8F0810020BDE8F081A36A43B10220DB
:10368000BDE8F08101F006FAFEE70120BDE8F08117
:1036900094F8A830012B0CBF02200320EBE7042094
:1036A000E9E700BFF4500320644C0320684C03207A
:1036B000504C0320244C03203C4C03203729F8B500
:1036C00002D901F0E7F9FEE704460D4601F08EF855
:1036D0006CB3E26C954226D0274B09D91968A142F8
:1036E00048D01B68DE6AAE422CBF0026012604E0EB
:1036F0001E68361BB6FA86F67609E36AE5649A42D6
:10370000A26908BFE562002AA4BFC5F13805A5611A
:103710001A4D626903EB830305EB83039A420CD0D5
:103720000EB101F057F8BDE8F84001F06DB8124B4A
:103730001C68E26C9542CFD1F5E7271D3846FEF7AD
:1037400087FD0F4AE36A11688B4288BF136003EB61
:10375000830305EB830041689B00EA58A160D1F820
:1037600008C00132C4F80CC0CCF804708F606061EE
:10377000EA50D5E70026C0E7F4500320944C03201C
:10378000184C032030B5002489B007AA06A905A863
:10379000CDE90544FEF70AFDDDE905231849CDE929
:1037A000013218482346079A0094FFF707FE164B8C
:1037B000186030B100F0B6FF0128054608D0013589
:1037C00003D0124B1B6809B030BD01F063F9FEE76E
:1037D00001F060F94FF0FF300D4B0E4A1B680E49A7
:1037E000583313600D4A0E4B086015601C60EDF7EE
:1037F000EFF801F087F8054B1B6809B030BD00BF3A
:10380000A482010819300108FC4B03203C8E0108FA
:10381000F450032028020320004C0320144C032002
:103820001C4C0320024A136801331360704700BF29
:10383000F84B032008B5054B1B6813B901F02AF9B2
:10384000FEE7BDE80840FFF705BD00BFF84B0320C9
:10385000014B1868704700BF1C4C0320014B1868CF
:10386000704700BF204C0320054B1B680BB9FFF7C6
:103870001BBC044A0020136801331360704700BF6B
:10388000F84B0320104C0320304B1B681BB1012266
:103890002F4B1A6070472E4A70B51360EDF7A2F8EF
:1038A0002C4B2D4A1860156819682C4CA94205D973
:1038B0001E682068416D491B3144416519682368C1
:1038C00011601B6B1A68B2F1A53F07D15A68B2F1BB
:1038D000A53F03D19A68B2F1A53F32D02068216894
:1038E0003431ECF7B5FC1E4D1E492B6803EB830207
:1038F00092008A58980042B903B3013B03EB83025C
:1039000051F822209800002AF6D0184401EB800CD0
:103910006246DCF80410083249689142CCF8041081
:1039200008BFDCF80C10104A08BFCCF80410C968B6
:1039300021602B6023685833136070BD01F0AAF832
:10394000FEE7DB68B3F1A53FC8D1CCE7F84B032015
:103950000C4C0320F04B0320F44B0320F4500320C5
:10396000184C0320944C03202802032010B558B1B2
:103970000C46074B19681831FEF752FC2046BDE88B
:1039800010400121FFF7A2BA01F084F8FEE700BF62
:10399000F4500320F8B5034610B3134C5D68084695
:1039A000002A11462268D4F800E0D5612668226812
:1039B000D4F800C002F118041A68AF6806F11806BE
:1039C00002F10102CEF8207018BF4FF0FF307E6088
:1039D000AC60CCF828301A60BDE8F840FFF776BA42
:1039E00001F058F8FEE700BFF4500320C36870B53B
:1039F000DB68002B57D0D3E907019A6A8160DD6943
:103A000054684D60002503F11800844208BF196A0C
:103A1000264C08BF516011689D620139116022680F
:103A2000AAB1234A5468DC61A16819624860116830
:103A3000A06001319A6211601E49DA6A0B68DB6A84
:103A40009A422ED901231C4A1846136070BD5A6948
:103A5000D3E9020181609C6850681D1D4C60A8423A
:103A600008BFD968154808BF516011680139116055
:103A7000DA6A01688A42124988BF026002EB820258
:103A80004FEA820C01EB8202546851F80C009C60F2
:103A9000A6680130DE607560A5605A6141F80C00CF
:103AA000CAE7002070BD00F0F5FFFEE7F84B0320E9
:103AB000504C0320F45003200C4C0320184C0320DE
:103AC000944C032010B560B1044600F08FFE064A06
:103AD000064B12681B68C4E90023BDE8104000F0E3
:103AE00093BE00F0D7FFFEE7084C03201C4C0320D8
:103AF000034A044B12681B68C0E90023704700BFEB
:103B0000084C03201C4C0320F8B568B30D4641B3A4
:103B1000044600F06BFE2B68154A581C11681BD038
:103B2000D4E90060DFF84CC0DCF80070BE4208D079
:103B3000884206D8002301242B6000F065FE204651
:103B4000F8BD0F1ABB42F5D95B1ADCF800101268F9
:103B500003442B60C4E90012002400F055FE204607
:103B6000F8BD00F097FFFEE700F094FFFEE700BF0E
:103B70001C4C0320084C03200122014B1A607047A3
:103B80000C4C032070B50D461646002833D0044671
:103B900004F13402C5E90042E26A052B2A61226B76
:103BA000EA61626CAA60E26C6A61626DAA6128D007
:103BB0001F4A1268A24221D0032B2B7326D000F09B
:103BC00015FE1C4BA26A9A4204BF01232B7300F01E
:103BD0001BFE76B1266B3378A52B27D133461846CA
:103BE00013F8011FA529FAD0C6F101060644C6F351
:103BF0008F062E8470BD0E4A1468C9E700232B730C
:103C0000E7E72046FFF710FD2873E2E70A4B1A6842
:103C100001321A60A26A0AB102222A731B6813B920
:103C200000F038FFFEE7FFF715FBC8E70026E0E7E6
:103C3000F4500320504C0320F84B03204B682DE92F
:103C4000F0475E6801F108094E4508BFCE680D4691
:103C5000904604460027D6F80CA000E06E68706815
:103C600021468145686008BFE8684346C66808BFCA
:103C7000686001223046FFF785FFB24507F1010772
:103C800004F12404EAD13846BDE8F0872DE9F04775
:103C9000334F3B6801333B60324B1B688B425CD82F
:103CA0000025DFF8D4A09046814638242A46AAF29F
:103CB0004C4600E09A46013C04EB840356F823305E
:103CC000501909EB80004BB101225146FFF7B6FFB6
:103CD000054405EBC500EA0009EB8000B245AAF1F6
:103CE0001403E7D1204B19680B683BB10222FFF7A0
:103CF000A5FF054405EBC50009EB80001B4B1968C7
:103D00000B683BB10222FFF799FF054405EBC500A4
:103D100009EB800016490B683BB10422FFF78EFFC8
:103D2000054405EBC50009EB800012490B681BB187
:103D30000322FFF783FF0544B8F1000F03D0ECF72F
:103D400051FEC8F800003B6813B900F0A3FEFEE77F
:103D5000FFF780FA2846BDE8F0870025F3E700BFAB
:103D6000F84B0320204C0320684C0320644C0320B4
:103D70003C4C0320244C0320E0500320014B1868E6
:103D8000704700BFF4500320054B1B6833B1054B4F
:103D90001868B0FA80F04009400070470120704771
:103DA000144C0320F84B0320F8B50446C8B11F4D4E
:103DB000C36A2A68D26A934214D28269002A04DB59
:103DC0002A68D26AC2F138028261194E626903EB35
:103DD000830306EB83039A420CD02B68DB6AE36211
:103DE0000120F8BD2B68C06CDB6A98422CBF002014
:103DF0000120F8BD271D3846FEF72AFA2B680D4A28
:103E0000DB6A1168E3628B4288BF136003EB8303B4
:103E1000980006EB830359683258A1608D6801321F
:103E2000E5606F608F6063613250D9E7F450032022
:103E3000944C0320184C032098B1204B70B51B689C
:103E40000446834202D000F025FEFEE71B6D53B10D
:103E5000C16AC26C013B9142036500D033B10020BE
:103E600070BD0020704700F015FEFEE7051D2846D6
:103E7000FEF7EEF9E36C124AC3F13800A0610120AD
:103E80001168E3628B4288BF13600E4A03EB830321
:103E90004FEA830E02EB8303D3F804C052F80E10EE
:103EA000C4F808C0DCF808600144E6607560CCF82E
:103EB0000850636142F80E1070BD00BFF45003203B
:103EC000184C0320944C032080B1036D70B5044658
:103ED0004BB1C06CE26A814238BF01468A4201D0D0
:103EE000012B04D070BD00F0D5FDFEE770471A4BE2
:103EF0001B68A3422CD0A369E162002BA8BFC1F1CB
:103F00003801164DA8BFA16102EB8202616905EB81
:103F100082039942E6D1261D3046FEF799F9104AF0
:103F2000E36A11688B4288BF136003EB8303980038
:103F300005EB830359682A58A160D1F808C0013203
:103F4000C4F80CC0CCF804608E6063612A5070BD68
:103F500000F0A0FDFEE700BFF4500320944C0320C6
:103F6000184C0320044B1A681AB119680A6D013203
:103F70000A651868704700BFF450032070B510B18F
:103F800000F088FDFEE7174D0E46144600F02EFCAB
:103F90002B68D3F8A43023B901212B6883F8A8102B
:103FA000CCB900F031FC00F021FC2B68D3F8A44020
:103FB00024B15EB100222B68C3F8A42000222B6834
:103FC00083F8A82000F020FC204670BD2B68621EFC
:103FD000C3F8A420F2E72046FEF778FF00F0FAFBD2
:103FE000DFE700BFF4500320F8B510B100F052FD38
:103FF000FEE7224E1D460C46174600F0F7FB3368DD
:1040000093F8A830022B0CD001213268D2F8A430EA
:1040100023EA0403C2F8A430336883F8A810069B8F
:10402000FBB900F0F1FB00F0E1FB1DB13368D3F800
:10403000A4302B60336893F8A830022B08D00024FA
:104040000022336883F8A82000F0DEFB2046F8BD8C
:1040500032680124D2F8A43023EA0703C2F8A4305E
:10406000EEE71846FEF732FF00F0B4FB00F0CCFBA1
:1040700000F0BCFB002DD9D1DCE700BFF4500320D9
:1040800070B531BB0446B0B11D46164600F0AEFB1C
:10409000049B1BB1D4F8A430049A1360022294F854
:1040A000A83084F8A820DBB2042D5AD8DFE805F048
:1040B0000A1A1408060000F0EDFCFEE7022B4ED0B1
:1040C000C4F8A460012B13D0012400F09DFB20460E
:1040D00070BD00F0DFFCFEE7D4F8A4200132C4F884
:1040E000A420EFE7D4F8A4203243C4F8A420E9E7E1
:1040F0006369D4E902128A60A0685968251D50607E
:10410000A94208BFE2681A4908BF5A601A68013A12
:104110001A60E36A0A689342164A88BF0B6003EB91
:1041200083039E0002EB830358689159A060D0F886
:1041300008C00131C4F80CC0CCF80450856063613C
:10414000A36A915113B100F0A5FCFEE70A4BE26AA5
:104150001B68DB6A9A42B7D900F03CFBB4E7002445
:10416000B3E7064A1268002AACD000F093FCFEE7E1
:10417000184C0320944C0320F45003201C4C0320C3
:1041800070B5A0B3C9B91D460446164600F02AFC16
:1041900000F080FC049B1BB1D4F8A430049A136097
:1041A000022294F8A83084F8A820DBB2042D72D83B
:1041B000DFE805F00A171108060000F06BFCFEE7C7
:1041C000022B66D0C4F8A460012B13D0012400F0A8
:1041D0006DFC204670BDD4F8A4200132C4F8A420A0
:1041E000F2E7D4F8A4203243C4F8A420ECE700F0AE
:1041F00051FCFEE7A36A13B100F04CFCFEE7294B2B
:104200001B68DBB1284B5A681968E2619568013177
:10421000196004F11801256269609160A362234B63
:10422000E26A1B68DB6A9A42D0D9059B13B101236D
:10423000059A136001221E4B1A60C7E76369D4E92F
:1042400002128A60A168261D51605A68B24204BFFA
:10425000E2685A601A68013A1A60164AE36A1168FD
:104260008B4288BF1360144A03EB830302EB830C79
:10427000DCF804509B00D158A560D5F808E0013166
:10428000C4F80CE0CEF80460AE60C4F814C0D1509D
:10429000C5E700249BE7094A1268002A94D000F081
:1042A000F9FBFEE7F84B0320504C0320F4500320A9
:1042B0000C4C0320184C0320944C03201C4C03206E
:1042C000F8B500283BD0B9B90446154600F08AFB82
:1042D00000F0E0FB022394F8A82084F8A830D4F87A
:1042E000A430012A03F10103C4F8A43023D1A36A46
:1042F0002BB100F0CFFBFEE700F0CCFBFEE7274B35
:104300001B68FBB1264B5A681968E2619668013157
:10431000196004F11801266271609160A362214B5B
:10432000E26A1B68DB6A9A4205D90DB101232B6052
:1043300001221D4B1A60BDE8F84000F0B7BB00F049
:10434000A9FBFEE76369D4E902128A60A16804F15F
:10435000040E51605A68724504BFE2685A601A68D8
:10436000013A1A60114AE36A11688B4288BF1360F0
:104370000F4A03EB83039E0002EB8303D3F804C0D0
:104380009159C4F808C0DCF808700131E760C7F83B
:1043900004E0CCF808E063619151C0E7F84B0320DA
:1043A000504C0320F45003200C4C0320184C0320E5
:1043B000944C032038B599B9044670B100F016FA50
:1043C00094F8A830022B05BF00230125002584F8AE
:1043D000A83000F019FA284638BD034B1C68EDE7F9
:1043E00000F058FBFEE700BFF4500320F0B5124C7C
:1043F00083B000F0FBF9256825B103B0BDE8F040BB
:1044000000F002BA0D4E0E4F3046FDF7EBFE384677
:10441000FDF7E8FE0B490C4B00950A201F600E606B
:104420000A4B10210A4AFDF7E5FF20600028E4D07E
:104430000849FEF70FFAE0E7F0510320105203207D
:10444000FC510320F8510320F4510320F8500320BD
:1044500048510320AC8201082DE9F047DFF8849031
:104460000546D9F800300F46DB68DC6804F1040823
:104470004046FDF7EDFE94F828305A070ED423F09D
:10448000010384F828302046236ABDE8F047184726
:1044900093421BD82046236A98473546A3697A1B66
:1044A000EE182CBF01210021B74266602461EFD2D3
:1044B000AF4201D20029EDD0D9F800004146FDF706
:1044C000AFFE2046236ABDE8F0471847044B41463B
:1044D0001868FDF7A5FE2046236ABDE8F047184797
:1044E000F4510320F85103202DE9F047894D8A4EFD
:1044F0008A4F8B4C84B02B68D3F80090B9F1000F31
:1045000040F0D480FFF78EF9FFF7A2F933688046B8
:1045100098423DD33B6830601A68B2FA82F2520981
:104520002068A9EB0801FEF7BFF9FFF783F900281F
:1045300000F0CD80002269462068FEF751F800287F
:10454000D9D0009B0298002BC0F2A880DDF808802B
:10455000D8F814301BB108F10400FDF779FEFFF71D
:1045600077F933688146984224D3009BC6F80090BF
:10457000013B082BDED8DFE803F02525816988257B
:1045800025816900DB684FF0FF311868FFF764FF91
:104590002B681A68002AF5D13A68C6F800802A60AC
:1045A0003B60FFF747F9C5E7DB684FF0FF3118685C
:1045B000FFF752FF2B681A68002AF5D13A683B6072
:1045C0002A60D2E798F82810019AD8F8180041F02C
:1045D000010C131888F828C02CBF4FF0010C4FF0C5
:1045E000000C4B45C8F80430C8F8108072D8A9EB0D
:1045F000020290423CD84A0711D421F0010188F808
:1046000028104046D8F82030984793E7904277D852
:104610004046D8F8203098475346D8F8180010EB99
:10462000030A2CBF01210021D145A9EB0302C8F8E0
:1046300004A0C8F81080E9D2994501D20029E7D03A
:10464000286808F10401FDF7EBFDDAE798F8282067
:10465000019B42F0010288F82820C8F81830002B8E
:1046600054D04B444B45C8F80430C8F8108036D8B5
:10467000386808F10401FDF7D3FD5BE798F82830AE
:1046800023F0010388F8283054E798F828309A0777
:1046900032D523F0010388F828304BE7019B0399BA
:1046A0009847009B002BFFF645AF4FE7DB68D3F838
:1046B0000090FFF7B7F8FFF7CBF8336880469842D1
:1046C000FFF466AF814530600FD9002228E700F083
:1046D00081F82FE74A4502D9BCF1000F8BD028683A
:1046E00008F10401FDF79CFD24E7FFF7A3F841461C
:1046F0004846FFF7B1FE1DE7404600F0E3FA19E730
:10470000386808F10401FDF78BFD7AE700F0C2F983
:10471000FEE700BFF8510320E8510320F4510320C5
:10472000F051032010B588B0FFF760FE0F4B1B68F7
:10473000CBB1002407AA06A905A8CDE90544FDF7D9
:1047400043FD02222346059C00920294069C0849E0
:104750000848079A0194FEF731FE074B186010B124
:10476000012008B010BD00F095F9FEE7F0510320DC
:10477000B4820108E9440108EC510320002200B58D
:10478000074B83B001921B68013302D000F082F91D
:10479000FEE700F07FF9019B002BFCD003B000BDC9
:1047A000C00103204FF0E0220023072010B4074C83
:1047B00013619361236806495DF8044BA1FB031361
:1047C0009B09013B53611061704700BFEC0003205F
:1047D000D34D62104FF0E0234FF08052C3F8042D08
:1047E000BFF34F8FBFF36F8F704700BF08B500F066
:1047F00051F9044A136801331360BFF34F8FBFF3BD
:104800006F8F08BDC001032008B5084B1A684AB174
:104810001A68013A1A60186800B108BDBDE808407E
:1048200000F044B900F036F9FEE700BFC0010320F4
:1048300010B500F02FF90446FFF716F828B14FF035
:10484000E0234FF08052C3F8042D2046BDE810400D
:1048500000F02CB908B5836913F8023C662B02D02E
:1048600000F018F9FEE74FF0E023D3F8882D42F46A
:104870007002C3F8882DD3F8342F42F04042C3F8B9
:10488000342FBDE8084000F0D3B800BF2DE9F04F49
:104890004FF0113E4FF0807440E909E34FF00733C9
:1048A00040F8044C164C40F8343C40E903424FF0C9
:1048B00005334FF006324FF0123B40E90F324FF014
:1048C000033A4FF002394FF001384FF010374FF0F4
:1048D00009364FF008354FF004346FF0430340E9D8
:1048E00005AB40E9078940E90B6740F8305C40F8C8
:1048F000404C40F8443C40F8481DBDE8F08F00BFF4
:104900007D47010800204FF0E0234FF07F4130B594
:1049100085B00290D3F81C0D2F4A0190C3F81C1DDE
:10492000D3F81C3D1B0E8DF803309DF8033003F0C7
:10493000A0031370002B41D09DF80330DB4313F02C
:10494000A00F0BD000F0A6F8FEE7029B0133029304
:104950009DF803305B00DBB28DF803309DF8033027
:104960001B06F2D4029B082B2BD0029AC2F107023D
:10497000120202F4E0624FF0E0230025019917488B
:10498000174C0260C3F81C1DD3F8202D42F47F029F
:10499000C3F8202DD3F8202D42F07F42C3F8202DFC
:1049A000FFF700FF256000F063F8FEF76DFF039549
:1049B0002368013307D000F06DF8FEE700F06AF8D5
:1049C000FEE70022D7E700F065F8039B002BFCD040
:1049D000002005B030BD00BF285203202452032020
:1049E000C001032008B5EFF305830F2B05D90B4950
:1049F0000B4A5B5C12789A420DD84FF0E023094ACB
:104A0000D3F80C3D126803F4E063934200D808BD6C
:104A100000F040F8FEE700F03DF8FEE7F0E300E0CC
:104A20002852032024520320000000000000000050
:104A30000B4A1168086806C881F30B88022181F3CC
:104A40001488203080F30988BFF36F8F4FF0000087
:104A500080F31188104700BFAFF30080AFF30080F0
:104A6000F4500320000000000000000000000000DF
:104A700007480068006880F3088862B661B6BFF333
:104A80004F8FBFF36F8F66DF00BF00BFAFF30080B3
:104A900008ED00E0EFF311804FF0A00181F31188E1
:104AA000BFF34F8FBFF36F8F704700BF80F3118844
:104AB000BFF34F8FBFF36F8F704700BF0000000040
:104AC000EFF309801EF0100F08BF20ED108AEFF3FE
:104AD0000B82734620E9FC0F114A116808604FF001
:104AE000A00080F31188BFF34F8FBFF36F8FFEF7E5
:104AF000CBFE4FF0000080F31188094A1168086866
:104B0000B0E8FC0F13F0100F08BFB0EC108A82F36E
:104B10000B8880F309881847AFF30080AFF300805B
:104B2000F45003200000000000000000000000001E
:104B30001EF0040F0CBFEFF30880EFF30980044967
:104B4000084700BFAFF30080AFF30080AFF30080F1
:104B50005548010810B4154B1A461B688342FBD315
:104B60005468416802EB040C604513D04418A3421A
:104B700006D00360824218BF10605DF8044B704796
:104B80000B4C2468A342F4D0D3E9003421440360E1
:104B90004160EFE72144501883425160EDD1044851
:104BA00000688342E9D01046EEE700BF4052032080
:104BB0003C520320F8B53D4E0446FEF733FE336801
:104BC000002B52D0631E0A332ED814F0070304F1D1
:104BD000080121D1002927DB354F3D688D4223D3C1
:104BE000344B18461C6803E0236823B120461C465A
:104BF00062688A42F8D33368A34215D023680668F6
:104C00000360531A102B06F1080617D960184207E3
:104C10000FD0FFF73FFFFEE7A3F109028A4203D35B
:104C20001034E11A0029D7DCFEF704FE00263046D6
:104C3000F8BD43606160FFF78DFF626800201E4B86
:104C4000AD1A196842F000428D421C4938BF1D6000
:104C50000B686260013320600B603D60FEF7EAFD87
:104C60007307E4D0FFF716FFFEE7154A510719D086
:104C7000D11D21F0070102F5C052531A0A46002047
:104C80000B44083B23F007030A4D9A1AC5E90010AC
:104C90003360C3E90000C1E900320749044B0A60F0
:104CA0001A608FE711464FF4C053E8E73C520320E7
:104CB0003852032040520320345203203052032044
:104CC0004852032070B150F8043C10B5002B044644
:104CD00005DA50F8082C32B1FFF7DCFEFEE7FFF7EB
:104CE000D9FEFEE7704723F0004340F8043CFEF78E
:104CF00099FD094A54F8043C1168A4F108000B44DA
:104D00001360FFF727FFBDE81040044A1368013322
:104D10001360FEF78FBD00BF385203202C520320D2
:104D200008B5012213491448FCF7E8FC78B9134987
:104D30001148FCF7F9FC90B9002211490E48FCF724
:104D400079FC98B90C48FCF705FD58B908BDECF79B
:104D5000DFF90A490848FCF7E7FC0028ECD0ECF73B
:104D6000D7F9E9E7BDE80840ECF7D2B9ECF7D0F99C
:104D7000E8E700BF0C020320486A03201801032063
:104D8000C401032000207047212819D0222810B523
:104D90000AD0202806D1124B0C6888888A791C60BA
:104DA00098809A71002010BD498811F0010110D03F
:104DB0000C4B1B68002BF5D000210B489847F1E7FE
:104DC000074B18689A889B7908608A8000208B714D
:104DD0007047064B1B68002BE4D003489847E1E777
:104DE000206D0320443E0320486A0320403E0320F8
:104DF0000B4B1B6893B1002100B583B0186801AA62
:104E00000191FFF75DFA019B2BB14FF0E0234FF0CA
:104E10008052C3F8042D002003B000BD002070476D
:104E20002C6D03202DE9F04700240A6882B001941C
:104E30002AB30F46804642F20206314DDFF8D49085
:104E40000AE00021D9F80030298013B12D48984795
:104E50003A680134A24212D92B88B342F1D818F82B
:104E600004100A29F5D00029F3D00D290FD0264AC5
:104E70000134D1543A680133A2422B80ECD804218A
:104E80002048FCF721FC002002B0BDE8F087013B80
:104E90009BB2B34210D8DFF880A0DAF800305BB1E3
:104EA0001868FDF717FE2B880233984207D2174A7D
:104EB0009368013393603A6800232B80C9E7DAF8DE
:104EC0000030022218680E490023FDF7BFFEDAF811
:104ED000002000230C4910682A88FDF7B7FE0C4B10
:104EE00000211B6801AA1868FFF7EAF9019B2BB1A2
:104EF0004FF0E0234FF08052C3F8042D3A68DBE70F
:104F0000286D0320486A0320E8980120DC00032074
:104F1000306D0320483E0320346D032008B54FF464
:104F20000062002305490648FCF78EFB0022054974
:104F30000348FCF797FB002008BD00BFECB8012038
:104F4000486A0320ECC0012030B4044B044C054DEA
:104F500020602A60196030BC704700BF306D0320AC
:104F6000346D03202C6D0320054BD3F8BC322BB1DC
:104F7000D3F83402003818BF012070470120704771
:104F8000486A0320054810B5D0F8BC42842100F0DF
:104F900087F914B10023C4F8343210BD486A0320E5
:104FA00038B50A4CD4F8BC3213B1D3F834520DB131
:104FB000012038BD2B460A4601462046FCF744FB3B
:104FC00029462046BDE83840FCF758BB486A032014
:104FD000122301480B807047F80103200423014885
:104FE0000B807047F401032008B50A4602480349C4
:104FF000FCF772FF014808BDBC820108386D032030
:1050000008B50A4602480349FCF766FF014808BD97
:10501000D8820108386D032008B50A4602480349C2
:10502000FCF75AFF014808BDF0820108386D0320E3
:1050300008B50A4602480349FCF74EFF014808BD7F
:10504000FC820108386D032010B51A241A48D0F8E4
:105050009035D0F898250C809B1801D1174810BDC9
:10506000164A00241146D0F8940502F1100E4FEABA
:10507000137CB3F1204F34BF0CF1300C0CF1370C22
:1050800081F802C0CC7002318E454FEA0313EED195
:105090004FF0000C0A49030FB0F1204F34BF3033FA
:1050A0003733937482F813C0023291424FEA0010F2
:1050B000F1D1024810BD00BF0000FA0BD801032057
:1050C000E001032038B50446D0F8D80204F526756F
:1050D000294600F2AA20FCF7E7FE2946D4F8D802B8
:1050E000BDE83840FCF748BB01EB810300EBC3038C
:1050F000D3F86421D0F8D802FCF776BB01EB81032A
:1051000000EBC3035A6AD0F8D802FCF7A1BB00BF7A
:10511000D0F8D802FCF740BC10B543790446022B06
:1051200001D0EBF7F5FFD4F8D8020121FCF718FC09
:10513000D4F8D802BDE81040FCF7E6BB10B5044631
:10514000D0F8D802FCF710FC637A23B1024A136945
:1051500043F00603136110BD00ED00E010B5437A83
:1051600004462BB9D4F8D802BDE81040FCF708BCBF
:10517000064A136923F006031361EBF739FCD4F8F0
:10518000D802BDE81040FCF7FBBB00BF00ED00E01B
:1051900038B52E4D0446C5F8D802C0F8CC52F8F701
:1051A000ADFA40F20521022200232948A980286097
:1051B0002846C5F80720EB72F7F7BCFA002842D161
:1051C00000222D791146EB00D4F8CC02F8F71EFA34
:1051D0004023002203EBC5038021D4F8CC02F8F76A
:1051E00015FA8023002203EBC5038421D4F8CC02F6
:1051F000F8F70CFAC023002203EBC5030421D4F80E
:10520000CC02F8F703FA4FF48073002203EBC503D6
:105210008321D4F8CC02F8F7F9F94FF48473002213
:1052200003EBC5038121D4F8CC02F8F7EFF94FF472
:10523000A47300220221D4F8CC0203EBC503F8F7D3
:10524000E5F9002038BDEBF763FFB9E7D82003206C
:1052500000D4004008B5D0F8CC02F7F7B9FA18B17D
:1052600002280CBF0120032008BD00BF944608B5EA
:105270001A46D0F8CC026346F8F796F818B102281F
:105280000CBF0120032008BD08B5D0F8CC02F8F708
:10529000C3F818B102280CBF0120032008BD00BFCD
:1052A00008B5D0F8CC02F8F793F918B102280CBF72
:1052B0000120032008BD00BF08B5D0F8CC02F8F7E4
:1052C00017F918B102280CBF0120032008BD00BF48
:1052D00008B5D0F8CC02F8F743F918B102280CBF92
:1052E0000120032008BD00BF0A06D0F8CC3206D446
:1052F00001EB810103EBC10393F85201704701F008
:105300007F0101EB810103EBC103987C704700BF73
:1053100008B5D0F8CC02F8F733F818B102280CBF62
:105320000120032008BD00BF08B5D0F8CC02F8F773
:10533000C3F818B102280CBF0120032008BD00BF2C
:1053400008B5D0F8CC02F8F795F818B102280CBFD0
:105350000120032008BD00BFD0F8CC02F8F7A2B8A6
:1053600000487047386F0320704700BF014800F0C5
:1053700093B800BFC8720320014800F08EB800BF88
:10538000C872032002440346934200D1704703F8D9
:10539000011BF9E72D4B1B68834270B5044653D0BF
:1053A000C3691BB3DB6863B10025E369DB68595946
:1053B000B1B90435802DF8D1E3692046D96800F0F1
:1053C0007BF8E369196811B1204600F075F8E369CC
:1053D0009D685DB1294620462D6800F06DF8F8E71C
:1053E0000E68204600F068F83146E1E7616911B1C6
:1053F000204600F061F8E16911B1204600F05CF848
:10540000216B11B1204600F057F8616B11B12046B5
:1054100000F052F8A16B11B1204600F04DF8A16CDC
:1054200011B1204600F048F8616C11B1204600F03F
:1054300043F8E16A11B1204600F03EF8236A1BB13F
:105440002046BDE87040184770BD00BF2802032009
:1054500070B50D4B00260D4D5B1B9C10A64209D16B
:105460000B4D00F073F80B4B00265B1B9C10A64203
:1054700005D170BD55F8043B01369847EEE755F865
:10548000043B01369847F2E7488E0108488E010830
:10549000488E01084C8E0108704770470A44431E2D
:1054A000914200D1704710B511F8014B914203F8B9
:1054B000014FF9D110BD000038B50546002941D093
:1054C00051F8043C0C1F002BB8BFE418FFF74EFF47
:1054D0001D4A136833B9636014602846BDE838403C
:1054E000FFF74ABFA34208D9206821188B4201BFA9
:1054F00019685B6809182160EDE71A465B680BB113
:10550000A342FAD911685018A0420BD12068014477
:10551000501811608342E0D118685B6808445360FA
:105520001060DAE702D90C232B60D6E72068211837
:105530008B4202BF19685B680918636008BF21606D
:105540005460CAE738BD00BF8C710320F8B500BFB6
:10555000F8BC08BC9E467047F8B500BFF8BC08BC54
:105560009E467047000000005FF800F079020320BB
:105570004572726F722070726F63657373696E67C4
:1055800020555342204275666665722E0D0000005C
:105590000700000052414D4E5F54785461736B32E6
:1055A0000000000052414D4E5F52785461736B32DF
:1055B0000000000052414D4E5F53656E64555342EA
:1055C0000000000052414D4E5F446961675458002D
:1055D00052414D4E5F4469616752580052414D4EF1
:1055E0005F4572726F725461736B000052414D4E91
:1055F0005F506572696F64696300000052414D4EEF
:105600005F53656E6443414E0000000052414D4EB1
:105610005F5265636569766543414E0052414D4E68
:105620005F52656365697665555342004572726FD6
:10563000722067656E65726174696E672065787047
:1056400065637465642062697473747265616D0D5D
:10565000000000004672616D6520746F6F207368F2
:105660006F72740D000000004E6F7420612076612F
:105670006C696420534F460D00000000534F4620D4
:1056800020202020202020207C20300D0000000041
:105690004944202020202020202020207C200000A1
:1056A00020283078000000005254522F53525220CC
:1056B000202020207C2000000D00000049444520CF
:1056C00020202020202020207C2000004672616DB8
:1056D0006520746F6F2073686F72742E0D00000068
:1056E00049445F4558542020202020207C20000081
:1056F0005254522020202020202020207C200000F6
:105700007231202020202020202020207C2000001A
:105710007230202020202020202020207C2000000B
:10572000444C432020202020202020207C200000EA
:105730004672616D6520746F6F2073686F7274209C
:10574000666F7220646C632E0D000000444154416A
:1057500020202020202020207C20000043524320B5
:1057600020202020202020207C2000002920000054
:10577000435243204F4B0D00435243204241440DBE
:10578000000000005441494C2020202020202020EF
:105790007C20000074726967000000006E6F770063
:1057A0007472696767657200616E790069646C651F
:1057B000000000005761726E696E673A2043414EE7
:1057C000204944203E203746462C20656E61626C9D
:1057D000696E6720657874656E6465640D0000000D
:1057E0007072657363616C65720000006269745F5A
:1057F0007175616E7461000073616D706C696E67C4
:105800005F7175616E746100657874656E6465645E
:1058100000000000300000004572726F723A207480
:105820007269676765722072657175697265732048
:10583000657874656E6465642049440D000000005D
:10584000310000007274720074696D656F757400C8
:105850000D74696D656F75742000000020286D73EC
:105860007E290D00747269672000000020286E6F89
:10587000772900002028616E7929000020286964BA
:105880006C6529000D657874656E646564200000A0
:105890000D727472200000000D0D43414E205469BA
:1058A0006D696E672073657474696E67733A0D7005
:1058B00072657363616C6572200000000D6269742B
:1058C0005F7175616E746120000000000D73616D81
:1058D000706C696E675F7175616E746120000000A5
:1058E00054696D656F75742076616C756520746F91
:1058F0006F2073686F72742E0D0000005472696718
:105900006765722054696D656F75742E0D00000017
:105910004572726F723A2074726967676572206EA1
:105920006F7420636F6D70617469626C6520776954
:1059300074682074686973206D6F64756C652E0DD2
:10594000000000004572726F723A205472696767F6
:1059500065722054696D656F75742E0D000000002E
:10596000436F756C64206E6F742064657465637436
:1059700020454F460D00000042697420737472691F
:105980006E6720746F6F2073686F72740D00000073
:105990002028526177290D00424144205354554636
:1059A00046494E470D000000202844657374756613
:1059B000666564290D0D00005761726E696E673A65
:1059C00020796F752073686F756C6420757365201E
:1059D000746865202769646C65272074726967673D
:1059E00065722E0D00000000496E76616C696420BE
:1059F000747269676765722E0D00000054726967E2
:105A00006765722074696D656F75742E0D000000F6
:105A100033313031303232343031000033313031D3
:105A20003032323430300000436F6D6D616E64206F
:105A3000746F6F206C6F6E672E0D00000D3E0D00B1
:105A4000200000004E6F20636F6D6D616E642066F4
:105A50006F756E642E2054797065202268656C70B5
:105A60002220666F722068656C702E0D00000000A9
:105A700068656C700000000048656C7000000000F4
:105A800048454C50000000006D616E007468656D03
:105A9000650000002D2D2D2D2D2D2D2D2D2D2D2D85
:105AA0002D2D2D2D2D2D2D2D2D2D2D2D2D2D2D2D26
:105AB0002D2D2D2D2D2D2D2D2D2D2D2D2D2D2D2D16
:105AC0002D2D2D2D2D2D2D2D2D2D2D2D2D2D2D2D06
:105AD0002D0D00002020202020202020202020200C
:105AE0002020202020202020202052414D4E2043E5
:105AF0006F6D6D616E642048656C700D0000000074
:105B0000436F6D6D616E643A207468656D650D005C
:105B10004465736372697074696F6E3A0D000000BA
:105B2000202020205365742074686520636F6C6F9B
:105B300072207468656D6520666F722074686520D8
:105B4000646576696365204C4344207363726565C0
:105B50006E2E0D0055736167653A0D0020202020E0
:105B60007468656D65203C7468656D655F6E756D04
:105B70006265723E0D0000004F7074696F6E733A7B
:105B80000D000000202020203C7468656D655F6E6C
:105B9000756D6265723E20202054686520746865CA
:105BA0006D65206E756D62657220746F2062652070
:105BB0007365742C2072616E67696E672066726F00
:105BC0006D203120746F20372E0D00004578616DF7
:105BD000706C65733A0D0000202020202D20546F3A
:105BE0002073657420746865206465766963652038
:105BF0004C43442073637265656E207468656D65FF
:105C000020746F207468656D65206E756D626572B5
:105C100020332C20656E7465723A0D002020202000
:105C200020207468656D6520330D0000656E61622B
:105C30006C650000436F6D6D616E643A20656E6146
:105C4000626C650D0000000020202020456E61621E
:105C50006C652074686520706F776572207375704D
:105C6000706C79206F6620616E6F74686572204574
:105C700043552028422C20432C206F722044292E8B
:105C80000D00000020202020656E61626C65203CC4
:105C90004543553E0D000000202020203C45435543
:105CA0003E2020205468652045435520746F2062B3
:105CB0006520656E61626C65642C206964656E7434
:105CC00069666965642062792061206C6574746519
:105CD000722028422C20432C206F722044292E0D44
:105CE00000000000202020202D20546F20656E61D0
:105CF000626C652045435520422C207573653A0D32
:105D000000000000202020202020656E61626C656C
:105D100020420D00202020202D20546F20656E6130
:105D2000626C652045435520432C207573653A0D00
:105D300000000000202020202020656E61626C653C
:105D400020430D00202020202D20546F20656E61FF
:105D5000626C652045435520442C207573653A0DCF
:105D600000000000202020202020656E61626C650C
:105D700020440D00202020202D20546F20656E61CE
:105D8000626C652045435520422C20432C20442042
:105D90006174206F6E63652C207573653A0D000089
:105DA000202020202020656E61626C6520424344E3
:105DB0000D00000064697361626C6500436F6D6D76
:105DC000616E643A2064697361626C650D00000065
:105DD0002020202044697361626C6520746865200E
:105DE000706F77657220737570706C79206F6620A4
:105DF000616E6F74686572204543552028422C20DF
:105E0000432C206F722044292E0D000020202020DA
:105E100064697361626C65203C4543553E0D00002A
:105E2000202020203C4543553E20202054686520FA
:105E300045435520746F2062652064697361626C0C
:105E400065642C206964656E7469666965642062A6
:105E5000792061206C65747465722028422C20437F
:105E60002C206F722044292E0D00000020202020BD
:105E70002D20546F2064697361626C652045435521
:105E800020422C207573653A0D0000002020202050
:105E9000202064697361626C6520420D000000007F
:105EA000202020202D20546F2064697361626C656E
:105EB0002045435520432C207573653A0D000000A2
:105EC00020202020202064697361626C6520430DCE
:105ED00000000000202020202D20546F20646973D2
:105EE00061626C652045435520442C207573653AEA
:105EF0000D00000020202020202064697361626C66
:105F00006520440D00000000202020202D20546F2B
:105F10002064697361626C652045435520422C20E2
:105F2000432C2044206174206F6E63652C207573B0
:105F3000653A0D0020202020202064697361626C86
:105F400065204243440D00004E6F2068656C702050
:105F50007061676520666F756E6420666F7220746D
:105F600068697320636F6D6D616E642E0D000000B3
:105F7000456E64206F6620636F6D6D616E6420688E
:105F8000656C7020706167652E20547970652022E1
:105F900068656C702220776974686F75742061720F
:105FA00067756D656E7420666F7220746865206712
:105FB000656E6572616C2068656C702070616765E4
:105FC0002E0D00005468697320696E7465726661F5
:105FD000636520616C6C6F777320796F7520746FC7
:105FE00020696E74657261637420776974682076C5
:105FF0006172696F75732052414D4E2066756E63F4
:1060000074696F6E7320616E6420636F6E74726F5B
:106010006C20746865206465766963652773206FFA
:106020007065726174696F6E73207468726F7567E2
:1060300068206120736574206F6620636F6D6D61E9
:106040006E64732E0D547970652027622720746F5B
:1060500020676F206261636B20746F20736C6361D3
:106060006E206D6F64652E00436F6D6D616E64739D
:106070003A0D0000202020202D20617361703A200D
:10608000496D6D6564696174656C79206F766572C0
:1060900077726974652064617461206F6620434182
:1060A0004E206672616D6573207769746820737025
:1060B000656369666965642043414E2049442E202A
:1060C00055736167653A2061736170203C63616E4E
:1060D0005F69645F6865783E205B646174615F68D6
:1060E00065785D2E0D000000202020202D206361AA
:1060F0006E3A2075706461746520454355204120D7
:1061000043414E2073657474696E67733A207072F0
:10611000657363616C65722C2074736567312C2024
:1061200074736567322C20736A772C206175746FE5
:1061300072657472792C207472616E736D697470FB
:10614000617573652C206175746F7265636F766518
:10615000722C2061636B2E204578616D706C653AFE
:10616000202763616E2061636B2030272E0D0000B5
:10617000202020202D20636C6561723A20436C65DD
:1061800061727320796F75722073657269616C201A
:106190007465726D696E616C2E0D000020202020E8
:1061A0002D2064697361626C653A20446973616291
:1061B0006C652074686520706F77657220737570E8
:1061C000706C7920666F7220616E6F7468657220E2
:1061D0004543552E2055736167653A2064697361A4
:1061E000626C65203C4543553E2E0D00202020204A
:1061F0002D20656E61626C653A20456E61626C654A
:106200002074686520706F77657220737570706C8C
:106210007920666F7220616E6F74686572204543E5
:10622000552E2055736167653A20656E61626C6515
:10623000203C4543553E2E0D00000000202020202C
:106240002D20657869743A204578697420746869EE
:106250007320646562756720696E74657266616338
:106260006520616E642072657665727420746F209B
:10627000736C63616E206D6F64652E20557361676A
:10628000653A20657869742E0D00000020202020DA
:106290002D20666C6F6F643A20666C6F6F642062AD
:1062A000757320776974682070726F7669646564AD
:1062B0002043414E206672616D652E2055736167E3
:1062C000653A20666C6F6F64203C63616E5F696441
:1062D0005F6865783E205B646174615F6865785DC6
:1062E0002E0D0000202020202D2068656C703A20A3
:1062F000446973706C61792067656E6572616C20AA
:1063000068656C702C206F722068656C7020666FF9
:1063100072206120737065636966696320636F6DC5
:106320006D616E64207768656E20617661696C616D
:10633000626C652E2055736167653A2068656C70E4
:10634000203C636F6D6D616E643E2E0D0000000099
:10635000202020202D20623A20416C696173206644
:106360006F72207468652022657869742220636FDB
:106370006D6D616E642E0D00202020202D20717522
:1063800069743A20416C69617320666F7220746889
:10639000652022657869742220636F6D6D616E647B
:1063A0002E0D0000202020202D2072616E646F6D64
:1063B000697A653A2052616E646F6D697A65206210
:1063C0006F6F742064656C61797320746F207072D4
:1063D0006576656E7420454355206265696E672059
:1063E00073796E6368726F6E697A65642E20557377
:1063F0006167653A2072616E646F6D697A652E0D12
:1064000000000000202020202D2073696C656E6341
:10641000652F74616C6B203C4543553E3A205573A3
:10642000652055445320746F2061736B204543559C
:1064300020746F2073746F70207472616E736D6955
:106440007474696E6720706572696F646963616CEA
:106450006C792028627574206B656570206C697397
:1064600074656E696E67292E0D00000020202020C3
:106470002D207265736574203C4543553E3A20508B
:106480006F7765722D52657365742074686520643A
:1064900065766963652E2055736167653A2072657C
:1064A000736574206F72207265736574203C454378
:1064B000553E2E0D00000000202020202D2072656A
:1064C00073657463616E203C4543553E3A205361C9
:1064D0006D652061732061626F766520627574203E
:1064E0006F6E6C7920666F722043414E207065722A
:1064F0006970686572616C732E0D00002020202089
:106500002D20736C63616E3A20416C696173206663
:106510006F72207468652022657869742220636F29
:106520006D6D616E642E0D00202020202D2075647D
:1065300073203C4543553E203C7061796C6F61642B
:106540003E3A20436F6D6D616E6420746F207175EB
:1065500069636B6C792073656E6420612075647368
:10656000207061796C6F61642028757020746F20D1
:1065700037206279746573206F6E6C79292E0D0057
:10658000202020202D207468656D653A20536574A5
:106590002074686520636F6C6F72207468656D6528
:1065A00020666F722045435520412773204C434499
:1065B0002073637265656E2E2055736167653A209E
:1065C0007468656D65203C7468656D65206E756DD9
:1065D0006265723E2E0D0000202020202D20747256
:1065E00061666669636D6F64653A205377697463A9
:1065F00068207468652043414E2074726166666944
:10660000632070726F66696C65206C697665206FB7
:106610006E20616C6C20454355732E205573616765
:10662000653A20747261666669636D6F6465205BAC
:106630003C64656661756C747C6A313933393E5DE2
:106640002E0D0000436F6D6D616E64732061726585
:1066500020636173652073656E7369746976652E56
:106660000D000000496E76616C6964206E756D6284
:106670006572206F6620617267756D656E74732E2A
:106680002054797065202268656C7020646973619C
:10669000626C652220666F722068656C702075736D
:1066A000696E67207468697320636F6D6D616E64D5
:1066B0002E0D000043616E6E6F7420646973616219
:1066C0006C652045435520412E2054797065202269
:1066D00072657365742220746F207265736574200F
:1066E00069742028616C6F6E672077697468206F09
:1066F000746865722045435573292E0D0000000013
:1067000053657474696E6720454355204220706F4D
:1067100077657220737570706C7920746F204F46A6
:10672000462E0D0053657474696E672045435520ED
:106730004320706F77657220737570706C79207468
:106740006F204F46462E0D0053657474696E6720A6
:10675000454355204420706F7765722073757070C3
:106760006C7920746F204F46462E0D00496E76617D
:106770006C6964204543552E204D75737420626505
:1067800020412C20422C20432C206F7220442E0DBF
:1067900000000000496E76616C6964206E756D6260
:1067A0006572206F6620617267756D656E74732EF9
:1067B0002054797065202268656C7020656E616276
:1067C0006C652220666F722068656C702075736935
:1067D0006E67207468697320636F6D6D616E642EDF
:1067E0000D000000454355204120697320616C77FE
:1067F00061797320656E61626C65642E0D00000026
:1068000053657474696E6720454355204220706F4C
:1068100077657220737570706C7920746F204F4E9D
:106820002E0D000053657474696E67204543552032
:106830004320706F77657220737570706C79207467
:106840006F204F4E2E0D000053657474696E6720E3
:10685000454355204420706F7765722073757070C2
:106860006C7920746F204F4E2E0D000061736170A3
:106870000000000061736170206D6F64756C6520AD
:1068800073746F707065642E0D000000557361673E
:10689000653A2061736170203C63616E5F69645F7B
:1068A0006865783E205B646174615F6865785D0D42
:1068B00000000000496E76616C69642043414E20FF
:1068C000494420286D757374206265203C3D20305A
:1068D00078374646292E0D0061736170206672611B
:1068E0006D6520757064617465642028444C433D77
:1068F00030292E0D00000000496E76616C6964201D
:1069000064617461206669656C642E0D000000008E
:10691000617361702073706F6F66696E67206F6E50
:10692000676F696E67202873637265656E2077698B
:106930006C6C20667265657A65290D00666C6F6FF8
:1069400064000000466C6F6F64696E67206D6F6451
:10695000756C652073746F707065642E0D00000097
:1069600055736167653A20666C6F6F64203C6361A4
:106970006E5F69645F6865783E205B646174615F27
:106980006865785D0D000000496E76616C69642071
:1069900043414E20494420286D7573742062652060
:1069A0007374616E646172642031312D626974297F
:1069B0002E0D0000466C6F6F64206672616D65205D
:1069C000757064617465642028444C433D30292E01
:1069D0000D000000466C6F6F64206F6E676F696E0C
:1069E00067202873637265656E2077696C6C20661A
:1069F0007265657A65292E0D0000000063616E00E6
:106A000055736167653A2063616E203C7061726105
:106A10006D3E203C76616C75653E0D0043414E2015
:106A20007072657363616C65722075706461746502
:106A3000642E0D00747365673100000043414E20E1
:106A4000545345473120757064617465642E0D00A0
:106A5000747365673200000043414E20545345472C
:106A60003220757064617465642E0D00736A77005E
:106A700043414E20534A5720757064617465642EFB
:106A80000D0000006175746F72657472790000000A
:106A900043414E207472616E736D697373696F6EDA
:106AA000206175746F726574727920757064617499
:106AB00065642E0D000000007472616E736D697460
:106AC000706175736500000043414E205472616E21
:106AD000736D697450617573652075706461746558
:106AE000642E0D006175746F7265636F7665720058
:106AF0004275734F6666206175746F207265636FAF
:106B00007665727920757064617465642E0D00007D
:106B100061636B004C697374656E2D6F6E6C7920C8
:106B20006D6F646520286E6F2041434B292E0D0048
:106B30004E6F726D616C206D6F64652028772F2019
:106B400041434B292E0D0000556E6B6E6F776E2002
:106B500043414E20706172616D657465722E0D0047
:106B60007564730055736167653A20756473203CE2
:106B7000427C437C447C2A3E203C6865785F70619F
:106B8000796C6F61643E2E20557365202A20666FF4
:106B9000722062726F6164636173742E0D00000075
:106BA0002A000000420000004300000044000000F2
:106BB000410000004572726F723A20557365207370
:106BC0006C63616E20746F2073656E64205544534E
:106BD00020636F6D6D616E647320746F2045435543
:106BE00020412E0D00000000496E76616C69642022
:106BF0004543552E2055736520422C20432C2044BC
:106C00002C206F72202A2E0D00000000496E766144
:106C10006C6964207061796C6F61642E204D7573AE
:106C20007420626520312D37206279746573206885
:106C300065782E0D00000000554453205061796C9A
:106C40006F61642073656E742E0D000073696C654E
:106C50006E63650055736167653A2073696C656E94
:106C60006365203C427C437C447C2A3E0D0000004E
:106C700053696C656E63696E6720616C6C20454377
:106C80005573202862726F616463617374292E0DDD
:106C9000000000003331303130323030000000006D
:106CA000454355204120646F6573206E6F742073D7
:106CB0007570706F7274207468697320636F6D6D86
:106CC000616E642E0D00000053696C656E63696E21
:106CD000672045435520422E0D00000053696C6526
:106CE0006E63696E672045435520432E0D000000FA
:106CF00053696C656E63696E672045435520442E69
:106D00000D00000074616C6B00000000557361673A
:106D1000653A2074616C6B203C427C437C447C2A45
:106D20003E0D0000526573746F72696E6720636F69
:106D30006D6D756E69636174696F6E20666F722028
:106D4000616C6C20454355732E0D00003331303299
:106D50003032303000000000526573746F72696E1B
:106D60006720454355204220636F6D6D756E6963E2
:106D70006174696F6E2E0D00526573746F72696E67
:106D80006720454355204320636F6D6D756E6963C1
:106D90006174696F6E2E0D00526573746F72696E47
:106DA0006720454355204420636F6D6D756E6963A0
:106DB0006174696F6E2E0D00747261666669636D31
:106DC0006F646500416374697665207472616666FC
:106DD0006963206D6F646520284543552041293A39
:106DE000206A313933392E0D000000004163746987
:106DF00076652074726166666963206D6F646520D4
:106E0000284543552041293A2064656661756C74B4
:106E10002E0D000064656661756C74006A3139334B
:106E200039000000496E76616C6964206D6F64659D
:106E30002E2055736167653A2074726166666963D6
:106E40006D6F6465203C64656661756C747C6A3145
:106E50003933393E2E0D00005377697463686564D9
:106E60002074726166666963206D6F6465206F6E61
:106E700020616C6C20454355732E0D0072616E6469
:106E80006F6D697A65000000546F6F206D616E79D7
:106E900020617267756D656E74732E20557361671E
:106EA000653A2072616E646F6D697A652E0D00001F
:106EB00052616E646F6D697A696E6720626F6F747C
:106EC0002064656C61797320666F7220454355209C
:106ED000422F432F442E204E6F74652074686174D6
:106EE00020626F6F74206F72646572206973206115
:106EF0006C77617973207468652073616D652028F3
:106F0000422D3E432D3E44292E0D000072657365CF
:106F10007463616E0000000055736167653A20720A
:106F20006573657463616E203C427C437C443E0D16
:106F300000000000526573657474696E67204341F8
:106F40004E205065726970686572616C206F6620B2
:106F500045435520422E0D0033313031303232332B
:106F600000000000526573657474696E67204341C8
:106F70004E205065726970686572616C206F662082
:106F800045435520432E0D00526573657474696E38
:106F9000672043414E205065726970686572616C6C
:106FA000206F662045435520442E0D00496E7661C2
:106FB0006C6964204543552E2055736520422C2072
:106FC000432C206F7220442E0D00000062620000EE
:106FD00062697462616E6700496E76616C696420F3
:106FE0006E756D626572206F6620617267756D6582
:106FF0006E74732E20547970652022626974626108
:107000006E672068656C702220666F722068656C00
:10701000702E0D0042697462616E6720636F6D6D42
:10702000616E64733A0D2062622072656164202093
:107030002020202020202020202D20526561642047
:10704000616E64207061727365206F6E65204341CC
:107050004E206672616D6520286D69676874206FC7
:1070600063636173696F6E616C6C79206C6F7365BB
:107070002073796E6320616E642073617920626190
:107080006420435243290D206262206A616D2020F2
:10709000202020202020202020202D204A616D202B
:1070A0007468652043414E206275732062792061C7
:1070B0006C7465726E6174696E67203020616E64F5
:1070C000203120756E74696C2074696D656F7574FC
:1070D000202869676E6F72657320747269676765CF
:1070E00072290D206262206275736C6F61642020CA
:1070F0002020202020202D204D6561737572652091
:1071000043414E20627573206C6F61640D20626292
:107110002064756D70202020202020202020202039
:107120002D2044756D702043414E2062757320629E
:107130006974730D2062622064656E79203C6E3E36
:10714000202020202020202D2053656E64206F6E8B
:107150006520646F6D696E616E742061667465721E
:1071600020362B6E207265636573736976652062C5
:1071700069747320286C6F6F707320756E74696CFE
:107180002074696D656F75743B2073656520626559
:107190006C6F77290D2062622064656E796F6E6373
:1071A00065203C6E3E2020202D2053616D652061BE
:1071B000732064656E792C20627574206578656330
:1071C00075746564206F6E6365207768696C6520EF
:1071D0007265636F7264696E672E0D206262207340
:1071E000656E64203C6D73673E20202020202D209A
:1071F00053656E642072617720626974737472657E
:10720000616D20286F6E636529207768656E207434
:10721000726967676572656420287374617274733C
:10722000206F6E206E6578742062697420616674C8
:107230006572207472696767657220636F6E646936
:1072400074696F6E206465746563746564292E0DBE
:10725000206262206C6F6F706F66202020202020DB
:107260002020202D2053656E642061206C6F6F708C
:10727000206F66206F7665726C6F61642066726144
:107280006D657320616674657220747269676765E5
:1072900072206D6573736167652028756E74696C03
:1072A0002074696D656F7574290D206262207365A5
:1072B00074203C703E203C763E202020202D205320
:1072C000657420706172616D657465722E205365FE
:1072D00065202762622073686F772720666F7220AF
:1072E0006C6973742E0D2062622073686F772020A2
:1072F0002020202020202020202D2053686F772060
:10730000636F6E66696775726174696F6E0D0D48A3
:107310004F5720544F2055534520287365652064EE
:107320006F63756D656E746174696F6E20666F72E0
:107330002064657461696C73290D0D4669727374FC
:1073400020736574206120747269676765722028F4
:1073500073706563696669632043414E2049442028
:107360002F27616E79272F2769646C65272F276E79
:107370006F77272920616E642074696D656F75745D
:107380002076616C75652077697468207468652063
:1073900073657420636F6D6D616E642E0D45786149
:1073A0006D706C65733A2762622073657420747225
:1073B000696720303234272C20276262207365747D
:1073C000207472696720616E79272C202762622001
:1073D0007365742074696D656F7574203530303055
:1073E000272E0D436F6D6D616E64732077696C6C31
:1073F0002072657475726E207768656E207468659A
:10740000792073756363656564206F7220776865A2
:107410006E20746865792074696D656F75742028B5
:10742000747269676765722074696D656F75742021
:107430006F7220656E64206F66206C6F6F70292EEE
:107440000D0D436F6D6D616E6473202764656E79F9
:107450002720616E64202764656E795F6F6E6365B7
:10746000272074617267657420746865206269748E
:107470002070726F766964656420696E206172673E
:10748000756D656E743A206E3D30202D3E20454F5F
:107490004631202872782F7478206572726F7229B5
:1074A0002C206E3D31202D3E20454F463020287443
:1074B00078206572726F72292C206E3D32202D3E2D
:1074C000204946533220284F46292C206E3D332038
:1074D0002D3E204946533120284F46292C206E3D11
:1074E000342D3E204946533020284F4B292E0D4540
:1074F00043552044277320636865636B20656E677E
:10750000696E65204C4544206C696768747320750A
:1075100070206F6E2043414E206572726F72206141
:107520006E6420626C696E6B73206F6E206275737F
:10753000206F66662E20596F752063616E2072651C
:1075400073657420454355204427732063616E2082
:10755000776974682027726573657463616E20446F
:10756000272028666F7220627573206F66662C2054
:1075700075736520277265736574204427292E0D65
:107580004543557320686176652061757265747234
:10759000616E736D6974204F4E2062792064656658
:1075A00061756C742120796F752063616E20646948
:1075B0007361626C65206974207769746820554432
:1075C000532C20652E672E2C2027756473204420B1
:1075D0003331303130323232303030303030272EAB
:1075E0002028666972737420303020666F722062C2
:1075F00075736F6666206175746F7265636F76650B
:10760000722C207365636F6E6420303020666F7259
:10761000206175746F2072657472616E736D697428
:107620002C206C61737420303020666F722074726D
:10763000616E736D6974207061757365292E0D0D0F
:107640000D5761726E696E673A2043414E2074692E
:107650006D696E6720706172616D6574657273200B
:10766000617265206E6F7420636865636B6564206A
:107670002D206D6F64756C65206D61792068616E79
:107680006720696620746865792061726520696E7B
:1076900076616C69642E0D436F6D6D616E6473204D
:1076A00073756368206173206275736C6F61642009
:1076B0006F72207265616420617373756D65206EF1
:1076C0006F206572726F7273206F6E207468652010
:1076D00043414E206275732E0D0000007265616497
:1076E000000000006A616D004A616D6D696E672E71
:1076F0002E2E0000446F6E65210D00006275736CC4
:107700006F6164004D6561737572696E67206275A3
:1077100073206C6F61642E2E2E0D000064756D70E9
:107720000000000044756D70696E672062757320FB
:10773000626974732E2E2E0D0000000064656E7950
:10774000000000004572726F723A2064656E792005
:107750007265717569726573203120706172616D37
:10776000657465722E0D000044656E79696E672E32
:107770002E2E0D00446F6E652E0D0000496E766151
:107780006C6964206E756D6265722E0D00000000DC
:1077900064656E796F6E6365000000004572726FFC
:1077A000723A2064656E796F6E63652072657175DB
:1077B00069726573203120706172616D65746572E4
:1077C0002E0D000073656E640000000053656E644A
:1077D000696E672E2E2E0D00496E76616C696420ED
:1077E0006E756D626572206F6620617267756D657A
:1077F0006E74730D000000006C6F6F706F66000098
:107800004C6F6F70696E67204F7665726C6F616444
:10781000204672616D65732E2E2E0D007365740007
:107820004572726F722073657474696E672070613F
:1078300072616D657465722E0D00000073686F775C
:1078400000000000496E76616C69642062697462B0
:10785000616E6720636F6D6D616E642E2054797068
:1078600065202762697462616E672068656C7027A5
:1078700020666F722068656C702E0D00620000003B
:10788000657869740000000071756974000000007B
:10789000736C63616E0000007265736574000000B4
:1078A000526573657474696E672E2052656D656DDF
:1078B00062657220746F2066697273742073656EDE
:1078C00064207468652022232220636F6D6D616ED1
:1078D0006420746F207265656E74657220746869C7
:1078E0007320696E746572666163652E0D00000019
:1078F000546F6F206D616E7920706172616D657477
:107900006572732E20557365202772657365742721
:1079100020746F20726573657420746865207768C1
:107920006F6C6520626F6172642C206F72207072C0
:107930006F7669646520422F432F44206173206174
:107940007267756D656E742E20466F722065786162
:107950006D706C652C207573652027726573657476
:1079600020422720746F207265736574204543554B
:1079700020422E0055736520277265736574272099
:1079800077697468206E6F20706172616D657465CF
:10799000727320746F20726573657420454355209F
:1079A000412028616E64206F7468657220454355DC
:1079B000732077697468206974292E0D0000000017
:1079C000526573657474696E672045435520422E75
:1079D0000D000000526573657474696E672045433D
:1079E0005520432E0D000000526573657474696E56
:1079F000672045435520442E0D000000636C6561EF
:107A0000720000000D0D0D0D0D0D0D0D0D0D0D0D68
:107A10000D0D0D0D0D0D0D0D0D0D0D0D0D0D0D0D96
:107A20000D0D0D0D0D0D0D0D0D0D0D0D0D0D0D0D86
:107A30000D0D0D0D0D0D0D0D0D0D0D0D0D0D0D0D76
:107A40000D0D0D0D0D0D0D0D0D0D0D0D0D0D0D0D66
:107A50000D0D0D0D0D0D0D0D0D0D0D0D0D0D0D0D56
:107A60000D0D0D0D0D0D0D0D0D0D0D0D0D0D0D0D46
:107A70000D0D0D0D0D0D0D0D0D0D0D0D0D0D000050
:107A8000556E6B6E6F776E20636F6D6D616E643ACD
:107A9000200000000D54797065202268656C70220A
:107AA00020666F722068656C702E2052656D656D62
:107AB0006265722074686520696E746572666163C0
:107AC0006520697320636173652073656E736974E3
:107AD0006976652E0D0000000D3E00003F3F3F3FE0
:107AE0003F000000563120534C43414E2052344D4C
:107AF0004E202800563120534C43414E2052414DD8
:107B00004E20280053657020203420323032360059
:107B100030313A30393A34360000000057656C6332
:107B20006F6D6520746F2052414D4E20434C492E9D
:107B30002054797065202768656C702720666F7205
:107B40002068656C702E0D3E000000006874747033
:107B5000733A2F2F72616D6E2E727466642E696F88
:107B60002F0D0000710000007A5A00006420526559
:107B700073657474696E670D00000000546F6F20A8
:107B80006D616E79207461736B730D005374617451
:107B90007320636F6D70757465642066726F6D20FD
:107BA000626F6F742073746174652E205573652045
:107BB00072696768746D6F73742076616C75657334
:107BC00020746F20636F6D707574652064656C74CC
:107BD00061732E0D000000004E6F095461736B201D
:107BE0004E616D650953746174650955736167650C
:107BF00009537461636B09002028756C546F7461BC
:107C00006C52756E54696D65290D00003A090000CB
:107C100009090000090000002500000052756E6E81
:107C2000696E67005265616479000000426C6F63A1
:107C30006B00000053757370656E640044656C657D
:107C400074656400496E76616C69640049000000E7
:107C50004500000064202D2D2D2D2D2D2D2D2D2D99
:107C60002D2D2D2D2D2D2D2D2D2D2D2D2D2D2D2D44
:107C70002D2D2D2D2D2D2D2D2D2D2D2D2D2D2D2D34
:107C80002D2D2D2D2D2D200D00000000642045529E
:107C9000524F5220212052656769737465727320B8
:107CA00064756D7065642062656C6F770D0000000F
:107CB00048414C5F464443414E5F4552524F525FEC
:107CC00054494D454F5554200000000048414C5F39
:107CD000464443414E5F4552524F525F4E4F545FB0
:107CE000494E495449414C495A454420000000003E
:107CF00048414C5F464443414E5F4552524F525FAC
:107D00004E4F545F524541445920000048414C5F5A
:107D1000464443414E5F4552524F525F4E4F545F6F
:107D200053544152544544200000000048414C5FE8
:107D3000464443414E5F4552524F525F4E4F545F4F
:107D4000535550504F5254454420000048414C5F19
:107D5000464443414E5F4552524F525F504152415B
:107D60004D20000048414C5F464443414E5F455220
:107D7000524F525F50454E44494E4720000000008C
:107D800048414C5F464443414E5F4552524F525F1B
:107D900052414D5F414343455353200048414C5F9E
:107DA000464443414E5F4552524F525F4649464F0B
:107DB0005F454D505459200048414C5F4644434173
:107DC0004E5F4552524F525F4649464F5F46554CB3
:107DD0004C20000048414C5F464443414E5F4552B1
:107DE000524F525F4C4F475F4F564552464C4F578C
:107DF0002000000048414C5F464443414E5F4552DD
:107E0000524F525F52414D5F5744472000000000DF
:107E1000642048414C5F464443414E5F4552524FB7
:107E2000525F50524F544F434F4C5F415242542087
:107E30002D3E2000464443414E5F50524F544F4325
:107E40004F4C5F4552524F525F53545546462000A7
:107E5000464443414E5F50524F544F434F4C5F4551
:107E600052524F525F464F524D200000464443410C
:107E70004E5F50524F544F434F4C5F4552524F52FA
:107E80005F41434B20000000464443414E5F505247
:107E90004F544F434F4C5F4552524F525F424954EB
:107EA00031200000464443414E5F50524F544F43EF
:107EB0004F4C5F4552524F525F42495430200000B0
:107EC000464443414E5F50524F544F434F4C5F45E1
:107ED00052524F525F4352432000000046444341F8
:107EE0004E5F50524F544F434F4C5F4552524F528A
:107EF0005F4E4F5F4348414E474520006420484154
:107F00004C5F464443414E5F4552524F525F505280
:107F10004F544F434F4C5F44415441202D3E20006D
:107F2000642048414C5F464443414E5F4552524FA6
:107F3000525F52414D5F574447200D006420545812
:107F4000204552524F52533A2030780020667261D9
:107F50006D657329205258204552524F52533A2092
:107F60003078000020455252204C4F473A2030785C
:107F70000000000020434F4D503A203078000000B0
:107F8000642021205258204572726F7220686173FC
:107F90002072656163686564206572726F7220701B
:107FA000617373697665206C6576656C206F6620F9
:107FB00031323820210D0000642043757272656EE5
:107FC000742053746174653A200000004E6F64653C
:107FD0002069732073796E6368726F6E697A696E57
:107FE00067206F6E2043414E20636F6D6D756E6923
:107FF000636174696F6E00004E6F64652069732061
:108000006E6569746865722072656365697665720C
:10801000206E6F72207472616E736D697474657214
:10802000000000004E6F6465206973206F706572F8
:108030006174696E67206173207265636569766536
:10804000720000004E6F6465206973206F70657266
:108050006174696E67206173207472616E736D69FB
:108060007474657200000000496E76616C6964206A
:10807000636F6D6D756E69636174696F6E20737483
:1080800061746500642054686520464443414E2075
:10809000697320696E204572726F725F50617373ED
:1080A0006976652073746174650D00006420417405
:1080B000206C65617374206F6E65206F6620746834
:1080C00065206572726F7220636F756E746572736E
:1080D00020686173207265616368656420746865F7
:1080E000204572726F725F5761726E696E67206CA5
:1080F000696D6974206F662039360D0064205468FC
:108100006520464443414E20697320696E204275C4
:10811000735F4F66662073746174650D0000000024
:1081200064204C61737420726563656976656420B0
:1081300043414E204644206D657373616765206836
:108140006164206974732045534920666C6167201F
:108150007365740D0000000064204C61737420721C
:10816000656365697665642043414E204644206D11
:108170006573736167652068616420697473204268
:10818000525320666C6167207365740D0000000017
:1081900064204E6577206D65737361676520726535
:1081A0006365697665642073696E6365206C6173CD
:1081B000742070726F746F636F6C20737461747568
:1081C000730D0000642050726F746F636F6C2065D4
:1081D0007863657074696F6E206576656E74206F64
:1081E000636375727265640D000000006420434192
:1081F0004E20425553204F4B0D0000006420427525
:1082000066666572206F76657272756E2072657033
:108210006F72746564206F6E2043414E2052656317
:10822000657074696F6E0D0064204572726F722004
:108230007265706F727465642062792055534220B4
:108240006D6F64756C6520286F766572666C6F77EC
:108250003F29200D0000000064202D2D2D2D2D2DF7
:108260002D2D2D2D2D2D2D2D2D2D2D2D2D2D2D2D3E
:108270002D2D2D2D2D2D2D2D2D2D2D2D2D2D2D2D2E
:108280002D2D2D2D2D2D2D2D2D2D200D0D000000F2
:1082900030313A30393A34380000000052414D4E06
:1082A0000000000049444C4500000000546D72512C
:1082B00000000000546D722053766300546F796F94
:1082C0007461204D6F746F7220436F72706F7261B2
:1082D00074696F6E0000000052414D4E20436F6D77
:1082E000706F73697465204465766963650000008A
:1082F0004D444320436F6E66696700004D44432040
:10830000496E7465726661636500000094550108EA
:10831000000000000000000000000000000000005D
:10832000000400002A00000000000000000000001F
:10833000A45501080000000000000000000000003B
:1083400000000000000800002900000000000000FC
:1083500000000000B455010800000000000000000B
:1083600000000000000000000004000030000000D9
:108370000000000000000000C455010800000000DB
:10838000B4040320AC0000006005032000040000DA
:108390000F0000000000000000000000D0550108A0
:1083A0000000000064090320AC000000100A032054
:1083B00000040000100000000000000000000000A9
:1083C000DC55010800000000140E0320AC00000082
:1083D000C00E032000040000310000000000000077
:1083E00000000000EC55010800000000C41203204A
:1083F000AC00000070130320000400002000000007
:108400000000000000000000FC5501080000000012
:1084100074170320AC0000002018032000040000A3
:108420002800000000000000000000000C560108B9
:1084300000000000241C0320AC000000D01C03201E
:108440000004000018000000000000000000000010
:108450001C560108000000000000000000000000A1
:1084600000000000000400001800000000000000F0
:10847000000000000001010001010000B532000809
:1084800029310008ED320008453100081933000891
:108490007531000885360008B13600083133000810
:1084A0008D31000849330008A53100086133000808
:1084B000BD3100088D33000845350008000000007C
:1084C0005D350008A5330008E5310008C933000810
:1084D000F5310008DD3300080132000811340008CE
:1084E00025320008353400083532000855340008BC
:1084F000753500088534000809360008D1340008B5
:10850000A13500084532000861320008E136000854
:10851000A5370008FD360008D137000819370008D4
:10852000FD370008353700082938000851370008A2
:10853000553800086D370008813800080D310008F3
:1085400011310008000000008D3200085D3600087F
:108550004D36000861360008513600081531000814
:108560001D31000889370008AD380008653600085D
:10857000553600086936000859360008713600087B
:10858000793600086D360008053600081C7C0108A5
:10859000247C01082C7C0108347C01083C7C010807
:1085A000447C010800000000963007772C610EEE35
:1085B000BA51099919C46D078FF46A7035A563E93A
:1085C000A395649E3288DB0EA4B8DC791EE9D5E061
:1085D00088D9D2972B4CB609BD7CB17E072DB8E760
:1085E000911DBF906410B71DF220B06A4871B9F3B5
:1085F000DE41BE847DD4DA1AEBE4DD6D51B5D4F4EE
:10860000C785D38356986C13C0A86B647AF962FD52
:10861000ECC9658A4F5C0114D96C0663633D0FFA9F
:10862000F50D088DC8206E3B5E10694CE44160D5A5
:10863000727167A2D1E4033C47D4044BFD850DD28F
:108640006BB50AA5FAA8B5356C98B242D6C9BBDBA2
:1086500040F9BCACE36CD832755CDF45CF0DD6DC9D
:10866000593DD1ABAC30D9263A00DE518051D7C844
:108670001661D0BFB5F4B42123C4B3569995BACFCF
:108680000FA5BDB89EB802280888055FB2D90CC6F0
:1086900024E90BB1877C6F2F114C6858AB1D61C169
:1086A0003D2D66B69041DC760671DB01BC20D29888
:1086B0002A10D5EF8985B1711FB5B606A5E4BF9F15
:1086C00033D4B8E8A2C9077834F9000F8EA8099608
:1086D00018980EE1BB0D6A7F2D3D6D08976C649173
:1086E000015C63E6F4516B6B62616C1CD83065858C
:1086F0004E0062F2ED95066C7BA5011BC1F4088269
:1087000057C40FF5C6D9B06550E9B712EAB8BE8BA9
:108710007C88B9FCDF1DDD62492DDA15F37CD38C32
:10872000654CD4FB5861B24DCE51B53A7400BCA330
:10873000E230BBD441A5DF4AD795D83D6DC4D1A462
:10874000FBF4D6D36AE96943FCD96E34468867AD39
:10875000D0B860DA732D0444E51D03335F4C0AAAD8
:10876000C97C0DDD3C710550AA41022710100BBEDB
:1087700086200CC925B56857B3856F2009D466B922
:108780009FE461CE0EF9DE5E98C9D9292298D0B057
:10879000B4A8D7C7173DB359810DB42E3B5CBDB704
:1087A000AD6CBAC02083B8EDB6B3BF9A0CE2B60385
:1087B0009AD2B1743947D5EAAF77D29D1526DB043A
:1087C0008316DC73120B63E3843B64943E6A6D0D85
:1087D000A85A6A7A0BCF0EE49DFF099327AE000AD0
:1087E000B19E077D44930FF0D2A3088768F2011E63
:1087F000FEC206695D5762F7CB67658071366C19FA
:10880000E7066B6E761BD4FEE02BD3895A7ADA101A
:10881000CC4ADD676FDFB9F9F9EFBE8E43BEB717FB
:10882000D58EB060E8A3D6D67E93D1A1C4C2D83885
:1088300052F2DF4FF167BBD16757BCA6DD06B53FEB
:108840004B36B248DA2B0DD84C1B0AAFF64A03362A
:10885000607A0441C3EF60DF55DF67A8EF8E6E31A9
:1088600079BE69468CB361CB1A8366BCA0D26F25F2
:1088700036E2685295770CCC03470BBBB91602223F
:108880002F260555BE3BBAC5280BBDB2925AB42B54
:10889000046AB35CA7FFD7C231CFD0B58B9ED92C69
:1088A0001DAEDE5BB0C2649B26F263EC9CA36A75CE
:1088B0000A936D02A906099C3F360EEB8567077285
:1088C00013570005824ABF95147AB8E2AE2BB17BEC
:1088D000381BB60C9B8ED2920DBED5E5B7EFDC7C73
:1088E00021DFDB0BD4D2D38642E2D4F1F8B3DD68CA
:1088F0006E83DA1FCD16BE815B26B9F6E177B06FC5
:108900007747B718E65A0888706A0FFFCA3B0666B1
:108910005C0B0111FF9E658F69AE62F8D3FF6B613E
:1089200045CF6C1678E20AA0EED20DD75483044EE0
:10893000C2B30339612667A7F71660D04D4769496E
:10894000DB776E3E4A6AD1AEDC5AD6D9660BDF4081
:10895000F03BD83753AEBCA9C59EBBDE7FCFB24734
:10896000E9FFB5301CF2BDBD8AC2BACA3093B35319
:10897000A6A3B4240536D0BA9306D7CD2957DE5422
:10898000BF67D9232E7A66B3B84A61C4021B685DFB
:10899000942B6F2A37BE0BB4A18E0CC31BDF055A74
:1089A0008DEF022D52414D4E2A4543555F412A30ED
:1089B0003030312A554E4954312A0000100220002F
:1089C0000FA000017C840108F48A01080700000060
:1089D000EC8901081000010004850108D48B01080E
:1089E000070000006C8A01081100000001F000007F
:1089F00001000000000400000000000003F000007F
:108A000003000000000000000200000004F000006D
:108A10000400000009F000000600000005F000005E
:108A2000080000000001000007000000FAFE00003E
:108A30000D000000F1FE00000C000000CCFD000065
:108A40000B00000041FE00000F00000000FF0000CE
:108A50001000000002FF0000FF00000000EF000017
:108A6000FF000000D4FD0000FF0000002400000013
:108A7000010000001A0000000000000039000000A2
:108A8000030000002F00000002000000430000006F
:108A90000400000062000000060000005800000012
:108AA0000500000077000000080000006D000000D5
:108AB000070000009800000009000000A20000006C
:108AC0000A000000D30100000D000000C9010000F1
:108AD0000C000000A70100000B000000B80100001E
:108AE0000E000000500100000F000000BB0100005C
:108AF000100000002A0B04040000004000000000E9
:108B0000000000000800000014000000FFFFFFFF4D
:108B1000000000002A00000C0000004000000000DF
:108B200000000000080000000A000000FFFFFFFF37
:108B3000020000002A04F00C0000004000000000C9
:108B4000000000000800000014000000FFFFFFFF0D
:108B5000040000002A13EF0800000040000000009D
:108B6000000000000800000014000000FFFFFFFFED
:108B7000050000002A03010C000000400000000076
:108B8000000000000800000032000000FFFFFFFFAF
:108B9000070000002A5AEF18000000400000000003
:108BA000000000000800000064000000FFFFFFFF5D
:108BB0000A0000002AF1FE1800000040000000003A
:108BC000000000000800000064000000FFFFFFFF3D
:108BD0000C0000001A00000000000000000000006F
:108BE00000000000080000000A0000001000200043
:108BF000000000002F000000000000000000000046
:108C000000000000080000000A0000001000200022
:108C1000020000004300000000000000000000000F
:108C200000000000080000000A0000001000200002
:108C300004000000580000000000000000000000D8
:108C400000000000080000000A00000010002000E2
:108C5000050000006D0000000000000000000000A2
:108C60000000000008000000640000001000200068
:108C700007000000A200000000000000000000004B
:108C80000000000008000000640000001000200048
:108C90000A000000C9010000000000000000000000
:108CA0000000000008000000640000001000200028
:108CB0000C0000000001020304050607080C101454
:108CC000182030403031323334353637383941426C
:108CD0004344454600000000000000000000000082
:108CE0000000000000000000000000000000000084
:108CF0000000000000000000000000000000000074
:108D00000000000000010203040506070809000036
:108D100000000000000A0B0C0D0E0F000000000008
:108D20000000000000000000000000000000000043
:108D300000000000000A0B0C0D0E0F0000000000E8
:108D40000000000000000000000000000000000023
:108D50000000000000000000000000000000000013
:108D60000000000000000000000000000000000003
:108D700000000000000000000000000000000000F3
:108D800000000000000000000000000000000000E3
:108D900000000000000000000000000000000000D3
:108DA00000000000000000000000000000000000C3
:108DB00000000000000000000000000000000000B3
:108DC00000000000000000000000000000000000A3
:108DD00000000000A0860100400D0300801A06007C
:108DE00000350C0040420F0080841E0000093D0049
:108DF00000127A000024F40000366E010048E801F9
:108E0000006CDC0200000000000000000000000018
:108E10000000000000000000010203040000000048
:108E20000000000001020304060708090001020314
:108E300004050607080C1014182030403700000005
:088E40000074FE7F0100000038
:048E480025020008F7
:048E4C000102000817
:108E5000D0070000FFFFFFFF5000A000010000004E
:108E60000000000000000000000000000000000002
:108E700000000000000000000000000000000000F2
:108E800000000000000000000000000002000000E0
:108E90000100000000000000000000000000004091
:108EA00000000000020000000100000000000000BF
:108EB0000000000000000000000000000000FF07AC
:108EC000010001000000000000000000010000009F
:108ED0000000000000000101D88901080000000026
:108EE000E807000000000000000000000000000093
:108EF0000000000000000000000000000000000072
:108F00000000000000000000E80700000000000072
:108F10000000000000000000000000000000000051
:108F20000000000000000000000000000001000040
:108F300000000000000000000000000000093D00EB
:108F40000100000008000000000000000000000018
:108F50000000000000000000010000000000000010
:108F600000000000200000000D160108C9150108CE
:108F70009D15010800000000551401082515010881
:108F8000C5140108000000000000000000000000FF
:108F90008514010885140108851401089514010839
:108FA000A514010812034D0053004600540031007F
:108FB000300030002000000009024B000201008058
:108FC000FA080B0002020201020904000001020279
:108FD00001000524001001052401000104240202FF
:108FE00005240600010705830308000809040100A1
:108FF000020A000000070504024000000705840281
:10900000400000000A0600020000004001000000CD
:10901000AAAAAAAA1D4F0108854D0108894D010879
:10902000254E0108F14D01081A0300000000000060
:109030000000000000000000000000000000000030
:10904000000000000403090412010002EF020140C5
:10905000830440570001010203010000D14F0108C1
:10906000DD4F0108E94F010801500108495001088E
:1090700019500108315001082C02032000000000A3
:1090800090710320F871032060720320000000003B
:1090900000000000000000000000000000000000D0
:1090A00000000000000000000000000000000000C0
:1090B00000000000000000000000000000000000B0
:1090C000000000000000000070B58AB072B6AA244B
:1090D0004FF40055684600F067F80621069BCDE97D
:1090E000044543F08063284A00910693936A002B5D
:1090F00003DA2649264B91609360234B9A6A52000B
:1091000003D52449244A19611A61244C2378012B80
:1091100036D0012300264FF47A702370666000F089
:109120003FF8054668B12670174B9A6A42F08042B4
:109130009A629A6A42F000429A6262B601200AB0CC
:1091400070BD114E049A336C4FF47A7023F0FF0314
:1091500013433364326C069B22F0806203F0806319
:1091600013433364B36A43F40033B36200F018F876
:1091700025700028D8D1B36A43F00063B362DCE7FE
:1091800002200AB070BD00BF0020024023016745E5
:10919000AB89EFCD3B2A19087F6E5D4CF8000320A8
:1091A0005FF800F049B700085FF800F0A9BA0008BE
:040000050800A99DA9
:00000001FF
