:020000040800F2
:100000000000042075600008F15E0008F55E00083D
:10001000F95E0008FD5E0008015F0008C560000889
:100020000000000000000000000000003101010895
:10003000055F000800000000C10001089DD900080C
:10004000C5600008C5600008C5600008C5600008FC
:10005000C5600008C5600008C5600008C5600008EC
:10006000C5600008C5600008C5600008C5600008DC
:10007000C5600008C5600008C5600008C5600008CC
:10008000C5600008C5600008C5600008C5600008BC
:10009000C5600008C5600008C5600008C5600008AC
:1000A000C5600008C5600008C5600008C56000089C
:1000B000C5600008095F0008155F0008C5600008FA
:1000C000C5600008C5600008C5600008C56000087C
:1000D000C5600008C5600008C5600008215F000811
:1000E0002D5F0008C5600008395F0008C560000882
:1000F000C5600008C5600008C5600008C56000084C
:10010000C5600008455F0008515F0008C560000831
:10011000C5600008C5600008C5600008C56000082B
:10012000C56000085D5F0008695F0008C5600008E1
:10013000755F0008C5600008C5600008C56000085C
:10014000C5600008C5600008815F0008C560000840
:10015000C5600008C5600008C5600008C5600008EB
:10016000C56000088D5F0008C5600008C560000814
:10017000C560000800000000C56000080000000025
:10018000995F0008C5600008C5600008C5600008E8
:10019000C5600008C5600008C5600008C5600008AB
:1001A000C5600008C5600008C5600008C56000089B
:1001B000C560000800000000A55F0008C5600008D9
:1001C000C560000800000000C5600008C5600008A8
:1001D000C5600008C5600008C5600008C56000086B
:1001E000C5600008C5600008C5600008C56000085B
:0401F000000000000B
:1002000010B5054C237833B9044B13B10448AFF350
:1002100000800123237010BD600203200000000055
:100220008806010808B5034B1BB103490348AFF327
:10023000008008BD00000000640203208806010859
:10024000034613F8012B002AFBD1181A0138704716
:10025000704700BF01F030BEF0B5274C274E9BB071
:100260004FF0FF332822694620680EF00BFA282849
:10027000F6D1039805F088F90546002834D1029B91
:100280009BB929460AAA009801F0A4FE0EF0FAFED6
:100290000AA90246684602F021F80EF0F3FE0AA908
:1002A0000246684601F0EEFDDAE7B3F1005FF4D1F3
:1002B00040F20172009B9342EFD10822039900277C
:1002C000914228BF11460D46C6E90577B760019FE8
:1002D0000B490C48C6E90037F56005F061F9304676
:1002E000084901F06FFCD8E74FF0FF332A46206839
:1002F0000AA90EF0C7F9C2E7942703208802032059
:100300009005FA0B800203202DE9F0431F4D9BB0AE
:10031000DFF8808001AE0AAF002404EBC401C4F111
:1003200024024FF0FF33286806EB81010EF0AAF992
:100330000444232CF1D9049805F026F9039B814647
:10034000B3F1005F00D0A0B9114807F055F950B1E2
:100350003A4631460E4807F019F8D8F80C30013308
:10036000C8F80C30D8E74FF0FF3201210FF00AF93E
:10037000EAE70024A9EB040239194FF0FF3328689B
:100380000EF080F904444C45F4D3DDE790270320B8
:10039000382603200000032000B583B001F0C6FD1D
:1003A00001F0F6FA03221849184806F085FA03F01E
:1003B000FBF900F0CBFD03F053FA0EF063FE01F001
:1003C0005BFD13480AF0E8FD12480AF0ADFD124C3F
:1003D0000EF058FE019003F0EDF9019803F046FA93
:1003E000019800F0B5FD237813B9019801F0E4FEFF
:1003F000019801F051FD019801F064FF0A2101A864
:100400000EF086FDE4E700BF002A03202827032022
:1004100070230320D8220320760003202DE9F04129
:100420000026214DDFF88C80204FA6B012E00FF09F
:10043000EFFC98F8003033B10B9B23B164200DF032
:1004400065FB01F0A5FA00220223114638680096E8
:100450000FF01AF94FF0FF32012100200FF092F84F
:100460000FF0C8FC124807F01DFA044606A9104810
:1004700007F088F802A90E4807F0ACF85422294684
:1004800011A8AC6010F0A8F8094B1E66189BB3F5D4
:10049000003FCCD9AB689B02C9D5012385F8203039
:1004A0000B9301F01DFBC2E700000320FC1A0320A0
:1004B000382603207C02032000232DE9F04D84B070
:1004C0007D4EDFF80082DFF804B27C4DDFF800A239
:1004D0000DF10E078DF80B3013E028680DF0DCFFEE
:1004E000012808D94FF0FF330222286803A90EF033
:1004F000C9F8022845D000214FF0FF3208460FF01E
:1005000041F830680DF0C8FF0028E6D04FF0FF3307
:10051000012230680DF10B010EF0B4F80128DCD196
:1005200030680DF0B9FF0128D7D94FF0FF33022210
:10053000306803A90EF0A6F80228CED1BDF80C2031
:10054000B2F5845FC9D8002A40F0A5809DF80B4021
:10055000002C52D10EF096FD594B5A49BDF80C2093
:10056000009704F08FFFBDF80E30002B79D10EF00C
:1005700089FD534B5349BDF80C20009704F0D2FF7E
:10058000ABE7BDF80C20B2F5805FB4D272B10024A5
:10059000121B08EB04014FF0FF3328680EF072F8CD
:1005A000BDF80C20204484B2A242F1D10EF06AFDC5
:1005B000434B4146BDF80C20009705F0DFF8BDF82D
:1005C0000E30002B97D039464FF0FF330222DAF875
:1005D00000000DF06FFFBDF80E204FF0FF333849DB
:1005E000DAF800000DF066FF002202231146DBF866
:1005F000000000920FF048F87DE70EF043FD304B0D
:100600003049BDF80C20009704F064FFBDF80E30AF
:10061000002BACD02A490A787F2A08D1022BA6D910
:100620008B78A3F11102012AA1D9312B9FD0264842
:10063000394604464FF0FF33022200680DF03AFFBE
:10064000BDF80E204FF0FF331D4920680DF032FF3A
:10065000002202231146DBF8000000920FF014F88C
:1006600085E7194839464FF0FF33022200680DF044
:1006700021FF1548BDF80E204FF0FF3310490068E8
:100680000DF018FF022322462146DBF800000094FB
:100690000EF0FAFF6BE70024121B4FF0FF3308EB5C
:1006A000040130680DF0EEFFBDF80C2023189CB259
:1006B000A242F1D14AE700BFBC020320B0020320EE
:1006C000507F0120D48F0120B80203204C08032062
:1006D000AC0203202DE9F04FDFF8148185B0404EC5
:1006E000404DDFF810A108F19C0908F5805B02AFCE
:1006F00014E028680DF0D0FE012809D94FF0FF332F
:10070000022228680DF106010DF0BCFF022846D038
:1007100000214FF0FF3208460EF034FF30680DF034
:10072000BBFE0128E5D94FF0FF3302222E49306885
:100730000DF0A8FF0228DCD1B8F89420B2F5845F50
:10074000D7D872B10024121B09EB04014FF0FF331C
:1007500030680DF097FFB8F89420204484B2A2428C
:10076000F1D10EF08FFC0146204802F0ADF90028CF
:10077000BFD103E09BF823010DF0C8F90EF082FC15
:1007800004F086FD0128B4D030680DF085FE012804
:10079000AFD89AF80030002BECD10A20ECE7BDF876
:1007A0000620082AB4D86AB10024121B39194FF068
:1007B000FF3328680DF066FFBDF80620204484B2A0
:1007C000A242F2D10EF05EFC3946BDF8062004F0DC
:1007D0006DFF01289CD00A200DF098F9F2E700BFC8
:1007E000B8020320AC020320ECB0012058A0012085
:1007F00058B001207600032001F062BB01F064BB19
:10080000002001F065BB00BF10B59EB0482200215A
:100810000CA80FF055FE00234FF40070CDE9023311
:10082000CDE90433CDE90733CDE9093301930693CC
:100830000B9308F08FFF08B172B6FEE70123022286
:10084000169311931993179210231D9207229FED6F
:100850001E7BCDE91A320324042312900CA81C93AA
:100860008DED0C7B189409F0B1F9034608B172B60E
:10087000FEE70F22214601A8CDE903330593029438
:10088000019209F04FF8034608B172B6FEE7104A2C
:100890004FF0005C916D4BF67F3441F080719165B3
:1008A000926D069302F08072009208932222202318
:1008B00006A8CDE90A230099CDF81CC009940AF0D6
:1008C000E5F81EB010BD00BF2900000000000100C7
:1008D00000100240F0B595B072B64FF00062AA4B1E
:1008E0009A60BFF34F8F62B6002405F0EDFBFFF76F
:1008F0008BFFCDE90E44CDE91044A44D1294EB6C6E
:100900004FF4604143F00403EB64EB6C224603F0C8
:1009100004030793079BEB6C9D4843F08003EB6453
:10092000EB6C012603F080030893089BEB6C43F00B
:100930000103EB64EB6C03F001030993099BEB6C7F
:1009400043F00203EB64EB6C03F002030A930A9B8F
:1009500007F040FC224640F201118E4807F03AFCB5
:10096000224641F2E4018C4807F034FC4FF4604326
:1009700087480EA9CDE90E361094119407F07CFA41
:1009800040F2011383480EA9CDE90E36CDE910449B
:1009900007F072FA41F2E4037F480EA9CDE90E3662
:1009A000CDE9104407F068FA4FF4007379480EA9B6
:1009B000CDE90E34109607F05FFA082377480EA9A8
:1009C000CDE90E34109407F057FAAB6C052143F0D3
:1009D0000403AB64AB6C224603F004030493049B52
:1009E000AB6C1D203343AB64AB6C33400593059B6C
:1009F000AB6C43F00203AB64AB6C03F002030693F1
:100A0000069B06F04BF81D2006F082F822460521D1
:100A10001E2006F043F81E2006F07AF82246052133
:100A2000502006F03BF8502006F072F8204607F000
:100A30004FFF08B172B6FEE707F05EFF034640B90C
:100A40005748584AC0E900230AF048F818B172B66E
:100A5000FEE772B6FEE7544A544B1070544A4FF406
:100A600040711A60102299609A619A620F211322D4
:100A70003C2404275860D8609874D8631846C3E9AA
:100A80000D661E825E615E62DC61D9621A621F635E
:100A900006F0D2FA034650BB0BAD0B90CDE90E0029
:100AA000CDE91000CDE91200C5E901004FF48070D6
:100AB0004FF4301C03214FF480523E4CC4E9023302
:100AC000C4E90A3384F8203084F838303A4B208364
:100AD0002046C4E90467C4F804C0E161626384F895
:100AE0003060236005F014FB18B172B6FEE772B6F1
:100AF000FEE70B902946204605F058FF08B172B674
:100B0000FEE706230F937F2311932C4B1090139035
:100B10000EA9204612970E9305F028FC08B172B674
:100B2000FEE7274B20460E930C230EA90F9305F0EA
:100B30001DFC08B172B6FEE7224B20460E9312232D
:100B40000EA90F9305F012FC034608B172B6FEE73A
:100B50001D48C0E9053383801C4B0662036006F024
:100B600009F808B172B6FEE700234FF402710222C1
:100B70001748C372174B8180C0F80720036007F045
:100B8000C5FE48B372B6FEE700ED00E0001002407B
:100B9000000802420000024200040242001C02421D
:100BA0003C25032000080C427C0203203826032049
:100BB00000A40040282703200080024240002019A2
:100BC0000002B0250004002A9C26032000300240C9
:100BD000B01F032000D40040974C984A41F63F7361
:100BE000226042F20F72CDE90E001090A060A06169
:100BF0002046E36062600AF0BFFB034608B172B6AC
:100C0000FEE720460EA90E9310930AF0E7FB034679
:100C100008B172B6FEE74F264FF6FF748848894A3E
:100C2000C0E904338360836102604660C4600AF0F7
:100C3000A3FB034608B172B6FEE78348C0E901632F
:100C4000C0E90343C0E90533804B03600AF094FB1D
:100C500008B172B6FEE74FF080414FF0FF327C4C96
:100C60000B90CDE90E00CDE91000C5E90100C4E903
:100C700001002061A06120462160E2600AF07CFB57
:100C800008B172B6FEE74FF4805320460EA90E93CA
:100C90000AF0C0F9034608B172B6FEE720462946BD
:100CA0000B930D930AF09AFB044608B172B6FEE767
:100CB000684822460121684B0090CDE9014446F284
:100CC00006000DF091FB0246644D654E0095012132
:100CD000CDE90144634B326046F2060022460DF036
:100CE00083FB614B614A01210092CDE90144224618
:100CF00018605F4B4FF47A600DF076FB5D4D5E4BF4
:100D0000224600930121CDE901445C4B28604FF459
:100D10007A600DF069FB5A4B22460093594B012132
:100D2000CDE901441860584B4FF4A0400DF05CFB36
:100D3000564B22460093564B0121CDE901441860E1
:100D4000544B4FF4A0400DF04FFB534B186001F093
:100D50006FFB0EF097F93246504B5149009501F068
:100D600097FA504802F0B4FD4F4801F06BF84F4835
:100D70004F4A504900F0F2FD0EA80E9401F04EFBD0
:100D800010B90E9B002B53D00CF016FE00214A4ADE
:100D90004A480CF061FE0446494B0021494A4A4842
:100DA0001C600CF059FE0446484B0021484A494853
:100DB0001C600CF051FE04463E4B0021464A474859
:100DC0001C600CF049FE0446454B0021454A46484C
:100DD0001C600CF041FE0446354B0021434A444858
:100DE0001C600CF039FE04462D4B0021414A42485C
:100DF0001C600CF031FE0446404B0021404A414843
:100E00001C600CF029FE04463F4B00213F4A40483D
:100E10001C600CF021FE04463E4B00213E4A3F4838
:100E20001C600CF019FE3E4B18600CF0E7FDFEE76D
:100E30003C4801F0CBFAA7E77023032000100040E4
:100E4000D8220320004401408C22032000480140A6
:100E5000BC23032074030320481F012050030320F8
:100E6000BC02032040BF0020B80203202C03032053
:100E7000A0AF0020B00203200803032000A0002040
:100E8000E4020320AC02032000500020C002032033
:100E9000942703200000002090270320B4020320A1
:100EA000F80C03203C2503209C2603203826032031
:100EB000A4110320FC1A0320DC08010855020008D5
:100EC000AC1F0320B808010859020008A81F03201E
:100ED0009408010809030008700801089903000834
:100EE000501603204C0801081D04000828080108BA
:100EF000B904000804080108D50600084C080320BE
:100F0000E0070108F9070008A0030320BC07010857
:100F1000FD0700089C03032098070108010800084A
:100F20009803032004006345054A0368934203D0F5
:100F3000044A934202D0704705F0D8B800F0B4BF1D
:100F4000002C01400010004072B6FEE7704700BF61
:100F500070B50E4D0E4C2B6820891B680D491B6B1C
:100F600080B298472B68208A0A4E1B6806F17401EC
:100F70009B6E80B298472B68208B1B6806F1E801B6
:100F80009B6F80B2BDE87040184700BF7C00032013
:100F900054000320B8280320087070470078704779
:100FA000030A08704B707047012994BF00780088CD
:100FB000704700BF012908D94FF6FE2302889A42E4
:100FC00003D8981AC0F34F0070470020704700BF45
:100FD000012911D94378FA2B07D8084AC3EB03300B
:100FE000A2FB0020C0F30F10704740F6FF72FF2BEA
:100FF0000CBF00201046704700207047D34D621090
:10100000022907D94FF6FF73B0F80100984208BFD4
:101010000020704700207047042907D94FF6FF735E
:10102000B0F80300984208BF0020704700207047C6
:10103000012907D94FF6FF730088984208BF4FF483
:10104000006070470020704701290ED94FF6FF73EA
:101050000088984209D047F27F53984238BF18461B
:10106000A0F5EA407F3880B270474FF400607047C7
:10107000032986BFC078C0F381000020704700BFFD
:1010800009B1007870470846704700BF012906D9AA
:10109000437803F00F03013BDBB2022B01D90020A0
:1010A0007047024A32F81300704700BF0009010878
:1010B00019B10178C1F3810070470846704700BF3D
:1010C000032986BFC07800F003000020704700BFEE
:1010D000034600B583B008465BBA02220DF1060153
:1010E000ADF8063004F05CFA03B000BD844600237E
:1010F00010B50C4682B00DF1060002226146ADF833
:10110000063004F04DFABDF80600012C98BFC0B2BD
:1011100040BA80B202B010BD002300B5012983B0EF
:10112000ADF8063002D8184603B000BD01460222D1
:101130000DF1060004F034FA9DF8060003B000BD7E
:1011400038B50D4604460822FF21284604F024FA4B
:10115000B4F5FB4F0ADAC4F5FA447F34640004F0B6
:10116000FE03C4F307242B706C7038BD00242346A3
:101170006C702B7038BD00BF38B50D460822FF21BA
:101180000446284604F008FAFA2204FB02F2044B53
:10119000A3FB0213D21A03EB5203DB0A6B7038BDB8
:1011A0000101100038B50C4605460822FF212046F3
:1011B00004F0F2F92B0A6570A37038BD38B50C46FF
:1011C00005460822FF21204604F0E6F92B0AE570C7
:1011D000237138BD38B50C4605460822FF2120464C
:1011E00004F0DAF92B0A2570637038BD38B50C4667
:1011F00008220546FF21204604F0CEF948F6802259
:1012000047F27F53954294BF5B199B189BB21A0A11
:101210002370627038BD00BF38B50D460446082201
:10122000FF2128467D3404F0B7F9AC7038BD00BF0B
:1012300038B50D4604460822FF21284604F0ACF9D3
:10124000EB78A40023F00C0304F00C042343EB70B0
:1012500038BD00BF38B50C4605460822FF212046A0
:1012600004F09AF9257038BDFF2838B50D460FD91E
:10127000C3B2002B0CBF012403240822FF212846FF
:1012800004F08AF96B7823F00F031C436C7038BDAF
:10129000031E18BF01235C00EFE700BF38B50D4601
:1012A00004460822FF21284604F076F92B78A40092
:1012B00023F00C0304F00C0423432B7038BD00BF53
:1012C00038B50C4605460822FF21204604F064F993
:1012D000E37805F0030523F003032B43E37038BDE7
:1012E00038B50D4604460822FF21284604F054F97B
:1012F000012C0AD0022C05D0032C0CBFD723FF23CE
:10130000AB7038BDC723AB7038BDC323AB7038BDDD
:1013100038B50C4605460822FF21204604F03CF96A
:10132000EBB2022B12D0032B09D0042B0CBF51239C
:101330000023FF2D88BF43F00403237038BD112321
:10134000FF2D88BF43F00403237038BD0123FF2D18
:1013500088BF43F00403237038BD00BF38B50C4686
:1013600005460822FF21204604F016F915F0080F63
:101370000CBF0021FA2115F0100F0CBF0022FA2239
:1013800015F0200F0CBF0023FA2315F0400F0CBFFF
:101390000020FA2015F0800FE0700CBF0020FA202A
:1013A00015F0010F21700CBF0021FA2115F0020F7A
:1013B00062700CBF0022FA2215F0040FA3700CBF5C
:1013C0000023FA2320716171A271E37138BD00BF5F
:1013D000022906D980787D38C0B2812888BF0020D4
:1013E00070470020704700BF032906D9C0787D38B8
:1013F000C0B2812888BF002070470020704700BF1E
:1014000002290FD9837803F00C02042A01D00120AD
:101410007047C3F30113012B06D0002B0CBF022031
:1014200001207047002070470320704707292DD9FD
:1014300003784278A3F1FA03B3FA83F3FA2A4FEA66
:10144000531382784FEAC30308BF43F01003FA2A0C
:10145000C27808BF43F02003FA2A027908BF43F09C
:101460004003FA2A427908BF43F08003FA2A8279BE
:1014700008BF43F00103FA2AC27908BF43F0020310
:10148000FA2A08BF43F0040318467047002070474B
:1014900000787047D9B103789A09012A0ED003F079
:1014A0003002102A15D003F00302012A14BF0120D4
:1014B000022003F00C03042B06D0704703F00C034A
:1014C000042B4FF00400F8D140F47F4070470846E9
:1014D00070470320EDE700BF007870470078704741
:1014E0000078704700787047087070470870704740
:1014F000087070470870704708707047030A0870DA
:101500004B707047012994BF00780088704700BF76
:1015100038B50D460822FF210446284604F03CF861
:10152000FA2204FB02F2044BA3FB0213D21A03EBD0
:101530005203DB0A6B7038BD01011000012911D97B
:101540004378FA2B07D8084AC3EB0330A2FB0020EC
:10155000C0F30F10704740F6FF72FF2B0CBF002046
:101560001046704700207047D34D6210034600B507
:1015700083B008465BBA02220DF10601ADF80630D1
:1015800004F00EF803B000BD034600B583B0084672
:101590005BBA02220DF10601ADF8063004F000F846
:1015A00003B000BD034600B583B008465BBA022213
:1015B0000DF10601ADF8063003F0F2FF03B000BDF7
:1015C000034600B583B008465BBA02220DF106015E
:1015D000ADF8063003F0E4FF03B000BD034600B5EC
:1015E00083B008465BBA02220DF10601ADF8063061
:1015F00003F0D6FF03B000BD034600B583B0084634
:101600005BBA02220DF10601ADF8063003F0C8FF07
:1016100003B000BD034600B583B008465BBA0222A2
:101620000DF10601ADF8063003F0BAFF03B000BDBE
:101630008446002310B50C4682B00DF1060002224C
:101640006146ADF8063003F0ABFFBDF80600012C93
:1016500098BFC0B240BA80B202B010BD8446002329
:1016600010B50C4682B00DF1060002226146ADF8BD
:10167000063003F095FFBDF80600012C98BFC0B2FC
:1016800040BA80B202B010BD8446002310B50C46AB
:1016900082B00DF1060002226146ADF8063003F07B
:1016A0007FFFBDF80600012C98BFC0B240BA80B2DF
:1016B00002B010BD8446002310B50C4682B00DF177
:1016C000060002226146ADF8063003F069FFBDF85E
:1016D0000600012C98BFC0B240BA80B202B010BD63
:1016E0008446002310B50C4682B00DF1060002229C
:1016F0006146ADF8063003F053FFBDF80600012C3B
:1017000098BFC0B240BA80B202B010BD8446002378
:1017100010B50C4682B00DF1060002226146ADF80C
:10172000063003F03DFFBDF80600012C98BFC0B2A3
:1017300040BA80B202B010BD8446002310B50C46FA
:1017400082B00DF1060002226146ADF8063003F0CA
:1017500027FFBDF80600012C98BFC0B240BA80B286
:1017600002B010BD002300B5012983B0ADF80630EA
:1017700002D8184603B000BD014602220DF1060052
:1017800003F00EFFBDF80600000A03B000BD00BF65
:10179000012918D9037803F00302012A17D003F0B6
:1017A0000C02042A15D003F03002102A0DD003F0E9
:1017B000C003402B0FD0437803F00303012B0CBF71
:1017C0000620012070470020704705207047022046
:1017D0007047032070470420704700BF2DE9F04F89
:1017E0003A4B8346984283B007D8394B984260D928
:1017F0004FF028094FF4487609E036494FF02509A3
:10180000B1FBFBF1C9B2192940F2EE265BD90124E4
:10181000304B0134A4B2B3FBF4F1B1FBFBF1C9B21C
:101820001929F6D8B4F5806F3FD201202A4BCDF8A4
:1018300004B01F6823186FF0004C4FF47A759B4674
:101840001FFA83FAA1F1020EBEEB510F4FEA5103CA
:101850001ADD01F1FF385FFA88F805FB03F2B2FBED
:10186000F1F2B21A002AB8BF5242624509DA914534
:1018700007DB00209446A8EB0302D2B2FB617C6137
:101880003A6201337345E8DB124B1FFA8BF4B3FB6A
:10189000FAF1019BB4F5806FB1FBF3F10AF1010A93
:1018A000C9B203D004F1010BCCE7012003B0BDE8BD
:1018B000F08F08494FF02B09B1FBFBF1C9B2192990
:1018C00040F26B36A3D80124AFE700BF00350C000F
:1018D00020A10700005A6202882803204FF08041AF
:1018E000022201232DE9F041174C0025C4E9112300
:1018F000164E174FDFF86080E16311E0D8F8002042
:101900002365937C003B18BF012312493868A36408
:1019100005F07CFC78B96B1C022B4FF0010511D04F
:1019200056F8043B2564E364002BE7D06FF0604277
:1019300001232265E9E7FFF707FB6B1C022B4FF041
:101940000105EDD1BDE8F08100000320180A01086F
:10195000882803203C0003207C00032038B50C4677
:10196000064D0749074B0A602860074901201C60A3
:101970000CF0DAFA054B186038BD00BF8828032048
:10198000802803208428032098270320E8270320A9
:10199000F0B54D4E83B0306805F0E2FC306805F0DC
:1019A0004BFB00286FD10022484D402148482A7146
:1019B000EA602A616A61AA61AA60EA6185F820206A
:1019C00006F008FC306805F0CBFC082202233068E2
:1019D000C0E90D2305F030FB002871D1002402225C
:1019E000012340F2FF71C5E90B233A4FA9636C62F2
:1019F00002E00134082C0ED037F8023F3649306837
:101A0000AC626B6305F002FC0028F2D00134FFF7F2
:101A10009BFA082CF0D1FFF761FF00230222306807
:101A20001146009305F01EFC002846D1306805F0F1
:101A30003BFC00283ED100220121306805F0E2FD88
:101A4000A8BB00220621306805F0DCFD60BB072240
:101A50004FF4F051306805F0D5FD10BB072280210E
:101A6000306805F0CFFDC8B900221C49306805F088
:101A7000C9FD80B900224FF46021306805F0C2FD35
:101A800020B903B0F0BDFFF75FFA8CE703B0BDE803
:101A9000F040FFF759BAFFF757FAEBE7FFF754FAB0
:101AA000E2E7FFF751FAD9E7FFF74EFACFE7FFF782
:101AB0004BFAC6E7FFF748FABDE7FFF745FAB5E787
:101AC000FFF742FA8AE700BF8828032000000320BE
:101AD000000402421E0A0108240003200040710095
:101AE000014B186805F03CBC88280320FFF7F6BEC0
:101AF000082824D8DFE800F0080C1014171A1D205D
:101B000005001448FFF76ABE42F21070FFF766BE88
:101B100044F62060FFF762BE4CF25030FFF75EBE25
:101B20000D48FFF75BBE0D48FFF758BE0C48FFF7A6
:101B300055BE0C48FFF752BE0B48FFF74FBE0B4A8D
:101B4000A0F51C53103B934201D901207047FFF7C9
:101B500045BE00BF40420F00A086010048E80100DA
:101B600090D0030020A1070000350C00301B0F00AF
:101B70000346054A1978002051615978D161997856
:101B80001162DB7893617047382603200246024BCE
:101B900000209A61704700BF38260320034600B535
:101BA000064A93F801E093F800C082F810E0044977
:101BB0009B7881F800C05374002000BD38260320B4
:101BC0007C0203202DE9F047054682B0C0680F462D
:101BD00003F0DAFCAB68B3F1005F3ED00646824604
:101BE00000F12409264C4FF0FF3120680CF05AFA1E
:101BF0000128F8D1DFF89480D8F800000CF038FC08
:101C0000484517D202251F4A13792B43137100232D
:101C100020681A4619460CF0EBF81B4A022312689A
:101C200010680022114600920DF02EFD284602B0E9
:101C3000BDE8F08729464FF0FF332422D8F8000092
:101C40000CF038FC054686B94D450CD00D4A0125EF
:101C5000137943F008031371D9E74FF0000A4FF0EE
:101C600024095646BEE70025D1E7524639464FF0D3
:101C7000FF33D8F800000CF01DFC0544E4E700BF7A
:101C8000E827032000000320842803209027032056
:101C90002DE9F04700250C4682B0C907064601959C
:101CA00016D4A20707D50221314A137943F0010364
:101CB000137133681965630738D4019B2BB14FF05A
:101CC000E0234FF08052C3F8042D02B0BDE8F08746
:101CD000DFF8A890DFF8988040214A46254B05F0B0
:101CE000B7FBD8F81430D9F80C000133C8F8143019
:101CF00003F04AFCDFF888A00746DAF800000CF091
:101D0000B7FB07F12803984224D349462822DAF882
:101D1000000001AB0CF068FC002FC2D03A46DAF8A4
:101D20000000144901AB0CF05FFCBAE70424104B2F
:101D300011499A69086801329A611A79002142F0C2
:101D400008021A71336800680DEB04021C650DF07F
:101D5000BBFDB2E7D8F8183029460133C8F818306F
:101D6000054B01AA1B6818680DF0AEFD99E700BF8E
:101D70000000032040280320802803201828032087
:101D800094270320002110B50A4A0B4C12682369DE
:101D900082B01068013301AA236101910DF094FD16
:101DA000019B2BB14FF0E0234FF08052C3F8042D7C
:101DB00002B010BD8428032000000320002110B5CC
:101DC0000A4A0B4C1268E36982B01068013301AA19
:101DD000E36101910DF078FD019B2BB14FF0E02301
:101DE0004FF08052C3F8042D02B010BD80280320AC
:101DF0000000032038B50C46104D294605F0C2FB03
:101E0000A10303D5EB68A3B90D4A1360620309D59A
:101E10002B690B4A012B13790CBF43F0040303F029
:101E2000FB031371230303D50122054B83F8202004
:101E300038BD4FF00042024B1A60E7E7EC27032061
:101E400000000320704700BF91B14FF0FF3210B483
:101E5000084C014410F8013B5340DBB254F82330E6
:101E6000884283EA1222F5D1D0435DF8044B7047D3
:101E700008467047300A01080022014B1A6070477B
:101E800090280320034B1B689B7C03B9704700F02C
:101E900073BE00BF7C000320024A13680133136045
:101EA000704700BF90280320024A13680133136073
:101EB000704700BF8C28032000200CF0B3BF00BF88
:101EC00000200CF0AFBF00BF00200CF0ABBF00BF84
:101ED00000200CF0A7BF00BF124B1B681989F9B195
:101EE00030B400245B68104A03EB4111D3E9005081
:101EF000C2E900509D6898699561DD68203355619D
:101F000053F8105C8B42C2E9024553F80C5C02F1B5
:101F1000740242F8105C42F8040CE7D130BC704700
:101F2000704700BF7C0003209428032070B5002573
:101F30000D4B0E4A1B6815709C7C0D4B641B18BF23
:101F40000124644203F5AE76E4B218460822214625
:101F50000EF0B6FA03467433B342C0E91155F4D11A
:101F6000BDE87040FFF7B8BF7C0003207600032077
:101F7000B828032038B3144B1A68824223D02DE9C5
:101F8000F041847C0122003C18BF012400250F4E43
:101F9000186037780E4B644203F5AE78FFB23270AA
:101FA000E4B21846082221460EF08AFA034674333A
:101FB0004345C0E91155F4D1FFF78EFFFFF796FDB9
:101FC0003770BDE8F08170477C0003207600032065
:101FD000B828032000293CD0F0B5744B83B01D68AD
:101FE000AF7C6FB906462C8A44B1EB6803EBC40C96
:101FF0001C68B4420FD008336345F9D103B0F0BD7B
:10200000C0F30743EF2B4FEA1024C0F31126EAD8A0
:10201000674E2640E7E71C79E7B1B6F56F4F49D028
:102020004FF6D4539E4266D04FF602739E4200F0A4
:10203000AD800F2C10D12B681046DB6F00929847B3
:10204000009A137803F00303032BD7D0594B18835E
:10205000D4E77047082C3BD02B68104603EBC40331
:102060005B689847102CC9D801A353F824F000BF2F
:10207000192100084D2100085321000859210008AA
:102080005F210008652100086B210008712100080C
:10209000772100083121000839210008412100087A
:1020A00047210008252100082B2100084D200008A9
:1020B0001F210008C0F30720132860D05A289DD1A3
:1020C0002B6810465B6D98473A4AC3B2D37595E7C3
:1020D0002B6810465B6C0091019298470099354C33
:1020E000C0B20129207389D0019A1046FFF73AFB4C
:1020F00084F8200082E7C3B2212B4ED05A2B7FF404
:102100007DAF2B681046DB6C9847C3B2032B3FF4BE
:1021100075AF284A937571E7264B58806EE7254BBB
:10212000D8836BE7234B188268E7224B988365E7D7
:10213000204BC0B2987561E71E4BC0B2D8755DE701
:102140001C4B58835AE71B4B588257E7194B188092
:1021500054E7184BD88051E7164B98804EE7154B43
:1021600098824BE7134B588148E7124B188145E79B
:10217000104BD88142E70F4BC0B218733EE72B6873
:102180001046DB6A98470B4B588137E71046FFF73C
:10219000FFFA084B83F8200030E72B6810465B6F8E
:1021A0009847044AC3B2938328E700BF7C0003200A
:1021B00000FF030054000320314B1B78002B5DD13E
:1021C0002DE9F04FDFF8C4A003F0FF05DAF8003086
:1021D00083B01B89002B4ED02A4F06463C464FF059
:1021E000740908E0DAF8003001351A89ABB29A4276
:1021F00004F174043FD9E36E626EF31A9342F1D393
:10220000B4F9703009FB05FB002B0DDBB4F8682036
:102210000BF1240052BA00EBE300ADF8042038447F
:10222000022201A903F0BCF9B4F9721004F12408E8
:1022300000294FEAE10112DB4046FFF705FEB4F941
:1022400072200190002AB8BF07320BF1240000EB86
:10225000E200042238440DEB020103F0A1F90A4B1D
:1022600041461A6820462261FFF7ACFCA36EE66681
:102270000133A366B6E703B0BDE8F08F704700BF37
:102280007600032094280320000003207C00032014
:1022900038B50446084B094D1A60094B049A296069
:1022A0001A6000F04DF8204602F0A6FF204603F029
:1022B000DDF9002038BD00BFF4290320F8290320F0
:1022C000F029032038B5054602F0B6FF044628463B
:1022D00003F0D8F92043C0B238BD00BF70B5154B2C
:1022E00082B01B6804460D46164602F0DBFF01284B
:1022F0000AD0114B3246294620461B6803F0ECF900
:1023000001280BD002B070BD00220C4B11461B6897
:102310001868022300920DF0B7F9EAE70022074996
:10232000022309680868114600920DF0ADF902B069
:1023300070BD00BFF4290320F0290320F8290320F1
:1023400000B583B0102001A900F09EF808B903B0D1
:1023500000BD0021102000F07FF8003818BF0120D8
:1023600003B000BD00B583B0102001A900F08CF8C7
:1023700020B90146019820B903B000BD012003B087
:1023800000BD102000F068F8003818BF012003B02D
:1023900000BD00BF70B5002682B004460D46102077
:1023A00001A9019600F070F810B9019BA34202D870
:1023B000012002B070BD04F11100294680B200F086
:1023C00063F8801B18BF012002B070BD002210B559
:1023D000114B82B01B78019213B9184602B010BDA0
:1023E000044601A9102000F04FF840B901981130BF
:1023F000FF2804D8214680B200F02EF818B101233E
:10240000184602B010BD01991020013100F024F8E7
:10241000031E18BF0123E0E777000320014608B53B
:10242000102000F031F8003818BF012008BD00BFAF
:1024300010B505F039FA00200AF08EFB044618B9F1
:1024400005F046FA204610BD002009F053FF05F0C4
:102450003FFA204610BD00BF38B504460D4605F0D2
:1024600023FA204629460AF01FFEC305044603D47A
:1024700005F02EFA204638BD0AF016F80443A4B23F
:1024800005F026FA204638BD0AF070B984462DE9D9
:10249000F8430CF50055104695F827210CF58054AB
:1024A0000F461E46B4F89210B4F8943072B3002967
:1024B00040F08E80072B40F2A0803E2B40F2B98086
:1024C0004FF04008B3F5805F4246C1465FD21B0A19
:1024D00043F010030370B4F894300CF5845143704A
:1024E000023A1C31023003F05BF801220223A8F10A
:1024F000020887F80090A4F89280A5F81C2184F8BF
:1025000091300120C4F89860BDE8F883B1B3072288
:102510004FF008085B1A1FFA83F9B5F81C31914592
:1025200003F00F0343F0200300F8013BB4F89230AE
:1025300003F5845303F11C030CEB03014CD903F0A6
:102540002FF887F80080B4F89230B5F81C21013BD1
:102550009844A4F8928095F822313BB1B2FBF3F194
:1025600003FB112313B9022384F891300132A5F83B
:102570001C210120C4F89860BDE8F883072B3CD9E2
:102580004FF00808B3F5805F4246C1469FD3102341
:102590000360B4F894300CF584511B0A0371B4F84D
:1025A0009430063A43711C31063002F0F9FF0122E3
:1025B0000223A8F1060887F80090A4F89280A5F8F5
:1025C0001C2184F891300120C4F89860BDE8F8839C
:1025D0003F224FF040089DE74A4602F0E1FF032307
:1025E00009F101023A7084F89130B4F89230B5F8EC
:1025F0001C219944A4F89290B8E700F8013B0CF52F
:102600008451B4F894201C3102F0CAFF0121032246
:10261000B4F894300B443B70B4F894300120A4F823
:102620009230A5F81C1184F89120C4F89860BDE898
:10263000F8830170B4F894300CF584514370B4F809
:1026400094201C31023002F0ABFFB4F89430012129
:1026500003220233DFE700BF70B500240E4600F509
:1026600080530470C0F8024004738460C3F8924041
:10267000C3F89840A3F88E40A3F8904000F50053AB
:10268000054621464FF48452C3E94744C3F8286104
:10269000C3F824410D300DF013FF4FF48452A818F5
:1026A0002146BDE870401C300DF00ABFF0B591B076
:1026B000169D0446856019B3964612788C4610091B
:1026C00003281DD8DFE800F0024C7A22003B18BF37
:1026D000012304F5005282F82631237823B1062124
:1026E000002382F8241123709EF80050BCF1080FDB
:1026F00005F00F0500F2D1800123002D40F0D680B7
:10270000237B012B00F0A78011B0F0BD04F58057AA
:1027100097F8911002F00F0204F500564B1E012AA3
:1027200086F82121DBB200F00B81022A00F0118132
:10273000002A40F0FB80BCF1010F00F01E819EF8E2
:102740000130BCF1020F86F8223101D09EF8022040
:10275000022986F82321D3D1012387F89130CFE7CE
:10276000003B18BF012304F5005686F82631227875
:1027700022B1062286F8242100222270BCF1070F24
:10278000BED99EF800209EF8010002F00F0101431F
:1027900040F09C80DEF8022012BA072AB0D9B2F5C8
:1027A000845F40F2F0800222072086F81E2186F81E
:1027B0002401217096F81F21322159E02378012B42
:1027C0009ED104F58057B7F88E1002F00F0201F089
:1027D0000F039A4240F0A2806088A38897F8902067
:1027E0001B1A9BB2002A00F0BE80551EAEB29E425C
:1027F00080F0BC80944583D14A1C92B2EDB20D307A
:10280000A7F88E200EF101012A46204402F0C8FEEE
:102810006388A2882B449BB29A42638000F0B08008
:1028200004F5005696F81F21002A3FF469AFB7F867
:102830008E30013B93FBF2F102FB1133002B7FF44E
:102840005FAF96F8263196F81E11003B18BF0123A2
:1028500041F030010CE004F5005696F8263196F868
:102860001E11003B18BF012396F81F2141F03001D3
:1028700000208DF8012003228DF8001096F8201119
:102880002073D6F828015B058DF802108361694634
:10289000C260FFF797F911B0F0BD002D7FF430AFA3
:1028A0009EF801500223002D3FF42AAFACEB030148
:1028B0008D423FF725AF0EEB03012A4604F10D00D0
:1028C00002F06EFE02236580237019E7120202F403
:1028D00070620243072A7FF613AF02210B46ACEB6E
:1028E0000303DDB204F58057A28071442A4687F8BD
:1028F00090C004F10D0002F053FE01230022658018
:10290000237086F81E21A7F88E3096F826313021E4
:10291000003B18BF012396F81F21A9E704210023DB
:1029200004F5005282F824112370E9E6012B3FF6EA
:10293000E7AE0522032386F8252187F89130DFE6EC
:10294000012B3FF6DDAE0223C7F8985087F891308F
:10295000D6E6012B3FF6D4AE0822032386F82521C4
:1029600087F89130CCE6072B3FF6CAAE9C457FF640
:10297000C7AE4A1C92B2DDB241E786F82221E7E6F3
:1029800002232370BCE606210B46A8E70378012B3F
:1029900001D0002070478268064B891A9942F8DD01
:1029A0000321002300F5005282F824110370002057
:1029B000704700BF400D03002DE9F04100F5805540
:1029C000144695F8912092B0561E012E05D9032A7F
:1029D0000ED0002012B0BDE8F081D5F89830394E05
:1029E000CB1AB3420BD9022300F5005080F82531F1
:1029F0000023012085F8913012B0BDE8F081012A52
:102A0000E7D100F5005696F9237196F82321002F9F
:102A100005DA0F32D2B2082A8CBF7F2201229A42F5
:102A2000D7D80B4602AA0DF10701FFF72FFD9DF83D
:102A30000780B8F1080F38D9B8F10C0F37D9B8F1C1
:102A4000100F36D9B8F1140F35D9B8F1180F34D9A1
:102A5000B8F1200F33D9B8F1310F34BF0E270F274B
:102A6000384602F091FD80450AD2A0EB0802013AF7
:102A7000D2B202AB0021013203EB08000DF020FDC1
:102A8000E76096F82731003B18BF01235B05A3617F
:102A900002E0012002F0A4FD204602A9FFF792F80F
:102AA0000028F6D195F8912091E74746D8E7092705
:102AB000D6E70A27D4E70B27D2E70C27D0E70D2764
:102AC000CEE700BF400D030000F58052B2F894300D
:102AD000B3F5845F14D892F891309BB900F5005398
:102AE00000204FF0010CA2F89200A3F81C01C2F8DC
:102AF000981093F8261183F8271182F891C0704737
:102B0000012070474FF0090C00F5005383F825C1F0
:102B1000E6E700BF830F032BC0F30D4020D0012B4D
:102B20000ED0B3B9B0F5B97F21D01F235FFA80FC76
:102B3000000A012281F800C048708B70CA7070478B
:102B400040F263539842F0D102204FF0740C0D23F1
:102B5000EFE79128E9D10B204FF0380C0223E8E78A
:102B60002928E2D102204FF07F0C0923E1E70B2056
:102B70004FF0EF0CDDE700BF2DE9F04F456893B053
:102B8000B5F1804F02D013B0BDE8F08F0668C06881
:102B9000C6F307470C4602F0F7FCEA2FC6F30728F6
:102BA00032D0EC2FEFD1B8F1130FECD10728EAD9CE
:102BB0002378102BE7D1E3793002C549A27980B29E
:102BC0000143647908201B0443EA022323430022C3
:102BD0004FF0FF34099123FA00F18DF821308DF880
:102BE00022101B0C0C9007A909A8CDE90D22CDE9F4
:102BF0000F220A958DF823300B92119207948DF8CD
:102C00002040FEF7DFFFBEE70228BCD9B8F1FF0F76
:102C100023D0B8F1130FB6D1A378617822781B04C2
:102C200043EA01231343B3F56E4F40F0C480A94A31
:102C300033029BB21A4300234FF080450824A64973
:102C400009A8CDE90A53CDE90C43CDE90E33CDE90E
:102C500010330992FEF7B6FF95E7A37861782278E2
:102C60001B0443EA01231343B3F56E4F00F02E819A
:102C70004FF6C552934200F0CB804FF6CA629342A2
:102C800081D14FF0000904A8CDF81090FFF7C6FBE2
:102C9000924B049AB3F81EA0012ACAF3400A4FEAE5
:102CA0008A1A4AF03F0A5FFA8AF440F229819200B8
:102CB00002321FFA82FA8A4B0AF10601A3FB0103D2
:102CC000C91A03EB5103C3F387074FF080438549CB
:102CD0000A930991082120230C91834907AA08919E
:102CE0000DF1240B4FEA1A218DF81E10584611469B
:102CF0008DF81C301546CDE90D99CDE90F99CDF829
:102D00002C90CDF844908DF81DA08DF81F70FEF723
:102D100059FF764B0993002F3FF435AFCDE9027B85
:102D20004FF00108A3460DF123060822FF21284693
:102D300002F032FC334656469A4608F1FF34C4EBA3
:102D4000C4048DF81C80A4B20195A6421ADDA3B27A
:102D500043B3012B2DD0A7B2023F05A9B810CDF87F
:102D6000149007F00307FFF715FB059806A9FFF776
:102D7000D1FE0DEB07031B7E05F8013FAA4504F1C8
:102D80000104E2D15346019D03982946B24608F159
:102D900001081E46FEF716FF029B5FFA88F84345BE
:102DA000C3D2F0E605F801BFAA4504F10104CED173
:102DB000E8E7FF23E0E74FF6C552934228D04FF6ED
:102DC000CA6293423FF45DAF08270022FF240A95B0
:102DD0006FF0FE0506FA07F0454980B201430991FC
:102DE00023FA07F18DF821308DF822101B0C07A96A
:102DF00009A8CDE90B27CDE90D22CDE90F228DF8E9
:102E00002330119207958DF82040FEF7DBFEBAE6DD
:102E1000384802F0D9FB00224FF080410824314DA0
:102E2000CDE90A12099505462021CDE90C42CDE9EC
:102E30000E22CDE91022304A294B0892AA1D8DF8A6
:102E40001C10A3FB0213D21A07A803EB520325FAA6
:102E500004F10DF1240BC3F387088DF81E1007460B
:102E6000014658468DF81D508DF81F80FEF7AAFECA
:102E70001E4B0993B8F1000F3FF485AE0124DFF833
:102E800074900DF12306A4EB090A0822FF213846AD
:102E900002F082FB3A46631EC3EBC3039BB2013BC5
:102EA0008DF81C404B440AEB03018D4205DD13F8FD
:102EB000011F02F8011F9642F5D1013439465846E8
:102EC000E4B2FEF77FFEA045DFD25CE60B4AB2E635
:102ED0001300EC1C1300EE18480E010854000320E8
:102EE0002549922413FFEC1CFFCAFE0013FFEB1CC4
:102EF0001300E818300E0108FFC5FD0013FFEE189F
:102F000008224FF0804316490C92099107A9084600
:102F10000D46FF210A93CDE90D99CDE90F99CDF822
:102F20002C90CDF8449002F037FBFF22049B8DF8E3
:102F30001C40012B8DF81D2006D0CDF81E9029468F
:102F400009A8FEF73FFE1EE606A94846CDF81890F0
:102F5000FFF720FA06980DF11E01FFF7DBFDEEE703
:102F600013CAFE182DE9F043144602780646013ACA
:102F70001D4685B0092A11D8DFE812F01C001000A8
:102F80000A009A01100010000A00100076010A00E1
:102F9000012900F09A817F22122101E07F22112174
:102FA000032322703278A17062702B80002005B05C
:102FB000BDE8F0830229EED141232370437863708A
:102FC000A62BE8D801A252F823F000BF93340008E2
:102FD00075340008972F0008972F00083F34000829
:102FE00035340008972F0008972F0008972F000806
:102FF000972F0008972F0008972F00081F3400080C
:103000000F340008972F0008972F0008972F00080B
:10301000DF330008972F0008972F0008972F00082C
:10302000972F0008972F0008972F0008972F000868
:10303000972F0008972F0008972F0008972F000858
:10304000972F0008972F0008493400080334000820
:10305000D5330008972F0008972F0008972F0008F6
:10306000972F0008972F0008972F0008972F000828
:10307000972F0008972F0008972F0008972F000818
:10308000972F0008972F0008972F0008DF330008BC
:10309000D5330008972F0008972F0008972F0008B6
:1030A000972F0008972F0008972F0008972F0008E8
:1030B000972F0008972F0008972F0008972F0008D8
:1030C000972F0008972F0008972F0008C134000899
:1030D000B5340008A9340008972F0008972F00087E
:1030E000972F00089F340008972F0008972F00089B
:1030F000972F0008972F0008972F0008972F000898
:10310000D5330008D5330008972F0008972F000803
:10311000972F0008972F0008972F0008972F000877
:10312000972F0008972F0008972F0008972F000867
:10313000972F0008972F0008972F0008972F000857
:10314000972F0008972F0008972F0008E9330008F1
:10315000972F0008972F0008972F0008972F000837
:10316000972F0008972F0008972F0008972F000827
:10317000972F0008972F0008972F0008972F000817
:10318000972F0008972F0008972F0008972F000807
:10319000972F0008972F0008972F0008972F0008F7
:1031A000972F0008972F0008972F0008972F0008E7
:1031B000972F0008972F0008972F0008972F0008D7
:1031C000972F0008972F0008972F0008E933000871
:1031D000972F0008972F0008972F0008972F0008B7
:1031E000972F0008972F0008972F0008972F0008A7
:1031F000972F0008972F0008972F0008972F000897
:10320000972F0008972F0008972F0008972F000886
:10321000972F0008972F0008972F0008972F000876
:10322000972F0008972F0008972F0008972F000866
:10323000972F0008972F0008972F0008972F000856
:10324000972F0008972F0008972F0008693400086F
:10325000972F0008972F0008972F0008972F000836
:10326000972F0008F733000802297FF494AE492312
:103270002370437863700A2B3FF68DAE01A252F89B
:1032800023F000BF23330008972F000843330008C2
:10329000972F000831330008972F0008C533000826
:1032A000972F0008972F0008972F0008A7330008D2
:1032B00001297FF470AE0191FFF754F8019968BBC2
:1032C000337840332370298070E602A8FFF7A6F810
:1032D00020BB029B5A1C52002A8032786370403215
:1032E000DBB22270002B3FF461AE074604F1020905
:1032F00004F103080CE0039B1A0E09F817201B0CBD
:103300009DF8082008F817300137BA427FF64EAE14
:10331000384603A9FFF73EF80028ECD07F221021A1
:103320003EE644F254020623C4F802202B803DE618
:1033300001236749A370E01C02F03EF913232B80A0
:1033400034E614230120E61CA07031462B80FFF7E1
:103350009BF8E11D05460220FFF796F8034604F1AD
:103360000B0103201D43FFF78FF8034604F10F0103
:103370000420ADB21D43FFF787F8034604F11301A3
:103380000520ADB245EA0304FFF77EF8A4B244EA93
:1033900000039BB2002B3FF409AE112200213046FE
:1033A00002F0FAF802E60123E61CA37014220021C1
:1033B000304602F0F1F83046464902F0FDF8172396
:1033C0002B80F3E5782207234349A271C4F8021049
:1033D0002B80EBE5042200232A806380E6E50322AC
:1033E00000232A80A370E1E506224FF080732A8033
:1033F000C4F80230DAE50622384B2A80C4F80230DD
:10340000D4E50622364B2A80C4F80230CEE50322EA
:10341000344B2A809B8AC3F30723A370C6E5042399
:10342000304A2B809388C3F34A13A3709388DB0040
:10343000E370BBE5032274232A80A370B6E5032260
:103440004C232A80A370B1E504232B800BF01AFED5
:10345000254DA5FB00239B0BA3700BF013FEA5FBD2
:1034600000539B09E370A1E5062204232A80C4F8D7
:1034700002309BE503A8FEF7D1FF38BB039A02F0A8
:103480007F02002306212980A270E37023716371FB
:103490008CE50622154B2A80C4F8023086E503220B
:1034A00051232A80A37081E504224BF635732A80CC
:1034B00063807BE5062200232A80C4F8023075E58C
:1034C00006220B4B2A80C4F802306FE50022D8E7B1
:1034D000400701085007010801123456123456788B
:1034E0008001800154000320D34D6210981880039E
:1034F000A40C0001814204D900F17840B0F5802F7E
:1035000001D30020704701F178410139B1F5802FD6
:103510002CBF002001207047814208D9B0F1005F24
:1035200005D3044881428CBF002001207047002051
:10353000704700BF00000420814211D9B0F1005F44
:1035400010D31A4B994219D9194B984208D91948E6
:1035500081428CBF002001207047B0F1006F15D26E
:1035600000207047144B98420AD8144B9842F4D963
:10357000134881428CBF0020012070470120704712
:10358000104881428CBF0020012070470E4B9942A9
:10359000E6D80E4BB3F8E030B3F5007FEED00C4820
:1035A00081428CBF00200120704700BF0000042032
:1035B0003F20024040210240FFFFF90BFFFFF80BC4
:1035C0000080F90B0002FA0B000008080005FA0B56
:1035D0000000040800B58BB001A804F061FB059859
:1035E000AA3818BF01200BB000BD00BF00B58BB0DA
:1035F00072B601A804F054FB04214FF40052079B5B
:10360000019143F08063CDE9062304F04DF918B130
:1036100062B601200BB000BD04F066F90028F7D1B6
:1036200001A804F01BFA10B904F080F9F0E704F0E7
:103630006FF904F04DF9EBE710B58AB004F034F9F6
:10364000044604F051F9044301A804F029FB0421C5
:103650004FF480729DF81E30E4B2C3F3001383F080
:1036600001031B05CDE90623019134B104F050F9A3
:1036700004F02EF901200AB010BD01A804F0EEF903
:103680000028F3D104F052F9044604F041F9044350
:1036900004F01EF9E4B22043C0B2003818BF012084
:1036A0000AB010BD30B58BB004F0FEF8044601A896
:1036B00004F0F6FA002380220798022110F4801FFC
:1036C000CDE9033200930CBF02230123019101A82D
:1036D0006946029304F07AFB054604F0F9F82843A2
:1036E0002043C0B2003818BF01200BB030BD00BF6E
:1036F00070B504F0D9F805460F4C104ED4E90023FC
:10370000B3F1FF3F08BFB2F1FF3F04F5802107D0BE
:10371000012004F047F9002818BF45F00105EDB27B
:103720000834B442EAD104F0D3F82843C0B20038D8
:1037300018BF012070BD00BF00E0030800000408AE
:10374000002330B58FB0009304F0AEF80223044696
:1037500005A8019304F0A4FA0B9B042213F4801F24
:103760004FF07C0014BF02230123694603900DEB48
:1037700002000492029304F029FB054604F0A8F825
:10378000054344EA0500C0B2003818BF01200FB05D
:1037900030BD00BF014608B5012004F003F9003830
:1037A00018BF012008BD00BF0022014B1A607047FE
:1037B000FC29032010B4264C2388002B3FD0B3F5FE
:1037C0007B6F41D240F6FF71224AC3EB0333A2FB69
:1037D0000323A1EBD32189B2B4F802C0A388BCF5BE
:1037E000E06F34BF4FF0000C4FF0010C1A4AB3F5F4
:1037F000306F118082F802C013D2B3F5E06F21D28E
:10380000B3F5407F22D2B3F5807F8CBF0023012324
:10381000D1789B00994208D1104B18605DF8044B99
:1038200070470123D1789942F6D00C4C2168411A97
:10383000FA29F3D9D37020605DF8044B704740F645
:10384000FF71C9E70223EDE70021C5E70323E9E79C
:10385000002A0320BFBF8C8278000320FC290320AC
:103860000022014B1A707047062A0320154B164A96
:103870001B78108891787BB16FF4FC63C3183E2BE2
:10388000124B14D91881188B60F0FF0080B2188396
:1038900021B9598A89B201E00C4B18811982D2787A
:1038A00022B1198B01F47F410A431A83704758896A
:1038B00080B21881188BC0B21883588A80B21882DF
:1038C000E6E700BF062A0320780003205400032007
:1038D000014B1860704700BF082A0320704700BFE3
:1038E00000B5044B83B0186801A907F0DDF9019811
:1038F00003B000BD082A03200D4B02781B6840323C
:1039000001291A700FD900B5A1F1020E10FA8EFE2E
:10391000024610F801CF724503F801CFF8D1054BEC
:103920001B68198000BD034B1B681980704700BFDE
:10393000342A0320302A032030B54378044685B06A
:1039400013B98378442B0FD07F204FF0310C032123
:103950003C4B3D4A1B6812681870207883F802C0FF
:103960005870118005B030BD0B2903D07F204FF077
:10397000130CECE7354B1978022903D04FF07F0C7C
:103980007F20E4E71B7F022B11D1314D6B7B13F0BD
:10399000FB030FD07F20242503212A4B2A4A1B68D2
:1039A0001268187020789D7058701180DAE74FF017
:1039B000330CE5E7D0F80300AB6001232B73D4F898
:1039C000073000BA1BBAC1186B6001922860FFF77C
:1039D00091FD1C4B19681C4BD3F800C040B36B68B9
:1039E000019A13F0070F0AD07F2370200B70032376
:1039F00094F800E0887081F801E0ACF8003023789A
:103A00006A734FF20F04202540338DF80C3003AA5F
:103A10004B1EC81C8DF80D50ADF80E4012F8011B5E
:103A200003F8011F8342F9D10423ACF8003099E771
:103A30007F22312003230A70227888704A70ACF804
:103A400000308FE7342A0320302A0320102A032075
:103A50003C2A032003780F2B40F283802DE9F047A6
:103A6000A3F1100204460D468EB0772A7FD8DFE816
:103A700012F0420232027E007E00C5017E007E000E
:103A80007E007E00AC017E007E007E007E007E0017
:103A90007E007E007E00F801E20108027E007E00CA
:103AA0006C019F01920115027E0085017E002202B9
:103AB000D5017E005C017E007E0048012201ED0000
:103AC000DD00D0007E007E007E007E003201050118
:103AD0007E007E007E007E007E007E007E007E00F6
:103AE0007E007E007E007E007E007E007E007E00E6
:103AF0007E007E007E007E007E007E007E007E00D6
:103B00007E007E007E007E007E007E007E007E00C5
:103B10007E007E007E007E007E007E007E007E00B5
:103B20007E007E007E007E007E007E007E007E00A5
:103B30007E007E007E007E007E007E007E007E0095
:103B40007E007E007E007E007E007E007E007E0085
:103B50007E007E007E007E001501C300B300A6003B
:103B60008D00A24BA24A1B681268FFF7FBB97F20A9
:103B7000112503219E4B9D4A1B68126818702078FE
:103B80009D70587011800EB0BDE8F087012D40F295
:103B9000FA84427802F07F03012B00F01485032B96
:103BA00000F0FF847F2012250321914B8F4A1B6870
:103BB0001268187020789D7058701180E3E77F209C
:103BC000112503218A4B894A1B68126818702078D6
:103BD0009D7058701180D6E7022D00F0A8847F20D8
:103BE00013250321824B814A1B68126818702078C4
:103BF0009D7058701180C6E77F20122503217C4BF1
:103C00007A4A1B681268187020789D70587011806D
:103C1000B9E77F2011250321754B744A1B68126890
:103C2000187020789D7058701180ACE7704B6F4A07
:103C3000012D1B68166800F0A9837F211320032241
:103C4000197021789870597032809CE7012D40F2EC
:103C50003B83684E737B012B00F01A85644A6349ED
:103C6000022B1268086800F0C2857F2124250323F7
:103C70001170217895705170038084E7022D00F057
:103C80006D847F2013250321594B584A1B68126805
:103C9000187020789D705870118074E77F2011256E
:103CA0000321534B514A1B681268187020789D708D
:103CB0005870118067E7022D00F22D817F201325B7
:103CC00003214B4B494A1B681268187020789D707D
:103CD0005870118057E7012D40F20383437803F0B9
:103CE0000F02042A00F0C1847F2012250321404BDB
:103CF0003E4A1B681268187020789D7058701180B9
:103D000041E73D4BB3F8E030B3F5007F00F09C8411
:103D10007F2011250321364B344A1B681268187026
:103D200020789D70587011802DE7032D00F2FB80E4
:103D30007F20132503212E4B2C4A1B681268187014
:103D400020789D70587011801DE7012D40F2E382AC
:103D5000467806F07F06012E00F0CD84022E00F09A
:103D6000EB847F2012250321214B204A1B68126817
:103D7000187020789D705870118004E77F201125FD
:103D800003211B4B194A1B681268187020789D701C
:103D900058701180F7E67F2011250321144B134A38
:103DA0001B681268187020789D7058701180EAE6C0
:103DB0007F20112503210E4B0C4A1B6812681870D6
:103DC00020789D7058701180DDE6094F022D3B6808
:103DD00000F242827F2013250321044A18702078C4
:103DE00012689D7058701180CDE600BF302A032004
:103DF000342A03203C2A03200005FA0B042D00F08E
:103E0000B3827F2013250321A44BA54A1B681268A7
:103E1000187020789D7058701180B4E67F201125AD
:103E200003219E4B9E4A1B681268187020789D7073
:103E300058701180A7E6012D40F26082437803F0AC
:103E40000F02042A00F044847F2012250321934BA3
:103E5000934A1B681268187020789D705870118002
:103E600091E6032D00F0A1827F20132503218B4BC7
:103E70008B4A1B681268187020789D7058701180EA
:103E800081E67F2011250321844B854A1B68126837
:103E9000187020789D705870118074E67F2011256D
:103EA00003217E4B7E4A1B681268187020789D7033
:103EB0005870118067E6022D00F2F5817F201325EE
:103EC0000321764B764A1B681268187020789D7023
:103ED0005870118057E6714B714A022D1B681668A5
:103EE00000F026827F211320032219702178987018
:103EF0005970328047E6022D00F0F1827F201325B1
:103F00000321664B664A1B681268187020789D7002
:103F10005870118037E60222294620460EB0BDE8CF
:103F2000F047FFF709BD90F901204378002ABCBF94
:103F300003F07F0343704388B8BF01265BBA9BB28E
:103F4000A8BF0026B3F5097F00F35F85B3F5007FB6
:103F50002ADBA3F50073242B26D8DFE813F0ED004D
:103F6000D600C500B200A3009000680059005001BF
:103F70004801250025002500250025002500140105
:103F8000FF0025002500250025002500250025002F
:103F900025002500250025002500250025004101DC
:103FA0002601760143003D007F20312103223B4B57
:103FB0001B68187020789970394958700B681A80FE
:103FC000002E3FF4E0AD354A126812787F2A3FF4A4
:103FD000DAAD00221A80D6E5052D00F069877F2032
:103FE0001321E3E7042DFAD1FDF7D2FC0A2009F0F2
:103FF0008DFD2A4B1A682A4B1B68217840311170BD
:1040000061785170A1789170E178D1701D80D7E707
:10401000224A234B042D12681B6800F02D877F2154
:10402000132011702178907051700325EEE70B2D4D
:10403000D5D9456887682DBA3FBA28467919FFF760
:104040007BFA0028B0D039462846FDF7FDFE014630
:104050000827124B25781A68403515706078104B88
:104060005070A0781B689070E078D171D070080E05
:104070001071080CF940507191711F80A0E7074A38
:10408000074B062D11681B6800F002877F22132062
:104090000A70227888704A70032290E7342A03203D
:1040A000302A032071200421AB4B1A68AB4B1070EF
:1040B00060781B685070A0789070E078D07019809C
:1040C0007EE7A54B71201968AB1E0A46087014FAEA
:1040D00083F3214614F8010F8B4202F8010FF8D147
:1040E0009E4B1B681D806BE7FFF702FB9A4B1A681B
:1040F0009A4B1B68002800F00F877F2172201170F7
:10410000217803259070517080E7FFF719FB924BDF
:104110001A68924B1B680028EFD121462078403066
:104120001070A81E14FA80F00C4611F8017F84422A
:1041300002F8017FF8D169E7874A884B042D12689D
:104140001B687FF46CAF4178012900F09487022945
:1041500040F089870020824908704EE7042D7FF4E3
:104160003EAF804B1A78022A00F0AA877F227F2078
:104170000321794B1B68187020789A70774A587021
:10418000136819801CE7042D7FF429AF754B1A784A
:10419000022AEBD11B7F022B40F08F874378012B43
:1041A00000F0CF877F20122100E7052D7FF417AFA5
:1041B0000079FDF7EBFCFDF7EBFB0A2009F0A6FC0C
:1041C0000420654B21781A68644B40311B681170DC
:1041D00061785170A1789170E178D1701880EFE624
:1041E000072D7FF4FCAE0430FDF7C2FCE3E75D4B26
:1041F0001B7F022B00F011867F203321D6E6082D8D
:104200007FF4EDAE4378012BCCD1C379042B7FF43E
:10421000CBAE807922796379000240EA026040EAFD
:10422000034040F00400FEF7D1F8002800F0568566
:104230007F2072250321484A484B12681B68107082
:104240002078957050701980BAE6072D7FF4C7AEBC
:104250000430FDF7A3FCAEE7592204211A7042781E
:1042600099705A70427802F07F02012A00F09C8215
:10427000022A00F093827F2512260320374A1D7000
:10428000257811689E705D70088094F90130002BCC
:10429000BFF679AC3B681B787F2B3FF474AC0021F0
:1042A000136819806FE42F4B1E78022E00F05582A0
:1042B0007F220320284B29491B6809681A7024783B
:1042C0009A705C7008805EE47F2013250321224BE6
:1042D000224A1B681268187020789D7058701180EF
:1042E00051E47F20132503211B4B1C4A1B681268D5
:1042F000187020789D705870118044E47F20132539
:104300000321154B154A1B681268187020789D70A0
:104310005870118037E47F20132503210E4B0F4A7C
:104320001B681268187020789D70587011802AE4FC
:104330000C4A1278012A00F07682427802F07F025D
:10434000012A00F0A9837F2112200322197021780D
:1043500098705970328016E4342A0320302A0320E2
:1043600076000320102A03204378FF2B00F072828E
:104370007F2031250321A74BA74A1B6812681870BC
:1043800020789D7058701180FFF7FDBBA34A517BC8
:10439000032900F032837F21242003221970217821
:1043A000987059703280FFF7EEBBB0F8012052BA16
:1043B00090B20022A0F50071B1F5007FCDE9012295
:1043C000CDE903220092C0F06B82A0F57142843ADD
:1043D0000C2A08D8DFE802F072076C6307070707AA
:1043E0005A07070715007F2031250321894B8A4A88
:1043F0001B681268187020789D7058701180FFF744
:10440000C2BB69460120FEF73FF801A9054602201C
:10441000FEF73AF8034602A903201D43FEF734F8DD
:10442000034603A90420ADB21D43FEF72DF8034651
:1044300004A90520ADB21D43FEF726F8ADB2054331
:10444000ADB2112269460DF1170001F0A9F8002D57
:10445000C9D1142523786F4A66781168A278403351
:10446000681E8DF814308DF816208DF8156005AA99
:104470004B1E11FA80F012F8011B03F8011F834252
:10448000F9D1654B1B681D80FFF77DBB0C22644989
:104490000DF1170001F084F80F252378DBE70422E3
:1044A00060490DF1170001F07BF807252378D2E76A
:1044B0005D4A042512788DF81720CCE70C225B4961
:1044C0000DF1170001F06CF820230922584909A8C2
:1044D0008DF82330192501F063F82378BBE7437882
:1044E00003F07F03022B00F05B82032B00F0448279
:1044F000012B40F06A8200224B494E48C1E9032259
:104500000B70464B02605A734A610A778A6194F9CC
:1045100001306278002BFFF636AB50203D4B3E4910
:104520001B6809685A7018700D80FFF72CBB427821
:1045300002F07F03012B00F07F81022B00F05382F9
:104540007F2012250321334B334A1B6812681870F1
:1045500020789D7058701180FFF715BB4378002BB1
:1045600000F09381802B3FF40EAB7F2012250321B6
:10457000284B294A1B681268187020789D70587063
:104580001180FFF700BB7F2013250321214B224A16
:104590001B681268187020789D7058701180FFF7A2
:1045A000F2BA244D2968002940F02E817F2022256F
:1045B000184A19491268096810702078957050706F
:1045C0000B80FFF7E0BA022D00F037828378103BB2
:1045D000032B00F2F285DFE803F01917021B164BDC
:1045E000144A136094F90130002BFFF6CCAA022183
:1045F000084A237812684033074D137060782B689F
:1046000050701980FFF7BFBA0C4BE9E70C4BE7E796
:104610000C4BE5E7342A0320302A03203C2A0320F0
:104620009005FA0B78070108102A0320600701089B
:104630006C070108382A032020A1070090D003004E
:1046400048E8010040420F00022D00F23C817F202B
:1046500013250321B14BB24A1B68126818702078E9
:104660009D7058701180FFF78EBA03F0F002402A57
:1046700040F22C817F2012250321A84BA84A1B68F9
:104680001268187020789D7058701180FFF77BBAFF
:10469000A91E11F007051FFA81F840F09A80B3684F
:1046A00072684344934200F29480327B4378934291
:1046B00000F042847F2073250321984B984A1B68A1
:1046C0001268187020789D7058701180FFF75BBADF
:1046D00003F0F002402A40F229817F2012250321B5
:1046E0008E4B8F4A1B681268187020789D70587026
:1046F0001180FFF748BA40F26713ADF81430FFF7A6
:10470000EFF8884A884B4240C3E903021E7794F9C8
:10471000013000BA002BCDF81600FFF634AA0621AE
:104720007E4B05981B687E4A1860BDF81800126819
:1047300098801180FFF727BA062D00F0CB817F20EB
:1047400013250321754B764A1B6812681870207870
:104750009D7058701180FFF716BA4FF28412B0F8AE
:10476000013058BA80B220F00801914200F0F68082
:1047700049F2F102934200F06382072D00F0578363
:104780007F2013250321654B654A1B68126818704A
:1047900020789D7058701180FFF7F5B9032D00F057
:1047A000CE817F25132668E5032DFAD1002205A8C6
:1047B000DA70FDF733FE5A4A3B681668002800F0AD
:1047C00024837F2119707221207899705870358068
:1047D0005BE57F2071250321504B514A1B6812680D
:1047E000187020789D7058701180FFF7CCB9022D99
:1047F00000F061817F21712503231170217895706C
:1048000051700380FFF7BFB9130600F12481C72060
:104810000221424B424A1B68126818706078587037
:104820001180FFF7B0B97F2203211A7000789A70C7
:1048300058703180FFF7A7B911063FF5A4A9C5212B
:10484000364B374A1B6812681970417859701580C9
:10485000FFF799B98378FF2B7FF48AADC378FF2BDC
:104860007FF486ADFDF77EFD002800F01D847F20DB
:1048700072250321294B2A4A1B6812681870207878
:104880009D7058701180FFF77EB97E21234B244A1A
:104890001B6812681970417859701580FFF773B959
:1048A0006946FDF7F1FD002800F027817F213120C6
:1048B0001A4B1B4A1B68126819702178987059703E
:1048C0001580FFF760B90122FFF726BB1B095A1DAF
:1048D000AA4280F2D380002B00F0A7820027591E45
:1048E0000530C90010F8012F8A4008393A4311F108
:1048F000080F97B2F6D19E1DF3199D4200F0728207
:104900007F2013250321054B054A1B681268187088
:1049100020789D7058701180FFF735B9342A032034
:10492000302A032078563412102A0320AF4A127816
:10493000012A00F032811B099A1D954200F0EE8198
:104940007F2013250321AA4BAA4A1B6812681870FE
:1049500020789D7058701180FFF715B97F203125A0
:104960000321A34BA34A1B681268187020789D701E
:1049700058701180FFF707B99F4A928A92B2B2F538
:10498000805FC0F041817F208825994A994912684B
:10499000096810702078957050700B80FFF7F3B89D
:1049A000954B9B8A9BB2B3F5805FC0F003817F205B
:1049B000222503218E4B8F4A1B68126818702078BD
:1049C0009D7058701180FFF7DEB87F2012250321FB
:1049D000874B884A1B681268187020789D70587041
:1049E0001180FFF7D0B812063FF5CDA82946204622
:1049F0000EB0BDE8F047FEF77FBF04215173027887
:104A000040321A703580FFF7BEB8B3F57F4F00F023
:104A100050814FF6017293427FF4C6AA042D7FF4B1
:104A2000DEAA4378012B7FF4BDAB704B1A78022AC3
:104A300000F07C837E22FFF79ABB7F2013250321A1
:104A40006B4B6C4A1B681268187020789D70587008
:104A50001180FFF798B80123684C26782370FDF782
:104A60003FF84FF47A7009F051F8F6B22868FDF774
:104A70003FF8FCF78DFF2670FFF785B87F201325E0
:104A800003215B4B5B4A1B681268187020789D708D
:104A900058701180FFF777B851221A7042785A7017
:104AA000358090F90130002BBFF66DA80EB0BDE83F
:104AB000F04702F04DB8317B63788B4200F05081B3
:104AC0007F21732503231170217895705170038025
:104AD000FFF759B8454B9A69042A40F20B817F20B1
:104AE00036250321424B434A1B6812681870207810
:104AF0009D7058701180FFF746B860782378A478CD
:104B0000403304228DF8150069460DF117008DF829
:104B100014308DF8164000F043FD354B0DF11302B3
:104B20001868431E063012F8011F03F8011F98424F
:104B3000F9D107222F4B1B681A80FFF724B80022F7
:104B400005A8DA70FDF76AFC8146002840F02D8147
:104B5000059B002B00F0AA8280466E4612E09DF86D
:104B600003203B685A55BDF8022003F82820009A1C
:104B70002B44120A9A70009ADA70059B0435984506
:104B800080F01F8140463146FDF704FC08F1010822
:104B90000028E4D04FF00109EFE77F220320144BF7
:104BA00014491B6809681A7024789A705C70088030
:104BB000FEF7E9BF00230D4A1148C2E9033311494A
:104BC00003604B7353611377936194F901306078FC
:104BD000002B1570FEF6D7AF5021054B054A1B6818
:104BE0001268587019701580FEF7CDBF102A032087
:104BF000342A0320302A03205400032076000320A7
:104C0000382A03203C2A03200022B349B348C1E9D3
:104C100003220B70B24B42731A604A610A778A61B1
:104C200094F9013060789342FEF6ADAF5021AD4B60
:104C3000AD4A1B681268587019701580FEF7A3BF43
:104C4000142D7FF49DADD4F803100120FDF704FC72
:104C5000D4F8071005463046FDF7FEFB0346D4F8AE
:104C60000B1003201D43FDF7F7FB0346D4F80F108C
:104C70000420ADB21D43FDF7EFFB0346E17C0520A8
:104C8000ADB21D43FDF7E8FBADB245EA00039BB2B0
:104C9000944A954912680968002B00F0F0817F2042
:104CA0007225032310702078957050700B80FEF7EA
:104CB0006ABF042D7FF493A94378012B7FF472AA75
:104CC000854B1A78022A7FF4B5AE1B7F022B40F089
:104CD000F481FEF7E7FC00287FF4AAAA042120460D
:104CE000FEF70AFE804B1B681A88002A3EF44BAF81
:104CF000FFF766B958685969411A092900F2FA8024
:104D00007F2037250321774B774A1B68126818707C
:104D100020789D7058701180FEF735BF002B00F091
:104D20008D800026013B411DDB0011F8012F9A40C8
:104D3000083B13F1080F46EA0206F6D140F6FE736F
:104D40009E427CD97F2031250321664B664A1B6831
:104D50001268187020789D7058701180FEF713BF8C
:104D6000013333732378002140331370637802F8E2
:104D7000013FB3680BE034680131E35CB1F57F6F4C
:104D800002F8013FB36803F10103B36003D0746814
:104D9000A342F0D389B27268023193420180FEF4DB
:104DA000F2AE03237373FEF7EEBE7F2272203B68E0
:104DB0001A7021784C4A5970987013681D80FFF75B
:104DC00064BAB9F1000F00F071817F213B68722550
:104DD000197003212078444A58709D701368198017
:104DE000FFF753BA3C4B1A78022A00F0F0807F227A
:104DF0007F2503203B4B3C491B6809681D702478C4
:104E00009A705C700880FEF7BEBE06200599597145
:104E1000090A19713080FFF738BABFF34F8FBFF31B
:104E20006F8F431D9847FFF7CBB91F4663E5D4F852
:104E3000031009BAFDF710FB034629E71E46D4F814
:104E400002502DBA71192846FEF776FB254B264AEB
:104E50001B681168002800F01D812278ED1A40328D
:104E60001A709A1902E0E85C03F8010F9A42FAD12D
:104E7000731C0B80FEF787BE4178012900F0D980B2
:104E8000022940F0F080002018490870FFF7B5B8FB
:104E9000828840F6FB7052BA92B2824240F2CD80D4
:104EA0007F2231200A70227888704A70FFF7F4B8A8
:104EB0004378012B7FF476A90379002B00F04A8117
:104EC000012B7FF471A80A48FDF754F829462046C3
:104ED000FEF712FD06E700BF102A03203C2A03203C
:104EE000382A0320342A0320302A0320062A0320EC
:104EF000500E0108197F012900F0EF807F20242542
:104F00000321B64BB64A1B681268187020789D7052
:104F100058701180FEF737BE21462078403010705F
:104F2000A81E14FA80F00C4611F8017F844202F8A2
:104F3000017FF8D1FFF76AB80133337302F0B4FC94
:104F4000B8F1000F5ED02746AA46A946B0683B7963
:104F50007A791B0403EB0263FA78397A03EB0223B4
:104F60007A7A090401EB0261BA780AF1080A13445B
:104F700019EB0302FB79083701EB0323316801F5D4
:104F80008021084417F8021C0B44FEF703FC40EA9A
:104F90000503B068D04500F10800DDB2B060D6D896
:104FA00002F096FCD6E901329A4224BF03237373C0
:104FB00085B37F2172200322884B1B6819702178EA
:104FC00098705970864B1B681A80FEF7DCBD1B7FFA
:104FD000022B2CD1D4F802502DBA28467919FEF7AD
:104FE0009BFA002840F0BE807F20312503217B4BB7
:104FF0007B4A1B681268187020789D705870118069
:10500000FEF7C1BD02F064FCD6E901239A4201D843
:10501000032373730220714A7149237812686478FC
:1050200009684033137054700880FEF7ACBD33221A
:10503000DEE66C480170FEF7E0BF7120087008469C
:1050400065784D70A5788D70E4780021151F00F803
:10505000034F02E000F8011F01318D42FADC0432F7
:1050600092B2FEF7ACBF7F211220117021789070B0
:105070005170FEF7DABF5C480170FEF7BEBF607882
:105080002378A57850700320403313709570088002
:10509000FEF779BD7F2031250322187020789D709E
:1050A00058700A80FEF76FBD0121A0E44C4A9B00B6
:1050B000116803330B80FFF7E8B83322FFF757B8C6
:1050C0001B7F022BF9D14378012B7FF46BA8FEF7ED
:1050D000B3FA00287FF4ACA800E6D4F802101D69EA
:1050E00009BA8D4212D000277F265861352503204A
:1050F00001329A61394A3A4912681F77167023784B
:105100000968537095700880FEF73DBD1E7794F9CD
:105110000130002BFEF637AD40F267212F4A304BAD
:1051200012681B6811801E80FEF72DBD1B7F022BAD
:10513000C3D12E4B5B7B042BC9D07F202221FEF7ED
:1051400035BFFEF747FA00BBFEF750FA00287FF4A0
:105150006FA8C3E52648FCF70DFF29462046FEF759
:10516000CBFBBFE5022F23D0042F1CD0082F12D079
:105170006FF00603E21D1B1B02E012F8011F2970ED
:105180009918B942F9D3314631E40BF089FA002875
:105190007FF44EA8A2E5A168E0680BBA02BA3146D6
:1051A000C5E9002323E4A36831461BBA2B601EE443
:1051B000238931465BBA2B8019E47F2200263120F7
:1051C0000321064B0B4D1B682E601A70044A24788D
:1051D00012685C7098701180FEF7D5BC342A0320E9
:1051E000302A0320062A0320760003203C2A0320CD
:1051F000640E0108382A032038B500240122094B27
:1052000009490A4D4C73586009490A48C3E90344E7
:10521000C3E905442C601A701C77FDF71DFA20467F
:1052200038BD00BF102A03203C2A0320382A03205F
:105230008000032058A00120114B01461A78032A50
:1052400002D01048FDF7A2BB41F288305A688A1A92
:105250008242F6D900224FF0010C0B4810B40B4CDF
:10526000427383F800C01A77226006485DF8044B49
:10527000C3E90322C3E905225960FDF787BB00BFDC
:10528000102A032058A001203C2A0320382A03209A
:105290000146024A0248FDF78FBB00BFA800032069
:1052A00058A001202DE9F043002585B004468DF873
:1052B0000D50ADF80E50D0E90050B0F1804F0F46C0
:1052C00090461E46C5F382690CD038B940F2E173AE
:1052D0009D4263D040F2DF739D420ED0002005B0A6
:1052E000BDE8F083C5F30743DA2BC5F3072200F0CE
:1052F0009980DB2BF2D1FF2AF0D1E06800F044F96D
:105300000028EBD03B780F2BE8D8002B00F09680DC
:10531000072BE3D801388342E0D8A2690137ADF802
:105320000E30A2F500120123B2FA82F28DF80D3090
:10533000504B520983F826216168B1F1804F00F08B
:105340008F8040F2E97200214B484C4B0260C3E968
:10535000002141604FF0FF3301220DF10D01306853
:1053600009F0A8F84FF0FF33022204460DF10E01B8
:10537000306809F09FF802464FF0FF331444394675
:105380003068BDF80E2009F095F8BDF80E300444E1
:105390000333A34244D0FBF7D7FD41E040F2E97369
:1053A000364AC2E90030344AC2E90030E06800F011
:1053B000EBF8CDF80080A369314CA3F50013B3FAE4
:1053C00083F301463A4620465B09FDF76FF92578DD
:1053D000022D83D100274FF0FF3301220DF10D0183
:1053E00030688DF80D7009F065F82A464FF0FF33EC
:1053F0000546A11C306809F05DF802464FF0FF3306
:1054000015443068628804F10D0109F053F863888F
:1054100005440333AB4201D0FBF796FD0023237014
:1054200001205CE7132A7FF459AF2B029BB243EAB9
:10543000896343F45A0343F01303B1E7A269B2F559
:10544000001F7FF44BAF08287FF648AF7B78002B16
:105450003FF444AF023883423FF640AF02375EE785
:105460002A0292B242EA896242F45A0242F01302DC
:105470006AE700BF58C0012080000320A800032075
:1054800058A001204FF0000C10B5029CA4F800C0F9
:105490008C460D490B600D490C600D494860114662
:1054A00022B1BDE810406046FEF7D4BA4FF07F0E3F
:1054B0008CF800201320032283F800E09CF80010F1
:1054C00098705970228010BD342A0320302A03209E
:1054D000102A03204FF0000C10B5029CA4F800C065
:1054E0008C460D490B600D490C600D494860114612
:1054F00022B1BDE810406046FEF7ACBA4FF07F0E17
:105500008CF800201320032283F800E09CF80010A0
:1055100098705970228010BD342A0320302A03204D
:10552000102A032038B5049A12884AB119785129F3
:1055300007D0C72904D1012A02D05B78032B08D0F9
:1055400038BD4FF4FA7008F0E1FABDE8384001F0D8
:10555000FFBA4FF4FA7008F0D9FA0123084C257805
:105560002370FCF7BDFA4FF47A7008F0CFFA054BC0
:10557000EDB21868FCF7BCFAFCF70AFA257038BDE2
:1055800076000320382A0320014BC0B2185C704714
:1055900040100108704700BF0AB10AF091BF704780
:1055A0004AB1013A4B1E0138114413F8012F8B42C6
:1055B00000F8012FF9D17047421E11F8013B02F8A3
:1055C000013F002BF9D1704708B503782BB10130AA
:1055D000FAF736FE013080B208BD184608BD00BF9C
:1055E0004FF47A7202FB00F0024BA3FB00308009FB
:1055F00008F08CBAD34D6210F8B54178072909D963
:1056000042F2FE2002221649164B09681B680880E8
:105610001A80F8BD144D044628690144FDF78CFF3B
:105620000F4A104B012816681F6805D042F2FE226F
:10563000022332803B80F8BDFF233370637863B16F
:1056400000232A6912780133DBB2F2542A6901324D
:105650002A6161789942F5D8481C3880F8BD00BFAE
:10566000502A03204C2A0320542A032000220146FA
:10567000034B1046C3E903221A7059601A81704720
:10568000542A0320084B1A785AB14EF660215A6802
:10569000821A8A4205D90022C3E9032258601A708F
:1056A0001A810020704700BF542A032038B5D0B2B9
:1056B0000C46FFF76FFF074DE86002E00A2008F094
:1056C00025FA21462846FCF77DFA0028F6D101206C
:1056D00038BD00BFD000032070B5D0E90042B2F160
:1056E000804F0D461E4682B007D01AB940F2525381
:1056F0009C4219D0002002B070BDC4F30743EF2BC9
:10570000F8D1C4F30723132BF4D1E3B23F2B01D01C
:105710005A2BEFD123029BB204F0E0541C4344F413
:105720006F0444F0130401E040F25354124BC0687C
:10573000C3E90042FFF728FFADF806000028D9D0E2
:105740004FF0FF3302220DF10601306808F0B2FE7F
:105750004FF0FF3304462946BDF80620306808F0B4
:10576000A9FEBDF8063004440233A34201D1012052
:10577000C1E7FBF7E9FBFAE7D00003202DE9F04190
:10578000069D944F944E954C356060603B604AB1E5
:10579000FF2018700878FF2824D094F800C0BCF1CE
:1057A000010F01D0BDE8F081CE38302827D8DFE8DE
:1057B00000F033262626262626262626262C2C26CC
:1057C000262626262626262626262626263326266C
:1057D000262626262626268D837C74615326433969
:1057E000AFA16C00012A00F098804A78002A00F0EE
:1057F000948042F2FE21022219802A80D2E742F2EE
:10580000FE01022219802A80CCE70022C3F8012081
:105810005A6008232B80C5E700210322A3F801105A
:105820002A80BFE7002201200821C3F80120A3F845
:105830000520D8712980B5E7012A30D04A78002A9E
:10584000D7D104200821C3F80120A3F80520644A19
:10585000D87129802261A5E7012A20D0227A012A65
:1058600003D04A78002A00F0828000210222597079
:105870002A8097E7052A12D9627A012A64D042F673
:10588000FE11022219802A808CE700230122C4E93C
:105890000333237023812A8084E7082A4ED042F202
:1058A000FE11022219802A807CE7012AF7D0BDE888
:1058B000F0410846FFF7A0BE072AF0D94B6808461A
:1058C0001BBA2361BDE8F041FFF796BE072AE6D96F
:1058D0004D68206995FA85F808EB0001FDF72CFE6C
:1058E00001283F68366857D042F2FE2202233A80F0
:1058F000338057E700215970227A0620013A18BFF9
:1059000001221201D970197159719A70288049E7E2
:10591000FE21022219802A8044E7002201214FF44F
:10592000807608202F4FC4E9032222812170C3F81A
:105930000170A3F80560D971288033E701224B6814
:105940001BBA23612A802DE7D1F80210E6682648A9
:1059500009BA7040884236D0002242F2FE5002213D
:1059600018802980C4E90322227022811AE7FDF7FA
:10597000B7FF0121042206253B68E06061725A707E
:10598000E27B31689A70E289DA70E268120A1A7171
:10599000E2685A710D8005E75DB100231D4622695A
:1059A00012F8011B013398450D442261F8D895FA8D
:1059B00085F8032100220823C7F80480A7F8011006
:1059C000FA703380EEE622810021022259702A808B
:1059D000E8E600BF502A03204C2A0320542A032063
:1059E00050100108000108087856341210B50F4B0A
:1059F00082B0186E002240F0010018661C6E07216C
:105A000004F001040094009C9C6D6FF0010044F0D0
:105A100080549C659B6D03F080530193019B01F0C2
:105A20003DF802B0BDE8104003F0D2BE00100240C5
:105A300070B500210446ACB0942207A8CDE902114C
:105A4000CDE9041106910AF03BFD324B22689A42DF
:105A500001D02CB070BD03234FF480424FF0805131
:105A6000CDE907230993182211232791CDE90A23B1
:105A7000022108224FF0807307A8CDE90D230C9175
:105A800004F084FD00283BD1234B0026DA6C02A9E8
:105A900042F40052DA64DA6C204D02F400520092B3
:105AA000009ADA6C42F00102DA64DB6C322203F015
:105AB00001030193032301981948CDE902230496B9
:105AC00002F0DAF980224FF480730521C5E9036200
:105AD0006B614FF480622023C5E901161149284605
:105AE000C5E906232E62296001F0E6F870B910219D
:105AF0000A4801F091FA30B92565AC622CB070BD4E
:105B0000FBF722FAC0E7FBF71FFAF5E7FBF71CFAF1
:105B1000EDE700BF0080024200100240C0260320D3
:105B20000000024208040240094B02689A4200D079
:105B30007047A3F500539A6C82B042F480529A6485
:105B40009B6C03F480530193019B02B0704700BF2C
:105B5000003002400000000010B500210446ACB047
:105B6000942207A8CDE90211CDE9041106910AF0AB
:105B7000A7FC274B22689A4201D02CB010BD4FF0F1
:105B800000724FF0807307A80792219304F0FEFC87
:105B9000002832D19FED1A6B9FED1B7B09241D4B12
:105BA00002A9DA6D1C4842F40072DA65DA6D02F47B
:105BB00000720092009ADA6C42F00202DA64DB6C46
:105BC0008DED026B03F0020301938DED047B019BCD
:105BD000069402F051F900220521272000F05EFF13
:105BE000272000F095FF00220521282000F056FF15
:105BF000282000F08DFF2CB010BDFBF7A5F9C9E7F8
:105C0000000300000200000000000000000000008F
:105C100000A40040001002400004024208B50268DF
:105C20000A4B9A4200D008BD094A4FF44071D36D27
:105C3000084823F40073D36502F024FA272000F00B
:105C400075FFBDE80840282000F070BF00A40040A8
:105C5000001002400004024210B50446A6B094228F
:105C6000002101A80AF02CFC114B22689A4201D0B5
:105C700026B010BD4FF4802301A8019304F086FCE8
:105C800098B90C4B0022D86C052140F48020D864D0
:105C9000DB6C5E2003F480230093009B00F0FEFE8B
:105CA0005E2000F035FF26B010BDFBF74DF9E8E7A8
:105CB00000080C420010024000B5036887B0B3F141
:105CC000804F0DD02E4A934238D02E4A934214D0A2
:105CD0002D4A934226D02D4A934244D007B000BDAE
:105CE00003F504339A6D42F001029A659B6D03F04F
:105CF00001030193019B07B000BD254B0022986D65
:105D0000052140F0200098659B6D322003F02003B0
:105D10000393039B00F0C2FE322007B05DF804EB52
:105D200000F0F6BE1A4B1A6E42F400321A661B6E71
:105D300003F400330493049B07B000BD144B00220E
:105D4000986D052140F0100098659B6D312003F09F
:105D500010030293029B00F0A1FE312007B05DF812
:105D600004EB00F0D5BE0A4B1A6E42F480221A668C
:105D70001B6E03F480230593059B07B000BD00BF95
:105D80000010004000140040004401400048014061
:105D9000001002400000000010B500210446AEB023
:105DA000942209A8CDE90411CDE9061108910AF061
:105DB00087FB2D4B22689A4201D02EB010BD4FF4C4
:105DC000005309A8099304F0E1FB00283FD19FED9F
:105DD000226B9FED237B0A22244C2548E36C04A907
:105DE00043F00103E364E36C8DED046B03F0010306
:105DF0000193019B8DED067B089202F03DF8E36D67
:105E000043F40013E365E36D03F400130293029B74
:105E1000A36DDB0018D4A36D43F08053A365A36D7D
:105E200003F080530393039B03F0CAFCA36D23F09C
:105E30008053A36500220521492000F02FFE492050
:105E400000F066FE2EB010BD03F0BAFCF2E7FBF7DF
:105E50007BF8BCE7AFF300800018000002000000F0
:105E6000000000000000000000D4004000100240CC
:105E70000000024210B5014688B000222A2000F03E
:105E80000DFE2A2000F044FE154B01A91A6E03A84E
:105E900042F400621A661B6E124C03F40063029314
:105EA000029B04F06BFA04F051FA0346002140F221
:105EB000E7300D4A2161A2FB0323A1609B0C0B4933
:105EC000E060013B20462160636005F055FA10B1A7
:105ED000012008B010BD204605F05EF808B010BDE6
:105EE00000100240682A032083DE1B43002C01407F
:105EF000FEE700BFFEE700BFFEE700BFFEE700BF12
:105F0000FEE700BF704700BF014801F013B800BFB3
:105F100070240320014801F00DB800BF08240320BD
:105F2000014801F0F9BB00BF38260320014801F009
:105F3000F3BB00BF38260320014805F01DB900BFA0
:105F4000682A0320014805F017B900BF7023032019
:105F5000014805F011B900BF24230320014802F0D5
:105F60003FB900BFE4250320014802F0D7BA00BFC3
:105F7000E4250320014804F0E5BE00BFD824032037
:105F8000014805F0C3BA00BF50250320014802F0C4
:105F90000BBD00BFB01F0320014800F0CBBF00BF06
:105FA000C0260320014804F0FFBD00BF3C250320AC
:105FB000034AD2F8883043F47003C2F8883070473F
:105FC00000ED00E0254B25491A68120754BFD3F8AD
:105FD00094301B688A6858BFC3F3032302F00C0295
:105FE00048BFC3F30313082A12D01D480C2A50F8E7
:105FF00023300FD01B49042A08BF0B46174A1A4802
:1060000092681A49C2F30312825CD3400B60704756
:10601000174BF3E7C868CA6800F00301C2F3031224
:10602000022902F1010211D0032913D0B3FBF2F1CE
:106030000A4AD368D268C3F3062301FB03F3C2F311
:10604000416201325200B3FBF2F3D7E70549B1FBDD
:10605000F2F1EDE70649B1FBF2F1E9E70010024089
:10606000581001080024F400A0100108F4000320D7
:1060700080969800DFF834D0FFF79AFF002103E004
:106080000B4B5B58435004310A480B4B42189A4261
:10609000F6D30A4A02E0002342F8043B084B9A4236
:1060A000F9D30AF073FAFAF715FCFEE700000420B2
:1060B000D4100108000003206002032060020320C6
:1060C000EC570320FEE70000042010B500F0D4FCDC
:1060D000FFF778FF0020FFF7CDFE10B10124204626
:1060E00010BD0446FFF782FC204610BD034A044B56
:1060F00011681B780B441360704700BFB42A03205B
:10610000F8000320014B1868704700BFB42A032031
:10611000002330B583B00193002800F09E80856D88
:106120000446002D00F09C80226893689D0005D5F0
:10613000936823F0204323F03F0393609368D800D3
:1061400019D45C4B5C481B6891689B09A0FB030356
:1061500021F010419B0921F03F0101335B0041F028
:10616000805191600193019B2BB1019B013B0193F5
:10617000019B002BF9D19368D90064D40120A36D51
:1061800043F01003A365E36D0343E365936813F0E5
:10619000040FA36D5DD1DB065BD4A36D23F4817383
:1061A00043F00203A3659368DD0708D4434B9B6863
:1061B00013F0010F424B9B6801D1D90763D5E56805
:1061C000636B94F820102B43A568012943EA05036B
:1061D000657E43EA453343EA01434FD0A16A21B1CA
:1061E000E56A01F4707129430B43D56835492940AC
:1061F0001943D16093681B0716D494F83030257E7C
:10620000D1685B0043EA8533E56C21F4804121F0DD
:1062100006012B430B43D36094F83830012B3AD05E
:10622000136923F0010313612369012B1ED0136B43
:1062300023F00F031363A36D23F0030343F0010363
:10624000A36503B030BD9368002013F0040FA36D65
:10625000A1D0A36D43F01003A365012003B030BDAE
:10626000FFF7E6FBE56584F854505DE7116BE369E1
:1062700021F00F01013B0B431363DCE7616A013935
:1062800043EA4143AAE7104965688B6823F47C130D
:106290002B438B6093E71169E36B256C6FF38A01E5
:1062A0002B430B43616C0B43A16C0B4343F0010385
:1062B0001361B9E7F4000320632D3E05008002421C
:1062C0000081024207C0F0FF00830242704700BF16
:1062D000704700BF08B5806AFFF7FAFF08BD00BF2E
:1062E000704700BF836A10B59A6D12F0500F9A6D17
:1062F0001DD1196842F400729A650A6812F0080FFD
:10630000CA681BD012F4406F0DD1CA6894040AD435
:106310009A6D22F480729A659A6DD10403D49A6DB5
:1063200042F001029A651846FFF7D0FF10BDD20671
:106330000AD4BDE810401B6DDB6B18479007E7D50A
:106340001846FFF7C3FFF1E71846FFF7C9FF10BD76
:10635000806A08B5836D43F040038365C36D43F0E5
:106360000403C365FFF7BCFF08BD00BF0022F0B502
:1063700083B0019290F85420012A00F0F380034684
:1063800001201A6883F854009068400709D501205D
:106390009A6D42F020029A65002283F8542003B0DF
:1063A000F0BD1F24486802F1300500F01F0C4FEAD1
:1063B000901E08680EF00C0EC0F3846000FA0CF01A
:1063C00004FA0CFC55F80E4024EA0C0C40EA0C00D0
:1063D00045F80E00906810F0040F906835D107075B
:1063E00033D4072408688D68C0F30456B440C00D48
:1063F000B5F1004F6FEA040400F0040000F0FC80E7
:1064000002F11407B5403E5834402C433C505069CB
:1064100020F0004050610E69D468042E086800F036
:10642000B88002F1600757F826C0BA4D00F0F84076
:106430000CEA05050543C4F3C10448696400A040A3
:10644000284340F0004047F826009068C60701D571
:106450000020A1E7CE680C68AF48D2F8B05006F033
:106460001807F840C4F31207204025EA070528431F
:10647000C2F8B000A948864226D0A9490C42E7D00C
:10648000A848A94986688D68ED076ED4A74DAD6808
:10649000EF073FF57CAFA64D06F0E077AC4200F089
:1064A0005F81A44DAC4200F07F81A34DAC42CFD1BF
:1064B0007402CDD48A42CBD1826822F0E0723A4392
:1064C00042F480028260C3E7002F51D094FAA4F016
:1064D000002800F0D080B0FA80F0013000F01F00FA
:1064E000092840F2C88094FAA4F0002800F07281D4
:1064F000B0FA80F00130800600F0F84094FAA4F57C
:10650000002D00F06C810126B5FA85F5354405F0C3
:106510001F0506FA05F5284394FAA4F4002C00F0B0
:106520005C81B4FA84F4013404F01F0404EB4404E5
:106530001E3C240544F0007407272043C50D8E68D7
:1065400005F0040502F1140C5CF80540C0F304509A
:10655000864007FA00F024EA000030434CF80500BA
:106560000C688AE7022003B0F0BD704A92680EE71B
:106570000120A40E013404F01F06A40604F0F8451F
:10658000B040092E06EB460440EA0500D0D82405A9
:10659000D2E7146E146EC0F31205C4F38464002DA8
:1065A00034D1C0F38466B44200F08B80546E556ED3
:1065B00002F16004C5F3846502F1640CB54200F099
:1065C0009480A568A56804F10807C5F38465C0F345
:1065D0008466AE4200F0B280E568E56804F10C061E
:1065E000C5F38464C0F38460A0427FF42EAF3068AA
:1065F00020F00040306028E702F1140635582C40A6
:106600003450506940F00040506104E790FAA0F522
:106610001DB1B5FA85F5AC4253D0546E556E02F1FA
:106620006004C5F3846502F1640C90FAA0F604F1ED
:106630000807BE461EB1B6FA86F6AE4257D0A56828
:10664000A568C5F3846590FAA0FC04F10C06B64673
:10665000BCF1000F03D0BCFA8CFCAC4570D0E568EF
:10666000E468C4F3846490FAA0F000283FF4EDAE2F
:10667000B0FA80F0B8E794FAA4F0002800F0A48003
:10668000B0FA80F00130800600F0F84094FAA4F5EA
:10669000002D00F097800126B5FA85F5354405F008
:1066A0001F0506FA05F5284394FAA4F4002C00F01F
:1066B0008E80B4FA84F4013404F01F0404EB440423
:1066C00065E71446106E02F1640C20F0004044F8B7
:1066D000600F506E0868556EC0F31206C5F38465EE
:1066E000002EA2D1C0F3846668E704F1080EDCF83E
:1066F0000000774620F00040CCF80000A068086851
:10670000A568C0F31206C5F38465002E3FF45FAFA1
:1067100099E700BF00F0FF03FFFF070000007F4084
:106720000000088000830242008002420081024291
:10673000000052C7000084CB0100008004F10C0E61
:106740003868764620F000403860E0680868E46801
:10675000C0F31205C4F38464002D3FF443AF82E715
:1067600036023FF575AE8A427FF472AE82681D49EB
:1067700022F0E0723A4342F4000282600A681A4949
:106780009209A1FB02129209013202EB420292002D
:106790000192019A002A3FF45BAE019A013A0192FC
:1067A000019A002AF9D153E6F5013FF551AE8A422C
:1067B0007FF44EAE826822F0E0723A4342F080727B
:1067C000826045E602256EE74FF080605EE74FF499
:1067D0004014B1E64FF0806090E6044CACE6022530
:1067E00099E600BFF4000320632D3E05000050FE33
:1067F000002370B582B0019303689A68D2072CD445
:106800009968284A054611422AD19A68264922F0F9
:10681000004222F03F0242F001029A608B681E02A1
:1068200029D4FFF76FFC2B6806461A68D40714D4E6
:106830001E4C9A68D00704D49A68224042F00102A4
:106840009A60FFF75FFC821B022A2B6802D91A6844
:10685000D10705D51A68D207EBD5002002B070BD6C
:106860000120AB6D43F01003AB65EB6D43F001030A
:10687000EB6502B070BD0E4B0E4A1B689B09A2FB74
:1068800003239B09013303EB43039B000193019B0B
:10689000002BC6D0019B013B0193019B002BF9D13A
:1068A000BFE700BF3F00008000830242C0FFFF7FC0
:1068B000F4000320632D3E052DE9F041364B0568B9
:1068C0009B68AD6815F0040516D1164690F8542063
:1068D0000446012A10D040F2212C03F01F080123A6
:1068E0002CFA08FC1CEA030C80F8543007D180F81D
:1068F00054C00120BDE8F0810220BDE8F0810F46C0
:10690000FFF776FF002840D1A36D216823F4706360
:1069100023F0010343F48073A365204B994237D0E1
:10692000A36D23F48013A365A36D002513F4805396
:1069300018BFE36D206D18BF23F00603E3653346EF
:106940001C263A46164F4031C762164F0763164F52
:10695000C76341F8406C84F8545051F83C5C45F0F2
:10696000100541F83C5C51F8345C45F0010541F8F4
:10697000345C00F017FA2268936823F0004323F098
:106980003F0343F004039360B7E784F85450B0E743
:10699000B8F1000FC8D1C3E7008302420081024270
:1069A000E5620008D56200085163000890F85420A1
:1069B000012A46D0034600220120F0B42B4D1C686A
:1069C0009AB0AC42169283F85400179208D0996D91
:1069D00083F8542041F0200199651AB0F0BC70474B
:1069E000234A906840070BD5A26801209A6D42F0B7
:1069F00020029A65002283F854201AB0F0BC704738
:106A0000A0684507F1D40D68EDB11A4E4F68B06823
:106A100093F830C020F46040384340EA4C30B06016
:106A2000A0689268C0070AD4D70708D4B2688968FA
:106A300022F471620D4322F00F021543B56000206D
:106A4000D8E7022070470B48816821F460418160DB
:106A5000A1689268CD07F2D4D407F0D4826822F4FA
:106A6000716222F00F028260E9E700BF00800242FB
:106A700000810242008302424FF6FF0C06490302E6
:106A8000CA6803F4E06302EA0C02134343F0BF63F5
:106A900043F40033CB60704700ED00E01A4B00B5C3
:106AA000DB68C3F30223C3F1070EBEF1030F03F14A
:106AB000030C28BF4FF0030EBCF1060F1BD9A3F146
:106AC000040C4FF0FF3303FA0CF322EA03024FF0F9
:106AD000FF3303FA0EF321EA030303FA0CF3134323
:106AE0005B010028DBB209DB00F1604000F561408A
:106AF00080F8003300BD00229446E8E7034A00F026
:106B00000F000244137600BD00ED00E0FCEC00E055
:106B1000002807DB012300F01F01034A40098B40D6
:106B200042F82030704700BF00E100E000280CDB95
:106B300001220649430900F01F002033824041F83A
:106B40002320BFF34F8FBFF36F8F704700E100E04A
:106B5000BFF34F8F0549064BCA6802F4E062134346
:106B6000CB60BFF34F8F00BFFDE700BF00ED00E03B
:106B70000400FA05002836D038B5437F044603F0F8
:106B8000FF0263B3022223796277F3B92368174ABD
:106B90005A619A6822F018029A6062798AB1226971
:106BA0001A6101219A68656922F060022A439A609D
:106BB0009A68A56922F080022A439A6061770020D2
:106BC00038BD4FF0FF321A61EBE72046D4E90212DC
:106BD00000F00EF808B92368DFE7012038BD02771E
:106BE000FEF7A2FFCEE70120704700BFB71DC1042A
:106BF000CB071AD51E2310B401E0013B17D321FAAD
:106C000003FC1CF0010FF8D0182A11D8DFE802F0BD
:106C1000161010101010101024101010101010105A
:106C200021101010101010101400012070472AB10C
:106C300001205DF8044B7047062BF9D8046800204A
:106C40006161A36823F018031343A3605DF8044B4C
:106C50007047072BF2D9EBE70F2BEFD9E8E700BF1E
:106C600011490368C26C8B4288BF104922F00302AD
:106C700094BF02F1804189184FF0010210B4DBB2D9
:106C80000B4CA3F10803A4FB03430A4CC3F3041306
:106C900098BF01F5023102FA03F3C0E914148365C9
:106CA0005DF8044B704700BF070402402008024013
:106CB000CDCCCCCC8008024000285ED00268304B9E
:106CC00070B59A42044646D92E4B2F491344A1FB76
:106CD00003132E481B099B000221C4E91203D4E9C7
:106CE000025320692B430343606984F82510034352
:106CF000A06911680343E0696FF310110343206A30
:106D000003430B4320461360FFF7AAFFD4E9146145
:106D1000B5F5804FA06D27D06368DAB2013B032B35
:106D20003260486024D801210020194B194D1344CA
:106D3000013A01FA02F218499B00E3656266256692
:106D400018604A6400230122636484F8243084F8C4
:106D50002520184670BD114B0B491344A1FB0313AA
:106D60001B090F489B00B7E700236360336048604E
:106D70000023C4E917336366E4E70120704700BFCE
:106D800007040240F8FBFDBFCDCCCCCC0004024090
:106D90003F8200104009024000090240F8FFFDBF99
:106DA00000000240F0B590F82440012C0AD04FF0CA
:106DB000010C90F8254080F824C0644504D00023DD
:106DC00080F824300220F0BD0026D0E9157C4FF079
:106DD000020E046880F825E046642668C56D26F03A
:106DE00001062660C7F804C015B1D0E918677760BE
:106DF0000126C76C07F01C0C876C06FA0CF67E6047
:106E000063608368102B036B0BBFA260A160E1601D
:106E1000E260B3B1236843F00E032360036D1A6888
:106E2000D20303D51A6842F480721A601DB12B6830
:106E300043F480732B602368002043F00103236038
:106E4000F0BD236823F004032360236843F00A03A2
:106E50002360E3E790F825200346022A06D00422A7
:106E60005A640022012083F824207047026870B41D
:106E7000046D1068D96C20F00E00106020689E6CC4
:106E800020F480702060106801F01C0120F00100E7
:106E900010600122D3E91545D86D8A4072606560A3
:106EA00030B1D3E91814026822F4807202604C6099
:106EB000012283F82520002283F82420002070BCC2
:106EC000704700BF90F825200346022A03D0042211
:106ED00001205A647047026870B5046D1068D96C5F
:106EE00020F00E00106010689E6C20F00100106011
:106EF0002268D86D22F4807222600122D3E9154500
:106F000001F01C018A407260656030B1D3E9181449
:106F1000026822F4807202604C60012000211A6C29
:106F200083F8250083F824100AB118469047002002
:106F300070BD00BF0421F0B4C26C866C02F01C026C
:106F400035680468914029420346276812D017F03B
:106F5000040F0FD02268170439D42268950603D491
:106F6000226822F0040222601A6B716092B1F0BCB8
:106F7000184610470221914029420DD0B8070BD581
:106F8000226812F4004F226829D0D4033CD45A6BF3
:106F9000002AECD1F0BC7047082191402942F9D079
:106FA0003907F7D52168002021F00E012160012169
:106FB000DC6B01FA02F27260596483F8240083F8F2
:106FC0002510002CE6D018462346F0BC1847716007
:106FD0002268D60314D4036B002BF6D1DAE79006AF
:106FE00006D4226822F00A022260012283F82520BA
:106FF0000020DA6A716083F82400002AB7D1C9E75B
:10700000836B002BE1D1C5E7DA6A002AAFD1C1E773
:1070100090F82500704700BF60B10368C8061A6881
:1070200005D5C9024CBF42F4801222F48012002020
:107030001A60704701207047002800F0D78038B5EB
:1070400090F85C30044603F0FF02002B70D02268F9
:10705000936923F010039361FFF754F8054604E0A9
:10706000FFF750F8401B0A2859D823689A6911077E
:10707000F6D49A6942F001029A61FFF743F8054697
:1070800004E0FFF73FF8401B0A2848D823689A69B4
:10709000D207F6D59A696068574942F002029A61B0
:1070A0000860227C012A9A690CBF22F0400242F05B
:1070B00040029A61627C012A9A690CBF42F48042C4
:1070C00022F480429A61A27C012A9A690CBF22F4C0
:1070D000805242F480529A619A69A06822F4407208
:1070E00002439A619A69E16822F0A4029A611A69DE
:1070F000012922F010021A611FD011B302299A69E6
:1071000076D042F080029A611A69032942F0100297
:107110001A6116D19A6942F020029A6111E00322A5
:10712000236E012043F00103236684F85C2038BD00
:1071300080F85D20FEF710FD89E79A6942F00402AD
:107140009A61D4E90612013A0139120242EA416217
:10715000216AB0F5407F01F1FF3142EA0102616925
:1071600001F1FF3142EA0142DA610ED1D4E90B02AA
:10717000A16A013A01381201013942EA00220A43A8
:10718000616A013942EA0142DA60D3F8C020E06B5B
:10719000616B0243C3F8C020D3F88020174822F463
:1071A000F81242EA01422064C3F88020D3F880201C
:1071B000A16B134D22F0706242EA01626564C3F86C
:1071C0008020104B10494035C4E91253F033C4E914
:1071D00014134FF45472002109F072F900230122B4
:1071E000236684F85C201846A36538BD01207047EB
:1071F00042F020029A61A4E700A5004000AC0040E4
:1072000070AC004088AD004060AE004090F85C205B
:107210000346013A012A05D91A6E012042F0020202
:107220001A6670478A6870B4D1E9035448699207B6
:10723000D1E9006156B942EAC56202431B6C42EAD9
:107240000442002070BC43F8212070475B6C44EA84
:10725000457443F83140104303EBC103586070BCE0
:1072600000207047844690F85C00012807D0DCF8C5
:107270006030012043F00403CCF86030704710B454
:107280000198DCF8004040EA4303D4F8800043EA68
:10729000820242EA011120F03F030B430020C4F8B0
:1072A00080305DF8044B704790F85C200346012A5B
:1072B00005D01A6E012042F004021A6670470222BD
:1072C000002110B4046880F85C20A269084622F00E
:1072D0000102A2615DF8044B1966704790F85C30BA
:1072E0000146022B17D10268936943F001039361B1
:1072F0009369DB0758BF0B2313D49069C00710D4E0
:10730000013BFAD103220B6E012043F001030B660F
:1073100081F85C207047036E43F008030366012088
:107320007047936923F01003936193691B0748BF6B
:107330000B2305D59069000702D5013BFAD1E1E79F
:107340004FF0010C10B400249369204643F002036F
:10735000936181F85CC08C655DF8044B704700BF99
:1073600088B110B50446FFF7B9FF22682046D36DF7
:1073700023F00303D365FEF751FC0023236684F852
:107380005C30184610BD0120704700BFF0B590F882
:107390005C308646022B0BD10568D5F8C43013F457
:1073A000001C0BD0036E43F4007303660120F0BD94
:1073B000036E43F0080303660120F0BDD5F8C460F6
:1073C0004B680C6988680F68C6F30146002B37D1FB
:1073D000044344EA8744D1E906030343486906EBC2
:1073E000C6070343086A43EA0063C86843EA0043E8
:1073F000DEF8540040F8374000EBC7004360134C00
:10740000CB68E35CA3B19378D7781B0443EA0763A6
:10741000177804323B4312F8037C43EA07230CEB52
:107420000007BB60CB680CF1040CE35C9C45EAD31D
:107430000123B340C5F8CC300020CEF85830F0BD61
:107440003C43044344F08044C5E700BFB01001084A
:107450002DE9F04190F85C40022C64D14029056888
:107460006DD0D5F89840270764D0D5F89870D5F836
:107470009840C7F30128E60107D5D5F88040E40518
:1074800044BF08F1010707F00308C46C08EBC80605
:1074900004EBC604266806F080465660D4F800C0A7
:1074A000002E66D1CCF38A461660266806F0005698
:1074B0009660266806F000461661A688D661B4F884
:1074C00006C00CF00F0CC2F80CC0666806F48016FB
:1074D0005661666806F400169661E67906F07F0646
:1074E0001662274E676816F80CE04FEAD77CC2F8A0
:1074F00024C0BEF1000F10D0013B04F1070EF4468A
:107500001EF8015FACF1060C03F8015FD568ACEB27
:10751000040C755D6545F2D8056840292CD0C5F886
:107520009C80002004E0036E43F008030366012002
:10753000BDE8F081036E43F480730366F7E7D5F886
:1075400090402707F6D0D5F89070D5F89040C7F353
:107550000128E60107D5D5F88040A40544BF08F10D
:10756000010707F00308846C08EBC80604EBC604A7
:1075700090E72CF0604697E7C5F89480D1E700BF0C
:10758000B010010803461B6830B45B6C002003F0A8
:107590000704C3F30222C1E90042C3F34014C3F35A
:1075A0008012C1E90342C3F3C014C3F3C022C1E98E
:1075B0000542C3F30034C3F3403203F01805C1E9B8
:1075C0000742C3F38032C3F306438D60C1E9092348
:1075D00030BC7047034630B41B6800201B6CDCB223
:1075E000C3F3C035C3F30622C3F30743C1E9004226
:1075F0008D60CB6030BC70470368D3F8C40000F0E6
:1076000007007047034690F85C000138012805D94F
:107610001A6E012042F002021A6670471B6870B4AD
:1076200011F00705986D01F0380420D0C6071ED46C
:10763000DD6D45F00105DD650CB384071FD5D86D00
:1076400040F00200D8650C0604D5D3F8DC001043E6
:10765000C3F8DC00C80504D5D3F8E0000243C3F842
:10766000E0205A6D002070BC0A435A65704704B38D
:1076700086071ED4DE6D46F00106DE6525BB11F4DB
:10768000E07F01D04607DAD411F4F05F01D005079E
:10769000D5D411F4604F01D0C406D0D411F4403FCA
:1076A00001D08606CBD411F47C0FCCD04506C6D4CD
:1076B000C9E711F4E07F0AD0460708D4DE6D46F032
:1076C0000106DE65002DB7D0C507B5D5B7E711F4C3
:1076D000F05F01D00607F1D511F4604F01D0C60666
:1076E000ECD511F4403F01D08606E7D511F47C0FAC
:1076F000E8D04606E2D5002D9ED0E5E7704700BFF2
:10770000704700BF704700BF704700BF704700BFA1
:10771000704700BF704700BF2DE9F84F036804466B
:107720001A6D596D02EA010A1A6D596D0AF4E05A90
:1077300002EA01091A6D596D1E6D02EA01085A6DBF
:107740001F6D16405A6DD3F854B01D6D1740690671
:1077500009F0070908F0380806F4710607F46027F5
:1077600002D51BF0400F73D1EA0502D51BF4807FD0
:107770005DD1BAF1000F4AD1B9F1000F35D1B8F19E
:10778000000F3CD1AB0502D51BF4007F75D1280654
:1077900002D51BF0800F78D1A90402D51BF4005F3D
:1077A0005BD12A0402D51BF4004F5ED16B040AD5CD
:1077B0001BF4804F07D04FF4804223681A65236E74
:1077C00043F0800323664FB926B123681E65236EFC
:1077D00033432366236E2BBBBDE8F88F23683946FD
:1077E00020461F65FAF706FBEEE723684946204668
:1077F000C3F85090FAF74CFAB8F1000FC2D02368E2
:1078000041462046C3F85080FFF77AFFBAE7236865
:1078100051462046C3F850A0FFF770FFB9F1000FA2
:10782000ADD0E2E72046FAF7C9FABDE8F88F4FF489
:10783000807223682046D3F8D8C0D3F8E0101A65C8
:107840000CEA0101FFF760FFBAF1000F94D0DEE708
:1078500040221A65FFF75EFF86E74FF40052236867
:1078600020461A65FFF752FF9BE74FF4004223685A
:1078700020461A65FFF74CFF98E74FF40072236823
:1078800020461A65FFF73EFF81E7802223682046E5
:10789000D3F8D4C0D3F8DC101A650CEA0101FAF76A
:1078A00071FA79E7006E7047064B9A6A002A01DB8D
:1078B000002070470449054A99609A60986AC00F91
:1078C000704700BF0020024023016745AB89EFCD20
:1078D000044B9A6A42F000429A62986AC043C00F11
:1078E000704700BF00200240064B986A10F08040AD
:1078F00006D00549054A19611A61986AC0F380707B
:10790000704700BF002002403B2A19087F6E5D4C83
:10791000054B9A6A42F080429A62986A80F08040F1
:10792000C0F38070704700BF00200240034A01206E
:10793000936A43F000639362704700BF00200240E7
:1079400070B5164C0546FEF7DDFB236ADE0306D54F
:107950006A1C18BF064612D1236AD803FCD442F22F
:10796000FA010E4A136A0B4010D1136A0020DB079C
:1079700044BF0123136270BD236AD903EFD5FEF71C
:10798000C1FB801BA842F7D3032070BD044C01202B
:10799000616813621943616070BD00BF002002403E
:1079A000000103202DE9F0411A4C94F800C0BCF10D
:1079B000010F2CD0984601232370002307464FF473
:1079C0007A700D4616466360FFF7BAFF18B10023C0
:1079D0002370BDE8F081A760EFF3108272B60E4FFE
:1079E000BB6A43F00103BB622E60BFF36F8FC5F823
:1079F000048082F310884FF47A70FFF7A1FFA26829
:107A0000BB6A22F0004223EA0203BB62DFE70220E6
:107A1000BDE8F08100010320002002400E4B1A6CEB
:107A2000510212D5C20703D59A6A42F004029A6243
:107A3000830704D5084A936A43F400439362064AD5
:107A4000936A43F48033936270479A6A42F4004227
:107A500042F004029A62F2E70020024070B58E4DB7
:107A60002B78012B20D00122002304464FF47A709A
:107A70002A706B60FFF764FF98B92068C10700F1B6
:107A8000C480820712D4430719D4030700F1AF80E2
:107A9000824A4FF47A70936A43F400339362FFF79B
:107AA0004FFF00232B7070BD022070BD7B4A2169FF
:107AB000136C23F0FF030B4313644307E5D5D4E9AC
:107AC000052612F0010316BF4FF4E061194606EADD
:107AD000010312F0020F05D006F4805C41F48051DE
:107AE00043EA0C0312F0040F05D006F4005C41F4E5
:107AF000005143EA0C0312F0080F05D006F4804C45
:107B000041F4804143EA0C0312F0100F05D006F453
:107B1000803C41F4803143EA0C0312F0200F05D081
:107B200006F4003C41F4003143EA0C0312F0400F2C
:107B300005D006F4802C41F4802143EA0C0312F0B6
:107B4000800F05D006F4002C41F4002143EA0C0319
:107B500012F4807F05D006F4801C41F4801143EAC2
:107B60000C0312F4007F05D006F4001C41F4001150
:107B700043EA0C0312F4006F05D006F0807C41F05C
:107B8000807143EA0C0312F4805F05D006F0007C9C
:107B900041F0007143EA0C0312F4005F05D006F0D7
:107BA000806C41F0806143EA0C0312F4804F05D0F1
:107BB00006F0006C41F0006143EA0C0312F4004F40
:107BC00005D006F0805C41F0805143EA0C03D203FB
:107BD00004D506F00046334341F000412F4E326C8D
:107BE00022EA01021343336403077FF551AFD4E95E
:107BF0000732012B48D0022B7FF44AAF27498B6C08
:107C000003F07F0313438B6442E76368D4E90212F5
:107C1000013B072B3FF635AF01A656F823F000BF16
:107C2000777C0008657C0008837A0008537C000894
:107C3000837A0008837A0008837A0008417C000870
:107C4000164EF36E23F07F130B4343EA0243F366B1
:107C500017E7124EB36E23F07F130B4343EA024340
:107C6000B3660EE70D4EF36D23F07F130B4343EA2B
:107C70000243F36505E7094EB36D23F07F130B4311
:107C800043EA0243B365FCE604494B6C03F07F030F
:107C900013434B64FCE600BF0001032000200240B8
:107CA000062243680260082B04D84FF48B72DA4036
:107CB000D20717D4334B1B6CDBB2AA2B05D0552B44
:107CC00003D0CC2B0CBFCC23BB232E49C26903614C
:107CD0000B6C02F1FF3C23F0FF03BCF1010F836149
:107CE00018D970470722013B0260072BE2D801A296
:107CF00052F823F0677D0008537D0008B57C00082A
:107D00003F7D0008B57C0008B57C0008B57C000804
:107D10002B7D00080368012A43F0080303602CD080
:107D20008B6C23F07F0303627047164AD36E03F017
:107D30007F038360D36EC3F30643C360BAE7114A7F
:107D4000936E03F07F038360936EC3F30643C360B7
:107D5000B0E70C4AD36D03F07F038360D36DC3F3A8
:107D60000643C360A6E7074A936D03F07F03836071
:107D7000936DC3F30643C3609CE74B6C23F07F0312
:107D800003627047002002400F4B1A6C12F4800F00
:107D90009A6A01D0C90712D522F400629A620A4A8F
:107DA000936A23F47E7323F0020343EAC00343F093
:107DB00002039362936A43F480339362704742F400
:107DC00000629A62EBE700BF002002402DE9F0411B
:107DD000274E3378012B3DD00122002304464FF477
:107DE0007A70884632707360FFF7AAFD074660BB61
:107DF00048F204022368B36023F0004393422DD07D
:107E00004FF0FF33C8F80030D4E902532B449D42B1
:107E100006D312E00135D4E902321344AB420CD947
:107E200028466168FFF7B0FF4FF47A70FFF788FDCE
:107E30000028EFD00746C8F800500E49B2688B6A98
:107E400022F0004223EA02038B620023337038469B
:107E5000BDE8F08102273846BDE8F0816068FFF791
:107E6000DDFD4FF47A70FFF76BFD0746E5E700BFD5
:107E700000010320002002402DE9F04F0C6883B080
:107E8000002C00F0908000238946774F012202FAEF
:107E900003F515EA040800F081800326D9F80410E0
:107EA00003FA02F201F0030E0EF1FF3A06FA02FCA9
:107EB000BAF1010F6FEA0C0CD9F8086076D9BEF15F
:107EC000030F01D1012E05D0C568964005EA0C05C7
:107ED0002E43C66005680EFA02F205EA0C052A4335
:107EE00011F4403F026059D04FF00F0C23F0030211
:107EF00002F1804202F53D3203F00306156EF600F2
:107F00000CFA06FC25EA0C0E584DA84222D005F5C5
:107F10008065A84200F08C80554DA84200F08F800B
:107F2000DFF850C160457CD0DFF84CC1604500F0FF
:107F30008D80DFF848C1604500F08F80DFF840C1D8
:107F400060450CBF4FF0060C4FF0070C0CFA06F61C
:107F50004EEA060E6FEA0805C2F860E03A68CE0203
:107F600054BF2A4048EA02023A607A688E0254BF3F
:107F70002A4048EA02027A60D7F884208E0354BF70
:107F80002A4048EA0202C7F88420D7F88020C903B3
:107F900054BF2A4048EA0202C7F88020013334FA6D
:107FA00003F27FF473AF03B0BDE8F08F9640D0F8D2
:107FB00008B00196D9F80C600BEA0C0B06FA02FA2D
:107FC0004AEA0B0AC0F808A0D0F804A0019E2AEAE9
:107FD000050AC1F300159D4045EA0A054560C568DC
:107FE000BEF1020F05EA0C0546EA0506C6607FF4FD
:107FF00071AFD9F8105003F00706B600B5400195EF
:108000000F254FEAD30A00EB8A0ADAF820B005FA06
:1080100006F6019D2BEA060B45EA0B05CAF820502F
:1080200058E74FF0030C0CFA06F64EEA060E91E7FD
:108030004FF0010C0CFA06F64EEA060E8AE74FF0F6
:10804000020C0CFA06F64EEA060E83E74FF0040C1B
:108050000CFA06F64EEA060E7CE74FF0050C0CFA19
:1080600006F64EEA060E75E700F4024000000242F2
:1080700000080242000C02420010024200140242B8
:1080800000180242002900F095802DE9F04F0023EE
:108090004FF00F094FF0030A474E01229A4012EAAF
:1080A000010E69D023F0030505F18045434F05F526
:1080B0003D3503F00304D5F860C0E40009FA04F884
:1080C000B84208EA0C0C1BD007F58067B84259D0BB
:1080D0003B4FB8425AD03B4FB84261D03A4FB842BA
:1080E00063D0DFF8E8B0584555D0DFF8E4B0584524
:1080F0000CBF4FF0060B4FF0070B0BFA04F400E037
:108100000024A44517D1D6F8804024EA0E04C6F80E
:108110008040D6F8844024EA0E04C6F8844074688F
:1081200024EA0E047460346824EA0E0434602C6E71
:1081300024EA08042C6604685D000AFA05F52C435D
:108140004FEAD30C046000EB8C0C03F00704DCF85E
:1081500020E0A40009FA04F42EEA0404CCF820403C
:10816000846824EA05048460446824EA02024260C8
:10817000C26822EA0502C260013331FA03F28CD1EF
:10818000BDE8F08F012707FA04F4BAE74FF0020BBD
:108190000BFA04F4B5E74FF0050B0BFA04F4B0E763
:1081A0004FF0030B0BFA04F4ABE74FF0040B0BFAA0
:1081B00004F4A6E7704700BF00F40240000002424A
:1081C00000080242000C0242001002420014024267
:1081D000001802420AB1816170478162704700BF96
:1081E0000268436B9169126803B11847704700BF7A
:1081F000704700BF704700BF0022016810B50B68D0
:1082000080F842205A040CD50B6823F480430B609D
:1082100090F84130292B0ED090F841302A2B24D0F1
:1082200010BD1B04F4D50B6823F400430B6090F8D9
:108230004130292BF0D14FF0280C212380F841C088
:10824000036390F84130002203EA0C03634514BF36
:108250006FF0F20C6FF0420C0B6803EA0C030B603A
:1082600080F84020FFF7C4FF10BD2824222380F8A7
:108270004140036390F8413000222340A34214BFE1
:108280006FF0F4036FF044030C6823400B6080F838
:108290004020FFF7AFFF10BD704700BF70B5046806
:1082A000C368A169A269022B4FEA1242A5688446FD
:1082B000E668C1F3004102F0FE020FD182EAD51355
:1082C00013F00603C5F3090206D1856C01358564F8
:1082D000856C022D0CD070BD06F0FE0200252368CF
:1082E00023F0B80323608CF84050FFF7D5FF70BD32
:1082F00008258364E56180F84030FFF7CDFF70BD4D
:10830000704700BF0023202210B5174C4363C4629E
:10831000036380F8412080F842304B0712D5026891
:10832000436A526A1A70436A028D013343624AB14A
:10833000438D013A013B9BB24385436C028543F078
:108340000403436410240021036890F8412090F84E
:1083500041201A6822F0FE021A60DC6180F84010A9
:10836000FFF7CEFF10BD00BF0000FFFF704700BF4A
:10837000704700BF806A08B5836B0BB100221A6496
:10838000C36B0BB100221A6490F84130602B4FF0A0
:10839000000305D0036380F84030FFF7E7FF08BD16
:1083A000202280F8403080F841200363FFF7E0FF8F
:1083B00008BD00BF70B50025554B90F8412080F8EE
:1083C0004250C3624585436C283A0B43022A4364FA
:1083D0000446036833D890F8411090F8412001F02A
:1083E0002801282908BF462102F0280218BFF621DB
:1083F000282A0CBFC9436FF0F60128201A680A40EA
:1084000044491A6084F84100A06B226B616318B183
:10841000112A3ED0212A3CD0E06B18B1122A4ED04E
:10842000222A4CD094F84130602B4FF0000365D0E5
:108430002046236384F84030FFF798FF70BD90F822
:10844000412090F841201A6822F0FE021A609A69D1
:10845000920748BF9D629A69D60703D49A6942F091
:1084600001029A6194F84120602A10D0202284F8F9
:1084700041209A6995060AD59A69D00605D5102239
:10848000DA61626C42F0040262642022DA61002147
:10849000BAE71A6851042CD4FEF7BAFD0128C1D0FE
:1084A0000023A06B1C4A026484F84030FEF70AFDEA
:1084B0000028C3D0A06BBDE87040036C18471A6851
:1084C000120403D51A6822F400421A60FEF7A0FDD8
:1084D0000128A7D00023E06B0F4A026484F84030E3
:1084E000FEF7F0FC0028A9D0E06BBDE87040036CFB
:1084F00018471A6822F480421A60CDE720222046ED
:1085000084F8412084F840302363FFF731FF70BDC9
:108510000000FFFF7D87000875830008036810B422
:108520009A69196812F4807F02F4806408D0090601
:1085300026D4416C11F00B0F19D15DF8044B704734
:10854000CCB10906F5D54FF48064416C920541F039
:1085500008014164DC61ECD54FF40071426C42F0DB
:1085600002024264D961416C11F00B0FE5D05DF855
:10857000044BFFF71FBF9405DBD50A06ECD4D8E700
:10858000416C41F0010141644FF48071D961002CCC
:10859000D9D19405CDD5DFE770B504462026036810
:1085A0000D461968C06A94F84120DE61213A092A13
:1085B0000ED8DFE802F077050D0D0D0D0DAA770539
:1085C000222694F841201A6822F0FC021A602663E1
:1085D0005A68684E42F400425A605A6832405A6003
:1085E0009A69920744BF00229A629A69D60703D417
:1085F0009A6942F001029A614A043BD51A6822F452
:1086000080421A60A26B1AB11268526892B26285F7
:108610006A070AD55A6A636A25F004051A70636A04
:1086200001336362238D002B68D1638D9BB21BB134
:10863000636C43F004036364EB0601D5CE063AD4C1
:10864000002384F84230666C6363002E68D1E36ACD
:10865000494DAB4218D194F841302046222B4FF0BF
:10866000200384F8406084F84130266376D0FFF719
:10867000BFFD70BD0E04CBD51A6822F400421A600B
:10868000E26B002AC0D1C3E72046FFF7B5FD2023E7
:10869000E562204684F8413084F840602663FFF7A5
:1086A0002FFE70BD212694F841201A6822F0FA02AC
:1086B0001A6026638CE7638D9BB2002B3ED194F841
:1086C0004130282B4DD094F841202368292A4FF0BF
:1086D0001002DA61B4D110F5803FB1D09A699107E8
:1086E00044BF00229A629A69D20703D49A6942F081
:1086F00001029A612046FFF77FFDA1E7013B238538
:10870000638D013B9BB263858FE7002694F841207F
:1087100094F841201A6822F0FE021A60266357E797
:108720002046616CFFF746FE94F84130282BA0D11B
:1087300029462046BDE87040FFF7E4BD10222368BB
:10874000DA61636C43F00403636430F080737FF498
:1087500077AF2046616CFFF72DFE71E7FFF74AFD0A
:1087600070BDB0F1007FAED129462046FFF7CAFDAB
:1087700066E700BF00E800FE0000FFFF38B590F894
:1087800040C0C56ABCF1010F70D04FF0010C11F070
:10879000200F04460B4680F840C002D012F0200F94
:1087A00053D1D80617D5D10615D5628D92B2002ABD
:1087B0005ED194F84120282A00F0818094F841206D
:1087C0002368292A4FF01002DA6164D0002318468A
:1087D00084F8403038BD590719D4190701D510075E
:1087E0003AD49907F2D59307F0D5638D9BB2002B4D
:1087F0004DD0616A236811F8010B228D9862638D58
:10880000013A013B9BB2616263852285DEE7500736
:10881000E3D5638D9BB26BB12268636A526A1A70AA
:10882000638D616A228D013B0131013A9BB2616225
:1088300022856385638D9BB2002BC7D115F5803FE0
:10884000C4D02046FFF7D8FCC0E7FFF7A5FE002301
:10885000184684F84030BDE794F8413003F028030F
:10886000282B28D008222368DA61AFE7022038BD20
:1088700010222368DA61636C43F00403636435F00B
:108880008073A3D12046616CFFF794FD9EE735F01D
:1088900080739BD1D5E715F5803F97D09A699507EE
:1088A00044BF00229A629A69D007CAD49A6942F0FA
:1088B00001029A61C5E72046FFF7F0FC86E7B5F1B3
:1088C000007F7FF47BAF19462046FFF71BFD7DE755
:1088D00008490B6813F001030AD1024610B40C6872
:1088E000184624F0040313435DF8044B0B607047F3
:1088F0000120704700040340034A0020136843F03E
:1089000001031360704700BF00040340002844D0F7
:1089100070B590F89132064603F0FF02C3B303230B
:10892000306886F8913202F0B7FF3579FDB1002149
:108930003346324601200C4611740131A942C2E986
:1089400008445074D47442F8284FF5D100210A46E7
:1089500083F850110131A942C3E9582283F851210B
:1089600083F85321C3F8682103F12803F0D133467B
:1089700053F8040B93E8060002F098FF012200214F
:10898000B37A3173934286F8912208D0002070BDEB
:1089900080F89022FDF700FAC1E7012070473046C9
:1089A00000F0B4FE002070BD2DE9F84F05460068C8
:1089B00003F0F0FB10F400442BD1430500F17C825E
:1089C00047041BD410F4005140F09382C60400F118
:1089D000BD81040500F19284010600F164848205E2
:1089E00000F1CE84C30512D52A68B2F8443023F4CE
:1089F00080731B041B0CA2F8443008E02A68B2F80C
:108A0000443023F480431B041B0CA2F84430BDE81F
:108A1000F88F2868B0F844301904F8D5B0F844400D
:108A2000A1B214F00F0436D111F0100100F0E18072
:108A3000018811F400648BB200F0AA8095F85021EF
:108A4000B0F8503000EBC20212FA83F3B3F80634E8
:108A5000C3F30903082BC5F86C3140F06B84B5F8FB
:108A6000562105F5267103F0A9FB40F68F732A689D
:108A7000284611880B4043F08003138007F050FC18
:108A80002868B0F844301904C1D5B0F84440A1B208
:108A900014F00F04C8D030F82430A7001FFA83F870
:108AA0001B0439D418F0800FB4D030F824309BB2B6
:108AB00023F4E14323F0700343F4004320F824300F
:108AC0003B1905EBC302D17CDB00012900F0EB80F0
:108AD000117C18F48079D2F828E04FEAC10C40F0FC
:108AE0005881B0F850401CFA84F40444B4F80244AD
:108AF000C4F30904744580F00381AEEB0401103324
:108B00009162E918536A23445362D36A2344D362BF
:108B100003F012F928687DE740F68F7330F82420BF
:108B20003919134043F0800320F8243005EBC101CC
:108B300091F85C3191F85021002B40F08580B0F81D
:108B40005030D20012FA83F30344B3F80694C9F309
:108B50000909B9F1000F40F0E481391905EBC103AF
:108B6000D3F86C21C9004A44C3F86C21D3F86821BA
:108B700022B1D3F860214A4540F2C6813B1905EB8A
:108B8000C303284693F8501107F0DCFB286889E7F7
:108B90001A047FF53FAF40F68F730288134043F00D
:108BA0008003038095F85021B0F8503000EBC202EA
:108BB00012FA83F3B3F80634C3F30903C5F86C3132
:108BC000002B00F0B480D5F8641100293FF422AFE7
:108BD000B5F8562103F0F2FAD5F86431D5F86C21D6
:108BE000284613442146C5F8643107F0ABFB2868DA
:108BF00010E703889BB223F4E14323F0700343F4AE
:108C0000004303802A7CB0F8503000EBC20212FA15
:108C100083F3B3F802346A6AC3F309031A4428469B
:108C2000EB626A6207F098FB2B7B2868002B3FF40D
:108C3000F1AEAB6A002B7FF4EDAE2A7B42F08002EE
:108C4000A0F84C202B73E5E691F85331022B00F08D
:108C5000508230F822309BB223F4E04323F07003BB
:108C600043F4004343F0C00320F8223091F8503120
:108C700030F82320DB0012F4804FB0F8502013FAB4
:108C800082F3034443D0B3F80294C9F30909B9F15C
:108C9000000F3FF462AFB1F858214B46D1F8641190
:108CA00003F08CFA59E70021631C03EB830345F8BA
:108CB0003310137FDBB118F04008537C00F00A82B8
:108CC000002B40F05F82117CB0F8503000F202407F
:108CD00010FA83F333F83120C2F3090223F831206C
:108CE00033F8312092B242F4004223F83120274475
:108CF00005EBC7072846397C07F02EFB286889E674
:108D00002846C2F8289007F027FB286882E6B3F8C7
:108D10000694C9F30909B9F1000F3FF41EAFB1F889
:108D20005A214B46D1F8641103F048FA15E703883D
:108D300023F4804323F070031B041B0C83F4405383
:108D400043F4004343F08003038063E62A68B2F8EB
:108D5000403023F004031B041B0CA2F84030B2F88F
:108D6000403023F008031B041B0CA2F8403095F898
:108D7000C832012B00F01283284607F01DFB2A6839
:108D8000B2F8443023F480531B041B0CA2F8443087
:108D90003DE608F4804918F04008B0F8503000F083
:108DA000C88000F2024818FA83F333F83130C3F375
:108DB000090373454AD34FF0000C537CC2F828C016
:108DC000002B40F0F882B0F8503018FA83F333F8F3
:108DD0003120C2F3090223F8312033F8312092B256
:108DE00042F4004223F83120B0F8503000F206423D
:108DF00012FA83F333F83120C2F3090223F8312049
:108E000033F8312092B242F4004223F831203B196A
:108E100005EBC303DB7C022B0FD130F8213023F4A8
:108E2000E04323F040031B041B0C83F0200343F4B6
:108E3000004343F0800320F82130284607F08CFAE5
:108E40002868B9F1000F3FF4E5ADCBE0AEEB030EBF
:108E5000C2F828E0B9F1000F0FD030F821E02EF46D
:108E6000E04E2EF0700E4FEA0E4E4FEA1E4E4EF4BC
:108E7000404E4EF0800E20F821E007EB040E05EB8B
:108E8000CE0E9EF83490B9F1010F00F0CB8127444B
:108E900005EBC7073A7C30F8223023F4E04323F097
:108EA00040031B041B0C83F0300343F4004343F0E6
:108EB000800320F82230ADE52A682846B2F8443015
:108EC00023F480631B041B0CA2F8443007F052FA11
:108ED00095F89032012B3FF49AAD01232146286882
:108EE0002C7385F8903203F04FF985F89042BDE875
:108EF000F88F2A68B2F8443023F400531B041B0C8B
:108F0000A2F84430BDE8F88FD3F8642101F5A871C8
:108F10004A4428682944C3F8642102F00DFF2868F8
:108F2000C0E5B1F856214B46D1F8641103F046F97B
:108F300013E600F2064A1AFA83F333F83130C3F32A
:108F40000903734561D9C2F828803B1905EBC303B7
:108F50005B7C002B40F04182B0F8502000F20243CD
:108F600013FA82F232F83130C3F3090322F83130B8
:108F700032F831306FEA43436FEA53439BB222F831
:108F80003130B0F850201AFA82F232F83130C3F39F
:108F9000090322F8313032F831306FEA43436FEA87
:108FA00053439BB222F831303B1905EBC303DB7C02
:108FB000022B0FD130F8213023F4E04323F040039B
:108FC0001B041B0C83F0200343F4004343F0800395
:108FD00020F82130284607F0BFF92868B9F1000FC2
:108FE0007FF418AD3B1905EBC3031A7C30F822302F
:108FF00023F4E04323F070031B041B0C43F44043B1
:1090000043F0800320F8223004E5AEEB030EC2F8F3
:1090100028E0BEF1000F98D0B9F1000F0FD130F861
:1090200021E02EF4E04E2EF0700E4FEA0E4E4FEA85
:109030001E4E4EF4404E4EF0800E20F821E007EB1D
:10904000040E05EBCE0E9EF83480B8F1010F7FF4CC
:109050001EAFDEF8246006EB0308CEF82480D66A43
:1090600006EB0309C2F82C90DEF83090DEF82020E1
:109070009145C0F0D081A9EB0203CEF8303093B215
:1090800007EB040E05EBCE0E9EF811B0BBF1000FFE
:1090900040F0B681B0F850E01AFA8EFE3EF83190FA
:1090A000F444C9F309092EF83190002A40F0E48114
:1090B0003EF831206FEA42426FEA524292B22EF8F5
:1090C00031203A1905EBC2024146528B03F066F893
:1090D0002868DCE6002B62D0012B7FF408AEB0F8E4
:1090E0005030127C00F2064010FA83F323F83280ED
:1090F000FDE5B0F850C04FEAC20919FA8CFC18F42B
:10910000804ED1F8683184444FD0BCF802C4CCF30F
:10911000090C9C45E14600F24781A3EB0C03C1F822
:1091200068317BB930F8221021F4804121F07001C0
:109130000904090C81F4005141F4004141F080011F
:1091400020F8221018F0400F0DD030F8223023F410
:10915000E04323F070031B041B0C43F4004343F073
:10916000C00320F82230BCF1000F3FF4F6AC3919EF
:1091700005EBC101B1F858216346D1F8641103F041
:109180001DF8EAE4012B7FF4B2ADB0F85030127C48
:1091900000F2024010FA83F323F83210A7E5B0F88A
:1091A0005030117C00F2064092E5BCF806C4CCF3C6
:1091B000090C9C45E14600F2FB80A3EB0C03C1F8CF
:1091C00068317BB930F8221021F4804121F0700120
:1091D0000904090C81F4005141F4004141F080017F
:1091E00020F8221018F0400F0DD130F8223023F46F
:1091F000E04323F070031B041B0C43F4004343F0D3
:10920000C00320F82230BCF1000F3FF4A6AC39199E
:1092100005EBC101B1F85A216346D1F8641102F09F
:10922000CDFF9AE4DEF8246006EB0309CEF8249023
:10923000D66A06EB030AC2F82CA0DEF830A0DEF8EE
:1092400020209245C0F0F980AAEB0203CEF830301E
:1092500093B207EB040E05EBCE0E9EF811B0BBF1F6
:10926000000F40F0DF80B0F850E018FA8EFE3EF8B4
:109270003180F444C8F309082EF83180002A40F008
:1092800022813EF831206FEA42426FEA524292B2A6
:109290002EF831203A1905EBC2024946128B02F032
:1092A0007DFF2868F3E52A68B2F8443023F0800394
:1092B0001B041B0CA2F8443095F8C832002B5AD17D
:1092C0000121B2F8403028469BB243F00403A2F8D3
:1092D0004030B2F840309BB243F00803A2F840306F
:1092E00085F8C812B2F85430C3F38D0303F03C0381
:1092F000C5F8CC32BDE8F84F00F022BA2A682846FB
:10930000B2F840309BB243F00803A2F84030B2F804
:10931000443023F400631B041B0CA2F84430B2F861
:1093200040309BB243F00403A2F8403007F034F819
:10933000FFF76DBB48F2800140F68F72038823F47B
:10934000804323F070031B041B0C83F480530B43F6
:109350000380038823F4E04323F040031B041B0C29
:1093600083F01003194301800388134043F0800306
:109370000380FFF74CBB284607F00EF8FFF747BB0A
:109380002A682846B2F8443023F400731B041B0CEF
:10939000A2F8443006F0EAFFFFF739BB284685F80B
:1093A000C81200F0CDF9E7E40023C1F86831B9E64E
:1093B000C1F868E106E7012B7FF429ADB0F8503021
:1093C00000F2064218FA83F323F831C0B0F85030A7
:1093D00012FA83F323F831C019E5012B7FF4E4ADD1
:1093E0000022B0F8503000F2024C1CFA83F323F84C
:1093F0003120B0F850301AFA83F323F83120D3E546
:10940000BBF1010F7FF45DAEB0F850201AFA82F282
:1094100022F8313055E6B9F1000F15D11A468EF811
:1094200034902DE6BBF1010F7FF434AFB0F850203B
:1094300018FA82F222F831302CE7BAF1000F2AD163
:109440001A468EF834A004E700229EF811B01FFAE5
:1094500089F3CEF830208EF83420BBF1000FCFD145
:10946000B0F850E04A461AFA8EFE3EF83190F444C5
:10947000C9F309092EF831903E2A33D8BCF8001000
:1094800002F0010E89B20EEB520241EA822292B240
:10949000ACF8002015E600229EF811B01FFA8AF3FE
:1094A0008EF83420CEF83020BBF1000FBAD15246EE
:1094B000B0F850E018FA8EFE3EF83180F444C8F35C
:1094C00009082EF831803E2A1ED8BCF8001002F0A0
:1094D000010E89B20EEB520241EA822292B2ACF83E
:1094E0000020D7E65109D206BCF8002008BF01F1E0
:1094F000FF3192B242EA81226FEA42426FEA52425F
:1095000092B2ACF80020DCE55109D606BCF8002088
:1095100008BF01F1FF3192B242EA81226FEA424272
:109520006FEA524292B2ACF80020B3E690F8902273
:10953000012A0DD010B5012204460068217384F879
:10954000902202F021FE002384F89032184610BDCC
:109550000220704701F0070C10B5090604460CEB19
:109560008C004FEAC00021D44FF0000E00F5A87126
:10957000204480F851E12144022BCB7008BF002326
:10958000C2F30A0208BF0B7181F800C00A6194F8A7
:109590009032012B13D00123206884F8903202F01E
:1095A0009BF9002384F89032184610BD4FF0010E4D
:1095B00000F11001204480F811E02144DCE7022092
:1095C00010BD00BF10B5002401F0070101EB810EB2
:1095D00000EBCE0C8CF850118CF851410068CCF89F
:1095E0006421CCE95A340CF5A87102F0A5FB2046A1
:1095F00010BD00BF01F0070138B501EB810E00EB93
:10960000CE0C01258CF81010002461468CF83450E3
:109610008CF811500068CCF82420CCE90B43CCF82E
:109620002830103102F088FB204638BD10B5037990
:10963000044601F0070083422ED30B061AD401EB37
:109640008101C90001F5A8726318A118002283F8EE
:109650005121012308708B7094F890229A4219D0FE
:1096600084F89032206802F019FD002384F89032CB
:10967000184610BD012200EB8003DB0003F110014E
:1096800023445A740123214408708B7094F890226B
:109690009A42E5D1022010BD012010BD38B50279F3
:1096A00001F00F039A422FD301F0070202EB82036D
:1096B000090604464FEAC30317D403F5A871014411
:1096C00003440025002083F851010A708D7094F83E
:1096D0009032012B16D00123206884F8903202F0DA
:1096E00005FD84F89052284638BD03F1100101446D
:1096F00003440025012058740A708D7094F890324C
:10970000012BE8D1022038BD012038BD02460023DC
:1097100010B40124116882F8C8321846B1F85430E8
:10972000C2F8D0429BB22343A1F85430B1F8543070
:109730005DF8044B9BB243F00203A1F8543070472C
:10974000704700BF024B186800F4C060704700BF4C
:1097500000700040174A1368116911F4104F25D0AA
:10976000D168090422D403F4C06383421CD0136877
:10977000114923F4C063034313600B680F495B096D
:10978000A1FB03135169DB0903EB8303480503F1D4
:10979000010305D55169013B490501D5002BF9D1DC
:1097A000044B5B695B0503D40020704701207047C0
:1097B0000320704700700040F4000320C55A7C0A63
:1097C000024A536843F4806353607047007000405E
:1097D000024A936843F480439360704700700040EE
:1097E00030B51E4C0546A36D83B0DB0021D5FFF7D5
:1097F000A9FF30F4007315D0802D2AD82BD0A5F105
:109800007003B3FA83F35B0915490A6822F00F026B
:109810001A430A60086800F00F00C01A18BF012040
:1098200003B030BD802DEFD9A02D8CBF02230123C2
:10983000EAE7A36D43F08053A365A36D03F0805363
:109840000193019BFFF77EFFA36D23F08053A36577
:10985000CFE70323D8E70223D6E700BF001002407A
:10986000002002402B4A9368D26813F00C0307D003
:109870000C2B33D0042B39D0082B35D00020704767
:10988000244A1168090754BFD2F89420126822496B
:1098900054BFC2F30322C2F3031251F82200002B7B
:1098A000EDD01C49CA68CB6802F00302C3F303136E
:1098B000022A03F1010324D0032A19D0B0FBF3F0EC
:1098C000CB68C3F3062303FB00F0124BDB68C3F342
:1098D000416301335B00B0FBF3F0704702F0030219
:1098E000012ACDD00020DCE70C4870470C487047B7
:1098F0000A4AC868B2FBF3F3C0F3062003FB00F08A
:10990000E3E7074AC868B2FBF3F3C0F3062003FBA2
:1099100000F0DAE700100240581001088096980025
:109920000024F400002800F0DE809F4A2DE9F8436F
:109930001368814603F00F038B420C460CD2136868
:1099400023F00F030B431360136803F00F038B42E4
:1099500002D00120BDE8F883D9F80030980703F061
:10996000010240F19A80914DD9F80800A96801F0F0
:10997000F001884204D9A96821F0F0010143A960EF
:10998000002A4DD0D9F80450884B032D00F08D806B
:10999000022D1B6800F0A380002D40F0A6809E07DA
:1099A000D7D5FFF75FFF824B984205D97F4B9A6866
:1099B00012F0F00F00F09F807C4FBB6823F0030390
:1099C0002B43BB60FCF79EFBBB68D9F8042003F077
:1099D0000C03B3EB820F064618BF4FF0000819D0F6
:1099E00041F28837714DFCF78DFBD9F80430821BAA
:1099F000BA424FEA830304D9AA6802F00C029A42E1
:109A000077D1AA6802F00C029A42ECD1B8F1000FAB
:109A100040F08C80D9F80030990707D5D9F80800B4
:109A200062498A6802F0F002824252D85E490A68AE
:109A300002F00F02A24209D90A6822F00F02224363
:109A40000A600A6802F00F02A24282D15A0707D5C3
:109A50005649D9F80C008A6822F4E06202438A6011
:109A60001B0708D5514AD9F81010936823F46053A6
:109A700043EAC1039360FFF7F5FE03464B4A4D49A5
:109A800092684D48C2F30312895C4C4ACB40136084
:109A90000068BDE8F843FCF7EDB9002AC6D0D9F854
:109AA0000450424B032D7FF473AF1A6891017FF588
:109AB00050AFD968DA6801F00301C2F3031202293A
:109AC00002F1010238D0032965D0012954D0DB68A6
:109AD00072E78A6822F0F00202438A60A6E79F03D9
:109AE0003FF55FAF35E70120704758057FF531AF8F
:109AF00057E703202EE79A6822F0F00242F0800236
:109B00009A602A4FBB6823F003032B43BB60FCF72A
:109B1000F9FABB68D9F8042003F00C03B3EB820F09
:109B2000064618BF4FF080087FF45AAF1F4A93686B
:109B300023F0F00393606DE72149DB68B1FBF2F29B
:109B4000C3F3062303FB02F218491948CB68C3F399
:109B5000416301335B00B2FBF3F383427FF62CAF2A
:109B60008B6813F0F00F7FF427AF8B6823F0F003BE
:109B700043F080038B60C4E71A68120754BFD3F820
:109B800094301B680F4A54BFC3F30323C3F303137A
:109B900052F82320D8E70C49DB68B1FBF2F2C3F39B
:109BA000062303FB02F2CFE7002002400010024030
:109BB00000B4C404A0100108FC000320F40003203A
:109BC0000024F4005810010880969800002800F046
:109BD000B7832DE9F041174B02689D68DE68D10616
:109BE0000446134682B005F00C0506F003063BD58B
:109BF000002D00F06A810C2D00F06481E3690D4FA7
:109C0000D3B13B6843F001033B60FCF77BFA80462D
:109C10003B689A0700F1CA82FCF774FAA0EB0800CF
:109C20000228F5D93B689B07F2D4032002B0BDE8B7
:109C3000F08100BF001002403B6823F001033B604D
:109C4000FCF760FA3B68804699070BD5FCF75AFA97
:109C5000A0EB0800022802D93B689A07E5D43B68CC
:109C60009B07F3D422681346D1072DD5082D00F0A9
:109C700095810C2D00F08F816368B3F5803F00F073
:109C8000B681B3F5A02F00F005838B4F3A6822F41C
:109C900080323A603A6822F480223A60002B40F029
:109CA000AB81FCF72FFA3B6880469A030BD5FCF793
:109CB00029FAA0EB0800642802D93B689B03B4D4BE
:109CC0003B689903F3D423689A0713D5042D40F019
:109CD0003D81794B1B685B0503D5E368002B00F0E1
:109CE0005881754A2169536823F0FE4343EA0163B2
:109CF000536023681A072BD56369002B00F0598144
:109D0000A3696D4A002B40F0D681D2F8943023F03D
:109D10001003C2F89430684DD5F8943043F0010335
:109D2000C5F89430FCF7EEF9D5F8943006469B0759
:109D30000DD4FCF7E7F9801B072804D9D5F8943037
:109D40009F077FF572AFD5F894309907F1D5236856
:109D50005D0765D5584B9A6DD00000F1288101252B
:109D60009A6D42F080529A659B6D03F08053019387
:109D7000019B524E3368D90540F1D981A368DA07B7
:109D800040F150815A0740F126824B4BD3F8902086
:109D900042F00402C3F89020D3F8902042F0010270
:109DA000C3F89020FCF7AEF9434F0646D7F8903041
:109DB0009B070FD441F28838FCF7A4F9801B40457B
:109DC00004D9D7F890309A077FF52FAFD7F89030A5
:109DD0009B07F1D5A368190640F10582364FD7F8E5
:109DE000903043F08003C7F89030D7F890301905D1
:109DF0000FD441F28838FCF785F9801B404504D91F
:109E0000D7F890301A057FF510AFD7F890301B05C2
:109E1000F1D525B1284A936D23F0805393652368CB
:109E20009A061FD5A36A244D002B00F06381D5F854
:109E3000983043F00103C5F89830FCF763F9D5F882
:109E4000983006469B070DD4FCF75CF9801B02286E
:109E500004D9D5F898309F077FF5E7AED5F898304C
:109E60009907F1D5E36A23B3134DAA6802F00C02F7
:109E70000C2A00F0D581022B2B6823F080732B6015
:109E800000F01582FCF73EF92B68044699010BD5CA
:109E9000FCF738F9001B022803D92B689A013FF51B
:109EA000C4AE2B689B01F3D4034A054BD1680B4029
:109EB000D3600020BAE600BF0010024000700040EE
:109EC000FCFFEEFE012E7FF499AEA64B1B689B07AC
:109ED0005CD4A44B606A1A68170756BFD3F8943055
:109EE0001B681B0903F0F003984200F243819D4B6D
:109EF0001A6842F008021A601A6822F0F00202435F
:109F00001A605A68216A22F47F4242EA01225A60AA
:109F1000002D00F0B981FFF7A5FC0346914A924954
:109F20009268C2F30312895C904ACB401068904A51
:109F30001360FBF79FFF00287FF478AE2368D907F2
:109F40001A463FF596AE99077FF5D4AE0C2D00F07A
:109F50002981E368834D002B00F0B4802B6843F423
:109F600080732B60FCF7CEF82B6806465F053FF543
:109F7000B8AEFCF7C7F8801B022803D92B68590537
:109F80007FF553AE2B685A05F3D5AAE6E369002B9B
:109F90009FD101204AE6032E7FF46EAE714B1B6801
:109FA0009F0302D56368002BF3D01346CBE700254F
:109FB000DFE66C4DD5F8943023F00103C5F89430FA
:109FC000FCF7A0F8D5F8943006469A077FF5BFAEA7
:109FD000FCF798F8801B072804D9D5F894309B0724
:109FE0003FF523AED5F894309F07F1D4AFE65D4A34
:109FF000136843F480331360FCF784F8594F8046AC
:10A000003B689A033FF55FAEFCF77CF8A0EB0800D5
:10A01000642803D93B689B037FF507AE3B6899032F
:10A02000F2D550E64F4ED6F8902022F00102C6F845
:10A030009020D6F8902022F00402C6F89020002B41
:10A040007FF4B0AEFCF75EF8D6F89030074699077B
:10A050000FD541F28838FCF755F8C01B404504D9AC
:10A06000D6F890309B073FF5E0ADD6F890309907D1
:10A07000F1D43C4ED6F890301A067FF5CAAED6F829
:10A08000903023F08003C6F89030D6F890301A054F
:10A090007FF5BFAE41F28838FCF734F8C01B40456D
:10A0A00004D9D6F890301B053FF5BFADD6F89030F7
:10A0B0001905F1D4ADE6D2F8943043F01003C2F89C
:10A0C000943028E62B6823F480732B60FCF71AF891
:10A0D0002B6806465B050BD5FCF714F8801B02289D
:10A0E00003D92B685F053FF5A0AD2B685905F3D464
:10A0F0002368FFE5D5F8983023F00103C5F89830C0
:10A10000FCF700F8D5F8983006469A077FF5AAAE16
:10A11000FBF7F8FF801B022804D9D5F898309B077D
:10A120003FF583ADD5F898309F07F1D49AE63368B0
:10A1300043F480733360FBF7E5FF33680746DB05C4
:10A140003FF51CAE03E03368D9053FF517AEFBF7CA
:10A15000D9FFC01B0228F6D93368D8057FF565AD55
:10A16000F1E700BF00100240A0100108FC0003202E
:10A17000F4000320FFF734FB00287FF40AAF714B93
:10A180001A6842F008021A601A68616A22F0F00246
:10A190000A431A605A68216A22F47F4242EA012285
:10A1A0005A60B8E6022E7FF4D4AE92E5654B1A6889
:10A1B00042F008021A601A68616A22F0F0020A434B
:10A1C0001A605A68216A22F47F4242EA01225A60E8
:10A1D0002268134648E55B4AD2F8903043F0010309
:10A1E000C2F89030DEE5574FD7F8903023F0800367
:10A1F000C7F89030D7F8903019057FF50AAE41F2D4
:10A200008838FBF77FFF801B404504D9D7F8903092
:10A210001A053FF50AADD7F890301B05F1D4F8E5E3
:10A22000012B3FF4B6AEEB68226B03F003019142C1
:10A230007FF4AFAE616B03F0F0020139B2EB011FA6
:10A240007FF4A7AEA16B03F4FE42B2EB012F7FF4C3
:10A25000A0AEE16B03F07842B2EBC16F7FF499AE30
:10A26000226C03F4C0015208013AB1EB425F7FF463
:10A2700090AE626C03F0C0635208013AB3EB426FD8
:10A2800014BF01200020D1E4FFF7AAFA00283FF410
:10A2900042AE7EE603F18043A3F53C331A6842F4F4
:10A2A00080221A601A6842F480321A60A4E6FBF732
:10A2B00029FF2B68064699010BD5FBF723FF801B6E
:10A2C000022803D92B689B013FF5AFAC2B689F0197
:10A2D000F3D41C4D1C4BE968226B0B40606B13439D
:10A2E000D4E90E1243EA012343EAC2630138D4E9F8
:10A2F0001012490843EA001301395208013A43EAAF
:10A30000415343EA4263EB602B6843F080732B6058
:10A31000EB6843F08073EB60FBF7F4FE2B680446B8
:10A320009A013FF5C6ADFBF7EDFE001B022803D9ED
:10A330002B689E017FF579AC2B689801F3D5B8E5C1
:10A3400001207047001002400C809F0108B5FFF704
:10A3500089FA074B07499A689B68C2F303128A5C23
:10A360000549C3F3C223CB5CD040D84008BD00BF31
:10A3700000100240A0100108981001080F220E4B97
:10A3800010B402609A680D4C02F0030242609A68B1
:10A3900002F0F00282609A6802F4E062C2609B6898
:10A3A000DB0803F4E063036123685DF8044B03F00A
:10A3B0000F030B60704700BF0010024000200240F6
:10A3C000F8B5044600680F4602284ED0032845D051
:10A3D000012848D1394B1B689E073ED5374D2B6865
:10A3E00023F080632B60FBF78DFE064604E0FBF74D
:10A3F00089FE831B022B4AD82B681901F7D4D4E9B4
:10A400000132013B100221681A01002F33D0012FC5
:10A410002A4D45D02E692A4B33400B430343134347
:10A4200062695208013A43EA42632B61234D2B686B
:10A4300043F080632B60FBF765FE064604E0FBF704
:10A4400061FE831B022B27D82B681B01F7D5002048
:10A450001A4AA16913690B431361F8BD174B1B68B6
:10A4600013F4C02FBAD10120F8BD144B1B685D0551
:10A47000B4D40120F8E7114D124B2E6933400B4341
:10A48000E168034343EAC16313432B61CEE72B68C2
:10A490001801B4D50320F8BD2B681A01FAD5D6E708
:10A4A0002E69094B33400B4303431343226952087F
:10A4B000013A43EA42532B61B8E700BF0010024063
:10A4C0000C80FFF90C80FF070C809FFF70B50446DD
:10A4D0000068022847D003283ED0012841D1294BEB
:10A4E0001B689E0737D5274D2B6823F080532B60C0
:10A4F000FBF708FE064604E0FBF704FE831B022B75
:10A5000037D82B689900F7D41E4D1F4B6969226814
:10A510000B401343D4E9021243EA012343EAC26326
:10A520006268013A43EA02136B612B6843F080537F
:10A530002B60FBF7E7FD064604E0FBF7E3FD831B1A
:10A54000022B1BD82B689B00F7D500200D4A2169F0
:10A5500053690B43536170BD0A4B1B6813F4C02F42
:10A56000C1D1012070BD074B1B685D05BBD4012024
:10A57000F8E72B689800C7D5032070BD2B689A00B8
:10A58000FAD5E2E7001002400C80FF072DE9F04702
:10A590000368044613F4006582B01BD0C16E4029E5
:10A5A00000F03D8200F25882002900F0228220292A
:10A5B00040F058822030FFF789FF054623684DB9E7
:10A5C000E16E0025B648D0F89C2022F0E0020A4354
:10A5D000C0F89C20DF0440F14F81216FB1F5007F6E
:10A5E00000F0168200F23F81002900F00782B1F5E9
:10A5F000807F40F0408104F12000FFF767FF0746AD
:10A600002368002F40F00282A549206FD1F89C20DA
:10A610009E0322F4E06242EA0002C1F89C2000F1AD
:10A620002F81D90708D59E49606BD1F8882022F088
:10A6300003020243C1F888209A0708D59849A06B05
:10A64000D1F8882022F00C020243C1F888205E076E
:10A6500008D59349E06BD1F8882022F030020243FC
:10A66000C1F88820180708D58D49206CD1F88820BA
:10A6700022F0C0020243C1F88820D90608D58849D3
:10A68000606CD1F8882022F440720243C1F888201F
:10A690009A0608D58249A06CD1F8882022F440623D
:10A6A0000243C1F888209E0508D57D49E06DD1F8A8
:10A6B000882022F440220243C1F88820580508D59A
:10A6C0007749206ED1F8882022F440120243C1F865
:10A6D0008820590208D57249606ED1F8882022F48A
:10A6E00040020243C1F888209A010CD5A26EB2F153
:10A6F000807F00F06D81B2F1007F00F02681002A9A
:10A7000000F0298101255F0608D56549E06CD1F884
:10A71000882022F440520243C1F888201E0608D542
:10A720005F49206DD1F8882022F440420243C1F8ED
:10A730008820D80508D55A49606DD1F8882022F4C0
:10A7400040320243C1F88820D90208D55449A06D8F
:10A75000D1F89C2022F003020243C1F89C209A0405
:10A7600011D54F49606FD1F88820B0F1006F22F009
:10A77000406242EA0002C1F8882000F02481B0F172
:10A78000806F00F060811F031BD5A16FB1F5804F72
:10A7900000F005814248B1F1806FD0F8882022F0A6
:10A7A000406242EA0102C0F88820D0F89C2022F4DE
:10A7B0008042C0F89C2000F05781B1F1006F00F09A
:10A7C00034815E0311D53649E06FD1F88820B0F1AD
:10A7D000006F22F0406242EA0002C1F8882000F0D7
:10A7E000D980B0F1806F00F0258158040ED52C4837
:10A7F000D4F88010D0F88820B1F1805F22F0405268
:10A8000042EA0102C0F8882000F0EA80D90309D5A5
:10A810002349D4F88400D1F89C2022F0040202439A
:10A82000C1F89C209A0209D51D49D4F88800D1F8B6
:10A830009C2022F018020243C1F89C20DB010ED5B7
:10A84000174AD4F88C10D2F89C30B1F5001F23F4CD
:10A85000401343EA0103C2F89C3000F0AC80284664
:10A8600002B0BDE8F087B1F5407F00F0D680B1F5C9
:10A87000806F00F0D28001252F469E037FF5D1AE78
:10A88000074B9A6DD00054D54FF00008054E336841
:10A8900043F480733360FBF735FC81460AE000BF68
:10A8A0000010024000700040FBF72CFCA0EB0900F8
:10A8B00002285BD83368DA05F6D5002F5CD1DFF8C3
:10A8C000C8A1D4F89010DAF8903013F4407327D070
:10A8D0008B4225D0DAF89020DAF8903043F48033B8
:10A8E000CAF89030DAF8903023F48033CAF8903008
:10A8F00022F44073CAF89030D30711D5FBF702FC5D
:10A9000041F28839064605E0FBF7FCFB801B484511
:10A9100000F2B380DAF890309807F5D5D4F89010AB
:10A92000594AD2F8903023F440730B43C2F8903068
:10A9300023E09A6D4FF0010842F080529A659B6DBA
:10A9400003F080530193019BA0E70021201DFFF736
:10A9500037FD07462368DFB94B49A06ED1F8882040
:10A9600022F040720243C1F88820CCE63368D90552
:10A97000A3D403252F4600E03D462368B8F1000F1D
:10A980003FF44FAE40498A6D22F080528A6548E616
:10A990003D46B8E6CA6842F48012CA6025E73A4AE2
:10A9A000D2F89C1041F48041C2F89C10D16841F467
:10A9B0008031D16005E72846D36843F48013D36023
:10A9C00002B0BDE8F087CA6842F48012CA60DAE6D5
:10A9D0002D49CA6842F48012CA60002FD8D1BBE763
:10A9E0000221201DFFF7ECFC2368002818BF054654
:10A9F0000CE70430FFF7E4FC0546DFE5201DFFF718
:10AA0000DFFC07462368002F3FF4FEAD3D4634E7E8
:10AA10001D49CA6842F48032CA602F46F1E51A48DF
:10AA2000C26842F48032C260CBE5C26842F4801250
:10AA3000C260C6E60121201DFFF7C2FC2368002882
:10AA400018BF0546D1E60121201DFFF7B9FC236898
:10AA5000002818BF054696E660293FF4B2AD80296C
:10AA60003FF4AFAD0125B5E50121201DFFF7A8FC9E
:10AA70002368002818BF0546A3E6DAF890309E0741
:10AA80007FF577AF4AE700BF00100240114B10B4CA
:10AA9000996B114A41F080719963996B21F0807133
:10AAA00099630368D0E9014123430B43D0E9034193
:10AAB000234343EA014353601368416923F4FE438F
:10AAC00043EA0123136013685DF8044B43F060030D
:10AAD00013607047001002400060004000285AD008
:10AAE00038B5437A044603F0FF02002B49D0D4E97D
:10AAF000003502214AF2B3206172284A19682A43BC
:10AB0000274D21F0040119601A601D6118611A684F
:10AB100022F080421A60FBF7F5FA054623681A68AE
:10AB200051000ED5FBF7EEFA401B02282368F6D938
:10AB30001A685200F3D50122022362720120E360F9
:10AB400038BD1A6842F004021A605B68580603D5E3
:10AB500004236372012038BDFBF7D4FA054623684D
:10AB60005B68D90711D4FBF7CDFA401B0228236894
:10AB7000F6D95A68D207F3D4042202236272E36042
:10AB8000E8E70272FBF768F8B1E70122002362727E
:10AB90001846E36038BD0120704700BF000DF0404B
:10ABA000BC0A5917704700BF026810B553680446C5
:10ABB000990613D4580605D5590723D4516821F0B6
:10ABC00040015160DB0708D5136823F008031360C8
:10ABD0009168637A2161042B0CD110BD1023C360EE
:10ABE000042320466372F8F779FE6FF06002236851
:10ABF0005A6010BD01220023204662722372FFF7C3
:10AC0000D1FF10BD0823E360136823F0080313602D
:10AC1000E6E700BF002300B5026883B001935368E4
:10AC2000014658070AD4536823F0400353600020BC
:10AC3000CB6823F00803CB6003B000BD022013688B
:10AC400043F080431360136823F080431360019046
:10AC500002E013685B0012D5019B013B0193019B4D
:10AC6000002BF6D101224A720B72CB68084643F0E2
:10AC70000203CB60F8F732FE012003B000BD536839
:10AC800058060CD40223019302E053685B07CED52B
:10AC9000019B013B0193019B002BF6D1E2E7536836
:10ACA00023F040035360EDE7F8B5037A012B43D05E
:10ACB0000122437A04469342DFB2027206D0042393
:10ACC0001746C360002323723846F8BD022203688A
:10ACD00042725B680E46590616D4FBF713FA054616
:10ACE00023685A68D20718D4FBF70CFA401B0228D5
:10ACF0002368F6D95A6812F00102F2D10121022329
:10AD000061722272E360DFE70823C360FFF782FF0E
:10AD10000128E2D12023E360D6E79A685B682261CC
:10AD200013F0400316BF08231F46E3604FF00103F2
:10AD300008BF32606372C5E702273846F8BD00BF1E
:10AD4000704700BF30B5026804465168936885B00B
:10AD500013F0400FC3F3801519D113F0010F2FD159
:10AD6000980745D49D0600F19180DB050DD58D0631
:10AD70000BD50020236E43F00803236603909368ED
:10AD80000393039B236E002B5AD105B030BD13F003
:10AD900002001AD008067CD413F020002CD18D06B6
:10ADA000F3D594F85D50032D79D0256E45F0040558
:10ADB00025660090D06800909068009000983AE076
:10ADC00011F0400FCCD0C36C65E08D06DDD594F852
:10ADD0005D50032D63D0256E45F004052566009077
:10ADE000D0680090906800900098980623D515E0F0
:10ADF00008064ED49806B8D58806C6D575B194F81D
:10AE00005D0003284BD0206E40F004002066002037
:10AE10000090D0680090906800900098206E40F0FC
:10AE2000010020660020029090680290106820F0D7
:10AE3000400010600298DB059BD4236E002BA4D049
:10AE4000012053688D0723F0E003536084F85D0010
:10AE50002DD05368A06D23F00303536040B1164B0F
:10AE60000364FCF72FF818B1236E43F04003236608
:10AE7000606D002889D0104B0364FCF723F800288C
:10AE800083D0236E43F0400323667EE78806C5D453
:10AE90007BE72046236D05B0BDE83040184700230E
:10AEA0000193D368019393680193019B6DE720465A
:10AEB000FFF746FF69E700BFBDAE000808B50023F5
:10AEC000806AA0F84630C387FFF73AFF08BD00BF8D
:10AED00030B4036A124D046AA84224F001040462EB
:10AEE0000ED0104CA0420BD004F54064A04207D015
:10AEF00004F58064A04203D004F58064A04203D12D
:10AF0000046A24F004040462846923F00A0324F030
:10AF1000F00C4CEA02121943826130BC01627047A6
:10AF2000002C01400034014090F83D30012B23D12A
:10AF300002210368164A80F83D1093421ED0B3F1F7
:10AF4000804F1BD0A2F59432934217D002F5806255
:10AF5000934213D002F5806293420FD002F59432EF
:10AF600093420BD002F54062934207D01A6842F038
:10AF700001021A6000207047012070479968054A55
:10AF80000A40062AF6D0B2F5803FEFD10020704784
:10AF9000002C01400700010090F83D30012B26D124
:10AFA0000222036880F83D20DA68174942F0010266
:10AFB0008B42DA601DD0B3F1804F1AD0134A93420E
:10AFC00017D002F58062934213D002F5806293425B
:10AFD0000FD002F5943293420BD002F540629342B7
:10AFE00007D01A6842F001021A6000207047012061
:10AFF00070479968064A0A40062AF6D0B2F5803FA3
:10B00000EFD10020704700BF002C01400004004039
:10B010000700010038B590F83C30012B6AD0044697
:10B0200002250123006884F83C3084F83D5085688F
:10B030004B4A2A4082600A68602A6AD010D8402AA7
:10B040005AD02CD8202A4BD048D832F0100147D003
:10B0500018460122002384F83D2084F83C3038BD96
:10B06000B2F5805F13D0B2F5005F27D0702AEFD120
:10B07000D1E901538268C9682B4322F47F4243EA35
:10B08000012313438360836843F0770383600122C5
:10B09000002384F83D2084F83C30002038BD502A3D
:10B0A000D6D1CA684968FFF713FF836823F44013B9
:10B0B00023F0700343F057038360E8E78268D1E927
:10B0C0000153C9682B4322F47F4243EA012313430F
:10B0D0008360836843F480438360D8E7302AB7D124
:10B0E000836823F4401323F07003134343F00703F2
:10B0F0008360CCE7022038BDCA684968FFF7E8FEE4
:10B10000836823F4401323F0700343F04703836004
:10B11000BDE7036A026A4D6822F01002C968026244
:10B12000104A904217D002F50062904213D0826913
:10B1300023F0A00322F4704243EA051342EA0132ED
:10B1400082610362836823F4401323F0700343F0A9
:10B15000670383609BE7026A22F040020262E6E72F
:10B160008800CEFF002C0140704700BF704700BF31
:10B17000704700BF704700BF036870B5DE681C6988
:10B180000546A20701D5B1075AD4630701D5700758
:10B1900043D4210701D532072DD4E00601D5F106AD
:10B1A00016D4E20701D5F30763D414F4025F0AD082
:10B1B000300666D4600601D5710673D4A20601D5A7
:10B1C000B3064DD470BDE205F4D5330662D4F1E781
:10B1D0006FF0100108222B68284619612A77DB6975
:10B1E00013F4407F6FD1FFF7BFFF2846FFF7C0FF82
:10B1F00000232B77D5E76FF0080104222B6828463F
:10B2000019612A77DB699B075AD1FFF7ADFF284602
:10B21000FFF7AEFF00232B77BFE76FF00401022298
:10B220002B68284619612A779B6913F4407F44D123
:10B23000FFF79AFF2846FFF79BFF00232B77A8E72D
:10B240006FF002021A61012202779B699A0731D1DD
:10B25000FFF78AFF2846FFF78BFF00232B7794E741
:10B260006FF020022B682846BDE870401A6100F09C
:10B2700005B96FF001022B6828461A61F5F754FEF4
:10B2800093E76FF402522B6828461A6100F0F8F831
:10B29000E1058FD56FF480722B6828461A6100F0A3
:10B2A000F1F887E76FF040022B6828461A61FFF734
:10B2B00061FF83E7FFF75AFFCFE7FFF757FFBCE7D0
:10B2C000FFF754FFA6E7FFF751FF91E770B4284E50
:10B2D0000368B0424A698D680C6839D0B0F1804F7C
:10B2E00020D0A6F59436B0421CD006F58066B04258
:10B2F00018D006F58066B04214D006F59436B042F8
:10B3000026D01C4EB04227D006F58066B04223D02E
:10B3100006F58066B0421FD023F08003C5621A4351
:10B3200084620CE04E6823F07003C968334323F451
:10B3300040730B4323F08003C5621A4384620121EA
:10B3400070BC036843F0040303604161026070470E
:10B350004E6823F070033343CE6823F440733343C5
:10B36000C56223F0800384621A430B690363E6E736
:10B37000002C01400040014070B310B590F83D3002
:10B38000044603F0FF0213B30223214684F83D3044
:10B3900051F8040BFFF79AFF012384F8483084F832
:10B3A0003E3084F83F3084F8403084F8413084F8EF
:10B3B000423084F8433084F8443084F8453084F8CF
:10B3C000463084F8473084F83D30002010BD80F8C6
:10B3D0003C20FAF771FCD7E70120704790F83C2039
:10B3E000012A45D00346022070B41A68214E83F822
:10B3F0003D00B24250680D68946827D006F500669B
:10B40000B2422CD020F070002843B2F1804F50603F
:10B410000ED0194882420BD000F58060824207D0DE
:10B4200000F58060824203D000F59A30824204D158
:10B43000896824F080040C4394600022012183F881
:10B440003C2083F83D10104670BC70474E6820F4D5
:10B450007000304320F0700028435060E8E74E68E9
:10B4600020F47000304320F0700005435560DFE7A2
:10B4700002207047002C014000040040704700BFCC
:10B48000704700BF704700BF10B4026852E8003F29
:10B4900023F4907342E800310029F7D1144C02F1F3
:10B4A000080353E8003F234002F1080C4CE8003148
:10B4B0000029F4D1C36E012B08D0002320225DF8AF
:10B4C000044BC0F88C204367C366704752E8003FC6
:10B4D00023F0100342E800310029EED052E8003F8B
:10B4E00023F0100342E800310029EFD1E5E700BF67
:10B4F000FEFFFFEF704700BF704700BF08B5806ACE
:10B50000FFF7FAFF08BD00BF704700BF40F60F0C01
:10B5100070B504680546E369216813EA0C0FA26858
:10B5200029D19E0607D501F0200C02F080565CEA76
:10B53000060C40F0F080E86E012800F0AC80D802E4
:10B5400000F19E80180606D502F4000201F080008A
:10B55000104340F0E7805A0602D54E0600F1C38042
:10B56000180202D54A0000F10C81DB0102D5002946
:10B57000C0F23D8170BDA348104040F0C580A24E8E
:10B580003142D8D0DE0740F1DC80CE0540F1D280D8
:10B5900001262662D5F8906046F00106C5F8906055
:10B5A0009E0740F1C980D60740F1CB80022020627F
:10B5B000D5F890005E0740F00400C5F8900040F117
:10B5C000DD8004202062D5F8900040F00200C5F82C
:10B5D0009000180700F1BD8018050AD54E0108D566
:10B5E0004FF400602062D5F8900040F02000C5F8CC
:10B5F0009000D5F890000028BCD0980606D501F040
:10B60000200102F08052114340F0AC80D5F8902028
:10B61000A36802F0280203F0400353EA020628461A
:10B6200000F0EA80FFF730FFA3685B0640F1A280DC
:10B6300004F1080353E8003F23F0400304F108013C
:10B6400041E8003262B12C6804F1080353E8003F7E
:10B6500023F0400304F1080141E80032002AF3D14D
:10B66000D5F88000002800F08580684B0364FBF764
:10B6700029FC00283FF47EAFD5F88000036C4EE033
:10B6800056027FF55FAF4FF4801328462362BDE872
:10B69000704000F0FBB8DE067FF551AFC8067FF5BD
:10B6A0004EAF1022B5F85C302262A268520640F11B
:10B6B000AF80D5F880000268516889B2002900F097
:10B6C000DC80994280F0D980A5F85E101268960659
:10B6D0005CD502222A67B5F85E102846591A89B24D
:10B6E000FFF712FF70BD54E8003F23F0400344E829
:10B6F0000032002AF7D1202200232846C5F88820EE
:10B70000AB67FFF7F7FE70BDDE077FF549AFCE05EB
:10B710007FF546AF3CE7436F002B3FF42BAFBDE80E
:10B7200070401847AB6F002B3FF424AF2846BDE8AC
:10B73000704018479E0704D45E0702D5D6073FF530
:10B7400040AF1E077FF548AF01F0200606433FF4E7
:10B7500043AF08202062D5F8900040F00800C5F8FB
:10B76000900039E76B6F002B3FF450AF28469847A5
:10B770002C684BE72846FFF7BFFE70BD1807E8D4DA
:10B780002AE72846BDE8704000F084B854E8003F3E
:10B7900023F4807344E80032002AF7D104F108034F
:10B7A00053E8003F23F0010304F1080141E80032AF
:10B7B000002AF3D104F1080353E8003F23F04003CB
:10B7C00004F1080141E80032002AF3D12023C5F832
:10B7D0008C30EA6654E8003F23F0100344E800325E
:10B7E000002AF7D1FBF736FBB5F85C3071E7284645
:10B7F000BDE8704000F04CB8FFF77EFEC5F89060E1
:10B8000070BD00BF0100001020010004FDB400085D
:10B81000B5F85E10B5F85E2089B292B2002A3FF406
:10B82000A9AE5B1A99B200293FF4A4AE54E8003FD8
:10B8300023F4907344E80032002AF7D1124804F14F
:10B84000080353E8003F034004F1080646E80032CD
:10B85000002AF4D120236A67C5F88C30EA6654E8E0
:10B86000003F23F0100344E80032002AF7D10223FE
:10B8700028462B67FFF748FE70BD99427FF47AAEE9
:10B8800013689C06F3D470BDFEFFFFEF704700BF46
:10B89000704700BF704700BF034644F27F02B3F811
:10B8A000401000200A40A3F8402070474FF0000CE1
:10B8B00000B583B002AB4FF0010E03E9060003466A
:10B8C0006046A3F840E0A3F840C0A3F844C0A3F842
:10B8D00050C003B000BD00BF70B50A78034630F811
:10B8E000220091F803E020F4EC4020F07000000406
:10B8F000000CBEF1030F00F20582DFE80EF0CDD0A0
:10B90000B10240F4C06048F2800C40EA0C0023F819
:10B91000220033F8220020F4E04020F07000000400
:10B92000000C10434CEA000C23F822C0087B0028CE
:10B9300000F0B880002033F822C02CF4E24C2CF048
:10B94000700C4FEA0C4C4FEA1C4C4CF4004C4CF081
:10B95000800C23F822C00C89B3F8505003EBC20CC2
:10B96000640864001CFA85F5A5F800444C89B3F816
:10B970005050640864001CFA85F5A5F804444C781E
:10B98000002C40F01C8133F8224064040DD533F8BC
:10B99000224024F4E04424F070042404240C44F4F1
:10B9A000404444F0800423F8224033F822406606E5
:10B9B0000DD533F8224024F4E04424F0700424042C
:10B9C000240C44F4004444F0C00423F822400D69E0
:10B9D000B3F850101CFA81F1B1F802440CF2064C95
:10B9E000C4F30904A1F80244002D00F030813E2D7B
:10B9F00000F2658105F0010404EB5504A402A5B230
:10BA0000B1F80244A4B22C43A1F80244B3F8501098
:10BA100089B231F80C40C4F3090421F80C4031F824
:10BA20000C40A4B22C4321F80C4048F2800433F8B7
:10BA3000221021F4804121F070010904090C81F4E5
:10BA40004051214323F8221033F8221021F4E04121
:10BA500021F040010904090C0C4323F8224070BD79
:10BA600048F28005284323F8220033F82200B14C25
:10BA700080B220401043054323F82250087B88B150
:10BA800033F8220080B2204040F4014040F08000B2
:10BA900023F8220000205EE740F4007033E740F412
:10BAA000806030E70020CC884E786408640003EBA7
:10BAB000C205F6B3B3F8501015FA81F1A1F80044AD
:10BAC00033F8221049060DD533F8221021F4E04155
:10BAD00021F070010904090C41F4004141F0C0015A
:10BAE00023F8221033F82210BEF1010F21F4E041B7
:10BAF00021F040014FEA01414FEA114112D081F09B
:10BB0000200141F4004141F0800123F8221070BD72
:10BB100033F8221021F4804121F070010904090C4E
:10BB200081F4005141F4004141F0800123F82210DA
:10BB300070BD0E69B3F8501015FA81F1A1F80444F4
:10BB4000B3F8501015FA81F1B1F80644C4F30904B2
:10BB5000A1F80644002E00F096803E2E00F29D8053
:10BB6000B1F8064406F00105A4B205EB560544EA17
:10BB70008524A4B2A1F8064433F822104D040DD553
:10BB800033F8221021F4E04121F070010904090C7E
:10BB900041F4404141F0800123F82210002AB7D13E
:10BBA0001A8822F4804222F070021204120C82F4ED
:10BBB000405242F4004242F080021A8070BD33F8D5
:10BBC00022104C040DD533F8221021F4E04121F06D
:10BBD00070010904090C41F4404141F0800123F84F
:10BBE000221033F8221049060DD533F8221021F423
:10BBF000E04121F070010904090C41F4004141F0D9
:10BC0000C00123F8221033F82210BEF1010F21F4F5
:10BC1000E04121F040014FEA01414FEA114118BFD4
:10BC200081F0200141F4004141F0800123F822100D
:10BC300033F8221021F4804121F070010904090C2D
:10BC400041F4004141F0800123F8221070BDB1F8A9
:10BC500002446FEA44446FEA5444A4B2A1F8024497
:10BC6000B3F85040A4B234F80C10C1F3090124F821
:10BC70000C1034F80C106FEA41416FEA514189B25F
:10BC800024F80C10D1E6B1F806446FEA44446FEA98
:10BC90005444A4B2A1F806446EE7B1F8064475090D
:10BCA000F60608BF05F1FF35A4B244EA85246FEA21
:10BCB00044446FEA5444A4B2A1F806445CE76C091A
:10BCC000ED0608BF04F1FF34B1F80254A402A4B297
:10BCD000ADB2254345F40045A1F80254B3F85050E5
:10BCE000ADB235F80C10C1F3090125F80C1035F888
:10BCF0000C1021436FEA41416FEA514189B225F8A6
:10BD00000C1092E648F28004204323F8220033F816
:10BD1000220020F4E04020F070000004000C1043EA
:10BD2000044323F82240087B08B1012003E60120E8
:10BD3000B9E600BF8F8FFFFF2DE9F04F4B780C7BEA
:10BD4000012B83B035D0ECB1CB78022B00F0FD8015
:10BD5000012B40F0878000230A788B6130F8223075
:10BD600023F4804323F070031B041B0C83F4405323
:10BD700043F4004343F0800320F82230002003B056
:10BD8000BDE8F08F8A690C78002A55D1CB78002B5A
:10BD900040F0F98030F8243023F4E04323F07003BE
:10BDA0001B041B0C43F4014343F0800320F82430B0
:10BDB000D1E70E698A694B69B24228BF324600F565
:10BDC0008067002C00F0A880CD780C6A022D91F8D5
:10BDD00000E04BD0A41A30F82E500C6294B201341B
:10BDE00015F0400F92B2B0F850504FEA540400F0F2
:10BDF000D98000F2064616FA85F525F83E204D89D1
:10BE00003D443CB103EB4404ED1A1A885A53023303
:10BE10009C42FAD10A7830F8223023F4E04323F030
:10BE200040031B041B0C83F0300343F4004343F036
:10BE3000800320F82230A1E730F8243023F4E243D5
:10BE400023F070031B041B0C43F4004343F08003F6
:10BE500020F824300B699A427FF67DAFD31A8B61AC
:10BE60000A787BE7012003B0BDE8F08FA64200F21C
:10BE7000024B80F0DF8030F82E50A41A25F4E04504
:10BE800025F070052D042D0C45F4014545F0800585
:10BE900020F82E5030F82EC095B201351CF0400F1E
:10BEA0000C62B0F850C04FEA55051FFA82F800F254
:10BEB000064900F08E8019FA8CFC2CF83E80B1F80F
:10BEC0000A90B94475B19C46A9EB030903EB450AF6
:10BED0000196BCF800602CF809600CF1020CD44506
:10BEE000F7D1019E1344A6424B6180F0C880A21A8C
:10BEF0000A62B0F850201BFA82F222F83E800C89C8
:10BF00003C44002D86D003EB4505E41A1A881A53E9
:10BF100002339D42FAD17DE795B2CE8801356D0896
:10BF20003E4492B207D003EB4505F61A1C889C5399
:10BF30000233AB42FAD1B0F850300C7800F202452F
:10BF400015FA83F323F8342064E7CB690A78002BD1
:10BF50003FF404AF30F8223003F040045B0435D4E2
:10BF6000002C7FF4FBAE30F8223023F4E04323F0C2
:10BF700070031B041B0C43F4004343F0C00320F880
:10BF800022300A78EAE630F8243023F4E24323F042
:10BF900070031B041B0C43F4004343F0800320F8A0
:10BFA0002430D8E600F2024616FA85F525F83E2040
:10BFB0000D893D44002C3FF42DAF03EB4404ED1AF2
:10BFC0001A885A5302339C42FAD123E7002CCAD173
:10BFD000C4E61BFA8CFC2CF83E80B1F808A0BA44E9
:10BFE00075B19C46AAEB030A03EB450B0196BCF81E
:10BFF00000602CF80A600CF1020CDC45F7D1019EC0
:10C000001344A6424B6141D2A41AB0F850200C62EE
:10C0100019FA82F222F83E804C893C44002D3FF40C
:10C02000F9AE03EB4505E41A1A881A530233AB4202
:10C03000FAD1EFE6A5B22C4630F82E20013422F4D6
:10C04000E24222F070021204120C42F4004242F06A
:10C05000800220F82E20B0F8502064081BFA82F2EB
:10C0600022F83E500D893D443FF4D4AE03EB440426
:10C07000ED1A1A885A5302339C42FAD1CAE6A5B285
:10C08000013500221FFA84F86D0831E7A5B20135A9
:10C090001FFA84F86D080024B7E700BF4B780A78D0
:10C0A0008BB130F8223023F4E04323F040031B042B
:10C0B0001B0C83F0100343F4004343F0800320F88B
:10C0C00022300020704730F8223023F4804323F0E0
:10C0D00070031B041B0C83F4805343F4004343F0B0
:10C0E000800320F822300020704700BF4B780A7888
:10C0F00033B330F822305B060DD530F8223023F40C
:10C10000E04323F070031B041B0C43F4004343F093
:10C11000C00320F82230CB78012B0FD030F822302A
:10C1200023F4E04323F040031B041B0C83F02003A3
:10C1300043F4004343F0800320F82230002070478E
:10C1400030F822305B040DD530F8223023F4E04380
:10C1500023F070031B041B0C43F4404343F08003A3
:10C1600020F8223030F8223023F4804323F070038B
:10C170001B041B0C83F4405343F4004343F080033F
:10C1800020F822300020704711B98023A0F84C30ED
:10C1900000207047B0F8440080B27047013302F5C8
:10C1A00080625B08104408D00A4601EB4301801A04
:10C1B0001388135202328A42FAD1704770B502F5E1
:10C1C00080625D0800EB020419D06FF001008E1C44
:10C1D0003246AC46401A2044815ABCF1010C89B267
:10C1E0004FEA112E02F1020202F8041C02F803ECDD
:10C1F000F2D1013D023406EB450104EB4504DB07B7
:10C2000044BF23880B7070BDD0E90023F0B4D0E99F
:10C210000267D0E90445D0E90601B1F1FF3F08BF4C
:10C22000B0F1FF3F18D1B5F1FF3F08BFB4F1FF3FB8
:10C230000FD1B7F1FF3F08BFB6F1FF3F0FD1F0BC00
:10C24000B3F1FF3F08BFB2F1FF3F14BF0120002050
:10C2500070470320F0BC70470420F0BC70470220F8
:10C26000F0BC704710B54FF6FD7E1F4B0446B3F887
:10C27000E0C000F580330CF1FF3292B272454FEA14
:10C28000C32008D84FF47832184B03EA4C23B2FB92
:10C29000F3F203FB020003294FF0AA324FF0AA3356
:10C2A00012D0042908D0022916D000F041FFC0B9ED
:10C2B0000F4B00201C7010BD183000F039FF003803
:10C2C00018BF0120400010BD103000F031FF0038D1
:10C2D00018BF0120400010BD083000F029FF0028E1
:10C2E000E6D0022010BD00BF0005FA0B00FE1F00C3
:10C2F000C02A0320F8B5044600F052FF002840F0A1
:10C30000BD804FF6FD73634AB2F8E0C00CF1FF3216
:10C3100091B2994200F2B0804FF478355E4B03EA57
:10C320004C23B5FBF3F503FB05F5C5F57835ED0AB0
:10C330004FF6FD7391B2994212D999E04FF6FD770D
:10C34000544E2846012100F0F7FE0135002840F048
:10C350008D80B6F8E0C00CF1FF3293B2BB4237D803
:10C360004FF478334C4901EA4C21B3FBF1F301FB64
:10C3700003F3C3F57833DB0A04339D422AD2002C41
:10C38000DCD04FF47836B6FBF1F01127EB0203F165
:10C39000006301FB003303F5006ED3E90001B1F146
:10C3A000FF3F08BFB0F1FF3F03F1080318BF10279C
:10C3B0009E45F2D1102F47D04FF6FD7391B29942AE
:10C3C00005F10105CCD9802D04D04FF48021DAE7A6
:10C3D000802DB6D100F0E2FE4FF6FD712D4BB3F883
:10C3E000E020531E9BB28B424AD84FF478302A4B40
:10C3F000022103EA4223B0FBF3F003FB00F0C0F597
:10C400007830C00AFFF72EFF00283FD14FF6FD71AC
:10C41000224A204B1080B3F8E020531E9BB28B427F
:10C4200036D84FF478331C4901EA4222B3FBF2F3C9
:10C4300002FB03F3C3F57833C3F3C7232021184C61
:10C44000184A23701160F8BD0121284600F074FEDF
:10C4500060B9104B0135B3F8E0C04FF6FD730CF135
:10C46000FF3291B299427FF67BAFACE70120F8BD75
:10C4700080234FF4802180E77C2559E70E20F8BD0A
:10C480007C200221FFF7EEFE0028BFD00220F8BD7D
:10C490007C23D3E70005FA0B00FE1F00C22A03200D
:10C4A000C02A03201C0103204FF6FD71224B2DE909
:10C4B000F041B3F8E02082B0531E9BB28B4220D8EB
:10C4C0004FF478351D4B03EA4223B5FBF3F503FB2C
:10C4D00005F5C5F57834E40A271D05F1006606EB7D
:10C4E000C420FFF791FE04284FEAC42804F1020398
:10C4F0000BD09F4203D8052002B0BDE8F0811C4656
:10C50000EDE780277C240025E7E7621C9A4206D3EA
:10C510000221204600F010FE48B10120ECE708F1AE
:10C5200008202844FFF770FE0428F1D0E3E70190CB
:10C5300000F034FE0198DFE70005FA0B00FE1F0053
:10C540002DE9F0474FF6FD74444A454BB2F8E01030
:10C550001E784A1E92B206F58033A24280464FEA08
:10C56000C3234FD84FF478393E4C04EA4124B9FB39
:10C57000F4F904FB09F94B441846FFF745FE4FF464
:10C580007833B3FBF4F304FB03F3C3F57833A6EB82
:10C59000D32A0AF1010505F0030505EBD32507466B
:10C5A00005F5803009EBC020DC0AFFF72DFEB8F15D
:10C5B000010F12D0B8F1020F0AD0022F1FD0012FA5
:10C5C0001BD10AF1030A0AF0030A0AEB040616E07B
:10C5D00098B92E463046BDE8F087022F17D0012FBC
:10C5E0000BD1214C2368B3F5006F08D304282BD05E
:10C5F00003213046FFF736FEE0B14FF0FF363046FC
:10C60000BDE8F0874FF000094FF48024B4E7164CE2
:10C610002368B3F5006FF2D304281AD00321304603
:10C62000FFF720FE0028E8D102212846FFF71AFE76
:10C6300030B1E2E701212846FFF714FE0028DCD1E3
:10C6400020232E462360C5E7FFF72EFF0028CFD01A
:10C65000D3E7FFF729FF0028E0D0CEE70005FA0B6B
:10C66000C02A032000FE1F001C0103202DE9F04119
:10C67000074600200E46FFF763FF431C6DD000F510
:10C680008031CC024FF6FD71354B8046B3F8E02087
:10C69000531E9BB28B4208D84FF47831314B03EADA
:10C6A0004223B1FBF3F203FB02442046FFF7ACFD4B
:10C6B000831EDBB2022B4BD82B4D04F5FF6C04F12B
:10C6C000180101E08C451CD0DCE90023B3F1FF3FE9
:10C6D00008BFB2F1FF3FACF1080C1FFA82FEF1D0A7
:10C6E000BE45EFD1A86840F00100A8602B602F8004
:10C6F0002C68A4B2B4EB124FE4D100203360BDE843
:10C70000F0814FF6FD71164BB3F8E020531E9BB23B
:10C710008B421FD84FF47831124B03EA4223B1FB0E
:10C72000F3F103FB01F1C1F57833DB0A08F10308EB
:10C73000A8EB030808F00308984408F5803301EBE0
:10C74000C3242046FFF760FD831EDBB2022BB4D961
:10C750000720D4E700217C23E8E70320BDE8F0812F
:10C760000005FA0B00FE1F00003002404FF6FD727C
:10C77000431E9BB2934201D908207047002310B595
:10C7800082B00C4601A90193FFF770FF019B236063
:10C7900002B010BD70B5064601200D46FFF7D0FE71
:10C7A000431C3AD04FF6FD711D4B00F5803CB3F8A9
:10C7B000E0204FEACC2C531E9BB28B4227D84FF47B
:10C7C0007830184B03EA4223B0FBF3F003FB00F090
:10C7D000CDB1154CA36843F00103A360256026800A
:10C7E00022681204114C2B46216832438C44604469
:10C7F00000F09EFC78B90E4922680B88083201339C
:10C8000022600B8070BD002EE3D13246EAE70020A3
:10C81000002DDED1F7E7022070BD032070BD00BF00
:10C820000005FA0B00FE1F00003002401C0103202F
:10C83000C22A03202DE9F04F002785B0CDE9000181
:10C84000C2F10200C0B214460397FFF779FE431C01
:10C8500000F068812023BB4ABB4D1070BB4A0646DE
:10C860002F801360002C00F042814FF6FD71B84B11
:10C87000B3F8E020531E9BB28B4200F23F814FF48D
:10C880007833B44901EA4222B3FBF2F302FB03F32B
:10C890001A46C3F57833DB0A0336F61A06F00306A8
:10C8A0001E4406F5803002EBC020FFF7ADFC0228E5
:10C8B00000F08680042800F08980012C40F0DB80A5
:10C8C000032840F0D8809F4B2C881E789F4B4FF058
:10C8D000000B1A6804F1FC03C2EBC62C0CF1006CCF
:10C8E0004FF6FD7A9B4F0CF1200C1FFA83FE09E0F6
:10C8F0001FFA89F474454FF0010B2C8002F10802F5
:10C9000000F01981924BB3F8E03003F1FF381FFAC1
:10C9100088F1514598BF4FF4783107EA432996BF13
:10C92000B1FBF9F0002009FB00F00CEB020101441F
:10C93000D1E90001B1F1FF3F08BFB0F1FF3F04F1C1
:10C940000109D5D14146BBF1000F01D07F480260FB
:10C950004FF6FD77DFF8FC8189B204F57C7AB942A5
:10C96000DFF8EC911FFA8AFA08EA432325D84FF43E
:10C970007830B0FBF3F003FB00F0C0F57832D20A58
:10C98000C2F10303334403F003039E1806F580331A
:10C9900000EBC320FFF738FC032804F1FC0340F050
:10C9A000C8809CB254452C8078D0B9F8E030591E2C
:10C9B00089B2B94208EA4323D9D97C220020DFE7B3
:10C9C00004213046FFF74EFC00285ED14FF6FD7182
:10C9D0005F4BB3F8E020531E9BB28B4200F2A6805F
:10C9E0004FF478335B4901EA4222B3FBF2F302FBD6
:10C9F00003F31A46C3F57833DB0A06F10309A9EB02
:10CA0000030909F00309994409F5803002EBC020BD
:10CA1000FFF7FAFBC31EDBB2012B3AD84C4F4D4E49
:10CA20001AE04FF47833B3FBF1F301FB03F318463C
:10CA3000C3F57833DB0A09F10309A9EB030909F00F
:10CA40000309994409F5803300EBC320FFF7DCFBB1
:10CA5000C31EDBB2012B1CD8032810D04FF6FD7289
:10CA6000B7F8E03006EA4321013B9BB29342D8D9A4
:10CA700000207C23DFE70A2005B0BDE8F08F042109
:10CA80004846FFF7EFFB0028E8D0022005B0BDE8DC
:10CA9000F08F012CB5F800A03FF415AFBAF5FC7F7C
:10CAA000F3D2DDE90001FFF775FE0028EDD12C88F7
:10CAB000022C26D80124009F0CE02B88B3F5FC7FC4
:10CAC0002CD230460399FFF765FE0028D4D10134FB
:10CAD000FB2C19D0BC42A6B2F9D0304603A9FFF70F
:10CAE000C5FD0028E9D00728F1D00320C4E70121C3
:10CAF000FFF7B8FB00283FF4B8AEC6E700227C235E
:10CB0000CAE6023CFA2CD6D90E4B02211878FFF760
:10CB1000A9FB0028B9D14FF48070ADE7122005B011
:10CB2000BDE8F08F042005B0BDE8F08F00227C2323
:10CB300063E7A246B2E7054B1A60054BB3F8E03055
:10CB4000591E05E7C02A0320C22A03201C01032026
:10CB50000005FA0B00FE1F002DE9F04F89B00646D4
:10CB600000F01EFB002840F0D281074648F2050085
:10CB700001244FF6FD71C04B9A6C42F480529A64C6
:10CB80009B6CBE4A03F480530793079B50619368E4
:10CB9000BB4823F0180343F008039360B94B0470BB
:10CBA000B3F8E020531E9BB28B4200F242814FF457
:10CBB000783AB54B03EA4223BAFBF3FA03FB0AF3D4
:10CBC000C3F57834E40A039304F58033049304F145
:10CBD0000408A446039AAD4902F5006202EBC322A1
:10CBE0004FEAC32EA2F500630B60F3E802AB9A4252
:10CBF000FAD10CF1010CC44502F50062F2D3039B9B
:10CC00004FF0000C0EEB030B5B46E1466546A34676
:10CC10009A46CDE901CC80F800C05046FFF7F4FAFF
:10CC2000421ED2B2012A40F20B81032807D1019B98
:10CC3000CDF808B0002B08BFD946013301930BF1A2
:10CC4000010BC3450AF5006AE7D3002D00F06481AB
:10CC50004FF6FD718B4BB3F8E020531E9BB28B4215
:10CC600000F2E481884B03EA42234FF47832B2FBAE
:10CC7000F3F203FB02FBCBF578334FEAD32909F536
:10CC80008035294609F1040A4FF0030803964C4603
:10CC90004646884609F102030BEBC5250193284659
:10CCA000FFF7B2FA012800F0FB800134544505F586
:10CCB000006506F10106F2D30023039E01934FF6AF
:10CCC000FD71704BB3F8E020531E9BB28B4200F213
:10CCD000A5814FF4783C6C4B03EA4223BCFBF3FC88
:10CCE00003FB0CFCCCF57835ED0A05F580342246C3
:10CCF00005F104084FF000090CEBC424CA46A34612
:10CD0000039704964F461646A94664465846FFF7D1
:10CD10007BFA022800F09680032808BFCDF808901F
:10CD2000791C01EB0509C1450F460BF5006BEDD3EE
:10CD3000DDE903765346002B00F08681544D002236
:10CD400020202B78DFF854814FEAC32C0293514BFB
:10CD50004FF6FD7B9646DFF82CA1DFF82C910CF105
:10CD6000006CA8F80020186008E00830B0F5006FEB
:10CD70004FF0010EA8F8002000F08381BAF8E030EF
:10CD80000132591E8DB25D4598BF4FF4783509EADE
:10CD9000432496BFB5FBF4F5002565430CEB000476
:10CDA0002C44D4E90045B5F1FF3F08BFB4F1FF3F83
:10CDB00092B2DAD1BEF1000F01D0364A10604FF6C0
:10CDC000FD750A46DDF808A02F4CDFF8B89028E082
:10CDD0004FF47831B1FBF3F103FB01F1C1F5783287
:10CDE000D20A0AF103039B1A924503F0030302F1EE
:10CDF000020000F0B380504500F0B08003EB020A5F
:10CE00000AF5803001EBC020FFF7FEF9032840F05F
:10CE10001681B8F80030FC33A8F80030B9F8E030DB
:10CE20005A1E92B2AA4204EA4323D1D97C2200219D
:10CE3000D7E7194B4FF080087C2404930397C8E68A
:10CE40000135FCE6A94549D0022F47D0F81C00F077
:10CE50000300304404EBC020FFF7D6F903287FF429
:10CE60005FAFBAF1000F40F0EA80094A4FF0010AC3
:10CE7000791C82F8009054E7001002400030024014
:10CE8000B82A03200005FA0B00FE1F00BC2A03206D
:10CE9000C02A03201C0103207C000100C22A0320B9
:10CEA0004C4528D0019BA34225D006F00300404406
:10CEB0000BEBC020FFF7A8F903287FF4F6AE0021A2
:10CEC000744D01220846039E2C70FFF7B3FCB0F5A9
:10CED000807F40F0DD8001230193F0E6791C01F0B2
:10CEE0000300304404EBC0200591FFF78DF90028C2
:10CEF000B7D0059915E7B01E00F0030040440BEBD6
:10CF0000C020FFF781F900287FF4CFAED7E70E27C6
:10CF1000384609B0BDE8F08F019B002B00F0AB80D4
:10CF2000C4F10300049B484400F003001844039B31
:10CF300003EBC020FFF768F904287FF489AE029B59
:10CF4000C4F10100184400F0030001212044FFF760
:10CF500089F900283FF47CAE0227D9E7029D01350C
:10CF6000AD1A05F00305154405F58033AA4501EB1C
:10CF7000C32127D0484C002E37D10121284600F08C
:10CF8000DBF8002872D14FF6FD71B4F8E020531E93
:10CF90009BB28B423FD84FF47831404B03EA422397
:10CFA000B1FBF3F103FB01F1C1F57833DB0A013585
:10CFB000ED1A05F003051D4405F58033AA4501EB84
:10CFC000C321D8D100F0EAF8019B002BA0D1B8F81A
:10CFD0000030B3F5FC7F9BD201990846FFF7DAFBDE
:10CFE000071E18BF01277F0092E74FF0110C01F5D3
:10CFF0000060D1E90023B3F1FF3F08BFB2F1FF3F6A
:10D0000001F1080118BF4FF0100C8142F1D1BCF1C1
:10D01000100FB8D1B1E700217C23C8E7204A4FF0B8
:10D0200080087C254FF0000C144663E61C494FF045
:10D03000800A4FF07C094FF0000B0D4624E60A27CA
:10D04000384609B0BDE8F08FEDB2029AC5F1010390
:10D05000134403F003031D44E8B20E4D022128706F
:10D06000FFF700F900283FF46AAE75E7012738465C
:10D0700009B0BDE8F08F019809B0BDE8F04FFFF7A7
:10D0800039B9084B1860044BB3F8E030591E96E6E6
:10D090000C273DE7C02A03200005FA0B00FE1F0005
:10D0A0007C0001001C0103204FF6FD72431E9BB261
:10D0B000934201D908207047044B1B88B3F5FC7FCD
:10D0C00001D2FFF767BB0022FFF7B4BBC22A0320DF
:10D0D000134B144A196CB2F8E02011F4801F02F1CE
:10D0E000FF334FF6FD719BB20CD18B4297BF0E4BB5
:10D0F0000E4B03EA422303F1006383428CBF0120FD
:10D10000022070478B4297BF074B084B03EA42232C
:10D1100003F1006383428CBF02200120704700BFEF
:10D12000002002400005FA0B00FE1F00000004086A
:10D1300001460120FAF736BC4FF6FD7C70B500269B
:10D14000144B0446B3F8E02086B0531E9BB200F5A2
:10D15000803063450D4601964FEAC02008D80E4B3B
:10D1600003EA42234FF47832B2FBF3F203FB0200EE
:10D17000FFF7AEFF0222034601A902A8CDE903345E
:10D1800005950292FAF722FE003818BF012006B07A
:10D1900070BD00BF0005FA0B00FE1F00704700BF06
:10D1A000FF2300B58BB001A80293FAF779FD079B26
:10D1B00013F4800F0CBF0E2000200BB000BD00BF89
:10D1C000D0F8B8320BB11B6818470320704700BF76
:10D1D00008B5D0F8B8320BB15B689847002008BD9D
:10D1E00038B5044600F2AA25284600F091FB01223A
:10D1F00094F8AA12B4F8B032C029C4F89422C4F842
:10D2000098320DD001F01F03012B1BD0022B13D03D
:10D2100063B12046BDE8384001F0800103F0F4B866
:10D220002046BDE83840802103F0EEB8294620466C
:10D23000BDE8384000F0F6B829462046BDE8384041
:10D2400000F0C8BA29462046BDE8384000F08CBA44
:10D2500070B5044631B91346D0F89422032A0DD094
:10D26000002070BD90F89C32032BF9D1D0F8B83271
:10D270009B69002BF4D0BDE870401847D0E95752A5
:10D28000954208D890F89C32032B0ED0204600F02F
:10D290006DFB002070BDAD1AAA4228BF2A46194670
:10D2A000C0F85C5100F058FBDAE7D0F8B8321B69DF
:10D2B000002BEBD09847E9E770B5044649B9D0F8A0
:10D2C0009432022B11D094F8A032012B22D00020EE
:10D2D00070BD90F89C32032BF9D1D0F8B8325B695D
:10D2E000002BF4D0BDE870401847D0E90736B342B0
:10D2F0000D4614D820D094F89C32032B2FD08021D7
:10D30000204603F081F8204600F03CFB94F8A03260
:10D31000012BDCD1002384F8A032002070BD9B1BC0
:10D320001146C3611A4600F00DFB2B462A462946DA
:10D33000204603F0ADF8C6E782699342DBD8D0F807
:10D3400098329A42D7D20A4600F0FCFA2B462A4677
:10D3500029462046C4F8985203F09AF8B3E7D4F867
:10D36000B832DB68002BCAD020469847C7E700BF19
:10D3700000210122D0F8B83280F89C224160C0F828
:10D380009412C0F8A412EBB1D0F8BC2270B50446D8
:10D3900012B15B6803B1984700224025012611466F
:10D3A0004023204603F022F8002280212B4620460D
:10D3B000A4F86461C4F8605103F018F80020A68452
:10D3C000256270BD03207047034600201974704722
:10D3D0000346042193F89C220020D2B283F89D22B8
:10D3E00083F89C12704700BF90F89C32042B04D144
:10D3F00090F89D32DBB280F89C320020704700BF6D
:10D40000D0F8B82262B108B590F89C32032B01D055
:10D41000002008BDD369002BFAD09847002008BD32
:10D420000320704730B50B780D4603F06003202BC6
:10D43000044683B028D0402B26D05BB18021204603
:10D4400002F0E2FF0021204602F0DEFF0025284620
:10D4500003B030BD4B78092BF0D801A252F823F06D
:10D46000D3D40008FBD400083DD4000819D5000827
:10D470003DD4000821D500085BD500083DD4000844
:10D4800091D500089BD4000829462046D4F8B8322C
:10D490009B6803B0BDE8304018478978B14D012939
:10D4A000297000F23B8190F89C32022BDAB200F036
:10D4B0001D81032A00F0FA80802102F0A5FF0021DF
:10D4C000204602F0A1FF20462978FFF781FE0325C0
:10D4D000BDE790F89C32013B022BAFD8CA88022AE4
:10D4E000ACD1D0F8A4320146003B18BF01235B0049
:10D4F00041F80C3F00F018FAA8E790F89C32013B85
:10D50000022B9BD84B88012BA0D100232046C4F8C6
:10D51000A43200F02BFA99E74B88012B96D1F5E75E
:10D520008B88002B8AD1CB88002B87D14B887F2B0F
:10D5300084D890F89C22032A80D0DDB2294680F856
:10D540009E5202F08DFF204600F010FA002D00F0F0
:10D55000FB80022384F89C3278E700216A88ADF8CA
:10D560000610130A013B062B3FF668AF01A151F8E4
:10D5700023F000BF25D600080BD6000835D60008DA
:10D580003DD400083DD40008F5D50008B9D5000801
:10D59000CA88012A7FF452AF90F89C32022BD9B28C
:10D5A00000F2B58000293FF449AF0146002341F85D
:10D5B000083F00F0B9F949E7037C002B7FF43EAF48
:10D5C000D0F8B8320DF106001B6B98470723437063
:10D5D000EB88002B66D0BDF80620002A3FF42EAF62
:10D5E0009A4228BF1A4601462046ADF8062000F0B0
:10D5F0009BF92BE7037C002B7FF420AFD0F8B832E7
:10D600000DF106005B6B9847E2E7027CD0F8B83278
:10D61000002A40F08B809B6A0DF106009847022398
:10D620004370D5E7D0F8B4320DF106011B68007CD9
:10D630009847CDE7D1B2052900F28A80DFE801F0F2
:10D6400026201A140E03D0F8B4329B69002B3FF445
:10D65000F5AE207C0DF106019847B9E7D0F8B43259
:10D660005B69002BF5D1E9E6D0F8B4321B69002BD9
:10D67000EFD1E3E6D0F8B432DB68002BE9D1DDE688
:10D68000D0F8B4329B68002BE3D1D7E6D0F8B4329F
:10D690005B68002BDDD1D1E60223416080F89C322B
:10D6A000FFF796FD204600F061F9CFE60029F3D0A0
:10D6B00041680129F6D0C9B2FFF78AFD29782046D2
:10D6C0006160FFF77DFD05460028EBD080212046F4
:10D6D00002F09AFE0021204602F096FE20462179B3
:10D6E000FFF776FD022384F89C32B0E60029D9D0FA
:10D6F00001214160FFF764FD0546F0B1802120461D
:10D7000002F082FE0021204602F07EFE9FE6032901
:10D710007FF494AE011D00F007F997E6802102F036
:10D7200073FE0021204602F06FFED0E6DB6A0DF1A9
:10D7300006009847022343704AE7204600F016F996
:10D74000032384F89C3281E6012384F89C327DE631
:10D75000D0F8B8329B6B002B3FF470AE0DF106028F
:10D76000984735E7C42A032038B50B780D465A068A
:10D7700004460DD503F06002402A09D0802102F052
:10D7800043FE0021204602F03FFE0025284638BD1A
:10D7900094F89C32013B022B12D82B79032B0FD823
:10D7A000D4F8B83229469B6820469847EB8805464E
:10D7B000002BEBD10028E9D1204600F0D7F8E5E7AF
:10D7C0008021204602F020FE0021204602F01CFEAF
:10D7D000DBE700BF70B50B780D4603F06003202B2C
:10D7E00004464CD0402B4AD04BB18021204602F059
:10D7F0000BFE0021204602F007FE002070BD6B7872
:10D800008A88012BD1B22BD0032B40D0002BECD136
:10D8100090F89C32022BD8B253D00328E5D101F006
:10D820000F0303EB8303120604EB830358D4B3F80E
:10D830006431002BD9D001EB810504EB850505F59A
:10D84000AA75002958D0204602F0F6FD002859D0CC
:10D8500001232B6002222946204600F065F8CCE720
:10D8600090F89C32022BDAB222D0032ABDD16B8809
:10D87000002BC2D14E0642D1204600F077F8D4F8F2
:10D88000B83229462046BDE870409B68184790F89A
:10D890009C32022BDAB20BD0032AA6D16B881BB9BB
:10D8A0004A0601D0EB887BB3204600F05FF8A4E77E
:10D8B0004B069AD002F0A8FD8021204602F0A4FD7C
:10D8C0009BE7480691D1002311064CBF04F11401D7
:10D8D00004F5AA71022220460B6000F025F88CE7BF
:10D8E0009B8C002B81D001F07F05013505EB850570
:10D8F000802904EB8505A6D100232B60AAE702F05E
:10D900008FFDB9E72860A5E702F07EFDCCE700BFF8
:10D910000B7803704B7843704B8843808B888380EF
:10D92000CB88C380704700BF10B5134602240A4657
:10D93000C0E906330021C0F8944202F09DFD0020AA
:10D9400010BD00BF8C4608B500211346624602F0A8
:10D9500093FD002008BD00BF8C4608B5002113468A
:10D96000624602F095FD002008BD00BF002310B5FF
:10D9700004241A461946C0F8944202F07DFD0020A6
:10D9800010BD00BF002310B505241A461946C0F883
:10D99000944202F07DFD002010BD00BF08B54FF09D
:10D9A000E0231B6901F0F4FC012800D108BDBDE8AB
:10D9B000084002F041BA00BF08B5EFF3058313B188
:10D9C0006FF0050008BD01F0E3FC012807D0EFF37C
:10D9D0001083002BF4D1EFF31183002BF0D101F071
:10D9E000D7FC0128034604D1034A106808B9136024
:10D9F00008BD4FF0FF3008BD18380320EFF3058352
:10DA000013B16FF00500704710B501F0C1FC01289B
:10DA100009D0EFF3108313B16FF0050010BDEFF3E1
:10DA20001183002BF8D101F0B3FC01280CD1084B75
:10DA30001A68012A08D1002402220649CC771A600C
:10DA400001F0C0FA204610BD4FF0FF3010BD00BFFE
:10DA50001838032000ED00E0F0B5002587B014462B
:10DA60000595EFF3058212B1002007B0F0BD07461F
:10DA70000E4601F08DFC012809D0EFF3108313B19D
:10DA8000059807B0F0BDEFF31183002BF8D1002FFC
:10DA9000F6D00CB3A569DDB918256368DB07E3D4BC
:10DAA00063693BB39A08A068D4F800C0E16820B36A
:10DAB000A729E5D921690029E2D0002BE0D0CDE9E2
:10DAC0000110334661463846009501F045F9CCE730
:10DAD0006B1E372BE1D9C7E74FF48072182521461A
:10DAE00005AC334638460095019401F069F90128E8
:10DAF000BAD1C5E74FF48072D5E70029C0D12369B8
:10DB0000002BBDD1644692B2E9E700BFEFF3058375
:10DB100013B16FF00500704710B5044601F038FCF2
:10DB2000012809D0EFF3108313B16FF0050010BD89
:10DB3000EFF31183002BF8D10CB9002010BD204663
:10DB400001F022FAF9E700BF4FF4807330B4034DBF
:10DB5000034C05600C60136030BC704770370320C5
:10DB6000703303204FF4007330B4034D034C056051
:10DB70000C60136030BC7047C8320320C82A0320F1
:10DB80004FF0FF31002200F10803C0E90131C0E984
:10DB900003330260704700BF00230361704700BF7A
:10DBA0004268036810B494680133C1E901246160DC
:10DBB00091605DF8044B08610360704730B40D68F4
:10DBC0006B1C10D000F108031C465B681A68AA425F
:10DBD000FAD902684B60013299608C60616008611B
:10DBE00030BC0260704704696368F2E7036910B4EF
:10DBF000D0E901125C688A6051600021844208BF4C
:10DC00005A601A680161013A1A6018685DF8044B9D
:10DC1000704700BF70B51646026C0446856B2AB982
:10DC2000066801354EB31046A56370BD8EB94068D5
:10DC300002F0D2FC6368216CA2680B4493426360DB
:10DC400028BF236805F1010528BF63600020A56394
:10DC500070BDC06802F0C0FC226CE36851429B1AA0
:10DC60002268E360934202D2A3680B44E360022E71
:10DC700008D001350020A56370BD806801F0E0FB8D
:10DC8000A660D1E7012D38BF0125DFE770B5054655
:10DC900002F0B0F895F845305CB2002C14DD05F1C7
:10DCA000240603E0631EDAB25CB26AB16B6A5BB150
:10DCB000304601F09BFA0028F4D001F05DFB631EB2
:10DCC000DAB25CB2002AF1D1FF2385F8453002F0C8
:10DCD0009FF802F08FF895F844305CB2002C14DD08
:10DCE00005F1100603E0631EDAB25CB26AB12B697B
:10DCF0005BB1304601F07AFA0028F4D001F03CFB29
:10DD0000631EDAB25CB2002AF1D1FF2385F84430F9
:10DD1000BDE8704002F07CB870B568B3C56B0446CE
:10DD2000F5B1026CA2FB0525D5B90E4602F062F8EA
:10DD3000D4E90F30FF2100FB03F32268181A626058
:10DD400013440244A563C4E9023284F8441084F801
:10DD5000451046B9236993B902F05AF8012070BD05
:10DD600002F098F9FEE704F11000FFF709FF04F153
:10DD70002400FFF705FFEFE702F08CF9FEE704F15E
:10DD8000100001F033FA0028E6D002F027F8E3E7AC
:10DD900070B582B09DF8186033B3054650B11C468B
:10DDA0005AB139B150230193019B502B0DD002F091
:10DDB00071F9FEE702F06EF9FEE70029FAD150236F
:10DDC0000193019B502BF2D12246C4E90F5101214E
:10DDD0002046226084F84610019BFFF79DFF2046F5
:10DDE00084F84C6002B070BD02F054F9FEE700BF49
:10DDF000F0B585B00192002800F0878004460E46F9
:10DE00001D46002961D0022D02D1E36B012B6FD199
:10DE100001F0BEFA00284ED001F0ECFFA26BE36BDC
:10DE20009A4258D3022D56D0002007460DE001F04B
:10DE3000EFFF2046FFF72AFF01F016F901F0DAFFA5
:10DE4000A26BE36B01209A4245D3019B002B5FD06C
:10DE5000002836D001F0DCFF01F0FEF801F0CAFF27
:10DE600094F84430FF2B08BF84F8447094F84500C0
:10DE7000FF2808BF84F8457001F0CAFF01A902A875
:10DE800001F042FA002848D101F0B4FFA26BE36B25
:10DE90009A42CCD101F0BCFF019904F1100001F0CD
:10DEA00065F92046FFF7F2FE01F0DEF80028C5D143
:10DEB00001F094FFC2E7019B002BADD002F0EAF81D
:10DEC000FEE702A801F014FAC4E7036C002B9AD015
:10DED00002F0E0F8FEE72A4631462046FFF79AFEB8
:10DEE000636A5BB938B901F093FF012005B0F0BD5A
:10DEF00002F0D0F8FEE701F071FFF4E704F124002E
:10DF000001F074F90028EED0F5E702F0C3F8FEE75F
:10DF100001F07EFF002005B0F0BD2046FFF7B6FE01
:10DF200001F0A2F8F6E700BF70B582B011B350233C
:10DF30000193019B502B1AD10C4600260121054666
:10DF4000C4E90F1684F8461020462460019BFFF7B1
:10DF5000E3FE334632463146204684F84C50A660F4
:10DF60002660E660FFF744FF204602B070BD02F075
:10DF700091F8FEE702F08EF8FEE700BFF0B585B03D
:10DF8000019200286BD004460E4600295BD001F0B8
:10DF9000FFF900285DD001F02DFFA56B002D61D1A8
:10DFA000019B002B42D002A801F0A2F92F4601F0FC
:10DFB0002FFF01F051F801F01DFF94F84430FF2BC2
:10DFC00008BF84F8447094F84530FF2B08BF84F8EC
:10DFD000457001F01DFF01A902A801F095F998B95B
:10DFE00001F008FFA36B33BB01F012FF019904F1AC
:10DFF000240001F0BBF82046FFF748FE01F034F89A
:10E0000068B901F0EBFE0AE02046FFF73FFE01F0A1
:10E010002BF801F0EFFEA36B43B101F0F9FE01F024
:10E02000E9FEA56BF5B9019B002BC0D101F0F0FE14
:10E03000002005B0F0BD01F0EBFE2046FFF726FE04
:10E0400001F012F8EBE7036C002BA0D002F022F8ED
:10E05000FEE7019B002B9ED002F01CF8FEE702F0C9
:10E0600019F8FEE7226C5AB1E168A368114499429D
:10E07000E16028BF2168304628BFE16002F0ACFAB9
:10E08000013DA56323691BB901F0C2FE0120D0E761
:10E0900004F1100001F0AAF80028F5D001F09EFE6E
:10E0A000F2E700BFF0B585B00191002878D0036C8D
:10E0B0000446002B3FD101F06BF910B9019B002BF6
:10E0C0006BD101F097FEA56B002D7AD1019B002B3F
:10E0D00060D002A801F00CF92E462F4601F098FE00
:10E0E00000F0BAFF01F086FE94F84430FF2B08BF21
:10E0F00084F8447094F84530FF2B08BF84F84570CD
:10E1000001F086FE01A902A801F0FEF8B0B901F005
:10E1100071FEA36B23B301F07BFE2046FFF7B6FD33
:10E1200000F0A2FF01F066FEA56B002D49D1019B16
:10E13000002BD3D12EE001F0ADFFFEE72046FFF724
:10E14000A5FD00F091FF01F055FEA36B2BB901F086
:10E150005FFEC6B9002005B0F0BD01F059FEE1E751
:10E1600001F056FE23681BB3019904F1240000F06E
:10E17000FDFF2046FFF78AFD00F076FF0028D1D191
:10E1800001F02CFECEE701F035FE616A59B9A068B6
:10E1900001F09EF901F03CFEDCE701F07BFFFEE7B9
:10E1A00001F078FFFEE7236B1968C1F13801EEE753
:10E1B00001F020FEA06801F0FBF8064601F028FE01
:10E1C000D2E72368013DA56373B123691BB901F050
:10E1D0001FFE0120BFE704F1100001F007F800283E
:10E1E000F5D001F0FBFDF2E701F0C0F9A060ECE72B
:10E1F00038B500B3A1B1124C6268234682421DD0EB
:10E20000A44600221D68013208337DB1082A07D0D8
:10E210005D689C46A842F5D104EBC20CCCE9001025
:10E2200038BD5D68A842F7D001320833082AF8D11A
:10E23000CCE90010F4E701F02DFFFEE70022EBE748
:10E240002038032070B504460E46154601F0D2FD75
:10E2500094F84430FF2B04BF002384F8443094F832
:10E260004530FF2B04BF002384F8453001F0D0FD7A
:10E27000A36B23B12046BDE87040FFF707BD04F152
:10E2800024002A46314600F085FF2046BDE8704054
:10E29000FFF7FCBC2DE9F8431C4683681646A3EB48
:10E2A00004089045474628BF1746E219934202D218
:10E2B00001F0F0FEFEE7054680693A4620448946B3
:10E2C00002F08AF9B0450BD2AB68F21B9A4202D930
:10E2D00001F0E0FEFEE7A86909EB070102F07CF916
:10E2E000AB68A019984228BFC01ABDE8F88300BFE8
:10E2F0002DE9F0411C460B4681681546A1EB040848
:10E300009045474628BF1746E219914202D201F0D4
:10E31000C1FEFEE7816906463A461846214402F0EE
:10E320005BF9A84506D3B3686019984228BFC01AA4
:10E33000BDE8F081B1693844EA1B02F04DF9F2E71B
:10E34000F0B51646027F1C46D20705460F46036805
:10E3500083B006D4B44228BF34467CB9204603B00B
:10E36000F0BD04220DEB0201FFF7C2FF019A034644
:10E3700096420CD20024204603B0F0BD2246394616
:10E380002846FFF7B5FF2860204603B0F0BD1646CB
:10E39000043CDFE7F0B51646027F1C46D20705466F
:10E3A0000F46436883B007D5089A0196944211D26C
:10E3B0000024204603B0F0BDB44228BF3446002CF0
:10E3C000F7D0224639462846FFF764FF68602046AA
:10E3D00003B0F0BD04220DEB0201FFF75BFF3446F2
:10E3E0000346002CE5D0ECE72DE9F04182B0CBB13B
:10E3F0001D46089BE3B1814204460E460FD8002A11
:10E400000CBF4FF002084FF0030804280DD9242355
:10E410000193019F9F420ED001F03CFEFEE701F008
:10E4200039FEFEE701F036FEFEE701F033FEFEE7BF
:10E4300001F030FEFEE702465521284602F040F882
:10E44000854202D001F026FEFEE73A4600210898F8
:10E4500002F036F8089B012E38BF012618469D6150
:10E460009C6083F81C80DE6002B0BDE8F08100BFD4
:10E4700038B568B1856802680168446803689A42E3
:10E48000F9D168180138001B854298BF401B38BD80
:10E4900001F000FEFEE700BF08B540B182684368A6
:10E4A0000168D018401A824298BF801A08BD01F056
:10E4B000F1FDFEE72DE9F04387B00393002900F05A
:10E4C00084800446002800F08380037F8568DB0792
:10E4D00017460E4605F1FF325ED4BA4228BF3A46CF
:10E4E0009046039B002B33D004A800F0EBFE01F014
:10E4F00081FCA16820682568626823689842F9D188
:10E500000D44013DAD1AA94298BF6D1AA84565D9C1
:10E510000021084601F052FAD4F81490B9F1000F26
:10E520005FD100F02FFF606101F072FC039A494651
:10E5300000924B464A46484601F05AF803A904A8FF
:10E54000C4F8149000F0E0FE0028D0D05DB9A568B2
:10E5500022682168606823689A42F9D14B1E1B1A11
:10E560005D1938BF1D462B463A4631462046CDF848
:10E570000080FFF70FFF054650B1A268636821686D
:10E5800013445B1A9A4298BF9B1AE2689A420CD9CC
:10E59000284607B0BDE8F08307F1040847451AD2C2
:10E5A00042459ED200230393D2E700F055FD236934
:10E5B00043B100262069334632463146009601F0C9
:10E5C00063F8266100F050FDE2E701F063FDFEE72D
:10E5D00001F060FDFEE701F05DFDFEE701F018FCD3
:10E5E000B4E701F057FDFEE7F0B583B0002942D053
:10E5F0000446002842D01F4690F81CC0D0F808E01E
:10E600000CF0010C02EB8C0C25682668636820680E
:10E610008542F9D17644013EF31A9E45204698BFC3
:10E62000A3EB0E03CDF800C0FFF7B4FE054650B1D2
:10E63000A2686368216813445B1A9A4298BF9B1AC8
:10E64000E2689A4202D9284603B0F0BD01F022FDEB
:10E65000236906464BB12069019700273B463A469D
:10E660003946009701F090F82761304601F01EFD11
:10E67000284603B0F0BD01F00DFDFEE701F00AFDF4
:10E68000FEE700BF2DE9F04383B0002949D00446DE
:10E69000002849D0077F0E4607F0010790469946AB
:10E6A000BF0073B9A368656822681D44AD1AAB4208
:10E6B00098BFED1ABD4212D80025284603B0BDE828
:10E6C000F08301F097FBA368656822681D44AD1ACA
:10E6D000AB4298BFED1ABD421AD901F099FB2B4607
:10E6E000424631462046FFF72BFE05460028E3D080
:10E6F00000F0B2FC636943B10026606933463246DC
:10E700003146009600F0C0FF666100F0ADFCD4E732
:10E710000021084601F052F9256945B101F0BAFC23
:10E72000FEE701F0B7FCFEE701F0B4FCFEE700F005
:10E7300029FE206101F06CFB2B462A46294628461B
:10E74000CDF8009000F054FF2561ABE72DE9F041D2
:10E75000054601F04FFB374A374F1368013313600A
:10E760003B68002B35D0354CEB6A226852B3344EEF
:10E77000344935480A6805F1040C01326A640A60BC
:10E7800002689A4238BF036003EB830306EB830001
:10E7900041689B00A960F258D1F808E00132C5F841
:10E7A0000CE0CEF804C0C1F808C06861F25001F076
:10E7B0002FFB236823B13A68EB6AD26A9A4210D3DE
:10E7C000BDE8F0813A681E4ED26A9A4298BF3D6019
:10E7D000CEE73D601368012B07D0EB6A184E174C4B
:10E7E000C6E7BDE8F04101F0F9BA154E344606F52A
:10E7F0008C6820461434FFF7C3F94445F9D1DFF89B
:10E800006480124C4046FFF7BBF92046FFF7B8F989
:10E810000F48FFF7B5F90F48FFF7B2F90E48FFF7B9
:10E82000AFF90E4BC3F800800D4B1C60EB6A034C34
:10E830009EE700BF84380320583D0320783803202A
:10E84000F8380320683803207C380320D0380320B0
:10E85000B4380320A038032088380320CC380320A4
:10E86000C8380320E4380320F8B50446214B224E73
:10E870001D6830680F460430FFF7B8F9631C17D0E5
:10E8800033682D195D600BD21C4B18683168043158
:10E89000FFF794F91A4B1A68AA4200D91D60F8BD17
:10E8A000184B18683168BDE8F8400431FFF786B9A5
:10E8B0006FB933686A1E5A60002DF1D10F4B18688A
:10E8C00031680431FFF77AF90D4B1B68F8BD0E4B28
:10E8D00031685A6837688A603068316835681C6802
:10E8E000043001341C6094680431FC606060916005
:10E8F0006B61F8BD80380320583D0320CC380320DD
:10E9000064380320C8380320883803202DE9F047F5
:10E910008A460A9C95000746A5212A46206B984600
:10E92000089E01F0CDFDD4F83090BAF1000F0FD061
:10E930000AF1FF3C0AF10F0104F1330E1CF8012F1C
:10E940000EF8012F0AB18C45F8D1002384F843302A
:10E95000372E02D901F09EFBFEE7E662E664201D39
:10E96000FFF71AF9C6F1380604F11800FFF714F999
:10E970004C220021A6612461646204F1540001F07C
:10E980009FFD0B49043D01F16803A16509EB0500FA
:10E99000D031E365216643463A46216B20F00700FB
:10E9A00001F078FA099B206003B11C60BDE8F08794
:10E9B000B056032080B51E4DDFF884801D4E1E4FDB
:10E9C0001E4C2B684BB301F015FAD8F80C30D3F875
:10E9D0000C9009F10400FFF709F93368013B33603B
:10E9E0002B68013B2B6001F013FA3868543001F0BA
:10E9F0006FFD99F8A53033B1012B14D0022BE0D074
:10EA000001F048FBFEE7D9F8300001F05BFC484616
:10EA100001F058FC2B68002BD5D12368012BD0D9ED
:10EA200001F0DCF9CDE7484601F04CFCC9E700BF36
:10EA30009C38032084380320583D0320F8380320F5
:10EA4000A03803202DE9F04F604B83B01C680134DF
:10EA50001C60002C79D05E4B1A6894427CD35D4DCB
:10EA60002A681268002A00F0AC804FF0000CCDE953
:10EA7000004366465848DFF874E1584F58E0D3F831
:10EA80001490D3E90241A1609C684C60D9F804104D
:10EA9000914204BFD968C9F80410D9F800105E612A
:10EAA0000139C9F80010D3F82890B9F1000F11D03E
:10EAB000D3E90741A160DC694C60D9F804104145F5
:10EAC00004BF196AC9F80410D9F800109E62013910
:10EAD000C9F80010D3F82C80D7F8009008EB880113
:10EAE00000EB810AC845DAF8049088BFC7F80080B7
:10EAF00050F82180C3F80890D9F808B008F101084F
:10EB0000C3F80CB0CBF80420C9F80820C3F814A04F
:10EB100040F82180DEF80020D5F80080D96AD26A5A
:10EB2000D8F80030914288BF4CF0010C002B43D044
:10EB30002B68009CDB68DB6859681A1D8C4203F166
:10EB400018089CD2019B19600BE0224B1A681268CE
:10EB5000DAB101F09FFAFEE74FF0000C1E48DFF833
:10EB60008CE0DEF800301E4ADB6A03EB83039B0077
:10EB7000C0581368012898BF002B14BF0120002043
:10EB800040EA0C0003B0BDE8F08F164A186811681F
:10EB90001960154910600A6801320A601A68126823
:10EBA00022B94FF0FF320A4B1A6055E71A68084B3A
:10EBB000D26812681A604FE7019B4FF0FF321A606B
:10EBC000CFE794460448DFF824E0F6E780380320D6
:10EBD00064380320CC380320F83803207C38032025
:10EBE00070380320C83803206C380320583D0320B8
:10EBF0002DE9F04F4E4C83B001F0FCF82368013B47
:10EC000023602668002E40F083804A4B1B68002B4F
:10EC10007ED0494D2B68002B00F08680474F484836
:10EC2000DFF82CC1DFF82C810196EB68DB681A6AEB
:10EC3000DE69996AB260DE6903F1180E56604A68AF
:10EC4000019E724504BF1A6A4A600A689E62013AD0
:10EC50000A60D9689E685A69B1609E6803F1040E23
:10EC60004E605168714504BFD9685160116801391F
:10EC70001160DA6AD7F8009002EB820100EB810A9A
:10EC80004A45DAF8049088BF3A6050F82120C3F86A
:10EC90000890D9F808B00132C3F80CB0CBF804E002
:10ECA000C9F808E0C3F814A040F82120DCF80010EF
:10ECB000DA6ACB6A9A4284BF0123C8F800302B6815
:10ECC000002BB2D11F4B1A68126842B31A681E4B50
:10ECD000D26812681A601D4E356895B1012706E0AA
:10ECE000FFF7B0FE08B1C8F80070013D08D02368F6
:10ECF000002BF5D03368013D03F101033360F6D1F9
:10ED00003560D8F800301BB101F068F8012400E04C
:10ED1000002401F07DF8204603B0BDE8F08F4FF0ED
:10ED2000FF32094B1A60D6E7DFF82880D3E700BF2F
:10ED30006038032084380320B43803207C38032053
:10ED4000F8380320CC3803206438032074380320BB
:10ED5000583D0320703803202DE9F04188B0DDE9EB
:10ED60000F573DB34FB31646A8220792079AA82A19
:10ED700002D001F08FF9FEE704468846384607992D
:10ED80000021059301F09CFB20460E9C3D630094FE
:10ED90000224029787F8A54006AC32464146059BFF
:10EDA0000194FFF7B3FD3846FFF7D0FC069808B092
:10EDB000BDE8F08101F06EF9FEE701F06BF9FEE7C6
:10EDC0002DE9F043064685B0900015460F4698465B
:10EDD00001F0F0F908B30446A82001F0EBF98146F0
:10EDE000C0B1A822002101F06BFBC9F830400D9C96
:10EDF000434601940C9C2A4639463046CDF808908B
:10EE00000094FFF783FD4846FFF7A0FC012005B002
:10EE1000BDE8F083204601F055FA4FF0FF3005B011
:10EE2000BDE8F08370B50446304D00F0E3FF002CE0
:10EE300042D0261D3046FEF7D9FEA36A1BB104F16D
:10EE40001800FEF7D3FE2A4A1368013313602B68BB
:10EE5000A34228D0274A28491368013B13600B6856
:10EE60001B68DBB10A68254BD26812681A6000F093
:10EE7000CFFF2B68A3420AD02868543001F028FB4A
:10EE800094F8A5301BB3012B28D0022B16D11C4BB4
:10EE90001B6813B12B68A34213D070BD4FF0FF3233
:10EEA000164B1A60E3E731461648FEF779FE164A1C
:10EEB000136801331360DAE72C68BAE701F0EAF867
:10EEC000FEE7124B1B686BB101F0E4F8FEE7206B24
:10EED00001F0F8F9204601F0F5F9D8E7204601F0F5
:10EEE000F1F9D4E7BDE8704000F078BF583D032049
:10EEF0006838032084380320CC380320643803208A
:10EF000078380320A03803209C3803206038032081
:10EF100038B578B3D1B11A4C23682BBB23680133C1
:10EF20002360184B02681D6853182CBF0121002173
:10EF3000AA420ED8D9B103600021581BFFF794FCF8
:10EF4000236801255BB901F0A5F8FEE701F0A2F8FE
:10EF5000FEE761B9036023680025002BF3D0FFF7BB
:10EF600047FE50B1284638BD01F094F8FEE79D42B7
:10EF7000E1D3EFE701F08EF8FEE700F02FFFF1E7B5
:10EF80006038032080380320C0B110B50C4C2168D4
:10EF900011B101F07FF8FEE7236801332360FFF72A
:10EFA00063FC23681BB1FFF723FE18B110BD01F00D
:10EFB00071F8FEE7BDE8104000F010BF00F00EBF92
:10EFC0006038032030B5002489B007AA06A905A837
:10EFD000CDE90544FEF7B8FDDDE905231649CDE985
:10EFE000013216482346079A0094FFF7B5FE30B168
:10EFF00000F09CFE0128054608D0013503D0104BD7
:10F000001B6809B030BD01F045F8FEE701F042F899
:10F010004FF0FF300B4B0C4A1B680C495433136004
:10F020000B4A0C4B086015601C6000F06FFF044B2E
:10F030001B6809B030BD00BF80070108B5E90008B2
:10F04000C0100108583D0320240103206438032028
:10F050007838032080380320024A13680133136094
:10F06000704700BF6038032008B5054B1B6813B913
:10F0700001F010F8FEE7BDE80840FFF7B9BD00BF9A
:10F0800060380320014B1868704700BF80380320A8
:10F09000054B1B680BB9FFF7D5BC044A0020136869
:10F0A00001331360704700BF6038032074380320B9
:10F0B00038B5284B1B681BB10122274B1A6038BD9D
:10F0C000254A264C136023681B6B1A68B2F1A53FD2
:10F0D00003D15A68B2F1A53F32D02068216834319B
:10F0E000F1F7B6F81E4D1F492B6803EB830292001F
:10F0F0008A58980042B903B3013B03EB830251F8ED
:10F1000022209800002AF6D0184401EB800C6246B9
:10F11000DCF80410083249689142CCF8041008BFAA
:10F12000DCF80C10104A08BFCCF80410C968216044
:10F130002B6023685433136038BD00F0ABFFFEE74B
:10F140009A68B2F1A53FC8D1DB68B3F1A53FC4D13D
:10F15000C8E700BF6038032070380320583D032003
:10F160007C380320F83803202401032010B558B15F
:10F170000C46074B19681831FEF720FD2046BDE804
:10F1800010400121FFF770BB00F084FFFEE700BFD5
:10F19000583D0320F8B5034610B3134C5D6808468C
:10F1A000002A11462268D4F800E0D561266822685A
:10F1B000D4F800C002F118041A68AF6806F1180606
:10F1C00002F10102CEF8207018BF4FF0FF307E60D0
:10F1D000AC60CCF828301A60BDE8F840FFF744BBBB
:10F1E00000F058FFFEE700BF583D0320C36870B52C
:10F1F000DB68002B57D0D3E907019A6A8160DD698B
:10F2000054684D60002503F11800844208BF196A54
:10F21000264C08BF516011689D6201391160226857
:10F22000AAB1234A5468DC61A16819624860116878
:10F23000A06001319A6211601E49DA6A0B68DB6ACC
:10F240009A422ED901231C4A1846136070BD5A6990
:10F25000D3E9020181609C6850681D1D4C60A84282
:10F2600008BFD968154808BF51601168013911609D
:10F27000DA6A01688A42124988BF026002EB8202A0
:10F280004FEA820C01EB8202546851F80C009C603A
:10F29000A6680130DE607560A5605A6141F80C0017
:10F2A000CAE7002070BD00F0F5FEFEE760380320DD
:10F2B000B4380320583D0320703803207C380320E5
:10F2C000F838032010B560B1044600F093FD064AFB
:10F2D000064B12681B68C4E90023BDE8104000F02B
:10F2E00097BD00F0D7FEFEE76C380320803803207E
:10F2F000034A044B12681B68C0E90023704700BF33
:10F300006C38032080380320F8B568B30D4641B34C
:10F31000044600F06FFD2B68154A581C11681BD07D
:10F32000D4E90060DFF84CC0DCF80070BE4208D0C1
:10F33000884206D8002301242B6000F069FD204696
:10F34000F8BD0F1ABB42F5D95B1ADCF80010126841
:10F3500003442B60C4E90012002400F059FD20464C
:10F36000F8BD00F097FEFEE700F094FEFEE700BF58
:10F37000803803206C3803200122014B1A6070474B
:10F3800070380320014B1868704700BF583D0320B8
:10F39000054B1B6833B1054B1868B0FA80F0400983
:10F3A0004000704701207047783803206038032000
:10F3B000F8B50446C8B11F4DC36A2A68D26A9342A1
:10F3C00014D28269002A04DB2A68D26AC2F13802A8
:10F3D0008261194E626903EB830306EB83039A4251
:10F3E0000CD02B68DB6AE3620120F8BD2B68C06C8F
:10F3F000DB6A98422CBF00200120F8BD271D38464B
:10F40000FEF7F4FB2B680D4ADB6A1168E3628B425E
:10F4100088BF136003EB8303980006EB83035968EE
:10F420003258A1608D680132E5606F608F60636162
:10F430003250D9E7583D0320F83803207C380320A8
:10F4400098B1204B70B51B680446834202D000F08F
:10F4500021FEFEE71B6D53B1C16AC26C013B9142B4
:10F46000036500D033B1002070BD0020704700F06C
:10F4700011FEFEE7051D2846FEF7B8FBE36C124AB5
:10F48000C3F13800A06101201168E3628B4288BF9C
:10F4900013600E4A03EB83034FEA830E02EB8303F0
:10F4A000D3F804C052F80E10C4F808C0DCF80860A5
:10F4B0000144E6607560CCF80850636142F80E10B4
:10F4C00070BD00BF583D03207C380320F83803206E
:10F4D00080B1036D70B504464BB1C06CE26A8142E5
:10F4E00038BF01468A4201D0012B04D070BD00F024
:10F4F000D1FDFEE770471A4B1B68A3422CD0A369CD
:10F50000E162002BA8BFC1F13801164DA8BFA1616F
:10F5100002EB8202616905EB82039942E6D1261D66
:10F520003046FEF763FB104AE36A11688B4288BFDE
:10F53000136003EB8303980005EB830359682A5893
:10F54000A160D1F808C00132C4F80CC0CCF8046046
:10F550008E6063612A5070BD00F09CFDFEE700BF25
:10F56000583D0320F83803207C380320044B1A68E8
:10F570001AB119680A6D01320A651868704700BF30
:10F58000583D032070B510B100F084FDFEE7174D23
:10F590000E46144600F02EFC2B68D3F8A03023B999
:10F5A00001212B6883F8A410CCB900F031FC00F0E5
:10F5B00021FC2B68D3F8A04024B15EB100222B6857
:10F5C000C3F8A02000222B6883F8A42000F020FCC0
:10F5D000204670BD2B68621EC3F8A020F2E72046CB
:10F5E000FFF742F900F0FAFBDFE700BF583D0320C8
:10F5F000F8B510B100F04EFDFEE7224E1D460C4658
:10F60000174600F0F7FB336893F8A430022B0CD0B8
:10F6100001213268D2F8A03023EA0403C2F8A030F6
:10F62000336883F8A410069BFBB900F0F1FB00F0EF
:10F63000E1FB1DB13368D3F8A0302B60336893F839
:10F64000A430022B08D000240022336883F8A420C1
:10F6500000F0DEFB2046F8BD32680124D2F8A0306D
:10F6600023EA0703C2F8A030EEE71846FFF7FCF8DC
:10F6700000F0B4FB00F0CCFB00F0BCFB002DD9D1B6
:10F68000DCE700BF583D032070B531BB0446B0B184
:10F690001D46164600F0AEFB049B1BB1D4F8A0300B
:10F6A000049A1360022294F8A43084F8A420DBB2F8
:10F6B000042D5AD8DFE805F00A1A1408060000F0F5
:10F6C000E9FCFEE7022B4ED0C4F8A060012B13D05A
:10F6D000012400F09DFB204670BD00F0DBFCFEE73E
:10F6E000D4F8A0200132C4F8A020EFE7D4F8A0207D
:10F6F0003243C4F8A020E9E76369D4E902128A60C2
:10F70000A0685968251D5060A94208BFE2681A49DF
:10F7100008BF5A601A68013A1A60E36A0A6893429D
:10F72000164A88BF0B6003EB83039E0002EB830342
:10F7300058689159A060D0F808C00131C4F80CC0D5
:10F74000CCF8045085606361A36A915113B100F055
:10F75000A1FCFEE70A4BE26A1B68DB6A9A42B7D952
:10F7600000F03CFBB4E70024B3E7064A1268002A25
:10F77000ACD000F08FFCFEE77C380320F838032083
:10F78000583D03208038032070B5A0B3C9B91D4689
:10F790000446164600F02AFC00F07CFC049B1BB1DA
:10F7A000D4F8A030049A1360022294F8A43084F8AC
:10F7B000A420DBB2042D72D8DFE805F00A17110887
:10F7C000060000F067FCFEE7022B66D0C4F8A060DC
:10F7D000012B13D0012400F069FC204670BDD4F841
:10F7E000A0200132C4F8A020F2E7D4F8A0203243D0
:10F7F000C4F8A020ECE700F04DFCFEE7A36A13B1CB
:10F8000000F048FCFEE7294B1B68DBB1284B5A6827
:10F810001968E26195680131196004F118012562E7
:10F8200069609160A362234BE26A1B68DB6A9A42BB
:10F83000D0D9059B13B10123059A136001221E4BF9
:10F840001A60C7E76369D4E902128A60A168261DBD
:10F8500051605A68B24204BFE2685A601A68013ABD
:10F860001A60164AE36A11688B4288BF1360144A13
:10F8700003EB830302EB830CDCF804509B00D158AC
:10F88000A560D5F808E00131C4F80CE0CEF80460BA
:10F89000AE60C4F814C0D150C5E700249BE7094A04
:10F8A0001268002A94D000F0F5FBFEE760380320D0
:10F8B000B4380320583D0320703803207C380320DF
:10F8C000F838032080380320F8B500283BD0B9B9B8
:10F8D0000446154600F08AFB00F0DCFB022394F896
:10F8E000A42084F8A430D4F8A030012A03F1010345
:10F8F000C4F8A03023D1A36A2BB100F0CBFBFEE704
:10F9000000F0C8FBFEE7274B1B68FBB1264B5A688B
:10F910001968E26196680131196004F118012662E4
:10F9200071609160A362214BE26A1B68DB6A9A42B4
:10F9300005D90DB101232B6001221D4B1A60BDE8D2
:10F94000F84000F0B3BB00F0A5FBFEE76369D4E923
:10F9500002128A60A16804F1040E51605A6872456F
:10F9600004BFE2685A601A68013A1A60114AE36AF1
:10F9700011688B4288BF13600F4A03EB83039E001C
:10F9800002EB8303D3F804C09159C4F808C0DCF833
:10F9900008700131E760C7F804E0CCF808E0636163
:10F9A0009151C0E760380320B4380320583D03204C
:10F9B000703803207C380320F838032038B599B913
:10F9C000044670B100F016FA94F8A430022B05BF7B
:10F9D00000230125002584F8A43000F019FA2846F8
:10F9E00038BD034B1C68EDE700F054FBFEE700BF99
:10F9F000583D0320F0B5124C83B000F0FBF92568A8
:10FA000025B103B0BDE8F04000F002BA0D4E0E4F34
:10FA10003046FEF7B5F83846FEF7B2F80B490C4B06
:10FA200000950A201F600E600A4B10210A4AFEF75B
:10FA3000AFF920600028E4D00849FEF7D9FBE0E7E1
:10FA4000543E0320743E0320603E03205C3E0320AE
:10FA5000583E03205C3D0320AC3D0320880701088D
:10FA60002DE9F047DFF884900546D9F800300F46BD
:10FA7000DB68DC6804F104084046FEF7B7F894F848
:10FA800028305A070ED423F0010384F8283020468A
:10FA9000236ABDE8F047184793421BD82046236AE3
:10FAA00098473546A3697A1BEE182CBF0121002127
:10FAB000B74266602461EFD2AF4201D20029EDD097
:10FAC000D9F800004146FEF779F82046236ABDE8E0
:10FAD000F0471847044B41461868FEF76FF8204678
:10FAE000236ABDE8F0471847583E03205C3E0320D8
:10FAF0002DE9F047894D8A4E8A4F8B4C84B02B6894
:10FB0000D3F80090B9F1000F40F0D480FFF7A4FAC9
:10FB1000FFF7B8FA3368804698423DD33B683060BF
:10FB20001A68B2FA82F252092068A9EB0801FEF7BE
:10FB300089FBFFF799FA002800F0CD800022694682
:10FB40002068FEF71BFA0028D9D0009B0298002BF2
:10FB5000C0F2A880DDF80880D8F814301BB108F195
:10FB60000400FEF743F8FFF78DFA336881469842A8
:10FB700024D3009BC6F80090013B082BDED8DFE8B9
:10FB800003F025258169882525816900DB684FF010
:10FB9000FF311868FFF764FF2B681A68002AF5D157
:10FBA0003A68C6F800802A603B60FFF75DFAC5E757
:10FBB000DB684FF0FF311868FFF752FF2B681A68B7
:10FBC000002AF5D13A683B602A60D2E798F82810FD
:10FBD000019AD8F8180041F0010C131888F828C0D1
:10FBE0002CBF4FF0010C4FF0000C4B45C8F804300F
:10FBF000C8F8108072D8A9EB020290423CD84A079C
:10FC000011D421F0010188F828104046D8F820309E
:10FC1000984793E7904277D84046D8F820309847E5
:10FC20005346D8F8180010EB030A2CBF012100211D
:10FC3000D145A9EB0302C8F804A0C8F81080E9D2A6
:10FC4000994501D20029E7D0286808F10401FDF7A1
:10FC5000B5FFDAE798F82820019B42F0010288F806
:10FC60002820C8F81830002B54D04B444B45C8F816
:10FC70000430C8F8108036D8386808F10401FDF760
:10FC80009DFF5BE798F8283023F0010388F82830BF
:10FC900054E798F828309A0732D523F0010388F802
:10FCA00028304BE7019B03999847009B002BFFF6F8
:10FCB00045AF4FE7DB68D3F80090FFF7CDF9FFF7CA
:10FCC000E1F9336880469842FFF466AF81453060C1
:10FCD0000FD9002228E700F081F82FE74A4502D922
:10FCE000BCF1000F8BD0286808F10401FDF766FF16
:10FCF00024E7FFF7B9F941464846FFF7B1FE1DE793
:10FD0000404600F0DFFA19E7386808F10401FDF712
:10FD100055FF7AE700F0BEF9FEE700BF5C3E032026
:10FD20004C3E0320583E0320543E032010B588B0BB
:10FD3000FFF760FE0F4B1B68CBB1002407AA06A992
:10FD400005A8CDE90544FDF70DFF02222346059CD9
:10FD500000920294069C08490848079A0194FEF70D
:10FD6000FBFF074B186010B1012008B010BD00F078
:10FD700091F9FEE7543E032090070108F1FA0008CC
:10FD8000503E0320002200B5074B83B001921B6850
:10FD9000013302D000F07EF9FEE700F07BF9019B11
:10FDA000002BFCD003B000BD200103204FF0E02267
:10FDB0000023072010B4074C1361936123680649A0
:10FDC0005DF8044BA1FB03139B09013B53611061D8
:10FDD000704700BFF4000320D34D62104FF0E023C2
:10FDE0004FF08052C3F8042DBFF34F8FBFF36F8FD6
:10FDF000704700BF08B500F04DF9044A136801339D
:10FE00001360BFF34F8FBFF36F8F08BD2001032036
:10FE100008B5084B1A684AB11A68013A1A6018689E
:10FE200000B108BDBDE8084000F040B900F032F96B
:10FE3000FEE700BF2001032010B500F02BF90446B7
:10FE4000FFF726F928B14FF0E0234FF08052C3F8B6
:10FE5000042D2046BDE8104000F028B908B583699C
:10FE600013F8023C662B02D000F014F9FEE74FF0C5
:10FE7000E023D3F8882D42F47002C3F8882DD3F81C
:10FE8000342F42F04042C3F8342FBDE8084000F060
:10FE9000CFB800BF2DE9F04F4FF0113E4FF0807406
:10FEA00040E909E34FF0073340F8044C164C40F8A2
:10FEB000343C40E903424FF005334FF006324FF037
:10FEC000123B40E90F324FF0033A4FF002394FF046
:10FED00001384FF010374FF009364FF008354FF02A
:10FEE00004346FF0430340E905AB40E9078940E97A
:10FEF0000B6740F8305C40F8404C40F8443C40F818
:10FF0000481DBDE8F08F00BF85FD000800204FF0C0
:10FF1000E0234FF07F4130B585B00290D3F81C0D3F
:10FF20002F4A0190C3F81C1DD3F81C3D1B0E8DF801
:10FF300003309DF8033003F0A0031370002B41D071
:10FF40009DF80330DB4313F0A00F0BD000F0A2F8B4
:10FF5000FEE7029B013302939DF803305B00DBB2A6
:10FF60008DF803309DF803301B06F2D4029B082B5A
:10FF70002BD0029AC2F10702120202F4E0624FF0A3
:10FF8000E023002501991748174C0260C3F81C1D97
:10FF9000D3F8202D42F47F02C3F8202DD3F8202D72
:10FFA00042F07F42C3F8202DFFF700FF256000F0EC
:10FFB0005FF8FFF77DF803952368013307D000F061
:10FFC00069F8FEE700F066F8FEE70022D7E700F0E8
:10FFD00061F8039B002BFCD0002005B030BD00BFB2
:10FFE0008C3E0320883E03202001032008B5EFF358
:10FFF00005830F2B05D90B490B4A5B5C12789A429B
:020000040801F1
:100000000DD84FF0E023094AD3F80C3D126803F4F1
:10001000E063934200D808BD00F03CF8FEE700F032
:1000200039F8FEE7F0E300E08C3E0320883E032031
:100030000B4A1168086806C881F30B88022181F316
:100040001488203080F30988BFF36F8F4FF00000D1
:1000500080F31188104700BFAFF30080AFF300803A
:10006000583D0320000000000000000000000000D8
:1000700007480068006880F3088862B661B6BFF37D
:100080004F8FBFF36F8F66DF00BF00BFAFF30080FD
:1000900008ED00E0EFF311804FF0A00181F311882B
:1000A000BFF34F8FBFF36F8F704700BF80F311888E
:1000B000BFF34F8FBFF36F8F704700BF000000008A
:1000C000EFF309801EF0100F08BF20ED108AEFF348
:1000D0000B82734620E9FC0F114A116808604FF04B
:1000E000A00080F31188BFF34F8FBFF36F8FFEF72F
:1000F000DFFF4FF0000080F31188094A116808689B
:10010000B0E8FC0F13F0100F08BFB0EC108A82F3B8
:100110000B8880F309881847AFF30080AFF30080A5
:10012000583D032000000000000000000000000017
:100130001EF0040F0CBFEFF30880EFF309800449B1
:10014000084700BFAFF30080AFF30080AFF300803B
:100150005DFE000810B4154B1A461B688342FBD3A2
:100160005468416802EB040C604513D04418A34264
:1001700006D00360824218BF10605DF8044B7047E0
:100180000B4C2468A342F4D0D3E90034214403602B
:100190004160EFE72144501883425160EDD104489B
:1001A00000688342E9D01046EEE700BFA43E03207A
:1001B000A03E0320F8B53D4E0446FEF74DFF3368E0
:1001C000002B52D0631E0A332ED814F0070304F11B
:1001D000080121D1002927DB354F3D688D4223D30B
:1001E000344B18461C6803E0236823B120461C46A4
:1001F00062688A42F8D33368A34215D02368066840
:100200000360531A102B06F1080617D9601842072D
:100210000FD0FFF73FFFFEE7A3F109028A4203D3A5
:100220001034E11A0029D7DCFEF71EFF0026304605
:10023000F8BD43606160FFF78DFF626800201E4BD0
:10024000AD1A196842F000428D421C4938BF1D604A
:100250000B686260013320600B603D60FEF704FFB5
:100260007307E4D0FFF716FFFEE7154A510719D0D0
:10027000D11D21F0070102F5C052531A0A46002091
:100280000B44083B23F007030A4D9A1AC5E90010F6
:100290003360C3E90000C1E900320749044B0A603A
:1002A0001A608FE711464FF4C053E8E7A03E0320E1
:1002B0009C3E0320A43E0320983E0320943E03204E
:1002C000AC3E032070B150F8043C10B5002B04463E
:1002D00005DA50F8082C32B1FFF7DCFEFEE7FFF735
:1002E000D9FEFEE7704723F0004340F8043CFEF7D8
:1002F000B3FE094A54F8043C1168A4F108000B4409
:100300001360FFF727FFBDE81040044A136801336C
:100310001360FEF7A9BE00BF9C3E0320903E032061
:1003200038B50446D0F8D80204F52675294600F2FF
:10033000AA20FDF7EDFA2946D4F8D802BDE83840E6
:10034000FCF74EBF01EB810300EBC303D3F864213C
:10035000D0F8D802FCF77CBF01EB810300EBC303AC
:100360005A6AD0F8D802FCF7A7BF00BFD0F8D8026D
:10037000FDF746B810B543790446022B01D0F0F7DB
:10038000E3FDD4F8D8020121FDF71EF8D4F8D80215
:10039000BDE81040FCF7ECBF10B50446D0F8D80219
:1003A000FDF716F8637A23B1024A136943F0060396
:1003B000136110BD00ED00E010B5437A04462BB97F
:1003C000D4F8D802BDE81040FDF70EB8064A13690C
:1003D00023F006031361F0F717FAD4F8D802BDE84A
:1003E0001040FDF701B800BF00ED00E0944608B5ED
:1003F0001A46D0F8CC026346F9F7ACF818B10228D7
:100400000CBF0120032008BD08B5D0F8CC02F9F7D5
:100410000DF918B102280CBF0120032008BD00BF50
:1004200008B5D0F8CC02F9F739F918B102280CBF99
:100430000120032008BD00BF0A06D0F8CC3206D444
:1004400001EB810103EBC10393F85201704701F006
:100450007F0101EB810103EBC103987C704700BF72
:1004600008B5D0F8CC02F9F761F818B102280CBF32
:100470000120032008BD00BF08B5D0F8CC02F9F771
:10048000B9F818B102280CBF0120032008BD00BF35
:1004900008B5D0F8CC02F9F795F818B102280CBFCE
:1004A0000120032008BD00BF014800F093B800BF41
:1004B000E8570320014800F08EB800BFE85703203A
:1004C00002440346934200D1704703F8011BF9E749
:1004D0002D4B1B68834270B5044653D0C3691BB3D0
:1004E000DB6863B10025E369DB685959B1B90435AC
:1004F000802DF8D1E3692046D96800F07BF8E369E4
:10050000196811B1204600F075F8E3699D685DB186
:10051000294620462D6800F06DF8F8E70E68204661
:1005200000F068F83146E1E7616911B1204600F05A
:1005300061F8E16911B1204600F05CF8216B11B15E
:10054000204600F057F8616B11B1204600F052F8D8
:10055000A16B11B1204600F04DF8A16C11B12046FD
:1005600000F048F8616C11B1204600F043F8E16AF0
:1005700011B1204600F03EF8236A1BB12046BDE8C9
:100580007040184770BD00BF2401032070B50D4BAB
:1005900000260D4D5B1B9C10A64209D10B4D00F0AF
:1005A00073F80B4B00265B1B9C10A64205D170BD57
:1005B00055F8043B01369847EEE755F8043B013601
:1005C0009847F2E7CC100108CC100108CC100108C4
:1005D000D0100108704770470A44431E914200D171
:1005E000704710B511F8014B914203F8014FF9D152
:1005F00010BD000038B50546002941D051F8043C33
:100600000C1F002BB8BFE418FFF74EFF1D4A1368FC
:1006100033B9636014602846BDE83840FFF74ABF2D
:10062000A34208D9206821188B4201BF19685B6872
:1006300009182160EDE71A465B680BB1A342FAD9AD
:1006400011685018A0420BD1206801445018116065
:100650008342E0D118685B68084453601060DAE7B1
:1006600002D90C232B60D6E7206821188B4202BFE9
:1006700019685B680918636008BF21605460CAE7A5
:1006800038BD00BFAC560320F8B500BFF8BC08BCAD
:100690009E467047F8B500BFF8BC08BC9E46704740
:0806A0005FF800F07501032072
:1006A80052414D4E5F54785461736B320000000024
:1006B80052414D4E5F52785461736B320000000016
:1006C80052414D4E5F53656E645553420000000021
:1006D80052414D4E5F4469616754580052414D4E36
:1006E8005F4469616752580052414D4E5F457272CE
:1006F8006F725461736B000052414D4E5F506572CA
:10070800696F64696300000052414D4E5F53656E26
:100718006443414E0000000052414D4E5F526563F4
:100728006569766543414E0052414D4E5F5265639F
:10073800656976655553420043414C4942524154DC
:10074800494F4E2049443000454355422D43686186
:1007580073736973000000005365702020342032E1
:100768003032360030313A31303A3137000000004B
:1007780052414D4E0000000049444C450000000025
:10078800546D725100000000546D7220537663005E
:10079800A80601080000000000000000000000009A
:1007A80000000000000400002A0000000000000013
:1007B80000000000B806010800000000000000006A
:1007C80000000000000000000008000029000000F0
:1007D8000000000000000000C8060108000000003A
:1007E80000000000000000000000000000040000FD
:1007F800300000000000000000000000D8060108DA
:1008080000000000A4030320A80000004C040320FB
:10081800000400000F0000000000000000000000BD
:10082800E40601080000000050080320A8000000AA
:10083800F808032000040000100000000000000079
:1008480000000000F006010800000000FC0C032076
:10085800A8000000A40D03200004000031000000DF
:100868000000000000000000000701080000000070
:10087800A8110320A8000000501203200004000063
:100888002000000000000000000000001007010820
:100898000000000054160320A8000000FC160320E6
:1008A8000004000028000000000000000000000014
:1008B8002007010800000000001B0320A80000001A
:1008C800A81B03200004000018000000000000001E
:1008D80000000000300701080000000000000000D0
:1008E80000000000000000000004000018000000E4
:1008F80000000000000000000001010001010000EC
:1009080041110008B50F000879110008D10F00083F
:10091800A511000801100008111500083D15000870
:10092800BD11000819100008D51100083110000881
:10093800ED1100084910000819120008D113000829
:1009480000000000E91300083112000871100008C7
:100958005512000881100008691200088D1000085F
:100968009D120008B1100008C1120008C11000084B
:10097800E11200080114000811130008951400087A
:100988005D1300082D140008D1100008ED100008B0
:100998006D15000831160008891500085D16000855
:1009A800A515000889160008C1150008B516000825
:1009B800DD150008E1160008F91500080D170008F4
:1009C800990F00089D0F0008000000001911000889
:1009D800E9140008D9140008ED140008DD14000813
:1009E800A10F0008A90F00081516000839170008FC
:1009F800F1140008E1140008F5140008E5140008D3
:100A0800FD14000805150008F914000891140008E1
:100A1800FECA77000000000043005800C9015001D9
:100A2800E107DF075205010700000000963007774D
:100A38002C610EEEBA51099919C46D078FF46A70CA
:100A480035A563E9A395649E3288DB0EA4B8DC79EA
:100A58001EE9D5E088D9D2972B4CB609BD7CB17E6A
:100A6800072DB8E7911DBF906410B71DF220B06A3A
:100A78004871B9F3DE41BE847DD4DA1AEBE4DD6D4A
:100A880051B5D4F4C785D38356986C13C0A86B644A
:100A98007AF962FDECC9658A4F5C0114D96C06636A
:100AA800633D0FFAF50D088DC8206E3B5E10694C4A
:100AB800E44160D5727167A2D1E4033C47D4044B8A
:100AC800FD850DD26BB50AA5FAA8B5356C98B2426A
:100AD800D6C9BBDB40F9BCACE36CD832755CDF45EA
:100AE800CF0DD6DC593DD1ABAC30D9263A00DE511A
:100AF8008051D7C81661D0BFB5F4B42123C4B3560A
:100B08009995BACF0FA5BDB89EB802280888055F89
:100B1800B2D90CC624E90BB1877C6F2F114C6858E9
:100B2800AB1D61C13D2D66B69041DC760671DB01D7
:100B3800BC20D2982A10D5EF8985B1711FB5B606A9
:100B4800A5E4BF9F33D4B8E8A2C9077834F9000FE9
:100B58008EA8099618980EE1BB0D6A7F2D3D6D0889
:100B6800976C6491015C63E6F4516B6B62616C1C79
:100B7800D83065854E0062F2ED95066C7BA5011BA9
:100B8800C1F4088257C40FF5C6D9B06550E9B71249
:100B9800EAB8BE8B7C88B9FCDF1DDD62492DDA1509
:100BA800F37CD38C654CD4FB5861B24DCE51B53A29
:100BB8007400BCA3E230BBD441A5DF4AD795D83D29
:100BC8006DC4D1A4FBF4D6D36AE96943FCD96E3469
:100BD800468867ADD0B860DA732D0444E51D033349
:100BE8005F4C0AAAC97C0DDD3C710550AA41022759
:100BF80010100BBE86200CC925B56857B3856F2029
:100C080009D466B99FE461CE0EF9DE5E98C9D92988
:100C18002298D0B0B4A8D7C7173DB359810DB42EC8
:100C28003B5CBDB7AD6CBAC02083B8EDB6B3BF9A14
:100C38000CE2B6039AD2B1743947D5EAAF77D29DA0
:100C48001526DB048316DC73120B63E3843B649480
:100C58003E6A6D0DA85A6A7A0BCF0EE49DFF099380
:100C680027AE000AB19E077D44930FF0D2A30887F0
:100C780068F2011EFEC206695D5762F7CB676580A0
:100C880071366C19E7066B6E761BD4FEE02BD389A0
:100C98005A7ADA10CC4ADD676FDFB9F9F9EFBE8E00
:100CA80043BEB717D58EB060E8A3D6D67E93D1A140
:100CB800C4C2D83852F2DF4FF167BBD16757BCA620
:100CC800DD06B53F4B36B248DA2B0DD84C1B0AAFC0
:100CD800F64A0336607A0441C3EF60DF55DF67A840
:100CE800EF8E6E3179BE69468CB361CB1A8366BCD0
:100CF800A0D26F2536E2685295770CCC03470BBB20
:100D0800B91602222F260555BE3BBAC5280BBDB21F
:100D1800925AB42B046AB35CA7FFD7C231CFD0B5BF
:100D28008B9ED92C1DAEDE5BB0C2649B26F263ECB1
:100D38009CA36A750A936D02A906099C3F360EEBBF
:100D48008567077213570005824ABF95147AB8E27F
:100D5800AE2BB17B381BB60C9B8ED2920DBED5E55F
:100D6800B7EFDC7C21DFDB0BD4D2D38642E2D4F1AF
:100D7800F8B3DD686E83DA1FCD16BE815B26B9F63F
:100D8800E177B06F7747B718E65A0888706A0FFF9F
:100D9800CA3B06665C0B0111FF9E658F69AE62F85F
:100DA800D3FF6B6145CF6C1678E20AA0EED20DD75F
:100DB8005483044EC2B30339612667A7F71660D07F
:100DC8004D476949DB776E3E4A6AD1AEDC5AD6D9BF
:100DD800660BDF40F03BD83753AEBCA9C59EBBDEDF
:100DE8007FCFB247E9FFB5301CF2BDBD8AC2BACA8F
:100DF8003093B353A6A3B4240536D0BA9306D7CDFF
:100E08002957DE54BF67D9232E7A66B3B84A61C41E
:100E1800021B685D942B6F2A37BE0BB4A18E0CC3DE
:100E28001BDF055A8DEF022D52414D4E2A45435581
:100E38005F422A303030322A554E4954322A000057
:100E4800100210003F60000208090108800F010825
:100E580003000000780E0108100001009009010845
:100E6800E00F010803000000F80E0108110000005F
:100E780001F0000001000000000400000000000074
:100E880003F0000003000000000000000200000062
:100E980004F000000400000009F000000600000053
:100EA80005F0000008000000000100000700000035
:100EB800FAFE00000D000000F1FE00000C0000002A
:100EC800CCFD00000B00000041FE00000F000000F8
:100ED80000FF00001000000002FF0000FF000000FB
:100EE80000EF0000FF000000D4FD0000FF0000003C
:100EF80024000000010000001A00000000000000AB
:100F080039000000030000002F000000020000006C
:100F1800430000000400000062000000060000001A
:100F280058000000050000007700000008000000DD
:100F38006D00000007000000980000000900000094
:100F4800A20000000A000000D30100000D0000000C
:100F5800C90100000C000000A70100000B00000000
:100F6800B80100000E000000500100000F00000052
:100F7800BB010000100000001309F0180000004039
:100F88000000000000000000080000000A00000047
:100F9800FFFFFFFF060000000DFAFE1800000040EA
:100FA800000000000000000008000000E803000046
:100FB800FFFFFFFF0D0000004741FE0C000000404E
:100FC80000000000000000000800000064000000AD
:100FD800FFFFFFFF0F00000062000000000000009C
:100FE8000000000000000000080000000A000000E7
:100FF8001000200006000000D301000000000000DF
:10100800000000000000000008000000640000006C
:10101800100020000D00000050010000000000003A
:10102800000000000000000008000000640000004C
:10103800100020000F00000000010203040506074D
:10104800080C101418203040454355420000000099
:10105800A0860100400D0300801A060000350C0030
:1010680040420F0080841E0000093D0000127A00F3
:101078000024F40000366E010048E801006CDC0230
:101088000000000000000000000000000000000058
:10109800000000000102030400000000000000003E
:1010A80001020304060708090001020304050607F4
:0C10B800080C1014182030403700000015
:0810C4007CF1FE7F0100000039
:0410CC0025020008F1
:0410D0000102000811
:1010D400000000000000000000000000000000000C
:1010E40000000000000000000000000000000000FC
:1010F40000000000000000000000000002000000EA
:10110400010000000000000000000000000000409A
:1011140000000000020000000100000000000000C8
:101124000000000000000000000000000000FF07B5
:1011340001000100000000000000000001000000A8
:101144000000000000000101FF070204640E010812
:10115400E90700000000000000000000000000009B
:10116400000000000000000000000000000000007B
:101174000000000000000000E9070000000000007B
:10118400000000000000000000000000000000005B
:10119400000000000000000000000000000000004B
:1011A40053050000000000000000000000000000E3
:1011B400000000000000000000000000000000002B
:1011C4000000000000093D000100000008000000CC
:1011D400000000000000000000000000000000000B
:1011E40001000000000000000000000020000000DA
:1011F400AAAAAAAA2801032000000000B0560320CE
:10120400185703208057032000000000000000004E
:1012140000000000000000000000000000000000CA
:1012240000000000000000000000000000000000BA
:1012340000000000000000000000000000000000AA
:101244000000000070B58AB072B6AA244FF40055AD
:10125400684600F065F80621069BCDE9044543F095
:101264008063284A00910693936A002B03DA264987
:10127400264B91609360234B9A6A520003D524490C
:10128400244A19611A61244C2378012B36D0012396
:1012940000264FF47A702370666000F045F8054626
:1012A40068B12670174B9A6A42F080429A629A6A31
:1012B40042F000429A6262B601200AB070BD114E3B
:1012C400049A336C4FF47A7023F0FF0313433364AE
:1012D400326C069B22F0806203F080631343336414
:1012E400B36A43F40033B36200F01EF8257000289B
:1012F400D8D1B36A43F00063B362DCE702200AB0DA
:1013040070BD00BF0020024023016745AB89EFCDCB
:101314003B2A19087F6E5D4C000103200000000089
:101324005FF800F0A17C00085FF800F04179000844
:04000005080060751A
:00000001FF
