:020000040800F2
:10000000000004204D600008C95E0008CD5E0008B5
:10001000D15E0008D55E0008D95E00089D6000082A
:1000200000000000000000000000000011010108B5
:10003000DD5E000800000000A100010875D900087D
:100040009D6000089D6000089D6000089D6000089C
:100050009D6000089D6000089D6000089D6000088C
:100060009D6000089D6000089D6000089D6000087C
:100070009D6000089D6000089D6000089D6000086C
:100080009D6000089D6000089D6000089D6000085C
:100090009D6000089D6000089D6000089D6000084C
:1000A0009D6000089D6000089D6000089D6000083C
:1000B0009D600008E15E0008ED5E00089D6000089C
:1000C0009D6000089D6000089D6000089D6000081C
:1000D0009D6000089D6000089D600008F95E0008B2
:1000E000055F00089D600008115F00089D60000822
:1000F0009D6000089D6000089D6000089D600008EC
:100100009D6000081D5F0008295F00089D600008D1
:100110009D6000089D6000089D6000089D600008CB
:100120009D600008355F0008415F00089D60000881
:100130004D5F00089D6000089D6000089D600008FC
:100140009D6000089D600008595F00089D600008E0
:100150009D6000089D6000089D6000089D6000088B
:100160009D600008655F00089D6000089D600008B4
:100170009D600008000000009D6000080000000075
:10018000715F00089D6000089D6000089D60000888
:100190009D6000089D6000089D6000089D6000084B
:1001A0009D6000089D6000089D6000089D6000083B
:1001B0009D600008000000007D5F00089D60000851
:1001C0009D600008000000009D6000089D60000820
:1001D0009D6000089D6000089D6000089D6000080B
:1001E0009D6000089D6000089D6000089D600008FB
:0401F000000000000B
:1002000010B5054C237833B9044B13B10448AFF350
:1002100000800123237010BD600203200000000055
:100220006806010808B5034B1BB103490348AFF347
:10023000008008BD00000000640203206806010879
:10024000034613F8012B002AFBD1181A0138704716
:10025000704700BF01F030BEF0B5274C274E9BB071
:100260004FF0FF332822694620680EF0F7F928285E
:10027000F6D1039805F076F90546002834D1029BA3
:100280009BB929460AAA009801F0A4FE0EF0E6FEEA
:100290000AA90246684602F021F80EF0DFFE0AA91C
:1002A0000246684601F0EEFDDAE7B3F1005FF4D1F3
:1002B00040F20172009B9342EFD10822039900277C
:1002C000914228BF11460D46C6E90577B760019FE8
:1002D0000B490C48C6E90037F56005F04FF9304688
:1002E000084901F06FFCD8E74FF0FF332A46206839
:1002F0000AA90EF0B3F9C2E794270320880203206D
:100300009005FA0B800203202DE9F0431F4D9BB0AE
:10031000DFF8808001AE0AAF002404EBC401C4F111
:1003200024024FF0FF33286806EB81010EF096F9A6
:100330000444232CF1D9049805F014F9039B814659
:10034000B3F1005F00D0A0B9114807F041F950B1F6
:100350003A4631460E4807F005F8D8F80C3001331C
:10036000C8F80C30D8E74FF0FF3201210FF0F6F853
:10037000EAE70024A9EB040239194FF0FF3328689B
:100380000EF06CF904444C45F4D3DDE790270320CC
:10039000382603200000032000B583B001F0C6FD1D
:1003A00001F0F6FA03221849184806F071FA03F032
:1003B000FBF900F0CBFD03F041FA0EF04FFE01F027
:1003C0005BFD13480AF0D4FD12480AF099FD124C67
:1003D0000EF044FE019003F0EDF9019803F034FAB9
:1003E000019800F0B5FD237813B9019801F0E4FEFF
:1003F000019801F051FD019801F064FF0A2101A864
:100400000EF072FDE4E700BF002A03202827032036
:1004100070230320D8220320760003202DE9F04129
:100420000026214DDFF88C80204FA6B012E00FF09F
:10043000DBFC98F8003033B10B9B23B164200DF046
:1004400051FB01F0A5FA00220223114638680096FC
:100450000FF006F94FF0FF32012100200FF07EF877
:100460000FF0B4FC124807F009FA044606A9104838
:1004700007F074F802A90E4807F098F854222946AC
:1004800011A8AC6010F098F8094B1E66189BB3F5E4
:10049000003FCCD9AB689B02C9D5012385F8203039
:1004A0000B9301F01DFBC2E700000320FC1A0320A0
:1004B000382603207C02032000232DE9F04D84B070
:1004C0007D4EDFF80082DFF804B27C4DDFF800A239
:1004D0000DF10E078DF80B3013E028680DF0C8FF02
:1004E000012808D94FF0FF330222286803A90EF033
:1004F000B5F8022845D000214FF0FF3208460FF032
:100500002DF830680DF0B4FF0028E6D04FF0FF332F
:10051000012230680DF10B010EF0A0F80128DCD1AA
:1005200030680DF0A5FF0128D7D94FF0FF33022224
:10053000306803A90EF092F80228CED1BDF80C2045
:10054000B2F5845FC9D8002A40F0A5809DF80B4021
:10055000002C52D10EF082FD594B5A49BDF80C20A7
:10056000009704F07DFFBDF80E30002B79D10EF01E
:1005700075FD534B5349BDF80C20009704F0C0FFA4
:10058000ABE7BDF80C20B2F5805FB4D272B10024A5
:10059000121B08EB04014FF0FF3328680EF05EF8E1
:1005A000BDF80C20204484B2A242F1D10EF056FDD9
:1005B000434B4146BDF80C20009705F0CDF8BDF83F
:1005C0000E30002B97D039464FF0FF330222DAF875
:1005D00000000DF05BFFBDF80E204FF0FF333849EF
:1005E000DAF800000DF052FF002202231146DBF87A
:1005F000000000920FF034F87DE70EF02FFD304B35
:100600003049BDF80C20009704F052FFBDF80E30C1
:10061000002BACD02A490A787F2A08D1022BA6D910
:100620008B78A3F11102012AA1D9312B9FD0264842
:10063000394604464FF0FF33022200680DF026FFD2
:10064000BDF80E204FF0FF331D4920680DF01EFF4E
:10065000002202231146DBF8000000920FF000F8A0
:1006600085E7194839464FF0FF33022200680DF044
:100670000DFF1548BDF80E204FF0FF3310490068FC
:100680000DF004FF022322462146DBF8000000940F
:100690000EF0E6FF6BE70024121B4FF0FF3308EB70
:1006A000040130680DF0DAFFBDF80C2023189CB26D
:1006B000A242F1D14AE700BFBC020320B0020320EE
:1006C000507F0120D48F0120B80203204C08032062
:1006D000AC0203202DE9F04FDFF8148185B0404EC5
:1006E000404DDFF810A108F19C0908F5805B02AFCE
:1006F00014E028680DF0BCFE012809D94FF0FF3343
:10070000022228680DF106010DF0A8FF022846D04C
:1007100000214FF0FF3208460EF020FF30680DF048
:10072000A7FE0128E5D94FF0FF3302222E49306899
:100730000DF094FF0228DCD1B8F89420B2F5845F64
:10074000D7D872B10024121B09EB04014FF0FF331C
:1007500030680DF083FFB8F89420204484B2A242A0
:10076000F1D10EF07BFC0146204802F0ADF90028E3
:10077000BFD103E09BF823010DF0B4F90EF06EFC3D
:1007800004F074FD0128B4D030680DF071FE01282A
:10079000AFD89AF80030002BECD10A20ECE7BDF876
:1007A0000620082AB4D86AB10024121B39194FF068
:1007B000FF3328680DF052FFBDF80620204484B2B4
:1007C000A242F2D10EF04AFC3946BDF8062004F0F0
:1007D0005BFF01289CD00A200DF084F9F2E700BFEE
:1007E000B8020320AC020320ECB0012058A0012085
:1007F00058B001207600032001F062BB01F064BB19
:10080000002001F065BB00BF10B59EB0482200215A
:100810000CA80FF045FE00234FF40070CDE9023321
:10082000CDE90433CDE90733CDE9093301930693CC
:100830000B9308F07BFF08B172B6FEE7012302229A
:10084000169311931993179210231D9207229FED6F
:100850001E7BCDE91A320324042312900CA81C93AA
:100860008DED0C7B189409F09DF9034608B172B622
:10087000FEE70F22214601A8CDE903330593029438
:10088000019209F03BF8034608B172B6FEE7104A40
:100890004FF0005C916D4BF67F3441F080719165B3
:1008A000926D069302F08072009208932222202318
:1008B00006A8CDE90A230099CDF81CC009940AF0D6
:1008C000D1F81EB010BD00BF2900000000000100DB
:1008D00000100240F0B595B072B64FF00062AA4B1E
:1008E0009A60BFF34F8F62B6002405F0D9FBFFF783
:1008F0008BFFCDE90E44CDE91044A44D1294EB6C6E
:100900004FF4604143F00403EB64EB6C224603F0C8
:1009100004030793079BEB6C9D4843F08003EB6453
:10092000EB6C012603F080030893089BEB6C43F00B
:100930000103EB64EB6C03F001030993099BEB6C7F
:1009400043F00203EB64EB6C03F002030A930A9B8F
:1009500007F02CFC224640F201118E4807F026FCDD
:10096000224641F2E4018C4807F020FC4FF460433A
:1009700087480EA9CDE90E361094119407F068FA55
:1009800040F2011383480EA9CDE90E36CDE910449B
:1009900007F05EFA41F2E4037F480EA9CDE90E3676
:1009A000CDE9104407F054FA4FF4007379480EA9CA
:1009B000CDE90E34109607F04BFA082377480EA9BC
:1009C000CDE90E34109407F043FAAB6C052143F0E7
:1009D0000403AB64AB6C224603F004030493049B52
:1009E000AB6C1D203343AB64AB6C33400593059B6C
:1009F000AB6C43F00203AB64AB6C03F002030693F1
:100A0000069B06F037F81D2006F06EF822460521F9
:100A10001E2006F02FF81E2006F066F8224605215B
:100A2000502006F027F8502006F05EF8204607F028
:100A30003BFF08B172B6FEE707F04AFF034640B934
:100A40005748584AC0E900230AF034F818B172B682
:100A5000FEE772B6FEE7544A544B1070544A4FF406
:100A600040711A60102299609A619A620F211322D4
:100A70003C2404275860D8609874D8631846C3E9AA
:100A80000D661E825E615E62DC61D9621A621F635E
:100A900006F0BEFA034650BB0BAD0B90CDE90E003D
:100AA000CDE91000CDE91200C5E901004FF48070D6
:100AB0004FF4301C03214FF480523E4CC4E9023302
:100AC000C4E90A3384F8203084F838303A4B208364
:100AD0002046C4E90467C4F804C0E161626384F895
:100AE0003060236005F000FB18B172B6FEE772B605
:100AF000FEE70B902946204605F044FF08B172B688
:100B0000FEE706230F937F2311932C4B1090139035
:100B10000EA9204612970E9305F014FC08B172B688
:100B2000FEE7274B20460E930C230EA90F9305F0EA
:100B300009FC08B172B6FEE7224B20460E93122341
:100B40000EA90F9305F0FEFB034608B172B6FEE74F
:100B50001D48C0E9053383801C4B0662036005F025
:100B6000F5FF08B172B6FEE700234FF402710222CE
:100B70001748C372174B8180C0F80720036007F045
:100B8000B1FE48B372B6FEE700ED00E0001002408F
:100B9000000802420000024200040242001C02421D
:100BA0003C25032000080C427C0203203826032049
:100BB00000A40040282703200080024240002019A2
:100BC0000002B0250004002A9C26032000300240C9
:100BD000B01F032000D40040974C984A41F63F7361
:100BE000226042F20F72CDE90E001090A060A06169
:100BF0002046E36062600AF0ABFB034608B172B6C0
:100C0000FEE720460EA90E9310930AF0D3FB03468D
:100C100008B172B6FEE74F264FF6FF748848894A3E
:100C2000C0E904338360836102604660C4600AF0F7
:100C30008FFB034608B172B6FEE78348C0E9016343
:100C4000C0E90343C0E90533804B03600AF080FB31
:100C500008B172B6FEE74FF080414FF0FF327C4C96
:100C60000B90CDE90E00CDE91000C5E90100C4E903
:100C700001002061A06120462160E2600AF068FB6B
:100C800008B172B6FEE74FF4805320460EA90E93CA
:100C90000AF0ACF9034608B172B6FEE720462946D1
:100CA0000B930D930AF086FB044608B172B6FEE77B
:100CB000684822460121684B0090CDE9014446F284
:100CC00006000DF07DFB0246644D654E0095012146
:100CD000CDE90144634B326046F2060022460DF036
:100CE0006FFB614B614A01210092CDE9014422462C
:100CF00018605F4B4FF47A600DF062FB5D4D5E4B08
:100D0000224600930121CDE901445C4B28604FF459
:100D10007A600DF055FB5A4B22460093594B012146
:100D2000CDE901441860584B4FF4A0400DF048FB4A
:100D3000564B22460093564B0121CDE901441860E1
:100D4000544B4FF4A0400DF03BFB534B186001F0A7
:100D50006FFB0EF083F93246504B5149009501F07C
:100D600097FA504802F0A2FD4F4801F06BF84F4847
:100D70004F4A504900F0F2FD0EA80E9401F04EFBD0
:100D800010B90E9B002B53D00CF002FE00214A4AF2
:100D90004A480CF04DFE0446494B0021494A4A4856
:100DA0001C600CF045FE0446484B0021484A494867
:100DB0001C600CF03DFE04463E4B0021464A47486D
:100DC0001C600CF035FE0446454B0021454A464860
:100DD0001C600CF02DFE0446354B0021434A44486C
:100DE0001C600CF025FE04462D4B0021414A424870
:100DF0001C600CF01DFE0446404B0021404A414857
:100E00001C600CF015FE04463F4B00213F4A404851
:100E10001C600CF00DFE04463E4B00213E4A3F484C
:100E20001C600CF005FE3E4B18600CF0D3FDFEE795
:100E30003C4801F0CBFAA7E77023032000100040E4
:100E4000D8220320004401408C22032000480140A6
:100E5000BC23032074030320481F012050030320F8
:100E6000BC02032040BF0020B80203202C03032053
:100E7000A0AF0020B00203200803032000A0002040
:100E8000E4020320AC02032000500020C002032033
:100E9000942703200000002090270320B4020320A1
:100EA000F80C03203C2503209C2603203826032031
:100EB000A4110320FC1A0320BC08010855020008F5
:100EC000AC1F03209808010859020008A81F03203E
:100ED0007408010809030008500801089903000874
:100EE000501603202C0801081D04000808080108FA
:100EF000B9040008E4070108D50600084C080320DF
:100F0000C0070108F9070008A00303209C07010897
:100F1000FD0700089C03032078070108010800086A
:100F20009803032004006345054A0368934203D0F5
:100F3000044A934202D0704705F0C4B800F0B4BF31
:100F4000002C01400010004072B6FEE7704700BF61
:100F500070B50E4D0E4C2B6820891B680D491B6B1C
:100F600080B298472B68208A0A4E1B6806F17401EC
:100F70009B6E80B298472B68208B1B6806F1E801B6
:100F80009B6F80B2BDE87040184700BF7C00032013
:100F900054000320B8280320087070470078704779
:100FA000030A08704B707047012994BF00780088CD
:100FB000704700BF012908D94FF6FE2302889A42E4
:100FC00003D8981AC0F34F0070470020704700BF45
:100FD000012911D94378FA2B07D8084AC3EB03300B
:100FE000A2FB0020C0F30F10704740F6FF72FF2BEA
:100FF0000CBF00201046704700207047D34D621090
:10100000022907D94FF6FF73B0F80100984208BFD4
:101010000020704700207047042907D94FF6FF735E
:10102000B0F80300984208BF0020704700207047C6
:10103000012907D94FF6FF730088984208BF4FF483
:10104000006070470020704701290ED94FF6FF73EA
:101050000088984209D047F27F53984238BF18461B
:10106000A0F5EA407F3880B270474FF400607047C7
:10107000032986BFC078C0F381000020704700BFFD
:1010800009B1007870470846704700BF012906D9AA
:10109000437803F00F03013BDBB2022B01D90020A0
:1010A0007047024A32F81300704700BFE008010899
:1010B00019B10178C1F3810070470846704700BF3D
:1010C000032986BFC07800F003000020704700BFEE
:1010D000034600B583B008465BBA02220DF1060153
:1010E000ADF8063004F04AFA03B000BD8446002390
:1010F00010B50C4682B00DF1060002226146ADF833
:10110000063004F03BFABDF80600012C98BFC0B2CF
:1011100040BA80B202B010BD002300B5012983B0EF
:10112000ADF8063002D8184603B000BD01460222D1
:101130000DF1060004F022FA9DF8060003B000BD90
:1011400038B50D4604460822FF21284604F012FA5D
:10115000B4F5FB4F0ADAC4F5FA447F34640004F0B6
:10116000FE03C4F307242B706C7038BD00242346A3
:101170006C702B7038BD00BF38B50D460822FF21BA
:101180000446284604F0F6F9FA2204FB02F2044B66
:10119000A3FB0213D21A03EB5203DB0A6B7038BDB8
:1011A0000101100038B50C4605460822FF212046F3
:1011B00004F0E0F92B0A6570A37038BD38B50C4611
:1011C00005460822FF21204604F0D4F92B0AE570D9
:1011D000237138BD38B50C4605460822FF2120464C
:1011E00004F0C8F92B0A2570637038BD38B50C4679
:1011F00008220546FF21204604F0BCF948F680226B
:1012000047F27F53954294BF5B199B189BB21A0A11
:101210002370627038BD00BF38B50D460446082201
:10122000FF2128467D3404F0A5F9AC7038BD00BF1D
:1012300038B50D4604460822FF21284604F09AF9E5
:10124000EB78A40023F00C0304F00C042343EB70B0
:1012500038BD00BF38B50C4605460822FF212046A0
:1012600004F088F9257038BDFF2838B50D460FD930
:10127000C3B2002B0CBF012403240822FF212846FF
:1012800004F078F96B7823F00F031C436C7038BDC1
:10129000031E18BF01235C00EFE700BF38B50D4601
:1012A00004460822FF21284604F064F92B78A400A4
:1012B00023F00C0304F00C0423432B7038BD00BF53
:1012C00038B50C4605460822FF21204604F052F9A5
:1012D000E37805F0030523F003032B43E37038BDE7
:1012E00038B50D4604460822FF21284604F042F98D
:1012F000012C0AD0022C05D0032C0CBFD723FF23CE
:10130000AB7038BDC723AB7038BDC323AB7038BDDD
:1013100038B50C4605460822FF21204604F02AF97C
:10132000EBB2022B12D0032B09D0042B0CBF51239C
:101330000023FF2D88BF43F00403237038BD112321
:10134000FF2D88BF43F00403237038BD0123FF2D18
:1013500088BF43F00403237038BD00BF38B50C4686
:1013600005460822FF21204604F004F915F0080F75
:101370000CBF0021FA2115F0100F0CBF0022FA2239
:1013800015F0200F0CBF0023FA2315F0400F0CBFFF
:101390000020FA2015F0800FE0700CBF0020FA202A
:1013A00015F0010F21700CBF0021FA2115F0020F7A
:1013B00062700CBF0022FA2215F0040FA3700CBF5C
:1013C0000023FA2320716171A271E37138BD00BF5F
:1013D000022906D980787D38C0B2812888BF0020D4
:1013E00070470020704700BF032906D9C0787D38B8
:1013F000C0B2812888BF002070470020704700BF1E
:1014000002290FD9837803F00C02042A01D00120AD
:101410007047C3F30113012B06D0002B0CBF022031
:1014200001207047002070470320704707292DD9FD
:1014300003784278A3F1FA03B3FA83F3FA2A4FEA66
:10144000531382784FEAC30308BF43F01003FA2A0C
:10145000C27808BF43F02003FA2A027908BF43F09C
:101460004003FA2A427908BF43F08003FA2A8279BE
:1014700008BF43F00103FA2AC27908BF43F0020310
:10148000FA2A08BF43F0040318467047002070474B
:1014900000787047D9B103789A09012A0ED003F079
:1014A0003002102A15D003F00302012A14BF0120D4
:1014B000022003F00C03042B06D0704703F00C034A
:1014C000042B4FF00400F8D140F47F4070470846E9
:1014D00070470320EDE700BF007870470078704741
:1014E0000078704700787047087070470870704740
:1014F000087070470870704708707047030A0870DA
:101500004B707047012994BF00780088704700BF76
:1015100038B50D460822FF210446284604F02AF873
:10152000FA2204FB02F2044BA3FB0213D21A03EBD0
:101530005203DB0A6B7038BD01011000012911D97B
:101540004378FA2B07D8084AC3EB0330A2FB0020EC
:10155000C0F30F10704740F6FF72FF2B0CBF002046
:101560001046704700207047D34D6210034600B507
:1015700083B008465BBA02220DF10601ADF80630D1
:1015800003F0FCFF03B000BD034600B583B008467E
:101590005BBA02220DF10601ADF8063003F0EEFF52
:1015A00003B000BD034600B583B008465BBA022213
:1015B0000DF10601ADF8063003F0E0FF03B000BD09
:1015C000034600B583B008465BBA02220DF106015E
:1015D000ADF8063003F0D2FF03B000BD034600B5FE
:1015E00083B008465BBA02220DF10601ADF8063061
:1015F00003F0C4FF03B000BD034600B583B0084646
:101600005BBA02220DF10601ADF8063003F0B6FF19
:1016100003B000BD034600B583B008465BBA0222A2
:101620000DF10601ADF8063003F0A8FF03B000BDD0
:101630008446002310B50C4682B00DF1060002224C
:101640006146ADF8063003F099FFBDF80600012CA5
:1016500098BFC0B240BA80B202B010BD8446002329
:1016600010B50C4682B00DF1060002226146ADF8BD
:10167000063003F083FFBDF80600012C98BFC0B20E
:1016800040BA80B202B010BD8446002310B50C46AB
:1016900082B00DF1060002226146ADF8063003F07B
:1016A0006DFFBDF80600012C98BFC0B240BA80B2F1
:1016B00002B010BD8446002310B50C4682B00DF177
:1016C000060002226146ADF8063003F057FFBDF870
:1016D0000600012C98BFC0B240BA80B202B010BD63
:1016E0008446002310B50C4682B00DF1060002229C
:1016F0006146ADF8063003F041FFBDF80600012C4D
:1017000098BFC0B240BA80B202B010BD8446002378
:1017100010B50C4682B00DF1060002226146ADF80C
:10172000063003F02BFFBDF80600012C98BFC0B2B5
:1017300040BA80B202B010BD8446002310B50C46FA
:1017400082B00DF1060002226146ADF8063003F0CA
:1017500015FFBDF80600012C98BFC0B240BA80B298
:1017600002B010BD002300B5012983B0ADF80630EA
:1017700002D8184603B000BD014602220DF1060052
:1017800003F0FCFEBDF80600000A03B000BD00BF78
:10179000012918D9037803F00302012A17D003F0B6
:1017A0000C02042A15D003F03002102A0DD003F0E9
:1017B000C003402B0FD0437803F00303012B0CBF71
:1017C0000620012070470020704705207047022046
:1017D0007047032070470420704700BF2DE9F04F89
:1017E0003A4B8346984283B007D8394B984260D928
:1017F0004FF028094FF4487609E036494FF02509A3
:10180000B1FBFBF1C9B2192940F2EE265BD90124E4
:10181000304B0134A4B2B3FBF4F1B1FBFBF1C9B21C
:101820001929F6D8B4F5806F3FD201202A4BCDF8A4
:1018300004B01F6823186FF0004C4FF47A759B4674
:101840001FFA83FAA1F1020EBEEB510F4FEA5103CA
:101850001ADD01F1FF385FFA88F805FB03F2B2FBED
:10186000F1F2B21A002AB8BF5242624509DA914534
:1018700007DB00209446A8EB0302D2B2FB617C6137
:101880003A6201337345E8DB124B1FFA8BF4B3FB6A
:10189000FAF1019BB4F5806FB1FBF3F10AF1010A93
:1018A000C9B203D004F1010BCCE7012003B0BDE8BD
:1018B000F08F08494FF02B09B1FBFBF1C9B2192990
:1018C00040F26B36A3D80124AFE700BF00350C000F
:1018D00020A10700005A6202882803204FF08041AF
:1018E000022201232DE9F041174C0025C4E9112300
:1018F000164E174FDFF86080E16311E0D8F8002042
:101900002365937C003B18BF012312493868A36408
:1019100005F068FC78B96B1C022B4FF0010511D063
:1019200056F8043B2564E364002BE7D06FF0604277
:1019300001232265E9E7FFF707FB6B1C022B4FF041
:101940000105EDD1BDE8F08100000320F809010890
:10195000882803203C0003207C00032038B50C4677
:10196000064D0749074B0A602860074901201C60A3
:101970000CF0C6FA054B186038BD00BF882803205C
:10198000802803208428032098270320E8270320A9
:10199000F0B54D4E83B0306805F0CEFC306805F0F0
:1019A00037FB00286FD10022484D402148482A715A
:1019B000EA602A616A61AA61AA60EA6185F820206A
:1019C00006F0F4FB306805F0B7FC0822022330680B
:1019D000C0E90D2305F01CFB002871D10024022270
:1019E000012340F2FF71C5E90B233A4FA9636C62F2
:1019F00002E00134082C0ED037F8023F3649306837
:101A0000AC626B6305F0EEFB0028F2D00134FFF707
:101A10009BFA082CF0D1FFF761FF00230222306807
:101A20001146009305F00AFC002846D1306805F005
:101A300027FC00283ED100220121306805F0CEFDB0
:101A4000A8BB00220621306805F0C8FD60BB072254
:101A50004FF4F051306805F0C1FD10BB0722802122
:101A6000306805F0BBFDC8B900221C49306805F09C
:101A7000B5FD80B900224FF46021306805F0AEFD5D
:101A800020B903B0F0BDFFF75FFA8CE703B0BDE803
:101A9000F040FFF759BAFFF757FAEBE7FFF754FAB0
:101AA000E2E7FFF751FAD9E7FFF74EFACFE7FFF782
:101AB0004BFAC6E7FFF748FABDE7FFF745FAB5E787
:101AC000FFF742FA8AE700BF8828032000000320BE
:101AD00000040242FE0901082400032000407100B6
:101AE000014B186805F028BC88280320FFF7F6BED4
:101AF000082824D8DFE800F0080C1014171A1D205D
:101B000005001448FFF76ABE42F21070FFF766BE88
:101B100044F62060FFF762BE4CF25030FFF75EBE25
:101B20000D48FFF75BBE0D48FFF758BE0C48FFF7A6
:101B300055BE0C48FFF752BE0B48FFF74FBE0B4A8D
:101B4000A0F51C53103B934201D901207047FFF7C9
:101B500045BE00BF40420F00A086010048E80100DA
:101B600090D0030020A1070000350C00301B0F00AF
:101B70000346054A1978002051615978D161997856
:101B80001162DB7893617047382603200246024BCE
:101B900000209A61704700BF38260320034600B535
:101BA000064A93F801E093F800C082F810E0044977
:101BB0009B7881F800C05374002000BD38260320B4
:101BC0007C0203202DE9F047054682B0C0680F462D
:101BD00003F0C8FCAB68B3F1005F3ED00646824616
:101BE00000F12409264C4FF0FF3120680CF046FA32
:101BF0000128F8D1DFF89480D8F800000CF024FC1C
:101C0000484517D202251F4A13792B43137100232D
:101C100020681A4619460CF0D7F81B4A02231268AE
:101C200010680022114600920DF01AFD284602B0FD
:101C3000BDE8F08729464FF0FF332422D8F8000092
:101C40000CF024FC054686B94D450CD00D4A012503
:101C5000137943F008031371D9E74FF0000A4FF0EE
:101C600024095646BEE70025D1E7524639464FF0D3
:101C7000FF33D8F800000CF009FC0544E4E700BF8E
:101C8000E827032000000320842803209027032056
:101C90002DE9F04700250C4682B0C907064601959C
:101CA00016D4A20707D50221314A137943F0010364
:101CB000137133681965630738D4019B2BB14FF05A
:101CC000E0234FF08052C3F8042D02B0BDE8F08746
:101CD000DFF8A890DFF8988040214A46254B05F0B0
:101CE000A3FBD8F81430D9F80C000133C8F814302D
:101CF00003F038FCDFF888A00746DAF800000CF0A3
:101D0000A3FB07F12803984224D349462822DAF896
:101D1000000001AB0CF054FC002FC2D03A46DAF8B8
:101D20000000144901AB0CF04BFCBAE70424104B43
:101D300011499A69086801329A611A79002142F0C2
:101D400008021A71336800680DEB04021C650DF07F
:101D5000A7FDB2E7D8F8183029460133C8F8183083
:101D6000054B01AA1B6818680DF09AFD99E700BFA2
:101D70000000032040280320802803201828032087
:101D800094270320002110B50A4A0B4C12682369DE
:101D900082B01068013301AA236101910DF080FD2A
:101DA000019B2BB14FF0E0234FF08052C3F8042D7C
:101DB00002B010BD8428032000000320002110B5CC
:101DC0000A4A0B4C1268E36982B01068013301AA19
:101DD000E36101910DF064FD019B2BB14FF0E02315
:101DE0004FF08052C3F8042D02B010BD80280320AC
:101DF0000000032038B50C46104D294605F0AEFB17
:101E0000A10303D5EB68A3B90D4A1360620309D59A
:101E10002B690B4A012B13790CBF43F0040303F029
:101E2000FB031371230303D50122054B83F8202004
:101E300038BD4FF00042024B1A60E7E7EC27032061
:101E400000000320704700BF91B14FF0FF3210B483
:101E5000084C014410F8013B5340DBB254F82330E6
:101E6000884283EA1222F5D1D0435DF8044B7047D3
:101E700008467047100A01080022014B1A6070479B
:101E800090280320034B1B689B7C03B9704700F02C
:101E900073BE00BF7C000320024A13680133136045
:101EA000704700BF90280320024A13680133136073
:101EB000704700BF8C28032000200CF09FBF00BF9C
:101EC00000200CF09BBF00BF00200CF097BF00BFAC
:101ED00000200CF093BF00BF124B1B681989F9B1A9
:101EE00030B400245B68104A03EB4111D3E9005081
:101EF000C2E900509D6898699561DD68203355619D
:101F000053F8105C8B42C2E9024553F80C5C02F1B5
:101F1000740242F8105C42F8040CE7D130BC704700
:101F2000704700BF7C0003209428032070B5002573
:101F30000D4B0E4A1B6815709C7C0D4B641B18BF23
:101F40000124644203F5AE76E4B218460822214625
:101F50000EF0A6FA03467433B342C0E91155F4D12A
:101F6000BDE87040FFF7B8BF7C0003207600032077
:101F7000B828032038B3144B1A68824223D02DE9C5
:101F8000F041847C0122003C18BF012400250F4E43
:101F9000186037780E4B644203F5AE78FFB23270AA
:101FA000E4B21846082221460EF07AFA034674334A
:101FB0004345C0E91155F4D1FFF78EFFFFF796FDB9
:101FC0003770BDE8F08170477C0003207600032065
:101FD000B828032000293CD0F0B5744B83B01D68AD
:101FE000AF7C6FB906462C8A44B1EB6803EBC40C96
:101FF0001C68B4420FD008336345F9D103B0F0BD7B
:10200000C0F30743EF2B4FEA1024C0F31126EAD8A0
:10201000674E2640E7E71C79E7B1B6F56F4F49D028
:102020004FF6D4539E4266D04FF602739E4200F0A4
:10203000AD800F2C10D12B681046DB6F00929847B3
:10204000009A137803F00303032BD7D0594B18835E
:10205000D4E77047082C3BD02B68104603EBC40331
:102060005B689847102CC9D801A353F824F000BF2F
:10207000192100084D2100085321000859210008AA
:102080005F210008652100086B210008712100080C
:10209000772100083121000839210008412100087A
:1020A00047210008252100082B2100084D200008A9
:1020B0001F210008C0F30720132860D05A289DD1A3
:1020C0002B6810465B6D98473A4AC3B2D37595E7C3
:1020D0002B6810465B6C0091019298470099354C33
:1020E000C0B20129207389D0019A1046FFF73AFB4C
:1020F00084F8200082E7C3B2212B4ED05A2B7FF404
:102100007DAF2B681046DB6C9847C3B2032B3FF4BE
:1021100075AF284A937571E7264B58806EE7254BBB
:10212000D8836BE7234B188268E7224B988365E7D7
:10213000204BC0B2987561E71E4BC0B2D8755DE701
:102140001C4B58835AE71B4B588257E7194B188092
:1021500054E7184BD88051E7164B98804EE7154B43
:1021600098824BE7134B588148E7124B188145E79B
:10217000104BD88142E70F4BC0B218733EE72B6873
:102180001046DB6A98470B4B588137E71046FFF73C
:10219000FFFA084B83F8200030E72B6810465B6F8E
:1021A0009847044AC3B2938328E700BF7C0003200A
:1021B00000FF030054000320314B1B78002B5DD13E
:1021C0002DE9F04FDFF8C4A003F0FF05DAF8003086
:1021D00083B01B89002B4ED02A4F06463C464FF059
:1021E000740908E0DAF8003001351A89ABB29A4276
:1021F00004F174043FD9E36E626EF31A9342F1D393
:10220000B4F9703009FB05FB002B0DDBB4F8682036
:102210000BF1240052BA00EBE300ADF8042038447F
:10222000022201A903F0AAF9B4F9721004F12408FA
:1022300000294FEAE10112DB4046FFF705FEB4F941
:1022400072200190002AB8BF07320BF1240000EB86
:10225000E200042238440DEB020103F08FF90A4B2F
:1022600041461A6820462261FFF7ACFCA36EE66681
:102270000133A366B6E703B0BDE8F08F704700BF37
:102280007600032094280320000003207C00032014
:1022900038B50446084B094D1A60094B049A296069
:1022A0001A6000F04DF8204602F094FF204603F03B
:1022B000CBF9002038BD00BFF4290320F829032002
:1022C000F029032038B5054602F0A4FF044628464D
:1022D00003F0C6F92043C0B238BD00BF70B5154B3E
:1022E00082B01B6804460D46164602F0C9FF01285D
:1022F0000AD0114B3246294620461B6803F0DAF912
:1023000001280BD002B070BD00220C4B11461B6897
:102310001868022300920DF0A3F9EAE700220749AA
:10232000022309680868114600920DF099F902B07D
:1023300070BD00BFF4290320F0290320F8290320F1
:1023400000B583B0102001A900F09EF808B903B0D1
:1023500000BD0021102000F07FF8003818BF0120D8
:1023600003B000BD00B583B0102001A900F08CF8C7
:1023700020B90146019820B903B000BD012003B087
:1023800000BD102000F068F8003818BF012003B02D
:1023900000BD00BF70B5002682B004460D46102077
:1023A00001A9019600F070F810B9019BA34202D870
:1023B000012002B070BD04F11100294680B200F086
:1023C00063F8801B18BF012002B070BD002210B559
:1023D000114B82B01B78019213B9184602B010BDA0
:1023E000044601A9102000F04FF840B901981130BF
:1023F000FF2804D8214680B200F02EF818B101233E
:10240000184602B010BD01991020013100F024F8E7
:10241000031E18BF0123E0E777000320014608B53B
:10242000102000F031F8003818BF012008BD00BFAF
:1024300010B505F025FA00200AF07AFB044618B919
:1024400005F032FA204610BD002009F03FFF05F0EC
:102450002BFA204610BD00BF38B504460D4605F0E6
:102460000FFA204629460AF00BFEC305044603D4A2
:1024700005F01AFA204638BD0AF002F80443A4B267
:1024800005F012FA204638BD0AF05CB984462DE901
:10249000F8430CF50055104695F827210CF58054AB
:1024A0000F461E46B4F89210B4F8943072B3002967
:1024B00040F08E80072B40F2A0803E2B40F2B98086
:1024C0004FF04008B3F5805F4246C1465FD21B0A19
:1024D00043F010030370B4F894300CF5845143704A
:1024E000023A1C31023003F049F801220223A8F11C
:1024F000020887F80090A4F89280A5F81C2184F8BF
:1025000091300120C4F89860BDE8F883B1B3072288
:102510004FF008085B1A1FFA83F9B5F81C31914592
:1025200003F00F0343F0200300F8013BB4F89230AE
:1025300003F5845303F11C030CEB03014CD903F0A6
:102540001DF887F80080B4F89230B5F81C21013BE3
:102550009844A4F8928095F822313BB1B2FBF3F194
:1025600003FB112313B9022384F891300132A5F83B
:102570001C210120C4F89860BDE8F883072B3CD9E2
:102580004FF00808B3F5805F4246C1469FD3102341
:102590000360B4F894300CF584511B0A0371B4F84D
:1025A0009430063A43711C31063002F0E7FF0122F5
:1025B0000223A8F1060887F80090A4F89280A5F8F5
:1025C0001C2184F891300120C4F89860BDE8F8839C
:1025D0003F224FF040089DE74A4602F0CFFF032319
:1025E00009F101023A7084F89130B4F89230B5F8EC
:1025F0001C219944A4F89290B8E700F8013B0CF52F
:102600008451B4F894201C3102F0B8FF0121032258
:10261000B4F894300B443B70B4F894300120A4F823
:102620009230A5F81C1184F89120C4F89860BDE898
:10263000F8830170B4F894300CF584514370B4F809
:1026400094201C31023002F099FFB4F8943001213B
:1026500003220233DFE700BF70B500240E4600F509
:1026600080530470C0F8024004738460C3F8924041
:10267000C3F89840A3F88E40A3F8904000F50053AB
:10268000054621464FF48452C3E94744C3F8286104
:10269000C3F824410D300DF003FF4FF48452A81805
:1026A0002146BDE870401C300DF0FABEF0B591B087
:1026B000169D0446856019B3964612788C4610091B
:1026C00003281DD8DFE800F0024C7A22003B18BF37
:1026D000012304F5005282F82631237823B1062124
:1026E000002382F8241123709EF80050BCF1080FDB
:1026F00005F00F0500F2D1800123002D40F0D680B7
:10270000237B012B00F0A78011B0F0BD04F58057AA
:1027100097F8911002F00F0204F500564B1E012AA3
:1027200086F82121DBB200F00B81022A00F0118132
:10273000002A40F0FB80BCF1010F00F01E819EF8E2
:102740000130BCF1020F86F8223101D09EF8022040
:10275000022986F82321D3D1012387F89130CFE7CE
:10276000003B18BF012304F5005686F82631227875
:1027700022B1062286F8242100222270BCF1070F24
:10278000BED99EF800209EF8010002F00F0101431F
:1027900040F09C80DEF8022012BA072AB0D9B2F5C8
:1027A000845F40F2F0800222072086F81E2186F81E
:1027B0002401217096F81F21322159E02378012B42
:1027C0009ED104F58057B7F88E1002F00F0201F089
:1027D0000F039A4240F0A2806088A38897F8902067
:1027E0001B1A9BB2002A00F0BE80551EAEB29E425C
:1027F00080F0BC80944583D14A1C92B2EDB20D307A
:10280000A7F88E200EF101012A46204402F0B6FE00
:102810006388A2882B449BB29A42638000F0B08008
:1028200004F5005696F81F21002A3FF469AFB7F867
:102830008E30013B93FBF2F102FB1133002B7FF44E
:102840005FAF96F8263196F81E11003B18BF0123A2
:1028500041F030010CE004F5005696F8263196F868
:102860001E11003B18BF012396F81F2141F03001D3
:1028700000208DF8012003228DF8001096F8201119
:102880002073D6F828015B058DF802108361694634
:10289000C260FFF797F911B0F0BD002D7FF430AFA3
:1028A0009EF801500223002D3FF42AAFACEB030148
:1028B0008D423FF725AF0EEB03012A4604F10D00D0
:1028C00002F05CFE02236580237019E7120202F415
:1028D00070620243072A7FF613AF02210B46ACEB6E
:1028E0000303DDB204F58057A28071442A4687F8BD
:1028F00090C004F10D0002F041FE0123002265802A
:10290000237086F81E21A7F88E3096F826313021E4
:10291000003B18BF012396F81F21A9E704210023DB
:1029200004F5005282F824112370E9E6012B3FF6EA
:10293000E7AE0522032386F8252187F89130DFE6EC
:10294000012B3FF6DDAE0223C7F8985087F891308F
:10295000D6E6012B3FF6D4AE0822032386F82521C4
:1029600087F89130CCE6072B3FF6CAAE9C457FF640
:10297000C7AE4A1C92B2DDB241E786F82221E7E6F3
:1029800002232370BCE606210B46A8E70378012B3F
:1029900001D0002070478268064B891A9942F8DD01
:1029A0000321002300F5005282F824110370002057
:1029B000704700BF400D03002DE9F04100F5805540
:1029C000144695F8912092B0561E012E05D9032A7F
:1029D0000ED0002012B0BDE8F081D5F89830394E05
:1029E000CB1AB3420BD9022300F5005080F82531F1
:1029F0000023012085F8913012B0BDE8F081012A52
:102A0000E7D100F5005696F9237196F82321002F9F
:102A100005DA0F32D2B2082A8CBF7F2201229A42F5
:102A2000D7D80B4602AA0DF10701FFF72FFD9DF83D
:102A30000780B8F1080F38D9B8F10C0F37D9B8F1C1
:102A4000100F36D9B8F1140F35D9B8F1180F34D9A1
:102A5000B8F1200F33D9B8F1310F34BF0E270F274B
:102A6000384602F07FFD80450AD2A0EB0802013A09
:102A7000D2B202AB0021013203EB08000DF010FDD1
:102A8000E76096F82731003B18BF01235B05A3617F
:102A900002E0012002F092FD204602A9FFF792F821
:102AA0000028F6D195F8912091E74746D8E7092705
:102AB000D6E70A27D4E70B27D2E70C27D0E70D2764
:102AC000CEE700BF400D030000F58052B2F894300D
:102AD000B3F5845F14D892F891309BB900F5005398
:102AE00000204FF0010CA2F89200A3F81C01C2F8DC
:102AF000981093F8261183F8271182F891C0704737
:102B0000012070474FF0090C00F5005383F825C1F0
:102B1000E6E700BF830F032BC0F30D4020D0012B4D
:102B20000ED0B3B9B0F5B97F21D01F235FFA80FC76
:102B3000000A012281F800C048708B70CA7070478B
:102B400040F263539842F0D102204FF0740C0D23F1
:102B5000EFE79128E9D10B204FF0380C0223E8E78A
:102B60002928E2D102204FF07F0C0923E1E70B2056
:102B70004FF0EF0CDDE700BF2DE9F04F456893B053
:102B8000B5F1804F02D013B0BDE8F08F0668C06881
:102B9000C6F307470C4602F0E5FCEA2FC6F3072808
:102BA00032D0EC2FEFD1B8F1130FECD10728EAD9CE
:102BB0002378102BE7D1E3793002C549A27980B29E
:102BC0000143647908201B0443EA022323430022C3
:102BD0004FF0FF34099123FA00F18DF821308DF880
:102BE00022101B0C0C9007A909A8CDE90D22CDE9F4
:102BF0000F220A958DF823300B92119207948DF8CD
:102C00002040FEF7DFFFBEE70228BCD9B8F1FF0F76
:102C100023D0B8F1130FB6D1A378617822781B04C2
:102C200043EA01231343B3F56E4F40F0C480A94A31
:102C300033029BB21A4300234FF080450824A64973
:102C400009A8CDE90A53CDE90C43CDE90E33CDE90E
:102C500010330992FEF7B6FF95E7A37861782278E2
:102C60001B0443EA01231343B3F56E4F00F02E819A
:102C70004FF6C552934200F0CB804FF6CA629342A2
:102C800081D14FF0000904A8CDF81090FFF7C6FBE2
:102C9000924B049AB3F81EA0012ACAF3400A4FEAE5
:102CA0008A1A4AF03F0A5FFA8AF440F229819200B8
:102CB00002321FFA82FA8A4B0AF10601A3FB0103D2
:102CC000C91A03EB5103C3F387074FF080438549CB
:102CD0000A930991082120230C91834907AA08919E
:102CE0000DF1240B4FEA1A218DF81E10584611469B
:102CF0008DF81C301546CDE90D99CDE90F99CDF829
:102D00002C90CDF844908DF81DA08DF81F70FEF723
:102D100059FF764B0993002F3FF435AFCDE9027B85
:102D20004FF00108A3460DF123060822FF21284693
:102D300002F020FC334656469A4608F1FF34C4EBB5
:102D4000C4048DF81C80A4B20195A6421ADDA3B27A
:102D500043B3012B2DD0A7B2023F05A9B810CDF87F
:102D6000149007F00307FFF715FB059806A9FFF776
:102D7000D1FE0DEB07031B7E05F8013FAA4504F1C8
:102D80000104E2D15346019D03982946B24608F159
:102D900001081E46FEF716FF029B5FFA88F84345BE
:102DA000C3D2F0E605F801BFAA4504F10104CED173
:102DB000E8E7FF23E0E74FF6C552934228D04FF6ED
:102DC000CA6293423FF45DAF08270022FF240A95B0
:102DD0006FF0FE0506FA07F0454980B201430991FC
:102DE00023FA07F18DF821308DF822101B0C07A96A
:102DF00009A8CDE90B27CDE90D22CDE90F228DF8E9
:102E00002330119207958DF82040FEF7DBFEBAE6DD
:102E1000384802F0C7FB00224FF080410824314DB2
:102E2000CDE90A12099505462021CDE90C42CDE9EC
:102E30000E22CDE91022304A294B0892AA1D8DF8A6
:102E40001C10A3FB0213D21A07A803EB520325FAA6
:102E500004F10DF1240BC3F387088DF81E1007460B
:102E6000014658468DF81D508DF81F80FEF7AAFECA
:102E70001E4B0993B8F1000F3FF485AE0124DFF833
:102E800074900DF12306A4EB090A0822FF213846AD
:102E900002F070FB3A46631EC3EBC3039BB2013BD7
:102EA0008DF81C404B440AEB03018D4205DD13F8FD
:102EB000011F02F8011F9642F5D1013439465846E8
:102EC000E4B2FEF77FFEA045DFD25CE60B4AB2E635
:102ED0001300EC1C1300EE18280E01085400032008
:102EE0002549922413FFEC1CFFCAFE0013FFEB1CC4
:102EF0001300E818100E0108FFC5FD0013FFEE18BF
:102F000008224FF0804316490C92099107A9084600
:102F10000D46FF210A93CDE90D99CDE90F99CDF822
:102F20002C90CDF8449002F025FBFF22049B8DF8F5
:102F30001C40012B8DF81D2006D0CDF81E9029468F
:102F400009A8FEF73FFE1EE606A94846CDF81890F0
:102F5000FFF720FA06980DF11E01FFF7DBFDEEE703
:102F600013CAFE182DE9F043144602780646013ACA
:102F70001D4685B0092A11D8DFE812F01C001000A8
:102F80000A009A01100010000A00100076010A00E1
:102F9000012900F09A817F22122101E07F22112174
:102FA000032322703278A17062702B80002005B05C
:102FB000BDE8F0830229EED141232370437863708A
:102FC000A62BE8D801A252F823F000BF93340008E2
:102FD00075340008972F0008972F00083F34000829
:102FE00035340008972F0008972F0008972F000806
:102FF000972F0008972F0008972F00081F3400080C
:103000000F340008972F0008972F0008972F00080B
:10301000DF330008972F0008972F0008972F00082C
:10302000972F0008972F0008972F0008972F000868
:10303000972F0008972F0008972F0008972F000858
:10304000972F0008972F0008493400080334000820
:10305000D5330008972F0008972F0008972F0008F6
:10306000972F0008972F0008972F0008972F000828
:10307000972F0008972F0008972F0008972F000818
:10308000972F0008972F0008972F0008DF330008BC
:10309000D5330008972F0008972F0008972F0008B6
:1030A000972F0008972F0008972F0008972F0008E8
:1030B000972F0008972F0008972F0008972F0008D8
:1030C000972F0008972F0008972F0008C134000899
:1030D000B5340008A9340008972F0008972F00087E
:1030E000972F00089F340008972F0008972F00089B
:1030F000972F0008972F0008972F0008972F000898
:10310000D5330008D5330008972F0008972F000803
:10311000972F0008972F0008972F0008972F000877
:10312000972F0008972F0008972F0008972F000867
:10313000972F0008972F0008972F0008972F000857
:10314000972F0008972F0008972F0008E9330008F1
:10315000972F0008972F0008972F0008972F000837
:10316000972F0008972F0008972F0008972F000827
:10317000972F0008972F0008972F0008972F000817
:10318000972F0008972F0008972F0008972F000807
:10319000972F0008972F0008972F0008972F0008F7
:1031A000972F0008972F0008972F0008972F0008E7
:1031B000972F0008972F0008972F0008972F0008D7
:1031C000972F0008972F0008972F0008E933000871
:1031D000972F0008972F0008972F0008972F0008B7
:1031E000972F0008972F0008972F0008972F0008A7
:1031F000972F0008972F0008972F0008972F000897
:10320000972F0008972F0008972F0008972F000886
:10321000972F0008972F0008972F0008972F000876
:10322000972F0008972F0008972F0008972F000866
:10323000972F0008972F0008972F0008972F000856
:10324000972F0008972F0008972F0008693400086F
:10325000972F0008972F0008972F0008972F000836
:10326000972F0008F733000802297FF494AE492312
:103270002370437863700A2B3FF68DAE01A252F89B
:1032800023F000BF23330008972F000843330008C2
:10329000972F000831330008972F0008C533000826
:1032A000972F0008972F0008972F0008A7330008D2
:1032B00001297FF470AE0191FFF754F8019968BBC2
:1032C000337840332370298070E602A8FFF7A6F810
:1032D00020BB029B5A1C52002A8032786370403215
:1032E000DBB22270002B3FF461AE074604F1020905
:1032F00004F103080CE0039B1A0E09F817201B0CBD
:103300009DF8082008F817300137BA427FF64EAE14
:10331000384603A9FFF73EF80028ECD07F221021A1
:103320003EE644F254020623C4F802202B803DE618
:1033300001236749A370E01C02F02CF913232B80B2
:1033400034E614230120E61CA07031462B80FFF7E1
:103350009BF8E11D05460220FFF796F8034604F1AD
:103360000B0103201D43FFF78FF8034604F10F0103
:103370000420ADB21D43FFF787F8034604F11301A3
:103380000520ADB245EA0304FFF77EF8A4B244EA93
:1033900000039BB2002B3FF409AE112200213046FE
:1033A00002F0E8F802E60123E61CA37014220021D3
:1033B000304602F0DFF83046464902F0EBF81723BA
:1033C0002B80F3E5782207234349A271C4F8021049
:1033D0002B80EBE5042200232A806380E6E50322AC
:1033E00000232A80A370E1E506224FF080732A8033
:1033F000C4F80230DAE50622384B2A80C4F80230DD
:10340000D4E50622364B2A80C4F80230CEE50322EA
:10341000344B2A809B8AC3F30723A370C6E5042399
:10342000304A2B809388C3F34A13A3709388DB0040
:10343000E370BBE5032274232A80A370B6E5032260
:103440004C232A80A370B1E504232B800BF006FEE9
:10345000254DA5FB00239B0BA3700BF0FFFDA5FBE7
:1034600000539B09E370A1E5062204232A80C4F8D7
:1034700002309BE503A8FEF7D1FF38BB039A02F0A8
:103480007F02002306212980A270E37023716371FB
:103490008CE50622154B2A80C4F8023086E503220B
:1034A00051232A80A37081E504224BF635732A80CC
:1034B00063807BE5062200232A80C4F8023075E58C
:1034C00006220B4B2A80C4F802306FE50022D8E7B1
:1034D00020070108300701080112345612345678CB
:1034E0008001800154000320D34D6210981880039E
:1034F000A40C0001814204D900F17840B0F5802F7E
:1035000001D30020704701F178410139B1F5802FD6
:103510002CBF002001207047814208D9B0F1005F24
:1035200005D3044881428CBF002001207047002051
:10353000704700BF00000420814211D9B0F1005F44
:1035400010D31A4B994219D9194B984208D91948E6
:1035500081428CBF002001207047B0F1006F15D26E
:1035600000207047144B98420AD8144B9842F4D963
:10357000134881428CBF0020012070470120704712
:10358000104881428CBF0020012070470E4B9942A9
:10359000E6D80E4BB3F8E030B3F5007FEED00C4820
:1035A00081428CBF00200120704700BF0000042032
:1035B0003F20024040210240FFFFF90BFFFFF80BC4
:1035C0000080F90B0002FA0B000008080005FA0B56
:1035D0000000040800B58BB001A804F04DFB05986D
:1035E000AA3818BF01200BB000BD00BF00B58BB0DA
:1035F00072B601A804F040FB04214FF40052079B6F
:10360000019143F08063CDE9062304F039F918B144
:1036100062B601200BB000BD04F052F90028F7D1CA
:1036200001A804F007FA10B904F06CF9F0E704F00F
:103630005BF904F039F9EBE710B58AB004F020F932
:10364000044604F03DF9044301A804F015FB0421ED
:103650004FF480729DF81E30E4B2C3F3001383F080
:1036600001031B05CDE90623019134B104F03CF9B7
:1036700004F01AF901200AB010BD01A804F0DAF92B
:103680000028F3D104F03EF9044604F02DF9044378
:1036900004F00AF9E4B22043C0B2003818BF012098
:1036A0000AB010BD30B58BB004F0EAF8044601A8AA
:1036B00004F0E2FA002380220798022110F4801F10
:1036C000CDE9033200930CBF02230123019101A82D
:1036D0006946029304F066FB054604F0E5F82843CA
:1036E0002043C0B2003818BF01200BB030BD00BF6E
:1036F00070B504F0C5F805460F4C104ED4E9002310
:10370000B3F1FF3F08BFB2F1FF3F04F5802107D0BE
:10371000012004F033F9002818BF45F00105EDB28F
:103720000834B442EAD104F0BFF82843C0B20038EC
:1037300018BF012070BD00BF00E0030800000408AE
:10374000002330B58FB0009304F09AF802230446AA
:1037500005A8019304F090FA0B9B042213F4801F38
:103760004FF07C0014BF02230123694603900DEB48
:1037700002000492029304F015FB054604F094F84D
:10378000054344EA0500C0B2003818BF01200FB05D
:1037900030BD00BF014608B5012004F0EFF8003845
:1037A00018BF012008BD00BF0022014B1A607047FE
:1037B000FC2903201D4B10B45988B3F800C0B1F5A3
:1037C000E06F34BF00210121194C9B88194A34F85D
:1037D0001CC0B3F5306FA2F800C0917013D2B3F5DE
:1037E000E06F1ED2B3F5407F1DD2B3F5807F8CBF52
:1037F00000230123D1789B00994208D10E4B186019
:103800005DF8044B70470123D1789942F6D00A4CF9
:103810002168411AFA29F3D9D37020605DF8044B6E
:1038200070470223F0E70323EEE700BF002A0320DE
:10383000300E010878000320FC2903200022014BF0
:103840001A707047062A0320154B164A1B781088F9
:1038500091787BB16FF4FC63C3183E2B124B14D9E3
:103860001881188B60F0FF0080B2188321B9598A43
:1038700089B201E00C4B18811982D27822B1198BE0
:1038800001F47F410A431A837047588980B2188136
:10389000188BC0B21883588A80B21882E6E700BF3E
:1038A000062A03207800032054000320014B1860EF
:1038B000704700BF082A0320704700BF00B5044BC3
:1038C00083B0186801A907F0DBF9019803B000BDC7
:1038D000082A03200D4B02781B68403201291A7018
:1038E0000FD900B5A1F1020E10FA8EFE024610F8B3
:1038F00001CF724503F801CFF8D1054B1B68198041
:1039000000BD034B1B681980704700BF342A032099
:10391000302A032030B54378044685B013B9837844
:10392000442B0FD07F204FF0310C03213C4B3D4AFC
:103930001B6812681870207883F802C058701180D4
:1039400005B030BD0B2903D07F204FF0130CECE7FE
:10395000354B1978022903D04FF07F0C7F20E4E724
:103960001B7F022B11D1314D6B7B13F0FB030FD06A
:103970007F20242503212A4B2A4A1B6812681870CD
:1039800020789D7058701180DAE74FF0330CE5E72E
:10399000D0F80300AB6001232B73D4F8073000BAD2
:1039A0001BBAC1186B6001922860FFF7A3FD1C4B86
:1039B00019681C4BD3F800C040B36B68019A13F030
:1039C000070F0AD07F2370200B70032394F800E0C8
:1039D000887081F801E0ACF8003023786A734FF208
:1039E0000F04202540338DF80C3003AA4B1EC81C51
:1039F0008DF80D50ADF80E4012F8011B03F8011FB1
:103A00008342F9D10423ACF8003099E77F223120BA
:103A100003230A70227888704A70ACF800308FE770
:103A2000342A0320302A0320102A03203C2A0320B2
:103A300003780F2B40F283802DE9F047A3F11002A9
:103A400004460D468EB0772A7FD8DFE812F0420296
:103A500032027E007E00C5017E007E007E007E0078
:103A6000AC017E007E007E007E007E007E007E0037
:103A70007E00F801E20108027E007E006C019F01D9
:103A8000920115027E0085017E002202D5017E0092
:103A90005C017E007E0048012201ED00DD00D000C7
:103AA0007E007E007E007E00320105017E007E00E9
:103AB0007E007E007E007E007E007E007E007E0016
:103AC0007E007E007E007E007E007E007E007E0006
:103AD0007E007E007E007E007E007E007E007E00F6
:103AE0007E007E007E007E007E007E007E007E00E6
:103AF0007E007E007E007E007E007E007E007E00D6
:103B00007E007E007E007E007E007E007E007E00C5
:103B10007E007E007E007E007E007E007E007E00B5
:103B20007E007E007E007E007E007E007E007E00A5
:103B30007E007E001501C300B300A6008D00A24BDD
:103B4000A24A1B681268FFF70DBA7F2011250321D6
:103B50009E4B9D4A1B681268187020789D705870A3
:103B600011800EB0BDE8F087012D40F2FA84427852
:103B700002F07F03012B00F01485032B00F0FF847B
:103B80007F2012250321914B8F4A1B681268187001
:103B900020789D7058701180E3E77F201125032164
:103BA0008A4B894A1B681268187020789D7058707B
:103BB0001180D6E7022D00F0A8847F201325032171
:103BC000824B814A1B681268187020789D7058706B
:103BD0001180C6E77F20122503217C4B7A4A1B689F
:103BE0001268187020789D7058701180B9E77F2096
:103BF00011250321754B744A1B68126818702078D0
:103C00009D7058701180ACE7704B6F4A012D1B6896
:103C1000166800F0A9837F211320032219702178F0
:103C20009870597032809CE7012D40F23B83684EBA
:103C3000737B012B00F01A85644A6349022B1268DA
:103C4000086800F0C2857F212425032311702178A4
:103C500095705170038084E7022D00F06D847F2001
:103C600013250321594B584A1B6812681870207895
:103C70009D705870118074E77F2011250321534BEC
:103C8000514A1B681268187020789D705870118016
:103C900067E7022D00F22D817F20132503214B4B76
:103CA000494A1B681268187020789D7058701180FE
:103CB00057E7012D40F20383437803F00F02042AF3
:103CC00000F0C1847F2012250321404B3E4A1B682F
:103CD0001268187020789D705870118041E73D4B34
:103CE000B3F8E030B3F5007F00F09C847F2011250D
:103CF0000321364B344A1B681268187020789D7077
:103D0000587011802DE7032D00F2FB807F201325D2
:103D100003212E4B2C4A1B681268187020789D7066
:103D2000587011801DE7012D40F2E382467806F0BD
:103D30007F06012E00F0CD84022E00F0EB847F2060
:103D400012250321214B204A1B6812681870207825
:103D50009D705870118004E77F20112503211B4BB3
:103D6000194A1B681268187020789D70587011806D
:103D7000F7E67F2011250321144B134A1B681268B4
:103D8000187020789D7058701180EAE67F20112508
:103D900003210E4B0C4A1B681268187020789D7026
:103DA00058701180DDE6094F022D3B6800F2428217
:103DB0007F2013250321044A1870207812689D7013
:103DC00058701180CDE600BF302A0320342A03202A
:103DD0003C2A03200005FA0B042D00F0B3827F205B
:103DE00013250321A44BA54A1B681268187020787C
:103DF0009D7058701180B4E67F20112503219E4BE1
:103E00009E4A1B681268187020789D705870118047
:103E1000A7E6012D40F26082437803F00F02042AE6
:103E200000F044847F2012250321934B934A1B68A2
:103E30001268187020789D705870118091E6032DDB
:103E400000F0A1827F20132503218B4B8B4A1B6836
:103E50001268187020789D705870118081E67F205C
:103E600011250321844B854A1B681268187020783D
:103E70009D705870118074E67F20112503217E4BC0
:103E80007E4A1B681268187020789D7058701180E7
:103E900067E6022D00F2F5817F2013250321764B82
:103EA000764A1B681268187020789D7058701180CF
:103EB00057E6714B714A022D1B68166800F0268286
:103EC0007F21132003221970217898705970328055
:103ED00047E6022D00F0F1827F2013250321664B77
:103EE000664A1B681268187020789D70587011809F
:103EF00037E60222294620460EB0BDE8F047FFF71C
:103F000009BD90F901204378002ABCBF03F07F036C
:103F100043704388B8BF01265BBA9BB2A8BF002696
:103F2000B3F5097F00F35F85B3F5007F2ADBA3F5C6
:103F30000073242B26D8DFE813F0ED00D600C5006F
:103F4000B200A3009000680059005001480125000C
:103F5000250025002500250025001401FF0025006F
:103F60002500250025002500250025002500250029
:103F700025002500250025002500410126017601A8
:103F800043003D007F20312103223B4B1B6818700A
:103F900020789970394958700B681A80002E3FF4C8
:103FA000E0AD354A126812787F2A3FF4DAAD00227C
:103FB0001A80D6E5052D00F069877F201321E3E7FD
:103FC000042DFAD1FDF7E4FC0A2009F08BFD2A4B01
:103FD0001A682A4B1B682178403111706178517042
:103FE000A1789170E178D1701D80D7E7224A234BE8
:103FF000042D12681B6800F02D877F21132011709B
:104000002178907051700325EEE70B2DD5D94568C6
:1040100087682DBA3FBA28467919FFF78DFA00282C
:10402000B0D039462846FDF70FFF01460827124B4E
:1040300025781A68403515706078104B5070A0785C
:104040001B689070E078D171D070080E1071080C68
:10405000F940507191711F80A0E7074A074B062D68
:1040600011681B6800F002877F2213200A702278F3
:1040700088704A70032290E7342A0320302A0320F4
:1040800071200421AB4B1A68AB4B107060781B6831
:104090005070A0789070E078D07019807EE7A54BC2
:1040A00071201968AB1E0A46087014FA83F3214682
:1040B00014F8010F8B4202F8010FF8D19E4B1B68D8
:1040C0001D806BE7FFF714FB9A4B1A689A4B1B682D
:1040D000002800F00F877F217220117021780325BE
:1040E0009070517080E7FFF72BFB924B1A68924B50
:1040F0001B680028EFD12146207840301070A81EA0
:1041000014FA80F00C4611F8017F844202F8017F16
:10411000F8D169E7874A884B042D12681B687FF441
:104120006CAF4178012900F09487022940F089871B
:104130000020824908704EE7042D7FF43EAF804B8B
:104140001A78022A00F0AA877F227F200321794B68
:104150001B68187020789A70774A58701368198015
:104160001CE7042D7FF429AF754B1A78022AEBD196
:104170001B7F022B40F08F874378012B00F0CF8705
:104180007F20122100E7052D7FF417AF0079FDF79E
:10419000FDFCFDF7FDFB0A2009F0A4FC0420654BA3
:1041A00021781A68644B40311B6811706178517036
:1041B000A1789170E178D1701880EFE6072D7FF437
:1041C000FCAE0430FDF7D4FCE3E75D4B1B7F022B14
:1041D00000F011867F203321D6E6082D7FF4EDAE66
:1041E0004378012BCCD1C379042B7FF4CBAE8079FB
:1041F00022796379000240EA026040EA034040F01D
:104200000400FEF7E3F8002800F056857F207225B1
:104210000321484A484B12681B681070207895703B
:1042200050701980BAE6072D7FF4C7AE0430FDF751
:10423000B5FCAEE7592204211A70427899705A7081
:10424000427802F07F02012A00F09C82022A00F0EC
:1042500093827F2512260320374A1D702578116826
:104260009E705D70088094F90130002BBFF679AC28
:104270003B681B787F2B3FF474AC002113681980D6
:104280006FE42F4B1E78022E00F055827F22032010
:10429000284B29491B6809681A7024789A705C7049
:1042A00008805EE47F2013250321224B224A1B68ED
:1042B0001268187020789D705870118051E47F202A
:1042C000132503211B4B1C4A1B68126818702078A9
:1042D0009D705870118044E47F2013250321154BF5
:1042E000154A1B681268187020789D7058701180EC
:1042F00037E47F20132503210E4B0F4A1B681268F9
:10430000187020789D70587011802AE40C4A127839
:10431000012A00F07682427802F07F02012A00F042
:10432000A9837F2112200322197021789870597077
:10433000328016E4342A0320302A0320760003203A
:10434000102A03204378FF2B00F072827F20312552
:104350000321A74BA74A1B681268187020789D702C
:1043600058701180FFF7FDBBA34A517B032900F071
:1043700032837F212420032219702178987059708C
:104380003280FFF7EEBBB0F8012052BA90B20022A3
:10439000A0F50071B1F5007FCDE90122CDE903223E
:1043A0000092C0F06B82A0F57142843A0C2A08D8C2
:1043B000DFE802F072076C63070707075A07070771
:1043C00015007F2031250321894B8A4A1B6812681A
:1043D000187020789D7058701180FFF7C2BB694635
:1043E0000120FEF751F801A905460220FEF74CF81E
:1043F000034602A903201D43FEF746F8034603A91E
:104400000420ADB21D43FEF73FF8034604A9052082
:10441000ADB21D43FEF738F8ADB20543ADB211227F
:1044200069460DF1170001F0A9F8002DC9D1142536
:1044300023786F4A66781168A2784033681E8DF839
:1044400014308DF816208DF8156005AA4B1E11FA50
:1044500080F012F8011B03F8011F8342F9D1654B6C
:104460001B681D80FFF77DBB0C2264490DF117000E
:1044700001F084F80F252378DBE7042260490DF171
:10448000170001F07BF807252378D2E75D4A042561
:1044900012788DF81720CCE70C225B490DF117003C
:1044A00001F06CF820230922584909A88DF823301F
:1044B000192501F063F82378BBE7437803F07F0305
:1044C000022B00F05B82032B00F04482012B40F0B2
:1044D0006A8200224B494E48C1E903220B70464BC9
:1044E00002605A734A610A778A6194F901306278EE
:1044F000002BFFF636AB50203D4B3E491B68096848
:104500005A7018700D80FFF72CBB427802F07F03C1
:10451000012B00F07F81022B00F053827F201225B7
:104520000321334B334A1B681268187020789D7042
:1045300058701180FFF715BB4378002B00F0938172
:10454000802B3FF40EAB7F2012250321284B294AF4
:104550001B681268187020789D7058701180FFF7E2
:1045600000BB7F2013250321214B224A1B681268C0
:10457000187020789D7058701180FFF7F2BA244DA2
:104580002968002940F02E817F202225184A1949E8
:104590001268096810702078957050700B80FFF7D2
:1045A000E0BA022D00F037828378103B032B00F233
:1045B000F285DFE803F01917021B164B144A13604B
:1045C00094F90130002BFFF6CCAA0221084A237887
:1045D00012684033074D137060782B685070198053
:1045E000FFF7BFBA0C4BE9E70C4BE7E70C4BE5E7ED
:1045F000342A0320302A03203C2A03209005FA0B9A
:1046000058070108102A0320400701084C07010839
:10461000382A032020A1070090D0030048E80100B9
:1046200040420F00022D00F23C817F201325032120
:10463000B14BB24A1B681268187020789D70587090
:104640001180FFF78EBA03F0F002402A40F22C816D
:104650007F2012250321A84BA84A1B6812681870F6
:1046600020789D7058701180FFF77BBAA91E11F059
:1046700007051FFA81F840F09A80B36872684344D6
:10468000934200F29480327B4378934200F042845C
:104690007F2073250321984B984A1B681268187075
:1046A00020789D7058701180FFF75BBA03F0F0021C
:1046B000402A40F229817F20122503218E4B8F4A08
:1046C0001B681268187020789D7058701180FFF771
:1046D00048BA40F26713ADF81430FFF7EFF8884A94
:1046E000884B4240C3E903021E7794F9013000BAB7
:1046F000002BCDF81600FFF634AA06217E4B059854
:104700001B687E4A1860BDF81800126898801180F6
:10471000FFF727BA062D00F0CB817F201325032158
:10472000754B764A1B681268187020789D70587017
:104730001180FFF716BA4FF28412B0F8013058BA60
:1047400080B220F00801914200F0F68049F2F102B7
:10475000934200F06382072D00F057837F201325DA
:104760000321654B654A1B681268187020789D709C
:1047700058701180FFF7F5B9032D00F0CE817F2529
:10478000132668E5032DFAD1002205A8DA70FDF79B
:1047900045FE5A4A3B681668002800F024837F21B2
:1047A0001970722120789970587035805BE57F20F0
:1047B00071250321504B514A1B68126818702078EC
:1047C0009D7058701180FFF7CCB9022D00F0618107
:1047D0007F2171250323117021789570517003801A
:1047E000FFF7BFB9130600F12481C7200221424B15
:1047F000424A1B6812681870607858701180FFF781
:10480000B0B97F2203211A7000789A7058703180F5
:10481000FFF7A7B911063FF5A4A9C521364B374AC2
:104820001B6812681970417859701580FFF799B9A3
:104830008378FF2B7FF48AADC378FF2B7FF486AD9E
:10484000FDF790FD002800F01D847F2072250321D4
:10485000294B2A4A1B681268187020789D7058707E
:104860001180FFF77EB97E21234B244A1B68126812
:104870001970417859701580FFF773B96946FDF7D3
:1048800003FE002800F027817F2131201A4B1B4AAC
:104890001B68126819702178987059701580FFF79D
:1048A00060B90122FFF726BB1B095A1DAA4280F2FC
:1048B000D380002B00F0A7820027591E0530C900C5
:1048C00010F8012F8A4008393A4311F1080F97B2C6
:1048D000F6D19E1DF3199D4200F072827F201325B0
:1048E0000321054B054A1B681268187020789D70DB
:1048F00058701180FFF735B9342A0320302A03207D
:1049000078563412102A0320AF4A1278012A00F098
:1049100032811B099A1D954200F0EE817F201325FC
:104920000321AA4BAA4A1B681268187020789D7050
:1049300058701180FFF715B97F2031250321A34B53
:10494000A34A1B681268187020789D7058701180F7
:10495000FFF707B99F4A928A92B2B2F5805FC0F022
:1049600041817F208825994A994912680968107009
:104970002078957050700B80FFF7F3B8954B9B8AA9
:104980009BB2B3F5805FC0F003817F202225032115
:104990008E4B8F4A1B681268187020789D70587073
:1049A0001180FFF7DEB87F2012250321874B884A4C
:1049B0001B681268187020789D7058701180FFF77E
:1049C000D0B812063FF5CDA8294620460EB0BDE866
:1049D000F047FEF77FBF04215173027840321A700E
:1049E0003580FFF7BEB8B3F57F4F00F050814FF62A
:1049F000017293427FF4C6AA042D7FF4DEAA4378A5
:104A0000012B7FF4BDAB704B1A78022A00F07C8337
:104A10007E22FFF79ABB7F20132503216B4B6C4A44
:104A20001B681268187020789D7058701180FFF70D
:104A300098B80123684C26782370FDF751F84FF49D
:104A40007A7009F04FF8F6B22868FDF751F8FCF7D4
:104A50009FFF2670FFF785B87F20132503215B4B4E
:104A60005B4A1B681268187020789D70587011801E
:104A7000FFF777B851221A7042785A70358090F952
:104A80000130002BBFF66DA80EB0BDE8F04702F074
:104A90004BB8317B63788B4200F050817F217325C6
:104AA000032311702178957051700380FFF759B876
:104AB000454B9A69042A40F20B817F203625032159
:104AC000424B434A1B681268187020789D705870DA
:104AD0001180FFF746B860782378A4784033042229
:104AE0008DF8150069460DF117008DF814308DF81A
:104AF000164000F043FD354B0DF113021868431EBC
:104B0000063012F8011F03F8011F9842F9D107225D
:104B10002F4B1B681A80FFF724B8002205A8DA7013
:104B2000FDF77CFC8146002840F02D81059B002B81
:104B300000F0AA8280466E4612E09DF803203B6892
:104B40005A55BDF8022003F82820009A2B44120A77
:104B50009A70009ADA70059B0435984580F01F81A1
:104B600040463146FDF716FC08F101080028E4D064
:104B70004FF00109EFE77F220320144B14491B6813
:104B800009681A7024789A705C700880FEF7E9BF93
:104B900000230D4A1148C2E90333114903604B73E6
:104BA00053611377936194F901306078002B15708D
:104BB000FEF6D7AF5021054B054A1B6812685870A6
:104BC00019701580FEF7CDBF102A0320342A032068
:104BD000302A03205400032076000320382A0320C3
:104BE0003C2A03200022B349B348C1E903220B70D9
:104BF000B24B42731A604A610A778A6194F90130B4
:104C000060789342FEF6ADAF5021AD4BAD4A1B68C4
:104C10001268587019701580FEF7A3BF142D7FF429
:104C20009DADD4F803100120FDF716FCD4F8071051
:104C300005463046FDF710FC0346D4F80B10032060
:104C40001D43FDF709FC0346D4F80F100420ADB254
:104C50001D43FDF701FC0346E17C0520ADB21D4379
:104C6000FDF7FAFBADB245EA00039BB2944A9549C1
:104C700012680968002B00F0F0817F207225032361
:104C800010702078957050700B80FEF76ABF042D6D
:104C90007FF493A94378012B7FF472AA854B1A788D
:104CA000022A7FF4B5AE1B7F022B40F0F481FEF7A1
:104CB000F9FC00287FF4AAAA04212046FEF70AFE88
:104CC000804B1B681A88002A3EF44BAFFFF766B989
:104CD00058685969411A092900F2FA807F2037255E
:104CE0000321774B774A1B681268187020789D70F3
:104CF00058701180FEF735BF002B00F08D80002624
:104D0000013B411DDB0011F8012F9A40083B13F1D4
:104D1000080F46EA0206F6D140F6FE739E427CD9A1
:104D20007F2031250321664B664A1B681268187084
:104D300020789D7058701180FEF713BF01333373D4
:104D40002378002140331370637802F8013FB36881
:104D50000BE034680131E35CB1F57F6F02F8013F8D
:104D6000B36803F10103B36003D07468A342F0D3C6
:104D700089B27268023193420180FEF4F2AE0323DD
:104D80007373FEF7EEBE7F2272203B681A702178A3
:104D90004C4A5970987013681D80FFF764BAB9F1D6
:104DA000000F00F071817F213B687225197003218B
:104DB0002078444A58709D7013681980FFF753BAE1
:104DC0003C4B1A78022A00F0F0807F227F250320D6
:104DD0003B4B3C491B6809681D7024789A705C70D5
:104DE0000880FEF7BEBE062005995971090A19719F
:104DF0003080FFF738BABFF34F8FBFF36F8F431D7B
:104E00009847FFF7CBB91F4663E5D4F8031009BAFA
:104E1000FDF722FB034629E71E46D4F802502DBABF
:104E200071192846FEF788FB254B264A1B68116836
:104E3000002800F01D812278ED1A40321A709A196C
:104E400002E0E85C03F8010F9A42FAD1731C0B8070
:104E5000FEF787BE4178012900F0D980022940F091
:104E6000F080002018490870FFF7B5B8828840F636
:104E7000FB7052BA92B2824240F2CD807F22312042
:104E80000A70227888704A70FFF7F4B84378012BD3
:104E90007FF476A90379002B00F04A81012B7FF47F
:104EA00071A80A48FDF766F829462046FEF712FD6C
:104EB00006E700BF102A03203C2A0320382A0320DB
:104EC000342A0320302A0320062A0320302E01082A
:104ED000197F012900F0EF807F2024250321B64BA4
:104EE000B64A1B681268187020789D70587011803F
:104EF000FEF737BE2146207840301070A81E14FA05
:104F000080F00C4611F8017F844202F8017FF8D14D
:104F1000FFF76AB80133337302F0B2FCB8F1000F47
:104F20005ED02746AA46A946B0683B797A791B0429
:104F300003EB0263FA78397A03EB02237A7A0904E5
:104F400001EB0261BA780AF1080A134419EB030273
:104F5000FB79083701EB0323316801F58021084410
:104F600017F8021C0B44FEF715FC40EA0503B06875
:104F7000D04500F10800DDB2B060D6D802F094FC54
:104F8000D6E901329A4224BF0323737385B37F218C
:104F900072200322884B1B68197021789870597011
:104FA000864B1B681A80FEF7DCBD1B7F022B2CD1C1
:104FB000D4F802502DBA28467919FEF7ADFA002828
:104FC00040F0BE807F20312503217B4B7B4A1B684C
:104FD0001268187020789D7058701180FEF7C1BD5E
:104FE00002F062FCD6E901239A4201D803237373CD
:104FF0000220714A71492378126864780968403345
:10500000137054700880FEF7ACBD3322DEE66C48A6
:105010000170FEF7E0BF71200870084665784D709A
:10502000A5788D70E4780021151F00F8034F02E089
:1050300000F8011F01318D42FADC043292B2FEF712
:10504000ACBF7F2112201170217890705170FEF753
:10505000DABF5C480170FEF7BEBF60782378A578A0
:10506000507003204033137095700880FEF779BDAF
:105070007F2031250322187020789D7058700A8097
:10508000FEF76FBD0121A0E44C4A9B001168033379
:105090000B80FFF7E8B83322FFF757B81B7F022BCE
:1050A000F9D14378012B7FF46BA8FEF7C5FA0028ED
:1050B0007FF4ACA800E6D4F802101D6909BA8D424D
:1050C00012D000277F2658613525032001329A61CE
:1050D000394A3A4912681F77167023780968537065
:1050E00095700880FEF73DBD1E7794F90130002BC6
:1050F000FEF637AD40F267212F4A304B12681B682D
:1051000011801E80FEF72DBD1B7F022BC3D12E4BBD
:105110005B7B042BC9D07F202221FEF735BFFEF731
:1051200059FA00BBFEF762FA00287FF46FA8C3E5C6
:105130002648FCF71FFF29462046FEF7CBFBBFE5BC
:10514000022F23D0042F1CD0082F12D06FF006039B
:10515000E21D1B1B02E012F8011F29709918B942C9
:10516000F9D3314631E40BF08BFA00287FF44EA8D6
:10517000A2E5A168E0680BBA02BA3146C5E900238E
:1051800023E4A36831461BBA2B601EE42389314611
:105190005BBA2B8019E47F22002631200321064BC5
:1051A0000B4D1B682E601A70044A247812685C70DC
:1051B00098701180FEF7D5BC342A0320302A0320D2
:1051C000062A0320760003203C2A0320442E0108EF
:1051D000382A032038B500240122094B09490A4D19
:1051E0004C73586009490A48C3E90344C3E90544BC
:1051F0002C601A701C77FDF72FFA204638BD00BFCF
:10520000102A03203C2A0320382A03208000032090
:1052100058A00120114B01461A78032A02D01048E9
:10522000FDF7B4BB41F288305A688A1A8242F6D937
:1052300000224FF0010C0B4810B40B4C427383F862
:1052400000C01A77226006485DF8044BC3E90322C8
:10525000C3E905225960FDF799BB00BF102A03205E
:1052600058A001203C2A0320382A03200146024A84
:105270000248FDF7A1BB00BFA800032058A00120F1
:105280002DE9F043002585B004468DF80D50ADF8AA
:105290000E50D0E90050B0F1804F0F4690461E46A8
:1052A000C5F382690CD038B940F2E1739D4263D0F6
:1052B00040F2DF739D420ED0002005B0BDE8F083C0
:1052C000C5F30743DA2BC5F3072200F09980DB2BE7
:1052D000F2D1FF2AF0D1E06800F044F90028EBD0C9
:1052E0003B780F2BE8D8002B00F09680072BE3D8F3
:1052F00001388342E0D8A2690137ADF80E30A2F53B
:1053000000120123B2FA82F28DF80D30504B52098F
:1053100083F826216168B1F1804F00F08F8040F260
:10532000E97200214B484C4B0260C3E90021416007
:105330004FF0FF3301220DF10D01306809F0A6F89E
:105340004FF0FF33022204460DF10E01306809F0E0
:105350009DF802464FF0FF33144439463068BDF8DB
:105360000E2009F093F8BDF80E3004440333A34235
:1053700044D0FBF7E9FD41E040F2E973364AC2E967
:105380000030344AC2E90030E06800F0EBF8CDF8B4
:105390000080A369314CA3F50013B3FA83F30146EF
:1053A0003A4620465B09FDF781F92578022D83D125
:1053B00000274FF0FF3301220DF10D0130688DF809
:1053C0000D7009F063F82A464FF0FF330546A11C23
:1053D000306809F05BF802464FF0FF33154430683F
:1053E000628804F10D0109F051F863880544033324
:1053F000AB4201D0FBF7A8FD0023237001205CE73E
:10540000132A7FF459AF2B029BB243EA896343F41A
:105410005A0343F01303B1E7A269B2F5001F7FF40A
:105420004BAF08287FF648AF7B78002B3FF444AFA2
:10543000023883423FF640AF02375EE72A0292B25B
:1054400042EA896242F45A0242F013026AE700BF5C
:1054500058C0012080000320A800032058A001208C
:105460004FF0000C10B5029CA4F800C08C460D490A
:105470000B600D490C600D494860114622B1BDE832
:1054800010406046FEF7D4BA4FF07F0E8CF8002033
:105490001320032283F800E09CF8001098705970E4
:1054A000228010BD342A0320302A0320102A032032
:1054B0004FF0000C10B5029CA4F800C08C460D49BA
:1054C0000B600D490C600D494860114622B1BDE8E2
:1054D00010406046FEF7ACBA4FF07F0E8CF800200B
:1054E0001320032283F800E09CF800109870597094
:1054F000228010BD342A0320302A0320102A0320E2
:1055000038B5049A12884AB11978512907D0C729A9
:1055100004D1012A02D05B78032B08D038BD4FF4A8
:10552000FA7008F0DFFABDE8384001F0FDBA4FF438
:10553000FA7008F0D7FA0123084C25782370FCF79D
:10554000CFFA4FF47A7008F0CDFA054BEDB2186837
:10555000FCF7CEFAFCF71CFA257038BD7600032064
:10556000382A0320014BC0B2185C70472030010874
:10557000704700BF0AB10AF093BF70474AB1013AC1
:105580004B1E0138114413F8012F8B4200F8012FF4
:10559000F9D17047421E11F8013B02F8013F002B80
:1055A000F9D1704708B503782BB10130FAF748FEFE
:1055B000013080B208BD184608BD00BF4FF47A72B2
:1055C00002FB00F0024BA3FB0030800908F08ABA0E
:1055D000D34D6210F8B54178072909D942F2FE206F
:1055E00002221649164B09681B6808801A80F8BD0C
:1055F000144D044628690144FDF79EFF0F4A104BE5
:10560000012816681F6805D042F2FE22022332806C
:105610003B80F8BDFF233370637863B100232A69B0
:1056200012780133DBB2F2542A6901322A616178BF
:105630009942F5D8481C3880F8BD00BF502A032095
:105640004C2A0320542A032000220146034B104613
:10565000C3E903221A7059601A817047542A032043
:10566000084B1A785AB14EF660215A68821A8A425B
:1056700005D90022C3E9032258601A701A8100205C
:10568000704700BF542A032038B5D0B20C46FFF74C
:105690006FFF074DE86002E00A2008F023FA214678
:1056A0002846FCF78FFA0028F6D1012038BD00BF4C
:1056B000D000032070B5D0E90042B2F1804F0D4612
:1056C0001E4682B007D01AB940F252539C4219D0FC
:1056D000002002B070BDC4F30743EF2BF8D1C4F330
:1056E0000723132BF4D1E3B23F2B01D05A2BEFD178
:1056F00023029BB204F0E0541C4344F46F0444F0D2
:10570000130401E040F25354124BC068C3E9004255
:10571000FFF728FFADF806000028D9D04FF0FF337F
:1057200002220DF10601306808F0B0FE4FF0FF33A1
:1057300004462946BDF80620306808F0A7FEBDF8EB
:10574000063004440233A34201D10120C1E7FBF734
:10575000FBFBFAE7D00003202DE9F041069D944FB2
:10576000944E954C356060603B604AB1FF201870E4
:105770000878FF2824D094F800C0BCF1010F01D0B4
:10578000BDE8F081CE38302827D8DFE800F0332696
:105790002626262626262626262C2C26262626269D
:1057A000262626262626262626332626262626268C
:1057B0002626268D837C746153264339AFA16C0065
:1057C000012A00F098804A78002A00F0948042F282
:1057D000FE21022219802A80D2E742F2FE01022233
:1057E00019802A80CCE70022C3F801205A600823E0
:1057F0002B80C5E700210322A3F801102A80BFE710
:10580000002201200821C3F80120A3F80520D87147
:105810002980B5E7012A30D04A78002AD7D1042060
:105820000821C3F80120A3F80520644AD871298013
:105830002261A5E7012A20D0227A012A03D04A78E2
:10584000002A00F082800021022259702A8097E706
:10585000052A12D9627A012A64D042F6FE11022288
:1058600019802A808CE700230122C4E903332370C6
:1058700023812A8084E7082A4ED042F2FE110222B8
:1058800019802A807CE7012AF7D0BDE8F04108465C
:10589000FFF7A0BE072AF0D94B6808461BBA236160
:1058A000BDE8F041FFF796BE072AE6D94D682069AA
:1058B00095FA85F808EB0001FDF73EFE01283F68E8
:1058C000366857D042F2FE2202233A80338057E7EF
:1058D00000215970227A0620013A18BF01221201D4
:1058E000D970197159719A70288049E7FE210222F6
:1058F00019802A8044E7002201214FF48076082095
:105900002F4FC4E9032222812170C3F80170A3F84C
:105910000560D971288033E701224B681BBA2361E7
:105920002A802DE7D1F80210E668264809BA7040AF
:10593000884236D0002242F2FE500221188029808F
:10594000C4E90322227022811AE7FDF7B7FF012183
:10595000042206253B68E06061725A70E27B316880
:105960009A70E289DA70E268120A1A71E2685A7172
:105970000D8005E75DB100231D46226912F8011B69
:10598000013398450D442261F8D895FA85F8032132
:1059900000220823C7F80480A7F80110FA703380AA
:1059A000EEE622810021022259702A80E8E600BF3B
:1059B000502A03204C2A0320542A032030300108A7
:1059C000000108087856341210B50F4B82B0186EDB
:1059D000002240F0010018661C6E072104F001044B
:1059E0000094009C9C6D6FF0010044F080549C6515
:1059F0009B6D03F080530193019B01F03BF802B0D3
:105A0000BDE8104003F0D0BE0010024070B5002188
:105A10000446ACB0942207A8CDE90211CDE90411E7
:105A200006910AF03DFD324B22689A4201D02CB01B
:105A300070BD03234FF480424FF08051CDE907231E
:105A40000993182211232791CDE90A230221082264
:105A50004FF0807307A8CDE90D230C9104F082FD6F
:105A600000283BD1234B0026DA6C02A942F40052F5
:105A7000DA64DA6C204D02F400520092009ADA6C7B
:105A800042F00102DA64DB6C322203F0010301937D
:105A9000032301981948CDE90223049602F0D8F9AE
:105AA00080224FF480730521C5E903626B614FF4D6
:105AB00080622023C5E9011611492846C5E906235D
:105AC0002E62296001F0E4F870B910210A4801F053
:105AD0008FFA30B92565AC622CB070BDFBF734FA93
:105AE000C0E7FBF731FAF5E7FBF72EFAEDE700BF69
:105AF0000080024200100240C02603200000024243
:105B000008040240094B02689A4200D07047A3F58E
:105B100000539A6C82B042F480529A649B6C03F4F6
:105B200080530193019B02B0704700BF00300240D8
:105B300010B500210446ACB0942207A8CDE90211AB
:105B4000CDE9041106910AF0ABFC274B22689A427A
:105B500001D02CB010BD4FF000724FF0807307A839
:105B60000792219304F0FEFC002832D19FED1A6BBE
:105B70009FED1B7B09241D4B02A9DA6D1C4842F4E2
:105B80000072DA65DA6D02F400720092009ADA6C43
:105B900042F00202DA64DB6C8DED026B03F002036B
:105BA00001938DED047B019B069402F051F90022D4
:105BB0000521272000F05EFF272000F095FF00223E
:105BC0000521282000F056FF282000F08DFF2CB082
:105BD00010BDFBF7B9F9C9E700030000020000009F
:105BE000000000000000000000A40040001002407F
:105BF0000004024208B502680A4B9A4200D008BD70
:105C0000094A4FF44071D36D084823F40073D365FB
:105C100002F024FA272000F075FFBDE80840282094
:105C200000F070BF00A400400010024000040242D7
:105C300010B50446A6B09422002101A80AF030FC59
:105C4000114B22689A4201D026B010BD4FF4802338
:105C500001A8019304F086FC98B90C4B0022D86C83
:105C6000052140F48020D864DB6C5E2003F480239F
:105C70000093009B00F0FEFE5E2000F035FF26B092
:105C800010BDFBF761F9E8E700080C420010024084
:105C900000B5036887B0B3F1804F0DD02E4A934210
:105CA00038D02E4A934214D02D4A934226D02D4A02
:105CB000934244D007B000BD03F504339A6D42F01F
:105CC00001029A659B6D03F001030193019B07B0EC
:105CD00000BD254B0022986D052140F020009865FD
:105CE0009B6D322003F020030393039B00F0C2FE60
:105CF000322007B05DF804EB00F0F6BE1A4B1A6EC6
:105D000042F400321A661B6E03F400330493049BC2
:105D100007B000BD144B0022986D052140F0100023
:105D200098659B6D312003F010030293029B00F0F5
:105D3000A1FE312007B05DF804EB00F0D5BE0A4BA0
:105D40001A6E42F480221A661B6E03F480230593B8
:105D5000059B07B000BD00BF0010004000140040CC
:105D600000440140004801400010024000000000D3
:105D700010B500210446AEB0942209A8CDE9041163
:105D8000CDE9061108910AF08BFB2D4B22689A424F
:105D900001D02EB010BD4FF4005309A8099304F0B0
:105DA000E1FB00283FD19FED226B9FED237B0A2270
:105DB000244C2548E36C04A943F00103E364E36C3D
:105DC0008DED046B03F001030193019B8DED067BC8
:105DD000089202F03DF8E36D43F40013E365E36DD0
:105DE00003F400130293029BA36DDB0018D4A36D90
:105DF00043F08053A365A36D03F080530393039B8B
:105E000003F0CAFCA36D23F08053A3650022052193
:105E1000492000F02FFE492000F066FE2EB010BD94
:105E200003F0BAFCF2E7FBF78FF8BCE7AFF30080B2
:105E30000018000002000000000000000000000048
:105E400000D40040001002400000024210B501469C
:105E500088B000222A2000F00DFE2A2000F044FE27
:105E6000154B01A91A6E03A842F400621A661B6E54
:105E7000124C03F400630293029B04F06BFA04F0EB
:105E800051FA0346002140F2E7300D4A2161A2FB9E
:105E90000323A1609B0C0B49E060013B204621607D
:105EA000636005F055FA10B1012008B010BD20461E
:105EB00005F05EF808B010BD00100240682A03200B
:105EC00083DE1B43002C0140FEE700BFFEE700BF5E
:105ED000FEE700BFFEE700BFFEE700BF704700BF60
:105EE000014801F013B800BF70240320014801F0FD
:105EF0000DB800BF08240320014801F0F9BB00BF22
:105F000038260320014801F0F3BB00BF38260320E8
:105F1000014805F01DB900BF682A0320014805F0BB
:105F200017B900BF70230320014805F011B900BF65
:105F300024230320014802F03FB900BFE4250320D9
:105F4000014802F0D7BA00BFE4250320014804F05D
:105F5000E5BE00BFD8240320014805F0C3BA00BF46
:105F600050250320014802F00BBD00BFB01F0320E5
:105F7000014800F0CBBF00BFC0260320014804F059
:105F8000FFBD00BF3C250320034AD2F8883043F40C
:105F90007003C2F88830704700ED00E0254B2549BA
:105FA0001A68120754BFD3F894301B688A6858BF28
:105FB000C3F3032302F00C0248BFC3F30313082A00
:105FC00012D01D480C2A50F823300FD01B49042A48
:105FD00008BF0B46174A1A4892681A49C2F30312BF
:105FE000825CD3400B607047174BF3E7C868CA6800
:105FF00000F00301C2F30312022902F1010211D0E1
:10600000032913D0B3FBF2F10A4AD368D268C3F371
:10601000062301FB03F3C2F3416201325200B3FBDA
:10602000F2F3D7E70549B1FBF2F1EDE70649B1FB21
:10603000F2F1E9E700100240383001080024F400D2
:1060400080300108F400032080969800DFF834D0F7
:10605000FFF79AFF002103E00B4B5B5843500431DC
:106060000A480B4B42189A42F6D30A4A02E0002330
:1060700042F8043B084B9A42F9D30AF077FAFAF750
:1060800029FCFEE700000420B430010800000320D2
:106090006002032060020320EC570320FEE70000AB
:1060A000042010B500F0D4FCFFF778FF0020FFF7C4
:1060B000CDFE10B10124204610BD0446FFF784FC3C
:1060C000204610BD034A044B11681B780B44136033
:1060D000704700BFB42A0320F8000320014B186862
:1060E000704700BFB42A0320002330B583B001936A
:1060F000002800F09E80856D0446002D00F09C80F5
:10610000226893689D0005D5936823F0204323F00F
:106110003F0393609368D80019D45C4B5C481B68BC
:1061200091689B09A0FB030321F010419B0921F01A
:106130003F0101335B0041F0805191600193019B6D
:106140002BB1019B013B0193019B002BF9D193687B
:10615000D90064D40120A36D43F01003A365E36D5F
:106160000343E365936813F0040FA36D5DD1DB0671
:106170005BD4A36D23F4817343F00203A36593689A
:10618000DD0708D4434B9B6813F0010F424B9B681B
:1061900001D1D90763D5E568636B94F820102B43D0
:1061A000A568012943EA0503657E43EA453343EACE
:1061B00001434FD0A16A21B1E56A01F4707129430E
:1061C0000B43D568354929401943D16093681B07B3
:1061D00016D494F83030257ED1685B0043EA8533CD
:1061E000E56C21F4804121F006012B430B43D36081
:1061F00094F83830012B3AD0136923F0010313616E
:106200002369012B1ED0136B23F00F031363A36DBF
:1062100023F0030343F00103A36503B030BD93688B
:10622000002013F0040FA36DA1D0A36D43F0100361
:10623000A365012003B030BDFFF7E8FBE56584F8F6
:1062400054505DE7116BE36921F00F01013B0B43F3
:106250001363DCE7616A013943EA4143AAE7104965
:1062600065688B6823F47C132B438B6093E711697B
:10627000E36B256C6FF38A012B430B43616C0B437B
:10628000A16C0B4343F001031361B9E7F400032051
:10629000632D3E05008002420081024207C0F0FFEC
:1062A00000830242704700BF704700BF08B5806A94
:1062B000FFF7FAFF08BD00BF704700BF836A10B543
:1062C0009A6D12F0500F9A6D1DD1196842F4007248
:1062D0009A650A6812F0080FCA681BD012F4406F62
:1062E0000DD1CA6894040AD49A6D22F480729A651A
:1062F0009A6DD10403D49A6D42F001029A65184652
:10630000FFF7D0FF10BDD2060AD4BDE810401B6DC8
:10631000DB6B18479007E7D51846FFF7C3FFF1E797
:106320001846FFF7C9FF10BD806A08B5836D43F0BA
:1063300040038365C36D43F00403C365FFF7BCFFEF
:1063400008BD00BF0022F0B583B0019290F8542040
:10635000012A00F0F380034601201A6883F85400F4
:106360009068400709D501209A6D42F020029A6595
:10637000002283F8542003B0F0BD1F24486802F1C6
:10638000300500F01F0C4FEA901E08680EF00C0E4E
:10639000C0F3846000FA0CF004FA0CFC55F80E40CF
:1063A00024EA0C0C40EA0C0045F80E00906810F04E
:1063B000040F906835D1070733D4072408688D6827
:1063C000C0F30456B440C00DB5F1004F6FEA0404A9
:1063D00000F0040000F0FC8002F11407B5403E58C4
:1063E00034402C433C50506920F0004050610E690D
:1063F000D468042E086800F0B88002F1600757F8EE
:1064000026C0BA4D00F0F8400CEA05050543C4F378
:10641000C10448696400A040284340F0004047F8A8
:1064200026009068C60701D50020A1E7CE680C6859
:10643000AF48D2F8B05006F01807F840C4F312077E
:10644000204025EA07052843C2F8B000A948864243
:1064500026D0A9490C42E7D0A848A94986688D688A
:10646000ED076ED4A74DAD68EF073FF57CAFA64DA5
:1064700006F0E077AC4200F05F81A44DAC4200F042
:106480007F81A34DAC42CFD17402CDD48A42CBD10F
:10649000826822F0E0723A4342F480028260C3E7ED
:1064A000002F51D094FAA4F0002800F0D080B0FA68
:1064B00080F0013000F01F00092840F2C88094FAF3
:1064C000A4F0002800F07281B0FA80F0013080065C
:1064D00000F0F84094FAA4F5002D00F06C8101263C
:1064E000B5FA85F5354405F01F0506FA05F528438C
:1064F00094FAA4F4002C00F05C81B4FA84F4013422
:1065000004F01F0404EB44041E3C240544F0007412
:1065100007272043C50D8E6805F0040502F1140C11
:106520005CF80540C0F30450864007FA00F024EA06
:10653000000030434CF805000C688AE7022003B0E5
:10654000F0BD704A92680EE70120A40E013404F0F9
:106550001F06A40604F0F845B040092E06EB4604D9
:1065600040EA0500D0D82405D2E7146E146EC0F3BB
:106570001205C4F38464002D34D1C0F38466B442A0
:1065800000F08B80546E556E02F16004C5F3846593
:1065900002F1640CB54200F09480A568A56804F18E
:1065A0000807C5F38465C0F38466AE4200F0B2808C
:1065B000E568E56804F10C06C5F38464C0F3846003
:1065C000A0427FF42EAF306820F00040306028E712
:1065D00002F1140635582C403450506940F0004008
:1065E000506104E790FAA0F51DB1B5FA85F5AC420B
:1065F00053D0546E556E02F16004C5F3846502F108
:10660000640C90FAA0F604F10807BE461EB1B6FA73
:1066100086F6AE4257D0A568A568C5F3846590FAA2
:10662000A0FC04F10C06B646BCF1000F03D0BCFA86
:106630008CFCAC4570D0E568E468C4F3846490FADF
:10664000A0F000283FF4EDAEB0FA80F0B8E794FA7D
:10665000A4F0002800F0A480B0FA80F00130800699
:1066600000F0F84094FAA4F5002D00F09780012680
:10667000B5FA85F5354405F01F0506FA05F52843FA
:1066800094FAA4F4002C00F08E80B4FA84F401345F
:1066900004F01F0404EB440465E71446106E02F195
:1066A000640C20F0004044F8600F506E0868556E8E
:1066B000C0F31206C5F38465002EA2D1C0F3846630
:1066C00068E704F1080EDCF80000774620F000408F
:1066D000CCF80000A0680868A568C0F31206C5F3EE
:1066E0008465002E3FF45FAF99E700BF00F0FF0321
:1066F000FFFF070000007F40000008800083024287
:106700000080024200810242000052C7000084CB98
:106710000100008004F10C0E3868764620F000403D
:106720003860E0680868E468C0F31205C4F3846464
:10673000002D3FF443AF82E736023FF575AE8A4243
:106740007FF472AE82681D4922F0E0723A4342F44F
:10675000000282600A681A499209A1FB021292099A
:10676000013202EB420292000192019A002A3FF4A8
:106770005BAE019A013A0192019A002AF9D153E6DF
:10678000F5013FF551AE8A427FF44EAE826822F0A9
:10679000E0723A4342F08072826045E602256EE77D
:1067A0004FF080605EE74FF44014B1E64FF0806038
:1067B00090E6044CACE6022599E600BFF400032005
:1067C000632D3E05000050FE002370B582B001939A
:1067D00003689A68D2072CD49968284A0546114262
:1067E0002AD19A68264922F0004222F03F0242F064
:1067F00001029A608B681E0229D4FFF76FFC2B6898
:1068000006461A68D40714D41E4C9A68D00704D4DC
:106810009A68224042F001029A60FFF75FFC821BF7
:10682000022A2B6802D91A68D10705D51A68D2073F
:10683000EBD5002002B070BD0120AB6D43F010031A
:10684000AB65EB6D43F00103EB6502B070BD0E4B21
:106850000E4A1B689B09A2FB03239B09013303EB30
:1068600043039B000193019B002BC6D0019B013B7E
:106870000193019B002BF9D1BFE700BF3F000080CF
:1068800000830242C0FFFF7FF4000320632D3E051A
:106890002DE9F041364B05689B68AD6815F004059D
:1068A00016D1164690F854200446012A10D040F222
:1068B000212C03F01F0801232CFA08FC1CEA030C0E
:1068C00080F8543007D180F854C00120BDE8F08131
:1068D0000220BDE8F0810F46FFF776FF002840D187
:1068E000A36D216823F4706323F0010343F48073E4
:1068F000A365204B994237D0A36D23F48013A36581
:10690000A36D002513F4805318BFE36D206D18BFED
:1069100023F00603E36533461C263A46164F403102
:10692000C762164F0763164FC76341F8406C84F87F
:10693000545051F83C5C45F0100541F83C5C51F86E
:10694000345C45F0010541F8345C00F017FA226828
:10695000936823F0004323F03F0343F00403936064
:10696000B7E784F85450B0E7B8F1000FC8D1C3E7D7
:106970000083024200810242BD620008AD6200084D
:106980002963000890F85420012A46D003460022CB
:106990000120F0B42B4D1C689AB0AC42169283F8DB
:1069A0005400179208D0996D83F8542041F02001CB
:1069B00099651AB0F0BC7047234A906840070BD520
:1069C000A26801209A6D42F020029A65002283F8A5
:1069D00054201AB0F0BC7047A0684507F1D40D6888
:1069E000EDB11A4E4F68B06893F830C020F46040A3
:1069F000384340EA4C30B060A0689268C0070AD4BF
:106A0000D70708D4B268896822F471620D4322F076
:106A10000F021543B5600020D8E7022070470B48ED
:106A2000816821F460418160A1689268CD07F2D449
:106A3000D407F0D4826822F4716222F00F028260DF
:106A4000E9E700BF00800242008102420083024267
:106A50004FF6FF0C06490302CA6803F4E06302EA3A
:106A60000C02134343F0BF6343F40033CB60704721
:106A700000ED00E01A4B00B5DB68C3F30223C3F15D
:106A8000070EBEF1030F03F1030C28BF4FF0030EF6
:106A9000BCF1060F1BD9A3F1040C4FF0FF3303FA2E
:106AA0000CF322EA03024FF0FF3303FA0EF321EA5C
:106AB000030303FA0CF313435B010028DBB209DB89
:106AC00000F1604000F5614080F8003300BD002215
:106AD0009446E8E7034A00F00F000244137600BD35
:106AE00000ED00E0FCEC00E0002807DB012300F0F3
:106AF0001F01034A40098B4042F82030704700BF15
:106B000000E100E000280CDB01220649430900F007
:106B10001F002033824041F82320BFF34F8FBFF383
:106B20006F8F704700E100E0BFF34F8F0549064BC0
:106B3000CA6802F4E0621343CB60BFF34F8F00BF1B
:106B4000FDE700BF00ED00E00400FA05002836D0A4
:106B500038B5437F044603F0FF0263B30222237972
:106B60006277F3B92368174A5A619A6822F01802CB
:106B70009A6062798AB122691A6101219A6865690D
:106B800022F060022A439A609A68A56922F0800286
:106B90002A439A606177002038BD4FF0FF321A61B6
:106BA000EBE72046D4E9021200F00EF808B923689A
:106BB000DFE7012038BD0277FEF7A4FFCEE7012012
:106BC000704700BFB71DC104CB071AD51E2310B4F0
:106BD00001E0013B17D321FA03FC1CF0010FF8D0B0
:106BE000182A11D8DFE802F016101010101010103B
:106BF0002410101010101010211010101010101070
:106C00001400012070472AB101205DF8044B704741
:106C1000062BF9D8046800206161A36823F01803EB
:106C20001343A3605DF8044B7047072BF2D9EBE7E1
:106C30000F2BEFD9E8E700BF11490368C26C8B4204
:106C400088BF104922F0030294BF02F180418918E5
:106C50004FF0010210B4DBB20B4CA3F10803A4FB0C
:106C600003430A4CC3F3041398BF01F5023102FA3F
:106C700003F3C0E9141483655DF8044B704700BF4B
:106C80000704024020080240CDCCCCCC8008024052
:106C900000285ED00268304B70B59A42044646D94F
:106CA0002E4B2F491344A1FB03132E481B099B00B5
:106CB0000221C4E91203D4E9025320692B430343A0
:106CC000606984F825100343A06911680343E069F3
:106CD0006FF310110343206A03430B4320461360F4
:106CE000FFF7AAFFD4E91461B5F5804FA06D27D056
:106CF0006368DAB2013B032B3260486024D801217B
:106D00000020194B194D1344013A01FA02F21849B7
:106D10009B00E3656266256618604A6400230122D1
:106D2000636484F8243084F82520184670BD114B24
:106D30000B491344A1FB03131B090F489B00B7E742
:106D400000236360336048600023C4E9173363663F
:106D5000E4E70120704700BF07040240F8FBFDBFD5
:106D6000CDCCCCCC000402403F8200104009024050
:106D700000090240F8FFFDBF00000240F0B590F8A6
:106D80002440012C0AD04FF0010C90F8254080F8E7
:106D900024C0644504D0002380F824300220F0BDD4
:106DA0000026D0E9157C4FF0020E046880F825E03B
:106DB00046642668C56D26F001062660C7F804C043
:106DC00015B1D0E9186777600126C76C07F01C0C75
:106DD000876C06FA0CF67E6063608368102B036B89
:106DE0000BBFA260A160E160E260B3B1236843F031
:106DF0000E032360036D1A68D20303D51A6842F4A8
:106E000080721A601DB12B6843F480732B60236875
:106E1000002043F001032360F0BD236823F0040346
:106E20002360236843F00A032360E3E790F82520FA
:106E30000346022A06D004225A640022012083F865
:106E400024207047026870B4046D1068D96C20F07B
:106E50000E00106020689E6C20F480702060106826
:106E600001F01C0120F0010010600122D3E915455A
:106E7000D86D8A407260656030B1D3E91814026839
:106E800022F4807202604C60012283F825200022E7
:106E900083F82420002070BC704700BF90F82520A4
:106EA0000346022A03D0042201205A647047026874
:106EB00070B5046D1068D96C20F00E001060106879
:106EC0009E6C20F0010010602268D86D22F4807260
:106ED00022600122D3E9154501F01C018A4072604D
:106EE000656030B1D3E91814026822F48072026040
:106EF0004C60012000211A6C83F8250083F82410CF
:106F00000AB118469047002070BD00BF0421F0B4BC
:106F1000C26C866C02F01C023568046891402942FC
:106F20000346276812D017F0040F0FD02268170409
:106F300039D42268950603D4226822F00402226024
:106F40001A6B716092B1F0BC184610470221914053
:106F500029420DD0B8070BD5226812F4004F2268E1
:106F600029D0D4033CD45A6B002AECD1F0BC704732
:106F7000082191402942F9D03907F7D5216800202E
:106F800021F00E0121600121DC6B01FA02F2726036
:106F9000596483F8240083F82510002CE6D01846A5
:106FA0002346F0BC184771602268D60314D4036BE3
:106FB000002BF6D1DAE7900606D4226822F00A0206
:106FC0002260012283F825200020DA6A716083F8AC
:106FD0002400002AB7D1C9E7836B002BE1D1C5E7B4
:106FE000DA6A002AAFD1C1E790F82500704700BFE8
:106FF00060B10368C8061A6805D5C9024CBF42F4DF
:10700000801222F4801200201A607047012070471D
:10701000002800F0D78038B590F85C30044603F0C3
:10702000FF02002B70D02268936923F01003936154
:10703000FFF754F8054604E0FFF750F8401B0A2814
:1070400059D823689A691107F6D49A6942F0010267
:107050009A61FFF743F8054604E0FFF73FF8401B4D
:107060000A2848D823689A69D207F6D59A696068D1
:10707000574942F002029A610860227C012A9A690B
:107080000CBF22F0400242F040029A61627C012A69
:107090009A690CBF42F4804222F480429A61A27C39
:1070A000012A9A690CBF22F4805242F480529A61FC
:1070B0009A69A06822F4407202439A619A69E16871
:1070C00022F0A4029A611A69012922F010021A61C1
:1070D0001FD011B302299A6976D042F080029A61DA
:1070E0001A69032942F010021A6116D19A6942F016
:1070F00020029A6111E00322236E012043F0010374
:10710000236684F85C2038BD80F85D20FEF710FD12
:1071100089E79A6942F004029A61D4E90612013AB9
:107120000139120242EA4162216AB0F5407F01F161
:10713000FF3142EA0102616901F1FF3142EA014295
:10714000DA610ED1D4E90B02A16A013A01381201C9
:10715000013942EA00220A43616A013942EA0142E6
:10716000DA60D3F8C020E06B616B0243C3F8C02043
:10717000D3F88020174822F4F81242EA0142206432
:10718000C3F88020D3F88020A16B134D22F07062E9
:1071900042EA01626564C3F88020104B1049403513
:1071A000C4E91253F033C4E914134FF454720021AC
:1071B00009F076F900230122236684F85C20184642
:1071C000A36538BD0120704742F020029A61A4E710
:1071D00000A5004000AC004070AC004088AD00400D
:1071E00060AE004090F85C200346013A012A05D9C0
:1071F0001A6E012042F002021A6670478A6870B463
:10720000D1E9035448699207D1E9006156B942EACD
:10721000C56202431B6C42EA0442002070BC43F882
:10722000212070475B6C44EA457443F831401043B9
:1072300003EBC103586070BC00207047844690F88F
:107240005C00012807D0DCF86030012043F0040323
:10725000CCF86030704710B40198DCF8004040EA88
:107260004303D4F8800043EA820242EA011120F08D
:107270003F030B430020C4F880305DF8044B704797
:1072800090F85C200346012A05D01A6E012042F0D6
:1072900004021A6670470222002110B4046880F8C4
:1072A0005C20A269084622F00102A2615DF8044B4D
:1072B0001966704790F85C300146022B17D10268BE
:1072C000936943F0010393619369DB0758BF0B2374
:1072D00013D49069C00710D4013BFAD103220B6E7E
:1072E000012043F001030B6681F85C207047036EB8
:1072F00043F00803036601207047936923F01003ED
:10730000936193691B0748BF0B2305D5906900075C
:1073100002D5013BFAD1E1E74FF0010C10B4002493
:107320009369204643F00203936181F85CC08C6549
:107330005DF8044B704700BF88B110B50446FFF7F5
:10734000B9FF22682046D36D23F00303D365FEF70F
:1073500051FC0023236684F85C30184610BD0120E0
:10736000704700BFF0B590F85C308646022B0BD119
:107370000568D5F8C43013F4001C0BD0036E43F439
:10738000007303660120F0BD036E43F0080303663B
:107390000120F0BDD5F8C4604B680C6988680F689F
:1073A000C6F30146002B37D1044344EA8744D1E9B0
:1073B00006030343486906EBC6070343086A43EA2A
:1073C0000063C86843EA0043DEF8540040F83740E1
:1073D00000EBC7004360134CCB68E35CA3B1937828
:1073E000D7781B0443EA0763177804323B4312F84B
:1073F000037C43EA07230CEB0007BB60CB680CF16E
:10740000040CE35C9C45EAD30123B340C5F8CC30BF
:107410000020CEF85830F0BD3C43044344F0804493
:10742000C5E700BF903001082DE9F04190F85C40BD
:10743000022C64D1402905686DD0D5F89840270703
:1074400064D0D5F89870D5F89840C7F30128E601C4
:1074500007D5D5F88040E40544BF08F1010707F0DF
:107460000308C46C08EBC80604EBC604266806F0E3
:1074700080465660D4F800C0002E66D1CCF38A4610
:107480001660266806F000569660266806F00046EC
:107490001661A688D661B4F806C00CF00F0CC2F8CD
:1074A0000CC0666806F480165661666806F400161D
:1074B0009661E67906F07F061662274E676816F831
:1074C0000CE04FEAD77CC2F824C0BEF1000F10D008
:1074D000013B04F1070EF4461EF8015FACF1060C07
:1074E00003F8015FD568ACEB040C755D6545F2D817
:1074F000056840292CD0C5F89C80002004E0036E6C
:1075000043F0080303660120BDE8F081036E43F4F5
:1075100080730366F7E7D5F890402707F6D0D5F8D3
:107520009070D5F89040C7F30128E60107D5D5F84B
:107530008040A40544BF08F1010707F00308846CEC
:1075400008EBC80604EBC60490E72CF0604697E70A
:10755000C5F89480D1E700BF9030010803461B684E
:1075600030B45B6C002003F00704C3F30222C1E9CE
:107570000042C3F34014C3F38012C1E90342C3F3D2
:10758000C014C3F3C022C1E90542C3F30034C3F3FE
:10759000403203F01805C1E90742C3F38032C3F358
:1075A00006438D60C1E9092330BC7047034630B4FF
:1075B0001B6800201B6CDCB2C3F3C035C3F306228A
:1075C000C3F30743C1E900428D60CB6030BC704714
:1075D0000368D3F8C40000F007007047034690F832
:1075E0005C000138012805D91A6E012042F0020220
:1075F0001A6670471B6870B411F00705986D01F0AA
:10760000380420D0C6071ED4DD6D45F00105DD65C8
:107610000CB384071FD5D86D40F00200D8650C0666
:1076200004D5D3F8DC001043C3F8DC00C80504D54A
:10763000D3F8E0000243C3F8E0205A6D002070BC8C
:107640000A435A65704704B386071ED4DE6D46F0C0
:107650000106DE6525BB11F4E07F01D04607DAD4D0
:1076600011F4F05F01D00507D5D411F4604F01D0BB
:10767000C406D0D411F4403F01D08606CBD411F417
:107680007C0FCCD04506C6D4C9E711F4E07F0AD000
:10769000460708D4DE6D46F00106DE65002DB7D042
:1076A000C507B5D5B7E711F4F05F01D00607F1D5EE
:1076B00011F4604F01D0C606ECD511F4403F01D063
:1076C0008606E7D511F47C0FE8D04606E2D5002DFA
:1076D0009ED0E5E7704700BF704700BF704700BF0E
:1076E000704700BF704700BF704700BF704700BFC2
:1076F0002DE9F84F036804461A6D596D02EA010A34
:107700001A6D596D0AF4E05A02EA01091A6D596DB1
:107710001E6D02EA01085A6D1F6D16405A6DD3F8AE
:1077200054B01D6D1740690609F0070908F03808C4
:1077300006F4710607F4602702D51BF0400F73D1E1
:10774000EA0502D51BF4807F5DD1BAF1000F4AD162
:10775000B9F1000F35D1B8F1000F3CD1AB0502D51E
:107760001BF4007F75D1280602D51BF0800F78D15D
:10777000A90402D51BF4005F5BD12A0402D51BF4D7
:10778000004F5ED16B040AD51BF4804F07D04FF435
:10779000804223681A65236E43F0800323664FB945
:1077A00026B123681E65236E33432366236E2BBBED
:1077B000BDE8F88F2368394620461F65FAF71AFBA3
:1077C000EEE7236849462046C3F85090FAF760FA7E
:1077D000B8F1000FC2D0236841462046C3F850805C
:1077E000FFF77AFFBAE7236851462046C3F850A056
:1077F000FFF770FFB9F1000FADD0E2E72046FAF7CE
:10780000DDFABDE8F88F4FF4807223682046D3F884
:10781000D8C0D3F8E0101A650CEA0101FFF760FF49
:10782000BAF1000F94D0DEE740221A65FFF75EFF41
:1078300086E74FF40052236820461A65FFF752FF8F
:107840009BE74FF40042236820461A65FFF74CFF80
:1078500098E74FF40072236820461A65FFF73EFF51
:1078600081E7802223682046D3F8D4C0D3F8DC1007
:107870001A650CEA0101FAF785FA79E7006E70479C
:10788000064B9A6A002A01DB002070470449054A2A
:1078900099609A60986AC00F704700BF002002404C
:1078A00023016745AB89EFCD044B9A6A42F0004251
:1078B0009A62986AC043C00F704700BF0020024020
:1078C000064B986A10F0804006D00549054A1961B8
:1078D0001A61986AC0F38070704700BF00200240B0
:1078E0003B2A19087F6E5D4C054B9A6A42F0804234
:1078F0009A62986A80F08040C0F38070704700BF41
:1079000000200240034A0120936A43F0006393621F
:10791000704700BF0020024070B5164C0546FEF7C8
:10792000DDFB236ADE0306D56A1C18BF064612D1AA
:10793000236AD803FCD442F2FA010E4A136A0B40C0
:1079400010D1136A0020DB0744BF0123136270BD0E
:10795000236AD903EFD5FEF7C1FB801BA842F7D3FA
:10796000032070BD044C01206168136219436160FB
:1079700070BD00BF00200240000103202DE9F0414E
:107980001A4C94F800C0BCF1010F2CD0984601238A
:107990002370002307464FF47A700D461646636045
:1079A000FFF7BAFF18B100232370BDE8F081A7608C
:1079B000EFF3108272B60E4FBB6A43F00103BB6255
:1079C0002E60BFF36F8FC5F8048082F310884FF4E8
:1079D0007A70FFF7A1FFA268BB6A22F0004223EA97
:1079E0000203BB62DFE70220BDE8F0810001032053
:1079F000002002400E4B1A6C510212D5C20703D56B
:107A00009A6A42F004029A62830704D5084A936A8C
:107A100043F400439362064A936A43F480339362CB
:107A200070479A6A42F4004242F004029A62F2E716
:107A30000020024070B58E4D2B78012B20D0012202
:107A4000002304464FF47A702A706B60FFF764FFDE
:107A500098B92068C10700F1C480820712D4430797
:107A600019D4030700F1AF80824A4FF47A70936A09
:107A700043F400339362FFF74FFF00232B7070BD78
:107A8000022070BD7B4A2169136C23F0FF030B4376
:107A900013644307E5D5D4E9052612F0010316BFA8
:107AA0004FF4E061194606EA010312F0020F05D017
:107AB00006F4805C41F4805143EA0C0312F0040F99
:107AC00005D006F4005C41F4005143EA0C0312F0C7
:107AD000080F05D006F4804C41F4804143EA0C03C2
:107AE00012F0100F05D006F4803C41F4803143EAD7
:107AF0000C0312F0200F05D006F4003C41F40031D5
:107B000043EA0C0312F0400F05D006F4802C41F438
:107B1000802143EA0C0312F0800F05D006F4002CFC
:107B200041F4002143EA0C0312F4807F05D006F4EF
:107B3000801C41F4801143EA0C0312F4007F05D04D
:107B400006F4001C41F4001143EA0C0312F4006F28
:107B500005D006F0807C41F0807143EA0C0312F4FA
:107B6000805F05D006F0007C41F0007143EA0C0311
:107B700012F4005F05D006F0806C41F0806143EAAA
:107B80000C0312F4804F05D006F0006C41F0006148
:107B900043EA0C0312F4004F05D006F0805C41F07C
:107BA000805143EA0C03D20304D506F00046334368
:107BB00041F000412F4E326C22EA0102134333643C
:107BC00003077FF551AFD4E90732012B48D0022BD0
:107BD0007FF44AAF27498B6C03F07F0313438B6418
:107BE00042E76368D4E90212013B072B3FF635AF49
:107BF00001A656F823F000BF4F7C00083D7C00082A
:107C00005B7A00082B7C00085B7A00085B7A00082E
:107C10005B7A0008197C0008164EF36E23F07F1380
:107C20000B4343EA0243F36617E7124EB36E23F0A9
:107C30007F130B4343EA0243B3660EE70D4EF36D29
:107C400023F07F130B4343EA0243F36505E7094E34
:107C5000B36D23F07F130B4343EA0243B365FCE6A5
:107C600004494B6C03F07F0313434B64FCE600BFF5
:107C70000001032000200240062243680260082B16
:107C800004D84FF48B72DA40D20717D4334B1B6CF5
:107C9000DBB2AA2B05D0552B03D0CC2B0CBFCC23A9
:107CA000BB232E49C26903610B6C02F1FF3C23F038
:107CB000FF03BCF1010F836118D970470722013B14
:107CC0000260072BE2D801A252F823F03F7D0008A2
:107CD0002B7D00088D7C0008177D00088D7C000836
:107CE0008D7C00088D7C0008037D00080368012A54
:107CF00043F0080303602CD08B6C23F07F030362F6
:107D00007047164AD36E03F07F038360D36EC3F3CC
:107D10000643C360BAE7114A936E03F07F038360A2
:107D2000936EC3F30643C360B0E70C4AD36D03F010
:107D30007F038360D36DC3F30643C360A6E7074A9E
:107D4000936D03F07F038360936DC3F30643C360B9
:107D50009CE74B6C23F07F030362704700200240D6
:107D60000F4B1A6C12F4800F9A6A01D0C90712D512
:107D700022F400629A620A4A936A23F47E7323F023
:107D8000020343EAC00343F002039362936A43F49D
:107D900080339362704742F400629A62EBE700BF5F
:107DA000002002402DE9F041274E3378012B3DD0D1
:107DB0000122002304464FF47A70884632707360C3
:107DC000FFF7AAFD074660BB48F204022368B360D0
:107DD00023F0004393422DD04FF0FF33C8F800301A
:107DE000D4E902532B449D4206D312E00135D4E975
:107DF00002321344AB420CD928466168FFF7B0FF4A
:107E00004FF47A70FFF788FD0028EFD00746C8F8D6
:107E100000500E49B2688B6A22F0004223EA020346
:107E20008B62002333703846BDE8F0810227384664
:107E3000BDE8F0816068FFF7DDFD4FF47A70FFF771
:107E40006BFD0746E5E700BF00010320002002406C
:107E50002DE9F04F0C6883B0002C00F090800023D7
:107E60008946774F012202FA03F515EA040800F06B
:107E700081800326D9F8041003FA02F201F0030E00
:107E80000EF1FF3A06FA02FCBAF1010F6FEA0C0C90
:107E9000D9F8086076D9BEF1030F01D1012E05D0C3
:107EA000C568964005EA0C052E43C66005680EFAC3
:107EB00002F205EA0C052A4311F4403F026059D052
:107EC0004FF00F0C23F0030202F1804202F53D3225
:107ED00003F00306156EF6000CFA06FC25EA0C0EFC
:107EE000584DA84222D005F58065A84200F08C804C
:107EF000554DA84200F08F80DFF850C160457CD01E
:107F0000DFF84CC1604500F08D80DFF848C1604566
:107F100000F08F80DFF840C160450CBF4FF0060CC9
:107F20004FF0070C0CFA06F64EEA060E6FEA08054B
:107F3000C2F860E03A68CE0254BF2A4048EA020222
:107F40003A607A688E0254BF2A4048EA02027A6098
:107F5000D7F884208E0354BF2A4048EA0202C7F8AB
:107F60008420D7F88020C90354BF2A4048EA02027F
:107F7000C7F88020013334FA03F27FF473AF03B003
:107F8000BDE8F08F9640D0F808B00196D9F80C60A3
:107F90000BEA0C0B06FA02FA4AEA0B0AC0F808A030
:107FA000D0F804A0019E2AEA050AC1F300159D40FD
:107FB00045EA0A054560C568BEF1020F05EA0C05F1
:107FC00046EA0506C6607FF471AFD9F8105003F099
:107FD0000706B600B54001950F254FEAD30A00EB1E
:107FE0008A0ADAF820B005FA06F6019D2BEA060B9C
:107FF00045EA0B05CAF8205058E74FF0030C0CFA7D
:1080000006F64EEA060E91E74FF0010C0CFA06F662
:108010004EEA060E8AE74FF0020C0CFA06F64EEA1C
:10802000060E83E74FF0040C0CFA06F64EEA060E35
:108030007CE74FF0050C0CFA06F64EEA060E75E7E3
:1080400000F402400000024200080242000C02421A
:10805000001002420014024200180242002900F0FF
:1080600095802DE9F04F00234FF00F094FF0030AE0
:10807000474E01229A4012EA010E69D023F003050F
:1080800005F18045434F05F53D3503F00304D5F870
:1080900060C0E40009FA04F8B84208EA0C0C1BD0EE
:1080A00007F58067B84259D03B4FB8425AD03B4F92
:1080B000B84261D03A4FB84263D0DFF8E8B05845D3
:1080C00055D0DFF8E4B058450CBF4FF0060B4FF029
:1080D000070B0BFA04F400E00024A44517D1D6F8EE
:1080E000804024EA0E04C6F88040D6F8844024EA92
:1080F0000E04C6F88440746824EA0E047460346880
:1081000024EA0E0434602C6E24EA08042C66046809
:108110005D000AFA05F52C434FEAD30C046000EB2E
:108120008C0C03F00704DCF820E0A40009FA04F446
:108130002EEA0404CCF82040846824EA0504846014
:10814000446824EA02024260C26822EA0502C26070
:10815000013331FA03F28CD1BDE8F08F012707FA21
:1081600004F4BAE74FF0020B0BFA04F4B5E74FF052
:10817000050B0BFA04F4B0E74FF0030B0BFA04F411
:10818000ABE74FF0040B0BFA04F4A6E7704700BF0F
:1081900000F402400000024200080242000C0242C9
:1081A0000010024200140242001802420AB181612A
:1081B00070478162704700BF0268436B9169126823
:1081C00003B11847704700BF704700BF704700BF3A
:1081D0000022016810B50B6880F842205A040CD5C3
:1081E0000B6823F480430B6090F84130292B0ED0AC
:1081F00090F841302A2B24D010BD1B04F4D50B6815
:1082000023F400430B6090F84130292BF0D14FF05C
:10821000280C212380F841C0036390F841300022EC
:1082200003EA0C03634514BF6FF0F20C6FF0420CCD
:108230000B6803EA0C030B6080F84020FFF7C4FFD3
:1082400010BD2824222380F84140036390F8413078
:1082500000222340A34214BF6FF0F4036FF04403E5
:108260000C6823400B6080F84020FFF7AFFF10BD83
:10827000704700BF70B50468C368A169A269022B8A
:108280004FEA1242A5688446E668C1F3004102F055
:10829000FE020FD182EAD51313F00603C5F30902DB
:1082A00006D1856C01358564856C022D0CD070BDBE
:1082B00006F0FE020025236823F0B80323608CF843
:1082C0004050FFF7D5FF70BD08258364E56180F855
:1082D0004030FFF7CDFF70BD704700BF0023202264
:1082E00010B5174C4363C462036380F8412080F8E3
:1082F00042304B0712D50268436A526A1A70436AC9
:10830000028D013343624AB1438D013A013B9BB276
:108310004385436C028543F0040343641024002129
:10832000036890F8412090F841201A6822F0FE027C
:108330001A60DC6180F84010FFF7CEFF10BD00BF6F
:108340000000FFFF704700BF704700BF806A08B59C
:10835000836B0BB100221A64C36B0BB100221A6449
:1083600090F84130602B4FF0000305D0036380F894
:108370004030FFF7E7FF08BD202280F8403080F84A
:1083800041200363FFF7E0FF08BD00BF70B5002583
:10839000554B90F8412080F84250C3624585436CAC
:1083A000283A0B43022A43640446036833D890F802
:1083B000411090F8412001F02801282908BF4621EA
:1083C00002F0280218BFF621282A0CBFC9436FF01B
:1083D000F60128201A680A4044491A6084F84100CE
:1083E000A06B226B616318B1112A3ED0212A3CD0C8
:1083F000E06B18B1122A4ED0222A4CD094F84130AA
:10840000602B4FF0000365D02046236384F8403092
:10841000FFF798FF70BD90F8412090F841201A684E
:1084200022F0FE021A609A69920748BF9D629A691B
:10843000D60703D49A6942F001029A6194F8412068
:10844000602A10D0202284F841209A6995060AD526
:108450009A69D00605D51022DA61626C42F00402F6
:1084600062642022DA610021BAE71A6851042CD430
:10847000FEF7BAFD0128C1D00023A06B1C4A02649C
:1084800084F84030FEF70AFD0028C3D0A06BBDE899
:108490007040036C18471A68120403D51A6822F456
:1084A00000421A60FEF7A0FD0128A7D00023E06B70
:1084B0000F4A026484F84030FEF7F0FC0028A9D08F
:1084C000E06BBDE87040036C18471A6822F48042E4
:1084D0001A60CDE72022204684F8412084F84030FD
:1084E0002363FFF731FF70BD0000FFFF55870008D1
:1084F0004D830008036810B49A69196812F4807FEC
:1085000002F4806408D0090626D4416C11F00B0FE8
:1085100019D15DF8044B7047CCB10906F5D54FF47D
:108520008064416C920541F008014164DC61ECD546
:108530004FF40071426C42F002024264D961416C16
:1085400011F00B0FE5D05DF8044BFFF71FBF94054A
:10855000DBD50A06ECD4D8E7416C41F00101416457
:108560004FF48071D961002CD9D19405CDD5DFE7C6
:1085700070B50446202603680D461968C06A94F851
:108580004120DE61213A092A0ED8DFE802F07705A2
:108590000D0D0D0D0DAA7705222694F841201A68BD
:1085A00022F0FC021A6026635A68684E42F40042C8
:1085B0005A605A6832405A609A69920744BF002252
:1085C0009A629A69D60703D49A6942F001029A61C5
:1085D0004A043BD51A6822F480421A60A26B1AB191
:1085E0001268526892B262856A070AD55A6A636A4B
:1085F00025F004051A70636A01336362238D002B32
:1086000068D1638D9BB21BB1636C43F00403636458
:10861000EB0601D5CE063AD4002384F84230666CCE
:108620006363002E68D1E36A494DAB4218D194F8D8
:1086300041302046222B4FF0200384F8406084F81C
:108640004130266376D0FFF7BFFD70BD0E04CBD559
:108650001A6822F400421A60E26B002AC0D1C3E714
:108660002046FFF7B5FD2023E562204684F841301F
:1086700084F840602663FFF72FFE70BD212694F832
:1086800041201A6822F0FA021A6026638CE7638D93
:108690009BB2002B3ED194F84130282B4DD094F85A
:1086A00041202368292A4FF01002DA61B4D110F575
:1086B000803FB1D09A69910744BF00229A629A69BB
:1086C000D20703D49A6942F001029A612046FFF76B
:1086D0007FFDA1E7013B2385638D013B9BB2638551
:1086E0008FE7002694F8412094F841201A6822F080
:1086F000FE021A60266357E72046616CFFF746FECC
:1087000094F84130282BA0D129462046BDE870407E
:10871000FFF7E4BD10222368DA61636C43F00403C1
:10872000636430F080737FF477AF2046616CFFF7AD
:108730002DFE71E7FFF74AFD70BDB0F1007FAED1AD
:1087400029462046FFF7CAFD66E700BF00E800FEA5
:108750000000FFFF38B590F840C0C56ABCF1010FBA
:1087600070D04FF0010C11F0200F04460B4680F83A
:1087700040C002D012F0200F53D1D80617D5D10631
:1087800015D5628D92B2002A5ED194F84120282A34
:1087900000F0818094F841202368292A4FF01002CC
:1087A000DA6164D00023184684F8403038BD590798
:1087B00019D4190701D510073AD49907F2D59307B0
:1087C000F0D5638D9BB2002B4DD0616A236811F800
:1087D000010B228D9862638D013A013B9BB261626D
:1087E00063852285DEE75007E3D5638D9BB26BB1CD
:1087F0002268636A526A1A70638D616A228D013B36
:108800000131013A9BB2616222856385638D9BB21F
:10881000002BC7D115F5803FC4D02046FFF7D8FC08
:10882000C0E7FFF7A5FE0023184684F84030BDE7F7
:1088300094F8413003F02803282B28D0082223681D
:10884000DA61AFE7022038BD10222368DA61636C79
:1088500043F00403636435F08073A3D12046616C58
:10886000FFF794FD9EE735F080739BD1D5E715F5B2
:10887000803F97D09A69950744BF00229A629A690F
:10888000D007CAD49A6942F001029A61C5E720462E
:10889000FFF7F0FC86E7B5F1007F7FF47BAF194668
:1088A0002046FFF71BFD7DE708490B6813F0010325
:1088B0000AD1024610B40C68184624F0040313438E
:1088C0005DF8044B0B6070470120704700040340C3
:1088D000034A0020136843F001031360704700BF90
:1088E00000040340002844D070B590F89132064649
:1088F00003F0FF02C3B30323306886F8913202F01D
:10890000B7FF3579FDB100213346324601200C46D0
:1089100011740131A942C2E908445074D47442F878
:10892000284FF5D100210A4683F850110131A942A0
:10893000C3E9582283F8512183F85321C3F86821F1
:1089400003F12803F0D1334653F8040B93E80600F3
:1089500002F098FF01220021B37A3173934286F826
:10896000912208D0002070BD80F89022FDF700FA17
:10897000C1E701207047304600F0B4FE002070BD12
:108980002DE9F84F0546006803F0F0FB10F40044B1
:108990002BD1430500F17C8247041BD410F4005115
:1089A00040F09382C60400F1BD81040500F1928479
:1089B000010600F16484820500F1CE84C30512D55E
:1089C0002A68B2F8443023F480731B041B0CA2F80D
:1089D000443008E02A68B2F8443023F480431B0492
:1089E0001B0CA2F84430BDE8F88F2868B0F844307A
:1089F0001904F8D5B0F84440A1B214F00F0436D1F0
:108A000011F0100100F0E180018811F400648BB2D4
:108A100000F0AA8095F85021B0F8503000EBC20267
:108A200012FA83F3B3F80634C3F30903082BC5F82D
:108A30006C3140F06B84B5F8562105F5267103F0D2
:108A4000A9FB40F68F732A68284611880B4043F033
:108A50008003138007F054FC2868B0F844301904F0
:108A6000C1D5B0F84440A1B214F00F04C8D030F81A
:108A70002430A7001FFA83F81B0439D418F0800FA4
:108A8000B4D030F824309BB223F4E14323F07003D8
:108A900043F4004320F824303B1905EBC302D17C9A
:108AA000DB00012900F0EB80117C18F48079D2F80A
:108AB00028E04FEAC10C40F05881B0F850401CFA51
:108AC00084F40444B4F80244C4F30904744580F007
:108AD0000381AEEB040110339162E918536A234419
:108AE0005362D36A2344D36203F012F928687DE706
:108AF00040F68F7330F824203919134043F0800377
:108B000020F8243005EBC10191F85C3191F8502137
:108B1000002B40F08580B0F85030D20012FA83F379
:108B20000344B3F80694C9F30909B9F1000F40F002
:108B3000E481391905EBC103D3F86C21C9004A441B
:108B4000C3F86C21D3F8682122B1D3F860214A45DB
:108B500040F2C6813B1905EBC303284693F8501138
:108B600007F0E0FB286889E71A047FF53FAF40F67D
:108B70008F730288134043F08003038095F85021DF
:108B8000B0F8503000EBC20212FA83F3B3F80634A7
:108B9000C3F30903C5F86C31002B00F0B480D5F89D
:108BA000641100293FF422AFB5F8562103F0F2FA20
:108BB000D5F86431D5F86C21284613442146C5F810
:108BC000643107F0AFFB286810E703889BB223F4F9
:108BD000E14323F0700343F4004303802A7CB0F8A0
:108BE000503000EBC20212FA83F3B3F802346A6A1F
:108BF000C3F309031A442846EB626A6207F09CFB40
:108C00002B7B2868002B3FF4F1AEAB6A002B7FF47E
:108C1000EDAE2A7B42F08002A0F84C202B73E5E6F3
:108C200091F85331022B00F0508230F822309BB281
:108C300023F4E04323F0700343F4004343F0C00304
:108C400020F8223091F8503130F82320DB0012F464
:108C5000804FB0F8502013FA82F3034443D0B3F8A6
:108C60000294C9F30909B9F1000F3FF462AFB1F8FA
:108C700058214B46D1F8641103F08CFA59E70021D2
:108C8000631C03EB830345F83310137FDBB118F04B
:108C90004008537C00F00A82002B40F05F82117C78
:108CA000B0F8503000F2024010FA83F333F831206C
:108CB000C2F3090223F8312033F8312092B242F492
:108CC000004223F83120274405EBC7072846397CAA
:108CD00007F032FB286889E62846C2F8289007F09A
:108CE0002BFB286882E6B3F80694C9F30909B9F1A9
:108CF000000F3FF41EAFB1F85A214B46D1F8641172
:108D000003F048FA15E7038823F4804323F0700347
:108D10001B041B0C83F4405343F4004343F08003D3
:108D2000038063E62A68B2F8403023F004031B0492
:108D30001B0CA2F84030B2F8403023F008031B04AB
:108D40001B0CA2F8403095F8C832012B00F01283BA
:108D5000284607F021FB2A68B2F8443023F48053F8
:108D60001B041B0CA2F844303DE608F4804918F0BF
:108D70004008B0F8503000F0C88000F2024818FAFD
:108D800083F333F83130C3F3090373454AD34FF00B
:108D9000000C537CC2F828C0002B40F0F882B0F8D9
:108DA000503018FA83F333F83120C2F3090223F864
:108DB000312033F8312092B242F4004223F83120BE
:108DC000B0F8503000F2064212FA83F333F8312043
:108DD000C2F3090223F8312033F8312092B242F471
:108DE000004223F831203B1905EBC303DB7C022B47
:108DF0000FD130F8213023F4E04323F040031B046B
:108E00001B0C83F0200343F4004343F0800320F85D
:108E10002130284607F090FA2868B9F1000F3FF496
:108E2000E5ADCBE0AEEB030EC2F828E0B9F1000FE0
:108E30000FD030F821E02EF4E04E2EF0700E4FEA05
:108E40000E4E4FEA1E4E4EF4404E4EF0800E20F86D
:108E500021E007EB040E05EBCE0E9EF83490B9F13D
:108E6000010F00F0CB81274405EBC7073A7C30F8AF
:108E7000223023F4E04323F040031B041B0C83F057
:108E8000300343F4004343F0800320F82230ADE583
:108E90002A682846B2F8443023F480631B041B0C74
:108EA000A2F8443007F056FA95F89032012B3FF4BF
:108EB0009AAD0123214628682C7385F8903203F07F
:108EC0004FF985F89042BDE8F88F2A68B2F844302F
:108ED00023F400531B041B0CA2F84430BDE8F88FA8
:108EE000D3F8642101F5A8714A4428682944C3F8DD
:108EF000642102F00DFF2868C0E5B1F856214B4609
:108F0000D1F8641103F046F913E600F2064A1AFAA2
:108F100083F333F83130C3F30903734561D9C2F8E1
:108F200028803B1905EBC3035B7C002B40F041829A
:108F3000B0F8502000F2024313FA82F232F83130D6
:108F4000C3F3090322F8313032F831306FEA43437A
:108F50006FEA53439BB222F83130B0F850201AFA2E
:108F600082F232F83130C3F3090322F8313032F89B
:108F700031306FEA43436FEA53439BB222F83130FA
:108F80003B1905EBC303DB7C022B0FD130F82130FA
:108F900023F4E04323F040031B041B0C83F0200365
:108FA00043F4004343F0800320F82130284607F0C3
:108FB000C3F92868B9F1000F7FF418AD3B1905EB30
:108FC000C3031A7C30F8223023F4E04323F070030B
:108FD0001B041B0C43F4404343F0800320F8223071
:108FE00004E5AEEB030EC2F828E0BEF1000F98D006
:108FF000B9F1000F0FD130F821E02EF4E04E2EF041
:10900000700E4FEA0E4E4FEA1E4E4EF4404E4EF09A
:10901000800E20F821E007EB040E05EBCE0E9EF843
:109020003480B8F1010F7FF41EAFDEF8246006EB48
:109030000308CEF82480D66A06EB0309C2F82C9008
:10904000DEF83090DEF820209145C0F0D081A9EB09
:109050000203CEF8303093B207EB040E05EBCE0ED0
:109060009EF811B0BBF1000F40F0B681B0F850E0AF
:109070001AFA8EFE3EF83190F444C9F309092EF82D
:109080003190002A40F0E4813EF831206FEA4242FC
:109090006FEA524292B22EF831203A1905EBC20221
:1090A0004146528B03F066F82868DCE6002B62D05C
:1090B000012B7FF408AEB0F85030127C00F206406D
:1090C00010FA83F323F83280FDE5B0F850C04FEA80
:1090D000C20919FA8CFC18F4804ED1F86831844426
:1090E0004FD0BCF802C4CCF3090C9C45E14600F219
:1090F0004781A3EB0C03C1F868317BB930F822102B
:1091000021F4804121F070010904090C81F400511F
:1091100041F4004141F0800120F8221018F0400F86
:109120000DD030F8223023F4E04323F070031B0409
:109130001B0C43F4004343F0C00320F82230BCF181
:10914000000F3FF4F6AC391905EBC101B1F8582115
:109150006346D1F8641103F01DF8EAE4012B7FF4B3
:10916000B2ADB0F85030127C00F2024010FA83F336
:1091700023F83210A7E5B0F85030117C00F2064019
:1091800092E5BCF806C4CCF3090C9C45E14600F21C
:10919000FB80A3EB0C03C1F868317BB930F82210D7
:1091A00021F4804121F070010904090C81F400517F
:1091B00041F4004141F0800120F8221018F0400FE6
:1091C0000DD130F8223023F4E04323F070031B0468
:1091D0001B0C43F4004343F0C00320F82230BCF1E1
:1091E000000F3FF4A6AC391905EBC101B1F85A21C3
:1091F0006346D1F8641102F0CDFF9AE4DEF82460F2
:1092000006EB0309CEF82490D66A06EB030AC2F8EF
:109210002CA0DEF830A0DEF820209245C0F0F980C6
:10922000AAEB0203CEF8303093B207EB040E05EB45
:10923000CE0E9EF811B0BBF1000F40F0DF80B0F809
:1092400050E018FA8EFE3EF83180F444C8F3090865
:109250002EF83180002A40F022813EF831206FEA5A
:1092600042426FEA524292B22EF831203A1905EB8F
:10927000C2024946128B02F07DFF2868F3E52A6896
:10928000B2F8443023F080031B041B0CA2F84430D6
:1092900095F8C832002B5AD10121B2F84030284647
:1092A0009BB243F00403A2F84030B2F840309BB2C6
:1092B00043F00803A2F8403085F8C812B2F85430E1
:1092C000C3F38D0303F03C03C5F8CC32BDE8F84F7F
:1092D00000F022BA2A682846B2F840309BB243F028
:1092E0000803A2F84030B2F8443023F400631B04B2
:1092F0001B0CA2F84430B2F840309BB243F0040398
:10930000A2F8403007F038F8FFF76DBB48F2800153
:1093100040F68F72038823F4804323F070031B040C
:109320001B0C83F480530B430380038823F4E04336
:1093300023F040031B041B0C83F01003194301802E
:109340000388134043F080030380FFF74CBB28469B
:1093500007F012F8FFF747BB2A682846B2F84430F6
:1093600023F400731B041B0CA2F8443006F0EEFF3C
:10937000FFF739BB284685F8C81200F0CDF9E7E4BD
:109380000023C1F86831B9E6C1F868E106E7012BAE
:109390007FF429ADB0F8503000F2064218FA83F39A
:1093A00023F831C0B0F8503012FA83F323F831C0FB
:1093B00019E5012B7FF4E4AD0022B0F8503000F243
:1093C000024C1CFA83F323F83120B0F850301AFA1B
:1093D00083F323F83120D3E5BBF1010F7FF45DAEB9
:1093E000B0F850201AFA82F222F8313055E6B9F17D
:1093F000000F15D11A468EF834902DE6BBF1010FFF
:109400007FF434AFB0F8502018FA82F222F83130ED
:109410002CE7BAF1000F2AD11A468EF834A004E7DF
:1094200000229EF811B01FFA89F3CEF830208EF892
:109430003420BBF1000FCFD1B0F850E04A461AFA01
:109440008EFE3EF83190F444C9F309092EF83190AC
:109450003E2A33D8BCF8001002F0010E89B20EEBA0
:10946000520241EA822292B2ACF8002015E60022B4
:109470009EF811B01FFA8AF38EF83420CEF830200F
:10948000BBF1000FBAD15246B0F850E018FA8EFE88
:109490003EF83180F444C8F309082EF831803E2AA2
:1094A0001ED8BCF8001002F0010E89B20EEB520279
:1094B00041EA822292B2ACF80020D7E65109D206E6
:1094C000BCF8002008BF01F1FF3192B242EA8122CC
:1094D0006FEA42426FEA524292B2ACF80020DCE5F9
:1094E0005109D606BCF8002008BF01F1FF3192B245
:1094F00042EA81226FEA42426FEA524292B2ACF8EB
:109500000020B3E690F89022012A0DD010B5012278
:1095100004460068217384F8902202F021FE0023A3
:1095200084F89032184610BD0220704701F0070CF5
:1095300010B5090604460CEB8C004FEAC00021D49C
:109540004FF0000E00F5A871204480F851E121444D
:10955000022BCB7008BF0023C2F30A0208BF0B71B5
:1095600081F800C00A6194F89032012B13D00123D6
:10957000206884F8903202F09BF9002384F890323E
:10958000184610BD4FF0010E00F11001204480F884
:1095900011E02144DCE7022010BD00BF10B500241B
:1095A00001F0070101EB810E00EBCE0C8CF850119D
:1095B0008CF851410068CCF86421CCE95A340CF5A0
:1095C000A87102F0A5FB204610BD00BF01F0070105
:1095D00038B501EB810E00EBCE0C01258CF8101094
:1095E000002461468CF834508CF811500068CCF897
:1095F0002420CCE90B43CCF82830103102F088FB52
:10960000204638BD10B50379044601F007008342B7
:109610002ED30B061AD401EB8101C90001F5A87203
:109620006318A118002283F85121012308708B7060
:1096300094F890229A4219D084F89032206802F06F
:1096400019FD002384F89032184610BD012200EB6A
:109650008003DB0003F1100123445A7401232144E9
:1096600008708B7094F890229A42E5D1022010BDC8
:10967000012010BD38B5027901F00F039A422FD3B3
:1096800001F0070202EB8203090604464FEAC30316
:1096900017D403F5A871014403440025002083F882
:1096A00051010A708D7094F89032012B16D001236D
:1096B000206884F8903202F005FD84F89052284624
:1096C00038BD03F110010144034400250120587402
:1096D0000A708D7094F89032012BE8D1022038BDC9
:1096E000012038BD0246002310B40124116882F81D
:1096F000C8321846B1F85430C2F8D0429BB2234366
:10970000A1F85430B1F854305DF8044B9BB243F0EB
:109710000203A1F854307047704700BF024B18682D
:1097200000F4C060704700BF00700040174A136823
:10973000116911F4104F25D0D168090422D403F423
:10974000C06383421CD01368114923F4C0630343F0
:1097500013600B680F495B09A1FB03135169DB0917
:1097600003EB8303480503F1010305D55169013B70
:10977000490501D5002BF9D1044B5B695B0503D486
:1097800000207047012070470320704700700040A0
:10979000F4000320C55A7C0A024A536843F48063EC
:1097A0005360704700700040024A936843F480435E
:1097B000936070470070004030B51E4C0546A36DA5
:1097C00083B0DB0021D5FFF7A9FF30F4007315D07B
:1097D000802D2AD82BD0A5F17003B3FA83F35B094F
:1097E00015490A6822F00F021A430A60086800F05F
:1097F0000F00C01A18BF012003B030BD802DEFD973
:10980000A02D8CBF02230123EAE7A36D43F0805310
:10981000A365A36D03F080530193019BFFF77EFFC7
:10982000A36D23F08053A365CFE70323D8E702237A
:10983000D6E700BF00100240002002402B4A936888
:10984000D26813F00C0307D00C2B33D0042B39D083
:10985000082B35D000207047244A1168090754BFEF
:10986000D2F894201268224954BFC2F30322C2F3F3
:10987000031251F82200002BEDD01C49CA68CB68B6
:1098800002F00302C3F30313022A03F1010324D0FD
:10989000032A19D0B0FBF3F0CB68C3F3062303FB14
:1098A00000F0124BDB68C3F3416301335B00B0FB94
:1098B000F3F0704702F00302012ACDD00020DCE76C
:1098C0000C4870470C4870470A4AC868B2FBF3F36B
:1098D000C0F3062003FB00F0E3E7074AC868B2FBC9
:1098E000F3F3C0F3062003FB00F0DAE700100240B8
:1098F00038300108809698000024F400002800F019
:10990000DE809F4A2DE9F8431368814603F00F0378
:109910008B420C460CD2136823F00F030B431360E9
:10992000136803F00F038B4202D00120BDE8F883D7
:10993000D9F80030980703F0010240F19A80914D68
:10994000D9F80800A96801F0F001884204D9A96893
:1099500021F0F0010143A960002A4DD0D9F804504C
:10996000884B032D00F08D80022D1B6800F0A38032
:10997000002D40F0A6809E07D7D5FFF75FFF824BF2
:10998000984205D97F4B9A6812F0F00F00F09F8043
:109990007C4FBB6823F003032B43BB60FCF79EFBAB
:1099A000BB68D9F8042003F00C03B3EB820F064622
:1099B00018BF4FF0000819D041F28837714DFCF7FD
:1099C0008DFBD9F80430821BBA424FEA830304D9D5
:1099D000AA6802F00C029A4277D1AA6802F00C023F
:1099E0009A42ECD1B8F1000F40F08C80D9F80030E9
:1099F000990707D5D9F8080062498A6802F0F00291
:109A0000824252D85E490A6802F00F02A24209D986
:109A10000A6822F00F0222430A600A6802F00F026D
:109A2000A24282D15A0707D55649D9F80C008A6854
:109A300022F4E06202438A601B0708D5514AD9F834
:109A40001010936823F4605343EAC1039360FFF757
:109A5000F5FE03464B4A4D4992684D48C2F3031246
:109A6000895C4C4ACB4013600068BDE8F843FCF7C2
:109A7000EDB9002AC6D0D9F80450424B032D7FF42B
:109A800073AF1A6891017FF550AFD968DA6801F0B9
:109A90000301C2F30312022902F1010238D00329A3
:109AA00065D0012954D0DB6872E78A6822F0F002A1
:109AB00002438A60A6E79F033FF55FAF35E70120C9
:109AC000704758057FF531AF57E703202EE79A68B6
:109AD00022F0F00242F080029A602A4FBB6823F025
:109AE00003032B43BB60FCF7F9FABB68D9F80420E9
:109AF00003F00C03B3EB820F064618BF4FF080084B
:109B00007FF45AAF1F4A936823F0F00393606DE728
:109B10002149DB68B1FBF2F2C3F3062303FB02F237
:109B200018491948CB68C3F3416301335B00B2FBAA
:109B3000F3F383427FF62CAF8B6813F0F00F7FF4C2
:109B400027AF8B6823F0F00343F080038B60C4E7FA
:109B50001A68120754BFD3F894301B680F4A54BFD9
:109B6000C3F30323C3F3031352F82320D8E70C49AC
:109B7000DB68B1FBF2F2C3F3062303FB02F2CFE78B
:109B8000002002400010024000B4C40480300108EC
:109B9000FC000320F40003200024F4003830010806
:109BA00080969800002800F0B7832DE9F041174B0C
:109BB00002689D68DE68D1060446134682B005F04F
:109BC0000C0506F003063BD5002D00F06A810C2D34
:109BD00000F06481E3690D4FD3B13B6843F00103AA
:109BE0003B60FCF77BFA80463B689A0700F1CA822B
:109BF000FCF774FAA0EB08000228F5D93B689B0734
:109C0000F2D4032002B0BDE8F08100BF0010024092
:109C10003B6823F001033B60FCF760FA3B68804639
:109C200099070BD5FCF75AFAA0EB0800022802D9D5
:109C30003B689A07E5D43B689B07F3D42268134638
:109C4000D1072DD5082D00F095810C2D00F08F81C6
:109C50006368B3F5803F00F0B681B3F5A02F00F044
:109C600005838B4F3A6822F480323A603A6822F4D6
:109C700080223A60002B40F0AB81FCF72FFA3B6862
:109C800080469A030BD5FCF729FAA0EB080064285C
:109C900002D93B689B03B4D43B689903F3D423688F
:109CA0009A0713D5042D40F03D81794B1B685B0565
:109CB00003D5E368002B00F05881754A2169536889
:109CC00023F0FE4343EA0163536023681A072BD550
:109CD0006369002B00F05981A3696D4A002B40F0A5
:109CE000D681D2F8943023F01003C2F89430684D36
:109CF000D5F8943043F00103C5F89430FCF7EEF941
:109D0000D5F8943006469B070DD4FCF7E7F9801B85
:109D1000072804D9D5F894309F077FF572AFD5F89E
:109D200094309907F1D523685D0765D5584B9A6D36
:109D3000D00000F1288101259A6D42F080529A6589
:109D40009B6D03F080530193019B524E3368D905FC
:109D500040F1D981A368DA0740F150815A0740F1F8
:109D600026824B4BD3F8902042F00402C3F8902097
:109D7000D3F8902042F00102C3F89020FCF7AEF92E
:109D8000434F0646D7F890309B070FD441F28838EE
:109D9000FCF7A4F9801B404504D9D7F890309A0706
:109DA0007FF52FAFD7F890309B07F1D5A368190640
:109DB00040F10582364FD7F8903043F08003C7F862
:109DC0009030D7F8903019050FD441F28838FCF75D
:109DD00085F9801B404504D9D7F890301A057FF5E6
:109DE00010AFD7F890301B05F1D525B1284A936DF7
:109DF00023F08053936523689A061FD5A36A244DE8
:109E0000002B00F06381D5F8983043F00103C5F8CA
:109E10009830FCF763F9D5F8983006469B070DD4C7
:109E2000FCF75CF9801B022804D9D5F898309F070D
:109E30007FF5E7AED5F898309907F1D5E36A23B3FB
:109E4000134DAA6802F00C020C2A00F0D581022BF7
:109E50002B6823F080732B6000F01582FCF73EF92D
:109E60002B68044699010BD5FCF738F9001B022832
:109E700003D92B689A013FF5C4AE2B689B01F3D43C
:109E8000034A054BD1680B40D3600020BAE600BFFF
:109E90000010024000700040FCFFEEFE012E7FF437
:109EA00099AEA64B1B689B075CD4A44B606A1A68EA
:109EB000170756BFD3F894301B681B0903F0F00353
:109EC000984200F243819D4B1A6842F008021A60E2
:109ED0001A6822F0F00202431A605A68216A22F4DA
:109EE0007F4242EA01225A60002D00F0B981FFF75B
:109EF000A5FC0346914A92499268C2F30312895C19
:109F0000904ACB401068904A1360FBF79FFF0028EF
:109F10007FF478AE2368D9071A463FF596AE9907C5
:109F20007FF5D4AE0C2D00F02981E368834D002B22
:109F300000F0B4802B6843F480732B60FCF7CEF8FC
:109F40002B6806465F053FF5B8AEFCF7C7F8801BE7
:109F5000022803D92B6859057FF553AE2B685A05A3
:109F6000F3D5AAE6E369002B9FD101204AE6032E30
:109F70007FF46EAE714B1B689F0302D56368002BA4
:109F8000F3D01346CBE70025DFE66C4DD5F89430CF
:109F900023F00103C5F89430FCF7A0F8D5F894300D
:109FA00006469A077FF5BFAEFCF798F8801B072896
:109FB00004D9D5F894309B073FF523AED5F89430FB
:109FC0009F07F1D4AFE65D4A136843F48033136012
:109FD000FCF784F8594F80463B689A033FF55FAE23
:109FE000FCF77CF8A0EB0800642803D93B689B03CE
:109FF0007FF507AE3B689903F2D550E64F4ED6F891
:10A00000902022F00102C6F89020D6F8902022F08D
:10A010000402C6F89020002B7FF4B0AEFCF75EF887
:10A02000D6F89030074699070FD541F28838FCF7EB
:10A0300055F8C01B404504D9D6F890309B073FF532
:10A04000E0ADD6F890309907F1D43C4ED6F8903078
:10A050001A067FF5CAAED6F8903023F08003C6F812
:10A060009030D6F890301A057FF5BFAE41F28838AF
:10A07000FCF734F8C01B404504D9D6F890301B05D6
:10A080003FF5BFADD6F890301905F1D4ADE6D2F862
:10A09000943043F01003C2F8943028E62B6823F480
:10A0A00080732B60FCF71AF82B6806465B050BD50E
:10A0B000FCF714F8801B022803D92B685F053FF5D5
:10A0C000A0AD2B685905F3D42368FFE5D5F8983087
:10A0D00023F00103C5F89830FCF700F8D5F8983064
:10A0E00006469A077FF5AAAEFBF7F8FF801B022809
:10A0F00004D9D5F898309B073FF583ADD5F8983053
:10A100009F07F1D49AE6336843F480733360FBF71A
:10A11000E5FF33680746DB053FF51CAE03E0336817
:10A12000D9053FF517AEFBF7D9FFC01B0228F6D9BA
:10A130003368D8057FF565ADF1E700BF0010024038
:10A1400080300108FC000320F4000320FFF734FBFB
:10A1500000287FF40AAF714B1A6842F008021A60B7
:10A160001A68616A22F0F0020A431A605A68216A8A
:10A1700022F47F4242EA01225A60B8E6022E7FF4BE
:10A18000D4AE92E5654B1A6842F008021A601A686C
:10A19000616A22F0F0020A431A605A68216A22F4C6
:10A1A0007F4242EA01225A602268134648E55B4A30
:10A1B000D2F8903043F00103C2F89030DEE5574FFB
:10A1C000D7F8903023F08003C7F89030D7F890305C
:10A1D00019057FF50AAE41F28838FBF77FFF801B37
:10A1E000404504D9D7F890301A053FF50AADD7F8A5
:10A1F00090301B05F1D4F8E5012B3FF4B6AEEB68C7
:10A20000226B03F0030191427FF4AFAE616B03F068
:10A21000F0020139B2EB011F7FF4A7AEA16B03F48A
:10A22000FE42B2EB012F7FF4A0AEE16B03F0784267
:10A23000B2EBC16F7FF499AE226C03F4C0015208F7
:10A24000013AB1EB425F7FF490AE626C03F0C06301
:10A250005208013AB3EB426F14BF01200020D1E451
:10A26000FFF7AAFA00283FF442AE7EE603F18043EE
:10A27000A3F53C331A6842F480221A601A6842F44B
:10A2800080321A60A4E6FBF729FF2B680646990185
:10A290000BD5FBF723FF801B022803D92B689B01FA
:10A2A0003FF5AFAC2B689F01F3D41C4D1C4BE96804
:10A2B000226B0B40606B1343D4E90E1243EA012377
:10A2C00043EAC2630138D4E91012490843EA001393
:10A2D00001395208013A43EA415343EA4263EB60D1
:10A2E0002B6843F080732B60EB6843F08073EB6066
:10A2F000FBF7F4FE2B6804469A013FF5C6ADFBF769
:10A30000EDFE001B022803D92B689E017FF579AC76
:10A310002B689801F3D5B8E5012070470010024082
:10A320000C809F0108B5FFF789FA074B07499A6827
:10A330009B68C2F303128A5C0549C3F3C223CB5C5A
:10A34000D040D84008BD00BF001002408030010856
:10A35000783001080F220E4B10B402609A680D4C41
:10A3600002F0030242609A6802F0F00282609A688A
:10A3700002F4E062C2609B68DB0803F4E0630361FF
:10A3800023685DF8044B03F00F030B60704700BFB8
:10A390000010024000200240F8B5044600680F4655
:10A3A00002284ED0032845D0012848D1394B1B68DC
:10A3B0009E073ED5374D2B6823F080632B60FBF75B
:10A3C0008DFE064604E0FBF789FE831B022B4AD86C
:10A3D0002B681901F7D4D4E90132013B100221683E
:10A3E0001A01002F33D0012F2A4D45D02E692A4B58
:10A3F00033400B430343134362695208013A43EA73
:10A4000042632B61234D2B6843F080632B60FBF785
:10A4100065FE064604E0FBF761FE831B022B27D88E
:10A420002B681B01F7D500201A4AA16913690B4359
:10A430001361F8BD174B1B6813F4C02FBAD101206C
:10A44000F8BD144B1B685D05B4D40120F8E7114D2D
:10A45000124B2E6933400B43E168034343EAC16367
:10A4600013432B61CEE72B681801B4D50320F8BD48
:10A470002B681A01FAD5D6E72E69094B33400B43F6
:10A480000343134322695208013A43EA42532B61C2
:10A49000B8E700BF001002400C80FFF90C80FF07F6
:10A4A0000C809FFF70B504460068022847D003283F
:10A4B0003ED0012841D1294B1B689E0737D5274D37
:10A4C0002B6823F080532B60FBF708FE064604E060
:10A4D000FBF704FE831B022B37D82B689900F7D4B7
:10A4E0001E4D1F4B696922680B401343D4E90212C9
:10A4F00043EA012343EAC2636268013A43EA021372
:10A500006B612B6843F080532B60FBF7E7FD064639
:10A5100004E0FBF7E3FD831B022B1BD82B689B0099
:10A52000F7D500200D4A216953690B43536170BD73
:10A530000A4B1B6813F4C02FC1D1012070BD074B1B
:10A540001B685D05BBD40120F8E72B689800C7D5D0
:10A55000032070BD2B689A00FAD5E2E70010024094
:10A560000C80FF072DE9F0470368044613F40065EB
:10A5700082B01BD0C16E402900F03D8200F25882AB
:10A58000002900F02282202940F058822030FFF775
:10A5900089FF054623684DB9E16E0025B648D0F81D
:10A5A0009C2022F0E0020A43C0F89C20DF0440F126
:10A5B0004F81216FB1F5007F00F0168200F23F81DC
:10A5C000002900F00782B1F5807F40F0408104F15E
:10A5D0002000FFF767FF07462368002F40F0028244
:10A5E000A549206FD1F89C209E0322F4E06242EA44
:10A5F0000002C1F89C2000F12F81D90708D59E499F
:10A60000606BD1F8882022F003020243C1F8882051
:10A610009A0708D59849A06BD1F8882022F00C023F
:10A620000243C1F888205E0708D59349E06BD1F852
:10A63000882022F030020243C1F88820180708D58C
:10A640008D49206CD1F8882022F0C0020243C1F865
:10A650008820D90608D58849606CD1F8882022F472
:10A6600040720243C1F888209A0608D58249A06C3E
:10A67000D1F8882022F440620243C1F888209E0568
:10A6800008D57D49E06DD1F8882022F440220243AC
:10A69000C1F88820580508D57749206ED1F8882060
:10A6A00022F440120243C1F88820590208D57249A9
:10A6B000606ED1F8882022F440020243C1F888205D
:10A6C0009A010CD5A26EB2F1807F00F06D81B2F1DB
:10A6D000007F00F02681002A00F0298101255F0615
:10A6E00008D56549E06CD1F8882022F44052024335
:10A6F000C1F888201E0608D55F49206DD1F8882052
:10A7000022F440420243C1F88820D80508D55A49AE
:10A71000606DD1F8882022F440320243C1F88820CD
:10A72000D90208D55449A06DD1F89C2022F003022B
:10A730000243C1F89C209A0411D54F49606FD1F8AB
:10A740008820B0F1006F22F0406242EA0002C1F8B6
:10A75000882000F02481B0F1806F00F060811F0339
:10A760001BD5A16FB1F5804F00F005814248B1F1D2
:10A77000806FD0F8882022F0406242EA0102C0F8DF
:10A780008820D0F89C2022F48042C0F89C2000F061
:10A790005781B1F1006F00F034815E0311D5364965
:10A7A000E06FD1F88820B0F1006F22F0406242EAF9
:10A7B0000002C1F8882000F0D980B0F1806F00F06D
:10A7C000258158040ED52C48D4F88010D0F8882064
:10A7D000B1F1805F22F0405242EA0102C0F88820C5
:10A7E00000F0EA80D90309D52349D4F88400D1F8D0
:10A7F0009C2022F004020243C1F89C209A0209D551
:10A800001D49D4F88800D1F89C2022F01802024398
:10A81000C1F89C20DB010ED5174AD4F88C10D2F871
:10A820009C30B1F5001F23F4401343EA0103C2F842
:10A830009C3000F0AC80284602B0BDE8F087B1F54E
:10A84000407F00F0D680B1F5806F00F0D280012506
:10A850002F469E037FF5D1AE074B9A6DD00054D59D
:10A860004FF00008054E336843F480733360FBF704
:10A8700035FC81460AE000BF001002400070004035
:10A88000FBF72CFCA0EB090002285BD83368DA0543
:10A89000F6D5002F5CD1DFF8C8A1D4F89010DAF813
:10A8A000903013F4407327D08B4225D0DAF89020F3
:10A8B000DAF8903043F48033CAF89030DAF8903008
:10A8C00023F48033CAF8903022F44073CAF89030F1
:10A8D000D30711D5FBF702FC41F28839064605E0A3
:10A8E000FBF7FCFB801B484500F2B380DAF89030A0
:10A8F0009807F5D5D4F89010594AD2F8903023F43F
:10A9000040730B43C2F8903023E09A6D4FF001087A
:10A9100042F080529A659B6D03F080530193019B36
:10A92000A0E70021201DFFF737FD07462368DFB9A8
:10A930004B49A06ED1F8882022F040720243C1F842
:10A940008820CCE63368D905A3D403252F4600E040
:10A950003D462368B8F1000F3FF44FAE40498A6D81
:10A9600022F080528A6548E63D46B8E6CA6842F45D
:10A970008012CA6025E73A4AD2F89C1041F480411F
:10A98000C2F89C10D16841F48031D16005E72846B7
:10A99000D36843F48013D36002B0BDE8F087CA687F
:10A9A00042F48012CA60DAE62D49CA6842F4801285
:10A9B000CA60002FD8D1BBE70221201DFFF7ECFCB5
:10A9C0002368002818BF05460CE70430FFF7E4FCB5
:10A9D0000546DFE5201DFFF7DFFC07462368002F53
:10A9E0003FF4FEAD3D4634E71D49CA6842F480326B
:10A9F000CA602F46F1E51A48C26842F48032C2604C
:10AA0000CBE5C26842F48012C260C6E60121201D77
:10AA1000FFF7C2FC2368002818BF0546D1E60121D4
:10AA2000201DFFF7B9FC2368002818BF054696E6ED
:10AA300060293FF4B2AD80293FF4AFAD0125B5E503
:10AA40000121201DFFF7A8FC2368002818BF054638
:10AA5000A3E6DAF890309E077FF577AF4AE700BFAC
:10AA600000100240114B10B4996B114A41F08071F3
:10AA70009963996B21F0807199630368D0E9014172
:10AA800023430B43D0E90341234343EA014353608B
:10AA90001368416923F4FE4343EA012313601368FA
:10AAA0005DF8044B43F060031360704700100240F0
:10AAB0000060004000285AD038B5437A044603F0BD
:10AAC000FF02002B49D0D4E9003502214AF2B3201D
:10AAD0006172284A19682A43274D21F00401196040
:10AAE0001A601D6118611A6822F080421A60FBF733
:10AAF000F5FA054623681A6851000ED5FBF7EEFA01
:10AB0000401B02282368F6D91A685200F3D50122A7
:10AB1000022362720120E36038BD1A6842F0040229
:10AB20001A605B68580603D504236372012038BDA0
:10AB3000FBF7D4FA054623685B68D90711D4FBF705
:10AB4000CDFA401B02282368F6D95A68D207F3D4FD
:10AB5000042202236272E360E8E70272FBF768F8FE
:10AB6000B1E70122002362721846E36038BD01207C
:10AB7000704700BF000DF040BC0A5917704700BF76
:10AB8000026810B553680446990613D4580605D5D3
:10AB9000590723D4516821F040015160DB0708D5E3
:10ABA000136823F0080313609168637A2161042B12
:10ABB0000CD110BD1023C360042320466372F8F744
:10ABC0007BFE6FF0600223685A6010BD01220023F3
:10ABD000204662722372FFF7D1FF10BD0823E360A5
:10ABE000136823F008031360E6E700BF002300B5F5
:10ABF000026883B001935368014658070AD453682A
:10AC000023F0400353600020CB6823F00803CB609F
:10AC100003B000BD0220136843F080431360136843
:10AC200023F080431360019002E013685B0012D5AB
:10AC3000019B013B0193019B002BF6D101224A723B
:10AC40000B72CB68084643F00203CB60F8F734FE82
:10AC5000012003B000BD536858060CD402230193B1
:10AC600002E053685B07CED5019B013B0193019B3A
:10AC7000002BF6D1E2E7536823F040035360EDE781
:10AC8000F8B5037A012B43D00122437A044693425C
:10AC9000DFB2027206D004231746C360002323727A
:10ACA0003846F8BD0222036842725B680E465906B8
:10ACB00016D4FBF713FA054623685A68D20718D44E
:10ACC000FBF70CFA401B02282368F6D95A6812F0E9
:10ACD0000102F2D10121022361722272E360DFE7F7
:10ACE0000823C360FFF782FF0128E2D12023E3603D
:10ACF000D6E79A685B68226113F0400316BF082309
:10AD00001F46E3604FF0010308BF32606372C5E77E
:10AD100002273846F8BD00BF704700BF30B5026853
:10AD200004465168936885B013F0400FC3F3801553
:10AD300019D113F0010F2FD1980745D49D0600F1CA
:10AD40009180DB050DD58D060BD50020236E43F0D9
:10AD500008032366039093680393039B236E002BE1
:10AD60005AD105B030BD13F002001AD008067CD4C9
:10AD700013F020002CD18D06F3D594F85D50032DEF
:10AD800079D0256E45F0040525660090D0680090C6
:10AD90009068009000983AE011F0400FCCD0C36C5E
:10ADA00065E08D06DDD594F85D50032D63D0256EEA
:10ADB00045F0040525660090D068009090680090EA
:10ADC0000098980623D515E008064ED49806B8D505
:10ADD0008806C6D575B194F85D0003284BD0206E67
:10ADE00040F00400206600200090D0680090906839
:10ADF00000900098206E40F0010020660020029034
:10AE000090680290106820F0400010600298DB0506
:10AE10009BD4236E002BA4D0012053688D0723F010
:10AE2000E003536084F85D002DD05368A06D23F0DB
:10AE30000303536040B1164B0364FCF72FF818B1BD
:10AE4000236E43F040032366606D002889D0104BC9
:10AE50000364FCF723F8002883D0236E43F04003FB
:10AE600023667EE78806C5D47BE72046236D05B0C0
:10AE7000BDE83040184700230193D36801939368DD
:10AE80000193019B6DE72046FFF746FF69E700BF8E
:10AE900095AE000808B50023806AA0F84630C38745
:10AEA000FFF73AFF08BD00BF30B4036A124D046AD1
:10AEB000A84224F0010404620ED0104CA0420BD032
:10AEC00004F54064A04207D004F58064A04203D09A
:10AED00004F58064A04203D1046A24F004040462EF
:10AEE000846923F00A0324F0F00C4CEA021219439F
:10AEF000826130BC01627047002C01400034014087
:10AF000090F83D30012B23D102210368164A80F8C6
:10AF10003D1093421ED0B3F1804F1BD0A2F5943266
:10AF2000934217D002F58062934213D002F58062FB
:10AF300093420FD002F5943293420BD002F5406257
:10AF4000934207D01A6842F001021A60002070474D
:10AF5000012070479968054A0A40062AF6D0B2F5E2
:10AF6000803FEFD100207047002C01400700010016
:10AF700090F83D30012B26D10222036880F83D2055
:10AF8000DA68174942F001028B42DA601DD0B3F152
:10AF9000804F1AD0134A934217D002F58062934231
:10AFA00013D002F5806293420FD002F5943293429F
:10AFB0000BD002F54062934207D01A6842F00102BA
:10AFC0001A6000207047012070479968064A0A40BD
:10AFD000062AF6D0B2F5803FEFD10020704700BFBF
:10AFE000002C0140000400400700010038B590F833
:10AFF0003C30012B6AD0044602250123006884F806
:10B000003C3084F83D5085684B4A2A4082600A688B
:10B01000602A6AD010D8402A5AD02CD8202A4BD087
:10B0200048D832F0100147D018460122002384F896
:10B030003D2084F83C3038BDB2F5805F13D0B2F5C6
:10B04000005F27D0702AEFD1D1E901538268C96827
:10B050002B4322F47F4243EA012313438360836836
:10B0600043F0770383600122002384F83D2084F8B5
:10B070003C30002038BD502AD6D1CA684968FFF755
:10B0800013FF836823F4401323F0700343F0570346
:10B090008360E8E78268D1E90153C9682B4322F451
:10B0A0007F4243EA012313438360836843F4804370
:10B0B0008360D8E7302AB7D1836823F4401323F0A4
:10B0C0007003134343F007038360CCE7022038BDCD
:10B0D000CA684968FFF7E8FE836823F4401323F049
:10B0E000700343F047038360BDE7036A026A4D685B
:10B0F00022F01002C9680262104A904217D002F58D
:10B100000062904213D0826923F0A00322F47042BF
:10B1100043EA051342EA013282610362836823F441
:10B12000401323F0700343F0670383609BE7026AD8
:10B1300022F040020262E6E78800CEFF002C0140C8
:10B14000704700BF704700BF704700BF704700BF27
:10B15000036870B5DE681C690546A20701D5B10712
:10B160005AD4630701D5700743D4210701D53207AC
:10B170002DD4E00601D5F10616D4E20701D5F30778
:10B1800063D414F4025F0AD0300666D4600601D599
:10B19000710673D4A20601D5B3064DD470BDE20585
:10B1A000F4D5330662D4F1E76FF0100108222B6862
:10B1B000284619612A77DB6913F4407F6FD1FFF7C6
:10B1C000BFFF2846FFF7C0FF00232B77D5E76FF0BE
:10B1D000080104222B68284619612A77DB699B073E
:10B1E0005AD1FFF7ADFF2846FFF7AEFF00232B77BC
:10B1F000BFE76FF0040102222B68284619612A7705
:10B200009B6913F4407F44D1FFF79AFF2846FFF76C
:10B210009BFF00232B77A8E76FF002021A6101223F
:10B2200002779B699A0731D1FFF78AFF2846FFF71B
:10B230008BFF00232B7794E76FF020022B682846C2
:10B24000BDE870401A6100F005B96FF001022B688B
:10B2500028461A61F5F768FE93E76FF402522B68EF
:10B2600028461A6100F0F8F8E1058FD56FF4807276
:10B270002B6828461A6100F0F1F887E76FF040026A
:10B280002B6828461A61FFF761FF83E7FFF75AFF33
:10B29000CFE7FFF757FFBCE7FFF754FFA6E7FFF73D
:10B2A00051FF91E770B4284E0368B0424A698D6837
:10B2B0000C6839D0B0F1804F20D0A6F59436B0425A
:10B2C0001CD006F58066B04218D006F58066B04204
:10B2D00014D006F59436B04226D01C4EB04227D08A
:10B2E00006F58066B04223D006F58066B0421FD0D6
:10B2F00023F08003C5621A4384620CE04E6823F099
:10B300007003C968334323F440730B4323F0800375
:10B31000C5621A438462012170BC036843F00403D0
:10B3200003604161026070474E6823F0700333434D
:10B33000CE6823F440733343C56223F080038462F4
:10B340001A430B690363E6E7002C0140004001400B
:10B3500070B310B590F83D30044603F0FF0213B30C
:10B360000223214684F83D3051F8040BFFF79AFF81
:10B37000012384F8483084F83E3084F83F3084F864
:10B38000403084F8413084F8423084F8433084F807
:10B39000443084F8453084F8463084F8473084F8E7
:10B3A0003D30002010BD80F83C20FAF771FCD7E753
:10B3B0000120704790F83C20012A45D00346022026
:10B3C00070B41A68214E83F83D00B24250680D688F
:10B3D000946827D006F50066B2422CD020F07000A9
:10B3E0002843B2F1804F50600ED0194882420BD0F2
:10B3F00000F58060824207D000F58060824203D071
:10B4000000F59A30824204D1896824F080040C430C
:10B4100094600022012183F83C2083F83D101046FF
:10B4200070BC70474E6820F47000304320F070000C
:10B4300028435060E8E74E6820F47000304320F065
:10B44000700005435560DFE702207047002C014083
:10B4500000040040704700BF704700BF704700BF46
:10B4600010B4026852E8003F23F4907342E80031C0
:10B470000029F7D1144C02F1080353E8003F2340A0
:10B4800002F1080C4CE800310029F4D1C36E012B05
:10B4900008D0002320225DF8044BC0F88C204367BD
:10B4A000C366704752E8003F23F0100342E80031C2
:10B4B0000029EED052E8003F23F0100342E80031AB
:10B4C0000029EFD1E5E700BFFEFFFFEF704700BFA7
:10B4D000704700BF08B5806AFFF7FAFF08BD00BFDC
:10B4E000704700BF40F60F0C70B504680546E3696D
:10B4F000216813EA0C0FA26829D19E0607D501F036
:10B50000200C02F080565CEA060C40F0F080E86EF9
:10B51000012800F0AC80D80200F19E80180606D504
:10B5200002F4000201F08000104340F0E7805A0668
:10B5300002D54E0600F1C380180202D54A0000F180
:10B540000C81DB0102D50029C0F23D8170BDA3480A
:10B55000104040F0C580A24E3142D8D0DE0740F105
:10B56000DC80CE0540F1D28001262662D5F89060BD
:10B5700046F00106C5F890609E0740F1C980D607E5
:10B5800040F1CB8002202062D5F890005E0740F0A9
:10B590000400C5F8900040F1DD8004202062D5F859
:10B5A000900040F00200C5F89000180700F1BD803F
:10B5B00018050AD54E0108D54FF400602062D5F871
:10B5C000900040F02000C5F89000D5F890000028C9
:10B5D000BCD0980606D501F0200102F0805211433C
:10B5E00040F0AC80D5F89020A36802F0280203F068
:10B5F000400353EA0206284600F0EA80FFF730FFD6
:10B60000A3685B0640F1A28004F1080353E8003F01
:10B6100023F0400304F1080141E8003262B12C68D4
:10B6200004F1080353E8003F23F0400304F108014C
:10B6300041E80032002AF3D1D5F88000002800F05C
:10B640008580684B0364FBF729FC00283FF47EAF3C
:10B65000D5F88000036C4EE056027FF55FAF4FF4E3
:10B66000801328462362BDE8704000F0FBB8DE0678
:10B670007FF551AFC8067FF54EAF1022B5F85C30AC
:10B680002262A268520640F1AF80D5F880000268BD
:10B69000516889B2002900F0DC80994280F0D9809D
:10B6A000A5F85E10126896065CD502222A67B5F8E6
:10B6B0005E102846591A89B2FFF712FF70BD54E890
:10B6C000003F23F0400344E80032002AF7D1202253
:10B6D00000232846C5F88820AB67FFF7F7FE70BD4A
:10B6E000DE077FF549AFCE057FF546AF3CE7436FF8
:10B6F000002B3FF42BAFBDE870401847AB6F002B19
:10B700003FF424AF2846BDE8704018479E0704D494
:10B710005E0702D5D6073FF540AF1E077FF548AF5D
:10B7200001F0200606433FF443AF08202062D5F81D
:10B73000900040F00800C5F8900039E76B6F002BCF
:10B740003FF450AF284698472C684BE72846FFF750
:10B75000BFFE70BD1807E8D42AE72846BDE8704050
:10B7600000F084B854E8003F23F4807344E80032CA
:10B77000002AF7D104F1080353E8003F23F0010346
:10B7800004F1080141E80032002AF3D104F1080372
:10B7900053E8003F23F0400304F1080141E8003280
:10B7A000002AF3D12023C5F88C30EA6654E8003F24
:10B7B00023F0100344E80032002AF7D1FBF736FBF0
:10B7C000B5F85C3071E72846BDE8704000F04CB831
:10B7D000FFF77EFEC5F8906070BD00BF010000104D
:10B7E00020010004D5B40008B5F85E10B5F85E205D
:10B7F00089B292B2002A3FF4A9AE5B1A99B200292D
:10B800003FF4A4AE54E8003F23F4907344E80032C0
:10B81000002AF7D1124804F1080353E8003F03401F
:10B8200004F1080646E80032002AF4D120236A67B2
:10B83000C5F88C30EA6654E8003F23F0100344E872
:10B840000032002AF7D1022328462B67FFF748FE73
:10B8500070BD99427FF47AAE13689C06F3D470BD34
:10B86000FEFFFFEF704700BF704700BF704700BF8B
:10B87000034644F27F02B3F8401000200A40A3F8C8
:10B88000402070474FF0000C00B583B002AB4FF082
:10B89000010E03E9060003466046A3F840E0A3F862
:10B8A00040C0A3F844C0A3F850C003B000BD00BF1F
:10B8B00070B50A78034630F8220091F803E020F4CE
:10B8C000EC4020F070000004000CBEF1030F00F209
:10B8D0000582DFE80EF0CDD0B10240F4C06048F23E
:10B8E000800C40EA0C0023F8220033F8220020F4F8
:10B8F000E04020F070000004000C10434CEA000C03
:10B9000023F822C0087B002800F0B880002033F81C
:10B9100022C02CF4E24C2CF0700C4FEA0C4C4FEA95
:10B920001C4C4CF4004C4CF0800C23F822C00C89C9
:10B93000B3F8505003EBC20C640864001CFA85F5A0
:10B94000A5F800444C89B3F85050640864001CFA10
:10B9500085F5A5F804444C78002C40F01C8133F8A0
:10B96000224064040DD533F8224024F4E04424F04E
:10B9700070042404240C44F4404444F0800423F86C
:10B98000224033F8224066060DD533F8224024F4D5
:10B99000E04424F070042404240C44F4004444F0F3
:10B9A000C00423F822400D69B3F850101CFA81F14D
:10B9B000B1F802440CF2064CC4F30904A1F80244A5
:10B9C000002D00F030813E2D00F2658105F001046C
:10B9D00004EB5504A402A5B2B1F80244A4B22C436E
:10B9E000A1F80244B3F8501089B231F80C40C4F306
:10B9F000090421F80C4031F80C40A4B22C4321F882
:10BA00000C4048F2800433F8221021F4804121F0E8
:10BA100070010904090C81F44051214323F82210DC
:10BA200033F8221021F4E04121F040010904090C0F
:10BA30000C4323F8224070BD48F28005284323F8C8
:10BA4000220033F82200B14C80B22040104305435D
:10BA500023F82250087B88B133F8220080B22040BE
:10BA600040F4014040F0800023F8220000205EE70F
:10BA700040F4007033E740F4806030E70020CC8869
:10BA80004E786408640003EBC205F6B3B3F85010B7
:10BA900015FA81F1A1F8004433F8221049060DD5BA
:10BAA00033F8221021F4E04121F070010904090C5F
:10BAB00041F4004141F0C00123F8221033F8221074
:10BAC000BEF1010F21F4E04121F040014FEA0141B4
:10BAD0004FEA114112D081F0200141F4004141F0C0
:10BAE000800123F8221070BD33F8221021F4804128
:10BAF00021F070010904090C81F4005141F4004166
:10BB000041F0800123F8221070BD0E69B3F8501087
:10BB100015FA81F1A1F80444B3F8501015FA81F137
:10BB2000B1F80644C4F30904A1F80644002E00F05D
:10BB300096803E2E00F29D80B1F8064406F0010585
:10BB4000A4B205EB560544EA8524A4B2A1F8064444
:10BB500033F822104D040DD533F8221021F4E041C2
:10BB600021F070010904090C41F4404141F08001C9
:10BB700023F82210002AB7D11A8822F4804222F03A
:10BB800070021204120C82F4405242F4004242F05D
:10BB900080021A8070BD33F822104C040DD533F8A2
:10BBA000221021F4E04121F070010904090C41F454
:10BBB000404141F0800123F8221033F82210490659
:10BBC0000DD533F8221021F4E04121F07001090471
:10BBD000090C41F4004141F0C00123F8221033F870
:10BBE0002210BEF1010F21F4E04121F040014FEAA3
:10BBF00001414FEA114118BF81F0200141F4004199
:10BC000041F0800123F8221033F8221021F4804102
:10BC100021F070010904090C41F4004141F0800158
:10BC200023F8221070BDB1F802446FEA44446FEA71
:10BC30005444A4B2A1F80244B3F85040A4B234F87A
:10BC40000C10C1F3090124F80C1034F80C106FEA41
:10BC500041416FEA514189B224F80C10D1E6B1F8A4
:10BC600006446FEA44446FEA5444A4B2A1F806447F
:10BC70006EE7B1F806447509F60608BF05F1FF3511
:10BC8000A4B244EA85246FEA44446FEA5444A4B25F
:10BC9000A1F806445CE76C09ED0608BF04F1FF3427
:10BCA000B1F80254A402A4B2ADB2254345F4004554
:10BCB000A1F80254B3F85050ADB235F80C10C1F3EE
:10BCC000090125F80C1035F80C1021436FEA4141A9
:10BCD0006FEA514189B225F80C1092E648F28004CF
:10BCE000204323F8220033F8220020F4E04020F023
:10BCF00070000004000C1043044323F82240087B2A
:10BD000008B1012003E60120B9E600BF8F8FFFFFD5
:10BD10002DE9F04F4B780C7B012B83B035D0ECB183
:10BD2000CB78022B00F0FD80012B40F087800023B0
:10BD30000A788B6130F8223023F4804323F07003BB
:10BD40001B041B0C83F4405343F4004343F0800373
:10BD500020F82230002003B0BDE8F08F8A690C780B
:10BD6000002A55D1CB78002B40F0F98030F82430F0
:10BD700023F4E04323F070031B041B0C43F4014342
:10BD800043F0800320F82430D1E70E698A694B69BB
:10BD9000B24228BF324600F58067002C00F0A88030
:10BDA000CD780C6A022D91F800E04BD0A41A30F83F
:10BDB0002E500C6294B2013415F0400F92B2B0F8DC
:10BDC00050504FEA540400F0D98000F2064616FAAB
:10BDD00085F525F83E204D893D443CB103EB4404F4
:10BDE000ED1A1A885A5302339C42FAD10A7830F875
:10BDF000223023F4E04323F040031B041B0C83F0A8
:10BE0000300343F4004343F0800320F82230A1E7DD
:10BE100030F8243023F4E24323F070031B041B0C9E
:10BE200043F4004343F0800320F824300B699A4226
:10BE30007FF67DAFD31A8B610A787BE7012003B0D0
:10BE4000BDE8F08FA64200F2024B80F0DF8030F8B0
:10BE50002E50A41A25F4E04525F070052D042D0C74
:10BE600045F4014545F0800520F82E5030F82EC0ED
:10BE700095B201351CF0400F0C62B0F850C04FEA8B
:10BE800055051FFA82F800F2064900F08E8019FA73
:10BE90008CFC2CF83E80B1F80A90B94475B19C46F0
:10BEA000A9EB030903EB450A0196BCF800602CF8E6
:10BEB00009600CF1020CD445F7D1019E1344A6424F
:10BEC0004B6180F0C880A21A0A62B0F850201BFAB9
:10BED00082F222F83E800C893C44002D86D003EB90
:10BEE0004505E41A1A881A5302339D42FAD17DE7B8
:10BEF00095B2CE8801356D083E4492B207D003EB6F
:10BF00004505F61A1C889C530233AB42FAD1B0F8AF
:10BF100050300C7800F2024515FA83F323F83420F0
:10BF200064E7CB690A78002B3FF404AF30F8223085
:10BF300003F040045B0435D4002C7FF4FBAE30F8F2
:10BF4000223023F4E04323F070031B041B0C43F462
:10BF5000004343F0C00320F822300A78EAE630F8C4
:10BF6000243023F4E24323F070031B041B0C43F43E
:10BF7000004343F0800320F82430D8E600F2024664
:10BF800016FA85F525F83E200D893D44002C3FF436
:10BF90002DAF03EB4404ED1A1A885A5302339C4226
:10BFA000FAD123E7002CCAD1C4E61BFA8CFC2CF88A
:10BFB0003E80B1F808A0BA4475B19C46AAEB030ACA
:10BFC00003EB450B0196BCF800602CF80A600CF1FD
:10BFD000020CDC45F7D1019E1344A6424B6141D2CD
:10BFE000A41AB0F850200C6219FA82F222F83E80AE
:10BFF0004C893C44002D3FF4F9AE03EB4505E41AAF
:10C000001A881A530233AB42FAD1EFE6A5B22C4696
:10C0100030F82E20013422F4E24222F070021204A1
:10C02000120C42F4004242F0800220F82E20B0F8B8
:10C03000502064081BFA82F222F83E500D893D44DC
:10C040003FF4D4AE03EB4404ED1A1A885A5302337A
:10C050009C42FAD1CAE6A5B2013500221FFA84F843
:10C060006D0831E7A5B201351FFA84F86D08002488
:10C07000B7E700BF4B780A788BB130F8223023F451
:10C08000E04323F040031B041B0C83F0100343F434
:10C09000004343F0800320F822300020704730F83E
:10C0A000223023F4804323F070031B041B0C83F421
:10C0B000805343F4004343F0800320F822300020F3
:10C0C000704700BF4B780A7833B330F822305B06F4
:10C0D0000DD530F8223023F4E04323F070031B0425
:10C0E0001B0C43F4004343F0C00320F82230CB780C
:10C0F000012B0FD030F8223023F4E04323F040032B
:10C100001B041B0C83F0200343F4004343F0800323
:10C1100020F822300020704730F822305B040DD523
:10C1200030F8223023F4E04323F070031B041B0C8F
:10C1300043F4404343F0800320F8223030F82230AB
:10C1400023F4804323F070031B041B0C83F440533F
:10C1500043F4004343F0800320F82230002070476E
:10C1600011B98023A0F84C3000207047B0F844008B
:10C1700080B27047013302F580625B08104408D03A
:10C180000A4601EB4301801A1388135202328A4295
:10C19000FAD1704770B502F580625D0800EB0204C9
:10C1A00019D06FF001008E1C3246AC46401A204474
:10C1B000815ABCF1010C89B24FEA112E02F1020240
:10C1C00002F8041C02F803ECF2D1013D023406EB44
:10C1D000450104EB4504DB0744BF23880B7070BDA9
:10C1E000D0E90023F0B4D0E90267D0E90445D0E9F2
:10C1F0000601B1F1FF3F08BFB0F1FF3F18D1B5F123
:10C20000FF3F08BFB4F1FF3F0FD1B7F1FF3F08BFB9
:10C21000B6F1FF3F0FD1F0BCB3F1FF3F08BFB2F161
:10C22000FF3F14BF0120002070470320F0BC70477F
:10C230000420F0BC70470220F0BC704710B54FF6E8
:10C24000FD7E1F4B0446B3F8E0C000F580330CF1CF
:10C25000FF3292B272454FEAC32008D84FF47832C9
:10C26000184B03EA4C23B2FBF3F203FB0200032951
:10C270004FF0AA324FF0AA3312D0042908D0022975
:10C2800016D000F041FFC0B90F4B00201C7010BD4C
:10C29000183000F039FF003818BF0120400010BDF1
:10C2A000103000F031FF003818BF0120400010BDF1
:10C2B000083000F029FF0028E6D0022010BD00BFA2
:10C2C0000005FA0B00FE1F00C02A0320F8B5044643
:10C2D00000F052FF002840F0BD804FF6FD73634A26
:10C2E000B2F8E0C00CF1FF3291B2994200F2B08096
:10C2F0004FF478355E4B03EA4C23B5FBF3F503FBB3
:10C3000005F5C5F57835ED0A4FF6FD7391B2994202
:10C3100012D999E04FF6FD77544E2846012100F0DE
:10C32000F7FE0135002840F08D80B6F8E0C00CF132
:10C33000FF3293B2BB4237D84FF478334C4901EA0D
:10C340004C21B3FBF1F301FB03F3C3F57833DB0AB4
:10C3500004339D422AD2002CDCD04FF47836B6FB51
:10C36000F1F01127EB0203F1006301FB003303F549
:10C37000006ED3E90001B1F1FF3F08BFB0F1FF3F0C
:10C3800003F1080318BF10279E45F2D1102F47D0A4
:10C390004FF6FD7391B2994205F10105CCD9802D7C
:10C3A00004D04FF48021DAE7802DB6D100F0E2FE10
:10C3B0004FF6FD712D4BB3F8E020531E9BB28B421C
:10C3C0004AD84FF478302A4B022103EA4223B0FBCB
:10C3D000F3F003FB00F0C0F57830C00AFFF72EFF42
:10C3E00000283FD14FF6FD71224A204B1080B3F850
:10C3F000E020531E9BB28B4236D84FF478331C4951
:10C4000001EA4222B3FBF2F302FB03F3C3F57833F4
:10C41000C3F3C7232021184C184A23701160F8BDBC
:10C420000121284600F074FE60B9104B0135B3F8C5
:10C43000E0C04FF6FD730CF1FF3291B299427FF6E6
:10C440007BAFACE70120F8BD80234FF4802180E76B
:10C450007C2559E70E20F8BD7C200221FFF7EEFE77
:10C460000028BFD00220F8BD7C23D3E70005FA0BDB
:10C4700000FE1F00C22A0320C02A03201C01032043
:10C480004FF6FD71224B2DE9F041B3F8E02082B068
:10C49000531E9BB28B4220D84FF478351D4B03EAD4
:10C4A0004223B5FBF3F503FB05F5C5F57834E40A43
:10C4B000271D05F1006606EBC420FFF791FE042856
:10C4C0004FEAC42804F102030BD09F4203D8052091
:10C4D00002B0BDE8F0811C46EDE780277C240025F2
:10C4E000E7E7621C9A4206D30221204600F010FEC4
:10C4F00048B10120ECE708F108202844FFF770FE5E
:10C500000428F1D0E3E7019000F034FE0198DFE762
:10C510000005FA0B00FE1F002DE9F0474FF6FD74F1
:10C52000444A454BB2F8E0101E784A1E92B206F516
:10C530008033A24280464FEAC3234FD84FF4783964
:10C540003E4C04EA4124B9FBF4F904FB09F94B44DD
:10C550001846FFF745FE4FF47833B3FBF4F304FBC2
:10C5600003F3C3F57833A6EBD32A0AF1010505F0EE
:10C57000030505EBD325074605F5803009EBC02000
:10C58000DC0AFFF72DFEB8F1010F12D0B8F1020F4F
:10C590000AD0022F1FD0012F1BD10AF1030A0AF083
:10C5A000030A0AEB040616E098B92E463046BDE8A9
:10C5B000F087022F17D0012F0BD1214C2368B3F540
:10C5C000006F08D304282BD003213046FFF736FE36
:10C5D000E0B14FF0FF363046BDE8F0874FF000097C
:10C5E0004FF48024B4E7164C2368B3F5006FF2D300
:10C5F00004281AD003213046FFF720FE0028E8D196
:10C6000002212846FFF71AFE30B1E2E70121284651
:10C61000FFF714FE0028DCD120232E462360C5E757
:10C62000FFF72EFF0028CFD0D3E7FFF729FF002820
:10C63000E0D0CEE70005FA0BC02A032000FE1F0061
:10C640001C0103202DE9F041074600200E46FFF7AC
:10C6500063FF431C6DD000F58031CC024FF6FD71B5
:10C66000354B8046B3F8E020531E9BB28B4208D86E
:10C670004FF47831314B03EA4223B1FBF3F203FB71
:10C6800002442046FFF7ACFD831EDBB2022B4BD8E1
:10C690002B4D04F5FF6C04F1180101E08C451CD012
:10C6A000DCE90023B3F1FF3F08BFB2F1FF3FACF17B
:10C6B000080C1FFA82FEF1D0BE45EFD1A86840F009
:10C6C0000100A8602B602F802C68A4B2B4EB124F3D
:10C6D000E4D100203360BDE8F0814FF6FD71164BC8
:10C6E000B3F8E020531E9BB28B421FD84FF4783131
:10C6F000124B03EA4223B1FBF3F103FB01F1C1F555
:10C700007833DB0A08F10308A8EB030808F00308F4
:10C71000984408F5803301EBC3242046FFF760FD01
:10C72000831EDBB2022BB4D90720D4E700217C237F
:10C73000E8E70320BDE8F0810005FA0B00FE1F00CA
:10C74000003002404FF6FD72431E9BB2934201D966
:10C7500008207047002310B582B00C4601A9019350
:10C76000FFF770FF019B236002B010BD70B5064655
:10C7700001200D46FFF7D0FE431C3AD04FF6FD7165
:10C780001D4B00F5803CB3F8E0204FEACC2C531E43
:10C790009BB28B4227D84FF47830184B03EA4223E0
:10C7A000B0FBF3F003FB00F0CDB1154CA36843F0F0
:10C7B0000103A3602560268022681204114C2B46D9
:10C7C000216832438C44604400F09EFC78B90E49E5
:10C7D00022680B880832013322600B8070BD002E66
:10C7E000E3D13246EAE70020002DDED1F7E7022050
:10C7F00070BD032070BD00BF0005FA0B00FE1F00D6
:10C80000003002401C010320C22A03202DE9F04F12
:10C81000002785B0CDE90001C2F10200C0B2144684
:10C820000397FFF779FE431C00F068812023BB4A81
:10C83000BB4D1070BB4A06462F801360002C00F0E1
:10C8400042814FF6FD71B84BB3F8E020531E9BB206
:10C850008B4200F23F814FF47833B44901EA42221F
:10C86000B3FBF2F302FB03F31A46C3F57833DB0A9A
:10C870000336F61A06F003061E4406F5803002EB76
:10C88000C020FFF7ADFC022800F08680042800F0ED
:10C890008980012C40F0DB80032840F0D8809F4B3A
:10C8A0002C881E789F4B4FF0000B1A6804F1FC0394
:10C8B000C2EBC62C0CF1006C4FF6FD7A9B4F0CF1CD
:10C8C000200C1FFA83FE09E01FFA89F474454FF02B
:10C8D000010B2C8002F1080200F01981924BB3F891
:10C8E000E03003F1FF381FFA88F1514598BF4FF44B
:10C8F000783107EA432996BFB1FBF9F0002009FB24
:10C9000000F00CEB02010144D1E90001B1F1FF3F5D
:10C9100008BFB0F1FF3F04F10109D5D14146BBF199
:10C92000000F01D07F4802604FF6FD77DFF8FC81F1
:10C9300089B204F57C7AB942DFF8EC911FFA8AFAE1
:10C9400008EA432325D84FF47830B0FBF3F003FB1B
:10C9500000F0C0F57832D20AC2F10303334403F089
:10C9600003039E1806F5803300EBC320FFF738FC65
:10C97000032804F1FC0340F0C8809CB254452C808D
:10C9800078D0B9F8E030591E89B2B94208EA432399
:10C99000D9D97C220020DFE704213046FFF74EFC86
:10C9A00000285ED14FF6FD715F4BB3F8E020531EB7
:10C9B0009BB28B4200F2A6804FF478335B4901EAC8
:10C9C0004222B3FBF2F302FB03F31A46C3F57833BA
:10C9D000DB0A06F10309A9EB030909F003099944ED
:10C9E00009F5803002EBC020FFF7FAFBC31EDBB273
:10C9F000012B3AD84C4F4D4E1AE04FF47833B3FB2D
:10CA0000F1F301FB03F31846C3F57833DB0A09F1B0
:10CA10000309A9EB030909F00309994409F58033D7
:10CA200000EBC320FFF7DCFBC31EDBB2012B1CD8DD
:10CA3000032810D04FF6FD72B7F8E03006EA432124
:10CA4000013B9BB29342D8D900207C23DFE70A2028
:10CA500005B0BDE8F08F04214846FFF7EFFB002842
:10CA6000E8D0022005B0BDE8F08F012CB5F800A099
:10CA70003FF415AFBAF5FC7FF3D2DDE90001FFF713
:10CA800075FE0028EDD12C88022C26D80124009FA9
:10CA90000CE02B88B3F5FC7F2CD230460399FFF7CE
:10CAA00065FE0028D4D10134FB2C19D0BC42A6B2BB
:10CAB000F9D0304603A9FFF7C5FD0028E9D00728C3
:10CAC000F1D00320C4E70121FFF7B8FB00283FF4B1
:10CAD000B8AEC6E700227C23CAE6023CFA2CD6D9BF
:10CAE0000E4B02211878FFF7A9FB0028B9D14FF4AB
:10CAF0008070ADE7122005B0BDE8F08F042005B0CE
:10CB0000BDE8F08F00227C2363E7A246B2E7054B25
:10CB10001A60054BB3F8E030591E05E7C02A032020
:10CB2000C22A03201C0103200005FA0B00FE1F008F
:10CB30002DE9F04F89B0064600F01EFB002840F0BA
:10CB4000D281074648F2050001244FF6FD71C04B23
:10CB50009A6C42F480529A649B6CBE4A03F48053F0
:10CB60000793079B50619368BB4823F0180343F079
:10CB700008039360B94B0470B3F8E020531E9BB2D6
:10CB80008B4200F242814FF4783AB54B03EA4223DC
:10CB9000BAFBF3FA03FB0AF3C3F57834E40A039310
:10CBA00004F58033049304F10408A446039AAD49C4
:10CBB00002F5006202EBC3224FEAC32EA2F5006326
:10CBC0000B60F3E802AB9A42FAD10CF1010CC445B8
:10CBD00002F50062F2D3039B4FF0000C0EEB030B47
:10CBE0005B46E1466546A3469A46CDE901CC80F80E
:10CBF00000C05046FFF7F4FA421ED2B2012A40F2BA
:10CC00000B81032807D1019BCDF808B0002B08BF8A
:10CC1000D946013301930BF1010BC3450AF5006AB4
:10CC2000E7D3002D00F064814FF6FD718B4BB3F814
:10CC3000E020531E9BB28B4200F2E481884B03EA52
:10CC400042234FF47832B2FBF3F203FB02FBCBF545
:10CC500078334FEAD32909F58035294609F1040ACA
:10CC60004FF0030803964C464646884609F10203F6
:10CC70000BEBC52501932846FFF7B2FA012800F017
:10CC8000FB800134544505F5006506F10106F2D339
:10CC90000023039E01934FF6FD71704BB3F8E02023
:10CCA000531E9BB28B4200F2A5814FF4783C6C4B33
:10CCB00003EA4223BCFBF3FC03FB0CFCCCF5783508
:10CCC000ED0A05F58034224605F104084FF000090D
:10CCD0000CEBC424CA46A346039704964F46164657
:10CCE000A94664465846FFF77BFA022800F0968072
:10CCF000032808BFCDF80890791C01EB0509C14550
:10CD00000F460BF5006BEDD3DDE903765346002BA0
:10CD100000F08681544D002220202B78DFF85481CA
:10CD20004FEAC32C0293514B4FF6FD7B9646DFF83A
:10CD30002CA1DFF82C910CF1006CA8F800201860F1
:10CD400008E00830B0F5006F4FF0010EA8F80020A1
:10CD500000F08381BAF8E0300132591E8DB25D4592
:10CD600098BF4FF4783509EA432496BFB5FBF4F534
:10CD7000002565430CEB00042C44D4E90045B5F1D3
:10CD8000FF3F08BFB4F1FF3F92B2DAD1BEF1000F0E
:10CD900001D0364A10604FF6FD750A46DDF808A04E
:10CDA0002F4CDFF8B89028E04FF47831B1FBF3F165
:10CDB00003FB01F1C1F57832D20A0AF103039B1A91
:10CDC000924503F0030302F1020000F0B3805045E6
:10CDD00000F0B08003EB020A0AF5803001EBC020BE
:10CDE000FFF7FEF9032840F01681B8F80030FC3355
:10CDF000A8F80030B9F8E0305A1E92B2AA4204EA0C
:10CE00004323D1D97C220021D7E7194B4FF080086A
:10CE10007C2404930397C8E60135FCE6A94549D074
:10CE2000022F47D0F81C00F00300304404EBC02070
:10CE3000FFF7D6F903287FF45FAFBAF1000F40F097
:10CE4000EA80094A4FF0010A791C82F8009054E701
:10CE50000010024000300240B82A03200005FA0BFF
:10CE600000FE1F00BC2A0320C02A03201C0103204F
:10CE70007C000100C22A03204C4528D0019BA3421C
:10CE800025D006F0030040440BEBC020FFF7A8F9C3
:10CE900003287FF4F6AE0021744D01220846039E5C
:10CEA0002C70FFF7B3FCB0F5807F40F0DD800123EC
:10CEB0000193F0E6791C01F00300304404EBC0203C
:10CEC0000591FFF78DF90028B7D0059915E7B01E39
:10CED00000F0030040440BEBC020FFF781F900286D
:10CEE0007FF4CFAED7E70E27384609B0BDE8F08F04
:10CEF000019B002B00F0AB80C4F10300049B48446D
:10CF000000F003001844039B03EBC020FFF768F90F
:10CF100004287FF489AE029BC4F10100184400F09C
:10CF2000030001212044FFF789F900283FF47CAE7B
:10CF30000227D9E7029D0135AD1A05F00305154416
:10CF400005F58033AA4501EBC32127D0484C002EBC
:10CF500037D10121284600F0DBF8002872D14FF6C6
:10CF6000FD71B4F8E020531E9BB28B423FD84FF4C2
:10CF70007831404B03EA4223B1FBF3F103FB01F1AB
:10CF8000C1F57833DB0A0135ED1A05F003051D44C0
:10CF900005F58033AA4501EBC321D8D100F0EAF8AA
:10CFA000019B002BA0D1B8F80030B3F5FC7F9BD2D9
:10CFB00001990846FFF7DAFB071E18BF01277F001B
:10CFC00092E74FF0110C01F50060D1E90023B3F1B5
:10CFD000FF3F08BFB2F1FF3F01F1080118BF4FF05A
:10CFE000100C8142F1D1BCF1100FB8D1B1E7002192
:10CFF0007C23C8E7204A4FF080087C254FF0000CC6
:10D00000144663E61C494FF0800A4FF07C094FF04C
:10D01000000B0D4624E60A27384609B0BDE8F08F1C
:10D02000EDB2029AC5F10103134403F003031D445A
:10D03000E8B20E4D02212870FFF700F900283FF4F6
:10D040006AAE75E70127384609B0BDE8F08F019850
:10D0500009B0BDE8F04FFFF739B9084B1860044B31
:10D06000B3F8E030591E96E60C273DE7C02A0320AE
:10D070000005FA0B00FE1F007C0001001C010320CC
:10D080004FF6FD72431E9BB2934201D908207047B0
:10D09000044B1B88B3F5FC7F01D2FFF767BB00226E
:10D0A000FFF7B4BBC22A0320134B144A196CB2F821
:10D0B000E02011F4801F02F1FF334FF6FD719BB2A7
:10D0C0000CD18B4297BF0E4B0E4B03EA422303F168
:10D0D000006383428CBF0120022070478B4297BFC0
:10D0E000074B084B03EA422303F1006383428CBFE2
:10D0F00002200120704700BF002002400005FA0B0B
:10D1000000FE1F000000040801460120FAF736BCAB
:10D110004FF6FD7C70B50026144B0446B3F8E020B2
:10D1200086B0531E9BB200F5803063450D460196D4
:10D130004FEAC02008D80E4B03EA42234FF478325E
:10D14000B2FBF3F203FB0200FFF7AEFF022203463D
:10D1500001A902A8CDE9033405950292FAF722FE4F
:10D16000003818BF012006B070BD00BF0005FA0BE3
:10D1700000FE1F00704700BFFF2300B58BB001A861
:10D180000293FAF779FD079B13F4800F0CBF0E2072
:10D1900000200BB000BD00BFD0F8B8320BB11B6847
:10D1A00018470320704700BF08B5D0F8B8320BB15C
:10D1B0005B689847002008BD38B5044600F2AA25F0
:10D1C000284600F091FB012294F8AA12B4F8B0327C
:10D1D000C029C4F89422C4F898320DD001F01F037E
:10D1E000012B1BD0022B13D063B12046BDE8384081
:10D1F00001F0800103F0F8B82046BDE838408021F6
:10D2000003F0F2B829462046BDE8384000F0F6B8F1
:10D2100029462046BDE8384000F0C8BA29462046D5
:10D22000BDE8384000F08CBA70B5044631B91346F9
:10D23000D0F89422032A0DD0002070BD90F89C32C3
:10D24000032BF9D1D0F8B8329B69002BF4D0BDE89C
:10D2500070401847D0E95752954208D890F89C3250
:10D26000032B0ED0204600F06DFB002070BDAD1AE0
:10D27000AA4228BF2A461946C0F85C5100F058FB64
:10D28000DAE7D0F8B8321B69002BEBD09847E9E712
:10D2900070B5044649B9D0F89432022B11D094F8F5
:10D2A000A032012B22D0002070BD90F89C32032BBD
:10D2B000F9D1D0F8B8325B69002BF4D0BDE87040EA
:10D2C0001847D0E90736B3420D4614D820D094F859
:10D2D0009C32032B2FD08021204603F085F8204676
:10D2E00000F03CFB94F8A032012BDCD1002384F841
:10D2F000A032002070BD9B1B1146C3611A4600F08E
:10D300000DFB2B462A462946204603F0B1F8C6E716
:10D3100082699342DBD8D0F898329A42D7D20A4633
:10D3200000F0FCFA2B462A4629462046C4F89852BB
:10D3300003F09EF8B3E7D4F8B832DB68002BCAD00C
:10D3400020469847C7E700BF00210122D0F8B83235
:10D3500080F89C224160C0F89412C0F8A412EBB18E
:10D36000D0F8BC2270B5044612B15B6803B198478F
:10D3700000224025012611464023204603F026F8CE
:10D38000002280212B462046A4F86461C4F8605135
:10D3900003F01CF80020A684256270BD03207047AE
:10D3A00003460020197470470346042193F89C2219
:10D3B0000020D2B283F89D2283F89C12704700BFF0
:10D3C00090F89C32042B04D190F89D32DBB280F8A7
:10D3D0009C320020704700BFD0F8B82262B108B577
:10D3E00090F89C32032B01D0002008BDD369002B9C
:10D3F000FAD09847002008BD0320704730B50B785D
:10D400000D4603F06003202B044683B028D0402B48
:10D4100026D05BB18021204602F0E6FF00212046A5
:10D4200002F0E2FF0025284603B030BD4B78092BFF
:10D43000F0D801A252F823F0ABD40008D3D40008EE
:10D4400015D40008F1D4000815D40008F9D4000858
:10D4500033D5000815D4000869D5000873D4000836
:10D4600029462046D4F8B8329B6803B0BDE8304066
:10D4700018478978B14D0129297000F23B8190F855
:10D480009C32022BDAB200F01D81032A00F0FA80F0
:10D49000802102F0A9FF0021204602F0A5FF2046CE
:10D4A0002978FFF781FE0325BDE790F89C32013B08
:10D4B000022BAFD8CA88022AACD1D0F8A4320146D8
:10D4C000003B18BF01235B0041F80C3F00F018FA45
:10D4D000A8E790F89C32013B022B9BD84B88012B8C
:10D4E000A0D100232046C4F8A43200F02BFA99E71B
:10D4F0004B88012B96D1F5E78B88002B8AD1CB88FE
:10D50000002B87D14B887F2B84D890F89C22032A4C
:10D5100080D0DDB2294680F89E5202F091FF20466D
:10D5200000F010FA002D00F0FB80022384F89C32FA
:10D5300078E700216A88ADF80610130A013B062B34
:10D540003FF668AF01A151F823F000BFFDD50008F8
:10D55000E3D500080DD6000815D4000815D400083E
:10D56000CDD5000891D50008CA88012A7FF452AFB2
:10D5700090F89C32022BD9B200F2B58000293FF41A
:10D5800049AF0146002341F8083F00F0B9F949E7E7
:10D59000037C002B7FF43EAFD0F8B8320DF10600CB
:10D5A0001B6B984707234370EB88002B66D0BDF8B0
:10D5B0000620002A3FF42EAF9A4228BF1A460146A1
:10D5C0002046ADF8062000F09BF92BE7037C002BEA
:10D5D0007FF420AFD0F8B8320DF106005B6B9847AE
:10D5E000E2E7027CD0F8B832002A40F08B809B6AD8
:10D5F0000DF10600984702234370D5E7D0F8B43206
:10D600000DF106011B68007C9847CDE7D1B20529D2
:10D6100000F28A80DFE801F026201A140E03D0F809
:10D62000B4329B69002B3FF4F5AE207C0DF106016E
:10D630009847B9E7D0F8B4325B69002BF5D1E9E639
:10D64000D0F8B4321B69002BEFD1E3E6D0F8B43246
:10D65000DB68002BE9D1DDE6D0F8B4329B68002B03
:10D66000E3D1D7E6D0F8B4325B68002BDDD1D1E648
:10D670000223416080F89C32FFF796FD204600F0BF
:10D6800061F9CFE60029F3D041680129F6D0C9B28B
:10D69000FFF78AFD297820466160FFF77DFD05468A
:10D6A0000028EBD08021204602F09EFE002120467B
:10D6B00002F09AFE20462179FFF776FD022384F8D6
:10D6C0009C32B0E60029D9D001214160FFF764FD0A
:10D6D0000546F0B18021204602F086FE002120465A
:10D6E00002F082FE9FE603297FF494AE011D00F054
:10D6F00007F997E6802102F077FE0021204602F02C
:10D7000073FED0E6DB6A0DF10600984702234370F2
:10D710004AE7204600F016F9032384F89C3281E69C
:10D72000012384F89C327DE6D0F8B8329B6B002B45
:10D730003FF470AE0DF10602984735E7C42A032086
:10D7400038B50B780D465A0604460DD503F0600235
:10D75000402A09D0802102F047FE0021204602F035
:10D7600043FE0025284638BD94F89C32013B022B2D
:10D7700012D82B79032B0FD8D4F8B83229469B68DE
:10D7800020469847EB880546002BEBD10028E9D1CD
:10D79000204600F0D7F8E5E78021204602F024FE7D
:10D7A0000021204602F020FEDBE700BF70B50B78B9
:10D7B0000D4603F06003202B04464CD0402B4AD08A
:10D7C0004BB18021204602F00FFE0021204602F0DE
:10D7D0000BFE002070BD6B788A88012BD1B22BD054
:10D7E000032B40D0002BECD190F89C32022BD8B206
:10D7F00053D00328E5D101F00F0303EB8303120696
:10D8000004EB830358D4B3F86431002BD9D001EB77
:10D81000810504EB850505F5AA75002958D0204639
:10D8200002F0FAFD002859D001232B60022229467C
:10D83000204600F065F8CCE790F89C32022BDAB273
:10D8400022D0032ABDD16B88002BC2D14E0642D113
:10D85000204600F077F8D4F8B83229462046BDE8D3
:10D8600070409B68184790F89C32022BDAB20BD0BC
:10D87000032AA6D16B881BB94A0601D0EB887BB37B
:10D88000204600F05FF8A4E74B069AD002F0ACFD0A
:10D890008021204602F0A8FD9BE7480691D1002395
:10D8A00011064CBF04F1140104F5AA7102222046AE
:10D8B0000B6000F025F88CE79B8C002B81D001F0E9
:10D8C0007F05013505EB8505802904EB8505A6D18B
:10D8D00000232B60AAE702F093FDB9E72860A5E7D3
:10D8E00002F082FDCCE700BF0B7803704B784370E9
:10D8F0004B8843808B888380CB88C380704700BF70
:10D9000010B5134602240A46C0E906330021C0F8C8
:10D91000944202F0A1FD002010BD00BF8C4608B566
:10D9200000211346624602F097FD002008BD00BFAB
:10D930008C4608B500211346624602F099FD00208E
:10D9400008BD00BF002310B504241A461946C0F8CC
:10D95000944202F081FD002010BD00BF002310B5ED
:10D9600005241A461946C0F8944202F081FD0020B1
:10D9700010BD00BF08B54FF0E0231B6901F0F4FCB7
:10D98000012800D108BDBDE8084002F041BA00BF3F
:10D9900008B5EFF3058313B16FF0050008BD01F082
:10D9A000E3FC012807D0EFF31083002BF4D1EFF351
:10D9B0001183002BF0D101F0D7FC0128034604D1DC
:10D9C000034A106808B9136008BD4FF0FF3008BD66
:10D9D00018380320EFF3058313B16FF0050070478B
:10D9E00010B501F0C1FC012809D0EFF3108313B189
:10D9F0006FF0050010BDEFF31183002BF8D101F09B
:10DA0000B3FC01280CD1084B1A68012A08D1002464
:10DA100002220649CC771A6001F0C0FA204610BDF8
:10DA20004FF0FF3010BD00BF1838032000ED00E0BC
:10DA3000F0B5002587B014460595EFF3058212B1C5
:10DA4000002007B0F0BD07460E4601F08DFC01280E
:10DA500009D0EFF3108313B1059807B0F0BDEFF3D1
:10DA60001183002BF8D1002FF6D00CB3A569DDB9D6
:10DA700018256368DB07E3D463693BB39A08A068A1
:10DA8000D4F800C0E16820B3A729E5D921690029AD
:10DA9000E2D0002BE0D0CDE9011033466146384694
:10DAA000009501F045F9CCE76B1E372BE1D9C7E7AC
:10DAB0004FF480721825214605AC33463846009550
:10DAC000019401F069F90128BAD1C5E74FF48072D9
:10DAD000D5E70029C0D12369002BBDD1644692B29D
:10DAE000E9E700BFEFF3058313B16FF0050070475E
:10DAF00010B5044601F038FC012809D0EFF310837B
:10DB000013B16FF0050010BDEFF31183002BF8D1B6
:10DB10000CB9002010BD204601F022FAF9E700BF41
:10DB20004FF4807330B4034D034C05600C601360F8
:10DB300030BC704770370320703303204FF40073FC
:10DB400030B4034D034C05600C60136030BC70476B
:10DB5000C8320320C82A03204FF0FF31002200F111
:10DB60000803C0E90131C0E903330260704700BF18
:10DB700000230361704700BF4268036810B49468D3
:10DB80000133C1E90124616091605DF8044B0861D3
:10DB90000360704730B40D686B1C10D000F10803AF
:10DBA0001C465B681A68AA42FAD902684B600132C7
:10DBB00099608C606160086130BC026070470469E4
:10DBC0006368F2E7036910B4D0E901125C688A6007
:10DBD00051600021844208BF5A601A680161013A0D
:10DBE0001A6018685DF8044B704700BF70B51646A0
:10DBF000026C0446856B2AB9066801354EB310469F
:10DC0000A56370BD8EB9406802F0D6FC6368216CD4
:10DC1000A2680B449342636028BF236805F10105A5
:10DC200028BF63600020A56370BDC06802F0C4FC1B
:10DC3000226CE36851429B1A2268E360934202D24D
:10DC4000A3680B44E360022E08D001350020A563D1
:10DC500070BD806801F0E0FBA660D1E7012D38BF00
:10DC60000125DFE770B5054602F0B0F895F84530BC
:10DC70005CB2002C14DD05F1240603E0631EDAB269
:10DC80005CB26AB16B6A5BB1304601F09BFA002866
:10DC9000F4D001F05DFB631EDAB25CB2002AF1D170
:10DCA000FF2385F8453002F09FF802F08FF895F8D1
:10DCB00044305CB2002C14DD05F1100603E0631E55
:10DCC000DAB25CB26AB12B695BB1304601F07AFA24
:10DCD0000028F4D001F03CFB631EDAB25CB2002AEB
:10DCE000F1D1FF2385F84430BDE8704002F07CB8E4
:10DCF00070B568B3C56B0446F5B1026CA2FB05258F
:10DD0000D5B90E4602F062F8D4E90F30FF2100FBCE
:10DD100003F32268181A626013440244A563C4E93D
:10DD2000023284F8441084F8451046B9236993B947
:10DD300002F05AF8012070BD02F09CF9FEE704F1F0
:10DD40001000FFF709FF04F12400FFF705FFEFE7DC
:10DD500002F090F9FEE704F1100001F033FA002818
:10DD6000E6D002F027F8E3E770B582B09DF81860BE
:10DD700033B3054650B11C465AB139B15023019313
:10DD8000019B502B0DD002F075F9FEE702F072F9FD
:10DD9000FEE70029FAD150230193019B502BF2D1C9
:10DDA0002246C4E90F5101212046226084F8461022
:10DDB000019BFFF79DFF204684F84C6002B070BDC8
:10DDC00002F058F9FEE700BFF0B585B001920028D7
:10DDD00000F0878004460E461D46002961D0022DC2
:10DDE00002D1E36B012B6FD101F0BEFA00284ED0B7
:10DDF00001F0ECFFA26BE36B9A4258D3022D56D090
:10DE0000002007460DE001F0EFFF2046FFF72AFF54
:10DE100001F016F901F0DAFFA26BE36B01209A42E0
:10DE200045D3019B002B5FD0002836D001F0DCFFEA
:10DE300001F0FEF801F0CAFF94F84430FF2B08BF50
:10DE400084F8447094F84500FF2808BF84F84570B2
:10DE500001F0CAFF01A902A801F042FA002848D146
:10DE600001F0B4FFA26BE36B9A42CCD101F0BCFF8E
:10DE7000019904F1100001F065F92046FFF7F2FE68
:10DE800001F0DEF80028C5D101F094FFC2E7019B44
:10DE9000002BADD002F0EEF8FEE702A801F014FA74
:10DEA000C4E7036C002B9AD002F0E4F8FEE72A46A0
:10DEB00031462046FFF79AFE636A5BB938B901F034
:10DEC00093FF012005B0F0BD02F0D4F8FEE701F0A9
:10DED00071FFF4E704F1240001F074F90028EED09A
:10DEE000F5E702F0C7F8FEE701F07EFF002005B07D
:10DEF000F0BD2046FFF7B6FE01F0A2F8F6E700BF3E
:10DF000070B582B011B350230193019B502B1AD1ED
:10DF10000C46002601210546C4E90F1684F8461078
:10DF200020462460019BFFF7E3FE3346324631462C
:10DF3000204684F84C50A6602660E660FFF744FF58
:10DF4000204602B070BD02F095F8FEE702F092F8AC
:10DF5000FEE700BFF0B585B0019200286BD0044603
:10DF60000E4600295BD001F0FFF900285DD001F0DA
:10DF70002DFFA56B002D61D1019B002B42D002A883
:10DF800001F0A2F92F4601F02FFF01F051F801F046
:10DF90001DFF94F84430FF2B08BF84F8447094F8B8
:10DFA0004530FF2B08BF84F8457001F01DFF01A923
:10DFB00002A801F095F998B901F008FFA36B33BBF3
:10DFC00001F012FF019904F1240001F0BBF8204692
:10DFD000FFF748FE01F034F868B901F0EBFE0AE003
:10DFE0002046FFF73FFE01F02BF801F0EFFEA36B98
:10DFF00043B101F0F9FE01F0E9FEA56BF5B9019B13
:10E00000002BC0D101F0F0FE002005B0F0BD01F002
:10E01000EBFE2046FFF726FE01F012F8EBE7036C5B
:10E02000002BA0D002F026F8FEE7019B002B9ED02B
:10E0300002F020F8FEE702F01DF8FEE7226C5AB16C
:10E04000E168A36811449942E16028BF2168304625
:10E0500028BFE16002F0B0FA013DA56323691BB956
:10E0600001F0C2FE0120D0E704F1100001F0AAF88F
:10E070000028F5D001F09EFEF2E700BFF0B585B0B4
:10E080000191002878D0036C0446002B3FD101F0A9
:10E090006BF910B9019B002B6BD101F097FEA56BBA
:10E0A000002D7AD1019B002B60D002A801F00CF961
:10E0B0002E462F4601F098FE00F0BAFF01F086FED2
:10E0C00094F84430FF2B08BF84F8447094F845302E
:10E0D000FF2B08BF84F8457001F086FE01A902A855
:10E0E00001F0FEF8B0B901F071FEA36B23B301F0AB
:10E0F0007BFE2046FFF7B6FD00F0A2FF01F066FEB2
:10E10000A56B002D49D1019B002BD3D12EE001F04E
:10E11000B1FFFEE72046FFF7A5FD00F091FF01F0FB
:10E1200055FEA36B2BB901F05FFEC6B9002005B008
:10E13000F0BD01F059FEE1E701F056FE23681BB384
:10E14000019904F1240000F0FDFF2046FFF78AFD4D
:10E1500000F076FF0028D1D101F02CFECEE701F0CF
:10E1600035FE616A59B9A06801F09EF901F03CFEE4
:10E17000DCE701F07FFFFEE701F07CFFFEE7236BA9
:10E180001968C1F13801EEE701F020FEA06801F046
:10E19000FBF8064601F028FED2E72368013DA5639F
:10E1A00073B123691BB901F01FFE0120BFE704F121
:10E1B000100001F007F80028F5D001F0FBFDF2E7B0
:10E1C00001F0C0F9A060ECE738B500B3A1B1124C82
:10E1D0006268234682421DD0A44600221D68013297
:10E1E00008337DB1082A07D05D689C46A842F5D166
:10E1F00004EBC20CCCE9001038BD5D68A842F7D032
:10E2000001320833082AF8D1CCE90010F4E701F014
:10E2100031FFFEE70022EBE72038032070B504460B
:10E220000E46154601F0D2FD94F84430FF2B04BF92
:10E23000002384F8443094F84530FF2B04BF0023BA
:10E2400084F8453001F0D0FDA36B23B12046BDE832
:10E250007040FFF707BD04F124002A46314600F064
:10E2600085FF2046BDE87040FFF7FCBC2DE9F84370
:10E270001C4683681646A3EB04089045474628BF12
:10E280001746E219934202D201F0F4FEFEE705467A
:10E2900080693A462044894602F08EF9B0450BD297
:10E2A000AB68F21B9A4202D901F0E4FEFEE7A869CE
:10E2B00009EB070102F080F9AB68A019984228BF6A
:10E2C000C01ABDE8F88300BF2DE9F0411C460B469B
:10E2D00081681546A1EB04089045474628BF1746BC
:10E2E000E219914202D201F0C5FEFEE781690646BD
:10E2F0003A461846214402F05FF9A84506D3B368B0
:10E300006019984228BFC01ABDE8F081B16938444D
:10E31000EA1B02F051F9F2E7F0B51646027F1C46FF
:10E32000D20705460F46036883B006D4B44228BF1F
:10E3300034467CB9204603B0F0BD04220DEB020147
:10E34000FFF7C2FF019A034696420CD200242046F2
:10E3500003B0F0BD224639462846FFF7B5FF2860D6
:10E36000204603B0F0BD1646043CDFE7F0B5164684
:10E37000027F1C46D20705460F46436883B007D587
:10E38000089A0196944211D20024204603B0F0BDB1
:10E39000B44228BF3446002CF7D0224639462846DE
:10E3A000FFF764FF6860204603B0F0BD04220DEB68
:10E3B0000201FFF75BFF34460346002CE5D0ECE793
:10E3C0002DE9F04182B0CBB11D46089BE3B18142FB
:10E3D00004460E460FD8002A0CBF4FF002084FF03B
:10E3E000030804280DD924230193019F9F420ED0D6
:10E3F00001F040FEFEE701F03DFEFEE701F03AFECF
:10E40000FEE701F037FEFEE701F034FEFEE70246CC
:10E410005521284602F044F8854202D001F02AFE38
:10E42000FEE73A460021089802F03AF8089B012ED0
:10E4300038BF012618469D619C6083F81C80DE6011
:10E4400002B0BDE8F08100BF38B568B185680268E8
:10E450000168446803689A42F9D168180138001BC2
:10E46000854298BF401B38BD01F004FEFEE700BFA7
:10E4700008B540B1826843680168D018401A8242EA
:10E4800098BF801A08BD01F0F5FDFEE72DE9F043C5
:10E4900087B00393002900F084800446002800F030
:10E4A0008380037F8568DB0717460E4605F1FF3240
:10E4B0005ED4BA4228BF3A469046039B002B33D025
:10E4C00004A800F0EBFE01F081FCA168206825683B
:10E4D000626823689842F9D10D44013DAD1AA94202
:10E4E00098BF6D1AA84565D90021084601F052FA77
:10E4F000D4F81490B9F1000F5FD100F02FFF6061E4
:10E5000001F072FC039A494600924B464A4648463F
:10E5100001F05AF803A904A8C4F8149000F0E0FE32
:10E520000028D0D05DB9A56822682168606823689A
:10E530009A42F9D14B1E1B1A5D1938BF1D462B4656
:10E540003A4631462046CDF80080FFF70FFF0546DA
:10E5500050B1A2686368216813445B1A9A4298BF5D
:10E560009B1AE2689A420CD9284607B0BDE8F083AE
:10E5700007F1040847451AD242459ED2002303936F
:10E58000D2E700F055FD236943B1002620693346E8
:10E5900032463146009601F063F8266100F050FDE6
:10E5A000E2E701F067FDFEE701F064FDFEE701F040
:10E5B00061FDFEE701F018FCB4E701F05BFDFEE74A
:10E5C000F0B583B0002942D00446002842D01F464F
:10E5D00090F81CC0D0F808E00CF0010C02EB8C0C99
:10E5E00025682668636820688542F9D17644013E33
:10E5F000F31A9E45204698BFA3EB0E03CDF800C04A
:10E60000FFF7B4FE054650B1A26863682168134461
:10E610005B1A9A4298BF9B1AE2689A4202D928462E
:10E6200003B0F0BD01F026FD236906464BB1206919
:10E63000019700273B463A463946009701F090F88B
:10E640002761304601F022FD284603B0F0BD01F0FD
:10E6500011FDFEE701F00EFDFEE700BF2DE9F043DE
:10E6600083B0002949D00446002849D0077F0E46D0
:10E6700007F0010790469946BF0073B9A368656823
:10E6800022681D44AD1AAB4298BFED1ABD4212D8A4
:10E690000025284603B0BDE8F08301F097FBA3688E
:10E6A000656822681D44AD1AAB4298BFED1ABD42A1
:10E6B0001AD901F099FB2B46424631462046FFF716
:10E6C0002BFE05460028E3D000F0B2FC636943B19D
:10E6D00000266069334632463146009600F0C0FF9E
:10E6E000666100F0ADFCD4E70021084601F052F964
:10E6F000256945B101F0BEFCFEE701F0BBFCFEE779
:10E7000001F0B8FCFEE700F029FE206101F06CFB8F
:10E710002B462A4629462846CDF8009000F054FFA3
:10E720002561ABE72DE9F041054601F04FFB374A83
:10E73000374F1368013313603B68002B35D0354CDD
:10E74000EB6A226852B3344E344935480A6805F101
:10E75000040C01326A640A6002689A4238BF03609E
:10E7600003EB830306EB830041689B00A960F2582A
:10E77000D1F808E00132C5F80CE0CEF804C0C1F8C9
:10E7800008C06861F25001F02FFB236823B13A689A
:10E79000EB6AD26A9A4210D3BDE8F0813A681E4E05
:10E7A000D26A9A4298BF3D60CEE73D601368012B64
:10E7B00007D0EB6A184E174CC6E7BDE8F04101F0F0
:10E7C000F9BA154E344606F58C6820461434FFF726
:10E7D000C3F94445F9D1DFF86480124C4046FFF795
:10E7E000BBF92046FFF7B8F90F48FFF7B5F90F4816
:10E7F000FFF7B2F90E48FFF7AFF90E4BC3F80080F0
:10E800000D4B1C60EB6A034C9EE700BF843803206D
:10E81000583D032078380320F83803206838032057
:10E820007C380320D0380320B4380320A0380320DC
:10E8300088380320CC380320C8380320E43803206C
:10E84000F8B50446214B224E1D6830680F4604304F
:10E85000FFF7B8F9631C17D033682D195D600BD230
:10E860001C4B186831680431FFF794F91A4B1A6889
:10E87000AA4200D91D60F8BD184B18683168BDE880
:10E88000F8400431FFF786B96FB933686A1E5A60E1
:10E89000002DF1D10F4B186831680431FFF77AF978
:10E8A0000D4B1B68F8BD0E4B31685A6837688A609B
:10E8B0003068316835681C68043001341C60946825
:10E8C0000431FC60606091606B61F8BD80380320AA
:10E8D000583D0320CC38032064380320C838032077
:10E8E000883803202DE9F0478A460A9C95000746A0
:10E8F000A5212A46206B9846089E01F0D1FDD4F848
:10E900003090BAF1000F0FD00AF1FF3C0AF10F016D
:10E9100004F1330E1CF8012F0EF8012F0AB18C45BB
:10E92000F8D1002384F84330372E02D901F0A2FB3E
:10E93000FEE7E662E664201DFFF71AF9C6F1380625
:10E9400004F11800FFF714F94C220021A66124619C
:10E95000646204F1540001F0A3FD0B49043D01F190
:10E960006803A16509EB0500D031E36521664346E4
:10E970003A46216B20F0070001F078FA099B2060ED
:10E9800003B11C60BDE8F087B056032080B51E4D72
:10E99000DFF884801D4E1E4F1E4C2B684BB301F0D8
:10E9A00015FAD8F80C30D3F80C9009F10400FFF7F1
:10E9B00009F93368013B33602B68013B2B6001F0A0
:10E9C00013FA3868543001F073FD99F8A53033B16B
:10E9D000012B14D0022BE0D001F04CFBFEE7D9F85C
:10E9E000300001F05FFC484601F05CFC2B68002B16
:10E9F000D5D12368012BD0D901F0DCF9CDE7484609
:10EA000001F050FCC9E700BF9C3803208438032084
:10EA1000583D0320F8380320A03803202DE9F04F9B
:10EA2000604B83B01C6801341C60002C79D05E4BB5
:10EA30001A6894427CD35D4D2A681268002A00F05F
:10EA4000AC804FF0000CCDE9004366465848DFF833
:10EA500074E1584F58E0D3F81490D3E90241A16013
:10EA60009C684C60D9F80410914204BFD968C9F879
:10EA70000410D9F800105E610139C9F80010D3F80C
:10EA80002890B9F1000F11D0D3E90741A160DC69EA
:10EA90004C60D9F80410414504BF196AC9F8041044
:10EAA000D9F800109E620139C9F80010D3F82C8003
:10EAB000D7F8009008EB880100EB810AC845DAF826
:10EAC000049088BFC7F8008050F82180C3F80890F0
:10EAD000D9F808B008F10108C3F80CB0CBF804204D
:10EAE000C9F80820C3F814A040F82180DEF80020FF
:10EAF000D5F80080D96AD26AD8F80030914288BF30
:10EB00004CF0010C002B43D02B68009CDB68DB68C9
:10EB100059681A1D8C4203F118089CD2019B196098
:10EB20000BE0224B1A681268DAB101F0A3FAFEE793
:10EB30004FF0000C1E48DFF88CE0DEF800301E4A73
:10EB4000DB6A03EB83039B00C0581368012898BF5E
:10EB5000002B14BF0120002040EA0C0003B0BDE8E8
:10EB6000F08F164A186811681960154910600A6814
:10EB700001320A601A68126822B94FF0FF320A4B5C
:10EB80001A6055E71A68084BD26812681A604FE796
:10EB9000019B4FF0FF321A60CFE794460448DFF83C
:10EBA00024E0F6E78038032064380320CC380320C3
:10EBB000F83803207C38032070380320C83803203D
:10EBC0006C380320583D03202DE9F04F4E4C83B0A4
:10EBD00001F0FCF82368013B23602668002E40F01A
:10EBE00083804A4B1B68002B7ED0494D2B68002B3D
:10EBF00000F08680474F4848DFF82CC1DFF82C81B1
:10EC00000196EB68DB681A6ADE69996AB260DE69B0
:10EC100003F1180E56604A68019E724504BF1A6AD5
:10EC20004A600A689E62013A0A60D9689E685A6919
:10EC3000B1609E6803F1040E4E605168714504BFD7
:10EC4000D9685160116801391160DA6AD7F800900B
:10EC500002EB820100EB810A4A45DAF8049088BF92
:10EC60003A6050F82120C3F80890D9F808B0013272
:10EC7000C3F80CB0CBF804E0C9F808E0C3F814A05E
:10EC800040F82120DCF80010DA6ACB6A9A4284BF8F
:10EC90000123C8F800302B68002BB2D11F4B1A6833
:10ECA000126842B31A681E4BD26812681A601D4E71
:10ECB000356895B1012706E0FFF7B0FE08B1C8F846
:10ECC0000070013D08D02368002BF5D03368013D6A
:10ECD00003F101033360F6D13560D8F800301BB181
:10ECE00001F068F8012400E0002401F07DF82046DE
:10ECF00003B0BDE8F08F4FF0FF32094B1A60D6E742
:10ED0000DFF82880D3E700BF603803208438032071
:10ED1000B43803207C380320F8380320CC38032093
:10ED20006438032074380320583D032070380320D2
:10ED30002DE9F04188B0DDE90F573DB34FB31646DA
:10ED4000A8220792079AA82A02D001F093F9FEE7B9
:10ED500004468846384607990021059301F0A0FB38
:10ED600020460E9C3D6300940224029787F8A5403C
:10ED700006AC32464146059B0194FFF7B3FD384689
:10ED8000FFF7D0FC069808B0BDE8F08101F072F9F9
:10ED9000FEE701F06FF9FEE72DE9F043064685B086
:10EDA000900015460F46984601F0F4F908B3044662
:10EDB000A82001F0EFF98146C0B1A822002101F09E
:10EDC0006FFBC9F830400D9C434601940C9C2A46C9
:10EDD00039463046CDF808900094FFF783FD484649
:10EDE000FFF7A0FC012005B0BDE8F083204601F04C
:10EDF00059FA4FF0FF3005B0BDE8F08370B5044616
:10EE0000304D00F0E3FF002C42D0261D3046FEF7C7
:10EE1000D9FEA36A1BB104F11800FEF7D3FE2A4AFB
:10EE20001368013313602B68A34228D0274A28496E
:10EE30001368013B13600B681B68DBB10A68254B44
:10EE4000D26812681A6000F0CFFF2B68A3420AD084
:10EE50002868543001F02CFB94F8A5301BB3012B2B
:10EE600028D0022B16D11C4B1B6813B12B68A34270
:10EE700013D070BD4FF0FF32164B1A60E3E73146F6
:10EE80001648FEF779FE164A136801331360DAE775
:10EE90002C68BAE701F0EEF8FEE7124B1B686BB185
:10EEA00001F0E8F8FEE7206B01F0FCF9204601F0E4
:10EEB000F9F9D8E7204601F0F5F9D4E7BDE870404C
:10EEC00000F078BF583D03206838032084380320C1
:10EED000CC3803206438032078380320A03803207E
:10EEE0009C3803206038032038B578B3D1B11A4C70
:10EEF00023682BBB236801332360184B02681D680D
:10EF000053182CBF01210021AA420ED8D9B10360A9
:10EF10000021581BFFF794FC236801255BB901F021
:10EF2000A9F8FEE701F0A6F8FEE761B903602368DF
:10EF30000025002BF3D0FFF747FE50B1284638BD1F
:10EF400001F098F8FEE79D42E1D3EFE701F092F877
:10EF5000FEE700F02FFFF1E7603803208038032040
:10EF6000C0B110B50C4C216811B101F083F8FEE777
:10EF7000236801332360FFF763FC23681BB1FFF7AD
:10EF800023FE18B110BD01F075F8FEE7BDE8104092
:10EF900000F010BF00F00EBF6038032030B5002431
:10EFA00089B007AA06A905A8CDE90544FEF7B8FD72
:10EFB000DDE905231649CDE9013216482346079AB3
:10EFC0000094FFF7B5FE30B100F09CFE0128054625
:10EFD00008D0013503D0104B1B6809B030BD01F0DB
:10EFE00049F8FEE701F046F84FF0FF300B4B0C4AB2
:10EFF0001B680C49543313600B4A0C4B08601560B6
:10F000001C6000F06FFF044B1B6809B030BD00BFEF
:10F01000600701088DE90008A0300108583D032071
:10F02000240103206438032078380320803803202B
:10F03000024A136801331360704700BF6038032031
:10F0400008B5054B1B6813B901F014F8FEE7BDE8DD
:10F050000840FFF7B9BD00BF60380320014B1868B6
:10F06000704700BF80380320054B1B680BB9FFF7C2
:10F07000D5BC044A0020136801331360704700BFF9
:10F08000603803207438032038B5284B1B681BB147
:10F090000122274B1A6038BD254A264C136023688D
:10F0A0001B6B1A68B2F1A53F03D15A68B2F1A53FB4
:10F0B00032D0206821683431F1F7CAF81E4D1F495B
:10F0C0002B6803EB830292008A58980042B903B37D
:10F0D000013B03EB830251F822209800002AF6D06E
:10F0E000184401EB800C6246DCF8041008324968D1
:10F0F0009142CCF8041008BFDCF80C10104A08BF8D
:10F10000CCF80410C96821602B6023685433136065
:10F1100038BD00F0AFFFFEE79A68B2F1A53FC8D155
:10F12000DB68B3F1A53FC4D1C8E700BF6038032056
:10F1300070380320583D03207C380320F838032022
:10F140002401032010B558B10C46074B196818313B
:10F15000FEF720FD2046BDE810400121FFF770BBFF
:10F1600000F088FFFEE700BF583D0320F8B50346D6
:10F1700010B3134C5D680846002A11462268D4F883
:10F1800000E0D56126682268D4F800C002F11804B6
:10F190001A68AF6806F1180602F10102CEF8207075
:10F1A00018BF4FF0FF307E60AC60CCF828301A609A
:10F1B000BDE8F840FFF744BB00F05CFFFEE700BF8E
:10F1C000583D0320C36870B5DB68002B57D0D3E9E6
:10F1D00007019A6A8160DD6954684D60002503F17A
:10F1E0001800844208BF196A264C08BF5160116894
:10F1F0009D62013911602268AAB1234A5468DC611A
:10F20000A168196248601168A06001319A621160BA
:10F210001E49DA6A0B68DB6A9A422ED901231C4A1E
:10F220001846136070BD5A69D3E9020181609C6879
:10F2300050681D1D4C60A84208BFD968154808BF1A
:10F240005160116801391160DA6A01688A42124915
:10F2500088BF026002EB82024FEA820C01EB82025D
:10F26000546851F80C009C60A6680130DE6075603F
:10F27000A5605A6141F80C00CAE7002070BD00F09B
:10F28000F9FEFEE760380320B4380320583D032020
:10F29000703803207C380320F838032010B560B1A3
:10F2A000044600F093FD064A064B12681B68C4E949
:10F2B0000023BDE8104000F097BD00F0DBFEFEE744
:10F2C0006C38032080380320034A044B12681B6803
:10F2D000C0E90023704700BF6C380320803803204A
:10F2E000F8B568B30D4641B3044600F06FFD2B68D6
:10F2F000154A581C11681BD0D4E90060DFF84CC0D7
:10F30000DCF80070BE4208D0884206D800230124F1
:10F310002B6000F069FD2046F8BD0F1ABB42F5D9FD
:10F320005B1ADCF80010126803442B60C4E9001279
:10F33000002400F059FD2046F8BD00F09BFEFEE7DA
:10F3400000F098FEFEE700BF803803206C380320F1
:10F350000122014B1A60704770380320014B186876
:10F36000704700BF583D0320054B1B6833B1054B68
:10F370001868B0FA80F040094000704701207047DB
:10F380007838032060380320F8B50446C8B11F4D13
:10F39000C36A2A68D26A934214D28269002A04DBC3
:10F3A0002A68D26AC2F138028261194E626903EB9F
:10F3B000830306EB83039A420CD02B68DB6AE3627B
:10F3C0000120F8BD2B68C06CDB6A98422CBF00207E
:10F3D0000120F8BD271D3846FEF7F4FB2B680D4AC7
:10F3E000DB6A1168E3628B4288BF136003EB83031F
:10F3F000980006EB830359683258A1608D6801328A
:10F40000E5606F608F6063613250D9E7583D03203B
:10F41000F83803207C38032098B1204B70B51B6866
:10F420000446834202D000F025FEFEE71B6D53B177
:10F43000C16AC26C013B9142036500D033B1002028
:10F4400070BD0020704700F015FEFEE7051D284640
:10F45000FEF7B8FBE36C124AC3F13800A06101204B
:10F460001168E3628B4288BF13600E4A03EB83038B
:10F470004FEA830E02EB8303D3F804C052F80E1058
:10F48000C4F808C0DCF808600144E6607560CCF898
:10F490000850636142F80E1070BD00BF583D032054
:10F4A0007C380320F838032080B1036D70B5044622
:10F4B0004BB1C06CE26A814238BF01468A4201D03A
:10F4C000012B04D070BD00F0D5FDFEE770471A4B4C
:10F4D0001B68A3422CD0A369E162002BA8BFC1F135
:10F4E0003801164DA8BFA16102EB8202616905EBEC
:10F4F00082039942E6D1261D3046FEF763FB104A8F
:10F50000E36A11688B4288BF136003EB83039800A2
:10F5100005EB830359682A58A160D1F808C001326D
:10F52000C4F80CC0CCF804608E6063612A5070BDD2
:10F5300000F0A0FDFEE700BF583D0320F83803208F
:10F540007C380320044B1A681AB119680A6D01321D
:10F550000A651868704700BF583D032070B510B1A8
:10F5600000F088FDFEE7174D0E46144600F02EFC15
:10F570002B68D3F8A03023B901212B6883F8A4109D
:10F58000CCB900F031FC00F021FC2B68D3F8A0408E
:10F5900024B15EB100222B68C3F8A02000222B68A2
:10F5A00083F8A42000F020FC204670BD2B68621E6A
:10F5B000C3F8A020F2E72046FFF742F900F0FAFB7B
:10F5C000DFE700BF583D0320F8B510B100F052FD51
:10F5D000FEE7224E1D460C46174600F0F7FB336847
:10F5E00093F8A430022B0CD001213268D2F8A0305D
:10F5F00023EA0403C2F8A030336883F8A410069B02
:10F60000FBB900F0F1FB00F0E1FB1DB13368D3F86A
:10F61000A0302B60336893F8A430022B08D000246C
:10F620000022336883F8A42000F0DEFB2046F8BDFA
:10F6300032680124D2F8A03023EA0703C2F8A030D0
:10F64000EEE71846FFF7FCF800F0B4FB00F0CCFB47
:10F6500000F0BCFB002DD9D1DCE700BF583D0320F2
:10F6600070B531BB0446B0B11D46164600F0AEFB86
:10F67000049B1BB1D4F8A030049A1360022294F8C2
:10F68000A43084F8A420DBB2042D5AD8DFE805F0BA
:10F690000A1A1408060000F0EDFCFEE7022B4ED01B
:10F6A000C4F8A060012B13D0012400F09DFB20467C
:10F6B00070BD00F0DFFCFEE7D4F8A0200132C4F8F2
:10F6C000A020EFE7D4F8A0203243C4F8A020E9E757
:10F6D0006369D4E902128A60A0685968251D5060E8
:10F6E000A94208BFE2681A4908BF5A601A68013A7D
:10F6F0001A60E36A0A689342164A88BF0B6003EBFC
:10F7000083039E0002EB830358689159A060D0F8F0
:10F7100008C00131C4F80CC0CCF8045085606361A6
:10F72000A36A915113B100F0A5FCFEE70A4BE26A0F
:10F730001B68DB6A9A42B7D900F03CFBB4E70024AF
:10F74000B3E7064A1268002AACD000F093FCFEE74B
:10F750007C380320F8380320583D032080380320EC
:10F7600070B5A0B3C9B91D460446164600F02AFC80
:10F7700000F080FC049B1BB1D4F8A030049A136005
:10F78000022294F8A43084F8A420DBB2042D72D8AD
:10F79000DFE805F00A171108060000F06BFCFEE731
:10F7A000022B66D0C4F8A060012B13D0012400F016
:10F7B0006DFC204670BDD4F8A0200132C4F8A02012
:10F7C000F2E7D4F8A0203243C4F8A020ECE700F020
:10F7D00051FCFEE7A36A13B100F04CFCFEE7294B95
:10F7E0001B68DBB1284B5A681968E26195680131E2
:10F7F000196004F11801256269609160A362234BCE
:10F80000E26A1B68DB6A9A42D0D9059B13B10123D7
:10F81000059A136001221E4B1A60C7E76369D4E999
:10F8200002128A60A168261D51605A68B24204BF64
:10F83000E2685A601A68013A1A60164AE36A116867
:10F840008B4288BF1360144A03EB830302EB830CE3
:10F85000DCF804509B00D158A560D5F808E00131D0
:10F86000C4F80CE0CEF80460AE60C4F814C0D15007
:10F87000C5E700249BE7094A1268002A94D000F0EB
:10F88000F9FBFEE760380320B4380320583D03201D
:10F89000703803207C380320F83803208038032098
:10F8A000F8B500283BD0B9B90446154600F08AFBEC
:10F8B00000F0E0FB022394F8A42084F8A430D4F8EC
:10F8C000A030012A03F10103C4F8A03023D1A36AB8
:10F8D0002BB100F0CFFBFEE700F0CCFBFEE7274B9F
:10F8E0001B68FBB1264B5A681968E26196680131C2
:10F8F000196004F11801266271609160A362214BC6
:10F90000E26A1B68DB6A9A4205D90DB101232B60BC
:10F9100001221D4B1A60BDE8F84000F0B7BB00F0B3
:10F92000A9FBFEE76369D4E902128A60A16804F1C9
:10F93000040E51605A68724504BFE2685A601A6842
:10F94000013A1A60114AE36A11688B4288BF13605A
:10F950000F4A03EB83039E0002EB8303D3F804C03A
:10F960009159C4F808C0DCF808700131E760C7F8A5
:10F9700004E0CCF808E063619151C0E760380320EF
:10F98000B4380320583D0320703803207C3803200E
:10F99000F838032038B599B9044670B100F016FA6A
:10F9A00094F8A430022B05BF00230125002584F81C
:10F9B000A43000F019FA284638BD034B1C68EDE767
:10F9C00000F058FBFEE700BF583D0320F0B5124C95
:10F9D00083B000F0FBF9256825B103B0BDE8F04025
:10F9E00000F002BA0D4E0E4F3046FEF7B5F838461D
:10F9F000FEF7B2F80B490C4B00950A201F600E6011
:10FA00000A4B10210A4AFEF7AFF920600028E4D023
:10FA10000849FEF7D9FBE0E7543E0320743E03207B
:10FA2000603E03205C3E0320583E03205C3D0320E3
:10FA3000AC3D0320680701082DE9F047DFF884900A
:10FA40000546D9F800300F46DB68DC6804F104088D
:10FA50004046FEF7B7F894F828305A070ED423F042
:10FA6000010384F828302046236ABDE8F047184790
:10FA700093421BD82046236A98473546A3697A1BD0
:10FA8000EE182CBF01210021B74266602461EFD23D
:10FA9000AF4201D20029EDD0D9F800004146FEF76F
:10FAA00079F82046236ABDE8F0471847044B4146E1
:10FAB0001868FEF76FF82046236ABDE8F04718473C
:10FAC000583E03205C3E03202DE9F047894D8A4EC5
:10FAD0008A4F8B4C84B02B68D3F80090B9F1000F9B
:10FAE00040F0D480FFF7A4FAFFF7B8FA33688046F5
:10FAF00098423DD33B6830601A68B2FA82F25209EC
:10FB00002068A9EB0801FEF789FBFFF799FA0028A6
:10FB100000F0CD80002269462068FEF71BFA00281D
:10FB2000D9D0009B0298002BC0F2A880DDF8088095
:10FB3000D8F814301BB108F10400FEF743F8FFF7C2
:10FB40008DFA33688146984224D3009BC6F8009012
:10FB5000013B082BDED8DFE803F0252581698825E5
:10FB600025816900DB684FF0FF311868FFF764FFFB
:10FB70002B681A68002AF5D13A68C6F800802A6016
:10FB80003B60FFF75DFAC5E7DB684FF0FF311868AF
:10FB9000FFF752FF2B681A68002AF5D13A683B60DC
:10FBA0002A60D2E798F82810019AD8F8180041F096
:10FBB000010C131888F828C02CBF4FF0010C4FF02F
:10FBC000000C4B45C8F80430C8F8108072D8A9EB77
:10FBD000020290423CD84A0711D421F0010188F872
:10FBE00028104046D8F82030984793E7904277D8BD
:10FBF0004046D8F8203098475346D8F8180010EB04
:10FC0000030A2CBF01210021D145A9EB0302C8F84A
:10FC100004A0C8F81080E9D2994501D20029E7D0A4
:10FC2000286808F10401FDF7B5FFDAE798F8282005
:10FC3000019B42F0010288F82820C8F81830002BF8
:10FC400054D04B444B45C8F80430C8F8108036D81F
:10FC5000386808F10401FDF79DFF5BE798F828304C
:10FC600023F0010388F8283054E798F828309A07E1
:10FC700032D523F0010388F828304BE7019B039924
:10FC80009847009B002BFFF645AF4FE7DB68D3F8A2
:10FC90000090FFF7CDF9FFF7E1F93368804698420D
:10FCA000FFF466AF814530600FD9002228E700F0ED
:10FCB00081F82FE74A4502D9BCF1000F8BD02868A4
:10FCC00008F10401FDF766FF24E7FFF7B9F94146A3
:10FCD0004846FFF7B1FE1DE7404600F0E3FA19E79A
:10FCE000386808F10401FDF755FF7AE700F0C2F922
:10FCF000FEE700BF5C3E03204C3E0320583E03203D
:10FD0000543E032010B588B0FFF760FE0F4B1B6810
:10FD1000CBB1002407AA06A905A8CDE90544FDF743
:10FD20000DFF02222346059C00920294069C08497E
:10FD30000848079A0194FEF7FBFF074B186010B1C3
:10FD4000012008B010BD00F095F9FEE7543E0320F5
:10FD500070070108C9FA0008503E0320002200B5D0
:10FD6000074B83B001921B68013302D000F082F987
:10FD7000FEE700F07FF9019B002BFCD003B000BD33
:10FD8000200103204FF0E0220023072010B4074C8D
:10FD900013619361236806495DF8044BA1FB0313CB
:10FDA0009B09013B53611061704700BFF4000320C1
:10FDB000D34D62104FF0E0234FF08052C3F8042D72
:10FDC000BFF34F8FBFF36F8F704700BF08B500F0D0
:10FDD00051F9044A136801331360BFF34F8FBFF327
:10FDE0006F8F08BD2001032008B5084B1A684AB17F
:10FDF0001A68013A1A60186800B108BDBDE80840E9
:10FE000000F044B900F036F9FEE700BF20010320FE
:10FE100010B500F02FF90446FFF726F928B14FF08E
:10FE2000E0234FF08052C3F8042D2046BDE8104077
:10FE300000F02CB908B5836913F8023C662B02D098
:10FE400000F018F9FEE74FF0E023D3F8882D42F4D4
:10FE50007002C3F8882DD3F8342F42F04042C3F823
:10FE6000342FBDE8084000F0D3B800BF2DE9F04FB3
:10FE70004FF0113E4FF0807440E909E34FF0073333
:10FE800040F8044C164C40F8343C40E903424FF033
:10FE900005334FF006324FF0123B40E90F324FF07E
:10FEA000033A4FF002394FF001384FF010374FF05E
:10FEB00009364FF008354FF004346FF0430340E942
:10FEC00005AB40E9078940E90B6740F8305C40F832
:10FED000404C40F8443C40F8481DBDE8F08F00BF5E
:10FEE0005DFD000800204FF0E0234FF07F4130B56A
:10FEF00085B00290D3F81C0D2F4A0190C3F81C1D49
:10FF0000D3F81C3D1B0E8DF803309DF8033003F031
:10FF1000A0031370002B41D09DF80330DB4313F096
:10FF2000A00F0BD000F0A6F8FEE7029B013302936E
:10FF30009DF803305B00DBB28DF803309DF8033091
:10FF40001B06F2D4029B082B2BD0029AC2F10702A7
:10FF5000120202F4E0624FF0E023002501991748F5
:10FF6000174C0260C3F81C1DD3F8202D42F47F0209
:10FF7000C3F8202DD3F8202D42F07F42C3F8202D66
:10FF8000FFF700FF256000F063F8FFF77DF80395A9
:10FF90002368013307D000F06DF8FEE700F06AF83F
:10FFA000FEE70022D7E700F065F8039B002BFCD0AA
:10FFB000002005B030BD00BF8C3E0320883E0320EA
:10FFC0002001032008B5EFF305830F2B05D90B495A
:10FFD0000B4A5B5C12789A420DD84FF0E023094A35
:10FFE000D3F80C3D126803F4E063934200D808BDD7
:10FFF00000F040F8FEE700F03DF8FEE7F0E300E037
:020000040801F1
:100000008C3E0320883E032000000000000000001A
:100010000B4A1168086806C881F30B88022181F336
:100020001488203080F30988BFF36F8F4FF00000F1
:1000300080F31188104700BFAFF30080AFF300805A
:10004000583D0320000000000000000000000000F8
:1000500007480068006880F3088862B661B6BFF39D
:100060004F8FBFF36F8F66DF00BF00BFAFF300801D
:1000700008ED00E0EFF311804FF0A00181F311884B
:10008000BFF34F8FBFF36F8F704700BF80F31188AE
:10009000BFF34F8FBFF36F8F704700BF00000000AA
:1000A000EFF309801EF0100F08BF20ED108AEFF368
:1000B0000B82734620E9FC0F114A116808604FF06B
:1000C000A00080F31188BFF34F8FBFF36F8FFEF74F
:1000D000DBFF4FF0000080F31188094A11680868BF
:1000E000B0E8FC0F13F0100F08BFB0EC108A82F3D9
:1000F0000B8880F309881847AFF30080AFF30080C6
:10010000583D032000000000000000000000000037
:100110001EF0040F0CBFEFF30880EFF309800449D1
:10012000084700BFAFF30080AFF30080AFF300805B
:1001300035FE000810B4154B1A461B688342FBD3EA
:100140005468416802EB040C604513D04418A34284
:1001500006D00360824218BF10605DF8044B704700
:100160000B4C2468A342F4D0D3E90034214403604B
:100170004160EFE72144501883425160EDD10448BB
:1001800000688342E9D01046EEE700BFA43E03209A
:10019000A03E0320F8B53D4E0446FEF749FF336804
:1001A000002B52D0631E0A332ED814F0070304F13B
:1001B000080121D1002927DB354F3D688D4223D32B
:1001C000344B18461C6803E0236823B120461C46C4
:1001D00062688A42F8D33368A34215D02368066860
:1001E0000360531A102B06F1080617D9601842074E
:1001F0000FD0FFF73FFFFEE7A3F109028A4203D3C6
:100200001034E11A0029D7DCFEF71AFF0026304629
:10021000F8BD43606160FFF78DFF626800201E4BF0
:10022000AD1A196842F000428D421C4938BF1D606A
:100230000B686260013320600B603D60FEF700FFD9
:100240007307E4D0FFF716FFFEE7154A510719D0F0
:10025000D11D21F0070102F5C052531A0A460020B1
:100260000B44083B23F007030A4D9A1AC5E9001016
:100270003360C3E90000C1E900320749044B0A605A
:100280001A608FE711464FF4C053E8E7A03E032001
:100290009C3E0320A43E0320983E0320943E03206E
:1002A000AC3E032070B150F8043C10B5002B04465E
:1002B00005DA50F8082C32B1FFF7DCFEFEE7FFF755
:1002C000D9FEFEE7704723F0004340F8043CFEF7F8
:1002D000AFFE094A54F8043C1168A4F108000B442D
:1002E0001360FFF727FFBDE81040044A136801338D
:1002F0001360FEF7A5BE00BF9C3E0320903E032086
:1003000038B50446D0F8D80204F52675294600F21F
:10031000AA20FDF7E9FA2946D4F8D802BDE838400A
:10032000FCF74ABF01EB810300EBC303D3F8642160
:10033000D0F8D802FCF778BF01EB810300EBC303D0
:100340005A6AD0F8D802FCF7A3BF00BFD0F8D80291
:10035000FDF742B810B543790446022B01D0F0F7FF
:10036000F3FDD4F8D8020121FDF71AF8D4F8D80229
:10037000BDE81040FCF7E8BF10B50446D0F8D8023D
:10038000FDF712F8637A23B1024A136943F00603BA
:10039000136110BD00ED00E010B5437A04462BB99F
:1003A000D4F8D802BDE81040FDF70AB8064A136930
:1003B00023F006031361F0F727FAD4F8D802BDE85A
:1003C0001040FCF7FDBF00BF00ED00E0944608B50B
:1003D0001A46D0F8CC026346F9F7A8F818B10228FB
:1003E0000CBF0120032008BD08B5D0F8CC02F9F7F6
:1003F00009F918B102280CBF0120032008BD00BF75
:1004000008B5D0F8CC02F9F735F918B102280CBFBD
:100410000120032008BD00BF0A06D0F8CC3206D464
:1004200001EB810103EBC10393F85201704701F026
:100430007F0101EB810103EBC103987C704700BF92
:1004400008B5D0F8CC02F9F75DF818B102280CBF56
:100450000120032008BD00BF08B5D0F8CC02F9F791
:10046000B5F818B102280CBF0120032008BD00BF59
:1004700008B5D0F8CC02F9F791F818B102280CBFF2
:100480000120032008BD00BF014800F093B800BF61
:10049000E8570320014800F08EB800BFE85703205A
:1004A00002440346934200D1704703F8011BF9E769
:1004B0002D4B1B68834270B5044653D0C3691BB3F0
:1004C000DB6863B10025E369DB685959B1B90435CC
:1004D000802DF8D1E3692046D96800F07BF8E36904
:1004E000196811B1204600F075F8E3699D685DB1A7
:1004F000294620462D6800F06DF8F8E70E68204682
:1005000000F068F83146E1E7616911B1204600F07A
:1005100061F8E16911B1204600F05CF8216B11B17E
:10052000204600F057F8616B11B1204600F052F8F8
:10053000A16B11B1204600F04DF8A16C11B120461D
:1005400000F048F8616C11B1204600F043F8E16A10
:1005500011B1204600F03EF8236A1BB12046BDE8E9
:100560007040184770BD00BF2401032070B50D4BCB
:1005700000260D4D5B1B9C10A64209D10B4D00F0CF
:1005800073F80B4B00265B1B9C10A64205D170BD77
:1005900055F8043B01369847EEE755F8043B013621
:1005A0009847F2E7AC300108AC300108AC300108E4
:1005B000B0300108704770470A44431E914200D191
:1005C000704710B511F8014B914203F8014FF9D172
:1005D00010BD000038B50546002941D051F8043C53
:1005E0000C1F002BB8BFE418FFF74EFF1D4A13681D
:1005F00033B9636014602846BDE83840FFF74ABF4E
:10060000A34208D9206821188B4201BF19685B6892
:1006100009182160EDE71A465B680BB1A342FAD9CD
:1006200011685018A0420BD1206801445018116085
:100630008342E0D118685B68084453601060DAE7D1
:1006400002D90C232B60D6E7206821188B4202BF09
:1006500019685B680918636008BF21605460CAE7C5
:1006600038BD00BFAC560320F8B500BFF8BC08BCCD
:100670009E467047F8B500BFF8BC08BC9E46704760
:080680005FF800F07501032092
:1006880052414D4E5F54785461736B320000000044
:1006980052414D4E5F52785461736B320000000036
:1006A80052414D4E5F53656E645553420000000041
:1006B80052414D4E5F4469616754580052414D4E56
:1006C8005F4469616752580052414D4E5F457272EE
:1006D8006F725461736B000052414D4E5F506572EA
:1006E800696F64696300000052414D4E5F53656E47
:1006F8006443414E0000000052414D4E5F52656315
:100708006569766543414E0052414D4E5F526563BF
:10071800656976655553420043414C4942524154FC
:10072800494F4E2049443000454355422D436861A6
:100738007373697300000000536570202034203201
:100748003032360030313A31303A30310000000072
:1007580052414D4E0000000049444C450000000045
:10076800546D725100000000546D7220537663007E
:1007780088060108000000000000000000000000DA
:1007880000000000000400002A0000000000000033
:1007980000000000980601080000000000000000AA
:1007A8000000000000000000000800002900000010
:1007B8000000000000000000A8060108000000007A
:1007C800000000000000000000000000000400001D
:1007D800300000000000000000000000B80601081A
:1007E80000000000A4030320A80000004C0403201C
:1007F800000400000F0000000000000000000000DE
:10080800C40601080000000050080320A8000000EA
:10081800F808032000040000100000000000000099
:1008280000000000D006010800000000FC0C0320B6
:10083800A8000000A40D03200004000031000000FF
:100848000000000000000000E006010800000000B1
:10085800A8110320A8000000501203200004000083
:10086800200000000000000000000000F006010861
:100878000000000054160320A8000000FC16032006
:100888000004000028000000000000000000000034
:100898000007010800000000001B0320A80000005A
:1008A800A81B03200004000018000000000000003E
:1008B8000000000010070108000000000000000010
:1008C8000000000000000000000400001800000004
:1008D800000000000000000000010100010100000C
:1008E80041110008B50F000879110008D10F000860
:1008F800A511000801100008111500083D15000891
:10090800BD11000819100008D511000831100008A1
:10091800ED1100084910000819120008D113000849
:1009280000000000E91300083112000871100008E7
:100938005512000881100008691200088D1000087F
:100948009D120008B1100008C1120008C11000086B
:10095800E11200080114000811130008951400089A
:100968005D1300082D140008D1100008ED100008D0
:100978006D15000831160008891500085D16000875
:10098800A515000889160008C1150008B516000845
:10099800DD150008E1160008F91500080D17000814
:1009A800990F00089D0F00080000000019110008A9
:1009B800E9140008D9140008ED140008DD14000833
:1009C800A10F0008A90F000815160008391700081C
:1009D800F1140008E1140008F5140008E5140008F3
:1009E800FD14000805150008F91400089114000802
:1009F800FECA77000000000043005800C9015001FA
:100A0800E107DF075205010700000000963007776D
:100A18002C610EEEBA51099919C46D078FF46A70EA
:100A280035A563E9A395649E3288DB0EA4B8DC790A
:100A38001EE9D5E088D9D2972B4CB609BD7CB17E8A
:100A4800072DB8E7911DBF906410B71DF220B06A5A
:100A58004871B9F3DE41BE847DD4DA1AEBE4DD6D6A
:100A680051B5D4F4C785D38356986C13C0A86B646A
:100A78007AF962FDECC9658A4F5C0114D96C06638A
:100A8800633D0FFAF50D088DC8206E3B5E10694C6A
:100A9800E44160D5727167A2D1E4033C47D4044BAA
:100AA800FD850DD26BB50AA5FAA8B5356C98B2428A
:100AB800D6C9BBDB40F9BCACE36CD832755CDF450A
:100AC800CF0DD6DC593DD1ABAC30D9263A00DE513A
:100AD8008051D7C81661D0BFB5F4B42123C4B3562A
:100AE8009995BACF0FA5BDB89EB802280888055FAA
:100AF800B2D90CC624E90BB1877C6F2F114C68580A
:100B0800AB1D61C13D2D66B69041DC760671DB01F7
:100B1800BC20D2982A10D5EF8985B1711FB5B606C9
:100B2800A5E4BF9F33D4B8E8A2C9077834F9000F09
:100B38008EA8099618980EE1BB0D6A7F2D3D6D08A9
:100B4800976C6491015C63E6F4516B6B62616C1C99
:100B5800D83065854E0062F2ED95066C7BA5011BC9
:100B6800C1F4088257C40FF5C6D9B06550E9B71269
:100B7800EAB8BE8B7C88B9FCDF1DDD62492DDA1529
:100B8800F37CD38C654CD4FB5861B24DCE51B53A49
:100B98007400BCA3E230BBD441A5DF4AD795D83D49
:100BA8006DC4D1A4FBF4D6D36AE96943FCD96E3489
:100BB800468867ADD0B860DA732D0444E51D033369
:100BC8005F4C0AAAC97C0DDD3C710550AA41022779
:100BD80010100BBE86200CC925B56857B3856F2049
:100BE80009D466B99FE461CE0EF9DE5E98C9D929A9
:100BF8002298D0B0B4A8D7C7173DB359810DB42EE9
:100C08003B5CBDB7AD6CBAC02083B8EDB6B3BF9A34
:100C18000CE2B6039AD2B1743947D5EAAF77D29DC0
:100C28001526DB048316DC73120B63E3843B6494A0
:100C38003E6A6D0DA85A6A7A0BCF0EE49DFF0993A0
:100C480027AE000AB19E077D44930FF0D2A3088710
:100C580068F2011EFEC206695D5762F7CB676580C0
:100C680071366C19E7066B6E761BD4FEE02BD389C0
:100C78005A7ADA10CC4ADD676FDFB9F9F9EFBE8E20
:100C880043BEB717D58EB060E8A3D6D67E93D1A160
:100C9800C4C2D83852F2DF4FF167BBD16757BCA640
:100CA800DD06B53F4B36B248DA2B0DD84C1B0AAFE0
:100CB800F64A0336607A0441C3EF60DF55DF67A860
:100CC800EF8E6E3179BE69468CB361CB1A8366BCF0
:100CD800A0D26F2536E2685295770CCC03470BBB40
:100CE800B91602222F260555BE3BBAC5280BBDB240
:100CF800925AB42B046AB35CA7FFD7C231CFD0B5E0
:100D08008B9ED92C1DAEDE5BB0C2649B26F263ECD1
:100D18009CA36A750A936D02A906099C3F360EEBDF
:100D28008567077213570005824ABF95147AB8E29F
:100D3800AE2BB17B381BB60C9B8ED2920DBED5E57F
:100D4800B7EFDC7C21DFDB0BD4D2D38642E2D4F1CF
:100D5800F8B3DD686E83DA1FCD16BE815B26B9F65F
:100D6800E177B06F7747B718E65A0888706A0FFFBF
:100D7800CA3B06665C0B0111FF9E658F69AE62F87F
:100D8800D3FF6B6145CF6C1678E20AA0EED20DD77F
:100D98005483044EC2B30339612667A7F71660D09F
:100DA8004D476949DB776E3E4A6AD1AEDC5AD6D9DF
:100DB800660BDF40F03BD83753AEBCA9C59EBBDEFF
:100DC8007FCFB247E9FFB5301CF2BDBD8AC2BACAAF
:100DD8003093B353A6A3B4240536D0BA9306D7CD1F
:100DE8002957DE54BF67D9232E7A66B3B84A61C43F
:100DF800021B685D942B6F2A37BE0BB4A18E0CC3FF
:100E08001BDF055A8DEF022D52414D4E2A454355A1
:100E18005F422A303030322A554E4954322A000077
:100E2800100210003F600002FF0FFF0FFF0FFF0FBF
:100E3800FF0FFF0FFF0FFF0FFF0FFF0FFF0FFF0F3A
:100E4800FF0FFF0FFF0FFF0FFF0FFF0FFF0FFF0F2A
:100E5800FF0FFF0FFF0FFF0FFF0FFF0FFF0FFF0F1A
:100E6800FF0FFF0FFF0FFF0FFF0FFF0FFF0FFF0F0A
:100E7800FF0FFF0FFF0FFF0FFF0FFF0FFF0FFF0FFA
:100E8800FF0FFF0FFF0FFF0FFF0FFF0FFF0FFF0FEA
:100E9800FF0FFF0FFF0FFF0FFF0FFF0FFF0FFF0FDA
:100EA800FF0FFE0FFE0FFE0FFD0FFD0FFD0FFC0FD6
:100EB800FC0FFC0FFB0FFB0FFB0FFA0FFA0FF90FDC
:100EC800F90FF90FF80FF80FF80FF70FF70FF70FE3
:100ED800F60FF60FF60FF50FF50FF50FF40FF40FE9
:100EE800F40FF30FF30FF30FF20FF20FF20FF10FEE
:100EF800F10FF10FF00FF00FF00FEF0FEF0FEE0FF4
:100F0800EE0FEE0FED0FED0FED0FEC0FEC0FEC0FFA
:100F1800EB0FEB0FEB0FEA0FEA0FEA0FE90FE90F00
:100F2800E90FE80FE80FE80FE70FE70FE70FE60F05
:100F3800E60FE60FE50FE50FE40FE40FE40FE30F0C
:100F4800E30FE30FE20FE20FE20FE10FE10FE10F12
:100F5800E00FE00FE00FDF0FDF0FDF0FDE0FDE0F18
:100F6800DE0FDD0FDD0FDC0FDC0FDC0FDB0FDB0F1F
:100F7800DB0FDA0FDA0FDA0FD90FD90FD90FD80F25
:100F8800D80FD80FD70FD70FD70FD60FD60FD50F2B
:100F9800D50FD50FD40FD40FD40FD30FD30FD30F32
:100FA800D20FD20FD20FD10FD10FD10FD00FD00F38
:100FB800CF0FCF0FCF0FCE0FCE0FCE0FCD0FCD0F40
:100FC800CD0FCC0FCC0FCC0FCB0FCB0FCB0FCA0F45
:100FD800CA0FC90FC90FC90FC80FC80FC80FC70F4D
:100FE800C70FC70FC60FC60FC60FC50FC50FC50F52
:100FF800C40FC40FC30FC30FC30FC20FC20FC20F5A
:10100800C10FC10FC10FC00FC00FC00FBF0FBF0F5F
:10101800BE0FBE0FBE0FBD0FBD0FBD0FBC0FBC0F67
:10102800BC0FBB0FBB0FBB0FBA0FBA0FB90FB90F6D
:10103800B90FB80FB80FB80FB70FB70FB70FB60F74
:10104800B60FB60FB50FB50FB40FB40FB40FB30F7B
:10105800B30FB30FB20FB20FB20FB10FB10FB00F82
:10106800B00FB00FAF0FAF0FAF0FAE0FAE0FAE0F89
:10107800AD0FAD0FAD0FAC0FAC0FAB0FAB0FAB0F90
:10108800AA0FAA0FAA0FA90FA90FA90FA80FA80F97
:10109800A70FA70FA70FA60FA60FA60FA50FA50F9F
:1010A800A50FA40FA40FA30FA30FA30FA20FA20FA6
:1010B800A20FA10FA10FA10FA00FA00F9F0F9F0FAD
:1010C8009F0F9E0F9E0F9E0F9D0F9D0F9D0F9C0FB4
:1010D8009C0F9B0F9B0F9B0F9A0F9A0F9A0F990FBC
:1010E800990F990F980F980F970F970F970F960FC3
:1010F800960F960F950F950F950F940F940F930FCA
:10110800930F930F920F920F920F910F910F900FD1
:10111800900F900F8F0F8F0F8F0F8E0F8E0F8E0FD8
:101128008D0F8D0F8C0F8C0F8C0F8B0F8B0F8B0FE0
:101138008A0F8A0F890F890F890F880F880F880FE8
:10114800870F870F860F860F860F850F850F850FF0
:10115800840F840F840F830F830F820F820F820FF7
:10116800810F810F810F800F800F7F0F7F0F7F0FFF
:101178007E0F7E0F7E0F7D0F7D0F7C0F7C0F7C0F07
:101188007B0F7B0F7B0F7A0F7A0F790F790F790F0F
:10119800780F780F780F770F770F760F760F760F17
:1011A800750F750F750F740F740F730F730F730F1F
:1011B800720F720F720F710F710F700F700F700F27
:1011C8006F0F6F0F6F0F6E0F6E0F6D0F6D0F6D0F2F
:1011D8006C0F6C0F6C0F6B0F6B0F6A0F6A0F6A0F37
:1011E800690F690F690F680F680F670F670F670F3F
:1011F800660F660F650F650F650F640F640F640F48
:10120800630F630F620F620F620F610F610F610F4F
:10121800600F600F5F0F5F0F5F0F5E0F5E0F5E0F57
:101228005D0F5D0F5C0F5C0F5C0F5B0F5B0F5A0F60
:101238005A0F5A0F590F590F590F580F580F570F68
:10124800570F570F560F560F550F550F550F540F71
:10125800540F540F530F530F520F520F520F510F79
:10126800510F500F500F500F4F0F4F0F4F0F4E0F82
:101278004E0F4D0F4D0F4D0F4C0F4C0F4B0F4B0F8B
:101288004B0F4A0F4A0F4A0F490F490F480F480F93
:10129800480F470F470F460F460F460F450F450F9C
:1012A800440F440F440F430F430F430F420F420FA5
:1012B800410F410F410F400F400F3F0F3F0F3F0FAE
:1012C8003E0F3E0F3D0F3D0F3D0F3C0F3C0F3C0FB7
:1012D8003B0F3B0F3A0F3A0F3A0F390F390F380FC0
:1012E800380F380F370F370F360F360F360F350FC9
:1012F800350F340F340F340F330F330F330F320FD2
:10130800320F310F310F310F300F300F2F0F2F0FDA
:101318002F0F2E0F2E0F2D0F2D0F2D0F2C0F2C0FE3
:101328002B0F2B0F2B0F2A0F2A0F290F290F290FED
:10133800280F280F270F270F270F260F260F260FF6
:10134800250F250F240F240F240F230F230F220FFF
:10135800220F220F210F210F200F200F200F1F0F08
:101368001F0F1E0F1E0F1E0F1D0F1D0F1C0F1C0F12
:101378001C0F1B0F1B0F1A0F1A0F1A0F190F190F1B
:10138800180F180F180F170F170F160F160F160F25
:10139800150F150F140F140F140F130F130F120F2F
:1013A800120F120F110F110F100F100F100F0F0F38
:1013B8000F0F0E0F0E0F0E0F0D0F0D0F0C0F0C0F42
:1013C8000B0F0B0F0B0F0A0F0A0F090F090F090F4D
:1013D800080F080F070F070F070F060F060F050F57
:1013E800050F050F040F040F030F030F030F020F60
:1013F800020F010F010F010F000F000FFF0EFF0E6C
:10140800FF0EFE0EFE0EFD0EFD0EFC0EFC0EFC0E7B
:10141800FB0EFB0EFA0EFA0EFA0EF90EF90EF80E86
:10142800F80EF80EF70EF70EF60EF60EF60EF50E8F
:10143800F50EF40EF40EF30EF30EF30EF20EF20E9A
:10144800F10EF10EF10EF00EF00EEF0EEF0EEF0EA4
:10145800EE0EEE0EED0EED0EEC0EEC0EEC0EEB0EAF
:10146800EB0EEA0EEA0EEA0EE90EE90EE80EE80EB9
:10147800E80EE70EE70EE60EE60EE50EE50EE50EC3
:10148800E40EE40EE30EE30EE30EE20EE20EE10ECE
:10149800E10EE00EE00EE00EDF0EDF0EDE0EDE0ED9
:1014A800DE0EDD0EDD0EDC0EDC0EDB0EDB0EDB0EE3
:1014B800DA0EDA0ED90ED90ED90ED80ED80ED70EEE
:1014C800D70ED60ED60ED60ED50ED50ED40ED40EF9
:1014D800D40ED30ED30ED20ED20ED10ED10ED10E03
:1014E800D00ED00ECF0ECF0ECE0ECE0ECE0ECD0E0F
:1014F800CD0ECC0ECC0ECC0ECB0ECB0ECA0ECA0E19
:10150800C90EC90EC90EC80EC80EC70EC70EC60E24
:10151800C60EC60EC50EC50EC40EC40EC30EC30E2F
:10152800C30EC20EC20EC10EC10EC00EC00EC00E3A
:10153800BF0EBF0EBE0EBE0EBE0EBD0EBD0EBC0E45
:10154800BC0EBB0EBB0EBB0EBA0EBA0EB90EB90E50
:10155800B80EB80EB80EB70EB70EB60EB60EB50E5C
:10156800B50EB50EB40EB40EB30EB30EB20EB20E67
:10157800B20EB10EB10EB00EB00EAF0EAF0EAF0E72
:10158800AE0EAE0EAD0EAD0EAC0EAC0EAB0EAB0E7F
:10159800AB0EAA0EAA0EA90EA90EA80EA80EA80E8A
:1015A800A70EA70EA60EA60EA50EA50EA50EA40E96
:1015B800A40EA30EA30EA20EA20EA20EA10EA10EA1
:1015C800A00EA00E9F0E9F0E9E0E9E0E9E0E9D0EAE
:1015D8009D0E9C0E9C0E9B0E9B0E9B0E9A0E9A0EB9
:1015E800990E990E980E980E970E970E970E960EC6
:1015F800960E950E950E940E940E940E930E930ED1
:10160800920E920E910E910E900E900E900E8F0EDD
:101618008F0E8E0E8E0E8D0E8D0E8D0E8C0E8C0EE8
:101628008B0E8B0E8A0E8A0E890E890E890E880EF5
:10163800880E870E870E860E860E850E850E850E01
:10164800840E840E830E830E820E820E810E810E0E
:10165800810E800E800E7F0E7F0E7E0E7E0E7D0E1A
:101668007D0E7D0E7C0E7C0E7B0E7B0E7A0E7A0E26
:10167800790E790E790E780E780E770E770E760E33
:10168800760E750E750E740E740E740E730E730E40
:10169800720E720E710E710E700E700E700E6F0E4D
:1016A8006F0E6E0E6E0E6D0E6D0E6C0E6C0E6B0E5A
:1016B8006B0E6B0E6A0E6A0E690E690E680E680E66
:1016C800670E670E670E660E660E650E650E640E73
:1016D800640E630E630E620E620E620E610E610E80
:1016E800600E600E5F0E5F0E5E0E5E0E5D0E5D0E8E
:1016F8005D0E5C0E5C0E5B0E5B0E5A0E5A0E590E9A
:10170800590E580E580E570E570E570E560E560EA7
:10171800550E550E540E540E530E530E520E520EB5
:10172800520E510E510E500E500E4F0E4F0E4E0EC1
:101738004E0E4D0E4D0E4C0E4C0E4C0E4B0E4B0ECF
:101748004A0E4A0E490E490E480E480E470E470EDD
:10175800460E460E460E450E450E440E440E430EEA
:10176800430E420E420E410E410E400E400E3F0EF9
:101778003F0E3F0E3E0E3E0E3D0E3D0E3C0E3C0E05
:101788003B0E3B0E3A0E3A0E390E390E380E380E15
:10179800380E370E370E360E360E350E350E340E21
:1017A800340E330E330E320E320E310E310E310E30
:1017B800300E300E2F0E2F0E2E0E2E0E2D0E2D0E3D
:1017C8002C0E2C0E2B0E2B0E2A0E2A0E290E290E4D
:1017D800290E280E280E270E270E260E260E250E59
:1017E800250E240E240E230E230E220E220E210E69
:1017F800210E200E200E1F0E1F0E1F0E1E0E1E0E77
:101808001D0E1D0E1C0E1C0E1B0E1B0E1A0E1A0E84
:10181800190E190E180E180E170E170E160E160E94
:10182800150E150E150E140E140E130E130E120EA1
:10183800120E110E110E100E100E0F0E0F0E0E0EB0
:101848000E0E0D0E0D0E0C0E0C0E0B0E0B0E0A0EC0
:101858000A0E090E090E080E080E070E070E070ECF
:10186800060E060E050E050E040E040E030E030EDC
:10187800020E020E010E010E000E000EFF0DFF0DEE
:10188800FE0DFE0DFD0DFD0DFC0DFC0DFB0DFB0D04
:10189800FA0DFA0DF90DF90DF80DF80DF70DF70D14
:1018A800F60DF60DF50DF50DF40DF40DF40DF30D23
:1018B800F30DF20DF20DF10DF10DF00DF00DEF0D30
:1018C800EF0DEE0DEE0DED0DED0DEC0DEC0DEB0D40
:1018D800EB0DEA0DEA0DE90DE90DE80DE80DE70D50
:1018E800E70DE60DE60DE50DE50DE40DE40DE30D60
:1018F800E30DE20DE20DE10DE10DE00DE00DDF0D70
:10190800DF0DDE0DDE0DDD0DDD0DDC0DDC0DDB0D7F
:10191800DB0DDA0DDA0DD90DD90DD80DD80DD70D8F
:10192800D70DD60DD60DD50DD50DD40DD40DD30D9F
:10193800D30DD20DD20DD10DD10DD00DD00DCF0DAF
:10194800CF0DCE0DCE0DCD0DCD0DCC0DCC0DCB0DBF
:10195800CB0DCA0DCA0DC90DC90DC80DC80DC70DCF
:10196800C70DC60DC60DC50DC50DC40DC40DC30DDF
:10197800C30DC20DC20DC10DC10DC00DC00DBF0DEF
:10198800BF0DBE0DBE0DBD0DBD0DBC0DBB0DBB0D00
:10199800BA0DBA0DB90DB90DB80DB80DB70DB70D13
:1019A800B60DB60DB50DB50DB40DB40DB30DB30D23
:1019B800B20DB20DB10DB10DB00DB00DAF0DAF0D33
:1019C800AE0DAE0DAD0DAD0DAC0DAC0DAB0DAB0D43
:1019D800AA0DAA0DA90DA80DA80DA70DA70DA60D56
:1019E800A60DA50DA50DA40DA40DA30DA30DA20D67
:1019F800A20DA10DA10DA00DA00D9F0D9F0D9E0D77
:101A08009E0D9D0D9D0D9C0D9C0D9B0D9A0D9A0D87
:101A1800990D990D980D980D970D970D960D960D9A
:101A2800950D950D940D940D930D930D920D920DAA
:101A3800910D910D900D8F0D8F0D8E0D8E0D8D0DBD
:101A48008D0D8C0D8C0D8B0D8B0D8A0D8A0D890DCE
:101A5800890D880D880D870D860D860D850D850DE0
:101A6800840D840D830D830D820D820D810D810DF2
:101A7800800D800D7F0D7F0D7E0D7D0D7D0D7C0D04
:101A88007C0D7B0D7B0D7A0D7A0D790D790D780D16
:101A9800780D770D770D760D750D750D740D740D28
:101AA800730D730D720D720D710D710D700D700D3A
:101AB8006F0D6E0D6E0D6D0D6D0D6C0D6C0D6B0D4E
:101AC8006B0D6A0D6A0D690D690D680D670D670D5F
:101AD800660D660D650D650D640D640D630D630D72
:101AE800620D610D610D600D600D5F0D5F0D5E0D86
:101AF8005E0D5D0D5D0D5C0D5C0D5B0D5A0D5A0D97
:101B0800590D590D580D580D570D570D560D550DAA
:101B1800550D540D540D530D530D520D520D510DBD
:101B2800510D500D4F0D4F0D4E0D4E0D4D0D4D0DD0
:101B38004C0D4C0D4B0D4A0D4A0D490D490D480DE4
:101B4800480D470D470D460D460D450D440D440DF6
:101B5800430D430D420D420D410D410D400D3F0D0A
:101B68003F0D3E0D3E0D3D0D3D0D3C0D3C0D3B0D1D
:101B78003A0D3A0D390D390D380D380D370D360D32
:101B8800360D350D350D340D340D330D330D320D45
:101B9800310D310D300D300D2F0D2F0D2E0D2E0D59
:101BA8002D0D2C0D2C0D2B0D2B0D2A0D2A0D290D6D
:101BB800280D280D270D270D260D260D250D240D82
:101BC800240D230D230D220D220D210D200D200D96
:101BD8001F0D1F0D1E0D1E0D1D0D1D0D1C0D1B0DAA
:101BE8001B0D1A0D1A0D190D190D180D170D170DBE
:101BF800160D160D150D150D140D130D130D120DD3
:101C0800120D110D100D100D0F0D0F0D0E0D0E0DE7
:101C18000D0D0C0D0C0D0B0D0B0D0A0D0A0D090DFC
:101C2800080D080D070D070D060D060D050D040D11
:101C3800040D030D030D020D010D010D000D000D26
:101C4800FF0CFF0CFE0CFD0CFD0CFC0CFC0CFB0C43
:101C5800FA0CFA0CF90CF90CF80CF80CF70CF60C59
:101C6800F60CF50CF50CF40CF30CF30CF20CF20C6E
:101C7800F10CF10CF00CEF0CEF0CEE0CEE0CED0C83
:101C8800EC0CEC0CEB0CEB0CEA0CE90CE90CE80C9A
:101C9800E80CE70CE70CE60CE50CE50CE40CE40CAE
:101CA800E30CE20CE20CE10CE10CE00CDF0CDF0CC5
:101CB800DE0CDE0CDD0CDC0CDC0CDB0CDB0CDA0CDB
:101CC800D90CD90CD80CD80CD70CD60CD60CD50CF2
:101CD800D50CD40CD30CD30CD20CD20CD10CD00C08
:101CE800D00CCF0CCF0CCE0CCD0CCD0CCC0CCC0C1E
:101CF800CB0CCA0CCA0CC90CC90CC80CC70CC70C35
:101D0800C60CC60CC50CC40CC40CC30CC30CC20C4A
:101D1800C10CC10CC00CC00CBF0CBE0CBE0CBD0C61
:101D2800BC0CBC0CBB0CBB0CBA0CB90CB90CB80C79
:101D3800B80CB70CB60CB60CB50CB50CB40CB30C8F
:101D4800B30CB20CB10CB10CB00CB00CAF0CAE0CA7
:101D5800AE0CAD0CAD0CAC0CAB0CAB0CAA0CA90CBE
:101D6800A90CA80CA80CA70CA60CA60CA50CA50CD5
:101D7800A40CA30CA30CA20CA10CA10CA00CA00CED
:101D88009F0C9E0C9E0C9D0C9C0C9C0C9B0C9B0C05
:101D98009A0C990C990C980C970C970C960C960C1D
:101DA800950C940C940C930C920C920C910C910C35
:101DB800900C8F0C8F0C8E0C8D0C8D0C8C0C8C0C4D
:101DC8008B0C8A0C8A0C890C880C880C870C860C66
:101DD800860C850C850C840C830C830C820C810C7E
:101DE800810C800C800C7F0C7E0C7E0C7D0C7C0C96
:101DF8007C0C7B0C7A0C7A0C790C790C780C770CAF
:101E0800770C760C750C750C740C730C730C720CC7
:101E1800710C710C700C700C6F0C6E0C6E0C6D0CE0
:101E28006C0C6C0C6B0C6A0C6A0C690C680C680CFA
:101E3800670C670C660C650C650C640C630C630C12
:101E4800620C610C610C600C5F0C5F0C5E0C5D0C2D
:101E58005D0C5C0C5B0C5B0C5A0C5A0C590C580C46
:101E6800580C570C560C560C550C540C540C530C5F
:101E7800520C520C510C500C500C4F0C4E0C4E0C7A
:101E88004D0C4C0C4C0C4B0C4A0C4A0C490C480C95
:101E9800480C470C460C460C450C440C440C430CAF
:101EA800420C420C410C400C400C3F0C3E0C3E0CCA
:101EB8003D0C3D0C3C0C3B0C3B0C3A0C390C390CE2
:101EC800380C370C360C360C350C340C340C330CFF
:101ED800320C320C310C300C300C2F0C2E0C2E0C1A
:101EE8002D0C2C0C2C0C2B0C2A0C2A0C290C280C35
:101EF800280C270C260C260C250C240C240C230C4F
:101F0800220C220C210C200C200C1F0C1E0C1E0C69
:101F18001D0C1C0C1B0C1B0C1A0C190C190C180C86
:101F2800170C170C160C150C150C140C130C130CA1
:101F3800120C110C110C100C0F0C0E0C0E0C0D0CBD
:101F48000C0C0C0C0B0C0A0C0A0C090C080C080CD9
:101F5800070C060C060C050C040C030C030C020CF5
:101F6800010C010C000CFF0BFF0BFE0BFD0BFC0B17
:101F7800FC0BFB0BFA0BFA0BF90BF80BF80BF70B36
:101F8800F60BF60BF50BF40BF30BF30BF20BF10B53
:101F9800F10BF00BEF0BEF0BEE0BED0BEC0BEC0B6F
:101FA800EB0BEA0BEA0BE90BE80BE70BE70BE60B8D
:101FB800E50BE50BE40BE30BE30BE20BE10BE00BAA
:101FC800E00BDF0BDE0BDE0BDD0BDC0BDB0BDB0BC7
:101FD800DA0BD90BD90BD80BD70BD60BD60BD50BE5
:101FE800D40BD40BD30BD20BD10BD10BD00BCF0B03
:101FF800CF0BCE0BCD0BCC0BCC0BCB0BCA0BC90B21
:10200800C90BC80BC70BC70BC60BC50BC40BC40B3E
:10201800C30BC20BC20BC10BC00BBF0BBF0BBE0B5C
:10202800BD0BBC0BBC0BBB0BBA0BBA0BB90BB80B7B
:10203800B70BB70BB60BB50BB40BB40BB30BB20B9A
:10204800B10BB10BB00BAF0BAF0BAE0BAD0BAC0BB9
:10205800AC0BAB0BAA0BA90BA90BA80BA70BA60BD8
:10206800A60BA50BA40BA30BA30BA20BA10BA00BF8
:10207800A00B9F0B9E0B9E0B9D0B9C0B9B0B9B0B16
:102088009A0B990B980B980B970B960B950B950B36
:10209800940B930B920B920B910B900B8F0B8F0B56
:1020A8008E0B8D0B8C0B8C0B8B0B8A0B890B890B76
:1020B800880B870B860B860B850B840B830B820B97
:1020C800820B810B800B7F0B7F0B7E0B7D0B7C0BB8
:1020D8007C0B7B0B7A0B790B790B780B770B760BD8
:1020E800760B750B740B730B720B720B710B700BF9
:1020F8006F0B6F0B6E0B6D0B6C0B6C0B6B0B6A0B1A
:10210800690B680B680B670B660B650B650B640B3B
:10211800630B620B620B610B600B5F0B5E0B5E0B5C
:102128005D0B5C0B5B0B5B0B5A0B590B580B570B7E
:10213800570B560B550B540B530B530B520B510BA0
:10214800500B500B4F0B4E0B4D0B4C0B4C0B4B0BC2
:102158004A0B490B480B480B470B460B450B450BE5
:10216800440B430B420B410B410B400B3F0B3E0B07
:102178003D0B3D0B3C0B3B0B3A0B390B390B380B2A
:10218800370B360B350B350B340B330B320B310B4E
:10219800310B300B2F0B2E0B2D0B2D0B2C0B2B0B70
:1021A8002A0B290B290B280B270B260B250B250B94
:1021B800240B230B220B210B200B200B1F0B1E0BB8
:1021C8001D0B1C0B1C0B1B0B1A0B190B180B180BDC
:1021D800170B160B150B140B130B130B120B110B00
:1021E800100B0F0B0F0B0E0B0D0B0C0B0B0B0A0B25
:1021F8000A0B090B080B070B060B050B050B040B49
:10220800030B020B010B000B000BFF0AFE0AFD0A71
:10221800FC0AFB0AFB0AFA0AF90AF80AF70AF60A9C
:10222800F60AF50AF40AF30AF20AF10AF10AF00AC0
:10223800EF0AEE0AED0AEC0AEC0AEB0AEA0AE90AE6
:10224800E80AE70AE70AE60AE50AE40AE30AE20A0C
:10225800E10AE10AE00ADF0ADE0ADD0ADC0ADB0A33
:10226800DB0ADA0AD90AD80AD70AD60AD60AD50A58
:10227800D40AD30AD20AD10AD00AD00ACF0ACE0A7F
:10228800CD0ACC0ACB0ACA0AC90AC90AC80AC70AA7
:10229800C60AC50AC40AC30AC30AC20AC10AC00ACE
:1022A800BF0ABE0ABD0ABD0ABC0ABB0ABA0AB90AF5
:1022B800B80AB70AB60AB60AB50AB40AB30AB20A1D
:1022C800B10AB00AAF0AAF0AAE0AAD0AAC0AAB0A45
:1022D800AA0AA90AA80AA70AA70AA60AA50AA40A6E
:1022E800A30AA20AA10AA00AA00A9F0A9E0A9D0A96
:1022F8009C0A9B0A9A0A990A980A970A970A960AC0
:10230800950A940A930A920A910A900A8F0A8F0AE8
:102318008E0A8D0A8C0A8B0A8A0A890A880A870A11
:10232800860A860A850A840A830A820A810A800A3A
:102338007F0A7E0A7D0A7C0A7C0A7B0A7A0A790A65
:10234800780A770A760A750A740A730A720A720A90
:10235800710A700A6F0A6E0A6D0A6C0A6B0A6A0AB9
:10236800690A680A670A660A660A650A640A630AE5
:10237800620A610A600A5F0A5E0A5D0A5C0A5B0A11
:102388005A0A590A590A580A570A560A550A540A3B
:10239800530A520A510A500A4F0A4E0A4D0A4C0A69
:1023A8004B0A4A0A4A0A490A480A470A460A450A93
:1023B800440A430A420A410A400A3F0A3E0A3D0AC1
:1023C8003C0A3B0A3A0A390A380A380A370A360AEE
:1023D800350A340A330A320A310A300A2F0A2E0A19
:1023E8002D0A2C0A2B0A2A0A290A280A270A260A49
:1023F800250A240A230A220A210A200A1F0A1E0A79
:102408001E0A1D0A1C0A1B0A1A0A190A180A170AA0
:10241800160A150A140A130A120A110A100A0F0AD0
:102428000E0A0D0A0C0A0B0A0A0A090A080A070A00
:10243800060A050A040A030A020A010A000AFF0931
:10244800FE09FD09FC09FB09FA09F909F809F70968
:10245800F609F509F409F309F209F109F009EF0998
:10246800EE09ED09EC09EB09EA09E909E809E709C8
:10247800E609E509E409E309E209E109E009DF09F8
:10248800DE09DD09DC09DB09DA09D909D809D70928
:10249800D609D509D409D309D209D109D009CF0958
:1024A800CE09CD09CC09CB09C909C809C709C6098C
:1024B800C509C409C309C209C109C009BF09BE09C0
:1024C800BD09BC09BB09BA09B909B809B709B609F0
:1024D800B509B409B309B209B109AF09AE09AD0923
:1024E800AC09AB09AA09A909A809A709A609A50958
:1024F800A409A309A209A109A0099F099E099C0989
:102508009B099A09990998099709960995099409BF
:1025180093099209910990098F098E098C098B09F1
:102528008A09890988098709860985098409830927
:102538008209810980097E097D097C097B097A095C
:102548007909780977097609750974097209710991
:1025580070096F096E096D096C096B096A096909C7
:1025680067096609650964096309620961096009FF
:102578005F095D095C095B095A0959095809570936
:102588005609550953095209510950094F094E096D
:102598004D094C094A0949094809470946094509A5
:1025A80044094309410940093F093E093D093C09DD
:1025B8003B09390938093709360935093409330916
:1025C800310930092F092E092D092C092B09290950
:1025D8002809270926092509240923092109200989
:1025E8001F091E091D091C091A09190918091709C3
:1025F8001609150913091209110910090F090E09FD
:102608000C090B090A090909080906090509040939
:10261800030902090109FF08FE08FD08FC08FB0878
:10262800F908F808F708F608F508F308F208F108B9
:10263800F008EF08ED08EC08EB08EA08E908E708F5
:10264800E608E508E408E308E108E008DF08DE0832
:10265800DD08DB08DA08D908D808D608D508D40870
:10266800D308D208D008CF08CE08CD08CB08CA08AE
:10267800C908C808C708C508C408C308C208C008EC
:10268800BF08BE08BD08BB08BA08B908B808B6082C
:10269800B508B408B308B108B008AF08AE08AC086C
:1026A800AB08AA08A908A708A608A508A408A208AC
:1026B800A108A0089F089D089C089B0899089808ED
:1026C8009708960894089308920890088F088E082F
:1026D8008D088B088A088908880886088508840870
:1026E8008208810880087E087D087C087B087908B4
:1026F80078087708750874087308710870086F08F7
:102708006D086C086B086A0868086708660864083A
:102718006308620860085F085E085C085B085A087E
:1027280058085708560854085308520850084F08C4
:102738004E084C084B084A08480847084608440809
:102748004308420840083F083D083C083B08390850
:1027580038083708350834083308310830082E0897
:102768002D082C082A0829082808260825082308DF
:10277800220821081F081E081C081B081A08180828
:102788001708160814081308110810080F080D0870
:102798000C080A08090808080608050803080208BA
:1027A8000008FF07FE07FC07FB07F907F807F7070C
:1027B800F507F407F207F107EF07EE07EC07EB0759
:1027C800EA07E807E707E507E407E207E107E007A4
:1027D800DE07DD07DB07DA07D807D707D507D407F1
:1027E800D207D107CF07CE07CD07CB07CA07C8073F
:1027F800C707C507C407C207C107BF07BE07BC078D
:10280800BB07B907B807B607B507B307B207B007DC
:10281800AF07AD07AC07AA07A907A707A607A4072C
:10282800A307A107A0079E079D079B079A0798077C
:10283800970795079407920791078F078E078C07CC
:102848008A07890787078607840783078107800720
:102858007E077D077B077907780776077507730773
:10286800720770076F076D076B076A0768076707C6
:1028780065076407620760075F075D075C075A071B
:102888005807570755075407520750074F074D0772
:102898004C074A07480747074507440742074007C8
:1028A8003F073D073B073A07380737073507330720
:1028B800320730072E072D072B0729072807260779
:1028C80025072307210720071E071C071B071907D1
:1028D800170716071407120711070F070D070C072C
:1028E8000A07080707070507030701070007FE0689
:1028F800FC06FB06F906F706F606F406F206F006ED
:10290800EF06ED06EB06EA06E806E606E406E30649
:10291800E106DF06DE06DC06DA06D806D706D506A7
:10292800D306D106D006CE06CC06CA06C906C70607
:10293800C506C306C206C006BE06BC06BA06B90668
:10294800B706B506B306B206B006AE06AC06AA06CA
:10295800A906A706A506A306A106A0069E069C062C
:102968009A06980696069506930691068F068D0692
:102978008B068A06880686068406820680067F06F7
:102988007D067B067906770675067306720670065D
:102998006E066C066A0668066606640663066106C5
:1029A8005F065D065B06590657065506530651062F
:1029B80050064E064C064A06480646064406420697
:1029C80040063E063C063A06380636063406330606
:1029D80031062F062D062B0629062706250623066F
:1029E80021061F061D061B061906170615061306DF
:1029F80011060F060D060B0609060706050603064F
:102A08000106FF05FD05FB05F905F705F505F305C5
:102A1800F105EF05EC05EA05E805E605E405E2053C
:102A2800E005DE05DC05DA05D805D605D405D205AE
:102A3800CF05CD05CB05C905C705C505C305C10526
:102A4800BF05BD05BA05B805B605B405B205B0059C
:102A5800AE05AB05A905A705A505A305A1059F0515
:102A68009C059A0598059605940591058F058D0591
:102A78008B05890587058405820580057E057B050C
:102A8800790577057505730570056E056C056A058A
:102A980067056505630561055E055C055A0558050A
:102AA8005505530551054E054C054A05480545058C
:102AB800430541053E053C053A053705350533050F
:102AC80030052E052C052905270525052205200595
:102AD8001E051B0519051605140512050F050D051C
:102AE8000A050805060503050105FE04FC04FA04A9
:102AF800F704F504F204F004ED04EB04E804E6043A
:102B0800E404E104DF04DC04DA04D704D504D204C5
:102B1800D004CD04CB04C804C604C304C104BE0455
:102B2800BC04B904B604B404B104AF04AC04AA04E8
:102B3800A704A504A2049F049D049A04980495047C
:102B4800920490048D048B04880485048304800413
:102B58007D047B0478047504730470046D046B04AD
:102B680068046504630460045D045B045804550448
:102B7800520450044D044A044704450442043F04E7
:102B88003C043A043704340431042F042C04290487
:102B98002604230420041E041B041804150412042C
:102BA8000F040D040A04070404040104FE03FB03D4
:102BB800F803F503F303F003ED03EA03E703E40383
:102BC800E103DE03DB03D803D503D203CF03CC0331
:102BD800C903C603C303C003BD03BA03B703B403E1
:102BE800B103AE03AB03A803A503A2039E039B0393
:102BF8009803950392038F038C038903860382034A
:102C08007F037C037903760373036F036C03690303
:102C1800660363035F035C035903560352034F03C0
:102C28004C034903450342033F033B033803350381
:102C380031032E032B032703240321031D031A0347
:102C48001603130310030C03090305030203FE0212
:102C5800FB02F802F402F102ED02EA02E602E302E4
:102C6800DF02DB02D802D402D102CD02CA02C602B8
:102C7800C202BF02BB02B802B402B002AD02A9028E
:102C8800A502A2029E029A02970293028F028B0269
:102C98008802840280027C027902750271026D0248
:102CA8006902650262025E025A02560252024E022E
:102CB8004A02460242023E023B02370233022F0218
:102CC8002B02270223021F021B02160212020E0207
:102CD8000A0206020202FE01FA01F601F101ED0103
:102CE800E901E501E101DC01D801D401D001CB0102
:102CF800C701C301BF01BA01B601B201AD01A90103
:102D0800A401A0019C01970193018E018A0185010C
:102D180081017C01780173016F016A01660161011B
:102D28005C01580153014E014A01450140013C0133
:102D3800370132012D01290124011F011A01150152
:102D480010010B0107010201FD00F800F300EE007D
:102D5800E900E400DF00DA00D500D000CA00C500B1
:102D6800C000BB00B600B100AB00A600A1009C00EB
:102D7800960091008C00860081007C00760071002E
:102D88006B00660060005B00550050004A0045007B
:102D98003F00390034002E00280022001D001700D3
:102DA80011000B00050000000000000000000000FA
:102DB800000000000000000000000000000000000B
:102DC80000000000000000000000000000000000FB
:102DD80000000000000000000000000000000000EB
:102DE80000000000000000000000000000000000DB
:102DF80000000000000000000000000000000000CB
:102E080000000000000000000000000000000000BA
:102E180000000000000000000000000000000000AA
:102E28000000000000000000E8080108602F010809
:102E380003000000582E0108100001007009010865
:102E4800C02F010803000000D82E0108110000005F
:102E580001F0000001000000000400000000000074
:102E680003F0000003000000000000000200000062
:102E780004F000000400000009F000000600000053
:102E880005F0000008000000000100000700000035
:102E9800FAFE00000D000000F1FE00000C0000002A
:102EA800CCFD00000B00000041FE00000F000000F8
:102EB80000FF00001000000002FF0000FF000000FB
:102EC80000EF0000FF000000D4FD0000FF0000003C
:102ED80024000000010000001A00000000000000AB
:102EE80039000000030000002F000000020000006D
:102EF800430000000400000062000000060000001B
:102F080058000000050000007700000008000000DD
:102F18006D00000007000000980000000900000094
:102F2800A20000000A000000D30100000D0000000C
:102F3800C90100000C000000A70100000B00000000
:102F4800B80100000E000000500100000F00000052
:102F5800BB010000100000001309F0180000004039
:102F68000000000000000000080000000A00000047
:102F7800FFFFFFFF060000000DFAFE1800000040EA
:102F8800000000000000000008000000E803000046
:102F9800FFFFFFFF0D0000004741FE0C000000404E
:102FA80000000000000000000800000064000000AD
:102FB800FFFFFFFF0F00000062000000000000009C
:102FC8000000000000000000080000000A000000E7
:102FD8001000200006000000D301000000000000DF
:102FE800000000000000000008000000640000006D
:102FF800100020000D00000050010000000000003B
:10300800000000000000000008000000640000004C
:10301800100020000F00000000010203040506074D
:10302800080C101418203040454355420000000099
:10303800A0860100400D0300801A060000350C0030
:1030480040420F0080841E0000093D0000127A00F3
:103058000024F40000366E010048E801006CDC0230
:103068000000000000000000000000000000000058
:10307800000000000102030400000000000000003E
:1030880001020304060708090001020304050607F4
:0C309800080C1014182030403700000015
:0830A4009CD1FE7F0100000039
:0430AC0025020008F1
:0430B0000102000811
:1030B400000000000000000000000000000000000C
:1030C40000000000000000000000000000000000FC
:1030D40000000000000000000000000002000000EA
:1030E400010000000000000000000000000000409B
:1030F40000000000020000000100000000000000C9
:103104000000000000000000000000000000FF07B5
:1031140001000100000000000000000001000000A8
:103124000000000000000101FF070204442E010812
:10313400E90700000000000000000000000000009B
:10314400000000000000000000000000000000007B
:103154000000000000000000E9070000000000007B
:10316400000000000000000000000000000000005B
:10317400000000000000000000000000000000004B
:1031840053050000000000000000000000000000E3
:10319400000000000000000000000000000000002B
:1031A4000000000000093D000100000008000000CC
:1031B400000000000000000000000000000000000B
:1031C40001000000000000000000000020000000DA
:1031D400AAAAAAAA2801032000000000B0560320CE
:1031E400185703208057032000000000000000004F
:1031F40000000000000000000000000000000000CB
:1032040000000000000000000000000000000000BA
:1032140000000000000000000000000000000000AA
:103224000000000070B58AB072B6AA244FF40055AD
:10323400684600F065F80621069BCDE9044543F095
:103244008063284A00910693936A002B03DA264987
:10325400264B91609360234B9A6A520003D524490C
:10326400244A19611A61244C2378012B36D0012396
:1032740000264FF47A702370666000F045F8054626
:1032840068B12670174B9A6A42F080429A629A6A31
:1032940042F000429A6262B601200AB070BD114E3B
:1032A400049A336C4FF47A7023F0FF0313433364AE
:1032B400326C069B22F0806203F080631343336414
:1032C400B36A43F40033B36200F01EF8257000289B
:1032D400D8D1B36A43F00063B362DCE702200AB0DA
:1032E40070BD00BF0020024023016745AB89EFCDCC
:1032F4003B2A19087F6E5D4C00010320000000008A
:103304005FF800F0797C00085FF800F01979000894
:040000050800604D42
:00000001FF
