:020000040800F2
:1000000000000420DD620008596100085D610008FD
:100010006161000865610008696100082D630008DE
:10002000000000000000000000000000A103010823
:100030006D610008000000003103010805DC0008C4
:100040002D6300082D6300082D6300082D63000850
:100050002D6300082D6300082D6300082D63000840
:100060002D6300082D6300082D6300082D63000830
:100070002D6300082D6300082D6300082D63000820
:100080002D6300082D6300082D6300082D63000810
:100090002D6300082D6300082D6300082D63000800
:1000A0002D6300082D6300082D6300082D630008F0
:1000B0002D630008716100087D6100082D63000850
:1000C0002D6300082D6300082D6300082D630008D0
:1000D0002D6300082D6300082D6300088961000866
:1000E000956100082D630008A16100082D630008D8
:1000F0002D6300082D6300082D6300082D630008A0
:100100002D630008AD610008B96100082D63000887
:100110002D6300082D6300082D6300082D6300087F
:100120002D630008C5610008D16100082D63000837
:10013000DD6100082D6300082D6300082D630008B1
:100140002D6300082D630008E96100082D63000895
:100150002D6300082D6300082D6300082D6300083F
:100160002D630008F56100082D6300082D63000869
:100170002D630008000000002D630008000000004F
:10018000016200082D6300082D6300082D6300083C
:100190002D6300082D6300082D6300082D630008FF
:1001A0002D6300082D6300082D6300082D630008EF
:1001B0002D630008000000000D6200082D63000898
:1001C0002D630008000000002D6300082D63000867
:1001D0002D6300082D6300082D6300082D630008BF
:1001E0002D6300082D6300082D6300082D630008AF
:0401F000000000000B
:1002000010B5054C237833B9044B13B10448AFF350
:1002100000800123237010BD78020320000000003D
:10022000F808010808B5034B1BB103490348AFF3B5
:10023000008008BD000000007C020320F8080108CF
:10024000034613F8012B002AFBD1181A0138704716
:10025000704700BF01F092BEF0B5274C274E9BB00F
:100260004FF0FF332822694620680EF03FFB282814
:10027000F6D1039805F0BEFA0546002834D1029B5A
:100280009BB929460AAA009801F01AFF0FF02EF830
:100290000AA90246684602F099F80FF027F80AA961
:1002A0000246684601F050FEDAE7B3F1005FF4D190
:1002B00040F20272009B9342EFD10822039900277B
:1002C000914228BF11460D46C6E90577B760019FE8
:1002D0000B490C48C6E90037F56005F097FA30463F
:1002E000084901F0D1FCD8E74FF0FF332A462068D7
:1002F0000AA90EF0FBFAC2E7AC270320A0020320F4
:100300009005FA0B980203202DE9F0431F4D9BB096
:10031000DFF8808001AE0AAF002404EBC401C4F111
:1003200024024FF0FF33286806EB81010EF0DEFA5D
:100330000444232CF1D9049805F05CFA039B814610
:10034000B3F1005F00D0A0B9114807F089FA50B1AD
:100350003A4631460E4807F04DF9D8F80C300133D3
:10036000C8F80C30D8E74FF0FF3201210FF03EFA09
:10037000EAE70024A9EB040239194FF0FF3328689B
:100380000EF0B4FA04444C45F4D3DDE7A82703206B
:10039000502603200000032000B583B001F064FE66
:1003A00001F058FB03221849184806F0B9FB03F086
:1003B000D9FA00F0CBFD03F089FB0EF097FF01F0B6
:1003C000BDFD13480AF01CFF12480AF0E1FE124C72
:1003D0000EF08CFF019003F0CBFA019803F07CFB48
:1003E000019800F0B5FD237813B9019801F05AFF88
:1003F000019801F0B3FD019801F0DCFF0A2101A88A
:100400000EF0BAFEE4E700BF742B03204027032060
:1004100088230320F0220320760003202DE9F041F9
:100420000026214DDFF88C80204FA6B012E00FF09F
:1004300023FE98F8003033B10B9B23B164200DF0FC
:1004400099FC01F007FB0022022311463868009650
:100450000FF04EFA4FF0FF32012100200FF0C6F9E5
:100460000FF0FCFD124807F051FB044606A91048A6
:1004700007F0BCF902A90E4807F0E0F9542229461A
:1004800011A8AC6010F0E0F9094B1E66189BB3F59B
:10049000003FCCD9AB689B02C9D5012385F8203039
:1004A0000B9301F07FFBC2E700000320141B032025
:1004B000502603209402032000232DE9F04D84B040
:1004C0007D4EDFF80082DFF804B27C4DDFF800A239
:1004D0000DF10E078DF80B3013E028680EF010F9BF
:1004E000012808D94FF0FF330222286803A90EF033
:1004F000FDF9022845D000214FF0FF3208460FF0E9
:1005000075F930680EF0FCF80028E6D04FF0FF33A4
:10051000012230680DF10B010EF0E8F90128DCD161
:1005200030680EF0EDF80128D7D94FF0FF330222E2
:10053000306803A90EF0DAF90228CED1BDF80C20FC
:10054000B2F5845FC9D8002A40F0A5809DF80B4021
:10055000002C52D10EF0CAFE594B5A49BDF80C205E
:10056000009705F0C5F8BDF80E30002B79D10EF0DC
:10057000BDFE534B5349BDF80C20009705F008F918
:10058000ABE7BDF80C20B2F5805FB4D272B10024A5
:10059000121B08EB04014FF0FF3328680EF0A6F998
:1005A000BDF80C20204484B2A242F1D10EF09EFE90
:1005B000434B4146BDF80C20009705F013FABDF8F7
:1005C0000E30002B97D039464FF0FF330222DAF875
:1005D00000000EF0A3F8BDF80E204FF0FF333849AD
:1005E000DAF800000EF09AF8002202231146DBF838
:1005F000000000920FF07CF97DE70EF077FE304BA3
:100600003049BDF80C20009705F09AF8BDF80E307F
:10061000002BACD02A490A787F2A08D1022BA6D910
:100620008B78A3F11102012AA1D9312B9FD0264842
:10063000394604464FF0FF33022200680EF06EF890
:10064000BDF80E204FF0FF331D4920680EF066F80C
:10065000002202231146DBF8000000920FF048F957
:1006600085E7194839464FF0FF33022200680EF043
:1006700055F81548BDF80E204FF0FF3310490068BB
:100680000EF04CF8022322462146DBF800000094CD
:100690000FF02EF96BE70024121B4FF0FF3308EB2D
:1006A000040130680EF022F9BDF80C2023189CB22A
:1006B000A242F1D14AE700BFD4020320C8020320BE
:1006C000507F0120D48F0120D00203206408032032
:1006D000C40203202DE9F04FDFF8148185B0404EAD
:1006E000404DDFF810A108F19C0908F5805B02AFCE
:1006F00014E028680EF004F8012809D94FF0FF3300
:10070000022228680DF106010EF0F0F8022846D00A
:1007100000214FF0FF3208460FF068F830680DF006
:10072000EFFF0128E5D94FF0FF3302222E49306850
:100730000EF0DCF80228DCD1B8F89420B2F5845F22
:10074000D7D872B10024121B09EB04014FF0FF331C
:1007500030680EF0CBF8B8F89420204484B2A2425E
:10076000F1D10EF0C3FD0146204802F025FA002821
:10077000BFD103E09BF823010DF0FCFA0EF0B6FDAB
:1007800004F0BCFE0128B4D030680DF0B9FF012898
:10079000AFD89AF80030002BECD10A20ECE7BDF876
:1007A0000620082AB4D86AB10024121B39194FF068
:1007B000FF3328680EF09AF8BDF80620204484B272
:1007C000A242F2D10EF092FD3946BDF8062005F0A6
:1007D000A3F801289CD00A200DF0CCFAF2E700BF64
:1007E000D0020320C4020320ECB0012058A0012055
:1007F00058B001207600032001F0C4BB01F0C6BB55
:10080000002001F0C7BB00BF10B59EB048220021F8
:100810000CA80FF08DFF00234FF40070CDE90233D8
:10082000CDE90433CDE90733CDE9093301930693CC
:100830000B9309F0C3F808B172B6FEE70123022258
:10084000169311931993179210231D9207229FED6F
:100850001E7BCDE91A320324042312900CA81C93AA
:100860008DED0C7B189409F0E5FA034608B172B6D9
:10087000FEE70F22214601A8CDE903330593029438
:10088000019209F083F9034608B172B6FEE7104AF7
:100890004FF0005C916D4BF67F3441F080719165B3
:1008A000926D069302F08072009208932222202318
:1008B00006A8CDE90A230099CDF81CC009940AF0D6
:1008C00019FA1EB010BD00BF290000000000010091
:1008D00000100240F0B595B072B64FF00062AA4B1E
:1008E0009A60BFF34F8F62B6002405F021FDFFF739
:1008F0008BFFCDE90E44CDE91044A44D1294EB6C6E
:100900004FF4604143F00403EB64EB6C224603F0C8
:1009100004030793079BEB6C9D4843F08003EB6453
:10092000EB6C012603F080030893089BEB6C43F00B
:100930000103EB64EB6C03F001030993099BEB6C7F
:1009400043F00203EB64EB6C03F002030A930A9B8F
:1009500007F074FD224640F201118E4807F06EFD4B
:10096000224641F2E4018C4807F068FD4FF46043F1
:1009700087480EA9CDE90E361094119407F0B0FB0C
:1009800040F2011383480EA9CDE90E36CDE910449B
:1009900007F0A6FB41F2E4037F480EA9CDE90E362D
:1009A000CDE9104407F09CFB4FF4007379480EA981
:1009B000CDE90E34109607F093FB082377480EA973
:1009C000CDE90E34109407F08BFBAB6C052143F09E
:1009D0000403AB64AB6C224603F004030493049B52
:1009E000AB6C1D203343AB64AB6C33400593059B6C
:1009F000AB6C43F00203AB64AB6C03F002030693F1
:100A0000069B06F07FF91D2006F0B6F92246052167
:100A10001E2006F077F91E2006F0AEF922460521C9
:100A2000502006F06FF9502006F0A6F9204608F095
:100A300083F808B172B6FEE708F092F8034640B9B1
:100A40005748584AC0E900230AF07CF918B172B639
:100A5000FEE772B6FEE7544A544B1070544A4FF406
:100A600040711A60102299609A619A620F211322D4
:100A70003C2404275860D8609874D8631846C3E9AA
:100A80000D661E825E615E62DC61D9621A621F635E
:100A900006F006FC034650BB0BAD0B90CDE90E00F3
:100AA000CDE91000CDE91200C5E901004FF48070D6
:100AB0004FF4301C03214FF480523E4CC4E9023302
:100AC000C4E90A3384F8203084F838303A4B208364
:100AD0002046C4E90467C4F804C0E161626384F895
:100AE0003060236005F048FC18B172B6FEE772B6BC
:100AF000FEE70B902946204606F08CF808B172B646
:100B0000FEE706230F937F2311932C4B1090139035
:100B10000EA9204612970E9305F05CFD08B172B63F
:100B2000FEE7274B20460E930C230EA90F9305F0EA
:100B300051FD08B172B6FEE7224B20460E931223F8
:100B40000EA90F9305F046FD034608B172B6FEE705
:100B50001D48C0E9053383801C4B0662036006F024
:100B60003DF908B172B6FEE700234FF4027102228C
:100B70001748C372174B8180C0F80720036007F045
:100B8000F9FF48B372B6FEE700ED00E00010024046
:100B9000000802420000024200040242001C02421D
:100BA0005425032000080C42940203205026032001
:100BB00000A400404027032000800242400020198A
:100BC0000002B0250004002AB426032000300240B1
:100BD000C81F032000D40040974C984A41F63F7349
:100BE000226042F20F72CDE90E001090A060A06169
:100BF0002046E36062600AF0F3FC034608B172B677
:100C0000FEE720460EA90E9310930AF01BFD034643
:100C100008B172B6FEE74F264FF6FF748848894A3E
:100C2000C0E904338360836102604660C4600AF0F7
:100C3000D7FC034608B172B6FEE78348C0E90163FA
:100C4000C0E90343C0E90533804B03600AF0C8FCE8
:100C500008B172B6FEE74FF080414FF0FF327C4C96
:100C60000B90CDE90E00CDE91000C5E90100C4E903
:100C700001002061A06120462160E2600AF0B0FC22
:100C800008B172B6FEE74FF4805320460EA90E93CA
:100C90000AF0F4FA034608B172B6FEE72046294688
:100CA0000B930D930AF0CEFC044608B172B6FEE732
:100CB000684822460121684B0090CDE9014446F284
:100CC00006000DF0C5FC0246644D654E00950121FD
:100CD000CDE90144634B326046F2060022460DF036
:100CE000B7FC614B614A01210092CDE901442246E3
:100CF00018605F4B4FF47A600DF0AAFC5D4D5E4BBF
:100D0000224600930121CDE901445C4B28604FF459
:100D10007A600DF09DFC5A4B22460093594B0121FD
:100D2000CDE901441860584B4FF4A0400DF090FC01
:100D3000564B22460093564B0121CDE901441860E1
:100D4000544B4FF4A0400DF083FC534B186001F05E
:100D5000E7FB0EF0CBFA3246504B5149009501F0BB
:100D60000FFB504802F0EAFE4F4801F0CDF84F4823
:100D70004F4A504900F054FE0EA80E9401F0C6FBF5
:100D800010B90E9B002B53D00CF04AFF00214A4AA9
:100D90004A480CF095FF0446494B0021494A4A480D
:100DA0001C600CF08DFF0446484B0021484A49481E
:100DB0001C600CF085FF04463E4B0021464A474824
:100DC0001C600CF07DFF0446454B0021454A464817
:100DD0001C600CF075FF0446354B0021434A444823
:100DE0001C600CF06DFF04462D4B0021414A424827
:100DF0001C600CF065FF0446404B0021404A41480E
:100E00001C600CF05DFF04463F4B00213F4A404808
:100E10001C600CF055FF04463E4B00213E4A3F4803
:100E20001C600CF04DFF3E4B18600CF01BFFFEE702
:100E30003C4801F043FBA7E7882303200010004053
:100E4000F022032000440140A42203200048014076
:100E5000D42303208C030320481F012068030320B0
:100E6000D402032040BF0020D0020320440303200B
:100E7000A0AF0020C80203202003032000A0002010
:100E8000FC020320C402032000500020D8020320EB
:100E9000AC27032000000020A8270320CC02032059
:100EA000100D032054250320B426032050260320D0
:100EB000BC110320141B0320600B0108550200081D
:100EC000C41F03203C0B010859020008C01F032067
:100ED000180B010809030008F40A01089903000827
:100EE00068160320D00A01081D040008AC0A010896
:100EF000B9040008880A0108D50600086408032020
:100F0000640A0108F9070008B8030320400A010831
:100F1000FD070008B40303201C0A010801080008AB
:100F2000B003032004007201054A0368934203D012
:100F3000044A934202D0704705F00CBA01F016B88B
:100F4000002C01400010004072B6FEE7704700BF61
:100F500038B51A4C1A4D236828881B6819499B68B4
:100F600080B298472368A8881B6817499B6980B29C
:100F700098472368287B9B7C95F82010134A93B1EF
:100F800000F040FC2368A87D1B6811499B6C9847C2
:100F90002368688B1B680F499B6D80B29847236854
:100FA0009B7C1BB938BD00F001FCEBE70A4B0B49F9
:100FB0001879BDE8384000F031BC00BF9000032034
:100FC00054000320D028032044290320B8290320FB
:100FD0002C2A0320A02A032078000320142B0320AE
:100FE0000870704700787047030A08704B707047AC
:100FF000012994BF00780088704700BF012908D9F3
:101000004FF6FE2302889A4203D8981AC0F34F0085
:1010100070470020704700BF012911D94378FA2B8F
:1010200007D8084AC3EB0330A2FB0020C0F30F101F
:10103000704740F6FF72FF2B0CBF00201046704730
:1010400000207047D34D6210022907D94FF6FF7375
:10105000B0F80100984208BF002070470020704798
:10106000042907D94FF6FF73B0F80300984208BF70
:101070000020704700207047012907D94FF6FF7301
:101080000088984208BF4FF4006070470020704706
:1010900001290ED94FF6FF730088984209D047F214
:1010A0007F53984238BF1846A0F5EA407F3880B297
:1010B00070474FF400607047032986BFC078C0F3C3
:1010C00081000020704700BF09B1007870470846D2
:1010D000704700BF012906D9437803F00F03013B95
:1010E000DBB2022B01D900207047024A32F813000C
:1010F000704700BF940B010819B10178C1F381005A
:1011000070470846704700BF032986BFC07800F0CB
:1011100003000020704700BF034600B583B00846B7
:101120005BBA02220DF10601ADF8063004F06EFB49
:1011300003B000BD8446002310B50C4682B00DF10B
:10114000060002226146ADF8063004F05FFBBDF8F0
:101150000600012C98BFC0B240BA80B202B010BDE8
:10116000002300B5012983B0ADF8063002D8184637
:1011700003B000BD014602220DF1060004F046FB5B
:101180009DF8060003B000BD38B50D4604460822A0
:10119000FF21284604F036FBB4F5FB4F0ADAC4F50C
:1011A000FA447F34640004F0FE03C4F307242B7078
:1011B0006C7038BD002423466C702B7038BD00BFA6
:1011C00038B50D460822FF210446284604F01AFBD4
:1011D000FA2204FB02F2044BA3FB0213D21A03EB24
:1011E0005203DB0A6B7038BD0101100038B50C46A4
:1011F00005460822FF21204604F004FB2B0A6570F7
:10120000A37038BD38B50C4605460822FF2120469C
:1012100004F0F8FA2B0AE570237138BD38B50C4696
:1012200005460822FF21204604F0ECFA2B0A25701F
:10123000637038BD38B50C4608220546FF212046AC
:1012400004F0E0FA48F6802247F27F53954294BFBB
:101250005B199B189BB21A0A2370627038BD00BFDD
:1012600038B50D4604460822FF2128467D3404F097
:10127000C9FAAC7038BD00BF38B50D460446082227
:10128000FF21284604F0BEFAEB78A40023F00C03FB
:1012900004F00C042343EB7038BD00BF38B50C4696
:1012A00005460822FF21204604F0ACFA257038BD1F
:1012B000FF2838B50D460FD9C3B2002B0CBF01244F
:1012C00003240822FF21284604F09CFA6B7823F0BF
:1012D0000F031C436C7038BD031E18BF01235C0054
:1012E000EFE700BF38B50D4604460822FF21284627
:1012F00004F088FA2B78A40023F00C0304F00C040B
:1013000023432B7038BD00BF38B50C460546082274
:10131000FF21204604F076FAE37805F0030523F078
:1013200003032B43E37038BD38B50D46044608224D
:10133000FF21284604F066FA012C0AD0022C05D0C1
:10134000032C0CBFD723FF23AB7038BDC723AB7072
:1013500038BDC323AB7038BD38B50C4605460822EE
:10136000FF21204604F04EFAEBB2022B12D0032BE1
:1013700009D0042B0CBF51230023FF2D88BF43F05D
:101380000403237038BD1123FF2D88BF43F00403ED
:10139000237038BD0123FF2D88BF43F00403237061
:1013A00038BD00BF38B50C4605460822FF2120464F
:1013B00004F028FA15F0080F0CBF0021FA2115F0EF
:1013C000100F0CBF0022FA2215F0200F0CBF0023D3
:1013D000FA2315F0400F0CBF0020FA2015F0800F03
:1013E000E0700CBF0020FA2015F0010F21700CBF37
:1013F0000021FA2115F0020F62700CBF0022FA22C0
:1014000015F0040FA3700CBF0023FA232071617143
:10141000A271E37138BD00BF022906D980787D38FA
:10142000C0B2812888BF002070470020704700BFED
:10143000032906D9C0787D38C0B2812888BF002032
:1014400070470020704700BF02290FD9837803F04E
:101450000C02042A01D001207047C3F30113012BB1
:1014600006D0002B0CBF02200120704700207047DF
:101470000320704707292DD903784278A3F1FA0396
:10148000B3FA83F3FA2A4FEA531382784FEAC3037D
:1014900008BF43F01003FA2AC27808BF43F02003C4
:1014A000FA2A027908BF43F04003FA2A427908BFBA
:1014B00043F08003FA2A827908BF43F00103FA2A35
:1014C000C27908BF43F00203FA2A08BF43F00403BD
:1014D000184670470020704700787047D9B10378EC
:1014E0009A09012A0ED003F03002102A15D003F019
:1014F0000302012A14BF0120022003F00C03042B75
:1015000006D0704703F00C03042B4FF00400F8D111
:1015100040F47F407047084670470320EDE700BF66
:1015200000787047007870470078704700787047FF
:1015300008707047087070470870704708707047EF
:1015400008707047030A08704B707047012994BFF8
:1015500000780088704700BF38B50D460822FF218B
:101560000446284604F04EF9FA2204FB02F2044B2A
:10157000A3FB0213D21A03EB5203DB0A6B7038BDD4
:1015800001011000012911D94378FA2B07D8084A24
:10159000C3EB0330A2FB0020C0F30F10704740F6EE
:1015A000FF72FF2B0CBF00201046704700207047D1
:1015B000D34D6210034600B583B008465BBA0222E1
:1015C0000DF10601ADF8063004F020F903B000BDBE
:1015D000034600B583B008465BBA02220DF106014E
:1015E000ADF8063004F012F903B000BD034600B5B3
:1015F00083B008465BBA02220DF10601ADF8063051
:1016000004F004F903B000BD034600B583B00846FA
:101610005BBA02220DF10601ADF8063004F0F6F8CF
:1016200003B000BD034600B583B008465BBA022292
:101630000DF10601ADF8063004F0E8F803B000BD86
:10164000034600B583B008465BBA02220DF10601DD
:10165000ADF8063004F0DAF803B000BD034600B57B
:1016600083B008465BBA02220DF10601ADF80630E0
:1016700004F0CCF803B000BD8446002310B50C463E
:1016800082B00DF1060002226146ADF8063004F08A
:10169000BDF8BDF80600012C98BFC0B240BA80B2B8
:1016A00002B010BD8446002310B50C4682B00DF187
:1016B000060002226146ADF8063004F0A7F8BDF836
:1016C0000600012C98BFC0B240BA80B202B010BD73
:1016D0008446002310B50C4682B00DF106000222AC
:1016E0006146ADF8063004F091F8BDF80600012C13
:1016F00098BFC0B240BA80B202B010BD8446002389
:1017000010B50C4682B00DF1060002226146ADF81C
:10171000063004F07BF8BDF80600012C98BFC0B27B
:1017200040BA80B202B010BD8446002310B50C460A
:1017300082B00DF1060002226146ADF8063004F0D9
:1017400065F8BDF80600012C98BFC0B240BA80B25F
:1017500002B010BD8446002310B50C4682B00DF1D6
:10176000060002226146ADF8063004F04FF8BDF8DD
:101770000600012C98BFC0B240BA80B202B010BDC2
:101780008446002310B50C4682B00DF106000222FB
:101790006146ADF8063004F039F8BDF80600012CBA
:1017A00098BFC0B240BA80B202B010BD70B5154645
:1017B0000E46044682B028460822FF2104F022F893
:1017C00044EA0624022228460DF10601ADF806403F
:1017D00004F01CF802B070BD002300B5012983B0ED
:1017E000ADF8063002D8184603B000BD014602220B
:1017F0000DF1060004F00AF8BDF80600000A03B077
:1018000000BD00BF38B5154604460822FF21284612
:101810007D3403F0F7FFEC7038BD00BF38B50D46DE
:1018200004460822FF21284603F0ECFFA31EDBB28A
:10183000042B06D8054A0649D25CCB5C2A706B7033
:1018400038BDFC2300226B702A7038BD8C0B010858
:10185000840B0108012918D9037803F00302012A37
:1018600017D003F00C02042A15D003F03002102A1E
:101870000DD003F0C003402B0FD0437803F00303D7
:10188000012B0CBF06200120704700207047052067
:10189000704702207047032070470420704700BF44
:1018A0002DE9F04F3A4B8346984283B007D8394B25
:1018B000984260D94FF028094FF4487609E036493C
:1018C0004FF02509B1FBFBF1C9B2192940F2EE2610
:1018D0005BD90124304B0134A4B2B3FBF4F1B1FB6A
:1018E000FBF1C9B21929F6D8B4F5806F3FD20120B7
:1018F0002A4BCDF804B01F6823186FF0004C4FF44A
:101900007A759B461FFA83FAA1F1020EBEEB510FC6
:101910004FEA51031ADD01F1FF385FFA88F805FB41
:1019200003F2B2FBF1F2B21A002AB8BF524262458A
:1019300009DA914507DB00209446A8EB0302D2B2F6
:10194000FB617C613A6201337345E8DB124B1FFA9D
:101950008BF4B3FBFAF1019BB4F5806FB1FBF3F1AB
:101960000AF1010AC9B203D004F1010BCCE701204E
:1019700003B0BDE8F08F08494FF02B09B1FBFBF134
:10198000C9B2192940F26B36A3D80124AFE700BFD2
:1019900000350C0020A10700005A6202A028032095
:1019A0004FF08041022201232DE9F041174C002520
:1019B000C4E91123164E174FDFF86080E16311E090
:1019C000D8F800202365937C003B18BF01231249FF
:1019D0003868A36405F04EFD78B96B1C022B4FF0FC
:1019E000010511D056F8043B2564E364002BE7D0D1
:1019F0006FF0604201232265E9E7FFF7A5FA6B1C4F
:101A0000022B4FF00105EDD1BDE8F081000003206D
:101A1000AC0C0108A02803203C0003209000032008
:101A200038B50C46064D0749074B0A602860074940
:101A300001201C600CF0ACFB054B186038BD00BFEA
:101A4000A0280320982803209C280320B0270320E7
:101A500000280320F0B54D4E83B0306805F0B4FD8A
:101A6000306805F01DFC00286FD10022484D402150
:101A700048482A71EA602A616A61AA61AA60EA613B
:101A800085F8202006F0DAFC306805F09DFD0B2279
:101A900002233068C0E90D2305F002FC002871D153
:101AA00000240222012340F2FF71C5E90B233A4FC3
:101AB000A9636C6202E001340B2C0ED037F8023BB4
:101AC00036493068AC626B6305F0D4FC0028F2D074
:101AD0000134FFF739FA0B2CF0D1FFF761FF002337
:101AE000022230681146009305F0F0FC002846D130
:101AF000306805F00DFD00283ED10022012130683C
:101B000005F0B4FEA8BB00220621306805F0AEFE49
:101B100060BB07224FF4F051306805F0A7FE10BB00
:101B200007228021306805F0A1FEC8B900221C49B7
:101B3000306805F09BFE80B900224FF460213068C8
:101B400005F094FE20B903B0F0BDFFF7FDF98CE776
:101B500003B0BDE8F040FFF7F7B9FFF7F5F9EBE7A1
:101B6000FFF7F2F9E2E7FFF7EFF9D9E7FFF7ECF952
:101B7000CFE7FFF7E9F9C6E7FFF7E6F9BDE7FFF7BB
:101B8000E3F9B5E7FFF7E0F98AE700BFA0280320F3
:101B90000000032000040242B40C010824000320CA
:101BA00000407100014B186805F00EBDA02803200D
:101BB000FFF7F6BE082824D8DFE800F0080C101460
:101BC000171A1D2005001448FFF76ABE42F2107074
:101BD000FFF766BE44F62060FFF762BE4CF250305D
:101BE000FFF75EBE0D48FFF75BBE0D48FFF758BE1E
:101BF0000C48FFF755BE0C48FFF752BE0B48FFF7E5
:101C00004FBE0B4AA0F51C53103B934201D9012053
:101C10007047FFF745BE00BF40420F00A08601009D
:101C200048E8010090D0030020A1070000350C0017
:101C3000301B0F000346054A19780020516159787E
:101C4000D16199781162DB78936170475026032047
:101C50000246024B00209A61704700BF50260320C5
:101C6000034600B5064A93F801E093F800C082F8F5
:101C700010E004499B7881F800C05374002000BD37
:101C800050260320940203202DE9F047054682B038
:101C9000C0680F4603F0AEFDAB68B3F1005F3ED005
:101CA0000646824600F12409264C4FF0FF31206899
:101CB0000CF02CFB0128F8D1DFF89480D8F8000054
:101CC0000CF00AFD484517D202251F4A13792B4311
:101CD0001371002320681A4619460CF0BDF91B4AFF
:101CE0000223126810680022114600920DF000FED7
:101CF000284602B0BDE8F08729464FF0FF33242282
:101D0000D8F800000CF00AFD054686B94D450CD008
:101D10000D4A0125137943F008031371D9E74FF0F9
:101D2000000A4FF024095646BEE70025D1E7524687
:101D300039464FF0FF33D8F800000CF0EFFC0544B3
:101D4000E4E700BF00280320000003209C280320B4
:101D5000A82703202DE9F04700250C4682B0C907CB
:101D60000646019516D4A20707D50221314A1379F8
:101D700043F00103137133681965630738D4019B7D
:101D80002BB14FF0E0234FF08052C3F8042D02B086
:101D9000BDE8F087DFF8A890DFF8988040214A4638
:101DA000254B05F089FCD8F81430D9F80C00013324
:101DB000C8F8143003F01EFDDFF888A00746DAF8F3
:101DC00000000CF089FC07F12803984224D349460F
:101DD0002822DAF8000001AB0CF03AFD002FC2D047
:101DE0003A46DAF80000144901AB0CF031FDBAE7CD
:101DF0000424104B11499A69086801329A611A79D2
:101E0000002142F008021A71336800680DEB0402E9
:101E10001C650DF08DFEB2E7D8F818302946013365
:101E2000C8F81830054B01AA1B6818680DF080FE31
:101E300099E700BF000003205828032098280320BA
:101E400030280320AC270320002110B50A4A0B4C90
:101E50001268236982B01068013301AA23610191DD
:101E60000DF066FE019B2BB14FF0E0234FF0805246
:101E7000C3F8042D02B010BD9C28032000000320ED
:101E8000002110B50A4A0B4C1268E36982B0106851
:101E9000013301AAE36101910DF04AFE019B2BB1D0
:101EA0004FF0E0234FF08052C3F8042D02B010BD74
:101EB000982803200000032038B50C46104D294611
:101EC00005F094FCA10303D5EB68A3B90D4A136098
:101ED000620309D52B690B4A012B13790CBF43F020
:101EE000040303F0FB031371230303D50122054B05
:101EF00083F8202038BD4FF00042024B1A60E7E71C
:101F00000428032000000320704700BF91B14FF068
:101F1000FF3210B4084C014410F8013B5340DBB2CF
:101F200054F82330884283EA1222F5D1D0435DF879
:101F3000044B704708467047CC0C01080022014B47
:101F40001A607047A8280320034B1B689B7C03B9C9
:101F5000704700F089BE00BF90000320024A13685A
:101F600001331360704700BFA8280320024A13689A
:101F700001331360704700BFA428032000200DF038
:101F800085B800BF00200DF081B800BF00200DF023
:101F90007DB800BF00200DF079B800BF124B1B6860
:101FA000198901B310B400245B68104A03EB411C8B
:101FB000D3E90001C2E90001986899699061D86885
:101FC0002033506153F8100C6345C2E9024053F8C6
:101FD0000C0C02F1740242F8100C42F8041CE7D118
:101FE0005DF8044B7047704790000320AC28032035
:101FF000F0B50024051B18BF01250746154B6D429F
:1020000085B003F52E76EDB21846082229460EF06B
:102010008FFB03467433B342C0E91144F4D10FB1CE
:1020200005B0F0BD0C4A0D4D02AC92E80300082249
:10203000CDE9000195E8030084E8030069460848FB
:1020400003F0E4FB08222146064803F0DFFB05B05D
:10205000F0BD00BFD0280320B80901081809010805
:10206000B82903202C2A0320002208B50549064B75
:1020700009681A70887CFFF7BBFFBDE80840FFF7CE
:102080008DBF00BF900003207600032098B138B5C3
:10209000094B1A6882420DD00122084C186025783D
:1020A000807CEDB22270FFF7A3FFFFF777FFFFF709
:1020B0007FFD257038BD7047900003207600032017
:1020C00000293CD0F0B5744B83B01D68AF7C6FB96C
:1020D00006462C8A44B1EB6803EBC40C1C68B4427E
:1020E0000FD008336345F9D103B0F0BDC0F3074307
:1020F000EF2B4FEA1024C0F31126EAD8674E264092
:10210000E7E71C79E7B1B6F56F4F49D04FF6D453E6
:102110009E4266D04FF602739E4200F0AD800F2CB7
:1021200010D12B681046DB6F00929847009A137805
:1021300003F00303032BD7D0594B1883D4E7704720
:10214000082C3BD02B68104603EBC4035B68984710
:10215000102CC9D801A353F824F000BF05220008B1
:10216000392200083F220008452200084B220008BF
:1021700051220008572200085D220008632200084F
:102180001D220008252200082D2200083322000805
:102190001122000817220008392100080B2200082C
:1021A000C0F30720132860D05A289DD12B68104611
:1021B0005B6D98473A4AC3B2D37595E72B681046D2
:1021C0005B6C0091019298470099354CC0B201298F
:1021D000207389D0019A1046FFF7FEFA84F8200098
:1021E00082E7C3B2212B4ED05A2B7FF47DAF2B68F0
:1021F0001046DB6C9847C3B2032B3FF475AF284AF7
:10220000937571E7264B58806EE7254BD8836BE7B3
:10221000234B188268E7224B988365E7204BC0B2B6
:10222000987561E71E4BC0B2D8755DE71C4B5883AB
:102230005AE71B4B588257E7194B188054E7184B45
:10224000D88051E7164B98804EE7154B98824BE7A4
:10225000134B588148E7124B188145E7104BD88142
:1022600042E70F4BC0B218733EE72B681046DB6A9B
:1022700098470B4B588137E71046FFF7EBFA084BAE
:1022800083F8200030E72B6810465B6F9847044ABC
:10229000C3B2938328E700BF9000032000FF030030
:1022A00054000320324B1B78002B5FD12DE9F04FF7
:1022B000DFF8C0A003F0FF06DAF8003083B01B8916
:1022C000002B50D0DFF8B080074644463546DFF893
:1022D000AC900AE0DAF8003001351A89ABB29A42C4
:1022E00004F1740406F174063DD9E36E626EFB1AC4
:1022F0009342EFD3B4F9703006F1240000EBE30011
:10230000002B404408DBB4F8683002225BBA01A914
:10231000ADF8043003F07AFAB4F9723004F1240B0A
:10232000002B4FEAE30112DB5846FFF7EFFD0422D2
:10233000B4F972300190002BB8BF073306F12400C6
:1023400000EBE30040440DEB020103F05FFAD9F823
:102350000030594623612046FFF796FCA36EE766DE
:102360000133A366B6E703B0BDE8F08F704700BF46
:102370007600032090000320AC28032000000320F7
:1023800038B50446084B094D1A60094B049A296078
:102390001A6000F04DF8204603F064F8204603F080
:1023A0009BFA002038BD00BF682B03206C2B032054
:1023B000642B032038B5054603F074F8044628461C
:1023C00003F096FA2043C0B238BD00BF70B5154B7C
:1023D00082B01B6804460D46164603F099F80128A2
:1023E0000AD0114B3246294620461B6803F0AAFA50
:1023F00001280BD002B070BD00220C4B11461B68A7
:102400001868022300920DF073FAEAE700220749E8
:10241000022309680868114600920DF069FA02B0BB
:1024200070BD00BF682B0320642B03206C2B03209E
:1024300000B583B0102001A900F09EF808B903B0E0
:1024400000BD0021102000F07FF8003818BF0120E7
:1024500003B000BD00B583B0102001A900F08CF8D6
:1024600020B90146019820B903B000BD012003B096
:1024700000BD102000F068F8003818BF012003B03C
:1024800000BD00BF70B5002682B004460D46102086
:1024900001A9019600F070F810B9019BA34202D87F
:1024A000012002B070BD04F11100294680B200F095
:1024B00063F8801B18BF012002B070BD002210B568
:1024C000114B82B01B78019213B9184602B010BDAF
:1024D000044601A9102000F04FF840B901981130CE
:1024E000FF2804D8214680B200F02EF818B101234D
:1024F000184602B010BD01991020013100F024F8F7
:10250000031E18BF0123E0E777000320014608B54A
:10251000102000F031F8003818BF012008BD00BFBE
:1025200010B505F0F5FA00200AF04AFC044618B987
:1025300005F002FB204610BD00200AF00FF805F060
:10254000FBFA204610BD00BF38B504460D4605F025
:10255000DFFA204629460AF0DBFEC305044603D411
:1025600005F0EAFA204638BD0AF0D2F80443A4B2D6
:1025700005F0E2FA204638BD0AF02CBA84462DE96F
:10258000F8430CF50055104695F827210CF58054BA
:102590000F461E46B4F89210B4F8943072B3002976
:1025A00040F08E80072B40F2A0803E2B40F2B98095
:1025B0004FF04008B3F5805F4246C1465FD21B0A28
:1025C00043F010030370B4F894300CF58451437059
:1025D000023A1C31023003F019F901220223A8F15A
:1025E000020887F80090A4F89280A5F81C2184F8CE
:1025F00091300120C4F89860BDE8F883B1B3072298
:102600004FF008085B1A1FFA83F9B5F81C319145A1
:1026100003F00F0343F0200300F8013BB4F89230BD
:1026200003F5845303F11C030CEB03014CD903F0B5
:10263000EDF887F80080B4F89230B5F81C21013B22
:102640009844A4F8928095F822313BB1B2FBF3F1A3
:1026500003FB112313B9022384F891300132A5F84A
:102660001C210120C4F89860BDE8F883072B3CD9F1
:102670004FF00808B3F5805F4246C1469FD3102350
:102680000360B4F894300CF584511B0A0371B4F85C
:102690009430063A43711C31063003F0B7F801223A
:1026A0000223A8F1060887F80090A4F89280A5F804
:1026B0001C2184F891300120C4F89860BDE8F883AB
:1026C0003F224FF040089DE74A4603F09FF803235E
:1026D00009F101023A7084F89130B4F89230B5F8FB
:1026E0001C219944A4F89290B8E700F8013B0CF53E
:1026F0008451B4F894201C3103F088F8012103229E
:10270000B4F894300B443B70B4F894300120A4F832
:102710009230A5F81C1184F89120C4F89860BDE8A7
:10272000F8830170B4F894300CF584514370B4F818
:1027300094201C31023003F069F8B4F89430012180
:1027400003220233DFE700BF70B500240E4600F518
:1027500080530470C0F8024004738460C3F8924050
:10276000C3F89840A3F88E40A3F8904000F50053BA
:10277000054621464FF48452C3E94744C3F8286113
:10278000C3F824410D300DF0D3FF4FF48452A81844
:102790002146BDE870401C300DF0CABFF0B591B0C5
:1027A000169D0446856019B3964612788C4610092A
:1027B00003281DD8DFE800F0024C7A22003B18BF46
:1027C000012304F5005282F82631237823B1062133
:1027D000002382F8241123709EF80050BCF1080FEA
:1027E00005F00F0500F2D1800123002D40F0D680C6
:1027F000237B012B00F0A78011B0F0BD04F58057BA
:1028000097F8911002F00F0204F500564B1E012AB2
:1028100086F82121DBB200F00B81022A00F0118141
:10282000002A40F0FB80BCF1010F00F01E819EF8F1
:102830000130BCF1020F86F8223101D09EF802204F
:10284000022986F82321D3D1012387F89130CFE7DD
:10285000003B18BF012304F5005686F82631227884
:1028600022B1062286F8242100222270BCF1070F33
:10287000BED99EF800209EF8010002F00F0101432E
:1028800040F09C80DEF8022012BA072AB0D9B2F5D7
:10289000845F40F2F0800222072086F81E2186F82D
:1028A0002401217096F81F21322159E02378012B51
:1028B0009ED104F58057B7F88E1002F00F0201F098
:1028C0000F039A4240F0A2806088A38897F8902076
:1028D0001B1A9BB2002A00F0BE80551EAEB29E426B
:1028E00080F0BC80944583D14A1C92B2EDB20D3089
:1028F000A7F88E200EF101012A46204402F086FF3F
:102900006388A2882B449BB29A42638000F0B08017
:1029100004F5005696F81F21002A3FF469AFB7F876
:102920008E30013B93FBF2F102FB1133002B7FF45D
:102930005FAF96F8263196F81E11003B18BF0123B1
:1029400041F030010CE004F5005696F8263196F877
:102950001E11003B18BF012396F81F2141F03001E2
:1029600000208DF8012003228DF8001096F8201128
:102970002073D6F828015B058DF802108361694643
:10298000C260FFF781F911B0F0BD002D7FF430AFC8
:102990009EF801500223002D3FF42AAFACEB030157
:1029A0008D423FF725AF0EEB03012A4604F10D00DF
:1029B00002F02CFF02236580237019E7120202F453
:1029C00070620243072A7FF613AF02210B46ACEB7D
:1029D0000303DDB204F58057A28071442A4687F8CC
:1029E00090C004F10D0002F011FF01230022658068
:1029F000237086F81E21A7F88E3096F826313021F4
:102A0000003B18BF012396F81F21A9E704210023EA
:102A100004F5005282F824112370E9E6012B3FF6F9
:102A2000E7AE0522032386F8252187F89130DFE6FB
:102A3000012B3FF6DDAE0223C7F8985087F891309E
:102A4000D6E6012B3FF6D4AE0822032386F82521D3
:102A500087F89130CCE6072B3FF6CAAE9C457FF64F
:102A6000C7AE4A1C92B2DDB241E786F82221E7E602
:102A700002232370BCE606210B46A8E70378012B4E
:102A800001D0002070478268064B891A9942F8DD10
:102A90000321002300F5005282F824110370002066
:102AA000704700BF400D03002DE9F04100F580554F
:102AB000144695F8912092B0561E012E05D9032A8E
:102AC0000ED0002012B0BDE8F081D5F89830394E14
:102AD000CB1AB3420BD9022300F5005080F8253100
:102AE0000023012085F8913012B0BDE8F081012A61
:102AF000E7D100F5005696F9237196F82321002FAF
:102B000005DA0F32D2B2082A8CBF7F2201229A4204
:102B1000D7D80B4602AA0DF10701FFF72FFD9DF84C
:102B20000780B8F1080F38D9B8F10C0F37D9B8F1D0
:102B3000100F36D9B8F1140F35D9B8F1180F34D9B0
:102B4000B8F1200F33D9B8F1310F34BF0E270F275A
:102B5000384602F04FFE80450AD2A0EB0802013A47
:102B6000D2B202AB0021013203EB08000DF0E0FD10
:102B7000E76096F82731003B18BF01235B05A3618E
:102B800002E0012002F062FE204602A9FFF77CF875
:102B90000028F6D195F8912091E74746D8E7092714
:102BA000D6E70A27D4E70B27D2E70C27D0E70D2773
:102BB000CEE700BF400D030000F58052B2F894301C
:102BC000B3F5845F14D892F891309BB900F50053A7
:102BD00000204FF0010CA2F89200A3F81C01C2F8EB
:102BE000981093F8261183F8271182F891C0704746
:102BF000012070474FF0090C00F5005383F825C100
:102C0000E6E700BF830F032BC0F30D4020D0012B5C
:102C10000ED0B3B9B0F5B97F21D01F235FFA80FC85
:102C2000000A012281F800C048708B70CA7070479A
:102C300040F263539842F0D102204FF0740C0D2300
:102C4000EFE79128E9D10B204FF0380C0223E8E799
:102C50002928E2D102204FF07F0C0923E1E70B2065
:102C60004FF0EF0CDDE700BF2DE9F04F456893B062
:102C7000B5F1804F02D013B0BDE8F08F0668C06890
:102C8000C6F307470C4602F0B5FDEA2FC6F3072846
:102C900032D0EC2FEFD1B8F15A0FECD10728EAD996
:102CA0002378102BE7D1E3793002C549A27980B2AD
:102CB0000143647908201B0443EA022323430022D2
:102CC0004FF0FF34099123FA00F18DF821308DF88F
:102CD00022101B0C0C9007A909A8CDE90D22CDE903
:102CE0000F220A958DF823300B92119207948DF8DC
:102CF0002040FEF7C9FFBEE70228BCD9B8F1FF0F9C
:102D000023D0B8F15A0FB6D1A378617822781B048A
:102D100043EA01231343B3F56E4F40F0C480A94A40
:102D200033029BB21A4300234FF080450824A64982
:102D300009A8CDE90A53CDE90C43CDE90E33CDE91D
:102D400010330992FEF7A0FF95E7A3786178227807
:102D50001B0443EA01231343B3F56E4F00F02E81A9
:102D60004FF6C552934200F0CB804FF6CA629342B1
:102D700081D14FF0000904A8CDF81090FFF7C6FBF1
:102D8000924B049AB3F81EA0012ACAF3400A4FEAF4
:102D90008A1A4AF03F0A5FFA8AF440F229819200C7
:102DA00002321FFA82FA8A4B0AF10601A3FB0103E1
:102DB000C91A03EB5103C3F387074FF080438549DA
:102DC0000A930991082120230C91834907AA0891AD
:102DD0000DF1240B4FEA1A218DF81E1058461146AA
:102DE0008DF81C301546CDE90D99CDE90F99CDF838
:102DF0002C90CDF844908DF81DA08DF81F70FEF733
:102E000043FF764B0993002F3FF435AFCDE9027BAA
:102E10004FF00108A3460DF123060822FF212846A2
:102E200002F0F0FC334656469A4608F1FF34C4EBF4
:102E3000C4048DF81C80A4B20195A6421ADDA3B289
:102E400043B3012B2DD0A7B2023F05A9B810CDF88E
:102E5000149007F00307FFF715FB059806A9FFF785
:102E6000D1FE0DEB07031B7E05F8013FAA4504F1D7
:102E70000104E2D15346019D03982946B24608F168
:102E800001081E46FEF700FF029B5FFA88F84345E3
:102E9000C3D2F0E605F801BFAA4504F10104CED182
:102EA000E8E7FF23E0E74FF6C552934228D04FF6FC
:102EB000CA6293423FF45DAF08270022FF240A95BF
:102EC0006FF0FE0506FA07F0454980B2014309910B
:102ED00023FA07F18DF821308DF822101B0C07A979
:102EE00009A8CDE90B27CDE90D22CDE90F228DF8F8
:102EF0002330119207958DF82040FEF7C5FEBAE603
:102F0000384802F097FC00224FF080410824314DF0
:102F1000CDE90A12099505462021CDE90C42CDE9FB
:102F20000E22CDE91022304A294B0892AA1D8DF8B5
:102F30001C10A3FB0213D21A07A803EB520325FAB5
:102F400004F10DF1240BC3F387088DF81E1007461A
:102F5000014658468DF81D508DF81F80FEF794FEEF
:102F60001E4B0993B8F1000F3FF485AE0124DFF842
:102F700074900DF12306A4EB090A0822FF213846BC
:102F800002F040FC3A46631EC3EBC3039BB2013B15
:102F90008DF81C404B440AEB03018D4205DD13F80C
:102FA000011F02F8011F9642F5D1013439465846F7
:102FB000E4B2FEF769FEA045DFD25CE60B4AB2E65A
:102FC0005A00EC1C5A00EE18E410010854000320CB
:102FD000254992245AFFEC1CFFCAFE005AFFEB1C45
:102FE0005A00E818CC100108FFC5FD005AFFEE1882
:102FF00008224FF0804316490C92099107A9084610
:103000000D46FF210A93CDE90D99CDE90F99CDF831
:103010002C90CDF8449002F0F5FBFF22049B8DF834
:103020001C40012B8DF81D2006D0CDF81E9029469E
:1030300009A8FEF729FE1EE606A94846CDF8189015
:10304000FFF720FA06980DF11E01FFF7DBFDEEE712
:103050005ACAFE182DE9F043144602780646013A92
:103060001D4685B0092A11D8DFE812F01C001000B7
:103070000A008A01100010000A00100066010A0010
:10308000012900F08A817F22122101E07F22112193
:10309000032322703278A17062702B80002005B06B
:1030A000BDE8F0830229EED1412323704378637099
:1030B0009E2BE8D801A252F823F000BF1336000877
:1030C000F135000887300008293500081F35000851
:1030D000153500080B350008013500088730000859
:1030E000873000088730000887300008EB3400087C
:1030F000DB340008D1340008D1340008B1350008B1
:10310000AF34000887300008C93500088730000850
:10311000BD35000887300008873000088730000878
:1031200087300008873000088730000885350008A0
:10313000873000088730000865350008A53500088D
:10314000A534000887300008873000088730000861
:103150008730000887300008873000088730000873
:103160008730000887300008873000088730000863
:1031700087300008AF34000887300008AF340008FB
:10318000A53400088730000871360008653600084D
:103190008730000887300008873000088730000833
:1031A000873000088730000887300008593600084B
:1031B000873000084D360008873000084136000887
:1031C0008730000835360008A53400082936000885
:1031D000AF3400081F360008AF34000887300008FD
:1031E000C3340008C334000887300008C334000823
:1031F000A5340008A534000887300008873000088F
:103200003F35000887300008873000088730000805
:10321000B9340008B9340008873000088730000846
:1032200087300008873000088730000887300008A2
:1032300087300008873000088730000833350008E1
:10324000873000089B3500088F350008873000085C
:103250008730000887300008873000088730000872
:10326000DD35000887300008873000088730000807
:103270008730000887300008873000088730000852
:103280008730000887300008873000088730000842
:103290008730000887300008873000088730000832
:1032A0008730000887300008873000088730000822
:1032B000873000088730000887300008D1350008C3
:1032C0008730000887300008873000088730000802
:1032D000873000088730000849350008873000082B
:1032E00087300008873000088730000887300008E2
:1032F00087300008B934000887300008873000089C
:1033000087300008873000088730000887300008C1
:1033100087300008873000088730000887300008B1
:1033200087300008873000088730000887300008A1
:1033300059350008A534000802297FF4A4AE4923BA
:103340002370437863700A2B3FF69DAE01A252F8BA
:1033500023F000BFF333000887300008133400085F
:1033600087300008013400088730000895340008D1
:10337000873000088730000887300008773400085D
:1033800001297FF480AE0191FFF764F8019968BBD1
:10339000337840332370298080E602A8FFF7B6F81F
:1033A00020BB029B5A1C52002A8032786370403244
:1033B000DBB22270002B3FF471AE074604F1020924
:1033C00004F103080CE0039B1A0E09F817201B0CEC
:1033D0009DF8082008F817300137BA427FF65EAE34
:1033E000384603A9FFF74EF80028ECD07F221021C1
:1033F0004EE644F254020623C4F802202B804DE628
:1034000001239E49A370E01C02F00CFA13232B80C9
:1034100044E614230120E61CA07031462B80FFF700
:10342000ABF8E11D05460220FFF7A6F8034604F1BC
:103430000B0103201D43FFF79FF8034604F10F0122
:103440000420ADB21D43FFF797F8034604F11301C2
:103450000520ADB245EA0304FFF78EF8A4B244EAB2
:1034600000039BB2002B3FF419AE1122002130461D
:1034700002F0C8F912E60123E61CA3701422002111
:10348000304602F0BFF930467D4902F0CBF91723F0
:103490002B8003E6782207237A49A271C4F8021030
:1034A0002B80FBE5042200232A806380F6E50322BB
:1034B00000232A80A370F1E5032280232A80A370D1
:1034C000ECE50322704B2A805B881B09A370E5E5BD
:1034D00003228A232A80A370E0E503226B4B2A8013
:1034E0009B8AC3F30723A370D8E50423674A2B8084
:1034F0009388C3F34A13A3709388DB00E370CDE590
:10350000032288232A80A370C8E503227E232A8011
:10351000A370C3E5032274232A80A370BEE50322AF
:103520004C232A80A370B9E5042202232A806380F9
:10353000B4E50622564B2A80C4F80230AEE50322D9
:1035400001232A80A370A9E507210023514A29807D
:10355000C4F80220A371A1E5062200232A80C4F842
:1035600002309BE504232B800BF0C0FE4A4DA5FBE7
:1035700000239B0BA3700BF0B9FEA5FB00539B0926
:10358000E3708BE503220A232A80A37086E50422D8
:103590004FF413432A80638080E503227D232A8031
:1035A000A3707BE506223D4B2A80C4F8023075E506
:1035B00004224FF41C532A8063806FE504224FF4E9
:1035C0007F432A80638069E503232B80A37065E530
:1035D0000622334B2A80C4F802305FE5002309211C
:1035E00040F269122980C4F80220E380237255E575
:1035F00003A8FEF78BFF08B10023039300230621E5
:10360000039A298002F07F02A270E3702371637134
:1036100044E50622234B2A80C4F802303EE503220B
:1036200051232A80A37039E504224FF49C532A8049
:10363000638033E504224BF635732A8063802DE5E1
:103640000622194B2A80C4F8023027E5042243F6EB
:103650000B132A80638021E5042248F613232A8075
:1036600063801BE50622114B2A80C4F8023015E561
:10367000032264232A80A37010E500BFC409010857
:10368000D4090108011234567800032054000320A5
:1036900060800001010C9500D34D62108005B015CB
:1036A0000204000CBE1FA8137EDC8C018C928023C8
:1036B000814204D900F17840B0F5802F01D3002079
:1036C000704701F178410139B1F5802F2CBF0020FE
:1036D00001207047814208D9B0F1005F05D304484A
:1036E00081428CBF0020012070470020704700BF3E
:1036F00000000420814211D9B0F1005F10D31A4BB1
:10370000994219D9194B984208D9194881428CBF5E
:10371000002001207047B0F1006F15D200207047E3
:10372000144B98420AD8144B9842F4D9134881425A
:103730008CBF002001207047012070471048814253
:103740008CBF0020012070470E4B9942E6D80E4BEB
:10375000B3F8E030B3F5007FEED00C4881428CBF67
:1037600000200120704700BF000004203F200240DD
:1037700040210240FFFFF90BFFFFF80B0080F90B1F
:103780000002FA0B000008080005FA0B000004080C
:1037900000B58BB001A804F0B7FB0598AA3818BF94
:1037A00001200BB000BD00BF00B58BB072B601A800
:1037B00004F0AAFB04214FF40052079B019143F04F
:1037C0008063CDE9062304F0A3F918B162B60120A5
:1037D0000BB000BD04F0BCF90028F7D101A804F03B
:1037E00071FA10B904F0D6F9F0E704F0C5F904F065
:1037F000A3F9EBE710B58AB004F08AF9044604F0A7
:10380000A7F9044301A804F07FFB04214FF4807260
:103810009DF81E30E4B2C3F3001383F001031B05CF
:10382000CDE90623019134B104F0A6F904F084F93E
:1038300001200AB010BD01A804F044FA0028F3D119
:1038400004F0A8F9044604F097F9044304F074F96D
:10385000E4B22043C0B2003818BF01200AB010BD46
:1038600030B58BB004F054F9044601A804F04CFBC9
:10387000002380220798022110F4801FCDE9033233
:1038800000930CBF02230123019101A86946029312
:1038900004F0D0FB054604F04FF928432043C0B2A2
:1038A000003818BF01200BB030BD00BF70B504F068
:1038B0002FF905460F4C104ED4E90023B3F1FF3F1A
:1038C00008BFB2F1FF3F04F5802107D0012004F0CA
:1038D0009DF9002818BF45F00105EDB20834B44247
:1038E000EAD104F029F92843C0B2003818BF0120FA
:1038F00070BD00BF00E0030800000408002330B5DD
:103900008FB0009304F004F90223044605A8019344
:1039100004F0FAFA0B9B042213F4801F4FF07C0092
:1039200014BF02230123694603900DEB02000492A9
:10393000029304F07FFB054604F0FEF8054344EAD9
:103940000500C0B2003818BF01200FB030BD00BF65
:10395000014608B5012004F059F9003818BF0120CC
:1039600008BD00BF0022014B1A607047702B032076
:10397000514930B40A884AB1B2F57B6F68D24F4BD7
:10398000C2EB0232A3FB0232C2F3CF224C4C4B8873
:1039900022804BB1B3F57B6F5DD2484AC3EB033352
:1039A000A2FB0323C3F3CF23464D8A8863802B6891
:1039B000B2F5506FA0EB03030FD30122642B2271E9
:1039C00020D928604FF0000C94E807003E4B84F8A3
:1039D00008C003C330BC1A807047B2F5406F17D2DD
:1039E000B2F5306F3AD2B2F5206F21D2B2F5E06F66
:1039F00048D2B2F5807F4DD94FF0000C642B84F88B
:103A000004C039D84FF0000C84F808C030BC7047AF
:103A10000322642B2271F5D92B4B28601B79012BD3
:103A2000D0D16379062B01D8013BDBB26371C9E7C2
:103A30000522642B2271E5D9234B28601B79012BC9
:103A4000C0D1E38883F4807323F0FF03E380B9E7F8
:103A500040F6FF729AE740F6FF73A5E70422642B55
:103A60002271CFD9184B28601B79012BAAD1A379D9
:103A700083F00103E380A5E7134B28601B79012B3A
:103A8000A0D1A1E70622642B4FF0010C2271BBD913
:103A9000286099E70222642B2271B3D90A4B28606F
:103AA0001B79012B8ED163799A1FD2B2F82A84BF79
:103AB0000133DBB2637185E7742B0320BFBF8C82B7
:103AC00078000320702B0320840003200022014B88
:103AD0001A7070477A2B0320154B164A1B781188F1
:103AE000B2F802C0507963B9134B1980A3F804C02F
:103AF0001873107A1179D288987583F820105A8338
:103B000070471F290C4B08D91980A3F804C000285E
:103B1000EED1D989C9B21973EBE7BCF11F0FF3D805
:103B2000598889B21980D98889B29980EFE700BF96
:103B30007A2B03207800032054000320014B1860E7
:103B4000704700BF7C2B0320704700BF00B5044BBB
:103B500083B0186801A907F0DBF9019803B000BD34
:103B60007C2B03200D4B02781B68403201291A7010
:103B70000FD900B5A1F1020E10FA8EFE024610F820
:103B800001CF724503F801CFF8D1054B1B681980AE
:103B900000BD034B1B681980704700BFA42B032096
:103BA000A02B032030B54378044685B013B9837841
:103BB000442B0FD07F204FF0310C03213C4B3D4A6A
:103BC0001B6812681870207883F802C05870118042
:103BD00005B030BD0B2903D07F204FF0130CECE76C
:103BE000354B1978022903D04FF07F0C7F20E4E792
:103BF0001B7F022B11D1314D6B7B13F0FB030FD0D8
:103C00007F20242503212A4B2A4A1B68126818703A
:103C100020789D7058701180DAE74FF0330CE5E79B
:103C2000D0F80300AB6001232B73D4F8073000BA3F
:103C30001BBAC1186B6001922860FFF739FD1C4B5D
:103C400019681C4BD3F800C040B36B68019A13F09D
:103C5000070F0AD07F2370200B70032394F800E035
:103C6000887081F801E0ACF8003023786A734FF275
:103C70000F04202540338DF80C3003AA4B1EC81CBE
:103C80008DF80D50ADF80E4012F8011B03F8011F1E
:103C90008342F9D10423ACF8003099E77F22312028
:103CA00003230A70227888704A70ACF800308FE7DE
:103CB000A42B0320A02B0320802B0320AC2B03205C
:103CC00003780F2B40F283802DE9F047A3F1100217
:103CD00004460D468EB0772A7FD8DFE812F0420204
:103CE00032027E007E00C5017E007E007E007E00E6
:103CF000AC017E007E007E007E007E007E007E00A5
:103D00007E00F801E20108027E007E006C019F0146
:103D1000920115027E0085017E002202D5017E00FF
:103D20005C017E007E0048012201ED00DD00D00034
:103D30007E007E007E007E00320105017E007E0056
:103D40007E007E007E007E007E007E007E007E0083
:103D50007E007E007E007E007E007E007E007E0073
:103D60007E007E007E007E007E007E007E007E0063
:103D70007E007E007E007E007E007E007E007E0053
:103D80007E007E007E007E007E007E007E007E0043
:103D90007E007E007E007E007E007E007E007E0033
:103DA0007E007E007E007E007E007E007E007E0023
:103DB0007E007E007E007E007E007E007E007E0013
:103DC0007E007E001501C300B300A6008D00A24B4B
:103DD000A24A1B681268FFF73DB97F201125032115
:103DE0009E4B9D4A1B681268187020789D70587011
:103DF00011800EB0BDE8F087012D40F2FA844278C0
:103E000002F07F03012B00F01485032B00F0FF84E8
:103E10007F2012250321914B8F4A1B68126818706E
:103E200020789D7058701180E3E77F2011250321D1
:103E30008A4B894A1B681268187020789D705870E8
:103E40001180D6E7022D00F0A8847F2013250321DE
:103E5000824B814A1B681268187020789D705870D8
:103E60001180C6E77F20122503217C4B7A4A1B680C
:103E70001268187020789D7058701180B9E77F2003
:103E800011250321754B744A1B681268187020783D
:103E90009D7058701180ACE7704B6F4A012D1B6804
:103EA000166800F0A9837F2113200322197021785E
:103EB0009870597032809CE7012D40F23B83684E28
:103EC000737B012B00F01A85644A6349022B126848
:103ED000086800F0C2857F21242503231170217812
:103EE00095705170038084E7022D00F06D847F206F
:103EF00013250321594B584A1B6812681870207803
:103F00009D705870118074E77F2011250321534B59
:103F1000514A1B681268187020789D705870118083
:103F200067E7022D00F22D817F20132503214B4BE3
:103F3000494A1B681268187020789D70587011806B
:103F400057E7012D40F20383437803F00F02042A60
:103F500000F0C1847F2012250321404B3E4A1B689C
:103F60001268187020789D705870118041E73D4BA1
:103F7000B3F8E030B3F5007F00F09C847F2011257A
:103F80000321364B344A1B681268187020789D70E4
:103F9000587011802DE7032D00F2FB807F20132540
:103FA00003212E4B2C4A1B681268187020789D70D4
:103FB000587011801DE7012D40F2E382467806F02B
:103FC0007F06012E00F0CD84022E00F0EB847F20CE
:103FD00012250321214B204A1B6812681870207893
:103FE0009D705870118004E77F20112503211B4B21
:103FF000194A1B681268187020789D7058701180DB
:10400000F7E67F2011250321144B134A1B68126821
:10401000187020789D7058701180EAE67F20112575
:1040200003210E4B0C4A1B681268187020789D7093
:1040300058701180DDE6094F022D3B6800F2428284
:104040007F2013250321044A1870207812689D7080
:1040500058701180CDE600BFA02B0320A42B0320B5
:10406000AC2B03200005FA0B042D00F0B3827F2057
:1040700013250321A44BA54A1B68126818702078E9
:104080009D7058701180B4E67F20112503219E4B4E
:104090009E4A1B681268187020789D7058701180B5
:1040A000A7E6012D40F26082437803F00F02042A54
:1040B00000F044847F2012250321934B934A1B6810
:1040C0001268187020789D705870118091E6032D49
:1040D00000F0A1827F20132503218B4B8B4A1B68A4
:1040E0001268187020789D705870118081E67F20CA
:1040F00011250321844B854A1B68126818702078AB
:104100009D705870118074E67F20112503217E4B2D
:104110007E4A1B681268187020789D705870118054
:1041200067E6022D00F2F5817F2013250321764BEF
:10413000764A1B681268187020789D70587011803C
:1041400057E6714B714A022D1B68166800F02682F3
:104150007F211320032219702178987059703280C2
:1041600047E6022D00F0F1827F2013250321664BE4
:10417000664A1B681268187020789D70587011800C
:1041800037E60222294620460EB0BDE8F047FFF789
:1041900009BD90F901204378002ABCBF03F07F03DA
:1041A00043704388B8BF01265BBA9BB2A8BF002604
:1041B000B3F5097F00F35F85B3F5007F2ADBA3F534
:1041C0000073242B26D8DFE813F0ED00D600C500DD
:1041D000B200A3009000680059005001480125007A
:1041E000250025002500250025001401FF002500DD
:1041F0002500250025002500250025002500250097
:104200002500250025002500250041012601760115
:1042100043003D007F20312103223B4B1B68187077
:1042200020789970394958700B681A80002E3FF435
:10423000E0AD354A126812787F2A3FF4DAAD0022E9
:104240001A80D6E5052D00F069877F201321E3E76A
:10425000042DFAD1FDF7FEFB0A2009F08BFD2A4B55
:104260001A682A4B1B6821784031117061785170AF
:10427000A1789170E178D1701D80D7E7224A234B55
:10428000042D12681B6800F02D877F211320117008
:104290002178907051700325EEE70B2DD5D9456834
:1042A00087682DBA3FBA28467919FFF723FA002804
:1042B000B0D039462846FDF729FE01460827124BA3
:1042C00025781A68403515706078104B5070A078CA
:1042D0001B689070E078D171D070080E1071080CD6
:1042E000F940507191711F80A0E7074A074B062DD6
:1042F00011681B6800F002877F2213200A70227861
:1043000088704A70032290E7A42B0320A02B03207F
:1043100071200421AB4B1A68AB4B107060781B689E
:104320005070A0789070E078D07019807EE7A54B2F
:1043300071201968AB1E0A46087014FA83F32146EF
:1043400014F8010F8B4202F8010FF8D19E4B1B6845
:104350001D806BE7FFF7AAFA9A4B1A689A4B1B6805
:10436000002800F00F877F2172201170217803252B
:104370009070517080E7FFF7C1FA924B1A68924B28
:104380001B680028EFD12146207840301070A81E0D
:1043900014FA80F00C4611F8017F844202F8017F84
:1043A000F8D169E7874A884B042D12681B687FF4AF
:1043B0006CAF4178012900F09487022940F0898789
:1043C0000020824908704EE7042D7FF43EAF804BF9
:1043D0001A78022A00F0AA877F227F200321794BD6
:1043E0001B68187020789A70774A58701368198083
:1043F0001CE7042D7FF429AF754B1A78022AEBD104
:104400001B7F022B40F08F874378012B00F0CF8772
:104410007F20122100E7052D7FF417AF0079FDF70B
:1044200017FCFDF717FB0A2009F0A4FC0420654BDC
:1044300021781A68644B40311B68117061785170A3
:10444000A1789170E178D1701880EFE6072D7FF4A4
:10445000FCAE0430FDF7EEFBE3E75D4B1B7F022B68
:1044600000F011867F203321D6E6082D7FF4EDAED3
:104470004378012BCCD1C379042B7FF4CBAE807968
:1044800022796379000240EA026040EA034040F08A
:104490000400FEF713F8002800F056857F207225EF
:1044A0000321484A484B12681B68107020789570A9
:1044B00050701980BAE6072D7FF4C7AE0430FDF7BF
:1044C000CFFBAEE7592204211A70427899705A70D6
:1044D000427802F07F02012A00F09C82022A00F05A
:1044E00093827F2512260320374A1D702578116894
:1044F0009E705D70088094F90130002BBFF679AC96
:104500003B681B787F2B3FF474AC00211368198043
:104510006FE42F4B1E78022E00F055827F2203207D
:10452000284B29491B6809681A7024789A705C70B6
:1045300008805EE47F2013250321224B224A1B685A
:104540001268187020789D705870118051E47F2097
:10455000132503211B4B1C4A1B6812681870207816
:104560009D705870118044E47F2013250321154B62
:10457000154A1B681268187020789D705870118059
:1045800037E47F20132503210E4B0F4A1B68126866
:10459000187020789D70587011802AE40C4A1278A7
:1045A000012A00F07682427802F07F02012A00F0B0
:1045B000A9837F21122003221970217898705970E5
:1045C000328016E4A42B0320A02B032076000320C6
:1045D000802B03204378FF2B00F072827F2031254F
:1045E0000321A74BA74A1B681268187020789D709A
:1045F00058701180FFF7FDBBA34A517B032900F0DF
:1046000032837F21242003221970217898705970F9
:104610003280FFF7EEBBB0F8012052BA90B2002210
:10462000A0F50071B1F5007FCDE90122CDE90322AB
:104630000092C0F06B82A0F57142843A0C2A08D82F
:10464000DFE802F072076C63070707075A070707DE
:1046500015007F2031250321894B8A4A1B68126887
:10466000187020789D7058701180FFF7C2BB6946A2
:104670000120FDF781FF01A905460220FDF77CFF1F
:10468000034602A903201D43FDF776FF034603A955
:104690000420ADB21D43FDF76FFF034604A90520BA
:1046A000ADB21D43FDF768FFADB20543ADB21122B7
:1046B00069460DF1170001F0A9F8002DC9D11425A4
:1046C00023786F4A66781168A2784033681E8DF8A7
:1046D00014308DF816208DF8156005AA4B1E11FABE
:1046E00080F012F8011B03F8011F8342F9D1654BDA
:1046F0001B681D80FFF77DBB0C2264490DF117007C
:1047000001F084F80F252378DBE7042260490DF1DE
:10471000170001F07BF807252378D2E75D4A0425CE
:1047200012788DF81720CCE70C225B490DF11700A9
:1047300001F06CF820230922584909A88DF823308C
:10474000192501F063F82378BBE7437803F07F0372
:10475000022B00F05B82032B00F04482012B40F01F
:104760006A8200224B494E48C1E903220B70464B36
:1047700002605A734A610A778A6194F9013062785B
:10478000002BFFF636AB50203D4B3E491B680968B5
:104790005A7018700D80FFF72CBB427802F07F032F
:1047A000012B00F07F81022B00F053827F20122525
:1047B0000321334B334A1B681268187020789D70B0
:1047C00058701180FFF715BB4378002B00F09381E0
:1047D000802B3FF40EAB7F2012250321284B294A62
:1047E0001B681268187020789D7058701180FFF750
:1047F00000BB7F2013250321214B224A1B6812682E
:10480000187020789D7058701180FFF7F2BA244D0F
:104810002968002940F02E817F202225184A194955
:104820001268096810702078957050700B80FFF73F
:10483000E0BA022D00F037828378103B032B00F2A0
:10484000F285DFE803F01917021B164B144A1360B8
:1048500094F90130002BFFF6CCAA0221084A2378F4
:1048600012684033074D137060782B6850701980C0
:10487000FFF7BFBA0C4BE9E70C4BE7E70C4BE5E75A
:10488000A42B0320A02B0320AC2B03209005FA0BB4
:10489000FC090108802B0320E4090108F009010844
:1048A000A82B032020A1070090D0030048E80100B6
:1048B00040420F00022D00F23C817F20132503218E
:1048C000B14BB24A1B681268187020789D705870FE
:1048D0001180FFF78EBA03F0F002402A40F22C81DB
:1048E0007F2012250321A84BA84A1B681268187064
:1048F00020789D7058701180FFF77BBAA91E11F0C7
:1049000007051FFA81F840F09A80B3687268434443
:10491000934200F29480327B4378934200F04284C9
:104920007F2073250321984B984A1B6812681870E2
:1049300020789D7058701180FFF75BBA03F0F00289
:10494000402A40F229817F20122503218E4B8F4A75
:104950001B681268187020789D7058701180FFF7DE
:1049600048BA40F26713ADF81430FFF7EFF8884A01
:10497000884B4240C3E903021E7794F9013000BA24
:10498000002BCDF81600FFF634AA06217E4B0598C1
:104990001B687E4A1860BDF8180012689880118064
:1049A000FFF727BA062D00F0CB817F2013250321C6
:1049B000754B764A1B681268187020789D70587085
:1049C0001180FFF716BA4FF28412B0F8013058BACE
:1049D00080B220F00801914200F0F68049F2F10225
:1049E000934200F06382072D00F057837F20132548
:1049F0000321654B654A1B681268187020789D700A
:104A000058701180FFF7F5B9032D00F0CE817F2596
:104A1000132668E5032DFAD1002205A8DA70FDF708
:104A200075FD5A4A3B681668002800F024837F21F0
:104A30001970722120789970587035805BE57F205D
:104A400071250321504B514A1B6812681870207859
:104A50009D7058701180FFF7CCB9022D00F0618174
:104A60007F21712503231170217895705170038087
:104A7000FFF7BFB9130600F12481C7200221424B82
:104A8000424A1B6812681870607858701180FFF7EE
:104A9000B0B97F2203211A7000789A705870318063
:104AA000FFF7A7B911063FF5A4A9C521364B374A30
:104AB0001B6812681970417859701580FFF799B911
:104AC0008378FF2B7FF48AADC378FF2B7FF486AD0C
:104AD000FDF7C0FC002800F01D847F207225032113
:104AE000294B2A4A1B681268187020789D705870EC
:104AF0001180FFF77EB97E21234B244A1B68126880
:104B00001970417859701580FFF773B96946FDF740
:104B100033FD002800F027817F2131201A4B1B4AEA
:104B20001B68126819702178987059701580FFF70A
:104B300060B90122FFF726BB1B095A1DAA4280F269
:104B4000D380002B00F0A7820027591E0530C90032
:104B500010F8012F8A4008393A4311F1080F97B233
:104B6000F6D19E1DF3199D4200F072827F2013251D
:104B70000321054B054A1B681268187020789D7048
:104B800058701180FFF735B9A42B0320A02B032008
:104B900078563412802B0320AF4A1278012A00F095
:104BA00032811B099A1D954200F0EE817F2013256A
:104BB0000321AA4BAA4A1B681268187020789D70BE
:104BC00058701180FFF715B97F2031250321A34BC1
:104BD000A34A1B681268187020789D705870118065
:104BE000FFF707B99F4A928A92B2B2F5805FC0F090
:104BF00041817F208825994A994912680968107077
:104C00002078957050700B80FFF7F3B8954B9B8A16
:104C10009BB2B3F5805FC0F003817F202225032182
:104C20008E4B8F4A1B681268187020789D705870E0
:104C30001180FFF7DEB87F2012250321874B884AB9
:104C40001B681268187020789D7058701180FFF7EB
:104C5000D0B812063FF5CDA8294620460EB0BDE8D3
:104C6000F047FEF77FBF04215173027840321A707B
:104C70003580FFF7BEB8B3F57F4F00F050814FF697
:104C8000017293427FF4C6AA042D7FF4DEAA437812
:104C9000012B7FF4BDAB704B1A78022A00F07C83A5
:104CA0007E22FFF79ABB7F20132503216B4B6C4AB2
:104CB0001B681268187020789D7058701180FFF77B
:104CC00098B80123684C26782370FCF76BFF4FF4EB
:104CD0007A7009F04FF8F6B22868FCF76BFFFCF722
:104CE000B9FE2670FFF785B87F20132503215B4BA3
:104CF0005B4A1B681268187020789D70587011808C
:104D0000FFF777B851221A7042785A70358090F9BF
:104D10000130002BBFF66DA80EB0BDE8F04702F0E1
:104D20004BB8317B63788B4200F050817F21732533
:104D3000032311702178957051700380FFF759B8E3
:104D4000454B9A69042A40F20B817F2036250321C6
:104D5000424B434A1B681268187020789D70587047
:104D60001180FFF746B860782378A4784033042296
:104D70008DF8150069460DF117008DF814308DF887
:104D8000164000F043FD354B0DF113021868431E29
:104D9000063012F8011F03F8011F9842F9D10722CB
:104DA0002F4B1B681A80FFF724B8002205A8DA7081
:104DB000FDF7ACFB8146002840F02D81059B002BC0
:104DC00000F0AA8280466E4612E09DF803203B6800
:104DD0005A55BDF8022003F82820009A2B44120AE5
:104DE0009A70009ADA70059B0435984580F01F810F
:104DF00040463146FDF746FB08F101080028E4D0A3
:104E00004FF00109EFE77F220320144B14491B6880
:104E100009681A7024789A705C700880FEF7E9BF00
:104E200000230D4A1148C2E90333114903604B7353
:104E300053611377936194F901306078002B1570FA
:104E4000FEF6D7AF5021054B054A1B681268587013
:104E500019701580FEF7CDBF802B0320A42B0320F3
:104E6000A02B03205400032076000320A82B03204E
:104E7000AC2B03200022B349B348C1E903220B70D5
:104E8000B24B42731A604A610A778A6194F9013021
:104E900060789342FEF6ADAF5021AD4BAD4A1B6832
:104EA0001268587019701580FEF7A3BF142D7FF497
:104EB0009DADD4F803100120FDF746FBD4F8071090
:104EC00005463046FDF740FB0346D4F80B1003209F
:104ED0001D43FDF739FB0346D4F80F100420ADB293
:104EE0001D43FDF731FB0346E17C0520ADB21D43B8
:104EF000FDF72AFBADB245EA00039BB2944A9549FF
:104F000012680968002B00F0F0817F2072250323CE
:104F100010702078957050700B80FEF76ABF042DDA
:104F20007FF493A94378012B7FF472AA854B1A78FA
:104F3000022A7FF4B5AE1B7F022B40F0F481FEF70E
:104F40008FFC00287FF4AAAA04212046FEF70AFE5F
:104F5000804B1B681A88002A3EF44BAFFFF766B9F6
:104F600058685969411A092900F2FA807F203725CB
:104F70000321774B774A1B681268187020789D7060
:104F800058701180FEF735BF002B00F08D80002691
:104F9000013B411DDB0011F8012F9A40083B13F142
:104FA000080F46EA0206F6D140F6FE739E427CD90F
:104FB0007F2031250321664B664A1B6812681870F2
:104FC00020789D7058701180FEF713BF0133337342
:104FD0002378002140331370637802F8013FB368EF
:104FE0000BE034680131E35CB1F57F6F02F8013FFB
:104FF000B36803F10103B36003D07468A342F0D334
:1050000089B27268023193420180FEF4F2AE03234A
:105010007373FEF7EEBE7F2272203B681A70217810
:105020004C4A5970987013681D80FFF764BAB9F143
:10503000000F00F071817F213B68722519700321F8
:105040002078444A58709D7013681980FFF753BA4E
:105050003C4B1A78022A00F0F0807F227F25032043
:105060003B4B3C491B6809681D7024789A705C7042
:105070000880FEF7BEBE062005995971090A19710C
:105080003080FFF738BABFF34F8FBFF36F8F431DE8
:105090009847FFF7CBB91F4663E5D4F8031009BA68
:1050A000FDF752FA034629E71E46D4F802502DBAFE
:1050B00071192846FEF71EFB254B264A1B6811680E
:1050C000002800F01D812278ED1A40321A709A19DA
:1050D00002E0E85C03F8010F9A42FAD1731C0B80DE
:1050E000FEF787BE4178012900F0D980022940F0FF
:1050F000F080002018490870FFF7B5B8828840F6A4
:10510000FB7052BA92B2824240F2CD807F223120AF
:105110000A70227888704A70FFF7F4B84378012B40
:105120007FF476A90379002B00F04A81012B7FF4EC
:1051300071A80A48FCF7AAFF29462046FEF712FD8F
:1051400006E700BF802B0320AC2B0320A82B0320F5
:10515000A42B0320A02B03207A2B0320EC100108A2
:10516000197F012900F0EF807F2024250321B64B11
:10517000B64A1B681268187020789D7058701180AC
:10518000FEF737BE2146207840301070A81E14FA72
:1051900080F00C4611F8017F844202F8017FF8D1BB
:1051A000FFF76AB80133337302F0B2FCB8F1000FB5
:1051B0005ED02746AA46A946B0683B797A791B0497
:1051C00003EB0263FA78397A03EB02237A7A090453
:1051D00001EB0261BA780AF1080A134419EB0302E1
:1051E000FB79083701EB0323316801F5802108447E
:1051F00017F8021C0B44FEF7ABFB40EA0503B0684E
:10520000D04500F10800DDB2B060D6D802F094FCC1
:10521000D6E901329A4224BF0323737385B37F21F9
:1052200072200322884B1B6819702178987059707E
:10523000864B1B681A80FEF7DCBD1B7F022B2CD12E
:10524000D4F802502DBA28467919FEF743FA0028FF
:1052500040F0BE807F20312503217B4B7B4A1B68B9
:105260001268187020789D7058701180FEF7C1BDCB
:1052700002F062FCD6E901239A4201D8032373733A
:105280000220714A714923781268647809684033B2
:10529000137054700880FEF7ACBD3322DEE66C4814
:1052A0000170FEF7E0BF71200870084665784D7008
:1052B000A5788D70E4780021151F00F8034F02E0F7
:1052C00000F8011F01318D42FADC043292B2FEF780
:1052D000ACBF7F2112201170217890705170FEF7C1
:1052E000DABF5C480170FEF7BEBF60782378A5780E
:1052F000507003204033137095700880FEF779BD1D
:105300007F2031250322187020789D7058700A8004
:10531000FEF76FBD0121A0E44C4A9B0011680333E6
:105320000B80FFF7E8B83322FFF757B81B7F022B3B
:10533000F9D14378012B7FF46BA8FEF75BFA0028C4
:105340007FF4ACA800E6D4F802101D6909BA8D42BA
:1053500012D000277F2658613525032001329A613B
:10536000394A3A4912681F771670237809685370D2
:1053700095700880FEF73DBD1E7794F90130002B33
:10538000FEF637AD40F267212F4A304B12681B689A
:1053900011801E80FEF72DBD1B7F022BC3D12E4B2B
:1053A0005B7B042BC9D07F202221FEF735BFFEF79F
:1053B000EFF900BBFEF7F8F900287FF46FA8C3E50A
:1053C0002648FCF763FE29462046FEF7CBFBBFE5E7
:1053D000022F23D0042F1CD0082F12D06FF0060309
:1053E000E21D1B1B02E012F8011F29709918B94237
:1053F000F9D3314631E40BF08BFA00287FF44EA844
:10540000A2E5A168E0680BBA02BA3146C5E90023FB
:1054100023E4A36831461BBA2B601EE4238931467E
:105420005BBA2B8019E47F22002631200321064B32
:105430000B4D1B682E601A70044A247812685C7049
:1054400098701180FEF7D5BCA42B0320A02B03205D
:105450007A2B032076000320AC2B032000110108D7
:10546000A82B032038B500240122094B09490A4D15
:105470004C73586009490A48C3E90344C3E9054429
:105480002C601A701C77FDF75FF9204638BD00BF0D
:10549000802B0320AC2B0320A82B03209800032093
:1054A00058A00120114B01461A78032A02D0104857
:1054B000FDF7E4BA41F288305A688A1A8242F6D976
:1054C00000224FF0010C0B4810B40B4C427383F8D0
:1054D00000C01A77226006485DF8044BC3E9032236
:1054E000C3E905225960FDF7C9BA00BF802B03202C
:1054F00058A00120AC2B0320A82B03200146024A10
:105500000248FDF7D1BA00BFC000032058A0012017
:105510002DE9F043002585B004468DF80D50ADF817
:105520000E50D0E90050B0F1804F0F4690461E4615
:10553000C5F382690CD038B940F2E2739D4263D062
:1055400040F2DF739D420ED0002005B0BDE8F0832D
:10555000C5F30743DA2BC5F3072200F09980DB2B54
:10556000F2D1FF2AF0D1E06800F044F90028EBD036
:105570003B780F2BE8D8002B00F09680072BE3D860
:1055800001388342E0D8A2690137ADF80E30A2F5A8
:1055900000120123B2FA82F28DF80D30504B5209FD
:1055A00083F826216168B1F1804F00F08F8040F2CE
:1055B000EA7200214B484C4B0260C3E90021416074
:1055C0004FF0FF3301220DF10D01306809F0A6F80C
:1055D0004FF0FF33022204460DF10E01306809F04E
:1055E0009DF802464FF0FF33144439463068BDF849
:1055F0000E2009F093F8BDF80E3004440333A342A3
:1056000044D0FBF7A1FC41E040F2EA73364AC2E91C
:105610000030344AC2E90030E06800F0EBF8CDF821
:105620000080A369314CA3F50013B3FA83F301465C
:105630003A4620465B09FDF7B1F82578022D83D163
:1056400000274FF0FF3301220DF10D0130688DF876
:105650000D7009F063F82A464FF0FF330546A11C90
:10566000306809F05BF802464FF0FF3315443068AC
:10567000628804F10D0109F051F863880544033391
:10568000AB4201D0FBF760FC0023237001205CE7F4
:105690005A2A7FF459AF2B029BB243EA896343F441
:1056A0005A0343F05A03B1E7A269B2F5001F7FF431
:1056B0004BAF08287FF648AF7B78002B3FF444AF10
:1056C000023883423FF640AF02375EE72A0292B2C9
:1056D00042EA896242F45A0242F05A026AE700BF83
:1056E00058C0012098000320C000032058A00120CA
:1056F0004FF0000C10B5029CA4F800C08C460D4978
:105700000B600D490C600D494860114622B1BDE89F
:1057100010406046FEF7D4BA4FF07F0E8CF80020A0
:105720001320032283F800E09CF800109870597051
:10573000228010BDA42B0320A02B0320802B03204C
:105740004FF0000C10B5029CA4F800C08C460D4927
:105750000B600D490C600D494860114622B1BDE84F
:1057600010406046FEF7ACBA4FF07F0E8CF8002078
:105770001320032283F800E09CF800109870597001
:10578000228010BDA42B0320A02B0320802B0320FC
:1057900038B5049A12884AB11978512907D0C72917
:1057A00004D1012A02D05B78032B08D038BD4FF416
:1057B000FA7008F0DFFABDE8384001F0FDBA4FF4A6
:1057C000FA7008F0D7FA0123084C25782370FCF70B
:1057D000E9F94FF47A7008F0CDFA054BEDB218688C
:1057E000FCF7E8F9FCF736F9257038BD76000320A0
:1057F000A82B0320014BC0B2185C70477C13010832
:10580000704700BF0AB10AF093BF70474AB1013A2E
:105810004B1E0138114413F8012F8B4200F8012F61
:10582000F9D17047421E11F8013B02F8013F002BED
:10583000F9D1704708B503782BB10130FAF700FDB4
:10584000013080B208BD184608BD00BF4FF47A721F
:1058500002FB00F0024BA3FB0030800908F08ABA7B
:10586000D34D6210F8B54178072909D942F2FE20DC
:1058700002221649164B09681B6808801A80F8BD79
:10588000144D044628690144FDF734FF0F4A104BBC
:10589000012816681F6805D042F2FE2202233280DA
:1058A0003B80F8BDFF233370637863B100232A691E
:1058B00012780133DBB2F2542A6901322A6161782D
:1058C0009942F5D8481C3880F8BD00BFC02B032092
:1058D000BC2B0320C42B032000220146034B10469F
:1058E000C3E903221A7059601A817047C42B032040
:1058F000084B1A785AB14EF660215A68821A8A42C9
:1059000005D90022C3E9032258601A701A810020C9
:10591000704700BFC42B032038B5D0B20C46FFF748
:105920006FFF074DE86002E00A2008F023FA2146E5
:105930002846FCF7A9F90028F6D1012038BD00BFA0
:10594000E800032070B5D0E90042B2F1804F0D4667
:105950001E4682B007D01AB940F254539C4217D069
:10596000002002B070BDC4F30743EF2BF8D1C4F39D
:1059700007235A2BF4D1E3B23F2BF1D123029BB280
:1059800004F0E0541C4344F46F0444F05A0401E072
:1059900040F25554124BC068C3E90042FFF72AFF9A
:1059A000ADF806000028DBD04FF0FF3302220DF1E6
:1059B0000601306808F0B2FE4FF0FF330446294676
:1059C000BDF80620306808F0A9FEBDF80630044492
:1059D0000233A34201D10120C3E7FBF7B5FAFAE78E
:1059E000E80003202DE9F041069D944F944E954C1C
:1059F000356060603B604AB1FF2018700878FF286E
:105A000024D094F800C0BCF1010F01D0BDE8F081B2
:105A1000CE38302827D8DFE800F033262626262681
:105A200026262626262C2C2626262626262626260A
:105A30002626262626332626262626262626268D92
:105A4000837C746153264339AFA16C00012A00F0B6
:105A500098804A78002A00F0948042F2FE210222C7
:105A600019802A80D2E742F2FE01022219802A80A0
:105A7000CCE70022C3F801205A6008232B80C5E739
:105A800000210322A3F801102A80BFE70022012091
:105A90000821C3F80120A3F80520D8712980B5E7B3
:105AA000012A30D04A78002AD7D104200821C3F82F
:105AB0000120A3F80520644AD87129802261A5E756
:105AC000012A20D0227A012A03D04A78002A00F045
:105AD00082800021022259702A8097E7052A12D974
:105AE000627A012A64D042F6FE11022219802A80CD
:105AF0008CE700230122C4E90333237023812A8029
:105B000084E7082A4ED042F2FE11022219802A8030
:105B10007CE7012AF7D0BDE8F0410846FFF7A2BEB6
:105B2000072AF0D94B6808461BBA2361BDE8F0414B
:105B3000FFF798BE072AE6D94D68206995FA85F8DF
:105B400008EB0001FDF7D6FD01283F68366857D005
:105B500042F2FE2202233A80338057E70021597037
:105B6000227A0620013A18BF01221201D970197158
:105B700059719A70288049E7FE21022219802A80F3
:105B800044E7002201214FF4807608202F4FC4E91A
:105B9000032222812170C3F80170A3F80560D97136
:105BA000288033E701224B681BBA23612A802DE746
:105BB000D1F80210E668264809BA7040884236D00B
:105BC000002242F2FE50022118802980C4E90322FB
:105BD000227022811AE7FDF7B9FF01210422062570
:105BE0003B68E06061725A70E27B31689A70E289CA
:105BF000DA70E268120A1A71E2685A710D8005E7DC
:105C00005DB100231D46226912F8011B013398453E
:105C10000D442261F8D895FA85F803210022082363
:105C2000C7F80480A7F80110FA703380EEE62281ED
:105C30000021022259702A80E8E600BFC02B032011
:105C4000BC2B0320C42B03208C130108000108087F
:105C50007856341210B50F4B82B0186E002240F007
:105C6000010018661C6E072104F001040094009CDA
:105C70009C6D6FF0010044F080549C659B6D03F0B7
:105C800080530193019B01F03DF802B0BDE8104044
:105C900003F0D2BE0010024070B500210446ACB043
:105CA000942207A8CDE90211CDE9041106910AF06A
:105CB0003FFD324B22689A4201D02CB070BD0323C5
:105CC0004FF480424FF08051CDE907230993182209
:105CD00011232791CDE90A23022108224FF0807376
:105CE00007A8CDE90D230C9104F084FD00283BD1D9
:105CF000234B0026DA6C02A942F40052DA64DA6C13
:105D0000204D02F400520092009ADA6C42F0010237
:105D1000DA64DB6C322203F0010301930323019860
:105D20001948CDE90223049602F0DAF980224FF4F3
:105D300080730521C5E903626B614FF48062202303
:105D4000C5E9011611492846C5E906232E622960D6
:105D500001F0E6F870B910210A4801F091FA30B963
:105D60002565AC622CB070BDFBF7EEF8C0E7FBF721
:105D7000EBF8F5E7FBF7E8F8EDE700BF008002423B
:105D800000100240D826032000000242080402400E
:105D9000094B02689A4200D07047A3F500539A6CF1
:105DA00082B042F480529A649B6C03F48053019356
:105DB000019B02B0704700BF0030024000000000AD
:105DC00010B500210446ACB0942207A8CDE9021119
:105DD000CDE9041106910AF0ABFC274B22689A42E8
:105DE00001D02CB010BD4FF000724FF0807307A8A7
:105DF0000792219304F0FEFC002832D19FED1A6B2C
:105E00009FED1B7B09241D4B02A9DA6D1C4842F44F
:105E10000072DA65DA6D02F400720092009ADA6CB0
:105E200042F00202DA64DB6C8DED026B03F00203D8
:105E300001938DED047B019B069402F051F9002241
:105E40000521272000F05EFF272000F095FF0022AB
:105E50000521282000F056FF282000F08DFF2CB0EF
:105E600010BDFBF771F8C9E7000300000200000055
:105E7000000000000000000000A4004000100240EC
:105E80000004024208B502680A4B9A4200D008BDDD
:105E9000094A4FF44071D36D084823F40073D36569
:105EA00002F024FA272000F075FFBDE80840282002
:105EB00000F070BF00A40040001002400004024245
:105EC00010B50446A6B09422002101A80AF030FCC7
:105ED000114B22689A4201D026B010BD4FF48023A6
:105EE00001A8019304F086FC98B90C4B0022D86CF1
:105EF000052140F48020D864DB6C5E2003F480230D
:105F00000093009B00F0FEFE5E2000F035FF26B0FF
:105F100010BDFBF719F8E8E700080C42001002403A
:105F200000B5036887B0B3F1804F0DD02E4A93427D
:105F300038D02E4A934214D02D4A934226D02D4A6F
:105F4000934244D007B000BD03F504339A6D42F08C
:105F500001029A659B6D03F001030193019B07B059
:105F600000BD254B0022986D052140F0200098656A
:105F70009B6D322003F020030393039B00F0C2FECD
:105F8000322007B05DF804EB00F0F6BE1A4B1A6E33
:105F900042F400321A661B6E03F400330493049B30
:105FA00007B000BD144B0022986D052140F0100091
:105FB00098659B6D312003F010030293029B00F063
:105FC000A1FE312007B05DF804EB00F0D5BE0A4B0E
:105FD0001A6E42F480221A661B6E03F48023059326
:105FE000059B07B000BD00BF00100040001400403A
:105FF0000044014000480140001002400000000041
:1060000010B500210446AEB0942209A8CDE90411D0
:10601000CDE9061108910AF08BFB2D4B22689A42BC
:1060200001D02EB010BD4FF4005309A8099304F01D
:10603000E1FB00283FD19FED226B9FED237B0A22DD
:10604000244C2548E36C04A943F00103E364E36CAA
:106050008DED046B03F001030193019B8DED067B35
:10606000089202F03DF8E36D43F40013E365E36D3D
:1060700003F400130293029BA36DDB0018D4A36DFD
:1060800043F08053A365A36D03F080530393039BF8
:1060900003F0CAFCA36D23F08053A3650022052101
:1060A000492000F02FFE492000F066FE2EB010BD02
:1060B00003F0BAFCF2E7FAF747FFBCE7AFF3008062
:1060C00000180000020000000000000000000000B6
:1060D00000D40040001002400000024210B501460A
:1060E00088B000222A2000F00DFE2A2000F044FE95
:1060F000154B01A91A6E03A842F400621A661B6EC2
:10610000124C03F400630293029B04F06BFA04F058
:1061100051FA0346002140F2E7300D4A2161A2FB0B
:106120000323A1609B0C0B49E060013B20462160EA
:10613000636005F055FA10B1012008B010BD20468B
:1061400005F05EF808B010BD00100240D82B032007
:1061500083DE1B43002C0140FEE700BFFEE700BFCB
:10616000FEE700BFFEE700BFFEE700BF704700BFCD
:10617000014801F013B800BF88240320014801F052
:106180000DB800BF20240320014801F0F9BB00BF77
:1061900050260320014801F0F3BB00BF5026032026
:1061A000014805F01DB900BFD82B0320014805F0B8
:1061B00017B900BF88230320014805F011B900BFBB
:1061C0003C230320014802F03FB900BFFC25032017
:1061D000014802F0D7BA00BFFC250320014804F0B3
:1061E000E5BE00BFF0240320014805F0C3BA00BF9C
:1061F00068250320014802F00BBD00BFC81F032023
:10620000014800F0CBBF00BFD8260320014804F0AE
:10621000FFBD00BF54250320034AD2F8883043F461
:106220007003C2F88830704700ED00E0254B254927
:106230001A68120754BFD3F894301B688A6858BF95
:10624000C3F3032302F00C0248BFC3F30313082A6D
:1062500012D01D480C2A50F823300FD01B49042AB5
:1062600008BF0B46174A1A4892681A49C2F303122C
:10627000825CD3400B607047174BF3E7C868CA686D
:1062800000F00301C2F30312022902F1010211D04E
:10629000032913D0B3FBF2F10A4AD368D268C3F3DF
:1062A000062301FB03F3C2F3416201325200B3FB48
:1062B000F2F3D7E70549B1FBF2F1EDE70649B1FB8F
:1062C000F2F1E9E700100240941301080024F40001
:1062D000DC1301080C01032080969800DFF834D00D
:1062E000FFF79AFF002103E00B4B5B58435004314A
:1062F0000A480B4B42189A42F6D30A4A02E000239E
:1063000042F8043B084B9A42F9D30AF077FAFAF7BD
:10631000E1FAFEE700000420101401080000032049
:1063200078020320780203205C590320FEE7000076
:10633000042010B500F0D4FCFFF778FF0020FFF731
:10634000CDFE10B10124204610BD0446FFF782FCAB
:10635000204610BD034A044B11681B780B441360A0
:10636000704700BF242C032010010320014B186844
:10637000704700BF242C0320002330B583B0019365
:10638000002800F09E80856D0446002D00F09C8062
:10639000226893689D0005D5936823F0204323F07D
:1063A0003F0393609368D80019D45C4B5C481B682A
:1063B00091689B09A0FB030321F010419B0921F088
:1063C0003F0101335B0041F0805191600193019BDB
:1063D0002BB1019B013B0193019B002BF9D19368E9
:1063E000D90064D40120A36D43F01003A365E36DCD
:1063F0000343E365936813F0040FA36D5DD1DB06DF
:106400005BD4A36D23F4817343F00203A365936807
:10641000DD0708D4434B9B6813F0010F424B9B6888
:1064200001D1D90763D5E568636B94F820102B433D
:10643000A568012943EA0503657E43EA453343EA3B
:1064400001434FD0A16A21B1E56A01F4707129437B
:106450000B43D568354929401943D16093681B0720
:1064600016D494F83030257ED1685B0043EA85333A
:10647000E56C21F4804121F006012B430B43D360EE
:1064800094F83830012B3AD0136923F001031361DB
:106490002369012B1ED0136B23F00F031363A36D2D
:1064A00023F0030343F00103A36503B030BD9368F9
:1064B000002013F0040FA36DA1D0A36D43F01003CF
:1064C000A365012003B030BDFFF7E6FBE56584F866
:1064D00054505DE7116BE36921F00F01013B0B4361
:1064E0001363DCE7616A013943EA4143AAE71049D3
:1064F00065688B6823F47C132B438B6093E71169E9
:10650000E36B256C6FF38A012B430B43616C0B43E8
:10651000A16C0B4343F001031361B9E70C010320A5
:10652000632D3E05008002420081024207C0F0FF59
:1065300000830242704700BF704700BF08B5806A01
:10654000FFF7FAFF08BD00BF704700BF836A10B5B0
:106550009A6D12F0500F9A6D1DD1196842F40072B5
:106560009A650A6812F0080FCA681BD012F4406FCF
:106570000DD1CA6894040AD49A6D22F480729A6587
:106580009A6DD10403D49A6D42F001029A651846BF
:10659000FFF7D0FF10BDD2060AD4BDE810401B6D36
:1065A000DB6B18479007E7D51846FFF7C3FFF1E705
:1065B0001846FFF7C9FF10BD806A08B5836D43F028
:1065C00040038365C36D43F00403C365FFF7BCFF5D
:1065D00008BD00BF0022F0B583B0019290F85420AE
:1065E000012A00F0F380034601201A6883F8540062
:1065F0009068400709D501209A6D42F020029A6503
:10660000002283F8542003B0F0BD1F24486802F133
:10661000300500F01F0C4FEA901E08680EF00C0EBB
:10662000C0F3846000FA0CF004FA0CFC55F80E403C
:1066300024EA0C0C40EA0C0045F80E00906810F0BB
:10664000040F906835D1070733D4072408688D6894
:10665000C0F30456B440C00DB5F1004F6FEA040416
:1066600000F0040000F0FC8002F11407B5403E5831
:1066700034402C433C50506920F0004050610E697A
:10668000D468042E086800F0B88002F1600757F85B
:1066900026C0BA4D00F0F8400CEA05050543C4F3E6
:1066A000C10448696400A040284340F0004047F816
:1066B00026009068C60701D50020A1E7CE680C68C7
:1066C000AF48D2F8B05006F01807F840C4F31207EC
:1066D000204025EA07052843C2F8B000A9488642B1
:1066E00026D0A9490C42E7D0A848A94986688D68F8
:1066F000ED076ED4A74DAD68EF073FF57CAFA64D13
:1067000006F0E077AC4200F05F81A44DAC4200F0AF
:106710007F81A34DAC42CFD17402CDD48A42CBD17C
:10672000826822F0E0723A4342F480028260C3E75A
:10673000002F51D094FAA4F0002800F0D080B0FAD5
:1067400080F0013000F01F00092840F2C88094FA60
:10675000A4F0002800F07281B0FA80F001308006C9
:1067600000F0F84094FAA4F5002D00F06C810126A9
:10677000B5FA85F5354405F01F0506FA05F52843F9
:1067800094FAA4F4002C00F05C81B4FA84F401348F
:1067900004F01F0404EB44041E3C240544F0007480
:1067A00007272043C50D8E6805F0040502F1140C7F
:1067B0005CF80540C0F30450864007FA00F024EA74
:1067C000000030434CF805000C688AE7022003B053
:1067D000F0BD704A92680EE70120A40E013404F067
:1067E0001F06A40604F0F845B040092E06EB460447
:1067F00040EA0500D0D82405D2E7146E146EC0F329
:106800001205C4F38464002D34D1C0F38466B4420D
:1068100000F08B80546E556E02F16004C5F3846500
:1068200002F1640CB54200F09480A568A56804F1FB
:106830000807C5F38465C0F38466AE4200F0B280F9
:10684000E568E56804F10C06C5F38464C0F3846070
:10685000A0427FF42EAF306820F00040306028E77F
:1068600002F1140635582C403450506940F0004075
:10687000506104E790FAA0F51DB1B5FA85F5AC4278
:1068800053D0546E556E02F16004C5F3846502F175
:10689000640C90FAA0F604F10807BE461EB1B6FAE1
:1068A00086F6AE4257D0A568A568C5F3846590FA10
:1068B000A0FC04F10C06B646BCF1000F03D0BCFAF4
:1068C0008CFCAC4570D0E568E468C4F3846490FA4D
:1068D000A0F000283FF4EDAEB0FA80F0B8E794FAEB
:1068E000A4F0002800F0A480B0FA80F00130800607
:1068F00000F0F84094FAA4F5002D00F097800126EE
:10690000B5FA85F5354405F01F0506FA05F5284367
:1069100094FAA4F4002C00F08E80B4FA84F40134CC
:1069200004F01F0404EB440465E71446106E02F102
:10693000640C20F0004044F8600F506E0868556EFB
:10694000C0F31206C5F38465002EA2D1C0F384669D
:1069500068E704F1080EDCF80000774620F00040FC
:10696000CCF80000A0680868A568C0F31206C5F35B
:106970008465002E3FF45FAF99E700BF00F0FF038E
:10698000FFFF070000007F400000088000830242F4
:106990000080024200810242000052C7000084CB06
:1069A0000100008004F10C0E3868764620F00040AB
:1069B0003860E0680868E468C0F31205C4F38464D2
:1069C000002D3FF443AF82E736023FF575AE8A42B1
:1069D0007FF472AE82681D4922F0E0723A4342F4BD
:1069E000000282600A681A499209A1FB0212920908
:1069F000013202EB420292000192019A002A3FF416
:106A00005BAE019A013A0192019A002AF9D153E64C
:106A1000F5013FF551AE8A427FF44EAE826822F016
:106A2000E0723A4342F08072826045E602256EE7EA
:106A30004FF080605EE74FF44014B1E64FF08060A5
:106A400090E6044CACE6022599E600BF0C01032059
:106A5000632D3E05000050FE002370B582B0019307
:106A600003689A68D2072CD49968284A05461142CF
:106A70002AD19A68264922F0004222F03F0242F0D1
:106A800001029A608B681E0229D4FFF76FFC2B6805
:106A900006461A68D40714D41E4C9A68D00704D44A
:106AA0009A68224042F001029A60FFF75FFC821B65
:106AB000022A2B6802D91A68D10705D51A68D207AD
:106AC000EBD5002002B070BD0120AB6D43F0100388
:106AD000AB65EB6D43F00103EB6502B070BD0E4B8F
:106AE0000E4A1B689B09A2FB03239B09013303EB9E
:106AF00043039B000193019B002BC6D0019B013BEC
:106B00000193019B002BF9D1BFE700BF3F0000803C
:106B100000830242C0FFFF7F0C010320632D3E056E
:106B20002DE9F041364B05689B68AD6815F004050A
:106B300016D1164690F854200446012A10D040F28F
:106B4000212C03F01F0801232CFA08FC1CEA030C7B
:106B500080F8543007D180F854C00120BDE8F0819E
:106B60000220BDE8F0810F46FFF776FF002840D1F4
:106B7000A36D216823F4706323F0010343F4807351
:106B8000A365204B994237D0A36D23F48013A365EE
:106B9000A36D002513F4805318BFE36D206D18BF5B
:106BA00023F00603E36533461C263A46164F403170
:106BB000C762164F0763164FC76341F8406C84F8ED
:106BC000545051F83C5C45F0100541F83C5C51F8DC
:106BD000345C45F0010541F8345C00F017FA226896
:106BE000936823F0004323F03F0343F004039360D2
:106BF000B7E784F85450B0E7B8F1000FC8D1C3E745
:106C000000830242008102424D6500083D65000894
:106C1000B965000890F85420012A46D003460022A6
:106C20000120F0B42B4D1C689AB0AC42169283F848
:106C30005400179208D0996D83F8542041F0200138
:106C400099651AB0F0BC7047234A906840070BD58D
:106C5000A26801209A6D42F020029A65002283F812
:106C600054201AB0F0BC7047A0684507F1D40D68F5
:106C7000EDB11A4E4F68B06893F830C020F4604010
:106C8000384340EA4C30B060A0689268C0070AD42C
:106C9000D70708D4B268896822F471620D4322F0E4
:106CA0000F021543B5600020D8E7022070470B485B
:106CB000816821F460418160A1689268CD07F2D4B7
:106CC000D407F0D4826822F4716222F00F0282604D
:106CD000E9E700BF008002420081024200830242D5
:106CE0004FF6FF0C06490302CA6803F4E06302EAA8
:106CF0000C02134343F0BF6343F40033CB6070478F
:106D000000ED00E01A4B00B5DB68C3F30223C3F1CA
:106D1000070EBEF1030F03F1030C28BF4FF0030E63
:106D2000BCF1060F1BD9A3F1040C4FF0FF3303FA9B
:106D30000CF322EA03024FF0FF3303FA0EF321EAC9
:106D4000030303FA0CF313435B010028DBB209DBF6
:106D500000F1604000F5614080F8003300BD002282
:106D60009446E8E7034A00F00F000244137600BDA2
:106D700000ED00E0FCEC00E0002807DB012300F060
:106D80001F01034A40098B4042F82030704700BF82
:106D900000E100E000280CDB01220649430900F075
:106DA0001F002033824041F82320BFF34F8FBFF3F1
:106DB0006F8F704700E100E0BFF34F8F0549064B2E
:106DC000CA6802F4E0621343CB60BFF34F8F00BF89
:106DD000FDE700BF00ED00E00400FA05002836D012
:106DE00038B5437F044603F0FF0263B302222379E0
:106DF0006277F3B92368174A5A619A6822F0180239
:106E00009A6062798AB122691A6101219A6865697A
:106E100022F060022A439A609A68A56922F08002F3
:106E20002A439A606177002038BD4FF0FF321A6123
:106E3000EBE72046D4E9021200F00EF808B9236807
:106E4000DFE7012038BD0277FEF7A2FFCEE7012081
:106E5000704700BFB71DC104CB071AD51E2310B45D
:106E600001E0013B17D321FA03FC1CF0010FF8D01D
:106E7000182A11D8DFE802F01610101010101010A8
:106E800024101010101010102110101010101010DD
:106E90001400012070472AB101205DF8044B7047AF
:106EA000062BF9D8046800206161A36823F0180359
:106EB0001343A3605DF8044B7047072BF2D9EBE74F
:106EC0000F2BEFD9E8E700BF11490368C26C8B4272
:106ED00088BF104922F0030294BF02F18041891853
:106EE0004FF0010210B4DBB20B4CA3F10803A4FB7A
:106EF00003430A4CC3F3041398BF01F5023102FAAD
:106F000003F3C0E9141483655DF8044B704700BFB8
:106F10000704024020080240CDCCCCCC80080240BF
:106F200000285ED00268304B70B59A42044646D9BC
:106F30002E4B2F491344A1FB03132E481B099B0022
:106F40000221C4E91203D4E9025320692B4303430D
:106F5000606984F825100343A06911680343E06960
:106F60006FF310110343206A03430B432046136061
:106F7000FFF7AAFFD4E91461B5F5804FA06D27D0C3
:106F80006368DAB2013B032B3260486024D80121E8
:106F90000020194B194D1344013A01FA02F2184925
:106FA0009B00E3656266256618604A64002301223F
:106FB000636484F8243084F82520184670BD114B92
:106FC0000B491344A1FB03131B090F489B00B7E7B0
:106FD00000236360336048600023C4E917336366AD
:106FE000E4E70120704700BF07040240F8FBFDBF43
:106FF000CDCCCCCC000402403F82001040090240BE
:1070000000090240F8FFFDBF00000240F0B590F813
:107010002440012C0AD04FF0010C90F8254080F854
:1070200024C0644504D0002380F824300220F0BD41
:107030000026D0E9157C4FF0020E046880F825E0A8
:1070400046642668C56D26F001062660C7F804C0B0
:1070500015B1D0E9186777600126C76C07F01C0CE2
:10706000876C06FA0CF67E6063608368102B036BF6
:107070000BBFA260A160E160E260B3B1236843F09E
:107080000E032360036D1A68D20303D51A6842F415
:1070900080721A601DB12B6843F480732B602368E3
:1070A000002043F001032360F0BD236823F00403B4
:1070B0002360236843F00A032360E3E790F8252068
:1070C0000346022A06D004225A640022012083F8D3
:1070D00024207047026870B4046D1068D96C20F0E9
:1070E0000E00106020689E6C20F480702060106894
:1070F00001F01C0120F0010010600122D3E91545C8
:10710000D86D8A407260656030B1D3E918140268A6
:1071100022F4807202604C60012283F82520002254
:1071200083F82420002070BC704700BF90F8252011
:107130000346022A03D0042201205A6470470268E1
:1071400070B5046D1068D96C20F00E0010601068E6
:107150009E6C20F0010010602268D86D22F48072CD
:1071600022600122D3E9154501F01C018A407260BA
:10717000656030B1D3E91814026822F480720260AD
:107180004C60012000211A6C83F8250083F824103C
:107190000AB118469047002070BD00BF0421F0B42A
:1071A000C26C866C02F01C0235680468914029426A
:1071B0000346276812D017F0040F0FD02268170477
:1071C00039D42268950603D4226822F00402226092
:1071D0001A6B716092B1F0BC1846104702219140C1
:1071E00029420DD0B8070BD5226812F4004F22684F
:1071F00029D0D4033CD45A6B002AECD1F0BC7047A0
:10720000082191402942F9D03907F7D5216800209B
:1072100021F00E0121600121DC6B01FA02F27260A3
:10722000596483F8240083F82510002CE6D0184612
:107230002346F0BC184771602268D60314D4036B50
:10724000002BF6D1DAE7900606D4226822F00A0273
:107250002260012283F825200020DA6A716083F819
:107260002400002AB7D1C9E7836B002BE1D1C5E721
:10727000DA6A002AAFD1C1E790F82500704700BF55
:1072800060B10368C8061A6805D5C9024CBF42F44C
:10729000801222F4801200201A607047012070478B
:1072A000002800F0D78038B590F85C30044603F031
:1072B000FF02002B70D02268936923F010039361C2
:1072C000FFF754F8054604E0FFF750F8401B0A2882
:1072D00059D823689A691107F6D49A6942F00102D5
:1072E0009A61FFF743F8054604E0FFF73FF8401BBB
:1072F0000A2848D823689A69D207F6D59A6960683F
:10730000574942F002029A610860227C012A9A6978
:107310000CBF22F0400242F040029A61627C012AD6
:107320009A690CBF42F4804222F480429A61A27CA6
:10733000012A9A690CBF22F4805242F480529A6169
:107340009A69A06822F4407202439A619A69E168DE
:1073500022F0A4029A611A69012922F010021A612E
:107360001FD011B302299A6976D042F080029A6147
:107370001A69032942F010021A6116D19A6942F083
:1073800020029A6111E00322236E012043F00103E1
:10739000236684F85C2038BD80F85D20FEF710FD80
:1073A00089E79A6942F004029A61D4E90612013A27
:1073B0000139120242EA4162216AB0F5407F01F1CF
:1073C000FF3142EA0102616901F1FF3142EA014203
:1073D000DA610ED1D4E90B02A16A013A0138120137
:1073E000013942EA00220A43616A013942EA014254
:1073F000DA60D3F8C020E06B616B0243C3F8C020B1
:10740000D3F88020174822F4F81242EA014220649F
:10741000C3F88020D3F88020A16B134D22F0706256
:1074200042EA01626564C3F88020104B1049403580
:10743000C4E91253F033C4E914134FF45472002119
:1074400009F076F900230122236684F85C201846AF
:10745000A36538BD0120704742F020029A61A4E77D
:1074600000A5004000AC004070AC004088AD00407A
:1074700060AE004090F85C200346013A012A05D92D
:107480001A6E012042F002021A6670478A6870B4D0
:10749000D1E9035448699207D1E9006156B942EA3B
:1074A000C56202431B6C42EA0442002070BC43F8F0
:1074B000212070475B6C44EA457443F83140104327
:1074C00003EBC103586070BC00207047844690F8FD
:1074D0005C00012807D0DCF86030012043F0040391
:1074E000CCF86030704710B40198DCF8004040EAF6
:1074F0004303D4F8800043EA820242EA011120F0FB
:107500003F030B430020C4F880305DF8044B704704
:1075100090F85C200346012A05D01A6E012042F043
:1075200004021A6670470222002110B4046880F831
:107530005C20A269084622F00102A2615DF8044BBA
:107540001966704790F85C300146022B17D102682B
:10755000936943F0010393619369DB0758BF0B23E1
:1075600013D49069C00710D4013BFAD103220B6EEB
:10757000012043F001030B6681F85C207047036E25
:1075800043F00803036601207047936923F010035A
:10759000936193691B0748BF0B2305D590690007CA
:1075A00002D5013BFAD1E1E74FF0010C10B4002401
:1075B0009369204643F00203936181F85CC08C65B7
:1075C0005DF8044B704700BF88B110B50446FFF763
:1075D000B9FF22682046D36D23F00303D365FEF77D
:1075E00051FC0023236684F85C30184610BD01204E
:1075F000704700BFF0B590F85C308646022B0BD187
:107600000568D5F8C43013F4001C0BD0036E43F4A6
:10761000007303660120F0BD036E43F008030366A8
:107620000120F0BDD5F8C4604B680C6988680F680C
:10763000C6F30146002B37D1044344EA8744D1E91D
:1076400006030343486906EBC6070343086A43EA97
:107650000063C86843EA0043DEF8540040F837404E
:1076600000EBC7004360134CCB68E35CA3B1937895
:10767000D7781B0443EA0763177804323B4312F8B8
:10768000037C43EA07230CEB0007BB60CB680CF1DB
:10769000040CE35C9C45EAD30123B340C5F8CC302D
:1076A0000020CEF85830F0BD3C43044344F0804401
:1076B000C5E700BFEC1301082DE9F04190F85C40EC
:1076C000022C64D1402905686DD0D5F89840270771
:1076D00064D0D5F89870D5F89840C7F30128E60132
:1076E00007D5D5F88040E40544BF08F1010707F04D
:1076F0000308C46C08EBC80604EBC604266806F051
:1077000080465660D4F800C0002E66D1CCF38A467D
:107710001660266806F000569660266806F0004659
:107720001661A688D661B4F806C00CF00F0CC2F83A
:107730000CC0666806F480165661666806F400168A
:107740009661E67906F07F061662274E676816F89E
:107750000CE04FEAD77CC2F824C0BEF1000F10D075
:10776000013B04F1070EF4461EF8015FACF1060C74
:1077700003F8015FD568ACEB040C755D6545F2D884
:10778000056840292CD0C5F89C80002004E0036ED9
:1077900043F0080303660120BDE8F081036E43F463
:1077A00080730366F7E7D5F890402707F6D0D5F841
:1077B0009070D5F89040C7F30128E60107D5D5F8B9
:1077C0008040A40544BF08F1010707F00308846C5A
:1077D00008EBC80604EBC60490E72CF0604697E778
:1077E000C5F89480D1E700BFEC13010803461B687D
:1077F00030B45B6C002003F00704C3F30222C1E93C
:107800000042C3F34014C3F38012C1E90342C3F33F
:10781000C014C3F3C022C1E90542C3F30034C3F36B
:10782000403203F01805C1E90742C3F38032C3F3C5
:1078300006438D60C1E9092330BC7047034630B46C
:107840001B6800201B6CDCB2C3F3C035C3F30622F7
:10785000C3F30743C1E900428D60CB6030BC704781
:107860000368D3F8C40000F007007047034690F89F
:107870005C000138012805D91A6E012042F002028D
:107880001A6670471B6870B411F00705986D01F017
:10789000380420D0C6071ED4DD6D45F00105DD6536
:1078A0000CB384071FD5D86D40F00200D8650C06D4
:1078B00004D5D3F8DC001043C3F8DC00C80504D5B8
:1078C000D3F8E0000243C3F8E0205A6D002070BCFA
:1078D0000A435A65704704B386071ED4DE6D46F02E
:1078E0000106DE6525BB11F4E07F01D04607DAD43E
:1078F00011F4F05F01D00507D5D411F4604F01D029
:10790000C406D0D411F4403F01D08606CBD411F484
:107910007C0FCCD04506C6D4C9E711F4E07F0AD06D
:10792000460708D4DE6D46F00106DE65002DB7D0AF
:10793000C507B5D5B7E711F4F05F01D00607F1D55B
:1079400011F4604F01D0C606ECD511F4403F01D0D0
:107950008606E7D511F47C0FE8D04606E2D5002D67
:107960009ED0E5E7704700BF704700BF704700BF7B
:10797000704700BF704700BF704700BF704700BF2F
:107980002DE9F84F036804461A6D596D02EA010AA1
:107990001A6D596D0AF4E05A02EA01091A6D596D1F
:1079A0001E6D02EA01085A6D1F6D16405A6DD3F81C
:1079B00054B01D6D1740690609F0070908F0380832
:1079C00006F4710607F4602702D51BF0400F73D14F
:1079D000EA0502D51BF4807F5DD1BAF1000F4AD1D0
:1079E000B9F1000F35D1B8F1000F3CD1AB0502D58C
:1079F0001BF4007F75D1280602D51BF0800F78D1CB
:107A0000A90402D51BF4005F5BD12A0402D51BF444
:107A1000004F5ED16B040AD51BF4804F07D04FF4A2
:107A2000804223681A65236E43F0800323664FB9B2
:107A300026B123681E65236E33432366236E2BBB5A
:107A4000BDE8F88F2368394620461F65FAF734FAF7
:107A5000EEE7236849462046C3F85090FAF77AF9D2
:107A6000B8F1000FC2D0236841462046C3F85080C9
:107A7000FFF77AFFBAE7236851462046C3F850A0C3
:107A8000FFF770FFB9F1000FADD0E2E72046FAF73B
:107A9000F7F9BDE8F88F4FF4807223682046D3F8D9
:107AA000D8C0D3F8E0101A650CEA0101FFF760FFB7
:107AB000BAF1000F94D0DEE740221A65FFF75EFFAF
:107AC00086E74FF40052236820461A65FFF752FFFD
:107AD0009BE74FF40042236820461A65FFF74CFFEE
:107AE00098E74FF40072236820461A65FFF73EFFBF
:107AF00081E7802223682046D3F8D4C0D3F8DC1075
:107B00001A650CEA0101FAF79FF979E7006E7047F0
:107B1000064B9A6A002A01DB002070470449054A97
:107B200099609A60986AC00F704700BF00200240B9
:107B300023016745AB89EFCD044B9A6A42F00042BE
:107B40009A62986AC043C00F704700BF002002408D
:107B5000064B986A10F0804006D00549054A196125
:107B60001A61986AC0F38070704700BF002002401D
:107B70003B2A19087F6E5D4C054B9A6A42F08042A1
:107B80009A62986A80F08040C0F38070704700BFAE
:107B900000200240034A0120936A43F0006393628D
:107BA000704700BF0020024070B5164C0546FEF736
:107BB000DDFB236ADE0306D56A1C18BF064612D118
:107BC000236AD803FCD442F2FA010E4A136A0B402E
:107BD00010D1136A0020DB0744BF0123136270BD7C
:107BE000236AD903EFD5FEF7C1FB801BA842F7D368
:107BF000032070BD044C0120616813621943616069
:107C000070BD00BF00200240180103202DE9F041A3
:107C10001A4C94F800C0BCF1010F2CD098460123F7
:107C20002370002307464FF47A700D4616466360B2
:107C3000FFF7BAFF18B100232370BDE8F081A760F9
:107C4000EFF3108272B60E4FBB6A43F00103BB62C2
:107C50002E60BFF36F8FC5F8048082F310884FF455
:107C60007A70FFF7A1FFA268BB6A22F0004223EA04
:107C70000203BB62DFE70220BDE8F08118010320A8
:107C8000002002400E4B1A6C510212D5C20703D5D8
:107C90009A6A42F004029A62830704D5084A936AFA
:107CA00043F400439362064A936A43F48033936239
:107CB00070479A6A42F4004242F004029A62F2E784
:107CC0000020024070B58E4D2B78012B20D0012270
:107CD000002304464FF47A702A706B60FFF764FF4C
:107CE00098B92068C10700F1C480820712D4430705
:107CF00019D4030700F1AF80824A4FF47A70936A77
:107D000043F400339362FFF74FFF00232B7070BDE5
:107D1000022070BD7B4A2169136C23F0FF030B43E3
:107D200013644307E5D5D4E9052612F0010316BF15
:107D30004FF4E061194606EA010312F0020F05D084
:107D400006F4805C41F4805143EA0C0312F0040F06
:107D500005D006F4005C41F4005143EA0C0312F034
:107D6000080F05D006F4804C41F4804143EA0C032F
:107D700012F0100F05D006F4803C41F4803143EA44
:107D80000C0312F0200F05D006F4003C41F4003142
:107D900043EA0C0312F0400F05D006F4802C41F4A6
:107DA000802143EA0C0312F0800F05D006F4002C6A
:107DB00041F4002143EA0C0312F4807F05D006F45D
:107DC000801C41F4801143EA0C0312F4007F05D0BB
:107DD00006F4001C41F4001143EA0C0312F4006F96
:107DE00005D006F0807C41F0807143EA0C0312F468
:107DF000805F05D006F0007C41F0007143EA0C037F
:107E000012F4005F05D006F0806C41F0806143EA17
:107E10000C0312F4804F05D006F0006C41F00061B5
:107E200043EA0C0312F4004F05D006F0805C41F0E9
:107E3000805143EA0C03D20304D506F000463343D5
:107E400041F000412F4E326C22EA010213433364A9
:107E500003077FF551AFD4E90732012B48D0022B3D
:107E60007FF44AAF27498B6C03F07F0313438B6485
:107E700042E76368D4E90212013B072B3FF635AFB6
:107E800001A656F823F000BFDF7E0008CD7E000873
:107E9000EB7C0008BB7E0008EB7C0008EB7C000854
:107EA000EB7C0008A97E0008164EF36E23F07F13CA
:107EB0000B4343EA0243F36617E7124EB36E23F017
:107EC0007F130B4343EA0243B3660EE70D4EF36D97
:107ED00023F07F130B4343EA0243F36505E7094EA2
:107EE000B36D23F07F130B4343EA0243B365FCE613
:107EF00004494B6C03F07F0313434B64FCE600BF63
:107F00001801032000200240062243680260082B6B
:107F100004D84FF48B72DA40D20717D4334B1B6C62
:107F2000DBB2AA2B05D0552B03D0CC2B0CBFCC2316
:107F3000BB232E49C26903610B6C02F1FF3C23F0A5
:107F4000FF03BCF1010F836118D970470722013B81
:107F50000260072BE2D801A252F823F0CF7F00087D
:107F6000BB7F00081D7F0008A77F00081D7F000859
:107F70001D7F00081D7F0008937F00080368012A09
:107F800043F0080303602CD08B6C23F07F03036263
:107F90007047164AD36E03F07F038360D36EC3F33A
:107FA0000643C360BAE7114A936E03F07F03836010
:107FB000936EC3F30643C360B0E70C4AD36D03F07E
:107FC0007F038360D36DC3F30643C360A6E7074A0C
:107FD000936D03F07F038360936DC3F30643C36027
:107FE0009CE74B6C23F07F03036270470020024044
:107FF0000F4B1A6C12F4800F9A6A01D0C90712D580
:1080000022F400629A620A4A936A23F47E7323F090
:10801000020343EAC00343F002039362936A43F40A
:1080200080339362704742F400629A62EBE700BFCC
:10803000002002402DE9F041274E3378012B3DD03E
:108040000122002304464FF47A7088463270736030
:10805000FFF7AAFD074660BB48F204022368B3603D
:1080600023F0004393422DD04FF0FF33C8F8003087
:10807000D4E902532B449D4206D312E00135D4E9E2
:1080800002321344AB420CD928466168FFF7B0FFB7
:108090004FF47A70FFF788FD0028EFD00746C8F844
:1080A00000500E49B2688B6A22F0004223EA0203B4
:1080B0008B62002333703846BDE8F08102273846D2
:1080C000BDE8F0816068FFF7DDFD4FF47A70FFF7DF
:1080D0006BFD0746E5E700BF1801032000200240C2
:1080E0002DE9F04F0C6883B0002C00F09080002345
:1080F0008946774F012202FA03F515EA040800F0D9
:1081000081800326D9F8041003FA02F201F0030E6D
:108110000EF1FF3A06FA02FCBAF1010F6FEA0C0CFD
:10812000D9F8086076D9BEF1030F01D1012E05D030
:10813000C568964005EA0C052E43C66005680EFA30
:1081400002F205EA0C052A4311F4403F026059D0BF
:108150004FF00F0C23F0030202F1804202F53D3292
:1081600003F00306156EF6000CFA06FC25EA0C0E69
:10817000584DA84222D005F58065A84200F08C80B9
:10818000554DA84200F08F80DFF850C160457CD08B
:10819000DFF84CC1604500F08D80DFF848C16045D4
:1081A00000F08F80DFF840C160450CBF4FF0060C37
:1081B0004FF0070C0CFA06F64EEA060E6FEA0805B9
:1081C000C2F860E03A68CE0254BF2A4048EA020290
:1081D0003A607A688E0254BF2A4048EA02027A6006
:1081E000D7F884208E0354BF2A4048EA0202C7F819
:1081F0008420D7F88020C90354BF2A4048EA0202ED
:10820000C7F88020013334FA03F27FF473AF03B070
:10821000BDE8F08F9640D0F808B00196D9F80C6010
:108220000BEA0C0B06FA02FA4AEA0B0AC0F808A09D
:10823000D0F804A0019E2AEA050AC1F300159D406A
:1082400045EA0A054560C568BEF1020F05EA0C055E
:1082500046EA0506C6607FF471AFD9F8105003F006
:108260000706B600B54001950F254FEAD30A00EB8B
:108270008A0ADAF820B005FA06F6019D2BEA060B09
:1082800045EA0B05CAF8205058E74FF0030C0CFAEA
:1082900006F64EEA060E91E74FF0010C0CFA06F6D0
:1082A0004EEA060E8AE74FF0020C0CFA06F64EEA8A
:1082B000060E83E74FF0040C0CFA06F64EEA060EA3
:1082C0007CE74FF0050C0CFA06F64EEA060E75E751
:1082D00000F402400000024200080242000C024288
:1082E000001002420014024200180242002900F06D
:1082F00095802DE9F04F00234FF00F094FF0030A4E
:10830000474E01229A4012EA010E69D023F003057C
:1083100005F18045434F05F53D3503F00304D5F8DD
:1083200060C0E40009FA04F8B84208EA0C0C1BD05B
:1083300007F58067B84259D03B4FB8425AD03B4FFF
:10834000B84261D03A4FB84263D0DFF8E8B0584540
:1083500055D0DFF8E4B058450CBF4FF0060B4FF096
:10836000070B0BFA04F400E00024A44517D1D6F85B
:10837000804024EA0E04C6F88040D6F8844024EAFF
:108380000E04C6F88440746824EA0E0474603468ED
:1083900024EA0E0434602C6E24EA08042C66046877
:1083A0005D000AFA05F52C434FEAD30C046000EB9C
:1083B0008C0C03F00704DCF820E0A40009FA04F4B4
:1083C0002EEA0404CCF82040846824EA0504846082
:1083D000446824EA02024260C26822EA0502C260DE
:1083E000013331FA03F28CD1BDE8F08F012707FA8F
:1083F00004F4BAE74FF0020B0BFA04F4B5E74FF0C0
:10840000050B0BFA04F4B0E74FF0030B0BFA04F47E
:10841000ABE74FF0040B0BFA04F4A6E7704700BF7C
:1084200000F402400000024200080242000C024236
:108430000010024200140242001802420AB1816197
:1084400070478162704700BF0268436B9169126890
:1084500003B11847704700BF704700BF704700BFA7
:108460000022016810B50B6880F842205A040CD530
:108470000B6823F480430B6090F84130292B0ED019
:1084800090F841302A2B24D010BD1B04F4D50B6882
:1084900023F400430B6090F84130292BF0D14FF0CA
:1084A000280C212380F841C0036390F8413000225A
:1084B00003EA0C03634514BF6FF0F20C6FF0420C3B
:1084C0000B6803EA0C030B6080F84020FFF7C4FF41
:1084D00010BD2824222380F84140036390F84130E6
:1084E00000222340A34214BF6FF0F4036FF0440353
:1084F0000C6823400B6080F84020FFF7AFFF10BDF1
:10850000704700BF70B50468C368A169A269022BF7
:108510004FEA1242A5688446E668C1F3004102F0C2
:10852000FE020FD182EAD51313F00603C5F3090248
:1085300006D1856C01358564856C022D0CD070BD2B
:1085400006F0FE020025236823F0B80323608CF8B0
:108550004050FFF7D5FF70BD08258364E56180F8C2
:108560004030FFF7CDFF70BD704700BF00232022D1
:1085700010B5174C4363C462036380F8412080F850
:1085800042304B0712D50268436A526A1A70436A36
:10859000028D013343624AB1438D013A013B9BB2E4
:1085A0004385436C028543F0040343641024002197
:1085B000036890F8412090F841201A6822F0FE02EA
:1085C0001A60DC6180F84010FFF7CEFF10BD00BFDD
:1085D0000000FFFF704700BF704700BF806A08B50A
:1085E000836B0BB100221A64C36B0BB100221A64B7
:1085F00090F84130602B4FF0000305D0036380F802
:108600004030FFF7E7FF08BD202280F8403080F8B7
:1086100041200363FFF7E0FF08BD00BF70B50025F0
:10862000554B90F8412080F84250C3624585436C19
:10863000283A0B43022A43640446036833D890F86F
:10864000411090F8412001F02801282908BF462157
:1086500002F0280218BFF621282A0CBFC9436FF088
:10866000F60128201A680A4044491A6084F841003B
:10867000A06B226B616318B1112A3ED0212A3CD035
:10868000E06B18B1122A4ED0222A4CD094F8413017
:10869000602B4FF0000365D02046236384F8403000
:1086A000FFF798FF70BD90F8412090F841201A68BC
:1086B00022F0FE021A609A69920748BF9D629A6989
:1086C000D60703D49A6942F001029A6194F84120D6
:1086D000602A10D0202284F841209A6995060AD594
:1086E0009A69D00605D51022DA61626C42F0040264
:1086F00062642022DA610021BAE71A6851042CD49E
:10870000FEF7BAFD0128C1D00023A06B1C4A026409
:1087100084F84030FEF70AFD0028C3D0A06BBDE806
:108720007040036C18471A68120403D51A6822F4C3
:1087300000421A60FEF7A0FD0128A7D00023E06BDD
:108740000F4A026484F84030FEF7F0FC0028A9D0FC
:10875000E06BBDE87040036C18471A6822F4804251
:108760001A60CDE72022204684F8412084F840306A
:108770002363FFF731FF70BD0000FFFFE5890008AC
:10878000DD850008036810B49A69196812F4807FC7
:1087900002F4806408D0090626D4416C11F00B0F56
:1087A00019D15DF8044B7047CCB10906F5D54FF4EB
:1087B0008064416C920541F008014164DC61ECD5B4
:1087C0004FF40071426C42F002024264D961416C84
:1087D00011F00B0FE5D05DF8044BFFF71FBF9405B8
:1087E000DBD50A06ECD4D8E7416C41F001014164C5
:1087F0004FF48071D961002CD9D19405CDD5DFE734
:1088000070B50446202603680D461968C06A94F8BE
:108810004120DE61213A092A0ED8DFE802F077050F
:108820000D0D0D0D0DAA7705222694F841201A682A
:1088300022F0FC021A6026635A68684E42F4004235
:108840005A605A6832405A609A69920744BF0022BF
:108850009A629A69D60703D49A6942F001029A6132
:108860004A043BD51A6822F480421A60A26B1AB1FE
:108870001268526892B262856A070AD55A6A636AB8
:1088800025F004051A70636A01336362238D002B9F
:1088900068D1638D9BB21BB1636C43F004036364C6
:1088A000EB0601D5CE063AD4002384F84230666C3C
:1088B0006363002E68D1E36A494DAB4218D194F846
:1088C00041302046222B4FF0200384F8406084F88A
:1088D0004130266376D0FFF7BFFD70BD0E04CBD5C7
:1088E0001A6822F400421A60E26B002AC0D1C3E782
:1088F0002046FFF7B5FD2023E562204684F841308D
:1089000084F840602663FFF72FFE70BD212694F89F
:1089100041201A6822F0FA021A6026638CE7638D00
:108920009BB2002B3ED194F84130282B4DD094F8C7
:1089300041202368292A4FF01002DA61B4D110F5E2
:10894000803FB1D09A69910744BF00229A629A6928
:10895000D20703D49A6942F001029A612046FFF7D8
:108960007FFDA1E7013B2385638D013B9BB26385BE
:108970008FE7002694F8412094F841201A6822F0ED
:10898000FE021A60266357E72046616CFFF746FE39
:1089900094F84130282BA0D129462046BDE87040EC
:1089A000FFF7E4BD10222368DA61636C43F004032F
:1089B000636430F080737FF477AF2046616CFFF71B
:1089C0002DFE71E7FFF74AFD70BDB0F1007FAED11B
:1089D00029462046FFF7CAFD66E700BF00E800FE13
:1089E0000000FFFF38B590F840C0C56ABCF1010F28
:1089F00070D04FF0010C11F0200F04460B4680F8A8
:108A000040C002D012F0200F53D1D80617D5D1069E
:108A100015D5628D92B2002A5ED194F84120282AA1
:108A200000F0818094F841202368292A4FF0100239
:108A3000DA6164D00023184684F8403038BD590705
:108A400019D4190701D510073AD49907F2D593071D
:108A5000F0D5638D9BB2002B4DD0616A236811F86D
:108A6000010B228D9862638D013A013B9BB26162DA
:108A700063852285DEE75007E3D5638D9BB26BB13A
:108A80002268636A526A1A70638D616A228D013BA3
:108A90000131013A9BB2616222856385638D9BB28D
:108AA000002BC7D115F5803FC4D02046FFF7D8FC76
:108AB000C0E7FFF7A5FE0023184684F84030BDE765
:108AC00094F8413003F02803282B28D0082223688B
:108AD000DA61AFE7022038BD10222368DA61636CE7
:108AE00043F00403636435F08073A3D12046616CC6
:108AF000FFF794FD9EE735F080739BD1D5E715F520
:108B0000803F97D09A69950744BF00229A629A697C
:108B1000D007CAD49A6942F001029A61C5E720469B
:108B2000FFF7F0FC86E7B5F1007F7FF47BAF1946D5
:108B30002046FFF71BFD7DE708490B6813F0010392
:108B40000AD1024610B40C68184624F004031343FB
:108B50005DF8044B0B607047012070470004034030
:108B6000034A0020136843F001031360704700BFFD
:108B700000040340002844D070B590F891320646B6
:108B800003F0FF02C3B30323306886F8913202F08A
:108B9000B7FF3579FDB100213346324601200C463E
:108BA00011740131A942C2E908445074D47442F8E6
:108BB000284FF5D100210A4683F850110131A9420E
:108BC000C3E9582283F8512183F85321C3F868215F
:108BD00003F12803F0D1334653F8040B93E8060061
:108BE00002F098FF01220021B37A3173934286F894
:108BF000912208D0002070BD80F89022FDF700FA85
:108C0000C1E701207047304600F0B4FE002070BD7F
:108C10002DE9F84F0546006803F0F0FB10F400441E
:108C20002BD1430500F17C8247041BD410F4005182
:108C300040F09382C60400F1BD81040500F19284E6
:108C4000010600F16484820500F1CE84C30512D5CB
:108C50002A68B2F8443023F480731B041B0CA2F87A
:108C6000443008E02A68B2F8443023F480431B04FF
:108C70001B0CA2F84430BDE8F88F2868B0F84430E7
:108C80001904F8D5B0F84440A1B214F00F0436D15D
:108C900011F0100100F0E180018811F400648BB242
:108CA00000F0AA8095F85021B0F8503000EBC202D5
:108CB00012FA83F3B3F80634C3F30903082BC5F89B
:108CC0006C3140F06B84B5F8562105F5267103F040
:108CD000A9FB40F68F732A68284611880B4043F0A1
:108CE0008003138007F054FC2868B0F8443019045E
:108CF000C1D5B0F84440A1B214F00F04C8D030F888
:108D00002430A7001FFA83F81B0439D418F0800F11
:108D1000B4D030F824309BB223F4E14323F0700345
:108D200043F4004320F824303B1905EBC302D17C07
:108D3000DB00012900F0EB80117C18F48079D2F877
:108D400028E04FEAC10C40F05881B0F850401CFABE
:108D500084F40444B4F80244C4F30904744580F074
:108D60000381AEEB040110339162E918536A234486
:108D70005362D36A2344D36203F012F928687DE773
:108D800040F68F7330F824203919134043F08003E4
:108D900020F8243005EBC10191F85C3191F85021A5
:108DA000002B40F08580B0F85030D20012FA83F3E7
:108DB0000344B3F80694C9F30909B9F1000F40F070
:108DC000E481391905EBC103D3F86C21C9004A4489
:108DD000C3F86C21D3F8682122B1D3F860214A4549
:108DE00040F2C6813B1905EBC303284693F85011A6
:108DF00007F0E0FB286889E71A047FF53FAF40F6EB
:108E00008F730288134043F08003038095F850214C
:108E1000B0F8503000EBC20212FA83F3B3F8063414
:108E2000C3F30903C5F86C31002B00F0B480D5F80A
:108E3000641100293FF422AFB5F8562103F0F2FA8D
:108E4000D5F86431D5F86C21284613442146C5F87D
:108E5000643107F0AFFB286810E703889BB223F466
:108E6000E14323F0700343F4004303802A7CB0F80D
:108E7000503000EBC20212FA83F3B3F802346A6A8C
:108E8000C3F309031A442846EB626A6207F09CFBAD
:108E90002B7B2868002B3FF4F1AEAB6A002B7FF4EC
:108EA000EDAE2A7B42F08002A0F84C202B73E5E661
:108EB00091F85331022B00F0508230F822309BB2EF
:108EC00023F4E04323F0700343F4004343F0C00372
:108ED00020F8223091F8503130F82320DB0012F4D2
:108EE000804FB0F8502013FA82F3034443D0B3F814
:108EF0000294C9F30909B9F1000F3FF462AFB1F868
:108F000058214B46D1F8641103F08CFA59E700213F
:108F1000631C03EB830345F83310137FDBB118F0B8
:108F20004008537C00F00A82002B40F05F82117CE5
:108F3000B0F8503000F2024010FA83F333F83120D9
:108F4000C2F3090223F8312033F8312092B242F4FF
:108F5000004223F83120274405EBC7072846397C17
:108F600007F032FB286889E62846C2F8289007F007
:108F70002BFB286882E6B3F80694C9F30909B9F116
:108F8000000F3FF41EAFB1F85A214B46D1F86411DF
:108F900003F048FA15E7038823F4804323F07003B5
:108FA0001B041B0C83F4405343F4004343F0800341
:108FB000038063E62A68B2F8403023F004031B0400
:108FC0001B0CA2F84030B2F8403023F008031B0419
:108FD0001B0CA2F8403095F8C832012B00F0128328
:108FE000284607F021FB2A68B2F8443023F4805366
:108FF0001B041B0CA2F844303DE608F4804918F02D
:109000004008B0F8503000F0C88000F2024818FA6A
:1090100083F333F83130C3F3090373454AD34FF078
:10902000000C537CC2F828C0002B40F0F882B0F846
:10903000503018FA83F333F83120C2F3090223F8D1
:10904000312033F8312092B242F4004223F831202B
:10905000B0F8503000F2064212FA83F333F83120B0
:10906000C2F3090223F8312033F8312092B242F4DE
:10907000004223F831203B1905EBC303DB7C022BB4
:109080000FD130F8213023F4E04323F040031B04D8
:109090001B0C83F0200343F4004343F0800320F8CB
:1090A0002130284607F090FA2868B9F1000F3FF404
:1090B000E5ADCBE0AEEB030EC2F828E0B9F1000F4E
:1090C0000FD030F821E02EF4E04E2EF0700E4FEA73
:1090D0000E4E4FEA1E4E4EF4404E4EF0800E20F8DB
:1090E00021E007EB040E05EBCE0E9EF83490B9F1AB
:1090F000010F00F0CB81274405EBC7073A7C30F81D
:10910000223023F4E04323F040031B041B0C83F0C4
:10911000300343F4004343F0800320F82230ADE5F0
:109120002A682846B2F8443023F480631B041B0CE1
:10913000A2F8443007F056FA95F89032012B3FF42C
:109140009AAD0123214628682C7385F8903203F0EC
:109150004FF985F89042BDE8F88F2A68B2F844309C
:1091600023F400531B041B0CA2F84430BDE8F88F15
:10917000D3F8642101F5A8714A4428682944C3F84A
:10918000642102F00DFF2868C0E5B1F856214B4676
:10919000D1F8641103F046F913E600F2064A1AFA10
:1091A00083F333F83130C3F30903734561D9C2F84F
:1091B00028803B1905EBC3035B7C002B40F0418208
:1091C000B0F8502000F2024313FA82F232F8313044
:1091D000C3F3090322F8313032F831306FEA4343E8
:1091E0006FEA53439BB222F83130B0F850201AFA9C
:1091F00082F232F83130C3F3090322F8313032F809
:1092000031306FEA43436FEA53439BB222F8313067
:109210003B1905EBC303DB7C022B0FD130F8213067
:1092200023F4E04323F040031B041B0C83F02003D2
:1092300043F4004343F0800320F82130284607F030
:10924000C3F92868B9F1000F7FF418AD3B1905EB9D
:10925000C3031A7C30F8223023F4E04323F0700378
:109260001B041B0C43F4404343F0800320F82230DE
:1092700004E5AEEB030EC2F828E0BEF1000F98D073
:10928000B9F1000F0FD130F821E02EF4E04E2EF0AE
:10929000700E4FEA0E4E4FEA1E4E4EF4404E4EF008
:1092A000800E20F821E007EB040E05EBCE0E9EF8B1
:1092B0003480B8F1010F7FF41EAFDEF8246006EBB6
:1092C0000308CEF82480D66A06EB0309C2F82C9076
:1092D000DEF83090DEF820209145C0F0D081A9EB77
:1092E0000203CEF8303093B207EB040E05EBCE0E3E
:1092F0009EF811B0BBF1000F40F0B681B0F850E01D
:109300001AFA8EFE3EF83190F444C9F309092EF89A
:109310003190002A40F0E4813EF831206FEA424269
:109320006FEA524292B22EF831203A1905EBC2028E
:109330004146528B03F066F82868DCE6002B62D0C9
:10934000012B7FF408AEB0F85030127C00F20640DA
:1093500010FA83F323F83280FDE5B0F850C04FEAED
:10936000C20919FA8CFC18F4804ED1F86831844493
:109370004FD0BCF802C4CCF3090C9C45E14600F286
:109380004781A3EB0C03C1F868317BB930F8221098
:1093900021F4804121F070010904090C81F400518D
:1093A00041F4004141F0800120F8221018F0400FF4
:1093B0000DD030F8223023F4E04323F070031B0477
:1093C0001B0C43F4004343F0C00320F82230BCF1EF
:1093D000000F3FF4F6AC391905EBC101B1F8582183
:1093E0006346D1F8641103F01DF8EAE4012B7FF421
:1093F000B2ADB0F85030127C00F2024010FA83F3A4
:1094000023F83210A7E5B0F85030117C00F2064086
:1094100092E5BCF806C4CCF3090C9C45E14600F289
:10942000FB80A3EB0C03C1F868317BB930F8221044
:1094300021F4804121F070010904090C81F40051EC
:1094400041F4004141F0800120F8221018F0400F53
:109450000DD130F8223023F4E04323F070031B04D5
:109460001B0C43F4004343F0C00320F82230BCF14E
:10947000000F3FF4A6AC391905EBC101B1F85A2130
:109480006346D1F8641102F0CDFF9AE4DEF824605F
:1094900006EB0309CEF82490D66A06EB030AC2F85D
:1094A0002CA0DEF830A0DEF820209245C0F0F98034
:1094B000AAEB0203CEF8303093B207EB040E05EBB3
:1094C000CE0E9EF811B0BBF1000F40F0DF80B0F877
:1094D00050E018FA8EFE3EF83180F444C8F30908D3
:1094E0002EF83180002A40F022813EF831206FEAC8
:1094F00042426FEA524292B22EF831203A1905EBFD
:10950000C2024946128B02F07DFF2868F3E52A6803
:10951000B2F8443023F080031B041B0CA2F8443043
:1095200095F8C832002B5AD10121B2F840302846B4
:109530009BB243F00403A2F84030B2F840309BB233
:1095400043F00803A2F8403085F8C812B2F854304E
:10955000C3F38D0303F03C03C5F8CC32BDE8F84FEC
:1095600000F022BA2A682846B2F840309BB243F095
:109570000803A2F84030B2F8443023F400631B041F
:109580001B0CA2F84430B2F840309BB243F0040305
:10959000A2F8403007F038F8FFF76DBB48F28001C1
:1095A00040F68F72038823F4804323F070031B047A
:1095B0001B0C83F480530B430380038823F4E043A4
:1095C00023F040031B041B0C83F01003194301809C
:1095D0000388134043F080030380FFF74CBB284609
:1095E00007F012F8FFF747BB2A682846B2F8443064
:1095F00023F400731B041B0CA2F8443006F0EEFFAA
:10960000FFF739BB284685F8C81200F0CDF9E7E42A
:109610000023C1F86831B9E6C1F868E106E7012B1B
:109620007FF429ADB0F8503000F2064218FA83F307
:1096300023F831C0B0F8503012FA83F323F831C068
:1096400019E5012B7FF4E4AD0022B0F8503000F2B0
:10965000024C1CFA83F323F83120B0F850301AFA88
:1096600083F323F83120D3E5BBF1010F7FF45DAE26
:10967000B0F850201AFA82F222F8313055E6B9F1EA
:10968000000F15D11A468EF834902DE6BBF1010F6C
:109690007FF434AFB0F8502018FA82F222F831305B
:1096A0002CE7BAF1000F2AD11A468EF834A004E74D
:1096B00000229EF811B01FFA89F3CEF830208EF800
:1096C0003420BBF1000FCFD1B0F850E04A461AFA6F
:1096D0008EFE3EF83190F444C9F309092EF831901A
:1096E0003E2A33D8BCF8001002F0010E89B20EEB0E
:1096F000520241EA822292B2ACF8002015E6002222
:109700009EF811B01FFA8AF38EF83420CEF830207C
:10971000BBF1000FBAD15246B0F850E018FA8EFEF5
:109720003EF83180F444C8F309082EF831803E2A0F
:109730001ED8BCF8001002F0010E89B20EEB5202E6
:1097400041EA822292B2ACF80020D7E65109D20653
:10975000BCF8002008BF01F1FF3192B242EA812239
:109760006FEA42426FEA524292B2ACF80020DCE566
:109770005109D606BCF8002008BF01F1FF3192B2B2
:1097800042EA81226FEA42426FEA524292B2ACF858
:109790000020B3E690F89022012A0DD010B50122E6
:1097A00004460068217384F8902202F021FE002311
:1097B00084F89032184610BD0220704701F0070C63
:1097C00010B5090604460CEB8C004FEAC00021D40A
:1097D0004FF0000E00F5A871204480F851E12144BB
:1097E000022BCB7008BF0023C2F30A0208BF0B7123
:1097F00081F800C00A6194F89032012B13D0012344
:10980000206884F8903202F09BF9002384F89032AB
:10981000184610BD4FF0010E00F11001204480F8F1
:1098200011E02144DCE7022010BD00BF10B5002488
:1098300001F0070101EB810E00EBCE0C8CF850110A
:109840008CF851410068CCF86421CCE95A340CF50D
:10985000A87102F0A5FB204610BD00BF01F0070172
:1098600038B501EB810E00EBCE0C01258CF8101001
:10987000002461468CF834508CF811500068CCF804
:109880002420CCE90B43CCF82830103102F088FBBF
:10989000204638BD10B50379044601F00700834225
:1098A0002ED30B061AD401EB8101C90001F5A87271
:1098B0006318A118002283F85121012308708B70CE
:1098C00094F890229A4219D084F89032206802F0DD
:1098D00019FD002384F89032184610BD012200EBD8
:1098E0008003DB0003F1100123445A740123214457
:1098F00008708B7094F890229A42E5D1022010BD36
:10990000012010BD38B5027901F00F039A422FD320
:1099100001F0070202EB8203090604464FEAC30383
:1099200017D403F5A871014403440025002083F8EF
:1099300051010A708D7094F89032012B16D00123DA
:10994000206884F8903202F005FD84F89052284691
:1099500038BD03F11001014403440025012058746F
:109960000A708D7094F89032012BE8D1022038BD36
:10997000012038BD0246002310B40124116882F88A
:10998000C8321846B1F85430C2F8D0429BB22343D3
:10999000A1F85430B1F854305DF8044B9BB243F059
:1099A0000203A1F854307047704700BF024B18689B
:1099B00000F4C060704700BF00700040174A136891
:1099C000116911F4104F25D0D168090422D403F491
:1099D000C06383421CD01368114923F4C06303435E
:1099E00013600B680F495B09A1FB03135169DB0985
:1099F00003EB8303480503F1010305D55169013BDE
:109A0000490501D5002BF9D1044B5B695B0503D4F3
:109A1000002070470120704703207047007000400D
:109A20000C010320C55A7C0A024A536843F4806340
:109A30005360704700700040024A936843F48043CB
:109A4000936070470070004030B51E4C0546A36D12
:109A500083B0DB0021D5FFF7A9FF30F4007315D0E8
:109A6000802D2AD82BD0A5F17003B3FA83F35B09BC
:109A700015490A6822F00F021A430A60086800F0CC
:109A80000F00C01A18BF012003B030BD802DEFD9E0
:109A9000A02D8CBF02230123EAE7A36D43F080537E
:109AA000A365A36D03F080530193019BFFF77EFF35
:109AB000A36D23F08053A365CFE70323D8E70223E8
:109AC000D6E700BF00100240002002402B4A9368F6
:109AD000D26813F00C0307D00C2B33D0042B39D0F1
:109AE000082B35D000207047244A1168090754BF5D
:109AF000D2F894201268224954BFC2F30322C2F361
:109B0000031251F82200002BEDD01C49CA68CB6823
:109B100002F00302C3F30313022A03F1010324D06A
:109B2000032A19D0B0FBF3F0CB68C3F3062303FB81
:109B300000F0124BDB68C3F3416301335B00B0FB01
:109B4000F3F0704702F00302012ACDD00020DCE7D9
:109B50000C4870470C4870470A4AC868B2FBF3F3D8
:109B6000C0F3062003FB00F0E3E7074AC868B2FB36
:109B7000F3F3C0F3062003FB00F0DAE70010024025
:109B800094130108809698000024F400002800F047
:109B9000DE809F4A2DE9F8431368814603F00F03E6
:109BA0008B420C460CD2136823F00F030B43136057
:109BB000136803F00F038B4202D00120BDE8F88345
:109BC000D9F80030980703F0010240F19A80914DD6
:109BD000D9F80800A96801F0F001884204D9A96801
:109BE00021F0F0010143A960002A4DD0D9F80450BA
:109BF000884B032D00F08D80022D1B6800F0A380A0
:109C0000002D40F0A6809E07D7D5FFF75FFF824B5F
:109C1000984205D97F4B9A6812F0F00F00F09F80B0
:109C20007C4FBB6823F003032B43BB60FCF79EFB18
:109C3000BB68D9F8042003F00C03B3EB820F06468F
:109C400018BF4FF0000819D041F28837714DFCF76A
:109C50008DFBD9F80430821BBA424FEA830304D942
:109C6000AA6802F00C029A4277D1AA6802F00C02AC
:109C70009A42ECD1B8F1000F40F08C80D9F8003056
:109C8000990707D5D9F8080062498A6802F0F002FE
:109C9000824252D85E490A6802F00F02A24209D9F4
:109CA0000A6822F00F0222430A600A6802F00F02DB
:109CB000A24282D15A0707D55649D9F80C008A68C2
:109CC00022F4E06202438A601B0708D5514AD9F8A2
:109CD0001010936823F4605343EAC1039360FFF7C5
:109CE000F5FE03464B4A4D4992684D48C2F30312B4
:109CF000895C4C4ACB4013600068BDE8F843FCF730
:109D0000EDB9002AC6D0D9F80450424B032D7FF498
:109D100073AF1A6891017FF550AFD968DA6801F026
:109D20000301C2F30312022902F1010238D0032910
:109D300065D0012954D0DB6872E78A6822F0F0020E
:109D400002438A60A6E79F033FF55FAF35E7012036
:109D5000704758057FF531AF57E703202EE79A6823
:109D600022F0F00242F080029A602A4FBB6823F092
:109D700003032B43BB60FCF7F9FABB68D9F8042056
:109D800003F00C03B3EB820F064618BF4FF08008B8
:109D90007FF45AAF1F4A936823F0F00393606DE796
:109DA0002149DB68B1FBF2F2C3F3062303FB02F2A5
:109DB00018491948CB68C3F3416301335B00B2FB18
:109DC000F3F383427FF62CAF8B6813F0F00F7FF430
:109DD00027AF8B6823F0F00343F080038B60C4E768
:109DE0001A68120754BFD3F894301B680F4A54BF47
:109DF000C3F30323C3F3031352F82320D8E70C491A
:109E0000DB68B1FBF2F2C3F3062303FB02F2CFE7F8
:109E1000002002400010024000B4C404DC1301081A
:109E2000140103200C0103200024F4009413010802
:109E300080969800002800F0B7832DE9F041174B79
:109E400002689D68DE68D1060446134682B005F0BC
:109E50000C0506F003063BD5002D00F06A810C2DA1
:109E600000F06481E3690D4FD3B13B6843F0010317
:109E70003B60FCF77BFA80463B689A0700F1CA8298
:109E8000FCF774FAA0EB08000228F5D93B689B07A1
:109E9000F2D4032002B0BDE8F08100BF0010024000
:109EA0003B6823F001033B60FCF760FA3B688046A7
:109EB00099070BD5FCF75AFAA0EB0800022802D943
:109EC0003B689A07E5D43B689B07F3D422681346A6
:109ED000D1072DD5082D00F095810C2D00F08F8134
:109EE0006368B3F5803F00F0B681B3F5A02F00F0B2
:109EF00005838B4F3A6822F480323A603A6822F444
:109F000080223A60002B40F0AB81FCF72FFA3B68CF
:109F100080469A030BD5FCF729FAA0EB08006428C9
:109F200002D93B689B03B4D43B689903F3D42368FC
:109F30009A0713D5042D40F03D81794B1B685B05D2
:109F400003D5E368002B00F05881754A21695368F6
:109F500023F0FE4343EA0163536023681A072BD5BD
:109F60006369002B00F05981A3696D4A002B40F012
:109F7000D681D2F8943023F01003C2F89430684DA3
:109F8000D5F8943043F00103C5F89430FCF7EEF9AE
:109F9000D5F8943006469B070DD4FCF7E7F9801BF3
:109FA000072804D9D5F894309F077FF572AFD5F80C
:109FB00094309907F1D523685D0765D5584B9A6DA4
:109FC000D00000F1288101259A6D42F080529A65F7
:109FD0009B6D03F080530193019B524E3368D9056A
:109FE00040F1D981A368DA0740F150815A0740F166
:109FF00026824B4BD3F8902042F00402C3F8902005
:10A00000D3F8902042F00102C3F89020FCF7AEF99B
:10A01000434F0646D7F890309B070FD441F288385B
:10A02000FCF7A4F9801B404504D9D7F890309A0773
:10A030007FF52FAFD7F890309B07F1D5A3681906AD
:10A0400040F10582364FD7F8903043F08003C7F8CF
:10A050009030D7F8903019050FD441F28838FCF7CA
:10A0600085F9801B404504D9D7F890301A057FF553
:10A0700010AFD7F890301B05F1D525B1284A936D64
:10A0800023F08053936523689A061FD5A36A244D55
:10A09000002B00F06381D5F8983043F00103C5F838
:10A0A0009830FCF763F9D5F8983006469B070DD435
:10A0B000FCF75CF9801B022804D9D5F898309F077B
:10A0C0007FF5E7AED5F898309907F1D5E36A23B369
:10A0D000134DAA6802F00C020C2A00F0D581022B65
:10A0E0002B6823F080732B6000F01582FCF73EF99B
:10A0F0002B68044699010BD5FCF738F9001B0228A0
:10A1000003D92B689A013FF5C4AE2B689B01F3D4A9
:10A11000034A054BD1680B40D3600020BAE600BF6C
:10A120000010024000700040FCFFEEFE012E7FF4A4
:10A1300099AEA64B1B689B075CD4A44B606A1A6857
:10A14000170756BFD3F894301B681B0903F0F003C0
:10A15000984200F243819D4B1A6842F008021A604F
:10A160001A6822F0F00202431A605A68216A22F447
:10A170007F4242EA01225A60002D00F0B981FFF7C8
:10A18000A5FC0346914A92499268C2F30312895C86
:10A19000904ACB401068904A1360FBF79FFF00285D
:10A1A0007FF478AE2368D9071A463FF596AE990733
:10A1B0007FF5D4AE0C2D00F02981E368834D002B90
:10A1C00000F0B4802B6843F480732B60FCF7CEF86A
:10A1D0002B6806465F053FF5B8AEFCF7C7F8801B55
:10A1E000022803D92B6859057FF553AE2B685A0511
:10A1F000F3D5AAE6E369002B9FD101204AE6032E9E
:10A200007FF46EAE714B1B689F0302D56368002B11
:10A21000F3D01346CBE70025DFE66C4DD5F894303C
:10A2200023F00103C5F89430FCF7A0F8D5F894307A
:10A2300006469A077FF5BFAEFCF798F8801B072803
:10A2400004D9D5F894309B073FF523AED5F8943068
:10A250009F07F1D4AFE65D4A136843F4803313607F
:10A26000FCF784F8594F80463B689A033FF55FAE90
:10A27000FCF77CF8A0EB0800642803D93B689B033B
:10A280007FF507AE3B689903F2D550E64F4ED6F8FE
:10A29000902022F00102C6F89020D6F8902022F0FB
:10A2A0000402C6F89020002B7FF4B0AEFCF75EF8F5
:10A2B000D6F89030074699070FD541F28838FCF759
:10A2C00055F8C01B404504D9D6F890309B073FF5A0
:10A2D000E0ADD6F890309907F1D43C4ED6F89030E6
:10A2E0001A067FF5CAAED6F8903023F08003C6F880
:10A2F0009030D6F890301A057FF5BFAE41F288381D
:10A30000FCF734F8C01B404504D9D6F890301B0543
:10A310003FF5BFADD6F890301905F1D4ADE6D2F8CF
:10A32000943043F01003C2F8943028E62B6823F4ED
:10A3300080732B60FCF71AF82B6806465B050BD57B
:10A34000FCF714F8801B022803D92B685F053FF542
:10A35000A0AD2B685905F3D42368FFE5D5F89830F4
:10A3600023F00103C5F89830FCF700F8D5F89830D1
:10A3700006469A077FF5AAAEFBF7F8FF801B022876
:10A3800004D9D5F898309B073FF583ADD5F89830C0
:10A390009F07F1D49AE6336843F480733360FBF788
:10A3A000E5FF33680746DB053FF51CAE03E0336885
:10A3B000D9053FF517AEFBF7D9FFC01B0228F6D928
:10A3C0003368D8057FF565ADF1E700BF00100240A6
:10A3D000DC130108140103200C010320FFF734FBF8
:10A3E00000287FF40AAF714B1A6842F008021A6025
:10A3F0001A68616A22F0F0020A431A605A68216AF8
:10A4000022F47F4242EA01225A60B8E6022E7FF42B
:10A41000D4AE92E5654B1A6842F008021A601A68D9
:10A42000616A22F0F0020A431A605A68216A22F433
:10A430007F4242EA01225A602268134648E55B4A9D
:10A44000D2F8903043F00103C2F89030DEE5574F68
:10A45000D7F8903023F08003C7F89030D7F89030C9
:10A4600019057FF50AAE41F28838FBF77FFF801BA4
:10A47000404504D9D7F890301A053FF50AADD7F812
:10A4800090301B05F1D4F8E5012B3FF4B6AEEB6834
:10A49000226B03F0030191427FF4AFAE616B03F0D6
:10A4A000F0020139B2EB011F7FF4A7AEA16B03F4F8
:10A4B000FE42B2EB012F7FF4A0AEE16B03F07842D5
:10A4C000B2EBC16F7FF499AE226C03F4C001520865
:10A4D000013AB1EB425F7FF490AE626C03F0C0636F
:10A4E0005208013AB3EB426F14BF01200020D1E4BF
:10A4F000FFF7AAFA00283FF442AE7EE603F180435C
:10A50000A3F53C331A6842F480221A601A6842F4B8
:10A5100080321A60A4E6FBF729FF2B6806469901F2
:10A520000BD5FBF723FF801B022803D92B689B0167
:10A530003FF5AFAC2B689F01F3D41C4D1C4BE96871
:10A54000226B0B40606B1343D4E90E1243EA0123E4
:10A5500043EAC2630138D4E91012490843EA001300
:10A5600001395208013A43EA415343EA4263EB603E
:10A570002B6843F080732B60EB6843F08073EB60D3
:10A58000FBF7F4FE2B6804469A013FF5C6ADFBF7D6
:10A59000EDFE001B022803D92B689E017FF579ACE4
:10A5A0002B689801F3D5B8E50120704700100240F0
:10A5B0000C809F0108B5FFF789FA074B07499A6895
:10A5C0009B68C2F303128A5C0549C3F3C223CB5CC8
:10A5D000D040D84008BD00BF00100240DC13010885
:10A5E000D41301080F220E4B10B402609A680D4C70
:10A5F00002F0030242609A6802F0F00282609A68F8
:10A6000002F4E062C2609B68DB0803F4E06303616C
:10A6100023685DF8044B03F00F030B60704700BF25
:10A620000010024000200240F8B5044600680F46C2
:10A6300002284ED0032845D0012848D1394B1B6849
:10A640009E073ED5374D2B6823F080632B60FBF7C8
:10A650008DFE064604E0FBF789FE831B022B4AD8D9
:10A660002B681901F7D4D4E90132013B10022168AB
:10A670001A01002F33D0012F2A4D45D02E692A4BC5
:10A6800033400B430343134362695208013A43EAE0
:10A6900042632B61234D2B6843F080632B60FBF7F3
:10A6A00065FE064604E0FBF761FE831B022B27D8FC
:10A6B0002B681B01F7D500201A4AA16913690B43C7
:10A6C0001361F8BD174B1B6813F4C02FBAD10120DA
:10A6D000F8BD144B1B685D05B4D40120F8E7114D9B
:10A6E000124B2E6933400B43E168034343EAC163D5
:10A6F00013432B61CEE72B681801B4D50320F8BDB6
:10A700002B681A01FAD5D6E72E69094B33400B4363
:10A710000343134322695208013A43EA42532B612F
:10A72000B8E700BF001002400C80FFF90C80FF0763
:10A730000C809FFF70B504460068022847D00328AC
:10A740003ED0012841D1294B1B689E0737D5274DA4
:10A750002B6823F080532B60FBF708FE064604E0CD
:10A76000FBF704FE831B022B37D82B689900F7D424
:10A770001E4D1F4B696922680B401343D4E9021236
:10A7800043EA012343EAC2636268013A43EA0213DF
:10A790006B612B6843F080532B60FBF7E7FD0646A7
:10A7A00004E0FBF7E3FD831B022B1BD82B689B0007
:10A7B000F7D500200D4A216953690B43536170BDE1
:10A7C0000A4B1B6813F4C02FC1D1012070BD074B89
:10A7D0001B685D05BBD40120F8E72B689800C7D53E
:10A7E000032070BD2B689A00FAD5E2E70010024002
:10A7F0000C80FF072DE9F0470368044613F4006559
:10A8000082B01BD0C16E402900F03D8200F2588218
:10A81000002900F02282202940F058822030FFF7E2
:10A8200089FF054623684DB9E16E0025B648D0F88A
:10A830009C2022F0E0020A43C0F89C20DF0440F193
:10A840004F81216FB1F5007F00F0168200F23F8149
:10A85000002900F00782B1F5807F40F0408104F1CB
:10A860002000FFF767FF07462368002F40F00282B1
:10A87000A549206FD1F89C209E0322F4E06242EAB1
:10A880000002C1F89C2000F12F81D90708D59E490C
:10A89000606BD1F8882022F003020243C1F88820BF
:10A8A0009A0708D59849A06BD1F8882022F00C02AD
:10A8B0000243C1F888205E0708D59349E06BD1F8C0
:10A8C000882022F030020243C1F88820180708D5FA
:10A8D0008D49206CD1F8882022F0C0020243C1F8D3
:10A8E0008820D90608D58849606CD1F8882022F4E0
:10A8F00040720243C1F888209A0608D58249A06CAC
:10A90000D1F8882022F440620243C1F888209E05D5
:10A9100008D57D49E06DD1F8882022F44022024319
:10A92000C1F88820580508D57749206ED1F88820CD
:10A9300022F440120243C1F88820590208D5724916
:10A94000606ED1F8882022F440020243C1F88820CA
:10A950009A010CD5A26EB2F1807F00F06D81B2F148
:10A96000007F00F02681002A00F0298101255F0682
:10A9700008D56549E06CD1F8882022F440520243A2
:10A98000C1F888201E0608D55F49206DD1F88820BF
:10A9900022F440420243C1F88820D80508D55A491C
:10A9A000606DD1F8882022F440320243C1F888203B
:10A9B000D90208D55449A06DD1F89C2022F0030299
:10A9C0000243C1F89C209A0411D54F49606FD1F819
:10A9D0008820B0F1006F22F0406242EA0002C1F824
:10A9E000882000F02481B0F1806F00F060811F03A7
:10A9F0001BD5A16FB1F5804F00F005814248B1F140
:10AA0000806FD0F8882022F0406242EA0102C0F84C
:10AA10008820D0F89C2022F48042C0F89C2000F0CE
:10AA20005781B1F1006F00F034815E0311D53649D2
:10AA3000E06FD1F88820B0F1006F22F0406242EA66
:10AA40000002C1F8882000F0D980B0F1806F00F0DA
:10AA5000258158040ED52C48D4F88010D0F88820D1
:10AA6000B1F1805F22F0405242EA0102C0F8882032
:10AA700000F0EA80D90309D52349D4F88400D1F83D
:10AA80009C2022F004020243C1F89C209A0209D5BE
:10AA90001D49D4F88800D1F89C2022F01802024306
:10AAA000C1F89C20DB010ED5174AD4F88C10D2F8DF
:10AAB0009C30B1F5001F23F4401343EA0103C2F8B0
:10AAC0009C3000F0AC80284602B0BDE8F087B1F5BC
:10AAD000407F00F0D680B1F5806F00F0D280012574
:10AAE0002F469E037FF5D1AE074B9A6DD00054D50B
:10AAF0004FF00008054E336843F480733360FBF772
:10AB000035FC81460AE000BF0010024000700040A2
:10AB1000FBF72CFCA0EB090002285BD83368DA05B0
:10AB2000F6D5002F5CD1DFF8C8A1D4F89010DAF880
:10AB3000903013F4407327D08B4225D0DAF8902060
:10AB4000DAF8903043F48033CAF89030DAF8903075
:10AB500023F48033CAF8903022F44073CAF890305E
:10AB6000D30711D5FBF702FC41F28839064605E010
:10AB7000FBF7FCFB801B484500F2B380DAF890300D
:10AB80009807F5D5D4F89010594AD2F8903023F4AC
:10AB900040730B43C2F8903023E09A6D4FF00108E8
:10ABA00042F080529A659B6D03F080530193019BA4
:10ABB000A0E70021201DFFF737FD07462368DFB916
:10ABC0004B49A06ED1F8882022F040720243C1F8B0
:10ABD0008820CCE63368D905A3D403252F4600E0AE
:10ABE0003D462368B8F1000F3FF44FAE40498A6DEF
:10ABF00022F080528A6548E63D46B8E6CA6842F4CB
:10AC00008012CA6025E73A4AD2F89C1041F480418C
:10AC1000C2F89C10D16841F48031D16005E7284624
:10AC2000D36843F48013D36002B0BDE8F087CA68EC
:10AC300042F48012CA60DAE62D49CA6842F48012F2
:10AC4000CA60002FD8D1BBE70221201DFFF7ECFC22
:10AC50002368002818BF05460CE70430FFF7E4FC22
:10AC60000546DFE5201DFFF7DFFC07462368002FC0
:10AC70003FF4FEAD3D4634E71D49CA6842F48032D8
:10AC8000CA602F46F1E51A48C26842F48032C260B9
:10AC9000CBE5C26842F48012C260C6E60121201DE5
:10ACA000FFF7C2FC2368002818BF0546D1E6012142
:10ACB000201DFFF7B9FC2368002818BF054696E65B
:10ACC00060293FF4B2AD80293FF4AFAD0125B5E571
:10ACD0000121201DFFF7A8FC2368002818BF0546A6
:10ACE000A3E6DAF890309E077FF577AF4AE700BF1A
:10ACF00000100240114B10B4996B114A41F0807161
:10AD00009963996B21F0807199630368D0E90141DF
:10AD100023430B43D0E90341234343EA01435360F8
:10AD20001368416923F4FE4343EA01231360136867
:10AD30005DF8044B43F0600313607047001002405D
:10AD40000060004000285AD038B5437A044603F02A
:10AD5000FF02002B49D0D4E9003502214AF2B3208A
:10AD60006172284A19682A43274D21F004011960AD
:10AD70001A601D6118611A6822F080421A60FBF7A0
:10AD8000F5FA054623681A6851000ED5FBF7EEFA6E
:10AD9000401B02282368F6D91A685200F3D5012215
:10ADA000022362720120E36038BD1A6842F0040297
:10ADB0001A605B68580603D504236372012038BD0E
:10ADC000FBF7D4FA054623685B68D90711D4FBF773
:10ADD000CDFA401B02282368F6D95A68D207F3D46B
:10ADE000042202236272E360E8E70272FBF768F86C
:10ADF000B1E70122002362721846E36038BD0120EA
:10AE0000704700BF000DF040BC0A5917704700BFE3
:10AE1000026810B553680446990613D4580605D540
:10AE2000590723D4516821F040015160DB0708D550
:10AE3000136823F0080313609168637A2161042B7F
:10AE40000CD110BD1023C360042320466372F8F7B1
:10AE50007BFE6FF0600223685A6010BD0122002360
:10AE6000204662722372FFF7D1FF10BD0823E36012
:10AE7000136823F008031360E6E700BF002300B562
:10AE8000026883B001935368014658070AD4536897
:10AE900023F0400353600020CB6823F00803CB600D
:10AEA00003B000BD0220136843F0804313601368B1
:10AEB00023F080431360019002E013685B0012D519
:10AEC000019B013B0193019B002BF6D101224A72A9
:10AED0000B72CB68084643F00203CB60F8F734FEF0
:10AEE000012003B000BD536858060CD4022301931F
:10AEF00002E053685B07CED5019B013B0193019BA8
:10AF0000002BF6D1E2E7536823F040035360EDE7EE
:10AF1000F8B5037A012B43D00122437A04469342C9
:10AF2000DFB2027206D004231746C36000232372E7
:10AF30003846F8BD0222036842725B680E46590625
:10AF400016D4FBF713FA054623685A68D20718D4BB
:10AF5000FBF70CFA401B02282368F6D95A6812F056
:10AF60000102F2D10121022361722272E360DFE764
:10AF70000823C360FFF782FF0128E2D12023E360AA
:10AF8000D6E79A685B68226113F0400316BF082376
:10AF90001F46E3604FF0010308BF32606372C5E7EC
:10AFA00002273846F8BD00BF704700BF30B50268C1
:10AFB00004465168936885B013F0400FC3F38015C1
:10AFC00019D113F0010F2FD1980745D49D0600F138
:10AFD0009180DB050DD58D060BD50020236E43F047
:10AFE00008032366039093680393039B236E002B4F
:10AFF0005AD105B030BD13F002001AD008067CD437
:10B0000013F020002CD18D06F3D594F85D50032D5C
:10B0100079D0256E45F0040525660090D068009033
:10B020009068009000983AE011F0400FCCD0C36CCB
:10B0300065E08D06DDD594F85D50032D63D0256E57
:10B0400045F0040525660090D06800909068009057
:10B050000098980623D515E008064ED49806B8D572
:10B060008806C6D575B194F85D0003284BD0206ED4
:10B0700040F00400206600200090D06800909068A6
:10B0800000900098206E40F00100206600200290A1
:10B0900090680290106820F0400010600298DB0574
:10B0A0009BD4236E002BA4D0012053688D0723F07E
:10B0B000E003536084F85D002DD05368A06D23F049
:10B0C0000303536040B1164B0364FCF72FF818B12B
:10B0D000236E43F040032366606D002889D0104B37
:10B0E0000364FCF723F8002883D0236E43F0400369
:10B0F00023667EE78806C5D47BE72046236D05B02E
:10B10000BDE83040184700230193D368019393684A
:10B110000193019B6DE72046FFF746FF69E700BFFB
:10B1200025B1000808B50023806AA0F84630C3871F
:10B13000FFF73AFF08BD00BF30B4036A124D046A3E
:10B14000A84224F0010404620ED0104CA0420BD09F
:10B1500004F54064A04207D004F58064A04203D007
:10B1600004F58064A04203D1046A24F0040404625C
:10B17000846923F00A0324F0F00C4CEA021219430C
:10B18000826130BC01627047002C014000340140F4
:10B1900090F83D30012B23D102210368164A80F834
:10B1A0003D1093421ED0B3F1804F1BD0A2F59432D4
:10B1B000934217D002F58062934213D002F5806269
:10B1C00093420FD002F5943293420BD002F54062C5
:10B1D000934207D01A6842F001021A6000207047BB
:10B1E000012070479968054A0A40062AF6D0B2F550
:10B1F000803FEFD100207047002C01400700010084
:10B2000090F83D30012B26D10222036880F83D20C2
:10B21000DA68174942F001028B42DA601DD0B3F1BF
:10B22000804F1AD0134A934217D002F5806293429E
:10B2300013D002F5806293420FD002F5943293420C
:10B240000BD002F54062934207D01A6842F0010227
:10B250001A6000207047012070479968064A0A402A
:10B26000062AF6D0B2F5803FEFD10020704700BF2C
:10B27000002C0140000400400700010038B590F8A0
:10B280003C30012B6AD0044602250123006884F873
:10B290003C3084F83D5085684B4A2A4082600A68F9
:10B2A000602A6AD010D8402A5AD02CD8202A4BD0F5
:10B2B00048D832F0100147D018460122002384F804
:10B2C0003D2084F83C3038BDB2F5805F13D0B2F534
:10B2D000005F27D0702AEFD1D1E901538268C96895
:10B2E0002B4322F47F4243EA0123134383608368A4
:10B2F00043F0770383600122002384F83D2084F823
:10B300003C30002038BD502AD6D1CA684968FFF7C2
:10B3100013FF836823F4401323F0700343F05703B3
:10B320008360E8E78268D1E90153C9682B4322F4BE
:10B330007F4243EA012313438360836843F48043DD
:10B340008360D8E7302AB7D1836823F4401323F011
:10B350007003134343F007038360CCE7022038BD3A
:10B36000CA684968FFF7E8FE836823F4401323F0B6
:10B37000700343F047038360BDE7036A026A4D68C8
:10B3800022F01002C9680262104A904217D002F5FA
:10B390000062904213D0826923F0A00322F470422D
:10B3A00043EA051342EA013282610362836823F4AF
:10B3B000401323F0700343F0670383609BE7026A46
:10B3C00022F040020262E6E78800CEFF002C014036
:10B3D000704700BF704700BF704700BF704700BF95
:10B3E000036870B5DE681C690546A20701D5B10780
:10B3F0005AD4630701D5700743D4210701D532071A
:10B400002DD4E00601D5F10616D4E20701D5F307E5
:10B4100063D414F4025F0AD0300666D4600601D506
:10B42000710673D4A20601D5B3064DD470BDE205F2
:10B43000F4D5330662D4F1E76FF0100108222B68CF
:10B44000284619612A77DB6913F4407F6FD1FFF733
:10B45000BFFF2846FFF7C0FF00232B77D5E76FF02B
:10B46000080104222B68284619612A77DB699B07AB
:10B470005AD1FFF7ADFF2846FFF7AEFF00232B7729
:10B48000BFE76FF0040102222B68284619612A7772
:10B490009B6913F4407F44D1FFF79AFF2846FFF7DA
:10B4A0009BFF00232B77A8E76FF002021A610122AD
:10B4B00002779B699A0731D1FFF78AFF2846FFF789
:10B4C0008BFF00232B7794E76FF020022B68284630
:10B4D000BDE870401A6100F005B96FF001022B68F9
:10B4E00028461A61F5F720FD93E76FF402522B68A6
:10B4F00028461A6100F0F8F8E1058FD56FF48072E4
:10B500002B6828461A6100F0F1F887E76FF04002D7
:10B510002B6828461A61FFF761FF83E7FFF75AFFA0
:10B52000CFE7FFF757FFBCE7FFF754FFA6E7FFF7AA
:10B5300051FF91E770B4284E0368B0424A698D68A4
:10B540000C6839D0B0F1804F20D0A6F59436B042C7
:10B550001CD006F58066B04218D006F58066B04271
:10B5600014D006F59436B04226D01C4EB04227D0F7
:10B5700006F58066B04223D006F58066B0421FD043
:10B5800023F08003C5621A4384620CE04E6823F006
:10B590007003C968334323F440730B4323F08003E3
:10B5A000C5621A438462012170BC036843F004033E
:10B5B00003604161026070474E6823F070033343BB
:10B5C000CE6823F440733343C56223F08003846262
:10B5D0001A430B690363E6E7002C01400040014079
:10B5E00070B310B590F83D30044603F0FF0213B37A
:10B5F0000223214684F83D3051F8040BFFF79AFFEF
:10B60000012384F8483084F83E3084F83F3084F8D1
:10B61000403084F8413084F8423084F8433084F874
:10B62000443084F8453084F8463084F8473084F854
:10B630003D30002010BD80F83C20FAF771FCD7E7C0
:10B640000120704790F83C20012A45D00346022093
:10B6500070B41A68214E83F83D00B24250680D68FC
:10B66000946827D006F50066B2422CD020F0700016
:10B670002843B2F1804F50600ED0194882420BD05F
:10B6800000F58060824207D000F58060824203D0DE
:10B6900000F59A30824204D1896824F080040C437A
:10B6A00094600022012183F83C2083F83D1010466D
:10B6B00070BC70474E6820F47000304320F070007A
:10B6C00028435060E8E74E6820F47000304320F0D3
:10B6D000700005435560DFE702207047002C0140F1
:10B6E00000040040704700BF704700BF704700BFB4
:10B6F00010B4026852E8003F23F4907342E800312E
:10B700000029F7D1144C02F1080353E8003F23400D
:10B7100002F1080C4CE800310029F4D1C36E012B72
:10B7200008D0002320225DF8044BC0F88C2043672A
:10B73000C366704752E8003F23F0100342E800312F
:10B740000029EED052E8003F23F0100342E8003118
:10B750000029EFD1E5E700BFFEFFFFEF704700BF14
:10B76000704700BF08B5806AFFF7FAFF08BD00BF49
:10B77000704700BF40F60F0C70B504680546E369DA
:10B78000216813EA0C0FA26829D19E0607D501F0A3
:10B79000200C02F080565CEA060C40F0F080E86E67
:10B7A000012800F0AC80D80200F19E80180606D572
:10B7B00002F4000201F08000104340F0E7805A06D6
:10B7C00002D54E0600F1C380180202D54A0000F1EE
:10B7D0000C81DB0102D50029C0F23D8170BDA34878
:10B7E000104040F0C580A24E3142D8D0DE0740F173
:10B7F000DC80CE0540F1D28001262662D5F890602B
:10B8000046F00106C5F890609E0740F1C980D60752
:10B8100040F1CB8002202062D5F890005E0740F016
:10B820000400C5F8900040F1DD8004202062D5F8C6
:10B83000900040F00200C5F89000180700F1BD80AC
:10B8400018050AD54E0108D54FF400602062D5F8DE
:10B85000900040F02000C5F89000D5F89000002836
:10B86000BCD0980606D501F0200102F080521143A9
:10B8700040F0AC80D5F89020A36802F0280203F0D5
:10B88000400353EA0206284600F0EA80FFF730FF43
:10B89000A3685B0640F1A28004F1080353E8003F6F
:10B8A00023F0400304F1080141E8003262B12C6842
:10B8B00004F1080353E8003F23F0400304F10801BA
:10B8C00041E80032002AF3D1D5F88000002800F0CA
:10B8D0008580684B0364FBF729FC00283FF47EAFAA
:10B8E000D5F88000036C4EE056027FF55FAF4FF451
:10B8F000801328462362BDE8704000F0FBB8DE06E6
:10B900007FF551AFC8067FF54EAF1022B5F85C3019
:10B910002262A268520640F1AF80D5F8800002682A
:10B92000516889B2002900F0DC80994280F0D9800A
:10B93000A5F85E10126896065CD502222A67B5F853
:10B940005E102846591A89B2FFF712FF70BD54E8FD
:10B95000003F23F0400344E80032002AF7D12022C0
:10B9600000232846C5F88820AB67FFF7F7FE70BDB7
:10B97000DE077FF549AFCE057FF546AF3CE7436F65
:10B98000002B3FF42BAFBDE870401847AB6F002B86
:10B990003FF424AF2846BDE8704018479E0704D402
:10B9A0005E0702D5D6073FF540AF1E077FF548AFCB
:10B9B00001F0200606433FF443AF08202062D5F88B
:10B9C000900040F00800C5F8900039E76B6F002B3D
:10B9D0003FF450AF284698472C684BE72846FFF7BE
:10B9E000BFFE70BD1807E8D42AE72846BDE87040BE
:10B9F00000F084B854E8003F23F4807344E8003238
:10BA0000002AF7D104F1080353E8003F23F00103B3
:10BA100004F1080141E80032002AF3D104F10803DF
:10BA200053E8003F23F0400304F1080141E80032ED
:10BA3000002AF3D12023C5F88C30EA6654E8003F91
:10BA400023F0100344E80032002AF7D1FBF736FB5D
:10BA5000B5F85C3071E72846BDE8704000F04CB89E
:10BA6000FFF77EFEC5F8906070BD00BF01000010BA
:10BA70002001000465B70008B5F85E10B5F85E2037
:10BA800089B292B2002A3FF4A9AE5B1A99B200299A
:10BA90003FF4A4AE54E8003F23F4907344E800322E
:10BAA000002AF7D1124804F1080353E8003F03408D
:10BAB00004F1080646E80032002AF4D120236A6720
:10BAC000C5F88C30EA6654E8003F23F0100344E8E0
:10BAD0000032002AF7D1022328462B67FFF748FEE1
:10BAE00070BD99427FF47AAE13689C06F3D470BDA2
:10BAF000FEFFFFEF704700BF704700BF704700BFF9
:10BB0000034644F27F02B3F8401000200A40A3F835
:10BB1000402070474FF0000C00B583B002AB4FF0EF
:10BB2000010E03E9060003466046A3F840E0A3F8CF
:10BB300040C0A3F844C0A3F850C003B000BD00BF8C
:10BB400070B50A78034630F8220091F803E020F43B
:10BB5000EC4020F070000004000CBEF1030F00F276
:10BB60000582DFE80EF0CDD0B10240F4C06048F2AB
:10BB7000800C40EA0C0023F8220033F8220020F465
:10BB8000E04020F070000004000C10434CEA000C70
:10BB900023F822C0087B002800F0B880002033F88A
:10BBA00022C02CF4E24C2CF0700C4FEA0C4C4FEA03
:10BBB0001C4C4CF4004C4CF0800C23F822C00C8937
:10BBC000B3F8505003EBC20C640864001CFA85F50E
:10BBD000A5F800444C89B3F85050640864001CFA7E
:10BBE00085F5A5F804444C78002C40F01C8133F80E
:10BBF000224064040DD533F8224024F4E04424F0BC
:10BC000070042404240C44F4404444F0800423F8D9
:10BC1000224033F8224066060DD533F8224024F442
:10BC2000E04424F070042404240C44F4004444F060
:10BC3000C00423F822400D69B3F850101CFA81F1BA
:10BC4000B1F802440CF2064CC4F30904A1F8024412
:10BC5000002D00F030813E2D00F2658105F00104D9
:10BC600004EB5504A402A5B2B1F80244A4B22C43DB
:10BC7000A1F80244B3F8501089B231F80C40C4F373
:10BC8000090421F80C4031F80C40A4B22C4321F8EF
:10BC90000C4048F2800433F8221021F4804121F056
:10BCA00070010904090C81F44051214323F822104A
:10BCB00033F8221021F4E04121F040010904090C7D
:10BCC0000C4323F8224070BD48F28005284323F836
:10BCD000220033F82200B14C80B2204010430543CB
:10BCE00023F82250087B88B133F8220080B220402C
:10BCF00040F4014040F0800023F8220000205EE77D
:10BD000040F4007033E740F4806030E70020CC88D6
:10BD10004E786408640003EBC205F6B3B3F8501024
:10BD200015FA81F1A1F8004433F8221049060DD527
:10BD300033F8221021F4E04121F070010904090CCC
:10BD400041F4004141F0C00123F8221033F82210E1
:10BD5000BEF1010F21F4E04121F040014FEA014121
:10BD60004FEA114112D081F0200141F4004141F02D
:10BD7000800123F8221070BD33F8221021F4804195
:10BD800021F070010904090C81F4005141F40041D3
:10BD900041F0800123F8221070BD0E69B3F85010F5
:10BDA00015FA81F1A1F80444B3F8501015FA81F1A5
:10BDB000B1F80644C4F30904A1F80644002E00F0CB
:10BDC00096803E2E00F29D80B1F8064406F00105F3
:10BDD000A4B205EB560544EA8524A4B2A1F80644B2
:10BDE00033F822104D040DD533F8221021F4E04130
:10BDF00021F070010904090C41F4404141F0800137
:10BE000023F82210002AB7D11A8822F4804222F0A7
:10BE100070021204120C82F4405242F4004242F0CA
:10BE200080021A8070BD33F822104C040DD533F80F
:10BE3000221021F4E04121F070010904090C41F4C1
:10BE4000404141F0800123F8221033F822104906C6
:10BE50000DD533F8221021F4E04121F070010904DE
:10BE6000090C41F4004141F0C00123F8221033F8DD
:10BE70002210BEF1010F21F4E04121F040014FEA10
:10BE800001414FEA114118BF81F0200141F4004106
:10BE900041F0800123F8221033F8221021F4804170
:10BEA00021F070010904090C41F4004141F08001C6
:10BEB00023F8221070BDB1F802446FEA44446FEADF
:10BEC0005444A4B2A1F80244B3F85040A4B234F8E8
:10BED0000C10C1F3090124F80C1034F80C106FEAAF
:10BEE00041416FEA514189B224F80C10D1E6B1F812
:10BEF00006446FEA44446FEA5444A4B2A1F80644ED
:10BF00006EE7B1F806447509F60608BF05F1FF357E
:10BF1000A4B244EA85246FEA44446FEA5444A4B2CC
:10BF2000A1F806445CE76C09ED0608BF04F1FF3494
:10BF3000B1F80254A402A4B2ADB2254345F40045C1
:10BF4000A1F80254B3F85050ADB235F80C10C1F35B
:10BF5000090125F80C1035F80C1021436FEA414116
:10BF60006FEA514189B225F80C1092E648F280043C
:10BF7000204323F8220033F8220020F4E04020F090
:10BF800070000004000C1043044323F82240087B97
:10BF900008B1012003E60120B9E600BF8F8FFFFF43
:10BFA0002DE9F04F4B780C7B012B83B035D0ECB1F1
:10BFB000CB78022B00F0FD80012B40F0878000231E
:10BFC0000A788B6130F8223023F4804323F0700329
:10BFD0001B041B0C83F4405343F4004343F08003E1
:10BFE00020F82230002003B0BDE8F08F8A690C7879
:10BFF000002A55D1CB78002B40F0F98030F824305E
:10C0000023F4E04323F070031B041B0C43F40143AF
:10C0100043F0800320F82430D1E70E698A694B6928
:10C02000B24228BF324600F58067002C00F0A8809D
:10C03000CD780C6A022D91F800E04BD0A41A30F8AC
:10C040002E500C6294B2013415F0400F92B2B0F849
:10C0500050504FEA540400F0D98000F2064616FA18
:10C0600085F525F83E204D893D443CB103EB440461
:10C07000ED1A1A885A5302339C42FAD10A7830F8E2
:10C08000223023F4E04323F040031B041B0C83F015
:10C09000300343F4004343F0800320F82230A1E74B
:10C0A00030F8243023F4E24323F070031B041B0C0C
:10C0B00043F4004343F0800320F824300B699A4294
:10C0C0007FF67DAFD31A8B610A787BE7012003B03E
:10C0D000BDE8F08FA64200F2024B80F0DF8030F81E
:10C0E0002E50A41A25F4E04525F070052D042D0CE2
:10C0F00045F4014545F0800520F82E5030F82EC05B
:10C1000095B201351CF0400F0C62B0F850C04FEAF8
:10C1100055051FFA82F800F2064900F08E8019FAE0
:10C120008CFC2CF83E80B1F80A90B94475B19C465D
:10C13000A9EB030903EB450A0196BCF800602CF853
:10C1400009600CF1020CD445F7D1019E1344A642BC
:10C150004B6180F0C880A21A0A62B0F850201BFA26
:10C1600082F222F83E800C893C44002D86D003EBFD
:10C170004505E41A1A881A5302339D42FAD17DE725
:10C1800095B2CE8801356D083E4492B207D003EBDC
:10C190004505F61A1C889C530233AB42FAD1B0F81D
:10C1A00050300C7800F2024515FA83F323F834205E
:10C1B00064E7CB690A78002B3FF404AF30F82230F3
:10C1C00003F040045B0435D4002C7FF4FBAE30F860
:10C1D000223023F4E04323F070031B041B0C43F4D0
:10C1E000004343F0C00320F822300A78EAE630F832
:10C1F000243023F4E24323F070031B041B0C43F4AC
:10C20000004343F0800320F82430D8E600F20246D1
:10C2100016FA85F525F83E200D893D44002C3FF4A3
:10C220002DAF03EB4404ED1A1A885A5302339C4293
:10C23000FAD123E7002CCAD1C4E61BFA8CFC2CF8F7
:10C240003E80B1F808A0BA4475B19C46AAEB030A37
:10C2500003EB450B0196BCF800602CF80A600CF16A
:10C26000020CDC45F7D1019E1344A6424B6141D23A
:10C27000A41AB0F850200C6219FA82F222F83E801B
:10C280004C893C44002D3FF4F9AE03EB4505E41A1C
:10C290001A881A530233AB42FAD1EFE6A5B22C4604
:10C2A00030F82E20013422F4E24222F0700212040F
:10C2B000120C42F4004242F0800220F82E20B0F826
:10C2C000502064081BFA82F222F83E500D893D444A
:10C2D0003FF4D4AE03EB4404ED1A1A885A530233E8
:10C2E0009C42FAD1CAE6A5B2013500221FFA84F8B1
:10C2F0006D0831E7A5B201351FFA84F86D080024F6
:10C30000B7E700BF4B780A788BB130F8223023F4BE
:10C31000E04323F040031B041B0C83F0100343F4A1
:10C32000004343F0800320F822300020704730F8AB
:10C33000223023F4804323F070031B041B0C83F48E
:10C34000805343F4004343F0800320F82230002060
:10C35000704700BF4B780A7833B330F822305B0661
:10C360000DD530F8223023F4E04323F070031B0492
:10C370001B0C43F4004343F0C00320F82230CB7879
:10C38000012B0FD030F8223023F4E04323F0400398
:10C390001B041B0C83F0200343F4004343F0800391
:10C3A00020F822300020704730F822305B040DD591
:10C3B00030F8223023F4E04323F070031B041B0CFD
:10C3C00043F4404343F0800320F8223030F8223019
:10C3D00023F4804323F070031B041B0C83F44053AD
:10C3E00043F4004343F0800320F8223000207047DC
:10C3F00011B98023A0F84C3000207047B0F84400F9
:10C4000080B27047013302F580625B08104408D0A7
:10C410000A4601EB4301801A1388135202328A4202
:10C42000FAD1704770B502F580625D0800EB020436
:10C4300019D06FF001008E1C3246AC46401A2044E1
:10C44000815ABCF1010C89B24FEA112E02F10202AD
:10C4500002F8041C02F803ECF2D1013D023406EBB1
:10C46000450104EB4504DB0744BF23880B7070BD16
:10C47000D0E90023F0B4D0E90267D0E90445D0E95F
:10C480000601B1F1FF3F08BFB0F1FF3F18D1B5F190
:10C49000FF3F08BFB4F1FF3F0FD1B7F1FF3F08BF27
:10C4A000B6F1FF3F0FD1F0BCB3F1FF3F08BFB2F1CF
:10C4B000FF3F14BF0120002070470320F0BC7047ED
:10C4C0000420F0BC70470220F0BC704710B54FF656
:10C4D000FD7E1F4B0446B3F8E0C000F580330CF13D
:10C4E000FF3292B272454FEAC32008D84FF4783237
:10C4F000184B03EA4C23B2FBF3F203FB02000329BF
:10C500004FF0AA324FF0AA3312D0042908D00229E2
:10C5100016D000F041FFC0B90F4B00201C7010BDB9
:10C52000183000F039FF003818BF0120400010BD5E
:10C53000103000F031FF003818BF0120400010BD5E
:10C54000083000F029FF0028E6D0022010BD00BF0F
:10C550000005FA0B00FE1F00302C0320F8B504463E
:10C5600000F052FF002840F0BD804FF6FD73634A93
:10C57000B2F8E0C00CF1FF3291B2994200F2B08003
:10C580004FF478355E4B03EA4C23B5FBF3F503FB20
:10C5900005F5C5F57835ED0A4FF6FD7391B2994270
:10C5A00012D999E04FF6FD77544E2846012100F04C
:10C5B000F7FE0135002840F08D80B6F8E0C00CF1A0
:10C5C000FF3293B2BB4237D84FF478334C4901EA7B
:10C5D0004C21B3FBF1F301FB03F3C3F57833DB0A22
:10C5E00004339D422AD2002CDCD04FF47836B6FBBF
:10C5F000F1F01127EB0203F1006301FB003303F5B7
:10C60000006ED3E90001B1F1FF3F08BFB0F1FF3F79
:10C6100003F1080318BF10279E45F2D1102F47D011
:10C620004FF6FD7391B2994205F10105CCD9802DE9
:10C6300004D04FF48021DAE7802DB6D100F0E2FE7D
:10C640004FF6FD712D4BB3F8E020531E9BB28B4289
:10C650004AD84FF478302A4B022103EA4223B0FB38
:10C66000F3F003FB00F0C0F57830C00AFFF72EFFAF
:10C6700000283FD14FF6FD71224A204B1080B3F8BD
:10C68000E020531E9BB28B4236D84FF478331C49BE
:10C6900001EA4222B3FBF2F302FB03F3C3F5783362
:10C6A000C3F3C7232021184C184A23701160F8BD2A
:10C6B0000121284600F074FE60B9104B0135B3F833
:10C6C000E0C04FF6FD730CF1FF3291B299427FF654
:10C6D0007BAFACE70120F8BD80234FF4802180E7D9
:10C6E0007C2559E70E20F8BD7C200221FFF7EEFEE5
:10C6F0000028BFD00220F8BD7C23D3E70005FA0B49
:10C7000000FE1F00322C0320302C032034010320B4
:10C710004FF6FD71224B2DE9F041B3F8E02082B0D5
:10C72000531E9BB28B4220D84FF478351D4B03EA41
:10C730004223B5FBF3F503FB05F5C5F57834E40AB0
:10C74000271D05F1006606EBC420FFF791FE0428C3
:10C750004FEAC42804F102030BD09F4203D80520FE
:10C7600002B0BDE8F0811C46EDE780277C2400255F
:10C77000E7E7621C9A4206D30221204600F010FE31
:10C7800048B10120ECE708F108202844FFF770FECB
:10C790000428F1D0E3E7019000F034FE0198DFE7D0
:10C7A0000005FA0B00FE1F002DE9F0474FF6FD745F
:10C7B000444A454BB2F8E0101E784A1E92B206F584
:10C7C0008033A24280464FEAC3234FD84FF47839D2
:10C7D0003E4C04EA4124B9FBF4F904FB09F94B444B
:10C7E0001846FFF745FE4FF47833B3FBF4F304FB30
:10C7F00003F3C3F57833A6EBD32A0AF1010505F05C
:10C80000030505EBD325074605F5803009EBC0206D
:10C81000DC0AFFF72DFEB8F1010F12D0B8F1020FBC
:10C820000AD0022F1FD0012F1BD10AF1030A0AF0F0
:10C83000030A0AEB040616E098B92E463046BDE816
:10C84000F087022F17D0012F0BD1214C2368B3F5AD
:10C85000006F08D304282BD003213046FFF736FEA3
:10C86000E0B14FF0FF363046BDE8F0874FF00009E9
:10C870004FF48024B4E7164C2368B3F5006FF2D36D
:10C8800004281AD003213046FFF720FE0028E8D103
:10C8900002212846FFF71AFE30B1E2E701212846BF
:10C8A000FFF714FE0028DCD120232E462360C5E7C5
:10C8B000FFF72EFF0028CFD0D3E7FFF729FF00288E
:10C8C000E0D0CEE70005FA0B302C032000FE1F005D
:10C8D000340103202DE9F041074600200E46FFF702
:10C8E00063FF431C6DD000F58031CC024FF6FD7123
:10C8F000354B8046B3F8E020531E9BB28B4208D8DC
:10C900004FF47831314B03EA4223B1FBF3F203FBDE
:10C9100002442046FFF7ACFD831EDBB2022B4BD84E
:10C920002B4D04F5FF6C04F1180101E08C451CD07F
:10C93000DCE90023B3F1FF3F08BFB2F1FF3FACF1E8
:10C94000080C1FFA82FEF1D0BE45EFD1A86840F076
:10C950000100A8602B602F802C68A4B2B4EB124FAA
:10C96000E4D100203360BDE8F0814FF6FD71164B35
:10C97000B3F8E020531E9BB28B421FD84FF478319E
:10C98000124B03EA4223B1FBF3F103FB01F1C1F5C2
:10C990007833DB0A08F10308A8EB030808F0030862
:10C9A000984408F5803301EBC3242046FFF760FD6F
:10C9B000831EDBB2022BB4D90720D4E700217C23ED
:10C9C000E8E70320BDE8F0810005FA0B00FE1F0038
:10C9D000003002404FF6FD72431E9BB2934201D9D4
:10C9E00008207047002310B582B00C4601A90193BE
:10C9F000FFF770FF019B236002B010BD70B50646C3
:10CA000001200D46FFF7D0FE431C3AD04FF6FD71D2
:10CA10001D4B00F5803CB3F8E0204FEACC2C531EB0
:10CA20009BB28B4227D84FF47830184B03EA42234D
:10CA3000B0FBF3F003FB00F0CDB1154CA36843F05D
:10CA40000103A3602560268022681204114C2B4646
:10CA5000216832438C44604400F09EFC78B90E4952
:10CA600022680B880832013322600B8070BD002ED3
:10CA7000E3D13246EAE70020002DDED1F7E70220BD
:10CA800070BD032070BD00BF0005FA0B00FE1F0043
:10CA90000030024034010320322C03202DE9F04FF6
:10CAA000002785B0CDE90001C2F10200C0B21446F2
:10CAB0000397FFF779FE431C00F068812023BB4AEF
:10CAC000BB4D1070BB4A06462F801360002C00F04F
:10CAD00042814FF6FD71B84BB3F8E020531E9BB274
:10CAE0008B4200F23F814FF47833B44901EA42228D
:10CAF000B3FBF2F302FB03F31A46C3F57833DB0A08
:10CB00000336F61A06F003061E4406F5803002EBE3
:10CB1000C020FFF7ADFC022800F08680042800F05A
:10CB20008980012C40F0DB80032840F0D8809F4BA7
:10CB30002C881E789F4B4FF0000B1A6804F1FC0301
:10CB4000C2EBC62C0CF1006C4FF6FD7A9B4F0CF13A
:10CB5000200C1FFA83FE09E01FFA89F474454FF098
:10CB6000010B2C8002F1080200F01981924BB3F8FE
:10CB7000E03003F1FF381FFA88F1514598BF4FF4B8
:10CB8000783107EA432996BFB1FBF9F0002009FB91
:10CB900000F00CEB02010144D1E90001B1F1FF3FCB
:10CBA00008BFB0F1FF3F04F10109D5D14146BBF107
:10CBB000000F01D07F4802604FF6FD77DFF8FC815F
:10CBC00089B204F57C7AB942DFF8EC911FFA8AFA4F
:10CBD00008EA432325D84FF47830B0FBF3F003FB89
:10CBE00000F0C0F57832D20AC2F10303334403F0F7
:10CBF00003039E1806F5803300EBC320FFF738FCD3
:10CC0000032804F1FC0340F0C8809CB254452C80FA
:10CC100078D0B9F8E030591E89B2B94208EA432306
:10CC2000D9D97C220020DFE704213046FFF74EFCF3
:10CC300000285ED14FF6FD715F4BB3F8E020531E24
:10CC40009BB28B4200F2A6804FF478335B4901EA35
:10CC50004222B3FBF2F302FB03F31A46C3F5783327
:10CC6000DB0A06F10309A9EB030909F0030999445A
:10CC700009F5803002EBC020FFF7FAFBC31EDBB2E0
:10CC8000012B3AD84C4F4D4E1AE04FF47833B3FB9A
:10CC9000F1F301FB03F31846C3F57833DB0A09F11E
:10CCA0000309A9EB030909F00309994409F5803345
:10CCB00000EBC320FFF7DCFBC31EDBB2012B1CD84B
:10CCC000032810D04FF6FD72B7F8E03006EA432192
:10CCD000013B9BB29342D8D900207C23DFE70A2096
:10CCE00005B0BDE8F08F04214846FFF7EFFB0028B0
:10CCF000E8D0022005B0BDE8F08F012CB5F800A007
:10CD00003FF415AFBAF5FC7FF3D2DDE90001FFF780
:10CD100075FE0028EDD12C88022C26D80124009F16
:10CD20000CE02B88B3F5FC7F2CD230460399FFF73B
:10CD300065FE0028D4D10134FB2C19D0BC42A6B228
:10CD4000F9D0304603A9FFF7C5FD0028E9D0072830
:10CD5000F1D00320C4E70121FFF7B8FB00283FF41E
:10CD6000B8AEC6E700227C23CAE6023CFA2CD6D92C
:10CD70000E4B02211878FFF7A9FB0028B9D14FF418
:10CD80008070ADE7122005B0BDE8F08F042005B03B
:10CD9000BDE8F08F00227C2363E7A246B2E7054B93
:10CDA0001A60054BB3F8E030591E05E7302C03201C
:10CDB000322C0320340103200005FA0B00FE1F0073
:10CDC0002DE9F04F89B0064600F01EFB002840F028
:10CDD000D281074648F2050001244FF6FD71C04B91
:10CDE0009A6C42F480529A649B6CBE4A03F480535E
:10CDF0000793079B50619368BB4823F0180343F0E7
:10CE000008039360B94B0470B3F8E020531E9BB243
:10CE10008B4200F242814FF4783AB54B03EA422349
:10CE2000BAFBF3FA03FB0AF3C3F57834E40A03937D
:10CE300004F58033049304F10408A446039AAD4931
:10CE400002F5006202EBC3224FEAC32EA2F5006393
:10CE50000B60F3E802AB9A42FAD10CF1010CC44525
:10CE600002F50062F2D3039B4FF0000C0EEB030BB4
:10CE70005B46E1466546A3469A46CDE901CC80F87B
:10CE800000C05046FFF7F4FA421ED2B2012A40F227
:10CE90000B81032807D1019BCDF808B0002B08BFF8
:10CEA000D946013301930BF1010BC3450AF5006A22
:10CEB000E7D3002D00F064814FF6FD718B4BB3F882
:10CEC000E020531E9BB28B4200F2E481884B03EAC0
:10CED00042234FF47832B2FBF3F203FB02FBCBF5B3
:10CEE00078334FEAD32909F58035294609F1040A38
:10CEF0004FF0030803964C464646884609F1020364
:10CF00000BEBC52501932846FFF7B2FA012800F084
:10CF1000FB800134544505F5006506F10106F2D3A6
:10CF20000023039E01934FF6FD71704BB3F8E02090
:10CF3000531E9BB28B4200F2A5814FF4783C6C4BA0
:10CF400003EA4223BCFBF3FC03FB0CFCCCF5783575
:10CF5000ED0A05F58034224605F104084FF000097A
:10CF60000CEBC424CA46A346039704964F461646C4
:10CF7000A94664465846FFF77BFA022800F09680DF
:10CF8000032808BFCDF80890791C01EB0509C145BD
:10CF90000F460BF5006BEDD3DDE903765346002B0E
:10CFA00000F08681544D002220202B78DFF8548138
:10CFB0004FEAC32C0293514B4FF6FD7B9646DFF8A8
:10CFC0002CA1DFF82C910CF1006CA8F8002018605F
:10CFD00008E00830B0F5006F4FF0010EA8F800200F
:10CFE00000F08381BAF8E0300132591E8DB25D4500
:10CFF00098BF4FF4783509EA432496BFB5FBF4F5A2
:10D00000002565430CEB00042C44D4E90045B5F140
:10D01000FF3F08BFB4F1FF3F92B2DAD1BEF1000F7B
:10D0200001D0364A10604FF6FD750A46DDF808A0BB
:10D030002F4CDFF8B89028E04FF47831B1FBF3F1D2
:10D0400003FB01F1C1F57832D20A0AF103039B1AFE
:10D05000924503F0030302F1020000F0B380504553
:10D0600000F0B08003EB020A0AF5803001EBC0202B
:10D07000FFF7FEF9032840F01681B8F80030FC33C2
:10D08000A8F80030B9F8E0305A1E92B2AA4204EA79
:10D090004323D1D97C220021D7E7194B4FF08008D8
:10D0A0007C2404930397C8E60135FCE6A94549D0E2
:10D0B000022F47D0F81C00F00300304404EBC020DE
:10D0C000FFF7D6F903287FF45FAFBAF1000F40F005
:10D0D000EA80094A4FF0010A791C82F8009054E76F
:10D0E0000010024000300240282C03200005FA0BFB
:10D0F00000FE1F002C2C0320302C032034010320C1
:10D100007C000100322C03204C4528D0019BA34217
:10D1100025D006F0030040440BEBC020FFF7A8F930
:10D1200003287FF4F6AE0021744D01220846039EC9
:10D130002C70FFF7B3FCB0F5807F40F0DD80012359
:10D140000193F0E6791C01F00300304404EBC020A9
:10D150000591FFF78DF90028B7D0059915E7B01EA6
:10D1600000F0030040440BEBC020FFF781F90028DA
:10D170007FF4CFAED7E70E27384609B0BDE8F08F71
:10D18000019B002B00F0AB80C4F10300049B4844DA
:10D1900000F003001844039B03EBC020FFF768F97D
:10D1A00004287FF489AE029BC4F10100184400F00A
:10D1B000030001212044FFF789F900283FF47CAEE9
:10D1C0000227D9E7029D0135AD1A05F00305154484
:10D1D00005F58033AA4501EBC32127D0484C002E2A
:10D1E00037D10121284600F0DBF8002872D14FF634
:10D1F000FD71B4F8E020531E9BB28B423FD84FF430
:10D200007831404B03EA4223B1FBF3F103FB01F118
:10D21000C1F57833DB0A0135ED1A05F003051D442D
:10D2200005F58033AA4501EBC321D8D100F0EAF817
:10D23000019B002BA0D1B8F80030B3F5FC7F9BD246
:10D2400001990846FFF7DAFB071E18BF01277F0088
:10D2500092E74FF0110C01F50060D1E90023B3F122
:10D26000FF3F08BFB2F1FF3F01F1080118BF4FF0C7
:10D27000100C8142F1D1BCF1100FB8D1B1E70021FF
:10D280007C23C8E7204A4FF080087C254FF0000C33
:10D29000144663E61C494FF0800A4FF07C094FF0BA
:10D2A000000B0D4624E60A27384609B0BDE8F08F8A
:10D2B000EDB2029AC5F10103134403F003031D44C8
:10D2C000E8B20E4D02212870FFF700F900283FF464
:10D2D0006AAE75E70127384609B0BDE8F08F0198BE
:10D2E00009B0BDE8F04FFFF739B9084B1860044B9F
:10D2F000B3F8E030591E96E60C273DE7302C0320AA
:10D300000005FA0B00FE1F007C0001003401032021
:10D310004FF6FD72431E9BB2934201D9082070471D
:10D32000044B1B88B3F5FC7F01D2FFF767BB0022DB
:10D33000FFF7B4BB322C0320134B144A196CB2F81C
:10D34000E02011F4801F02F1FF334FF6FD719BB214
:10D350000CD18B4297BF0E4B0E4B03EA422303F1D5
:10D36000006383428CBF0120022070478B4297BF2D
:10D37000074B084B03EA422303F1006383428CBF4F
:10D3800002200120704700BF002002400005FA0B78
:10D3900000FE1F000000040801460120FAF736BC19
:10D3A0004FF6FD7C70B50026144B0446B3F8E02020
:10D3B00086B0531E9BB200F5803063450D46019642
:10D3C0004FEAC02008D80E4B03EA42234FF47832CC
:10D3D000B2FBF3F203FB0200FFF7AEFF02220346AB
:10D3E00001A902A8CDE9033405950292FAF722FEBD
:10D3F000003818BF012006B070BD00BF0005FA0B51
:10D4000000FE1F00704700BFFF2300B58BB001A8CE
:10D410000293FAF779FD079B13F4800F0CBF0E20DF
:10D4200000200BB000BD00BFD0F8B8320BB11B68B4
:10D4300018470320704700BF08B5D0F8B8320BB1C9
:10D440005B689847002008BD38B5044600F2AA255D
:10D45000284600F091FB012294F8AA12B4F8B032E9
:10D46000C029C4F89422C4F898320DD001F01F03EB
:10D47000012B1BD0022B13D063B12046BDE83840EE
:10D4800001F0800103F0F8B82046BDE83840802163
:10D4900003F0F2B829462046BDE8384000F0F6B85F
:10D4A00029462046BDE8384000F0C8BA2946204643
:10D4B000BDE8384000F08CBA70B5044631B9134667
:10D4C000D0F89422032A0DD0002070BD90F89C3231
:10D4D000032BF9D1D0F8B8329B69002BF4D0BDE80A
:10D4E00070401847D0E95752954208D890F89C32BE
:10D4F000032B0ED0204600F06DFB002070BDAD1A4E
:10D50000AA4228BF2A461946C0F85C5100F058FBD1
:10D51000DAE7D0F8B8321B69002BEBD09847E9E77F
:10D5200070B5044649B9D0F89432022B11D094F862
:10D53000A032012B22D0002070BD90F89C32032B2A
:10D54000F9D1D0F8B8325B69002BF4D0BDE8704057
:10D550001847D0E90736B3420D4614D820D094F8C6
:10D560009C32032B2FD08021204603F085F82046E3
:10D5700000F03CFB94F8A032012BDCD1002384F8AE
:10D58000A032002070BD9B1B1146C3611A4600F0FB
:10D590000DFB2B462A462946204603F0B1F8C6E784
:10D5A00082699342DBD8D0F898329A42D7D20A46A1
:10D5B00000F0FCFA2B462A4629462046C4F8985229
:10D5C00003F09EF8B3E7D4F8B832DB68002BCAD07A
:10D5D00020469847C7E700BF00210122D0F8B832A3
:10D5E00080F89C224160C0F89412C0F8A412EBB1FC
:10D5F000D0F8BC2270B5044612B15B6803B19847FD
:10D6000000224025012611464023204603F026F83B
:10D61000002280212B462046A4F86461C4F86051A2
:10D6200003F01CF80020A684256270BD032070471B
:10D6300003460020197470470346042193F89C2286
:10D640000020D2B283F89D2283F89C12704700BF5D
:10D6500090F89C32042B04D190F89D32DBB280F814
:10D660009C320020704700BFD0F8B82262B108B5E4
:10D6700090F89C32032B01D0002008BDD369002B09
:10D68000FAD09847002008BD0320704730B50B78CA
:10D690000D4603F06003202B044683B028D0402BB6
:10D6A00026D05BB18021204602F0E6FF0021204613
:10D6B00002F0E2FF0025284603B030BD4B78092B6D
:10D6C000F0D801A252F823F03BD7000863D7000836
:10D6D000A5D6000881D70008A5D6000889D700087C
:10D6E000C3D70008A5D60008F9D7000803D700085B
:10D6F00029462046D4F8B8329B6803B0BDE83040D4
:10D7000018478978B14D0129297000F23B8190F8C2
:10D710009C32022BDAB200F01D81032A00F0FA805D
:10D72000802102F0A9FF0021204602F0A5FF20463B
:10D730002978FFF781FE0325BDE790F89C32013B75
:10D74000022BAFD8CA88022AACD1D0F8A432014645
:10D75000003B18BF01235B0041F80C3F00F018FAB2
:10D76000A8E790F89C32013B022B9BD84B88012BF9
:10D77000A0D100232046C4F8A43200F02BFA99E788
:10D780004B88012B96D1F5E78B88002B8AD1CB886B
:10D79000002B87D14B887F2B84D890F89C22032ABA
:10D7A00080D0DDB2294680F89E5202F091FF2046DB
:10D7B00000F010FA002D00F0FB80022384F89C3268
:10D7C00078E700216A88ADF80610130A013B062BA2
:10D7D0003FF668AF01A151F823F000BF8DD80008D3
:10D7E00073D800089DD80008A5D60008A5D6000863
:10D7F0005DD8000821D80008CA88012A7FF452AFFA
:10D8000090F89C32022BD9B200F2B58000293FF487
:10D8100049AF0146002341F8083F00F0B9F949E754
:10D82000037C002B7FF43EAFD0F8B8320DF1060038
:10D830001B6B984707234370EB88002B66D0BDF81D
:10D840000620002A3FF42EAF9A4228BF1A4601460E
:10D850002046ADF8062000F09BF92BE7037C002B57
:10D860007FF420AFD0F8B8320DF106005B6B98471B
:10D87000E2E7027CD0F8B832002A40F08B809B6A45
:10D880000DF10600984702234370D5E7D0F8B43273
:10D890000DF106011B68007C9847CDE7D1B2052940
:10D8A00000F28A80DFE801F026201A140E03D0F877
:10D8B000B4329B69002B3FF4F5AE207C0DF10601DC
:10D8C0009847B9E7D0F8B4325B69002BF5D1E9E6A7
:10D8D000D0F8B4321B69002BEFD1E3E6D0F8B432B4
:10D8E000DB68002BE9D1DDE6D0F8B4329B68002B71
:10D8F000E3D1D7E6D0F8B4325B68002BDDD1D1E6B6
:10D900000223416080F89C32FFF796FD204600F02C
:10D9100061F9CFE60029F3D041680129F6D0C9B2F8
:10D92000FFF78AFD297820466160FFF77DFD0546F7
:10D930000028EBD08021204602F09EFE00212046E8
:10D9400002F09AFE20462179FFF776FD022384F843
:10D950009C32B0E60029D9D001214160FFF764FD77
:10D960000546F0B18021204602F086FE00212046C7
:10D9700002F082FE9FE603297FF494AE011D00F0C1
:10D9800007F997E6802102F077FE0021204602F099
:10D9900073FED0E6DB6A0DF1060098470223437060
:10D9A0004AE7204600F016F9032384F89C3281E60A
:10D9B000012384F89C327DE6D0F8B8329B6B002BB3
:10D9C0003FF470AE0DF10602984735E7342C032082
:10D9D00038B50B780D465A0604460DD503F06002A3
:10D9E000402A09D0802102F047FE0021204602F0A3
:10D9F00043FE0025284638BD94F89C32013B022B9B
:10DA000012D82B79032B0FD8D4F8B83229469B684B
:10DA100020469847EB880546002BEBD10028E9D13A
:10DA2000204600F0D7F8E5E78021204602F024FEEA
:10DA30000021204602F020FEDBE700BF70B50B7826
:10DA40000D4603F06003202B04464CD0402B4AD0F7
:10DA50004BB18021204602F00FFE0021204602F04B
:10DA60000BFE002070BD6B788A88012BD1B22BD0C1
:10DA7000032B40D0002BECD190F89C32022BD8B273
:10DA800053D00328E5D101F00F0303EB8303120603
:10DA900004EB830358D4B3F86431002BD9D001EBE5
:10DAA000810504EB850505F5AA75002958D02046A7
:10DAB00002F0FAFD002859D001232B6002222946EA
:10DAC000204600F065F8CCE790F89C32022BDAB2E1
:10DAD00022D0032ABDD16B88002BC2D14E0642D181
:10DAE000204600F077F8D4F8B83229462046BDE841
:10DAF00070409B68184790F89C32022BDAB20BD02A
:10DB0000032AA6D16B881BB94A0601D0EB887BB3E8
:10DB1000204600F05FF8A4E74B069AD002F0ACFD77
:10DB20008021204602F0A8FD9BE7480691D1002302
:10DB300011064CBF04F1140104F5AA71022220461B
:10DB40000B6000F025F88CE79B8C002B81D001F056
:10DB50007F05013505EB8505802904EB8505A6D1F8
:10DB600000232B60AAE702F093FDB9E72860A5E740
:10DB700002F082FDCCE700BF0B7803704B78437056
:10DB80004B8843808B888380CB88C380704700BFDD
:10DB900010B5134602240A46C0E906330021C0F836
:10DBA000944202F0A1FD002010BD00BF8C4608B5D4
:10DBB00000211346624602F097FD002008BD00BF19
:10DBC0008C4608B500211346624602F099FD0020FC
:10DBD00008BD00BF002310B504241A461946C0F83A
:10DBE000944202F081FD002010BD00BF002310B55B
:10DBF00005241A461946C0F8944202F081FD00201F
:10DC000010BD00BF08B54FF0E0231B6901F0F4FC24
:10DC1000012800D108BDBDE8084002F041BA00BFAC
:10DC200008B5EFF3058313B16FF0050008BD01F0EF
:10DC3000E3FC012807D0EFF31083002BF4D1EFF3BE
:10DC40001183002BF0D101F0D7FC0128034604D149
:10DC5000034A106808B9136008BD4FF0FF3008BDD3
:10DC600088390320EFF3058313B16FF00500704787
:10DC700010B501F0C1FC012809D0EFF3108313B1F6
:10DC80006FF0050010BDEFF31183002BF8D101F008
:10DC9000B3FC01280CD1084B1A68012A08D10024D2
:10DCA00002220649CC771A6001F0C0FA204610BD66
:10DCB0004FF0FF3010BD00BF8839032000ED00E0B9
:10DCC000F0B5002587B014460595EFF3058212B133
:10DCD000002007B0F0BD07460E4601F08DFC01287C
:10DCE00009D0EFF3108313B1059807B0F0BDEFF33F
:10DCF0001183002BF8D1002FF6D00CB3A569DDB944
:10DD000018256368DB07E3D463693BB39A08A0680E
:10DD1000D4F800C0E16820B3A729E5D9216900291A
:10DD2000E2D0002BE0D0CDE9011033466146384601
:10DD3000009501F045F9CCE76B1E372BE1D9C7E719
:10DD40004FF480721825214605AC334638460095BD
:10DD5000019401F069F90128BAD1C5E74FF4807246
:10DD6000D5E70029C0D12369002BBDD1644692B20A
:10DD7000E9E700BFEFF3058313B16FF005007047CB
:10DD800010B5044601F038FC012809D0EFF31083E8
:10DD900013B16FF0050010BDEFF31183002BF8D124
:10DDA0000CB9002010BD204601F022FAF9E700BFAF
:10DDB0004FF4807330B4034D034C05600C60136066
:10DDC00030BC7047E0380320E03403204FF4007388
:10DDD00030B4034D034C05600C60136030BC7047D9
:10DDE00038340320382C03204FF0FF31002200F19B
:10DDF0000803C0E90131C0E903330260704700BF86
:10DE000000230361704700BF4268036810B4946840
:10DE10000133C1E90124616091605DF8044B086140
:10DE20000360704730B40D686B1C10D000F108031C
:10DE30001C465B681A68AA42FAD902684B60013234
:10DE400099608C606160086130BC02607047046951
:10DE50006368F2E7036910B4D0E901125C688A6074
:10DE600051600021844208BF5A601A680161013A7A
:10DE70001A6018685DF8044B704700BF70B516460D
:10DE8000026C0446856B2AB9066801354EB310460C
:10DE9000A56370BD8EB9406802F0D6FC6368216C42
:10DEA000A2680B449342636028BF236805F1010513
:10DEB00028BF63600020A56370BDC06802F0C4FC89
:10DEC000226CE36851429B1A2268E360934202D2BB
:10DED000A3680B44E360022E08D001350020A5633F
:10DEE00070BD806801F0E0FBA660D1E7012D38BF6E
:10DEF0000125DFE770B5054602F0B0F895F845302A
:10DF00005CB2002C14DD05F1240603E0631EDAB2D6
:10DF10005CB26AB16B6A5BB1304601F09BFA0028D3
:10DF2000F4D001F05DFB631EDAB25CB2002AF1D1DD
:10DF3000FF2385F8453002F09FF802F08FF895F83E
:10DF400044305CB2002C14DD05F1100603E0631EC2
:10DF5000DAB25CB26AB12B695BB1304601F07AFA91
:10DF60000028F4D001F03CFB631EDAB25CB2002A58
:10DF7000F1D1FF2385F84430BDE8704002F07CB851
:10DF800070B568B3C56B0446F5B1026CA2FB0525FC
:10DF9000D5B90E4602F062F8D4E90F30FF2100FB3C
:10DFA00003F32268181A626013440244A563C4E9AB
:10DFB000023284F8441084F8451046B9236993B9B5
:10DFC00002F05AF8012070BD02F09CF9FEE704F15E
:10DFD0001000FFF709FF04F12400FFF705FFEFE74A
:10DFE00002F090F9FEE704F1100001F033FA002886
:10DFF000E6D002F027F8E3E770B582B09DF818602C
:10E0000033B3054650B11C465AB139B15023019380
:10E01000019B502B0DD002F075F9FEE702F072F96A
:10E02000FEE70029FAD150230193019B502BF2D136
:10E030002246C4E90F5101212046226084F846108F
:10E04000019BFFF79DFF204684F84C6002B070BD35
:10E0500002F058F9FEE700BFF0B585B00192002844
:10E0600000F0878004460E461D46002961D0022D2F
:10E0700002D1E36B012B6FD101F0BEFA00284ED024
:10E0800001F0ECFFA26BE36B9A4258D3022D56D0FD
:10E09000002007460DE001F0EFFF2046FFF72AFFC2
:10E0A00001F016F901F0DAFFA26BE36B01209A424E
:10E0B00045D3019B002B5FD0002836D001F0DCFF58
:10E0C00001F0FEF801F0CAFF94F84430FF2B08BFBE
:10E0D00084F8447094F84500FF2808BF84F8457020
:10E0E00001F0CAFF01A902A801F042FA002848D1B4
:10E0F00001F0B4FFA26BE36B9A42CCD101F0BCFFFC
:10E10000019904F1100001F065F92046FFF7F2FED5
:10E1100001F0DEF80028C5D101F094FFC2E7019BB1
:10E12000002BADD002F0EEF8FEE702A801F014FAE1
:10E13000C4E7036C002B9AD002F0E4F8FEE72A460D
:10E1400031462046FFF79AFE636A5BB938B901F0A1
:10E1500093FF012005B0F0BD02F0D4F8FEE701F016
:10E1600071FFF4E704F1240001F074F90028EED007
:10E17000F5E702F0C7F8FEE701F07EFF002005B0EA
:10E18000F0BD2046FFF7B6FE01F0A2F8F6E700BFAB
:10E1900070B582B011B350230193019B502B1AD15B
:10E1A0000C46002601210546C4E90F1684F84610E6
:10E1B00020462460019BFFF7E3FE3346324631469A
:10E1C000204684F84C50A6602660E660FFF744FFC6
:10E1D000204602B070BD02F095F8FEE702F092F81A
:10E1E000FEE700BFF0B585B0019200286BD0044671
:10E1F0000E4600295BD001F0FFF900285DD001F048
:10E200002DFFA56B002D61D1019B002B42D002A8F0
:10E2100001F0A2F92F4601F02FFF01F051F801F0B3
:10E220001DFF94F84430FF2B08BF84F8447094F825
:10E230004530FF2B08BF84F8457001F01DFF01A990
:10E2400002A801F095F998B901F008FFA36B33BB60
:10E2500001F012FF019904F1240001F0BBF82046FF
:10E26000FFF748FE01F034F868B901F0EBFE0AE070
:10E270002046FFF73FFE01F02BF801F0EFFEA36B05
:10E2800043B101F0F9FE01F0E9FEA56BF5B9019B80
:10E29000002BC0D101F0F0FE002005B0F0BD01F070
:10E2A000EBFE2046FFF726FE01F012F8EBE7036CC9
:10E2B000002BA0D002F026F8FEE7019B002B9ED099
:10E2C00002F020F8FEE702F01DF8FEE7226C5AB1DA
:10E2D000E168A36811449942E16028BF2168304693
:10E2E00028BFE16002F0B0FA013DA56323691BB9C4
:10E2F00001F0C2FE0120D0E704F1100001F0AAF8FD
:10E300000028F5D001F09EFEF2E700BFF0B585B021
:10E310000191002878D0036C0446002B3FD101F016
:10E320006BF910B9019B002B6BD101F097FEA56B27
:10E33000002D7AD1019B002B60D002A801F00CF9CE
:10E340002E462F4601F098FE00F0BAFF01F086FE3F
:10E3500094F84430FF2B08BF84F8447094F845309B
:10E36000FF2B08BF84F8457001F086FE01A902A8C2
:10E3700001F0FEF8B0B901F071FEA36B23B301F018
:10E380007BFE2046FFF7B6FD00F0A2FF01F066FE1F
:10E39000A56B002D49D1019B002BD3D12EE001F0BC
:10E3A000B1FFFEE72046FFF7A5FD00F091FF01F069
:10E3B00055FEA36B2BB901F05FFEC6B9002005B076
:10E3C000F0BD01F059FEE1E701F056FE23681BB3F2
:10E3D000019904F1240000F0FDFF2046FFF78AFDBB
:10E3E00000F076FF0028D1D101F02CFECEE701F03D
:10E3F00035FE616A59B9A06801F09EF901F03CFE52
:10E40000DCE701F07FFFFEE701F07CFFFEE7236B16
:10E410001968C1F13801EEE701F020FEA06801F0B3
:10E42000FBF8064601F028FED2E72368013DA5630C
:10E4300073B123691BB901F01FFE0120BFE704F18E
:10E44000100001F007F80028F5D001F0FBFDF2E71D
:10E4500001F0C0F9A060ECE738B500B3A1B1124CEF
:10E460006268234682421DD0A44600221D68013204
:10E4700008337DB1082A07D05D689C46A842F5D1D3
:10E4800004EBC20CCCE9001038BD5D68A842F7D09F
:10E4900001320833082AF8D1CCE90010F4E701F082
:10E4A00031FFFEE70022EBE79039032070B5044608
:10E4B0000E46154601F0D2FD94F84430FF2B04BF00
:10E4C000002384F8443094F84530FF2B04BF002328
:10E4D00084F8453001F0D0FDA36B23B12046BDE8A0
:10E4E0007040FFF707BD04F124002A46314600F0D2
:10E4F00085FF2046BDE87040FFF7FCBC2DE9F843DE
:10E500001C4683681646A3EB04089045474628BF7F
:10E510001746E219934202D201F0F4FEFEE70546E7
:10E5200080693A462044894602F08EF9B0450BD204
:10E53000AB68F21B9A4202D901F0E4FEFEE7A8693B
:10E5400009EB070102F080F9AB68A019984228BFD7
:10E55000C01ABDE8F88300BF2DE9F0411C460B4608
:10E5600081681546A1EB04089045474628BF174629
:10E57000E219914202D201F0C5FEFEE7816906462A
:10E580003A461846214402F05FF9A84506D3B3681D
:10E590006019984228BFC01ABDE8F081B1693844BB
:10E5A000EA1B02F051F9F2E7F0B51646027F1C466D
:10E5B000D20705460F46036883B006D4B44228BF8D
:10E5C00034467CB9204603B0F0BD04220DEB0201B5
:10E5D000FFF7C2FF019A034696420CD20024204660
:10E5E00003B0F0BD224639462846FFF7B5FF286044
:10E5F000204603B0F0BD1646043CDFE7F0B51646F2
:10E60000027F1C46D20705460F46436883B007D5F4
:10E61000089A0196944211D20024204603B0F0BD1E
:10E62000B44228BF3446002CF7D02246394628464B
:10E63000FFF764FF6860204603B0F0BD04220DEBD5
:10E640000201FFF75BFF34460346002CE5D0ECE700
:10E650002DE9F04182B0CBB11D46089BE3B1814268
:10E6600004460E460FD8002A0CBF4FF002084FF0A8
:10E67000030804280DD924230193019F9F420ED043
:10E6800001F040FEFEE701F03DFEFEE701F03AFE3C
:10E69000FEE701F037FEFEE701F034FEFEE702463A
:10E6A0005521284602F044F8854202D001F02AFEA6
:10E6B000FEE73A460021089802F03AF8089B012E3E
:10E6C00038BF012618469D619C6083F81C80DE607F
:10E6D00002B0BDE8F08100BF38B568B18568026856
:10E6E0000168446803689A42F9D168180138001B30
:10E6F000854298BF401B38BD01F004FEFEE700BF15
:10E7000008B540B1826843680168D018401A824257
:10E7100098BF801A08BD01F0F5FDFEE72DE9F04332
:10E7200087B00393002900F084800446002800F09D
:10E730008380037F8568DB0717460E4605F1FF32AD
:10E740005ED4BA4228BF3A469046039B002B33D092
:10E7500004A800F0EBFE01F081FCA16820682568A8
:10E76000626823689842F9D10D44013DAD1AA9426F
:10E7700098BF6D1AA84565D90021084601F052FAE4
:10E78000D4F81490B9F1000F5FD100F02FFF606151
:10E7900001F072FC039A494600924B464A464846AD
:10E7A00001F05AF803A904A8C4F8149000F0E0FEA0
:10E7B0000028D0D05DB9A568226821686068236808
:10E7C0009A42F9D14B1E1B1A5D1938BF1D462B46C4
:10E7D0003A4631462046CDF80080FFF70FFF054648
:10E7E00050B1A2686368216813445B1A9A4298BFCB
:10E7F0009B1AE2689A420CD9284607B0BDE8F0831C
:10E8000007F1040847451AD242459ED200230393DC
:10E81000D2E700F055FD236943B100262069334655
:10E8200032463146009601F063F8266100F050FD53
:10E83000E2E701F067FDFEE701F064FDFEE701F0AD
:10E8400061FDFEE701F018FCB4E701F05BFDFEE7B7
:10E85000F0B583B0002942D00446002842D01F46BC
:10E8600090F81CC0D0F808E00CF0010C02EB8C0C06
:10E8700025682668636820688542F9D17644013EA0
:10E88000F31A9E45204698BFA3EB0E03CDF800C0B7
:10E89000FFF7B4FE054650B1A268636821681344CF
:10E8A0005B1A9A4298BF9B1AE2689A4202D928469C
:10E8B00003B0F0BD01F026FD236906464BB1206987
:10E8C000019700273B463A463946009701F090F8F9
:10E8D0002761304601F022FD284603B0F0BD01F06B
:10E8E00011FDFEE701F00EFDFEE700BF2DE9F0434C
:10E8F00083B0002949D00446002849D0077F0E463E
:10E9000007F0010790469946BF0073B9A368656890
:10E9100022681D44AD1AAB4298BFED1ABD4212D811
:10E920000025284603B0BDE8F08301F097FBA368FB
:10E93000656822681D44AD1AAB4298BFED1ABD420E
:10E940001AD901F099FB2B46424631462046FFF783
:10E950002BFE05460028E3D000F0B2FC636943B10A
:10E9600000266069334632463146009600F0C0FF0B
:10E97000666100F0ADFCD4E70021084601F052F9D1
:10E98000256945B101F0BEFCFEE701F0BBFCFEE7E6
:10E9900001F0B8FCFEE700F029FE206101F06CFBFD
:10E9A0002B462A4629462846CDF8009000F054FF11
:10E9B0002561ABE72DE9F041054601F04FFB374AF1
:10E9C000374F1368013313603B68002B35D0354C4B
:10E9D000EB6A226852B3344E344935480A6805F16F
:10E9E000040C01326A640A6002689A4238BF03600C
:10E9F00003EB830306EB830041689B00A960F25898
:10EA0000D1F808E00132C5F80CE0CEF804C0C1F836
:10EA100008C06861F25001F02FFB236823B13A6807
:10EA2000EB6AD26A9A4210D3BDE8F0813A681E4E72
:10EA3000D26A9A4298BF3D60CEE73D601368012BD1
:10EA400007D0EB6A184E174CC6E7BDE8F04101F05D
:10EA5000F9BA154E344606F58C6820461434FFF793
:10EA6000C3F94445F9D1DFF86480124C4046FFF702
:10EA7000BBF92046FFF7B8F90F48FFF7B5F90F4883
:10EA8000FFF7B2F90E48FFF7AFF90E4BC3F800805D
:10EA90000D4B1C60EB6A034C9EE700BFF43903206A
:10EAA000C83E0320E8390320683A0320D839032000
:10EAB000EC390320403A0320243A0320103A032083
:10EAC000F83903203C3A0320383A0320543A032013
:10EAD000F8B50446214B224E1D6830680F460430BD
:10EAE000FFF7B8F9631C17D033682D195D600BD29E
:10EAF0001C4B186831680431FFF794F91A4B1A68F7
:10EB0000AA4200D91D60F8BD184B18683168BDE8ED
:10EB1000F8400431FFF786B96FB933686A1E5A604E
:10EB2000002DF1D10F4B186831680431FFF77AF9E5
:10EB30000D4B1B68F8BD0E4B31685A6837688A6008
:10EB40003068316835681C68043001341C60946892
:10EB50000431FC60606091606B61F8BDF0390320A6
:10EB6000C83E03203C3A0320D4390320383A03201E
:10EB7000F83903202DE9F0478A460A9C950007469C
:10EB8000A5212A46206B9846089E01F0D1FDD4F8B5
:10EB90003090BAF1000F0FD00AF1FF3C0AF10F01DB
:10EBA00004F1330E1CF8012F0EF8012F0AB18C4529
:10EBB000F8D1002384F84330372E02D901F0A2FBAC
:10EBC000FEE7E662E664201DFFF71AF9C6F1380693
:10EBD00004F11800FFF714F94C220021A66124610A
:10EBE000646204F1540001F0A3FD0B49043D01F1FE
:10EBF0006803A16509EB0500D031E3652166434652
:10EC00003A46216B20F0070001F078FA099B20605A
:10EC100003B11C60BDE8F0872058032080B51E4D6D
:10EC2000DFF884801D4E1E4F1E4C2B684BB301F045
:10EC300015FAD8F80C30D3F80C9009F10400FFF75E
:10EC400009F93368013B33602B68013B2B6001F00D
:10EC500013FA3868543001F073FD99F8A53033B1D8
:10EC6000012B14D0022BE0D001F04CFBFEE7D9F8C9
:10EC7000300001F05FFC484601F05CFC2B68002B83
:10EC8000D5D12368012BD0D901F0DCF9CDE7484676
:10EC900001F050FCC9E700BF0C3A0320F43903200F
:10ECA000C83E0320683A0320103A03202DE9F04FB4
:10ECB000604B83B01C6801341C60002C79D05E4B23
:10ECC0001A6894427CD35D4D2A681268002A00F0CD
:10ECD000AC804FF0000CCDE9004366465848DFF8A1
:10ECE00074E1584F58E0D3F81490D3E90241A16081
:10ECF0009C684C60D9F80410914204BFD968C9F8E7
:10ED00000410D9F800105E610139C9F80010D3F879
:10ED10002890B9F1000F11D0D3E90741A160DC6957
:10ED20004C60D9F80410414504BF196AC9F80410B1
:10ED3000D9F800109E620139C9F80010D3F82C8070
:10ED4000D7F8009008EB880100EB810AC845DAF893
:10ED5000049088BFC7F8008050F82180C3F808905D
:10ED6000D9F808B008F10108C3F80CB0CBF80420BA
:10ED7000C9F80820C3F814A040F82180DEF800206C
:10ED8000D5F80080D96AD26AD8F80030914288BF9D
:10ED90004CF0010C002B43D02B68009CDB68DB6837
:10EDA00059681A1D8C4203F118089CD2019B196006
:10EDB0000BE0224B1A681268DAB101F0A3FAFEE701
:10EDC0004FF0000C1E48DFF88CE0DEF800301E4AE1
:10EDD000DB6A03EB83039B00C0581368012898BFCC
:10EDE000002B14BF0120002040EA0C0003B0BDE856
:10EDF000F08F164A186811681960154910600A6882
:10EE000001320A601A68126822B94FF0FF320A4BC9
:10EE10001A6055E71A68084BD26812681A604FE703
:10EE2000019B4FF0FF321A60CFE794460448DFF8A9
:10EE300024E0F6E7F0390320D43903203C3A0320DC
:10EE4000683A0320EC390320E0390320383A0320E4
:10EE5000DC390320C83E03202DE9F04F4E4C83B02F
:10EE600001F0FCF82368013B23602668002E40F087
:10EE700083804A4B1B68002B7ED0494D2B68002BAA
:10EE800000F08680474F4848DFF82CC1DFF82C811E
:10EE90000196EB68DB681A6ADE69996AB260DE691E
:10EEA00003F1180E56604A68019E724504BF1A6A43
:10EEB0004A600A689E62013A0A60D9689E685A6987
:10EEC000B1609E6803F1040E4E605168714504BF45
:10EED000D9685160116801391160DA6AD7F8009079
:10EEE00002EB820100EB810A4A45DAF8049088BF00
:10EEF0003A6050F82120C3F80890D9F808B00132E0
:10EF0000C3F80CB0CBF804E0C9F808E0C3F814A0CB
:10EF100040F82120DCF80010DA6ACB6A9A4284BFFC
:10EF20000123C8F800302B68002BB2D11F4B1A68A0
:10EF3000126842B31A681E4BD26812681A601D4EDE
:10EF4000356895B1012706E0FFF7B0FE08B1C8F8B3
:10EF50000070013D08D02368002BF5D03368013DD7
:10EF600003F101033360F6D13560D8F800301BB1EE
:10EF700001F068F8012400E0002401F07DF820464B
:10EF800003B0BDE8F08F4FF0FF32094B1A60D6E7AF
:10EF9000DFF82880D3E700BFD0390320F4390320FD
:10EFA000243A0320EC390320683A03203C3A03203A
:10EFB000D4390320E4390320C83E0320E03903207C
:10EFC0002DE9F04188B0DDE90F573DB34FB3164648
:10EFD000A8220792079AA82A02D001F093F9FEE727
:10EFE00004468846384607990021059301F0A0FBA6
:10EFF00020460E9C3D6300940224029787F8A540AA
:10F0000006AC32464146059B0194FFF7B3FD3846F6
:10F01000FFF7D0FC069808B0BDE8F08101F072F966
:10F02000FEE701F06FF9FEE72DE9F043064685B0F3
:10F03000900015460F46984601F0F4F908B30446CF
:10F04000A82001F0EFF98146C0B1A822002101F00B
:10F050006FFBC9F830400D9C434601940C9C2A4636
:10F0600039463046CDF808900094FFF783FD4846B6
:10F07000FFF7A0FC012005B0BDE8F083204601F0B9
:10F0800059FA4FF0FF3005B0BDE8F08370B5044683
:10F09000304D00F0E3FF002C42D0261D3046FEF735
:10F0A000D9FEA36A1BB104F11800FEF7D3FE2A4A69
:10F0B0001368013313602B68A34228D0274A2849DC
:10F0C0001368013B13600B681B68DBB10A68254BB2
:10F0D000D26812681A6000F0CFFF2B68A3420AD0F2
:10F0E0002868543001F02CFB94F8A5301BB3012B99
:10F0F00028D0022B16D11C4B1B6813B12B68A342DE
:10F1000013D070BD4FF0FF32164B1A60E3E7314663
:10F110001648FEF779FE164A136801331360DAE7E2
:10F120002C68BAE701F0EEF8FEE7124B1B686BB1F2
:10F1300001F0E8F8FEE7206B01F0FCF9204601F051
:10F14000F9F9D8E7204601F0F5F9D4E7BDE87040B9
:10F1500000F078BFC83E0320D8390320F4390320DB
:10F160003C3A0320D4390320E8390320103A032025
:10F170000C3A0320D039032038B578B3D1B11A4CFA
:10F1800023682BBB236801332360184B02681D687A
:10F1900053182CBF01210021AA420ED8D9B1036017
:10F1A0000021581BFFF794FC236801255BB901F08F
:10F1B000A9F8FEE701F0A6F8FEE761B9036023684D
:10F1C0000025002BF3D0FFF747FE50B1284638BD8D
:10F1D00001F098F8FEE79D42E1D3EFE701F092F8E5
:10F1E000FEE700F02FFFF1E7D0390320F0390320CC
:10F1F000C0B110B50C4C216811B101F083F8FEE7E5
:10F20000236801332360FFF763FC23681BB1FFF71A
:10F2100023FE18B110BD01F075F8FEE7BDE81040FF
:10F2200000F010BF00F00EBFD039032030B500242D
:10F2300089B007AA06A905A8CDE90544FEF7B8FDDF
:10F24000DDE905231649CDE9013216482346079A20
:10F250000094FFF7B5FE30B100F09CFE0128054692
:10F2600008D0013503D0104B1B6809B030BD01F048
:10F2700049F8FEE701F046F84FF0FF300B4B0C4A1F
:10F280001B680C49543313600B4A0C4B0860156023
:10F290001C6000F06FFF044B1B6809B030BD00BF5D
:10F2A000040A01081DEC0008FC130108C83E0320F5
:10F2B0003C010320D4390320E8390320F03903202E
:10F2C000024A136801331360704700BFD03903202E
:10F2D00008B5054B1B6813B901F014F8FEE7BDE84B
:10F2E0000840FFF7B9BD00BFD0390320014B1868B3
:10F2F000704700BFF0390320054B1B680BB9FFF7BF
:10F30000D5BC044A0020136801331360704700BF66
:10F31000D0390320E439032038B5284B1B681BB1D2
:10F320000122274B1A6038BD254A264C13602368FA
:10F330001B6B1A68B2F1A53F03D15A68B2F1A53F21
:10F3400032D0206821683431F0F782FF1E4D1F490A
:10F350002B6803EB830292008A58980042B903B3EA
:10F36000013B03EB830251F822209800002AF6D0DB
:10F37000184401EB800C6246DCF80410083249683E
:10F380009142CCF8041008BFDCF80C10104A08BFFA
:10F39000CCF80410C96821602B60236854331360D3
:10F3A00038BD00F0AFFFFEE79A68B2F1A53FC8D1C3
:10F3B000DB68B3F1A53FC4D1C8E700BFD039032053
:10F3C000E0390320C83E0320EC390320683A0320CB
:10F3D0003C01032010B558B10C46074B1968183191
:10F3E000FEF720FD2046BDE810400121FFF770BB6D
:10F3F00000F088FFFEE700BFC83E0320F8B50346D3
:10F4000010B3134C5D680846002A11462268D4F8F0
:10F4100000E0D56126682268D4F800C002F1180423
:10F420001A68AF6806F1180602F10102CEF82070E2
:10F4300018BF4FF0FF307E60AC60CCF828301A6007
:10F44000BDE8F840FFF744BB00F05CFFFEE700BFFB
:10F45000C83E0320C36870B5DB68002B57D0D3E9E2
:10F4600007019A6A8160DD6954684D60002503F1E7
:10F470001800844208BF196A264C08BF5160116801
:10F480009D62013911602268AAB1234A5468DC6187
:10F49000A168196248601168A06001319A62116028
:10F4A0001E49DA6A0B68DB6A9A422ED901231C4A8C
:10F4B0001846136070BD5A69D3E9020181609C68E7
:10F4C00050681D1D4C60A84208BFD968154808BF88
:10F4D0005160116801391160DA6A01688A42124983
:10F4E00088BF026002EB82024FEA820C01EB8202CB
:10F4F000546851F80C009C60A6680130DE607560AD
:10F50000A5605A6141F80C00CAE7002070BD00F008
:10F51000F9FEFEE7D0390320243A0320C83E032039
:10F52000E0390320EC390320683A032010B560B1BC
:10F53000044600F093FD064A064B12681B68C4E9B6
:10F540000023BDE8104000F097BD00F0DBFEFEE7B1
:10F55000DC390320F0390320034A044B12681B688E
:10F56000C0E90023704700BFDC390320F0390320D5
:10F57000F8B568B30D4641B3044600F06FFD2B6843
:10F58000154A581C11681BD0D4E90060DFF84CC044
:10F59000DCF80070BE4208D0884206D8002301245F
:10F5A0002B6000F069FD2046F8BD0F1ABB42F5D96B
:10F5B0005B1ADCF80010126803442B60C4E90012E7
:10F5C000002400F059FD2046F8BD00F09BFEFEE748
:10F5D00000F098FEFEE700BFF0390320DC3903207D
:10F5E0000122014B1A607047E0390320014B186873
:10F5F000704700BFC83E0320054B1B6833B1054B65
:10F600001868B0FA80F04009400070470120704748
:10F61000E8390320D0390320F8B50446C8B11F4D9E
:10F62000C36A2A68D26A934214D28269002A04DB30
:10F630002A68D26AC2F138028261194E626903EB0C
:10F64000830306EB83039A420CD02B68DB6AE362E8
:10F650000120F8BD2B68C06CDB6A98422CBF0020EB
:10F660000120F8BD271D3846FEF7F4FB2B680D4A34
:10F67000DB6A1168E3628B4288BF136003EB83038C
:10F68000980006EB830359683258A1608D680132F7
:10F69000E5606F608F6063613250D9E7C83E032038
:10F6A000683A0320EC39032098B1204B70B51B68F1
:10F6B0000446834202D000F025FEFEE71B6D53B1E5
:10F6C000C16AC26C013B9142036500D033B1002096
:10F6D00070BD0020704700F015FEFEE7051D2846AE
:10F6E000FEF7B8FBE36C124AC3F13800A0610120B9
:10F6F0001168E3628B4288BF13600E4A03EB8303F9
:10F700004FEA830E02EB8303D3F804C052F80E10C5
:10F71000C4F808C0DCF808600144E6607560CCF805
:10F720000850636142F80E1070BD00BFC83E032050
:10F73000EC390320683A032080B1036D70B50446AC
:10F740004BB1C06CE26A814238BF01468A4201D0A7
:10F75000012B04D070BD00F0D5FDFEE770471A4BB9
:10F760001B68A3422CD0A369E162002BA8BFC1F1A2
:10F770003801164DA8BFA16102EB8202616905EB59
:10F7800082039942E6D1261D3046FEF763FB104AFC
:10F79000E36A11688B4288BF136003EB8303980010
:10F7A00005EB830359682A58A160D1F808C00132DB
:10F7B000C4F80CC0CCF804608E6063612A5070BD40
:10F7C00000F0A0FDFEE700BFC83E0320683A03201A
:10F7D000EC390320044B1A681AB119680A6D01321A
:10F7E0000A651868704700BFC83E032070B510B1A5
:10F7F00000F088FDFEE7174D0E46144600F02EFC83
:10F800002B68D3F8A03023B901212B6883F8A4100A
:10F81000CCB900F031FC00F021FC2B68D3F8A040FB
:10F8200024B15EB100222B68C3F8A02000222B680F
:10F8300083F8A42000F020FC204670BD2B68621ED7
:10F84000C3F8A020F2E72046FFF742F900F0FAFBE8
:10F85000DFE700BFC83E0320F8B510B100F052FD4D
:10F86000FEE7224E1D460C46174600F0F7FB3368B4
:10F8700093F8A430022B0CD001213268D2F8A030CA
:10F8800023EA0403C2F8A030336883F8A410069B6F
:10F89000FBB900F0F1FB00F0E1FB1DB13368D3F8D8
:10F8A000A0302B60336893F8A430022B08D00024DA
:10F8B0000022336883F8A42000F0DEFB2046F8BD68
:10F8C00032680124D2F8A03023EA0703C2F8A0303E
:10F8D000EEE71846FFF7FCF800F0B4FB00F0CCFBB5
:10F8E00000F0BCFB002DD9D1DCE700BFC83E0320EF
:10F8F00070B531BB0446B0B11D46164600F0AEFBF4
:10F90000049B1BB1D4F8A030049A1360022294F82F
:10F91000A43084F8A420DBB2042D5AD8DFE805F027
:10F920000A1A1408060000F0EDFCFEE7022B4ED088
:10F93000C4F8A060012B13D0012400F09DFB2046E9
:10F9400070BD00F0DFFCFEE7D4F8A0200132C4F85F
:10F95000A020EFE7D4F8A0203243C4F8A020E9E7C4
:10F960006369D4E902128A60A0685968251D506055
:10F97000A94208BFE2681A4908BF5A601A68013AEA
:10F980001A60E36A0A689342164A88BF0B6003EB69
:10F9900083039E0002EB830358689159A060D0F85E
:10F9A00008C00131C4F80CC0CCF804508560636114
:10F9B000A36A915113B100F0A5FCFEE70A4BE26A7D
:10F9C0001B68DB6A9A42B7D900F03CFBB4E700241D
:10F9D000B3E7064A1268002AACD000F093FCFEE7B9
:10F9E000EC390320683A0320C83E0320F039032095
:10F9F00070B5A0B3C9B91D460446164600F02AFCEE
:10FA000000F080FC049B1BB1D4F8A030049A136072
:10FA1000022294F8A43084F8A420DBB2042D72D81A
:10FA2000DFE805F00A171108060000F06BFCFEE79E
:10FA3000022B66D0C4F8A060012B13D0012400F083
:10FA40006DFC204670BDD4F8A0200132C4F8A0207F
:10FA5000F2E7D4F8A0203243C4F8A020ECE700F08D
:10FA600051FCFEE7A36A13B100F04CFCFEE7294B02
:10FA70001B68DBB1284B5A681968E261956801314F
:10FA8000196004F11801256269609160A362234B3B
:10FA9000E26A1B68DB6A9A42D0D9059B13B1012345
:10FAA000059A136001221E4B1A60C7E76369D4E907
:10FAB00002128A60A168261D51605A68B24204BFD2
:10FAC000E2685A601A68013A1A60164AE36A1168D5
:10FAD0008B4288BF1360144A03EB830302EB830C51
:10FAE000DCF804509B00D158A560D5F808E001313E
:10FAF000C4F80CE0CEF80460AE60C4F814C0D15075
:10FB0000C5E700249BE7094A1268002A94D000F058
:10FB1000F9FBFEE7D0390320243A0320C83E032036
:10FB2000E0390320EC390320683A0320F039032040
:10FB3000F8B500283BD0B9B90446154600F08AFB59
:10FB400000F0E0FB022394F8A42084F8A430D4F859
:10FB5000A030012A03F10103C4F8A03023D1A36A25
:10FB60002BB100F0CFFBFEE700F0CCFBFEE7274B0C
:10FB70001B68FBB1264B5A681968E261966801312F
:10FB8000196004F11801266271609160A362214B33
:10FB9000E26A1B68DB6A9A4205D90DB101232B602A
:10FBA00001221D4B1A60BDE8F84000F0B7BB00F021
:10FBB000A9FBFEE76369D4E902128A60A16804F137
:10FBC000040E51605A68724504BFE2685A601A68B0
:10FBD000013A1A60114AE36A11688B4288BF1360C8
:10FBE0000F4A03EB83039E0002EB8303D3F804C0A8
:10FBF0009159C4F808C0DCF808700131E760C7F813
:10FC000004E0CCF808E063619151C0E7D0390320EB
:10FC1000243A0320C83E0320E0390320EC390320B6
:10FC2000683A032038B599B9044670B100F016FA65
:10FC300094F8A430022B05BF00230125002584F889
:10FC4000A43000F019FA284638BD034B1C68EDE7D4
:10FC500000F058FBFEE700BFC83E0320F0B5124C91
:10FC600083B000F0FBF9256825B103B0BDE8F04092
:10FC700000F002BA0D4E0E4F3046FEF7B5F838468A
:10FC8000FEF7B2F80B490C4B00950A201F600E607E
:10FC90000A4B10210A4AFEF7AFF920600028E4D091
:10FCA0000849FEF7D9FBE0E7C43F0320E43F032007
:10FCB000D03F0320CC3F0320C83F0320CC3E03208D
:10FCC0001C3F03200C0A01082DE9F047DFF884905F
:10FCD0000546D9F800300F46DB68DC6804F10408FB
:10FCE0004046FEF7B7F894F828305A070ED423F0B0
:10FCF000010384F828302046236ABDE8F0471847FE
:10FD000093421BD82046236A98473546A3697A1B3D
:10FD1000EE182CBF01210021B74266602461EFD2AA
:10FD2000AF4201D20029EDD0D9F800004146FEF7DC
:10FD300079F82046236ABDE8F0471847044B41464E
:10FD40001868FEF76FF82046236ABDE8F0471847A9
:10FD5000C83F0320CC3F03202DE9F047894D8A4E50
:10FD60008A4F8B4C84B02B68D3F80090B9F1000F08
:10FD700040F0D480FFF7A4FAFFF7B8FA3368804662
:10FD800098423DD33B6830601A68B2FA82F2520959
:10FD90002068A9EB0801FEF789FBFFF799FA002814
:10FDA00000F0CD80002269462068FEF71BFA00288B
:10FDB000D9D0009B0298002BC0F2A880DDF8088003
:10FDC000D8F814301BB108F10400FEF743F8FFF730
:10FDD0008DFA33688146984224D3009BC6F8009080
:10FDE000013B082BDED8DFE803F025258169882553
:10FDF00025816900DB684FF0FF311868FFF764FF69
:10FE00002B681A68002AF5D13A68C6F800802A6083
:10FE10003B60FFF75DFAC5E7DB684FF0FF3118681C
:10FE2000FFF752FF2B681A68002AF5D13A683B6049
:10FE30002A60D2E798F82810019AD8F8180041F003
:10FE4000010C131888F828C02CBF4FF0010C4FF09C
:10FE5000000C4B45C8F80430C8F8108072D8A9EBE4
:10FE6000020290423CD84A0711D421F0010188F8DF
:10FE700028104046D8F82030984793E7904277D82A
:10FE80004046D8F8203098475346D8F8180010EB71
:10FE9000030A2CBF01210021D145A9EB0302C8F8B8
:10FEA00004A0C8F81080E9D2994501D20029E7D012
:10FEB000286808F10401FDF7B5FFDAE798F8282073
:10FEC000019B42F0010288F82820C8F81830002B66
:10FED00054D04B444B45C8F80430C8F8108036D88D
:10FEE000386808F10401FDF79DFF5BE798F82830BA
:10FEF00023F0010388F8283054E798F828309A074F
:10FF000032D523F0010388F828304BE7019B039991
:10FF10009847009B002BFFF645AF4FE7DB68D3F80F
:10FF20000090FFF7CDF9FFF7E1F93368804698427A
:10FF3000FFF466AF814530600FD9002228E700F05A
:10FF400081F82FE74A4502D9BCF1000F8BD0286811
:10FF500008F10401FDF766FF24E7FFF7B9F9414610
:10FF60004846FFF7B1FE1DE7404600F0E3FA19E707
:10FF7000386808F10401FDF755FF7AE700F0C2F98F
:10FF8000FEE700BFCC3F0320BC3F0320C83F032057
:10FF9000C43F032010B588B0FFF760FE0F4B1B680D
:10FFA000CBB1002407AA06A905A8CDE90544FDF7B1
:10FFB0000DFF02222346059C00920294069C0849EC
:10FFC0000848079A0194FEF7FBFF074B186010B131
:10FFD000012008B010BD00F095F9FEE7C43F0320F2
:10FFE000140A010859FD0008C03F0320002200B593
:10FFF000074B83B001921B68013302D000F082F9F5
:020000040801F1
:10000000FEE700F07FF9019B002BFCD003B000BDA0
:10001000380103204FF0E0220023072010B4074CE2
:1000200013619361236806495DF8044BA1FB031338
:100030009B09013B53611061704700BF0C01032015
:10004000D34D62104FF0E0234FF08052C3F8042DDF
:10005000BFF34F8FBFF36F8F704700BF08B500F03D
:1000600051F9044A136801331360BFF34F8FBFF394
:100070006F8F08BD3801032008B5084B1A684AB1D4
:100080001A68013A1A60186800B108BDBDE8084056
:1000900000F044B900F036F9FEE700BF3801032054
:1000A00010B500F02FF90446FFF726F928B14FF0FC
:1000B000E0234FF08052C3F8042D2046BDE81040E5
:1000C00000F02CB908B5836913F8023C662B02D006
:1000D00000F018F9FEE74FF0E023D3F8882D42F442
:1000E0007002C3F8882DD3F8342F42F04042C3F891
:1000F000342FBDE8084000F0D3B800BF2DE9F04F21
:100100004FF0113E4FF0807440E909E34FF00733A0
:1001100040F8044C164C40F8343C40E903424FF0A0
:1001200005334FF006324FF0123B40E90F324FF0EB
:10013000033A4FF002394FF001384FF010374FF0CB
:1001400009364FF008354FF004346FF0430340E9AF
:1001500005AB40E9078940E90B6740F8305C40F89F
:10016000404C40F8443C40F8481DBDE8F08F00BFCB
:10017000EDFF000800204FF0E0234FF07F4130B545
:1001800085B00290D3F81C0D2F4A0190C3F81C1DB6
:10019000D3F81C3D1B0E8DF803309DF8033003F09F
:1001A000A0031370002B41D09DF80330DB4313F004
:1001B000A00F0BD000F0A6F8FEE7029B01330293DC
:1001C0009DF803305B00DBB28DF803309DF80330FF
:1001D0001B06F2D4029B082B2BD0029AC2F1070215
:1001E000120202F4E0624FF0E02300250199174863
:1001F000174C0260C3F81C1DD3F8202D42F47F0277
:10020000C3F8202DD3F8202D42F07F42C3F8202DD3
:10021000FFF700FF256000F063F8FFF77DF8039516
:100220002368013307D000F06DF8FEE700F06AF8AC
:10023000FEE70022D7E700F065F8039B002BFCD017
:10024000002005B030BD00BFFC3F0320F83F032075
:100250003801032008B5EFF305830F2B05D90B49AF
:100260000B4A5B5C12789A420DD84FF0E023094AA2
:10027000D3F80C3D126803F4E063934200D808BD44
:1002800000F040F8FEE700F03DF8FEE7F0E300E0A4
:10029000FC3F0320F83F03200000000000000000A6
:1002A0000B4A1168086806C881F30B88022181F3A4
:1002B0001488203080F30988BFF36F8F4FF000005F
:1002C00080F31188104700BFAFF30080AFF30080C8
:1002D000C83E0320000000000000000000000000F5
:1002E00007480068006880F3088862B661B6BFF30B
:1002F0004F8FBFF36F8F66DF00BF00BFAFF300808B
:1003000008ED00E0EFF311804FF0A00181F31188B8
:10031000BFF34F8FBFF36F8F704700BF80F311881B
:10032000BFF34F8FBFF36F8F704700BF0000000017
:10033000EFF309801EF0100F08BF20ED108AEFF3D5
:100340000B82734620E9FC0F114A116808604FF0D8
:10035000A00080F31188BFF34F8FBFF36F8FFEF7BC
:10036000DBFF4FF0000080F31188094A116808682C
:10037000B0E8FC0F13F0100F08BFB0EC108A82F346
:100380000B8880F309881847AFF30080AFF3008033
:10039000C83E032000000000000000000000000034
:1003A0001EF0040F0CBFEFF30880EFF3098004493F
:1003B000084700BFAFF30080AFF30080AFF30080C9
:1003C000C500010810B4154B1A461B688342FBD3C5
:1003D0005468416802EB040C604513D04418A342F2
:1003E00006D00360824218BF10605DF8044B70476E
:1003F0000B4C2468A342F4D0D3E9003421440360B9
:100400004160EFE72144501883425160EDD1044828
:1004100000688342E9D01046EEE700BF1440032095
:1004200010400320F8B53D4E0446FEF749FF3368FF
:10043000002B52D0631E0A332ED814F0070304F1A8
:10044000080121D1002927DB354F3D688D4223D398
:10045000344B18461C6803E0236823B120461C4631
:1004600062688A42F8D33368A34215D023680668CD
:100470000360531A102B06F1080617D960184207BB
:100480000FD0FFF73FFFFEE7A3F109028A4203D333
:100490001034E11A0029D7DCFEF71AFF0026304697
:1004A000F8BD43606160FFF78DFF626800201E4B5E
:1004B000AD1A196842F000428D421C4938BF1D60D8
:1004C0000B686260013320600B603D60FEF700FF47
:1004D0007307E4D0FFF716FFFEE7154A510719D05E
:1004E000D11D21F0070102F5C052531A0A4600201F
:1004F0000B44083B23F007030A4D9A1AC5E9001084
:100500003360C3E90000C1E900320749044B0A60C7
:100510001A608FE711464FF4C053E8E710400320FC
:100520000C40032014400320084003200440032013
:100530001C40032070B150F8043C10B5002B044659
:1005400005DA50F8082C32B1FFF7DCFEFEE7FFF7C2
:10055000D9FEFEE7704723F0004340F8043CFEF765
:10056000AFFE094A54F8043C1168A4F108000B449A
:100570001360FFF727FFBDE81040044A13680133FA
:100580001360FEF7A5BE00BF0C400320004003200F
:1005900038B50446D0F8D80204F52675294600F28D
:1005A000AA20FDF7E9FA2946D4F8D802BDE8384078
:1005B000FCF74ABF01EB810300EBC303D3F86421CE
:1005C000D0F8D802FCF778BF01EB810300EBC3033E
:1005D0005A6AD0F8D802FCF7A3BF00BFD0F8D802FF
:1005E000FDF742B810B543790446022B01D0F0F76D
:1005F000ABFCD4F8D8020121FDF71AF8D4F8D802E0
:10060000BDE81040FCF7E8BF10B50446D0F8D802AA
:10061000FDF712F8637A23B1024A136943F0060327
:10062000136110BD00ED00E010B5437A04462BB90C
:10063000D4F8D802BDE81040FDF70AB8064A13699D
:1006400023F006031361F0F7DFF8D4F8D802BDE811
:100650001040FCF7FDBF00BF00ED00E0944608B578
:100660001A46D0F8CC026346F9F7A8F818B1022868
:100670000CBF0120032008BD08B5D0F8CC02F9F763
:1006800009F918B102280CBF0120032008BD00BFE2
:1006900008B5D0F8CC02F9F735F918B102280CBF2B
:1006A0000120032008BD00BF0A06D0F8CC3206D4D2
:1006B00001EB810103EBC10393F85201704701F094
:1006C0007F0101EB810103EBC103987C704700BF00
:1006D00008B5D0F8CC02F9F75DF818B102280CBFC4
:1006E0000120032008BD00BF08B5D0F8CC02F9F7FF
:1006F000B5F818B102280CBF0120032008BD00BFC7
:1007000008B5D0F8CC02F9F791F818B102280CBF5F
:100710000120032008BD00BF014800F093B800BFCE
:1007200058590320014800F08EB800BF58590320E3
:1007300002440346934200D1704703F8011BF9E7D6
:100740002D4B1B68834270B5044653D0C3691BB35D
:10075000DB6863B10025E369DB685959B1B9043539
:10076000802DF8D1E3692046D96800F07BF8E36971
:10077000196811B1204600F075F8E3699D685DB114
:10078000294620462D6800F06DF8F8E70E682046EF
:1007900000F068F83146E1E7616911B1204600F0E8
:1007A00061F8E16911B1204600F05CF8216B11B1EC
:1007B000204600F057F8616B11B1204600F052F866
:1007C000A16B11B1204600F04DF8A16C11B120468B
:1007D00000F048F8616C11B1204600F043F8E16A7E
:1007E00011B1204600F03EF8236A1BB12046BDE857
:1007F0007040184770BD00BF3C01032070B50D4B21
:1008000000260D4D5B1B9C10A64209D10B4D00F03C
:1008100073F80B4B00265B1B9C10A64205D170BDE4
:1008200055F8043B01369847EEE755F8043B01368E
:100830009847F2E708140108081401080814010891
:100840000C140108704770470A44431E914200D1BE
:10085000704710B511F8014B914203F8014FF9D1DF
:1008600010BD000038B50546002941D051F8043CC0
:100870000C1F002BB8BFE418FFF74EFF1D4A13688A
:1008800033B9636014602846BDE83840FFF74ABFBB
:10089000A34208D9206821188B4201BF19685B6800
:1008A00009182160EDE71A465B680BB1A342FAD93B
:1008B00011685018A0420BD12068014450181160F3
:1008C0008342E0D118685B68084453601060DAE73F
:1008D00002D90C232B60D6E7206821188B4202BF77
:1008E00019685B680918636008BF21605460CAE733
:1008F00038BD00BF1C580320F8B500BFF8BC08BCC9
:100900009E467047F8B500BFF8BC08BC9E467047CD
:080910005FF800F08D010320E7
:1009180000FFFFFFFFFFFFFF52414D4E5F54785429
:1009280061736B320000000052414D4E5F527854A3
:1009380061736B320000000052414D4E5F53656E8B
:10094800645553420000000052414D4E5F446961B6
:100958006754580052414D4E5F44696167525800D0
:1009680052414D4E5F4572726F725461736B000055
:1009780052414D4E5F506572696F646963000000B3
:1009880052414D4E5F53656E6443414E0000000076
:1009980052414D4E5F5265636569766543414E002D
:1009A80052414D4E5F526563656976655553420005
:1009B800FFFFFF7D7EFFFFFF0000000043414C4921
:1009C80042524154494F4E20494430004543554313
:1009D8002D506F776572747261696E00536570206F
:1009E800203420323032360030313A31303A333325
:1009F8000000000052414D4E0000000049444C45A3
:100A080000000000546D725100000000546D722007
:100A18005376630020090108000000000000000070
:100A28000000000000000000000400002A00000090
:100A3800000000000000000030090108000000006C
:100A48000000000000000000000000000008000096
:100A58002900000000000000000000004009010813
:100A6800000000000000000000000000000000007E
:100A7800000400003000000000000000000000003A
:100A88005009010800000000BC030320A800000072
:100A980064040320000400000F00000000000000B0
:100AA800000000005C09010800000000680803203D
:100AB800A800000010090320000400001000000036
:100AC80000000000000000006809010800000000A4
:100AD800140D0320A8000000BC0D03200004000032
:100AE8003100000000000000000000007809010843
:100AF80000000000C0110320A800000068120320B5
:100B080000040000200000000000000000000000B9
:100B180088090108000000006C160320A8000000E6
:100B28001417032000040000280000000000000043
:100B3800000000009809010800000000181B0320AD
:100B4800A8000000C01B03200004000018000000DB
:100B58000000000000000000A809010800000000D3
:100B68000000000000000000000000000004000079
:100B7800180000000000000000000000FCFCFCFC65
:100B8800FD00000001044010000000000001010009
:100B98000101000089110008FD0F0008C1110008BB
:100BA80019100008ED11000849100008591500082F
:100BB8008515000805120008611000081D120008BC
:100BC8007910000835120008911000086112000819
:100BD80019140008000000003114000879120008F8
:100BE800B91000089D120008C9100008B1120008C9
:100BF800D5100008E5120008F910000809130008CC
:100C0800091100082913000849140008591300089D
:100C1800DD140008A5130008751400081911000850
:100C280035110008B515000879160008D115000817
:100C3800A5160008ED150008D116000809160008C9
:100C4800FD16000825160008291700084116000897
:100C580055170008E10F0008E50F00080000000024
:100C68006111000831150008211500083515000824
:100C780025150008E90F0008F10F00085D160008A7
:100C88008117000839150008291500083D150008C6
:100C98002D150008451500084D15000841150008D8
:100CA800D9140008FECA7700000000001A002F00BF
:100CB80043006D00A200C901B801E207DF0754052F
:100CC8000207000000000000963007772C610EEE46
:100CD800BA51099919C46D078FF46A7035A563E98B
:100CE800A395649E3288DB0EA4B8DC791EE9D5E0B2
:100CF80088D9D2972B4CB609BD7CB17E072DB8E7B1
:100D0800911DBF906410B71DF220B06A4871B9F305
:100D1800DE41BE847DD4DA1AEBE4DD6D51B5D4F43E
:100D2800C785D38356986C13C0A86B647AF962FDA3
:100D3800ECC9658A4F5C0114D96C0663633D0FFAF0
:100D4800F50D088DC8206E3B5E10694CE44160D5F6
:100D5800727167A2D1E4033C47D4044BFD850DD2E0
:100D68006BB50AA5FAA8B5356C98B242D6C9BBDBF3
:100D780040F9BCACE36CD832755CDF45CF0DD6DCEE
:100D8800593DD1ABAC30D9263A00DE518051D7C895
:100D98001661D0BFB5F4B42123C4B3569995BACF20
:100DA8000FA5BDB89EB802280888055FB2D90CC641
:100DB80024E90BB1877C6F2F114C6858AB1D61C1BA
:100DC8003D2D66B69041DC760671DB01BC20D298D9
:100DD8002A10D5EF8985B1711FB5B606A5E4BF9F66
:100DE80033D4B8E8A2C9077834F9000F8EA8099659
:100DF80018980EE1BB0D6A7F2D3D6D08976C6491C4
:100E0800015C63E6F4516B6B62616C1CD8306585DC
:100E18004E0062F2ED95066C7BA5011BC1F40882B9
:100E280057C40FF5C6D9B06550E9B712EAB8BE8BFA
:100E38007C88B9FCDF1DDD62492DDA15F37CD38C83
:100E4800654CD4FB5861B24DCE51B53A7400BCA381
:100E5800E230BBD441A5DF4AD795D83D6DC4D1A4B3
:100E6800FBF4D6D36AE96943FCD96E34468867AD8A
:100E7800D0B860DA732D0444E51D03335F4C0AAA29
:100E8800C97C0DDD3C710550AA41022710100BBE2C
:100E980086200CC925B56857B3856F2009D466B973
:100EA8009FE461CE0EF9DE5E98C9D9292298D0B0A8
:100EB800B4A8D7C7173DB359810DB42E3B5CBDB755
:100EC800AD6CBAC02083B8EDB6B3BF9A0CE2B603D6
:100ED8009AD2B1743947D5EAAF77D29D1526DB048B
:100EE8008316DC73120B63E3843B64943E6A6D0DD6
:100EF800A85A6A7A0BCF0EE49DFF099327AE000A21
:100F0800B19E077D44930FF0D2A3088768F2011EB3
:100F1800FEC206695D5762F7CB67658071366C194A
:100F2800E7066B6E761BD4FEE02BD3895A7ADA106B
:100F3800CC4ADD676FDFB9F9F9EFBE8E43BEB7174C
:100F4800D58EB060E8A3D6D67E93D1A1C4C2D838D6
:100F580052F2DF4FF167BBD16757BCA6DD06B53F3C
:100F68004B36B248DA2B0DD84C1B0AAFF64A03367B
:100F7800607A0441C3EF60DF55DF67A8EF8E6E31FA
:100F880079BE69468CB361CB1A8366BCA0D26F2543
:100F980036E2685295770CCC03470BBBB916022290
:100FA8002F260555BE3BBAC5280BBDB2925AB42BA5
:100FB800046AB35CA7FFD7C231CFD0B58B9ED92CBA
:100FC8001DAEDE5BB0C2649B26F263EC9CA36A751F
:100FD8000A936D02A906099C3F360EEB85670772D6
:100FE80013570005824ABF95147AB8E2AE2BB17B3D
:100FF800381BB60C9B8ED2920DBED5E5B7EFDC7CC4
:1010080021DFDB0BD4D2D38642E2D4F1F8B3DD681A
:101018006E83DA1FCD16BE815B26B9F6E177B06F15
:101028007747B718E65A0888706A0FFFCA3B066602
:101038005C0B0111FF9E658F69AE62F8D3FF6B618F
:1010480045CF6C1678E20AA0EED20DD75483044E31
:10105800C2B30339612667A7F71660D04D476949BF
:10106800DB776E3E4A6AD1AEDC5AD6D9660BDF40D2
:10107800F03BD83753AEBCA9C59EBBDE7FCFB24785
:10108800E9FFB5301CF2BDBD8AC2BACA3093B3536A
:10109800A6A3B4240536D0BA9306D7CD2957DE5473
:1010A800BF67D9232E7A66B3B84A61C4021B685D4C
:1010B800942B6F2A37BE0BB4A18E0CC31BDF055AC5
:1010C8008DEF022D52414D4E2A4543555F432A303C
:1010D8003030332A554E4954332A0000100250004C
:1010E800414000039C0B01081C1201080600000087
:1010F8001411010810000100240C0108DC12010879
:1011080005000000941101081100000001F0000022
:1011180001000000000400000000000003F00000CF
:1011280003000000000000000200000004F00000BE
:101138000400000009F000000600000005F00000AF
:10114800080000000001000007000000FAFE00008F
:101158000D000000F1FE00000C000000CCFD0000B6
:101168000B00000041FE00000F00000000FF00001F
:101178001000000002FF0000FF00000000EF000068
:10118800FF000000D4FD0000FF0000002400000064
:10119800010000001A0000000000000039000000F3
:1011A800030000002F0000000200000043000000C0
:1011B8000400000062000000060000005800000063
:1011C8000500000077000000080000006D00000026
:1011D800070000009800000009000000A2000000BD
:1011E8000A000000D30100000D000000C901000042
:1011F8000C000000A70100000B000000B80100006F
:101208000E000000500100000F000000BB010000AC
:10121800100000005A01F018000000400000000013
:10122800000000000800000064000000FFFFFFFF4E
:10123800010000005A03F018000000400000000000
:10124800000000000800000032000000FFFFFFFF60
:10125800030000000305F018000000400000000033
:10126800000000000800000064000000FFFFFFFF0E
:10127800080000005AD4FD180000004000000000DB
:10128800000000000800000064000000FFFFFFFFEE
:101298000900000005CCFD0C000000400000000023
:1012A800000000000800000064000000FFFFFFFFCE
:1012B8000B0000000502FF180000004000000000BD
:1012C800000000000800000032000000FFFFFFFFE0
:1012D800FF000000240000000000000000000000E3
:1012E80000000000080000000A00000010002000B4
:1012F80001000000390000000000000000000000AC
:1013080000000000080000000A0000001000200093
:10131800030000007700000000000000000000004B
:101328000000000008000000640000001000200019
:101338000800000098000000000000000000000005
:1013480000000000080000006400000010002000F9
:1013580009000000A70100000000000000000000D4
:1013680000000000080000006400000010002000D9
:101378000B0000000001020304050607080C101406
:10138800182030404543554300000000A086010066
:10139800400D0300801A060000350C0040420F0083
:1013A80080841E0000093D0000127A000024F40029
:1013B80000366E010048E801006CDC020000000005
:1013C8000000000000000000000000000000000015
:1013D80001020304000000000000000001020304F1
:1013E800060708090001020304050607080C101483
:0813F80018203040370000000E
:0814000040EEFE7F0100000038
:0414080025020008B1
:04140C0001020008D1
:1014100000000000000000000000000000000000CC
:1014200000000000000000000000000000000000BC
:1014300000000000000000000000000002000000AA
:10144000010000000000000000000000000000405B
:101450000000000002000000010000000000000089
:101460000000000000000000000000000000FF0776
:101470000100010000000000000000000100000069
:101480000000000000000101000000000100000059
:10149000000000000000000001000000000000004B
:1014A0000011010800000000EA0700000000000031
:1014B000000000000000000000000000000000002C
:1014C000000000000000000000000000000000001C
:1014D000EA0700000000000000000000000000001B
:1014E00000000000000000000000000000000000FC
:1014F0000000000000000000550500000000000092
:1015000000000000000000000000000000000000DB
:1015100000000000000000000000000000093D0085
:1015200001000000080000000000000000000000B2
:1015300000000000000000000100000000000000AA
:101540000000000020000000AAAAAAAA400103206F
:10155000000000002058032088580320F058032082
:10156000000000000000000000000000000000007B
:10157000000000000000000000000000000000006B
:10158000000000000000000000000000000000005B
:1015900000000000000000000000000070B58AB0EC
:1015A00072B6AA244FF40055684600F065F806218B
:1015B000069BCDE9044543F08063284A00910693D9
:1015C000936A002B03DA2649264B91609360234BE4
:1015D0009A6A520003D52449244A19611A61244C9D
:1015E0002378012B36D0012300264FF47A70237024
:1015F000666000F045F8054668B12670174B9A6A98
:1016000042F080429A629A6A42F000429A6262B65E
:1016100001200AB070BD114E049A336C4FF47A70F9
:1016200023F0FF0313433364326C069B22F0806285
:1016300003F0806313433364B36A43F40033B3624B
:1016400000F01EF825700028D8D1B36A43F000637B
:10165000B362DCE702200AB070BD00BF0020024088
:1016600023016745AB89EFCD3B2A19087F6E5D4C9E
:1016700018010320000000005FF800F0097F000857
:081680005FF800F0A97B0008EF
:04000005080062DDB0
:00000001FF
