:020000040800F2
:1000000000000420CD670008496600084D6600081E
:100010005166000855660008596600081D6800080A
:10002000000000000000000000000000D1180108DE
:100030005D660008000000006118010895F00008E6
:100040001D6800081D6800081D6800081D6800087C
:100050001D6800081D6800081D6800081D6800086C
:100060001D6800081D6800081D6800081D6800085C
:100070001D6800081D6800081D6800081D6800084C
:100080001D6800081D6800081D6800081D6800083C
:100090001D6800081D6800081D6800081D6800082C
:1000A0001D6800081D6800081D6800081D6800081C
:1000B0001D680008616600086D6600081D6800087C
:1000C0001D6800081D6800081D6800081D680008FC
:1000D0001D6800081D6800081D6800087966000892
:1000E000856600081D680008916600081D68000804
:1000F0001D6800081D6800081D6800081D680008CC
:100100001D6800089D660008A96600081D680008B3
:100110001D6800081D6800081D6800081D680008AB
:100120001D680008B5660008C16600081D68000863
:10013000CD6600081D6800081D6800081D680008DD
:100140001D6800081D680008D96600081D680008C1
:100150001D6800081D6800081D6800081D6800086B
:100160001D680008E56600081D6800081D68000895
:100170001D680008000000001D6800080000000065
:10018000F16600081D6800081D6800081D68000869
:100190001D6800081D6800081D6800081D6800082B
:1001A0001D6800081D6800081D6800081D6800081B
:1001B0001D68000800000000FD6600081D680008BA
:1001C0001D680008000000001D6800081D68000888
:1001D0001D6800081D6800081D6800081D680008EB
:1001E0001D6800081D6800081D6800081D680008DB
:0401F000000000000B
:1002000010B5054C237833B9044B13B10448AFF350
:1002100000800123237010BD600203200000000055
:10022000281E010808B5034B1BB103490348AFF36F
:10023000008008BD0000000064020320281E0108A1
:10024000034613F8012B002AFBD1181A0138704716
:1002500053B94AB9002908BF00281CBF4FF0FF312D
:100260004FF0FF3000F0B2B9ADF1080C6DE904CEEB
:1002700000F006F8DDF804E0DDE9022304B0704781
:100280002DE9F04F8C46099E04460F46002B48D1BD
:100290008A4215465ED9B2FA82F33BB1C3F120021D
:1002A0009F409D409C4020FA02F217434FEA154EB2
:1002B0001FFA85FC220CB7FBFEF10EFB117701FB48
:1002C0000CF042EA0742904207D9AA1801F1FF3721
:1002D00002D2904200F258813946121AA4B2B2FBFF
:1002E000FEF00EFB102200FB0CFC44EA0244A44585
:1002F0000BD92C1900F1FF322CBF01270027A44590
:1003000002D9002F00F04381104640EA0140A4EBDF
:100310000C0400211EB1DC400023C6E90043BDE807
:10032000F08F8B4206D90EB1C6E9000100210846C4
:10033000BDE8F08FB3FA83F1002951D16345C0F0D5
:100340001681824240F213810846002EE7D0C6E9AA
:100350000047E4E7002A00F0AF80B2FA82F3002BF6
:1003600040F0C2808A1A4FEA154EAFB20121200C2C
:10037000B2FBFEFC0EFB1C2240EA024207FB0CF023
:1003800090420ED9AA180CF1FF382CBF4FF001098A
:100390004FF00009904203D9B9F1000F00F0F0804E
:1003A000C446121AA4B2B2FBFEF00EFB102200FBF0
:1003B00007F744EA0244A7420ED92C1900F1FF3294
:1003C0002CBF4FF0010E4FF0000EA74203D9BEF133
:1003D000000F00F0D2801046E41B40EA0C4099E781
:1003E000C1F120058B400CFA01F400FA01F922FA60
:1003F00005F72CFA05FC8A401F4320FA05F3380C58
:1004000023431FFA87FE1C0CBCFBF0F800FB18CC42
:1004100044EA0C4408FB0EFCA4450ED93C1908F133
:10042000FF3A2CBF4FF0010B4FF0000BA44503D94E
:10043000BBF1000F00F0B880D046A4EB0C041FFA0B
:1004400083FCB4FBF0F300FB134403FB0EFE4CEA09
:100450000444A6450ED93C1903F1FF302CBF4FF0E0
:10046000010C4FF0000CA64503D9BCF1000F00F0C1
:100470009F80034643EA0840A4EB0E04A0FB02EC75
:1004800064457346E04602D307D1F14505D2BEEB81
:1004900002036CEB070C0138E0465EB1B9EB0302D6
:1004A00064EB080404FA05F522FA01F3CC401D437D
:1004B000C6E90054002132E742082F464B08AC46FB
:1004C00042EAC172AE46C407110C92B241EA03413E
:1004D00042EA0142B1FBF5F1B3FBF5F01F23A2EBB9
:1004E0000C0241EA004142E79D40C3F120029940DD
:1004F0009C402CFA02FC4FEA154E20FA02F2AFB2F1
:10050000BCFBFEF80A430EFB18CC110C41EA0C416F
:1005100008FB07FC8C4550D9691808F1FF302CBF47
:100520004FF001094FF000098C4502D9B9F1000FD5
:1005300030D0A1EB0C01B1FBFEF808FB07FC0EFB71
:10054000181192B242EA0142624534D2AA1808F167
:10055000FF312CBF4FF001094FF000096245BED2B8
:10056000B9F1000FBBD1A8F102012A44B7E7841A00
:100570006CEB030201201746E7E62C4402382BE718
:10058000ACF1020C2A440CE702392A44A5E62C44BB
:100590000238BAE6A5EB0C0CA8F102006144B1FBED
:1005A000FEF808FB07FCCAE7A8F102083C4444E750
:1005B000023B3C445EE7414691E7A1EB0C0140461B
:1005C000B1FBFEF808FB07FCB9E700BF704700BFAE
:1005D000704700BF10B501220D490E4882B00CF0E3
:1005E00025FC0D4C0DF106014FF0FF33022220686F
:1005F0000FF0FEFB4FF0FF330849BDF806202068DE
:100600000FF0F6FB0548BDF8061001F06FFFE9E7B3
:10061000A4030320C8250320D003032058A00120F1
:10062000F0B5274C274E9BB04FF0FF332822694688
:1006300020680FF0DDFB2828F6D1039805F0FCFABE
:100640000546002834D1029B9BB929460AAA009886
:1006500001F0CCFF10F0D2F80AA90246684602F079
:1006600049F910F0CBF80AA90246684601F008FFE4
:10067000DAE7B3F1005FF4D140F20172009B9342DC
:10068000EFD1082203990027914228BF11460D4659
:10069000C6E90577B760019F0B490C48C6E90037EA
:1006A000F56005F0D5FA3046084901F089FDD8E734
:1006B0004FF0FF332A4620680AA90FF099FBC2E7E2
:1006C0000C280320900203209005FA0B84020320DB
:1006D0002DE9F0431F4D9BB0DFF8808001AE0AAFDB
:1006E000002404EBC401C4F124024FF0FF33286856
:1006F00006EB81010FF07CFB0444232CF1D9049814
:1007000005F09AFA039B8146B3F1005F00D0A0B9CF
:10071000114807F01DFB50B13A4631460E4807F02C
:10072000E1F9D8F80C300133C8F80C30D8E74FF0B5
:10073000FF32012110F0F6FAEAE70024A9EB0402E7
:1007400039194FF0FF3328680FF052FB04444C4531
:10075000F4D3DDE708280320B0260320000003209F
:1007600000B583B001F0EEFE01F010FC0322184941
:10077000184806F04DFC03F023FB00F0E5FE03F003
:100780007BFB10F03BF801F075FE13480AF0C8FF40
:1007900012480AF08DFF124C10F030F8019003F06F
:1007A00015FB019803F06EFB019800F0CFFE237853
:1007B00013B9019802F00CF8019801F06BFE019852
:1007C00002F08CF80A2101A80FF058FFE4E700BFFF
:1007D000782A0320A0270320E823032050230320A6
:1007E000760003202DE9F0410026214DDFF88C80B2
:1007F000204FA6B012E010F0DBFE98F8003033B1C5
:100800000B9B23B164200EF0FDFC01F0BFFB002226
:10081000022311463868009610F006FB4FF0FF32B5
:100820000121002010F07EFA10F0B4FE124807F00B
:10083000E5FB044606A9104807F050FA02A90E4845
:1008400007F074FA5422294611A8AC6011F094FA0A
:10085000094B1E66189BB3F5003FCCD9AB689B02D1
:10086000C9D5012385F820300B9301F037FCC2E78E
:1008700000000320701B0320B02603208002032009
:1008800000232DE9F04D84B07D4EDFF80082DFF8C3
:1008900004B27C4DDFF800A20DF10E078DF80B308D
:1008A00013E028680FF0AEF9012808D94FF0FF33A4
:1008B0000222286803A90FF09BFA022845D00021E4
:1008C0004FF0FF32084610F02DFA30680FF09AF919
:1008D0000028E6D04FF0FF33012230680DF10B0104
:1008E0000FF086FA0128DCD130680FF08BF901286F
:1008F000D7D94FF0FF330222306803A90FF078FAFE
:100900000228CED1BDF80C20B2F5845FC9D8002AE8
:1009100040F0A5809DF80B40002C52D10FF06EFFE7
:10092000594B5A49BDF80C20009705F003F9BDF862
:100930000E30002B79D10FF061FF534B5349BDF8B6
:100940000C20009705F046F9ABE7BDF80C20B2F596
:10095000805FB4D272B10024121B08EB04014FF087
:10096000FF3328680FF044FABDF80C20204484B20D
:10097000A242F1D10FF042FF434B4146BDF80C209B
:10098000009705F053FABDF80E30002B97D039468A
:100990004FF0FF330222DAF800000FF041F9BDF802
:1009A0000E204FF0FF333849DAF800000FF038F925
:1009B000002202231146DBF80000009210F034FA06
:1009C0007DE70FF01BFF304B3049BDF80C2000973E
:1009D00005F0D8F8BDF80E30002BACD02A490A78C3
:1009E0007F2A08D1022BA6D98B78A3F11102012A04
:1009F000A1D9312B9FD02648394604464FF0FF330A
:100A0000022200680FF00CF9BDF80E204FF0FF3302
:100A10001D4920680FF004F9002202231146DBF87B
:100A20000000009210F000FA85E7194839464FF0AF
:100A3000FF33022200680FF0F3F81548BDF80E20CE
:100A40004FF0FF33104900680FF0EAF80223224606
:100A50002146DBF80000009410F0E6F96BE7002473
:100A6000121B4FF0FF3308EB040130680FF0C0F9A0
:100A7000BDF80C2023189CB2A242F1D14AE700BF76
:100A8000C4020320B8020320507F0120D48F01202C
:100A9000C0020320B0080320B40203202DE9F04F68
:100AA000DFF8148185B0404E404DDFF810A108F109
:100AB0009C0908F5805B02AF14E028680FF0A2F8EB
:100AC000012809D94FF0FF33022228680DF10601F1
:100AD0000FF08EF9022846D000214FF0FF32084671
:100AE00010F020F930680FF08DF80128E5D94FF0AB
:100AF000FF3302222E4930680FF07AF90228DCD148
:100B0000B8F89420B2F5845FD7D872B10024121BD4
:100B100009EB04014FF0FF3330680FF069F9B8F8C2
:100B20009420204484B2A242F1D10FF067FE014626
:100B3000204802F0D5FA0028BFD103E09BF823013A
:100B40000EF060FB0FF05AFE04F0FAFE0128B4D05C
:100B500030680FF057F80128AFD89AF80030002B12
:100B6000ECD10A20ECE7BDF80620082AB4D86AB117
:100B70000024121B39194FF0FF3328680FF038F9A1
:100B8000BDF80620204484B2A242F2D10FF036FE16
:100B90003946BDF8062005F0E1F801289CD00A206E
:100BA0000EF030FBF2E700BFC0020320B4020320C6
:100BB0006CB60120D8A50120D8B50120760003200D
:100BC00010B50D490D4803F0A3F90C4C80224FF0ED
:100BD000FF330B4920680FF00BF902460028F5D0CF
:100BE000074992B207480BF021F94FF0FF3201217B
:100BF000002010F097F8E9E700040320A803032081
:100C0000D8A00120C825032001F068BC002001F015
:100C100069BC00BF0022024B02481A600AF080BD86
:100C20007C0203209C230320014B1868704700BFFF
:100C30007C0203200000000010B59EB04822002175
:100C40000CA811F00DF800234FF40070CDE9023329
:100C5000CDE90433CDE90733CDE909330193069398
:100C60000B9309F023F908B172B6FEE701230222C3
:100C7000169311931993179210231D9207229FED3B
:100C80001E7BCDE91A320324042312900CA81C9376
:100C90008DED0C7B189409F045FB034608B172B644
:100CA000FEE70F22214601A8CDE903330593029404
:100CB000019209F0E3F9034608B172B6FEE7104A63
:100CC0004FF0005C916D4BF67F3441F0807191657F
:100CD000926D069302F080720092089322222023E4
:100CE00006A8CDE90A230099CDF81CC009940AF0A2
:100CF00091FA1EB010BD00BF2900000000000100E5
:100D000000100240F0B595B072B64FF00062A24BF1
:100D10009A60BFF34F8F62B6002405F081FDFFF7A4
:100D20008BFFCDE90E44CDE910449C4D1294EB6C41
:100D30004FF4604143F00403EB64EB6C224603F094
:100D400004030793079BEB6C954843F08003EB6427
:100D5000EB6C012603F080030893089BEB6C43F0D7
:100D60000103EB64EB6C03F001030993099BEB6C4B
:100D700043F00203EB64EB6C03F002030A930A9B5B
:100D800007F0D4FD224640F20111864807F0CEFD5F
:100D9000224641F2E401844807F0C8FD4FF4604365
:100DA0007F480EA9CDE90E361094119407F010FC7F
:100DB00040F201137B480EA9CDE90E36CDE910446F
:100DC00007F006FC41F2E40377480EA9CDE90E36A0
:100DD000CDE9104407F0FCFB4FF4007371480EA9F5
:100DE000CDE90E34109607F0F3FB08236F480EA9E7
:100DF000CDE90E34109407F0EBFBAB6C052143F00A
:100E00000403AB64AB6C224603F004030493049B1D
:100E1000AB6C1D203343AB64AB6C33400593059B37
:100E2000AB6C43F00203AB64AB6C03F002030693BC
:100E3000069B06F0DFF91D2006F016FA2246052172
:100E40001E2006F0D7F91E2006F00EFA22460521D4
:100E5000502006F0CFF9502006F006FA204608F0A0
:100E6000E3F808B172B6FEE708F0F2F8034640B9BD
:100E70004F48504AC0E900230AF0F4F918B172B69D
:100E8000FEE772B6FEE74C4A4C4B10704C4A4FF4EA
:100E900040711A60102299609A619A620F211322A0
:100EA0003C2404275860D8609874D8631846C3E976
:100EB0000D661E825E615E62DC61D9621A621F632A
:100EC00006F066FC034650BB0BAD0B90CDE90E005F
:100ED000CDE91000CDE91200C5E901004FF48070A2
:100EE0004FF4301C03214FF48052364CC4E90233D6
:100EF000C4E90A3384F8203084F83830324B208338
:100F00002046C4E90467C4F804C0E161626384F860
:100F10003060236005F0A8FC18B172B6FEE772B627
:100F2000FEE70B902946204606F0ECF808B172B6B1
:100F3000FEE706230F937F231193244B1090139009
:100F40000EA9204612970E9305F0BCFD08B172B6AB
:100F5000FEE71F4B20460E930C230EA90F9305F0BE
:100F6000B1FD08B172B6FEE71A4B20460E9312236C
:100F70000EA90F9305F0A6FD034608B172B6FEE771
:100F80001548C0E905338380144B0662036006F000
:100F90009DF928B372B6FEE700ED00E000100240B4
:100FA000000802420000024200040242001C024209
:100FB000B425032000080C4280020320B026032041
:100FC00000A40040A0270320008002424000201916
:100FD0000002B0250004002A14270320003002403C
:100FE00000234FF4E1310C225F48C0E90113C0E94E
:100FF0000333C0E908338361836243665B4B42611C
:1010000003600BF04BFE014608B172B6FEE756488E
:101010000BF072FF014608B172B6FEE752480BF0C2
:1010200091FF08B172B6FEE74F480BF047FF034649
:1010300008B172B6FEE74E484E4AC37202604FF4E2
:10104000027302228380C0F8072008F00BF808B171
:1010500072B6FEE741F63F76474C484ACDE90E00AE
:10106000C4E901001090A06120462260E6600AF009
:1010700047FD034608B172B6FEE720460EA90E935F
:1010800010930AF06FFD034608B172B6FEE73C4CC0
:10109000CDE90E331093A360A36142F20F73394A76
:1010A0002046C4E90023E6600AF02AFD034608B1A1
:1010B00072B6FEE720460EA90E9310930AF052FD79
:1010C000034608B172B6FEE72F48304AC0E9043340
:1010D0008360026083614F224FF6FF734260C360FA
:1010E0000AF00EFD08B172B6FEE700234F214FF65D
:1010F000FF722748C0E90113C0E904338361254B1F
:10110000C26003600AF0FCFC08B172B6FEE74FF063
:1011100080414FF0FF32204C0B90CDE90E00CDE91D
:101120001000C5E90100C4E901002061A06120466A
:101130002160E2600AF0E4FC08B172B6FEE74FF409
:10114000805320460EA90E930AF028FB034608B1EF
:1011500072B6FEE7204629460B930D930AF002FD76
:101160000446D8B172B6FEE7C825032000800040CF
:101170002820032000D400409C23032000140040BA
:10118000E8230320001000405023032000440140C6
:101190000423032000480140342403206E482246E3
:1011A00001216E4B0090CDE901444FF400700EF028
:1011B00097FC05466A4E6B4A00960121CDE9014431
:1011C000694B15604FF4007022460EF089FC05460D
:1011D000664E674A00960121CDE90144654B1560D2
:1011E00046F2060022460EF07BFC0246624D634E3C
:1011F00000950121CDE90144614B326046F20600C1
:1012000022460EF06DFC5F4B5F4A01210092CDE952
:101210000144224618605D4B4FF47A600EF060FC8A
:101220005B4D5C4B224600930121CDE901445A4BB2
:1012300028604FF47A600EF053FC584B224600931E
:10124000574B0121CDE901441860564B4FF4A040A3
:101250000EF046FC544B22460093544B0121CDE93D
:1012600001441860524B4FF4A0400EF039FC514B32
:10127000186001F0E9FB0FF0C1FA32464E4B4F49BE
:10128000009501F011FB4E4802F02EFE4D4801F092
:10129000D7F84D484D4A4E4900F05EFE0EA80E9418
:1012A00001F0C8FB20B90E9B13B94A4801F09AFB24
:1012B0000DF0FEFE0021484A48480DF049FF044663
:1012C000474B0021474A48481C600DF041FF044647
:1012D000464B0021464A47481C600DF039FF044642
:1012E0003B4B0021444A45481C600DF031FF044649
:1012F000434B0021434A44481C600DF029FF04463B
:10130000324B0021414A42481C600DF021FF044647
:101310002A4B00213F4A40481C600DF019FF04464B
:101320003E4B00213E4A3F481C600DF011FF044631
:101330003D4B00213D4A3E481C600DF009FF04462C
:101340003C4B00213C4A3D481C600DF001FF3C4BEA
:1013500018600DF0CFFEFEE7D4030320D8A30120D0
:10136000AC030320D0030320D8A101207C03032079
:10137000A8030320481F012058030320C4020320B0
:1013800040BF0020C002032034030320A0AF002090
:10139000B80203201003032000A00020EC02032069
:1013A000B402032000500020C80203200C280320B0
:1013B0000000002008280320BC020320600D032049
:1013C000B425032014270320B02603201012032085
:1013D000701B03200400634590200108D505000818
:1013E000242003206C20010821060008202003206F
:1013F00048200108D10600082420010861070008E0
:10140000C016032000200108E5070008DC1F0108C2
:1014100081080008B81F01089D0A0008B0080320D1
:10142000941F0108C10B000800040320701F01086D
:10143000090C0008FC0303204C1F01080D0C0008D8
:10144000F80303200A4B186880B1002100B583B06F
:1014500001AA01910FF008FE019B2BB14FF0E02390
:101460004FF08052C3F8042D03B000BD704700BF99
:101470000004032070B500251E4C82B0228801951F
:101480007F2A0ED81C4B19780D2904D01B48531CF9
:1014900081549BB206E0013A7F2A02D8184E306888
:1014A00040B9002301221449164823800BF0BEFCEA
:1014B00002B070BD2B46022221460EF04BFC0228E2
:1014C000EFD12B46228830680C490EF043FC23886C
:1014D0009842E6D10C4B2946186801AA0FF0C4FDCA
:1014E000019B002BDDD04FF0E0234FF08052C3F87A
:1014F000042DD6E7A0030320A403032058A1012054
:10150000D0030320C825032024200320094A0368B0
:10151000934206D0084A93420AD0084A934205D023
:101520007047074A136801331360704700F0CEBF5D
:1015300005F088B900140040002C01400010004064
:101540007C02032072B6FEE7704700BF70B50E4DF7
:101550000E4C2B6820891B680D491B6B80B2984785
:101560002B68208A0A4E1B6806F174019B6E80B2BC
:1015700098472B68208B1B6806F1E8019B6F80B2AF
:10158000BDE87040184700BF7C00032054000320D2
:10159000302903200870704700787047030A0870EC
:1015A0004B707047012994BF00780088704700BFD6
:1015B000012908D94FF6FE2302889A4203D8981AC7
:1015C000C0F34F0070470020704700BF012911D9B8
:1015D0004378FA2B07D8084AC3EB0330A2FB00205C
:1015E000C0F30F10704740F6FF72FF2B0CBF0020B6
:1015F0001046704700207047D34D6210022907D96A
:101600004FF6FF73B0F80100984208BF0020704702
:1016100000207047042907D94FF6FF73B0F8030084
:10162000984208BF0020704700207047012907D961
:101630004FF6FF730088984208BF4FF40060704770
:101640000020704701290ED94FF6FF730088984299
:1016500009D047F27F53984238BF1846A0F5EA40B8
:101660007F3880B270474FF400607047032986BF0F
:10167000C078C0F381000020704700BF09B1007836
:1016800070470846704700BF012906D9437803F028
:101690000F03013BDBB2022B01D900207047024A45
:1016A00032F81300704700BFB420010819B1017867
:1016B000C1F3810070470846704700BF032986BF09
:1016C000C07800F003000020704700BF034600B55B
:1016D00083B008465BBA02220DF10601ADF8063070
:1016E00004F0B6FA03B000BD8446002310B50C46E2
:1016F00082B00DF1060002226146ADF8063004F01A
:10170000A7FABDF80600012C98BFC0B240BA80B25B
:1017100002B010BD002300B5012983B0ADF806303A
:1017200002D8184603B000BD014602220DF10600A2
:1017300004F08EFA9DF8060003B000BD38B50D46E2
:1017400004460822FF21284604F07EFAB4F5FB4F38
:101750000ADAC4F5FA447F34640004F0FE03C4F3EB
:1017600007242B706C7038BD002423466C702B70DE
:1017700038BD00BF38B50D460822FF210446284673
:1017800004F062FAFA2204FB02F2044BA3FB0213F8
:10179000D21A03EB5203DB0A6B7038BD0101100053
:1017A00038B50C4605460822FF21204604F04CFAC5
:1017B0002B0A6570A37038BD38B50C460546082263
:1017C000FF21204604F040FA2B0AE570237138BD52
:1017D00038B50C4605460822FF21204604F034FAAD
:1017E0002B0A2570637038BD38B50C4608220546B3
:1017F000FF21204604F028FA48F6802247F27F5362
:10180000954294BF5B199B189BB21A0A23706270B1
:1018100038BD00BF38B50D4604460822FF212846D2
:101820007D3404F011FAAC7038BD00BF38B50D46F8
:1018300004460822FF21284604F006FAEB78A400AB
:1018400023F00C0304F00C042343EB7038BD00BFFD
:1018500038B50C4605460822FF21204604F0F4F96D
:10186000257038BDFF2838B50D460FD9C3B2002BFF
:101870000CBF012403240822FF21284604F0E4F9C8
:101880006B7823F00F031C436C7038BD031E18BF28
:1018900001235C00EFE700BF38B50D46044608227F
:1018A000FF21284604F0D0F92B78A40023F00C0384
:1018B00004F00C0423432B7038BD00BF38B50C4630
:1018C00005460822FF21204604F0BEF9E37805F022
:1018D000030523F003032B43E37038BD38B50D46F1
:1018E00004460822FF21284604F0AEF9012C0AD054
:1018F000022C05D0032C0CBFD723FF23AB7038BDBF
:10190000C723AB7038BDC323AB7038BD38B50C46A8
:1019100005460822FF21204604F096F9EBB2022B7F
:1019200012D0032B09D0042B0CBF51230023FF2D11
:1019300088BF43F00403237038BD1123FF2D88BFF7
:1019400043F00403237038BD0123FF2D88BF43F00B
:101950000403237038BD00BF38B50C460546082285
:10196000FF21204604F070F915F0080F0CBF00218C
:10197000FA2115F0100F0CBF0022FA2215F0200FEB
:101980000CBF0023FA2315F0400F0CBF0020FA20F3
:1019900015F0800FE0700CBF0020FA2015F0010F49
:1019A00021700CBF0021FA2115F0020F62700CBFEC
:1019B0000022FA2215F0040FA3700CBF0023FA23B3
:1019C00020716171A271E37138BD00BF022906D98F
:1019D00080787D38C0B2812888BF00207047002001
:1019E000704700BF032906D9C0787D38C0B281286E
:1019F00088BF002070470020704700BF02290FD920
:101A0000837803F00C02042A01D001207047C3F34D
:101A10000113012B06D0002B0CBF022001207047C0
:101A2000002070470320704707292DD9037842789A
:101A3000A3F1FA03B3FA83F3FA2A4FEA5313827835
:101A40004FEAC30308BF43F01003FA2AC27808BF65
:101A500043F02003FA2A027908BF43F04003FA2A30
:101A6000427908BF43F08003FA2A827908BF43F025
:101A70000103FA2AC27908BF43F00203FA2A08BF19
:101A800043F0040318467047002070470078704701
:101A9000D9B103789A09012A0ED003F03002102A36
:101AA00015D003F00302012A14BF0120022003F025
:101AB0000C03042B06D0704703F00C03042B4FF0EB
:101AC0000400F8D140F47F40704708467047032077
:101AD000EDE700BF007870470078704700787047E6
:101AE000007870470870704708707047087070473A
:101AF0000870704708707047030A08704B70704791
:101B0000012994BF00780088704700BF38B50D46A2
:101B10000822FF210446284604F096F8FA2204FB26
:101B200002F2044BA3FB0213D21A03EB5203DB0AAB
:101B30006B7038BD01011000012911D94378FA2BCF
:101B400007D8084AC3EB0330A2FB0020C0F30F10F4
:101B5000704740F6FF72FF2B0CBF00201046704705
:101B600000207047D34D6210034600B583B008468D
:101B70005BBA02220DF10601ADF8063004F068F8F8
:101B800003B000BD034600B583B008465BBA02222D
:101B90000DF10601ADF8063004F05AF803B000BDAF
:101BA000034600B583B008465BBA02220DF1060178
:101BB000ADF8063004F04CF803B000BD034600B5A4
:101BC00083B008465BBA02220DF10601ADF806307B
:101BD00004F03EF803B000BD034600B583B00846EC
:101BE0005BBA02220DF10601ADF8063004F030F8C0
:101BF00003B000BD034600B583B008465BBA0222BD
:101C00000DF10601ADF8063004F022F803B000BD76
:101C1000034600B583B008465BBA02220DF1060107
:101C2000ADF8063004F014F803B000BD844600237C
:101C300010B50C4682B00DF1060002226146ADF8E7
:101C4000063004F005F8BDF80600012C98BFC0B2BC
:101C500040BA80B202B010BD8446002310B50C46D5
:101C600082B00DF1060002226146ADF8063003F0A5
:101C7000EFFFBDF80600012C98BFC0B240BA80B299
:101C800002B010BD8446002310B50C4682B00DF1A1
:101C9000060002226146ADF8063003F0D9FFBDF818
:101CA0000600012C98BFC0B240BA80B202B010BD8D
:101CB0008446002310B50C4682B00DF106000222C6
:101CC0006146ADF8063003F0C3FFBDF80600012CF5
:101CD00098BFC0B240BA80B202B010BD84460023A3
:101CE00010B50C4682B00DF1060002226146ADF837
:101CF000063003F0ADFFBDF80600012C98BFC0B25E
:101D000040BA80B202B010BD8446002310B50C4624
:101D100082B00DF1060002226146ADF8063003F0F4
:101D200097FFBDF80600012C98BFC0B240BA80B240
:101D300002B010BD8446002310B50C4682B00DF1F0
:101D4000060002226146ADF8063003F081FFBDF8BF
:101D50000600012C98BFC0B240BA80B202B010BDDC
:101D6000002300B5012983B0ADF8063002D818462B
:101D700003B000BD014602220DF1060003F068FF2A
:101D8000BDF80600000A03B000BD00BF012918D944
:101D9000037803F00302012A17D003F00C02042A8F
:101DA00015D003F03002102A0DD003F0C003402BF1
:101DB0000FD0437803F00303012B0CBF0620012052
:101DC00070470020704705207047022070470320AD
:101DD00070470420704700BF2DE9F04F3A4B83460F
:101DE000984283B007D8394B984260D94FF0280900
:101DF0004FF4487609E036494FF02509B1FBFBF175
:101E0000C9B2192940F2EE265BD90124304B0134C6
:101E1000A4B2B3FBF4F1B1FBFBF1C9B21929F6D8B6
:101E2000B4F5806F3FD201202A4BCDF804B01F6873
:101E300023186FF0004C4FF47A759B461FFA83FA13
:101E4000A1F1020EBEEB510F4FEA51031ADD01F171
:101E5000FF385FFA88F805FB03F2B2FBF1F2B21A21
:101E6000002AB8BF5242624509DA914507DB0020DB
:101E70009446A8EB0302D2B2FB617C613A62013363
:101E80007345E8DB124B1FFA8BF4B3FBFAF1019BAD
:101E9000B4F5806FB1FBF3F10AF1010AC9B203D0C6
:101EA00004F1010BCCE7012003B0BDE8F08F084935
:101EB0004FF02B09B1FBFBF1C9B2192940F26B3687
:101EC000A3D80124AFE700BF00350C0020A1070014
:101ED000005A6202002903204FF0804102220123B0
:101EE0002DE9F041174C0025C4E91123164E174F78
:101EF000DFF86080E16311E0D8F800202365937C6F
:101F0000003B18BF012312493868A36405F02AFD7D
:101F100078B96B1C022B4FF0010511D056F8043B29
:101F20002564E364002BE7D06FF060420123226553
:101F3000E9E7FFF707FB6B1C022B4FF00105EDD122
:101F4000BDE8F08100000320CC2101080029032016
:101F50003C0003207C00032038B50C46064D0749A1
:101F6000074B0A602860074901201C600DF058FBF0
:101F7000054B186038BD00BF00290320F828032056
:101F8000FC2803201028032060280320F0B54D4EC4
:101F900083B0306805F090FD306805F0F9FB00284B
:101FA0006FD10022484D402148482A71EA602A61D9
:101FB0006A61AA61AA60EA6185F8202006F0B6FC91
:101FC000306805F079FD082202233068C0E90D234E
:101FD00005F0DEFB002871D100240222012340F22B
:101FE000FF71C5E90B233A4FA9636C6202E001342B
:101FF000082C0ED037F8023F36493068AC626B636C
:1020000005F0B0FC0028F2D00134FFF79BFA082C51
:10201000F0D1FFF761FF00230222306811460093E0
:1020200005F0CCFC002846D1306805F0E9FC00281A
:102030003ED100220121306805F090FEA8BB0022AD
:102040000621306805F08AFE60BB07224FF4F0518C
:10205000306805F083FE10BB07228021306805F050
:102060007DFEC8B900221C49306805F077FE80B9B2
:1020700000224FF46021306805F070FE20B903B0F3
:10208000F0BDFFF75FFA8CE703B0BDE8F040FFF763
:1020900059BAFFF757FAEBE7FFF754FAE2E7FFF711
:1020A00051FAD9E7FFF74EFACFE7FFF74BFAC6E749
:1020B000FFF748FABDE7FFF745FAB5E7FFF742FA41
:1020C0008AE700BF00290320000003200004024229
:1020D000D22101082400032000407100014B186840
:1020E00005F0EABC00290320FFF7F6BE082824D833
:1020F000DFE800F0080C1014171A1D200500144822
:10210000FFF76ABE42F21070FFF766BE44F6206029
:10211000FFF762BE4CF25030FFF75EBE0D48FFF78E
:102120005BBE0D48FFF758BE0C48FFF755BE0C4884
:10213000FFF752BE0B48FFF74FBE0B4AA0F51C53EA
:10214000103B934201D901207047FFF745BE00BF05
:1021500040420F00A086010048E8010090D0030033
:1021600020A1070000350C00301B0F000346054A74
:102170001978002051615978D16199781162DB7822
:1021800093617047B02603200246024B00209A61FB
:10219000704700BFB0260320034600B5064A93F8F7
:1021A00001E093F800C082F810E004499B7881F8C0
:1021B00000C05374002000BDB0260320800203201D
:1021C0002DE9F047054682B0C0680F4603F034FDA4
:1021D000AB68B3F1005F3ED00646824600F12409A9
:1021E000264C4FF0FF3120680DF0D8FA0128F8D1C5
:1021F000DFF89480D8F800000DF0F0FC484517D2C5
:1022000002251F4A13792B431371002320681A46B5
:1022100019460DF069F91B4A022312681068002262
:10222000114600920EF000FE284602B0BDE8F0878D
:1022300029464FF0FF332422D8F800000DF0F0FCBF
:10224000054686B94D450CD00D4A0125137943F05A
:1022500008031371D9E74FF0000A4FF024095646DE
:10226000BEE70025D1E7524639464FF0FF33D8F894
:1022700000000DF0D5FC0544E4E700BF6028032012
:1022800000000320FC280320082803202DE9F04744
:1022900000250C4682B0C9070646019516D4A20750
:1022A00007D50221314A137943F0010313713368D2
:1022B0001965630738D4019B2BB14FF0E0234FF031
:1022C0008052C3F8042D02B0BDE8F087DFF8A89073
:1022D000DFF8988040214A46254B05F065FCD8F888
:1022E0001430D9F80C000133C8F8143003F0A4FC02
:1022F000DFF888A00746DAF800000DF06FFC07F160
:102300002803984224D349462822DAF8000001AB7A
:102310000DF020FD002FC2D03A46DAF80000144933
:1023200001AB0DF017FDBAE70424104B11499A696F
:10233000086801329A611A79002142F008021A7184
:10234000336800680DEB04021C650EF08DFEB2E7E9
:10235000D8F8183029460133C8F81830054B01AABF
:102360001B6818680EF080FE99E700BF000003208C
:10237000B8280320F8280320902803200C280320E5
:10238000002110B50A4A0B4C1268236982B010680C
:10239000013301AA236101910EF066FE019B2BB16E
:1023A0004FF0E0234FF08052C3F8042D02B010BD6F
:1023B000FC28032000000320002110B50A4A0B4C22
:1023C0001268E36982B01068013301AAE3610191E8
:1023D0000EF04AFE019B2BB14FF0E0234FF08052EC
:1023E000C3F8042D02B010BDF8280320000003201C
:1023F00038B50C46104D294605F070FCA10303D5F5
:10240000EB68A3B90D4A1360620309D52B690B4A27
:10241000012B13790CBF43F0040303F0FB0313718A
:10242000230303D50122054B83F8202038BD4FF04C
:102430000042024B1A60E7E76428032000000320F3
:10244000704700BF91B14FF0FF3210B4084C014407
:1024500010F8013B5340DBB254F82330884283EA42
:102460001222F5D1D0435DF8044B704708467047FF
:10247000E42101080022014B1A607047082903205B
:10248000034B1B689B7C03B9704700F081BE00BF03
:102490007C00032010B5094C094A2368094903FB55
:1024A00002F2B1EBB20F02D20133236010BD064835
:1024B00001F070FD23680133236010BD082903205B
:1024C000295C8FC2285C8F02E01E0108024A136853
:1024D00001331360704700BF0429032000200EF071
:1024E00057B800BF00200EF053B800BF704700BFC0
:1024F000124B1B681989F9B130B400245B68104A8B
:1025000003EB4111D3E90050C2E900509D6898697E
:102510009561DD682033556153F8105C8B42C2E948
:10252000024553F80C5C02F1740242F8105C42F868
:10253000040CE7D130BC7047704700BF7C0003201B
:102540000C29032070B500250D4B0E4A1B68157031
:102550009C7C0D4B641B18BF0124644203F5AE76CE
:10256000E4B21846082221460FF07AFB0346743382
:10257000B342C0E91155F4D1BDE87040FFF7B8BFD0
:102580007C000320760003203029032038B3144B4D
:102590001A68824223D02DE9F041847C0122003C5C
:1025A00018BF012400250F4E186037780E4B644287
:1025B00003F5AE78FFB23270E4B218460822214625
:1025C0000FF04EFB034674334345C0E91155F4D177
:1025D000FFF78EFFFFF788FD3770BDE8F081704789
:1025E0007C000320760003203029032000293CD002
:1025F000F0B5744B83B01D68AF7C6FB906462C8A6A
:1026000044B1EB6803EBC40C1C68B4420FD0083330
:102610006345F9D103B0F0BDC0F30743EF2B4FEA98
:102620001024C0F31126EAD8674E2640E7E71C794C
:10263000E7B1B6F56F4F49D04FF6D4539E4266D0FE
:102640004FF602739E4200F0AD800F2C10D12B6824
:102650001046DB6F00929847009A137803F003034B
:10266000032BD7D0594B1883D4E77047082C3BD0A5
:102670002B68104603EBC4035B689847102CC9D83D
:1026800001A353F824F000BF312700086527000894
:102690006B27000871270008772700087D270008AE
:1026A00083270008892700088F270008492700088A
:1026B00051270008592700085F2700083D27000818
:1026C000432700086526000837270008C0F30720C5
:1026D000132860D05A289DD12B6810465B6D98470F
:1026E0003A4AC3B2D37595E72B6810465B6C0091EC
:1026F000019298470099354CC0B20129207389D0C6
:10270000019A1046FFF72CFB84F8200082E7C3B241
:10271000212B4ED05A2B7FF47DAF2B681046DB6CFB
:102720009847C3B2032B3FF475AF284A937571E7FE
:10273000264B58806EE7254BD8836BE7234B1882D6
:1027400068E7224B988365E7204BC0B2987561E734
:102750001E4BC0B2D8755DE71C4B58835AE71B4B24
:10276000588257E7194B188054E7184BD88051E727
:10277000164B98804EE7154B98824BE7134B5881C8
:1027800048E7124B188145E7104BD88142E70F4BC1
:10279000C0B218733EE72B681046DB6A98470B4BB4
:1027A000588137E71046FFF7F1FA084B83F820000D
:1027B00030E72B6810465B6F9847044AC3B2938397
:1027C00028E700BF7C00032000FF03005400032023
:1027D000314B1B78002B5DD12DE9F04FDFF8C4A001
:1027E00003F0FF05DAF8003083B01B89002B4ED0D0
:1027F0002A4F06463C464FF0740908E0DAF80030EC
:1028000001351A89ABB29A4204F174043FD9E36EE0
:10281000626EF31A9342F1D3B4F9703009FB05FBF1
:10282000002B0DDBB4F868200BF1240052BA00EB4A
:10283000E300ADF804203844022201A903F008FAAD
:10284000B4F9721004F1240800294FEAE10112DB07
:102850004046FFF7F7FDB4F972200190002AB8BF97
:1028600007320BF1240000EBE200042238440DEBA8
:10287000020103F0EDF90A4B41461A682046226135
:10288000FFF79EFCA36EE6660133A366B6E703B0CE
:10289000BDE8F08F704700BF760003200C290320AD
:1028A000000003207C00032038B50446084B094D86
:1028B0001A60094B049A29601A6000F04DF820460E
:1028C00002F0F2FF204603F029FA002038BD00BFD5
:1028D0006C2A0320702A0320682A032038B5054695
:1028E00003F002F80446284603F024FA2043C0B25D
:1028F00038BD00BF70B5154B82B01B6804460D464D
:10290000164603F027F801280AD0114B3246294613
:1029100020461B6803F038FA01280BD002B070BDC6
:1029200000220C4B11461B681868022300920EF01F
:102930007BFAEAE700220749022309680868114682
:1029400000920EF071FA02B070BD00BF6C2A032035
:10295000682A0320702A032000B583B0102001A943
:1029600000F09EF808B903B000BD0021102000F06F
:102970007FF8003818BF012003B000BD00B583B058
:10298000102001A900F08CF820B90146019820B967
:1029900003B000BD012003B000BD102000F068F8B6
:1029A000003818BF012003B000BD00BF70B500267D
:1029B00082B004460D46102001A9019600F070F87F
:1029C00010B9019BA34202D8012002B070BD04F1EE
:1029D0001100294680B200F063F8801B18BF012067
:1029E00002B070BD002210B5114B82B01B7801926D
:1029F00013B9184602B010BD044601A9102000F01A
:102A00004FF840B901981130FF2804D8214680B210
:102A100000F02EF818B10123184602B010BD01993C
:102A20001020013100F024F8031E18BF0123E0E755
:102A300077000320014608B5102000F031F8003877
:102A400018BF012008BD00BF10B505F0D9FA00205D
:102A50000BF0FEFB044618B905F0E6FA204610BD5F
:102A600000200AF0C3FF05F0DFFA204610BD00BFCA
:102A700038B504460D4605F0C3FA204629460BF04A
:102A80008FFEC305044603D405F0CEFA204638BDB8
:102A90000BF086F80443A4B205F0C6FA204638BD10
:102AA0000BF0E0B984462DE9F8430CF500551046CB
:102AB00095F827210CF580540F461E46B4F8921065
:102AC000B4F8943072B3002940F08E80072B40F2A6
:102AD000A0803E2B40F2B9804FF04008B3F5805FF4
:102AE0004246C1465FD21B0A43F010030370B4F89C
:102AF00094300CF584514370023A1C31023003F0DB
:102B0000A7F801220223A8F1020887F80090A4F890
:102B10009280A5F81C2184F891300120C4F89860B7
:102B2000BDE8F883B1B307224FF008085B1A1FFA1B
:102B300083F9B5F81C31914503F00F0343F02003EE
:102B400000F8013BB4F8923003F5845303F11C0301
:102B50000CEB03014CD903F07BF887F80080B4F844
:102B60009230B5F81C21013B9844A4F8928095F866
:102B700022313BB1B2FBF3F103FB112313B9022362
:102B800084F891300132A5F81C210120C4F8986026
:102B9000BDE8F883072B3CD94FF00808B3F5805FF8
:102BA0004246C1469FD310230360B4F894300CF51D
:102BB00084511B0A0371B4F89430063A43711C31F6
:102BC000063003F045F801220223A8F1060887F831
:102BD0000090A4F89280A5F81C2184F8913001207F
:102BE000C4F89860BDE8F8833F224FF040089DE7A5
:102BF0004A4603F02DF8032309F101023A7084F8E4
:102C00009130B4F89230B5F81C219944A4F8929010
:102C1000B8E700F8013B0CF58451B4F894201C315E
:102C200003F016F801210322B4F894300B443B70F2
:102C3000B4F894300120A4F89230A5F81C1184F85F
:102C40009120C4F89860BDE8F8830170B4F894301E
:102C50000CF584514370B4F894201C31023002F01A
:102C6000F7FFB4F89430012103220233DFE700BFFD
:102C700070B500240E4600F580530470C0F8024081
:102C800004738460C3F89240C3F89840A3F88E4060
:102C9000A3F8904000F50053054621464FF48452B6
:102CA000C3E94744C3F82861C3F824410D300EF04E
:102CB000D7FF4FF48452A8182146BDE870401C305D
:102CC0000EF0CEBFF0B591B0169D0446856019B3E5
:102CD000964612788C46100903281DD8DFE800F0CC
:102CE000024C7A22003B18BF012304F5005282F8FF
:102CF0002631237823B10621002382F82411237082
:102D00009EF80050BCF1080F05F00F0500F2D180CD
:102D10000123002D40F0D680237B012B00F0A780FB
:102D200011B0F0BD04F5805797F8911002F00F0232
:102D300004F500564B1E012A86F82121DBB200F073
:102D40000B81022A00F01181002A40F0FB80BCF1C7
:102D5000010F00F01E819EF80130BCF1020F86F8D1
:102D6000223101D09EF80220022986F82321D3D1F6
:102D7000012387F89130CFE7003B18BF012304F50A
:102D8000005686F82631227822B1062286F82421C0
:102D900000222270BCF1070FBED99EF800209EF8D9
:102DA000010002F00F01014340F09C80DEF8022098
:102DB00012BA072AB0D9B2F5845F40F2F08002223D
:102DC000072086F81E2186F82401217096F81F211D
:102DD000322159E02378012B9ED104F58057B7F8B2
:102DE0008E1002F00F0201F00F039A4240F0A28011
:102DF0006088A38897F890201B1A9BB2002A00F0E5
:102E0000BE80551EAEB29E4280F0BC80944583D1F8
:102E10004A1C92B2EDB20D30A7F88E200EF10101DE
:102E20002A46204402F014FF6388A2882B449BB2F8
:102E30009A42638000F0B08004F5005696F81F2196
:102E4000002A3FF469AFB7F88E30013B93FBF2F1F3
:102E500002FB1133002B7FF45FAF96F8263196F812
:102E60001E11003B18BF012341F030010CE004F5B6
:102E7000005696F8263196F81E11003B18BF012324
:102E800096F81F2141F0300100208DF80120032227
:102E90008DF8001096F820112073D6F828015B05F4
:102EA0008DF8021083616946C260FFF789F911B09D
:102EB000F0BD002D7FF430AF9EF801500223002DAD
:102EC0003FF42AAFACEB03018D423FF725AF0EEB89
:102ED00003012A4604F10D0002F0BAFE02236580C8
:102EE000237019E7120202F470620243072A7FF688
:102EF00013AF02210B46ACEB0303DDB204F58057A0
:102F0000A28071442A4687F890C004F10D0002F0B7
:102F10009FFE012300226580237086F81E21A7F8FA
:102F20008E3096F826313021003B18BF012396F8E9
:102F30001F21A9E70421002304F5005282F824117F
:102F40002370E9E6012B3FF6E7AE0522032386F85E
:102F5000252187F89130DFE6012B3FF6DDAE022315
:102F6000C7F8985087F89130D6E6012B3FF6D4AEDB
:102F70000822032386F8252187F89130CCE6072B19
:102F80003FF6CAAE9C457FF6C7AE4A1C92B2DDB290
:102F900041E786F82221E7E602232370BCE60621FA
:102FA0000B46A8E70378012B01D000207047826808
:102FB000064B891A9942F8DD0321002300F50052DF
:102FC00082F8241103700020704700BF400D0300F9
:102FD0002DE9F04100F58055144695F8912092B006
:102FE000561E012E05D9032A0ED0002012B0BDE8CE
:102FF000F081D5F89830394ECB1AB3420BD9022361
:1030000000F5005080F825310023012085F891302B
:1030100012B0BDE8F081012AE7D100F5005696F91B
:10302000237196F82321002F05DA0F32D2B2082A35
:103030008CBF7F2201229A42D7D80B4602AA0DF1FB
:103040000701FFF72FFD9DF80780B8F1080F38D969
:10305000B8F10C0F37D9B8F1100F36D9B8F1140FF9
:1030600035D9B8F1180F34D9B8F1200F33D9B8F1E8
:10307000310F34BF0E270F27384602F0DDFD8045A3
:103080000AD2A0EB0802013AD2B202AB002101320F
:1030900003EB08000EF0E4FDE76096F82731003BF3
:1030A00018BF01235B05A36102E0012002F0F0FDDF
:1030B000204602A9FFF784F80028F6D195F8912060
:1030C00091E74746D8E70927D6E70A27D4E70B2731
:1030D000D2E70C27D0E70D27CEE700BF400D030055
:1030E00000F58052B2F89430B3F5845F14D892F8AA
:1030F00091309BB900F5005300204FF0010CA2F86D
:103100009200A3F81C01C2F8981093F8261183F8D6
:10311000271182F891C07047012070474FF0090CC9
:1031200000F5005383F825C1E6E700BF830F032BAA
:10313000C0F30D4020D0012B0ED0B3B9B0F5B97F4C
:1031400021D01F235FFA80FC000A012281F800C011
:1031500048708B70CA70704740F263539842F0D148
:1031600002204FF0740C0D23EFE79128E9D10B20DA
:103170004FF0380C0223E8E72928E2D102204FF073
:103180007F0C0923E1E70B204FF0EF0CDDE700BFD8
:103190002DE9F04F456893B0B5F1804F02D013B0E0
:1031A000BDE8F08F0668C068C6F307470C4602F01A
:1031B00043FDEA2FC6F3072832D0EC2FEFD1B8F148
:1031C000130FECD10728EAD92378102BE7D1E37944
:1031D0003002C549A27980B20143647908201B04FA
:1031E00043EA0223234300224FF0FF34099123FADC
:1031F00000F18DF821308DF822101B0C0C9007A9DE
:1032000009A8CDE90D22CDE90F220A958DF82330CA
:103210000B92119207948DF82040FEF7D1FFBEE784
:103220000228BCD9B8F1FF0F23D0B8F1130FB6D1E3
:10323000A378617822781B0443EA01231343B3F592
:103240006E4F40F0C480A94A33029BB21A43002358
:103250004FF080450824A64909A8CDE90A53CDE9D5
:103260000C43CDE90E33CDE910330992FEF7A8FFE8
:1032700095E7A378617822781B0443EA012313437E
:10328000B3F56E4F00F02E814FF6C552934200F019
:10329000CB804FF6CA62934281D14FF0000904A857
:1032A000CDF81090FFF7C6FB924B049AB3F81EA01E
:1032B000012ACAF3400A4FEA8A1A4AF03F0A5FFA23
:1032C0008AF440F22981920002321FFA82FA8A4B74
:1032D0000AF10601A3FB0103C91A03EB5103C3F36F
:1032E00087074FF0804385490A93099108212023DD
:1032F0000C91834907AA08910DF1240B4FEA1A217A
:103300008DF81E10584611468DF81C301546CDE933
:103310000D99CDE90F99CDF82C90CDF844908DF80A
:103320001DA08DF81F70FEF74BFF764B0993002F01
:103330003FF435AFCDE9027B4FF00108A3460DF114
:1033400023060822FF21284602F07EFC334656461B
:103350009A4608F1FF34C4EBC4048DF81C80A4B273
:103360000195A6421ADDA3B243B3012B2DD0A7B21B
:10337000023F05A9B810CDF8149007F00307FFF736
:1033800015FB059806A9FFF7D1FE0DEB07031B7E81
:1033900005F8013FAA4504F10104E2D15346019D1D
:1033A00003982946B24608F101081E46FEF708FFB9
:1033B000029B5FFA88F84345C3D2F0E605F801BFE7
:1033C000AA4504F10104CED1E8E7FF23E0E74FF678
:1033D000C552934228D04FF6CA6293423FF45DAF84
:1033E00008270022FF240A956FF0FE0506FA07F071
:1033F000454980B20143099123FA07F18DF8213044
:103400008DF822101B0C07A909A8CDE90B27CDE9DF
:103410000D22CDE90F228DF82330119207958DF8FA
:103420002040FEF7CDFEBAE6384802F025FC002227
:103430004FF080410824314DCDE90A120995054627
:103440002021CDE90C42CDE90E22CDE91022304AEF
:10345000294B0892AA1D8DF81C10A3FB0213D21A47
:1034600007A803EB520325FA04F10DF1240BC3F373
:1034700087088DF81E100746014658468DF81D50E6
:103480008DF81F80FEF79CFE1E4B0993B8F1000FCC
:103490003FF485AE0124DFF874900DF12306A4EB10
:1034A000090A0822FF21384602F0CEFB3A46631E85
:1034B000C3EBC3039BB2013B8DF81C404B440AEBAA
:1034C00003018D4205DD13F8011F02F8011F96422A
:1034D000F5D1013439465846E4B2FEF771FEA045F5
:1034E000DFD25CE60B4AB2E61300EC1C1300EE18C8
:1034F000FC250108540003202549922413FFEC1CED
:10350000FFCAFE0013FFEB1C1300E818E4250108B6
:10351000FFC5FD0013FFEE1808224FF08043164947
:103520000C92099107A908460D46FF210A93CDE99F
:103530000D99CDE90F99CDF82C90CDF8449002F07B
:1035400083FBFF22049B8DF81C40012B8DF81D206E
:1035500006D0CDF81E90294609A8FEF731FE1EE6DA
:1035600006A94846CDF81890FFF720FA06980DF105
:103570001E01FFF7DBFDEEE713CAFE182DE9F0434D
:10358000144602780646013A1D4685B0092A11D82C
:10359000DFE812F01C0010000A009A011000100071
:1035A0000A00100076010A00012900F09A817F22AA
:1035B000122101E07F221121032322703278A170B1
:1035C00062702B80002005B0BDE8F0830229EED1A7
:1035D0004123237043786370A62BE8D801A252F8E8
:1035E00023F000BFAB3A00088D3A0008AF35000861
:1035F000AF350008573A00084D3A0008AF350008CB
:10360000AF350008AF350008AF350008AF3500080A
:10361000AF350008373A0008273A0008AF350008F0
:10362000AF350008AF350008F7390008AF3500089E
:10363000AF350008AF350008AF350008AF350008DA
:10364000AF350008AF350008AF350008AF350008CA
:10365000AF350008AF350008AF350008AF350008BA
:10366000613A00081B3A0008ED390008AF35000840
:10367000AF350008AF350008AF350008AF3500089A
:10368000AF350008AF350008AF350008AF3500088A
:10369000AF350008AF350008AF350008AF3500087A
:1036A000AF350008F7390008ED390008AF350008DC
:1036B000AF350008AF350008AF350008AF3500085A
:1036C000AF350008AF350008AF350008AF3500084A
:1036D000AF350008AF350008AF350008AF3500083A
:1036E000AF350008D93A0008CD3A0008C13A0008C1
:1036F000AF350008AF350008AF350008B73A00080D
:10370000AF350008AF350008AF350008AF35000809
:10371000AF350008AF350008ED390008ED39000875
:10372000AF350008AF350008AF350008AF350008E9
:10373000AF350008AF350008AF350008AF350008D9
:10374000AF350008AF350008AF350008AF350008C9
:10375000AF350008AF350008AF350008AF350008B9
:10376000AF350008013A0008AF350008AF35000852
:10377000AF350008AF350008AF350008AF35000899
:10378000AF350008AF350008AF350008AF35000889
:10379000AF350008AF350008AF350008AF35000879
:1037A000AF350008AF350008AF350008AF35000869
:1037B000AF350008AF350008AF350008AF35000859
:1037C000AF350008AF350008AF350008AF35000849
:1037D000AF350008AF350008AF350008AF35000839
:1037E000AF350008013A0008AF350008AF350008D2
:1037F000AF350008AF350008AF350008AF35000819
:10380000AF350008AF350008AF350008AF35000808
:10381000AF350008AF350008AF350008AF350008F8
:10382000AF350008AF350008AF350008AF350008E8
:10383000AF350008AF350008AF350008AF350008D8
:10384000AF350008AF350008AF350008AF350008C8
:10385000AF350008AF350008AF350008AF350008B8
:10386000AF350008813A0008AF350008AF350008D1
:10387000AF350008AF350008AF3500080F3A000833
:1038800002297FF494AE49232370437863700A2B96
:103890003FF68DAE01A252F823F000BF3B3900087D
:1038A000AF3500085B390008AF350008493900081A
:1038B000AF350008DD390008AF350008AF35000826
:1038C000AF350008BF39000801297FF470AE0191BF
:1038D000FFF754F8019968BB33784033237029808F
:1038E00070E602A8FFF7A6F820BB029B5A1C520004
:1038F0002A80327863704032DBB22270002B3FF4B2
:1039000061AE074604F1020904F103080CE0039BD1
:103910001A0E09F817201B0C9DF8082008F817301C
:103920000137BA427FF64EAE384603A9FFF73EF89C
:103930000028ECD07F2210213EE644F254020623F8
:10394000C4F802202B803DE601236749A370E01CE8
:1039500002F08AF913232B8034E614230120E61C9D
:10396000A07031462B80FFF79BF8E11D0546022031
:10397000FFF796F8034604F10B0103201D43FFF700
:103980008FF8034604F10F010420ADB21D43FFF789
:1039900087F8034604F113010520ADB245EA03049C
:1039A000FFF77EF8A4B244EA00039BB2002B3FF479
:1039B00009AE11220021304602F046F902E6012349
:1039C000E61CA37014220021304602F03DF9304677
:1039D000464902F049F917232B80F3E578220723A3
:1039E0004349A271C4F802102B80EBE504220023A6
:1039F0002A806380E6E5032200232A80A370E1E5A4
:103A000006224FF080732A80C4F80230DAE50622DD
:103A1000384B2A80C4F80230D4E50622364B2A807F
:103A2000C4F80230CEE50322344B2A809B8AC3F3CC
:103A30000723A370C6E50423304A2B809388C3F381
:103A40004A13A3709388DB00E370BBE50322742361
:103A50002A80A370B6E503224C232A80A370B1E527
:103A600004232B800CF0CAFE254DA5FB00239B0BE5
:103A7000A3700CF0C3FEA5FB00539B09E370A1E506
:103A8000062204232A80C4F802309BE503A8FEF72F
:103A9000D1FF38BB039A02F07F0200230621298060
:103AA000A270E370237163718CE50622154B2A80A6
:103AB000C4F8023086E5032251232A80A37081E5F1
:103AC00004224BF635732A8063807BE506220023AF
:103AD0002A80C4F8023075E506220B4B2A80C4F810
:103AE00002306FE50022D8E7F41E0108041F010828
:103AF000011234561234567880018001540003209C
:103B0000D34D621098188003A40C0001814204D99F
:103B100000F17840B0F5802F01D30020704701F10B
:103B200078410139B1F5802F2CBF0020012070476A
:103B3000814208D9B0F1005F05D3044881428CBFAF
:103B40000020012070470020704700BF00000420C3
:103B5000814211D9B0F1005F10D31A4B994219D9A3
:103B6000194B984208D9194881428CBF0020012086
:103B70007047B0F1006F15D200207047144B984287
:103B80000AD8144B9842F4D9134881428CBF0020C4
:103B90000120704701207047104881428CBF0020EF
:103BA000012070470E4B9942E6D80E4BB3F8E03037
:103BB000B3F5007FEED00C4881428CBF002001207D
:103BC000704700BF000004203F2002404021024017
:103BD000FFFFF90BFFFFF80B0080F90B0002FA0B57
:103BE000000008080005FA0B0000040800B58BB0BF
:103BF00001A804F001FC0598AA3818BF01200BB0F9
:103C000000BD00BF00B58BB072B601A804F0F4FB94
:103C100004214FF40052079B019143F08063CDE9EA
:103C2000062304F0EDF918B162B601200BB000BD17
:103C300004F006FA0028F7D101A804F0BBFA10B985
:103C400004F020FAF0E704F00FFA04F0EDF9EBE7E6
:103C500010B58AB004F0D4F9044604F0F1F9044335
:103C600001A804F0C9FB04214FF480729DF81E30B6
:103C7000E4B2C3F3001383F001031B05CDE906236F
:103C8000019134B104F0F0F904F0CEF901200AB04A
:103C900010BD01A804F08EFA0028F3D104F0F2F967
:103CA000044604F0E1F9044304F0BEF9E4B2204311
:103CB000C0B2003818BF01200AB010BD30B58BB0BB
:103CC00004F09EF9044601A804F096FB002380222C
:103CD0000798022110F4801FCDE9033200930CBF36
:103CE00002230123019101A86946029304F01AFC02
:103CF000054604F099F928432043C0B2003818BFA4
:103D000001200BB030BD00BF70B504F079F9054655
:103D10000F4C104ED4E90023B3F1FF3F08BFB2F1BE
:103D2000FF3F04F5802107D0012004F0E7F90028C7
:103D300018BF45F00105EDB20834B442EAD104F0F1
:103D400073F92843C0B2003818BF012070BD00BF0E
:103D500000E0030800000408002330B58FB0009392
:103D600004F04EF90223044605A8019304F044FB35
:103D70000B9B042213F4801F4FF07C0014BF02231E
:103D80000123694603900DEB02000492029304F0B4
:103D9000C9FB054604F048F9054344EA0500C0B2F2
:103DA000003818BF01200FB030BD00BF014608B574
:103DB000012004F0A3F9003818BF012008BD00BF9E
:103DC0000022014B1A607047742A032010B4264C5D
:103DD0002388002B3FD0B3F57B6F41D240F6FF71B3
:103DE000224AC3EB0333A2FB0323A1EBD32189B205
:103DF000B4F802C0A388BCF5E06F34BF4FF0000CEC
:103E00004FF0010C1A4AB3F5306F118082F802C0EE
:103E100013D2B3F5E06F21D2B3F5407F22D2B3F5D0
:103E2000807F8CBF00230123D1789B00994208D169
:103E3000104B18605DF8044B70470123D17899420C
:103E4000F6D00C4C2168411AFA29F3D9D3702060BE
:103E50005DF8044B704740F6FF71C9E70223EDE7B8
:103E60000021C5E70323E9E7782A0320BFBF8C823E
:103E700078000320742A03200022014B1A70704737
:103E80007E2A0320154B164A1B78108891787BB147
:103E90006FF4FC63C3183E2B124B14D91881188B96
:103EA00060F0FF0080B2188321B9598A89B201E01D
:103EB0000C4B18811982D27822B1198B01F47F4101
:103EC0000A431A837047588980B21881188BC0B290
:103ED0001883588A80B21882E6E700BF7E2A032042
:103EE0007800032054000320014B1860704700BF86
:103EF000802A0320704700BF00B5044B83B01868C8
:103F000001A907F095FA019803B000BD802A0320AB
:103F1000024608B5044B012004491A600BF080FBEF
:103F2000034B186008BD00BFD82A0320882A03204D
:103F3000842A0320F8B507460E46144C4FF0FF3193
:103F400020680BF02BFC0128F8D1114D39462B6865
:103F5000324618684FF4FA630BF062FE0246002303
:103F60002068144619461A460BF0BEFAA64203D141
:103F700009E00A200BF046F92B6818680BF0F4FDF5
:103F80000128F6D1F8BD0020F8BD00BF842A032027
:103F9000D82A032010B5044601F06EFE01462046E3
:103FA000BDE81040FFF7C6BF0D4B02781B684032DA
:103FB00001291A700FD900B5A1F1020E10FA8EFE78
:103FC000024610F801CF724503F801CFF8D1054B36
:103FD0001B68198000BD034B1B681980704700BF28
:103FE000042B0320002B032030B54378044685B012
:103FF00013B98378442B0FD07F204FF0310C03216D
:104000003C4B3D4A1B6812681870207883F802C048
:104010005870118005B030BD0B2903D07F204FF0C0
:10402000130CECE7354B1978022903D04FF07F0CC5
:104030007F20E4E71B7F022B11D1314D6B7B13F006
:10404000FB030FD07F20242503212A4B2A4A1B681B
:104050001268187020789D7058701180DAE74FF060
:10406000330CE5E7D0F80300AB6001232B73D4F8E1
:10407000073000BA1BBAC1186B6001922860FFF7C5
:1040800045FD1C4B19681C4BD3F800C040B36B684E
:10409000019A13F0070F0AD07F2370200B700323BF
:1040A00094F800E0887081F801E0ACF800302378E3
:1040B0006A734FF20F04202540338DF80C3003AAA9
:1040C0004B1EC81C8DF80D50ADF80E4012F8011BA8
:1040D00003F8011F8342F9D10423ACF8003099E7BB
:1040E0007F22312003230A70227888704A70ACF84E
:1040F00000308FE7042B0320002B0320E02A03204D
:104100000C2B032003780F2B40F283802DE9F0471E
:10411000A3F1100204460D468EB0772A7FD8DFE85F
:1041200012F0420232027E007E00C5017E007E0057
:104130007E007E00AC017E007E007E007E007E0060
:104140007E007E007E00F801E20108027E007E0013
:104150006C019F01920115027E0085017E00220202
:10416000D5017E005C017E007E0048012201ED0049
:10417000DD00D0007E007E007E007E003201050161
:104180007E007E007E007E007E007E007E007E003F
:104190007E007E007E007E007E007E007E007E002F
:1041A0007E007E007E007E007E007E007E007E001F
:1041B0007E007E007E007E007E007E007E007E000F
:1041C0007E007E007E007E007E007E007E007E00FF
:1041D0007E007E007E007E007E007E007E007E00EF
:1041E0007E007E007E007E007E007E007E007E00DF
:1041F0007E007E007E007E007E007E007E007E00CF
:104200007E007E007E007E001501C300B300A60084
:104210008D00A24BA24A1B681268FFF7AFB97F203E
:10422000112503219E4B9D4A1B6812681870207847
:104230009D70587011800EB0BDE8F087012D40F2DE
:10424000FA84427802F07F03012B00F01485032BDF
:1042500000F0FF847F2012250321914B8F4A1B68B9
:104260001268187020789D7058701180E3E77F20E5
:10427000112503218A4B894A1B681268187020781F
:104280009D7058701180D6E7022D00F0A8847F2021
:1042900013250321824B814A1B681268187020780D
:1042A0009D7058701180C6E77F20122503217C4B3A
:1042B0007A4A1B681268187020789D7058701180B7
:1042C000B9E77F2011250321754B744A1B681268DA
:1042D000187020789D7058701180ACE7704B6F4A51
:1042E000012D1B68166800F0A9837F21132003228B
:1042F000197021789870597032809CE7012D40F236
:104300003B83684E737B012B00F01A85644A634936
:10431000022B1268086800F0C2857F212425032340
:104320001170217895705170038084E7022D00F0A0
:104330006D847F2013250321594B584A1B6812684E
:10434000187020789D705870118074E77F201125B7
:104350000321534B514A1B681268187020789D70D6
:104360005870118067E7022D00F22D817F20132500
:1043700003214B4B494A1B681268187020789D70C6
:104380005870118057E7012D40F20383437803F002
:104390000F02042A00F0C1847F2012250321404B24
:1043A0003E4A1B681268187020789D705870118002
:1043B00041E73D4BB3F8E030B3F5007F00F09C845B
:1043C0007F2011250321364B344A1B681268187070
:1043D00020789D70587011802DE7032D00F2FB802E
:1043E0007F20132503212E4B2C4A1B68126818705E
:1043F00020789D70587011801DE7012D40F2E382F6
:10440000467806F07F06012E00F0CD84022E00F0E3
:10441000EB847F2012250321214B204A1B68126860
:10442000187020789D705870118004E77F20112546
:1044300003211B4B194A1B681268187020789D7065
:1044400058701180F7E67F2011250321144B134A81
:104450001B681268187020789D7058701180EAE609
:104460007F20112503210E4B0C4A1B68126818701F
:1044700020789D7058701180DDE6094F022D3B6851
:1044800000F242827F2013250321044A187020780D
:1044900012689D7058701180CDE600BF002B03207C
:1044A000042B03200C2B03200005FA0B042D00F035
:1044B000B3827F2013250321A44BA54A1B681268F1
:1044C000187020789D7058701180B4E67F201125F7
:1044D00003219E4B9E4A1B681268187020789D70BD
:1044E00058701180A7E6012D40F26082437803F0F6
:1044F0000F02042A00F044847F2012250321934BED
:10450000934A1B681268187020789D70587011804B
:1045100091E6032D00F0A1827F20132503218B4B10
:104520008B4A1B681268187020789D705870118033
:1045300081E67F2011250321844B854A1B68126880
:10454000187020789D705870118074E67F201125B6
:1045500003217E4B7E4A1B681268187020789D707C
:104560005870118067E6022D00F2F5817F20132537
:104570000321764B764A1B681268187020789D706C
:104580005870118057E6714B714A022D1B681668EE
:1045900000F026827F211320032219702178987061
:1045A0005970328047E6022D00F0F1827F201325FA
:1045B0000321664B664A1B681268187020789D704C
:1045C0005870118037E60222294620460EB0BDE819
:1045D000F047FFF709BD90F901204378002ABCBFDE
:1045E00003F07F0343704388B8BF01265BBA9BB2D8
:1045F000A8BF0026B3F5097F00F35F85B3F5007F00
:104600002ADBA3F50073242B26D8DFE813F0ED0096
:10461000D600C500B200A300900068005900500108
:10462000480125002500250025002500250014014E
:10463000FF00250025002500250025002500250078
:104640002500250025002500250025002500410125
:104650002601760143003D007F20312103223B4BA0
:104660001B68187020789970394958700B681A8047
:10467000002E3FF4E0AD354A126812787F2A3FF4ED
:10468000DAAD00221A80D6E5052D00F069877F207B
:104690001321E3E7042DFAD1FDF778FC0A200AF094
:1046A000B1FD2A4B1A682A4B1B68217840311170E2
:1046B00061785170A1789170E178D1701D80D7E751
:1046C000224A234B042D12681B6800F02D877F219E
:1046D000132011702178907051700325EEE70B2D97
:1046E000D5D9456887682DBA3FBA28467919FFF7AA
:1046F0002FFA0028B0D039462846FDF7A3FE014620
:104700000827124B25781A68403515706078104BD1
:104710005070A0781B689070E078D171D070080E4E
:104720001071080CF940507191711F80A0E7074A81
:10473000074B062D11681B6800F002877F221320AB
:104740000A70227888704A70032290E7042B0320B5
:10475000002B032071200421AB4B1A68AB4B107067
:1047600060781B685070A0789070E078D0701980E5
:104770007EE7A54B71201968AB1E0A46087014FA33
:1047800083F3214614F8010F8B4202F8010FF8D190
:104790009E4B1B681D806BE7FFF7B6FA9A4B1A68B1
:1047A0009A4B1B68002800F00F877F217220117040
:1047B000217803259070517080E7FFF7CDFA924B76
:1047C0001A68924B1B680028EFD1214620784030B0
:1047D0001070A81E14FA80F00C4611F8017F844274
:1047E00002F8017FF8D169E7874A884B042D1268E7
:1047F0001B687FF46CAF4178012900F0948702298F
:1048000040F089870020824908704EE7042D7FF42C
:104810003EAF804B1A78022A00F0AA877F227F20C1
:104820000321794B1B68187020789A70774A58706A
:10483000136819801CE7042D7FF429AF754B1A7893
:10484000022AEBD11B7F022B40F08F874378012B8C
:1048500000F0CF877F20122100E7052D7FF417AFEE
:104860000079FDF791FCFDF791FB0A200AF0CAFCE4
:104870000420654B21781A68644B40311B68117025
:1048800061785170A1789170E178D1701880EFE66D
:10489000072D7FF4FCAE0430FDF768FCE3E75D4BC9
:1048A0001B7F022B00F011867F203321D6E6082DD6
:1048B0007FF4EDAE4378012BCCD1C379042B7FF488
:1048C000CBAE807922796379000240EA026040EA47
:1048D000034040F00400FEF785F8002800F05685FC
:1048E0007F2072250321484A484B12681B681070CC
:1048F0002078957050701980BAE6072D7FF4C7AE06
:104900000430FDF749FCAEE7592204211A704278C1
:1049100099705A70427802F07F02012A00F09C825E
:10492000022A00F093827F2512260320374A1D7049
:10493000257811689E705D70088094F90130002B15
:10494000BFF679AC3B681B787F2B3FF474AC002139
:10495000136819806FE42F4B1E78022E00F05582E9
:104960007F220320284B29491B6809681A70247884
:104970009A705C7008805EE47F2013250321224B2F
:10498000224A1B681268187020789D705870118038
:1049900051E47F20132503211B4B1C4A1B6812681E
:1049A000187020789D705870118044E47F20132582
:1049B0000321154B154A1B681268187020789D70EA
:1049C0005870118037E47F20132503210E4B0F4AC6
:1049D0001B681268187020789D70587011802AE446
:1049E0000C4A1278012A00F07682427802F07F02A7
:1049F000012A00F0A9837F21122003221970217857
:104A000098705970328016E4042B0320002B032089
:104A100076000320E02A03204378FF2B00F0728207
:104A20007F2031250321A74BA74A1B681268187005
:104A300020789D7058701180FFF7FDBBA34A517B11
:104A4000032900F032837F2124200322197021786A
:104A5000987059703280FFF7EEBBB0F8012052BA5F
:104A600090B20022A0F50071B1F5007FCDE90122DE
:104A7000CDE903220092C0F06B82A0F57142843A26
:104A80000C2A08D8DFE802F072076C6307070707F3
:104A90005A07070715007F2031250321894B8A4AD1
:104AA0001B681268187020789D7058701180FFF78D
:104AB000C2BB69460120FDF7F3FF01A905460220AC
:104AC000FDF7EEFF034602A903201D43FDF7E8FFB3
:104AD000034603A90420ADB21D43FDF7E1FF0346E1
:104AE00004A90520ADB21D43FDF7DAFFADB20543C1
:104AF000ADB2112269460DF1170001F0A9F8002DA1
:104B0000C9D1142523786F4A66781168A27840339A
:104B1000681E8DF814308DF816208DF8156005AAE2
:104B20004B1E11FA80F012F8011B03F8011F83429B
:104B3000F9D1654B1B681D80FFF77DBB0C226449D2
:104B40000DF1170001F084F80F252378DBE704222C
:104B500060490DF1170001F07BF807252378D2E7B3
:104B60005D4A042512788DF81720CCE70C225B49AA
:104B70000DF1170001F06CF820230922584909A80B
:104B80008DF82330192501F063F82378BBE74378CB
:104B900003F07F03022B00F05B82032B00F04482C2
:104BA000012B40F06A8200224B494E48C1E90322A2
:104BB0000B70464B02605A734A610A778A6194F916
:104BC00001306278002BFFF636AB50203D4B3E495A
:104BD0001B6809685A7018700D80FFF72CBB42786B
:104BE00002F07F03012B00F07F81022B00F0538243
:104BF0007F2012250321334B334A1B68126818703B
:104C000020789D7058701180FFF715BB4378002BFA
:104C100000F09381802B3FF40EAB7F2012250321FF
:104C2000284B294A1B681268187020789D705870AC
:104C30001180FFF700BB7F2013250321214B224A5F
:104C40001B681268187020789D7058701180FFF7EB
:104C5000F2BA244D2968002940F02E817F202225B8
:104C6000184A1949126809681070207895705070B8
:104C70000B80FFF7E0BA022D00F037828378103BFB
:104C8000032B00F2F285DFE803F01917021B164B25
:104C9000144A136094F90130002BFFF6CCAA0221CC
:104CA000084A237812684033074D137060782B68E8
:104CB00050701980FFF7BFBA0C4BE9E70C4BE7E7E0
:104CC0000C4BE5E7042B0320002B03200C2B0320C7
:104CD0009005FA0B2C1F0108E02A0320141F01087D
:104CE000201F0108082B032020A1070090D00300FB
:104CF00048E8010040420F00022D00F23C817F2075
:104D000013250321B14BB24A1B6812681870207832
:104D10009D7058701180FFF78EBA03F0F002402AA0
:104D200040F22C817F2012250321A84BA84A1B6842
:104D30001268187020789D7058701180FFF77BBA48
:104D4000A91E11F007051FFA81F840F09A80B36898
:104D500072684344934200F29480327B43789342DA
:104D600000F042847F2073250321984B984A1B68EA
:104D70001268187020789D7058701180FFF75BBA28
:104D800003F0F002402A40F229817F2012250321FE
:104D90008E4B8F4A1B681268187020789D7058706F
:104DA0001180FFF748BA40F26713ADF81430FFF7EF
:104DB000A3F8884A884B4240C3E903021E7794F95E
:104DC000013000BA002BCDF81600FFF634AA0621F8
:104DD0007E4B05981B687E4A1860BDF81800126863
:104DE00098801180FFF727BA062D00F0CB817F2035
:104DF00013250321754B764A1B68126818702078BA
:104E00009D7058701180FFF716BA4FF28412B0F8F7
:104E1000013058BA80B220F00801914200F0F680CB
:104E200049F2F102934200F06382072D00F05783AC
:104E30007F2013250321654B654A1B681268187093
:104E400020789D7058701180FFF7F5B9032D00F0A0
:104E5000CE817F25132668E5032DFAD1002205A80F
:104E6000DA70FDF7E7FD5A4A3B681668002800F043
:104E700024837F21197072212078997058703580B1
:104E80005BE57F2071250321504B514A1B68126856
:104E9000187020789D7058701180FFF7CCB9022DE2
:104EA00000F061817F2171250323117021789570B5
:104EB00051700380FFF7BFB9130600F12481C720AA
:104EC0000221424B424A1B68126818706078587081
:104ED0001180FFF7B0B97F2203211A7000789A7011
:104EE00058703180FFF7A7B911063FF5A4A9C52175
:104EF000364B374A1B681268197041785970158013
:104F0000FFF799B98378FF2B7FF48AADC378FF2B25
:104F10007FF486ADFDF732FD002800F01D847F2070
:104F200072250321294B2A4A1B68126818702078C1
:104F30009D7058701180FFF77EB97E21234B244A63
:104F40001B6812681970417859701580FFF773B9A2
:104F50006946FDF7A5FD002800F027817F2131205B
:104F60001A4B1B4A1B681268197021789870597087
:104F70001580FFF760B90122FFF726BB1B095A1DF8
:104F8000AA4280F2D380002B00F0A7820027591E8E
:104F90000530C90010F8012F8A4008393A4311F151
:104FA000080F97B2F6D19E1DF3199D4200F0728250
:104FB0007F2013250321054B054A1B6812681870D2
:104FC00020789D7058701180FFF735B9042B0320AD
:104FD000002B032078563412E02A0320AF4A1278BF
:104FE000012A00F032811B099A1D954200F0EE81E2
:104FF0007F2013250321AA4BAA4A1B681268187048
:1050000020789D7058701180FFF715B97F203125E9
:105010000321A34BA34A1B681268187020789D7067
:1050200058701180FFF707B99F4A928A92B2B2F581
:10503000805FC0F041817F208825994A9949126894
:10504000096810702078957050700B80FFF7F3B8E6
:10505000954B9B8A9BB2B3F5805FC0F003817F20A4
:10506000222503218E4B8F4A1B6812681870207806
:105070009D7058701180FFF7DEB87F201225032144
:10508000874B884A1B681268187020789D7058708A
:105090001180FFF7D0B812063FF5CDA8294620466B
:1050A0000EB0BDE8F047FEF77FBF042151730278D0
:1050B00040321A703580FFF7BEB8B3F57F4F00F06D
:1050C00050814FF6017293427FF4C6AA042D7FF4FB
:1050D000DEAA4378012B7FF4BDAB704B1A78022A0D
:1050E00000F07C837E22FFF79ABB7F2013250321EB
:1050F0006B4B6C4A1B681268187020789D70587052
:105100001180FFF798B80123684C26782370FCF7CC
:10511000E5FF4FF47A700AF075F8F6B22868FCF7EC
:10512000E5FFFCF733FF2670FFF785B87F201325D6
:1051300003215B4B5B4A1B681268187020789D70D6
:1051400058701180FFF777B851221A7042785A7060
:10515000358090F90130002BBFF66DA80EB0BDE888
:10516000F04702F0A1B8317B63788B4200F05081A8
:105170007F2173250323117021789570517003806E
:10518000FFF759B8454B9A69042A40F20B817F20FA
:1051900036250321424B434A1B6812681870207859
:1051A0009D7058701180FFF746B860782378A47816
:1051B000403304228DF8150069460DF117008DF873
:1051C00014308DF8164000F043FD354B0DF11302FD
:1051D0001868431E063012F8011F03F8011F984299
:1051E000F9D107222F4B1B681A80FFF724B8002241
:1051F00005A8DA70FDF71EFC8146002840F02D81DD
:10520000059B002B00F0AA8280466E4612E09DF8B6
:1052100003203B685A55BDF8022003F82820009A65
:105220002B44120A9A70009ADA70059B043598454F
:1052300080F01F8140463146FDF7B8FB08F10108B8
:105240000028E4D04FF00109EFE77F220320144B40
:1052500014491B6809681A7024789A705C70088079
:10526000FEF7E9BF00230D4A1148C2E90333114993
:1052700003604B7353611377936194F90130607845
:10528000002B1570FEF6D7AF5021054B054A1B6861
:105290001268587019701580FEF7CDBFE02A032000
:1052A000042B0320002B032054000320760003204E
:1052B000082B03200C2B03200022B349B348C1E97B
:1052C00003220B70B24B42731A604A610A778A61FB
:1052D00094F9013060789342FEF6ADAF5021AD4BAA
:1052E000AD4A1B681268587019701580FEF7A3BF8D
:1052F000142D7FF49DADD4F803100120FDF7B8FB09
:10530000D4F8071005463046FDF7B2FB0346D4F843
:105310000B1003201D43FDF7ABFB0346D4F80F1021
:105320000420ADB21D43FDF7A3FB0346E17C05203D
:10533000ADB21D43FDF79CFBADB245EA00039BB245
:10534000944A954912680968002B00F0F0817F208B
:105350007225032310702078957050700B80FEF733
:105360006ABF042D7FF493A94378012B7FF472AABE
:10537000854B1A78022A7FF4B5AE1B7F022B40F0D2
:10538000F481FEF79BFC00287FF4AAAA04212046A2
:10539000FEF70AFE804B1B681A88002A3EF44BAFCA
:1053A000FFF766B958685969411A092900F2FA806D
:1053B0007F2037250321774B774A1B6812681870C6
:1053C00020789D7058701180FEF735BF002B00F0DB
:1053D0008D800026013B411DDB0011F8012F9A4012
:1053E000083B13F1080F46EA0206F6D140F6FE73B9
:1053F0009E427CD97F2031250321664B664A1B687B
:105400001268187020789D7058701180FEF713BFD5
:10541000013333732378002140331370637802F82B
:10542000013FB3680BE034680131E35CB1F57F6F95
:1054300002F8013FB36803F10103B36003D074685D
:10544000A342F0D389B27268023193420180FEF424
:10545000F2AE03237373FEF7EEBE7F2272203B6829
:105460001A7021784C4A5970987013681D80FFF7A4
:1054700064BAB9F1000F00F071817F213B68722599
:10548000197003212078444A58709D701368198060
:10549000FFF753BA3C4B1A78022A00F0F0807F22C3
:1054A0007F2503203B4B3C491B6809681D7024780D
:1054B0009A705C700880FEF7BEBE0620059959718F
:1054C000090A19713080FFF738BABFF34F8FBFF365
:1054D0006F8F431D9847FFF7CBB91F4663E5D4F89C
:1054E000031009BAFDF7C4FA034629E71E46D4F8AB
:1054F00002502DBA71192846FEF72AFB254B264A81
:105500001B681168002800F01D812278ED1A4032D6
:105510001A709A1902E0E85C03F8010F9A42FAD176
:10552000731C0B80FEF787BE4178012900F0D980FB
:10553000022940F0F080002018490870FFF7B5B844
:10554000828840F6FB7052BA92B2824240F2CD801D
:105550007F2231200A70227888704A70FFF7F4B8F1
:105560004378012B7FF476A90379002B00F04A8160
:10557000012B7FF471A80A48FDF708F82946204658
:10558000FEF712FD06E700BFE02A03200C2B0320E4
:10559000082B0320042B0320002B03207E2A03204A
:1055A00004260108197F012900F0EF807F202425BF
:1055B0000321B64BB64A1B681268187020789D709C
:1055C00058701180FEF737BE2146207840301070A9
:1055D000A81E14FA80F00C4611F8017F844202F8EC
:1055E000017FF8D1FFF76AB80133337302F008FD89
:1055F000B8F1000F5ED02746AA46A946B0683B79AD
:105600007A791B0403EB0263FA78397A03EB0223FD
:105610007A7A090401EB0261BA780AF1080A1344A4
:1056200019EB0302FB79083701EB0323316801F51D
:105630008021084417F8021C0B44FEF7B7FB40EA30
:105640000503B068D04500F10800DDB2B060D6D8DF
:1056500002F0EAFCD6E901329A4224BF03237373B5
:1056600085B37F2172200322884B1B681970217833
:1056700098705970864B1B681A80FEF7DCBD1B7F43
:10568000022B2CD1D4F802502DBA28467919FEF7F6
:105690004FFA002840F0BE807F20312503217B4B4C
:1056A0007B4A1B681268187020789D7058701180B2
:1056B000FEF7C1BD02F0B8FCD6E901239A4201D839
:1056C000032373730220714A714923781268647846
:1056D00009684033137054700880FEF7ACBD332264
:1056E000DEE66C480170FEF7E0BF712008700846E6
:1056F00065784D70A5788D70E4780021151F00F84D
:10570000034F02E000F8011F01318D42FADC043240
:1057100092B2FEF7ACBF7F211220117021789070F9
:105720005170FEF7DABF5C480170FEF7BEBF6078CB
:105730002378A5785070032040331370957008804B
:10574000FEF779BD7F2031250322187020789D70E7
:1057500058700A80FEF76FBD0121A0E44C4A9B00FF
:10576000116803330B80FFF7E8B83322FFF757B80F
:105770001B7F022BF9D14378012B7FF46BA8FEF736
:1057800067FA00287FF4ACA800E6D4F802101D697F
:1057900009BA8D4212D000277F2658613525032093
:1057A00001329A61394A3A4912681F771670237894
:1057B0000968537095700880FEF73DBD1E7794F917
:1057C0000130002BFEF637AD40F267212F4A304BF7
:1057D00012681B6811801E80FEF72DBD1B7F022BF7
:1057E000C3D12E4B5B7B042BC9D07F202221FEF737
:1057F00035BFFEF7FBF900BBFEF704FA00287FF483
:105800006FA8C3E52648FCF7C1FE29462046FEF7EF
:10581000CBFBBFE5022F23D0042F1CD0082F12D0C2
:105820006FF00603E21D1B1B02E012F8011F297036
:105830009918B942F9D3314631E40CF001FB002844
:105840007FF44EA8A2E5A168E0680BBA02BA31461F
:10585000C5E9002323E4A36831461BBA2B601EE48C
:10586000238931465BBA2B8019E47F220026312040
:105870000321064B0B4D1B682E601A70044A2478D6
:1058800012685C7098701180FEF7D5BC042B032061
:10589000002B03207E2A0320760003200C2B0320FC
:1058A00018260108082B032038B500240122094BD3
:1058B00009490A4D4C73586009490A48C3E9034431
:1058C000C3E905442C601A701C77FDF7D1F9204616
:1058D00038BD00BFE02A03200C2B0320082B032037
:1058E00080000320D8A50120114B01461A78032A15
:1058F00002D01048FDF756BB41F288305A688A1A28
:105900008242F6D900224FF0010C0B4810B40B4C28
:10591000427383F800C01A77226006485DF8044B92
:10592000C3E90322C3E905225960FDF73BBB00BF71
:10593000E02A0320D8A501200C2B0320082B0320EC
:105940000146024A0248FDF743BB00BFA8000320FE
:10595000D8A501202DE9F043002585B004468DF837
:105960000D50ADF80E50D0E90050B0F1804F0F4609
:1059700090461E46C5F382690CD038B940F2E173F7
:105980009D4263D040F2DF739D420ED0002005B0EF
:10599000BDE8F083C5F30743DA2BC5F3072200F017
:1059A0009980DB2BF2D1FF2AF0D1E06800F044F9B6
:1059B0000028EBD03B780F2BE8D8002B00F0968026
:1059C000072BE3D801388342E0D8A2690137ADF84C
:1059D0000E30A2F500120123B2FA82F28DF80D30DA
:1059E000504B520983F826216168B1F1804F00F0D5
:1059F0008F8040F2E97200214B484C4B0260C3E9B2
:105A0000002141604FF0FF3301220DF10D0130689C
:105A10000AF006F94FF0FF33022204460DF10E01A1
:105A200030680AF0FDF802464FF0FF33144439465F
:105A30003068BDF80E200AF0F3F8BDF80E300444CB
:105A40000333A34244D0FBF77DFD41E040F2E9730C
:105A5000364AC2E90030344AC2E90030E06800F05A
:105A6000EBF8CDF80080A369314CA3F50013B3FA2D
:105A700083F301463A4620465B09FDF723F9257872
:105A8000022D83D100274FF0FF3301220DF10D01CC
:105A900030688DF80D700AF0C3F82A464FF0FF33D6
:105AA0000546A11C30680AF0BBF802464FF0FF33F0
:105AB00015443068628804F10D010AF0B1F863887A
:105AC00005440333AB4201D0FBF73CFD00232370B8
:105AD00001205CE7132A7FF459AF2B029BB243EA03
:105AE000896343F45A0343F01303B1E7A269B2F5A3
:105AF000001F7FF44BAF08287FF648AF7B78002B60
:105B00003FF444AF023883423FF640AF02375EE7CE
:105B10002A0292B242EA896242F45A0242F0130225
:105B20006AE700BFD8C5012080000320A800032039
:105B3000D8A501204FF0000C10B5029CA4F800C0BD
:105B40008C460D490B600D490C600D4948601146AB
:105B500022B1BDE810406046FEF7D4BA4FF07F0E88
:105B60008CF800201320032283F800E09CF800103A
:105B700098705970228010BD042B0320002B032045
:105B8000E02A03204FF0000C10B5029CA4F800C0DE
:105B90008C460D490B600D490C600D49486011465B
:105BA00022B1BDE810406046FEF7ACBA4FF07F0E60
:105BB0008CF800201320032283F800E09CF80010EA
:105BC00098705970228010BD042B0320002B0320F5
:105BD000E02A032038B5049A12884AB1197851296D
:105BE00007D0C72904D1012A02D05B78032B08D043
:105BF00038BD4FF4FA7009F005FBBDE8384001F0FC
:105C000053BB4FF4FA7009F0FDFA0123084C2578D4
:105C10002370FCF763FA4FF47A7009F0F3FA054B3E
:105C2000EDB21868FCF762FAFCF7B0F9257038BDE0
:105C300076000320082B0320014BC0B2185C70478C
:105C4000F4270108704700BF0AB10CF009B870478B
:105C50004AB1013A4B1E0138114413F8012F8B420F
:105C600000F8012FF9D17047421E11F8013B02F8EC
:105C7000013F002BF9D1704708B503782BB10130F3
:105C8000FAF7DEFA013080B208BD184608BD00BF41
:105C90004FF47A7202FB00F0024BA3FB0030800944
:105CA00009F0B0BAD34D6210F8B54178072909D987
:105CB00042F2FE2002221649164B09681B68088032
:105CC0001A80F8BD144D044628690144FDF740FFD1
:105CD0000F4A104B012816681F6805D042F2FE22B9
:105CE000022332803B80F8BDFF233370637863B1B9
:105CF00000232A6912780133DBB2F2542A69013297
:105D00002A6161789942F5D8481C3880F8BD00BFF7
:105D1000202B03201C2B0320242B032000220146D0
:105D2000034B1046C3E903221A7059601A81704769
:105D3000242B0320084B1A785AB14EF660215A687A
:105D4000821A8A4205D90022C3E9032258601A70D8
:105D50001A810020704700BF242B032038B5D0B231
:105D60000C46FFF76FFF074DE86002E00A2009F0DC
:105D700049FA21462846FCF723FA0028F6D10120EB
:105D800038BD00BFD000032070B5D0E90042B2F1A9
:105D9000804F0D461E4682B007D01AB940F25253CA
:105DA0009C4219D0002002B070BDC4F30743EF2B12
:105DB000F8D1C4F30723132BF4D1E3B23F2B01D066
:105DC0005A2BEFD123029BB204F0E0541C4344F45D
:105DD0006F0444F0130401E040F25354124BC068C6
:105DE000C3E90042FFF728FFADF806000028D9D02C
:105DF0004FF0FF3302220DF10601306809F010FF69
:105E00004FF0FF3304462946BDF80620306809F0FC
:105E100007FFBDF8063004440233A34201D101203C
:105E2000C1E7FBF78FFBFAE7D00003202DE9F04133
:105E3000069D944F944E954C356060603B604AB12E
:105E4000FF2018700878FF2824D094F800C0BCF117
:105E5000010F01D0BDE8F081CE38302827D8DFE827
:105E600000F033262626262626262626262C2C2615
:105E700026262626262626262626262626332626B5
:105E8000262626262626268D837C746153264339B2
:105E9000AFA16C00012A00F098804A78002A00F037
:105EA000948042F2FE21022219802A80D2E742F237
:105EB000FE01022219802A80CCE70022C3F80120CB
:105EC0005A6008232B80C5E700210322A3F80110A4
:105ED0002A80BFE7002201200821C3F80120A3F88F
:105EE0000520D8712980B5E7012A30D04A78002AE8
:105EF000D7D104200821C3F80120A3F80520644A63
:105F0000D87129802261A5E7012A20D0227A012AAE
:105F100003D04A78002A00F08280002102225970C2
:105F20002A8097E7052A12D9627A012A64D042F6BC
:105F3000FE11022219802A808CE700230122C4E985
:105F40000333237023812A8084E7082A4ED042F24B
:105F5000FE11022219802A807CE7012AF7D0BDE8D1
:105F6000F0410846FFF7A0BE072AF0D94B68084663
:105F70001BBA2361BDE8F041FFF796BE072AE6D9B8
:105F80004D68206995FA85F808EB0001FDF7E0FD02
:105F900001283F68366857D042F2FE2202233A8039
:105FA000338057E700215970227A0620013A18BF42
:105FB00001221201D970197159719A70288049E72C
:105FC000FE21022219802A8044E7002201214FF499
:105FD000807608202F4FC4E9032222812170C3F864
:105FE0000170A3F80560D971288033E701224B685E
:105FF0001BBA23612A802DE7D1F80210E6682648F3
:1060000009BA7040884236D0002242F2FE50022186
:1060100018802980C4E90322227022811AE7FDF743
:106020006BFF0121042206253B68E06061725A7013
:10603000E27B31689A70E289DA70E268120A1A71BA
:10604000E2685A710D8005E75DB100231D462269A3
:1060500012F8011B013398450D442261F8D895FAD6
:1060600085F8032100220823C7F80480A7F801104F
:10607000FA703380EEE622810021022259702A80D4
:10608000E8E600BF202B03201C2B0320242B032039
:1060900004280108000108087856341210B50F4B87
:1060A00082B0186E002240F0010018661C6E0721B5
:1060B00004F001040094009C9C6D6FF0010044F01A
:1060C00080549C659B6D03F080530193019B01F00C
:1060D00091F802B0BDE8104003F026BF0010024066
:1060E00070B500210446ACB0942207A8CDE9021196
:1060F000CDE9041106910BF0B3FD324B22689A42B0
:1061000001D02CB070BD03234FF480424FF080517A
:10611000CDE907230993182211232791CDE90A23FA
:10612000022108224FF0807307A8CDE90D230C91BE
:1061300004F0F0FD00283BD1234B0026DA6C02A9C5
:1061400042F40052DA64DA6C204D02F400520092FC
:10615000009ADA6C42F00102DA64DB6C322203F05E
:1061600001030193032301981948CDE90223049602
:1061700002F02EFA80224FF480730521C5E90362F4
:106180006B614FF480622023C5E90116114928464E
:10619000C5E906232E62296001F03AF970B9102191
:1061A0000A4801F0E5FA30B92565AC622CB070BD43
:1061B000FBF7C8F9C0E7FBF7C5F9F5E7FBF7C2F94C
:1061C000EDE700BF008002420010024038270320A4
:1061D0000000024208040240094B02689A4200D0C3
:1061E0007047A3F500539A6C82B042F480529A64CF
:1061F0009B6C03F480530193019B02B0704700BF76
:10620000003002400000000010B500210446ACB090
:10621000942207A8CDE90211CDE9041106910BF0F3
:106220001FFD274B22689A4201D02CB010BD4FF0C1
:1062300000724FF0807307A80792219304F06AFD63
:10624000002832D19FED1A6B9FED1B7B09241D4B5B
:1062500002A9DA6D1C4842F40072DA65DA6D02F4C4
:1062600000720092009ADA6C42F00202DA64DB6C8F
:106270008DED026B03F0020301938DED047B019B16
:10628000069402F0A5F900220521272000F0B2FFB4
:10629000272000F0E9FF00220521282000F0AAFFB6
:1062A000282000F0E1FF2CB010BDFBF74BF9C9E747
:1062B00000030000020000000000000000000000D9
:1062C00000A40040001002400004024208B5026829
:1062D0000A4B9A4200D008BD094A4FF44071D36D71
:1062E000084823F40073D36502F078FA272000F001
:1062F000C9FFBDE80840282000F0C4BF00A400404A
:10630000001002400004024210B500210446ACB067
:10631000942207A8CDE90211CDE9041106910BF0F2
:106320009FFC214B22689A4201D02CB010BD202343
:1063300007A8079304F0EEFC50BB9FED176B9FED91
:10634000187B0824194B02A9DA6D194842F00102A2
:10635000DA65DA6D02F001020092009ADA6C42F01E
:106360000102DA64DB6C8DED026B03F00103019333
:106370008DED047B019B069402F02AF90022052191
:10638000422000F037FF422000F06EFF2CB010BD1D
:10639000FBF7D8F8D1E700BF0C00000002000000B6
:1063A00000000000000000000080004000100240DB
:1063B0000000024210B50446A6B09422002101A8B4
:1063C0000BF04EFC114B22689A4201D026B010BD52
:1063D0004FF4802301A8019304F09CFC98B90C4B66
:1063E0000022D86C052140F48020D864DB6C5E204C
:1063F00003F480230093009B00F0FCFE5E2000F07D
:1064000033FF26B010BDFBF79DF8E8E700080C420B
:106410000010024000B5036887B0B3F1804F0DD083
:106420002E4A934238D02E4A934214D02D4A93429A
:1064300026D02D4A934244D007B000BD03F5043363
:106440009A6D42F001029A659B6D03F0010301937E
:10645000019B07B000BD254B0022986D052140F03F
:10646000200098659B6D322003F020030393039B6B
:1064700000F0C0FE322007B05DF804EB00F0F4BE7F
:106480001A4B1A6E42F400321A661B6E03F4003384
:106490000493049B07B000BD144B0022986D0521A6
:1064A00040F0100098659B6D312003F010030293BB
:1064B000029B00F09FFE312007B05DF804EB00F076
:1064C000D3BE0A4B1A6E42F480221A661B6E03F486
:1064D00080230593059B07B000BD00BF001000405E
:1064E00000140040004401400048014000100240F8
:1064F00010B500210446AEB0942209A8CDE90411DC
:10650000CDE9061108910BF0ABFB2D4B22689A42A6
:1065100001D02EB010BD4FF4005309A8099304F028
:10652000F9FB00283FD19FED226B9FED237B0A22D0
:10653000244C2548E36C04A943F00103E364E36CB5
:106540008DED046B03F001030193019B8DED067B40
:10655000089202F03DF8E36D43F40013E365E36D48
:1065600003F400130293029BA36DDB0018D4A36D08
:1065700043F08053A365A36D03F080530393039B03
:1065800003F0CAFCA36D23F08053A365002205210C
:10659000492000F02FFE492000F066FE2EB010BD0D
:1065A00003F0BAFCF2E7FAF7CDFFBCE7AFF30080E7
:1065B00000180000020000000000000000000000C1
:1065C00000D40040001002400000024210B5014615
:1065D00088B000222A2000F00DFE2A2000F044FEA0
:1065E000154B01A91A6E03A842F400621A661B6ECD
:1065F000124C03F400630293029B04F083FA04F04C
:1066000069FA0346002140F2E7300D4A2161A2FBFE
:106610000323A1609B0C0B49E060013B20462160F5
:10662000636005F06DFA10B1012008B010BD20467E
:1066300005F076F808B010BD00100240382B03209A
:1066400083DE1B43002C0140FEE700BFFEE700BFD6
:10665000FEE700BFFEE700BFFEE700BF704700BFD8
:10666000014801F013B800BFE8240320014801F0FD
:106670000DB800BF80240320014801F0F9BB00BF22
:10668000B0260320014801F0F3BB00BFB026032071
:10669000014805F035B900BF382B0320014805F04B
:1066A0002FB900BFE8230320014805F029B900BF36
:1066B0009C230320014802F03FB900BF5C26032061
:1066C000014802F0D7BA00BF5C260320014804F05D
:1066D000FDBE00BF50250320014805F003BC00BFEC
:1066E000C8250320014802F00BBD00BF282003206D
:1066F000014800F0CBBF00BF38270320014804F059
:1067000017BE00BFB4250320034AD2F8883043F4F3
:106710007003C2F88830704700ED00E0254B254932
:106720001A68120754BFD3F894301B688A6858BFA0
:10673000C3F3032302F00C0248BFC3F30313082A78
:1067400012D01D480C2A50F823300FD01B49042AC0
:1067500008BF0B46174A1A4892681A49C2F3031237
:10676000825CD3400B607047174BF3E7C868CA6878
:1067700000F00301C2F30312022902F1010211D059
:10678000032913D0B3FBF2F10A4AD368D268C3F3EA
:10679000062301FB03F3C2F3416201325200B3FB53
:1067A000F2F3D7E70549B1FBF2F1EDE70649B1FB9A
:1067B000F2F1E9E7001002400C2801080024F4007F
:1067C00054280108F400032080969800DFF834D0A4
:1067D000FFF79AFF002103E00B4B5B584350043155
:1067E0000A480B4B42189A42F6D30A4A02E00023A9
:1067F00042F8043B084B9A42F9D30BF097FAFAF7A8
:1068000081FAFEE700000420B02801080000032000
:106810006002032060020320D0580320FEE700003E
:10682000042010B500F0D4FCFFF778FF0020FFF73C
:10683000CDFE10B10124204610BD0446FFF72EFC0A
:10684000204610BD034A044B11681B780B441360AB
:10685000704700BF842B0320F8000320014B186809
:10686000704700BF842B0320002330B583B0019311
:10687000002800F09E80856D0446002D00F09C806D
:10688000226893689D0005D5936823F0204323F088
:106890003F0393609368D80019D45C4B5C481B6835
:1068A00091689B09A0FB030321F010419B0921F093
:1068B0003F0101335B0041F0805191600193019BE6
:1068C0002BB1019B013B0193019B002BF9D19368F4
:1068D000D90064D40120A36D43F01003A365E36DD8
:1068E0000343E365936813F0040FA36D5DD1DB06EA
:1068F0005BD4A36D23F4817343F00203A365936813
:10690000DD0708D4434B9B6813F0010F424B9B6893
:1069100001D1D90763D5E568636B94F820102B4348
:10692000A568012943EA0503657E43EA453343EA46
:1069300001434FD0A16A21B1E56A01F47071294386
:106940000B43D568354929401943D16093681B072B
:1069500016D494F83030257ED1685B0043EA853345
:10696000E56C21F4804121F006012B430B43D360F9
:1069700094F83830012B3AD0136923F001031361E6
:106980002369012B1ED0136B23F00F031363A36D38
:1069900023F0030343F00103A36503B030BD936804
:1069A000002013F0040FA36DA1D0A36D43F01003DA
:1069B000A365012003B030BDFFF792FBE56584F8C5
:1069C00054505DE7116BE36921F00F01013B0B436C
:1069D0001363DCE7616A013943EA4143AAE71049DE
:1069E00065688B6823F47C132B438B6093E71169F4
:1069F000E36B256C6FF38A012B430B43616C0B43F4
:106A0000A16C0B4343F001031361B9E7F4000320C9
:106A1000632D3E05008002420081024207C0F0FF64
:106A200000830242704700BF704700BF08B5806A0C
:106A3000FFF7FAFF08BD00BF704700BF836A10B5BB
:106A40009A6D12F0500F9A6D1DD1196842F40072C0
:106A50009A650A6812F0080FCA681BD012F4406FDA
:106A60000DD1CA6894040AD49A6D22F480729A6592
:106A70009A6DD10403D49A6D42F001029A651846CA
:106A8000FFF7D0FF10BDD2060AD4BDE810401B6D41
:106A9000DB6B18479007E7D51846FFF7C3FFF1E710
:106AA0001846FFF7C9FF10BD806A08B5836D43F033
:106AB00040038365C36D43F00403C365FFF7BCFF68
:106AC00008BD00BF0022F0B583B0019290F85420B9
:106AD000012A00F0F380034601201A6883F854006D
:106AE0009068400709D501209A6D42F020029A650E
:106AF000002283F8542003B0F0BD1F24486802F13F
:106B0000300500F01F0C4FEA901E08680EF00C0EC6
:106B1000C0F3846000FA0CF004FA0CFC55F80E4047
:106B200024EA0C0C40EA0C0045F80E00906810F0C6
:106B3000040F906835D1070733D4072408688D689F
:106B4000C0F30456B440C00DB5F1004F6FEA040421
:106B500000F0040000F0FC8002F11407B5403E583C
:106B600034402C433C50506920F0004050610E6985
:106B7000D468042E086800F0B88002F1600757F866
:106B800026C0BA4D00F0F8400CEA05050543C4F3F1
:106B9000C10448696400A040284340F0004047F821
:106BA00026009068C60701D50020A1E7CE680C68D2
:106BB000AF48D2F8B05006F01807F840C4F31207F7
:106BC000204025EA07052843C2F8B000A9488642BC
:106BD00026D0A9490C42E7D0A848A94986688D6803
:106BE000ED076ED4A74DAD68EF073FF57CAFA64D1E
:106BF00006F0E077AC4200F05F81A44DAC4200F0BB
:106C00007F81A34DAC42CFD17402CDD48A42CBD187
:106C1000826822F0E0723A4342F480028260C3E765
:106C2000002F51D094FAA4F0002800F0D080B0FAE0
:106C300080F0013000F01F00092840F2C88094FA6B
:106C4000A4F0002800F07281B0FA80F001308006D4
:106C500000F0F84094FAA4F5002D00F06C810126B4
:106C6000B5FA85F5354405F01F0506FA05F5284304
:106C700094FAA4F4002C00F05C81B4FA84F401349A
:106C800004F01F0404EB44041E3C240544F000748B
:106C900007272043C50D8E6805F0040502F1140C8A
:106CA0005CF80540C0F30450864007FA00F024EA7F
:106CB000000030434CF805000C688AE7022003B05E
:106CC000F0BD704A92680EE70120A40E013404F072
:106CD0001F06A40604F0F845B040092E06EB460452
:106CE00040EA0500D0D82405D2E7146E146EC0F334
:106CF0001205C4F38464002D34D1C0F38466B44219
:106D000000F08B80546E556E02F16004C5F384650B
:106D100002F1640CB54200F09480A568A56804F106
:106D20000807C5F38465C0F38466AE4200F0B28004
:106D3000E568E56804F10C06C5F38464C0F384607B
:106D4000A0427FF42EAF306820F00040306028E78A
:106D500002F1140635582C403450506940F0004080
:106D6000506104E790FAA0F51DB1B5FA85F5AC4283
:106D700053D0546E556E02F16004C5F3846502F180
:106D8000640C90FAA0F604F10807BE461EB1B6FAEC
:106D900086F6AE4257D0A568A568C5F3846590FA1B
:106DA000A0FC04F10C06B646BCF1000F03D0BCFAFF
:106DB0008CFCAC4570D0E568E468C4F3846490FA58
:106DC000A0F000283FF4EDAEB0FA80F0B8E794FAF6
:106DD000A4F0002800F0A480B0FA80F00130800612
:106DE00000F0F84094FAA4F5002D00F097800126F9
:106DF000B5FA85F5354405F01F0506FA05F5284373
:106E000094FAA4F4002C00F08E80B4FA84F40134D7
:106E100004F01F0404EB440465E71446106E02F10D
:106E2000640C20F0004044F8600F506E0868556E06
:106E3000C0F31206C5F38465002EA2D1C0F38466A8
:106E400068E704F1080EDCF80000774620F0004007
:106E5000CCF80000A0680868A568C0F31206C5F366
:106E60008465002E3FF45FAF99E700BF00F0FF0399
:106E7000FFFF070000007F400000088000830242FF
:106E80000080024200810242000052C7000084CB11
:106E90000100008004F10C0E3868764620F00040B6
:106EA0003860E0680868E468C0F31205C4F38464DD
:106EB000002D3FF443AF82E736023FF575AE8A42BC
:106EC0007FF472AE82681D4922F0E0723A4342F4C8
:106ED000000282600A681A499209A1FB0212920913
:106EE000013202EB420292000192019A002A3FF421
:106EF0005BAE019A013A0192019A002AF9D153E658
:106F0000F5013FF551AE8A427FF44EAE826822F021
:106F1000E0723A4342F08072826045E602256EE7F5
:106F20004FF080605EE74FF44014B1E64FF08060B0
:106F300090E6044CACE6022599E600BFF40003207D
:106F4000632D3E05000050FE002370B582B0019312
:106F500003689A68D2072CD49968284A05461142DA
:106F60002AD19A68264922F0004222F03F0242F0DC
:106F700001029A608B681E0229D4FFF76FFC2B6810
:106F800006461A68D40714D41E4C9A68D00704D455
:106F90009A68224042F001029A60FFF75FFC821B70
:106FA000022A2B6802D91A68D10705D51A68D207B8
:106FB000EBD5002002B070BD0120AB6D43F0100393
:106FC000AB65EB6D43F00103EB6502B070BD0E4B9A
:106FD0000E4A1B689B09A2FB03239B09013303EBA9
:106FE00043039B000193019B002BC6D0019B013BF7
:106FF0000193019B002BF9D1BFE700BF3F00008048
:1070000000830242C0FFFF7FF4000320632D3E0592
:107010002DE9F041364B05689B68AD6815F0040515
:1070200016D1164690F854200446012A10D040F29A
:10703000212C03F01F0801232CFA08FC1CEA030C86
:1070400080F8543007D180F854C00120BDE8F081A9
:107050000220BDE8F0810F46FFF776FF002840D1FF
:10706000A36D216823F4706323F0010343F480735C
:10707000A365204B994237D0A36D23F48013A365F9
:10708000A36D002513F4805318BFE36D206D18BF66
:1070900023F00603E36533461C263A46164F40317B
:1070A000C762164F0763164FC76341F8406C84F8F8
:1070B000545051F83C5C45F0100541F83C5C51F8E7
:1070C000345C45F0010541F8345C00F017FA2268A1
:1070D000936823F0004323F03F0343F004039360DD
:1070E000B7E784F85450B0E7B8F1000FC8D1C3E750
:1070F00000830242008102423D6A00082D6A0008B6
:10710000A96A000890F85420012A46D003460022BC
:107110000120F0B42B4D1C689AB0AC42169283F853
:107120005400179208D0996D83F8542041F0200143
:1071300099651AB0F0BC7047234A906840070BD598
:10714000A26801209A6D42F020029A65002283F81D
:1071500054201AB0F0BC7047A0684507F1D40D6800
:10716000EDB11A4E4F68B06893F830C020F460401B
:10717000384340EA4C30B060A0689268C0070AD437
:10718000D70708D4B268896822F471620D4322F0EF
:107190000F021543B5600020D8E7022070470B4866
:1071A000816821F460418160A1689268CD07F2D4C2
:1071B000D407F0D4826822F4716222F00F02826058
:1071C000E9E700BF008002420081024200830242E0
:1071D0004FF6FF0C06490302CA6803F4E06302EAB3
:1071E0000C02134343F0BF6343F40033CB6070479A
:1071F00000ED00E01A4B00B5DB68C3F30223C3F1D6
:10720000070EBEF1030F03F1030C28BF4FF0030E6E
:10721000BCF1060F1BD9A3F1040C4FF0FF3303FAA6
:107220000CF322EA03024FF0FF3303FA0EF321EAD4
:10723000030303FA0CF313435B010028DBB209DB01
:1072400000F1604000F5614080F8003300BD00228D
:107250009446E8E7034A00F00F000244137600BDAD
:1072600000ED00E0FCEC00E0002807DB012300F06B
:107270001F01034A40098B4042F82030704700BF8D
:1072800000E100E000280CDB01220649430900F080
:107290001F002033824041F82320BFF34F8FBFF3FC
:1072A0006F8F704700E100E0BFF34F8F0549064B39
:1072B000CA6802F4E0621343CB60BFF34F8F00BF94
:1072C000FDE700BF00ED00E00400FA05002836D01D
:1072D00038B5437F044603F0FF0263B302222379EB
:1072E0006277F3B92368174A5A619A6822F0180244
:1072F0009A6062798AB122691A6101219A68656986
:1073000022F060022A439A609A68A56922F08002FE
:107310002A439A606177002038BD4FF0FF321A612E
:10732000EBE72046D4E9021200F00EF808B9236812
:10733000DFE7012038BD0277FEF74EFFCEE70120E0
:10734000704700BFB71DC104CB071AD51E2310B468
:1073500001E0013B17D321FA03FC1CF0010FF8D028
:10736000182A11D8DFE802F01610101010101010B3
:1073700024101010101010102110101010101010E8
:107380001400012070472AB101205DF8044B7047BA
:10739000062BF9D8046800206161A36823F0180364
:1073A0001343A3605DF8044B7047072BF2D9EBE75A
:1073B0000F2BEFD9E8E700BF11490368C26C8B427D
:1073C00088BF104922F0030294BF02F1804189185E
:1073D0004FF0010210B4DBB20B4CA3F10803A4FB85
:1073E00003430A4CC3F3041398BF01F5023102FAB8
:1073F00003F3C0E9141483655DF8044B704700BFC4
:107400000704024020080240CDCCCCCC80080240CA
:1074100000285ED00268304B70B59A42044646D9C7
:107420002E4B2F491344A1FB03132E481B099B002D
:107430000221C4E91203D4E9025320692B43034318
:10744000606984F825100343A06911680343E0696B
:107450006FF310110343206A03430B43204613606C
:10746000FFF7AAFFD4E91461B5F5804FA06D27D0CE
:107470006368DAB2013B032B3260486024D80121F3
:107480000020194B194D1344013A01FA02F2184930
:107490009B00E3656266256618604A64002301224A
:1074A000636484F8243084F82520184670BD114B9D
:1074B0000B491344A1FB03131B090F489B00B7E7BB
:1074C00000236360336048600023C4E917336366B8
:1074D000E4E70120704700BF07040240F8FBFDBF4E
:1074E000CDCCCCCC000402403F82001040090240C9
:1074F00000090240F8FFFDBF00000240F0B590F81F
:107500002440012C0AD04FF0010C90F8254080F85F
:1075100024C0644504D0002380F824300220F0BD4C
:107520000026D0E9157C4FF0020E046880F825E0B3
:1075300046642668C56D26F001062660C7F804C0BB
:1075400015B1D0E9186777600126C76C07F01C0CED
:10755000876C06FA0CF67E6063608368102B036B01
:107560000BBFA260A160E160E260B3B1236843F0A9
:107570000E032360036D1A68D20303D51A6842F420
:1075800080721A601DB12B6843F480732B602368EE
:10759000002043F001032360F0BD236823F00403BF
:1075A0002360236843F00A032360E3E790F8252073
:1075B0000346022A06D004225A640022012083F8DE
:1075C00024207047026870B4046D1068D96C20F0F4
:1075D0000E00106020689E6C20F48070206010689F
:1075E00001F01C0120F0010010600122D3E91545D3
:1075F000D86D8A407260656030B1D3E918140268B2
:1076000022F4807202604C60012283F8252000225F
:1076100083F82420002070BC704700BF90F825201C
:107620000346022A03D0042201205A6470470268EC
:1076300070B5046D1068D96C20F00E0010601068F1
:107640009E6C20F0010010602268D86D22F48072D8
:1076500022600122D3E9154501F01C018A407260C5
:10766000656030B1D3E91814026822F480720260B8
:107670004C60012000211A6C83F8250083F8241047
:107680000AB118469047002070BD00BF0421F0B435
:10769000C26C866C02F01C02356804689140294275
:1076A0000346276812D017F0040F0FD02268170482
:1076B00039D42268950603D4226822F0040222609D
:1076C0001A6B716092B1F0BC1846104702219140CC
:1076D00029420DD0B8070BD5226812F4004F22685A
:1076E00029D0D4033CD45A6B002AECD1F0BC7047AB
:1076F000082191402942F9D03907F7D521680020A7
:1077000021F00E0121600121DC6B01FA02F27260AE
:10771000596483F8240083F82510002CE6D018461D
:107720002346F0BC184771602268D60314D4036B5B
:10773000002BF6D1DAE7900606D4226822F00A027E
:107740002260012283F825200020DA6A716083F824
:107750002400002AB7D1C9E7836B002BE1D1C5E72C
:10776000DA6A002AAFD1C1E790F82500704700BF60
:1077700060B10368C8061A6805D5C9024CBF42F457
:10778000801222F4801200201A6070470120704796
:10779000002800F0D78038B590F85C30044603F03C
:1077A000FF02002B70D02268936923F010039361CD
:1077B000FFF754F8054604E0FFF750F8401B0A288D
:1077C00059D823689A691107F6D49A6942F00102E0
:1077D0009A61FFF743F8054604E0FFF73FF8401BC6
:1077E0000A2848D823689A69D207F6D59A6960684A
:1077F000574942F002029A610860227C012A9A6984
:107800000CBF22F0400242F040029A61627C012AE1
:107810009A690CBF42F4804222F480429A61A27CB1
:10782000012A9A690CBF22F4805242F480529A6174
:107830009A69A06822F4407202439A619A69E168E9
:1078400022F0A4029A611A69012922F010021A6139
:107850001FD011B302299A6976D042F080029A6152
:107860001A69032942F010021A6116D19A6942F08E
:1078700020029A6111E00322236E012043F00103EC
:10788000236684F85C2038BD80F85D20FEF7BCFCE0
:1078900089E79A6942F004029A61D4E90612013A32
:1078A0000139120242EA4162216AB0F5407F01F1DA
:1078B000FF3142EA0102616901F1FF3142EA01420E
:1078C000DA610ED1D4E90B02A16A013A0138120142
:1078D000013942EA00220A43616A013942EA01425F
:1078E000DA60D3F8C020E06B616B0243C3F8C020BC
:1078F000D3F88020174822F4F81242EA01422064AB
:10790000C3F88020D3F88020A16B134D22F0706261
:1079100042EA01626564C3F88020104B104940358B
:10792000C4E91253F033C4E914134FF45472002124
:107930000AF096F900230122236684F85C20184699
:10794000A36538BD0120704742F020029A61A4E788
:1079500000A5004000AC004070AC004088AD004085
:1079600060AE004090F85C200346013A012A05D938
:107970001A6E012042F002021A6670478A6870B4DB
:10798000D1E9035448699207D1E9006156B942EA46
:10799000C56202431B6C42EA0442002070BC43F8FB
:1079A000212070475B6C44EA457443F83140104332
:1079B00003EBC103586070BC00207047844690F808
:1079C0005C00012807D0DCF86030012043F004039C
:1079D000CCF86030704710B40198DCF8004040EA01
:1079E0004303D4F8800043EA820242EA011120F006
:1079F0003F030B430020C4F880305DF8044B704710
:107A000090F85C200346012A05D01A6E012042F04E
:107A100004021A6670470222002110B4046880F83C
:107A20005C20A269084622F00102A2615DF8044BC5
:107A30001966704790F85C300146022B17D1026836
:107A4000936943F0010393619369DB0758BF0B23EC
:107A500013D49069C00710D4013BFAD103220B6EF6
:107A6000012043F001030B6681F85C207047036E30
:107A700043F00803036601207047936923F0100365
:107A8000936193691B0748BF0B2305D590690007D5
:107A900002D5013BFAD1E1E74FF0010C10B400240C
:107AA0009369204643F00203936181F85CC08C65C2
:107AB0005DF8044B704700BF88B110B50446FFF76E
:107AC000B9FF22682046D36D23F00303D365FEF788
:107AD000FDFB0023236684F85C30184610BD0120AE
:107AE000704700BFF0B590F85C308646022B0BD192
:107AF0000568D5F8C43013F4001C0BD0036E43F4B2
:107B0000007303660120F0BD036E43F008030366B3
:107B10000120F0BDD5F8C4604B680C6988680F6817
:107B2000C6F30146002B37D1044344EA8744D1E928
:107B300006030343486906EBC6070343086A43EAA2
:107B40000063C86843EA0043DEF8540040F8374059
:107B500000EBC7004360134CCB68E35CA3B19378A0
:107B6000D7781B0443EA0763177804323B4312F8C3
:107B7000037C43EA07230CEB0007BB60CB680CF1E6
:107B8000040CE35C9C45EAD30123B340C5F8CC3038
:107B90000020CEF85830F0BD3C43044344F080440C
:107BA000C5E700BF642801082DE9F04190F85C406A
:107BB000022C64D1402905686DD0D5F8984027077C
:107BC00064D0D5F89870D5F89840C7F30128E6013D
:107BD00007D5D5F88040E40544BF08F1010707F058
:107BE0000308C46C08EBC80604EBC604266806F05C
:107BF00080465660D4F800C0002E66D1CCF38A4689
:107C00001660266806F000569660266806F0004664
:107C10001661A688D661B4F806C00CF00F0CC2F845
:107C20000CC0666806F480165661666806F4001695
:107C30009661E67906F07F061662274E676816F8A9
:107C40000CE04FEAD77CC2F824C0BEF1000F10D080
:107C5000013B04F1070EF4461EF8015FACF1060C7F
:107C600003F8015FD568ACEB040C755D6545F2D88F
:107C7000056840292CD0C5F89C80002004E0036EE4
:107C800043F0080303660120BDE8F081036E43F46E
:107C900080730366F7E7D5F890402707F6D0D5F84C
:107CA0009070D5F89040C7F30128E60107D5D5F8C4
:107CB0008040A40544BF08F1010707F00308846C65
:107CC00008EBC80604EBC60490E72CF0604697E783
:107CD000C5F89480D1E700BF6428010803461B68FB
:107CE00030B45B6C002003F00704C3F30222C1E947
:107CF0000042C3F34014C3F38012C1E90342C3F34B
:107D0000C014C3F3C022C1E90542C3F30034C3F376
:107D1000403203F01805C1E90742C3F38032C3F3D0
:107D200006438D60C1E9092330BC7047034630B477
:107D30001B6800201B6CDCB2C3F3C035C3F3062202
:107D4000C3F30743C1E900428D60CB6030BC70478C
:107D50000368D3F8C40000F007007047034690F8AA
:107D60005C000138012805D91A6E012042F0020298
:107D70001A6670471B6870B411F00705986D01F022
:107D8000380420D0C6071ED4DD6D45F00105DD6541
:107D90000CB384071FD5D86D40F00200D8650C06DF
:107DA00004D5D3F8DC001043C3F8DC00C80504D5C3
:107DB000D3F8E0000243C3F8E0205A6D002070BC05
:107DC0000A435A65704704B386071ED4DE6D46F039
:107DD0000106DE6525BB11F4E07F01D04607DAD449
:107DE00011F4F05F01D00507D5D411F4604F01D034
:107DF000C406D0D411F4403F01D08606CBD411F490
:107E00007C0FCCD04506C6D4C9E711F4E07F0AD078
:107E1000460708D4DE6D46F00106DE65002DB7D0BA
:107E2000C507B5D5B7E711F4F05F01D00607F1D566
:107E300011F4604F01D0C606ECD511F4403F01D0DB
:107E40008606E7D511F47C0FE8D04606E2D5002D72
:107E50009ED0E5E7704700BF704700BF704700BF86
:107E6000704700BF704700BF704700BF704700BF3A
:107E70002DE9F84F036804461A6D596D02EA010AAC
:107E80001A6D596D0AF4E05A02EA01091A6D596D2A
:107E90001E6D02EA01085A6D1F6D16405A6DD3F827
:107EA00054B01D6D1740690609F0070908F038083D
:107EB00006F4710607F4602702D51BF0400F73D15A
:107EC000EA0502D51BF4807F5DD1BAF1000F4AD1DB
:107ED000B9F1000F35D1B8F1000F3CD1AB0502D597
:107EE0001BF4007F75D1280602D51BF0800F78D1D6
:107EF000A90402D51BF4005F5BD12A0402D51BF450
:107F0000004F5ED16B040AD51BF4804F07D04FF4AD
:107F1000804223681A65236E43F0800323664FB9BD
:107F200026B123681E65236E33432366236E2BBB65
:107F3000BDE8F88F2368394620461F65FAF758FADE
:107F4000EEE7236849462046C3F85090FAF79EF9B9
:107F5000B8F1000FC2D0236841462046C3F85080D4
:107F6000FFF77AFFBAE7236851462046C3F850A0CE
:107F7000FFF770FFB9F1000FADD0E2E72046FAF746
:107F80001BFABDE8F88F4FF4807223682046D3F8BF
:107F9000D8C0D3F8E0101A650CEA0101FFF760FFC2
:107FA000BAF1000F94D0DEE740221A65FFF75EFFBA
:107FB00086E74FF40052236820461A65FFF752FF08
:107FC0009BE74FF40042236820461A65FFF74CFFF9
:107FD00098E74FF40072236820461A65FFF73EFFCA
:107FE00081E7802223682046D3F8D4C0D3F8DC1080
:107FF0001A650CEA0101FAF7C3F979E7006E7047D8
:10800000064B9A6A002A01DB002070470449054AA2
:1080100099609A60986AC00F704700BF00200240C4
:1080200023016745AB89EFCD044B9A6A42F00042C9
:108030009A62986AC043C00F704700BF0020024098
:10804000064B986A10F0804006D00549054A196130
:108050001A61986AC0F38070704700BF0020024028
:108060003B2A19087F6E5D4C054B9A6A42F08042AC
:108070009A62986A80F08040C0F38070704700BFB9
:1080800000200240034A0120936A43F00063936298
:10809000704700BF0020024070B5164C0546FEF741
:1080A000DDFB236ADE0306D56A1C18BF064612D123
:1080B000236AD803FCD442F2FA010E4A136A0B4039
:1080C00010D1136A0020DB0744BF0123136270BD87
:1080D000236AD903EFD5FEF7C1FB801BA842F7D373
:1080E000032070BD044C0120616813621943616074
:1080F00070BD00BF00200240000103202DE9F041C7
:108100001A4C94F800C0BCF1010F2CD09846012302
:108110002370002307464FF47A700D4616466360BD
:10812000FFF7BAFF18B100232370BDE8F081A76004
:10813000EFF3108272B60E4FBB6A43F00103BB62CD
:108140002E60BFF36F8FC5F8048082F310884FF460
:108150007A70FFF7A1FFA268BB6A22F0004223EA0F
:108160000203BB62DFE70220BDE8F08100010320CB
:10817000002002400E4B1A6C510212D5C20703D5E3
:108180009A6A42F004029A62830704D5084A936A05
:1081900043F400439362064A936A43F48033936244
:1081A00070479A6A42F4004242F004029A62F2E78F
:1081B0000020024070B58E4D2B78012B20D001227B
:1081C000002304464FF47A702A706B60FFF764FF57
:1081D00098B92068C10700F1C480820712D4430710
:1081E00019D4030700F1AF80824A4FF47A70936A82
:1081F00043F400339362FFF74FFF00232B7070BDF1
:10820000022070BD7B4A2169136C23F0FF030B43EE
:1082100013644307E5D5D4E9052612F0010316BF20
:108220004FF4E061194606EA010312F0020F05D08F
:1082300006F4805C41F4805143EA0C0312F0040F11
:1082400005D006F4005C41F4005143EA0C0312F03F
:10825000080F05D006F4804C41F4804143EA0C033A
:1082600012F0100F05D006F4803C41F4803143EA4F
:108270000C0312F0200F05D006F4003C41F400314D
:1082800043EA0C0312F0400F05D006F4802C41F4B1
:10829000802143EA0C0312F0800F05D006F4002C75
:1082A00041F4002143EA0C0312F4807F05D006F468
:1082B000801C41F4801143EA0C0312F4007F05D0C6
:1082C00006F4001C41F4001143EA0C0312F4006FA1
:1082D00005D006F0807C41F0807143EA0C0312F473
:1082E000805F05D006F0007C41F0007143EA0C038A
:1082F00012F4005F05D006F0806C41F0806143EA23
:108300000C0312F4804F05D006F0006C41F00061C0
:1083100043EA0C0312F4004F05D006F0805C41F0F4
:10832000805143EA0C03D20304D506F000463343E0
:1083300041F000412F4E326C22EA010213433364B4
:1083400003077FF551AFD4E90732012B48D0022B48
:108350007FF44AAF27498B6C03F07F0313438B6490
:1083600042E76368D4E90212013B072B3FF635AFC1
:1083700001A656F823F000BFCF830008BD83000894
:10838000DB810008AB830008DB810008DB8100088B
:10839000DB81000899830008164EF36E23F07F13EB
:1083A0000B4343EA0243F36617E7124EB36E23F022
:1083B0007F130B4343EA0243B3660EE70D4EF36DA2
:1083C00023F07F130B4343EA0243F36505E7094EAD
:1083D000B36D23F07F130B4343EA0243B365FCE61E
:1083E00004494B6C03F07F0313434B64FCE600BF6E
:1083F0000001032000200240062243680260082B8F
:1084000004D84FF48B72DA40D20717D4334B1B6C6D
:10841000DBB2AA2B05D0552B03D0CC2B0CBFCC2321
:10842000BB232E49C26903610B6C02F1FF3C23F0B0
:10843000FF03BCF1010F836118D970470722013B8C
:108440000260072BE2D801A252F823F0BF84000893
:10845000AB8400080D840008978400080D84000890
:108460000D8400080D840008838400080368012A35
:1084700043F0080303602CD08B6C23F07F0303626E
:108480007047164AD36E03F07F038360D36EC3F345
:108490000643C360BAE7114A936E03F07F0383601B
:1084A000936EC3F30643C360B0E70C4AD36D03F089
:1084B0007F038360D36DC3F30643C360A6E7074A17
:1084C000936D03F07F038360936DC3F30643C36032
:1084D0009CE74B6C23F07F0303627047002002404F
:1084E0000F4B1A6C12F4800F9A6A01D0C90712D58B
:1084F00022F400629A620A4A936A23F47E7323F09C
:10850000020343EAC00343F002039362936A43F415
:1085100080339362704742F400629A62EBE700BFD7
:10852000002002402DE9F041274E3378012B3DD049
:108530000122002304464FF47A708846327073603B
:10854000FFF7AAFD074660BB48F204022368B36048
:1085500023F0004393422DD04FF0FF33C8F8003092
:10856000D4E902532B449D4206D312E00135D4E9ED
:1085700002321344AB420CD928466168FFF7B0FFC2
:108580004FF47A70FFF788FD0028EFD00746C8F84F
:1085900000500E49B2688B6A22F0004223EA0203BF
:1085A0008B62002333703846BDE8F08102273846DD
:1085B000BDE8F0816068FFF7DDFD4FF47A70FFF7EA
:1085C0006BFD0746E5E700BF0001032000200240E5
:1085D0002DE9F04F0C6883B0002C00F09080002350
:1085E0008946774F012202FA03F515EA040800F0E4
:1085F00081800326D9F8041003FA02F201F0030E79
:108600000EF1FF3A06FA02FCBAF1010F6FEA0C0C08
:10861000D9F8086076D9BEF1030F01D1012E05D03B
:10862000C568964005EA0C052E43C66005680EFA3B
:1086300002F205EA0C052A4311F4403F026059D0CA
:108640004FF00F0C23F0030202F1804202F53D329D
:1086500003F00306156EF6000CFA06FC25EA0C0E74
:10866000584DA84222D005F58065A84200F08C80C4
:10867000554DA84200F08F80DFF850C160457CD096
:10868000DFF84CC1604500F08D80DFF848C16045DF
:1086900000F08F80DFF840C160450CBF4FF0060C42
:1086A0004FF0070C0CFA06F64EEA060E6FEA0805C4
:1086B000C2F860E03A68CE0254BF2A4048EA02029B
:1086C0003A607A688E0254BF2A4048EA02027A6011
:1086D000D7F884208E0354BF2A4048EA0202C7F824
:1086E0008420D7F88020C90354BF2A4048EA0202F8
:1086F000C7F88020013334FA03F27FF473AF03B07C
:10870000BDE8F08F9640D0F808B00196D9F80C601B
:108710000BEA0C0B06FA02FA4AEA0B0AC0F808A0A8
:10872000D0F804A0019E2AEA050AC1F300159D4075
:1087300045EA0A054560C568BEF1020F05EA0C0569
:1087400046EA0506C6607FF471AFD9F8105003F011
:108750000706B600B54001950F254FEAD30A00EB96
:108760008A0ADAF820B005FA06F6019D2BEA060B14
:1087700045EA0B05CAF8205058E74FF0030C0CFAF5
:1087800006F64EEA060E91E74FF0010C0CFA06F6DB
:108790004EEA060E8AE74FF0020C0CFA06F64EEA95
:1087A000060E83E74FF0040C0CFA06F64EEA060EAE
:1087B0007CE74FF0050C0CFA06F64EEA060E75E75C
:1087C00000F402400000024200080242000C024293
:1087D000001002420014024200180242002900F078
:1087E00095802DE9F04F00234FF00F094FF0030A59
:1087F000474E01229A4012EA010E69D023F0030588
:1088000005F18045434F05F53D3503F00304D5F8E8
:1088100060C0E40009FA04F8B84208EA0C0C1BD066
:1088200007F58067B84259D03B4FB8425AD03B4F0A
:10883000B84261D03A4FB84263D0DFF8E8B058454B
:1088400055D0DFF8E4B058450CBF4FF0060B4FF0A1
:10885000070B0BFA04F400E00024A44517D1D6F866
:10886000804024EA0E04C6F88040D6F8844024EA0A
:108870000E04C6F88440746824EA0E0474603468F8
:1088800024EA0E0434602C6E24EA08042C66046882
:108890005D000AFA05F52C434FEAD30C046000EBA7
:1088A0008C0C03F00704DCF820E0A40009FA04F4BF
:1088B0002EEA0404CCF82040846824EA050484608D
:1088C000446824EA02024260C26822EA0502C260E9
:1088D000013331FA03F28CD1BDE8F08F012707FA9A
:1088E00004F4BAE74FF0020B0BFA04F4B5E74FF0CB
:1088F000050B0BFA04F4B0E74FF0030B0BFA04F48A
:10890000ABE74FF0040B0BFA04F4A6E7704700BF87
:1089100000F402400000024200080242000C024241
:108920000010024200140242001802420AB18161A2
:1089300070478162704700BF0268436B916912689B
:1089400003B11847704700BF704700BF704700BFB2
:108950000022016810B50B6880F842205A040CD53B
:108960000B6823F480430B6090F84130292B0ED024
:1089700090F841302A2B24D010BD1B04F4D50B688D
:1089800023F400430B6090F84130292BF0D14FF0D5
:10899000280C212380F841C0036390F84130002265
:1089A00003EA0C03634514BF6FF0F20C6FF0420C46
:1089B0000B6803EA0C030B6080F84020FFF7C4FF4C
:1089C00010BD2824222380F84140036390F84130F1
:1089D00000222340A34214BF6FF0F4036FF044035E
:1089E0000C6823400B6080F84020FFF7AFFF10BDFC
:1089F000704700BF70B50468C368A169A269022B03
:108A00004FEA1242A5688446E668C1F3004102F0CD
:108A1000FE020FD182EAD51313F00603C5F3090253
:108A200006D1856C01358564856C022D0CD070BD36
:108A300006F0FE020025236823F0B80323608CF8BB
:108A40004050FFF7D5FF70BD08258364E56180F8CD
:108A50004030FFF7CDFF70BD704700BF00232022DC
:108A600010B5174C4363C462036380F8412080F85B
:108A700042304B0712D50268436A526A1A70436A41
:108A8000028D013343624AB1438D013A013B9BB2EF
:108A90004385436C028543F00403436410240021A2
:108AA000036890F8412090F841201A6822F0FE02F5
:108AB0001A60DC6180F84010FFF7CEFF10BD00BFE8
:108AC0000000FFFF704700BF704700BF806A08B515
:108AD000836B0BB100221A64C36B0BB100221A64C2
:108AE00090F84130602B4FF0000305D0036380F80D
:108AF0004030FFF7E7FF08BD202280F8403080F8C3
:108B000041200363FFF7E0FF08BD00BF70B50025FB
:108B1000554B90F8412080F84250C3624585436C24
:108B2000283A0B43022A43640446036833D890F87A
:108B3000411090F8412001F02801282908BF462162
:108B400002F0280218BFF621282A0CBFC9436FF093
:108B5000F60128201A680A4044491A6084F8410046
:108B6000A06B226B616318B1112A3ED0212A3CD040
:108B7000E06B18B1122A4ED0222A4CD094F8413022
:108B8000602B4FF0000365D02046236384F840300B
:108B9000FFF798FF70BD90F8412090F841201A68C7
:108BA00022F0FE021A609A69920748BF9D629A6994
:108BB000D60703D49A6942F001029A6194F84120E1
:108BC000602A10D0202284F841209A6995060AD59F
:108BD0009A69D00605D51022DA61626C42F004026F
:108BE00062642022DA610021BAE71A6851042CD4A9
:108BF000FEF7BAFD0128C1D00023A06B1C4A026415
:108C000084F84030FEF70AFD0028C3D0A06BBDE811
:108C10007040036C18471A68120403D51A6822F4CE
:108C200000421A60FEF7A0FD0128A7D00023E06BE8
:108C30000F4A026484F84030FEF7F0FC0028A9D007
:108C4000E06BBDE87040036C18471A6822F480425C
:108C50001A60CDE72022204684F8412084F8403075
:108C60002363FFF731FF70BD0000FFFFD58E0008C2
:108C7000CD8A0008036810B49A69196812F4807FDD
:108C800002F4806408D0090626D4416C11F00B0F61
:108C900019D15DF8044B7047CCB10906F5D54FF4F6
:108CA0008064416C920541F008014164DC61ECD5BF
:108CB0004FF40071426C42F002024264D961416C8F
:108CC00011F00B0FE5D05DF8044BFFF71FBF9405C3
:108CD000DBD50A06ECD4D8E7416C41F001014164D0
:108CE0004FF48071D961002CD9D19405CDD5DFE73F
:108CF00070B50446202603680D461968C06A94F8CA
:108D00004120DE61213A092A0ED8DFE802F077051A
:108D10000D0D0D0D0DAA7705222694F841201A6835
:108D200022F0FC021A6026635A68684E42F4004240
:108D30005A605A6832405A609A69920744BF0022CA
:108D40009A629A69D60703D49A6942F001029A613D
:108D50004A043BD51A6822F480421A60A26B1AB109
:108D60001268526892B262856A070AD55A6A636AC3
:108D700025F004051A70636A01336362238D002BAA
:108D800068D1638D9BB21BB1636C43F004036364D1
:108D9000EB0601D5CE063AD4002384F84230666C47
:108DA0006363002E68D1E36A494DAB4218D194F851
:108DB00041302046222B4FF0200384F8406084F895
:108DC0004130266376D0FFF7BFFD70BD0E04CBD5D2
:108DD0001A6822F400421A60E26B002AC0D1C3E78D
:108DE0002046FFF7B5FD2023E562204684F8413098
:108DF00084F840602663FFF72FFE70BD212694F8AB
:108E000041201A6822F0FA021A6026638CE7638D0B
:108E10009BB2002B3ED194F84130282B4DD094F8D2
:108E200041202368292A4FF01002DA61B4D110F5ED
:108E3000803FB1D09A69910744BF00229A629A6933
:108E4000D20703D49A6942F001029A612046FFF7E3
:108E50007FFDA1E7013B2385638D013B9BB26385C9
:108E60008FE7002694F8412094F841201A6822F0F8
:108E7000FE021A60266357E72046616CFFF746FE44
:108E800094F84130282BA0D129462046BDE87040F7
:108E9000FFF7E4BD10222368DA61636C43F004033A
:108EA000636430F080737FF477AF2046616CFFF726
:108EB0002DFE71E7FFF74AFD70BDB0F1007FAED126
:108EC00029462046FFF7CAFD66E700BF00E800FE1E
:108ED0000000FFFF38B590F840C0C56ABCF1010F33
:108EE00070D04FF0010C11F0200F04460B4680F8B3
:108EF00040C002D012F0200F53D1D80617D5D106AA
:108F000015D5628D92B2002A5ED194F84120282AAC
:108F100000F0818094F841202368292A4FF0100244
:108F2000DA6164D00023184684F8403038BD590710
:108F300019D4190701D510073AD49907F2D5930728
:108F4000F0D5638D9BB2002B4DD0616A236811F878
:108F5000010B228D9862638D013A013B9BB26162E5
:108F600063852285DEE75007E3D5638D9BB26BB145
:108F70002268636A526A1A70638D616A228D013BAE
:108F80000131013A9BB2616222856385638D9BB298
:108F9000002BC7D115F5803FC4D02046FFF7D8FC81
:108FA000C0E7FFF7A5FE0023184684F84030BDE770
:108FB00094F8413003F02803282B28D00822236896
:108FC000DA61AFE7022038BD10222368DA61636CF2
:108FD00043F00403636435F08073A3D12046616CD1
:108FE000FFF794FD9EE735F080739BD1D5E715F52B
:108FF000803F97D09A69950744BF00229A629A6988
:10900000D007CAD49A6942F001029A61C5E72046A6
:10901000FFF7F0FC86E7B5F1007F7FF47BAF1946E0
:109020002046FFF71BFD7DE708490B6813F001039D
:109030000AD1024610B40C68184624F00403134306
:109040005DF8044B0B60704701207047000403403B
:10905000034A0020136843F001031360704700BF08
:1090600000040340002844D070B590F891320646C1
:1090700003F0FF02C3B30323306886F8913203F094
:1090800087FF3579FDB100213346324601200C4679
:1090900011740131A942C2E908445074D47442F8F1
:1090A000284FF5D100210A4683F850110131A94219
:1090B000C3E9582283F8512183F85321C3F868216A
:1090C00003F12803F0D1334653F8040B93E806006C
:1090D00003F068FF01220021B37A3173934286F8CE
:1090E000912208D0002070BD80F89022FDF700FA90
:1090F000C1E701207047304600F0B4FE002070BD8B
:109100002DE9F84F0546006804F0C0FB10F4004458
:109110002BD1430500F17C8247041BD410F400518D
:1091200040F09382C60400F1BD81040500F19284F1
:10913000010600F16484820500F1CE84C30512D5D6
:109140002A68B2F8443023F480731B041B0CA2F885
:10915000443008E02A68B2F8443023F480431B040A
:109160001B0CA2F84430BDE8F88F2868B0F84430F2
:109170001904F8D5B0F84440A1B214F00F0436D168
:1091800011F0100100F0E180018811F400648BB24D
:1091900000F0AA8095F85021B0F8503000EBC202E0
:1091A00012FA83F3B3F80634C3F30903082BC5F8A6
:1091B0006C3140F06B84B5F8562105F5267104F04A
:1091C00079FB40F68F732A68284611880B4043F0DC
:1091D0008003138008F074FC2868B0F84430190448
:1091E000C1D5B0F84440A1B214F00F04C8D030F893
:1091F0002430A7001FFA83F81B0439D418F0800F1D
:10920000B4D030F824309BB223F4E14323F0700350
:1092100043F4004320F824303B1905EBC302D17C12
:10922000DB00012900F0EB80117C18F48079D2F882
:1092300028E04FEAC10C40F05881B0F850401CFAC9
:1092400084F40444B4F80244C4F30904744580F07F
:109250000381AEEB040110339162E918536A234491
:109260005362D36A2344D36204F0E2F828687DE7AE
:1092700040F68F7330F824203919134043F08003EF
:1092800020F8243005EBC10191F85C3191F85021B0
:10929000002B40F08580B0F85030D20012FA83F3F2
:1092A0000344B3F80694C9F30909B9F1000F40F07B
:1092B000E481391905EBC103D3F86C21C9004A4494
:1092C000C3F86C21D3F8682122B1D3F860214A4554
:1092D00040F2C6813B1905EBC303284693F85011B1
:1092E00008F000FC286889E71A047FF53FAF40F6D4
:1092F0008F730288134043F08003038095F8502158
:10930000B0F8503000EBC20212FA83F3B3F806341F
:10931000C3F30903C5F86C31002B00F0B480D5F815
:10932000641100293FF422AFB5F8562104F0C2FAC7
:10933000D5F86431D5F86C21284613442146C5F888
:10934000643108F0CFFB286810E703889BB223F450
:10935000E14323F0700343F4004303802A7CB0F818
:10936000503000EBC20212FA83F3B3F802346A6A97
:10937000C3F309031A442846EB626A6208F0BCFB97
:109380002B7B2868002B3FF4F1AEAB6A002B7FF4F7
:10939000EDAE2A7B42F08002A0F84C202B73E5E66C
:1093A00091F85331022B00F0508230F822309BB2FA
:1093B00023F4E04323F0700343F4004343F0C0037D
:1093C00020F8223091F8503130F82320DB0012F4DD
:1093D000804FB0F8502013FA82F3034443D0B3F81F
:1093E0000294C9F30909B9F1000F3FF462AFB1F873
:1093F00058214B46D1F8641104F05CFA59E700217A
:10940000631C03EB830345F83310137FDBB118F0C3
:109410004008537C00F00A82002B40F05F82117CF0
:10942000B0F8503000F2024010FA83F333F83120E4
:10943000C2F3090223F8312033F8312092B242F40A
:10944000004223F83120274405EBC7072846397C22
:1094500008F052FB286889E62846C2F8289008F0F0
:109460004BFB286882E6B3F80694C9F30909B9F101
:10947000000F3FF41EAFB1F85A214B46D1F86411EA
:1094800004F018FA15E7038823F4804323F07003EF
:109490001B041B0C83F4405343F4004343F080034C
:1094A000038063E62A68B2F8403023F004031B040B
:1094B0001B0CA2F84030B2F8403023F008031B0424
:1094C0001B0CA2F8403095F8C832012B00F0128333
:1094D000284608F041FB2A68B2F8443023F4805350
:1094E0001B041B0CA2F844303DE608F4804918F038
:1094F0004008B0F8503000F0C88000F2024818FA76
:1095000083F333F83130C3F3090373454AD34FF083
:10951000000C537CC2F828C0002B40F0F882B0F851
:10952000503018FA83F333F83120C2F3090223F8DC
:10953000312033F8312092B242F4004223F8312036
:10954000B0F8503000F2064212FA83F333F83120BB
:10955000C2F3090223F8312033F8312092B242F4E9
:10956000004223F831203B1905EBC303DB7C022BBF
:109570000FD130F8213023F4E04323F040031B04E3
:109580001B0C83F0200343F4004343F0800320F8D6
:109590002130284608F0B0FA2868B9F1000F3FF4EE
:1095A000E5ADCBE0AEEB030EC2F828E0B9F1000F59
:1095B0000FD030F821E02EF4E04E2EF0700E4FEA7E
:1095C0000E4E4FEA1E4E4EF4404E4EF0800E20F8E6
:1095D00021E007EB040E05EBCE0E9EF83490B9F1B6
:1095E000010F00F0CB81274405EBC7073A7C30F828
:1095F000223023F4E04323F040031B041B0C83F0D0
:10960000300343F4004343F0800320F82230ADE5FB
:109610002A682846B2F8443023F480631B041B0CEC
:10962000A2F8443008F076FA95F89032012B3FF416
:109630009AAD0123214628682C7385F8903204F0F6
:109640001FF985F89042BDE8F88F2A68B2F84430D7
:1096500023F400531B041B0CA2F84430BDE8F88F20
:10966000D3F8642101F5A8714A4428682944C3F855
:10967000642103F0DDFE2868C0E5B1F856214B46B1
:10968000D1F8641104F016F913E600F2064A1AFA4A
:1096900083F333F83130C3F30903734561D9C2F85A
:1096A00028803B1905EBC3035B7C002B40F0418213
:1096B000B0F8502000F2024313FA82F232F831304F
:1096C000C3F3090322F8313032F831306FEA4343F3
:1096D0006FEA53439BB222F83130B0F850201AFAA7
:1096E00082F232F83130C3F3090322F8313032F814
:1096F00031306FEA43436FEA53439BB222F8313073
:109700003B1905EBC303DB7C022B0FD130F8213072
:1097100023F4E04323F040031B041B0C83F02003DD
:1097200043F4004343F0800320F82130284608F03A
:10973000E3F92868B9F1000F7FF418AD3B1905EB88
:10974000C3031A7C30F8223023F4E04323F0700383
:109750001B041B0C43F4404343F0800320F82230E9
:1097600004E5AEEB030EC2F828E0BEF1000F98D07E
:10977000B9F1000F0FD130F821E02EF4E04E2EF0B9
:10978000700E4FEA0E4E4FEA1E4E4EF4404E4EF013
:10979000800E20F821E007EB040E05EBCE0E9EF8BC
:1097A0003480B8F1010F7FF41EAFDEF8246006EBC1
:1097B0000308CEF82480D66A06EB0309C2F82C9081
:1097C000DEF83090DEF820209145C0F0D081A9EB82
:1097D0000203CEF8303093B207EB040E05EBCE0E49
:1097E0009EF811B0BBF1000F40F0B681B0F850E028
:1097F0001AFA8EFE3EF83190F444C9F309092EF8A6
:109800003190002A40F0E4813EF831206FEA424274
:109810006FEA524292B22EF831203A1905EBC20299
:109820004146528B04F036F82868DCE6002B62D003
:10983000012B7FF408AEB0F85030127C00F20640E5
:1098400010FA83F323F83280FDE5B0F850C04FEAF8
:10985000C20919FA8CFC18F4804ED1F8683184449E
:109860004FD0BCF802C4CCF3090C9C45E14600F291
:109870004781A3EB0C03C1F868317BB930F82210A3
:1098800021F4804121F070010904090C81F4005198
:1098900041F4004141F0800120F8221018F0400FFF
:1098A0000DD030F8223023F4E04323F070031B0482
:1098B0001B0C43F4004343F0C00320F82230BCF1FA
:1098C000000F3FF4F6AC391905EBC101B1F858218E
:1098D0006346D1F8641103F0EDFFEAE4012B7FF455
:1098E000B2ADB0F85030127C00F2024010FA83F3AF
:1098F00023F83210A7E5B0F85030117C00F2064092
:1099000092E5BCF806C4CCF3090C9C45E14600F294
:10991000FB80A3EB0C03C1F868317BB930F822104F
:1099200021F4804121F070010904090C81F40051F7
:1099300041F4004141F0800120F8221018F0400F5E
:109940000DD130F8223023F4E04323F070031B04E0
:109950001B0C43F4004343F0C00320F82230BCF159
:10996000000F3FF4A6AC391905EBC101B1F85A213B
:109970006346D1F8641103F09DFF9AE4DEF8246099
:1099800006EB0309CEF82490D66A06EB030AC2F868
:109990002CA0DEF830A0DEF820209245C0F0F9803F
:1099A000AAEB0203CEF8303093B207EB040E05EBBE
:1099B000CE0E9EF811B0BBF1000F40F0DF80B0F882
:1099C00050E018FA8EFE3EF83180F444C8F30908DE
:1099D0002EF83180002A40F022813EF831206FEAD3
:1099E00042426FEA524292B22EF831203A1905EB08
:1099F000C2024946128B03F04DFF2868F3E52A683E
:109A0000B2F8443023F080031B041B0CA2F844304E
:109A100095F8C832002B5AD10121B2F840302846BF
:109A20009BB243F00403A2F84030B2F840309BB23E
:109A300043F00803A2F8403085F8C812B2F8543059
:109A4000C3F38D0303F03C03C5F8CC32BDE8F84FF7
:109A500000F022BA2A682846B2F840309BB243F0A0
:109A60000803A2F84030B2F8443023F400631B042A
:109A70001B0CA2F84430B2F840309BB243F0040310
:109A8000A2F8403008F058F8FFF76DBB48F28001AB
:109A900040F68F72038823F4804323F070031B0485
:109AA0001B0C83F480530B430380038823F4E043AF
:109AB00023F040031B041B0C83F0100319430180A7
:109AC0000388134043F080030380FFF74CBB284614
:109AD00008F032F8FFF747BB2A682846B2F844304E
:109AE00023F400731B041B0CA2F8443008F00EF89A
:109AF000FFF739BB284685F8C81200F0CDF9E7E436
:109B00000023C1F86831B9E6C1F868E106E7012B26
:109B10007FF429ADB0F8503000F2064218FA83F312
:109B200023F831C0B0F8503012FA83F323F831C073
:109B300019E5012B7FF4E4AD0022B0F8503000F2BB
:109B4000024C1CFA83F323F83120B0F850301AFA93
:109B500083F323F83120D3E5BBF1010F7FF45DAE31
:109B6000B0F850201AFA82F222F8313055E6B9F1F5
:109B7000000F15D11A468EF834902DE6BBF1010F77
:109B80007FF434AFB0F8502018FA82F222F8313066
:109B90002CE7BAF1000F2AD11A468EF834A004E758
:109BA00000229EF811B01FFA89F3CEF830208EF80B
:109BB0003420BBF1000FCFD1B0F850E04A461AFA7A
:109BC0008EFE3EF83190F444C9F309092EF8319025
:109BD0003E2A33D8BCF8001002F0010E89B20EEB19
:109BE000520241EA822292B2ACF8002015E600222D
:109BF0009EF811B01FFA8AF38EF83420CEF8302088
:109C0000BBF1000FBAD15246B0F850E018FA8EFE00
:109C10003EF83180F444C8F309082EF831803E2A1A
:109C20001ED8BCF8001002F0010E89B20EEB5202F1
:109C300041EA822292B2ACF80020D7E65109D2065E
:109C4000BCF8002008BF01F1FF3192B242EA812244
:109C50006FEA42426FEA524292B2ACF80020DCE571
:109C60005109D606BCF8002008BF01F1FF3192B2BD
:109C700042EA81226FEA42426FEA524292B2ACF863
:109C80000020B3E690F89022012A0DD010B50122F1
:109C900004460068217384F8902203F0F1FD00234C
:109CA00084F89032184610BD0220704701F0070C6E
:109CB00010B5090604460CEB8C004FEAC00021D415
:109CC0004FF0000E00F5A871204480F851E12144C6
:109CD000022BCB7008BF0023C2F30A0208BF0B712E
:109CE00081F800C00A6194F89032012B13D001234F
:109CF000206884F8903203F06BF9002384F89032E6
:109D0000184610BD4FF0010E00F11001204480F8FC
:109D100011E02144DCE7022010BD00BF10B5002493
:109D200001F0070101EB810E00EBCE0C8CF8501115
:109D30008CF851410068CCF86421CCE95A340CF518
:109D4000A87103F075FB204610BD00BF01F00701AC
:109D500038B501EB810E00EBCE0C01258CF810100C
:109D6000002461468CF834508CF811500068CCF80F
:109D70002420CCE90B43CCF82830103103F058FBF9
:109D8000204638BD10B50379044601F00700834230
:109D90002ED30B061AD401EB8101C90001F5A8727C
:109DA0006318A118002283F85121012308708B70D9
:109DB00094F890229A4219D084F89032206803F0E7
:109DC000E9FC002384F89032184610BD012200EB14
:109DD0008003DB0003F1100123445A740123214462
:109DE00008708B7094F890229A42E5D1022010BD41
:109DF000012010BD38B5027901F00F039A422FD32C
:109E000001F0070202EB8203090604464FEAC3038E
:109E100017D403F5A871014403440025002083F8FA
:109E200051010A708D7094F89032012B16D00123E5
:109E3000206884F8903203F0D5FC84F890522846CC
:109E400038BD03F11001014403440025012058747A
:109E50000A708D7094F89032012BE8D1022038BD41
:109E6000012038BD0246002310B40124116882F895
:109E7000C8321846B1F85430C2F8D0429BB22343DE
:109E8000A1F85430B1F854305DF8044B9BB243F064
:109E90000203A1F854307047704700BF024B1868A6
:109EA00000F4C060704700BF00700040174A13689C
:109EB000116911F4104F25D0D168090422D403F49C
:109EC000C06383421CD01368114923F4C063034369
:109ED00013600B680F495B09A1FB03135169DB0990
:109EE00003EB8303480503F1010305D55169013BE9
:109EF000490501D5002BF9D1044B5B695B0503D4FF
:109F00000020704701207047032070470070004018
:109F1000F4000320C55A7C0A024A536843F4806364
:109F20005360704700700040024A936843F48043D6
:109F3000936070470070004030B51E4C0546A36D1D
:109F400083B0DB0021D5FFF7A9FF30F4007315D0F3
:109F5000802D2AD82BD0A5F17003B3FA83F35B09C7
:109F600015490A6822F00F021A430A60086800F0D7
:109F70000F00C01A18BF012003B030BD802DEFD9EB
:109F8000A02D8CBF02230123EAE7A36D43F0805389
:109F9000A365A36D03F080530193019BFFF77EFF40
:109FA000A36D23F08053A365CFE70323D8E70223F3
:109FB000D6E700BF00100240002002402B4A936801
:109FC000D26813F00C0307D00C2B33D0042B39D0FC
:109FD000082B35D000207047244A1168090754BF68
:109FE000D2F894201268224954BFC2F30322C2F36C
:109FF000031251F82200002BEDD01C49CA68CB682F
:10A0000002F00302C3F30313022A03F1010324D075
:10A01000032A19D0B0FBF3F0CB68C3F3062303FB8C
:10A0200000F0124BDB68C3F3416301335B00B0FB0C
:10A03000F3F0704702F00302012ACDD00020DCE7E4
:10A040000C4870470C4870470A4AC868B2FBF3F3E3
:10A05000C0F3062003FB00F0E3E7074AC868B2FB41
:10A06000F3F3C0F3062003FB00F0DAE70010024030
:10A070000C280108809698000024F400002800F0C5
:10A08000DE809F4A2DE9F8431368814603F00F03F1
:10A090008B420C460CD2136823F00F030B43136062
:10A0A000136803F00F038B4202D00120BDE8F88350
:10A0B000D9F80030980703F0010240F19A80914DE1
:10A0C000D9F80800A96801F0F001884204D9A9680C
:10A0D00021F0F0010143A960002A4DD0D9F80450C5
:10A0E000884B032D00F08D80022D1B6800F0A380AB
:10A0F000002D40F0A6809E07D7D5FFF75FFF824B6B
:10A10000984205D97F4B9A6812F0F00F00F09F80BB
:10A110007C4FBB6823F003032B43BB60FCF79EFB23
:10A12000BB68D9F8042003F00C03B3EB820F06469A
:10A1300018BF4FF0000819D041F28837714DFCF775
:10A140008DFBD9F80430821BBA424FEA830304D94D
:10A15000AA6802F00C029A4277D1AA6802F00C02B7
:10A160009A42ECD1B8F1000F40F08C80D9F8003061
:10A17000990707D5D9F8080062498A6802F0F00209
:10A18000824252D85E490A6802F00F02A24209D9FF
:10A190000A6822F00F0222430A600A6802F00F02E6
:10A1A000A24282D15A0707D55649D9F80C008A68CD
:10A1B00022F4E06202438A601B0708D5514AD9F8AD
:10A1C0001010936823F4605343EAC1039360FFF7D0
:10A1D000F5FE03464B4A4D4992684D48C2F30312BF
:10A1E000895C4C4ACB4013600068BDE8F843FCF73B
:10A1F000EDB9002AC6D0D9F80450424B032D7FF4A4
:10A2000073AF1A6891017FF550AFD968DA6801F031
:10A210000301C2F30312022902F1010238D003291B
:10A2200065D0012954D0DB6872E78A6822F0F00219
:10A2300002438A60A6E79F033FF55FAF35E7012041
:10A24000704758057FF531AF57E703202EE79A682E
:10A2500022F0F00242F080029A602A4FBB6823F09D
:10A2600003032B43BB60FCF7F9FABB68D9F8042061
:10A2700003F00C03B3EB820F064618BF4FF08008C3
:10A280007FF45AAF1F4A936823F0F00393606DE7A1
:10A290002149DB68B1FBF2F2C3F3062303FB02F2B0
:10A2A00018491948CB68C3F3416301335B00B2FB23
:10A2B000F3F383427FF62CAF8B6813F0F00F7FF43B
:10A2C00027AF8B6823F0F00343F080038B60C4E773
:10A2D0001A68120754BFD3F894301B680F4A54BF52
:10A2E000C3F30323C3F3031352F82320D8E70C4925
:10A2F000DB68B1FBF2F2C3F3062303FB02F2CFE704
:10A30000002002400010024000B4C4045428010898
:10A31000FC000320F40003200024F4000C280108B2
:10A3200080969800002800F0B7832DE9F041174B84
:10A3300002689D68DE68D1060446134682B005F0C7
:10A340000C0506F003063BD5002D00F06A810C2DAC
:10A3500000F06481E3690D4FD3B13B6843F0010322
:10A360003B60FCF77BFA80463B689A0700F1CA82A3
:10A37000FCF774FAA0EB08000228F5D93B689B07AC
:10A38000F2D4032002B0BDE8F08100BF001002400B
:10A390003B6823F001033B60FCF760FA3B688046B2
:10A3A00099070BD5FCF75AFAA0EB0800022802D94E
:10A3B0003B689A07E5D43B689B07F3D422681346B1
:10A3C000D1072DD5082D00F095810C2D00F08F813F
:10A3D0006368B3F5803F00F0B681B3F5A02F00F0BD
:10A3E00005838B4F3A6822F480323A603A6822F44F
:10A3F00080223A60002B40F0AB81FCF72FFA3B68DB
:10A4000080469A030BD5FCF729FAA0EB08006428D4
:10A4100002D93B689B03B4D43B689903F3D4236807
:10A420009A0713D5042D40F03D81794B1B685B05DD
:10A4300003D5E368002B00F05881754A2169536801
:10A4400023F0FE4343EA0163536023681A072BD5C8
:10A450006369002B00F05981A3696D4A002B40F01D
:10A46000D681D2F8943023F01003C2F89430684DAE
:10A47000D5F8943043F00103C5F89430FCF7EEF9B9
:10A48000D5F8943006469B070DD4FCF7E7F9801BFE
:10A49000072804D9D5F894309F077FF572AFD5F817
:10A4A00094309907F1D523685D0765D5584B9A6DAF
:10A4B000D00000F1288101259A6D42F080529A6502
:10A4C0009B6D03F080530193019B524E3368D90575
:10A4D00040F1D981A368DA0740F150815A0740F171
:10A4E00026824B4BD3F8902042F00402C3F8902010
:10A4F000D3F8902042F00102C3F89020FCF7AEF9A7
:10A50000434F0646D7F890309B070FD441F2883866
:10A51000FCF7A4F9801B404504D9D7F890309A077E
:10A520007FF52FAFD7F890309B07F1D5A3681906B8
:10A5300040F10582364FD7F8903043F08003C7F8DA
:10A540009030D7F8903019050FD441F28838FCF7D5
:10A5500085F9801B404504D9D7F890301A057FF55E
:10A5600010AFD7F890301B05F1D525B1284A936D6F
:10A5700023F08053936523689A061FD5A36A244D60
:10A58000002B00F06381D5F8983043F00103C5F843
:10A590009830FCF763F9D5F8983006469B070DD440
:10A5A000FCF75CF9801B022804D9D5F898309F0786
:10A5B0007FF5E7AED5F898309907F1D5E36A23B374
:10A5C000134DAA6802F00C020C2A00F0D581022B70
:10A5D0002B6823F080732B6000F01582FCF73EF9A6
:10A5E0002B68044699010BD5FCF738F9001B0228AB
:10A5F00003D92B689A013FF5C4AE2B689B01F3D4B5
:10A60000034A054BD1680B40D3600020BAE600BF77
:10A610000010024000700040FCFFEEFE012E7FF4AF
:10A6200099AEA64B1B689B075CD4A44B606A1A6862
:10A63000170756BFD3F894301B681B0903F0F003CB
:10A64000984200F243819D4B1A6842F008021A605A
:10A650001A6822F0F00202431A605A68216A22F452
:10A660007F4242EA01225A60002D00F0B981FFF7D3
:10A67000A5FC0346914A92499268C2F30312895C91
:10A68000904ACB401068904A1360FBF79FFF002868
:10A690007FF478AE2368D9071A463FF596AE99073E
:10A6A0007FF5D4AE0C2D00F02981E368834D002B9B
:10A6B00000F0B4802B6843F480732B60FCF7CEF875
:10A6C0002B6806465F053FF5B8AEFCF7C7F8801B60
:10A6D000022803D92B6859057FF553AE2B685A051C
:10A6E000F3D5AAE6E369002B9FD101204AE6032EA9
:10A6F0007FF46EAE714B1B689F0302D56368002B1D
:10A70000F3D01346CBE70025DFE66C4DD5F8943047
:10A7100023F00103C5F89430FCF7A0F8D5F8943085
:10A7200006469A077FF5BFAEFCF798F8801B07280E
:10A7300004D9D5F894309B073FF523AED5F8943073
:10A740009F07F1D4AFE65D4A136843F4803313608A
:10A75000FCF784F8594F80463B689A033FF55FAE9B
:10A76000FCF77CF8A0EB0800642803D93B689B0346
:10A770007FF507AE3B689903F2D550E64F4ED6F809
:10A78000902022F00102C6F89020D6F8902022F006
:10A790000402C6F89020002B7FF4B0AEFCF75EF800
:10A7A000D6F89030074699070FD541F28838FCF764
:10A7B00055F8C01B404504D9D6F890309B073FF5AB
:10A7C000E0ADD6F890309907F1D43C4ED6F89030F1
:10A7D0001A067FF5CAAED6F8903023F08003C6F88B
:10A7E0009030D6F890301A057FF5BFAE41F2883828
:10A7F000FCF734F8C01B404504D9D6F890301B054F
:10A800003FF5BFADD6F890301905F1D4ADE6D2F8DA
:10A81000943043F01003C2F8943028E62B6823F4F8
:10A8200080732B60FCF71AF82B6806465B050BD586
:10A83000FCF714F8801B022803D92B685F053FF54D
:10A84000A0AD2B685905F3D42368FFE5D5F89830FF
:10A8500023F00103C5F89830FCF700F8D5F89830DC
:10A8600006469A077FF5AAAEFBF7F8FF801B022881
:10A8700004D9D5F898309B073FF583ADD5F89830CB
:10A880009F07F1D49AE6336843F480733360FBF793
:10A89000E5FF33680746DB053FF51CAE03E0336890
:10A8A000D9053FF517AEFBF7D9FFC01B0228F6D933
:10A8B0003368D8057FF565ADF1E700BF00100240B1
:10A8C00054280108FC000320F4000320FFF734FBA8
:10A8D00000287FF40AAF714B1A6842F008021A6030
:10A8E0001A68616A22F0F0020A431A605A68216A03
:10A8F00022F47F4242EA01225A60B8E6022E7FF437
:10A90000D4AE92E5654B1A6842F008021A601A68E4
:10A91000616A22F0F0020A431A605A68216A22F43E
:10A920007F4242EA01225A602268134648E55B4AA8
:10A93000D2F8903043F00103C2F89030DEE5574F73
:10A94000D7F8903023F08003C7F89030D7F89030D4
:10A9500019057FF50AAE41F28838FBF77FFF801BAF
:10A96000404504D9D7F890301A053FF50AADD7F81D
:10A9700090301B05F1D4F8E5012B3FF4B6AEEB683F
:10A98000226B03F0030191427FF4AFAE616B03F0E1
:10A99000F0020139B2EB011F7FF4A7AEA16B03F403
:10A9A000FE42B2EB012F7FF4A0AEE16B03F07842E0
:10A9B000B2EBC16F7FF499AE226C03F4C001520870
:10A9C000013AB1EB425F7FF490AE626C03F0C0637A
:10A9D0005208013AB3EB426F14BF01200020D1E4CA
:10A9E000FFF7AAFA00283FF442AE7EE603F1804367
:10A9F000A3F53C331A6842F480221A601A6842F4C4
:10AA000080321A60A4E6FBF729FF2B6806469901FD
:10AA10000BD5FBF723FF801B022803D92B689B0172
:10AA20003FF5AFAC2B689F01F3D41C4D1C4BE9687C
:10AA3000226B0B40606B1343D4E90E1243EA0123EF
:10AA400043EAC2630138D4E91012490843EA00130B
:10AA500001395208013A43EA415343EA4263EB6049
:10AA60002B6843F080732B60EB6843F08073EB60DE
:10AA7000FBF7F4FE2B6804469A013FF5C6ADFBF7E1
:10AA8000EDFE001B022803D92B689E017FF579ACEF
:10AA90002B689801F3D5B8E50120704700100240FB
:10AAA0000C809F0108B5FFF789FA074B07499A68A0
:10AAB0009B68C2F303128A5C0549C3F30223CB5C93
:10AAC000D040D84008BD00BF001002405428010803
:10AAD0004C28010808B5FFF771FA074B07499A6837
:10AAE0009B68C2F303128A5C0549C3F3C223CB5CA3
:10AAF000D040D84008BD00BF0010024054280108D3
:10AB00004C2801080F220E4B10B402609A680D4CBD
:10AB100002F0030242609A6802F0F00282609A68D2
:10AB200002F4E062C2609B68DB0803F4E063036147
:10AB300023685DF8044B03F00F030B60704700BF00
:10AB40000010024000200240F8B5044600680F469D
:10AB500002284ED0032845D0012848D1394B1B6824
:10AB60009E073ED5374D2B6823F080632B60FBF7A3
:10AB700075FE064604E0FBF771FE831B022B4AD8E4
:10AB80002B681901F7D4D4E90132013B1002216886
:10AB90001A01002F33D0012F2A4D45D02E692A4BA0
:10ABA00033400B430343134362695208013A43EABB
:10ABB00042632B61234D2B6843F080632B60FBF7CE
:10ABC0004DFE064604E0FBF749FE831B022B27D807
:10ABD0002B681B01F7D500201A4AA16913690B43A2
:10ABE0001361F8BD174B1B6813F4C02FBAD10120B5
:10ABF000F8BD144B1B685D05B4D40120F8E7114D76
:10AC0000124B2E6933400B43E168034343EAC163AF
:10AC100013432B61CEE72B681801B4D50320F8BD90
:10AC20002B681A01FAD5D6E72E69094B33400B433E
:10AC30000343134322695208013A43EA42532B610A
:10AC4000B8E700BF001002400C80FFF90C80FF073E
:10AC50000C809FFF70B504460068022847D0032887
:10AC60003ED0012841D1294B1B689E0737D5274D7F
:10AC70002B6823F080532B60FBF7F0FD064604E0C1
:10AC8000FBF7ECFD831B022B37D82B689900F7D418
:10AC90001E4D1F4B696922680B401343D4E9021211
:10ACA00043EA012343EAC2636268013A43EA0213BA
:10ACB0006B612B6843F080532B60FBF7CFFD06469A
:10ACC00004E0FBF7CBFD831B022B1BD82B689B00FA
:10ACD000F7D500200D4A216953690B43536170BDBC
:10ACE0000A4B1B6813F4C02FC1D1012070BD074B64
:10ACF0001B685D05BBD40120F8E72B689800C7D519
:10AD0000032070BD2B689A00FAD5E2E700100240DC
:10AD10000C80FF072DE9F0470368044613F4006533
:10AD200082B01BD0C16E402900F03D8200F25882F3
:10AD3000002900F02282202940F058822030FFF7BD
:10AD400089FF054623684DB9E16E0025B648D0F865
:10AD50009C2022F0E0020A43C0F89C20DF0440F16E
:10AD60004F81216FB1F5007F00F0168200F23F8124
:10AD7000002900F00782B1F5807F40F0408104F1A6
:10AD80002000FFF767FF07462368002F40F002828C
:10AD9000A549206FD1F89C209E0322F4E06242EA8C
:10ADA0000002C1F89C2000F12F81D90708D59E49E7
:10ADB000606BD1F8882022F003020243C1F888209A
:10ADC0009A0708D59849A06BD1F8882022F00C0288
:10ADD0000243C1F888205E0708D59349E06BD1F89B
:10ADE000882022F030020243C1F88820180708D5D5
:10ADF0008D49206CD1F8882022F0C0020243C1F8AE
:10AE00008820D90608D58849606CD1F8882022F4BA
:10AE100040720243C1F888209A0608D58249A06C86
:10AE2000D1F8882022F440620243C1F888209E05B0
:10AE300008D57D49E06DD1F8882022F440220243F4
:10AE4000C1F88820580508D57749206ED1F88820A8
:10AE500022F440120243C1F88820590208D57249F1
:10AE6000606ED1F8882022F440020243C1F88820A5
:10AE70009A010CD5A26EB2F1807F00F06D81B2F123
:10AE8000007F00F02681002A00F0298101255F065D
:10AE900008D56549E06CD1F8882022F4405202437D
:10AEA000C1F888201E0608D55F49206DD1F888209A
:10AEB00022F440420243C1F88820D80508D55A49F7
:10AEC000606DD1F8882022F440320243C1F8882016
:10AED000D90208D55449A06DD1F89C2022F0030274
:10AEE0000243C1F89C209A0411D54F49606FD1F8F4
:10AEF0008820B0F1006F22F0406242EA0002C1F8FF
:10AF0000882000F02481B0F1806F00F060811F0381
:10AF10001BD5A16FB1F5804F00F005814248B1F11A
:10AF2000806FD0F8882022F0406242EA0102C0F827
:10AF30008820D0F89C2022F48042C0F89C2000F0A9
:10AF40005781B1F1006F00F034815E0311D53649AD
:10AF5000E06FD1F88820B0F1006F22F0406242EA41
:10AF60000002C1F8882000F0D980B0F1806F00F0B5
:10AF7000258158040ED52C48D4F88010D0F88820AC
:10AF8000B1F1805F22F0405242EA0102C0F888200D
:10AF900000F0EA80D90309D52349D4F88400D1F818
:10AFA0009C2022F004020243C1F89C209A0209D599
:10AFB0001D49D4F88800D1F89C2022F018020243E1
:10AFC000C1F89C20DB010ED5174AD4F88C10D2F8BA
:10AFD0009C30B1F5001F23F4401343EA0103C2F88B
:10AFE0009C3000F0AC80284602B0BDE8F087B1F597
:10AFF000407F00F0D680B1F5806F00F0D28001254F
:10B000002F469E037FF5D1AE074B9A6DD00054D5E5
:10B010004FF00008054E336843F480733360FBF74C
:10B020001DFC81460AE000BF001002400070004095
:10B03000FBF714FCA0EB090002285BD83368DA05A3
:10B04000F6D5002F5CD1DFF8C8A1D4F89010DAF85B
:10B05000903013F4407327D08B4225D0DAF890203B
:10B06000DAF8903043F48033CAF89030DAF8903050
:10B0700023F48033CAF8903022F44073CAF8903039
:10B08000D30711D5FBF7EAFB41F28839064605E004
:10B09000FBF7E4FB801B484500F2B380DAF8903000
:10B0A0009807F5D5D4F89010594AD2F8903023F487
:10B0B00040730B43C2F8903023E09A6D4FF00108C3
:10B0C00042F080529A659B6D03F080530193019B7F
:10B0D000A0E70021201DFFF737FD07462368DFB9F1
:10B0E0004B49A06ED1F8882022F040720243C1F88B
:10B0F0008820CCE63368D905A3D403252F4600E089
:10B100003D462368B8F1000F3FF44FAE40498A6DC9
:10B1100022F080528A6548E63D46B8E6CA6842F4A5
:10B120008012CA6025E73A4AD2F89C1041F4804167
:10B13000C2F89C10D16841F48031D16005E72846FF
:10B14000D36843F48013D36002B0BDE8F087CA68C7
:10B1500042F48012CA60DAE62D49CA6842F48012CD
:10B16000CA60002FD8D1BBE70221201DFFF7ECFCFD
:10B170002368002818BF05460CE70430FFF7E4FCFD
:10B180000546DFE5201DFFF7DFFC07462368002F9B
:10B190003FF4FEAD3D4634E71D49CA6842F48032B3
:10B1A000CA602F46F1E51A48C26842F48032C26094
:10B1B000CBE5C26842F48012C260C6E60121201DC0
:10B1C000FFF7C2FC2368002818BF0546D1E601211D
:10B1D000201DFFF7B9FC2368002818BF054696E636
:10B1E00060293FF4B2AD80293FF4AFAD0125B5E54C
:10B1F0000121201DFFF7A8FC2368002818BF054681
:10B20000A3E6DAF890309E077FF577AF4AE700BFF4
:10B2100000100240114B10B4996B114A41F080713B
:10B220009963996B21F0807199630368D0E90141BA
:10B2300023430B43D0E90341234343EA01435360D3
:10B240001368416923F4FE4343EA01231360136842
:10B250005DF8044B43F06003136070470010024038
:10B260000060004000285AD038B5437A044603F005
:10B27000FF02002B49D0D4E9003502214AF2B32065
:10B280006172284A19682A43274D21F00401196088
:10B290001A601D6118611A6822F080421A60FBF77B
:10B2A000DDFA054623681A6851000ED5FBF7D6FA79
:10B2B000401B02282368F6D91A685200F3D50122F0
:10B2C000022362720120E36038BD1A6842F0040272
:10B2D0001A605B68580603D504236372012038BDE9
:10B2E000FBF7BCFA054623685B68D90711D4FBF766
:10B2F000B5FA401B02282368F6D95A68D207F3D45E
:10B30000042202236272E360E8E70272FBF752F85C
:10B31000B1E70122002362721846E36038BD0120C4
:10B32000704700BF000DF040BC0A5917704700BFBE
:10B33000026810B553680446990613D4580605D51B
:10B34000590723D4516821F040015160DB0708D52B
:10B35000136823F0080313609168637A2161042B5A
:10B360000CD110BD1023C360042320466372F8F78C
:10B37000C1FD6FF0600223685A6010BD01220023F6
:10B38000204662722372FFF7D1FF10BD0823E360ED
:10B39000136823F008031360E6E700BF002300B53D
:10B3A000026883B001935368014658070AD4536872
:10B3B00023F0400353600020CB6823F00803CB60E8
:10B3C00003B000BD0220136843F08043136013688C
:10B3D00023F080431360019002E013685B0012D5F4
:10B3E000019B013B0193019B002BF6D101224A7284
:10B3F0000B72CB68084643F00203CB60F8F77AFD86
:10B40000012003B000BD536858060CD402230193F9
:10B4100002E053685B07CED5019B013B0193019B82
:10B42000002BF6D1E2E7536823F040035360EDE7C9
:10B43000F8B5037A012B43D00122437A04469342A4
:10B44000DFB2027206D004231746C36000232372C2
:10B450003846F8BD0222036842725B680E46590600
:10B4600016D4FBF7FBF9054623685A68D20718D4AF
:10B47000FBF7F4F9401B02282368F6D95A6812F04A
:10B480000102F2D10121022361722272E360DFE73F
:10B490000823C360FFF782FF0128E2D12023E36085
:10B4A000D6E79A685B68226113F0400316BF082351
:10B4B0001F46E3604FF0010308BF32606372C5E7C7
:10B4C00002273846F8BD00BF704700BF30B502689C
:10B4D00004465168936885B013F0400FC3F380159C
:10B4E00019D113F0010F2FD1980745D49D0600F113
:10B4F0009180DB050DD58D060BD50020236E43F022
:10B5000008032366039093680393039B236E002B29
:10B510005AD105B030BD13F002001AD008067CD411
:10B5200013F020002CD18D06F3D594F85D50032D37
:10B5300079D0256E45F0040525660090D06800900E
:10B540009068009000983AE011F0400FCCD0C36CA6
:10B5500065E08D06DDD594F85D50032D63D0256E32
:10B5600045F0040525660090D06800909068009032
:10B570000098980623D515E008064ED49806B8D54D
:10B580008806C6D575B194F85D0003284BD0206EAF
:10B5900040F00400206600200090D0680090906881
:10B5A00000900098206E40F001002066002002907C
:10B5B00090680290106820F0400010600298DB054F
:10B5C0009BD4236E002BA4D0012053688D0723F059
:10B5D000E003536084F85D002DD05368A06D23F024
:10B5E0000303536040B1164B0364FCF717F818B11E
:10B5F000236E43F040032366606D002889D0104B12
:10B600000364FCF70BF8002883D0236E43F040035B
:10B6100023667EE78806C5D47BE72046236D05B008
:10B62000BDE83040184700230193D3680193936825
:10B630000193019B6DE72046FFF746FF69E700BFD6
:10B6400045B6000808B50023806AA0F84630C387D5
:10B65000FFF73AFF08BD00BF30B4036A124D046A19
:10B66000A84224F0010404620ED0104CA0420BD07A
:10B6700004F54064A04207D004F58064A04203D0E2
:10B6800004F58064A04203D1046A24F00404046237
:10B69000846923F00A0324F0F00C4CEA02121943E7
:10B6A000826130BC01627047002C014000340140CF
:10B6B00090F83D30012B23D102210368164A80F80F
:10B6C0003D1093421ED0B3F1804F1BD0A2F59432AF
:10B6D000934217D002F58062934213D002F5806244
:10B6E00093420FD002F5943293420BD002F54062A0
:10B6F000934207D01A6842F001021A600020704796
:10B70000012070479968054A0A40062AF6D0B2F52A
:10B71000803FEFD100207047002C0140070001005E
:10B7200090F83D30012B26D10222036880F83D209D
:10B73000DA68174942F001028B42DA601DD0B3F19A
:10B74000804F1AD0134A934217D002F58062934279
:10B7500013D002F5806293420FD002F594329342E7
:10B760000BD002F54062934207D01A6842F0010202
:10B770001A6000207047012070479968064A0A4005
:10B78000062AF6D0B2F5803FEFD10020704700BF07
:10B79000002C0140000400400700010038B590F87B
:10B7A0003C30012B6AD0044602250123006884F84E
:10B7B0003C3084F83D5085684B4A2A4082600A68D4
:10B7C000602A6AD010D8402A5AD02CD8202A4BD0D0
:10B7D00048D832F0100147D018460122002384F8DF
:10B7E0003D2084F83C3038BDB2F5805F13D0B2F50F
:10B7F000005F27D0702AEFD1D1E901538268C96870
:10B800002B4322F47F4243EA01231343836083687E
:10B8100043F0770383600122002384F83D2084F8FD
:10B820003C30002038BD502AD6D1CA684968FFF79D
:10B8300013FF836823F4401323F0700343F057038E
:10B840008360E8E78268D1E90153C9682B4322F499
:10B850007F4243EA012313438360836843F48043B8
:10B860008360D8E7302AB7D1836823F4401323F0EC
:10B870007003134343F007038360CCE7022038BD15
:10B88000CA684968FFF7E8FE836823F4401323F091
:10B89000700343F047038360BDE7036A026A4D68A3
:10B8A00022F01002C9680262104A904217D002F5D5
:10B8B0000062904213D0826923F0A00322F4704208
:10B8C00043EA051342EA013282610362836823F48A
:10B8D000401323F0700343F0670383609BE7026A21
:10B8E00022F040020262E6E78800CEFF002C014011
:10B8F000704700BF704700BF704700BF704700BF70
:10B90000036870B5DE681C690546A20701D5B1075A
:10B910005AD4630701D5700743D4210701D53207F4
:10B920002DD4E00601D5F10616D4E20701D5F307C0
:10B9300063D414F4025F0AD0300666D4600601D5E1
:10B94000710673D4A20601D5B3064DD470BDE205CD
:10B95000F4D5330662D4F1E76FF0100108222B68AA
:10B96000284619612A77DB6913F4407F6FD1FFF70E
:10B97000BFFF2846FFF7C0FF00232B77D5E76FF006
:10B98000080104222B68284619612A77DB699B0786
:10B990005AD1FFF7ADFF2846FFF7AEFF00232B7704
:10B9A000BFE76FF0040102222B68284619612A774D
:10B9B0009B6913F4407F44D1FFF79AFF2846FFF7B5
:10B9C0009BFF00232B77A8E76FF002021A61012288
:10B9D00002779B699A0731D1FFF78AFF2846FFF764
:10B9E0008BFF00232B7794E76FF020022B6828460B
:10B9F000BDE870401A6100F005B96FF001022B68D4
:10BA000028461A61F5F782FD93E76FF402522B681E
:10BA100028461A6100F0F8F8E1058FD56FF48072BE
:10BA20002B6828461A6100F0F1F887E76FF04002B2
:10BA30002B6828461A61FFF761FF83E7FFF75AFF7B
:10BA4000CFE7FFF757FFBCE7FFF754FFA6E7FFF785
:10BA500051FF91E770B4284E0368B0424A698D687F
:10BA60000C6839D0B0F1804F20D0A6F59436B042A2
:10BA70001CD006F58066B04218D006F58066B0424C
:10BA800014D006F59436B04226D01C4EB04227D0D2
:10BA900006F58066B04223D006F58066B0421FD01E
:10BAA00023F08003C5621A4384620CE04E6823F0E1
:10BAB0007003C968334323F440730B4323F08003BE
:10BAC000C5621A438462012170BC036843F0040319
:10BAD00003604161026070474E6823F07003334396
:10BAE000CE6823F440733343C56223F0800384623D
:10BAF0001A430B690363E6E7002C01400040014054
:10BB000070B310B590F83D30044603F0FF0213B354
:10BB10000223214684F83D3051F8040BFFF79AFFC9
:10BB2000012384F8483084F83E3084F83F3084F8AC
:10BB3000403084F8413084F8423084F8433084F84F
:10BB4000443084F8453084F8463084F8473084F82F
:10BB50003D30002010BD80F83C20FAF75BFCD7E7B1
:10BB60000120704790F83C20012A45D0034602206E
:10BB700070B41A68214E83F83D00B24250680D68D7
:10BB8000946827D006F50066B2422CD020F07000F1
:10BB90002843B2F1804F50600ED0194882420BD03A
:10BBA00000F58060824207D000F58060824203D0B9
:10BBB00000F59A30824204D1896824F080040C4355
:10BBC00094600022012183F83C2083F83D10104648
:10BBD00070BC70474E6820F47000304320F0700055
:10BBE00028435060E8E74E6820F47000304320F0AE
:10BBF000700005435560DFE702207047002C0140CC
:10BC000000040040704700BF704700BF704700BF8E
:10BC100010B4026852E8003F23F4907342E8003108
:10BC20000029F7D1144C02F1080353E8003F2340E8
:10BC300002F1080C4CE800310029F4D1C36E012B4D
:10BC400008D0002320225DF8044BC0F88C20436705
:10BC5000C366704752E8003F23F0100342E800310A
:10BC60000029EED052E8003F23F0100342E80031F3
:10BC70000029EFD1E5E700BFFEFFFFEFD0F88830E5
:10BC8000212B00D07047B0F856309BB28BB90268B8
:10BC900052E8003F23F0800342E800310029F7D149
:10BCA00052E8003F43F0400342E800310029F7D159
:10BCB0007047026D016832F8023BC3F308038B62E0
:10BCC000B0F856300265013B9BB2A0F85630704781
:10BCD000D0F88830212B00D07047B0F86A30002BA4
:10BCE000FAD010B40168B0F85620013B92B29BB272
:10BCF00092B1CA6912060AD5046D14F8012B8A6242
:10BD0000B0F856200465013A92B2A0F85620002BF4
:10BD1000E9D15DF8044B704701F1080353E8003F97
:10BD200023F4000301F1080040E80032002AF3D1B7
:10BD300051E8003F43F0400341E80032002AE8D0D8
:10BD400051E8003F43F0400341E80032002AEFD1C0
:10BD5000DFE700BFD0F88830212B00D07047B0F863
:10BD60006A30002BFAD010B40168B0F85620013BBD
:10BD700092B29BB2A2B1CA6912060CD5046D34F816
:10BD8000022BC2F308028A62B0F856200465013A19
:10BD900092B2A0F85620002BE7D15DF8044B704713
:10BDA00001F1080353E8003F23F4000301F1080008
:10BDB00040E80032002AF3D151E8003F43F040034D
:10BDC00041E80032002AE8D051E8003F43F0400348
:10BDD00041E80032002AEFD1DFE700BFD0F8883019
:10BDE000212B00D07047B0F856309BB28BB9026857
:10BDF00052E8003F23F0800342E800310029F7D1E8
:10BE000052E8003F43F0400342E800310029F7D1F7
:10BE10007047026D036812F8011B9962B0F8563042
:10BE20000265013B9BB2A0F856307047D0F88830CD
:10BE3000202B25D101B10AB90120704730B400256B
:10BE40002124A0F85620A0F85420426EC0F890504B
:10BE5000B2F1005F83680165C0F8884012D0B3F585
:10BE6000805F22D0164B0268836752E8003F43F0A0
:10BE7000800342E800310029F7D130BC0020704730
:10BE800002207047B3F5805F14D00E4B02688367C1
:10BE900002F1080353E8003F43F4000302F10800F5
:10BEA00040E800310029F3D1E7E70369002BD9D13D
:10BEB000054BD8E70369002BE7D1044BE6E700BF49
:10BEC000DDBD0008D1BC00087DBC000855BD0008E0
:10BED000704700BF08B5806AFFF7FAFF08BD00BFD2
:10BEE000704700BF40F60F0C70B504680546E36963
:10BEF000216813EA0C0FA26829D19E0607D501F02C
:10BF0000200C02F080565CEA060C40F0F080E86EEF
:10BF1000012800F0AC80D80200F19E80180606D5FA
:10BF200002F4000201F08000104340F0E7805A065E
:10BF300002D54E0600F1C380180202D54A0000F176
:10BF40000C81DB0102D50029C0F23D8170BDA34800
:10BF5000104040F0C580A24E3142D8D0DE0740F1FB
:10BF6000DC80CE0540F1D28001262662D5F89060B3
:10BF700046F00106C5F890609E0740F1C980D607DB
:10BF800040F1CB8002202062D5F890005E0740F09F
:10BF90000400C5F8900040F1DD8004202062D5F84F
:10BFA000900040F00200C5F89000180700F1BD8035
:10BFB00018050AD54E0108D54FF400602062D5F867
:10BFC000900040F02000C5F89000D5F890000028BF
:10BFD000BCD0980606D501F0200102F08052114332
:10BFE00040F0AC80D5F89020A36802F0280203F05E
:10BFF000400353EA0206284600F0EA80FFF708FEF5
:10C00000A3685B0640F1A28004F1080353E8003FF7
:10C0100023F0400304F1080141E8003262B12C68CA
:10C0200004F1080353E8003F23F0400304F1080142
:10C0300041E80032002AF3D1D5F88000002800F052
:10C040008580684B0364FBF7E9FA00283FF47EAF74
:10C05000D5F88000036C4EE056027FF55FAF4FF4D9
:10C06000801328462362BDE8704000F021BFDE0641
:10C070007FF551AFC8067FF54EAF1022B5F85C30A2
:10C080002262A268520640F1AF80D5F880000268B3
:10C09000516889B2002900F0DC80994280F0D98093
:10C0A000A5F85E10126896065CD502222A67B5F8DC
:10C0B0005E102846591A89B2FFF712FF70BD54E886
:10C0C000003F23F0400344E80032002AF7D1202249
:10C0D00000232846C5F88820AB67F5F7B3F970BD93
:10C0E000DE077FF549AFCE057FF546AF3CE7436FEE
:10C0F000002B3FF42BAFBDE870401847AB6F002B0F
:10C100003FF424AF2846BDE8704018479E0704D48A
:10C110005E0702D5D6073FF540AF1E077FF548AF53
:10C1200001F0200606433FF443AF08202062D5F813
:10C13000900040F00800C5F8900039E76B6F002BC5
:10C140003FF450AF284698472C684BE72846FFF746
:10C15000BFFE70BD1807E8D42AE72846BDE8704046
:10C1600000F0AABE54E8003F23F4807344E8003294
:10C17000002AF7D104F1080353E8003F23F001033C
:10C1800004F1080141E80032002AF3D104F1080368
:10C1900053E8003F23F0400304F1080141E8003276
:10C1A000002AF3D12023C5F88C30EA6654E8003F1A
:10C1B00023F0100344E80032002AF7D1FBF7F6F928
:10C1C000B5F85C3071E72846BDE8704000F072BEFB
:10C1D000FFF77EFEC5F8906070BD00BF0100001043
:10C1E00020010004D5BE0008B5F85E10B5F85E2049
:10C1F00089B292B2002A3FF4A9AE5B1A99B2002923
:10C200003FF4A4AE54E8003F23F4907344E80032B6
:10C21000002AF7D1124804F1080353E8003F034015
:10C2200004F1080646E80032002AF4D120236A67A8
:10C23000C5F88C30EA6654E8003F23F0100344E868
:10C240000032002AF7D1022328462B67FFF748FE69
:10C2500070BD99427FF47AAE13689C06F3D470BD2A
:10C26000FEFFFFEFD0F88C200368222A04D09A69E1
:10C2700042F008029A6170475B6AB0F86010826D04
:10C280000B401370B0F85E30826D013B9BB2A0F89A
:10C290005E30B0F85E3001329BB28265002B37D140
:10C2A00010B5036853E8002F22F4907243E8002190
:10C2B0000029F7D103F1080252E8002F22F0010211
:10C2C00003F1080444E800210029F3D120241B4A8B
:10C2D000C0F88C4093424167016702D05A6811024E
:10C2E00017D4C26E012A25D10022C26653E8002F5E
:10C2F00022F0100243E800210029F7D1DA69B0F8F2
:10C300005C10D20644BF10221A62FFF7E9FD10BD8F
:10C31000704753E8002F22F0806243E80021002993
:10C32000DFD053E8002F22F0806243E8002100298B
:10C33000EFD1D6E7F5F79EF810BD00BF00800040B2
:10C34000D0F88C200368222A04D09A6942F00802AF
:10C350009A6170475A6AB0F860C0816D02EA0C02B7
:10C3600021F8022BB0F85E208165013A92B2A0F864
:10C370005E20B0F85E2092B2002A36D110B553E8A4
:10C38000002F22F4907243E800210029F7D103F135
:10C39000080252E8002F22F0010203F1080444E8E9
:10C3A00000210029F3D120241A4AC0F88C4093427E
:10C3B0004167016702D05A68110217D4C26E012A80
:10C3C00025D10022C26653E8002F22F0100243E874
:10C3D00000210029F7D1DA69B0F85C10D20644BF19
:10C3E00010221A62FFF77CFD10BD704753E8002F42
:10C3F00022F0806243E800210029DFD053E8002FBB
:10C4000022F0806243E800210029EFD1D6E7F5F75A
:10C4100031F810BD008000402DE9F0470446026865
:10C42000D069D2F800909568D4F88C10222906D0F3
:10C430001346926942F008029A61BDE8F087B4F8A9
:10C440006830002B00F0B880810640F1928005F042
:10C4500001084FF0040A002594F86070536AA26D39
:10C460003B401370B4F85E202368013A92B2A4F8FE
:10C470005E20A16DDE6901317207A1651ED0F00753
:10C480000AD519F4807F07D001221A62D4F89020CF
:10C4900042F00102C4F89020B10717D5B8F1000F9F
:10C4A00009D002221A62D4F8902042F00402C4F8A3
:10C4B000902072070FD4D4F89030C3B9B4F85E302E
:10C4C0009BB2F3B1B30654D52268C7E77007F2D523
:10C4D000B8F1000FEFD0C3F820A0D4F8903043F0AB
:10C4E0000203C4F89030D4F89030002BE6D02046F8
:10C4F000FFF7EEFCC4F89050B4F85E309BB2002B0E
:10C50000E0D1236853E8002F22F4807243E8002131
:10C510000029F7D1354803F1080252E8002F024004
:10C5200003F1080545E800210029F4D12020304A14
:10C53000C4F88C0093426167216702D05A681102E7
:10C540003ED4E26E012A4CD10022E26653E8002F6D
:10C5500022F0100243E800210029F7D1DA692046D1
:10C56000D20648BF1022B4F85C1048BF1A62FFF729
:10C57000B7FCB4F85E309BB2002B3FF45EAFB4F86A
:10C5800068209A427FF659AF236803F1080252E807
:10C59000002F22F0805203F1080040E8002100291A
:10C5A000F3D1144A626753E8002F42F0200243E8B7
:10C5B00000210029F7D140E7B4F85E30BDE8F087EC
:10C5C00053E8002F22F0806243E800210029B8D010
:10C5D00053E8002F22F0806243E800210029EFD1C8
:10C5E000AFE72046F4F746FFC3E700BFFEFFFFEFCB
:10C5F0000080004065C200082DE9F047044603684A
:10C60000D969D3F800A09868D4F88C20222A05D0E4
:10C610009A6942F008029A61BDE8F087B4F8682090
:10C62000002A00F0B580890640F18F80002604279B
:10C63000B4F8608000F001095A6AA16D08EA0202AC
:10C6400021F8022BB4F85E20A165013A92B2A4F859
:10C650005E20DD696A071ED0E8070AD51AF4807FDC
:10C6600007D001221A62D4F8902042F00102C4F8E7
:10C670009020A90717D5B9F1000F09D002221A623C
:10C68000D4F8902042F00402C4F890206A070FD436
:10C69000D4F89030BBB9B4F85E309BB2EBB1AB06C6
:10C6A00053D52368C8E76807F2D5B9F1000FEFD07A
:10C6B0001F62D4F8903043F00203C4F89030D4F8ED
:10C6C0009030002BE7D02046FFF702FCC4F89060C2
:10C6D000B4F85E309BB2002BE1D1236853E8002F01
:10C6E00022F4807243E800210029F7D1354803F194
:10C6F000080252E8002F024003F1080545E8002136
:10C700000029F4D12020304AC4F88C00934261679C
:10C71000216702D05A6811023ED4E26E012A4CD140
:10C720000022E26653E8002F22F0100243E80021C5
:10C730000029F7D1DA692046D20648BF1022B4F8A2
:10C740005C1048BF1A62FFF7CBFBB4F85E309BB2B7
:10C75000002B3FF461AFB4F868209A427FF65CAFDB
:10C76000236803F1080252E8002F22F0805203F1FF
:10C77000080040E800210029F3D1144A626753E819
:10C78000002F42F0200243E800210029F7D143E7BF
:10C79000B4F85E30BDE8F08753E8002F22F08062E5
:10C7A00043E800210029B8D053E8002F22F080622E
:10C7B00043E800210029EFD1AFE72046F4F75AFE05
:10C7C000C3E700BFFEFFFFEF0080004041C3000849
:10C7D00070B504462669A268036832436669C06979
:10C7E000324399491E68024331400A431A605A682D
:10C7F000E16822F440520A435A60944D9968AB4272
:10C8000021F06E41A269666A21F4306158D0256A30
:10C810002A430A439A60DA6A22F00F023243DA624C
:10C820008B4A934200F08F808A4A934223D08A4AEF
:10C83000934200F0E180894A934200F09580884A53
:10C84000934278D1874BD3F8883003F44073B3F523
:10C85000007F00F0AD8000F2E180002B00F0C68088
:10C86000B0F5004F00F0E680FDF7A8FB002800F0CF
:10C870009D80666A88E07B4BD3F8883003F00C0318
:10C880000C2B58D801A252F823F000BFEDC90008C4
:10C8900037C9000837C9000837C9000861C800084F
:10C8A00037C9000837C9000837C90008B1C90008EE
:10C8B00037C9000837C9000837C900087FC9000810
:10C8C00011439960DA6A674922F00F023243DA6253
:10C8D000D1F8883003F44063B3F5006F00F0A58011
:10C8E00000F2AB80002B00F0A280FDF767FB002870
:10C8F0005CD0666A5C4B656833F8162005EB450131
:10C90000B0FBF2F3994216D8B3EB053F13D80023DE
:10C910001946F3F79DFC4FF4807603460021680822
:10C920002A46E3FB06010023F3F792FC4F4BA0F5E8
:10C9300040729A4238D9012000234FF001126367F8
:10C94000A266A36770BD474BD3F8883003F003039A
:10C95000022B2DD0032B12D0012B81D0B0F5004F2C
:10C9600060D0FEF7B7F881E73E4BD3F8883003F08C
:10C97000C003802B1CD07FF670AFC02BDBD1B0F58D
:10C98000004F19D04FF40040374A636832F8161050
:10C990004FF6EF72B0FBF1F000EB5300B0FBF3F099
:10C9A000A0F110039342C6D82368D8600020C3E7E3
:10C9B000B0F5004F2E48E7D12B4B626833F81610C4
:10C9C0005308B0FBF1F003EB4003B3FBF2F34FF677
:10C9D000EF71A3F110028A42ADD823F00F02216853
:10C9E00092B2C3F342031343CB60DFE7B0F5004FCD
:10C9F0000ED0FEF757F839E71A4BD3F8883003F01A
:10CA00003003202BD4D07FF628AF302BB7D092E75D
:10CA1000FEF748F80028C9D0666ACDE7B3F5407F35
:10CA2000ADD088E7FEF756F8F4E7114862E7FEF765
:10CA300039F85CE7FDF7C2FAECE7B3F5406F7FF435
:10CA40007AAF4FF4004055E7F369FFCF0080004014
:10CA5000003801400044004000480040004C0040C5
:10CA6000005000400010024074280108FFFC0F0035
:10CA70000024F400836A10B41A0706D50168846B99
:10CA80004A6822F4004222434A60DC0706D5016866
:10CA9000C46A4A6822F4003222434A60990706D5E4
:10CAA0000168046B4A6822F4803222434A605A07C4
:10CAB00006D50168446B4A6822F4802222434A600A
:10CAC000DC0606D50168C46B8A6822F480522243D2
:10CAD0008A60990606D50168046C8A6822F40052BF
:10CAE00022438A605A060AD50168446C4A68B4F544
:10CAF000801F22F4801242EA04024A600BD01B0617
:10CB000006D50268C16C536823F400230B435360BD
:10CB10005DF8044B70474A68846C22F4C0022243DB
:10CB20004A60ECE72DE9F041154602681F46D369DB
:10CB300082B031EA03030CBF01230023AB42DDF8CE
:10CB400020800DD1B8F1FF3F0C4618BF06461FD11B
:10CB5000D36934EA03030CBF01230023AB42F7D0AF
:10CB60000023184602B0BDE8F081802C08D0402C8C
:10CB700006D0DA6912F0080226D1D969090514D461
:10CB8000DB6934EA03030CBF01230023AB42E7D186
:10CB9000F9F764FEC01B404514D8B8F1000F11D05E
:10CBA00033681A685007EBD5DFE74FF40061304671
:10CBB00019620192FFF72CF82023019AC6F89030F1
:10CBC00086F884200323CCE7082430461C62FFF754
:10CBD0001FF800220123C6F8904086F88420C0E7A1
:10CBE000F0B50026044683B0C0F89060F9F736FE31
:10CBF000236805461A68120710D41B685B0727D400
:10CC0000002320221846C4F88820C4F88C20E3664C
:10CC10002367002384F8843003B0F0BD6FF07E47B3
:10CC2000034632464FF4001120460097FFF77AFF83
:10CC300023680028E1D053E8002F22F0800243E867
:10CC400000210029F7D12023C4F888300320E0E731
:10CC50006FF07E462B4600224FF48001204600965E
:10CC6000FFF760FF0028CBD0236853E8002F22F4A1
:10CC7000907243E800210029F7D103F1080252E83D
:10CC8000002F22F0010203F1080040E800210029F2
:10CC9000F3D12023C4F88C30D8E700BF80B3D0F89C
:10CCA000883010B5044633B324232268C4F8883092
:10CCB0001368A16A23F001031360C1B92046FFF78E
:10CCC00087FD012811D023682046BDE810405A682E
:10CCD00022F490425A609A6822F02A029A601A68F6
:10CCE00042F001021A60FFF77BBF012010BD204611
:10CCF000FFF7C0FEE2E780F88430F9F705FBD3E7E1
:10CD000001207047002330B484688165B4F5805FEA
:10CD1000A0F85C20A0F85E2043674FD084BB036975
:10CD2000002B0CBFFF237F23002522240168C0F8BD
:10CD30009050A0F86030C0F88C4001F1080353E82F
:10CD4000003F43F0010301F1080545E80034002CE1
:10CD5000F3D1436E8568B3F1005F046935D0B5F552
:10CD6000805F16D02D4B4367BCB151E8003F43F4C0
:10CD7000907341E80032002AF7D130BC00207047A0
:10CD8000B4F1805FD0D10369002B0CBF7F233F2318
:10CD9000CAE7002C38D1224B436751E8003F43F0EB
:10CDA000200341E80032002AE7D051E8003F43F079
:10CDB000200341E80032002AEFD1DEE7016940F2AA
:10CDC000FF13002918BFFF23AEE7B0F86830934285
:10CDD000C5D8B5F5805F1AD0124B43673CB151E816
:10CDE000003F43F4807341E80032002AF7D101F19B
:10CDF000080353E8003F43F0805301F1080040E886
:10CE00000032002AF3D1B8E7044B4367ADE714B909
:10CE1000054B4367EBE7034B4367E0E765C2000858
:10CE200041C3000819C40008F9C5000838B5D0F896
:10CE30008C30202B18D101B10AB9012038BD002552
:10CE400004680A4BC5669C420AD063681B0207D57A
:10CE500054E8003F43F0806344E80035002DF7D1EB
:10CE6000FFF750FF002038BD022038BD0080004091
:10CE7000036830B499689B680B4D0C4C4FEA537CA7
:10CE8000C1F342616B5C15F80C20615C14F80C5026
:10CE9000D200DB00B2FBF5F230BCB3FBF1F3A0F83B
:10CEA0006A20A0F868307047942801088C2801088F
:10CEB000704700BF704700BF704700BF90F88420E4
:10CEC000012A17D003462420002130B420251A68F7
:10CED000C3F888001068146820F0005024F00104A2
:10CEE00014605966106083F884100846C3F88850AF
:10CEF00030BC70470220704790F88430012B1FD05F
:10CF0000242370B50568C0F888302E682B68426EFF
:10CF100023F001032B60AB68044623F06043194300
:10CF2000A9604AB1FFF7A4FF002020232E6084F8F7
:10CF30008400C4F8883070BD4FF001138366F3E7B6
:10CF40000220704790F88430012B1FD0242370B545
:10CF50000568C0F888302E682B68426E23F0010304
:10CF60002B60AB68044623F060631943A9604AB1A3
:10CF7000FFF77EFF002020232E6084F88400C4F891
:10CF8000883070BD4FF001138366F3E702207047CD
:10CF9000034644F27F02B3F8401000200A40A3F891
:10CFA000402070474FF0000C00B583B002AB4FF04B
:10CFB000010E03E9060003466046A3F840E0A3F82B
:10CFC00040C0A3F844C0A3F850C003B000BD00BFE8
:10CFD00070B50A78034630F8220091F803E020F497
:10CFE000EC4020F070000004000CBEF1030F00F2D2
:10CFF0000582DFE80EF0CDD0B10240F4C06048F207
:10D00000800C40EA0C0023F8220033F8220020F4C0
:10D01000E04020F070000004000C10434CEA000CCB
:10D0200023F822C0087B002800F0B880002033F8E5
:10D0300022C02CF4E24C2CF0700C4FEA0C4C4FEA5E
:10D040001C4C4CF4004C4CF0800C23F822C00C8992
:10D05000B3F8505003EBC20C640864001CFA85F569
:10D06000A5F800444C89B3F85050640864001CFAD9
:10D0700085F5A5F804444C78002C40F01C8133F869
:10D08000224064040DD533F8224024F4E04424F017
:10D0900070042404240C44F4404444F0800423F835
:10D0A000224033F8224066060DD533F8224024F49E
:10D0B000E04424F070042404240C44F4004444F0BC
:10D0C000C00423F822400D69B3F850101CFA81F116
:10D0D000B1F802440CF2064CC4F30904A1F802446E
:10D0E000002D00F030813E2D00F2658105F0010435
:10D0F00004EB5504A402A5B2B1F80244A4B22C4337
:10D10000A1F80244B3F8501089B231F80C40C4F3CE
:10D11000090421F80C4031F80C40A4B22C4321F84A
:10D120000C4048F2800433F8221021F4804121F0B1
:10D1300070010904090C81F44051214323F82210A5
:10D1400033F8221021F4E04121F040010904090CD8
:10D150000C4323F8224070BD48F28005284323F891
:10D16000220033F82200B14C80B220401043054326
:10D1700023F82250087B88B133F8220080B2204087
:10D1800040F4014040F0800023F8220000205EE7D8
:10D1900040F4007033E740F4806030E70020CC8832
:10D1A0004E786408640003EBC205F6B3B3F8501080
:10D1B00015FA81F1A1F8004433F8221049060DD583
:10D1C00033F8221021F4E04121F070010904090C28
:10D1D00041F4004141F0C00123F8221033F822103D
:10D1E000BEF1010F21F4E04121F040014FEA01417D
:10D1F0004FEA114112D081F0200141F4004141F089
:10D20000800123F8221070BD33F8221021F48041F0
:10D2100021F070010904090C81F4005141F400412E
:10D2200041F0800123F8221070BD0E69B3F8501050
:10D2300015FA81F1A1F80444B3F8501015FA81F100
:10D24000B1F80644C4F30904A1F80644002E00F026
:10D2500096803E2E00F29D80B1F8064406F001054E
:10D26000A4B205EB560544EA8524A4B2A1F806440D
:10D2700033F822104D040DD533F8221021F4E0418B
:10D2800021F070010904090C41F4404141F0800192
:10D2900023F82210002AB7D11A8822F4804222F003
:10D2A00070021204120C82F4405242F4004242F026
:10D2B00080021A8070BD33F822104C040DD533F86B
:10D2C000221021F4E04121F070010904090C41F41D
:10D2D000404141F0800123F8221033F82210490622
:10D2E0000DD533F8221021F4E04121F0700109043A
:10D2F000090C41F4004141F0C00123F8221033F839
:10D300002210BEF1010F21F4E04121F040014FEA6B
:10D3100001414FEA114118BF81F0200141F4004161
:10D3200041F0800123F8221033F8221021F48041CB
:10D3300021F070010904090C41F4004141F0800121
:10D3400023F8221070BDB1F802446FEA44446FEA3A
:10D350005444A4B2A1F80244B3F85040A4B234F843
:10D360000C10C1F3090124F80C1034F80C106FEA0A
:10D3700041416FEA514189B224F80C10D1E6B1F86D
:10D3800006446FEA44446FEA5444A4B2A1F8064448
:10D390006EE7B1F806447509F60608BF05F1FF35DA
:10D3A000A4B244EA85246FEA44446FEA5444A4B228
:10D3B000A1F806445CE76C09ED0608BF04F1FF34F0
:10D3C000B1F80254A402A4B2ADB2254345F400451D
:10D3D000A1F80254B3F85050ADB235F80C10C1F3B7
:10D3E000090125F80C1035F80C1021436FEA414172
:10D3F0006FEA514189B225F80C1092E648F2800498
:10D40000204323F8220033F8220020F4E04020F0EB
:10D4100070000004000C1043044323F82240087BF2
:10D4200008B1012003E60120B9E600BF8F8FFFFF9E
:10D430002DE9F04F4B780C7B012B83B035D0ECB14C
:10D44000CB78022B00F0FD80012B40F08780002379
:10D450000A788B6130F8223023F4804323F0700384
:10D460001B041B0C83F4405343F4004343F080033C
:10D4700020F82230002003B0BDE8F08F8A690C78D4
:10D48000002A55D1CB78002B40F0F98030F82430B9
:10D4900023F4E04323F070031B041B0C43F401430B
:10D4A00043F0800320F82430D1E70E698A694B6984
:10D4B000B24228BF324600F58067002C00F0A880F9
:10D4C000CD780C6A022D91F800E04BD0A41A30F808
:10D4D0002E500C6294B2013415F0400F92B2B0F8A5
:10D4E00050504FEA540400F0D98000F2064616FA74
:10D4F00085F525F83E204D893D443CB103EB4404BD
:10D50000ED1A1A885A5302339C42FAD10A7830F83D
:10D51000223023F4E04323F040031B041B0C83F070
:10D52000300343F4004343F0800320F82230A1E7A6
:10D5300030F8243023F4E24323F070031B041B0C67
:10D5400043F4004343F0800320F824300B699A42EF
:10D550007FF67DAFD31A8B610A787BE7012003B099
:10D56000BDE8F08FA64200F2024B80F0DF8030F879
:10D570002E50A41A25F4E04525F070052D042D0C3D
:10D5800045F4014545F0800520F82E5030F82EC0B6
:10D5900095B201351CF0400F0C62B0F850C04FEA54
:10D5A00055051FFA82F800F2064900F08E8019FA3C
:10D5B0008CFC2CF83E80B1F80A90B94475B19C46B9
:10D5C000A9EB030903EB450A0196BCF800602CF8AF
:10D5D00009600CF1020CD445F7D1019E1344A64218
:10D5E0004B6180F0C880A21A0A62B0F850201BFA82
:10D5F00082F222F83E800C893C44002D86D003EB59
:10D600004505E41A1A881A5302339D42FAD17DE780
:10D6100095B2CE8801356D083E4492B207D003EB37
:10D620004505F61A1C889C530233AB42FAD1B0F878
:10D6300050300C7800F2024515FA83F323F83420B9
:10D6400064E7CB690A78002B3FF404AF30F822304E
:10D6500003F040045B0435D4002C7FF4FBAE30F8BB
:10D66000223023F4E04323F070031B041B0C43F42B
:10D67000004343F0C00320F822300A78EAE630F88D
:10D68000243023F4E24323F070031B041B0C43F407
:10D69000004343F0800320F82430D8E600F202462D
:10D6A00016FA85F525F83E200D893D44002C3FF4FF
:10D6B0002DAF03EB4404ED1A1A885A5302339C42EF
:10D6C000FAD123E7002CCAD1C4E61BFA8CFC2CF853
:10D6D0003E80B1F808A0BA4475B19C46AAEB030A93
:10D6E00003EB450B0196BCF800602CF80A600CF1C6
:10D6F000020CDC45F7D1019E1344A6424B6141D296
:10D70000A41AB0F850200C6219FA82F222F83E8076
:10D710004C893C44002D3FF4F9AE03EB4505E41A77
:10D720001A881A530233AB42FAD1EFE6A5B22C465F
:10D7300030F82E20013422F4E24222F0700212046A
:10D74000120C42F4004242F0800220F82E20B0F881
:10D75000502064081BFA82F222F83E500D893D44A5
:10D760003FF4D4AE03EB4404ED1A1A885A53023343
:10D770009C42FAD1CAE6A5B2013500221FFA84F80C
:10D780006D0831E7A5B201351FFA84F86D08002451
:10D79000B7E700BF4B780A788BB130F8223023F41A
:10D7A000E04323F040031B041B0C83F0100343F4FD
:10D7B000004343F0800320F822300020704730F807
:10D7C000223023F4804323F070031B041B0C83F4EA
:10D7D000805343F4004343F0800320F822300020BC
:10D7E000704700BF4B780A7833B330F822305B06BD
:10D7F0000DD530F8223023F4E04323F070031B04EE
:10D800001B0C43F4004343F0C00320F82230CB78D4
:10D81000012B0FD030F8223023F4E04323F04003F3
:10D820001B041B0C83F0200343F4004343F08003EC
:10D8300020F822300020704730F822305B040DD5EC
:10D8400030F8223023F4E04323F070031B041B0C58
:10D8500043F4404343F0800320F8223030F8223074
:10D8600023F4804323F070031B041B0C83F4405308
:10D8700043F4004343F0800320F822300020704737
:10D8800011B98023A0F84C3000207047B0F8440054
:10D8900080B27047013302F580625B08104408D003
:10D8A0000A4601EB4301801A1388135202328A425E
:10D8B000FAD1704770B502F580625D0800EB020492
:10D8C00019D06FF001008E1C3246AC46401A20443D
:10D8D000815ABCF1010C89B24FEA112E02F1020209
:10D8E00002F8041C02F803ECF2D1013D023406EB0D
:10D8F000450104EB4504DB0744BF23880B7070BD72
:10D90000D0E90023F0B4D0E90267D0E90445D0E9BA
:10D910000601B1F1FF3F08BFB0F1FF3F18D1B5F1EB
:10D92000FF3F08BFB4F1FF3F0FD1B7F1FF3F08BF82
:10D93000B6F1FF3F0FD1F0BCB3F1FF3F08BFB2F12A
:10D94000FF3F14BF0120002070470320F0BC704748
:10D950000420F0BC70470220F0BC704710B54FF6B1
:10D96000FD7E1F4B0446B3F8E0C000F580330CF198
:10D97000FF3292B272454FEAC32008D84FF4783292
:10D98000184B03EA4C23B2FBF3F203FB020003291A
:10D990004FF0AA324FF0AA3312D0042908D002293E
:10D9A00016D000F041FFC0B90F4B00201C7010BD15
:10D9B000183000F039FF003818BF0120400010BDBA
:10D9C000103000F031FF003818BF0120400010BDBA
:10D9D000083000F029FF0028E6D0022010BD00BF6B
:10D9E0000005FA0B00FE1F00902B0320F8B504463B
:10D9F00000F052FF002840F0BD804FF6FD73634AEF
:10DA0000B2F8E0C00CF1FF3291B2994200F2B0805E
:10DA10004FF478355E4B03EA4C23B5FBF3F503FB7B
:10DA200005F5C5F57835ED0A4FF6FD7391B29942CB
:10DA300012D999E04FF6FD77544E2846012100F0A7
:10DA4000F7FE0135002840F08D80B6F8E0C00CF1FB
:10DA5000FF3293B2BB4237D84FF478334C4901EAD6
:10DA60004C21B3FBF1F301FB03F3C3F57833DB0A7D
:10DA700004339D422AD2002CDCD04FF47836B6FB1A
:10DA8000F1F01127EB0203F1006301FB003303F512
:10DA9000006ED3E90001B1F1FF3F08BFB0F1FF3FD5
:10DAA00003F1080318BF10279E45F2D1102F47D06D
:10DAB0004FF6FD7391B2994205F10105CCD9802D45
:10DAC00004D04FF48021DAE7802DB6D100F0E2FED9
:10DAD0004FF6FD712D4BB3F8E020531E9BB28B42E5
:10DAE0004AD84FF478302A4B022103EA4223B0FB94
:10DAF000F3F003FB00F0C0F57830C00AFFF72EFF0B
:10DB000000283FD14FF6FD71224A204B1080B3F818
:10DB1000E020531E9BB28B4236D84FF478331C4919
:10DB200001EA4222B3FBF2F302FB03F3C3F57833BD
:10DB3000C3F3C7232021184C184A23701160F8BD85
:10DB40000121284600F074FE60B9104B0135B3F88E
:10DB5000E0C04FF6FD730CF1FF3291B299427FF6AF
:10DB60007BAFACE70120F8BD80234FF4802180E734
:10DB70007C2559E70E20F8BD7C200221FFF7EEFE40
:10DB80000028BFD00220F8BD7C23D3E70005FA0BA4
:10DB900000FE1F00922B0320902B03201C0103206A
:10DBA0004FF6FD71224B2DE9F041B3F8E02082B031
:10DBB000531E9BB28B4220D84FF478351D4B03EA9D
:10DBC0004223B5FBF3F503FB05F5C5F57834E40A0C
:10DBD000271D05F1006606EBC420FFF791FE04281F
:10DBE0004FEAC42804F102030BD09F4203D805205A
:10DBF00002B0BDE8F0811C46EDE780277C240025BB
:10DC0000E7E7621C9A4206D30221204600F010FE8C
:10DC100048B10120ECE708F108202844FFF770FE26
:10DC20000428F1D0E3E7019000F034FE0198DFE72B
:10DC30000005FA0B00FE1F002DE9F0474FF6FD74BA
:10DC4000444A454BB2F8E0101E784A1E92B206F5DF
:10DC50008033A24280464FEAC3234FD84FF478392D
:10DC60003E4C04EA4124B9FBF4F904FB09F94B44A6
:10DC70001846FFF745FE4FF47833B3FBF4F304FB8B
:10DC800003F3C3F57833A6EBD32A0AF1010505F0B7
:10DC9000030505EBD325074605F5803009EBC020C9
:10DCA000DC0AFFF72DFEB8F1010F12D0B8F1020F18
:10DCB0000AD0022F1FD0012F1BD10AF1030A0AF04C
:10DCC000030A0AEB040616E098B92E463046BDE872
:10DCD000F087022F17D0012F0BD1214C2368B3F509
:10DCE000006F08D304282BD003213046FFF736FEFF
:10DCF000E0B14FF0FF363046BDE8F0874FF0000945
:10DD00004FF48024B4E7164C2368B3F5006FF2D3C8
:10DD100004281AD003213046FFF720FE0028E8D15E
:10DD200002212846FFF71AFE30B1E2E7012128461A
:10DD3000FFF714FE0028DCD120232E462360C5E720
:10DD4000FFF72EFF0028CFD0D3E7FFF729FF0028E9
:10DD5000E0D0CEE70005FA0B902B032000FE1F0059
:10DD60001C0103202DE9F041074600200E46FFF775
:10DD700063FF431C6DD000F58031CC024FF6FD717E
:10DD8000354B8046B3F8E020531E9BB28B4208D837
:10DD90004FF47831314B03EA4223B1FBF3F203FB3A
:10DDA00002442046FFF7ACFD831EDBB2022B4BD8AA
:10DDB0002B4D04F5FF6C04F1180101E08C451CD0DB
:10DDC000DCE90023B3F1FF3F08BFB2F1FF3FACF144
:10DDD000080C1FFA82FEF1D0BE45EFD1A86840F0D2
:10DDE0000100A8602B602F802C68A4B2B4EB124F06
:10DDF000E4D100203360BDE8F0814FF6FD71164B91
:10DE0000B3F8E020531E9BB28B421FD84FF47831F9
:10DE1000124B03EA4223B1FBF3F103FB01F1C1F51D
:10DE20007833DB0A08F10308A8EB030808F00308BD
:10DE3000984408F5803301EBC3242046FFF760FDCA
:10DE4000831EDBB2022BB4D90720D4E700217C2348
:10DE5000E8E70320BDE8F0810005FA0B00FE1F0093
:10DE6000003002404FF6FD72431E9BB2934201D92F
:10DE700008207047002310B582B00C4601A9019319
:10DE8000FFF770FF019B236002B010BD70B506461E
:10DE900001200D46FFF7D0FE431C3AD04FF6FD712E
:10DEA0001D4B00F5803CB3F8E0204FEACC2C531E0C
:10DEB0009BB28B4227D84FF47830184B03EA4223A9
:10DEC000B0FBF3F003FB00F0CDB1154CA36843F0B9
:10DED0000103A3602560268022681204114C2B46A2
:10DEE000216832438C44604400F09EFC78B90E49AE
:10DEF00022680B880832013322600B8070BD002E2F
:10DF0000E3D13246EAE70020002DDED1F7E7022018
:10DF100070BD032070BD00BF0005FA0B00FE1F009E
:10DF2000003002401C010320922B03202DE9F04F0A
:10DF3000002785B0CDE90001C2F10200C0B214464D
:10DF40000397FFF779FE431C00F068812023BB4A4A
:10DF5000BB4D1070BB4A06462F801360002C00F0AA
:10DF600042814FF6FD71B84BB3F8E020531E9BB2CF
:10DF70008B4200F23F814FF47833B44901EA4222E8
:10DF8000B3FBF2F302FB03F31A46C3F57833DB0A63
:10DF90000336F61A06F003061E4406F5803002EB3F
:10DFA000C020FFF7ADFC022800F08680042800F0B6
:10DFB0008980012C40F0DB80032840F0D8809F4B03
:10DFC0002C881E789F4B4FF0000B1A6804F1FC035D
:10DFD000C2EBC62C0CF1006C4FF6FD7A9B4F0CF196
:10DFE000200C1FFA83FE09E01FFA89F474454FF0F4
:10DFF000010B2C8002F1080200F01981924BB3F85A
:10E00000E03003F1FF381FFA88F1514598BF4FF413
:10E01000783107EA432996BFB1FBF9F0002009FBEC
:10E0200000F00CEB02010144D1E90001B1F1FF3F26
:10E0300008BFB0F1FF3F04F10109D5D14146BBF162
:10E04000000F01D07F4802604FF6FD77DFF8FC81BA
:10E0500089B204F57C7AB942DFF8EC911FFA8AFAAA
:10E0600008EA432325D84FF47830B0FBF3F003FBE4
:10E0700000F0C0F57832D20AC2F10303334403F052
:10E0800003039E1806F5803300EBC320FFF738FC2E
:10E09000032804F1FC0340F0C8809CB254452C8056
:10E0A00078D0B9F8E030591E89B2B94208EA432362
:10E0B000D9D97C220020DFE704213046FFF74EFC4F
:10E0C00000285ED14FF6FD715F4BB3F8E020531E80
:10E0D0009BB28B4200F2A6804FF478335B4901EA91
:10E0E0004222B3FBF2F302FB03F31A46C3F5783383
:10E0F000DB0A06F10309A9EB030909F003099944B6
:10E1000009F5803002EBC020FFF7FAFBC31EDBB23B
:10E11000012B3AD84C4F4D4E1AE04FF47833B3FBF5
:10E12000F1F301FB03F31846C3F57833DB0A09F179
:10E130000309A9EB030909F00309994409F58033A0
:10E1400000EBC320FFF7DCFBC31EDBB2012B1CD8A6
:10E15000032810D04FF6FD72B7F8E03006EA4321ED
:10E16000013B9BB29342D8D900207C23DFE70A20F1
:10E1700005B0BDE8F08F04214846FFF7EFFB00280B
:10E18000E8D0022005B0BDE8F08F012CB5F800A062
:10E190003FF415AFBAF5FC7FF3D2DDE90001FFF7DC
:10E1A00075FE0028EDD12C88022C26D80124009F72
:10E1B0000CE02B88B3F5FC7F2CD230460399FFF797
:10E1C00065FE0028D4D10134FB2C19D0BC42A6B284
:10E1D000F9D0304603A9FFF7C5FD0028E9D007288C
:10E1E000F1D00320C4E70121FFF7B8FB00283FF47A
:10E1F000B8AEC6E700227C23CAE6023CFA2CD6D988
:10E200000E4B02211878FFF7A9FB0028B9D14FF473
:10E210008070ADE7122005B0BDE8F08F042005B096
:10E22000BDE8F08F00227C2363E7A246B2E7054BEE
:10E230001A60054BB3F8E030591E05E7902B032018
:10E24000922B03201C0103200005FA0B00FE1F0087
:10E250002DE9F04F89B0064600F01EFB002840F083
:10E26000D281074648F2050001244FF6FD71C04BEC
:10E270009A6C42F480529A649B6CBE4A03F48053B9
:10E280000793079B50619368BB4823F0180343F042
:10E2900008039360B94B0470B3F8E020531E9BB29F
:10E2A0008B4200F242814FF4783AB54B03EA4223A5
:10E2B000BAFBF3FA03FB0AF3C3F57834E40A0393D9
:10E2C00004F58033049304F10408A446039AAD498D
:10E2D00002F5006202EBC3224FEAC32EA2F50063EF
:10E2E0000B60F3E802AB9A42FAD10CF1010CC44581
:10E2F00002F50062F2D3039B4FF0000C0EEB030B10
:10E300005B46E1466546A3469A46CDE901CC80F8D6
:10E3100000C05046FFF7F4FA421ED2B2012A40F282
:10E320000B81032807D1019BCDF808B0002B08BF53
:10E33000D946013301930BF1010BC3450AF5006A7D
:10E34000E7D3002D00F064814FF6FD718B4BB3F8DD
:10E35000E020531E9BB28B4200F2E481884B03EA1B
:10E3600042234FF47832B2FBF3F203FB02FBCBF50E
:10E3700078334FEAD32909F58035294609F1040A93
:10E380004FF0030803964C464646884609F10203BF
:10E390000BEBC52501932846FFF7B2FA012800F0E0
:10E3A000FB800134544505F5006506F10106F2D302
:10E3B0000023039E01934FF6FD71704BB3F8E020EC
:10E3C000531E9BB28B4200F2A5814FF4783C6C4BFC
:10E3D00003EA4223BCFBF3FC03FB0CFCCCF57835D1
:10E3E000ED0A05F58034224605F104084FF00009D6
:10E3F0000CEBC424CA46A346039704964F46164620
:10E40000A94664465846FFF77BFA022800F096803A
:10E41000032808BFCDF80890791C01EB0509C14518
:10E420000F460BF5006BEDD3DDE903765346002B69
:10E4300000F08681544D002220202B78DFF8548193
:10E440004FEAC32C0293514B4FF6FD7B9646DFF803
:10E450002CA1DFF82C910CF1006CA8F800201860BA
:10E4600008E00830B0F5006F4FF0010EA8F800206A
:10E4700000F08381BAF8E0300132591E8DB25D455B
:10E4800098BF4FF4783509EA432496BFB5FBF4F5FD
:10E49000002565430CEB00042C44D4E90045B5F19C
:10E4A000FF3F08BFB4F1FF3F92B2DAD1BEF1000FD7
:10E4B00001D0364A10604FF6FD750A46DDF808A017
:10E4C0002F4CDFF8B89028E04FF47831B1FBF3F12E
:10E4D00003FB01F1C1F57832D20A0AF103039B1A5A
:10E4E000924503F0030302F1020000F0B3805045AF
:10E4F00000F0B08003EB020A0AF5803001EBC02087
:10E50000FFF7FEF9032840F01681B8F80030FC331D
:10E51000A8F80030B9F8E0305A1E92B2AA4204EAD4
:10E520004323D1D97C220021D7E7194B4FF0800833
:10E530007C2404930397C8E60135FCE6A94549D03D
:10E54000022F47D0F81C00F00300304404EBC02039
:10E55000FFF7D6F903287FF45FAFBAF1000F40F060
:10E56000EA80094A4FF0010A791C82F8009054E7CA
:10E570000010024000300240882B03200005FA0BF7
:10E5800000FE1F008C2B0320902B03201C01032076
:10E590007C000100922B03204C4528D0019BA34214
:10E5A00025D006F0030040440BEBC020FFF7A8F98C
:10E5B00003287FF4F6AE0021744D01220846039E25
:10E5C0002C70FFF7B3FCB0F5807F40F0DD800123B5
:10E5D0000193F0E6791C01F00300304404EBC02005
:10E5E0000591FFF78DF90028B7D0059915E7B01E02
:10E5F00000F0030040440BEBC020FFF781F9002836
:10E600007FF4CFAED7E70E27384609B0BDE8F08FCC
:10E61000019B002B00F0AB80C4F10300049B484435
:10E6200000F003001844039B03EBC020FFF768F9D8
:10E6300004287FF489AE029BC4F10100184400F065
:10E64000030001212044FFF789F900283FF47CAE44
:10E650000227D9E7029D0135AD1A05F003051544DF
:10E6600005F58033AA4501EBC32127D0484C002E85
:10E6700037D10121284600F0DBF8002872D14FF68F
:10E68000FD71B4F8E020531E9BB28B423FD84FF48B
:10E690007831404B03EA4223B1FBF3F103FB01F174
:10E6A000C1F57833DB0A0135ED1A05F003051D4489
:10E6B00005F58033AA4501EBC321D8D100F0EAF873
:10E6C000019B002BA0D1B8F80030B3F5FC7F9BD2A2
:10E6D00001990846FFF7DAFB071E18BF01277F00E4
:10E6E00092E74FF0110C01F50060D1E90023B3F17E
:10E6F000FF3F08BFB2F1FF3F01F1080118BF4FF023
:10E70000100C8142F1D1BCF1100FB8D1B1E700215A
:10E710007C23C8E7204A4FF080087C254FF0000C8E
:10E72000144663E61C494FF0800A4FF07C094FF015
:10E73000000B0D4624E60A27384609B0BDE8F08FE5
:10E74000EDB2029AC5F10103134403F003031D4423
:10E75000E8B20E4D02212870FFF700F900283FF4BF
:10E760006AAE75E70127384609B0BDE8F08F019819
:10E7700009B0BDE8F04FFFF739B9084B1860044BFA
:10E78000B3F8E030591E96E60C273DE7902B0320A6
:10E790000005FA0B00FE1F007C0001001C01032095
:10E7A0004FF6FD72431E9BB2934201D90820704779
:10E7B000044B1B88B3F5FC7F01D2FFF767BB002237
:10E7C000FFF7B4BB922B0320134B144A196CB2F819
:10E7D000E02011F4801F02F1FF334FF6FD719BB270
:10E7E0000CD18B4297BF0E4B0E4B03EA422303F131
:10E7F000006383428CBF0120022070478B4297BF89
:10E80000074B084B03EA422303F1006383428CBFAA
:10E8100002200120704700BF002002400005FA0BD3
:10E8200000FE1F000000040801460120F9F766BC45
:10E830004FF6FD7C70B50026144B0446B3F8E0207B
:10E8400086B0531E9BB200F5803063450D4601969D
:10E850004FEAC02008D80E4B03EA42234FF4783227
:10E86000B2FBF3F203FB0200FFF7AEFF0222034606
:10E8700001A902A8CDE9033405950292F9F752FEE9
:10E88000003818BF012006B070BD00BF0005FA0BAC
:10E8900000FE1F00704700BFFF2300B58BB001A82A
:10E8A0000293F9F7A9FD079B13F4800F0CBF0E200C
:10E8B00000200BB000BD00BFD0F8B8320BB11B6810
:10E8C00018470320704700BF08B5D0F8B8320BB125
:10E8D0005B689847002008BD38B5044600F2AA25B9
:10E8E000284600F091FB012294F8AA12B4F8B03245
:10E8F000C029C4F89422C4F898320DD001F01F0347
:10E90000012B1BD0022B13D063B12046BDE8384049
:10E9100001F0800103F048B92046BDE8384080216D
:10E9200003F042B929462046BDE8384000F0F6B869
:10E9300029462046BDE8384000F0C8BA294620469E
:10E94000BDE8384000F08CBA70B5044631B91346C2
:10E95000D0F89422032A0DD0002070BD90F89C328C
:10E96000032BF9D1D0F8B8329B69002BF4D0BDE865
:10E9700070401847D0E95752954208D890F89C3219
:10E98000032B0ED0204600F06DFB002070BDAD1AA9
:10E99000AA4228BF2A461946C0F85C5100F058FB2D
:10E9A000DAE7D0F8B8321B69002BEBD09847E9E7DB
:10E9B00070B5044649B9D0F89432022B11D094F8BE
:10E9C000A032012B22D0002070BD90F89C32032B86
:10E9D000F9D1D0F8B8325B69002BF4D0BDE87040B3
:10E9E0001847D0E90736B3420D4614D820D094F822
:10E9F0009C32032B2FD08021204603F0D5F82046EF
:10EA000000F03CFB94F8A032012BDCD1002384F809
:10EA1000A032002070BD9B1B1146C3611A4600F056
:10EA20000DFB2B462A462946204603F001F9C6E78E
:10EA300082699342DBD8D0F898329A42D7D20A46FC
:10EA400000F0FCFA2B462A4629462046C4F8985284
:10EA500003F0EEF8B3E7D4F8B832DB68002BCAD085
:10EA600020469847C7E700BF00210122D0F8B832FE
:10EA700080F89C224160C0F89412C0F8A412EBB157
:10EA8000D0F8BC2270B5044612B15B6803B1984758
:10EA900000224025012611464023204603F076F847
:10EAA000002280212B462046A4F86461C4F86051FE
:10EAB00003F06CF80020A684256270BD0320704727
:10EAC00003460020197470470346042193F89C22E2
:10EAD0000020D2B283F89D2283F89C12704700BFB9
:10EAE00090F89C32042B04D190F89D32DBB280F870
:10EAF0009C320020704700BFD0F8B82262B108B540
:10EB000090F89C32032B01D0002008BDD369002B64
:10EB1000FAD09847002008BD0320704730B50B7825
:10EB20000D4603F06003202B044683B028D0402B11
:10EB300026D05BB18021204603F036F80021204624
:10EB400003F032F80025284603B030BD4B78092B7E
:10EB5000F0D801A252F823F0CBEB0008F3EB000849
:10EB600035EB000811EC000835EB000819EC000843
:10EB700053EC000835EB000889EC000893EB000823
:10EB800029462046D4F8B8329B6803B0BDE830402F
:10EB900018478978B14D0129297000F23B8190F81E
:10EBA0009C32022BDAB200F01D81032A00F0FA80B9
:10EBB000802102F0F9FF0021204602F0F5FF2046F7
:10EBC0002978FFF781FE0325BDE790F89C32013BD1
:10EBD000022BAFD8CA88022AACD1D0F8A4320146A1
:10EBE000003B18BF01235B0041F80C3F00F018FA0E
:10EBF000A8E790F89C32013B022B9BD84B88012B55
:10EC0000A0D100232046C4F8A43200F02BFA99E7E3
:10EC10004B88012B96D1F5E78B88002B8AD1CB88C6
:10EC2000002B87D14B887F2B84D890F89C22032A15
:10EC300080D0DDB2294680F89E5202F0E1FF2046E6
:10EC400000F010FA002D00F0FB80022384F89C32C3
:10EC500078E700216A88ADF80610130A013B062BFD
:10EC60003FF668AF01A151F823F000BF1DED000889
:10EC700003ED00082DED000835EB000835EB00082A
:10EC8000EDEC0008B1EC0008CA88012A7FF452AF0D
:10EC900090F89C32022BD9B200F2B58000293FF4E3
:10ECA00049AF0146002341F8083F00F0B9F949E7B0
:10ECB000037C002B7FF43EAFD0F8B8320DF1060094
:10ECC0001B6B984707234370EB88002B66D0BDF879
:10ECD0000620002A3FF42EAF9A4228BF1A4601466A
:10ECE0002046ADF8062000F09BF92BE7037C002BB3
:10ECF0007FF420AFD0F8B8320DF106005B6B984777
:10ED0000E2E7027CD0F8B832002A40F08B809B6AA0
:10ED10000DF10600984702234370D5E7D0F8B432CE
:10ED20000DF106011B68007C9847CDE7D1B205299B
:10ED300000F28A80DFE801F026201A140E03D0F8D2
:10ED4000B4329B69002B3FF4F5AE207C0DF1060137
:10ED50009847B9E7D0F8B4325B69002BF5D1E9E602
:10ED6000D0F8B4321B69002BEFD1E3E6D0F8B4320F
:10ED7000DB68002BE9D1DDE6D0F8B4329B68002BCC
:10ED8000E3D1D7E6D0F8B4325B68002BDDD1D1E611
:10ED90000223416080F89C32FFF796FD204600F088
:10EDA00061F9CFE60029F3D041680129F6D0C9B254
:10EDB000FFF78AFD297820466160FFF77DFD054653
:10EDC0000028EBD08021204602F0EEFE00212046F4
:10EDD00002F0EAFE20462179FFF776FD022384F84F
:10EDE0009C32B0E60029D9D001214160FFF764FDD3
:10EDF0000546F0B18021204602F0D6FE00212046D3
:10EE000002F0D2FE9FE603297FF494AE011D00F0CC
:10EE100007F997E6802102F0C7FE0021204602F0A4
:10EE2000C3FED0E6DB6A0DF106009847022343706B
:10EE30004AE7204600F016F9032384F89C3281E665
:10EE4000012384F89C327DE6D0F8B8329B6B002B0E
:10EE50003FF470AE0DF10602984735E7942B03207E
:10EE600038B50B780D465A0604460DD503F06002FE
:10EE7000402A09D0802102F097FE0021204602F0AE
:10EE800093FE0025284638BD94F89C32013B022BA6
:10EE900012D82B79032B0FD8D4F8B83229469B68A7
:10EEA00020469847EB880546002BEBD10028E9D196
:10EEB000204600F0D7F8E5E78021204602F074FEF6
:10EEC0000021204602F070FEDBE700BF70B50B7832
:10EED0000D4603F06003202B04464CD0402B4AD053
:10EEE0004BB18021204602F05FFE0021204602F057
:10EEF0005BFE002070BD6B788A88012BD1B22BD0CD
:10EF0000032B40D0002BECD190F89C32022BD8B2CE
:10EF100053D00328E5D101F00F0303EB830312065E
:10EF200004EB830358D4B3F86431002BD9D001EB40
:10EF3000810504EB850505F5AA75002958D0204602
:10EF400002F04AFE002859D001232B6002222946F4
:10EF5000204600F065F8CCE790F89C32022BDAB23C
:10EF600022D0032ABDD16B88002BC2D14E0642D1DC
:10EF7000204600F077F8D4F8B83229462046BDE89C
:10EF800070409B68184790F89C32022BDAB20BD085
:10EF9000032AA6D16B881BB94A0601D0EB887BB344
:10EFA000204600F05FF8A4E74B069AD002F0FCFD83
:10EFB0008021204602F0F8FD9BE7480691D100230E
:10EFC00011064CBF04F1140104F5AA710222204677
:10EFD0000B6000F025F88CE79B8C002B81D001F0B2
:10EFE0007F05013505EB8505802904EB8505A6D154
:10EFF00000232B60AAE702F0E3FDB9E72860A5E74C
:10F0000002F0D2FDCCE700BF0B7803704B78437061
:10F010004B8843808B888380CB88C380704700BF38
:10F0200010B5134602240A46C0E906330021C0F891
:10F03000944202F0F1FD002010BD00BF8C4608B5DF
:10F0400000211346624602F0E7FD002008BD00BF24
:10F050008C4608B500211346624602F0E9FD002007
:10F0600008BD00BF002310B504241A461946C0F895
:10F07000944202F0D1FD002010BD00BF002310B566
:10F0800005241A461946C0F8944202F0D1FD00202A
:10F0900010BD00BF08B54FF0E0231B6901F048FD2B
:10F0A000012800D108BDBDE8084002F095BA00BFB4
:10F0B00008B5EFF3058313B16FF0050008BD01F04B
:10F0C00037FD012807D0EFF31083002BF4D1EFF3C5
:10F0D0001183002BF0D101F02BFD0128034604D150
:10F0E000034A106808B9136008BD4FF0FF3008BD2F
:10F0F000F0380320EFF3058313B16FF0050070477C
:10F1000010B501F015FD012809D0EFF3108313B1FC
:10F110006FF0050010BDEFF31183002BF8D101F063
:10F1200007FD01280CD1084B1A68012A08D10024D8
:10F1300002220649CC771A6001F0FAFA204610BD87
:10F140004FF0FF3010BD00BFF038032000ED00E0AD
:10F15000F0B5002587B014460595EFF3058212B18E
:10F16000002007B0F0BD07460E4601F0E1FC012883
:10F1700009D0EFF3108313B1059807B0F0BDEFF39A
:10F180001183002BF8D1002FF6D00CB3A569DDB99F
:10F1900018256368DB07E3D463693BB39A08A0686A
:10F1A000D4F800C0E16820B3AB29E5D92169002972
:10F1B000E2D0002BE0D0CDE901103346614638465D
:10F1C000009501F07FF9CCE76B1E372BE1D9C7E73B
:10F1D0004FF480721825214605AC33463846009519
:10F1E000019401F0A3F90128BAD1C5E74FF4807268
:10F1F000D5E70029C0D12369002BBDD1644692B266
:10F20000E9E700BFEFF3058313B16FF00500704726
:10F2100010B5044601F08CFC012809D0EFF31083EF
:10F2200013B16FF0050010BDEFF31183002BF8D17F
:10F230000CB9002010BD204601F05CFAF9E700BFD0
:10F240004FF4807330B4034D034C05600C601360C1
:10F2500030BC704744380320443403204FF400731B
:10F2600030B4034D034C05600C60136030BC704734
:10F2700098330320982B03204FF0FF31002200F138
:10F280000803C0E90131C0E903330260704700BFE1
:10F2900000230361704700BF4268036810B494689C
:10F2A0000133C1E90124616091605DF8044B08619C
:10F2B0000360704730B40D686B1C10D000F1080378
:10F2C0001C465B681A68AA42FAD902684B60013290
:10F2D00099608C606160086130BC026070470469AD
:10F2E0006368F2E7036910B4D0E901125C688A60D0
:10F2F00051600021844208BF5A601A680161013AD6
:10F300001A6018685DF8044B704700BF70B5164668
:10F31000026C0446856B2AB9066801354EB3104667
:10F32000A56370BD8EB9406802F026FD6368216C4C
:10F33000A2680B449342636028BF236805F101056E
:10F3400028BF63600020A56370BDC06802F014FD93
:10F35000226CE36851429B1A2268E360934202D216
:10F36000A3680B44E360022E08D001350020A5639A
:10F3700070BD806801F034FCA660D1E7012D38BF74
:10F380000125DFE770B5054602F004F995F8453030
:10F390005CB2002C14DD05F1240603E0631EDAB232
:10F3A0005CB26AB16B6A5BB1304601F0EFFA0028DB
:10F3B000F4D001F0B1FB631EDAB25CB2002AF1D1E5
:10F3C000FF2385F8453002F0F3F802F0E3F895F8F2
:10F3D00044305CB2002C14DD05F1100603E0631E1E
:10F3E000DAB25CB26AB12B695BB1304601F0CEFA99
:10F3F0000028F4D001F090FB631EDAB25CB2002A60
:10F40000F1D1FF2385F84430BDE8704002F0D0B858
:10F4100070B568B3C56B0446F5B1026CA2FB052557
:10F42000D5B90E4602F0B6F8D4E90F30FF2100FB43
:10F4300003F32268181A626013440244A563C4E906
:10F44000023284F8441084F8451046B9236993B910
:10F4500002F0AEF8012070BD02F0ECF9FEE704F115
:10F460001000FFF709FF04F12400FFF705FFEFE7A5
:10F4700002F0E0F9FEE704F1100001F087FA00283D
:10F48000E6D002F07BF8E3E770B582B09DF8186033
:10F4900033B3054650B11C465AB139B150230193DC
:10F4A000019B502B0DD002F0C5F9FEE702F0C2F926
:10F4B000FEE70029FAD150230193019B502BF2D192
:10F4C0002246C4E90F5101212046226084F84610EB
:10F4D000019BFFF79DFF204684F84C6002B070BD91
:10F4E00002F0A8F9FEE700BFF0B585B00192002850
:10F4F00000F0878004460E461D46002961D0022D8B
:10F5000002D1E36B012B6FD101F012FB00284ED02A
:10F5100002F040F8A26BE36B9A4258D3022D56D00A
:10F52000002007460DE002F043F82046FFF72AFFCF
:10F5300001F056F902F02EF8A26BE36B01209A421B
:10F5400045D3019B002B5FD0002836D002F030F865
:10F5500001F03EF902F01EF894F84430FF2B08BF8A
:10F5600084F8447094F84500FF2808BF84F845707B
:10F5700002F01EF801A902A801F096FA002848D16D
:10F5800002F008F8A26BE36B9A42CCD102F010F8BB
:10F59000019904F1100001F0B9F92046FFF7F2FEDD
:10F5A00001F01EF90028C5D101F0E8FFC2E7019B78
:10F5B000002BADD002F03EF9FEE702A801F068FA98
:10F5C000C4E7036C002B9AD002F034F9FEE72A4618
:10F5D00031462046FFF79AFE636A5BB938B901F0FD
:10F5E000E7FF012005B0F0BD02F024F9FEE701F0CD
:10F5F000C5FFF4E704F1240001F0C8F90028EED0BB
:10F60000F5E702F017F9FEE701F0D2FF002005B0A0
:10F61000F0BD2046FFF7B6FE01F0E2F8F6E700BFC6
:10F6200070B582B011B350230193019B502B1AD1B6
:10F630000C46002601210546C4E90F1684F8461041
:10F6400020462460019BFFF7E3FE334632463146F5
:10F65000204684F84C50A6602660E660FFF744FF21
:10F66000204602B070BD02F0E5F8FEE702F0E2F8D5
:10F67000FEE700BFF0B585B0019200286BD00446CC
:10F680000E4600295BD001F053FA00285DD001F04E
:10F6900081FFA56B002D61D1019B002B42D002A8F8
:10F6A00001F0F6F92F4601F083FF01F091F801F027
:10F6B00071FF94F84430FF2B08BF84F8447094F82D
:10F6C0004530FF2B08BF84F8457001F071FF01A998
:10F6D00002A801F0E9F998B901F05CFFA36B33BB14
:10F6E00001F066FF019904F1240001F00FF92046B2
:10F6F000FFF748FE01F074F868B901F03FFF0AE037
:10F700002046FFF73FFE01F06BF801F043FFA36BCB
:10F7100043B101F04DFF01F03DFFA56BF5B9019B31
:10F72000002BC0D101F044FF002005B0F0BD01F076
:10F730003FFF2046FFF726FE01F052F8EBE7036C8F
:10F74000002BA0D002F076F8FEE7019B002B9ED0A4
:10F7500002F070F8FEE702F06DF8FEE7226C5AB195
:10F76000E168A36811449942E16028BF21683046EE
:10F7700028BFE16002F000FB013DA56323691BB9CE
:10F7800001F016FF0120D0E704F1100001F0FEF8AF
:10F790000028F5D001F0F2FEF2E700BFF0B585B029
:10F7A0000191002878D0036C0446002B3FD101F072
:10F7B000BFF910B9019B002B6BD101F0EBFEA56BDB
:10F7C000002D7AD1019B002B60D002A801F060F9D6
:10F7D0002E462F4601F0ECFE00F0FAFF01F0DAFEB3
:10F7E00094F84430FF2B08BF84F8447094F84530F7
:10F7F000FF2B08BF84F8457001F0DAFE01A902A8CA
:10F8000001F052F9B0B901F0C5FEA36B23B301F0CA
:10F81000CFFE2046FFF7B6FD00F0E2FF01F0BAFE92
:10F82000A56B002D49D1019B002BD3D12EE002F016
:10F8300001F8FEE72046FFF7A5FD00F0D1FF01F03B
:10F84000A9FEA36B2BB901F0B3FEC6B9002005B029
:10F85000F0BD01F0ADFEE1E701F0AAFE23681BB3A5
:10F86000019904F1240001F051F82046FFF78AFDC8
:10F8700000F0B6FF0028D1D101F080FECEE701F004
:10F8800089FE616A59B9A06801F0F2F901F090FEB1
:10F89000DCE701F0CFFFFEE701F0CCFFFEE7236BD2
:10F8A0001968C1F13801EEE701F074FEA06801F0BB
:10F8B0004FF9064601F07CFED2E72368013DA563BF
:10F8C00073B123691BB901F073FE0120BFE704F196
:10F8D000100001F05BF80028F5D001F04FFEF2E7D0
:10F8E00001F014FAA060ECE738B500B3A1B1124CF6
:10F8F0006268234682421DD0A44600221D68013260
:10F9000008337DB1082A07D05D689C46A842F5D12E
:10F9100004EBC20CCCE9001038BD5D68A842F7D0FA
:10F9200001320833082AF8D1CCE90010F4E701F0DD
:10F9300081FFFEE70022EBE7F838032070B50446AC
:10F940000E46154601F026FE94F84430FF2B04BF06
:10F95000002384F8443094F84530FF2B04BF002383
:10F9600084F8453001F024FEA36B23B12046BDE8A6
:10F970007040FFF707BD04F124002A46314600F02D
:10F98000D9FF2046BDE87040FFF7FCBC2DE9F843E5
:10F990001C4683681646A3EB04089045474628BFDB
:10F9A0001746E219934202D201F044FFFEE70546F2
:10F9B00080693A462044894602F0DEF9B0450BD210
:10F9C000AB68F21B9A4202D901F034FFFEE7A86946
:10F9D00009EB070102F0D0F9AB68A019984228BFE3
:10F9E000C01ABDE8F88300BF2DE9F0411C460B4664
:10F9F00081681546A1EB04089045474628BF174685
:10FA0000E219914202D201F015FFFEE78169064634
:10FA10003A461846214402F0AFF9A84506D3B36828
:10FA20006019984228BFC01ABDE8F081B169384416
:10FA3000EA1B02F0A1F9F2E7F0B51646027F1C4678
:10FA4000D20705460F46036883B006D4B44228BFE8
:10FA500034467CB9204603B0F0BD04220DEB020110
:10FA6000FFF7C2FF019A034696420CD200242046BB
:10FA700003B0F0BD224639462846FFF7B5FF28609F
:10FA8000204603B0F0BD1646043CDFE7F0B516464D
:10FA9000027F1C46D20705460F46436883B007D550
:10FAA000089A0196944211D20024204603B0F0BD7A
:10FAB000B44228BF3446002CF7D0224639462846A7
:10FAC000FFF764FF6860204603B0F0BD04220DEB31
:10FAD0000201FFF75BFF34460346002CE5D0ECE75C
:10FAE0002DE9F04182B0CBB11D46089BE3B18142C4
:10FAF00004460E460FD8002A0CBF4FF002084FF004
:10FB0000030804280DD924230193019F9F420ED09E
:10FB100001F090FEFEE701F08DFEFEE701F08AFEA7
:10FB2000FEE701F087FEFEE701F084FEFEE70246F5
:10FB30005521284602F094F8854202D001F07AFE61
:10FB4000FEE73A460021089802F08AF8089B012E49
:10FB500038BF012618469D619C6083F81C80DE60DA
:10FB600002B0BDE8F08100BF2DE9F04798B104462E
:10FB7000066A01F00FFD206928B1002501F018FD8B
:10FB80002846BDE8F087656945B1054601F010FDDE
:10FB90002846BDE8F08701F04DFEFEE7A769D4F8DE
:10FBA0000880E3685521424638469A4694F81C90EE
:10FBB00002F056F8874202D001F03CFEFEE72946EB
:10FBC0002422204602F04CF80125A761C4F80880E1
:10FBD000C4F80CA084F81C902662CFE738B568B151
:10FBE000856802680168446803689A42F9D1681818
:10FBF0000138001B854298BF401B38BD01F01AFE3A
:10FC0000FEE700BF08B540B1826843680168D018BC
:10FC1000401A824298BF801A08BD01F00BFEFEE731
:10FC20002DE9F04387B00393002900F08480044657
:10FC3000002800F08380037F8568DB0717460E46A7
:10FC400005F1FF325ED4BA4228BF3A469046039B84
:10FC5000002B33D004A800F005FF01F09BFCA16845
:10FC600020682568626823689842F9D10D44013DF7
:10FC7000AD1AA94298BF6D1AA84565D9002108465A
:10FC800001F06CFAD4F81490B9F1000F5FD100F0D4
:10FC900049FF606101F08CFC039A494600924B4693
:10FCA0004A46484601F074F803A904A8C4F8149021
:10FCB00000F0FAFE0028D0D05DB9A568226821685E
:10FCC000606823689A42F9D14B1E1B1A5D1938BF30
:10FCD0001D462B463A4631462046CDF80080FFF7B8
:10FCE000D5FE054650B1A2686368216813445B1ACB
:10FCF0009A4298BF9B1AE2689A420CD9284607B0EC
:10FD0000BDE8F08307F1040847451AD242459ED268
:10FD100000230393D2E700F05BFD236943B1002683
:10FD20002069334632463146009601F07DF826615F
:10FD300000F056FDE2E701F07DFDFEE701F07AFDFF
:10FD4000FEE701F077FDFEE701F032FCB4E701F0D9
:10FD500071FDFEE7F0B583B0002942D004460028CB
:10FD600042D01F4690F81CC0D0F808E00CF0010CFF
:10FD700002EB8C0C25682668636820688542F9D1FF
:10FD80007644013EF31A9E45204698BFA3EB0E032E
:10FD9000CDF800C0FFF77AFE054650B1A26863684F
:10FDA000216813445B1A9A4298BF9B1AE2689A42F0
:10FDB00002D9284603B0F0BD01F03CFD2369064698
:10FDC0004BB12069019700273B463A4639460097D8
:10FDD00001F0AAF82761304601F038FD284603B04B
:10FDE000F0BD01F027FDFEE701F024FDFEE700BFB6
:10FDF0002DE9F04383B0002949D00446002849D0BA
:10FE0000077F0E4607F0010790469946BF0073B979
:10FE1000A368656822681D44AD1AAB4298BFED1A0D
:10FE2000BD4212D80025284603B0BDE8F08301F09A
:10FE3000B1FBA368656822681D44AD1AAB4298BF48
:10FE4000ED1ABD421AD901F0B3FB2B4642463146AA
:10FE50002046FFF7F1FD05460028E3D000F0B8FC8E
:10FE6000636943B1002660693346324631460096E5
:10FE700000F0DAFF666100F0B3FCD4E70021084629
:10FE800001F06CF9256945B101F0D4FCFEE701F001
:10FE9000D1FCFEE701F0CEFCFEE700F043FE20615E
:10FEA00001F086FB2B462A4629462846CDF80090CD
:10FEB00000F06EFF2561ABE72DE9F041054601F04A
:10FEC00069FB374A374F1368013313603B68002BD7
:10FED00035D0354CEB6A226852B3344E344935483C
:10FEE0000A6805F1040C01326A640A6002689A42E9
:10FEF00038BF036003EB830306EB830041689B007C
:10FF0000A960F258D1F808E00132C5F80CE0CEF84B
:10FF100004C0C1F808C06861F25001F049FB2368D1
:10FF200023B13A68EB6AD26A9A4210D3BDE8F081F5
:10FF30003A681E4ED26A9A4298BF3D60CEE73D6055
:10FF40001368012B07D0EB6A184E174CC6E7BDE8C3
:10FF5000F04101F013BB154E344606F58C6820467F
:10FF60001434FFF789F94445F9D1DFF86480124C65
:10FF70004046FFF781F92046FFF77EF90F48FFF76B
:10FF80007BF90F48FFF778F90E48FFF775F90E4B2C
:10FF9000C3F800800D4B1C60EB6A034C9EE700BF6A
:10FFA000683903203C3E03205C390320DC39032000
:10FFB0004C39032060390320B439032098390320D9
:10FFC000843903206C390320B0390320AC39032075
:10FFD000C8390320F8B50446214B224E1D6830680D
:10FFE0000F460430FFF77EF9631C17D033682D19D4
:10FFF0005D600BD21C4B186831680431FFF75AF969
:020000040801F1
:100000001A4B1A68AA4200D91D60F8BD184B18682F
:100010003168BDE8F8400431FFF74CB96FB9336877
:100020006A1E5A60002DF1D10F4B186831680431F7
:10003000FFF740F90D4B1B68F8BD0E4B31685A684D
:1000400037688A603068316835681C68043001346C
:100050001C6094680431FC60606091606B61F8BD65
:10006000643903203C3E0320B03903204839032083
:10007000AC3903206C3903202DE9F0478A460A9CED
:1000800095000746A5212A46206B9846089E01F058
:10009000E7FDD4F83090BAF1000F0FD00AF1FF3C21
:1000A0000AF10F0104F1330E1CF8012F0EF8012F95
:1000B0000AB18C45F8D1002384F84330372E02D999
:1000C00001F0B8FBFEE7E662E664201DFFF7E0F80A
:1000D000C6F1380604F11800FFF7DAF84C220021C7
:1000E000A6612461646204F1580001F0B9FD0B4976
:1000F000043D01F16803E16509EB0500D031236699
:10010000616643463A46216B20F0070001F092FAFF
:10011000099B206003B11C60BDE8F0879457032061
:1001200080B51E4DDFF884801D4E1E4F1E4C2B687F
:100130004BB301F02FFAD8F80C30D3F80C9009F13A
:100140000400FFF7CFF83368013B33602B68013BB5
:100150002B6001F02DFA3868583001F089FD99F8CC
:10016000A93033B1012B14D0022BE0D001F062FB97
:10017000FEE7D9F8300001F075FC484601F072FC4A
:100180002B68002BD5D12368012BD0D901F0F6F9CB
:10019000CDE7484601F066FCC9E700BF803903207F
:1001A000683903203C3E0320DC39032084390320D6
:1001B0002DE9F04F604B83B01C6801341C60002CAB
:1001C00079D05E4B1A6894427CD35D4D2A681268E0
:1001D000002A00F0AC804FF0000CCDE900436646E9
:1001E0005848DFF874E1584F58E0D3F81490D3E939
:1001F0000241A1609C684C60D9F80410914204BF90
:10020000D968C9F80410D9F800105E610139C9F83D
:100210000010D3F82890B9F1000F11D0D3E90741AD
:10022000A160DC694C60D9F80410414504BF196A2B
:10023000C9F80410D9F800109E620139C9F80010FD
:10024000D3F82C80D7F8009008EB880100EB810AE6
:10025000C845DAF8049088BFC7F8008050F82180BC
:10026000C3F80890D9F808B008F10108C3F80CB039
:10027000CBF80420C9F80820C3F814A040F8218066
:10028000DEF80020D5F80080D96AD26AD8F80030AC
:10029000914288BF4CF0010C002B43D02B68009C8E
:1002A000DB68DB6859681A1D8C4203F118089CD280
:1002B000019B19600BE0224B1A681268DAB101F059
:1002C000B9FAFEE74FF0000C1E48DFF88CE0DEF8CC
:1002D00000301E4ADB6A03EB83039B00C05813689F
:1002E000012898BF002B14BF0120002040EA0C0019
:1002F00003B0BDE8F08F164A1868116819601549F7
:1003000010600A6801320A601A68126822B94FF058
:10031000FF320A4B1A6055E71A68084BD268126818
:100320001A604FE7019B4FF0FF321A60CFE7944607
:100330000448DFF824E0F6E7643903204839032055
:10034000B0390320DC3903206039032054390320FD
:10035000AC390320503903203C3E03202DE9F04FF7
:100360004E4C83B001F016F92368013B23602668E8
:10037000002E40F083804A4B1B68002B7ED0494DF5
:100380002B68002B00F08680474F4848DFF82CC1CF
:10039000DFF82C810196EB68DB681A6ADE69996ADE
:1003A000B260DE6903F1180E56604A68019E72451C
:1003B00004BF1A6A4A600A689E62013A0A60D968F4
:1003C0009E685A69B1609E6803F1040E4E605168E0
:1003D000714504BFD9685160116801391160DA6A4A
:1003E000D7F8009002EB820100EB810A4A45DAF867
:1003F000049088BF3A6050F82120C3F80890D9F8DB
:1004000008B00132C3F80CB0CBF804E0C9F808E03A
:10041000C3F814A040F82120DCF80010DA6ACB6A97
:100420009A4284BF0123C8F800302B68002BB2D158
:100430001F4B1A68126842B31A681E4BD2681268C2
:100440001A601D4E356895B1012706E0FFF7B0FE32
:1004500008B1C8F80070013D08D02368002BF5D022
:100460003368013D03F101033360F6D13560D8F8FC
:1004700000301BB101F082F8012400E0002401F0FB
:1004800097F8204603B0BDE8F08F4FF0FF32094BDC
:100490001A60D6E7DFF82880D3E700BF4039032091
:1004A000683903209839032060390320DC390320A0
:1004B000B039032048390320583903203C3E03203B
:1004C000543903202DE9F04188B0DDE90F573DB3E1
:1004D0004FB31646AC220792079AAC2A02D001F01D
:1004E000A9F9FEE704468846384607990021059396
:1004F00001F0B6FB20460E9C3D6300940224029757
:1005000087F8A94006AC32464146059B0194FFF7A7
:10051000B3FD3846FFF7D0FC069808B0BDE8F0817F
:1005200001F088F9FEE701F085F9FEE72DE9F043D7
:10053000064685B0900015460F46984601F00AFA27
:1005400008B30446AC2001F005FA8146C0B1AC22E4
:10055000002101F085FBC9F830400D9C4346019411
:100560000C9C2A4639463046CDF808900094FFF797
:1005700083FD4846FFF7A0FC012005B0BDE8F083ED
:10058000204601F06FFA4FF0FF3005B0BDE8F08370
:1005900070B50446304D00F0FDFF002C42D0261D02
:1005A0003046FEF79FFEA36A1BB104F11800FEF768
:1005B00099FE2A4A1368013313602B68A34228D09E
:1005C000274A28491368013B13600B681B68DBB19D
:1005D0000A68254BD26812681A6000F0E9FF2B68A0
:1005E000A3420AD02868583001F042FB94F8A930A1
:1005F0001BB3012B28D0022B16D11C4B1B6813B147
:100600002B68A34213D070BD4FF0FF32164B1A6017
:10061000E3E731461648FEF73FFE164A13680133FA
:100620001360DAE72C68BAE701F004F9FEE7124B31
:100630001B686BB101F0FEF8FEE7206B01F012FAC7
:10064000204601F00FFAD8E7204601F00BFAD4E774
:10065000BDE8704000F092BF3C3E03204C390320BF
:1006600068390320B0390320483903205C3903205E
:1006700084390320803903204039032038B578B30A
:10068000D1B11A4C23682BBB236801332360184B6C
:1006900002681D6853182CBF01210021AA420ED800
:1006A000D9B103600021581BFFF794FC2368012592
:1006B0005BB901F0BFF8FEE701F0BCF8FEE761B9F5
:1006C000036023680025002BF3D0FFF747FE50B1ED
:1006D000284638BD01F0AEF8FEE79D42E1D3EFE7D2
:1006E00001F0A8F8FEE700F049FFF1E740390320E8
:1006F00064390320C0B110B50C4C216811B101F070
:1007000099F8FEE7236801332360FFF763FC236851
:100710001BB1FFF723FE18B110BD01F08BF8FEE707
:10072000BDE8104000F02ABF00F028BF4039032088
:1007300030B5002489B007AA06A905A8CDE905446B
:10074000FEF77EFDDDE905231849CDE901321848A1
:100750002346079A0094FFF7B5FE164B186030B198
:1007600000F0B4FE0128054608D0013503D0124B35
:100770001B6809B030BD01F05DF8FEE701F05AF8E2
:100780004FF0FF300D4B0E4A1B680E495833136073
:100790000D4A0E4B086015601C60F0F73BFA00F044
:1007A00085FF054B1B6809B030BD00BF341F010831
:1007B00021010108443903209C2801083C3E032004
:1007C00024010320483903205C39032064390320C5
:1007D000024A136801331360704700BF4039032099
:1007E00008B5054B1B6813B901F024F8FEE7BDE816
:1007F0000840FFF7B3BD00BF40390320014B186824
:10080000704700BF64390320054B1B680BB9FFF725
:10081000CFBC044A0020136801331360704700BF47
:100820004039032058390320304B1B681BB101228B
:100830002F4B1A6070472E4A70B51360F0F7F4F929
:100840002C4B2D4A1860156819682C4CA94205D903
:100850001E682068416D491B314441651968236851
:1008600011601B6B1A68B2F1A53F07D15A68B2F14B
:10087000A53F03D19A68B2F1A53F32D02068216824
:100880003431EFF7A5FE1E4D1E492B6803EB8302A2
:1008900092008A58980042B903B3013B03EB8302EC
:1008A00051F822209800002AF6D0184401EB800C61
:1008B0006246DCF80410083249689142CCF8041012
:1008C00008BFDCF80C10104A08BFCCF80410C96847
:1008D00021602B6023685833136070BD00F0AAFFBD
:1008E000FEE7DB68B3F1A53FC8D1CCE74039032070
:1008F00054390320383903203C3903203C3E03207F
:1009000060390320DC3903202401032010B558B1DD
:100910000C46074B19681831FEF7CCFC2046BDE8A1
:1009200010400121FFF756BB00F084FFFEE700BF37
:100930003C3E0320F8B5034610B3134C5D680846EF
:10094000002A11462268D4F800E0D56126682268A2
:10095000D4F800C002F118041A68AF6806F118064E
:1009600002F10102CEF8207018BF4FF0FF307E6018
:10097000AC60CCF828301A60BDE8F840FFF72ABB1D
:1009800000F058FFFEE700BF3C3E0320C36870B58F
:10099000DB68002B57D0D3E907019A6A8160DD69D3
:1009A00054684D60002503F11800844208BF196A9D
:1009B000264C08BF516011689D62013911602268A0
:1009C000AAB1234A5468DC61A168196248601168C1
:1009D000A06001319A6211601E49DA6A0B68DB6A15
:1009E0009A422ED901231C4A1846136070BD5A69D9
:1009F000D3E9020181609C6850681D1D4C60A842CB
:100A000008BFD968154808BF5160116801391160E5
:100A1000DA6A01688A42124988BF026002EB8202E8
:100A20004FEA820C01EB8202546851F80C009C6082
:100A3000A6680130DE607560A5605A6141F80C005F
:100A4000CAE7002070BD00F0F5FEFEE74039032044
:100A5000983903203C3E0320543903206039032099
:100A6000DC39032010B560B1044600F093FD064A5E
:100A7000064B12681B68C4E90023BDE8104000F073
:100A800097BD00F0D7FEFEE75039032064390320FC
:100A9000034A044B12681B68C0E90023704700BF7B
:100AA0005039032064390320F8B568B30D4641B3CB
:100AB000044600F06FFD2B68154A581C11681BD0C6
:100AC000D4E90060DFF84CC0DCF80070BE4208D00A
:100AD000884206D8002301242B6000F069FD2046DF
:100AE000F8BD0F1ABB42F5D95B1ADCF8001012688A
:100AF00003442B60C4E90012002400F059FD204695
:100B0000F8BD00F097FEFEE700F094FEFEE700BFA0
:100B100064390320503903200122014B1A607047C9
:100B200054390320014B1868704700BF3C3E032036
:100B3000054B1B6833B1054B1868B0FA80F04009CB
:100B400040007047012070475C3903204039032082
:100B5000F8B50446C8B11F4DC36A2A68D26A9342E9
:100B600014D28269002A04DB2A68D26AC2F13802F0
:100B70008261194E626903EB830306EB83039A4299
:100B80000CD02B68DB6AE3620120F8BD2B68C06CD7
:100B9000DB6A98422CBF00200120F8BD271D384693
:100BA000FEF7A0FB2B680D4ADB6A1168E3628B42FB
:100BB00088BF136003EB8303980006EB8303596837
:100BC0003258A1608D680132E5606F608F606361AB
:100BD0003250D9E73C3E0320DC3903206039032042
:100BE00098B1204B70B51B680446834202D000F0D8
:100BF00021FEFEE71B6D53B1C16AC26C013B9142FD
:100C0000036500D033B1002070BD0020704700F0B4
:100C100011FEFEE7051D2846FEF764FBE36C124A51
:100C2000C3F13800A06101201168E3628B4288BFE4
:100C300013600E4A03EB83034FEA830E02EB830338
:100C4000D3F804C052F80E10C4F808C0DCF80860ED
:100C50000144E6607560CCF80850636142F80E10FC
:100C600070BD00BF3C3E032060390320DC39032007
:100C700080B1036D70B504464BB1C06CE26A81422D
:100C800038BF01468A4201D0012B04D070BD00F06C
:100C9000D1FDFEE770471A4B1B68A3422CD0A36915
:100CA000E162002BA8BFC1F13801164DA8BFA161B8
:100CB00002EB8202616905EB82039942E6D1261DAF
:100CC0003046FEF70FFB104AE36A11688B4288BF7B
:100CD000136003EB8303980005EB830359682A58DC
:100CE000A160D1F808C00132C4F80CC0CCF804608F
:100CF0008E6063612A5070BD00F09CFDFEE700BF6E
:100D00003C3E0320DC39032060390320044B1A6881
:100D10001AB119680A6D01320A651868704700BF78
:100D20003C3E032070B510B100F084FDFEE7174D86
:100D30000E46144600F02EFC2B68D3F8A43023B9DD
:100D400001212B6883F8A810CCB900F031FC00F029
:100D500021FC2B68D3F8A44024B15EB100222B689B
:100D6000C3F8A42000222B6883F8A82000F020FC00
:100D7000204670BD2B68621EC3F8A420F2E720460F
:100D8000FFF728F900F0FAFBDFE700BF3C3E032045
:100D9000F8B510B100F04EFDFEE7224E1D460C46A0
:100DA000174600F0F7FB336893F8A830022B0CD0FD
:100DB00001213268D2F8A43023EA0403C2F8A43037
:100DC000336883F8A810069BFBB900F0F1FB00F034
:100DD000E1FB1DB13368D3F8A4302B60336893F87E
:100DE000A830022B08D000240022336883F8A82002
:100DF00000F0DEFB2046F8BD32680124D2F8A430B2
:100E000023EA0703C2F8A430EEE71846FFF7E2F83A
:100E100000F0B4FB00F0CCFB00F0BCFB002DD9D1FE
:100E2000DCE700BF3C3E032070B531BB0446B0B1E7
:100E30001D46164600F0AEFB049B1BB1D4F8A4304F
:100E4000049A1360022294F8A83084F8A820DBB238
:100E5000042D5AD8DFE805F00A1A1408060000F03D
:100E6000E9FCFEE7022B4ED0C4F8A460012B13D09E
:100E7000012400F09DFB204670BD00F0DBFCFEE786
:100E8000D4F8A4200132C4F8A420EFE7D4F8A420B9
:100E90003243C4F8A420E9E76369D4E902128A6006
:100EA000A0685968251D5060A94208BFE2681A4928
:100EB00008BF5A601A68013A1A60E36A0A689342E6
:100EC000164A88BF0B6003EB83039E0002EB83038B
:100ED00058689159A060D0F808C00131C4F80CC01E
:100EE000CCF8045085606361A36A915113B100F09E
:100EF000A1FCFEE70A4BE26A1B68DB6A9A42B7D99B
:100F000000F03CFBB4E70024B3E7064A1268002A6D
:100F1000ACD000F08FFCFEE760390320DC39032001
:100F20003C3E03206439032070B5A0B3C9B91D4607
:100F30000446164600F02AFC00F07CFC049B1BB122
:100F4000D4F8A430049A1360022294F8A83084F8EC
:100F5000A820DBB2042D72D8DFE805F00A171108CB
:100F6000060000F067FCFEE7022B66D0C4F8A46020
:100F7000012B13D0012400F069FC204670BDD4F889
:100F8000A4200132C4F8A420F2E7D4F8A42032430C
:100F9000C4F8A420ECE700F04DFCFEE7A36A13B10F
:100FA00000F048FCFEE7294B1B68DBB1284B5A6870
:100FB0001968E26195680131196004F11801256230
:100FC00069609160A362234BE26A1B68DB6A9A4204
:100FD000D0D9059B13B10123059A136001221E4B42
:100FE0001A60C7E76369D4E902128A60A168261D06
:100FF00051605A68B24204BFE2685A601A68013A06
:101000001A60164AE36A11688B4288BF1360144A5B
:1010100003EB830302EB830CDCF804509B00D158F4
:10102000A560D5F808E00131C4F80CE0CEF8046002
:10103000AE60C4F814C0D150C5E700249BE7094A4C
:101040001268002A94D000F0F5FBFEE74039032037
:10105000983903203C3E0320543903206039032093
:10106000DC39032064390320F8B500283BD0B9B936
:101070000446154600F08AFB00F0DCFB022394F8DE
:10108000A82084F8A830D4F8A430012A03F1010381
:10109000C4F8A43023D1A36A2BB100F0CBFBFEE748
:1010A00000F0C8FBFEE7274B1B68FBB1264B5A68D4
:1010B0001968E26196680131196004F1180126622D
:1010C00071609160A362214BE26A1B68DB6A9A42FD
:1010D00005D90DB101232B6001221D4B1A60BDE81B
:1010E000F84000F0B3BB00F0A5FBFEE76369D4E96C
:1010F00002128A60A16804F1040E51605A687245B8
:1011000004BFE2685A601A68013A1A60114AE36A39
:1011100011688B4288BF13600F4A03EB83039E0064
:1011200002EB8303D3F804C09159C4F808C0DCF87B
:1011300008700131E760C7F804E0CCF808E06361AB
:101140009151C0E740390320983903203C3E0320E9
:101150005439032060390320DC39032038B599B9AC
:10116000044670B100F016FA94F8A830022B05BFBF
:1011700000230125002584F8A83000F019FA28463C
:1011800038BD034B1C68EDE700F054FBFEE700BFE1
:101190003C3E0320F0B5124C83B000F0FBF925680B
:1011A00025B103B0BDE8F04000F002BA0D4E0E4F7D
:1011B0003046FEF761F83846FEF75EF80B490C4BF7
:1011C00000950A201F600E600A4B10210A4AFEF7A4
:1011D0005BF920600028E4D00849FEF785FBE0E7D2
:1011E000383F0320583F0320443F0320403F032063
:1011F0003C3F0320403E0320903E03203C1F01085B
:101200002DE9F047DFF884900546D9F800300F4605
:10121000DB68DC6804F104084046FEF763F894F8E4
:1012200028305A070ED423F0010384F828302046D2
:10123000236ABDE8F047184793421BD82046236A2B
:1012400098473546A3697A1BEE182CBF012100216F
:10125000B74266602461EFD2AF4201D20029EDD0DF
:10126000D9F800004146FEF725F82046236ABDE87C
:10127000F0471847044B41461868FEF71BF8204614
:10128000236ABDE8F04718473C3F0320403F032056
:101290002DE9F047894D8A4E8A4F8B4C84B02B68DC
:1012A000D3F80090B9F1000F40F0D480FFF790FA26
:1012B000FFF7A4FA3368804698423DD33B6830601C
:1012C0001A68B2FA82F252092068A9EB0801FEF707
:1012D00035FBFFF785FA002800F0CD800022694633
:1012E0002068FEF7C7F90028D9D0009B0298002B90
:1012F000C0F2A880DDF80880D8F814301BB108F1DE
:101300000400FDF7EFFFFFF779FA33688146984252
:1013100024D3009BC6F80090013B082BDED8DFE801
:1013200003F025258169882525816900DB684FF058
:10133000FF311868FFF764FF2B681A68002AF5D19F
:101340003A68C6F800802A603B60FFF749FAC5E7B3
:10135000DB684FF0FF311868FFF752FF2B681A68FF
:10136000002AF5D13A683B602A60D2E798F8281045
:10137000019AD8F8180041F0010C131888F828C019
:101380002CBF4FF0010C4FF0000C4B45C8F8043057
:10139000C8F8108072D8A9EB020290423CD84A07E4
:1013A00011D421F0010188F828104046D8F82030E7
:1013B000984793E7904277D84046D8F8203098472E
:1013C0005346D8F8180010EB030A2CBF0121002166
:1013D000D145A9EB0302C8F804A0C8F81080E9D2EF
:1013E000994501D20029E7D0286808F10401FDF7EA
:1013F00061FFDAE798F82820019B42F0010288F8A3
:101400002820C8F81830002B54D04B444B45C8F85E
:101410000430C8F8108036D8386808F10401FDF7A8
:1014200049FF5BE798F8283023F0010388F828305B
:1014300054E798F828309A0732D523F0010388F84A
:1014400028304BE7019B03999847009B002BFFF640
:1014500045AF4FE7DB68D3F80090FFF7B9F9FFF726
:10146000CDF9336880469842FFF466AF814530601D
:101470000FD9002228E700F081F82FE74A4502D96A
:10148000BCF1000F8BD0286808F10401FDF712FFB2
:1014900024E7FFF7A5F941464846FFF7B1FE1DE7EF
:1014A000404600F0DFFA19E7386808F10401FDF75B
:1014B00001FF7AE700F0BEF9FEE700BF403F0320DE
:1014C000303F03203C3F0320383F032010B588B055
:1014D000FFF760FE0F4B1B68CBB1002407AA06A9DB
:1014E00005A8CDE90544FDF7B9FE02222346059C77
:1014F00000920294069C08490848079A0194FEF756
:10150000E1FF074B186010B1012008B010BD00F0DA
:1015100091F9FEE7383F0320441F010891120108AA
:10152000343F0320002200B5074B83B001921B68B3
:10153000013302D000F07EF9FEE700F07BF9019B59
:10154000002BFCD003B000BD200103204FF0E022AF
:101550000023072010B4074C1361936123680649E8
:101560005DF8044BA1FB03139B09013B5361106120
:10157000704700BFF4000320D34D62104FF0E0230A
:101580004FF08052C3F8042DBFF34F8FBFF36F8F1E
:10159000704700BF08B500F04DF9044A13680133E5
:1015A0001360BFF34F8FBFF36F8F08BD200103207F
:1015B00008B5084B1A684AB11A68013A1A601868E7
:1015C00000B108BDBDE8084000F040B900F032F9B4
:1015D000FEE700BF2001032010B500F02BF9044600
:1015E000FFF712F928B14FF0E0234FF08052C3F813
:1015F000042D2046BDE8104000F028B908B58369E5
:1016000013F8023C662B02D000F014F9FEE74FF00D
:10161000E023D3F8882D42F47002C3F8882DD3F864
:10162000342F42F04042C3F8342FBDE8084000F0A8
:10163000CFB800BF2DE9F04F4FF0113E4FF080744E
:1016400040E909E34FF0073340F8044C164C40F8EA
:10165000343C40E903424FF005334FF006324FF07F
:10166000123B40E90F324FF0033A4FF002394FF08E
:1016700001384FF010374FF009364FF008354FF072
:1016800004346FF0430340E905AB40E9078940E9C2
:101690000B6740F8305C40F8404C40F8443C40F860
:1016A000481DBDE8F08F00BF2515010800204FF050
:1016B000E0234FF07F4130B585B00290D3F81C0D88
:1016C0002F4A0190C3F81C1DD3F81C3D1B0E8DF84A
:1016D00003309DF8033003F0A0031370002B41D0BA
:1016E0009DF80330DB4313F0A00F0BD000F0A2F8FD
:1016F000FEE7029B013302939DF803305B00DBB2EF
:101700008DF803309DF803301B06F2D4029B082BA2
:101710002BD0029AC2F10702120202F4E0624FF0EB
:10172000E023002501991748174C0260C3F81C1DDF
:10173000D3F8202D42F47F02C3F8202DD3F8202DBA
:1017400042F07F42C3F8202DFFF700FF256000F034
:101750005FF8FFF769F803952368013307D000F0BD
:1017600069F8FEE700F066F8FEE70022D7E700F030
:1017700061F8039B002BFCD0002005B030BD00BFFA
:10178000703F03206C3F03202001032008B5EFF3D6
:1017900005830F2B05D90B490B4A5B5C12789A42E3
:1017A0000DD84FF0E023094AD3F80C3D126803F43A
:1017B000E063934200D808BD00F03CF8FEE700F07B
:1017C00039F8FEE7F0E300E0703F03206C3F0320B0
:1017D0000B4A1168086806C881F30B88022181F35F
:1017E0001488203080F30988BFF36F8F4FF000001A
:1017F00080F31188104700BFAFF30080AFF3008083
:101800003C3E03200000000000000000000000003B
:1018100007480068006880F3088862B661B6BFF3C5
:101820004F8FBFF36F8F66DF00BF00BFAFF3008045
:1018300008ED00E0EFF311804FF0A00181F3118873
:10184000BFF34F8FBFF36F8F704700BF80F31188D6
:10185000BFF34F8FBFF36F8F704700BF00000000D2
:10186000EFF309801EF0100F08BF20ED108AEFF390
:101870000B82734620E9FC0F114A116808604FF093
:10188000A00080F31188BFF34F8FBFF36F8FFEF777
:10189000CBFF4FF0000080F31188094A11680868F7
:1018A000B0E8FC0F13F0100F08BFB0EC108A82F301
:1018B0000B8880F309881847AFF30080AFF30080EE
:1018C0003C3E03200000000000000000000000007B
:1018D0001EF0040F0CBFEFF30880EFF309800449FA
:1018E000084700BFAFF30080AFF30080AFF3008084
:1018F000FD15010810B4154B1A461B688342FBD333
:101900005468416802EB040C604513D04418A342AC
:1019100006D00360824218BF10605DF8044B704728
:101920000B4C2468A342F4D0D3E900342144036073
:101930004160EFE72144501883425160EDD10448E3
:1019400000688342E9D01046EEE700BF883F0320DD
:10195000843F0320F8B53D4E0446FEF739FF336857
:10196000002B52D0631E0A332ED814F0070304F163
:10197000080121D1002927DB354F3D688D4223D353
:10198000344B18461C6803E0236823B120461C46EC
:1019900062688A42F8D33368A34215D02368066888
:1019A0000360531A102B06F1080617D96018420776
:1019B0000FD0FFF73FFFFEE7A3F109028A4203D3EE
:1019C0001034E11A0029D7DCFEF70AFF0026304662
:1019D000F8BD43606160FFF78DFF626800201E4B19
:1019E000AD1A196842F000428D421C4938BF1D6093
:1019F0000B686260013320600B603D60FEF7F0FE13
:101A00007307E4D0FFF716FFFEE7154A510719D018
:101A1000D11D21F0070102F5C052531A0A460020D9
:101A20000B44083B23F007030A4D9A1AC5E900103E
:101A30003360C3E90000C1E900320749044B0A6082
:101A40001A608FE711464FF4C053E8E7843F032044
:101A5000803F0320883F03207C3F0320783F032002
:101A6000903F032070B150F8043C10B5002B0446A1
:101A700005DA50F8082C32B1FFF7DCFEFEE7FFF77D
:101A8000D9FEFEE7704723F0004340F8043CFEF720
:101A90009FFE094A54F8043C1168A4F108000B4465
:101AA0001360FFF727FFBDE81040044A13680133B5
:101AB0001360FEF795BE00BF803F0320743F0320F4
:101AC00038B50446D0F8D80204F52675294600F248
:101AD000AA20FDF799FA2946D4F8D802BDE8384083
:101AE000FCF7FABE01EB810300EBC303D3F86421DA
:101AF000D0F8D802FCF728BF01EB810300EBC30349
:101B00005A6AD0F8D802FCF753BF00BFD0F8D80209
:101B1000FCF7F2BF10B543790446022B01D0EFF772
:101B200011FDD4F8D8020121FCF7CAFFD4F8D8027D
:101B3000BDE81040FCF798BF10B50446D0F8D802B5
:101B4000FCF7C2FF637A23B1024A136943F006032C
:101B5000136110BD00ED00E010B5437A04462BB9C7
:101B6000D4F8D802BDE81040FCF7BABF064A1369A2
:101B700023F006031361EFF75FF8D4F8D802BDE84D
:101B80001040FCF7ADBF00BF00ED00E0944608B583
:101B90001A46D0F8CC026346F8F788F818B1022844
:101BA0000CBF0120032008BD08B5D0F8CC02F8F71F
:101BB000E9F818B102280CBF0120032008BD00BFBE
:101BC00008B5D0F8CC02F8F715F918B102280CBF07
:101BD0000120032008BD00BF0A06D0F8CC3206D48D
:101BE00001EB810103EBC10393F85201704701F04F
:101BF0007F0101EB810103EBC103987C704700BFBB
:101C000008B5D0F8CC02F8F73DF818B102280CBF9F
:101C10000120032008BD00BF08B5D0F8CC02F8F7BA
:101C200095F818B102280CBF0120032008BD00BFA1
:101C300008B5D0F8CC02F8F771F818B102280CBF3B
:101C40000120032008BD00BF014800F093B800BF89
:101C5000CC580320014800F08EB800BFCC580320B8
:101C600002440346934200D1704703F8011BF9E791
:101C70002D4B1B68834270B5044653D0C3691BB318
:101C8000DB6863B10025E369DB685959B1B90435F4
:101C9000802DF8D1E3692046D96800F07BF8E3692C
:101CA000196811B1204600F075F8E3699D685DB1CF
:101CB000294620462D6800F06DF8F8E70E682046AA
:101CC00000F068F83146E1E7616911B1204600F0A3
:101CD00061F8E16911B1204600F05CF8216B11B1A7
:101CE000204600F057F8616B11B1204600F052F821
:101CF000A16B11B1204600F04DF8A16C11B1204646
:101D000000F048F8616C11B1204600F043F8E16A38
:101D100011B1204600F03EF8236A1BB12046BDE811
:101D20007040184770BD00BF2401032070B50D4BF3
:101D300000260D4D5B1B9C10A64209D10B4D00F0F7
:101D400073F80B4B00265B1B9C10A64205D170BD9F
:101D500055F8043B01369847EEE755F8043B013649
:101D60009847F2E7A8280108A8280108A828010830
:101D7000AC280108704770470A44431E914200D1C5
:101D8000704710B511F8014B914203F8014FF9D19A
:101D900010BD000038B50546002941D051F8043C7B
:101DA0000C1F002BB8BFE418FFF74EFF1D4A136845
:101DB00033B9636014602846BDE83840FFF74ABF76
:101DC000A34208D9206821188B4201BF19685B68BB
:101DD00009182160EDE71A465B680BB1A342FAD9F6
:101DE00011685018A0420BD12068014450181160AE
:101DF0008342E0D118685B68084453601060DAE7FA
:101E000002D90C232B60D6E7206821188B4202BF31
:101E100019685B680918636008BF21605460CAE7ED
:101E200038BD00BF90570320F8B500BFF8BC08BC10
:101E30009E467047F8B500BFF8BC08BC9E46704788
:081E40005FF800F075010320BA
:101E480052414D4E5F54785461736B32000000006C
:101E580052414D4E5F52785461736B32000000005E
:101E680052414D4E5F53656E645553420000000069
:101E780052414D4E5F4469616754580052414D4E7E
:101E88005F4469616752580052414D4E5F45727216
:101E98006F725461736B000052414D4E5F50657212
:101EA800696F64696300000052414D4E5F53656E6F
:101EB8006443414E0000000052414D4E5F5265633D
:101EC8006569766543414E0052414D4E5F526563E8
:101ED800656976655553420048656C6C6F2066727B
:101EE8006F6D2052414D4E0D0000000043414C499A
:101EF80042524154494F4E204944300045435542CF
:101F08002D43686173736973000000005365702086
:101F1800203420323032360030313A31303A3237DC
:101F28000000000052414D4E0000000049444C455D
:101F380000000000546D725100000000546D7220C2
:101F480053766300481E01080000000000000000EE
:101F58000000000000000000000400002A0000004B
:101F68000000000000000000581E010800000000EA
:101F78000000000000000000000000000008000051
:101F8800290000000000000000000000681E010891
:101F98000000000000000000000000000000000039
:101FA80000040000300000000000000000000000F5
:101FB800781E01080000000004040320AC000000A3
:101FC800B0040320000400000F000000000000001F
:101FD80000000000841E010800000000B40803206F
:101FE800AC0000006009032000040000100000009D
:101FF8000000000000000000901E01080000000022
:10200800640D0320AC000000100E03200004000043
:10201800310000000000000000000000A01E0108C0
:102028000000000014120320AC000000C0120320BE
:102038000004000020000000000000000000000074
:10204800B01E010800000000C4160320AC00000008
:1020580070170320000400002800000000000000A2
:1020680000000000C01E010800000000741B0320CF
:10207800AC000000201C0320000400001800000031
:102088000000000000000000D01E01080000000051
:102098000000000000000000000000000004000034
:1020A800180000000000000000000000000101000E
:1020B800010100003D170008B11500087517000858
:1020C800CD150008A1170008FD1500080D1B000814
:1020D800391B0008B917000815160008D1170008A1
:1020E8002D160008E91700084516000815180008FD
:1020F800CD19000800000000E51900082D18000897
:102108006D160008511800087D16000865180008AB
:102118008916000899180008AD160008BD180008AF
:10212800BD160008DD180008FD1900080D19000883
:10213800911A000859190008291A0008CD16000834
:10214800E9160008691B00082D1C0008851B0008FB
:10215800591C0008A11B0008851C0008BD1B0008AD
:10216800B11C0008D91B0008DD1C0008F51B00087D
:10217800091D0008951500089915000800000000C1
:1021880015170008E51A0008D51A0008E91A00080A
:10219800D91A00089D150008A5150008111C00088B
:1021A800351D0008ED1A0008DD1A0008F11A0008AC
:1021B800E11A0008F91A0008011B0008F51A0008BE
:1021C8008D1A0008FECA770000000000430058007E
:1021D800C9015001E107DF075205010700000000AF
:1021E800963007772C610EEEBA51099919C46D071C
:1021F8008FF46A7035A563E9A395649E3288DB0E77
:10220800A4B8DC791EE9D5E088D9D2972B4CB60959
:10221800BD7CB17E072DB8E7911DBF906410B71D36
:10222800F220B06A4871B9F3DE41BE847DD4DA1A6F
:10223800EBE4DD6D51B5D4F4C785D38356986C13A0
:10224800C0A86B647AF962FDECC9658A4F5C011419
:10225800D96C0663633D0FFAF50D088DC8206E3BF7
:102268005E10694CE44160D5727167A2D1E4033C09
:1022780047D4044BFD850DD26BB50AA5FAA8B53530
:102288006C98B242D6C9BBDB40F9BCACE36CD8321F
:10229800755CDF45CF0DD6DC593DD1ABAC30D926C6
:1022A8003A00DE518051D7C81661D0BFB5F4B421C9
:1022B80023C4B3569995BACF0FA5BDB89EB80228C6
:1022C8000888055FB2D90CC624E90BB1877C6F2F4B
:1022D800114C6858AB1D61C13D2D66B69041DC7646
:1022E8000671DB01BC20D2982A10D5EF8985B1711F
:1022F8001FB5B606A5E4BF9F33D4B8E8A2C90778CE
:1023080034F9000F8EA8099618980EE1BB0D6A7F64
:102318002D3D6D08976C6491015C63E6F4516B6B1D
:1023280062616C1CD83065854E0062F2ED95066CD2
:102338007BA5011BC1F4088257C40FF5C6D9B06547
:1023480050E9B712EAB8BE8B7C88B9FCDF1DDD62A4
:10235800492DDA15F37CD38C654CD4FB5861B24D0A
:10236800CE51B53A7400BCA3E230BBD441A5DF4AD4
:10237800D795D83D6DC4D1A4FBF4D6D36AE9694397
:10238800FCD96E34468867ADD0B860DA732D044442
:10239800E51D03335F4C0AAAC97C0DDD3C7105506D
:1023A800AA41022710100BBE86200CC925B5685714
:1023B800B3856F2009D466B99FE461CE0EF9DE5E5D
:1023C80098C9D9292298D0B0B4A8D7C7173DB3590E
:1023D800810DB42E3B5CBDB7AD6CBAC02083B8ED9F
:1023E800B6B3BF9A0CE2B6039AD2B1743947D5EAAC
:1023F800AF77D29D1526DB048316DC73120B63E3DB
:10240800843B64943E6A6D0DA85A6A7A0BCF0EE439
:102418009DFF099327AE000AB19E077D44930FF0F4
:10242800D2A3088768F2011EFEC206695D5762F7EB
:10243800CB67658071366C19E7066B6E761BD4FE28
:10244800E02BD3895A7ADA10CC4ADD676FDFB9F905
:10245800F9EFBE8E43BEB717D58EB060E8A3D6D6C7
:102468007E93D1A1C4C2D83852F2DF4FF167BBD1F5
:102478006757BCA6DD06B53F4B36B248DA2B0DD8F8
:102488004C1B0AAFF64A0336607A0441C3EF60DF9B
:1024980055DF67A8EF8E6E3179BE69468CB361CB84
:1024A8001A8366BCA0D26F2536E2685295770CCCA9
:1024B80003470BBBB91602222F260555BE3BBAC5EA
:1024C800280BBDB2925AB42B046AB35CA7FFD7C2DB
:1024D80031CFD0B58B9ED92C1DAEDE5BB0C2649BCC
:1024E80026F263EC9CA36A750A936D02A906099CFF
:1024F8003F360EEB8567077213570005824ABF9572
:10250800147AB8E2AE2BB17B381BB60C9B8ED292F4
:102518000DBED5E5B7EFDC7C21DFDB0BD4D2D3864B
:1025280042E2D4F1F8B3DD686E83DA1FCD16BE81BE
:102538005B26B9F6E177B06F7747B718E65A08888F
:10254800706A0FFFCA3B06665C0B0111FF9E658F20
:1025580069AE62F8D3FF6B6145CF6C1678E20AA0CA
:10256800EED20DD75483044EC2B30339612667A750
:10257800F71660D04D476949DB776E3E4A6AD1AE9F
:10258800DC5AD6D9660BDF40F03BD83753AEBCA92E
:10259800C59EBBDE7FCFB247E9FFB5301CF2BDBD9B
:1025A8008AC2BACA3093B353A6A3B4240536D0BAA4
:1025B8009306D7CD2957DE54BF67D9232E7A66B341
:1025C800B84A61C4021B685D942B6F2A37BE0BB4EE
:1025D800A18E0CC31BDF055A8DEF022D52414D4EC3
:1025E8002A4543555F422A303030322A554E4954E5
:1025F800322A0000100210003F600002BC200108CF
:1026080034270108030000002C26010810000100EF
:10261800442101089427010803000000AC260108A2
:102628001100000001F0000001000000000400009B
:102638000000000003F0000003000000000000009C
:102648000200000004F000000400000009F000008F
:102658000600000005F0000008000000000100006E
:1026680007000000FAFE00000D000000F1FE000067
:102678000C000000CCFD00000B00000041FE000033
:102688000F00000000FF00001000000002FF000023
:10269800FF00000000EF0000FF000000D4FD000074
:1026A800FF00000024000000010000001A000000E4
:1026B8000000000039000000030000002F000000A7
:1026C8000200000043000000040000006200000057
:1026D8000600000058000000050000007700000018
:1026E800080000006D0000000700000098000000CE
:1026F80009000000A20000000A000000D301000049
:102708000D000000C90100000C000000A701000036
:102718000B000000B80100000E000000500100008E
:102728000F000000BB010000100000001309F018A2
:102738000000004000000000000000000800000049
:102748000A000000FFFFFFFF060000000DFAFE1858
:102758000000004000000000000000000800000029
:10276800E8030000FFFFFFFF0D0000004741FE0CDB
:102778000000004000000000000000000800000009
:1027880064000000FFFFFFFF0F0000006200000070
:102798000000000000000000000000000800000029
:1027A8000A0000001000200006000000D30100000D
:1027B8000000000000000000000000000800000009
:1027C80064000000100020000D000000500100000F
:1027D80000000000000000000000000008000000E9
:1027E80064000000100020000F0000000001020338
:1027F80004050607080C10141820304045435542BC
:1028080000000000A0860100400D0300801A0600A9
:1028180000350C0040420F0080841E0000093D0076
:1028280000127A000024F40000366E010048E80126
:10283800006CDC0200000000000000000000000046
:102848000000000000000000010203040000000076
:102858000000000001020304060708090001020342
:1028680004050607080C1014182030400100020067
:102878000400060008000A000C00100020004000B8
:10288800800000010804020408010101010101039C
:082898000701000037000000F9
:0828A000A0D9FE7F0100000039
:0428A80025020008FD
:0428AC00010200081D
:1028B0000000000000000000000000000000000018
:1028C0000000000000000000000000000000000008
:1028D00000000000000000000000000002000000F6
:1028E00001000000000000000000000000000040A7
:1028F00000000000020000000100000000000000D5
:102900000000000000000000000000000000FF07C1
:1029100001000100000000000000000001000000B4
:102920000000000000000101FF0702041826010852
:10293000E9070000000000000000000000000000A7
:102940000000000000000000000000000000000087
:102950000000000000000000E90700000000000087
:102960000000000000000000000000000000000067
:102970000000000000000000000000000000000057
:1029800053050000000000000000000000000000EF
:102990000000000000000000000000000000000037
:1029A0000000000000093D000100000008000000D8
:1029B0000000000000000000000000000000000017
:1029C00001000000000000000000000020000000E6
:1029D000AAAAAAAA280103200000000094570320F5
:1029E000FC57032064580320000000000000000092
:1029F00000000000000000000000000000000000D7
:102A000000000000000000000000000000000000C6
:102A100000000000000000000000000000000000B6
:102A20000000000070B58AB072B6AA244FF40055B9
:102A3000684600F065F80621069BCDE9044543F0A1
:102A40008063284A00910693936A002B03DA264993
:102A5000264B91609360234B9A6A520003D5244918
:102A6000244A19611A61244C2378012B36D00123A2
:102A700000264FF47A702370666000F045F8054632
:102A800068B12670174B9A6A42F080429A629A6A3D
:102A900042F000429A6262B601200AB070BD114E47
:102AA000049A336C4FF47A7023F0FF0313433364BA
:102AB000326C069B22F0806203F080631343336420
:102AC000B36A43F40033B36200F01EF825700028A7
:102AD000D8D1B36A43F00063B362DCE702200AB0E6
:102AE00070BD00BF0020024023016745AB89EFCDD8
:102AF0003B2A19087F6E5D4C000103200000000096
:102B00005FF800F0F98300085FF800F09980000892
:04000005080067CDBB
:00000001FF
