:020000040800F2
:1000000000000420CD620008496100084D6100082D
:100010005161000855610008596100081D6300081E
:10002000000000000000000000000000C103010803
:100030005D6100080000000051030108F5DB0008C5
:100040001D6300081D6300081D6300081D63000890
:100050001D6300081D6300081D6300081D63000880
:100060001D6300081D6300081D6300081D63000870
:100070001D6300081D6300081D6300081D63000860
:100080001D6300081D6300081D6300081D63000850
:100090001D6300081D6300081D6300081D63000840
:1000A0001D6300081D6300081D6300081D63000830
:1000B0001D630008616100086D6100081D63000890
:1000C0001D6300081D6300081D6300081D63000810
:1000D0001D6300081D6300081D63000879610008A6
:1000E000856100081D630008916100081D63000818
:1000F0001D6300081D6300081D6300081D630008E0
:100100001D6300089D610008A96100081D630008C7
:100110001D6300081D6300081D6300081D630008BF
:100120001D630008B5610008C16100081D63000877
:10013000CD6100081D6300081D6300081D630008F1
:100140001D6300081D630008D96100081D630008D5
:100150001D6300081D6300081D6300081D6300087F
:100160001D630008E56100081D6300081D630008A9
:100170001D630008000000001D630008000000006F
:10018000F16100081D6300081D6300081D6300087D
:100190001D6300081D6300081D6300081D6300083F
:1001A0001D6300081D6300081D6300081D6300082F
:1001B0001D63000800000000FD6100081D630008C9
:1001C0001D630008000000001D6300081D63000897
:1001D0001D6300081D6300081D6300081D630008FF
:1001E0001D6300081D6300081D6300081D630008EF
:0401F000000000000B
:1002000010B5054C237833B9044B13B10448AFF350
:1002100000800123237010BD78020320000000003D
:100220001809010808B5034B1BB103490348AFF394
:10023000008008BD000000007C02032018090108AE
:10024000034613F8012B002AFBD1181A0138704716
:10025000704700BF01F08CBEF0B5274C274E9BB015
:100260004FF0FF332822694620680EF037FB28281C
:10027000F6D1039805F0B8FA0546002834D1029B60
:100280009BB929460AAA009801F014FF0FF02CF838
:100290000AA90246684602F093F80FF025F80AA969
:1002A0000246684601F04AFEDAE7B3F1005FF4D196
:1002B00040F20272009B9342EFD10822039900277B
:1002C000914228BF11460D46C6E90577B760019FE8
:1002D0000B490C48C6E90037F56005F091FA304645
:1002E000084901F0CBFCD8E74FF0FF332A462068DD
:1002F0000AA90EF0F3FAC2E7CC270320A8020320D4
:100300009005FA0B9C0203202DE9F0431F4D9BB092
:10031000DFF8808001AE0AAF002404EBC401C4F111
:1003200024024FF0FF33286806EB81010EF0D6FA65
:100330000444232CF1D9049805F056FA039B814616
:10034000B3F1005F00D0A0B9114807F081FA50B1B5
:100350003A4631460E4807F045F9D8F80C300133DB
:10036000C8F80C30D8E74FF0FF3201210FF050FAF7
:10037000EAE70024A9EB040239194FF0FF3328689B
:100380000EF0ACFA04444C45F4D3DDE7C827032053
:10039000702603200000032000B583B001F05EFE4C
:1003A00001F012FB03221849184806F0B1FB03F0D4
:1003B000D3FA00F005FE03F083FB0EF095FF01F089
:1003C000B7FD13480AF014FF12480AF0D9FE124C88
:1003D0000EF08AFF019003F0C5FA019803F076FB56
:1003E000019800F0EFFD237813B9019801F054FF54
:1003F000019801F0ADFD019801F0D6FF0A2101A896
:100400000EF0B2FEE4E700BF942B03206027032028
:10041000A823032010230320760003202DE9F041B8
:100420000026214DDFF88C80204FA6B012E00FF09F
:1004300035FE98F8003033B10B9B23B164200DF0EA
:1004400091FC01F0C1FA002202231146386800969F
:100450000FF060FA4FF0FF32012100200FF0D8F9C1
:100460000FF00EFE124807F049FB044606A910489B
:1004700007F0B4F902A90E4807F0D8F9542229462A
:1004800011A8AC6010F0F0F9094B1E66189BB3F58B
:10049000003FCCD9AB689B02C9D5012385F8203039
:1004A0000B9301F039FBC2E700000320301B03204F
:1004B000702603209802032000232DE9F04D84B01C
:1004C0007D4EDFF80082DFF804B27C4DDFF800A239
:1004D0000DF10E078DF80B3013E028680EF008F9C7
:1004E000012808D94FF0FF330222286803A90EF033
:1004F000F5F9022845D000214FF0FF3208460FF0F1
:1005000087F930680EF0F4F80028E6D04FF0FF339A
:10051000012230680DF10B010EF0E0F90128DCD169
:1005200030680EF0E5F80128D7D94FF0FF330222EA
:10053000306803A90EF0D2F90228CED1BDF80C2004
:10054000B2F5845FC9D8002A40F0A5809DF80B4021
:10055000002C52D10EF0C8FE594B5A49BDF80C2060
:10056000009705F0BFF8BDF80E30002B79D10EF0E2
:10057000BBFE534B5349BDF80C20009705F002F920
:10058000ABE7BDF80C20B2F5805FB4D272B10024A5
:10059000121B08EB04014FF0FF3328680EF09EF9A0
:1005A000BDF80C20204484B2A242F1D10EF09CFE92
:1005B000434B4146BDF80C20009705F00DFABDF8FD
:1005C0000E30002B97D039464FF0FF330222DAF875
:1005D00000000EF09BF8BDF80E204FF0FF333849B5
:1005E000DAF800000EF092F8002202231146DBF840
:1005F000000000920FF08EF97DE70EF075FE304B93
:100600003049BDF80C20009705F094F8BDF80E3085
:10061000002BACD02A490A787F2A08D1022BA6D910
:100620008B78A3F11102012AA1D9312B9FD0264842
:10063000394604464FF0FF33022200680EF066F898
:10064000BDF80E204FF0FF331D4920680EF05EF814
:10065000002202231146DBF8000000920FF05AF945
:1006600085E7194839464FF0FF33022200680EF043
:100670004DF81548BDF80E204FF0FF3310490068C3
:100680000EF044F8022322462146DBF800000094D5
:100690000FF040F96BE70024121B4FF0FF3308EB1B
:1006A000040130680EF01AF9BDF80C2023189CB232
:1006B000A242F1D14AE700BFDC020320D0020320AE
:1006C000507F0120D48F0120D8020320700803201E
:1006D000CC0203202DE9F04FDFF8148185B0404EA5
:1006E000404DDFF810A108F19C0908F5805B02AFCE
:1006F00014E028680DF0FCFF012809D94FF0FF3302
:10070000022228680DF106010EF0E8F8022846D012
:1007100000214FF0FF3208460FF07AF830680DF0F4
:10072000E7FF0128E5D94FF0FF3302222E49306858
:100730000EF0D4F80228DCD1B8F89420B2F5845F2A
:10074000D7D872B10024121B09EB04014FF0FF331C
:1007500030680EF0C3F8B8F89420204484B2A24266
:10076000F1D10EF0C1FD0146204802F01FFA002829
:10077000BFD103E09BF823010DF0F4FA0EF0B4FDB5
:1007800004F0B6FE0128B4D030680DF0B1FF0128A6
:10079000AFD89AF80030002BECD10A20ECE7BDF876
:1007A0000620082AB4D86AB10024121B39194FF068
:1007B000FF3328680EF092F8BDF80620204484B27A
:1007C000A242F2D10EF090FD3946BDF8062005F0A8
:1007D0009DF801289CD00A200DF0C4FAF2E700BF72
:1007E000D8020320CC020320ECB0012058A0012045
:1007F00058B001207600032001F0BEBB01F0C0BB61
:10080000002001F0C1BB00BF0022024B02481A6069
:100810000AF0EEBC940203205C230320014B18680D
:10082000704700BF9402032010B59EB048220021FB
:100830000CA80FF08DFF00234FF40070CDE90233B8
:10084000CDE90433CDE90733CDE9093301930693AC
:100850000B9309F0ABF808B172B6FEE70123022250
:10086000169311931993179210231D9207229FED4F
:100870001E7BCDE91A320324042312900CA81C938A
:100880008DED0C7B189409F0CDFA034608B172B6D1
:10089000FEE70F22214601A8CDE903330593029418
:1008A000019209F06BF9034608B172B6FEE7104AEF
:1008B0004FF0005C916D4BF67F3441F08071916593
:1008C000926D069302F080720092089322222023F8
:1008D00006A8CDE90A230099CDF81CC009940AF0B6
:1008E00001FA1EB010BD00BF290000000000010089
:1008F00000100240F0B595B072B64FF00062AA4BFE
:100900009A60BFF34F8F62B6002405F009FDFFF730
:100910008BFFCDE90E44CDE91044A44D1294EB6C4D
:100920004FF4604143F00403EB64EB6C224603F0A8
:1009300004030793079BEB6C9D4843F08003EB6433
:10094000EB6C012603F080030893089BEB6C43F0EB
:100950000103EB64EB6C03F001030993099BEB6C5F
:1009600043F00203EB64EB6C03F002030A930A9B6F
:1009700007F05CFD224640F201118E4807F056FD5B
:10098000224641F2E4018C4807F050FD4FF46043E9
:1009900087480EA9CDE90E361094119407F098FB04
:1009A00040F2011383480EA9CDE90E36CDE910447B
:1009B00007F08EFB41F2E4037F480EA9CDE90E3625
:1009C000CDE9104407F084FB4FF4007379480EA979
:1009D000CDE90E34109607F07BFB082377480EA96B
:1009E000CDE90E34109407F073FBAB6C052143F096
:1009F0000403AB64AB6C224603F004030493049B32
:100A0000AB6C1D203343AB64AB6C33400593059B4B
:100A1000AB6C43F00203AB64AB6C03F002030693D0
:100A2000069B06F067F91D2006F09EF92246052177
:100A30001E2006F05FF91E2006F096F922460521D9
:100A4000502006F057F9502006F08EF9204608F0A5
:100A50006BF808B172B6FEE708F07AF8034640B9C1
:100A60005748584AC0E900230AF064F918B172B631
:100A7000FEE772B6FEE7544A544B1070544A4FF4E6
:100A800040711A60102299609A619A620F211322B4
:100A90003C2404275860D8609874D8631846C3E98A
:100AA0000D661E825E615E62DC61D9621A621F633E
:100AB00006F0EEFB034650BB0BAD0B90CDE90E00EC
:100AC000CDE91000CDE91200C5E901004FF48070B6
:100AD0004FF4301C03214FF480523E4CC4E90233E2
:100AE000C4E90A3384F8203084F838303A4B208344
:100AF0002046C4E90467C4F804C0E161626384F875
:100B00003060236005F030FC18B172B6FEE772B6B3
:100B1000FEE70B902946204606F074F808B172B63D
:100B2000FEE706230F937F2311932C4B1090139015
:100B30000EA9204612970E9305F044FD08B172B637
:100B4000FEE7274B20460E930C230EA90F9305F0CA
:100B500039FD08B172B6FEE7224B20460E931223F0
:100B60000EA90F9305F02EFD034608B172B6FEE7FD
:100B70001D48C0E9053383801C4B0662036006F004
:100B800025F908B172B6FEE700234FF40271022284
:100B90001748C372174B8180C0F80720036007F025
:100BA000E1FF48B372B6FEE700ED00E0001002403E
:100BB000000802420000024200040242001C0242FD
:100BC0007425032000080C4298020320702603209D
:100BD00000A400406027032000800242400020194A
:100BE0000002B0250004002AD42603200030024071
:100BF000E81F032000D4004041F63F76A34CA44AEE
:100C0000CDE90E00C4E901001090A06120462260E9
:100C1000E6600AF0DDFC034608B172B6FEE7204646
:100C20000EA90E9310930AF005FD034608B172B6A3
:100C3000FEE7984CCDE90E331093A360A36142F216
:100C40000F73954A2046C4E90023E6600AF0C0FC11
:100C5000034608B172B6FEE720460EA90E93109324
:100C60000AF0E8FC034608B172B6FEE74F264FF6DD
:100C7000FF748A488A4AC0E9043383608361026052
:100C80004660C4600AF0A4FC034608B172B6FEE7F1
:100C90008448C0E90163C0E90343C0E90533824BDE
:100CA00003600AF095FC08B172B6FEE74FF0804190
:100CB0004FF0FF327D4C0B90CDE90E00CDE91000D6
:100CC000C5E90100C4E901002061A061204621605E
:100CD000E2600AF07DFC08B172B6FEE74FF4805383
:100CE00020460EA90E930AF0C1FA034608B172B667
:100CF000FEE7294620460B930D930AF09BFC08B1B2
:100D000072B6FEE700246A4A01216A4B009246F25D
:100D100006002246CDE901440DF092FC0246664DE4
:100D2000664E00950121CDE90144654B326046F2E3
:100D3000060022460DF084FC624B634A01210092BA
:100D4000CDE9014422461860604B4FF47A600DF003
:100D500077FC5F4D5F4B224600930121CDE90144B2
:100D60005D4B28604FF47A600DF06AFC5B4B2246C5
:100D700000935B4B0121CDE901441860594B4FF4BE
:100D8000A0400DF05DFC584B22460093574B0121CB
:100D9000CDE901441860564B4FF4A0400DF050FCD3
:100DA000544B186001F0B6FB0EF09EFA3246524BDF
:100DB0005249009501F0DEFA514802F0B9FE51485F
:100DC00001F09CF85048514A514900F0E3FD0EA84B
:100DD0000E9401F095FB20B90E9B13B94D4801F01C
:100DE00067FB0CF015FF00214B4A4C480CF060FFEC
:100DF00004464B4B00214B4A4B481C600CF058FFFB
:100E000004464A4B00214A4A4A481C600CF050FFF5
:100E100004463F4B0021484A48481C600CF048FFFC
:100E20000446474B0021474A47481C600CF040FFEE
:100E30000446364B0021454A45481C600CF038FFFB
:100E400004462E4B0021434A43481C600CF030FFFF
:100E50000446424B0021424A42481C600CF028FFE5
:100E60000446414B0021414A41481C600CF020FFE0
:100E70000446404B0021404A40481C600CF018FFDB
:100E80003F4B18600CF0E6FEFEE700BF5C2303203A
:100E900000140040A823032000100040102303206A
:100EA00000440140C422032000480140F4230320F1
:100EB00094030320481F012070030320DC02032059
:100EC00040BF0020D80203204C030320A0AF002025
:100ED000D00203202803032000A0002004030320E5
:100EE000CC02032000500020E0020320CC27032086
:100EF00000000020C8270320D4020320200D032077
:100F000074250320D426032070260320D01103204B
:100F1000301B032004007201800B010855020008F9
:100F2000E41F03205C0B010859020008E01F0320A6
:100F3000380B010809030008140B01089903000885
:100F400080160320F00A01081D040008CC0A0108DD
:100F5000B9040008A80A0108D50600087008032093
:100F6000840A0108F9070008C0030320600A010889
:100F7000FD070008BC0303203C0A01080108000823
:100F8000B8030320094A0368934206D0084A9342F3
:100F90000AD0084A934205D07047074A13680133C4
:100FA0001360704700F0DCBF05F0CCB900140040BE
:100FB000002C0140001000409402032072B6FEE7AE
:100FC000704700BF38B51A4C1A4D236828881B6833
:100FD00019499B6880B298472368A8881B681749FD
:100FE0009B6980B298472368287B9B7C95F82010EA
:100FF000134A93B100F040FC2368A87D1B68114997
:101000009B6C98472368688B1B680F499B6D80B267
:10101000984723689B7C1BB938BD00F001FCEBE7C7
:101020000A4B0B491879BDE8384000F031BC00BFCD
:101030009000032054000320F0280320642903209B
:10104000D82903204C2A0320C02A0320780003203B
:10105000342B03200870704700787047030A08702B
:101060004B707047012994BF00780088704700BF1B
:10107000012908D94FF6FE2302889A4203D8981A0C
:10108000C0F34F0070470020704700BF012911D9FD
:101090004378FA2B07D8084AC3EB0330A2FB0020A1
:1010A000C0F30F10704740F6FF72FF2B0CBF0020FB
:1010B0001046704700207047D34D6210022907D9AF
:1010C0004FF6FF73B0F80100984208BF0020704748
:1010D00000207047042907D94FF6FF73B0F80300CA
:1010E000984208BF0020704700207047012907D9A7
:1010F0004FF6FF730088984208BF4FF400607047B6
:101100000020704701290ED94FF6FF7300889842DE
:1011100009D047F27F53984238BF1846A0F5EA40FD
:101120007F3880B270474FF400607047032986BF54
:10113000C078C0F381000020704700BF09B100787B
:1011400070470846704700BF012906D9437803F06D
:101150000F03013BDBB2022B01D900207047024A8A
:1011600032F81300704700BFB40B010819B10178C1
:10117000C1F3810070470846704700BF032986BF4E
:10118000C07800F003000020704700BF034600B5A0
:1011900083B008465BBA02220DF10601ADF80630B5
:1011A00004F02EFB03B000BD8446002310B50C46AE
:1011B00082B00DF1060002226146ADF8063004F05F
:1011C0001FFBBDF80600012C98BFC0B240BA80B228
:1011D00002B010BD002300B5012983B0ADF8063080
:1011E00002D8184603B000BD014602220DF10600E8
:1011F00004F006FB9DF8060003B000BD38B50D46AF
:1012000004460822FF21284604F0F6FAB4F5FB4F05
:101210000ADAC4F5FA447F34640004F0FE03C4F330
:1012200007242B706C7038BD002423466C702B7023
:1012300038BD00BF38B50D460822FF2104462846B8
:1012400004F0DAFAFA2204FB02F2044BA3FB0213C5
:10125000D21A03EB5203DB0A6B7038BD0101100098
:1012600038B50C4605460822FF21204604F0C4FA92
:101270002B0A6570A37038BD38B50C4605460822A8
:10128000FF21204604F0B8FA2B0AE570237138BD1F
:1012900038B50C4605460822FF21204604F0ACFA7A
:1012A0002B0A2570637038BD38B50C4608220546F8
:1012B000FF21204604F0A0FA48F6802247F27F532F
:1012C000954294BF5B199B189BB21A0A23706270F7
:1012D00038BD00BF38B50D4604460822FF21284618
:1012E0007D3404F089FAAC7038BD00BF38B50D46C6
:1012F00004460822FF21284604F07EFAEB78A40079
:1013000023F00C0304F00C042343EB7038BD00BF42
:1013100038B50C4605460822FF21204604F06CFA39
:10132000257038BDFF2838B50D460FD9C3B2002B44
:101330000CBF012403240822FF21284604F05CFA94
:101340006B7823F00F031C436C7038BD031E18BF6D
:1013500001235C00EFE700BF38B50D4604460822C4
:10136000FF21284604F048FA2B78A40023F00C0350
:1013700004F00C0423432B7038BD00BF38B50C4675
:1013800005460822FF21204604F036FAE37805F0EE
:10139000030523F003032B43E37038BD38B50D4636
:1013A00004460822FF21284604F026FA012C0AD020
:1013B000022C05D0032C0CBFD723FF23AB7038BD04
:1013C000C723AB7038BDC323AB7038BD38B50C46EE
:1013D00005460822FF21204604F00EFAEBB2022B4C
:1013E00012D0032B09D0042B0CBF51230023FF2D57
:1013F00088BF43F00403237038BD1123FF2D88BF3D
:1014000043F00403237038BD0123FF2D88BF43F050
:101410000403237038BD00BF38B50C4605460822CA
:10142000FF21204604F0E8F915F0080F0CBF002159
:10143000FA2115F0100F0CBF0022FA2215F0200F30
:101440000CBF0023FA2315F0400F0CBF0020FA2038
:1014500015F0800FE0700CBF0020FA2015F0010F8E
:1014600021700CBF0021FA2115F0020F62700CBF31
:101470000022FA2215F0040FA3700CBF0023FA23F8
:1014800020716171A271E37138BD00BF022906D9D4
:1014900080787D38C0B2812888BF00207047002046
:1014A000704700BF032906D9C0787D38C0B28128B3
:1014B00088BF002070470020704700BF02290FD965
:1014C000837803F00C02042A01D001207047C3F393
:1014D0000113012B06D0002B0CBF02200120704706
:1014E000002070470320704707292DD903784278E0
:1014F000A3F1FA03B3FA83F3FA2A4FEA531382787B
:101500004FEAC30308BF43F01003FA2AC27808BFAA
:1015100043F02003FA2A027908BF43F04003FA2A75
:10152000427908BF43F08003FA2A827908BF43F06A
:101530000103FA2AC27908BF43F00203FA2A08BF5E
:1015400043F0040318467047002070470078704746
:10155000D9B103789A09012A0ED003F03002102A7B
:1015600015D003F00302012A14BF0120022003F06A
:101570000C03042B06D0704703F00C03042B4FF030
:101580000400F8D140F47F407047084670470320BC
:10159000EDE700BF0078704700787047007870472B
:1015A000007870470870704708707047087070477F
:1015B0000870704708707047030A08704B707047D6
:1015C000012994BF00780088704700BF38B50D46E8
:1015D0000822FF210446284604F00EF9FA2204FBF3
:1015E00002F2044BA3FB0213D21A03EB5203DB0AF1
:1015F0006B7038BD01011000012911D94378FA2B15
:1016000007D8084AC3EB0330A2FB0020C0F30F1039
:10161000704740F6FF72FF2B0CBF0020104670474A
:1016200000207047D34D6210034600B583B00846D2
:101630005BBA02220DF10601ADF8063004F0E0F8C5
:1016400003B000BD034600B583B008465BBA022272
:101650000DF10601ADF8063004F0D2F803B000BD7C
:10166000034600B583B008465BBA02220DF10601BD
:10167000ADF8063004F0C4F803B000BD034600B571
:1016800083B008465BBA02220DF10601ADF80630C0
:1016900004F0B6F803B000BD034600B583B00846B9
:1016A0005BBA02220DF10601ADF8063004F0A8F88D
:1016B00003B000BD034600B583B008465BBA022202
:1016C0000DF10601ADF8063004F09AF803B000BD44
:1016D000034600B583B008465BBA02220DF106014D
:1016E000ADF8063004F08CF803B000BD844600234A
:1016F00010B50C4682B00DF1060002226146ADF82D
:10170000063004F07DF8BDF80600012C98BFC0B289
:1017100040BA80B202B010BD8446002310B50C461A
:1017200082B00DF1060002226146ADF8063004F0E9
:1017300067F8BDF80600012C98BFC0B240BA80B26D
:1017400002B010BD8446002310B50C4682B00DF1E6
:10175000060002226146ADF8063004F051F8BDF8EB
:101760000600012C98BFC0B240BA80B202B010BDD2
:101770008446002310B50C4682B00DF1060002220B
:101780006146ADF8063004F03BF8BDF80600012CC8
:1017900098BFC0B240BA80B202B010BD84460023E8
:1017A00010B50C4682B00DF1060002226146ADF87C
:1017B000063004F025F8BDF80600012C98BFC0B231
:1017C00040BA80B202B010BD8446002310B50C466A
:1017D00082B00DF1060002226146ADF8063004F039
:1017E0000FF8BDF80600012C98BFC0B240BA80B215
:1017F00002B010BD8446002310B50C4682B00DF136
:10180000060002226146ADF8063003F0F9FFBDF88C
:101810000600012C98BFC0B240BA80B202B010BD21
:1018200070B515460E46044682B028460822FF21B0
:1018300003F0E2FF44EA0624022228460DF10601E5
:10184000ADF8064003F0DCFF02B070BD002300B528
:10185000012983B0ADF8063002D8184603B000BDA8
:10186000014602220DF1060003F0CAFFBDF8060092
:10187000000A03B000BD00BF38B515460446082273
:10188000FF2128467D3403F0B7FFEC7038BD00BF60
:1018900038B50D4604460822FF21284603F0ACFF68
:1018A000A31EDBB2042B06D8054A0649D25CCB5CEA
:1018B0002A706B7038BDFC2300226B702A7038BD13
:1018C000AC0B0108A40B0108012918D9037803F017
:1018D0000302012A17D003F00C02042A15D003F0EA
:1018E0003002102A0DD003F0C003402B0FD04378F4
:1018F00003F00303012B0CBF0620012070470020DA
:10190000704705207047022070470320704704206D
:10191000704700BF4FF08041022201232DE9F041C2
:10192000174C0025C4E91123164E174FDFF86080CD
:10193000E16311E0D8F800202365937C003B18BFD9
:10194000012312493868A36405F08CFD78B96B1C3B
:10195000022B4FF0010511D056F8043B2564E364D7
:10196000002BE7D06FF0604201232265E9E7FFF723
:1019700025FB6B1C022B4FF00105EDD1BDE8F0817A
:1019800000000320CC0C0108C02803203C000320E9
:101990009000032038B50C46064D0749074B0A60F6
:1019A0002860074901201C600CF0EAFB054B186019
:1019B00038BD00BFC0280320B8280320BC2803205E
:1019C000D027032020280320F0B54D4E83B0306887
:1019D00005F0F2FD306805F05BFC00286FD10022B5
:1019E000484D402148482A71EA602A616A61AA612B
:1019F000AA60EA6185F8202006F018FD306805F03D
:101A0000DBFD0B2202233068C0E90D2305F040FC0A
:101A1000002871D100240222012340F2FF71C5E9A0
:101A20000B233A4FA9636C6202E001340B2C0ED0F9
:101A300037F8023B36493068AC626B6305F012FD43
:101A40000028F2D00134FFF7B9FA0B2CF0D1FFF7E0
:101A500061FF0023022230681146009305F02EFD3D
:101A6000002846D1306805F04BFD00283ED1002209
:101A70000121306805F0F2FEA8BB00220621306883
:101A800005F0ECFE60BB07224FF4F051306805F022
:101A9000E5FE10BB07228021306805F0DFFEC8B9E3
:101AA00000221C49306805F0D9FE80B900224FF4AD
:101AB0006021306805F0D2FE20B903B0F0BDFFF719
:101AC0007DFA8CE703B0BDE8F040FFF777BAFFF787
:101AD00075FAEBE7FFF772FAE2E7FFF76FFAD9E77B
:101AE000FFF76CFACFE7FFF769FAC6E7FFF766FA88
:101AF000BDE7FFF763FAB5E7FFF760FA8AE700BFD3
:101B0000C02803200000032000040242D40C010876
:101B10002400032000407100014B186805F04CBD03
:101B2000C0280320FFF7F6BE384A394B904210B464
:101B30001B685BD015D9374A904248D037D8364A0F
:101B400090422FD0354A1024801A4FF001014FF0F7
:101B50003F0218BF0120C3E9072459615DF8044B17
:101B600070474CF2503290423BD028D842F210726B
:101B700090420DD044F62062904241D119211422A6
:101B800013240020C3E9072459615DF8044B704712
:101B90003221132414220020C3E9072459615DF87F
:101BA000044B70470221142213240020EAE71C4A48
:101BB00001219042EDD03F2210240846E2E7194A65
:101BC00090421DD10521142213240020DAE70C22B3
:101BD000012114460020C3E9072459615DF8044B34
:101BE00070470A21142213240020CBE71324042178
:101BF00014220020C3E9072459615DF8044B7047A3
:101C000001213F2210240846BCE700BF48E801003C
:101C1000C028032000350C0090D0030020A107004D
:101C200040420F00A08601000346054A19780020B3
:101C300051615978D16199781162DB78936170476D
:101C4000702603200246024B00209A61704700BFB5
:101C500070260320034600B5064A93F801E093F886
:101C600000C082F810E004499B7881F800C05374EA
:101C7000002000BD70260320980203202DE9F047C4
:101C8000054682B0C0680F4603F0AEFDAB68B3F105
:101C9000005F3ED00646824600F12409264C4FF0F4
:101CA000FF3120680CF02AFB0128F8D1DFF894807E
:101CB000D8F800000CF008FD484517D202251F4A4D
:101CC00013792B431371002320681A4619460CF030
:101CD000BBF91B4A022312681068002211460092C9
:101CE0000DF018FE284602B0BDE8F08729464FF0F7
:101CF000FF332422D8F800000CF008FD054686B911
:101D00004D450CD00D4A0125137943F0080313719A
:101D1000D9E74FF0000A4FF024095646BEE70025E8
:101D2000D1E7524639464FF0FF33D8F800000CF0A7
:101D3000EDFC0544E4E700BF202803200000032059
:101D4000BC280320C82703202DE9F04700250C46B6
:101D500082B0C9070646019516D4A20707D502210D
:101D6000314A137943F0010313713368196563072E
:101D700038D4019B2BB14FF0E0234FF08052C3F8D1
:101D8000042D02B0BDE8F087DFF8A890DFF8988056
:101D900040214A46254B05F087FCD8F81430D9F885
:101DA0000C000133C8F8143003F01EFDDFF888A0E2
:101DB0000746DAF800000CF087FC07F12803984288
:101DC00024D349462822DAF8000001AB0CF038FD94
:101DD000002FC2D03A46DAF80000144901AB0CF0EB
:101DE0002FFDBAE70424104B11499A6908680132A3
:101DF0009A611A79002142F008021A71336800686A
:101E00000DEB04021C650DF0A5FEB2E7D8F8183002
:101E100029460133C8F81830054B01AA1B68186819
:101E20000DF098FE99E700BF0000032078280320FA
:101E3000B828032050280320CC270320002110B508
:101E40000A4A0B4C1268236982B01068013301AA58
:101E5000236101910DF07EFE019B2BB14FF0E02339
:101E60004FF08052C3F8042D02B010BDBC280320EF
:101E700000000320002110B50A4A0B4C1268E369E8
:101E800082B01068013301AAE36101910DF062FE96
:101E9000019B2BB14FF0E0234FF08052C3F8042D8B
:101EA00002B010BDB82803200000032038B50C464E
:101EB000104D294605F092FCA10303D5EB68A3B9A8
:101EC0000D4A1360620309D52B690B4A012B137964
:101ED0000CBF43F0040303F0FB031371230303D58A
:101EE0000122054B83F8202038BD4FF00042024B01
:101EF0001A60E7E72428032000000320704700BF92
:101F000091B14FF0FF3210B4084C014410F8013B7E
:101F10005340DBB254F82330884283EA1222F5D1D1
:101F2000D0435DF8044B704708467047EC0C01083D
:101F30000022014B1A607047C8280320034B1B681E
:101F40009B7C03B9704700F089BE00BF900003205E
:101F5000024A136801331360704700BFC82803208A
:101F6000024A136801331360704700BFC42803207E
:101F700000200DF083B800BF00200DF07FB800BF37
:101F800000200DF07BB800BF00200DF077B800BF37
:101F9000124B1B68198901B310B400245B68104A06
:101FA00003EB411CD3E90001C2E90001986899697B
:101FB0009061D8682033506153F8100C6345C2E932
:101FC000024053F80C0C02F1740242F8100C42F873
:101FD000041CE7D15DF8044B704770479000032064
:101FE000CC280320F0B50024051B18BF01250746A7
:101FF000154B6D4285B003F52E76EDB218460822DA
:1020000029460EF0A5FB03467433B342C0E91144E0
:10201000F4D10FB105B0F0BD0C4A0D4D02AC92E801
:1020200003000822CDE9000195E8030084E80300DD
:102030006946084803F0E4FB08222146064803F0FD
:10204000DFFB05B0F0BD00BFF0280320D809010870
:1020500038090108D82903204C2A0320002208B59A
:102060000549064B09681A70887CFFF7BBFFBDE87D
:102070000840FFF78DBF00BF9000032076000320CB
:1020800098B138B5094B1A6882420DD00122084C2C
:1020900018602578807CEDB22270FFF7A3FFFFF770
:1020A00077FFFFF73FFD257038BD70479000032094
:1020B0007600032000293CD0F0B5744B83B01D6836
:1020C000AF7C6FB906462C8A44B1EB6803EBC40CB5
:1020D0001C68B4420FD008336345F9D103B0F0BD9A
:1020E000C0F30743EF2B4FEA1024C0F31126EAD8C0
:1020F000674E2640E7E71C79E7B1B6F56F4F49D048
:102100004FF6D4539E4266D04FF602739E4200F0C3
:10211000AD800F2C10D12B681046DB6F00929847D2
:10212000009A137803F00303032BD7D0594B18837D
:10213000D4E77047082C3BD02B68104603EBC40350
:102140005B689847102CC9D801A353F824F000BF4E
:10215000F92100082D220008332200083922000846
:102160003F220008452200084B22000851220008A7
:102170005722000811220008192200082122000815
:1021800027220008052200080B2200082D21000844
:10219000FF210008C0F30720132860D05A289DD1E2
:1021A0002B6810465B6D98473A4AC3B2D37595E7E2
:1021B0002B6810465B6C0091019298470099354C52
:1021C000C0B20129207389D0019A1046FFF73EFB67
:1021D00084F8200082E7C3B2212B4ED05A2B7FF423
:1021E0007DAF2B681046DB6C9847C3B2032B3FF4DE
:1021F00075AF284A937571E7264B58806EE7254BDB
:10220000D8836BE7234B188268E7224B988365E7F6
:10221000204BC0B2987561E71E4BC0B2D8755DE720
:102220001C4B58835AE71B4B588257E7194B1880B1
:1022300054E7184BD88051E7164B98804EE7154B62
:1022400098824BE7134B588148E7124B188145E7BA
:10225000104BD88142E70F4BC0B218733EE72B6892
:102260001046DB6A98470B4B588137E71046FFF75B
:102270002BFB084B83F8200030E72B6810465B6F80
:102280009847044AC3B2938328E700BF9000032015
:1022900000FF030054000320324B1B78002B5FD15A
:1022A0002DE9F04FDFF8C0A003F0FF06DAF80030A8
:1022B00083B01B89002B50D0DFF8B080074644461E
:1022C0003546DFF8AC900AE0DAF8003001351A89BB
:1022D000ABB29A4204F1740406F174063DD9E36E80
:1022E000626EFB1A9342EFD3B4F9703006F124000A
:1022F00000EBE300002B404408DBB4F86830022216
:102300005BBA01A9ADF8043003F07AFAB4F972307F
:1023100004F1240B002B4FEAE30112DB5846FFF7D0
:10232000EFFD0422B4F972300190002BB8BF0733DF
:1023300006F1240000EBE30040440DEB020103F042
:102340005FFAD9F80030594623612046FFF796FC22
:10235000A36EE7660133A366B6E703B0BDE8F08F6E
:10236000704700BF7600032090000320CC28032094
:102370000000032038B50446084B094D1A60094B8C
:10238000049A29601A6000F04DF8204603F064F8C2
:10239000204603F09BFA002038BD00BF882B0320A5
:1023A0008C2B0320842B032038B5054603F074F8EA
:1023B0000446284603F096FA2043C0B238BD00BF59
:1023C00070B5154B82B01B6804460D46164603F0E7
:1023D00099F801280AD0114B3246294620461B683D
:1023E00003F0AAFA01280BD002B070BD00220C4BFA
:1023F00011461B681868022300920DF08BFAEAE779
:1024000000220749022309680868114600920DF06E
:1024100081FA02B070BD00BF882B0320842B0320FB
:102420008C2B032000B583B0102001A900F09EF88A
:1024300008B903B000BD0021102000F07FF800387B
:1024400018BF012003B000BD00B583B0102001A962
:1024500000F08CF820B90146019820B903B000BD06
:10246000012003B000BD102000F068F8003818BF4C
:10247000012003B000BD00BF70B5002682B0044645
:102480000D46102001A9019600F070F810B9019BCB
:10249000A34202D8012002B070BD04F11100294608
:1024A00080B200F063F8801B18BF012002B070BD3D
:1024B000002210B5114B82B01B78019213B9184657
:1024C00002B010BD044601A9102000F04FF840B939
:1024D00001981130FF2804D8214680B200F02EF870
:1024E00018B10123184602B010BD01991020013126
:1024F00000F024F8031E18BF0123E0E77700032053
:10250000014608B5102000F031F8003818BF01204E
:1025100008BD00BF10B505F0F3FA00200AF048FC32
:10252000044618B905F000FB204610BD00200AF053
:102530000DF805F0F9FA204610BD00BF38B5044685
:102540000D4605F0DDFA204629460AF0D9FEC305FE
:10255000044603D405F0E8FA204638BD0AF0D0F866
:102560000443A4B205F0E0FA204638BD0AF02ABAC6
:1025700084462DE9F8430CF50055104695F82721BF
:102580000CF580540F461E46B4F89210B4F89430FF
:1025900072B3002940F08E80072B40F2A0803E2BC2
:1025A00040F2B9804FF04008B3F5805F4246C14623
:1025B0005FD21B0A43F010030370B4F894300CF59B
:1025C00084514370023A1C31023003F019F90122A0
:1025D0000223A8F1020887F80090A4F89280A5F8D9
:1025E0001C2184F891300120C4F89860BDE8F8837C
:1025F000B1B307224FF008085B1A1FFA83F9B5F848
:102600001C31914503F00F0343F0200300F8013B18
:10261000B4F8923003F5845303F11C030CEB03016F
:102620004CD903F0EDF887F80080B4F89230B5F893
:102630001C21013B9844A4F8928095F822313BB1CB
:10264000B2FBF3F103FB112313B9022384F8913099
:102650000132A5F81C210120C4F89860BDE8F88378
:10266000072B3CD94FF00808B3F5805F4246C146BE
:102670009FD310230360B4F894300CF584511B0AE7
:102680000371B4F89430063A43711C31063003F0FC
:10269000B7F801220223A8F1060887F80090A4F8F1
:1026A0009280A5F81C2184F891300120C4F898602C
:1026B000BDE8F8833F224FF040089DE74A4603F00B
:1026C0009FF8032309F101023A7084F89130B4F8BD
:1026D0009230B5F81C219944A4F89290B8E700F81C
:1026E000013B0CF58451B4F894201C3103F088F8B8
:1026F00001210322B4F894300B443B70B4F89430B9
:102700000120A4F89230A5F81C1184F89120C4F897
:102710009860BDE8F8830170B4F894300CF58451EA
:102720004370B4F894201C31023003F069F8B4F817
:102730009430012103220233DFE700BF70B500248B
:102740000E4600F580530470C0F8024004738460A4
:10275000C3F89240C3F89840A3F88E40A3F8904085
:1027600000F50053054621464FF48452C3E947441F
:10277000C3F82861C3F824410D300DF0E9FF4FF490
:102780008452A8182146BDE870401C300DF0E0BF0F
:10279000F0B591B0169D0446856019B3964612783F
:1027A0008C46100903281DD8DFE800F0024C7A227D
:1027B000003B18BF012304F5005282F8263123782C
:1027C00023B10621002382F8241123709EF80050C3
:1027D000BCF1080F05F00F0500F2D1800123002D98
:1027E00040F0D680237B012B00F0A78011B0F0BD14
:1027F00004F5805797F8911002F00F0204F5005687
:102800004B1E012A86F82121DBB200F00B81022A3F
:1028100000F01181002A40F0FB80BCF1010F00F0B4
:102820001E819EF80130BCF1020F86F8223101D0E2
:102830009EF80220022986F82321D3D1012387F8AC
:102840009130CFE7003B18BF012304F5005686F80E
:102850002631227822B1062286F824210022227015
:10286000BCF1070FBED99EF800209EF8010002F0CF
:102870000F01014340F09C80DEF8022012BA072AC3
:10288000B0D9B2F5845F40F2F0800222072086F8CA
:102890001E2186F82401217096F81F21322159E06B
:1028A0002378012B9ED104F58057B7F88E1002F0E3
:1028B0000F0201F00F039A4240F0A2806088A388C3
:1028C00097F890201B1A9BB2002A00F0BE80551E7C
:1028D000AEB29E4280F0BC80944583D14A1C92B235
:1028E000EDB20D30A7F88E200EF101012A462044EA
:1028F00002F086FF6388A2882B449BB29A426380D1
:1029000000F0B08004F5005696F81F21002A3FF42D
:1029100069AFB7F88E30013B93FBF2F102FB113344
:10292000002B7FF45FAF96F8263196F81E11003B1E
:1029300018BF012341F030010CE004F5005696F871
:10294000263196F81E11003B18BF012396F81F216F
:1029500041F0300100208DF8012003228DF8001095
:1029600096F820112073D6F828015B058DF8021027
:1029700083616946C260FFF781F911B0F0BD002D97
:102980007FF430AF9EF801500223002D3FF42AAFB0
:10299000ACEB03018D423FF725AF0EEB03012A4656
:1029A00004F10D0002F02CFF02236580237019E76B
:1029B000120202F470620243072A7FF613AF02216B
:1029C0000B46ACEB0303DDB204F58057A2807144E3
:1029D0002A4687F890C004F10D0002F011FF012390
:1029E00000226580237086F81E21A7F88E3096F8A5
:1029F00026313021003B18BF012396F81F21A9E79B
:102A00000421002304F5005282F824112370E9E622
:102A1000012B3FF6E7AE0522032386F8252187F830
:102A20009130DFE6012B3FF6DDAE0223C7F8985068
:102A300087F89130D6E6012B3FF6D4AE0822032367
:102A400086F8252187F89130CCE6072B3FF6CAAEF1
:102A50009C457FF6C7AE4A1C92B2DDB241E786F8CC
:102A60002221E7E602232370BCE606210B46A8E7F5
:102A70000378012B01D0002070478268064B891A29
:102A80009942F8DD0321002300F5005282F8241159
:102A900003700020704700BF400D03002DE9F04196
:102AA00000F58055144695F8912092B0561E012EDF
:102AB00005D9032A0ED0002012B0BDE8F081D5F868
:102AC0009830394ECB1AB3420BD9022300F500508F
:102AD00080F825310023012085F8913012B0BDE83F
:102AE000F081012AE7D100F5005696F9237196F896
:102AF0002321002F05DA0F32D2B2082A8CBF7F22A1
:102B000001229A42D7D80B4602AA0DF10701FFF71E
:102B10002FFD9DF80780B8F1080F38D9B8F10C0FD8
:102B200037D9B8F1100F36D9B8F1140F35D9B8F13B
:102B3000180F34D9B8F1200F33D9B8F1310F34BFA1
:102B40000E270F27384602F04FFE80450AD2A0EB31
:102B50000802013AD2B202AB0021013203EB0800B5
:102B60000DF0F6FDE76096F82731003B18BF012312
:102B70005B05A36102E0012002F062FE204602A98B
:102B8000FFF77CF80028F6D195F8912091E74746A9
:102B9000D8E70927D6E70A27D4E70B27D2E70C277F
:102BA000D0E70D27CEE700BF400D030000F58052AF
:102BB000B2F89430B3F5845F14D892F891309BB991
:102BC00000F5005300204FF0010CA2F89200A3F88A
:102BD0001C01C2F8981093F8261183F8271182F887
:102BE00091C07047012070474FF0090C00F5005369
:102BF00083F825C1E6E700BF830F032BC0F30D4028
:102C000020D0012B0ED0B3B9B0F5B97F21D01F234E
:102C10005FFA80FC000A012281F800C048708B70C6
:102C2000CA70704740F263539842F0D102204FF0CF
:102C3000740C0D23EFE79128E9D10B204FF0380CED
:102C40000223E8E72928E2D102204FF07F0C092374
:102C5000E1E70B204FF0EF0CDDE700BF2DE9F04F6F
:102C6000456893B0B5F1804F02D013B0BDE8F08F46
:102C70000668C068C6F307470C4602F0B5FDEA2FA8
:102C8000C6F3072832D0EC2FEFD1B8F15A0FECD1B0
:102C90000728EAD92378102BE7D1E3793002C54918
:102CA000A27980B20143647908201B0443EA02231D
:102CB000234300224FF0FF34099123FA00F18DF8ED
:102CC00021308DF822101B0C0C9007A909A8CDE922
:102CD0000D22CDE90F220A958DF823300B92119227
:102CE00007948DF82040FEF7C9FFBEE70228BCD943
:102CF000B8F1FF0F23D0B8F15A0FB6D1A37861789D
:102D000022781B0443EA01231343B3F56E4F40F0CE
:102D1000C480A94A33029BB21A4300234FF0804576
:102D20000824A64909A8CDE90A53CDE90C43CDE909
:102D30000E33CDE910330992FEF7A0FF95E7A37893
:102D4000617822781B0443EA01231343B3F56E4FE5
:102D500000F02E814FF6C552934200F0CB804FF623
:102D6000CA62934281D14FF0000904A8CDF81090B7
:102D7000FFF7C6FB924B049AB3F81EA0012ACAF3D0
:102D8000400A4FEA8A1A4AF03F0A5FFA8AF440F290
:102D90002981920002321FFA82FA8A4B0AF1060157
:102DA000A3FB0103C91A03EB5103C3F387074FF0D9
:102DB000804385490A930991082120230C91834976
:102DC00007AA08910DF1240B4FEA1A218DF81E1065
:102DD000584611468DF81C301546CDE90D99CDE9C0
:102DE0000F99CDF82C90CDF844908DF81DA08DF85A
:102DF0001F70FEF743FF764B0993002F3FF435AF6A
:102E0000CDE9027B4FF00108A3460DF1230608220D
:102E1000FF21284602F0F0FC334656469A4608F158
:102E2000FF34C4EBC4048DF81C80A4B20195A64203
:102E30001ADDA3B243B3012B2DD0A7B2023F05A9DF
:102E4000B810CDF8149007F00307FFF715FB0598AD
:102E500006A9FFF7D1FE0DEB07031B7E05F8013F26
:102E6000AA4504F10104E2D15346019D0398294685
:102E7000B24608F101081E46FEF700FF029B5FFA0A
:102E800088F84345C3D2F0E605F801BFAA4504F12E
:102E90000104CED1E8E7FF23E0E74FF6C5529342A5
:102EA00028D04FF6CA6293423FF45DAF0827002254
:102EB000FF240A956FF0FE0506FA07F0454980B237
:102EC0000143099123FA07F18DF821308DF8221082
:102ED0001B0C07A909A8CDE90B27CDE90D22CDE9E7
:102EE0000F228DF82330119207958DF82040FEF7C0
:102EF000C5FEBAE6384802F097FC00224FF0804148
:102F00000824314DCDE90A12099505462021CDE965
:102F10000C42CDE90E22CDE91022304A294B08920D
:102F2000AA1D8DF81C10A3FB0213D21A07A803EBED
:102F3000520325FA04F10DF1240BC3F387088DF831
:102F40001E100746014658468DF81D508DF81F800B
:102F5000FEF794FE1E4B0993B8F1000F3FF485AEC7
:102F60000124DFF874900DF12306A4EB090A08226E
:102F7000FF21384602F040FC3A46631EC3EBC30310
:102F80009BB2013B8DF81C404B440AEB03018D4280
:102F900005DD13F8011F02F8011F9642F5D1013437
:102FA00039465846E4B2FEF769FEA045DFD25CE63A
:102FB0000B4AB2E65A00EC1C5A00EE180411010844
:102FC00054000320254992245AFFEC1CFFCAFE003E
:102FD0005AFFEB1C5A00E818EC100108FFC5FD0071
:102FE0005AFFEE1808224FF0804316490C920991BF
:102FF00007A908460D46FF210A93CDE90D99CDE9B1
:103000000F99CDF82C90CDF8449002F0F5FBFF22FB
:10301000049B8DF81C40012B8DF81D2006D0CDF8A7
:103020001E90294609A8FEF729FE1EE606A9484675
:10303000CDF81890FFF720FA06980DF11E01FFF762
:10304000DBFDEEE75ACAFE182DE9F043144602787C
:103050000646013A1D4685B0092A11D8DFE812F06C
:103060001C0010000A008A01100010000A00100065
:1030700066010A00012900F08A817F22122101E005
:103080007F221121032322703278A17062702B807D
:10309000002005B0BDE8F0830229EED14123237062
:1030A000437863709E2BE8D801A252F823F000BF4A
:1030B00007360008E53500087B3000081D3500089C
:1030C0001335000809350008FF340008F5340008FE
:1030D0007B3000087B3000087B3000087B30000824
:1030E000DF340008CF340008C5340008C5340008B8
:1030F000A5350008A33400087B300008BD35000862
:103100007B300008B13500087B3000087B300008B8
:103110007B3000087B3000087B3000087B300008E3
:10312000793500087B3000087B30000859350008ED
:1031300099350008993400087B3000087B3000087E
:103140007B3000087B3000087B3000087B300008B3
:103150007B3000087B3000087B3000087B300008A3
:103160007B3000087B300008A33400087B30000867
:10317000A3340008993400087B3000086536000845
:10318000593600087B3000087B3000087B3000088F
:103190007B3000087B3000087B3000087B30000863
:1031A0004D3600087B300008413600087B300008AF
:1031B000353600087B3000082936000899340008AD
:1031C0001D360008A334000813360008A334000895
:1031D0007B300008B7340008B73400087B300008A3
:1031E000B734000899340008993400087B3000088F
:1031F0007B300008333500087B3000087B30000846
:103200007B300008AD340008AD3400087B30000886
:103210007B3000087B3000087B3000087B300008E2
:103220007B3000087B3000087B3000087B300008D2
:10323000273500087B3000088F35000883350008EB
:103240007B3000087B3000087B3000087B300008B2
:103250007B300008D13500087B3000087B30000847
:103260007B3000087B3000087B3000087B30000892
:103270007B3000087B3000087B3000087B30000882
:103280007B3000087B3000087B3000087B30000872
:103290007B3000087B3000087B3000087B30000862
:1032A0007B3000087B3000087B3000087B30000852
:1032B000C53500087B3000087B3000087B300008F3
:1032C0007B3000087B3000087B3000083D3500086B
:1032D0007B3000087B3000087B3000087B30000822
:1032E0007B3000087B300008AD3400087B300008DC
:1032F0007B3000087B3000087B3000087B30000802
:103300007B3000087B3000087B3000087B300008F1
:103310007B3000087B3000087B3000087B300008E1
:103320007B3000084D3500089934000802297FF4ED
:10333000A4AE49232370437863700A2B3FF69DAEF9
:1033400001A252F823F000BFE73300087B300008E9
:10335000073400087B300008F53300087B30000894
:10336000893400087B3000087B3000087B3000087F
:103370006B34000801297FF480AE0191FFF764F8F7
:10338000019968BB337840332370298080E602A816
:10339000FFF7B6F820BB029B5A1C52002A803278F5
:1033A00063704032DBB22270002B3FF471AE0746EF
:1033B00004F1020904F103080CE0039B1A0E09F85A
:1033C00017201B0C9DF8082008F817300137BA4267
:1033D0007FF65EAE384603A9FFF74EF80028ECD022
:1033E0007F2210214EE644F254020623C4F8022044
:1033F0002B804DE601239E49A370E01C02F00CFADD
:1034000013232B8044E614230120E61CA0703146D0
:103410002B80FFF7ABF8E11D05460220FFF7A6F869
:10342000034604F10B0103201D43FFF79FF80346F9
:1034300004F10F010420ADB21D43FFF797F80346D6
:1034400004F113010520ADB245EA0304FFF78EF83D
:10345000A4B244EA00039BB2002B3FF419AE112240
:103460000021304602F0C8F912E60123E61CA370E1
:1034700014220021304602F0BFF930467D4902F0A7
:10348000CBF917232B8003E6782207237A49A27110
:10349000C4F802102B80FBE5042200232A806380FD
:1034A000F6E5032200232A80A370F1E5032280239E
:1034B0002A80A370ECE50322704B2A805B881B09ED
:1034C000A370E5E503228A232A80A370E0E50322A6
:1034D0006B4B2A809B8AC3F30723A370D8E5042390
:1034E000674A2B809388C3F34A13A3709388DB0049
:1034F000E370CDE5032288232A80A370C8E5032268
:103500007E232A80A370C3E5032274232A80A3703C
:10351000BEE503224C232A80A370B9E504220223CE
:103520002A806380B4E50622564B2A80C4F8023014
:10353000AEE5032201232A80A370A9E50721002319
:10354000514A2980C4F80220A371A1E50622002374
:103550002A80C4F802309BE504232B800BF0C4FEC4
:103560004A4DA5FB00239B0BA3700BF0BDFEA5FBF2
:1035700000539B09E3708BE503220A232A80A37082
:1035800086E504224FF413432A80638080E50322FA
:103590007D232A80A3707BE506223D4B2A80C4F858
:1035A000023075E504224FF41C532A8063806FE5D6
:1035B00004224FF47F432A80638069E503232B8034
:1035C000A37065E50622334B2A80C4F802305FE51C
:1035D0000023092140F269122980C4F80220E38007
:1035E000237255E503A8FEF78BFF08B10023039370
:1035F00000230621039A298002F07F02A270E37063
:103600002371637144E50622234B2A80C4F80230FB
:103610003EE5032251232A80A37039E504224FF4AA
:103620009C532A80638033E504224BF635732A804D
:1036300063802DE50622194B2A80C4F8023027E565
:10364000042243F60B132A80638021E5042248F606
:1036500013232A8063801BE50622114B2A80C4F8BD
:10366000023015E5032264232A80A37010E500BF11
:10367000E4090108F4090108011234567800032016
:103680005400032060800001010C9500D34D6210AE
:103690008005B0150204000CBE1FA8137EDC8C014F
:1036A0008C928023814204D900F17840B0F5802FBC
:1036B00001D30020704701F178410139B1F5802F25
:1036C0002CBF002001207047814208D9B0F1005F73
:1036D00005D3044881428CBF0020012070470020A0
:1036E000704700BF00000420814211D9B0F1005F93
:1036F00010D31A4B994219D9194B984208D9194835
:1037000081428CBF002001207047B0F1006F15D2BC
:1037100000207047144B98420AD8144B9842F4D9B1
:10372000134881428CBF0020012070470120704760
:10373000104881428CBF0020012070470E4B9942F7
:10374000E6D80E4BB3F8E030B3F5007FEED00C486E
:1037500081428CBF00200120704700BF0000042080
:103760003F20024040210240FFFFF90BFFFFF80B12
:103770000080F90B0002FA0B000008080005FA0BA4
:103780000000040800B58BB001A804F0B5FB059853
:10379000AA3818BF01200BB000BD00BF00B58BB028
:1037A00072B601A804F0A8FB04214FF40052079B55
:1037B000019143F08063CDE9062304F0A1F918B12B
:1037C00062B601200BB000BD04F0BAF90028F7D1B1
:1037D00001A804F06FFA10B904F0D4F9F0E704F08E
:1037E000C3F904F0A1F9EBE710B58AB004F088F949
:1037F000044604F0A5F9044301A804F07DFB04216C
:103800004FF480729DF81E30E4B2C3F3001383F0CE
:1038100001031B05CDE90623019134B104F0A4F99D
:1038200004F082F901200AB010BD01A804F042FAA8
:103830000028F3D104F0A6F9044604F095F90443F6
:1038400004F072F9E4B22043C0B2003818BF01207E
:103850000AB010BD30B58BB004F052F9044601A88F
:1038600004F04AFB002380220798022110F4801FF5
:10387000CDE9033200930CBF02230123019101A87B
:103880006946029304F0CEFB054604F04DF9284347
:103890002043C0B2003818BF01200BB030BD00BFBC
:1038A00070B504F02DF905460F4C104ED4E90023F5
:1038B000B3F1FF3F08BFB2F1FF3F04F5802107D00D
:1038C000012004F09BF9002818BF45F00105EDB276
:1038D0000834B442EAD104F027F92843C0B20038D2
:1038E00018BF012070BD00BF00E0030800000408FD
:1038F000002330B58FB0009304F002F90223044690
:1039000005A8019304F0F8FA0B9B042213F4801F1E
:103910004FF07C0014BF02230123694603900DEB96
:1039200002000492029304F07DFB054604F0FCF8CB
:10393000054344EA0500C0B2003818BF01200FB0AB
:1039400030BD00BF014608B5012004F057F900382A
:1039500018BF012008BD00BF0022014B1A6070474C
:10396000902B0320514930B40A884AB1B2F57B6FDD
:1039700068D24F4BC2EB0232A3FB0232C2F3CF221A
:103980004C4C4B8822804BB1B3F57B6F5DD2484ADB
:10399000C3EB0333A2FB0323C3F3CF23464D8A8833
:1039A00063802B68B2F5506FA0EB03030FD30122A5
:1039B000642B227120D928604FF0000C94E8070096
:1039C0003E4B84F808C003C330BC1A807047B2F580
:1039D000406F17D2B2F5306F3AD2B2F5206F21D2D4
:1039E000B2F5E06F48D2B2F5807F4DD94FF0000CB0
:1039F000642B84F804C039D84FF0000C84F808C058
:103A000030BC70470322642B2271F5D92B4B286000
:103A10001B79012BD0D16379062B01D8013BDBB296
:103A20006371C9E70522642B2271E5D9234B286015
:103A30001B79012BC0D1E38883F4807323F0FF034B
:103A4000E380B9E740F6FF729AE740F6FF73A5E717
:103A50000422642B2271CFD9184B28601B79012BCB
:103A6000AAD1A37983F00103E380A5E7134B286073
:103A70001B79012BA0D1A1E70622642B4FF0010C8A
:103A80002271BBD9286099E70222642B2271B3D935
:103A90000A4B28601B79012B8ED163799A1FD2B211
:103AA000F82A84BF0133DBB2637185E7942B0320CE
:103AB000BFBF8C8278000320902B0320840003205A
:103AC0000022014B1A7070479A2B0320154B164A9F
:103AD0001B781188B2F802C0507963B9134B198072
:103AE000A3F804C01873107A1179D288987583F8F6
:103AF00020105A8370471F290C4B08D91980A3F84E
:103B000004C00028EED1D989C9B21973EBE7BCF122
:103B10001F0FF3D8598889B21980D98889B2998042
:103B2000EFE700BF9A2B0320780003205400032006
:103B3000014B1860704700BF9C2B0320704700BFEB
:103B400000B5044B83B0186801A907F0D9F90198B2
:103B500003B000BD9C2B03200D4B02781B68403244
:103B600001291A700FD900B5A1F1020E10FA8EFECC
:103B7000024610F801CF724503F801CFF8D1054B8A
:103B80001B68198000BD034B1B681980704700BF7C
:103B9000C42B0320C02B032030B54378044685B0E6
:103BA00013B98378442B0FD07F204FF0310C0321C1
:103BB0003C4B3D4A1B6812681870207883F802C09D
:103BC0005870118005B030BD0B2903D07F204FF015
:103BD000130CECE7354B1978022903D04FF07F0C1A
:103BE0007F20E4E71B7F022B11D1314D6B7B13F05B
:103BF000FB030FD07F20242503212A4B2A4A1B6870
:103C00001268187020789D7058701180DAE74FF0B4
:103C1000330CE5E7D0F80300AB6001232B73D4F835
:103C2000073000BA1BBAC1186B6001922860FFF719
:103C300039FD1C4B19681C4BD3F800C040B36B68AE
:103C4000019A13F0070F0AD07F2370200B70032313
:103C500094F800E0887081F801E0ACF80030237837
:103C60006A734FF20F04202540338DF80C3003AAFD
:103C70004B1EC81C8DF80D50ADF80E4012F8011BFC
:103C800003F8011F8342F9D10423ACF8003099E70F
:103C90007F22312003230A70227888704A70ACF8A2
:103CA00000308FE7C42B0320C02B0320A02B032060
:103CB000CC2B032003780F2B40F283802DE9F047B3
:103CC000A3F1100204460D468EB0772A7FD8DFE8B4
:103CD00012F0420232027E007E00C5017E007E00AC
:103CE0007E007E00AC017E007E007E007E007E00B5
:103CF0007E007E007E00F801E20108027E007E0068
:103D00006C019F01920115027E0085017E00220256
:103D1000D5017E005C017E007E0048012201ED009D
:103D2000DD00D0007E007E007E007E0032010501B5
:103D30007E007E007E007E007E007E007E007E0093
:103D40007E007E007E007E007E007E007E007E0083
:103D50007E007E007E007E007E007E007E007E0073
:103D60007E007E007E007E007E007E007E007E0063
:103D70007E007E007E007E007E007E007E007E0053
:103D80007E007E007E007E007E007E007E007E0043
:103D90007E007E007E007E007E007E007E007E0033
:103DA0007E007E007E007E007E007E007E007E0023
:103DB0007E007E007E007E001501C300B300A600D9
:103DC0008D00A24BA24A1B681268FFF73DB97F2005
:103DD000112503219E4B9D4A1B681268187020789C
:103DE0009D70587011800EB0BDE8F087012D40F233
:103DF000FA84427802F07F03012B00F01485032B34
:103E000000F0FF847F2012250321914B8F4A1B680D
:103E10001268187020789D7058701180E3E77F2039
:103E2000112503218A4B894A1B6812681870207873
:103E30009D7058701180D6E7022D00F0A8847F2075
:103E400013250321824B814A1B6812681870207861
:103E50009D7058701180C6E77F20122503217C4B8E
:103E60007A4A1B681268187020789D70587011800B
:103E7000B9E77F2011250321754B744A1B6812682E
:103E8000187020789D7058701180ACE7704B6F4AA5
:103E9000012D1B68166800F0A9837F2113200322DF
:103EA000197021789870597032809CE7012D40F28A
:103EB0003B83684E737B012B00F01A85644A63498B
:103EC000022B1268086800F0C2857F212425032395
:103ED0001170217895705170038084E7022D00F0F5
:103EE0006D847F2013250321594B584A1B681268A3
:103EF000187020789D705870118074E77F2011250C
:103F00000321534B514A1B681268187020789D702A
:103F10005870118067E7022D00F22D817F20132554
:103F200003214B4B494A1B681268187020789D701A
:103F30005870118057E7012D40F20383437803F056
:103F40000F02042A00F0C1847F2012250321404B78
:103F50003E4A1B681268187020789D705870118056
:103F600041E73D4BB3F8E030B3F5007F00F09C84AF
:103F70007F2011250321364B344A1B6812681870C4
:103F800020789D70587011802DE7032D00F2FB8082
:103F90007F20132503212E4B2C4A1B6812681870B2
:103FA00020789D70587011801DE7012D40F2E3824A
:103FB000467806F07F06012E00F0CD84022E00F038
:103FC000EB847F2012250321214B204A1B681268B5
:103FD000187020789D705870118004E77F2011259B
:103FE00003211B4B194A1B681268187020789D70BA
:103FF00058701180F7E67F2011250321144B134AD6
:104000001B681268187020789D7058701180EAE65D
:104010007F20112503210E4B0C4A1B681268187073
:1040200020789D7058701180DDE6094F022D3B68A5
:1040300000F242827F2013250321044A1870207861
:1040400012689D7058701180CDE600BFC02B032010
:10405000C42B0320CC2B03200005FA0B042D00F009
:10406000B3827F2013250321A44BA54A1B68126845
:10407000187020789D7058701180B4E67F2011254B
:1040800003219E4B9E4A1B681268187020789D7011
:1040900058701180A7E6012D40F26082437803F04A
:1040A0000F02042A00F044847F2012250321934B41
:1040B000934A1B681268187020789D7058701180A0
:1040C00091E6032D00F0A1827F20132503218B4B65
:1040D0008B4A1B681268187020789D705870118088
:1040E00081E67F2011250321844B854A1B681268D5
:1040F000187020789D705870118074E67F2011250B
:1041000003217E4B7E4A1B681268187020789D70D0
:104110005870118067E6022D00F2F5817F2013258B
:104120000321764B764A1B681268187020789D70C0
:104130005870118057E6714B714A022D1B68166842
:1041400000F026827F2113200322197021789870B5
:104150005970328047E6022D00F0F1827F2013254E
:104160000321664B664A1B681268187020789D70A0
:104170005870118037E60222294620460EB0BDE86D
:10418000F047FFF709BD90F901204378002ABCBF32
:1041900003F07F0343704388B8BF01265BBA9BB22C
:1041A000A8BF0026B3F5097F00F35F85B3F5007F54
:1041B0002ADBA3F50073242B26D8DFE813F0ED00EB
:1041C000D600C500B200A30090006800590050015D
:1041D00048012500250025002500250025001401A3
:1041E000FF002500250025002500250025002500CD
:1041F000250025002500250025002500250041017A
:104200002601760143003D007F20312103223B4BF4
:104210001B68187020789970394958700B681A809B
:10422000002E3FF4E0AD354A126812787F2A3FF441
:10423000DAAD00221A80D6E5052D00F069877F20CF
:104240001321E3E7042DFAD1FDF7BEFB0A2009F0A4
:1042500089FD2A4B1A682A4B1B682178403111705E
:1042600061785170A1789170E178D1701D80D7E7A5
:10427000224A234B042D12681B6800F02D877F21F2
:10428000132011702178907051700325EEE70B2DEB
:10429000D5D9456887682DBA3FBA28467919FFF7FE
:1042A00023FA0028B0D039462846FDF729FE0146FA
:1042B0000827124B25781A68403515706078104B26
:1042C0005070A0781B689070E078D171D070080EA3
:1042D0001071080CF940507191711F80A0E7074AD6
:1042E000074B062D11681B6800F002877F22132000
:1042F0000A70227888704A70032290E7C42B03204A
:10430000C02B032071200421AB4B1A68AB4B1070FB
:1043100060781B685070A0789070E078D070198039
:104320007EE7A54B71201968AB1E0A46087014FA87
:1043300083F3214614F8010F8B4202F8010FF8D1E4
:104340009E4B1B681D806BE7FFF7AAFA9A4B1A6811
:104350009A4B1B68002800F00F877F217220117094
:10436000217803259070517080E7FFF7C1FA924BD6
:104370001A68924B1B680028EFD121462078403004
:104380001070A81E14FA80F00C4611F8017F8442C8
:1043900002F8017FF8D169E7874A884B042D12683B
:1043A0001B687FF46CAF4178012900F094870229E3
:1043B00040F089870020824908704EE7042D7FF481
:1043C0003EAF804B1A78022A00F0AA877F227F2016
:1043D0000321794B1B68187020789A70774A5870BF
:1043E000136819801CE7042D7FF429AF754B1A78E8
:1043F000022AEBD11B7F022B40F08F874378012BE1
:1044000000F0CF877F20122100E7052D7FF417AF42
:104410000079FDF717FCFDF7D7FA0A2009F0A2FC96
:104420000420654B21781A68644B40311B68117079
:1044300061785170A1789170E178D1701880EFE6C1
:10444000072D7FF4FCAE0430FDF7EEFBE3E75D4B98
:104450001B7F022B00F011867F203321D6E6082D2A
:104460007FF4EDAE4378012BCCD1C379042B7FF4DC
:10447000CBAE807922796379000240EA026040EA9B
:10448000034040F00400FEF713F8002800F05685C2
:104490007F2072250321484A484B12681B68107020
:1044A0002078957050701980BAE6072D7FF4C7AE5A
:1044B0000430FDF7CFFBAEE7592204211A70427891
:1044C00099705A70427802F07F02012A00F09C82B3
:1044D000022A00F093827F2512260320374A1D709E
:1044E000257811689E705D70088094F90130002B6A
:1044F000BFF679AC3B681B787F2B3FF474AC00218E
:10450000136819806FE42F4B1E78022E00F055823D
:104510007F220320284B29491B6809681A702478D8
:104520009A705C7008805EE47F2013250321224B83
:10453000224A1B681268187020789D70587011808C
:1045400051E47F20132503211B4B1C4A1B68126872
:10455000187020789D705870118044E47F201325D6
:104560000321154B154A1B681268187020789D703E
:104570005870118037E47F20132503210E4B0F4A1A
:104580001B681268187020789D70587011802AE49A
:104590000C4A1278012A00F07682427802F07F02FB
:1045A000012A00F0A9837F211220032219702178AB
:1045B00098705970328016E4C42B0320C02B03205E
:1045C00076000320A02B03204378FF2B00F072829B
:1045D0007F2031250321A74BA74A1B68126818705A
:1045E00020789D7058701180FFF7FDBBA34A517B66
:1045F000032900F032837F212420032219702178BF
:10460000987059703280FFF7EEBBB0F8012052BAB3
:1046100090B20022A0F50071B1F5007FCDE9012232
:10462000CDE903220092C0F06B82A0F57142843A7A
:104630000C2A08D8DFE802F072076C630707070747
:104640005A07070715007F2031250321894B8A4A25
:104650001B681268187020789D7058701180FFF7E1
:10466000C2BB69460120FDF781FF01A90546022072
:10467000FDF77CFF034602A903201D43FDF776FFEB
:10468000034603A90420ADB21D43FDF76FFF0346A7
:1046900004A90520ADB21D43FDF768FFADB2054387
:1046A000ADB2112269460DF1170001F0A9F8002DF5
:1046B000C9D1142523786F4A66781168A2784033EF
:1046C000681E8DF814308DF816208DF8156005AA37
:1046D0004B1E11FA80F012F8011B03F8011F8342F0
:1046E000F9D1654B1B681D80FFF77DBB0C22644927
:1046F0000DF1170001F084F80F252378DBE7042281
:1047000060490DF1170001F07BF807252378D2E707
:104710005D4A042512788DF81720CCE70C225B49FE
:104720000DF1170001F06CF820230922584909A85F
:104730008DF82330192501F063F82378BBE743781F
:1047400003F07F03022B00F05B82032B00F0448216
:10475000012B40F06A8200224B494E48C1E90322F6
:104760000B70464B02605A734A610A778A6194F96A
:1047700001306278002BFFF636AB50203D4B3E49AE
:104780001B6809685A7018700D80FFF72CBB4278BF
:1047900002F07F03012B00F07F81022B00F0538297
:1047A0007F2012250321334B334A1B68126818708F
:1047B00020789D7058701180FFF715BB4378002B4F
:1047C00000F09381802B3FF40EAB7F201225032154
:1047D000284B294A1B681268187020789D70587001
:1047E0001180FFF700BB7F2013250321214B224AB4
:1047F0001B681268187020789D7058701180FFF740
:10480000F2BA244D2968002940F02E817F2022250C
:10481000184A19491268096810702078957050700C
:104820000B80FFF7E0BA022D00F037828378103B4F
:10483000032B00F2F285DFE803F01917021B164B79
:10484000144A136094F90130002BFFF6CCAA022120
:10485000084A237812684033074D137060782B683C
:1048600050701980FFF7BFBA0C4BE9E70C4BE7E734
:104870000C4BE5E7C42B0320C02B0320CC2B0320DB
:104880009005FA0B1C0A0108A02B0320040A01085A
:10489000100A0108C82B032020A1070090D00300B4
:1048A00048E8010040420F00022D00F23C817F20C9
:1048B00013250321B14BB24A1B6812681870207887
:1048C0009D7058701180FFF78EBA03F0F002402AF5
:1048D00040F22C817F2012250321A84BA84A1B6897
:1048E0001268187020789D7058701180FFF77BBA9D
:1048F000A91E11F007051FFA81F840F09A80B368ED
:1049000072684344934200F29480327B437893422E
:1049100000F042847F2073250321984B984A1B683E
:104920001268187020789D7058701180FFF75BBA7C
:1049300003F0F002402A40F229817F201225032152
:104940008E4B8F4A1B681268187020789D705870C3
:104950001180FFF748BA40F26713ADF81430FFF743
:10496000EFF8884A884B4240C3E903021E7794F966
:10497000013000BA002BCDF81600FFF634AA06214C
:104980007E4B05981B687E4A1860BDF818001268B7
:1049900098801180FFF727BA062D00F0CB817F2089
:1049A00013250321754B764A1B681268187020780E
:1049B0009D7058701180FFF716BA4FF28412B0F84C
:1049C000013058BA80B220F00801914200F0F68020
:1049D00049F2F102934200F06382072D00F0578301
:1049E0007F2013250321654B654A1B6812681870E8
:1049F00020789D7058701180FFF7F5B9032D00F0F5
:104A0000CE817F25132668E5032DFAD1002205A863
:104A1000DA70FDF775FD5A4A3B681668002800F009
:104A200024837F2119707221207899705870358005
:104A30005BE57F2071250321504B514A1B681268AA
:104A4000187020789D7058701180FFF7CCB9022D36
:104A500000F061817F217125032311702178957009
:104A600051700380FFF7BFB9130600F12481C720FE
:104A70000221424B424A1B681268187060785870D5
:104A80001180FFF7B0B97F2203211A7000789A7065
:104A900058703180FFF7A7B911063FF5A4A9C521C9
:104AA000364B374A1B681268197041785970158067
:104AB000FFF799B98378FF2B7FF48AADC378FF2B7A
:104AC0007FF486ADFDF7C0FC002800F01D847F2038
:104AD00072250321294B2A4A1B6812681870207816
:104AE0009D7058701180FFF77EB97E21234B244AB8
:104AF0001B6812681970417859701580FFF773B9F7
:104B00006946FDF733FD002800F027817F21312021
:104B10001A4B1B4A1B6812681970217898705970DB
:104B20001580FFF760B90122FFF726BB1B095A1D4C
:104B3000AA4280F2D380002B00F0A7820027591EE2
:104B40000530C90010F8012F8A4008393A4311F1A5
:104B5000080F97B2F6D19E1DF3199D4200F07282A4
:104B60007F2013250321054B054A1B681268187026
:104B700020789D7058701180FFF735B9C42B032041
:104B8000C02B032078563412A02B0320AF4A127892
:104B9000012A00F032811B099A1D954200F0EE8136
:104BA0007F2013250321AA4BAA4A1B68126818709C
:104BB00020789D7058701180FFF715B97F2031253E
:104BC0000321A34BA34A1B681268187020789D70BC
:104BD00058701180FFF707B99F4A928A92B2B2F5D6
:104BE000805FC0F041817F208825994A99491268E9
:104BF000096810702078957050700B80FFF7F3B83B
:104C0000954B9B8A9BB2B3F5805FC0F003817F20F8
:104C1000222503218E4B8F4A1B681268187020785A
:104C20009D7058701180FFF7DEB87F201225032198
:104C3000874B884A1B681268187020789D705870DE
:104C40001180FFF7D0B812063FF5CDA829462046BF
:104C50000EB0BDE8F047FEF77FBF04215173027824
:104C600040321A703580FFF7BEB8B3F57F4F00F0C1
:104C700050814FF6017293427FF4C6AA042D7FF44F
:104C8000DEAA4378012B7FF4BDAB704B1A78022A61
:104C900000F07C837E22FFF79ABB7F20132503213F
:104CA0006B4B6C4A1B681268187020789D705870A6
:104CB0001180FFF798B80123684C26782370FCF721
:104CC0002BFF4FF47A7009F04DF8F6B22868FCF724
:104CD0002BFFFCF779FE2670FFF785B87F201325A0
:104CE00003215B4B5B4A1B681268187020789D702B
:104CF00058701180FFF777B851221A7042785A70B5
:104D0000358090F90130002BBFF66DA80EB0BDE8DC
:104D1000F04702F049B8317B63788B4200F0508154
:104D20007F217325032311702178957051700380C2
:104D3000FFF759B8454B9A69042A40F20B817F204E
:104D400036250321424B434A1B68126818702078AD
:104D50009D7058701180FFF746B860782378A4786A
:104D6000403304228DF8150069460DF117008DF8C7
:104D700014308DF8164000F043FD354B0DF1130251
:104D80001868431E063012F8011F03F8011F9842ED
:104D9000F9D107222F4B1B681A80FFF724B8002295
:104DA00005A8DA70FDF7ACFB8146002840F02D81A4
:104DB000059B002B00F0AA8280466E4612E09DF80B
:104DC00003203B685A55BDF8022003F82820009ABA
:104DD0002B44120A9A70009ADA70059B04359845A4
:104DE00080F01F8140463146FDF746FB08F101087F
:104DF0000028E4D04FF00109EFE77F220320144B95
:104E000014491B6809681A7024789A705C700880CD
:104E1000FEF7E9BF00230D4A1148C2E903331149E7
:104E200003604B7353611377936194F90130607899
:104E3000002B1570FEF6D7AF5021054B054A1B68B5
:104E40001268587019701580FEF7CDBFA02B032093
:104E5000C42B0320C02B0320540003207600032022
:104E6000C82B0320CC2B03200022B349B348C1E94F
:104E700003220B70B24B42731A604A610A778A614F
:104E800094F9013060789342FEF6ADAF5021AD4BFE
:104E9000AD4A1B681268587019701580FEF7A3BFE1
:104EA000142D7FF49DADD4F803100120FDF746FBCF
:104EB000D4F8071005463046FDF740FB0346D4F80A
:104EC0000B1003201D43FDF739FB0346D4F80F10E8
:104ED0000420ADB21D43FDF731FB0346E17C052004
:104EE000ADB21D43FDF72AFBADB245EA00039BB20C
:104EF000944A954912680968002B00F0F0817F20E0
:104F00007225032310702078957050700B80FEF787
:104F10006ABF042D7FF493A94378012B7FF472AA12
:104F2000854B1A78022A7FF4B5AE1B7F022B40F026
:104F3000F481FEF78FFC00287FF4AAAA0421204602
:104F4000FEF70AFE804B1B681A88002A3EF44BAF1E
:104F5000FFF766B958685969411A092900F2FA80C1
:104F60007F2037250321774B774A1B68126818701A
:104F700020789D7058701180FEF735BF002B00F02F
:104F80008D800026013B411DDB0011F8012F9A4066
:104F9000083B13F1080F46EA0206F6D140F6FE730D
:104FA0009E427CD97F2031250321664B664A1B68CF
:104FB0001268187020789D7058701180FEF713BF2A
:104FC000013333732378002140331370637802F880
:104FD000013FB3680BE034680131E35CB1F57F6FEA
:104FE00002F8013FB36803F10103B36003D07468B2
:104FF000A342F0D389B27268023193420180FEF479
:10500000F2AE03237373FEF7EEBE7F2272203B687D
:105010001A7021784C4A5970987013681D80FFF7F8
:1050200064BAB9F1000F00F071817F213B687225ED
:10503000197003212078444A58709D7013681980B4
:10504000FFF753BA3C4B1A78022A00F0F0807F2217
:105050007F2503203B4B3C491B6809681D70247861
:105060009A705C700880FEF7BEBE062005995971E3
:10507000090A19713080FFF738BABFF34F8FBFF3B9
:105080006F8F431D9847FFF7CBB91F4663E5D4F8F0
:10509000031009BAFDF752FA034629E71E46D4F871
:1050A00002502DBA71192846FEF71EFB254B264AE1
:1050B0001B681168002800F01D812278ED1A40322B
:1050C0001A709A1902E0E85C03F8010F9A42FAD1CB
:1050D000731C0B80FEF787BE4178012900F0D98050
:1050E000022940F0F080002018490870FFF7B5B899
:1050F000828840F6FB7052BA92B2824240F2CD8072
:105100007F2231200A70227888704A70FFF7F4B845
:105110004378012B7FF476A90379002B00F04A81B4
:10512000012B7FF471A80A48FCF7AAFF2946204604
:10513000FEF712FD06E700BFA02B0320CC2B0320B7
:10514000C82B0320C42B0320C02B03209A2B032041
:105150000C110108197F012900F0EF807F20242520
:105160000321B64BB64A1B681268187020789D70F0
:1051700058701180FEF737BE2146207840301070FD
:10518000A81E14FA80F00C4611F8017F844202F840
:10519000017FF8D1FFF76AB80133337302F0B0FC36
:1051A000B8F1000F5ED02746AA46A946B0683B7901
:1051B0007A791B0403EB0263FA78397A03EB022352
:1051C0007A7A090401EB0261BA780AF1080A1344F9
:1051D00019EB0302FB79083701EB0323316801F572
:1051E0008021084417F8021C0B44FEF7ABFB40EA91
:1051F0000503B068D04500F10800DDB2B060D6D834
:1052000002F092FCD6E901329A4224BF0323737361
:1052100085B37F2172200322884B1B681970217887
:1052200098705970864B1B681A80FEF7DCBD1B7F97
:10523000022B2CD1D4F802502DBA28467919FEF74A
:1052400043FA002840F0BE807F20312503217B4BAC
:105250007B4A1B681268187020789D705870118006
:10526000FEF7C1BD02F060FCD6E901239A4201D8E5
:10527000032373730220714A71492378126864789A
:1052800009684033137054700880FEF7ACBD3322B8
:10529000DEE66C480170FEF7E0BF7120087008463A
:1052A00065784D70A5788D70E4780021151F00F8A1
:1052B000034F02E000F8011F01318D42FADC043295
:1052C00092B2FEF7ACBF7F2112201170217890704E
:1052D0005170FEF7DABF5C480170FEF7BEBF607820
:1052E0002378A578507003204033137095700880A0
:1052F000FEF779BD7F2031250322187020789D703C
:1053000058700A80FEF76FBD0121A0E44C4A9B0053
:10531000116803330B80FFF7E8B83322FFF757B863
:105320001B7F022BF9D14378012B7FF46BA8FEF78A
:105330005BFA00287FF4ACA800E6D4F802101D69DF
:1053400009BA8D4212D000277F26586135250320E7
:1053500001329A61394A3A4912681F7716702378E8
:105360000968537095700880FEF73DBD1E7794F96B
:105370000130002BFEF637AD40F267212F4A304B4B
:1053800012681B6811801E80FEF72DBD1B7F022B4B
:10539000C3D12E4B5B7B042BC9D07F202221FEF78B
:1053A00035BFFEF7EFF900BBFEF7F8F900287FF4F0
:1053B0006FA8C3E52648FCF763FE29462046FEF7A2
:1053C000CBFBBFE5022F23D0042F1CD0082F12D017
:1053D0006FF00603E21D1B1B02E012F8011F29708B
:1053E0009918B942F9D3314631E40BF0A1FA0028FB
:1053F0007FF44EA8A2E5A168E0680BBA02BA314674
:10540000C5E9002323E4A36831461BBA2B601EE4E0
:10541000238931465BBA2B8019E47F220026312094
:105420000321064B0B4D1B682E601A70044A24782A
:1054300012685C7098701180FEF7D5BCC42B0320F5
:10544000C02B03209A2B032076000320CC2B0320B3
:1054500020110108C82B032038B500240122094B74
:1054600009490A4D4C73586009490A48C3E9034485
:10547000C3E905442C601A701C77FDF75FF92046DC
:1054800038BD00BFA02B0320CC2B0320C82B03204A
:105490009800032058A00120114B01461A78032AD6
:1054A00002D01048FDF7E4BA41F288305A688A1AEF
:1054B0008242F6D900224FF0010C0B4810B40B4C7D
:1054C000427383F800C01A77226006485DF8044BE7
:1054D000C3E90322C3E905225960FDF7C9BA00BF39
:1054E000A02B032058A00120CC2B0320C82B032085
:1054F0000146024A0248FDF7D1BA00BFC0000320AE
:1055000058A001202DE9F043002585B004468DF810
:105510000D50ADF80E50D0E90050B0F1804F0F465D
:1055200090461E46C5F382690CD038B940F2E2734A
:105530009D4263D040F2DF739D420ED0002005B043
:10554000BDE8F083C5F30743DA2BC5F3072200F06B
:105550009980DB2BF2D1FF2AF0D1E06800F044F90A
:105560000028EBD03B780F2BE8D8002B00F096807A
:10557000072BE3D801388342E0D8A2690137ADF8A0
:105580000E30A2F500120123B2FA82F28DF80D302E
:10559000504B520983F826216168B1F1804F00F029
:1055A0008F8040F2EA7200214B484C4B0260C3E905
:1055B000002141604FF0FF3301220DF10D013068F1
:1055C00009F0A4F84FF0FF33022204460DF10E015A
:1055D000306809F09BF802464FF0FF331444394617
:1055E0003068BDF80E2009F091F8BDF80E30044483
:1055F0000333A34244D0FBF7E1FC41E040F2EA73FD
:10560000364AC2E90030344AC2E90030E06800F0AE
:10561000EBF8CDF80080A369314CA3F50013B3FA81
:1056200083F301463A4620465B09FDF7B1F8257839
:10563000022D83D100274FF0FF3301220DF10D0120
:1056400030688DF80D7009F061F82A464FF0FF338D
:105650000546A11C306809F059F802464FF0FF33A7
:1056600015443068628804F10D0109F04FF8638831
:1056700005440333AB4201D0FBF7A0FC00232370A9
:1056800001205CE75A2A7FF459AF2B029BB243EA10
:10569000896343F45A0343F05A03B1E7A269B2F5B0
:1056A000001F7FF44BAF08287FF648AF7B78002BB4
:1056B0003FF444AF023883423FF640AF02375EE723
:1056C0002A0292B242EA896242F45A0242F05A0233
:1056D0006AE700BF58C0012098000320C0000320E3
:1056E00058A001204FF0000C10B5029CA4F800C097
:1056F0008C460D490B600D490C600D494860114600
:1057000022B1BDE810406046FEF7D4BA4FF07F0EDC
:105710008CF800201320032283F800E09CF800108E
:1057200098705970228010BDC42B0320C02B032019
:10573000A02B03204FF0000C10B5029CA4F800C071
:105740008C460D490B600D490C600D4948601146AF
:1057500022B1BDE810406046FEF7ACBA4FF07F0EB4
:105760008CF800201320032283F800E09CF800103E
:1057700098705970228010BDC42B0320C02B0320C9
:10578000A02B032038B5049A12884AB11978512900
:1057900007D0C72904D1012A02D05B78032B08D097
:1057A00038BD4FF4FA7008F0DDFABDE8384001F07A
:1057B000FBBA4FF4FA7008F0D5FA0123084C2578AB
:1057C0002370FCF7A9F94FF47A7008F0CBFA054B77
:1057D000EDB21868FCF7A8F9FCF7F6F8257038BDAB
:1057E00076000320C82B0320014BC0B2185C704721
:1057F0009C130108704700BF0AB10AF0A9BF7047A7
:105800004AB1013A4B1E0138114413F8012F8B4263
:1058100000F8012FF9D17047421E11F8013B02F840
:10582000013F002BF9D1704708B503782BB1013047
:10583000FAF706FD013080B208BD184608BD00BF6A
:105840004FF47A7202FB00F0024BA3FB0030800998
:1058500008F088BAD34D6210F8B54178072909D904
:1058600042F2FE2002221649164B09681B68088086
:105870001A80F8BD144D044628690144FDF734FF31
:105880000F4A104B012816681F6805D042F2FE220D
:10589000022332803B80F8BDFF233370637863B10D
:1058A00000232A6912780133DBB2F2542A690132EB
:1058B0002A6161789942F5D8481C3880F8BD00BF4C
:1058C000E02B0320DC2B0320E42B032000220146E5
:1058D000034B1046C3E903221A7059601A817047BE
:1058E000E42B0320084B1A785AB14EF660215A680F
:1058F000821A8A4205D90022C3E9032258601A702D
:105900001A810020704700BFE42B032038B5D0B2C5
:105910000C46FFF76FFF074DE86002E00A2008F031
:1059200021FA21462846FCF7A9F90028F6D10120E2
:1059300038BD00BFE800032070B5D0E90042B2F1E5
:10594000804F0D461E4682B007D01AB940F254531C
:105950009C4217D0002002B070BDC4F30743EF2B68
:10596000F8D1C4F307235A2BF4D1E3B23F2BF1D182
:1059700023029BB204F0E0541C4344F46F0444F04F
:105980005A0401E040F25554124BC068C3E900428A
:10599000FFF72AFFADF806000028DBD04FF0FF33F9
:1059A00002220DF10601306808F0B0FE4FF0FF331F
:1059B00004462946BDF80620306808F0A7FEBDF869
:1059C000063004440233A34201D10120C3E7FBF7B0
:1059D000F5FAFAE7E80003202DE9F041069D944F1F
:1059E000944E954C356060603B604AB1FF20187062
:1059F0000878FF2824D094F800C0BCF1010F01D032
:105A0000BDE8F081CE38302827D8DFE800F0332613
:105A10002626262626262626262C2C26262626261A
:105A20002626262626262626263326262626262609
:105A30002626268D837C746153264339AFA16C00E2
:105A4000012A00F098804A78002A00F0948042F2FF
:105A5000FE21022219802A80D2E742F2FE010222B0
:105A600019802A80CCE70022C3F801205A6008235D
:105A70002B80C5E700210322A3F801102A80BFE78D
:105A8000002201200821C3F80120A3F80520D871C5
:105A90002980B5E7012A30D04A78002AD7D10420DE
:105AA0000821C3F80120A3F80520644AD871298091
:105AB0002261A5E7012A20D0227A012A03D04A7860
:105AC000002A00F082800021022259702A8097E784
:105AD000052A12D9627A012A64D042F6FE11022206
:105AE00019802A808CE700230122C4E90333237044
:105AF00023812A8084E7082A4ED042F2FE11022236
:105B000019802A807CE7012AF7D0BDE8F0410846D9
:105B1000FFF7A2BE072AF0D94B6808461BBA2361DB
:105B2000BDE8F041FFF798BE072AE6D94D68206925
:105B300095FA85F808EB0001FDF7D6FD01283F68CE
:105B4000366857D042F2FE2202233A80338057E76C
:105B500000215970227A0620013A18BF0122120151
:105B6000D970197159719A70288049E7FE21022273
:105B700019802A8044E7002201214FF48076082012
:105B80002F4FC4E9032222812170C3F80170A3F8CA
:105B90000560D971288033E701224B681BBA236165
:105BA0002A802DE7D1F80210E668264809BA70402D
:105BB000884236D0002242F2FE500221188029800D
:105BC000C4E90322227022811AE7FDF7B9FF0121FF
:105BD000042206253B68E06061725A70E27B3168FE
:105BE0009A70E289DA70E268120A1A71E2685A71F0
:105BF0000D8005E75DB100231D46226912F8011BE7
:105C0000013398450D442261F8D895FA85F80321AF
:105C100000220823C7F80480A7F80110FA70338027
:105C2000EEE622810021022259702A80E8E600BFB8
:105C3000E02B0320DC2B0320E42B0320AC13010812
:105C4000000108087856341210B50F4B82B0186E58
:105C5000002240F0010018661C6E072104F00104C8
:105C60000094009C9C6D6FF0010044F080549C6592
:105C70009B6D03F080530193019B01F03BF802B050
:105C8000BDE8104003F0D0BE0010024070B5002106
:105C90000446ACB0942207A8CDE90211CDE9041165
:105CA00006910AF055FD324B22689A4201D02CB081
:105CB00070BD03234FF480424FF08051CDE907239C
:105CC0000993182211232791CDE90A2302210822E2
:105CD0004FF0807307A8CDE90D230C9104F082FDED
:105CE00000283BD1234B0026DA6C02A942F4005273
:105CF000DA64DA6C204D02F400520092009ADA6CF9
:105D000042F00102DA64DB6C322203F001030193FA
:105D1000032301981948CDE90223049602F0D8F92B
:105D200080224FF480730521C5E903626B614FF453
:105D300080622023C5E9011611492846C5E90623DA
:105D40002E62296001F0E4F870B910210A4801F0D0
:105D50008FFA30B92565AC622CB070BDFBF72EF917
:105D6000C0E7FBF72BF9F5E7FBF728F9EDE700BFF4
:105D70000080024200100240F82603200000024288
:105D800008040240094B02689A4200D07047A3F50C
:105D900000539A6C82B042F480529A649B6C03F474
:105DA00080530193019B02B0704700BF0030024056
:105DB00010B500210446ACB0942207A8CDE9021129
:105DC000CDE9041106910AF0C3FC274B22689A42E0
:105DD00001D02CB010BD4FF000724FF0807307A8B7
:105DE0000792219304F0FEFC002832D19FED1A6B3C
:105DF0009FED1B7B09241D4B02A9DA6D1C4842F460
:105E00000072DA65DA6D02F400720092009ADA6CC0
:105E100042F00202DA64DB6C8DED026B03F00203E8
:105E200001938DED047B019B069402F051F9002251
:105E30000521272000F05EFF272000F095FF0022BB
:105E40000521282000F056FF282000F08DFF2CB0FF
:105E500010BDFBF7B3F8C9E7000300000200000023
:105E6000000000000000000000A4004000100240FC
:105E70000004024208B502680A4B9A4200D008BDED
:105E8000094A4FF44071D36D084823F40073D36579
:105E900002F024FA272000F075FFBDE80840282012
:105EA00000F070BF00A40040001002400004024255
:105EB00010B50446A6B09422002101A80AF048FCBF
:105EC000114B22689A4201D026B010BD4FF48023B6
:105ED00001A8019304F086FC98B90C4B0022D86C01
:105EE000052140F48020D864DB6C5E2003F480231D
:105EF0000093009B00F0FEFE5E2000F035FF26B010
:105F000010BDFBF75BF8E8E700080C420010024008
:105F100000B5036887B0B3F1804F0DD02E4A93428D
:105F200038D02E4A934214D02D4A934226D02D4A7F
:105F3000934244D007B000BD03F504339A6D42F09C
:105F400001029A659B6D03F001030193019B07B069
:105F500000BD254B0022986D052140F0200098657A
:105F60009B6D322003F020030393039B00F0C2FEDD
:105F7000322007B05DF804EB00F0F6BE1A4B1A6E43
:105F800042F400321A661B6E03F400330493049B40
:105F900007B000BD144B0022986D052140F01000A1
:105FA00098659B6D312003F010030293029B00F073
:105FB000A1FE312007B05DF804EB00F0D5BE0A4B1E
:105FC0001A6E42F480221A661B6E03F48023059336
:105FD000059B07B000BD00BF00100040001400404A
:105FE0000044014000480140001002400000000051
:105FF00010B500210446AEB0942209A8CDE90411E1
:10600000CDE9061108910AF0A3FB2D4B22689A42B4
:1060100001D02EB010BD4FF4005309A8099304F02D
:10602000E1FB00283FD19FED226B9FED237B0A22ED
:10603000244C2548E36C04A943F00103E364E36CBA
:106040008DED046B03F001030193019B8DED067B45
:10605000089202F03DF8E36D43F40013E365E36D4D
:1060600003F400130293029BA36DDB0018D4A36D0D
:1060700043F08053A365A36D03F080530393039B08
:1060800003F0CAFCA36D23F08053A3650022052111
:10609000492000F02FFE492000F066FE2EB010BD12
:1060A00003F0BAFCF2E7FAF789FFBCE7AFF3008030
:1060B00000180000020000000000000000000000C6
:1060C00000D40040001002400000024210B501461A
:1060D00088B000222A2000F00DFE2A2000F044FEA5
:1060E000154B01A91A6E03A842F400621A661B6ED2
:1060F000124C03F400630293029B04F06BFA04F069
:1061000051FA0346002140F2E7300D4A2161A2FB1B
:106110000323A1609B0C0B49E060013B20462160FA
:10612000636005F055FA10B1012008B010BD20469B
:1061300005F05EF808B010BD00100240F82B0320F7
:1061400083DE1B43002C0140FEE700BFFEE700BFDB
:10615000FEE700BFFEE700BFFEE700BF704700BFDD
:10616000014801F013B800BFA8240320014801F042
:106170000DB800BF40240320014801F0F9BB00BF67
:1061800070260320014801F0F3BB00BF70260320F6
:10619000014805F01DB900BFF82B0320014805F0A8
:1061A00017B900BFA8230320014805F011B900BFAB
:1061B0005C230320014802F03FB900BF1C260320E6
:1061C000014802F0D7BA00BF1C260320014804F0A2
:1061D000E5BE00BF10250320014805F0C3BA00BF8B
:1061E00088250320014802F00BBD00BFE81F0320F3
:1061F000014800F0CBBF00BFF8260320014804F09F
:10620000FFBD00BF74250320034AD2F8883043F451
:106210007003C2F88830704700ED00E0254B254937
:106220001A68120754BFD3F894301B688A6858BFA5
:10623000C3F3032302F00C0248BFC3F30313082A7D
:1062400012D01D480C2A50F823300FD01B49042AC5
:1062500008BF0B46174A1A4892681A49C2F303123C
:10626000825CD3400B607047174BF3E7C868CA687D
:1062700000F00301C2F30312022902F1010211D05E
:10628000032913D0B3FBF2F10A4AD368D268C3F3EF
:10629000062301FB03F3C2F3416201325200B3FB58
:1062A000F2F3D7E70549B1FBF2F1EDE70649B1FB9F
:1062B000F2F1E9E700100240B41301080024F400F1
:1062C000FC1301080C01032080969800DFF834D0FD
:1062D000FFF79AFF002103E00B4B5B58435004315A
:1062E0000A480B4B42189A42F6D30A4A02E00023AE
:1062F00042F8043B084B9A42F9D30AF08FFAFAF7B6
:10630000F9FAFEE700000420301401080000032021
:10631000780203207802032090590320FEE7000052
:10632000042010B500F0D4FCFFF778FF0020FFF741
:10633000CDFE10B10124204610BD0446FFF784FCB9
:10634000204610BD034A044B11681B780B441360B0
:10635000704700BF442C032010010320014B186834
:10636000704700BF442C0320002330B583B0019355
:10637000002800F09E80856D0446002D00F09C8072
:10638000226893689D0005D5936823F0204323F08D
:106390003F0393609368D80019D45C4B5C481B683A
:1063A00091689B09A0FB030321F010419B0921F098
:1063B0003F0101335B0041F0805191600193019BEB
:1063C0002BB1019B013B0193019B002BF9D19368F9
:1063D000D90064D40120A36D43F01003A365E36DDD
:1063E0000343E365936813F0040FA36D5DD1DB06EF
:1063F0005BD4A36D23F4817343F00203A365936818
:10640000DD0708D4434B9B6813F0010F424B9B6898
:1064100001D1D90763D5E568636B94F820102B434D
:10642000A568012943EA0503657E43EA453343EA4B
:1064300001434FD0A16A21B1E56A01F4707129438B
:106440000B43D568354929401943D16093681B0730
:1064500016D494F83030257ED1685B0043EA85334A
:10646000E56C21F4804121F006012B430B43D360FE
:1064700094F83830012B3AD0136923F001031361EB
:106480002369012B1ED0136B23F00F031363A36D3D
:1064900023F0030343F00103A36503B030BD936809
:1064A000002013F0040FA36DA1D0A36D43F01003DF
:1064B000A365012003B030BDFFF7E8FBE56584F874
:1064C00054505DE7116BE36921F00F01013B0B4371
:1064D0001363DCE7616A013943EA4143AAE71049E3
:1064E00065688B6823F47C132B438B6093E71169F9
:1064F000E36B256C6FF38A012B430B43616C0B43F9
:10650000A16C0B4343F001031361B9E70C010320B5
:10651000632D3E05008002420081024207C0F0FF69
:1065200000830242704700BF704700BF08B5806A11
:10653000FFF7FAFF08BD00BF704700BF836A10B5C0
:106540009A6D12F0500F9A6D1DD1196842F40072C5
:106550009A650A6812F0080FCA681BD012F4406FDF
:106560000DD1CA6894040AD49A6D22F480729A6597
:106570009A6DD10403D49A6D42F001029A651846CF
:10658000FFF7D0FF10BDD2060AD4BDE810401B6D46
:10659000DB6B18479007E7D51846FFF7C3FFF1E715
:1065A0001846FFF7C9FF10BD806A08B5836D43F038
:1065B00040038365C36D43F00403C365FFF7BCFF6D
:1065C00008BD00BF0022F0B583B0019290F85420BE
:1065D000012A00F0F380034601201A6883F8540072
:1065E0009068400709D501209A6D42F020029A6513
:1065F000002283F8542003B0F0BD1F24486802F144
:10660000300500F01F0C4FEA901E08680EF00C0ECB
:10661000C0F3846000FA0CF004FA0CFC55F80E404C
:1066200024EA0C0C40EA0C0045F80E00906810F0CB
:10663000040F906835D1070733D4072408688D68A4
:10664000C0F30456B440C00DB5F1004F6FEA040426
:1066500000F0040000F0FC8002F11407B5403E5841
:1066600034402C433C50506920F0004050610E698A
:10667000D468042E086800F0B88002F1600757F86B
:1066800026C0BA4D00F0F8400CEA05050543C4F3F6
:10669000C10448696400A040284340F0004047F826
:1066A00026009068C60701D50020A1E7CE680C68D7
:1066B000AF48D2F8B05006F01807F840C4F31207FC
:1066C000204025EA07052843C2F8B000A9488642C1
:1066D00026D0A9490C42E7D0A848A94986688D6808
:1066E000ED076ED4A74DAD68EF073FF57CAFA64D23
:1066F00006F0E077AC4200F05F81A44DAC4200F0C0
:106700007F81A34DAC42CFD17402CDD48A42CBD18C
:10671000826822F0E0723A4342F480028260C3E76A
:10672000002F51D094FAA4F0002800F0D080B0FAE5
:1067300080F0013000F01F00092840F2C88094FA70
:10674000A4F0002800F07281B0FA80F001308006D9
:1067500000F0F84094FAA4F5002D00F06C810126B9
:10676000B5FA85F5354405F01F0506FA05F5284309
:1067700094FAA4F4002C00F05C81B4FA84F401349F
:1067800004F01F0404EB44041E3C240544F0007490
:1067900007272043C50D8E6805F0040502F1140C8F
:1067A0005CF80540C0F30450864007FA00F024EA84
:1067B000000030434CF805000C688AE7022003B063
:1067C000F0BD704A92680EE70120A40E013404F077
:1067D0001F06A40604F0F845B040092E06EB460457
:1067E00040EA0500D0D82405D2E7146E146EC0F339
:1067F0001205C4F38464002D34D1C0F38466B4421E
:1068000000F08B80546E556E02F16004C5F3846510
:1068100002F1640CB54200F09480A568A56804F10B
:106820000807C5F38465C0F38466AE4200F0B28009
:10683000E568E56804F10C06C5F38464C0F3846080
:10684000A0427FF42EAF306820F00040306028E78F
:1068500002F1140635582C403450506940F0004085
:10686000506104E790FAA0F51DB1B5FA85F5AC4288
:1068700053D0546E556E02F16004C5F3846502F185
:10688000640C90FAA0F604F10807BE461EB1B6FAF1
:1068900086F6AE4257D0A568A568C5F3846590FA20
:1068A000A0FC04F10C06B646BCF1000F03D0BCFA04
:1068B0008CFCAC4570D0E568E468C4F3846490FA5D
:1068C000A0F000283FF4EDAEB0FA80F0B8E794FAFB
:1068D000A4F0002800F0A480B0FA80F00130800617
:1068E00000F0F84094FAA4F5002D00F097800126FE
:1068F000B5FA85F5354405F01F0506FA05F5284378
:1069000094FAA4F4002C00F08E80B4FA84F40134DC
:1069100004F01F0404EB440465E71446106E02F112
:10692000640C20F0004044F8600F506E0868556E0B
:10693000C0F31206C5F38465002EA2D1C0F38466AD
:1069400068E704F1080EDCF80000774620F000400C
:10695000CCF80000A0680868A568C0F31206C5F36B
:106960008465002E3FF45FAF99E700BF00F0FF039E
:10697000FFFF070000007F40000008800083024204
:106980000080024200810242000052C7000084CB16
:106990000100008004F10C0E3868764620F00040BB
:1069A0003860E0680868E468C0F31205C4F38464E2
:1069B000002D3FF443AF82E736023FF575AE8A42C1
:1069C0007FF472AE82681D4922F0E0723A4342F4CD
:1069D000000282600A681A499209A1FB0212920918
:1069E000013202EB420292000192019A002A3FF426
:1069F0005BAE019A013A0192019A002AF9D153E65D
:106A0000F5013FF551AE8A427FF44EAE826822F026
:106A1000E0723A4342F08072826045E602256EE7FA
:106A20004FF080605EE74FF44014B1E64FF08060B5
:106A300090E6044CACE6022599E600BF0C01032069
:106A4000632D3E05000050FE002370B582B0019317
:106A500003689A68D2072CD49968284A05461142DF
:106A60002AD19A68264922F0004222F03F0242F0E1
:106A700001029A608B681E0229D4FFF76FFC2B6815
:106A800006461A68D40714D41E4C9A68D00704D45A
:106A90009A68224042F001029A60FFF75FFC821B75
:106AA000022A2B6802D91A68D10705D51A68D207BD
:106AB000EBD5002002B070BD0120AB6D43F0100398
:106AC000AB65EB6D43F00103EB6502B070BD0E4B9F
:106AD0000E4A1B689B09A2FB03239B09013303EBAE
:106AE00043039B000193019B002BC6D0019B013BFC
:106AF0000193019B002BF9D1BFE700BF3F0000804D
:106B000000830242C0FFFF7F0C010320632D3E057E
:106B10002DE9F041364B05689B68AD6815F004051A
:106B200016D1164690F854200446012A10D040F29F
:106B3000212C03F01F0801232CFA08FC1CEA030C8B
:106B400080F8543007D180F854C00120BDE8F081AE
:106B50000220BDE8F0810F46FFF776FF002840D104
:106B6000A36D216823F4706323F0010343F4807361
:106B7000A365204B994237D0A36D23F48013A365FE
:106B8000A36D002513F4805318BFE36D206D18BF6B
:106B900023F00603E36533461C263A46164F403180
:106BA000C762164F0763164FC76341F8406C84F8FD
:106BB000545051F83C5C45F0100541F83C5C51F8EC
:106BC000345C45F0010541F8345C00F017FA2268A6
:106BD000936823F0004323F03F0343F004039360E2
:106BE000B7E784F85450B0E7B8F1000FC8D1C3E755
:106BF00000830242008102423D6500082D650008C5
:106C0000A965000890F85420012A46D003460022C6
:106C10000120F0B42B4D1C689AB0AC42169283F858
:106C20005400179208D0996D83F8542041F0200148
:106C300099651AB0F0BC7047234A906840070BD59D
:106C4000A26801209A6D42F020029A65002283F822
:106C500054201AB0F0BC7047A0684507F1D40D6805
:106C6000EDB11A4E4F68B06893F830C020F4604020
:106C7000384340EA4C30B060A0689268C0070AD43C
:106C8000D70708D4B268896822F471620D4322F0F4
:106C90000F021543B5600020D8E7022070470B486B
:106CA000816821F460418160A1689268CD07F2D4C7
:106CB000D407F0D4826822F4716222F00F0282605D
:106CC000E9E700BF008002420081024200830242E5
:106CD0004FF6FF0C06490302CA6803F4E06302EAB8
:106CE0000C02134343F0BF6343F40033CB6070479F
:106CF00000ED00E01A4B00B5DB68C3F30223C3F1DB
:106D0000070EBEF1030F03F1030C28BF4FF0030E73
:106D1000BCF1060F1BD9A3F1040C4FF0FF3303FAAB
:106D20000CF322EA03024FF0FF3303FA0EF321EAD9
:106D3000030303FA0CF313435B010028DBB209DB06
:106D400000F1604000F5614080F8003300BD002292
:106D50009446E8E7034A00F00F000244137600BDB2
:106D600000ED00E0FCEC00E0002807DB012300F070
:106D70001F01034A40098B4042F82030704700BF92
:106D800000E100E000280CDB01220649430900F085
:106D90001F002033824041F82320BFF34F8FBFF301
:106DA0006F8F704700E100E0BFF34F8F0549064B3E
:106DB000CA6802F4E0621343CB60BFF34F8F00BF99
:106DC000FDE700BF00ED00E00400FA05002836D022
:106DD00038B5437F044603F0FF0263B302222379F0
:106DE0006277F3B92368174A5A619A6822F0180249
:106DF0009A6062798AB122691A6101219A6865698B
:106E000022F060022A439A609A68A56922F0800203
:106E10002A439A606177002038BD4FF0FF321A6133
:106E2000EBE72046D4E9021200F00EF808B9236817
:106E3000DFE7012038BD0277FEF7A4FFCEE701208F
:106E4000704700BFB71DC104CB071AD51E2310B46D
:106E500001E0013B17D321FA03FC1CF0010FF8D02D
:106E6000182A11D8DFE802F01610101010101010B8
:106E700024101010101010102110101010101010ED
:106E80001400012070472AB101205DF8044B7047BF
:106E9000062BF9D8046800206161A36823F0180369
:106EA0001343A3605DF8044B7047072BF2D9EBE75F
:106EB0000F2BEFD9E8E700BF11490368C26C8B4282
:106EC00088BF104922F0030294BF02F18041891863
:106ED0004FF0010210B4DBB20B4CA3F10803A4FB8A
:106EE00003430A4CC3F3041398BF01F5023102FABD
:106EF00003F3C0E9141483655DF8044B704700BFC9
:106F00000704024020080240CDCCCCCC80080240CF
:106F100000285ED00268304B70B59A42044646D9CC
:106F20002E4B2F491344A1FB03132E481B099B0032
:106F30000221C4E91203D4E9025320692B4303431D
:106F4000606984F825100343A06911680343E06970
:106F50006FF310110343206A03430B432046136071
:106F6000FFF7AAFFD4E91461B5F5804FA06D27D0D3
:106F70006368DAB2013B032B3260486024D80121F8
:106F80000020194B194D1344013A01FA02F2184935
:106F90009B00E3656266256618604A64002301224F
:106FA000636484F8243084F82520184670BD114BA2
:106FB0000B491344A1FB03131B090F489B00B7E7C0
:106FC00000236360336048600023C4E917336366BD
:106FD000E4E70120704700BF07040240F8FBFDBF53
:106FE000CDCCCCCC000402403F82001040090240CE
:106FF00000090240F8FFFDBF00000240F0B590F824
:107000002440012C0AD04FF0010C90F8254080F864
:1070100024C0644504D0002380F824300220F0BD51
:107020000026D0E9157C4FF0020E046880F825E0B8
:1070300046642668C56D26F001062660C7F804C0C0
:1070400015B1D0E9186777600126C76C07F01C0CF2
:10705000876C06FA0CF67E6063608368102B036B06
:107060000BBFA260A160E160E260B3B1236843F0AE
:107070000E032360036D1A68D20303D51A6842F425
:1070800080721A601DB12B6843F480732B602368F3
:10709000002043F001032360F0BD236823F00403C4
:1070A0002360236843F00A032360E3E790F8252078
:1070B0000346022A06D004225A640022012083F8E3
:1070C00024207047026870B4046D1068D96C20F0F9
:1070D0000E00106020689E6C20F4807020601068A4
:1070E00001F01C0120F0010010600122D3E91545D8
:1070F000D86D8A407260656030B1D3E918140268B7
:1071000022F4807202604C60012283F82520002264
:1071100083F82420002070BC704700BF90F8252021
:107120000346022A03D0042201205A6470470268F1
:1071300070B5046D1068D96C20F00E0010601068F6
:107140009E6C20F0010010602268D86D22F48072DD
:1071500022600122D3E9154501F01C018A407260CA
:10716000656030B1D3E91814026822F480720260BD
:107170004C60012000211A6C83F8250083F824104C
:107180000AB118469047002070BD00BF0421F0B43A
:10719000C26C866C02F01C0235680468914029427A
:1071A0000346276812D017F0040F0FD02268170487
:1071B00039D42268950603D4226822F004022260A2
:1071C0001A6B716092B1F0BC1846104702219140D1
:1071D00029420DD0B8070BD5226812F4004F22685F
:1071E00029D0D4033CD45A6B002AECD1F0BC7047B0
:1071F000082191402942F9D03907F7D521680020AC
:1072000021F00E0121600121DC6B01FA02F27260B3
:10721000596483F8240083F82510002CE6D0184622
:107220002346F0BC184771602268D60314D4036B60
:10723000002BF6D1DAE7900606D4226822F00A0283
:107240002260012283F825200020DA6A716083F829
:107250002400002AB7D1C9E7836B002BE1D1C5E731
:10726000DA6A002AAFD1C1E790F82500704700BF65
:1072700060B10368C8061A6805D5C9024CBF42F45C
:10728000801222F4801200201A607047012070479B
:10729000002800F0D78038B590F85C30044603F041
:1072A000FF02002B70D02268936923F010039361D2
:1072B000FFF754F8054604E0FFF750F8401B0A2892
:1072C00059D823689A691107F6D49A6942F00102E5
:1072D0009A61FFF743F8054604E0FFF73FF8401BCB
:1072E0000A2848D823689A69D207F6D59A6960684F
:1072F000574942F002029A610860227C012A9A6989
:107300000CBF22F0400242F040029A61627C012AE6
:107310009A690CBF42F4804222F480429A61A27CB6
:10732000012A9A690CBF22F4805242F480529A6179
:107330009A69A06822F4407202439A619A69E168EE
:1073400022F0A4029A611A69012922F010021A613E
:107350001FD011B302299A6976D042F080029A6157
:107360001A69032942F010021A6116D19A6942F093
:1073700020029A6111E00322236E012043F00103F1
:10738000236684F85C2038BD80F85D20FEF710FD90
:1073900089E79A6942F004029A61D4E90612013A37
:1073A0000139120242EA4162216AB0F5407F01F1DF
:1073B000FF3142EA0102616901F1FF3142EA014213
:1073C000DA610ED1D4E90B02A16A013A0138120147
:1073D000013942EA00220A43616A013942EA014264
:1073E000DA60D3F8C020E06B616B0243C3F8C020C1
:1073F000D3F88020174822F4F81242EA01422064B0
:10740000C3F88020D3F88020A16B134D22F0706266
:1074100042EA01626564C3F88020104B1049403590
:10742000C4E91253F033C4E914134FF45472002129
:1074300009F08EF900230122236684F85C201846A7
:10744000A36538BD0120704742F020029A61A4E78D
:1074500000A5004000AC004070AC004088AD00408A
:1074600060AE004090F85C200346013A012A05D93D
:107470001A6E012042F002021A6670478A6870B4E0
:10748000D1E9035448699207D1E9006156B942EA4B
:10749000C56202431B6C42EA0442002070BC43F800
:1074A000212070475B6C44EA457443F83140104337
:1074B00003EBC103586070BC00207047844690F80D
:1074C0005C00012807D0DCF86030012043F00403A1
:1074D000CCF86030704710B40198DCF8004040EA06
:1074E0004303D4F8800043EA820242EA011120F00B
:1074F0003F030B430020C4F880305DF8044B704715
:1075000090F85C200346012A05D01A6E012042F053
:1075100004021A6670470222002110B4046880F841
:107520005C20A269084622F00102A2615DF8044BCA
:107530001966704790F85C300146022B17D102683B
:10754000936943F0010393619369DB0758BF0B23F1
:1075500013D49069C00710D4013BFAD103220B6EFB
:10756000012043F001030B6681F85C207047036E35
:1075700043F00803036601207047936923F010036A
:10758000936193691B0748BF0B2305D590690007DA
:1075900002D5013BFAD1E1E74FF0010C10B4002411
:1075A0009369204643F00203936181F85CC08C65C7
:1075B0005DF8044B704700BF88B110B50446FFF773
:1075C000B9FF22682046D36D23F00303D365FEF78D
:1075D00051FC0023236684F85C30184610BD01205E
:1075E000704700BFF0B590F85C308646022B0BD197
:1075F0000568D5F8C43013F4001C0BD0036E43F4B7
:10760000007303660120F0BD036E43F008030366B8
:107610000120F0BDD5F8C4604B680C6988680F681C
:10762000C6F30146002B37D1044344EA8744D1E92D
:1076300006030343486906EBC6070343086A43EAA7
:107640000063C86843EA0043DEF8540040F837405E
:1076500000EBC7004360134CCB68E35CA3B19378A5
:10766000D7781B0443EA0763177804323B4312F8C8
:10767000037C43EA07230CEB0007BB60CB680CF1EB
:10768000040CE35C9C45EAD30123B340C5F8CC303D
:107690000020CEF85830F0BD3C43044344F0804411
:1076A000C5E700BF0C1401082DE9F04190F85C40DB
:1076B000022C64D1402905686DD0D5F89840270781
:1076C00064D0D5F89870D5F89840C7F30128E60142
:1076D00007D5D5F88040E40544BF08F1010707F05D
:1076E0000308C46C08EBC80604EBC604266806F061
:1076F00080465660D4F800C0002E66D1CCF38A468E
:107700001660266806F000569660266806F0004669
:107710001661A688D661B4F806C00CF00F0CC2F84A
:107720000CC0666806F480165661666806F400169A
:107730009661E67906F07F061662274E676816F8AE
:107740000CE04FEAD77CC2F824C0BEF1000F10D085
:10775000013B04F1070EF4461EF8015FACF1060C84
:1077600003F8015FD568ACEB040C755D6545F2D894
:10777000056840292CD0C5F89C80002004E0036EE9
:1077800043F0080303660120BDE8F081036E43F473
:1077900080730366F7E7D5F890402707F6D0D5F851
:1077A0009070D5F89040C7F30128E60107D5D5F8C9
:1077B0008040A40544BF08F1010707F00308846C6A
:1077C00008EBC80604EBC60490E72CF0604697E788
:1077D000C5F89480D1E700BF0C14010803461B686C
:1077E00030B45B6C002003F00704C3F30222C1E94C
:1077F0000042C3F34014C3F38012C1E90342C3F350
:10780000C014C3F3C022C1E90542C3F30034C3F37B
:10781000403203F01805C1E90742C3F38032C3F3D5
:1078200006438D60C1E9092330BC7047034630B47C
:107830001B6800201B6CDCB2C3F3C035C3F3062207
:10784000C3F30743C1E900428D60CB6030BC704791
:107850000368D3F8C40000F007007047034690F8AF
:107860005C000138012805D91A6E012042F002029D
:107870001A6670471B6870B411F00705986D01F027
:10788000380420D0C6071ED4DD6D45F00105DD6546
:107890000CB384071FD5D86D40F00200D8650C06E4
:1078A00004D5D3F8DC001043C3F8DC00C80504D5C8
:1078B000D3F8E0000243C3F8E0205A6D002070BC0A
:1078C0000A435A65704704B386071ED4DE6D46F03E
:1078D0000106DE6525BB11F4E07F01D04607DAD44E
:1078E00011F4F05F01D00507D5D411F4604F01D039
:1078F000C406D0D411F4403F01D08606CBD411F495
:107900007C0FCCD04506C6D4C9E711F4E07F0AD07D
:10791000460708D4DE6D46F00106DE65002DB7D0BF
:10792000C507B5D5B7E711F4F05F01D00607F1D56B
:1079300011F4604F01D0C606ECD511F4403F01D0E0
:107940008606E7D511F47C0FE8D04606E2D5002D77
:107950009ED0E5E7704700BF704700BF704700BF8B
:10796000704700BF704700BF704700BF704700BF3F
:107970002DE9F84F036804461A6D596D02EA010AB1
:107980001A6D596D0AF4E05A02EA01091A6D596D2F
:107990001E6D02EA01085A6D1F6D16405A6DD3F82C
:1079A00054B01D6D1740690609F0070908F0380842
:1079B00006F4710607F4602702D51BF0400F73D15F
:1079C000EA0502D51BF4807F5DD1BAF1000F4AD1E0
:1079D000B9F1000F35D1B8F1000F3CD1AB0502D59C
:1079E0001BF4007F75D1280602D51BF0800F78D1DB
:1079F000A90402D51BF4005F5BD12A0402D51BF455
:107A0000004F5ED16B040AD51BF4804F07D04FF4B2
:107A1000804223681A65236E43F0800323664FB9C2
:107A200026B123681E65236E33432366236E2BBB6A
:107A3000BDE8F88F2368394620461F65FAF736FA05
:107A4000EEE7236849462046C3F85090FAF77CF9E0
:107A5000B8F1000FC2D0236841462046C3F85080D9
:107A6000FFF77AFFBAE7236851462046C3F850A0D3
:107A7000FFF770FFB9F1000FADD0E2E72046FAF74B
:107A8000F9F9BDE8F88F4FF4807223682046D3F8E7
:107A9000D8C0D3F8E0101A650CEA0101FFF760FFC7
:107AA000BAF1000F94D0DEE740221A65FFF75EFFBF
:107AB00086E74FF40052236820461A65FFF752FF0D
:107AC0009BE74FF40042236820461A65FFF74CFFFE
:107AD00098E74FF40072236820461A65FFF73EFFCF
:107AE00081E7802223682046D3F8D4C0D3F8DC1085
:107AF0001A650CEA0101FAF7A1F979E7006E7047FF
:107B0000064B9A6A002A01DB002070470449054AA7
:107B100099609A60986AC00F704700BF00200240C9
:107B200023016745AB89EFCD044B9A6A42F00042CE
:107B30009A62986AC043C00F704700BF002002409D
:107B4000064B986A10F0804006D00549054A196135
:107B50001A61986AC0F38070704700BF002002402D
:107B60003B2A19087F6E5D4C054B9A6A42F08042B1
:107B70009A62986A80F08040C0F38070704700BFBE
:107B800000200240034A0120936A43F0006393629D
:107B9000704700BF0020024070B5164C0546FEF746
:107BA000DDFB236ADE0306D56A1C18BF064612D128
:107BB000236AD803FCD442F2FA010E4A136A0B403E
:107BC00010D1136A0020DB0744BF0123136270BD8C
:107BD000236AD903EFD5FEF7C1FB801BA842F7D378
:107BE000032070BD044C0120616813621943616079
:107BF00070BD00BF00200240180103202DE9F041B4
:107C00001A4C94F800C0BCF1010F2CD09846012307
:107C10002370002307464FF47A700D4616466360C2
:107C2000FFF7BAFF18B100232370BDE8F081A76009
:107C3000EFF3108272B60E4FBB6A43F00103BB62D2
:107C40002E60BFF36F8FC5F8048082F310884FF465
:107C50007A70FFF7A1FFA268BB6A22F0004223EA14
:107C60000203BB62DFE70220BDE8F08118010320B8
:107C7000002002400E4B1A6C510212D5C20703D5E8
:107C80009A6A42F004029A62830704D5084A936A0A
:107C900043F400439362064A936A43F48033936249
:107CA00070479A6A42F4004242F004029A62F2E794
:107CB0000020024070B58E4D2B78012B20D0012280
:107CC000002304464FF47A702A706B60FFF764FF5C
:107CD00098B92068C10700F1C480820712D4430715
:107CE00019D4030700F1AF80824A4FF47A70936A87
:107CF00043F400339362FFF74FFF00232B7070BDF6
:107D0000022070BD7B4A2169136C23F0FF030B43F3
:107D100013644307E5D5D4E9052612F0010316BF25
:107D20004FF4E061194606EA010312F0020F05D094
:107D300006F4805C41F4805143EA0C0312F0040F16
:107D400005D006F4005C41F4005143EA0C0312F044
:107D5000080F05D006F4804C41F4804143EA0C033F
:107D600012F0100F05D006F4803C41F4803143EA54
:107D70000C0312F0200F05D006F4003C41F4003152
:107D800043EA0C0312F0400F05D006F4802C41F4B6
:107D9000802143EA0C0312F0800F05D006F4002C7A
:107DA00041F4002143EA0C0312F4807F05D006F46D
:107DB000801C41F4801143EA0C0312F4007F05D0CB
:107DC00006F4001C41F4001143EA0C0312F4006FA6
:107DD00005D006F0807C41F0807143EA0C0312F478
:107DE000805F05D006F0007C41F0007143EA0C038F
:107DF00012F4005F05D006F0806C41F0806143EA28
:107E00000C0312F4804F05D006F0006C41F00061C5
:107E100043EA0C0312F4004F05D006F0805C41F0F9
:107E2000805143EA0C03D20304D506F000463343E5
:107E300041F000412F4E326C22EA010213433364B9
:107E400003077FF551AFD4E90732012B48D0022B4D
:107E50007FF44AAF27498B6C03F07F0313438B6495
:107E600042E76368D4E90212013B072B3FF635AFC6
:107E700001A656F823F000BFCF7E0008BD7E0008A3
:107E8000DB7C0008AB7E0008DB7C0008DB7C0008A4
:107E9000DB7C0008997E0008164EF36E23F07F13FA
:107EA0000B4343EA0243F36617E7124EB36E23F027
:107EB0007F130B4343EA0243B3660EE70D4EF36DA7
:107EC00023F07F130B4343EA0243F36505E7094EB2
:107ED000B36D23F07F130B4343EA0243B365FCE623
:107EE00004494B6C03F07F0313434B64FCE600BF73
:107EF0001801032000200240062243680260082B7C
:107F000004D84FF48B72DA40D20717D4334B1B6C72
:107F1000DBB2AA2B05D0552B03D0CC2B0CBFCC2326
:107F2000BB232E49C26903610B6C02F1FF3C23F0B5
:107F3000FF03BCF1010F836118D970470722013B91
:107F40000260072BE2D801A252F823F0BF7F00089D
:107F5000AB7F00080D7F0008977F00080D7F0008A9
:107F60000D7F00080D7F0008837F00080368012A49
:107F700043F0080303602CD08B6C23F07F03036273
:107F80007047164AD36E03F07F038360D36EC3F34A
:107F90000643C360BAE7114A936E03F07F03836020
:107FA000936EC3F30643C360B0E70C4AD36D03F08E
:107FB0007F038360D36DC3F30643C360A6E7074A1C
:107FC000936D03F07F038360936DC3F30643C36037
:107FD0009CE74B6C23F07F03036270470020024054
:107FE0000F4B1A6C12F4800F9A6A01D0C90712D590
:107FF00022F400629A620A4A936A23F47E7323F0A1
:10800000020343EAC00343F002039362936A43F41A
:1080100080339362704742F400629A62EBE700BFDC
:10802000002002402DE9F041274E3378012B3DD04E
:108030000122002304464FF47A7088463270736040
:10804000FFF7AAFD074660BB48F204022368B3604D
:1080500023F0004393422DD04FF0FF33C8F8003097
:10806000D4E902532B449D4206D312E00135D4E9F2
:1080700002321344AB420CD928466168FFF7B0FFC7
:108080004FF47A70FFF788FD0028EFD00746C8F854
:1080900000500E49B2688B6A22F0004223EA0203C4
:1080A0008B62002333703846BDE8F08102273846E2
:1080B000BDE8F0816068FFF7DDFD4FF47A70FFF7EF
:1080C0006BFD0746E5E700BF1801032000200240D2
:1080D0002DE9F04F0C6883B0002C00F09080002355
:1080E0008946774F012202FA03F515EA040800F0E9
:1080F00081800326D9F8041003FA02F201F0030E7E
:108100000EF1FF3A06FA02FCBAF1010F6FEA0C0C0D
:10811000D9F8086076D9BEF1030F01D1012E05D040
:10812000C568964005EA0C052E43C66005680EFA40
:1081300002F205EA0C052A4311F4403F026059D0CF
:108140004FF00F0C23F0030202F1804202F53D32A2
:1081500003F00306156EF6000CFA06FC25EA0C0E79
:10816000584DA84222D005F58065A84200F08C80C9
:10817000554DA84200F08F80DFF850C160457CD09B
:10818000DFF84CC1604500F08D80DFF848C16045E4
:1081900000F08F80DFF840C160450CBF4FF0060C47
:1081A0004FF0070C0CFA06F64EEA060E6FEA0805C9
:1081B000C2F860E03A68CE0254BF2A4048EA0202A0
:1081C0003A607A688E0254BF2A4048EA02027A6016
:1081D000D7F884208E0354BF2A4048EA0202C7F829
:1081E0008420D7F88020C90354BF2A4048EA0202FD
:1081F000C7F88020013334FA03F27FF473AF03B081
:10820000BDE8F08F9640D0F808B00196D9F80C6020
:108210000BEA0C0B06FA02FA4AEA0B0AC0F808A0AD
:10822000D0F804A0019E2AEA050AC1F300159D407A
:1082300045EA0A054560C568BEF1020F05EA0C056E
:1082400046EA0506C6607FF471AFD9F8105003F016
:108250000706B600B54001950F254FEAD30A00EB9B
:108260008A0ADAF820B005FA06F6019D2BEA060B19
:1082700045EA0B05CAF8205058E74FF0030C0CFAFA
:1082800006F64EEA060E91E74FF0010C0CFA06F6E0
:108290004EEA060E8AE74FF0020C0CFA06F64EEA9A
:1082A000060E83E74FF0040C0CFA06F64EEA060EB3
:1082B0007CE74FF0050C0CFA06F64EEA060E75E761
:1082C00000F402400000024200080242000C024298
:1082D000001002420014024200180242002900F07D
:1082E00095802DE9F04F00234FF00F094FF0030A5E
:1082F000474E01229A4012EA010E69D023F003058D
:1083000005F18045434F05F53D3503F00304D5F8ED
:1083100060C0E40009FA04F8B84208EA0C0C1BD06B
:1083200007F58067B84259D03B4FB8425AD03B4F0F
:10833000B84261D03A4FB84263D0DFF8E8B0584550
:1083400055D0DFF8E4B058450CBF4FF0060B4FF0A6
:10835000070B0BFA04F400E00024A44517D1D6F86B
:10836000804024EA0E04C6F88040D6F8844024EA0F
:108370000E04C6F88440746824EA0E0474603468FD
:1083800024EA0E0434602C6E24EA08042C66046887
:108390005D000AFA05F52C434FEAD30C046000EBAC
:1083A0008C0C03F00704DCF820E0A40009FA04F4C4
:1083B0002EEA0404CCF82040846824EA0504846092
:1083C000446824EA02024260C26822EA0502C260EE
:1083D000013331FA03F28CD1BDE8F08F012707FA9F
:1083E00004F4BAE74FF0020B0BFA04F4B5E74FF0D0
:1083F000050B0BFA04F4B0E74FF0030B0BFA04F48F
:10840000ABE74FF0040B0BFA04F4A6E7704700BF8C
:1084100000F402400000024200080242000C024246
:108420000010024200140242001802420AB18161A7
:1084300070478162704700BF0268436B91691268A0
:1084400003B11847704700BF704700BF704700BFB7
:108450000022016810B50B6880F842205A040CD540
:108460000B6823F480430B6090F84130292B0ED029
:1084700090F841302A2B24D010BD1B04F4D50B6892
:1084800023F400430B6090F84130292BF0D14FF0DA
:10849000280C212380F841C0036390F8413000226A
:1084A00003EA0C03634514BF6FF0F20C6FF0420C4B
:1084B0000B6803EA0C030B6080F84020FFF7C4FF51
:1084C00010BD2824222380F84140036390F84130F6
:1084D00000222340A34214BF6FF0F4036FF0440363
:1084E0000C6823400B6080F84020FFF7AFFF10BD01
:1084F000704700BF70B50468C368A169A269022B08
:108500004FEA1242A5688446E668C1F3004102F0D2
:10851000FE020FD182EAD51313F00603C5F3090258
:1085200006D1856C01358564856C022D0CD070BD3B
:1085300006F0FE020025236823F0B80323608CF8C0
:108540004050FFF7D5FF70BD08258364E56180F8D2
:108550004030FFF7CDFF70BD704700BF00232022E1
:1085600010B5174C4363C462036380F8412080F860
:1085700042304B0712D50268436A526A1A70436A46
:10858000028D013343624AB1438D013A013B9BB2F4
:108590004385436C028543F00403436410240021A7
:1085A000036890F8412090F841201A6822F0FE02FA
:1085B0001A60DC6180F84010FFF7CEFF10BD00BFED
:1085C0000000FFFF704700BF704700BF806A08B51A
:1085D000836B0BB100221A64C36B0BB100221A64C7
:1085E00090F84130602B4FF0000305D0036380F812
:1085F0004030FFF7E7FF08BD202280F8403080F8C8
:1086000041200363FFF7E0FF08BD00BF70B5002500
:10861000554B90F8412080F84250C3624585436C29
:10862000283A0B43022A43640446036833D890F87F
:10863000411090F8412001F02801282908BF462167
:1086400002F0280218BFF621282A0CBFC9436FF098
:10865000F60128201A680A4044491A6084F841004B
:10866000A06B226B616318B1112A3ED0212A3CD045
:10867000E06B18B1122A4ED0222A4CD094F8413027
:10868000602B4FF0000365D02046236384F8403010
:10869000FFF798FF70BD90F8412090F841201A68CC
:1086A00022F0FE021A609A69920748BF9D629A6999
:1086B000D60703D49A6942F001029A6194F84120E6
:1086C000602A10D0202284F841209A6995060AD5A4
:1086D0009A69D00605D51022DA61626C42F0040274
:1086E00062642022DA610021BAE71A6851042CD4AE
:1086F000FEF7BAFD0128C1D00023A06B1C4A02641A
:1087000084F84030FEF70AFD0028C3D0A06BBDE816
:108710007040036C18471A68120403D51A6822F4D3
:1087200000421A60FEF7A0FD0128A7D00023E06BED
:108730000F4A026484F84030FEF7F0FC0028A9D00C
:10874000E06BBDE87040036C18471A6822F4804261
:108750001A60CDE72022204684F8412084F840307A
:108760002363FFF731FF70BD0000FFFFD5890008CC
:10877000CD850008036810B49A69196812F4807FE7
:1087800002F4806408D0090626D4416C11F00B0F66
:1087900019D15DF8044B7047CCB10906F5D54FF4FB
:1087A0008064416C920541F008014164DC61ECD5C4
:1087B0004FF40071426C42F002024264D961416C94
:1087C00011F00B0FE5D05DF8044BFFF71FBF9405C8
:1087D000DBD50A06ECD4D8E7416C41F001014164D5
:1087E0004FF48071D961002CD9D19405CDD5DFE744
:1087F00070B50446202603680D461968C06A94F8CF
:108800004120DE61213A092A0ED8DFE802F077051F
:108810000D0D0D0D0DAA7705222694F841201A683A
:1088200022F0FC021A6026635A68684E42F4004245
:108830005A605A6832405A609A69920744BF0022CF
:108840009A629A69D60703D49A6942F001029A6142
:108850004A043BD51A6822F480421A60A26B1AB10E
:108860001268526892B262856A070AD55A6A636AC8
:1088700025F004051A70636A01336362238D002BAF
:1088800068D1638D9BB21BB1636C43F004036364D6
:10889000EB0601D5CE063AD4002384F84230666C4C
:1088A0006363002E68D1E36A494DAB4218D194F856
:1088B00041302046222B4FF0200384F8406084F89A
:1088C0004130266376D0FFF7BFFD70BD0E04CBD5D7
:1088D0001A6822F400421A60E26B002AC0D1C3E792
:1088E0002046FFF7B5FD2023E562204684F841309D
:1088F00084F840602663FFF72FFE70BD212694F8B0
:1089000041201A6822F0FA021A6026638CE7638D10
:108910009BB2002B3ED194F84130282B4DD094F8D7
:1089200041202368292A4FF01002DA61B4D110F5F2
:10893000803FB1D09A69910744BF00229A629A6938
:10894000D20703D49A6942F001029A612046FFF7E8
:108950007FFDA1E7013B2385638D013B9BB26385CE
:108960008FE7002694F8412094F841201A6822F0FD
:10897000FE021A60266357E72046616CFFF746FE49
:1089800094F84130282BA0D129462046BDE87040FC
:10899000FFF7E4BD10222368DA61636C43F004033F
:1089A000636430F080737FF477AF2046616CFFF72B
:1089B0002DFE71E7FFF74AFD70BDB0F1007FAED12B
:1089C00029462046FFF7CAFD66E700BF00E800FE23
:1089D0000000FFFF38B590F840C0C56ABCF1010F38
:1089E00070D04FF0010C11F0200F04460B4680F8B8
:1089F00040C002D012F0200F53D1D80617D5D106AF
:108A000015D5628D92B2002A5ED194F84120282AB1
:108A100000F0818094F841202368292A4FF0100249
:108A2000DA6164D00023184684F8403038BD590715
:108A300019D4190701D510073AD49907F2D593072D
:108A4000F0D5638D9BB2002B4DD0616A236811F87D
:108A5000010B228D9862638D013A013B9BB26162EA
:108A600063852285DEE75007E3D5638D9BB26BB14A
:108A70002268636A526A1A70638D616A228D013BB3
:108A80000131013A9BB2616222856385638D9BB29D
:108A9000002BC7D115F5803FC4D02046FFF7D8FC86
:108AA000C0E7FFF7A5FE0023184684F84030BDE775
:108AB00094F8413003F02803282B28D0082223689B
:108AC000DA61AFE7022038BD10222368DA61636CF7
:108AD00043F00403636435F08073A3D12046616CD6
:108AE000FFF794FD9EE735F080739BD1D5E715F530
:108AF000803F97D09A69950744BF00229A629A698D
:108B0000D007CAD49A6942F001029A61C5E72046AB
:108B1000FFF7F0FC86E7B5F1007F7FF47BAF1946E5
:108B20002046FFF71BFD7DE708490B6813F00103A2
:108B30000AD1024610B40C68184624F0040313430B
:108B40005DF8044B0B607047012070470004034040
:108B5000034A0020136843F001031360704700BF0D
:108B600000040340002844D070B590F891320646C6
:108B700003F0FF02C3B30323306886F8913202F09A
:108B8000B7FF3579FDB100213346324601200C464E
:108B900011740131A942C2E908445074D47442F8F6
:108BA000284FF5D100210A4683F850110131A9421E
:108BB000C3E9582283F8512183F85321C3F868216F
:108BC00003F12803F0D1334653F8040B93E8060071
:108BD00002F098FF01220021B37A3173934286F8A4
:108BE000912208D0002070BD80F89022FDF700FA95
:108BF000C1E701207047304600F0B4FE002070BD90
:108C00002DE9F84F0546006803F0F0FB10F400442E
:108C10002BD1430500F17C8247041BD410F4005192
:108C200040F09382C60400F1BD81040500F19284F6
:108C3000010600F16484820500F1CE84C30512D5DB
:108C40002A68B2F8443023F480731B041B0CA2F88A
:108C5000443008E02A68B2F8443023F480431B040F
:108C60001B0CA2F84430BDE8F88F2868B0F84430F7
:108C70001904F8D5B0F84440A1B214F00F0436D16D
:108C800011F0100100F0E180018811F400648BB252
:108C900000F0AA8095F85021B0F8503000EBC202E5
:108CA00012FA83F3B3F80634C3F30903082BC5F8AB
:108CB0006C3140F06B84B5F8562105F5267103F050
:108CC000A9FB40F68F732A68284611880B4043F0B1
:108CD0008003138007F06CFC2868B0F84430190456
:108CE000C1D5B0F84440A1B214F00F04C8D030F898
:108CF0002430A7001FFA83F81B0439D418F0800F22
:108D0000B4D030F824309BB223F4E14323F0700355
:108D100043F4004320F824303B1905EBC302D17C17
:108D2000DB00012900F0EB80117C18F48079D2F887
:108D300028E04FEAC10C40F05881B0F850401CFACE
:108D400084F40444B4F80244C4F30904744580F084
:108D50000381AEEB040110339162E918536A234496
:108D60005362D36A2344D36203F012F928687DE783
:108D700040F68F7330F824203919134043F08003F4
:108D800020F8243005EBC10191F85C3191F85021B5
:108D9000002B40F08580B0F85030D20012FA83F3F7
:108DA0000344B3F80694C9F30909B9F1000F40F080
:108DB000E481391905EBC103D3F86C21C9004A4499
:108DC000C3F86C21D3F8682122B1D3F860214A4559
:108DD00040F2C6813B1905EBC303284693F85011B6
:108DE00007F0F8FB286889E71A047FF53FAF40F6E3
:108DF0008F730288134043F08003038095F850215D
:108E0000B0F8503000EBC20212FA83F3B3F8063424
:108E1000C3F30903C5F86C31002B00F0B480D5F81A
:108E2000641100293FF422AFB5F8562103F0F2FA9D
:108E3000D5F86431D5F86C21284613442146C5F88D
:108E4000643107F0C7FB286810E703889BB223F45E
:108E5000E14323F0700343F4004303802A7CB0F81D
:108E6000503000EBC20212FA83F3B3F802346A6A9C
:108E7000C3F309031A442846EB626A6207F0B4FBA5
:108E80002B7B2868002B3FF4F1AEAB6A002B7FF4FC
:108E9000EDAE2A7B42F08002A0F84C202B73E5E671
:108EA00091F85331022B00F0508230F822309BB2FF
:108EB00023F4E04323F0700343F4004343F0C00382
:108EC00020F8223091F8503130F82320DB0012F4E2
:108ED000804FB0F8502013FA82F3034443D0B3F824
:108EE0000294C9F30909B9F1000F3FF462AFB1F878
:108EF00058214B46D1F8641103F08CFA59E7002150
:108F0000631C03EB830345F83310137FDBB118F0C8
:108F10004008537C00F00A82002B40F05F82117CF5
:108F2000B0F8503000F2024010FA83F333F83120E9
:108F3000C2F3090223F8312033F8312092B242F40F
:108F4000004223F83120274405EBC7072846397C27
:108F500007F04AFB286889E62846C2F8289007F0FF
:108F600043FB286882E6B3F80694C9F30909B9F10E
:108F7000000F3FF41EAFB1F85A214B46D1F86411EF
:108F800003F048FA15E7038823F4804323F07003C5
:108F90001B041B0C83F4405343F4004343F0800351
:108FA000038063E62A68B2F8403023F004031B0410
:108FB0001B0CA2F84030B2F8403023F008031B0429
:108FC0001B0CA2F8403095F8C832012B00F0128338
:108FD000284607F039FB2A68B2F8443023F480535E
:108FE0001B041B0CA2F844303DE608F4804918F03D
:108FF0004008B0F8503000F0C88000F2024818FA7B
:1090000083F333F83130C3F3090373454AD34FF088
:10901000000C537CC2F828C0002B40F0F882B0F856
:10902000503018FA83F333F83120C2F3090223F8E1
:10903000312033F8312092B242F4004223F831203B
:10904000B0F8503000F2064212FA83F333F83120C0
:10905000C2F3090223F8312033F8312092B242F4EE
:10906000004223F831203B1905EBC303DB7C022BC4
:109070000FD130F8213023F4E04323F040031B04E8
:109080001B0C83F0200343F4004343F0800320F8DB
:109090002130284607F0A8FA2868B9F1000F3FF4FC
:1090A000E5ADCBE0AEEB030EC2F828E0B9F1000F5E
:1090B0000FD030F821E02EF4E04E2EF0700E4FEA83
:1090C0000E4E4FEA1E4E4EF4404E4EF0800E20F8EB
:1090D00021E007EB040E05EBCE0E9EF83490B9F1BB
:1090E000010F00F0CB81274405EBC7073A7C30F82D
:1090F000223023F4E04323F040031B041B0C83F0D5
:10910000300343F4004343F0800320F82230ADE500
:109110002A682846B2F8443023F480631B041B0CF1
:10912000A2F8443007F06EFA95F89032012B3FF424
:109130009AAD0123214628682C7385F8903203F0FC
:109140004FF985F89042BDE8F88F2A68B2F84430AC
:1091500023F400531B041B0CA2F84430BDE8F88F25
:10916000D3F8642101F5A8714A4428682944C3F85A
:10917000642102F00DFF2868C0E5B1F856214B4686
:10918000D1F8641103F046F913E600F2064A1AFA20
:1091900083F333F83130C3F30903734561D9C2F85F
:1091A00028803B1905EBC3035B7C002B40F0418218
:1091B000B0F8502000F2024313FA82F232F8313054
:1091C000C3F3090322F8313032F831306FEA4343F8
:1091D0006FEA53439BB222F83130B0F850201AFAAC
:1091E00082F232F83130C3F3090322F8313032F819
:1091F00031306FEA43436FEA53439BB222F8313078
:109200003B1905EBC303DB7C022B0FD130F8213077
:1092100023F4E04323F040031B041B0C83F02003E2
:1092200043F4004343F0800320F82130284607F040
:10923000DBF92868B9F1000F7FF418AD3B1905EB95
:10924000C3031A7C30F8223023F4E04323F0700388
:109250001B041B0C43F4404343F0800320F82230EE
:1092600004E5AEEB030EC2F828E0BEF1000F98D083
:10927000B9F1000F0FD130F821E02EF4E04E2EF0BE
:10928000700E4FEA0E4E4FEA1E4E4EF4404E4EF018
:10929000800E20F821E007EB040E05EBCE0E9EF8C1
:1092A0003480B8F1010F7FF41EAFDEF8246006EBC6
:1092B0000308CEF82480D66A06EB0309C2F82C9086
:1092C000DEF83090DEF820209145C0F0D081A9EB87
:1092D0000203CEF8303093B207EB040E05EBCE0E4E
:1092E0009EF811B0BBF1000F40F0B681B0F850E02D
:1092F0001AFA8EFE3EF83190F444C9F309092EF8AB
:109300003190002A40F0E4813EF831206FEA424279
:109310006FEA524292B22EF831203A1905EBC2029E
:109320004146528B03F066F82868DCE6002B62D0D9
:10933000012B7FF408AEB0F85030127C00F20640EA
:1093400010FA83F323F83280FDE5B0F850C04FEAFD
:10935000C20919FA8CFC18F4804ED1F868318444A3
:109360004FD0BCF802C4CCF3090C9C45E14600F296
:109370004781A3EB0C03C1F868317BB930F82210A8
:1093800021F4804121F070010904090C81F400519D
:1093900041F4004141F0800120F8221018F0400F04
:1093A0000DD030F8223023F4E04323F070031B0487
:1093B0001B0C43F4004343F0C00320F82230BCF1FF
:1093C000000F3FF4F6AC391905EBC101B1F8582193
:1093D0006346D1F8641103F01DF8EAE4012B7FF431
:1093E000B2ADB0F85030127C00F2024010FA83F3B4
:1093F00023F83210A7E5B0F85030117C00F2064097
:1094000092E5BCF806C4CCF3090C9C45E14600F299
:10941000FB80A3EB0C03C1F868317BB930F8221054
:1094200021F4804121F070010904090C81F40051FC
:1094300041F4004141F0800120F8221018F0400F63
:109440000DD130F8223023F4E04323F070031B04E5
:109450001B0C43F4004343F0C00320F82230BCF15E
:10946000000F3FF4A6AC391905EBC101B1F85A2140
:109470006346D1F8641102F0CDFF9AE4DEF824606F
:1094800006EB0309CEF82490D66A06EB030AC2F86D
:109490002CA0DEF830A0DEF820209245C0F0F98044
:1094A000AAEB0203CEF8303093B207EB040E05EBC3
:1094B000CE0E9EF811B0BBF1000F40F0DF80B0F887
:1094C00050E018FA8EFE3EF83180F444C8F30908E3
:1094D0002EF83180002A40F022813EF831206FEAD8
:1094E00042426FEA524292B22EF831203A1905EB0D
:1094F000C2024946128B02F07DFF2868F3E52A6814
:10950000B2F8443023F080031B041B0CA2F8443053
:1095100095F8C832002B5AD10121B2F840302846C4
:109520009BB243F00403A2F84030B2F840309BB243
:1095300043F00803A2F8403085F8C812B2F854305E
:10954000C3F38D0303F03C03C5F8CC32BDE8F84FFC
:1095500000F022BA2A682846B2F840309BB243F0A5
:109560000803A2F84030B2F8443023F400631B042F
:109570001B0CA2F84430B2F840309BB243F0040315
:10958000A2F8403007F050F8FFF76DBB48F28001B9
:1095900040F68F72038823F4804323F070031B048A
:1095A0001B0C83F480530B430380038823F4E043B4
:1095B00023F040031B041B0C83F0100319430180AC
:1095C0000388134043F080030380FFF74CBB284619
:1095D00007F02AF8FFF747BB2A682846B2F844305C
:1095E00023F400731B041B0CA2F8443007F006F8A8
:1095F000FFF739BB284685F8C81200F0CDF9E7E43B
:109600000023C1F86831B9E6C1F868E106E7012B2B
:109610007FF429ADB0F8503000F2064218FA83F317
:1096200023F831C0B0F8503012FA83F323F831C078
:1096300019E5012B7FF4E4AD0022B0F8503000F2C0
:10964000024C1CFA83F323F83120B0F850301AFA98
:1096500083F323F83120D3E5BBF1010F7FF45DAE36
:10966000B0F850201AFA82F222F8313055E6B9F1FA
:10967000000F15D11A468EF834902DE6BBF1010F7C
:109680007FF434AFB0F8502018FA82F222F831306B
:109690002CE7BAF1000F2AD11A468EF834A004E75D
:1096A00000229EF811B01FFA89F3CEF830208EF810
:1096B0003420BBF1000FCFD1B0F850E04A461AFA7F
:1096C0008EFE3EF83190F444C9F309092EF831902A
:1096D0003E2A33D8BCF8001002F0010E89B20EEB1E
:1096E000520241EA822292B2ACF8002015E6002232
:1096F0009EF811B01FFA8AF38EF83420CEF830208D
:10970000BBF1000FBAD15246B0F850E018FA8EFE05
:109710003EF83180F444C8F309082EF831803E2A1F
:109720001ED8BCF8001002F0010E89B20EEB5202F6
:1097300041EA822292B2ACF80020D7E65109D20663
:10974000BCF8002008BF01F1FF3192B242EA812249
:109750006FEA42426FEA524292B2ACF80020DCE576
:109760005109D606BCF8002008BF01F1FF3192B2C2
:1097700042EA81226FEA42426FEA524292B2ACF868
:109780000020B3E690F89022012A0DD010B50122F6
:1097900004460068217384F8902202F021FE002321
:1097A00084F89032184610BD0220704701F0070C73
:1097B00010B5090604460CEB8C004FEAC00021D41A
:1097C0004FF0000E00F5A871204480F851E12144CB
:1097D000022BCB7008BF0023C2F30A0208BF0B7133
:1097E00081F800C00A6194F89032012B13D0012354
:1097F000206884F8903202F09BF9002384F89032BC
:10980000184610BD4FF0010E00F11001204480F801
:1098100011E02144DCE7022010BD00BF10B5002498
:1098200001F0070101EB810E00EBCE0C8CF850111A
:109830008CF851410068CCF86421CCE95A340CF51D
:10984000A87102F0A5FB204610BD00BF01F0070182
:1098500038B501EB810E00EBCE0C01258CF8101011
:10986000002461468CF834508CF811500068CCF814
:109870002420CCE90B43CCF82830103102F088FBCF
:10988000204638BD10B50379044601F00700834235
:109890002ED30B061AD401EB8101C90001F5A87281
:1098A0006318A118002283F85121012308708B70DE
:1098B00094F890229A4219D084F89032206802F0ED
:1098C00019FD002384F89032184610BD012200EBE8
:1098D0008003DB0003F1100123445A740123214467
:1098E00008708B7094F890229A42E5D1022010BD46
:1098F000012010BD38B5027901F00F039A422FD331
:1099000001F0070202EB8203090604464FEAC30393
:1099100017D403F5A871014403440025002083F8FF
:1099200051010A708D7094F89032012B16D00123EA
:10993000206884F8903202F005FD84F890522846A1
:1099400038BD03F11001014403440025012058747F
:109950000A708D7094F89032012BE8D1022038BD46
:10996000012038BD0246002310B40124116882F89A
:10997000C8321846B1F85430C2F8D0429BB22343E3
:10998000A1F85430B1F854305DF8044B9BB243F069
:109990000203A1F854307047704700BF024B1868AB
:1099A00000F4C060704700BF00700040174A1368A1
:1099B000116911F4104F25D0D168090422D403F4A1
:1099C000C06383421CD01368114923F4C06303436E
:1099D00013600B680F495B09A1FB03135169DB0995
:1099E00003EB8303480503F1010305D55169013BEE
:1099F000490501D5002BF9D1044B5B695B0503D404
:109A0000002070470120704703207047007000401D
:109A10000C010320C55A7C0A024A536843F4806350
:109A20005360704700700040024A936843F48043DB
:109A3000936070470070004030B51E4C0546A36D22
:109A400083B0DB0021D5FFF7A9FF30F4007315D0F8
:109A5000802D2AD82BD0A5F17003B3FA83F35B09CC
:109A600015490A6822F00F021A430A60086800F0DC
:109A70000F00C01A18BF012003B030BD802DEFD9F0
:109A8000A02D8CBF02230123EAE7A36D43F080538E
:109A9000A365A36D03F080530193019BFFF77EFF45
:109AA000A36D23F08053A365CFE70323D8E70223F8
:109AB000D6E700BF00100240002002402B4A936806
:109AC000D26813F00C0307D00C2B33D0042B39D001
:109AD000082B35D000207047244A1168090754BF6D
:109AE000D2F894201268224954BFC2F30322C2F371
:109AF000031251F82200002BEDD01C49CA68CB6834
:109B000002F00302C3F30313022A03F1010324D07A
:109B1000032A19D0B0FBF3F0CB68C3F3062303FB91
:109B200000F0124BDB68C3F3416301335B00B0FB11
:109B3000F3F0704702F00302012ACDD00020DCE7E9
:109B40000C4870470C4870470A4AC868B2FBF3F3E8
:109B5000C0F3062003FB00F0E3E7074AC868B2FB46
:109B6000F3F3C0F3062003FB00F0DAE70010024035
:109B7000B4130108809698000024F400002800F037
:109B8000DE809F4A2DE9F8431368814603F00F03F6
:109B90008B420C460CD2136823F00F030B43136067
:109BA000136803F00F038B4202D00120BDE8F88355
:109BB000D9F80030980703F0010240F19A80914DE6
:109BC000D9F80800A96801F0F001884204D9A96811
:109BD00021F0F0010143A960002A4DD0D9F80450CA
:109BE000884B032D00F08D80022D1B6800F0A380B0
:109BF000002D40F0A6809E07D7D5FFF75FFF824B70
:109C0000984205D97F4B9A6812F0F00F00F09F80C0
:109C10007C4FBB6823F003032B43BB60FCF79EFB28
:109C2000BB68D9F8042003F00C03B3EB820F06469F
:109C300018BF4FF0000819D041F28837714DFCF77A
:109C40008DFBD9F80430821BBA424FEA830304D952
:109C5000AA6802F00C029A4277D1AA6802F00C02BC
:109C60009A42ECD1B8F1000F40F08C80D9F8003066
:109C7000990707D5D9F8080062498A6802F0F0020E
:109C8000824252D85E490A6802F00F02A24209D904
:109C90000A6822F00F0222430A600A6802F00F02EB
:109CA000A24282D15A0707D55649D9F80C008A68D2
:109CB00022F4E06202438A601B0708D5514AD9F8B2
:109CC0001010936823F4605343EAC1039360FFF7D5
:109CD000F5FE03464B4A4D4992684D48C2F30312C4
:109CE000895C4C4ACB4013600068BDE8F843FCF740
:109CF000EDB9002AC6D0D9F80450424B032D7FF4A9
:109D000073AF1A6891017FF550AFD968DA6801F036
:109D10000301C2F30312022902F1010238D0032920
:109D200065D0012954D0DB6872E78A6822F0F0021E
:109D300002438A60A6E79F033FF55FAF35E7012046
:109D4000704758057FF531AF57E703202EE79A6833
:109D500022F0F00242F080029A602A4FBB6823F0A2
:109D600003032B43BB60FCF7F9FABB68D9F8042066
:109D700003F00C03B3EB820F064618BF4FF08008C8
:109D80007FF45AAF1F4A936823F0F00393606DE7A6
:109D90002149DB68B1FBF2F2C3F3062303FB02F2B5
:109DA00018491948CB68C3F3416301335B00B2FB28
:109DB000F3F383427FF62CAF8B6813F0F00F7FF440
:109DC00027AF8B6823F0F00343F080038B60C4E778
:109DD0001A68120754BFD3F894301B680F4A54BF57
:109DE000C3F30323C3F3031352F82320D8E70C492A
:109DF000DB68B1FBF2F2C3F3062303FB02F2CFE709
:109E0000002002400010024000B4C404FC1301080A
:109E1000140103200C0103200024F400B4130108F2
:109E200080969800002800F0B7832DE9F041174B89
:109E300002689D68DE68D1060446134682B005F0CC
:109E40000C0506F003063BD5002D00F06A810C2DB1
:109E500000F06481E3690D4FD3B13B6843F0010327
:109E60003B60FCF77BFA80463B689A0700F1CA82A8
:109E7000FCF774FAA0EB08000228F5D93B689B07B1
:109E8000F2D4032002B0BDE8F08100BF0010024010
:109E90003B6823F001033B60FCF760FA3B688046B7
:109EA00099070BD5FCF75AFAA0EB0800022802D953
:109EB0003B689A07E5D43B689B07F3D422681346B6
:109EC000D1072DD5082D00F095810C2D00F08F8144
:109ED0006368B3F5803F00F0B681B3F5A02F00F0C2
:109EE00005838B4F3A6822F480323A603A6822F454
:109EF00080223A60002B40F0AB81FCF72FFA3B68E0
:109F000080469A030BD5FCF729FAA0EB08006428D9
:109F100002D93B689B03B4D43B689903F3D423680C
:109F20009A0713D5042D40F03D81794B1B685B05E2
:109F300003D5E368002B00F05881754A2169536806
:109F400023F0FE4343EA0163536023681A072BD5CD
:109F50006369002B00F05981A3696D4A002B40F022
:109F6000D681D2F8943023F01003C2F89430684DB3
:109F7000D5F8943043F00103C5F89430FCF7EEF9BE
:109F8000D5F8943006469B070DD4FCF7E7F9801B03
:109F9000072804D9D5F894309F077FF572AFD5F81C
:109FA00094309907F1D523685D0765D5584B9A6DB4
:109FB000D00000F1288101259A6D42F080529A6507
:109FC0009B6D03F080530193019B524E3368D9057A
:109FD00040F1D981A368DA0740F150815A0740F176
:109FE00026824B4BD3F8902042F00402C3F8902015
:109FF000D3F8902042F00102C3F89020FCF7AEF9AC
:10A00000434F0646D7F890309B070FD441F288386B
:10A01000FCF7A4F9801B404504D9D7F890309A0783
:10A020007FF52FAFD7F890309B07F1D5A3681906BD
:10A0300040F10582364FD7F8903043F08003C7F8DF
:10A040009030D7F8903019050FD441F28838FCF7DA
:10A0500085F9801B404504D9D7F890301A057FF563
:10A0600010AFD7F890301B05F1D525B1284A936D74
:10A0700023F08053936523689A061FD5A36A244D65
:10A08000002B00F06381D5F8983043F00103C5F848
:10A090009830FCF763F9D5F8983006469B070DD445
:10A0A000FCF75CF9801B022804D9D5F898309F078B
:10A0B0007FF5E7AED5F898309907F1D5E36A23B379
:10A0C000134DAA6802F00C020C2A00F0D581022B75
:10A0D0002B6823F080732B6000F01582FCF73EF9AB
:10A0E0002B68044699010BD5FCF738F9001B0228B0
:10A0F00003D92B689A013FF5C4AE2B689B01F3D4BA
:10A10000034A054BD1680B40D3600020BAE600BF7C
:10A110000010024000700040FCFFEEFE012E7FF4B4
:10A1200099AEA64B1B689B075CD4A44B606A1A6867
:10A13000170756BFD3F894301B681B0903F0F003D0
:10A14000984200F243819D4B1A6842F008021A605F
:10A150001A6822F0F00202431A605A68216A22F457
:10A160007F4242EA01225A60002D00F0B981FFF7D8
:10A17000A5FC0346914A92499268C2F30312895C96
:10A18000904ACB401068904A1360FBF79FFF00286D
:10A190007FF478AE2368D9071A463FF596AE990743
:10A1A0007FF5D4AE0C2D00F02981E368834D002BA0
:10A1B00000F0B4802B6843F480732B60FCF7CEF87A
:10A1C0002B6806465F053FF5B8AEFCF7C7F8801B65
:10A1D000022803D92B6859057FF553AE2B685A0521
:10A1E000F3D5AAE6E369002B9FD101204AE6032EAE
:10A1F0007FF46EAE714B1B689F0302D56368002B22
:10A20000F3D01346CBE70025DFE66C4DD5F894304C
:10A2100023F00103C5F89430FCF7A0F8D5F894308A
:10A2200006469A077FF5BFAEFCF798F8801B072813
:10A2300004D9D5F894309B073FF523AED5F8943078
:10A240009F07F1D4AFE65D4A136843F4803313608F
:10A25000FCF784F8594F80463B689A033FF55FAEA0
:10A26000FCF77CF8A0EB0800642803D93B689B034B
:10A270007FF507AE3B689903F2D550E64F4ED6F80E
:10A28000902022F00102C6F89020D6F8902022F00B
:10A290000402C6F89020002B7FF4B0AEFCF75EF805
:10A2A000D6F89030074699070FD541F28838FCF769
:10A2B00055F8C01B404504D9D6F890309B073FF5B0
:10A2C000E0ADD6F890309907F1D43C4ED6F89030F6
:10A2D0001A067FF5CAAED6F8903023F08003C6F890
:10A2E0009030D6F890301A057FF5BFAE41F288382D
:10A2F000FCF734F8C01B404504D9D6F890301B0554
:10A300003FF5BFADD6F890301905F1D4ADE6D2F8DF
:10A31000943043F01003C2F8943028E62B6823F4FD
:10A3200080732B60FCF71AF82B6806465B050BD58B
:10A33000FCF714F8801B022803D92B685F053FF552
:10A34000A0AD2B685905F3D42368FFE5D5F8983004
:10A3500023F00103C5F89830FCF700F8D5F89830E1
:10A3600006469A077FF5AAAEFBF7F8FF801B022886
:10A3700004D9D5F898309B073FF583ADD5F89830D0
:10A380009F07F1D49AE6336843F480733360FBF798
:10A39000E5FF33680746DB053FF51CAE03E0336895
:10A3A000D9053FF517AEFBF7D9FFC01B0228F6D938
:10A3B0003368D8057FF565ADF1E700BF00100240B6
:10A3C000FC130108140103200C010320FFF734FBE8
:10A3D00000287FF40AAF714B1A6842F008021A6035
:10A3E0001A68616A22F0F0020A431A605A68216A08
:10A3F00022F47F4242EA01225A60B8E6022E7FF43C
:10A40000D4AE92E5654B1A6842F008021A601A68E9
:10A41000616A22F0F0020A431A605A68216A22F443
:10A420007F4242EA01225A602268134648E55B4AAD
:10A43000D2F8903043F00103C2F89030DEE5574F78
:10A44000D7F8903023F08003C7F89030D7F89030D9
:10A4500019057FF50AAE41F28838FBF77FFF801BB4
:10A46000404504D9D7F890301A053FF50AADD7F822
:10A4700090301B05F1D4F8E5012B3FF4B6AEEB6844
:10A48000226B03F0030191427FF4AFAE616B03F0E6
:10A49000F0020139B2EB011F7FF4A7AEA16B03F408
:10A4A000FE42B2EB012F7FF4A0AEE16B03F07842E5
:10A4B000B2EBC16F7FF499AE226C03F4C001520875
:10A4C000013AB1EB425F7FF490AE626C03F0C0637F
:10A4D0005208013AB3EB426F14BF01200020D1E4CF
:10A4E000FFF7AAFA00283FF442AE7EE603F180436C
:10A4F000A3F53C331A6842F480221A601A6842F4C9
:10A5000080321A60A4E6FBF729FF2B680646990102
:10A510000BD5FBF723FF801B022803D92B689B0177
:10A520003FF5AFAC2B689F01F3D41C4D1C4BE96881
:10A53000226B0B40606B1343D4E90E1243EA0123F4
:10A5400043EAC2630138D4E91012490843EA001310
:10A5500001395208013A43EA415343EA4263EB604E
:10A560002B6843F080732B60EB6843F08073EB60E3
:10A57000FBF7F4FE2B6804469A013FF5C6ADFBF7E6
:10A58000EDFE001B022803D92B689E017FF579ACF4
:10A590002B689801F3D5B8E5012070470010024000
:10A5A0000C809F0108B5FFF789FA074B07499A68A5
:10A5B0009B68C2F303128A5C0549C3F3C223CB5CD8
:10A5C000D040D84008BD00BF00100240FC13010875
:10A5D000F41301080F220E4B10B402609A680D4C60
:10A5E00002F0030242609A6802F0F00282609A6808
:10A5F00002F4E062C2609B68DB0803F4E06303617D
:10A6000023685DF8044B03F00F030B60704700BF35
:10A610000010024000200240F8B5044600680F46D2
:10A6200002284ED0032845D0012848D1394B1B6859
:10A630009E073ED5374D2B6823F080632B60FBF7D8
:10A640008DFE064604E0FBF789FE831B022B4AD8E9
:10A650002B681901F7D4D4E90132013B10022168BB
:10A660001A01002F33D0012F2A4D45D02E692A4BD5
:10A6700033400B430343134362695208013A43EAF0
:10A6800042632B61234D2B6843F080632B60FBF703
:10A6900065FE064604E0FBF761FE831B022B27D80C
:10A6A0002B681B01F7D500201A4AA16913690B43D7
:10A6B0001361F8BD174B1B6813F4C02FBAD10120EA
:10A6C000F8BD144B1B685D05B4D40120F8E7114DAB
:10A6D000124B2E6933400B43E168034343EAC163E5
:10A6E00013432B61CEE72B681801B4D50320F8BDC6
:10A6F0002B681A01FAD5D6E72E69094B33400B4374
:10A700000343134322695208013A43EA42532B613F
:10A71000B8E700BF001002400C80FFF90C80FF0773
:10A720000C809FFF70B504460068022847D00328BC
:10A730003ED0012841D1294B1B689E0737D5274DB4
:10A740002B6823F080532B60FBF708FE064604E0DD
:10A75000FBF704FE831B022B37D82B689900F7D434
:10A760001E4D1F4B696922680B401343D4E9021246
:10A7700043EA012343EAC2636268013A43EA0213EF
:10A780006B612B6843F080532B60FBF7E7FD0646B7
:10A7900004E0FBF7E3FD831B022B1BD82B689B0017
:10A7A000F7D500200D4A216953690B43536170BDF1
:10A7B0000A4B1B6813F4C02FC1D1012070BD074B99
:10A7C0001B685D05BBD40120F8E72B689800C7D54E
:10A7D000032070BD2B689A00FAD5E2E70010024012
:10A7E0000C80FF072DE9F0470368044613F4006569
:10A7F00082B01BD0C16E402900F03D8200F2588229
:10A80000002900F02282202940F058822030FFF7F2
:10A8100089FF054623684DB9E16E0025B648D0F89A
:10A820009C2022F0E0020A43C0F89C20DF0440F1A3
:10A830004F81216FB1F5007F00F0168200F23F8159
:10A84000002900F00782B1F5807F40F0408104F1DB
:10A850002000FFF767FF07462368002F40F00282C1
:10A86000A549206FD1F89C209E0322F4E06242EAC1
:10A870000002C1F89C2000F12F81D90708D59E491C
:10A88000606BD1F8882022F003020243C1F88820CF
:10A890009A0708D59849A06BD1F8882022F00C02BD
:10A8A0000243C1F888205E0708D59349E06BD1F8D0
:10A8B000882022F030020243C1F88820180708D50A
:10A8C0008D49206CD1F8882022F0C0020243C1F8E3
:10A8D0008820D90608D58849606CD1F8882022F4F0
:10A8E00040720243C1F888209A0608D58249A06CBC
:10A8F000D1F8882022F440620243C1F888209E05E6
:10A9000008D57D49E06DD1F8882022F44022024329
:10A91000C1F88820580508D57749206ED1F88820DD
:10A9200022F440120243C1F88820590208D5724926
:10A93000606ED1F8882022F440020243C1F88820DA
:10A940009A010CD5A26EB2F1807F00F06D81B2F158
:10A95000007F00F02681002A00F0298101255F0692
:10A9600008D56549E06CD1F8882022F440520243B2
:10A97000C1F888201E0608D55F49206DD1F88820CF
:10A9800022F440420243C1F88820D80508D55A492C
:10A99000606DD1F8882022F440320243C1F888204B
:10A9A000D90208D55449A06DD1F89C2022F00302A9
:10A9B0000243C1F89C209A0411D54F49606FD1F829
:10A9C0008820B0F1006F22F0406242EA0002C1F834
:10A9D000882000F02481B0F1806F00F060811F03B7
:10A9E0001BD5A16FB1F5804F00F005814248B1F150
:10A9F000806FD0F8882022F0406242EA0102C0F85D
:10AA00008820D0F89C2022F48042C0F89C2000F0DE
:10AA10005781B1F1006F00F034815E0311D53649E2
:10AA2000E06FD1F88820B0F1006F22F0406242EA76
:10AA30000002C1F8882000F0D980B0F1806F00F0EA
:10AA4000258158040ED52C48D4F88010D0F88820E1
:10AA5000B1F1805F22F0405242EA0102C0F8882042
:10AA600000F0EA80D90309D52349D4F88400D1F84D
:10AA70009C2022F004020243C1F89C209A0209D5CE
:10AA80001D49D4F88800D1F89C2022F01802024316
:10AA9000C1F89C20DB010ED5174AD4F88C10D2F8EF
:10AAA0009C30B1F5001F23F4401343EA0103C2F8C0
:10AAB0009C3000F0AC80284602B0BDE8F087B1F5CC
:10AAC000407F00F0D680B1F5806F00F0D280012584
:10AAD0002F469E037FF5D1AE074B9A6DD00054D51B
:10AAE0004FF00008054E336843F480733360FBF782
:10AAF00035FC81460AE000BF0010024000700040B3
:10AB0000FBF72CFCA0EB090002285BD83368DA05C0
:10AB1000F6D5002F5CD1DFF8C8A1D4F89010DAF890
:10AB2000903013F4407327D08B4225D0DAF8902070
:10AB3000DAF8903043F48033CAF89030DAF8903085
:10AB400023F48033CAF8903022F44073CAF890306E
:10AB5000D30711D5FBF702FC41F28839064605E020
:10AB6000FBF7FCFB801B484500F2B380DAF890301D
:10AB70009807F5D5D4F89010594AD2F8903023F4BC
:10AB800040730B43C2F8903023E09A6D4FF00108F8
:10AB900042F080529A659B6D03F080530193019BB4
:10ABA000A0E70021201DFFF737FD07462368DFB926
:10ABB0004B49A06ED1F8882022F040720243C1F8C0
:10ABC0008820CCE63368D905A3D403252F4600E0BE
:10ABD0003D462368B8F1000F3FF44FAE40498A6DFF
:10ABE00022F080528A6548E63D46B8E6CA6842F4DB
:10ABF0008012CA6025E73A4AD2F89C1041F480419D
:10AC0000C2F89C10D16841F48031D16005E7284634
:10AC1000D36843F48013D36002B0BDE8F087CA68FC
:10AC200042F48012CA60DAE62D49CA6842F4801202
:10AC3000CA60002FD8D1BBE70221201DFFF7ECFC32
:10AC40002368002818BF05460CE70430FFF7E4FC32
:10AC50000546DFE5201DFFF7DFFC07462368002FD0
:10AC60003FF4FEAD3D4634E71D49CA6842F48032E8
:10AC7000CA602F46F1E51A48C26842F48032C260C9
:10AC8000CBE5C26842F48012C260C6E60121201DF5
:10AC9000FFF7C2FC2368002818BF0546D1E6012152
:10ACA000201DFFF7B9FC2368002818BF054696E66B
:10ACB00060293FF4B2AD80293FF4AFAD0125B5E581
:10ACC0000121201DFFF7A8FC2368002818BF0546B6
:10ACD000A3E6DAF890309E077FF577AF4AE700BF2A
:10ACE00000100240114B10B4996B114A41F0807171
:10ACF0009963996B21F0807199630368D0E90141F0
:10AD000023430B43D0E90341234343EA0143536008
:10AD10001368416923F4FE4343EA01231360136877
:10AD20005DF8044B43F0600313607047001002406D
:10AD30000060004000285AD038B5437A044603F03A
:10AD4000FF02002B49D0D4E9003502214AF2B3209A
:10AD50006172284A19682A43274D21F004011960BD
:10AD60001A601D6118611A6822F080421A60FBF7B0
:10AD7000F5FA054623681A6851000ED5FBF7EEFA7E
:10AD8000401B02282368F6D91A685200F3D5012225
:10AD9000022362720120E36038BD1A6842F00402A7
:10ADA0001A605B68580603D504236372012038BD1E
:10ADB000FBF7D4FA054623685B68D90711D4FBF783
:10ADC000CDFA401B02282368F6D95A68D207F3D47B
:10ADD000042202236272E360E8E70272FBF768F87C
:10ADE000B1E70122002362721846E36038BD0120FA
:10ADF000704700BF000DF040BC0A5917704700BFF4
:10AE0000026810B553680446990613D4580605D550
:10AE1000590723D4516821F040015160DB0708D560
:10AE2000136823F0080313609168637A2161042B8F
:10AE30000CD110BD1023C360042320466372F8F7C1
:10AE40007DFE6FF0600223685A6010BD012200236E
:10AE5000204662722372FFF7D1FF10BD0823E36022
:10AE6000136823F008031360E6E700BF002300B572
:10AE7000026883B001935368014658070AD45368A7
:10AE800023F0400353600020CB6823F00803CB601D
:10AE900003B000BD0220136843F0804313601368C1
:10AEA00023F080431360019002E013685B0012D529
:10AEB000019B013B0193019B002BF6D101224A72B9
:10AEC0000B72CB68084643F00203CB60F8F736FEFE
:10AED000012003B000BD536858060CD4022301932F
:10AEE00002E053685B07CED5019B013B0193019BB8
:10AEF000002BF6D1E2E7536823F040035360EDE7FF
:10AF0000F8B5037A012B43D00122437A04469342D9
:10AF1000DFB2027206D004231746C36000232372F7
:10AF20003846F8BD0222036842725B680E46590635
:10AF300016D4FBF713FA054623685A68D20718D4CB
:10AF4000FBF70CFA401B02282368F6D95A6812F066
:10AF50000102F2D10121022361722272E360DFE774
:10AF60000823C360FFF782FF0128E2D12023E360BA
:10AF7000D6E79A685B68226113F0400316BF082386
:10AF80001F46E3604FF0010308BF32606372C5E7FC
:10AF900002273846F8BD00BF704700BF30B50268D1
:10AFA00004465168936885B013F0400FC3F38015D1
:10AFB00019D113F0010F2FD1980745D49D0600F148
:10AFC0009180DB050DD58D060BD50020236E43F057
:10AFD00008032366039093680393039B236E002B5F
:10AFE0005AD105B030BD13F002001AD008067CD447
:10AFF00013F020002CD18D06F3D594F85D50032D6D
:10B0000079D0256E45F0040525660090D068009043
:10B010009068009000983AE011F0400FCCD0C36CDB
:10B0200065E08D06DDD594F85D50032D63D0256E67
:10B0300045F0040525660090D06800909068009067
:10B040000098980623D515E008064ED49806B8D582
:10B050008806C6D575B194F85D0003284BD0206EE4
:10B0600040F00400206600200090D06800909068B6
:10B0700000900098206E40F00100206600200290B1
:10B0800090680290106820F0400010600298DB0584
:10B090009BD4236E002BA4D0012053688D0723F08E
:10B0A000E003536084F85D002DD05368A06D23F059
:10B0B0000303536040B1164B0364FCF72FF818B13B
:10B0C000236E43F040032366606D002889D0104B47
:10B0D0000364FCF723F8002883D0236E43F0400379
:10B0E00023667EE78806C5D47BE72046236D05B03E
:10B0F000BDE83040184700230193D368019393685B
:10B100000193019B6DE72046FFF746FF69E700BF0B
:10B1100015B1000808B50023806AA0F84630C3873F
:10B12000FFF73AFF08BD00BF30B4036A124D046A4E
:10B13000A84224F0010404620ED0104CA0420BD0AF
:10B1400004F54064A04207D004F58064A04203D017
:10B1500004F58064A04203D1046A24F0040404626C
:10B16000846923F00A0324F0F00C4CEA021219431C
:10B17000826130BC01627047002C01400034014004
:10B1800090F83D30012B23D102210368164A80F844
:10B190003D1093421ED0B3F1804F1BD0A2F59432E4
:10B1A000934217D002F58062934213D002F5806279
:10B1B00093420FD002F5943293420BD002F54062D5
:10B1C000934207D01A6842F001021A6000207047CB
:10B1D000012070479968054A0A40062AF6D0B2F560
:10B1E000803FEFD100207047002C01400700010094
:10B1F00090F83D30012B26D10222036880F83D20D3
:10B20000DA68174942F001028B42DA601DD0B3F1CF
:10B21000804F1AD0134A934217D002F580629342AE
:10B2200013D002F5806293420FD002F5943293421C
:10B230000BD002F54062934207D01A6842F0010237
:10B240001A6000207047012070479968064A0A403A
:10B25000062AF6D0B2F5803FEFD10020704700BF3C
:10B26000002C0140000400400700010038B590F8B0
:10B270003C30012B6AD0044602250123006884F883
:10B280003C3084F83D5085684B4A2A4082600A6809
:10B29000602A6AD010D8402A5AD02CD8202A4BD005
:10B2A00048D832F0100147D018460122002384F814
:10B2B0003D2084F83C3038BDB2F5805F13D0B2F544
:10B2C000005F27D0702AEFD1D1E901538268C968A5
:10B2D0002B4322F47F4243EA0123134383608368B4
:10B2E00043F0770383600122002384F83D2084F833
:10B2F0003C30002038BD502AD6D1CA684968FFF7D3
:10B3000013FF836823F4401323F0700343F05703C3
:10B310008360E8E78268D1E90153C9682B4322F4CE
:10B320007F4243EA012313438360836843F48043ED
:10B330008360D8E7302AB7D1836823F4401323F021
:10B340007003134343F007038360CCE7022038BD4A
:10B35000CA684968FFF7E8FE836823F4401323F0C6
:10B36000700343F047038360BDE7036A026A4D68D8
:10B3700022F01002C9680262104A904217D002F50A
:10B380000062904213D0826923F0A00322F470423D
:10B3900043EA051342EA013282610362836823F4BF
:10B3A000401323F0700343F0670383609BE7026A56
:10B3B00022F040020262E6E78800CEFF002C014046
:10B3C000704700BF704700BF704700BF704700BFA5
:10B3D000036870B5DE681C690546A20701D5B10790
:10B3E0005AD4630701D5700743D4210701D532072A
:10B3F0002DD4E00601D5F10616D4E20701D5F307F6
:10B4000063D414F4025F0AD0300666D4600601D516
:10B41000710673D4A20601D5B3064DD470BDE20502
:10B42000F4D5330662D4F1E76FF0100108222B68DF
:10B43000284619612A77DB6913F4407F6FD1FFF743
:10B44000BFFF2846FFF7C0FF00232B77D5E76FF03B
:10B45000080104222B68284619612A77DB699B07BB
:10B460005AD1FFF7ADFF2846FFF7AEFF00232B7739
:10B47000BFE76FF0040102222B68284619612A7782
:10B480009B6913F4407F44D1FFF79AFF2846FFF7EA
:10B490009BFF00232B77A8E76FF002021A610122BD
:10B4A00002779B699A0731D1FFF78AFF2846FFF799
:10B4B0008BFF00232B7794E76FF020022B68284640
:10B4C000BDE870401A6100F005B96FF001022B6809
:10B4D00028461A61F5F756FD93E76FF402522B6880
:10B4E00028461A6100F0F8F8E1058FD56FF48072F4
:10B4F0002B6828461A6100F0F1F887E76FF04002E8
:10B500002B6828461A61FFF761FF83E7FFF75AFFB0
:10B51000CFE7FFF757FFBCE7FFF754FFA6E7FFF7BA
:10B5200051FF91E770B4284E0368B0424A698D68B4
:10B530000C6839D0B0F1804F20D0A6F59436B042D7
:10B540001CD006F58066B04218D006F58066B04281
:10B5500014D006F59436B04226D01C4EB04227D007
:10B5600006F58066B04223D006F58066B0421FD053
:10B5700023F08003C5621A4384620CE04E6823F016
:10B580007003C968334323F440730B4323F08003F3
:10B59000C5621A438462012170BC036843F004034E
:10B5A00003604161026070474E6823F070033343CB
:10B5B000CE6823F440733343C56223F08003846272
:10B5C0001A430B690363E6E7002C01400040014089
:10B5D00070B310B590F83D30044603F0FF0213B38A
:10B5E0000223214684F83D3051F8040BFFF79AFFFF
:10B5F000012384F8483084F83E3084F83F3084F8E2
:10B60000403084F8413084F8423084F8433084F884
:10B61000443084F8453084F8463084F8473084F864
:10B620003D30002010BD80F83C20FAF771FCD7E7D0
:10B630000120704790F83C20012A45D003460220A3
:10B6400070B41A68214E83F83D00B24250680D680C
:10B65000946827D006F50066B2422CD020F0700026
:10B660002843B2F1804F50600ED0194882420BD06F
:10B6700000F58060824207D000F58060824203D0EE
:10B6800000F59A30824204D1896824F080040C438A
:10B6900094600022012183F83C2083F83D1010467D
:10B6A00070BC70474E6820F47000304320F070008A
:10B6B00028435060E8E74E6820F47000304320F0E3
:10B6C000700005435560DFE702207047002C014001
:10B6D00000040040704700BF704700BF704700BFC4
:10B6E00010B4026852E8003F23F4907342E800313E
:10B6F0000029F7D1144C02F1080353E8003F23401E
:10B7000002F1080C4CE800310029F4D1C36E012B82
:10B7100008D0002320225DF8044BC0F88C2043673A
:10B72000C366704752E8003F23F0100342E800313F
:10B730000029EED052E8003F23F0100342E8003128
:10B740000029EFD1E5E700BFFEFFFFEF704700BF24
:10B75000704700BF08B5806AFFF7FAFF08BD00BF59
:10B76000704700BF40F60F0C70B504680546E369EA
:10B77000216813EA0C0FA26829D19E0607D501F0B3
:10B78000200C02F080565CEA060C40F0F080E86E77
:10B79000012800F0AC80D80200F19E80180606D582
:10B7A00002F4000201F08000104340F0E7805A06E6
:10B7B00002D54E0600F1C380180202D54A0000F1FE
:10B7C0000C81DB0102D50029C0F23D8170BDA34888
:10B7D000104040F0C580A24E3142D8D0DE0740F183
:10B7E000DC80CE0540F1D28001262662D5F890603B
:10B7F00046F00106C5F890609E0740F1C980D60763
:10B8000040F1CB8002202062D5F890005E0740F026
:10B810000400C5F8900040F1DD8004202062D5F8D6
:10B82000900040F00200C5F89000180700F1BD80BC
:10B8300018050AD54E0108D54FF400602062D5F8EE
:10B84000900040F02000C5F89000D5F89000002846
:10B85000BCD0980606D501F0200102F080521143B9
:10B8600040F0AC80D5F89020A36802F0280203F0E5
:10B87000400353EA0206284600F0EA80FFF730FF53
:10B88000A3685B0640F1A28004F1080353E8003F7F
:10B8900023F0400304F1080141E8003262B12C6852
:10B8A00004F1080353E8003F23F0400304F10801CA
:10B8B00041E80032002AF3D1D5F88000002800F0DA
:10B8C0008580684B0364FBF729FC00283FF47EAFBA
:10B8D000D5F88000036C4EE056027FF55FAF4FF461
:10B8E000801328462362BDE8704000F0FBB8DE06F6
:10B8F0007FF551AFC8067FF54EAF1022B5F85C302A
:10B900002262A268520640F1AF80D5F8800002683A
:10B91000516889B2002900F0DC80994280F0D9801A
:10B92000A5F85E10126896065CD502222A67B5F863
:10B930005E102846591A89B2FFF712FF70BD54E80D
:10B94000003F23F0400344E80032002AF7D12022D0
:10B9500000232846C5F88820AB67FFF7F7FE70BDC7
:10B96000DE077FF549AFCE057FF546AF3CE7436F75
:10B97000002B3FF42BAFBDE870401847AB6F002B96
:10B980003FF424AF2846BDE8704018479E0704D412
:10B990005E0702D5D6073FF540AF1E077FF548AFDB
:10B9A00001F0200606433FF443AF08202062D5F89B
:10B9B000900040F00800C5F8900039E76B6F002B4D
:10B9C0003FF450AF284698472C684BE72846FFF7CE
:10B9D000BFFE70BD1807E8D42AE72846BDE87040CE
:10B9E00000F084B854E8003F23F4807344E8003248
:10B9F000002AF7D104F1080353E8003F23F00103C4
:10BA000004F1080141E80032002AF3D104F10803EF
:10BA100053E8003F23F0400304F1080141E80032FD
:10BA2000002AF3D12023C5F88C30EA6654E8003FA1
:10BA300023F0100344E80032002AF7D1FBF736FB6D
:10BA4000B5F85C3071E72846BDE8704000F04CB8AE
:10BA5000FFF77EFEC5F8906070BD00BF01000010CA
:10BA60002001000455B70008B5F85E10B5F85E2057
:10BA700089B292B2002A3FF4A9AE5B1A99B20029AA
:10BA80003FF4A4AE54E8003F23F4907344E800323E
:10BA9000002AF7D1124804F1080353E8003F03409D
:10BAA00004F1080646E80032002AF4D120236A6730
:10BAB000C5F88C30EA6654E8003F23F0100344E8F0
:10BAC0000032002AF7D1022328462B67FFF748FEF1
:10BAD00070BD99427FF47AAE13689C06F3D470BDB2
:10BAE000FEFFFFEF704700BF704700BF704700BF09
:10BAF000034644F27F02B3F8401000200A40A3F846
:10BB0000402070474FF0000C00B583B002AB4FF0FF
:10BB1000010E03E9060003466046A3F840E0A3F8DF
:10BB200040C0A3F844C0A3F850C003B000BD00BF9C
:10BB300070B50A78034630F8220091F803E020F44B
:10BB4000EC4020F070000004000CBEF1030F00F286
:10BB50000582DFE80EF0CDD0B10240F4C06048F2BB
:10BB6000800C40EA0C0023F8220033F8220020F475
:10BB7000E04020F070000004000C10434CEA000C80
:10BB800023F822C0087B002800F0B880002033F89A
:10BB900022C02CF4E24C2CF0700C4FEA0C4C4FEA13
:10BBA0001C4C4CF4004C4CF0800C23F822C00C8947
:10BBB000B3F8505003EBC20C640864001CFA85F51E
:10BBC000A5F800444C89B3F85050640864001CFA8E
:10BBD00085F5A5F804444C78002C40F01C8133F81E
:10BBE000224064040DD533F8224024F4E04424F0CC
:10BBF00070042404240C44F4404444F0800423F8EA
:10BC0000224033F8224066060DD533F8224024F452
:10BC1000E04424F070042404240C44F4004444F070
:10BC2000C00423F822400D69B3F850101CFA81F1CA
:10BC3000B1F802440CF2064CC4F30904A1F8024422
:10BC4000002D00F030813E2D00F2658105F00104E9
:10BC500004EB5504A402A5B2B1F80244A4B22C43EB
:10BC6000A1F80244B3F8501089B231F80C40C4F383
:10BC7000090421F80C4031F80C40A4B22C4321F8FF
:10BC80000C4048F2800433F8221021F4804121F066
:10BC900070010904090C81F44051214323F822105A
:10BCA00033F8221021F4E04121F040010904090C8D
:10BCB0000C4323F8224070BD48F28005284323F846
:10BCC000220033F82200B14C80B2204010430543DB
:10BCD00023F82250087B88B133F8220080B220403C
:10BCE00040F4014040F0800023F8220000205EE78D
:10BCF00040F4007033E740F4806030E70020CC88E7
:10BD00004E786408640003EBC205F6B3B3F8501034
:10BD100015FA81F1A1F8004433F8221049060DD537
:10BD200033F8221021F4E04121F070010904090CDC
:10BD300041F4004141F0C00123F8221033F82210F1
:10BD4000BEF1010F21F4E04121F040014FEA014131
:10BD50004FEA114112D081F0200141F4004141F03D
:10BD6000800123F8221070BD33F8221021F48041A5
:10BD700021F070010904090C81F4005141F40041E3
:10BD800041F0800123F8221070BD0E69B3F8501005
:10BD900015FA81F1A1F80444B3F8501015FA81F1B5
:10BDA000B1F80644C4F30904A1F80644002E00F0DB
:10BDB00096803E2E00F29D80B1F8064406F0010503
:10BDC000A4B205EB560544EA8524A4B2A1F80644C2
:10BDD00033F822104D040DD533F8221021F4E04140
:10BDE00021F070010904090C41F4404141F0800147
:10BDF00023F82210002AB7D11A8822F4804222F0B8
:10BE000070021204120C82F4405242F4004242F0DA
:10BE100080021A8070BD33F822104C040DD533F81F
:10BE2000221021F4E04121F070010904090C41F4D1
:10BE3000404141F0800123F8221033F822104906D6
:10BE40000DD533F8221021F4E04121F070010904EE
:10BE5000090C41F4004141F0C00123F8221033F8ED
:10BE60002210BEF1010F21F4E04121F040014FEA20
:10BE700001414FEA114118BF81F0200141F4004116
:10BE800041F0800123F8221033F8221021F4804180
:10BE900021F070010904090C41F4004141F08001D6
:10BEA00023F8221070BDB1F802446FEA44446FEAEF
:10BEB0005444A4B2A1F80244B3F85040A4B234F8F8
:10BEC0000C10C1F3090124F80C1034F80C106FEABF
:10BED00041416FEA514189B224F80C10D1E6B1F822
:10BEE00006446FEA44446FEA5444A4B2A1F80644FD
:10BEF0006EE7B1F806447509F60608BF05F1FF358F
:10BF0000A4B244EA85246FEA44446FEA5444A4B2DC
:10BF1000A1F806445CE76C09ED0608BF04F1FF34A4
:10BF2000B1F80254A402A4B2ADB2254345F40045D1
:10BF3000A1F80254B3F85050ADB235F80C10C1F36B
:10BF4000090125F80C1035F80C1021436FEA414126
:10BF50006FEA514189B225F80C1092E648F280044C
:10BF6000204323F8220033F8220020F4E04020F0A0
:10BF700070000004000C1043044323F82240087BA7
:10BF800008B1012003E60120B9E600BF8F8FFFFF53
:10BF90002DE9F04F4B780C7B012B83B035D0ECB101
:10BFA000CB78022B00F0FD80012B40F0878000232E
:10BFB0000A788B6130F8223023F4804323F0700339
:10BFC0001B041B0C83F4405343F4004343F08003F1
:10BFD00020F82230002003B0BDE8F08F8A690C7889
:10BFE000002A55D1CB78002B40F0F98030F824306E
:10BFF00023F4E04323F070031B041B0C43F40143C0
:10C0000043F0800320F82430D1E70E698A694B6938
:10C01000B24228BF324600F58067002C00F0A880AD
:10C02000CD780C6A022D91F800E04BD0A41A30F8BC
:10C030002E500C6294B2013415F0400F92B2B0F859
:10C0400050504FEA540400F0D98000F2064616FA28
:10C0500085F525F83E204D893D443CB103EB440471
:10C06000ED1A1A885A5302339C42FAD10A7830F8F2
:10C07000223023F4E04323F040031B041B0C83F025
:10C08000300343F4004343F0800320F82230A1E75B
:10C0900030F8243023F4E24323F070031B041B0C1C
:10C0A00043F4004343F0800320F824300B699A42A4
:10C0B0007FF67DAFD31A8B610A787BE7012003B04E
:10C0C000BDE8F08FA64200F2024B80F0DF8030F82E
:10C0D0002E50A41A25F4E04525F070052D042D0CF2
:10C0E00045F4014545F0800520F82E5030F82EC06B
:10C0F00095B201351CF0400F0C62B0F850C04FEA09
:10C1000055051FFA82F800F2064900F08E8019FAF0
:10C110008CFC2CF83E80B1F80A90B94475B19C466D
:10C12000A9EB030903EB450A0196BCF800602CF863
:10C1300009600CF1020CD445F7D1019E1344A642CC
:10C140004B6180F0C880A21A0A62B0F850201BFA36
:10C1500082F222F83E800C893C44002D86D003EB0D
:10C160004505E41A1A881A5302339D42FAD17DE735
:10C1700095B2CE8801356D083E4492B207D003EBEC
:10C180004505F61A1C889C530233AB42FAD1B0F82D
:10C1900050300C7800F2024515FA83F323F834206E
:10C1A00064E7CB690A78002B3FF404AF30F8223003
:10C1B00003F040045B0435D4002C7FF4FBAE30F870
:10C1C000223023F4E04323F070031B041B0C43F4E0
:10C1D000004343F0C00320F822300A78EAE630F842
:10C1E000243023F4E24323F070031B041B0C43F4BC
:10C1F000004343F0800320F82430D8E600F20246E2
:10C2000016FA85F525F83E200D893D44002C3FF4B3
:10C210002DAF03EB4404ED1A1A885A5302339C42A3
:10C22000FAD123E7002CCAD1C4E61BFA8CFC2CF807
:10C230003E80B1F808A0BA4475B19C46AAEB030A47
:10C2400003EB450B0196BCF800602CF80A600CF17A
:10C25000020CDC45F7D1019E1344A6424B6141D24A
:10C26000A41AB0F850200C6219FA82F222F83E802B
:10C270004C893C44002D3FF4F9AE03EB4505E41A2C
:10C280001A881A530233AB42FAD1EFE6A5B22C4614
:10C2900030F82E20013422F4E24222F0700212041F
:10C2A000120C42F4004242F0800220F82E20B0F836
:10C2B000502064081BFA82F222F83E500D893D445A
:10C2C0003FF4D4AE03EB4404ED1A1A885A530233F8
:10C2D0009C42FAD1CAE6A5B2013500221FFA84F8C1
:10C2E0006D0831E7A5B201351FFA84F86D08002406
:10C2F000B7E700BF4B780A788BB130F8223023F4CF
:10C30000E04323F040031B041B0C83F0100343F4B1
:10C31000004343F0800320F822300020704730F8BB
:10C32000223023F4804323F070031B041B0C83F49E
:10C33000805343F4004343F0800320F82230002070
:10C34000704700BF4B780A7833B330F822305B0671
:10C350000DD530F8223023F4E04323F070031B04A2
:10C360001B0C43F4004343F0C00320F82230CB7889
:10C37000012B0FD030F8223023F4E04323F04003A8
:10C380001B041B0C83F0200343F4004343F08003A1
:10C3900020F822300020704730F822305B040DD5A1
:10C3A00030F8223023F4E04323F070031B041B0C0D
:10C3B00043F4404343F0800320F8223030F8223029
:10C3C00023F4804323F070031B041B0C83F44053BD
:10C3D00043F4004343F0800320F8223000207047EC
:10C3E00011B98023A0F84C3000207047B0F8440009
:10C3F00080B27047013302F580625B08104408D0B8
:10C400000A4601EB4301801A1388135202328A4212
:10C41000FAD1704770B502F580625D0800EB020446
:10C4200019D06FF001008E1C3246AC46401A2044F1
:10C43000815ABCF1010C89B24FEA112E02F10202BD
:10C4400002F8041C02F803ECF2D1013D023406EBC1
:10C45000450104EB4504DB0744BF23880B7070BD26
:10C46000D0E90023F0B4D0E90267D0E90445D0E96F
:10C470000601B1F1FF3F08BFB0F1FF3F18D1B5F1A0
:10C48000FF3F08BFB4F1FF3F0FD1B7F1FF3F08BF37
:10C49000B6F1FF3F0FD1F0BCB3F1FF3F08BFB2F1DF
:10C4A000FF3F14BF0120002070470320F0BC7047FD
:10C4B0000420F0BC70470220F0BC704710B54FF666
:10C4C000FD7E1F4B0446B3F8E0C000F580330CF14D
:10C4D000FF3292B272454FEAC32008D84FF4783247
:10C4E000184B03EA4C23B2FBF3F203FB02000329CF
:10C4F0004FF0AA324FF0AA3312D0042908D00229F3
:10C5000016D000F041FFC0B90F4B00201C7010BDC9
:10C51000183000F039FF003818BF0120400010BD6E
:10C52000103000F031FF003818BF0120400010BD6E
:10C53000083000F029FF0028E6D0022010BD00BF1F
:10C540000005FA0B00FE1F00502C0320F8B504462E
:10C5500000F052FF002840F0BD804FF6FD73634AA3
:10C56000B2F8E0C00CF1FF3291B2994200F2B08013
:10C570004FF478355E4B03EA4C23B5FBF3F503FB30
:10C5800005F5C5F57835ED0A4FF6FD7391B2994280
:10C5900012D999E04FF6FD77544E2846012100F05C
:10C5A000F7FE0135002840F08D80B6F8E0C00CF1B0
:10C5B000FF3293B2BB4237D84FF478334C4901EA8B
:10C5C0004C21B3FBF1F301FB03F3C3F57833DB0A32
:10C5D00004339D422AD2002CDCD04FF47836B6FBCF
:10C5E000F1F01127EB0203F1006301FB003303F5C7
:10C5F000006ED3E90001B1F1FF3F08BFB0F1FF3F8A
:10C6000003F1080318BF10279E45F2D1102F47D021
:10C610004FF6FD7391B2994205F10105CCD9802DF9
:10C6200004D04FF48021DAE7802DB6D100F0E2FE8D
:10C630004FF6FD712D4BB3F8E020531E9BB28B4299
:10C640004AD84FF478302A4B022103EA4223B0FB48
:10C65000F3F003FB00F0C0F57830C00AFFF72EFFBF
:10C6600000283FD14FF6FD71224A204B1080B3F8CD
:10C67000E020531E9BB28B4236D84FF478331C49CE
:10C6800001EA4222B3FBF2F302FB03F3C3F5783372
:10C69000C3F3C7232021184C184A23701160F8BD3A
:10C6A0000121284600F074FE60B9104B0135B3F843
:10C6B000E0C04FF6FD730CF1FF3291B299427FF664
:10C6C0007BAFACE70120F8BD80234FF4802180E7E9
:10C6D0007C2559E70E20F8BD7C200221FFF7EEFEF5
:10C6E0000028BFD00220F8BD7C23D3E70005FA0B59
:10C6F00000FE1F00522C0320502C03203401032085
:10C700004FF6FD71224B2DE9F041B3F8E02082B0E5
:10C71000531E9BB28B4220D84FF478351D4B03EA51
:10C720004223B5FBF3F503FB05F5C5F57834E40AC0
:10C73000271D05F1006606EBC420FFF791FE0428D3
:10C740004FEAC42804F102030BD09F4203D805200E
:10C7500002B0BDE8F0811C46EDE780277C2400256F
:10C76000E7E7621C9A4206D30221204600F010FE41
:10C7700048B10120ECE708F108202844FFF770FEDB
:10C780000428F1D0E3E7019000F034FE0198DFE7E0
:10C790000005FA0B00FE1F002DE9F0474FF6FD746F
:10C7A000444A454BB2F8E0101E784A1E92B206F594
:10C7B0008033A24280464FEAC3234FD84FF47839E2
:10C7C0003E4C04EA4124B9FBF4F904FB09F94B445B
:10C7D0001846FFF745FE4FF47833B3FBF4F304FB40
:10C7E00003F3C3F57833A6EBD32A0AF1010505F06C
:10C7F000030505EBD325074605F5803009EBC0207E
:10C80000DC0AFFF72DFEB8F1010F12D0B8F1020FCC
:10C810000AD0022F1FD0012F1BD10AF1030A0AF000
:10C82000030A0AEB040616E098B92E463046BDE826
:10C83000F087022F17D0012F0BD1214C2368B3F5BD
:10C84000006F08D304282BD003213046FFF736FEB3
:10C85000E0B14FF0FF363046BDE8F0874FF00009F9
:10C860004FF48024B4E7164C2368B3F5006FF2D37D
:10C8700004281AD003213046FFF720FE0028E8D113
:10C8800002212846FFF71AFE30B1E2E701212846CF
:10C89000FFF714FE0028DCD120232E462360C5E7D5
:10C8A000FFF72EFF0028CFD0D3E7FFF729FF00289E
:10C8B000E0D0CEE70005FA0B502C032000FE1F004D
:10C8C000340103202DE9F041074600200E46FFF712
:10C8D00063FF431C6DD000F58031CC024FF6FD7133
:10C8E000354B8046B3F8E020531E9BB28B4208D8EC
:10C8F0004FF47831314B03EA4223B1FBF3F203FBEF
:10C9000002442046FFF7ACFD831EDBB2022B4BD85E
:10C910002B4D04F5FF6C04F1180101E08C451CD08F
:10C92000DCE90023B3F1FF3F08BFB2F1FF3FACF1F8
:10C93000080C1FFA82FEF1D0BE45EFD1A86840F086
:10C940000100A8602B602F802C68A4B2B4EB124FBA
:10C95000E4D100203360BDE8F0814FF6FD71164B45
:10C96000B3F8E020531E9BB28B421FD84FF47831AE
:10C97000124B03EA4223B1FBF3F103FB01F1C1F5D2
:10C980007833DB0A08F10308A8EB030808F0030872
:10C99000984408F5803301EBC3242046FFF760FD7F
:10C9A000831EDBB2022BB4D90720D4E700217C23FD
:10C9B000E8E70320BDE8F0810005FA0B00FE1F0048
:10C9C000003002404FF6FD72431E9BB2934201D9E4
:10C9D00008207047002310B582B00C4601A90193CE
:10C9E000FFF770FF019B236002B010BD70B50646D3
:10C9F00001200D46FFF7D0FE431C3AD04FF6FD71E3
:10CA00001D4B00F5803CB3F8E0204FEACC2C531EC0
:10CA10009BB28B4227D84FF47830184B03EA42235D
:10CA2000B0FBF3F003FB00F0CDB1154CA36843F06D
:10CA30000103A3602560268022681204114C2B4656
:10CA4000216832438C44604400F09EFC78B90E4962
:10CA500022680B880832013322600B8070BD002EE3
:10CA6000E3D13246EAE70020002DDED1F7E70220CD
:10CA700070BD032070BD00BF0005FA0B00FE1F0053
:10CA80000030024034010320522C03202DE9F04FE6
:10CA9000002785B0CDE90001C2F10200C0B2144602
:10CAA0000397FFF779FE431C00F068812023BB4AFF
:10CAB000BB4D1070BB4A06462F801360002C00F05F
:10CAC00042814FF6FD71B84BB3F8E020531E9BB284
:10CAD0008B4200F23F814FF47833B44901EA42229D
:10CAE000B3FBF2F302FB03F31A46C3F57833DB0A18
:10CAF0000336F61A06F003061E4406F5803002EBF4
:10CB0000C020FFF7ADFC022800F08680042800F06A
:10CB10008980012C40F0DB80032840F0D8809F4BB7
:10CB20002C881E789F4B4FF0000B1A6804F1FC0311
:10CB3000C2EBC62C0CF1006C4FF6FD7A9B4F0CF14A
:10CB4000200C1FFA83FE09E01FFA89F474454FF0A8
:10CB5000010B2C8002F1080200F01981924BB3F80E
:10CB6000E03003F1FF381FFA88F1514598BF4FF4C8
:10CB7000783107EA432996BFB1FBF9F0002009FBA1
:10CB800000F00CEB02010144D1E90001B1F1FF3FDB
:10CB900008BFB0F1FF3F04F10109D5D14146BBF117
:10CBA000000F01D07F4802604FF6FD77DFF8FC816F
:10CBB00089B204F57C7AB942DFF8EC911FFA8AFA5F
:10CBC00008EA432325D84FF47830B0FBF3F003FB99
:10CBD00000F0C0F57832D20AC2F10303334403F007
:10CBE00003039E1806F5803300EBC320FFF738FCE3
:10CBF000032804F1FC0340F0C8809CB254452C800B
:10CC000078D0B9F8E030591E89B2B94208EA432316
:10CC1000D9D97C220020DFE704213046FFF74EFC03
:10CC200000285ED14FF6FD715F4BB3F8E020531E34
:10CC30009BB28B4200F2A6804FF478335B4901EA45
:10CC40004222B3FBF2F302FB03F31A46C3F5783337
:10CC5000DB0A06F10309A9EB030909F0030999446A
:10CC600009F5803002EBC020FFF7FAFBC31EDBB2F0
:10CC7000012B3AD84C4F4D4E1AE04FF47833B3FBAA
:10CC8000F1F301FB03F31846C3F57833DB0A09F12E
:10CC90000309A9EB030909F00309994409F5803355
:10CCA00000EBC320FFF7DCFBC31EDBB2012B1CD85B
:10CCB000032810D04FF6FD72B7F8E03006EA4321A2
:10CCC000013B9BB29342D8D900207C23DFE70A20A6
:10CCD00005B0BDE8F08F04214846FFF7EFFB0028C0
:10CCE000E8D0022005B0BDE8F08F012CB5F800A017
:10CCF0003FF415AFBAF5FC7FF3D2DDE90001FFF791
:10CD000075FE0028EDD12C88022C26D80124009F26
:10CD10000CE02B88B3F5FC7F2CD230460399FFF74B
:10CD200065FE0028D4D10134FB2C19D0BC42A6B238
:10CD3000F9D0304603A9FFF7C5FD0028E9D0072840
:10CD4000F1D00320C4E70121FFF7B8FB00283FF42E
:10CD5000B8AEC6E700227C23CAE6023CFA2CD6D93C
:10CD60000E4B02211878FFF7A9FB0028B9D14FF428
:10CD70008070ADE7122005B0BDE8F08F042005B04B
:10CD8000BDE8F08F00227C2363E7A246B2E7054BA3
:10CD90001A60054BB3F8E030591E05E7502C03200C
:10CDA000522C0320340103200005FA0B00FE1F0063
:10CDB0002DE9F04F89B0064600F01EFB002840F038
:10CDC000D281074648F2050001244FF6FD71C04BA1
:10CDD0009A6C42F480529A649B6CBE4A03F480536E
:10CDE0000793079B50619368BB4823F0180343F0F7
:10CDF00008039360B94B0470B3F8E020531E9BB254
:10CE00008B4200F242814FF4783AB54B03EA422359
:10CE1000BAFBF3FA03FB0AF3C3F57834E40A03938D
:10CE200004F58033049304F10408A446039AAD4941
:10CE300002F5006202EBC3224FEAC32EA2F50063A3
:10CE40000B60F3E802AB9A42FAD10CF1010CC44535
:10CE500002F50062F2D3039B4FF0000C0EEB030BC4
:10CE60005B46E1466546A3469A46CDE901CC80F88B
:10CE700000C05046FFF7F4FA421ED2B2012A40F237
:10CE80000B81032807D1019BCDF808B0002B08BF08
:10CE9000D946013301930BF1010BC3450AF5006A32
:10CEA000E7D3002D00F064814FF6FD718B4BB3F892
:10CEB000E020531E9BB28B4200F2E481884B03EAD0
:10CEC00042234FF47832B2FBF3F203FB02FBCBF5C3
:10CED00078334FEAD32909F58035294609F1040A48
:10CEE0004FF0030803964C464646884609F1020374
:10CEF0000BEBC52501932846FFF7B2FA012800F095
:10CF0000FB800134544505F5006506F10106F2D3B6
:10CF10000023039E01934FF6FD71704BB3F8E020A0
:10CF2000531E9BB28B4200F2A5814FF4783C6C4BB0
:10CF300003EA4223BCFBF3FC03FB0CFCCCF5783585
:10CF4000ED0A05F58034224605F104084FF000098A
:10CF50000CEBC424CA46A346039704964F461646D4
:10CF6000A94664465846FFF77BFA022800F09680EF
:10CF7000032808BFCDF80890791C01EB0509C145CD
:10CF80000F460BF5006BEDD3DDE903765346002B1E
:10CF900000F08681544D002220202B78DFF8548148
:10CFA0004FEAC32C0293514B4FF6FD7B9646DFF8B8
:10CFB0002CA1DFF82C910CF1006CA8F8002018606F
:10CFC00008E00830B0F5006F4FF0010EA8F800201F
:10CFD00000F08381BAF8E0300132591E8DB25D4510
:10CFE00098BF4FF4783509EA432496BFB5FBF4F5B2
:10CFF000002565430CEB00042C44D4E90045B5F151
:10D00000FF3F08BFB4F1FF3F92B2DAD1BEF1000F8B
:10D0100001D0364A10604FF6FD750A46DDF808A0CB
:10D020002F4CDFF8B89028E04FF47831B1FBF3F1E2
:10D0300003FB01F1C1F57832D20A0AF103039B1A0E
:10D04000924503F0030302F1020000F0B380504563
:10D0500000F0B08003EB020A0AF5803001EBC0203B
:10D06000FFF7FEF9032840F01681B8F80030FC33D2
:10D07000A8F80030B9F8E0305A1E92B2AA4204EA89
:10D080004323D1D97C220021D7E7194B4FF08008E8
:10D090007C2404930397C8E60135FCE6A94549D0F2
:10D0A000022F47D0F81C00F00300304404EBC020EE
:10D0B000FFF7D6F903287FF45FAFBAF1000F40F015
:10D0C000EA80094A4FF0010A791C82F8009054E77F
:10D0D0000010024000300240482C03200005FA0BEB
:10D0E00000FE1F004C2C0320502C03203401032091
:10D0F0007C000100522C03204C4528D0019BA34208
:10D1000025D006F0030040440BEBC020FFF7A8F940
:10D1100003287FF4F6AE0021744D01220846039ED9
:10D120002C70FFF7B3FCB0F5807F40F0DD80012369
:10D130000193F0E6791C01F00300304404EBC020B9
:10D140000591FFF78DF90028B7D0059915E7B01EB6
:10D1500000F0030040440BEBC020FFF781F90028EA
:10D160007FF4CFAED7E70E27384609B0BDE8F08F81
:10D17000019B002B00F0AB80C4F10300049B4844EA
:10D1800000F003001844039B03EBC020FFF768F98D
:10D1900004287FF489AE029BC4F10100184400F01A
:10D1A000030001212044FFF789F900283FF47CAEF9
:10D1B0000227D9E7029D0135AD1A05F00305154494
:10D1C00005F58033AA4501EBC32127D0484C002E3A
:10D1D00037D10121284600F0DBF8002872D14FF644
:10D1E000FD71B4F8E020531E9BB28B423FD84FF440
:10D1F0007831404B03EA4223B1FBF3F103FB01F129
:10D20000C1F57833DB0A0135ED1A05F003051D443D
:10D2100005F58033AA4501EBC321D8D100F0EAF827
:10D22000019B002BA0D1B8F80030B3F5FC7F9BD256
:10D2300001990846FFF7DAFB071E18BF01277F0098
:10D2400092E74FF0110C01F50060D1E90023B3F132
:10D25000FF3F08BFB2F1FF3F01F1080118BF4FF0D7
:10D26000100C8142F1D1BCF1100FB8D1B1E700210F
:10D270007C23C8E7204A4FF080087C254FF0000C43
:10D28000144663E61C494FF0800A4FF07C094FF0CA
:10D29000000B0D4624E60A27384609B0BDE8F08F9A
:10D2A000EDB2029AC5F10103134403F003031D44D8
:10D2B000E8B20E4D02212870FFF700F900283FF474
:10D2C0006AAE75E70127384609B0BDE8F08F0198CE
:10D2D00009B0BDE8F04FFFF739B9084B1860044BAF
:10D2E000B3F8E030591E96E60C273DE7502C03209A
:10D2F0000005FA0B00FE1F007C0001003401032032
:10D300004FF6FD72431E9BB2934201D9082070472D
:10D31000044B1B88B3F5FC7F01D2FFF767BB0022EB
:10D32000FFF7B4BB522C0320134B144A196CB2F80C
:10D33000E02011F4801F02F1FF334FF6FD719BB224
:10D340000CD18B4297BF0E4B0E4B03EA422303F1E5
:10D35000006383428CBF0120022070478B4297BF3D
:10D36000074B084B03EA422303F1006383428CBF5F
:10D3700002200120704700BF002002400005FA0B88
:10D3800000FE1F000000040801460120FAF736BC29
:10D390004FF6FD7C70B50026144B0446B3F8E02030
:10D3A00086B0531E9BB200F5803063450D46019652
:10D3B0004FEAC02008D80E4B03EA42234FF47832DC
:10D3C000B2FBF3F203FB0200FFF7AEFF02220346BB
:10D3D00001A902A8CDE9033405950292FAF722FECD
:10D3E000003818BF012006B070BD00BF0005FA0B61
:10D3F00000FE1F00704700BFFF2300B58BB001A8DF
:10D400000293FAF779FD079B13F4800F0CBF0E20EF
:10D4100000200BB000BD00BFD0F8B8320BB11B68C4
:10D4200018470320704700BF08B5D0F8B8320BB1D9
:10D430005B689847002008BD38B5044600F2AA256D
:10D44000284600F091FB012294F8AA12B4F8B032F9
:10D45000C029C4F89422C4F898320DD001F01F03FB
:10D46000012B1BD0022B13D063B12046BDE83840FE
:10D4700001F0800103F010B92046BDE8384080215A
:10D4800003F00AB929462046BDE8384000F0F6B856
:10D4900029462046BDE8384000F0C8BA2946204653
:10D4A000BDE8384000F08CBA70B5044631B9134677
:10D4B000D0F89422032A0DD0002070BD90F89C3241
:10D4C000032BF9D1D0F8B8329B69002BF4D0BDE81A
:10D4D00070401847D0E95752954208D890F89C32CE
:10D4E000032B0ED0204600F06DFB002070BDAD1A5E
:10D4F000AA4228BF2A461946C0F85C5100F058FBE2
:10D50000DAE7D0F8B8321B69002BEBD09847E9E78F
:10D5100070B5044649B9D0F89432022B11D094F872
:10D52000A032012B22D0002070BD90F89C32032B3A
:10D53000F9D1D0F8B8325B69002BF4D0BDE8704067
:10D540001847D0E90736B3420D4614D820D094F8D6
:10D550009C32032B2FD08021204603F09DF82046DB
:10D5600000F03CFB94F8A032012BDCD1002384F8BE
:10D57000A032002070BD9B1B1146C3611A4600F00B
:10D580000DFB2B462A462946204603F0C9F8C6E77C
:10D5900082699342DBD8D0F898329A42D7D20A46B1
:10D5A00000F0FCFA2B462A4629462046C4F8985239
:10D5B00003F0B6F8B3E7D4F8B832DB68002BCAD072
:10D5C00020469847C7E700BF00210122D0F8B832B3
:10D5D00080F89C224160C0F89412C0F8A412EBB10C
:10D5E000D0F8BC2270B5044612B15B6803B198470D
:10D5F00000224025012611464023204603F03EF834
:10D60000002280212B462046A4F86461C4F86051B2
:10D6100003F034F80020A684256270BD0320704713
:10D6200003460020197470470346042193F89C2296
:10D630000020D2B283F89D2283F89C12704700BF6D
:10D6400090F89C32042B04D190F89D32DBB280F824
:10D650009C320020704700BFD0F8B82262B108B5F4
:10D6600090F89C32032B01D0002008BDD369002B19
:10D67000FAD09847002008BD0320704730B50B78DA
:10D680000D4603F06003202B044683B028D0402BC6
:10D6900026D05BB18021204602F0FEFF002120460B
:10D6A00002F0FAFF0025284603B030BD4B78092B65
:10D6B000F0D801A252F823F02BD7000853D7000866
:10D6C00095D6000871D7000895D6000879D70008CC
:10D6D000B3D7000895D60008E9D70008F3D60008AC
:10D6E00029462046D4F8B8329B6803B0BDE83040E4
:10D6F00018478978B14D0129297000F23B8190F8D3
:10D700009C32022BDAB200F01D81032A00F0FA806D
:10D71000802102F0C1FF0021204602F0BDFF20461B
:10D720002978FFF781FE0325BDE790F89C32013B85
:10D73000022BAFD8CA88022AACD1D0F8A432014655
:10D74000003B18BF01235B0041F80C3F00F018FAC2
:10D75000A8E790F89C32013B022B9BD84B88012B09
:10D76000A0D100232046C4F8A43200F02BFA99E798
:10D770004B88012B96D1F5E78B88002B8AD1CB887B
:10D78000002B87D14B887F2B84D890F89C22032ACA
:10D7900080D0DDB2294680F89E5202F0A9FF2046D3
:10D7A00000F010FA002D00F0FB80022384F89C3278
:10D7B00078E700216A88ADF80610130A013B062BB2
:10D7C0003FF668AF01A151F823F000BF7DD80008F3
:10D7D00063D800088DD8000895D6000895D60008B3
:10D7E0004DD8000811D80008CA88012A7FF452AF2A
:10D7F00090F89C32022BD9B200F2B58000293FF498
:10D8000049AF0146002341F8083F00F0B9F949E764
:10D81000037C002B7FF43EAFD0F8B8320DF1060048
:10D820001B6B984707234370EB88002B66D0BDF82D
:10D830000620002A3FF42EAF9A4228BF1A4601461E
:10D840002046ADF8062000F09BF92BE7037C002B67
:10D850007FF420AFD0F8B8320DF106005B6B98472B
:10D86000E2E7027CD0F8B832002A40F08B809B6A55
:10D870000DF10600984702234370D5E7D0F8B43283
:10D880000DF106011B68007C9847CDE7D1B2052950
:10D8900000F28A80DFE801F026201A140E03D0F887
:10D8A000B4329B69002B3FF4F5AE207C0DF10601EC
:10D8B0009847B9E7D0F8B4325B69002BF5D1E9E6B7
:10D8C000D0F8B4321B69002BEFD1E3E6D0F8B432C4
:10D8D000DB68002BE9D1DDE6D0F8B4329B68002B81
:10D8E000E3D1D7E6D0F8B4325B68002BDDD1D1E6C6
:10D8F0000223416080F89C32FFF796FD204600F03D
:10D9000061F9CFE60029F3D041680129F6D0C9B208
:10D91000FFF78AFD297820466160FFF77DFD054607
:10D920000028EBD08021204602F0B6FE00212046E0
:10D9300002F0B2FE20462179FFF776FD022384F83B
:10D940009C32B0E60029D9D001214160FFF764FD87
:10D950000546F0B18021204602F09EFE00212046BF
:10D9600002F09AFE9FE603297FF494AE011D00F0B9
:10D9700007F997E6802102F08FFE0021204602F091
:10D980008BFED0E6DB6A0DF1060098470223437058
:10D990004AE7204600F016F9032384F89C3281E61A
:10D9A000012384F89C327DE6D0F8B8329B6B002BC3
:10D9B0003FF470AE0DF10602984735E7542C032072
:10D9C00038B50B780D465A0604460DD503F06002B3
:10D9D000402A09D0802102F05FFE0021204602F09B
:10D9E0005BFE0025284638BD94F89C32013B022B93
:10D9F00012D82B79032B0FD8D4F8B83229469B685C
:10DA000020469847EB880546002BEBD10028E9D14A
:10DA1000204600F0D7F8E5E78021204602F03CFEE2
:10DA20000021204602F038FEDBE700BF70B50B781E
:10DA30000D4603F06003202B04464CD0402B4AD007
:10DA40004BB18021204602F027FE0021204602F043
:10DA500023FE002070BD6B788A88012BD1B22BD0B9
:10DA6000032B40D0002BECD190F89C32022BD8B283
:10DA700053D00328E5D101F00F0303EB8303120613
:10DA800004EB830358D4B3F86431002BD9D001EBF5
:10DA9000810504EB850505F5AA75002958D02046B7
:10DAA00002F012FE002859D001232B6002222946E1
:10DAB000204600F065F8CCE790F89C32022BDAB2F1
:10DAC00022D0032ABDD16B88002BC2D14E0642D191
:10DAD000204600F077F8D4F8B83229462046BDE851
:10DAE00070409B68184790F89C32022BDAB20BD03A
:10DAF000032AA6D16B881BB94A0601D0EB887BB3F9
:10DB0000204600F05FF8A4E74B069AD002F0C4FD6F
:10DB10008021204602F0C0FD9BE7480691D10023FA
:10DB200011064CBF04F1140104F5AA71022220462B
:10DB30000B6000F025F88CE79B8C002B81D001F066
:10DB40007F05013505EB8505802904EB8505A6D108
:10DB500000232B60AAE702F0ABFDB9E72860A5E738
:10DB600002F09AFDCCE700BF0B7803704B7843704E
:10DB70004B8843808B888380CB88C380704700BFED
:10DB800010B5134602240A46C0E906330021C0F846
:10DB9000944202F0B9FD002010BD00BF8C4608B5CC
:10DBA00000211346624602F0AFFD002008BD00BF11
:10DBB0008C4608B500211346624602F0B1FD0020F4
:10DBC00008BD00BF002310B504241A461946C0F84A
:10DBD000944202F099FD002010BD00BF002310B553
:10DBE00005241A461946C0F8944202F099FD002017
:10DBF00010BD00BF08B54FF0E0231B6901F00EFD1A
:10DC0000012800D108BDBDE8084002F05BBA00BFA2
:10DC100008B5EFF3058313B16FF0050008BD01F0FF
:10DC2000FDFC012807D0EFF31083002BF4D1EFF3B4
:10DC30001183002BF0D101F0F1FC0128034604D13F
:10DC4000034A106808B9136008BD4FF0FF3008BDE3
:10DC5000B0390320EFF3058313B16FF0050070476F
:10DC600010B501F0DBFC012809D0EFF3108313B1EC
:10DC70006FF0050010BDEFF31183002BF8D101F018
:10DC8000CDFC01280CD1084B1A68012A08D10024C8
:10DC900002220649CC771A6001F0C0FA204610BD76
:10DCA0004FF0FF3010BD00BFB039032000ED00E0A1
:10DCB000F0B5002587B014460595EFF3058212B143
:10DCC000002007B0F0BD07460E4601F0A7FC012872
:10DCD00009D0EFF3108313B1059807B0F0BDEFF34F
:10DCE0001183002BF8D1002FF6D00CB3A569DDB954
:10DCF00018256368DB07E3D463693BB39A08A0681F
:10DD0000D4F800C0E16820B3AB29E5D92169002926
:10DD1000E2D0002BE0D0CDE9011033466146384611
:10DD2000009501F045F9CCE76B1E372BE1D9C7E729
:10DD30004FF480721825214605AC334638460095CD
:10DD4000019401F069F90128BAD1C5E74FF4807256
:10DD5000D5E70029C0D12369002BBDD1644692B21A
:10DD6000E9E700BFEFF3058313B16FF005007047DB
:10DD700010B5044601F052FC012809D0EFF31083DE
:10DD800013B16FF0050010BDEFF31183002BF8D134
:10DD90000CB9002010BD204601F022FAF9E700BFBF
:10DDA0004FF4807330B4034D034C05600C60136076
:10DDB00030BC704704390320043503204FF400734E
:10DDC00030B4034D034C05600C60136030BC7047E9
:10DDD00058340320582C03204FF0FF31002200F16B
:10DDE0000803C0E90131C0E903330260704700BF96
:10DDF00000230361704700BF4268036810B4946851
:10DE00000133C1E90124616091605DF8044B086150
:10DE10000360704730B40D686B1C10D000F108032C
:10DE20001C465B681A68AA42FAD902684B60013244
:10DE300099608C606160086130BC02607047046961
:10DE40006368F2E7036910B4D0E901125C688A6084
:10DE500051600021844208BF5A601A680161013A8A
:10DE60001A6018685DF8044B704700BF70B516461D
:10DE7000026C0446856B2AB9066801354EB310461C
:10DE8000A56370BD8EB9406802F0EEFC6368216C3A
:10DE9000A2680B449342636028BF236805F1010523
:10DEA00028BF63600020A56370BDC06802F0DCFC81
:10DEB000226CE36851429B1A2268E360934202D2CB
:10DEC000A3680B44E360022E08D001350020A5634F
:10DED00070BD806801F0FAFBA660D1E7012D38BF64
:10DEE0000125DFE770B5054602F0CAF895F8453020
:10DEF0005CB2002C14DD05F1240603E0631EDAB2E7
:10DF00005CB26AB16B6A5BB1304601F0B5FA0028C9
:10DF1000F4D001F077FB631EDAB25CB2002AF1D1D3
:10DF2000FF2385F8453002F0B9F802F0A9F895F81A
:10DF300044305CB2002C14DD05F1100603E0631ED2
:10DF4000DAB25CB26AB12B695BB1304601F094FA87
:10DF50000028F4D001F056FB631EDAB25CB2002A4E
:10DF6000F1D1FF2385F84430BDE8704002F096B847
:10DF700070B568B3C56B0446F5B1026CA2FB05250C
:10DF8000D5B90E4602F07CF8D4E90F30FF2100FB32
:10DF900003F32268181A626013440244A563C4E9BB
:10DFA000023284F8441084F8451046B9236993B9C5
:10DFB00002F074F8012070BD02F0B4F9FEE704F13C
:10DFC0001000FFF709FF04F12400FFF705FFEFE75A
:10DFD00002F0A8F9FEE704F1100001F04DFA002864
:10DFE000E6D002F041F8E3E770B582B09DF8186022
:10DFF00033B3054650B11C465AB139B15023019391
:10E00000019B502B0DD002F08DF9FEE702F08AF94A
:10E01000FEE70029FAD150230193019B502BF2D146
:10E020002246C4E90F5101212046226084F846109F
:10E03000019BFFF79DFF204684F84C6002B070BD45
:10E0400002F070F9FEE700BFF0B585B0019200283C
:10E0500000F0878004460E461D46002961D0022D3F
:10E0600002D1E36B012B6FD101F0D8FA00284ED01A
:10E0700002F006F8A26BE36B9A4258D3022D56D0F9
:10E08000002007460DE002F009F82046FFF72AFFBE
:10E0900001F01CF901F0F4FFA26BE36B01209A423E
:10E0A00045D3019B002B5FD0002836D001F0F6FF4E
:10E0B00001F004F901F0E4FF94F84430FF2B08BFAD
:10E0C00084F8447094F84500FF2808BF84F8457030
:10E0D00001F0E4FF01A902A801F05CFA002848D190
:10E0E00001F0CEFFA26BE36B9A42CCD101F0D6FFD8
:10E0F000019904F1100001F07FF92046FFF7F2FECC
:10E1000001F0E4F80028C5D101F0AEFFC2E7019BA1
:10E11000002BADD002F006F9FEE702A801F02EFABE
:10E12000C4E7036C002B9AD002F0FCF8FEE72A4605
:10E1300031462046FFF79AFE636A5BB938B901F0B1
:10E14000ADFF012005B0F0BD02F0ECF8FEE701F0F4
:10E150008BFFF4E704F1240001F08EF90028EED0E3
:10E16000F5E702F0DFF8FEE701F098FF002005B0C8
:10E17000F0BD2046FFF7B6FE01F0A8F8F6E700BFB5
:10E1800070B582B011B350230193019B502B1AD16B
:10E190000C46002601210546C4E90F1684F84610F6
:10E1A00020462460019BFFF7E3FE334632463146AA
:10E1B000204684F84C50A6602660E660FFF744FFD6
:10E1C000204602B070BD02F0ADF8FEE702F0AAF8FA
:10E1D000FEE700BFF0B585B0019200286BD0044681
:10E1E0000E4600295BD001F019FA00285DD001F03D
:10E1F00047FFA56B002D61D1019B002B42D002A8E7
:10E2000001F0BCF92F4601F049FF01F057F801F089
:10E2100037FF94F84430FF2B08BF84F8447094F81B
:10E220004530FF2B08BF84F8457001F037FF01A986
:10E2300002A801F0AFF998B901F022FFA36B33BB3C
:10E2400001F02CFF019904F1240001F0D5F82046DB
:10E25000FFF748FE01F03AF868B901F005FF0AE05F
:10E260002046FFF73FFE01F031F801F009FFA36BF4
:10E2700043B101F013FF01F003FFA56BF5B9019B5A
:10E28000002BC0D101F00AFF002005B0F0BD01F065
:10E2900005FF2046FFF726FE01F018F8EBE7036CB8
:10E2A000002BA0D002F03EF8FEE7019B002B9ED091
:10E2B00002F038F8FEE702F035F8FEE7226C5AB1BA
:10E2C000E168A36811449942E16028BF21683046A3
:10E2D00028BFE16002F0C8FA013DA56323691BB9BC
:10E2E00001F0DCFE0120D0E704F1100001F0C4F8D9
:10E2F0000028F5D001F0B8FEF2E700BFF0B585B018
:10E300000191002878D0036C0446002B3FD101F026
:10E3100085F910B9019B002B6BD101F0B1FEA56B03
:10E32000002D7AD1019B002B60D002A801F026F9C4
:10E330002E462F4601F0B2FE00F0C0FF01F0A0FE15
:10E3400094F84430FF2B08BF84F8447094F84530AB
:10E35000FF2B08BF84F8457001F0A0FE01A902A8B8
:10E3600001F018F9B0B901F08BFEA36B23B301F0F3
:10E3700095FE2046FFF7B6FD00F0A8FF01F080FEF5
:10E38000A56B002D49D1019B002BD3D12EE001F0CC
:10E39000C9FFFEE72046FFF7A5FD00F097FF01F05B
:10E3A0006FFEA36B2BB901F079FEC6B9002005B052
:10E3B000F0BD01F073FEE1E701F070FE23681BB3CE
:10E3C000019904F1240001F017F82046FFF78AFDB7
:10E3D00000F07CFF0028D1D101F046FECEE701F02D
:10E3E0004FFE616A59B9A06801F0B8F901F056FE14
:10E3F000DCE701F097FFFEE701F094FFFEE7236BF7
:10E400001968C1F13801EEE701F03AFEA06801F0A9
:10E4100015F9064601F042FED2E72368013DA563E7
:10E4200073B123691BB901F039FE0120BFE704F184
:10E43000100001F021F80028F5D001F015FEF2E7F8
:10E4400001F0DAF9A060ECE738B500B3A1B1124CE5
:10E450006268234682421DD0A44600221D68013214
:10E4600008337DB1082A07D05D689C46A842F5D1E3
:10E4700004EBC20CCCE9001038BD5D68A842F7D0AF
:10E4800001320833082AF8D1CCE90010F4E701F092
:10E4900049FFFEE70022EBE7B839032070B50446D8
:10E4A0000E46154601F0ECFD94F84430FF2B04BFF6
:10E4B000002384F8443094F84530FF2B04BF002338
:10E4C00084F8453001F0EAFDA36B23B12046BDE896
:10E4D0007040FFF707BD04F124002A46314600F0E2
:10E4E0009FFF2046BDE87040FFF7FCBC2DE9F843D4
:10E4F0001C4683681646A3EB04089045474628BF90
:10E500001746E219934202D201F00CFFFEE70546DE
:10E5100080693A462044894602F0A6F9B0450BD2FC
:10E52000AB68F21B9A4202D901F0FCFEFEE7A86933
:10E5300009EB070102F098F9AB68A019984228BFCF
:10E54000C01ABDE8F88300BF2DE9F0411C460B4618
:10E5500081681546A1EB04089045474628BF174639
:10E56000E219914202D201F0DDFEFEE78169064622
:10E570003A461846214402F077F9A84506D3B36815
:10E580006019984228BFC01ABDE8F081B1693844CB
:10E59000EA1B02F069F9F2E7F0B51646027F1C4665
:10E5A000D20705460F46036883B006D4B44228BF9D
:10E5B00034467CB9204603B0F0BD04220DEB0201C5
:10E5C000FFF7C2FF019A034696420CD20024204670
:10E5D00003B0F0BD224639462846FFF7B5FF286054
:10E5E000204603B0F0BD1646043CDFE7F0B5164602
:10E5F000027F1C46D20705460F46436883B007D505
:10E60000089A0196944211D20024204603B0F0BD2E
:10E61000B44228BF3446002CF7D02246394628465B
:10E62000FFF764FF6860204603B0F0BD04220DEBE5
:10E630000201FFF75BFF34460346002CE5D0ECE710
:10E640002DE9F04182B0CBB11D46089BE3B1814278
:10E6500004460E460FD8002A0CBF4FF002084FF0B8
:10E66000030804280DD924230193019F9F420ED053
:10E6700001F058FEFEE701F055FEFEE701F052FE04
:10E68000FEE701F04FFEFEE701F04CFEFEE702461A
:10E690005521284602F05CF8854202D001F042FE86
:10E6A000FEE73A460021089802F052F8089B012E36
:10E6B00038BF012618469D619C6083F81C80DE608F
:10E6C00002B0BDE8F08100BF38B568B18568026866
:10E6D0000168446803689A42F9D168180138001B40
:10E6E000854298BF401B38BD01F01CFEFEE700BF0D
:10E6F00008B540B1826843680168D018401A824268
:10E7000098BF801A08BD01F00DFEFEE72DE9F04329
:10E7100087B00393002900F084800446002800F0AD
:10E720008380037F8568DB0717460E4605F1FF32BD
:10E730005ED4BA4228BF3A469046039B002B33D0A2
:10E7400004A800F005FF01F09BFCA1682068256883
:10E75000626823689842F9D10D44013DAD1AA9427F
:10E7600098BF6D1AA84565D90021084601F06CFADA
:10E77000D4F81490B9F1000F5FD100F049FF606147
:10E7800001F08CFC039A494600924B464A464846A3
:10E7900001F074F803A904A8C4F8149000F0FAFE7C
:10E7A0000028D0D05DB9A568226821686068236818
:10E7B0009A42F9D14B1E1B1A5D1938BF1D462B46D4
:10E7C0003A4631462046CDF80080FFF70FFF054658
:10E7D00050B1A2686368216813445B1A9A4298BFDB
:10E7E0009B1AE2689A420CD9284607B0BDE8F0832C
:10E7F00007F1040847451AD242459ED200230393ED
:10E80000D2E700F05BFD236943B10026206933465F
:10E8100032463146009601F07DF8266100F056FD43
:10E82000E2E701F07FFDFEE701F07CFDFEE701F08D
:10E8300079FDFEE701F032FCB4E701F073FDFEE77D
:10E84000F0B583B0002942D00446002842D01F46CC
:10E8500090F81CC0D0F808E00CF0010C02EB8C0C16
:10E8600025682668636820688542F9D17644013EB0
:10E87000F31A9E45204698BFA3EB0E03CDF800C0C7
:10E88000FFF7B4FE054650B1A268636821681344DF
:10E890005B1A9A4298BF9B1AE2689A4202D92846AC
:10E8A00003B0F0BD01F03EFD236906464BB120697F
:10E8B000019700273B463A463946009701F0AAF8EF
:10E8C0002761304601F03AFD284603B0F0BD01F063
:10E8D00029FDFEE701F026FDFEE700BF2DE9F0432C
:10E8E00083B0002949D00446002849D0077F0E464E
:10E8F00007F0010790469946BF0073B9A3686568A1
:10E9000022681D44AD1AAB4298BFED1ABD4212D821
:10E910000025284603B0BDE8F08301F0B1FBA368F1
:10E92000656822681D44AD1AAB4298BFED1ABD421E
:10E930001AD901F0B3FB2B46424631462046FFF779
:10E940002BFE05460028E3D000F0B8FC636943B114
:10E9500000266069334632463146009600F0DAFF01
:10E96000666100F0B3FCD4E70021084601F06CF9C1
:10E97000256945B101F0D6FCFEE701F0D3FCFEE7C6
:10E9800001F0D0FCFEE700F043FE206101F086FBC1
:10E990002B462A4629462846CDF8009000F06EFF07
:10E9A0002561ABE72DE9F041054601F069FB374AE7
:10E9B000374F1368013313603B68002B35D0354C5B
:10E9C000EB6A226852B3344E344935480A6805F17F
:10E9D000040C01326A640A6002689A4238BF03601C
:10E9E00003EB830306EB830041689B00A960F258A8
:10E9F000D1F808E00132C5F80CE0CEF804C0C1F847
:10EA000008C06861F25001F049FB236823B13A68FD
:10EA1000EB6AD26A9A4210D3BDE8F0813A681E4E82
:10EA2000D26A9A4298BF3D60CEE73D601368012BE1
:10EA300007D0EB6A184E174CC6E7BDE8F04101F06D
:10EA400013BB154E344606F58C6820461434FFF788
:10EA5000C3F94445F9D1DFF86480124C4046FFF712
:10EA6000BBF92046FFF7B8F90F48FFF7B5F90F4893
:10EA7000FFF7B2F90E48FFF7AFF90E4BC3F800806D
:10EA80000D4B1C60EB6A034C9EE700BF283A032045
:10EA9000FC3E03201C3A03209C3A03200C3A03203E
:10EAA000203A0320743A0320583A0320443A0320C2
:10EAB0002C3A0320703A03206C3A0320883A032052
:10EAC000F8B50446214B224E1D6830680F460430CD
:10EAD000FFF7B8F9631C17D033682D195D600BD2AE
:10EAE0001C4B186831680431FFF794F91A4B1A6807
:10EAF000AA4200D91D60F8BD184B18683168BDE8FE
:10EB0000F8400431FFF786B96FB933686A1E5A605E
:10EB1000002DF1D10F4B186831680431FFF77AF9F5
:10EB20000D4B1B68F8BD0E4B31685A6837688A6018
:10EB30003068316835681C68043001341C609468A2
:10EB40000431FC60606091606B61F8BD243A032081
:10EB5000FC3E0320703A0320083A03206C3A03205D
:10EB60002C3A03202DE9F0478A460A9C9500074677
:10EB7000A5212A46206B9846089E01F0E9FDD4F8AD
:10EB80003090BAF1000F0FD00AF1FF3C0AF10F01EB
:10EB900004F1330E1CF8012F0EF8012F0AB18C4539
:10EBA000F8D1002384F84330372E02D901F0BAFBA4
:10EBB000FEE7E662E664201DFFF71AF9C6F13806A3
:10EBC00004F11800FFF714F94C220021A66124611A
:10EBD000646204F1580001F0BBFD0B49043D01F1F2
:10EBE0006803E16509EB0500D031236661664346A1
:10EBF0003A46216B20F0070001F092FA099B206051
:10EC000003B11C60BDE8F0875458032080B51E4D49
:10EC1000DFF884801D4E1E4F1E4C2B684BB301F055
:10EC20002FFAD8F80C30D3F80C9009F10400FFF754
:10EC300009F93368013B33602B68013B2B6001F01D
:10EC40002DFA3868583001F08BFD99F8A93033B1AE
:10EC5000012B14D0022BE0D001F064FBFEE7D9F8C1
:10EC6000300001F077FC484601F074FC2B68002B63
:10EC7000D5D12368012BD0D901F0F6F9CDE748466C
:10EC800001F068FCC9E700BF403A0320283A03209E
:10EC9000FC3E03209C3A0320443A03202DE9F04F28
:10ECA000604B83B01C6801341C60002C79D05E4B33
:10ECB0001A6894427CD35D4D2A681268002A00F0DD
:10ECC000AC804FF0000CCDE9004366465848DFF8B1
:10ECD00074E1584F58E0D3F81490D3E90241A16091
:10ECE0009C684C60D9F80410914204BFD968C9F8F7
:10ECF0000410D9F800105E610139C9F80010D3F88A
:10ED00002890B9F1000F11D0D3E90741A160DC6967
:10ED10004C60D9F80410414504BF196AC9F80410C1
:10ED2000D9F800109E620139C9F80010D3F82C8080
:10ED3000D7F8009008EB880100EB810AC845DAF8A3
:10ED4000049088BFC7F8008050F82180C3F808906D
:10ED5000D9F808B008F10108C3F80CB0CBF80420CA
:10ED6000C9F80820C3F814A040F82180DEF800207C
:10ED7000D5F80080D96AD26AD8F80030914288BFAD
:10ED80004CF0010C002B43D02B68009CDB68DB6847
:10ED900059681A1D8C4203F118089CD2019B196016
:10EDA0000BE0224B1A681268DAB101F0BBFAFEE7F9
:10EDB0004FF0000C1E48DFF88CE0DEF800301E4AF1
:10EDC000DB6A03EB83039B00C0581368012898BFDC
:10EDD000002B14BF0120002040EA0C0003B0BDE866
:10EDE000F08F164A186811681960154910600A6892
:10EDF00001320A601A68126822B94FF0FF320A4BDA
:10EE00001A6055E71A68084BD26812681A604FE713
:10EE1000019B4FF0FF321A60CFE794460448DFF8B9
:10EE200024E0F6E7243A0320083A0320703A03204E
:10EE30009C3A0320203A0320143A03206C3A032022
:10EE4000103A0320FC3E03202DE9F04F4E4C83B0D6
:10EE500001F016F92368013B23602668002E40F07C
:10EE600083804A4B1B68002B7ED0494D2B68002BBA
:10EE700000F08680474F4848DFF82CC1DFF82C812E
:10EE80000196EB68DB681A6ADE69996AB260DE692E
:10EE900003F1180E56604A68019E724504BF1A6A53
:10EEA0004A600A689E62013A0A60D9689E685A6997
:10EEB000B1609E6803F1040E4E605168714504BF55
:10EEC000D9685160116801391160DA6AD7F8009089
:10EED00002EB820100EB810A4A45DAF8049088BF10
:10EEE0003A6050F82120C3F80890D9F808B00132F0
:10EEF000C3F80CB0CBF804E0C9F808E0C3F814A0DC
:10EF000040F82120DCF80010DA6ACB6A9A4284BF0C
:10EF10000123C8F800302B68002BB2D11F4B1A68B0
:10EF2000126842B31A681E4BD26812681A601D4EEE
:10EF3000356895B1012706E0FFF7B0FE08B1C8F8C3
:10EF40000070013D08D02368002BF5D03368013DE7
:10EF500003F101033360F6D13560D8F800301BB1FE
:10EF600001F082F8012400E0002401F097F8204627
:10EF700003B0BDE8F08F4FF0FF32094B1A60D6E7BF
:10EF8000DFF82880D3E700BF003A0320283A0320A7
:10EF9000583A0320203A03209C3A0320703A032079
:10EFA000083A0320183A0320FC3E0320143A0320B9
:10EFB0002DE9F04188B0DDE90F573DB34FB3164658
:10EFC000AC220792079AAC2A02D001F0ABF9FEE717
:10EFD00004468846384607990021059301F0B8FB9E
:10EFE00020460E9C3D6300940224029787F8A940B6
:10EFF00006AC32464146059B0194FFF7B3FD384607
:10F00000FFF7D0FC069808B0BDE8F08101F08AF95E
:10F01000FEE701F087F9FEE72DE9F043064685B0EB
:10F02000900015460F46984601F00CFA08B30446C6
:10F03000AC2001F007FA8146C0B1AC22002101F0FA
:10F0400087FBC9F830400D9C434601940C9C2A462E
:10F0500039463046CDF808900094FFF783FD4846C6
:10F06000FFF7A0FC012005B0BDE8F083204601F0C9
:10F0700071FA4FF0FF3005B0BDE8F08370B504467B
:10F08000304D00F0FDFF002C42D0261D3046FEF72B
:10F09000D9FEA36A1BB104F11800FEF7D3FE2A4A79
:10F0A0001368013313602B68A34228D0274A2849EC
:10F0B0001368013B13600B681B68DBB10A68254BC2
:10F0C000D26812681A6000F0E9FF2B68A3420AD0E8
:10F0D0002868583001F044FB94F8A9301BB3012B89
:10F0E00028D0022B16D11C4B1B6813B12B68A342EE
:10F0F00013D070BD4FF0FF32164B1A60E3E7314674
:10F100001648FEF779FE164A136801331360DAE7F2
:10F110002C68BAE701F006F9FEE7124B1B686BB1E9
:10F1200001F000F9FEE7206B01F014FA204601F02F
:10F1300011FAD8E7204601F00DFAD4E7BDE8704097
:10F1400000F092BFFC3E03200C3A0320283A032033
:10F15000703A0320083A03201C3A0320443A032063
:10F16000403A0320003A032038B578B3D1B11A4CA5
:10F1700023682BBB236801332360184B02681D688A
:10F1800053182CBF01210021AA420ED8D9B1036027
:10F190000021581BFFF794FC236801255BB901F09F
:10F1A000C1F8FEE701F0BEF8FEE761B9036023682D
:10F1B0000025002BF3D0FFF747FE50B1284638BD9D
:10F1C00001F0B0F8FEE79D42E1D3EFE701F0AAF8C5
:10F1D000FEE700F049FFF1E7003A0320243A03205C
:10F1E000C0B110B50C4C216811B101F09BF8FEE7DD
:10F1F000236801332360FFF763FC23681BB1FFF72B
:10F2000023FE18B110BD01F08DF8FEE7BDE81040F7
:10F2100000F02ABF00F028BF003A032030B50024D8
:10F2200089B007AA06A905A8CDE90544FEF7B8FDEF
:10F23000DDE905231849CDE9013218482346079A2C
:10F240000094FFF7B5FE164B186030B100F0B4FE25
:10F250000128054608D0013503D0124B1B6809B0C0
:10F2600030BD01F05FF8FEE701F05CF84FF0FF30D1
:10F270000D4B0E4A1B680E49583313600D4A0E4B56
:10F28000086015601C60F1F7BFFA00F085FF054BC0
:10F290001B6809B030BD00BF240A01080DEC00084E
:10F2A000043A03201C140108FC3E03203C01032007
:10F2B000083A03201C3A0320243A0320024A136828
:10F2C00001331360704700BF003A032008B5054BB7
:10F2D0001B6813B901F026F8FEE7BDE80840FFF708
:10F2E000B3BD00BF003A0320014B1868704700BF50
:10F2F000243A0320054B1B680BB9FFF7CFBC044A27
:10F300000020136801331360704700BF003A0320E8
:10F31000183A0320304B1B681BB101222F4B1A6097
:10F3200070472E4A70B51360F1F778FA2C4B2D4ACE
:10F330001860156819682C4CA94205D91E68206808
:10F34000416D491B314441651968236811601B6B8D
:10F350001A68B2F1A53F07D15A68B2F1A53F03D1AF
:10F360009A68B2F1A53F32D0206821683431F0F7B5
:10F370006FFF1E4D1E492B6803EB830292008A58D3
:10F38000980042B903B3013B03EB830251F82220FA
:10F390009800002AF6D0184401EB800C6246DCF895
:10F3A0000410083249689142CCF8041008BFDCF818
:10F3B0000C10104A08BFCCF80410C96821602B60FB
:10F3C00023685833136070BD00F0ACFFFEE7DB68C4
:10F3D000B3F1A53FC8D1CCE7003A0320143A03208B
:10F3E000F8390320FC390320FC3E0320203A032097
:10F3F0009C3A03203C01032010B558B10C46074B42
:10F4000019681831FEF706FD2046BDE810400121BD
:10F41000FFF756BB00F086FFFEE700BFFC3E03206F
:10F42000F8B5034610B3134C5D680846002A114630
:10F430002268D4F800E0D56126682268D4F800C0BC
:10F4400002F118041A68AF6806F1180602F1010209
:10F45000CEF8207018BF4FF0FF307E60AC60CCF863
:10F4600028301A60BDE8F840FFF72ABB00F05AFFC9
:10F47000FEE700BFFC3E0320C36870B5DB68002BCD
:10F4800057D0D3E907019A6A8160DD6954684D60FD
:10F49000002503F11800844208BF196A264C08BFF2
:10F4A000516011689D62013911602268AAB1234A36
:10F4B0005468DC61A168196248601168A06001317C
:10F4C0009A6211601E49DA6A0B68DB6A9A422ED989
:10F4D00001231C4A1846136070BD5A69D3E9020122
:10F4E00081609C6850681D1D4C60A84208BFD968A7
:10F4F000154808BF5160116801391160DA6A016866
:10F500008A42124988BF026002EB82024FEA820CF3
:10F5100001EB8202546851F80C009C60A66801302F
:10F52000DE607560A5605A6141F80C00CAE70020F2
:10F5300070BD00F0F7FEFEE7003A0320583A0320C2
:10F54000FC3E0320143A0320203A03209C3A032077
:10F5500010B560B1044600F093FD064A064B1268F0
:10F560001B68C4E90023BDE8104000F097BD00F01F
:10F57000D9FEFEE7103A0320243A0320034A044B45
:10F5800012681B68C0E90023704700BF103A0320CF
:10F59000243A0320F8B568B30D4641B3044600F0A1
:10F5A0006FFD2B68154A581C11681BD0D4E9006008
:10F5B000DFF84CC0DCF80070BE4208D0884206D8A4
:10F5C000002301242B6000F069FD2046F8BD0F1ACE
:10F5D000BB42F5D95B1ADCF80010126803442B60BB
:10F5E000C4E90012002400F059FD2046F8BD00F0E7
:10F5F00099FEFEE700F096FEFEE700BF243A0320E6
:10F60000103A03200122014B1A607047143A03207C
:10F61000014B1868704700BFFC3E0320054B1B6878
:10F6200033B1054B1868B0FA80F0400940007047CC
:10F63000012070471C3A0320003A0320F8B5044625
:10F64000C8B11F4DC36A2A68D26A934214D2826934
:10F65000002A04DB2A68D26AC2F138028261194E9C
:10F66000626903EB830306EB83039A420CD02B6899
:10F67000DB6AE3620120F8BD2B68C06CDB6A98424C
:10F680002CBF00200120F8BD271D3846FEF7DAFB0D
:10F690002B680D4ADB6A1168E3628B4288BF1360F6
:10F6A00003EB8303980006EB830359683258A1608B
:10F6B0008D680132E5606F608F6063613250D9E719
:10F6C000FC3E03209C3A0320203A032098B1204BB3
:10F6D00070B51B680446834202D000F023FEFEE7AB
:10F6E0001B6D53B1C16AC26C013B9142036500D0EE
:10F6F00033B1002070BD0020704700F013FEFEE71C
:10F70000051D2846FEF79EFBE36C124AC3F1380044
:10F71000A06101201168E3628B4288BF13600E4A2A
:10F7200003EB83034FEA830E02EB8303D3F804C099
:10F7300052F80E10C4F808C0DCF808600144E66016
:10F740007560CCF80850636142F80E1070BD00BFC0
:10F75000FC3E0320203A03209C3A032080B1036D35
:10F7600070B504464BB1C06CE26A814238BF0146B5
:10F770008A4201D0012B04D070BD00F0D3FDFEE71A
:10F7800070471A4B1B68A3422CD0A369E162002B7F
:10F79000A8BFC1F13801164DA8BFA16102EB8202DA
:10F7A000616905EB82039942E6D1261D3046FEF7DA
:10F7B00049FB104AE36A11688B4288BF136003EB70
:10F7C0008303980005EB830359682A58A160D1F898
:10F7D00008C00132C4F80CC0CCF804608E606361CC
:10F7E0002A5070BD00F09EFDFEE700BFFC3E0320E6
:10F7F0009C3A0320203A0320044B1A681AB1196876
:10F800000A6D01320A651868704700BFFC3E03208C
:10F8100070B510B100F086FDFEE7174D0E46144698
:10F8200000F02EFC2B68D3F8A43023B901212B68FB
:10F8300083F8A810CCB900F031FC00F021FC2B6853
:10F84000D3F8A44024B15EB100222B68C3F8A420F1
:10F8500000222B6883F8A82000F020FC204670BD11
:10F860002B68621EC3F8A420F2E72046FFF728F9B0
:10F8700000F0FAFBDFE700BFFC3E0320F8B510B153
:10F8800000F050FDFEE7224E1D460C46174600F0E4
:10F89000F7FB336893F8A830022B0CD001213268B3
:10F8A000D2F8A43023EA0403C2F8A430336883F802
:10F8B000A810069BFBB900F0F1FB00F0E1FB1DB1C5
:10F8C0003368D3F8A4302B60336893F8A830022B48
:10F8D00008D000240022336883F8A82000F0DEFB63
:10F8E0002046F8BD32680124D2F8A43023EA070389
:10F8F000C2F8A430EEE71846FFF7E2F800F0B4FBD8
:10F9000000F0CCFB00F0BCFB002DD9D1DCE700BF40
:10F91000FC3E032070B531BB0446B0B11D4616460F
:10F9200000F0AEFB049B1BB1D4F8A430049A136022
:10F93000022294F8A83084F8A820DBB2042D5AD80B
:10F94000DFE805F00A1A1408060000F0EBFCFEE7F9
:10F95000022B4ED0C4F8A460012B13D0012400F078
:10F960009DFB204670BD00F0DDFCFEE7D4F8A4202E
:10F970000132C4F8A420EFE7D4F8A4203243C4F83D
:10F98000A420E9E76369D4E902128A60A068596893
:10F99000251D5060A94208BFE2681A4908BF5A6095
:10F9A0001A68013A1A60E36A0A689342164A88BFE5
:10F9B0000B6003EB83039E0002EB830358689159AD
:10F9C000A060D0F808C00131C4F80CC0CCF80450D5
:10F9D00085606361A36A915113B100F0A3FCFEE757
:10F9E0000A4BE26A1B68DB6A9A42B7D900F03CFB1B
:10F9F000B4E70024B3E7064A1268002AACD000F04E
:10FA000091FCFEE7203A03209C3A0320FC3E0320B1
:10FA1000243A032070B5A0B3C9B91D460446164662
:10FA200000F02AFC00F07EFC049B1BB1D4F8A4304B
:10FA3000049A1360022294F8A83084F8A820DBB25C
:10FA4000042D72D8DFE805F00A171108060000F04F
:10FA500069FCFEE7022B66D0C4F8A460012B13D02A
:10FA6000012400F06BFC204670BDD4F8A4200132C4
:10FA7000C4F8A420F2E7D4F8A4203243C4F8A420A8
:10FA8000ECE700F04FFCFEE7A36A13B100F04AFC7C
:10FA9000FEE7294B1B68DBB1284B5A681968E26105
:10FAA00095680131196004F118012562696091605F
:10FAB000A362234BE26A1B68DB6A9A42D0D9059B9A
:10FAC00013B10123059A136001221E4B1A60C7E788
:10FAD0006369D4E902128A60A168261D51605A68E0
:10FAE000B24204BFE2685A601A68013A1A60164AC4
:10FAF000E36A11688B4288BF1360144A03EB8303E7
:10FB000002EB830CDCF804509B00D158A560D5F8BB
:10FB100008E00131C4F80CE0CEF80460AE60C4F82F
:10FB200014C0D150C5E700249BE7094A1268002A97
:10FB300094D000F0F7FBFEE7003A0320583A032088
:10FB4000FC3E0320143A0320203A03209C3A032071
:10FB5000243A0320F8B500283BD0B9B9044615462D
:10FB600000F08AFB00F0DEFB022394F8A82084F862
:10FB7000A830D4F8A430012A03F10103C4F8A4305A
:10FB800023D1A36A2BB100F0CDFBFEE700F0CAFB46
:10FB9000FEE7274B1B68FBB1264B5A681968E261E8
:10FBA00096680131196004F1180126627160916054
:10FBB000A362214BE26A1B68DB6A9A4205D90DB148
:10FBC00001232B6001221D4B1A60BDE8F84000F0B4
:10FBD000B5BB00F0A7FBFEE76369D4E902128A60B7
:10FBE000A16804F1040E51605A68724504BFE268CE
:10FBF0005A601A68013A1A60114AE36A11688B4226
:10FC000088BF13600F4A03EB83039E0002EB83035C
:10FC1000D3F804C09159C4F808C0DCF80870013169
:10FC2000E760C7F804E0CCF808E063619151C0E7F1
:10FC3000003A0320583A0320FC3E0320143A0320E4
:10FC4000203A03209C3A032038B599B9044670B194
:10FC500000F016FA94F8A830022B05BF0023012506
:10FC6000002584F8A83000F019FA284638BD034B67
:10FC70001C68EDE700F056FBFEE700BFFC3E0320EA
:10FC8000F0B5124C83B000F0FBF9256825B103B044
:10FC9000BDE8F04000F002BA0D4E0E4F3046FEF7C0
:10FCA0009BF83846FEF798F80B490C4B00950A2054
:10FCB0001F600E600A4B10210A4AFEF795F920607A
:10FCC0000028E4D00849FEF7BFFBE0E7F83F032037
:10FCD000184003200440032000400320FC3F032081
:10FCE000003F0320503F03202C0A01082DE9F04774
:10FCF000DFF884900546D9F800300F46DB68DC68F1
:10FD000004F104084046FEF79DF894F828305A079D
:10FD10000ED423F0010384F828302046236ABDE87E
:10FD2000F047184793421BD82046236A9847354628
:10FD3000A3697A1BEE182CBF01210021B74266602F
:10FD40002461EFD2AF4201D20029EDD0D9F80000F2
:10FD50004146FEF75FF82046236ABDE8F0471847A2
:10FD6000044B41461868FEF755F82046236ABDE863
:10FD7000F0471847FC3F0320004003202DE9F047DF
:10FD8000894D8A4E8A4F8B4C84B02B68D3F80090F3
:10FD9000B9F1000F40F0D480FFF790FAFFF7A4FA12
:10FDA0003368804698423DD33B6830601A68B2FAA7
:10FDB00082F252092068A9EB0801FEF76FFBFFF7FA
:10FDC00085FA002800F0CD80002269462068FEF701
:10FDD00001FA0028D9D0009B0298002BC0F2A8801D
:10FDE000DDF80880D8F814301BB108F10400FEF7E4
:10FDF00029F8FFF779FA33688146984224D3009BAB
:10FE0000C6F80090013B082BDED8DFE803F025257B
:10FE10008169882525816900DB684FF0FF3118680A
:10FE2000FFF764FF2B681A68002AF5D13A68C6F814
:10FE300000802A603B60FFF749FAC5E7DB684FF0B6
:10FE4000FF311868FFF752FF2B681A68002AF5D1B6
:10FE50003A683B602A60D2E798F82810019AD8F8EF
:10FE6000180041F0010C131888F828C02CBF4FF07F
:10FE7000010C4FF0000C4B45C8F80430C8F8108056
:10FE800072D8A9EB020290423CD84A0711D421F063
:10FE9000010188F828104046D8F82030984793E7A9
:10FEA000904277D84046D8F8203098475346D8F843
:10FEB000180010EB030A2CBF01210021D145A9EB4A
:10FEC0000302C8F804A0C8F81080E9D2994501D20D
:10FED0000029E7D0286808F10401FDF79BFFDAE765
:10FEE00098F82820019B42F0010288F82820C8F8E1
:10FEF0001830002B54D04B444B45C8F80430C8F898
:10FF0000108036D8386808F10401FDF783FF5BE7FD
:10FF100098F8283023F0010388F8283054E798F83F
:10FF200028309A0732D523F0010388F828304BE7B0
:10FF3000019B03999847009B002BFFF645AF4FE7C5
:10FF4000DB68D3F80090FFF7B9F9FFF7CDF9336814
:10FF500080469842FFF466AF814530600FD9002299
:10FF600028E700F081F82FE74A4502D9BCF1000FDD
:10FF70008BD0286808F10401FDF74CFF24E7FFF758
:10FF8000A5F941464846FFF7B1FE1DE7404600F09F
:10FF9000E1FA19E7386808F10401FDF73BFF7AE759
:10FFA00000F0C0F9FEE700BF00400320F03F03204F
:10FFB000FC3F0320F83F032010B588B0FFF760FE38
:10FFC0000F4B1B68CBB1002407AA06A905A8CDE9F1
:10FFD0000544FDF7F3FE02222346059C009202949D
:10FFE000069C08490848079A0194FEF7E1FF074B71
:10FFF000186010B1012008B010BD00F093F9FEE7C1
:020000040801F1
:10000000F83F0320340A01087DFD0008F43F032077
:10001000002200B5074B83B001921B68013302D068
:1000200000F080F9FEE700F07DF9019B002BFCD089
:1000300003B000BD380103204FF0E0220023072069
:1000400010B4074C13619361236806495DF8044BB3
:10005000A1FB03139B09013B53611061704700BF73
:100060000C010320D34D62104FF0E0234FF080527B
:10007000C3F8042DBFF34F8FBFF36F8F704700BFDE
:1000800008B500F04FF9044A136801331360BFF359
:100090004F8FBFF36F8F08BD3801032008B5084BA1
:1000A0001A684AB11A68013A1A60186800B108BDA6
:1000B000BDE8084000F042B900F034F9FEE700BFA7
:1000C0003801032010B500F02DF90446FFF712F9AE
:1000D00028B14FF0E0234FF08052C3F8042D2046A2
:1000E000BDE8104000F02AB908B5836913F8023C56
:1000F000662B02D000F016F9FEE74FF0E023D3F8AC
:10010000882D42F47002C3F8882DD3F8342F42F0C2
:100110004042C3F8342FBDE8084000F0D1B800BF1A
:100120002DE9F04F4FF0113E4FF0807440E909E3A4
:100130004FF0073340F8044C164C40F8343C40E98B
:1001400003424FF005334FF006324FF0123B40E9C7
:100150000F324FF0033A4FF002394FF001384FF0B1
:1001600010374FF009364FF008354FF004346FF078
:10017000430340E905AB40E9078940E90B6740F8D4
:10018000305C40F8404C40F8443C40F8481DBDE825
:10019000F08F00BF1100010800204FF0E0234FF066
:1001A0007F4130B585B00290D3F81C0D2F4A0190E5
:1001B000C3F81C1DD3F81C3D1B0E8DF803309DF8B1
:1001C000033003F0A0031370002B41D09DF80330DF
:1001D000DB4313F0A00F0BD000F0A4F8FEE7029B66
:1001E000013302939DF803305B00DBB28DF80330DE
:1001F0009DF803301B06F2D4029B082B2BD0029AE9
:10020000C2F10702120202F4E0624FF0E02300257F
:1002100001991748174C0260C3F81C1DD3F8202D14
:1002200042F47F02C3F8202DD3F8202D42F07F4204
:10023000C3F8202DFFF700FF256000F061F8FFF7FD
:1002400069F803952368013307D000F06BF8FEE7E7
:1002500000F068F8FEE70022D7E700F063F8039BA0
:10026000002BFCD0002005B030BD00BF3040032083
:100270002C4003203801032008B5EFF305830F2B32
:1002800005D90B490B4A5B5C12789A420DD84FF0A6
:10029000E023094AD3F80C3D126803F4E06393426B
:1002A00000D808BD00F03EF8FEE700F03BF8FEE79E
:1002B000F0E300E0304003202C4003200000000069
:1002C0000B4A1168086806C881F30B88022181F384
:1002D0001488203080F30988BFF36F8F4FF000003F
:1002E00080F31188104700BFAFF30080AFF30080A8
:1002F000FC3E0320000000000000000000000000A1
:1003000007480068006880F3088862B661B6BFF3EA
:100310004F8FBFF36F8F66DF00BF00BFAFF300806A
:1003200008ED00E0EFF311804FF0A00181F3118898
:10033000BFF34F8FBFF36F8F704700BF80F31188FB
:10034000BFF34F8FBFF36F8F704700BF00000000F7
:10035000EFF309801EF0100F08BF20ED108AEFF3B5
:100360000B82734620E9FC0F114A116808604FF0B8
:10037000A00080F31188BFF34F8FBFF36F8FFEF79C
:10038000C9FF4FF0000080F31188094A116808681E
:10039000B0E8FC0F13F0100F08BFB0EC108A82F326
:1003A0000B8880F309881847AFF30080AFF3008013
:1003B000FC3E0320000000000000000000000000E0
:1003C0001EF0040F0CBFEFF30880EFF3098004491F
:1003D000084700BFAFF30080AFF30080AFF30080A9
:1003E000E900010810B4154B1A461B688342FBD381
:1003F0005468416802EB040C604513D04418A342D2
:1004000006D00360824218BF10605DF8044B70474D
:100410000B4C2468A342F4D0D3E900342144036098
:100420004160EFE72144501883425160EDD1044808
:1004300000688342E9D01046EEE700BF4840032041
:1004400044400320F8B53D4E0446FEF737FF3368BD
:10045000002B52D0631E0A332ED814F0070304F188
:10046000080121D1002927DB354F3D688D4223D378
:10047000344B18461C6803E0236823B120461C4611
:1004800062688A42F8D33368A34215D023680668AD
:100490000360531A102B06F1080617D9601842079B
:1004A0000FD0FFF73FFFFEE7A3F109028A4203D313
:1004B0001034E11A0029D7DCFEF708FF0026304689
:1004C000F8BD43606160FFF78DFF626800201E4B3E
:1004D000AD1A196842F000428D421C4938BF1D60B8
:1004E0000B686260013320600B603D60FEF7EEFE3A
:1004F0007307E4D0FFF716FFFEE7154A510719D03E
:10050000D11D21F0070102F5C052531A0A460020FE
:100510000B44083B23F007030A4D9A1AC5E9001063
:100520003360C3E90000C1E900320749044B0A60A7
:100530001A608FE711464FF4C053E8E744400320A8
:1005400040400320484003203C4003203840032023
:100550005040032070B150F8043C10B5002B044605
:1005600005DA50F8082C32B1FFF7DCFEFEE7FFF7A2
:10057000D9FEFEE7704723F0004340F8043CFEF745
:100580009DFE094A54F8043C1168A4F108000B448C
:100590001360FFF727FFBDE81040044A13680133DA
:1005A0001360FEF793BE00BF404003203440032099
:1005B00038B50446D0F8D80204F52675294600F26D
:1005C000AA20FDF7D1FA2946D4F8D802BDE8384070
:1005D000FCF732BF01EB810300EBC303D3F86421C6
:1005E000D0F8D802FCF760BF01EB810300EBC30336
:1005F0005A6AD0F8D802FCF78BBF00BFD0F8D802F7
:10060000FDF72AB810B543790446022B01D0F0F764
:10061000D5FCD4F8D8020121FDF702F8D4F8D802AD
:10062000BDE81040FCF7D0BF10B50446D0F8D802A2
:10063000FCF7FAFF637A23B1024A136943F0060319
:10064000136110BD00ED00E010B5437A04462BB9EC
:10065000D4F8D802BDE81040FCF7F2BF064A13698F
:1006600023F006031361F0F7DFF8D4F8D802BDE8F1
:100670001040FCF7E5BF00BF00ED00E0944608B570
:100680001A46D0F8CC026346F9F790F818B1022860
:100690000CBF0120032008BD08B5D0F8CC02F9F743
:1006A000F1F818B102280CBF0120032008BD00BFDB
:1006B00008B5D0F8CC02F9F71DF918B102280CBF23
:1006C0000120032008BD00BF0A06D0F8CC3206D4B2
:1006D00001EB810103EBC10393F85201704701F074
:1006E0007F0101EB810103EBC103987C704700BFE0
:1006F00008B5D0F8CC02F9F745F818B102280CBFBC
:100700000120032008BD00BF08B5D0F8CC02F9F7DE
:100710009DF818B102280CBF0120032008BD00BFBE
:1007200008B5D0F8CC02F9F779F818B102280CBF57
:100730000120032008BD00BF014800F093B800BFAE
:100740008C590320014800F08EB800BF8C5903205B
:1007500002440346934200D1704703F8011BF9E7B6
:100760002D4B1B68834270B5044653D0C3691BB33D
:10077000DB6863B10025E369DB685959B1B9043519
:10078000802DF8D1E3692046D96800F07BF8E36951
:10079000196811B1204600F075F8E3699D685DB1F4
:1007A000294620462D6800F06DF8F8E70E682046CF
:1007B00000F068F83146E1E7616911B1204600F0C8
:1007C00061F8E16911B1204600F05CF8216B11B1CC
:1007D000204600F057F8616B11B1204600F052F846
:1007E000A16B11B1204600F04DF8A16C11B120466B
:1007F00000F048F8616C11B1204600F043F8E16A5E
:1008000011B1204600F03EF8236A1BB12046BDE836
:100810007040184770BD00BF3C01032070B50D4B00
:1008200000260D4D5B1B9C10A64209D10B4D00F01C
:1008300073F80B4B00265B1B9C10A64205D170BDC4
:1008400055F8043B01369847EEE755F8043B01366E
:100850009847F2E728140108281401082814010811
:100860002C140108704770470A44431E914200D17E
:10087000704710B511F8014B914203F8014FF9D1BF
:1008800010BD000038B50546002941D051F8043CA0
:100890000C1F002BB8BFE418FFF74EFF1D4A13686A
:1008A00033B9636014602846BDE83840FFF74ABF9B
:1008B000A34208D9206821188B4201BF19685B68E0
:1008C00009182160EDE71A465B680BB1A342FAD91B
:1008D00011685018A0420BD12068014450181160D3
:1008E0008342E0D118685B68084453601060DAE71F
:1008F00002D90C232B60D6E7206821188B4202BF57
:1009000019685B680918636008BF21605460CAE712
:1009100038BD00BF50580320F8B500BFF8BC08BC74
:100920009E467047F8B500BFF8BC08BC9E467047AD
:080930005FF800F08D010320C7
:1009380000FFFFFFFFFFFFFF52414D4E5F54785409
:1009480061736B320000000052414D4E5F52785483
:1009580061736B320000000052414D4E5F53656E6B
:10096800645553420000000052414D4E5F44696196
:100978006754580052414D4E5F44696167525800B0
:1009880052414D4E5F4572726F725461736B000035
:1009980052414D4E5F506572696F64696300000093
:1009A80052414D4E5F53656E6443414E0000000056
:1009B80052414D4E5F5265636569766543414E000D
:1009C80052414D4E5F5265636569766555534200E5
:1009D800FFFFFF7D7EFFFFFF0000000043414C4901
:1009E80042524154494F4E204944300045435543F3
:1009F8002D506F776572747261696E00536570204F
:100A0800203420323032360030313A31303A333403
:100A18000000000052414D4E0000000049444C4582
:100A280000000000546D725100000000546D7220E7
:100A38005376630040090108000000000000000030
:100A48000000000000000000000400002A00000070
:100A5800000000000000000050090108000000002C
:100A68000000000000000000000000000008000076
:100A780029000000000000000000000060090108D3
:100A8800000000000000000000000000000000005E
:100A9800000400003000000000000000000000001A
:100AA8007009010800000000C4030320AC00000026
:100AB80070040320000400000F0000000000000084
:100AC800000000007C0901080000000074080320F1
:100AD800AC00000020090320000400001000000002
:100AE8000000000000000000880901080000000064
:100AF800240D0320AC000000D00D032000040000EA
:100B08003100000000000000000000009809010802
:100B180000000000D4110320AC0000008012032064
:100B28000004000020000000000000000000000099
:100B3800A80901080000000084160320AC0000008A
:100B48003017032000040000280000000000000007
:100B580000000000B809010800000000341B032051
:100B6800AC000000E01B0320000400001800000097
:100B78000000000000000000C80901080000000093
:100B88000000000000000000000000000004000059
:100B9800180000000000000000000000FCFCFCFC45
:100BA800FD000000010440100000000000010100E9
:100BB80001010000FD11000871100008351200083D
:100BC8008D10000861120008BD100008CD1500083E
:100BD800F915000879120008D510000891120008CC
:100BE800ED100008A912000805110008D512000828
:100BF8008D14000800000000A5140008ED1200087C
:100C08002D110008111300083D11000825130008D4
:100C180049110008591300086D1100087D130008D8
:100C28007D1100089D130008BD140008CD130008AD
:100C38005115000819140008E91400088D1100085E
:100C4800A911000829160008ED1600084516000825
:100C58001917000861160008451700087D160008D6
:100C680071170008991600089D170008B5160008A6
:100C7800C9170008551000085910000800000000A6
:100C8800D5110008A515000895150008A915000834
:100C9800991500085D10000865100008D1160008B5
:100CA800F5170008AD1500089D150008B1150008D6
:100CB800A1150008B9150008C1150008B5150008E8
:100CC8004D150008FECA7700000000001A002F002A
:100CD80043006D00A200C901B801E207DF0754050F
:100CE8000207000000000000963007772C610EEE26
:100CF800BA51099919C46D078FF46A7035A563E96B
:100D0800A395649E3288DB0EA4B8DC791EE9D5E091
:100D180088D9D2972B4CB609BD7CB17E072DB8E790
:100D2800911DBF906410B71DF220B06A4871B9F3E5
:100D3800DE41BE847DD4DA1AEBE4DD6D51B5D4F41E
:100D4800C785D38356986C13C0A86B647AF962FD83
:100D5800ECC9658A4F5C0114D96C0663633D0FFAD0
:100D6800F50D088DC8206E3B5E10694CE44160D5D6
:100D7800727167A2D1E4033C47D4044BFD850DD2C0
:100D88006BB50AA5FAA8B5356C98B242D6C9BBDBD3
:100D980040F9BCACE36CD832755CDF45CF0DD6DCCE
:100DA800593DD1ABAC30D9263A00DE518051D7C875
:100DB8001661D0BFB5F4B42123C4B3569995BACF00
:100DC8000FA5BDB89EB802280888055FB2D90CC621
:100DD80024E90BB1877C6F2F114C6858AB1D61C19A
:100DE8003D2D66B69041DC760671DB01BC20D298B9
:100DF8002A10D5EF8985B1711FB5B606A5E4BF9F46
:100E080033D4B8E8A2C9077834F9000F8EA8099638
:100E180018980EE1BB0D6A7F2D3D6D08976C6491A3
:100E2800015C63E6F4516B6B62616C1CD8306585BC
:100E38004E0062F2ED95066C7BA5011BC1F4088299
:100E480057C40FF5C6D9B06550E9B712EAB8BE8BDA
:100E58007C88B9FCDF1DDD62492DDA15F37CD38C63
:100E6800654CD4FB5861B24DCE51B53A7400BCA361
:100E7800E230BBD441A5DF4AD795D83D6DC4D1A493
:100E8800FBF4D6D36AE96943FCD96E34468867AD6A
:100E9800D0B860DA732D0444E51D03335F4C0AAA09
:100EA800C97C0DDD3C710550AA41022710100BBE0C
:100EB80086200CC925B56857B3856F2009D466B953
:100EC8009FE461CE0EF9DE5E98C9D9292298D0B088
:100ED800B4A8D7C7173DB359810DB42E3B5CBDB735
:100EE800AD6CBAC02083B8EDB6B3BF9A0CE2B603B6
:100EF8009AD2B1743947D5EAAF77D29D1526DB046B
:100F08008316DC73120B63E3843B64943E6A6D0DB5
:100F1800A85A6A7A0BCF0EE49DFF099327AE000A00
:100F2800B19E077D44930FF0D2A3088768F2011E93
:100F3800FEC206695D5762F7CB67658071366C192A
:100F4800E7066B6E761BD4FEE02BD3895A7ADA104B
:100F5800CC4ADD676FDFB9F9F9EFBE8E43BEB7172C
:100F6800D58EB060E8A3D6D67E93D1A1C4C2D838B6
:100F780052F2DF4FF167BBD16757BCA6DD06B53F1C
:100F88004B36B248DA2B0DD84C1B0AAFF64A03365B
:100F9800607A0441C3EF60DF55DF67A8EF8E6E31DA
:100FA80079BE69468CB361CB1A8366BCA0D26F2523
:100FB80036E2685295770CCC03470BBBB916022270
:100FC8002F260555BE3BBAC5280BBDB2925AB42B85
:100FD800046AB35CA7FFD7C231CFD0B58B9ED92C9A
:100FE8001DAEDE5BB0C2649B26F263EC9CA36A75FF
:100FF8000A936D02A906099C3F360EEB85670772B6
:1010080013570005824ABF95147AB8E2AE2BB17B1C
:10101800381BB60C9B8ED2920DBED5E5B7EFDC7CA3
:1010280021DFDB0BD4D2D38642E2D4F1F8B3DD68FA
:101038006E83DA1FCD16BE815B26B9F6E177B06FF5
:101048007747B718E65A0888706A0FFFCA3B0666E2
:101058005C0B0111FF9E658F69AE62F8D3FF6B616F
:1010680045CF6C1678E20AA0EED20DD75483044E11
:10107800C2B30339612667A7F71660D04D4769499F
:10108800DB776E3E4A6AD1AEDC5AD6D9660BDF40B2
:10109800F03BD83753AEBCA9C59EBBDE7FCFB24765
:1010A800E9FFB5301CF2BDBD8AC2BACA3093B3534A
:1010B800A6A3B4240536D0BA9306D7CD2957DE5453
:1010C800BF67D9232E7A66B3B84A61C4021B685D2C
:1010D800942B6F2A37BE0BB4A18E0CC31BDF055AA5
:1010E8008DEF022D52414D4E2A4543555F432A301C
:1010F8003030332A554E4954332A0000100250002C
:1011080041400003BC0B01083C1201080600000026
:101118003411010810000100440C0108FC120108F8
:1011280005000000B41101081100000001F00000E2
:1011380001000000000400000000000003F00000AF
:1011480003000000000000000200000004F000009E
:101158000400000009F000000600000005F000008F
:10116800080000000001000007000000FAFE00006F
:101178000D000000F1FE00000C000000CCFD000096
:101188000B00000041FE00000F00000000FF0000FF
:101198001000000002FF0000FF00000000EF000048
:1011A800FF000000D4FD0000FF0000002400000044
:1011B800010000001A0000000000000039000000D3
:1011C800030000002F0000000200000043000000A0
:1011D8000400000062000000060000005800000043
:1011E8000500000077000000080000006D00000006
:1011F800070000009800000009000000A20000009D
:101208000A000000D30100000D000000C901000021
:101218000C000000A70100000B000000B80100004E
:101228000E000000500100000F000000BB0100008C
:10123800100000005A01F0180000004000000000F3
:10124800000000000800000064000000FFFFFFFF2E
:10125800010000005A03F0180000004000000000E0
:10126800000000000800000032000000FFFFFFFF40
:10127800030000000305F018000000400000000013
:10128800000000000800000064000000FFFFFFFFEE
:10129800080000005AD4FD180000004000000000BB
:1012A800000000000800000064000000FFFFFFFFCE
:1012B8000900000005CCFD0C000000400000000003
:1012C800000000000800000064000000FFFFFFFFAE
:1012D8000B0000000502FF1800000040000000009D
:1012E800000000000800000032000000FFFFFFFFC0
:1012F800FF000000240000000000000000000000C3
:1013080000000000080000000A0000001000200093
:10131800010000003900000000000000000000008B
:1013280000000000080000000A0000001000200073
:10133800030000007700000000000000000000002B
:1013480000000000080000006400000010002000F9
:1013580008000000980000000000000000000000E5
:1013680000000000080000006400000010002000D9
:1013780009000000A70100000000000000000000B4
:1013880000000000080000006400000010002000B9
:101398000B0000000001020304050607080C1014E6
:1013A800182030404543554300000000A086010046
:1013B800400D0300801A060000350C0040420F0063
:1013C80080841E0000093D0000127A000024F40009
:1013D80000366E010048E801006CDC0200000000E5
:1013E80000000000000000000000000000000000F5
:1013F80001020304000000000000000001020304D1
:10140800060708090001020304050607080C101462
:081418001820304037000000ED
:0814200020EEFE7F0100000038
:041428002502000891
:04142C0001020008B1
:1014300000000000000000000000000000000000AC
:10144000000000000000000000000000000000009C
:10145000000000000000000000000000020000008A
:10146000010000000000000000000000000000403B
:101470000000000002000000010000000000000069
:101480000000000000000000000000000000FF0756
:101490000100010000000000000000000100000049
:1014A0000000000000000101000000000100000039
:1014B000000000000000000001000000000000002B
:1014C0002011010800000000EA07000000000000F1
:1014D000000000000000000000000000000000000C
:1014E00000000000000000000000000000000000FC
:1014F000EA070000000000000000000000000000FB
:1015000000000000000000000000000000000000DB
:101510000000000000000000550500000000000071
:1015200000000000000000000000000000000000BB
:1015300000000000000000000000000000093D0065
:101540000100000008000000000000000000000092
:10155000000000000000000001000000000000008A
:101560000000000020000000AAAAAAAA400103204F
:101570000000000054580320BC58032024590320C5
:10158000000000000000000000000000000000005B
:10159000000000000000000000000000000000004B
:1015A000000000000000000000000000000000003B
:1015B00000000000000000000000000070B58AB0CC
:1015C00072B6AA244FF40055684600F065F806216B
:1015D000069BCDE9044543F08063284A00910693B9
:1015E000936A002B03DA2649264B91609360234BC4
:1015F0009A6A520003D52449244A19611A61244C7D
:101600002378012B36D0012300264FF47A70237003
:10161000666000F045F8054668B12670174B9A6A77
:1016200042F080429A629A6A42F000429A6262B63E
:1016300001200AB070BD114E049A336C4FF47A70D9
:1016400023F0FF0313433364326C069B22F0806265
:1016500003F0806313433364B36A43F40033B3622B
:1016600000F01EF825700028D8D1B36A43F000635B
:10167000B362DCE702200AB070BD00BF0020024068
:1016800023016745AB89EFCD3B2A19087F6E5D4C7E
:1016900018010320000000005FF800F0F97E000848
:0816A0005FF800F0997B0008DF
:04000005080062CDC0
:00000001FF
