:020000040800F2
:100000000000042025B2000859B000085DB00008C7
:1000100061B0000865B0000869B0000875B200085A
:10002000000000000000000000000000014901087D
:100030006DB0000800000000914801088D1D010806
:1000400075B2000875B2000875B2000875B20008F4
:1000500075B2000875B2000875B2000875B20008E4
:1000600075B2000875B2000875B2000875B20008D4
:1000700075B2000875B2000875B2000875B20008C4
:1000800075B2000875B2000875B2000875B20008B4
:1000900075B2000875B2000875B2000875B20008A4
:1000A00075B2000875B2000875B2000875B2000894
:1000B00075B2000871B000087DB0000875B2000884
:1000C00075B2000875B2000875B2000875B2000874
:1000D00075B2000875B2000875B2000889B0000852
:1000E00095B0000875B20008A1B0000875B200080C
:1000F00075B2000875B2000875B2000875B2000844
:1001000075B20008ADB00008B9B0000875B20008BB
:1001100075B2000875B2000875B2000875B2000823
:1001200075B20008C5B00008D1B0000875B200086B
:10013000DDB0000875B2000875B2000875B200089D
:1001400075B2000875B20008E9B0000875B2000881
:1001500075B2000875B2000875B2000875B20008E3
:1001600075B20008F5B0000875B2000875B2000855
:1001700075B200080000000075B200080000000021
:1001800001B1000875B2000875B2000875B2000828
:1001900075B2000875B2000875B2000875B20008A3
:1001A00075B2000875B2000875B2000875B2000893
:1001B00075B20008000000000DB1000875B200081B
:1001C00075B200080000000075B2000875B20008A2
:1001D00075B2000875B2000875B2000875B2000863
:1001E00075B2000875B2000875B2000875B2000853
:0401F000000000000B
:1002000010B5054C237833B9044B13B10448AFF350
:1002100000800123237010BD98030320000000001C
:10022000AC54010808B5034B1BB103490348AFF3B5
:10023000008008BD000000009C030320AC540108AE
:10024000034613F8012B002AFBD1181A0138704716
:10025000704700BF30B5214C214D83B04FF0FF33C4
:10026000022220680DF1060112F028FC022807D0B6
:100270002B78012B29D001211A480AF07FF9EDE7EC
:1002800042F20303BDF806209A42F1D816494FF016
:10029000FF33206812F012FCBDF806108142E7D14E
:1002A000114806F0E5FD0028D8D12B78BDF80610DE
:1002B000012B0D480DD004F09BFF0128CED12B78E7
:1002C000B3FA83F35B092B70C8E708480AF0C4F956
:1002D000C4E703F01DFD0128C0D1F0E7600403204E
:1002E00034040320D860010830770020B86001088A
:1002F0002DE9F04F834C9BB0DFF82482824F834E70
:100300000AAD4FF0FF3328226946206812F0D6FB71
:100310002828F6D103980AF0FFFA8346002840F017
:100320009380029B002B70D10098D8F8003098423F
:1003300000F092802A46594606F040FE13F072F90A
:1003400029460246684609F029F813F06BF9294658
:100350000246684606F082FD3B78002BD1D0069B12
:10036000B3F5001F00F086800121BBF1080F28BF04
:100370004FF0080B002289465FFA8BFBDDE9013064
:1003800000286FD13144002B00F0AA805420B054D3
:1003900000980AF083F909EB00035FFA83F9069AE3
:1003A00006EB0901B2F5001F6FD00BF00F000AF049
:1003B000F3F909EB00035FFA83FABBF1000F0CD0ED
:1003C000A946AB4419F8010B06EB0A010AF0D4F96F
:1003D000D94550445FFA80FAF4D1FA78002A5ED108
:1003E0007A791AB1069AB2F5001F7DD00D220AF172
:1003F00001014648C9B206F80A200AF0BFF80028F1
:100400003FF47FAF00233B707BE7B3F1005F9CD1EB
:10041000009BB3F5E06F98D13D4801990360039BC1
:100420004160082B28BF08231A460023C260C0E998
:10043000053383600822374937480AF079FA36498C
:10044000334803F0C5FA80E702464FF0FF332946F0
:10045000206812F033FB64E73049314803F0B8FA02
:10046000009867E77BB352204FF0000BB054314443
:1004700000988EE7059B0221B3F5801F14BF30233F
:10048000312301228946337078E7039800F00F008A
:100490000AF082F909EB00035FFA83FA8DE713F0A3
:1004A000C1F84EF6602C1F4B06EB0A01A3FB00E2DD
:1004B000920B0CFB120080B20AF03CF90AEB00032D
:1004C0005FFA83FA8CE772209B46B054009831445F
:1004D00080B20AF019F909EB00035FFA83F95EE7CD
:1004E0007420B0540098F3E7049AB2F1004F7FF4FF
:1004F0007DAF69220AF1010306F80A205FFA83FA48
:1005000074E700BFDC3703201001032030750020A2
:10051000C80303209005FA0BBC03032030390320E5
:100520003839032073B2E7452DE9F0431F4D9BB0E6
:10053000DFF8808001AE0AAF002404EBC401C4F1EF
:1005400024024FF0FF33286806EB810112F0B6FA5F
:100550000444232CF1D904980AF0DEF9039B814668
:10056000B3F1005F00D0A0B911480BF097FC50B177
:100570003A4631460E480BF051FBD8F80C300133A7
:10058000C8F80C30D8E74FF0FF32012113F0E0FB40
:10059000EAE70024A9EB040239194FF0FF33286879
:1005A00012F08CFA04444C45F4D3DDE7D83703202D
:1005B0004027032010000320F0B583B006F0A4FC10
:1005C00003F034F907F07AFC00F078FC09F0ECFB5A
:1005D00013F028F806F038FC13F024F806F038FC85
:1005E00021480FF03DFB21480FF002FB2049214834
:1005F00008F00EFE204D07F0E5FD204E204F05E0EF
:1006000001330CD10A2101A812F09EFE13F00AF862
:1006100032682B6801320190F2D101330BD04FF4D4
:100620007A7401E0013CEDD02846164903F0D0F978
:100630000028F7D0E6E709F0B5FB019809F0BAFB0E
:10064000019800F03DFC3B7833B1019806F012FCB4
:10065000019808F0F3FDD5E7019806F0A9FD01988F
:1006600006F0F4FBF1E700BF78240320E023032029
:1006700050170320E02503200C39032038390320CC
:1006800092000320043903202DE9F04300262B4D6E
:10069000DFF8B490DFF8B480294FA7B016E063020A
:1006A00003D52B7943F080032B7198F8003033B1D8
:1006B0000B9B23B1642011F045FC03F0B7F8002236
:1006C000022311463868009613F0C4FB4FF0FF3246
:1006D0000121002013F03CFB13F072FF19480BF0CE
:1006E00033FD044606A917480BF094FB02A91548F0
:1006F0000BF0B8FB5422294611A8AC6014F07EFE22
:10070000104B1E66189BB3F5003F02D9AB689A02E6
:100710000CD413F063FF99F80030012BBFD12346AE
:1007200011AA06A902A806F077FEB8E7012385F80A
:1007300020300B9303F004F9EBE700BF1000032017
:10074000001C032040270320083D0320B80303209A
:1007500006F0A8BB06F0AABB10B50C490C4809F07E
:10076000C9FE0A4A0B490C4814F0D6FA084C0B494A
:100770004FF0FF334FF40062206812F09FF90146FA
:100780000028F4D0054809F0CDFEF0E790040320DE
:1007900038040320B4200320600403203497002091
:1007A00006F078BB002006F079BB00BF0022024BA8
:1007B00002481A600FF054BAB40303202C2403201B
:1007C000014B1868704700BFB4030320000000000D
:1007D00010B59EB0482200210CA814F06DFD002336
:1007E0004FF40070CDE90233CDE90433CDE907338E
:1007F000CDE90933019306930B930DF0C3FB08B1C8
:1008000072B6FEE7012302221693119319931792F1
:1008100010231D9207229FED1E7BCDE91A3203247F
:10082000042312900CA81C938DED0C7B18940DF0F2
:10083000E5FD034608B172B6FEE70F22214601A886
:10084000CDE903330593029401920DF083FC034636
:1008500008B172B6FEE7104A4FF0005C916D4BF69E
:100860007F3441F080719165926D069302F0807241
:10087000009208932222202306A8CDE90A2300999A
:10088000CDF81CC009940EF019FD1EB010BD00BFBC
:1008900029000000000001000010024080B594B063
:1008A00072B64FF00062AD4B9A60BFF34F8F62B6E5
:1008B00000240AF0E1FC07F021FDFFF789FFCDE9F4
:1008C0000F44CDE91144A64D1394EB6C4FF46041F5
:1008D00043F00403EB64EB6C224603F0040308933B
:1008E000089BEB6C9F4843F08003EB64EB6C0126A4
:1008F00003F080030993099BEB6C4FF4007843F0FD
:100900000103EB64EB6C082703F001030A930A9BD5
:10091000EB6C43F00203EB64EB6C03F002030B930C
:100920000B9B0BF0DBFF224640F201118E480BF0CF
:10093000D5FF224641F2E4018C480BF0CFFF4FF483
:10094000604388480FA9CDE90F36119412940BF03B
:1009500011FE40F2011384480FA9CDE90F36CDE90D
:1009600011440BF007FE41F2E40380480FA9CDE9E2
:100970000F36CDE911440BF0FDFD7B480FA9CDE901
:100980000F8411960BF0F6FD79480FA9CDE90F748D
:1009900011940BF0EFFDAB6C052143F00403AB6445
:1009A000AB6C224603F004030593059BAB6C1D2042
:1009B0003343AB64AB6C33400693069BAB6C43F0A4
:1009C0000203AB64AB6C03F002030793079B0AF0CE
:1009D00089FC1D200AF0C0FC224605211E200AF0D9
:1009E00081FC1E200AF0B8FC2246052150200AF0A6
:1009F00079FC50200AF0B0FC20460CF0F7FA08B160
:100A000072B6FEE70CF006FB034648B9594843604E
:100A1000594B03600EF07AFC034618B172B6FEE73C
:100A200072B6FEE710224FF4407E4FF03C0C0421DA
:100A300013250F24514882618262514A4360C3608A
:100A40008374C36313704F4BC0E907C50360C0E9EB
:100A50000B41C0E90D66068246614662C0F808E0B7
:100A60000AF00EFF034658BB07224FF0FF314FF448
:100A700082754FF4E0644448C0E90A32434AC0E951
:100A80000433C2E90533C2E90133D3601160404A3F
:100A9000C0E90833C2E90533C2E901338360036367
:100AA000D3603C4BC0F818800360C7614763456062
:100AB000C46011600EF04EFE034618B172B6FEE738
:100AC00072B6FEE73448354AC0E9053383800260D8
:100AD00006620AF073FC034608B172B6FEE74FF4F3
:100AE000027102222E48C3722E4B81800360C0F82F
:100AF00007200CF099FA034608B172B6FEE741F6FA
:100B00003F75294C294ACDE90F0011902046C4E9D0
:100B10000133A3612260E5600FF092FA034608B149
:100B200072B6FEE720460FA90F9311930FF0BAFAA1
:100B3000034608B172B6FEE71D481E4ACDE90F33E1
:100B4000026042F20F72C0E9023511938361426084
:100B50000FF076FA80B372B6FEE700BF00ED00E05A
:100B6000001002400008024200000242000402425B
:100B7000001C02424426032000080C4240270320A8
:100B8000B803032000A40040E025032038390320E7
:100B90000C39032000380040A42703200030024015
:100BA000B820032000D400402C240320001400406F
:100BB000782403200010004000237D480FA90F93E4
:100BC00011930FF06FFA034608B172B6FEE74F2596
:100BD0004FF6FF747748C0E9043383608361764B36
:100BE000C460C0E900350FF02BFA034608B172B6B5
:100BF000FEE77248C0E90153C0E90343C0E9053389
:100C00006F4B03600FF01CFA034608B172B6FEE7A3
:100C10004FF080414FF0FF326A4CCDE90F00CDE933
:100C20001100C4E901000CAD0C902061A0612046C8
:100C3000C5E901332160E2600FF002FA08B172B633
:100C4000FEE74FF4805320460FA90F930FF046F8AC
:100C5000034608B172B6FEE7204629460C930E9370
:100C60000FF020FA044608B172B6FEE7564D574819
:100C7000009522460121CDE90144554B047043F60D
:100C8000982011F0CDFD0546524E534A00960121A1
:100C9000CDE90144514B156043F69820224611F0EE
:100CA000BFFD05464E4E4F4A00960121CDE9014455
:100CB0004D4B156043F69820224611F0B1FD0546D4
:100CC0004A4A4B4E0121CDE901444A4B009643F676
:100CD00098201560224611F0A3FD0246464B20469F
:100CE0001A6007F0B7F8204607F0CEF8434809F03D
:100CF000D7FB434806F08AF8424A4349434802F08A
:100D00007BFD11F051F813F0F3FE2146404A4148B3
:100D100011F09AF80146404B404A1960404821467C
:100D200011F092F801463F4B3F4A19603F48214677
:100D300011F08AF8034634493D4A0B603D4821468C
:100D400011F082F801463C4B3C4A19603C48214670
:100D500011F07AF803462B4D21463A4A3A482B6067
:100D600011F072F80546394B2146394A39481D6061
:100D700011F06AF80546384B2146384A38481D605C
:100D800011F062F80546374B2146374A37481D6057
:100D900011F05AF80546364B2146364A36481D6052
:100DA00011F052F8354B186011F020F8FEE700BF43
:100DB00078240320E02303200044014094230320EF
:100DC00000480140C42403206404032034040320A9
:100DD000CCD900203C04032060040320349F002071
:100DE0001004032038040320983A0020DC37032045
:100DF000EC03032000000020D83703204426032002
:100E0000A4270320A0120320001C03204027032056
:100E1000FC93010855020008B4200320D893010870
:100E2000F1020008B0200320B4930108290500084E
:100E300090930108B9050008501703206C9301082E
:100E4000890600084893010851070008F00D0320A7
:100E50002493010855070008400903200093010866
:100E60005907000890040320DC920108A10700083C
:100E70008C040320B8920108A50700088804032009
:100E8000094A0368934206D0084A93420AD0084AA6
:100E9000934205D07047074A1368013313607047C7
:100EA00005F0F0BF0AF0FAB900140040002C014030
:100EB00000100040B403032072B6FEE7704700BF85
:100EC000034B044A1B68D07D1B6803491B6D184700
:100ED0000C01032070000320443C032040F69E7365
:100EE0002DE9F047DFF89CA02349244ADAF80040B6
:100EF000B1F800E012889C4204FB0E2238D8002092
:100F00004FF0804140F69F764FF030083127DFF8F0
:100F100078901B4D09EB040C4B6A9342FCD32B6970
:100F2000013013F48073C0B204F1010472440ED195
:100F300018468CF80080B4420CF1010CECD1012071
:100F4000CAF80040002309F80430BDE8F0870A28F9
:100F50008CF80070EFD9142C02D80CF1010CDBE7EF
:100F6000002309F804300020CAF80040BDE8F087EB
:100F70000120DFF81490E5E70A00032008000320B1
:100F800000040242342803203828032070B50024CE
:100F90004FF0804101254FF6FF7086B0CDE9004447
:100FA000CDE9024404940A681A4E22F001020A6054
:100FB0003288194B013A8A624C624D610A682A43B1
:100FC0000A601A6822F001021A6098625C625D6130
:100FD0001A682A431A6002F0B3FC2A464FF40071E3
:100FE0000E480BF07BFC4FF48072002369460B48DF
:100FF000CDE9002302940BF0BDFA4FF400730322F5
:1010000069460648CDE90035039202940BF0B2FA26
:1010100006B070BD0C0003200048014000040242ED
:10102000F0B5BDF81440012C45D94FF0300C012724
:10103000013C83F800C000293FD10A263D4604E068
:101040008C4675460127013E15D320FA06F101F0C2
:10105000010105F1010EA54201F130011FFA8EFEDA
:1010600029DA8C455955EBD10137FFB2052F4FD006
:10107000013E7546E9D2002A0CBF30263126A54232
:1010800019DA691CB4455E5589B200F0C1800127A8
:10109000A14210DA30224D1C9642ADB25A5400F0F3
:1010A000D980A54207DA881C80B25A5500221A540A
:1010B000F0BDA54239DB0020F0BD1C263D4605E011
:1010C0008C4675460127013E112EF2D020FA06F11A
:1010D00001F0010105F1010EA54201F130011FFAF5
:1010E0008EFEE8DA8C455955EAD10137FFB2052F5B
:1010F00001D07546E7E7CCF1610CA6455FFA8CFCA0
:1011000005F10205D7DA012703F80EC0ADB2DAE720
:10111000CCF1610CA6455FFA8CFC05F10205CADA38
:10112000012703F80EC0ADB28DE74FF0310E691CF8
:10113000F44589B203F805E04FD0A142BBDA03F8C9
:1011400001E0A91CF44602271FFA81FE04E08C4648
:10115000AE460127013E22D320FA06F101F001013B
:10116000A64501F13001A6DA0EF10105614503F84B
:101170000E10ADB2EBD10137FFB2052F01D0AE4654
:10118000E8E7CCF1610CA5425FFA8CFC0EF1020E8F
:1011900091DA012703F805C01FFA8EFEDAE7002A6C
:1011A0000CBF30253125A64585DA0EF10102AC458C
:1011B00003F80E5092B262D00121A242BFF67BAF7B
:1011C0003027561CBD42B6B29F5477D0A642BFF618
:1011D00072AF023290B29F5568E7042F28D0A14227
:1011E000BFF669AF0237FFB205F1020E052F03F813
:1011F00001C01FFA8EFEAFD1A645BFF65CAF4FF01F
:10120000300C033503F80EC001271FFA85FEA3E753
:101210000137FFB2052F7FF43BAFA142BFF64BAFC2
:10122000C6F16106F6B202355E540127A9B22FE776
:10123000A142BFF640AF30275F54A91C89B28C424F
:101240007FF739AF05F1030E012703F801C01FFA3C
:101250008EFE81E77A1CD2B2052A21D0A542BFF6C4
:101260002AAF881C042A5E5580B27FF41FAFA042CB
:10127000BFF621AF312203311A5488B216E7791C28
:10128000C9B2052999D1A242BFF615AFC5F16105D2
:10129000EDB20EF1020E9D5401211FFA8EF28CE781
:1012A000A542BFF608AF31225A558A1C92B2944229
:1012B0007FF701AFC81C80B29E54F7E60131C9B276
:1012C000052910D0A642BFF6F6AE9D55042902F1BD
:1012D0000205ADB215D1A542BFF6EDAE3121033204
:1012E00090B25955E2E6A642BFF6E5AE31219955D6
:1012F000911C89B2A142BFF6DEAE033290B25D54BA
:10130000D4E62846D2E600BF4B4B1868831C70D049
:101310002DE9F04FC71C91B077D0411C02D14FF09E
:1013200000090BE03024454B454A1978127804AB8C
:101330000094FFF775FE8146002860D04FF0804C86
:10134000404B414A1B88B2F800A003933F4B0AEB85
:101350008A0E1F883E4B3F491C683F4E4FEA4E0E97
:101360000B69DA05FCD5DCF8242092B20B69DB05A9
:10137000F6D5DCF824309B1A9E45F7D80B6913F498
:10138000807306D0736ABB422DD80B6913F4807347
:10139000F8D1CCF82430B9F1000F1AD01C464FF028
:1013A0008040039ADFF8B880DFF8A8B004AD436A44
:1013B0009342FCD3DBF81030524413F4807F15F8CD
:1013C000013B0DD0312BCBD10134A14508F8013BB5
:1013D000EDD11F4BC3F80090002011B0BDE8F08F95
:1013E000302BF1D0BCE70120194B1C6011B0BDE8D7
:1013F000F08F4FF08043002200205A627047174858
:1014000009F02AF94FF0000998E74FF080440E4B9D
:10141000104A188800EB800040001369DE05FCD5F7
:10142000616A89B21369DD05F7D5636A5B1A834285
:10143000F8D300236362CFE70400032031280320A0
:1014400030280320080003200A00032000000320A6
:10145000342803200004024200480140746101085E
:101460003828032002783AB34FF0000C30B56346B9
:10147000864631250BE02A2A07D10CF1010C1FFA10
:101480008CFC8EF8005000EB0C0EC25C82B1A2F115
:101490003001013301290CF101049BB2EBD88EF825
:1014A0000020C25C1FFA84FC00EB0C0E002AEED177
:1014B00000238EF8003030BD00230370704700BF5A
:1014C00070B5044609F05EFA14281ED900F1FF3EFB
:1014D0001FFA8EFE14F80E3004EB0E05312B2A464F
:1014E00015D1831E9BB200EB040C0CEB03002A26E3
:1014F0002344A0EB0E0005E016701A461178013B5C
:10150000312906D1C11A0C29F6D9002070BD00EB93
:10151000040C002220460126144610F8013BA3F1DA
:10152000300101292FD862B386B3052A42D0A342E5
:101530000FD0312B5ED0844515D010F8011B01224D
:10154000A1F13003012B79D830231C460B46A3426E
:10155000EFD10132312CD2B256D084454FF0010682
:101560004FF03004D9D10FFA8EFEBEF1000F06DB2A
:101570002A4615F801392A2B58D05F2B37D0012085
:1015800070BD1C4601228445C7D1ECE7A3420DD0B3
:101590008445E8D010F8011B1C46A1F13002012A55
:1015A00022D80B46A3424FF00102F1D101320026AE
:1015B000D2B2E8E7A342A8D05F23844500F8013CFB
:1015C000D1D0034613F8011BA1F13002012A20D823
:1015D0006345C8D043783246A3F13004012C00F1B2
:1015E00002000C46A0D9CEE700260122CBE730232B
:1015F0001370C4E78445B6D010F8011BA1F1300286
:10160000012A1ED80122A0E7062A8CBF0026012647
:10161000B9E76345A7D01A780230A2F13003DBB2F4
:10162000012B96BF144600223246ACE70EF1FF3E76
:101630000FFA8EFEBEF1FF3F9AD1A0E73024164686
:10164000A1E701221C4616469DE700BF70B571B3A5
:10165000002344F2995600F1FF3C0CEB01051CF805
:10166000012F5C00A2F13102B2FA82F24FEA933EFE
:1016700047F6FE735209724503EA040318BF73402C
:10168000AC45ECD14A1E00F10E0C024400208C4403
:1016900012F8011F4000312908BF40F001009445B5
:1016A00080B2F5D1C01AB0FA80F0400970BD0B4687
:1016B000E8E700BF2DE9F04F8FB0044609F062F96A
:1016C000122840F24B812378302B05D0B4480FB05C
:1016D000BDE8F04F08F0C0BF074606AEB14808F0BD
:1016E000BBFF00253146234604F10B0C13F8012FF4
:1016F000A2F13100B0FA80F09C454FEA501001F899
:10170000012B40EA4505F1D14FF00008A6488DF8BD
:10171000238008F0A1FF06A808F09EFFA34808F068
:101720009BFF03A9284608F0B9FF03A88DF8148091
:1017300008F092FF9E4808F08FFF94F80CA09D4897
:10174000657B8DF819808DF818A008F085FF06A834
:1017500008F082FF984808F07FFF98488DF81850ED
:1017600008F07AFF06A808F077FF934808F074FFA6
:10177000312D40F0FD80262F40F2F680454606AA26
:1017800004F10D010DF12A0011F8013F02F8013BAF
:10179000A3F13103B3FA83F390424FEA531343EAC0
:1017A0004505F1D14FF0000885488DF82A8008F0F2
:1017B00053FF06A808F050FF7C4808F04DFF03A92E
:1017C000284608F06BFF03A88DF8148008F044FF4A
:1017D000774808F041FF94F820A07A488DF81980E6
:1017E0008DF818A008F038FF06A808F035FF7248F9
:1017F00008F032FF94F8213073488DF8183008F063
:101800002BFF06A808F028FF6B4808F025FF94F886
:1018100022306E488DF8183008F01EFF06A808F038
:101820001BFF654808F018FF2322002504F1040C73
:1018300006A89444A11811F8013B00F8013BA3F15C
:101840003103B3FA83F38C454FEA531343EA45055A
:10185000F1D14FF000095E4802F1040801928DF8C1
:101860001C9008F0F9FE06A808F0F6FEEDB24F480D
:1018700008F0F2FE03A9284608F07EFF03A88DF8C1
:101880000E9008EBC50B08F0E7FE494808F0E4FEAF
:101890000BF10F03BB42019A00F2E780BAF1300F5F
:1018A00000F0A680002506A90BF1FF30204401F1CD
:1018B0000F0710F8012F01F8012BA2F13102B2FA43
:1018C00082F28F424FEA521242EA4505F1D10027D7
:1018D000404801938DF8277008F0BEFE06A808F076
:1018E000BBFE324808F0B8FE03A9A8B208F022FFF8
:1018F00003A88DF8107008F0AFFE374808F0ACFE72
:1019000059462046FFF7A2FE019B002840D03348ED
:1019100008F0A2FE019BE25CE118A2F13003012B6A
:1019200098BF012303D916E00133202B36D006F8E7
:10193000012B11F8012FA2F130000128F4D9002267
:101940006B4427481A7608F087FE06A808F084FE44
:10195000194808F081FE0FB0BDE8F08F21480FB0A4
:10196000BDE8F04F08F078BE1F4808F075FEF2E7BA
:10197000A37B16488DF818308DF8198008F06CFE9E
:1019800006A808F069FE0C4808F066FE0F224CE736
:101990001648019308F060FE019BBCE71F23CEE7C9
:1019A000B0610108C4610108D8610108E86101085B
:1019B00030890108F0610108006201080462010831
:1019C000286201083862010848620108586201086B
:1019D00068620108A4620108B4620108B8620108E3
:1019E000CC6201089C61010814620108C062010810
:1019F000082D3FF657AF002D3BD06B1EDBB20C32EB
:101A000002EBC30B0DF11F0700250DF1170204EBCC
:101A1000080111F8013B02F8013FA3F13103B3FAC9
:101A200083F397424FEA531343EA4505F1D1134834
:101A30008DF8209008F010FE06A808F00DFE104862
:101A400008F00AFE03A9E8B208F096FE03A808F120
:101A500008088DF80E9008F0FFFD0A4808F0FCFD1C
:101A6000C345D1D10BF10F031CE7074808F0F4FD83
:101A700071E7C34602F1130314E700BF9462010843
:101A8000E86101083089010878620108002800F047
:101A9000F98030B583B0044608F074FF0130235C50
:101AA00025180BB9012038E02046774908F076FF69
:101AB00048BB2046754908F071FF20BB2046744999
:101AC00008F06CFF002856D12046724908F066FFE6
:101AD000002862D00A2128460DF1070208F0C8FF4D
:101AE0009DF80730002BDDD04FF6FE73421E9A4260
:101AF000D8D8694B80B21A886849824208800BD3D3
:101B00004008188008E02846654908F047FF30B1D2
:101B10006FF00102634B1A60002003B030BD28460D
:101B2000614908F03BFF20B14FF0FF325D4B1A6076
:101B3000F2E728465D4908F031FF20B16FF002025C
:101B4000584B1A60E8E7102128460DF1070208F00B
:101B50008FFF9DF807300446002BA3D0B0F1005F43
:101B6000A0D2B0F5006F03D3514B1A78002A50D0A1
:101B70004C4B1C60D0E70A2128460DF1070208F003
:101B800077FF9DF80730002B8CD04FF6FE73421E76
:101B90009A4287D8474B1880BEE72046464908F04E
:101BA000FDFE90B10A2128460DF1070208F060FF02
:101BB0009DF80730002B3FF475AF384B1B888342EC
:101BC0007FF670AF344B1880A6E720463B4908F0FB
:101BD000E5FE80B128463A4908F0E0FE002837D0FB
:101BE000304B384A1B68A3F50063934246D9002264
:101BF0002F4B1A7090E72046334908F0CFFE70B1A2
:101C000028462F4908F0CAFE68B300222F4B1A70ED
:101C100082E701222E481A7008F01EFDA8E7204630
:101C20002C4908F0BBFE00283FF43CAF0DF1070241
:101C30000A21284608F01CFF9DF80720002A3FF4DF
:101C400031AFB0F5803FBFF42DAF234A108063E77A
:101C50002846224908F0A2FE00283FF423AF0122C3
:101C6000134B1A7058E728461C4908F097FE0028C5
:101C70003FF418AF0122154B1A704DE7184808F0D1
:101C8000EBFC0FE701207047DC620108E862010805
:101C90002863010834630108080003200A000320B8
:101CA000E462010804000320F0620108F462010804
:101CB000312803200C000320406301085063010811
:101CC0005C630108FFF7FF1F8C63010830280320C5
:101CD000FC6201089063010800000320886301088A
:101CE0006063010810B5364884B008F0B5FC354B88
:101CF00001A9188808F0EAFE01A808F0ADFC324CF2
:101D0000324808F0A9FC324808F0A6FC01A9206876
:101D100008F0C4FC002301A88DF80C3008F09CFCEE
:101D20002368991C40D05A1C42D0033344D0294820
:101D300008F092FC284B01A9187808F0C7FE01A80A
:101D400008F08AFC254808F087FC254B01A9187883
:101D500008F0BCFE01A808F07FFC224808F07CFCDB
:101D6000214B01A9188808F0B1FE01A808F074FC05
:101D70001E4808F071FC1E4B01A9188808F0A6FE49
:101D800001A808F069FC1B4808F066FC1A4B01A981
:101D9000188808F09BFE01A808F05EFC174808F0C0
:101DA0005BFC002004B010BD154808F055FCBEE7F0
:101DB000144808F051FCBAE7134808F04DFCB6E7A8
:101DC000986301080000032004000320A4630108B5
:101DD000AC630108CC63010831280320D8630108F3
:101DE00030280320E06301080C000320046401088C
:101DF0000A0003201464010808000320006201089F
:101E0000B4630108BC630108C46301082DE9F04113
:101E10000026104D104FFFF7B9F86E626A6A3B88D2
:101E20009A4212D24FF08044DFF83480B8F8002094
:101E30006662636A9342FCD34FF4007107480AF06C
:101E400053FD6A6A3B889A42F0D301F0EFFC002010
:101E5000BDE8F08100480140000003200004024278
:101E60000A0003202DE9F04F7A4B91B01B88B3F59F
:101E70007A7F60D9FFF78AF872B6774B1868831CAF
:101E800000F0D780C71C6DD0411C5BD14FF000091A
:101E90004FF0804C714B724A1B88B2F800A003933C
:101EA000704B0AEB8A041D686A4B6F49B3F800E077
:101EB0006E4F64000B69DA05FCD5DCF8242092B281
:101EC0000B69DB05F6D5DCF824309B1AA342F7D367
:101ED0000B6913F4807307D07B6A734500F2B180FD
:101EE0000B6913F48073F7D1CCF82430B9F1000FEB
:101EF0001AD01D464FF08040039ADFF88C81DFF83E
:101F000068B104AE436A9342FCD3DBF8103052440C
:101F100013F4807F16F8013B0AD0312BCAD101356A
:101F2000A94508F8013BEDD14E4BC3F8009032E0D3
:101F3000302BF4D0BEE74E4808F08EFB002011B0E5
:101F4000BDE8F08F30244B4B4B4A1978127804AB24
:101F50000094FFF765F88146002899D1474808F0BA
:101F60007BFB93E74FF080443D4B3F4A188800EBE2
:101F7000800040001369DE05FCD5616A89B21369EF
:101F8000DD05F7D5636A5B1A8342F8D300236362E9
:101F9000304BB3F800E00026344D6E626B6A734537
:101FA0002FD22E4B4FF08041B3F800C02C4B2E4C5B
:101FB0001F8802E06B6A73452ED2236913F4807385
:101FC000F8D162461846D5F824804B624B6A93429A
:101FD000FCD32369013013F48073C0B219D00B28ED
:101FE0003A44F3D1A2EB0C024B6A9342FCD36B6AE6
:101FF000A3EB08031E446B6A7345DED3204B03FB3F
:1020000006F662B601F012FC124B1B88B6FBF3F029
:1020100095E718463A44D9E762B601F007FC184B39
:102020000C4A06FB03F31088B3FBF0F011B0BDE8D7
:10203000F08F4FF0804300225A62064BB3F800E065
:10204000A9E7084B1D6062B60E4808F005FB01F0D9
:10205000EDFB73E7000003200400032008000320C9
:102060000A000320342803200004024200480140F3
:1020700028640108312803203028032074610108F6
:10208000A086010044640108382803202A4B70B55B
:102090001B680333012B37D9FEF778FF72B6002295
:1020A000264B5A62FFF730F928BBFEF717FF0446AC
:1020B00000283AD162B6224E3368072B2ED9214D23
:1020C000284608F0C9FA204808F0C6FA33682846BE
:1020D000EC54FFF7F5F9D8B1284608F0BDFA1B48D3
:1020E00008F0BAFA2846FFF7BDF9FFF7E3FA01F066
:1020F0009DFB204670BD62B6154808F0ADFA01F0B0
:1021000095FB0124204670BD124808F0A5FAF8E7B7
:10211000114808F0A1FA01F089FBF3E70F4808F035
:102120009BFA01F083FB204670BD62B60C4808F0B4
:1021300093FA01F07BFBE4E7040003200048014030
:102140003428032038280320D8640108F0640108EB
:102150008C64010858640108E0640108C064010847
:10216000A86401082DE9F04F91B0FEF70FFF72B699
:1021700000254FF0804270497048714B55620560F0
:102180004D621868811C00F0A180C31C00F0B38070
:10219000421C7FD1AB464FF0804E6A4B6A481E8886
:1021A0006A4B06EB86041A88694BDFF88C81B3F81A
:1021B000009064000369DB05FCD5DEF8241089B2C9
:1021C0000369DF05F6D5DEF824305B1AA342F7D3A6
:1021D000036913F4807307D0D8F824304B457ED8B8
:1021E000036913F48073F7D1CEF82430BBF1000FEC
:1021F00000F09B801D46574B11469A464FF0804792
:1022000003930DF1100C7B6A8B42FCD34E4B31448F
:102210001B6913F4807F1CF8013B54D0312BC9D1CA
:102220000135AB450AF8013BEDD1444B06FB0B22CF
:10223000C3F800B040F69E739B451AD84FF080411A
:102240004FF0300C3127039B0BF1FF30424D3E4CD9
:1022500018444B6A9342FCD32369DB052DD500F863
:10226000017FA8423244F4D140F69F739B46334A23
:1022700013600024039B03F80B4062B601F0D6FA0A
:10228000344808F0E9F9354808F0E6F9204611B07D
:10229000BDE8F08F324B334A19783023127800931F
:1022A00004ABFEF7BDFE834600287FF474AF2E48D2
:1022B00008F0D2F9214B1D686DE700F801CFA84264
:1022C0003244C6D1D0E7302BAAD073E71D4B1F494B
:1022D0001E88204B5562AB460A880393AEE7174B26
:1022E0001D6062B6214808F0B7F901F09FFA01209D
:1022F00011B0BDE8F08F134B13491E8806EB86041E
:1023000064000B69DF05FCD5506A80B20B69DD05FE
:10231000F7D5536A1B1AA342F8D300230B490D4883
:102320009B46039053620A8888E70A4B0393034B4A
:10233000C3F800B082E700BF004801403428032002
:10234000040003200A0003200004024208000320C6
:102350000000032038280320D6370320006201083C
:1023600031280320302803207461010844640108E7
:10237000002800F019812DE9F04F95B0834608F050
:1023800001FBB0F57A6F28BF4FF47A60894E814621
:102390003368033340F0C480FEF7F8FD72B60025C1
:1023A0004FF08044844B65625D623068834B1D60F2
:1023B000831C00F0E380C71C00F0C580471C00F0C0
:1023C000BA80302300937E4B1A787E4B197808AB85
:1023D000FEF726FE8246002800F0AF807A4B4FF0D1
:1023E000804E1A8879491346098802EB82040591C8
:1023F00077497848B1F800806F4F64000169CE05D5
:10240000FCD5DEF82460B6B20169C905F6D5DEF860
:102410002410891B8C42F7D8016911F4807107D010
:10242000796A414500F2B480016911F48071F7D1F5
:10243000CEF82410BAF1000F00F0B8804FF0804CB5
:102440000D466549059E0691049108A903910794DC
:10245000DCF82410B142FBD35E49039C09691644A1
:1024600011F4807F14F8011B039460D0312960D1EE
:10247000049C013504F8011BAA450494E8D1059990
:102480000024114418464FF080424FF4007E4FF074
:10249000300840F69F7C494D504E4E4F2C60556A97
:1024A0008542FCD3A1453FD91BF80450312D3BD0C8
:1024B000302D04D14FF0007A464DC5F818A0556A6A
:1024C0008D42FCD33D690134ED0544BF312506F84A
:1024D000015F3A4D58BF06F8018F64452C601844DF
:1024E0001944DCD14FF47A6000224FF0804100FBA8
:1024F00003F3069880F89F2F4A6A9A42FCD34FF460
:102500000072344B9A6162B601F090F9324808F0DB
:10251000A3F8334808F0A0F8002015B0BDE8F08F0C
:10252000304808F099F837E7C7F818E0C7E73029CE
:102530009ED0079C62E7AA4650E72B4808F08CF82B
:102540001E4B1D684AE7204B224D1A88134602EBAA
:10255000820149002869C605FCD5666AB6B22869B9
:10256000C005F7D5606A801B8842F8D300216162FC
:102570001649098805911849069180E7124A134BBC
:1025800012881B881449656205930691134676E705
:102590000A4B1D6062B6154808F05EF801F046F976
:1025A000012015B0BDE8F08F012070470A4906915F
:1025B00065E700BF040003200048014034280320E1
:1025C00030280320312803200A00032008000320BC
:1025D000000003200004024238280320372803208B
:1025E0000062010800650108746101088C6401083B
:1025F0002DE9F04F91B0FEF7C9FC72B600229C495C
:102600009C4B4A621868831C00F01881C71C00F0BC
:102610004981441C02D14FF0000E0CE03024964B4F
:10262000964A1978127804AB0094FEF7F9FC8646B6
:10263000002800F017814FF08044914A914B128896
:10264000B3F800C00392904B904A0CEB8C05B2F8A3
:1026500000B01E688E49864F6D000A69D005FCD512
:10266000606A80B20A69D205F7D5626A121A954289
:10267000F8D80A6912F4807207D07A6A5A4500F2D3
:10268000D2800A6912F48072F7D16262BEF1000F43
:1026900000F0258116467F4A4FF080489146039806
:1026A00002920DF1100AD8F824208242FBD3784A16
:1026B0006044126912F4807F1AF8012B00F0AA809E
:1026C000312ACAD10136B64509F8012BEBD1039A5C
:1026D0000CFB0E2200244FF0804040F69E764FF017
:1026E000310830276A4D416A9142FCD3296901348F
:1026F00011F480710AD1B64598BF029C624498BF1C
:1027000004F80E700C460EF1010EECE7B64598BFCA
:102710000299624498BF01F80E80092C0EF1010E57
:10272000E1D10399DFF848A1594EC3F800E0511AEE
:102730000393DAF82400584533D840F68E739E454B
:102740002FD8029B0EF1FF351D4400204FF080432F
:102750004FF031094FF030080EF101045F6A8F42EB
:10276000FCD3052894BF4FF000774FF40077B76192
:102770005F6A9742FCD337696144FF0554BF05F88F
:10278000018F05F8019FDAF8247062445F4504EB7D
:10279000000ECED801301028E0D1DAF824305B45A5
:1027A000CBD94FF08042039BC3F800E0536A8B42C1
:1027B000FCD32F4C636A5B4518D84FF08043002749
:1027C0004FF000764FF400750CEB4C013048490097
:1027D0004FEA0C1C5F6286615A6A8A42FCD38561AB
:1027E0005A6A6245FCD3626A5A45F3D9BEF57A6FDC
:1027F00014D20023029A02F80E3062B601F016F8E5
:10280000244807F029FF244807F026FF002011B0D4
:10281000BDE8F08F302A3FF455AF1EE70023029A3F
:1028200082F89F3FE9E71E6062B61C4807F014FF7C
:1028300000F0FCFF012011B0BDE8F08F4FF08045A3
:10284000104C144E104B0E481049B4F800C00296BC
:102850006A620288D3F800E00392B1F800B00EFB80
:102860000C2237E70E4807F0F7FE4FF0000EE2E6C5
:1028700000480140040003203128032030280320B1
:10288000080003200A00032034280320000003204E
:102890000004024238280320006201088C64010809
:1028A000746101084FF080420F4B1048B3F800C02C
:1028B0000CEB8C0149000369DE05FCD5546AA4B217
:1028C0000369DD05F7D5536A1B1B8B42F8D300243F
:1028D000074D084B0295084808495462B9E7044976
:1028E000039A0291F6E600BF0A00032000040242A8
:1028F0003828032034280320080003200000032088
:102900002DE9F04FA24C93B023680333012B40F222
:1029100014818346FEF73AFB72B600264FF08042E0
:102920009C4B5E629C4B1E6056622068811C00F0CE
:102930002581C31C00F04A81421C72D134464FF0FD
:10294000804C964BDFF864A21D88954B05EB850EF5
:102950001B8894490593944BDFF83882B3F80090B4
:102960004FEA4E0E0B69DB05FCD5DCF8242092B251
:102970000B69DF05F6D5DCF824309B1A9E45F7D8A5
:102980000B6913F4807308D0D8F824304B4500F25B
:10299000C6800B6913F48073F6D1CCF82430002C78
:1029A00000F02E814FF080401E46804B06AF059A06
:1029B00004930397436A9342FCD37A4B039F1B69AA
:1029C0002A4413F4807F17F8013B03973BD0312B47
:1029D000C8D1049F013607F8013BB4420497E9D1FE
:1029E0006D4B1C60059B05FB043300264FF08042B5
:1029F00040F69E7C4FF031094FF03008694F0BF1E3
:102A0000060E516A9942FCD33969013611F480717E
:102A100004F101001AD1644521D90E4604462B4425
:102A2000EFE7634B1A7830230093624B197806ABBB
:102A3000FEF7F6FA0446002881D15F4807F00CFE45
:102A4000554B1E687BE7302BC3D08BE7644598BF9E
:102A50000AF80490B6452B4407D90446D1E70AF892
:102A600004800E4601342B44CBE701464FF08040F2
:102A7000059A9E1A426AB242FCD34FF000774FF09B
:102A80008040484A9761426A9A42FCD3454A0234E0
:102A9000126912F4807F40F69E7255D1914261D93D
:102AA0003D48944204602E442B4442D84FF080426B
:102AB0004FF4007C4FF031084FF0300E3F4F394C4F
:102AC0005144506AB042FCD3C4F818C0506A8342E3
:102AD000FCD82069C0051BD401F801EFB9422E448F
:102AE0002B44EED140F69F732B4A136040F69F7340
:102AF00000220AF8032062B600F098FE2B4807F087
:102B0000ABFD2F4807F0A8FD002013B0BDE8F08F03
:102B100001F8018FB9422E442B44D2D1E2E71E4B7B
:102B200028481C461E6007F097FD2368B3F57A6FAE
:102B3000DED300238AF89F3FDDE7234807F08CFDB2
:102B4000012013B0BDE8F08F9142A9D8124A2E445B
:102B5000146031220AF8012040F69F7294422B44FF
:102B6000A4D1C3E70C4A2E44146030220AF8012095
:102B700040F69F7294422B4498D1B7E7084B5662B7
:102B80001B88064A34461588DFF820A005932CE7F9
:102B90000400032000480140342803200A000320D9
:102BA000080003200004024200000320382803200C
:102BB000302803203128032074610108D637032010
:102BC0000062010844650108306501080D4B0E499B
:102BD0001D8805EB850464000B69DF05FCD5506A90
:102BE00080B20B69DE05F7D5536A1B1AA342F8D3EE
:102BF0000024064B54621B88DFF814A00593F4E60A
:102C0000059BF2E60A0003200004024208000320AC
:102C1000382803209B4B2DE9F04F1B6893B00333FA
:102C2000012B40F224818146FEF7B0F972B60023F1
:102C3000DFF87CB2944ACBF82430DBF824301688D5
:102C4000B34280F0DA80914C09F1060900274FF079
:102C500080428C4B57621D688D4BA91C1F6000F091
:102C6000D680EB1C00F0E480691C00F0CD8030239E
:102C70000093884B28461A78874B197806ABFEF7E5
:102C8000CFF98246002800F0CB8038464FF08047CD
:102C9000824BB3F800E0824B0EEB8E0C1B884FEAA0
:102CA0004C0C04932369DA05FCD57A6A92B2236945
:102CB000DB05F7D57B6A9B1A6345F8D3236913F4C8
:102CC000807308D0DBF82430B34200F2CA80236955
:102CD00013F48073F6D17B62BAF1000F00F0C48068
:102CE0004FF0804118466F4B049A03930DF118087A
:102CF00005954B6A9342FCD32369724413F4807F99
:102D000018F8013B1FD0312B1FD1039D013005F86E
:102D1000013B82450395ECD1DDE9043500FB0E3221
:102D200000274FF0804101304B6A9342FCD3236966
:102D3000013713F4807300F1010C08D0B9457244D7
:102D400009D96046F0E7302BDFD0059DAAE71F4682
:102D500072440130E8E74FF080414D4B1860049B0E
:102D6000D21A4B6A9342FCD34FF000734FF080416C
:102D70007244A3614B6A9342FCD34FF4007CC4F8C5
:102D800018C0DBF82430B34237D202357FF45EAF8F
:102D90004FF080414FF0000E4FF0007B3F4B3B4D1A
:102DA0001F883F4BDFF808A1B3F80080002442469B
:102DB0002046C1F824E0C1F824E04B6A9A42FCD8CE
:102DC0002B69013013F4807358D0814504F101045C
:102DD0003A44F2D8A2EB08024B6A9A42FCD8C5F8F2
:102DE00018B03A444B6A9A42FCD8C5F818C0DAF8D1
:102DF00024309E42DAD8264B1C6062B600F016FDE5
:102E0000002013B0BDE8F08F3846BA463EE7244BA9
:102E100057621A88214B3846B3F800E004927FE7E6
:102E2000214807F019FC184B1E88194B18682DE72C
:102E30001A4B1649B3F800E00EEB8E077F000B69C2
:102E4000D805FCD5506A80B20B69DB05F7D5536A0B
:102E50001B1ABB42F8D30020114B50621A8804920F
:102E60005EE70B4B1860C8E75046049A58E70F48D6
:102E700007F0F2FB012013B0BDE8F08F18460134D3
:102E80003A449AE7040003200000032000040242B1
:102E90003428032030280320312803200A0003208F
:102EA00008000320382803207461010830650108F8
:102EB000004801400870704700787047030A0870A6
:102EC0004B707047012994BF00780088704700BF9D
:102ED000012908D94FF6FE2302889A4203D8981A8E
:102EE000C0F34F0070470020704700BF012911D97F
:102EF0004378FA2B07D8084AC3EB0330A2FB002023
:102F0000C0F30F10704740F6FF72FF2B0CBF00207C
:102F10001046704700207047D34D6210022907D930
:102F20004FF6FF73B0F80100984208BF00207047C9
:102F300000207047042907D94FF6FF73B0F803004B
:102F4000984208BF0020704700207047012907D928
:102F50004FF6FF730088984208BF4FF40060704737
:102F60000020704701290ED94FF6FF730088984260
:102F700009D047F27F53984238BF1846A0F5EA407F
:102F80007F3880B270474FF400607047032986BFD6
:102F9000C078C0F381000020704700BF09B10078FD
:102FA00070470846704700BF012906D9437803F0EF
:102FB0000F03013BDBB2022B01D900207047024A0C
:102FC00032F81300704700BF2094010819B101784E
:102FD000C1F3810070470846704700BF032986BFD0
:102FE000C07800F003000020704700BF034600B522
:102FF00083B008465BBA02220DF10601ADF8063037
:1030000007F096FC03B000BD8446002310B50C46C3
:1030100082B00DF1060002226146ADF8063007F0DD
:1030200087FCBDF80600012C98BFC0B240BA80B240
:1030300002B010BD002300B5012983B0ADF8063001
:1030400002D8184603B000BD014602220DF1060069
:1030500007F06EFC9DF8060003B000BD38B50D46C4
:1030600004460822FF21284607F05EFCB4F5FB4F1A
:103070000ADAC4F5FA447F34640004F0FE03C4F3B2
:1030800007242B706C7038BD002423466C702B70A5
:1030900038BD00BF38B50D460822FF21044628463A
:1030A00007F042FCFA2204FB02F2044BA3FB0213DA
:1030B000D21A03EB5203DB0A6B7038BD010110001A
:1030C00038B50C4605460822FF21204607F02CFCA7
:1030D0002B0A6570A37038BD38B50C46054608222A
:1030E000FF21204607F020FC2B0AE570237138BD34
:1030F00038B50C4605460822FF21204607F014FC8F
:103100002B0A2570637038BD38B50C460822054679
:10311000FF21204607F008FC48F6802247F27F5343
:10312000954294BF5B199B189BB21A0A2370627078
:1031300038BD00BF38B50D4604460822FF21284699
:103140007D3407F0F1FBAC7038BD00BF38B50D46DB
:1031500004460822FF21284607F0E6FBEB78A4008E
:1031600023F00C0304F00C042343EB7038BD00BFC4
:1031700038B50C4605460822FF21204607F0D4FB4F
:10318000257038BDFF2838B50D460FD9C3B2002BC6
:103190000CBF012403240822FF21284607F0C4FBAA
:1031A0006B7823F00F031C436C7038BD031E18BFEF
:1031B00001235C00EFE700BF38B50D460446082246
:1031C000FF21284607F0B0FB2B78A40023F00C0366
:1031D00004F00C0423432B7038BD00BF38B50C46F7
:1031E00005460822FF21204607F09EFBE37805F004
:1031F000030523F003032B43E37038BD38B50D46B8
:1032000004460822FF21284607F08EFB012C0AD035
:10321000022C05D0032C0CBFD723FF23AB7038BD85
:10322000C723AB7038BDC323AB7038BD38B50C466F
:1032300005460822FF21204607F076FBEBB2022B61
:1032400012D0032B09D0042B0CBF51230023FF2DD8
:1032500088BF43F00403237038BD1123FF2D88BFBE
:1032600043F00403237038BD0123FF2D88BF43F0D2
:103270000403237038BD00BF38B50C46054608224C
:10328000FF21204607F050FB15F0080F0CBF00216E
:10329000FA2115F0100F0CBF0022FA2215F0200FB2
:1032A0000CBF0023FA2315F0400F0CBF0020FA20BA
:1032B00015F0800FE0700CBF0020FA2015F0010F10
:1032C00021700CBF0021FA2115F0020F62700CBFB3
:1032D0000022FA2215F0040FA3700CBF0023FA237A
:1032E00020716171A271E37138BD00BF022906D956
:1032F00080787D38C0B2812888BF002070470020C8
:10330000704700BF032906D9C0787D38C0B2812834
:1033100088BF002070470020704700BF02290FD9E6
:10332000837803F00C02042A01D001207047C3F314
:103330000113012B06D0002B0CBF02200120704787
:10334000002070470320704707292DD90378427861
:10335000A3F1FA03B3FA83F3FA2A4FEA53138278FC
:103360004FEAC30308BF43F01003FA2AC27808BF2C
:1033700043F02003FA2A027908BF43F04003FA2AF7
:10338000427908BF43F08003FA2A827908BF43F0EC
:103390000103FA2AC27908BF43F00203FA2A08BFE0
:1033A00043F00403184670470020704700787047C8
:1033B000D9B103789A09012A0ED003F03002102AFD
:1033C00015D003F00302012A14BF0120022003F0EC
:1033D0000C03042B06D0704703F00C03042B4FF0B2
:1033E0000400F8D140F47F4070470846704703203E
:1033F000EDE700BF007870470078704700787047AD
:103400000078704708707047087070470870704700
:103410000870704708707047030A08704B70704757
:10342000012994BF00780088704700BF38B50D4669
:103430000822FF210446284607F076FAFA2204FB08
:1034400002F2044BA3FB0213D21A03EB5203DB0A72
:103450006B7038BD01011000012911D94378FA2B96
:1034600007D8084AC3EB0330A2FB0020C0F30F10BB
:10347000704740F6FF72FF2B0CBF002010467047CC
:1034800000207047D34D6210034600B583B0084654
:103490005BBA02220DF10601ADF8063007F048FADA
:1034A00003B000BD034600B583B008465BBA0222F4
:1034B0000DF10601ADF8063007F03AFA03B000BD91
:1034C000034600B583B008465BBA02220DF106013F
:1034D000ADF8063007F02CFA03B000BD034600B586
:1034E00083B008465BBA02220DF10601ADF8063042
:1034F00007F01EFA03B000BD034600B583B00846CE
:103500005BBA02220DF10601ADF8063007F010FAA1
:1035100003B000BD034600B583B008465BBA022283
:103520000DF10601ADF8063007F002FA03B000BD58
:10353000034600B583B008465BBA02220DF10601CE
:10354000ADF8063007F0F4F903B000BD844600235F
:1035500010B50C4682B00DF1060002226146ADF8AE
:10356000063007F0E5F9BDF80600012C98BFC0B29F
:1035700040BA80B202B010BD8446002310B50C469C
:1035800082B00DF1060002226146ADF8063007F068
:10359000CFF9BDF80600012C98BFC0B240BA80B286
:1035A00002B010BD8446002310B50C4682B00DF168
:1035B000060002226146ADF8063007F0B9F9BDF801
:1035C0000600012C98BFC0B240BA80B202B010BD54
:1035D0008446002310B50C4682B00DF1060002228D
:1035E0006146ADF8063007F0A3F9BDF80600012CDE
:1035F00098BFC0B240BA80B202B010BD844600236A
:1036000010B50C4682B00DF1060002226146ADF8FD
:10361000063007F08DF9BDF80600012C98BFC0B246
:1036200040BA80B202B010BD8446002310B50C46EB
:1036300082B00DF1060002226146ADF8063007F0B7
:1036400077F9BDF80600012C98BFC0B240BA80B22D
:1036500002B010BD8446002310B50C4682B00DF1B7
:10366000060002226146ADF8063007F061F9BDF8A8
:103670000600012C98BFC0B240BA80B202B010BDA3
:10368000002300B5012983B0ADF8063002D81846F2
:1036900003B000BD014602220DF1060007F048F913
:1036A000BDF80600000A03B000BD00BF012918D90B
:1036B000037803F00302012A17D003F00C02042A56
:1036C00015D003F03002102A0DD003F0C003402BB8
:1036D0000FD0437803F00303012B0CBF0620012019
:1036E0007047002070470520704702207047032074
:1036F00070470420704700BF2DE9F04F3A4B8346D6
:10370000984283B007D8394B984260D94FF02809C6
:103710004FF4487609E036494FF02509B1FBFBF13B
:10372000C9B2192940F2EE265BD90124304B01348D
:10373000A4B2B3FBF4F1B1FBFBF1C9B21929F6D87D
:10374000B4F5806F3FD201202A4BCDF804B01F683A
:1037500023186FF0004C4FF47A759B461FFA83FADA
:10376000A1F1020EBEEB510F4FEA51031ADD01F138
:10377000FF385FFA88F805FB03F2B2FBF1F2B21AE8
:10378000002AB8BF5242624509DA914507DB0020A2
:103790009446A8EB0302D2B2FB617C613A6201332A
:1037A0007345E8DB124B1FFA8BF4B3FBFAF1019B74
:1037B000B4F5806FB1FBF3F10AF1010AC9B203D08D
:1037C00004F1010BCCE7012003B0BDE8F08F0849FC
:1037D0004FF02B09B1FBFBF1C9B2192940F26B364E
:1037E000A3D80124AFE700BF00350C0020A10700DB
:1037F000005A6202D038032038B50C46064D0749FE
:10380000074B0A602860074901201C600EF0A8FDE4
:10381000054B186038BD00BFD0380320C8380320DE
:10382000CC380320E03703203038032030B53F4C3C
:1038300083B0206808F0DCF9206808F021F800283F
:1038400051D100223A4D40213A482A71EA602A615A
:103850006A61AA61AA60EA6185F8202009F03EF851
:10386000206805F1240108F0F5F800285BD1324901
:10387000206808F0EFF8002852D1002302222068C7
:103880001146009308F012F9002846D1206808F08C
:1038900053F900283ED100220121206808F004FBE2
:1038A000A8BB00220621206808F0FEFA60BB0722B0
:1038B0004FF4F051206808F0F7FA10BB072280217E
:1038C000206808F0F1FAC8B900221C49206808F005
:1038D000EBFA80B900224FF46021206808F0E4FA86
:1038E00020B903B030BDFDF7E7FAAAE703B0BDE8A1
:1038F0003040FDF7E1BAFDF7DFFAEBE7FDF7DCFA60
:10390000E2E7FDF7D9FAD9E7FDF7D6FACFE7FDF7F9
:10391000D3FAC6E7FDF7D0FABDE7FDF7CDFAB5E774
:10392000FDF7CAFAA9E7FDF7C7FAA0E7D0380320E8
:1039300010000320000402424C00032000407100EC
:10394000014B186808F054B9D0380320704700BF05
:10395000082824D8DFE800F0080C1014171A1D20DE
:1039600005001448FFF7C8BE42F21070FFF7C4BE4E
:1039700044F62060FFF7C0BE4CF25030FFF7BCBEEB
:103980000D48FFF7B9BE0D48FFF7B6BE0C48FFF76C
:10399000B3BE0C48FFF7B0BE0B48FFF7ADBE0B4AF5
:1039A000A0F51C53103B934201D901207047FFF74B
:1039B000A3BE00BF40420F00A086010048E80100FE
:1039C00090D0030020A1070000350C00301B0F0031
:1039D0002DE9F047054682B0C0680F4606F09CFF0F
:1039E000AB68B3F1005F3ED00646824600F1240981
:1039F000264C4FF0FF3120680EF070FD0128F8D101
:103A0000DFF89480D8F800000EF04EFF484517D23A
:103A100002251F4A13792B431371002320681A468D
:103A200019460EF001FC1B4A02231268106800229E
:103A30001146009210F00EFA284602B0BDE8F08759
:103A400029464FF0FF332422D8F800000EF04EFF35
:103A5000054686B94D450CD00D4A0125137943F032
:103A600008031371D9E74FF0000A4FF024095646B6
:103A7000BEE70025D1E7524639464FF0FF33D8F86C
:103A800000000EF033FF0544E4E700BF30380320A8
:103A900010000320CC380320D837032030B4012293
:103AA000002410200A4B04211B684FF440751C822F
:103AB000C3E90520DC6018623F240F209A74C3E933
:103AC0000125DC61C3E9092130BC1963D862704764
:103AD000D03803202DE9F04700250C4682B0C907F5
:103AE0000646019516D4A20707D50221314A13795B
:103AF00043F00103137133681965630738D4019BE0
:103B00002BB14FF0E0234FF08052C3F8042D02B0E8
:103B1000BDE8F087DFF8A890DFF8988040214A469A
:103B2000254B08F0DDF8D8F81430D9F80C00013333
:103B3000C8F8143006F0F0FEDFF888A00746DAF87F
:103B400000000EF0B1FE07F12803984224D3494645
:103B50002822DAF8000001AB0EF062FF002FC2D07D
:103B60003A46DAF80000144901AB0EF059FFBAE703
:103B70000424104B11499A69086801329A611A7934
:103B8000002142F008021A71336800680DEB04024C
:103B90001C6510F07FFAB2E7D8F8183029460133D7
:103BA000C8F81830054B01AA1B68186810F072FAA3
:103BB00099E700BF1000032088380320C83803208D
:103BC00060380320DC370320002110B50A4A0B4C73
:103BD0001268236982B01068013301AA2361019140
:103BE00010F058FA019B2BB14FF0E0234FF08052B8
:103BF000C3F8042D02B010BDCC3803201000032000
:103C0000002110B50A4A0B4C1268E36982B01068B3
:103C1000013301AAE361019110F03CFA019B2BB141
:103C20004FF0E0234FF08052C3F8042D02B010BDD6
:103C3000C83803201000032038B50C46104D294623
:103C400008F0E8F8A10303D5EB68A3B90D4A1360A7
:103C5000620309D52B690B4A012B13790CBF43F082
:103C6000040303F0FB031371230303D50122054B67
:103C700083F8202038BD4FF00042024B1A60E7E77E
:103C80003438032010000320F0B500250B7885B0F0
:103C9000074602950395CBB10C460DF1FF3608E0BF
:103CA0002046D5B206F0DCFD14F8023F06F8010FFD
:103CB00023B163786A1C0BB3072DF1D18DF808503E
:103CC0002A4669460DF1090011F098FB00230E4CBD
:103CD0000820C4E90533C4E90133276006F022FE59
:103CE000082203460DEB02010848E36006F020FEBF
:103CF00020460649FFF76CFE05B0F0BD8DF8085070
:103D0000002DDDD1E2E700BFE0380320D4380320E6
:103D100042F202032DE9F043002499428BB044544F
:103D200000F2BA80002900F0808100F1FF3E0139E5
:103D3000F4467346014405E00A2A1CBF02550134CB
:103D40008B4209D013F8012F082AF5D1002CF7D0A7
:103D50008B4204F1FF34F5D10025AC42055540F308
:103D60005E812A460EEB04031CF8011F202900F097
:103D7000898082B99C4505F101050CF101010CD047
:103D80009CF80140202C7FD0994206D01CF8022FCD
:103D9000203A18BF01229C45E6D1A54901AA06F0A8
:103DA00033FE0446002800F08180A24906F0F6FDAB
:103DB000002800F00F81012D40F3B1809C490020C4
:103DC00001AA06F021FE9C49044606F0E7FD002802
:103DD00070D12046994906F0E1FD002800F0A48149
:103DE000974806F039FC974806F036FC944806F0F0
:103DF00033FC954806F030FC944806F02DFC9248C0
:103E000006F02AFC924806F027FC924806F024FCB3
:103E10008D4806F021FC904806F01EFC8F4806F005
:103E20001BFC894806F018FC8D4806F015FC8D48EF
:103E300006F012FC844806F00FFC8B4806F00CFCE0
:103E40008A4806F009FC8A4806F006FC894806F014
:103E500003FC894806F000FC884806F0FDFB884812
:103E600006F0FAFB874806F0F7FB874806F0F4FBFC
:103E7000754806F0F1FB724806F0EEFB834806F049
:103E8000EBFB0CE0002286E7994286D01CF8021F6B
:103E900020297FF46FAF7EE77D4806F0DDFB7D488B
:103EA00006F0DAFB00200BB0BDE8F0837A4806F09C
:103EB000D3FBF4E7624806F0CFFB624806F0CCFB88
:103EC0005F4806F0C9FB604806F0C6FB734806F081
:103ED000C3FB5D4806F0C0FB5D4806F0BDFB7048C3
:103EE00006F0BAFB584806F0B7FB5B4806F0B4FB97
:103EF0006C4806F0B1FB544806F0AEFB584806F09B
:103F0000ABFB694806F0A8FB4F4806F0A5FB5648F6
:103F100006F0A2FB654806F09FFB6548A6E7484807
:103F200006F09AFB474806F097FB454806F094FBDD
:103F3000454806F091FB5F4806F08EFB424806F0CC
:103F40008BFB5D4806F088FB5C4806F085FB5C480F
:103F500006F082FB5B4806F07FFB5B4806F07CFBCB
:103F60005A4806F079FB5A4806F076FB594806F0A5
:103F700073FB594806F070FB584806F06DFB584833
:103F800006F06AFB574806F067FB574806F064FBEB
:103F9000564806F061FB564806F05EFB554806F0B1
:103FA0005BFB554806F058FB544806F055FB544857
:103FB00006F052FB534806F04FFB534806F04CFB0B
:103FC000214806F049FB514806F046FB1C4806F024
:103FD00043FB64E720464E4906F0E0FC00287FF4EE
:103FE000EAAE20464B4906F0D9FC00287FF4E3AE48
:103FF0002046494906F0D2FC074600287FF4DBAE94
:104000002046464906F0CAFC8046002800F00A8196
:10401000022D00F0DA80424806F01EFB3FE77FF4F5
:10402000BCAE404806F018FB39E70170F9E700BF65
:1040300088650108B8650108D4650108746701083E
:10404000DC6501081C660108006201087C67010844
:1040500058660108906701089C660108CC67010852
:10406000C0660108E0670108146701082C680108B0
:104070004C6801085C6801087C6801088C680108CC
:10408000AC680108BC680108E8680108B86A010862
:1040900070650108008801088C6501084866010800
:1040A00068660108A4660108CC660108206701085B
:1040B000646701080C6B0108B06B0108BC6B010858
:1040C000306C0108B86C0108E46C0108346D01081B
:1040D000846D0108D46D01082C6E0108986E0108EA
:1040E000C06E0108EC6E01084C6F0108B46F010846
:1040F000007001084470010870700108C870010860
:10410000207101088C710108D87101080C72010836
:10411000C0650108C8650108D0650108FC68010890
:104120002C720108846501082046914906F036FC8E
:10413000002846D08F4806F08FFA8F4806F08CFA98
:104140008C4806F089FA8D4806F086FA8C4806F00D
:1041500083FA8A4806F080FA8A4806F07DFA8A488F
:1041600006F07AFA854806F077FA884806F074FA7D
:10417000874806F071FA814806F06EFA854806F025
:104180006BFA854806F068FA7C4806F065FA8348C1
:1041900006F062FA824806F05FFA824806F05CFA9E
:1041A000814806F059FA814806F056FA804806F030
:1041B00053FA804806F050FA7F4806F04DFA7F48DF
:1041C00054E67F4806F048FA58E638467D4901AA89
:1041D00006F01AFC03780446002B3FF460AE051D80
:1041E000413B232B13D8DFE803F041393129121268
:1041F000121212121212121212121212121212129F
:1042000012121212121212121212413931296E4870
:1042100006F022FA14F8013F002B3FF440AEA5420D
:10422000DED13CE62046694906F0B8FB00284ED0B6
:10423000022D1FD0664806F00FFA30E6654806F0FA
:104240000BFA0021442003F0CBFDE3E7624806F0BF
:1042500003FA0021432003F0C3FDDBE75F4806F0CB
:10426000FBF90021422003F0BBFDD3E75C4806F0D8
:10427000F3F9CFE74046534901AA06F0C5FB03789E
:104280000446002B3FF40BAE051D413B232B13D8F6
:10429000DFE803F03E36422E1212121212121212F0
:1042A00012121212121212121212121212121212EE
:1042B000121212123E36422E434806F0CDF914F87F
:1042C000013F002B3FF4EBADA542DED1E7E52046F0
:1042D000444906F063FB002800F0B180012D00F096
:1042E000A680AE1E012E1FD93F4806F0B5F9D6E5CF
:1042F0003E4806F0B1F90121442003F071FDDEE7EC
:104300003B4806F0A9F90121422003F069FDD6E7F8
:10431000384806F0A1F9D2E7374806F09DF90121A7
:10432000432003F05DFDCAE7264901AA002006F0FC
:104330006BFB06F0B9FAB0F5006F80F098802F4F54
:10434000022D386000F08A801E4901AA002006F084
:104350005BFB064606F016FBC107044600F18B80A6
:10436000102800F288803546DFF8948050E000BFC6
:10437000FC680108DC6501081C6601080062010890
:104380000469010858660108186901089C6601085B
:1043900054690108C06601086869010814670108CA
:1043A000B4690108D4690108E8690108086A0108CC
:1043B0001C6A01083C6A0108506A01087C6A01080D
:1043C000906A010888650108347301087467010860
:1043D0005C73010810730108EC720108C8720108CF
:1043E0007C720108347401085474010810740108C7
:1043F000C8730108AC730108EC7301083839032055
:1044000030390320284606F02BFA023508F8010B54
:10441000AB1B9BB29C42F5D8601CC0F3470006F072
:1044200081FA0346AC48FB6006F016F937E54FF019
:10443000FF32AA4BAA481A6006F00EF92FE5204673
:10444000A84906F0ABFA002861D0012D52D0AE1E6B
:10445000012E14D9A44806F0FFF820E5002006F04C
:1044600061FA0346A148FB6006F0F6F817E5A0489C
:1044700006F0F2F813E59F4806F0EEF80FE59E49C6
:1044800001AA002006F0C0FA06F00EFAB0F5006F9F
:1044900080F0AB80994F022D386000F09D800DF0C8
:1044A0002DFD28210DF02CFD01AA9349002006F0D6
:1044B000ABFA064606F066FAC2070446DBD41028BB
:1044C000D9D83546DFF89C8205E0284606F0C8F9C1
:1044D000023508F8010BAB1B9BB2A342F5D3601C5D
:1044E000C0F3470006F01EFA03468548FB6006F05D
:1044F000B3F8D4E44FF0FF32804B82481A6006F0E4
:10450000ABF80DF0FBFC18210DF0FAFCC7E42046D7
:104510007D4906F043FA10B3032D03D07B4806F023
:104520009BF8BCE4744901AA002006F06DFA7249B8
:10453000054601AA002006F067FA0A21002206F0CB
:1045400097FA73490446284606F028FAA0B1714B41
:1045500071485C6106F080F8FFF768F99FE4204637
:104560006E4906F01BFA0746002842D0032D0FD0F3
:104570006B4806F071F892E428466A4906F00EFA94
:10458000002843D0634B6848DC6106F065F8E3E738
:104590005949002001AA06F037FA6449044606F09A
:1045A000FDF9002874D040F2DF7401AA52490020BE
:1045B00006F02AFA054606F0E5F9421E92B20D2AE7
:1045C000034661D8DB075FD420462946FFF75CFB32
:1045D000574806F041F862E4002006F0A3F90346CC
:1045E0005448FB6006F038F859E4534806F034F8B4
:1045F00055E42046514906F0D1F90646002851D02D
:10460000022D10D04E4806F027F848E428464D49C0
:1046100006F0C4F9002800F0BD803E4B4A481C62F9
:1046200006F01AF898E73846334901AA06F0ECF983
:10463000451E041D15F8012FA2F12A03002A3FF49C
:104640002EACA5423FF42BAC1A2B00F20E81DFE812
:1046500013F003010C010C010C010C010C010C0105
:104660000C010C010C010C010C010C010C010C01E2
:104670000C010C010C010C010C010C010C010C01D2
:104680008B00390098008F00304805F0E5FF06E404
:1046900020462F4906F082F9002800F0868040F27B
:1046A000E17482E720462B4906F078F90746002896
:1046B00000F00281022D00F0DC80274805F0CCFFDD
:1046C000FFF7EDBB254805F0C7FF40F2E170244934
:1046D000FFF7DAFAAEE700BFD874010838390320D3
:1046E0003C7401080475010828750108A0740108CC
:1046F0007C740108C0740108886501080C39032026
:104700009C7501080C750108C4750108C87501087D
:104710002863010840270320E47501082877010871
:104720002C770108FC7501080476010868770108F8
:10473000007801087C75010850750108147801089B
:104740001C7801081876010820760108D477010842
:104750006C770108CC780108D478010890780108BA
:104760005C78010804390320964805F075FF61E77D
:10477000954805F071FF40F2E3709449FFF784FA21
:1047800058E7934805F068FF40F2E2708F49FFF761
:104790007BFA4FE728468F4906F000F968B18E4B47
:1047A0008E489C6105F058FFD6E620468C4906F0FD
:1047B000F5F880B140F2E274F7E62846894906F040
:1047C000EDF880B1003C18BF0124834B86481C746F
:1047D00005F042FFC0E62046844906F0DFF880B1CC
:1047E00040F2E374E1E62846814906F0D7F890B13B
:1047F000003C18BF0124784B7E485C7405F02CFF08
:10480000AAE620467C4906F0C9F890B17B4805F03D
:1048100023FF0024C9E62846794906F0BFF860B1B5
:10482000003C18BF0124774B77481C7005F014FF3B
:1048300092E6764805F010FFEBE72846744906F04B
:10484000ADF8002872D0002C69D1724805F004FF41
:104850000222614BDA607FE66F4805F0FDFE40F210
:10486000DF705A49FFF710FAE4E6684805F0F4FEF5
:10487000E0E63046694901AA06F0C6F8451E041D67
:1048800015F8012FA2F12A03002A3FF408ABA54234
:104890003FF405AB1A2B3ED8DFE803F0343D3D3D35
:1048A0003D3D3D3D3D3D3D3D3D3D3D3D3D3D3D3D38
:1048B0003D3D3D30274C1E002046594906F06EF81C
:1048C0000646002867D0012D5AD0022D3BD055480E
:1048D00005F0C2FEFFF7E3BA534805F0BDFE40F213
:1048E000E3705249FFF7D0F9CAE7514805F0B4FE2A
:1048F00040F2E1704D49FFF7C7F9C1E7314805F0D3
:10490000ABFEBDE74B4805F0A7FE40F2DF7047491C
:10491000FFF7BAF9B4E73D4805F09EFEB0E7464818
:1049200005F09AFE00222C4BDA6015E6434805F0AC
:1049300093FE11E6424805F08FFE40F2E2703B49DB
:10494000FFF7A2F99CE73549384601AA06F05CF862
:104950003C49044606F022F888BB20463A4906F056
:104960001DF838B3394C3A4802F0F4FA214640F2C7
:10497000DF70FFF789F9374805F06EFEFFF78FBA51
:10498000354A334B12689A420CBF3448344805F01C
:1049900063FEFFF784BA2046324905F0FFFF074661
:1049A000002800F08D80012D66D02F4805F054FEC0
:1049B000FFF775BA2D4805F04FFEFFF770BA2C4C83
:1049C0002C48D1E768780108B87801085C780108BC
:1049D000A4780108347601084027032038760108BE
:1049E000707701084C760108587601087477010841
:1049F0008076010890760108787701087C770108B5
:104A0000AC760108B8030320B8760108B077010836
:104A1000D8760108DC760108387801088865010835
:104A2000807901086471010860790108147901082E
:104A300020790108EC780108F87601081077010860
:104A400040790108DC790108E4790108586501081A
:104A500024BA0108207A01080C0103208C7901088E
:104A6000B4790108447A0108507A0108EC79010808
:104A70006465010838BA010801AABB49304605F04F
:104A8000C3FFBA4805F0E8FD304603F0E3F93220F1
:104A90000DF058FA2946422003F0A2F905F008FD6E
:104AA0000DF050FA2946432003F09AF905F000FD75
:104AB0000DF048FA2946442003F092F9FFF7EFB9C8
:104AC0002046AB4905F06AFF30B1022D20D0A9483D
:104AD00005F0C2FDFFF7E3B92046A74905F05EFFE8
:104AE000002800F0C580012D40F3BD8000209E49C4
:104AF00001AA05F089FF044600283FF4D0A99F4988
:104B000005F04CFFE0B19E4805F0A6FDFFF7C7B9E0
:104B10003846954901AA05F077FF451E041D15F892
:104B2000012FA2F14103002A3FF4B9A9A5423FF4A5
:104B3000B6A9032B00F24683DFE803F0912D240B86
:104B40002046904905F02AFF60B1FDF79FFAFFF774
:104B5000A6B98D4805F080FD40F2E3708B49FFF760
:104B600093F8DCE720468A4905F018FF0646D8B1DD
:104B7000884805F071FDFDF749F9874805F06CFD9F
:104B8000FFF78DB9854805F067FD40F2E2707F4977
:104B9000FFF77AF8C3E7824805F05EFD40F2E17066
:104BA0007A49FFF771F8BAE720467E4905F0F6FE2C
:104BB000002870D07C4805F04FFDFDF753F94FF405
:104BC0007A730446B0FBF3F002A903FB104405F02E
:104BD0007DFF0A210346B4FBF1F24FF02E09642554
:104BE00003F12808E84408F8209CB2FBF1F8B4FB74
:104BF000F5F54FF0200E4FF0250C0D2701FB124468
:104C000001FB18220DF12808591C58FA81F13035A2
:104C100001F8205C991C303258FA81F101F8202CFF
:104C2000DA1C58FA82F2303402F8204C1A1D58FA75
:104C300082F202F820EC5A1D58FA82F202F820CCD7
:104C40009A1D073358FA82F258FA83F302F8207C4F
:104C500002A803F8206C05F0FFFCFFF720B95348C9
:104C600005F0FAFC5BE7524805F0F6FCFFF717B9D0
:104C70002046504905F092FE00287FF434AF2046CC
:104C80004D4905F08BFE28B3022D11D04B4805F09D
:104C9000E3FCFFF704B92046494905F07FFE0646CC
:104CA00000B3484805F0D8FCFDF75CFAFFF7F7B809
:104CB0002D49002001AA05F0A7FE4349044605F04E
:104CC0006DFEE8B1012004F091FD404805F0C4FC00
:104CD000FFF7E5B820463E4905F060FEF8B1012037
:104CE000FFF7E1B820463B4905F058FE002800F0E8
:104CF000BC80032D7ED0384805F0AEFCFFF7CFB85E
:104D00002046364905F04AFE002800F0888002203F
:104D100004F06CFD2D4805F09FFCFFF7C0B820465D
:104D20002F4905F03BFE0028D9D120462D4905F03A
:104D300035FE0028D3D120462B4905F02FFE06462C
:104D40000028CCD12046294905F028FE002800F093
:104D5000A480012D00F09780022D40F3AA80244802
:104D600005F07AFCFFF79BB888650108787A01089E
:104D7000D47A0108E07A0108947B0108B86501083B
:104D8000DC7B0108A4820108507B0108207B01081C
:104D9000AC820108B0820108BC8201082C7B0108AA
:104DA000FC7A0108C4820108CC82010868780108F5
:104DB000A07B0108987B0108D465010844840108A0
:104DC000E4820108EC8201088863010894840108E8
:104DD000E4840108048301080C8301085C8901084C
:104DE000E8840108F0840108F884010800850108BE
:104DF00058850108BD4901AA304605F005FE0A2183
:104E000002AA8DF8086005F033FE9DF80830C4B2A0
:104E1000012B11D0B64805F01FFCFFF740B8204623
:104E2000B44905F0BBFD90B1032004F0DFFCB248AB
:104E300005F012FCFFF733B8B04805F00DFC204632
:104E4000FDF7E8FEAE4805F007FCFFF728B820465E
:104E5000AC4905F0A3FD00285CD0042004F0C6FC9A
:104E6000A54805F0F9FBFFF71AB82046A64905F05A
:104E700095FD002800F08980032D32D0A34805F06D
:104E8000EBFBFFF70CB8A24805F0E6FBC8200DF0DD
:104E900059F806F081FAFFF702B820469D4905F05F
:104EA0007DFD0646002843D09B4805F0D5FBFEF764
:104EB000F6BF30468D4901AA05F0A6FD451EC41C6B
:104EC00015F8012FA2F14103002A3EF4E8AFA542F4
:104ED0003EF4E5AF032B00F27981DFE803F0D04721
:104EE0003865824901AA002005F08EFD00230A21C1
:104EF00002AA8DF8083005F0BBFD9DF80830C4B259
:104F0000012B87D17D4805F0A7FB2046FDF7F8FC73
:104F1000FEF7C5BF2046814905F040FD002868D056
:104F2000052004F063FC744805F096FBFEF7B7BF5C
:104F300020467B4905F032FD002800F0B680022DA6
:104F400000F0A180774805F087FBFEF7A8BF764800
:104F500005F082FB0021432002F042FF32200CF0DA
:104F6000F1FF0121432002F03BFFA9E76F4805F064
:104F700073FB0021422002F033FF32200CF0E2FFED
:104F80000121422002F02CFF9AE72046684905F0F3
:104F900005FD08B3674805F05FFB032D13D0664895
:104FA00005F05AFBFEF77BBF644805F055FB002176
:104FB000442002F015FF32200CF0C4FF01214420F0
:104FC00002F00EFF7CE7494901AA002005F01CFD14
:104FD000FDF7CEF9FEF763BF2046594905F0DEFC28
:104FE000064698B1574805F037FBFDF701FBFEF781
:104FF00056BF2046544905F0D1FCD8B1062004F034
:10500000F5FB3D4805F028FBFEF749BF20464F4918
:1050100005F0C4FC00B3042DC1D1344901AA3046C7
:1050200005F0F2FCFCF732FD88B9354805F014FBB9
:10503000FEF735BF2046464905F0B0FCA8B1072071
:1050400004F0D4FB2C4805F007FBFEF728BF4148CD
:1050500005F002FBFEF723BF20463F4905F09EFC0A
:1050600040B1FCF73FFEFEF71ABF3C4805F0F4FAEA
:10507000FEF715BF3A4805F0EFFAFEF710BF3948C2
:1050800005F0EAFA1CE71949304601AA05F0BCFC14
:105090003549044605F082FCC8B1012004F088F9C6
:1050A000324805F0D9FAFEF7FABE2046304905F03D
:1050B00075FC002869D000F0F7FE002860D02D486C
:1050C00005F0CAFA012000F0FFFEFEF7E8BE204618
:1050D000294905F063FC002862D0284604F068F9ED
:1050E000264805F0B9FAFEF7DABE00BF8865010868
:1050F00044830108A08401089484010830830108D6
:105100003C830108A48401085883010864830108D2
:1051100008850108648601086C860108A8840108D6
:10512000E8860108F08601083C8601082886010807
:105130008C83010894830108A0830108508601082C
:10514000C0830108C8830108AC840108E483010816
:10515000B0840108E883010804840108B4840108CC
:105160000C840108DC8501088863010810870108A8
:105170007C870108848701085C890108248701086D
:10518000144805F069FAFEF78ABE134805F064FA80
:10519000204605F061FA114805F05EFAFEF77FBE81
:1051A00020460F4905F0FAFB38B1032004F000F95E
:1051B0000C4805F051FAFEF772BE0B4805F04CFAA8
:1051C000FEF76DBE094805F047FAA8E4074805F068
:1051D00043FA75E694870108A8870108BC8701088F
:1051E000A0840108388701084C870108747B0108F6
:1051F0002DE9F04703780546A3F13002012A0E4657
:105200009EB040F28F800022824FCDE90922797949
:10521000012910D00024DFF80082752BD8F8002077
:10522000CDE90B44089213D1132E00F06E810020BB
:105230001EB0BDE8F087701E295C0024692904BFF8
:105240004FF000420646752BCDE90B440892EBD097
:10525000295D2246722905EB040900F0E58000F281
:10526000458152297FD054297DD0233B562B00F213
:105270003881DFE813F0C00336013601AD03360193
:105280003601360136013601360136013601360166
:105290003601360136013601360136013601360156
:1052A00036013601360136013601360136015B0121
:1052B000420236013601A303820375036D03EE0338
:1052C0005B01E903E103C8032D04FF0313045F033B
:1052D000360136013601CF0236013601B502A7028A
:1052E000830278026E023601360136016001360112
:1052F0003601600263014403510336013403360171
:105300005B01290318030003F5022F02190236017D
:10531000C7019F0136018A013601360181017A01F8
:1053200068014F024FF4001142780A91302A00F0D0
:10533000CD804FF48010374F09907979012900F022
:10534000D98000233449722A0968CDE90B330891CA
:1053500005F1010966D063D8522A02D0542A40F0E0
:10536000C08001242246B71A092F40F2BA804FF0BC
:1053700080434FF0000A601C28440593CDF818A024
:1053800005F0A2FA049004F10900284405F062FA3D
:1053900099F800308046522B079003D14FF000530C
:1053A000D0460693404605F0B7FA053000B2B7EB99
:1053B000400F40F096800A34013EA64288BF002785
:1053C0000DD9281905F04CFA0234E4B21EAB53FA99
:1053D00087F3B44203F8400C07F10107F1D305F05D
:1053E00005F90EAC01210D4804AE05F015F9214672
:1053F0003046FEF7EDFA022800F08B8005F002F946
:105400004046049D05F088FA22460146284601F0F0
:10541000D5FD0CE7100103201000032000620108F5
:10542000742A5ED101242246B71A042F59D94FF0AD
:10543000000A601C2844CDE905AA05F035FA04905D
:10544000201D284405F006FA99F800308046722B9A
:10545000079003D14FF00053D0460693404605F025
:105460005BFA052300B203EB40039F4239D10534B8
:10547000013EA64288BF00270DD9281905F0F0F992
:105480000234E4B21EAB53FA87F3B44203F8400C83
:1054900007F10107F1D305F0A9F80EAC0121BC48D2
:1054A00004AE05F0B9F821463046FEF791FA02281D
:1054B000A4D105F0A7F802E00A200CF043FD214634
:1054C0003046FEF785FA0228F6D099E70022B14F60
:1054D0000992797901290DD0AF4B0B921B680C9280
:1054E00008930121AD4805F049F8A0E674297FF43E
:1054F000BCAE99E7721EA95C692900F030830022D6
:105500000124CDE90B220892A2E6284601F0BCFE58
:105510008DE605F077F802E00A200CF013FD214635
:105520003046FEF755FA0228F6D069E716219C4866
:1055300005F024F87BE69B4805F08EF8012194489D
:1055400005F01CF873E67822974B8DF83820D3F8D5
:1055500090050DF1390105F0A1F80D230A210EA8DF
:105560008DF8413005F00AF861E6FEF75FF9012198
:10557000874805F003F85AE6022EB2D16B78302B3B
:105580000CBF002301237B71D8E7052EA9D101268A
:10559000864CA819666105F063F90346E81CE361CF
:1055A00005F05EF92062FEF741F93146784804F0D3
:1055B000E5FF3CE67E4805F04FF840217B4806F0C9
:1055C00063FC05F05FF87B4C784806F067FC05F05B
:1055D00059F820680DF068F905F054F82068764C09
:1055E0000DF076F905F04EF820680DF05DF905F044
:1055F00049F820680DF06CF905F044F8644805F0AE
:105600002BF814E6022E7FF46CAF6B78423B022B32
:105610003FF667AF00234FF400124FF48011BB70C8
:10562000CDE90912079340F281123B7000234FF03D
:105630001409CDE90423DFF860810EAC04AE00202C
:1056400002F008FCFEF72AFAFEF7F0F864200CF0EE
:1056500079FC6878012102F0E1FB6878012102F011
:10566000BFFB48460CF06EFC02E00A200CF06AFC1E
:1056700021463046FEF7ACF90228F6D032200CF075
:1056800061FCD8F8143023B909F11409B9F5D27FB7
:10569000D5D1D8F81430002B3FF423AF01213C487A
:1056A000397004F06BFFC2E5012E7FF41AAF31466A
:1056B000374804F063FF414801F09CFE002002F0EF
:1056C000C9FB002002F0E0FB64200CF03BFC05F07D
:1056D00063FEACE5042E00F0F382092E7FF401AFE7
:1056E000681C05F0F1F803462B4A23F00043012122
:1056F0002748136504F042FF99E5022E7FF4F1AECE
:105700006B78302B00F0F782312B7FF417AF012339
:105710003B7113E7032E7FF4E4AE6878A0F14203F7
:10572000022B3FF6DEAEAB78302B0CBF00210121FF
:1057300002F056FB02E7022E7FF4D3AE6B781B4AD1
:10574000303B18BF012301211148137404F016FFE8
:105750006DE5022E7FF4C5AE6B78302B0CBF0023B5
:105760000123FB70EAE6022E7FF4BBAE6B78302B90
:105770000CBF0020012002F06DFBDFE60DF058FFAA
:10578000102840F2F6810E4804F066FF4FE500BF96
:10579000006201081001032010000320D8600108F6
:1057A00074880108448901080000FA0B402703208F
:1057B0008C880108DC370320D8370320948801083F
:1057C000A4880108022E7FF48CAE6B78303B032B4B
:1057D0003FF687AEDFE813F0C101B801B601AC01B6
:1057E00002F09AFB0F21002800F04D82C04804F01F
:1057F000C5FE0C21BF4804F0C1FE0121BE4804F0E3
:10580000BDFE0921BD4804F0B9FE0221BC4804F0E8
:10581000B5FE0CE5B31E062B3FF663AE0122002059
:10582000B84CA9182E4411F8013B00EB8000303B26
:1058300003EB4000DBB2092B8CBF002202F0010217
:10584000A0428CBF002202F001028E42EBD1002A5E
:105850003FF447AEFEF77CF800287FF442AE6DE6D9
:105860000121A94804F08AFE0123A84A3B70D360B5
:10587000FDF7DCFFDBE4092E7FF433AE681C04F097
:10588000FBFF0346A14C681D636104F0E9FF03467A
:10589000E81DE36104F0E4FF034601219A48236216
:1058A00004F06CFEC3E46A238DF8383004F000FE87
:1058B0000DF1390104F060FF0D2304210EA88DF8CD
:1058C0003B3004F05BFEB2E4022E7FF40AAE6B784C
:1058D0008E48302B00F0088206F00AF92EE6022EE0
:1058E0007FF4FFAD6B78302B00F00182312B0CBFC1
:1058F0004FF480724FF44072844B9A601EE6022E81
:105900007FF4EFAD6B78302B40F0C1810121002393
:105910007F4A1170BB7011E6022E7FF4E2AD6B7806
:10592000302B00F0F081312B7FF408AE012001F024
:105930005BFD03E6012E7FF4D4AD3146724804F0DE
:105940001DFE0022714B3E70DA60FDF76FFF6EE4C2
:105950004623704A0DF1390110798DF83830A9E7E6
:105960000EA96A4806F056FA6946684806F07AFABF
:1059700068460EA901F0F6FC59E4674805F002F804
:10598000431C9E427FF4ADAD634804F0FBFF6249C7
:105990000246681C05F020F800287FF4A2AD012122
:1059A000594804F0EBFDC8200CF0CCFA02F09AFC48
:1059B000002840F0AC8102F0E1FC92E5012E7FF47A
:1059C00090AD0023314650483B7004F0D7FD2EE4E3
:1059D000062E7FF486AD05225049681C04F0B4FF02
:1059E000002840F08B814E4804F036FE01214648E5
:1059F00004F0C4FD1BE4012E7FF473AD494804F0AC
:105A00002BFE304614E4072E7FF46BAD681C04F0C7
:105A100027FF03463D4CE81C636204F021FF034668
:105A2000681DE36204F01CFF03460121364823632E
:105A300004F0A4FDFFF7FBBB4A238DF8383004F0D7
:105A400045FD0DF1390186E5324801F06BFCFFF7A9
:105A5000EEBB032E00F04281052E7FF442AD681CA0
:105A600004F0FEFE0346294CE81CA36104F0F8FE96
:105A7000A06263E5042E00F01581092E7FF431AD9C
:105A8000681C04F021FF0346224A23F00043012151
:105A90001D48D36404F072FDFFF7C9BB4E23224DAD
:105AA000224E0DF139048DF8383015F8040B2146DB
:105AB00004F062FEB54204F10204F6D119210EA8E9
:105AC00004F05CFD0121104804F058FDFFF7AFBB66
:105AD000012E7FF406AD31460B4804F04FFD022243
:105AE0000A4B3E70DA60FDF7A1FEFFF7A0BB00BFD6
:105AF0000C8801082C88010888650108388801088D
:105B00003089010840420F0000620108402703204D
:105B10009200032010000320908801085889010892
:105B200060890108448801089005FA0BC005FA0B4A
:105B30000322794B01217948DA625A6404F01EFD90
:105B4000FFF775BB0222F4E70121734B7348D9625A
:105B5000596404F013FDFFF76ABB0022E9E74FF038
:105B60000041164600220124CDE90B220891FFF7DF
:105B70006FBB6B4804F070FD0DF05AFD6A4601469C
:105B800068480DF06DFF0EAC674804F065FD00211C
:105B90002246009804F00AFE204604F05DFD6348AA
:105BA00004F05AFD4FF00009DFF878815EE06421CF
:105BB00006EBC60208EB82029269F50001FB02F2D5
:105BC000B2FBF3F35FFA83FA22460021304604F079
:105BD000EDFDAF19204604F03FFD08EB8707544860
:105BE00004F03AFD786804F037FD786804F0CAFEE6
:105BF000072894BF4F48504804F02EFDAB1908EB1E
:105C000083031B7B3544052B96BF4C4A4C4852F806
:105C1000230004F021FD22460021504604F0C6FD79
:105C2000454804F019FD204604F016FD08EB8505F3
:105C3000444804F011FD22460021288C04F0B6FDF2
:105C40003D4804F009FD204604F006FD3A4804F002
:105C500003FD22460021A86904F0A8FD204604F0B7
:105C6000FBFC2E4804F0F8FC09F101090DF0E0FC02
:105C70005FFA89F6B0427FF6DAAA009B002B96D134
:105C80009A46F500A0E7304804F078FCB1E500241E
:105C90002E4B3C70DC60FDF7C9FD01222C4BBA7025
:105CA0001C704BE4681C04F0FFFD03461A4AC3F362
:105CB0000A0301211948536304F060FCFFF7B7BAE7
:105CC000681C04F0F1FD0346134AC3F30A030121E3
:105CD0001248936304F052FCFFF7A9BA681C04F061
:105CE000BFFD1A4B986129E405F014FF26E4002259
:105CF000164B9A6022E400233B711FE4154804F020
:105D0000ABFCFFF794BA002001F06EFB16E40FF035
:105D1000DBFBFFF7E6BB00BF1000032000620108B9
:105D2000B488010864140120008901082089010851
:105D300034890108388901083C890108389501082F
:105D400004880108408901081C88010840270320B5
:105D50009200032078890108024A034B10801980C1
:105D6000704700BF6400032062390320F8B50025A6
:105D70004FF400770E46384B384AC3E90055C3E963
:105D80000255374B37491D80374B17801D80374BE5
:105D9000B5221D80364B04461D70364B36481D70AB
:105DA0000FF02CFB2946344D3B2205F1B5000FF0D6
:105DB00083FA002E4AD0204605F2FF13344410F82F
:105DC000012BA04203F8012FF9D1002206F5007043
:105DD0002A4B80B2B0F5805FC3E9002207D0264B82
:105DE000C6F56062002192B218440FF065FA0024F3
:105DF000234B4FF48062214622481C700FF05CFA5E
:105E0000214A224B1588224665F30F0465F30F02E1
:105E100003F5905065F31F4465F31F42C3E9004248
:105E200008339842FAD1032500221821184B2E245A
:105E30001D70184B40201A702022174B1980174BE9
:105E400017491C80174B08701A70F8BD0B4B384669
:105E5000C3E90066C3E700BFBC390320B0390320A3
:105E6000CC390320B8890108B23903206C390320EA
:105E70006939032068390320A4AA0120B43903201A
:105E800061390320A4A6012062390320A416012051
:105E900068000320643903206C0003206A0003209B
:105EA0006700032066000320014B1878704700BF8D
:105EB0006039032001220249024B08601A707047C2
:105EC0005C390320603903200022014B1A707047AF
:105ED000603903202DE9F04F3D493E4B3E4A91F891
:105EE00000801B7892F8009089B0B8F1000F6CD058
:105EF00003FB08FE394A03FB0EF01288384903926F
:105F0000384AB1F800A01D4600214FEA4E0E4FEA74
:105F1000400BA2EB4304B9F1000F08D1013188B264
:105F2000804541D9013188B28045F7D83CE00592DF
:105F3000084622460146069000275046EC1A049473
:105F400002EB450C0792284CCA08A25C01F007043A
:105F5000E24012F0010F039A14BF04461446A3B1A5
:105F60006646DDF810A0CDF808C0B4460022013224
:105F70009342ACF80040F444F9D10AF1010AAA4571
:105F800006F10206F1D1DDF808C00137BAB2914539
:105F90004144DC44D7D88246DDE90602013081B2B3
:105FA00041451D44C6D3059A18FB03F81FFA88F82B
:105FB0000E490F48009203FB09F342460988008806
:105FC00004F002F909B0BDE8F08F064AF0E700BF1F
:105FD0006700032068000320660003206239032065
:105FE00064000320A4160120A4A601206A00032057
:105FF0006C00032000212DE9F04F744B744A93F894
:1060000020308BB0023B1180042B06D8DFE803F070
:106010004E5155034B00802313806E490B68C31A01
:10602000102B09D96C4C23780BB1013B23706B4CBE
:106030002378002B34D1086040F6FE73684C278823
:106040009F4227D8674B1D88B5F5805F22D26649ED
:10605000664ECB195B78C95D43EA0123194603F408
:106060007040B0F5004F1BB2318000F0DD8228D8BF
:10607000B0F5804F00F07E813FD8B0F5005F00F0B2
:10608000398300F22A83002800F07D81C3F30B03DB
:10609000238002E00022564B1A700BB0BDE8F08F4F
:1060A000013B2370C7E740231380B6E7202313800A
:1060B000B3E74FF480731380AFE74FF4007313809E
:1060C000ABE7B0F5404F00F024832FD8B0F5204F58
:1060D00000F0FC82B0F5304F00F03C81B0F5104F7D
:1060E000D8D1444BC1F30322C1F303119A5C5B5C2A
:1060F0009A4216D00237BFB213E0B0F5C04F00F09D
:10610000CC82B0F5E04F00F02C81B0F5A04FC1D1AA
:10611000384AC3F30321C3F30313515CD35C9942A0
:10612000E8D0023727800BB0BDE8F08FB0F5604FA4
:1061300000F0BA82B0F5704F00F07481B0F5504FA6
:10614000A8D12C4AC1F3032012F800A04FF0000C94
:106150001046294FC1F30311525C03F00F063B7840
:10616000069280F80FC0002B00F04382002E00F052
:10617000E082082300221FFA86F9039307931F4940
:10618000079B097853448B4200F3D0821C4B06993D
:106190001B7849449942D4BF00230123029300276E
:1061A000002A14BF4FF400438023BB460493CDF86C
:1061B00024A0B9F1100F00F02D820B4B1D4415F8EF
:1061C00007800025099ECDF820906FE07000032025
:1061D0006A3903205C3903206839032069390320B8
:1061E000B0390320B2390320A4AA0120CC390320FE
:1061F00060390320BC390320613903206700032084
:1062000066000320BB4B069A1978BB4B3A441B78B7
:10621000B2FBF1FCB6FBF3F04FF0010A01FB1C22CC
:1062200003FB106003FB0203DFF8E8924FEAD30E92
:1062300019F80E1003F0070321FA03FB1BF0010FFE
:10624000059218BFAD4A0AFA03FC5FFA8CFC18BF2E
:1062500082F80FA0029A0CBF41EA0C0121EA0C015E
:1062600009F80E10002A00F0D281D940CB0754BFA4
:10627000A34BA44B059A1B88A3490093A34B098801
:106280001B784FF0010B12FB03F210FB03F01144DB
:106290009F4A89B21288104480B21A4603F020FF48
:1062A000039B01359D4206F101064AD0049B2B4118
:1062B00013EA080FA6D1029B002BF1D18D4B197860
:1062C0008D4B1A78069B3B44B3FBF1F001FB103079
:1062D00096FBF2F302FB136302FB00338D49DA08ED
:1062E000895C03F00703D940C90754BF844B854B31
:1062F000B3F800C0854B19780029D1D0079B15FB56
:1063000001F911FB03F211FB07F313FB0293500099
:10631000814A09EB010A02EB430E72460023013366
:106320008B42A2F800C00244F9D109F10109D1451C
:106330000EF1020EF1D1039B01359D4206F10106DB
:10634000B4D1DDF8209001374F4500F09981734BAF
:106350001D882EE7694AC3F30B0312781344238088
:106360009BE66648C3F30321425C0237134427804F
:10637000435492E66149C3F303228A5CDBB29A423A
:106380007FF4B8AECDE6DAB2012A3FF4CAAEE03A05
:1063900091B21F2900F2C4801F2A00F2C18001A11E
:1063A00051F822F05F6A00082165000821650008A5
:1063B00021650008216500082165000821650008A5
:1063C0002165000821650008216500082165000895
:1063D0002165000821650008216500083D6A000864
:1063E0002165000821650008216500082165000875
:1063F0002165000821650008216500082165000865
:106400002165000821650008216500082165000854
:1064100071690008FD670008956000089167000831
:10642000F7680008DBB2332B00F39381062B7FF76C
:1064300031AE073B2C2B3FF62DAE01A050F823F0D8
:10644000496D00089560000895600008A56B00087C
:106450009560000895600008956000089560000848
:106460009560000895600008956000089560000838
:106470009560000895600008916B00089560000821
:1064800095600008D16D00089560000895600008CF
:10649000956000089560000895600008BB6D0008D5
:1064A00095600008956000089560000895600008F8
:1064B00095600008956000089560000895600008E8
:1064C0009560000895600008A36D000895600008BD
:1064D00095600008956000089560000895600008C8
:1064E00095600008876D00089560000895600008B9
:1064F000DF6C00086600032067000320BC3903201E
:1065000062390320640003206A000320680003202E
:106510006C000320A4A60120A4160120B239032098
:1065200003F0F002C02A00F06983D02A7FF4B2ADF4
:10653000A34A03F00F031278002A54D000254FF02D
:10654000010B9C469F4902FB03F991F800A0AAEBBE
:10655000030802FB08F1E24528DD2F46CE46CDE9CF
:1065600002CCCDE9041598484FEADE03C35CF90874
:1065700010F801C018460EF0070607F007030BFAE3
:1065800003F320FA06F6DBB2F00743EA0C0558BF26
:106590002CEA03058C4B96445D54029B174401334F
:1065A0009A450293DFD1DDE903C1059D904513DAD9
:1065B0000B46464684484FEAD30E10F80E0003F00F
:1065C00007070BFA07F720EA070701367E489642CD
:1065D00000F80E701344EDD10135954201F101012F
:1065E00009F10109B7D1FFF775FC23880233238035
:1065F00053E5764BC0221B882E2100931820602380
:1066000003F06EFD01233B70714B1D88AEE54FF02A
:10661000010B68E66F4B05EB47055A1992F80180AC
:106620005B5D48EA0328CCE5C1F3032203F00F03C6
:106630001546C1F303100E2B3FF62CAD01A656F8FC
:1066400023F000BF836B0008716B00085F6B0008CC
:106650004D6B00082D6B0008E36A0008CD6A000846
:10666000AF6A000895600008956000089560000812
:106670009560000895600008956000089B6A000816
:10668000DDF824A0BBF1000F03D0029B002B00F02B
:106690004981238802332380FFE44F49C3F3032257
:1066A00002378B542780F8E4DBB29E2B47D0A12B16
:1066B0007FF4F0AC4848C1F303211388425C1341D6
:1066C000DB073FF52EAD04372780E6E4404AC3F3ED
:1066D0000B03023713802780DFE4B0F5405F7FF4BF
:1066E000D9AC3D49C3F303228A5CDBB29A427FF402
:1066F00018ADFFE439493A480A8820F8127001328F
:1067000092B21F2A0A807FF6C1AC0021354A11706F
:10671000BCE403F0CDFE33882F4DC3F3032100EA20
:10672000030223886A5402332380B6E401230293D0
:1067300035E5102301229946039307931FE5264868
:10674000C1F303211388425C1341DA077FF5E9ACFA
:10675000B9E7752B00F0EF8200F3BF80552B00F0F6
:10676000FD82652B7FF496ACC1F30326AB19B3F51C
:10677000805FBFF68FAC174B721C591916480EF08C
:106780003DFE0135124B2E4402371E80278084E4E3
:10679000032000231821144A202510702E204022A7
:1067A00002372780114C2370114C2370114B054C7C
:1067B00019801149024B257008801A706DE400BFE2
:1067C0006700032066000320A4A60120623903208D
:1067D000B2390320A4AA0120BC3903206C3903205C
:1067E00070390320603903206800032061390320D9
:1067F000643903206C0003206A000320BC4BBD4AAF
:106800001B7892F800A0002B0CBF4FF0020C4FF049
:10681000040CBAF1000F3FF4E6AE0025B64B4FF082
:1068200001091E78DFF8D4E2A6EB0C07B0463B4620
:1068300037462E46002B4ADD70462A46CDE9023700
:10684000CDE904CACDE906850CEB050103EB050B88
:10685000D3081EF80350CF0801F0070302F0070A1F
:106860001EF8078009FA03F325FA0AF5DBB2ED07F3
:1068700002F1010243EA080C58BF28EA030C9345D1
:106880000EF807C001F10101E2D1DDE90237DDE9CF
:1068900004CADDE90685BB4280F2468202465946BB
:1068A00002934FEAD10B12F80B3001F0070009FAFE
:1068B00000F0013123EA0003414502F80B30F0D12A
:1068C000029B0136B245B8443D44B3D18BE6BB428E
:1068D000F7DA8A4A03EB050BE1E7852B7FF4DAABA5
:1068E000C1F3032286488749013202370EF086FD44
:1068F0002780FFF7D2BB0123382583480237037076
:106900008248278005800020802440228049814DD4
:106910000870794977480C7075492A8002700B70AD
:10692000FFF7BBBB744B1A78724BBAFBF2F11B78C2
:1069300002FB11A00699B1FBF3F203FB1211724B9B
:106940001A7812FB07F311FB02F110FB02F012FBA5
:1069500005F2704D9BB22D8892B229446B4D89B2DD
:106960002D8828446C4D80B2009503F02DFC90E6F4
:106970005F4B604A1B7892F800A0002B0CBF4FF0D1
:10698000020C4FF0040CBAF1000F3FF42CAE4FF0A4
:1069900001090022584B0CF1FF3793F80080A9EB56
:1069A0000C0B08F1FF33A3EB0C0E544BE0450BEB43
:1069B000070640D97046CDE9028CCDE904260CEBE0
:1069C0000E01CDF818A0CA089D5CC60800F00702A9
:1069D00001F0070A13F8068009FA02F225FA0AF50F
:1069E000D2B2ED0701F1FF3142EA080C58BF28EAA4
:1069F000020C8F4203F806C000F1FF30E3D1DDE95D
:106A000003C2DDE9056A4FEAD60813F8080006F06C
:106A1000070509FA05F520EA0500B74203F8080062
:106A200006F10106EFD1DDF80880013252454744F6
:106A3000C644BBD1D7E5CDF80880E4E7374A1388D0
:106A4000013B9BB21F2B138002D90021344A1170E5
:106A5000344A32F8133002332380FFF71EBB4FF461
:106A60008062002125480EF027FC2349264A214B4D
:106A7000087812781B78274902FB03F300FB02F227
:106A800029480988008800902048008803F028FBE6
:106A9000238802332380FFF700BB194A0237135CB7
:106AA00027805900DB095155D373FFF7F6BA144B11
:106AB0000237185C995C27808142A0EB01048CBFEF
:106AC000002101219C54D973FFF7E7BA0C4A023721
:106AD000135C2780590803F001035155D373FFF766
:106AE000DCBA074B0237195C2780985CE4E700BFEB
:106AF000643903206600032067000320A4A6012058
:106B0000BC390320B4390320680003206C00032043
:106B1000613903206A000320A41601206C39032088
:106B2000603903207039032062390320AD4B0237EE
:106B3000195C985C27800C18C0F1FF008142D4BF1B
:106B4000002101219C54D973FFF7A7BAA54B023746
:106B5000195C985C278041409954FFF79EBAA14B7D
:106B60000237195C985C278001409954FFF795BA69
:106B70009C4B0237195C985C278001439954FFF7BE
:106B80008CBA984B0237195C27809954FFF785BA65
:106B9000944AC1F30321525C934B02371A70278049
:106BA000FFF77BBA0020914DB2F800804FF0010E44
:106BB00084462A8805E04FF0010CB2B2013010285B
:106BC00015D048FA00F30EFA00F613F0010346EA76
:106BD0000206F0D142FA00F6F607EFD52B80814B82
:106BE000C1F30321023727805854FFF756BABCF18E
:106BF000000F3FF452AA2A80FFF74FBA7C4A03F0F5
:106C00000F05117800293FF4EEAC7A4B6A1E1B7811
:106C100000205B1B5F1E1A44002F01FB02F201FBE8
:106C200007F62EDB744B9446B046BB46CDE90252C4
:106C300004904FF001094FEAD80E13F80E500CF0F3
:106C4000070E4FEADC0209FA0EFE08F00709985C0D
:106C500025FA09F95FFA8EFE19F0010F0BF1FF3BDF
:106C600040EA0E0A08BF20EA0E0ABBF1FF3F03F814
:106C700002A0A8EB0108ACEB010CDAD1DDE902526D
:106C800004980DB34FF0010A5B4B84464FF0000EA1
:106C90004FEADC0913F809800CF0070B0EF1010E26
:106CA0000AFA0BFB28EA0B08754503F809808C44A7
:106CB000EED10130814206F1010602F101023FF4FA
:106CC00092AC002FAFDAE0E70130814206F1010615
:106CD00002F101023FF487AC002FA3DAF4E705F1DB
:106CE000020CBCF5805FBFF6D5A90237278064246B
:106CF0003C4BC1F303215A5C0A20B2FBF4F33F4E34
:106D0000735504FB1323DBB2B2FBF0F2B3FBF0F4D8
:106D100000FB1433B2FBF0F400FB142271194A702B
:106D200006F80C30FFF7B9B901365645B8443D4472
:106D30007FF483AD57E4C1F303220132294930487F
:106D40000EF05CFBFFF7EDB9274A264B1278C1F332
:106D5000032102375A542780FFF79FB9C1F3032656
:106D6000AB19B3F5805FBFF695A9244B1D4958199F
:106D7000721C0EF043FB0135224B7119023719804A
:106D80002780FFF78AB9174BC1F303215B5C1D4ACB
:106D900003EB83035B000237503313802780FFF738
:106DA0007CB9104BC1F303215B5C164A023703EB3D
:106DB000830313802780FFF770B90A4BC1F30321C7
:106DC0005B5C104A02372B4427801380FFF765B9BC
:106DD000044AC1F30321525C0B4B02371A7027801F
:106DE000FFF75BB9BC3903206939032066390320FA
:106DF0006700032066000320A4A60120A4AA0120A6
:106E0000B4390320B239032068390320014B1860DC
:106E1000704700BFD039032091B14FF0FF3210B45A
:106E2000084C014410F8013B5340DBB254F82330C6
:106E3000884283EA1222F5D1D0435DF8044B7047B3
:106E40000846704720B50108704700BF704700BF73
:106E50000022014B1A607047D8390320034B1B688E
:106E60009B7C03B9704701F063B800BF0C0103209D
:106E700000207047024A136801331360704700BF57
:106E8000D8390320024A136801331360704700BFEA
:106E9000D439032000200CF0E1B900BF00200CF031
:106EA000DDB900BF00200CF0D9B900BF00200CF004
:106EB000D5B900BF124B1B68198901B310B4002467
:106EC0005B68104A03EB411CD3E90001C2E90001F1
:106ED000986899699061D8682033506153F8100C14
:106EE0006345C2E9024053F80C0C02F1740242F807
:106EF000100C42F8041CE7D15DF8044B7047704752
:106F00000C010320DC39032070B500240E4B012155
:106F10001B680E4A9D7C0E4B2D1B18BF01256D4230
:106F200003F54B761170EDB21846082229460EF093
:106F3000C3F903467433B342C0E91144F4D1BDE848
:106F40007040FFF7B7BF00BF0C0103209200032081
:106F5000003A032050B3164B1A68824226D02DE91E
:106F6000F041857C0122003D18BF01250024114E0F
:106F7000186096F80080104B6D4203F54B775FFA6E
:106F800088F83270EDB21846082229460EF094F9BE
:106F900003467433BB42C0E91144F4D1FFF78AFFC2
:106FA000FCF7D4FC86F80080BDE8F081704700BF94
:106FB0000C01032092000320003A032000293CD05A
:106FC000F0B5784B83B01D68AF7C6FB906462C8A4C
:106FD00044B1EB6803EBC40C1C68B4420FD0083317
:106FE0006345F9D103B0F0BDC0F30743EF2B4FEA7F
:106FF0001024C0F31126EAD86B4E2640E7E71C792F
:10700000E7B1B6F56F4F49D04FF6D4539E426CD0DE
:107010004FF602739E4200F0B3800F2C10D12B6804
:107020001046DB6F00929847009A137803F0030331
:10703000032BD7D05D4B1883D4E77047082C3BD087
:107040002B68104603EBC4035B689847102CC9D823
:1070500001A353F824F000BF0D710008417100082E
:10706000477100084D7100085371000859710008FC
:107070005F710008657100086B71000825710008D8
:107080002D710008357100083B7100081971000866
:107090001F7100083570000813710008C0F3072045
:1070A000132866D05A289DD12B6810465B6D9847EF
:1070B0003E4AC3B2D37595E72B6810465B6C0091CE
:1070C000019298470099394CC0B20129207389D0A8
:1070D000019A1046FCF7D4FA84F8200094F82000B6
:1070E00003B0BDE8F04001F08FB8C3B2212B50D0FF
:1070F0005A2B7FF477AF2B681046DB6C9847C3B2EE
:10710000032B3FF46FAF294A93756BE7274B5880E9
:1071100068E7264BD88365E7244B188262E7234B48
:1071200098835FE7214BC0B298755BE71F4BC0B2F5
:10713000D87557E71D4B588354E71C4B588251E7CD
:107140001A4B18804EE7194BD8804BE7174B9880A5
:1071500048E7164B988245E7144B588142E7134B9A
:1071600018813FE7114BD8813CE7104BC0B2187330
:1071700038E72B681046DB6A98470C4B588131E79B
:107180001046FCF793FA094B83F8200093F820008F
:10719000A6E72B6810465B6F9847044AC3B29383F7
:1071A00020E700BF0C01032000FF03007000032054
:1071B000314B1B78002B5DD12DE9F047DFF8C490EF
:1071C00003F0FF05D9F8003082B01B89002B4ED0A8
:1071D0002A4C0646A4F12407C4F1000808E0D9F8B7
:1071E000003001351A89ABB29A4204F174043ED9D9
:1071F000A36C226CF31A9342F1D3B4F94C3008EB30
:10720000040A0AF1240000EBE300002B384408DBF9
:10721000B4F8443002225BBA01A9ADF8043003F09F
:1072200087FBB4F94E30002B4FEAE30111DB204617
:10723000FFF7F2FDB4F94E300190002B0AF1240063
:10724000B8BF073300EBE300042201A9384403F080
:107250006FFB0B4B21461B68A4F1240044F8143C3F
:10726000FCF7B6FB636CA66401336364B7E702B056
:10727000BDE8F087704700BF92000320003A03206A
:10728000100003200C0103202DE9F0410446234D9A
:1072900001302B68224F1B681E6803F005FB204954
:1072A000B0472B68201D1B681E6903F0FDFA07F12B
:1072B0007401B0472B68E01D1B681E6A03F0F4FAE6
:1072C00007F1E801B0472B6804F10A001B689E6AC9
:1072D00003F0EAFA07F5AE71B0472B6804F10D0030
:1072E0001B689E6B03F0BCFA07F5E871B0472B688A
:1072F00004F10F001B681E6D03F0B2FA07F511715F
:10730000B0472B6804F111001B681C6E03F0A8FA4B
:10731000234607F52E71BDE8F04118470C01032004
:10732000003A032010B504460B4803F095F9E068D5
:1073300003F0A8F9206903F0A5F9606903F0A2F948
:10734000A06903F09FF9054B986803F09BF9BDE82D
:107350001040034803F080B9708A0108100103202F
:107360000062010838B505460C461C4803F074F964
:107370001B4B986803F086F9286803F083F9686866
:1073800003F080F9A86803F07DF9E86803F07AF962
:10739000206803F077F9606803F074F9A06803F0DF
:1073A00071F9E06803F06EF9206903F06BF9606928
:1073B00003F068F9A06903F065F9E06903F062F988
:1073C000206A03F05FF9606A03F05CF9A06A03F0D9
:1073D00059F9BDE83840034803F03EB9748A010802
:1073E0001000032000620108014B1870704700BFB5
:1073F000083D0320074B1B78012B00D0704710B5C8
:10740000044603F0BFFA01462046BDE8104003F0F1
:10741000B5B800BF083D03202DE9F84F7B4D074666
:1074200095F800C00E46BCF1010F90461C4600F0D6
:107430009180DFF8F49199F80430002B40F08280BD
:107440002B78002C76D0012B00F0F080A10740F1C2
:107450009480600700F1E081210700F1CE81E00611
:1074600000F1DF81A10600F19480620640F14181C4
:1074700014F4801A00F07E82A10240F12982D6F82D
:1074800000B0BBF1010F00F06B83BBF1020F00F005
:1074900067834FF4801ABBF1030F03D0BBF1040FD5
:1074A00040F07A83640200F11882387803F0DEF845
:1074B0002B78012B00F056823868C0F3C70003F028
:1074C000D5F82B78012B00F0B882387903F0CEF88C
:1074D0002B78012B00F0A982387B03F0C7F82B78BA
:1074E000012B00F0558296F8280003F0BFF82B78A6
:1074F000012B00F05C82B268182A00F2A281DFE85A
:1075000012F0A001A001A001A001A001A001A00112
:10751000A001A001A001A001A001A001A001A00163
:10752000A001A001A001A001A001A001A001A00153
:10753000A001A001012B3CD0D8F81830D9F80830B0
:10754000BDE8F88F38463146FFF70CFF4046FFF79D
:10755000E9FE75E72E4803F015FA01462C4803F0C2
:107560000DF82B78012B7FF464AF2A4803F00AFA58
:107570000146284803F002F85BE7610700F14C81FF
:10758000200700F13A81E10600F14B81A20640F1AB
:10759000A38060063FF56CAF21063FF569AFE005BB
:1075A0003FF566AFA1053FF563AFE2033FF560AF7E
:1075B000D3E0194803F0E6F90146174802F0DEFF70
:1075C0002B78D8F818204AB1012BB7D1134803F013
:1075D000D9F90146114802F0D1FF2B78D9F80820DB
:1075E0004AB1012BACD10E4803F0CCF901460C484E
:1075F00002F0C4FF2B78012BA2D10A4803F0C2F994
:10760000BDE8F84F0146074802F0B8BF083D032027
:10761000788A0108B08A01081090010820900108BA
:107620004C9001087C90010810010320984803F059
:10763000A9F90146964802F0A1FFE2072B780AD586
:10764000012B40F07B83934803F09CF9014691485D
:1076500002F094FF2B78A2070AD5012B7FF4F9AE34
:107660008D4803F08FF901468B4802F087FF2B7895
:1076700062070AD5012B40F0CF80884803F082F9D9
:107680000146864802F07AFF2B7822070AD5012BA3
:1076900040F0B380824803F075F90146804802F05B
:1076A0006DFF2B78E2060AD5012B40F0BA807D48A9
:1076B00003F068F901467B4802F060FF2B78A206D0
:1076C0000AD5012B7FF465AF774803F05BF90146DB
:1076D000754802F053FF2B7862060AD5012B7FF420
:1076E000C7AE724803F04EF90146704802F046FFFB
:1076F0002B7820060AD5012B7FF4BAAE6C4803F034
:1077000041F901466A4802F039FF2B78E1050AD5B4
:10771000012B7FF4ADAE674803F034F901466548AC
:1077200002F02CFF2B78A2050AD5012B7FF4A0AE26
:10773000614803F027F901465F4802F01FFF2B78EC
:10774000E0030AD5012B7FF493AE5C4803F01AF9ED
:1077500001465A4802F012FF2B7814F4801A0CD01C
:10776000012B7FF489AE564803F00CF94FF4801AD0
:107770000146534802F002FF2B78012B40F0FA80BB
:10778000504803F0FFF801464E4802F0F7FEA10210
:107790002B7800F15A81012B7FF484AE494803F025
:1077A000F1F80146474802F0E9FE62022B7840F109
:1077B000BA80012B746840F01582434803F0E2F868
:1077C0000146414802F0DAFE012C2B7800F0CC8112
:1077D000022C00F09082032C00F09982042C40F0DF
:1077E0008980012B7FF461AE384803F0CBF8014665
:1077F000364802F0C3FE2B788AE0E00611D4A106D9
:107800003FF5C7AE60063FF533AE21063FF530AE1B
:10781000E2053FF52DAE86E72007EED4E10640F104
:107820009581A0063FF5B5AE61063FF521AE200675
:107830003FF51EAEE1053FF51BAEA2053FF518AEC4
:107840007EE7326972B9726962B9B269012A3FF49E
:1078500073AEF269012A3FF46FAE326A012A40F03A
:10786000658169E6B269012A3FF466AEF269012AD0
:107870003FF462AE326A012A3FF45EAE726A012AB8
:107880003FF45AAED8F81820002A7FF457AEA5E688
:10789000D4630108D48A0108F08A0108148B010816
:1078A000308B0108508B0108708B0108888B010810
:1078B000A48B0108C08B0108DC8B0108F88B010840
:1078C000188C010800620108208D0108AC8C0108A9
:1078D00064027FF5EAAD4FF4801A7468012C3FF41E
:1078E000E4AD022C3FF4E1AD032C3FF4DEAD042CFB
:1078F0003FF4DBAD052C40F08481012B7FF4D5AD46
:10790000A64803F03FF80146A44802F037FE2B7862
:10791000012B7FF4CAADA24803F034F80146A04819
:1079200002F02CFE2B78BAF1000F0AD0012B7FF465
:10793000BCAD9C4803F026F801469A4802F01EFEB2
:107940002B78012B7FF4B1AD974803F01BF801466B
:10795000954802F013FE387802F088FE2B78012B50
:107960007FF4AAAD914803F00DF801468F4802F06C
:1079700005FEA1E5A0027FF595ADD6F800B0BBF1FC
:10798000010F3FF48FADBBF1020F7FF484AD89E5A9
:10799000874802F0F7FF0146854802F0EFFD96F8B0
:1079A000280002F063FE2B78012B7FF4A4AD7C4805
:1079B00002F0E8FF01467A4802F0E0FDBB6853B1EF
:1079C0002B78012B7FF497AD7A4802F0DBFF01465C
:1079D000784802F0D3FD2B78012B7FF48CAD7648EC
:1079E00002F0D0FF0146744802F0C8FDB2682B785F
:1079F000182A52D8DFE812F06801510051005100F6
:107A000051005100510051005D01510051005100E1
:107A100051005100510051005201510051005100DC
:107A200051005100510051004701644802F0AAFF83
:107A30000146624802F0A2FD4EE5614802F0A2FF55
:107A400001465F4802F09AFD3FE5012BD6F800B0F1
:107A500095D15C4802F096FF01465A4802F08EFD2F
:107A6000BBF1010F2B7800F08B80BBF1020F00F00F
:107A70003681BBF1030F00F05681BBF1040F40F0DB
:107A80006A81012B7FF40EAD4F4802F07BFF014667
:107A90004D4802F073FD2B787DE6012B7FF4D1AECB
:107AA0004A4802F06FFF0146484802F067FD2B7814
:107AB000012B7FF4C6AE3A4802F064FF0146384815
:107AC00002F05CFDF2682B7852B1012B7FF4B9AE65
:107AD0003F4802F057FF01463D4802F04FFD2B782A
:107AE000326952B1012B7FF4BDAE3A4802F04AFF31
:107AF0000146384802F042FD2B78726952B1012BE1
:107B00007FF4B0AE344802F03DFF0146324802F047
:107B100035FD2B78B269012A00F09D80F269012AB7
:107B200000F08D80326A012A00F0A180726A012A79
:107B30007FF447AD012B7FF4FFAC284802F022FF11
:107B40000146264802F01AFD2B783AE5A0063FF5DB
:107B500020AD61063FF58CAC22063FF589ACD5E53A
:107B600062023FF5B8AEA0E4012B7FF49EAC1C4846
:107B700002F008FF01461A4802F000FD2B78C7E624
:107B8000012B7FF48FAC164802F0FCFE014614482E
:107B900002F0F4FC2B78FEE584E400BFC88C0108F9
:107BA00000620108448D0108608D0108E861010848
:107BB000988D0108A48D0108DC8D0108888D0108CD
:107BC000708D0108348C0108AC8C01088C8E010882
:107BD000A88E0108D08E0108208F0108E88F0108C7
:107BE000588C0108012C3FF460AC022C3FF45DACD2
:107BF000032C3FF45AAC042C3FF457AC052C3FF453
:107C000054AC062C2B780BD1012B7FF44EAC68487A
:107C100002F0B8FE0146664802F0B0FC2B7877E629
:107C2000072C7FF475AE012B7FF43FAC614802F066
:107C3000A9FE01465F4802F0A1FC2B7868E6012B03
:107C40007FF47AAC5C4802F09DFE01465A4802F08F
:107C500095FC2B7866E7012B7FF46EAC574802F059
:107C600091FE0146554802F089FC2B7856E7012B1E
:107C70007FF462AC524802F085FE0146504802F0A3
:107C80007DFC2B7852E7012B7FF4DBAD4D4802F0F1
:107C900079FE01464B4802F071FC08E7012B7FF4A6
:107CA000D0AD494802F06EFE0146474802F066FC3E
:107CB000FDE6012B7FF4C5AD444802F063FE0146AA
:107CC000424802F05BFCF2E6012B7FF4BAAD40487B
:107CD00002F058FE01463E4802F050FCE7E6012B58
:107CE0007FF4E0AB3B4802F04DFE0146394802F01C
:107CF00045FC2B784FE5012B7FF4D7AB354802F0DC
:107D000041FE0146334802F039FC2B7800E6012B96
:107D10007FF4CBAB304802F035FE01462E4802F02E
:107D20002DFC2B78F4E5012B7FF4BCAB2A4802F044
:107D300029FE0146284802F021FCACE6A0077FF5A9
:107D40001CAC60073FF568AD21073FF556ADE20674
:107D50003FF567ADB3E4BBF1050F0AD1012B7FF40A
:107D6000A1AB1E4802F00EFE01461C4802F006FCC4
:107D700091E6BBF1060F0BD1012B7FF493AB0C48BE
:107D800002F000FE01460A4802F0F8FB2B7802E5FB
:107D9000BBF1070F7FF4FFAC012B7FF483AB0548E9
:107DA00002F0F0FD0146034802F0E8FB73E600BF75
:107DB000E48C0108008D01087C8F0108448F0108C4
:107DC000B48F0108688E0108488E01081C8E0108D6
:107DD000F08D0108748C0108908C0108C88C010892
:107DE000422804D0432807D044280BD070470A46C5
:107DF0000748202104F072BD0A4606484FF400519E
:107E000004F06CBD0A460448012104F067BD00BFC0
:107E1000000402420008024200000242422804D04C
:107E2000432807D044280BD070470A4607488021D2
:107E300004F054BD0A4606484FF4804104F04EBD9C
:107E40000A4603484FF4004104F048BD00040242D2
:107E50000008024210B5044620212246074804F0DB
:107E60003DFD22464FF40051054804F037FD2246FF
:107E7000BDE810400121034804F030BD0004024277
:107E8000000802420000024210B50446802122464A
:107E9000084804F023FD22464FF48041064804F0D0
:107EA0001DFD2246BDE810404FF40041024804F099
:107EB00015BD00BF000402420008024208B50022BE
:107EC0008021124804F00AFD00224FF4804110483E
:107ED00004F004FD00224FF400410D4804F0FEFCC4
:107EE0000A200AF02FF801222021084804F0F6FCAD
:107EF00001224FF40051064804F0F0FCBDE80840B0
:107F000001220448114604F0E9BC00BF000402420B
:107F100000080242000002424FF4007108B5034815
:107F200004F0D6FCB0FA80F0400908BD000002421F
:107F30002DE9F04345688DB0B5F1804F02D00DB00A
:107F4000BDE8F0830668C068C6F307470C4602F038
:107F5000E3FCEA2FC6F3072832D0EC2FEFD1B8F1BB
:107F60002A0FECD10728EAD92378102BE7D1E3793F
:107F700030028849A27980B20143647908201B0449
:107F800043EA0223234300224FF0FF34039123FAF4
:107F900000F18DF809308DF80A101B0C069001A92C
:107FA00003A8CDE90722CDE9092204958DF80B300D
:107FB00005920B9201948DF80840FBF709FDBEE78E
:107FC0000228BCD9B8F1FF0F22D0B8F12A0FB6D1E0
:107FD000A378617822781B0443EA01231343B3F5A5
:107FE0006E4F50D16C4A33029BB21A4300234FF0BC
:107FF00080450824694903A8CDE90453CDE9064327
:10800000CDE90833CDE90A330392FBF7E1FC96E7AB
:10801000A378617822781B0443EA01231343B3F564
:108020006E4F00F0B4804FF6C552934257D04FF6D2
:10803000CA62934283D1002508224FF080435848FA
:108040005849C48B039101A8FF21CDE9043506925C
:10805000CDE90755CDE909550B9502F065FCFF22E6
:10806000A4B2C4F340039B0143F03F0301A903A85A
:108070008DF804308DF80520ADF80650ADF80850A5
:10808000FBF7A6FC5BE74FF6C552934227D04FF6AD
:10809000CA629342CFD008270022FF2404956FF0D4
:1080A000FE0506FA07F0404980B20143039123FA26
:1080B00007F18DF809308DF80A101B0C01A903A8EF
:1080C000CDE90527CDE90722CDE909228DF80B304E
:1080D0000B9201958DF80840FBF77AFC2FE73348A7
:1080E00002F050FC00224FF080410824CDE9041238
:1080F0002021CDE90642CDE90822CDE90A222C4A09
:108100002C4B0292821D8DF80410A3FB02132A4D02
:10811000D21A20FA04F103EB5203C3F38707039545
:108120008DF805008DF80610054601A903A88DF805
:108130000770FBF74DFC214B0393002F3FF4FFAE7C
:108140000124DFF868800DF10B09A4EB0806082272
:10815000FF2101A802F0E8FB631EC3EBC3039BB23F
:10816000013B8DF80440434401AAF1188D4205DD1E
:1081700013F8011F02F8011F9145F6D1013401A93E
:1081800003A8E4B2FBF724FCA742E0D2D7E60C4AEE
:108190002CE700BF2A00EC1C2A00EE1838B90108B1
:1081A000700003202ACAFE182A00E81820B9010826
:1081B000FFC5FD00254992242AFFEC1C2AFFEB1C79
:1081C0002AFFEE18002210B50A4C84B0CDE9012236
:1081D0000121094B00940A200AF022FB0346074ABA
:1081E0000749012013600AF0BBF8064B186004B081
:1081F00010BD00BF183D03200C3D0320903D03201F
:108200003C3D03208C3D032070B51F4E82B0336887
:10821000DBB11E4D04462B78834215D0421E052A41
:108220002FD8DFE802F01C141603181A0123306857
:108230008DF807300AF038FB30B100230122306896
:108240000DF107010AF052FB2C7002B070BD04233F
:10825000EDE70523EBE70023E9E70346E7E7023B09
:10826000042B0ED8DFE803F005030B0907000823F1
:10827000DDE70723DBE70923D9E70223D7E7032359
:10828000D5E70B23D3E700BF903D0320093D032032
:1082900070B5124D82B04FF0FF3128680AF01EF918
:1082A00001280446F7D10E4E30680AF011FB60B980
:1082B0000A238DF80730002328681A46194609F06A
:1082C000B3FF9DF8070002B070BD4FF0FF332246A8
:1082D00030680DF107010AF0F1FBECE78C3D03205B
:1082E000903D032000B58BB001A804F0CFF80598AD
:1082F000AA3818BF01200BB000BD00BF10B58AB06E
:1083000001A804F0C3F8079810F0806001D10AB00A
:1083100010BD0821184804F0DBFA50B304214FF4D3
:10832000C042079B019123F0806343F000630793F1
:10833000069272B603F00AFF044603F027FF0346D5
:1083400001A81C4303F080FFE4B2044303F040FFA4
:10835000E4B2044303F02EFFE4B20443E4B203F0BA
:1083600009FF62B62043C0B2003818BF01200AB02E
:1083700010BD01200AB010BD001C024200B58BB038
:1083800072B601A804F082F804214FF40052079B52
:10839000019143F08063CDE9062303F0D7FE18B1C5
:1083A00062B601200BB000BD03F0F0FE0028F7D14B
:1083B00001A803F049FF10B903F00AFFF0E703F04A
:1083C000F9FE03F0D7FEEBE72DE9F041334E3368B9
:1083D0005BB1334A044612680D46927C4168101E18
:1083E00018BF0120B1EB807F01D0BDE8F081A16909
:1083F0000029FAD1A1680029F7D1E1680829F4D849
:10840000284908782168002A42D0274A52F820706B
:10841000264A52F820204A403A4201D0E5E7336824
:108420004FF0FF3118460AF059F80128F7D1204FD4
:10843000E26897F8D030246818013C50043029468F
:1084400007EB0313D4B238441C7302F071FA97F8A7
:10845000D020184B0132A3FB02139B0803EB43010E
:1084600003EB8103D21AD2B287F8D02097F8D1302B
:108470000C2B05D897F8D1300133DBB287F8D13017
:10848000002330681A46BDE8F041194609F0CCBE19
:10849000094A52F82070094ABBE700BFE43D0320B7
:1084A0000C010320F03D0320A8B90108DCB9010844
:1084B000A4BA01204FECC44E40B9010874B90108B8
:1084C00070B53C4D3C4C2A682378927C86B0EAB16A
:1084D0003A4A03AE52F823003146C0F30F2002F0AF
:1084E00029F93A222B688DF810209B7C002B5BD158
:1084F000334B22780DF1110153F82200C0F30F2005
:1085000002F018F900238DF8153017E02D4A03AE5C
:1085100032F82300314602F0F7F83A222B688DF842
:108520000F209B7C002B3DD1254B227804A933F8EA
:10853000220002F0E9F800238DF813300223002115
:10854000214C0093E288084692B216230192F02251
:1085500001F004FE05211D4BE288009323880846A4
:1085600092B29BB201F046FF2B68E2889B7C00969A
:10857000002B23884FF005019BB20CBF5D205220D9
:1085800092B201F037FF124B1B787BB12289114D5B
:1085900023880521B52000959BB292B201F02AFFF5
:1085A00006B070BD0C4BC0E70B4BA2E7E2880B4D49
:1085B000EEE700BF0C010320F03D0320DCB9010809
:1085C00040B9010874B90108683E0320B49001085D
:1085D000A8000320BC900108A8B90108C4900108B4
:1085E000202001F03FBD00BF2DE9F04F8F4B8BB035
:1085F0001B781BB38E4C21680C2940F20881102097
:1086000001F044FD8B4B8C491A891B88009121682D
:108610008A4892B2A0FB0150800800EBC000A1EB99
:1086200040010231090109209BB289B201F0E2FE4A
:1086300000222368013323607C4B1A70DFF814A2F8
:10864000DAF800000AF044F941F64C53984200F27F
:10865000DB807B4B7B4A1E68A2FB063222F00303C1
:1086600003EB9203F61A40F0CF80DFF8EC914FF065
:10867000FF31D9F8000009F031FF0128F7D1724B22
:108680001B78002B00F0B680DFF8D08198F8D1304D
:10869000002B00F0AF8098F8D03098F8D1200D333F
:1086A0009B1A6A4A4FEAE37C82FB0312CCEBA20CD2
:1086B0000CEB4C020CEB8202A3EB020C98F8D130CD
:1086C000002B00F09280CDF808C0029BDAF8000081
:1086D0009A195E4BA3FB02134FEA930B0BEB4B0370
:1086E0000BEB8303A2EB030B0AF0F2F841F64C53B9
:1086F000984200F21E81564B4FEA0B171B6858F840
:1087000007009C7C08EB0B1B002C00F0A98004AD3B
:108710002946C0F30F2002F00DF820228DF8142016
:108720009BF80C20BAB1002421460BEB54031879B6
:108730004B1C03F001039B0018410531294400F054
:108740000F0002F029F801349BF80C30E4B2B4EBCE
:10875000430F2146E9DB0022354C08EB07031B7B66
:1087600021680DEB43030C295A7500F2A88000958F
:10877000304D0231EA882B8809019BB2092089B269
:1087800092B2474401F036FE3B7B072B23DC304B93
:1087900097F80CC01B689B7C002B0CBF4FF0350E6C
:1087A0004FF0400E3B7B2A88C3F1080392B200923F
:1087B0002268911C03EB830203EB42020CEB8C0357
:1087C0000CEB4300090152000E2389B292B20EEB6A
:1087D000400001F085FC236898F8D1200133013670
:1087E0002360F3B29A423FF670AF002388F8D0308E
:1087F00088F8D13000231A461946D9F800000BB08A
:10880000BDE8F04F09F010BD0BB0BDE8F08F09488E
:1088100002310289038808480901009089B20920C1
:108820009BB292B201F0E6FD02E700BFE83D0320F3
:10883000EC3D0320683E0320CC900108398EE338DC
:10884000743E0320CDCCCCCCA80003204FECC44E0A
:108850000C010320DC370320E43D0320A4BA0120EF
:1088600004AD294680B201F04FFF20228DF813207D
:108870009BF80C20BAB103965E4606EB540204F155
:10888000010B10790BF0010292001041211D2944C7
:1088900000F00F0001F080FF327B5FFA8BF4B4EB45
:1088A000420FEADB039E0022244C08EB07031B7BEC
:1088B00021680DEB43030C291A757FF658AF102081
:1088C00001F0E4FB009523681D4A1E4DA2FB031234
:1088D000920802EBC202A3EB42010231EA882B8824
:1088E00009019BB2092089B292B2474401F082FD8E
:1088F0003B7B072B3FF76FAF134B97F80CC01B6800
:1089000021689B7C002B3B7B2A8808BF4FF0350EEB
:1089100092B200920A4A18BF4FF0400EA2FB010229
:10892000920802EBC202A1EB4201C3F1080302313B
:1089300040E70123054A137057E700BFEC3D0320D1
:10894000398EE338683E03200C010320E83D032004
:10895000002210B50B4C0C4B216883F8D02083F813
:10896000D12041B100F072FFBDE810400022074B5A
:108970001A60FFF7A5BD0120054909F0F1FC206050
:10898000F0E700BFE43D0320A4BA0120EC3D032042
:10899000943D0320052808B505D0042815D00628E5
:1089A0000DD0012008BD114A137833B1013BDBB271
:1089B0001370FFF785FD012008BD0C23F8E70C4A72
:1089C0001378B3FA83F35B09F2E70849094B0A7895
:1089D0000132A3FB02039B0803EB430003EB80037C
:1089E000D21A0A70FFF76CFD012008BDF03D03208C
:1089F000A80003204FECC44E38B5074D2C6834B1A5
:108A00002046D4F8A4400CF0A1FB002CF8D10023A0
:108A1000024A2B60137038BDF83D0320FE3D032051
:108A200030B50E4C83B023688BB1012400F068FF91
:108A30000B4D0C4A0C4B00951470DA881B880521ED
:108A40002A2092B29BB201F09BFC03B030BD012002
:108A5000064909F085FC2060E7E700BF503E03208F
:108A6000E4900108FD3D0320683E0320003E032002
:108A70002DE9F04F7D4B15461B6842689B7C83B007
:108A8000003B18BF0123B2EB837F02D003B0BDE8E7
:108A9000F08F83690446002BF8D18368002BF5D151
:108AA000C368082BF2D8DFF8DCA10E46DAF8000024
:108AB00010B9EBE7DAF800004FF0FF3109F00EFDD6
:108AC0000128F7D16A4B21681868002800F0C5809A
:108AD00007464FF0000B04E0D7F8A430BB461F4612
:108AE00023B13B689942F7D800F0B380614B1A7804
:108AF000092A40F29F804FF0000801E080461046AE
:108B0000D0F8A420002AF9D194460268914280F05E
:108B10009880CDE9001C0CF019FB0099554BB8F179
:108B2000000F03D0DDF804C0C8F8A4C001201A78F3
:108B3000013AD2B21A70504A1070504A0092107026
:108B4000A82001910CF0FAFA01998046002800F063
:108B50008780814649F8041B60220021484601F0C5
:108B6000E3FE4022002108F1640001F0DDFE414BEC
:108B7000C8F8A470BBF1000F5FD0CBF8A480D8F880
:108B8000A4700121B84508BF00271A78C8F8A4705E
:108B90000A44D2B21A70009B1970CE46B9E80F0091
:108BA000A44608F134070FC7B9E80F000FC799E8CA
:108BB0000F0087E80F00BCE80F00AEE80F00BCE82C
:108BC0000F00AEE80F00E2689CE8030089E80300AC
:108BD0003146C8F8205008F12C0001F0A9FEE468E5
:108BE000CCB100230227012608EB030191F82C20C9
:108BF00091F85C1008EBC3004A40110704D013FB46
:108C0000076108EB81014D6601330F2ADBB288BF93
:108C100045669C42E8D81A4A13780133DBB21370D8
:108C200000231A461946DAF8000003B0BDE8F04FF9
:108C300009F0FABA114A009282E70D4AC2F80080A0
:108C40009FE70E4B0C4A009301231370009A137098
:108C5000E6E7B84607F104099FE78346074645E77C
:108C60000123054A009913700B70EDE70C010320F6
:108C7000F83D0320FE3D0320FC3D0320FD3D032085
:108C8000FF3D0320503E03202DE9F041144E34688F
:108C90000CB3002207461546DFF84880236A2046B9
:108CA000BB42D4F8A44010D29DB1C5F8A4400CF04A
:108CB0004DFA98F800300122013BDBB288F8003011
:108CC000002CEBD11046BDE8F0810546002CE5D123
:108CD000F8E73460EBE722461046BDE8F08100BFBC
:108CE000F83D0320FE3D0320904B914A19682DE981
:108CF000F04FA2FB013222F0030303EB92038DB08D
:108D0000CB1A029340F0DD808A4B80461B78DFF857
:108D100044A2002B00F0D880874B4FF0FF31186839
:108D200009F0DCFB0128F7D1B8F5FA6F044600F230
:108D3000D280824BDFF820B21A78DBF80040002A9C
:108D40003ED000277E4D1F702B78002B40F0DE8038
:108D5000002C00F0A9807B4E4FF00009CDE9038A7A
:108D6000794D06AF16E0394601F0E4FC4FF0000300
:108D70008DF81C30F288009733884FEA08110720DD
:108D800092B219319BB201F0FBFAD4F8A44009F178
:108D900001098CB12B68216893F812A0C1F30F2050
:108DA0005FFA89F8BAF1000FDDD188B2394601F0D7
:108DB000ABFC8DF81BA0DDE7DDE9038ADBF80040A2
:108DC000002C71D0604D5F4E0DF11809CDF814A044
:108DD0002B6822699B7C9DF80810002B0CBF4FF07C
:108DE000040B4FF0050B53003BD04FF0000A0F016E
:108DF0001937CDE903155546BA4604EB55026F1CE9
:108E000092F82C0007F001029200104109EB0501D5
:108E100000F00F0001F0C0FC04EB8501496E0BEB84
:108E2000050202EB820002EB4000A8EB0102B2F562
:108E3000FA7F0DEB05032CBFF28832891B7EB6F852
:108E400000C00730009392B2514680B21FFA8CF3F3
:108E500001F042FA2269FDB2B5EB420FCDD3DDE954
:108E60000315082A17D002EB820302EB43030BEB36
:108E70008B020BEB42005B009BB207301844C3F13E
:108E8000B0039AB2338809019BB2009319310E23C3
:108E900080B201F025F9029BD4F8A440013302937B
:108EA000002C95D1DDF814A0234B2249186800232B
:108EB0000B701A461946CAF8008009F0B5F900F09F
:108EC0005DFD0DB0BDE8F08FDAF80030C31AB3F5E0
:108ED000FA7FF4D920E7A8F5FA60FFF7D5FE00285D
:108EE0003FF427AF194B174E19781B783288C3F11E
:108EF0000A0392B21B01090100929BB2E6220520EF
:108F0000193101F0EDF80D4B1C7013E7104B0D4EAD
:108F10000093328933880521C82092B29BB201F0B8
:108F20002FFA2F70002C7FF417AF47E7743E032011
:108F3000CDCCCCCCFF3D0320503E0320FD3D032093
:108F4000FC3D0320683E03200C010320FE3D03206E
:108F5000F4900108F43D0320F83D0320F0B500240F
:108F6000124E134F134D83B038782101E3B22031F4
:108F7000984256F8042B89B20ED0B5F806C02B885B
:108F8000052000929BB21FFA8CF201F0F9F901342E
:108F9000032CE9D103B0F0BD00922A88EB880520AC
:108FA0009BB292B201F0ECF9F1E700BFD4000320CC
:108FB000563E0320683E032008B500F0A1FC0A4B92
:108FC000D888198880B289B2FCF7C6FEFCF76CFF1E
:108FD00018B90022054B1A7008BDFCF77BFF002270
:108FE000024B1A7008BD00BF683E0320543E0320A8
:108FF000F0B583B00646FCF757FF384C237848B3EA
:10900000012B44D064220024354F364D3B889BB25F
:1090100002FB03F385FB03251D44ED12C5F1640536
:10902000AD000135ADB230460134FCF7E3FFA3B229
:10903000AB42F8D32C4ABB8B1278DBB29A421DD1DB
:109040002A4B2B4A1B6802FB03F3B3F1333F19D9B8
:1090500003B0F0BD002BF3D100F052FC254B264DA0
:10906000DA881B8805219BB25A2092B2009501F044
:1090700087F9FFF773FF01232370E1E70120FCF775
:1090800023FFDDE703B0BDE8F04000F077BC194DE9
:1090900000F036FCE888298880B289B2FCF75CFED3
:1090A000FCF702FFB0B90027EA8814492B88052095
:1090B000009192B290219BB2277001F061F9104BA0
:1090C000EA8800932B88A021052092B29BB201F080
:1090D00057F997E7FCF7FEFEE5E700BF543E032093
:1090E0007000032081000880553E0320743E032059
:1090F000CDCCCCCC683E032030910108F89001081B
:109100000C910108022810B521D0032815D00128A0
:1091100012D1144B1C88FCF7D7FE642008F012FF14
:1091200021461148FCF722FE0AF07CFAFCF7C2FE49
:109130000E4A0F4B928B1A7010BD0E4B1C88FCF719
:10914000C3FE642008F0FEFE21460B48EAE70B4B05
:109150001C88FCF7B9FE642008F0F4FE214608489C
:10916000E0E700BF0CA3010810A301087000032072
:10917000553E0320509501085495010838A8010870
:109180003CA8010810B50446FCF78EFE38B9052C42
:1091900007D0042C14D0062C1DD0012010BD0020B7
:1091A00010BD1048104A03780133A2FB031202F4E9
:1091B000FF7101EB52029B1A0370FFF7CFFEECE741
:1091C000084A13782BB1013BDBB21370FFF7C6FEE0
:1091D000E3E70223F9E7034B18780130C0B2FFF749
:1091E00091FFDAE7563E0320ABAAAAAA70B5074D55
:1091F00004462B6813B19B6803B198472C6024B1D7
:10920000236813B1BDE87040184770BD583E032075
:1092100010B5084C00F092FB236813B19B6803B1B2
:109220009847054B1A68236012B1BDE810401047FB
:1092300010BD00BF583E0320E00003202DE9F84395
:109240008046FCF731FE4B4E58B14B4C3368A3427D
:1092500007D013B19B6803B198472368346003B10A
:109260009847FFF715F80A28044674D001254FF0F7
:109270000009424F04E0FFF70BF80A28044625D006
:10928000336823B1DB6813B1204698470546012DAA
:10929000F1D1012C28D0002CEDD13368384A93420B
:1092A0004AD0384A934246D0374A934257D0374A39
:1092B000934256D0304A934208BF04243CD0C7F8AA
:1092C0000090FEF7E5FF0A280446D9D1304C2378F8
:1092D0005BBB33681BB15B680BB1404698473B688A
:1092E00001333B60BDE8F8833368254A93423AD0A6
:1092F000244A934231D0244A934236D0234A93429F
:1093000035D01D4A934208BF0423D8D1214A0633E1
:10931000A2FB031222F0030101EB92021E489B1AEA
:1093200050F82300FFF762FFC9E73068FFF75EFFE0
:1093300000232370CDE72C46164B0434A3FB0423F3
:1093400023F00302144902EB9303E41A51F82400BA
:10935000FFF74CFFB3E7094FB8E72B46D6E70224E7
:10936000EAE70324E8E70023D0E70223CEE703235C
:10937000CCE700BF583E0320C0000320743E03200A
:10938000E0000320AC00032094000320F40003203D
:10939000723E0320CDCCCCCC10BA0108034B1B6825
:1093A00013B11B6903B11847704700BF583E032033
:1093B000FFF7A8BE062801D00120704708B500F0CD
:1093C00027FA012008BD00BF2DE9F041474D0446B2
:1093D0002B7886B073B141F288339C421BD8444B42
:1093E000444A1B6802FB03F3B3F1333F78D906B05C
:1093F000BDE8F0810126404B4049DA881B881B20DC
:1094000000919BB2452192B22E7000F0B9FF41F25B
:1094100088339C42E3D9DFF8E080394CB8F8021079
:10942000B8F80220B8F80400B8F80430ADF8081015
:10943000ADF80A20B8F80610ADF80E30B8F80620DE
:10944000B8F80830ADF81010ADF81220ADF81430AF
:10945000ADF80C0001F02CF8054601F029F807469C
:1094600001F026F8274B284AA3FB053CA4FB073450
:10947000E40804EB4404A7EB8401A5EB0C040CEB1B
:10948000540C224EA2FB0042A6FB0046D20802EB7F
:109490008202C2EB0214821B06EB52029208C2EB5C
:1094A000C202041B801AC0B20DEB40004FEA1C1C24
:1094B00002890CEBCC000CEB400CA5EB0C05EDB2DB
:1094C000B8F8003005EB4505C9B23034E4B2A80065
:1094D00009019BB205310094053000F0A9FE7EE73A
:1094E00006B0BDE8F04100F049BA00BF5C3E032081
:1094F000743E0320CDCCCCCC683E032058910108AB
:10950000ABAAAAAACB6B28AFB5814E1B25499224E2
:1095100000F0F6B930B5304C83B000F0F1F92F4DC2
:10952000E288238805215A209BB292B2009500F070
:1095300061FF2B4BE288009323881521072092B20C
:109540009BB200F057FF274BE28800932388252128
:10955000072092B29BB200F04DFF234BE2880093AC
:1095600023883521072092B29BB200F043FF1F4BA6
:10957000E288009323884521072092B29BB200F035
:1095800039FF1B4BE288009323885521072092B2B4
:109590009BB200F02FFF174BE288009323887521C0
:1095A000072092B29BB200F025FF134BE288009394
:1095B00023888521072092B29BB200F01BFF0F4B3E
:1095C000E28800932388A521072092B29BB200F085
:1095D00011FF03B030BD00BF683E03207C9101083D
:1095E0008491010894910108A4910108B4910108A3
:1095F000C0910108CC910108DC910108EC910108AF
:10960000424B434A1B6802FB03F3B3F1333F00D9DB
:109610007047F0B53F4C404DE2882388696983B0BC
:1096200092B29BB20091064615218B2000F01CFFE0
:10963000E28823882F699BB225218B2092B2009764
:1096400000F012FFEB69002B4BD1E2882388E96917
:109650009BB200918B20352192B200F005FFAB69DF
:10966000002B47D022892D4923887520009192B282
:1096700045219BB200F0BEFE95F82030002B36D07D
:10968000228927492388274D00919BB255217520B7
:1096900092B200F0AFFEAB683BB322892388A96881
:1096A0009BB200918B20752192B200F0DDFEEB6839
:1096B000CBB122892388E9688B2000919BB2852158
:1096C00092B200F0D1FEE2882388A5218B2000967B
:1096D0009BB292B200F0C8FE03B0BDE8F04000F0CB
:1096E0004DB92289B2E7E288E4E7E288D6E7E2886A
:1096F0000D49C7E7E2880D4923887520009192B291
:1097000045219BB200F076FEB6E700BF743E032011
:10971000CDCCCCCC683E032010000320FC91010886
:109720000492010810010320089201080092010828
:1097300000204FF6FF712B4A2B4B127818801981AD
:10974000072A14D8DFE802F013131D27313B090460
:1097500000214FF6FF7219811A804FF4FD6045F227
:10976000DF214FF6C71258809980DA8070474FF496
:10977000F07040F262414FF4FD6258809980DA80C7
:10978000704742F20A1043F2B21145F2DF225880CC
:109790009980DA80704747F245104BF2C7114FF6B7
:1097A000C71258809980DA80704749F22A004EF239
:1097B0002F014FF6B20258809980DA80704700B5C9
:1097C0004FF6FF7C4FF0000E49F6924046F64D31C1
:1097D00044F20822A3F808E0A3F800C0588099805A
:1097E000DA8000BD08010320683E032008B5064B5F
:1097F0001A78824200D108BD1870FFF799FF012244
:10980000024B1A7008BD00BF08010320723E0320FE
:1098100008B50B490B4B0A78A3FB02039B0803EB2B
:109820004303A2EB43030133DBB29A4200D108BDEC
:109830000B70FFF77DFF0122034B1A7008BD00BFBC
:1098400008010320ABAAAAAA723E032000B520207B
:1098500083B000F007FC0021054A4FF4A073108884
:10986000F02280B20090084600F03AFC03B000BD40
:10987000683E032030B5194C83B02088242380B281
:109880000090F022CC21002000F02AFC0225F023D9
:109890002289CC2192B20095019200201A4600F054
:1098A0005DFC0F4BE288009323882846CE219BB2B3
:1098B00092B200F065FD4FF6FF730A490A4A0B8029
:1098C00013800A4C0A480B4D0B490C4A2B7023801D
:1098D00003700B70137003B030BD00BF683E0320EF
:1098E0000C920108663E0320643E0320623E032082
:1098F000603E03205F3E03205E3E03205D3E03206A
:10990000002130B50C4C83B02088D02380B2009069
:10991000F022084600F0E4FB02250021E088C7237E
:1099200080B20190F0220846009500F017FC03B0C9
:10993000BDE83040FFF79EBF683E032008B500F049
:1099400007FB00F025FB00F0B3FD030610D4094B24
:10995000A3FB002303F0FC0202EB9303C01AC0B286
:10996000054B1870FFF7E4FEBDE80840FFF7C8BFDD
:109970000120F5E7CDCCCCCC08010320002270B546
:10998000A14CA2492389088884B09BB2984202ADB9
:109990000292AA8040F094809D4A238811889BB24D
:1099A000994240F055819B4AA38811889BB2994205
:1099B00040F0DD80984A94F82030117899421DD00B
:1099C00094F8201094F820302846023B1170042BA4
:1099D00000F2C781DFE813F09C01A001A40105009B
:1099E00098018E4900F0C6FF8D4B00951A891B889F
:1099F000DE21AA2092B29BB200F0C2FC894A238ADF
:109A000011789BB2994213D0218A238A28469BB2AF
:109A10001170002B50D1844900F0ACFF804B0095B1
:109A20001A891B88CE21D22092B29BB200F0A8FCEA
:109A30007E4A238B1178DBB299421AD0218B238B7B
:109A40002846DBB2032B117000F05A81042B00F082
:109A50008081022B40F04881754900F08BFF704BEC
:109A600000951A891B88CE21B42092B29BB200F0D7
:109A700087FC704AA38B1178DBB299421AD0A18B74
:109A8000A38B2846DBB2022B117000F03581032B2B
:109A900000F06381012B40F02B81674900F06AFFE1
:109AA0005F4BDE211A891B88C82000959BB292B2B9
:109AB00000F066FC04B070BD604900F05BFFADE7EC
:109AC000642240F2FE7023890B8023895C491BB21B
:109AD000A3F5006302FB03F381FB032183421944D6
:109AE0004FEAE372C2EBA122CEBF52214C21524277
:109AF000544B12B292B2A3FB02038DF808105249E4
:109B00005B09A1FB0260A1FB036CC008A1FB006123
:109B10004FEADC0C0CEB8C0CA3EB4C03C90801EBFB
:109B200081013033A0EB4101DBB23031302BC9B2BF
:109B300000F0FA808DF809302520434B8DF80A108B
:109B4000A3FB0263DB0803EB83033549A2EB43036A
:109B5000009530330A898DF80B300B888DF80C0096
:109B6000DE21022092B29BB200F044FC14E764268E
:109B7000A388A188138089B206FB01F1334A314BD7
:109B8000A2FB0162891A02EB51022F48C2F3CF22D5
:109B9000A3FB0213A0FB02615B09CE08A0FB031C20
:109BA000A0FB06014FEADC0000EB8000A3EB4003C2
:109BB000C90801EB81013033A6EB4101DBB2303142
:109BC000302BC9B200F0BE808DF8083025208DF80A
:109BD000091000211C4B0095A3FB0263DB0803EB7B
:109BE0008303A2EB430330338DF80A300C4B8DF81E
:109BF0000B001A891B888DF80C107A20DE2192B296
:109C00009BB200F0F7FBD5E670000320663E032010
:109C1000623E0320643E03205D3E0320289201083B
:109C2000683E0320603E0320309201085E3E032020
:109C3000389201085F3E0320049201083492010823
:109C4000010210801F85EB51CDCCCCCC010110005E
:109C5000642123882088138080B201FB00F0434AEE
:109C6000434BA2FB0012801A02EB5002414EC2F39A
:109C7000CF22A3FB0213A6FB02015B094FEAD10C22
:109C8000A6FB0310A6FB0C61C00800EB8000A3EB51
:109C90004003C90801EB81013033ACEB4101DBB279
:109CA0003031302BC9B246D08DF8083025208DF8E0
:109CB000091000212F4B0095A3FB0263DB0803EB87
:109CC0008303A2EB430330338DF80A302A4B8DF81F
:109CD0000B001A891B888DF80C104220DE2192B2ED
:109CE0009BB200F087FB5EE6244900F043FEB6E637
:109CF000234900F03FFED3E6224900F03BFECFE6C9
:109D0000214900F037FEAAE6204900F033FE6BE659
:109D10001F4900F02FFE67E61E4900F02BFE63E6A8
:109D20001D4900F027FE5FE62023302908BF1946B1
:109D30008DF8093000E72023302908BF19468DF837
:109D40000830B3E72023302908BF19468DF80830C2
:109D50003CE7124900F00EFE81E6114900F00AFED0
:109D60009EE6064900F006FE3EE600BF0101100037
:109D70001F85EB51CDCCCCCC683E0320309201083E
:109D80004C920108449201083C9201082C9201086F
:109D90001C920108209201082492010840920108B7
:109DA00048920108704700BF0022014B1A707047AB
:109DB000783E0320274B9B78012B00D070477523FA
:109DC00070B5254E88B030880DF1010180B28DF854
:109DD000003000F099FC6D46B388441CE4B22919A8
:109DE00098B200F091FC33890444E4B2291998B286
:109DF00000F08AFC337B0444E4B22919184600F0D1
:109E0000BBFCF38B0444E4B22919D8B200F0B4FCD3
:109E1000338A0444E4B22919D8B200F0BDFCB37D02
:109E20000444E4B22919184600F0B6FCB38B04448C
:109E3000E4B22919D8B200F0AFFC02460D23144455
:109E4000E4B2611C68466C44C9B2237000F096FB12
:109E500008B070BD1001032070000320034600B558
:109E60001BBA83B001224FF480510F48019302F0D6
:109E700035FD002204210C4802F030FD04220B4B7A
:109E80000DEB0201186805F0E7FC30B10122042156
:109E9000054802F023FD03B000BD4FF0FF32012161
:109EA00009F056FFF2E700BF00040242803E0320A3
:109EB000034600B5002283B04FF480510F488DF85F
:109EC000073002F00BFD002204210C4802F006FDD1
:109ED0000B4B012218680DF1070105F0BDFC30B1F4
:109EE00001220421054802F0F9FC03B000BD4FF047
:109EF000FF32012109F02CFFF2E700BF000402420B
:109F0000803E032038B504460D4601224FF48051AF
:109F10000D4802F0E3FC002204210B4802F0DEFCB5
:109F20000A4B2A462146186805F096FC30B1BDE878
:109F3000384001220421044802F0D0BC4FF0FF3227
:109F4000012109F005FFF2E700040242803E0320F0
:109F5000024A034B10601960704700BF803E032027
:109F60007C3E0320002100B5084B83B01B6801AA8A
:109F7000186801910AF08EF8019B2BB14FF0E02395
:109F80004FF08052C3F8042D03B000BD7C3E032087
:109F900000234FF470424FF4784C00B54FF4005159
:109FA0004FF0550E2E4889B006904FF4FA708DF898
:109FB000003004928DF804E00592ADF808C0ADF8C9
:109FC0001C30ADF80C1007F0BDFF0120FFF770FF4B
:109FD000322007F0B7FF1120FFF76AFF322007F0A9
:109FE000B1FF2120FFF764FF3620FFF761FF012159
:109FF0006846FFF787FF3A20FFF75AFF012101A8C3
:10A00000FFF780FF2A20FFF753FF042104A8FFF782
:10A0100079FF2B20FFF74CFF042105A8FFF772FF03
:10A020001320FFF745FF2920FFF742FFB020FFF77D
:10A030003FFF022102A8FFF765FF3320FFF738FF3B
:10A04000062106A8FFF75EFF3720FFF731FF022148
:10A0500003A8FFF757FF2C20FFF72AFF09B000BD28
:10A0600000200120034600B5074983B05ABA3720C3
:10A070000B80ADF80420FFF71BFF022101A8FFF7BA
:10A0800041FF03B000BD00BF0A0103201249134B7A
:10A090000A8800B51044A3FB00231B0A03EB8303CB
:10A0A000A0EB83131F2B83B011DD9AB2C3F3072CEF
:10A0B000DBB237200A808DF804C08DF80530FFF739
:10A0C000F7FE022101A8FFF71DFF03B000BD20220B
:10A0D0004FF0000C1346ECE70A010320CDCCCCCCAA
:10A0E00070B500258E462946BDF810601A4C66F3FF
:10A0F0000F0566F30F0166F31F4566F31F4103FB6F
:10A1000002F604F5007CC4E9005108346445FAD134
:10A1100085180EEB0304013D45EA0045013C2A2069
:10A1200044EA0E44FFF7C4FE2846FFF797FE2B20B3
:10A13000FFF7BEFE2046FFF791FE2C20FFF7B8FE8A
:10A140004EB100244FF40071034804F58074FFF70A
:10A15000D9FEA642F6D870BD78BB01202DE9F04F9C
:10A1600088461D46064683B0BDF83070BDF8349071
:10A17000A2EB000B1FFA8BFBA5EB080A3B4614462B
:10A180001FFA8AFA5A46CDF80090FFF7A9FF534606
:10A190003A4641463046CDF80090FFF7A1FFE91B53
:10A1A0005A4630463B46CDF8009089B2FFF798FFFB
:10A1B00053463A464146E01B80B2CDF8309003B09A
:10A1C000BDE8F04FFFF78CBFF8B50746BD18CC18B7
:10A1D000013D03FB02F62A2045EA0745013C44EA1B
:10A1E0000144FFF765FE2846FFF738FE2B20FFF7F6
:10A1F0005FFE2046FFF732FE76002C20FFF758FE68
:10A20000A6B134464FF6FF75069B9F19AC42214616
:10A2100028BF2946381B89B2FFF774FE2346EB1A84
:10A22000A4F57F44F342A4F1FF04EFD2F8BD00BFD0
:10A230002DE9F0410646254882B0006806F10F0876
:10A24000019048EA06482A2001F10F0646EA014635
:10A2500015461C469DF82070FFF72AFE4046FFF782
:10A26000FDFD2B20FFF724FE3046FFF7F7FD2C20E5
:10A27000FFF71EFE0198164A00EB471302F5007621
:10A28000A3F2FF331046002113F801CC93F800E04D
:10A290000EEB0C2E1FFA8EFE4EFA01FC1CF0010F85
:10A2A00014BFAC46A4460131102920F802CDF3D1E9
:10A2B0002032964203F10203E4D14FF400710548C5
:10A2C00002B0BDE8F041FFF71DBE00BFD054010849
:10A2D00098BB012078BB01202DE9F04106462548B6
:10A2E00082B0006806F10A08019048EA06482A2070
:10A2F00001F10D0646EA014615461C469DF8207000
:10A30000FFF7D6FD4046FFF7A9FD2B20FFF7D0FD54
:10A310003046FFF7A3FD2C20FFF7CAFD0198164A2F
:10A3200000EB471302F59A76A3F2FF3310460F2194
:10A3300013F801CC93F800E00EEB0C2E1FFA8EFE02
:10A340004EFA01FC1CF0010F14BFAC46A4460139C3
:10A35000042920F802CFF3D11632964203F102030A
:10A36000E4D14FF49A71054802B0BDE8F041FFF71F
:10A37000C9BD00BFD054010876BB012078BB0120C5
:10A380002DE9F04F85B0DDF83890039299F8005030
:10A390005DB380468A469B4606460024144F17E06C
:10A3A0000A2D17D0E02E5B46039A04D94646F8885A
:10A3B00050441FFA80FA3046009551460134FFF7A9
:10A3C00037FFA4B2BB8819F8045033449EB265B17C
:10A3D0000D2DE5D10134FB88A4B219F80450534483
:10A3E00046461FFA83FA002DF2D105B0BDE8F08F82
:10A3F000D05401082DE9F04F85B0DDF83890039274
:10A4000099F800505DB380468A469B460646002474
:10A41000144F17E00A2D17D0E02E5B46039A04D99B
:10A420004646F88850441FFA80FA30460095514657
:10A430000134FFF751FFA4B2BB8819F8045033442C
:10A440009EB265B10D2DE5D10134FB88A4B219F897
:10A450000450534446461FFA83FA002DF2D105B04A
:10A46000BDE8F08FD05401082DE9F0414FF0000C09
:10A4700004460D4616461F4686B00DF10C084146AF
:10A480000C988DF814C000F009F93B463246294675
:10A490002046CDF80080FFF7ADFF06B0BDE8F081A3
:10A4A000014B1860704700BF843E0320704700BF17
:10A4B00000B5054B83B0186801A905F00DF89DF8AB
:10A4C000040003B000BD00BF843E032000B5044B70
:10A4D00083B0186801A904F0FFFF019803B000BD24
:10A4E000843E0320024A936801339360704700BFA3
:10A4F00010010320024608B5054B064901201A60E9
:10A5000007F02EFF044B054A05491860116008BD8D
:10A51000DC3E03208C3E0320883E03203C3F03208A
:10A52000E5A40008002238B505460C461046012176
:10A5300009F00EFC2846A1B20AF01AFC70B941F2EB
:10A54000883406E001220020114609F001FC013C9C
:10A5500009D00AF0F1FB0028F4D138BD064AD368CF
:10A560000133D36038BD044A936801339360BDE87A
:10A5700038400AF0EFBB00BF10010320F8B50746D2
:10A580000D46174C4FF0FF31206807F0A7FF012858
:10A59000F8D1144E3368186808F086F9A8420BD237
:10A5A000002320681A46194607F03EFE01200E4A95
:10A5B000D3680344D360F8BD32680023394610687D
:10A5C0002A4608F093F902460023206814461946EB
:10A5D0001A4607F029FEA542E8D10020F8BD00BFC9
:10A5E000883E0320DC3E03201001032010B5044CFC
:10A5F0004FF0FF31206807F071FF0128F8D110BD3E
:10A60000883E03200023034A194610681A4607F0C3
:10A610000BBE00BF883E032070B50D4E0546326864
:10A620000C46106808F040F9A04205D20120094A02
:10A63000D3680344D36070BD3068002322462946A6
:10A64000006808F053F98442F0D1002070BD00BFCB
:10A65000DC3E03201001032010B5044600F092F9FF
:10A6600001462046BDE81040FFF788BF00B583B023
:10A6700001A900F081F8022101A8FFF77FFF03B0D4
:10A6800000BD00BF00B583B0694600F007F808219F
:10A690006846FFF773FF03B000BD00BF4FF0000C2A
:10A6A000034610B5E646174AC3F30334145D082089
:10A6B00064F3070C1C0F145D64F3070EC3F303244B
:10A6C000145D64F30F2CC3F30364145D64F30F2E65
:10A6D000C3F30314145D64F3174CC3F30354145D04
:10A6E00064F3174E03F00F04C3F30343145DD35C0C
:10A6F00064F31F6C63F31F6EC1F800E0C1F804C07F
:10A7000010BD00BF24BD01080346094AC3F3032C52
:10A7100012F80CC0032081F800C0C3F3031C03F03F
:10A720000F0312F80CC0D35C81F801C08B70704726
:10A7300024BD01080346002210B40E4C4FEA133C1E
:10A7400014F80CC004206CF30702C3F3032C14F8B4
:10A750000CC06CF30F22C3F3031C14F80CC003F0FD
:10A760000F03E35C6CF3174263F31F625DF8044B65
:10A770000A60704724BD01080346064A4FEA131CCD
:10A7800003F00F0312F80CC0D35C022081F800C064
:10A790004B70704724BD01080346034A03F00F03C2
:10A7A000D35C01200B70704724BD010850EA0103FF
:10A7B00005D13021002301201170537070472DE91D
:10A7C000F0478A464FF0000911464FF0CC38052675
:10A7D0001F4C0B4610EB0A0C4CF1000CA4FB0C15A3
:10A7E00025F0030101EB9501ACEB010CB0EB0C057E
:10A7F00008FB05F10746A5FB040E6AF1000504FB02
:10A8000005115546714400F0010E4008AEFB06EA02
:10A8100040EAC1704FEA510A19461EEB0C0E0A2F8E
:10A820000EF1300E75F1000501F801EBD1D2881A56
:10A830009A4281F80090C0B207D211781C7802F8D1
:10A84000014B03F801199A42F7D3BDE8F08700BF26
:10A85000CDCCCCCC014A0378D05C704734BD010824
:10A86000044B027841789A5C585C00EB0210C0B24D
:10A87000704700BF34BD010800B50A4A437801782B
:10A88000D35C90F803E0515C90F802C01B0212F810
:10A890000E0003EB013312F80C20184400EB0210F9
:10A8A00080B200BD34BD0108064A43780178D35C0C
:10A8B0008078515C105C1B0103EB0123184480B2CB
:10A8C000704700BF34BD0108124A437890F800C0B9
:10A8D0008178D35C12F80CC0515C1B0603EB0C733F
:10A8E00090F803C003EB0153017912F80CC0515CDE
:10A8F00003EB0C4390F805C003EB0133817912F8A8
:10A900000CC0C079515C105C03EB0C2303EB01130A
:10A910001844704734BD0108014BC0B2185C704741
:10A9200014BD0108704700BF0AB10AF0C5BC7047EA
:10A930004AB1013A4B1E0138114413F8012F8B42E2
:10A9400000F8012FF9D170477AB1013A431E01395D
:10A95000104401E0834208D013F801CF11F8012F11
:10A960009445F7D003D901207047002070474FF07D
:10A97000FF307047421E11F8013B02F8013F002BE7
:10A98000F9D1704708B503782BB10130F5F758FCC1
:10A99000013080B208BD184608BD00BF88B179B14A
:10A9A00003781BB915E010F8013F5BB18C4611F834
:10A9B000012B9A42F7D0981AB0FA80F040097047FC
:10A9C000084670479CF80120981AB0FA80F04009B8
:10A9D00070470A78EFE700BFA2B10244431E013975
:10A9E00002F1FF3C02E060B163450BD013F8010FA8
:10A9F00011F8012F9042F6D001D9012070474FF095
:10AA0000FF3070470020704710B5144658B30278E5
:10AA100002B301F1FF3C614601E0934216D011F808
:10AA2000013F002BF9D1427800F1010E5AB1614685
:10AA300001E0934212D011F8013F002BF9D11EF82A
:10AA4000012F002AF3D11346236010BD10F8012F07
:10AA5000002AE0D100232360002010BD00227346AD
:10AA600003F8012BF0E710680028D0D1F4E700BF0D
:10AA700030B505460AB10023137005B32C78F4B144
:10AA8000002007E0DBB28B4219D215F8014F00FB22
:10AA90000130B4B1A4F13003DBB2092BA4F1410CB5
:10AAA000F1D9BCF1050FA4F1610EA4F13703E9D986
:10AAB000BEF1050F03D8573CE3B28B42E5D300202B
:10AAC00030BD002AFCD00123137030BD024620B9EE
:10AAD000302301204A700B7070478C4630B5124D00
:10AAE0009646A5FB0240C00800EB8004A2EB44029E
:10AAF00002F13004BEF1090F634602460CF8014B27
:10AB0000EED80022ACEB01009942C0B28CF80020D4
:10AB100008D20A7893F800C001F801CB03F80129A4
:10AB20009942F6D330BD00BFCDCCCCCC10B50F4B85
:10AB300082B0186E002240F0010018661C6E0721DA
:10AB400004F001040094009C9C6D6FF0010044F03F
:10AB500080549C659B6D03F080530193019B00F032
:10AB6000C1FB02B0BDE8104003F04ABA0010024039
:10AB7000094B02689A4200D07047A3F500539A6CC3
:10AB800082B042F480529A649B6C03F48053019328
:10AB9000019B02B0704700BF00300240000000007F
:10ABA00010B500210446ACB0942207A8CDE90211EB
:10ABB000CDE9041106910AF07FFB274B22689A42E7
:10ABC00001D02CB010BD4FF000724FF0807307A879
:10ABD0000792219304F0F2F8002832D19FED1A6B0E
:10ABE0009FED1B7B09241D4B02A9DA6D1C4842F422
:10ABF0000072DA65DA6D02F400720092009ADA6C83
:10AC000042F00202DA64DB6C8DED026B03F00203AA
:10AC100001938DED047B019B069401F0ABFC0022B7
:10AC20000521272000F05EFB272000F095FB002285
:10AC30000521282000F056FB282000F08DFB2CB0C9
:10AC400010BDF6F739F9C9E7000300000200000063
:10AC5000000000000000000000A4004000100240BE
:10AC60000004024208B502680A4B9A4200D008BDAF
:10AC7000094A4FF44071D36D084823F40073D3653B
:10AC800001F07EFD272000F075FBBDE8084028207C
:10AC900000F070BB00A4004000100240000402421B
:10ACA00010B50446A6B09422002101A80AF004FBC6
:10ACB000114B22689A4201D026B010BD4FF4802378
:10ACC00001A8019304F07AF898B90C4B0022D86CD3
:10ACD000052140F48020D864DB6C5E2003F48023DF
:10ACE0000093009B00F0FEFA5E2000F035FB26B0DA
:10ACF00010BDF6F7E1F8E8E700080C42001002404A
:10AD0000F0B50024414B026889B09A42CDE9024473
:10AD1000CDE90444069401D009B0F0BD03F5EC334D
:10AD20009A6D052642F480429A659A6D032702F4D3
:10AD300080420092009ADA6C054642F00202DA6420
:10AD4000DB6C4FF4204203F00203019302230199CC
:10AD50002F4802A9CDE90223CDE9057601F00AFCCE
:10AD600002224FF48043CDE902320123284802A990
:10AD700006960493059701F0FDFB80230E21102217
:10AD8000244EC6E90343244B3046C6E90112C6E906
:10AD90000544C6E90744336000F0B2FB48BB10210C
:10ADA0001C4800F05DFD68BB002380220D211B4C78
:10ADB0006E65C4E90233C4E90423C4E9063323629F
:10ADC000174B2046B5626160236000F099FBB0B973
:10ADD0001021124800F044FD70B9002205213C20EA
:10ADE000AC65A56200F07EFA3C2000F0B5FA09B02F
:10ADF000F0BDF6F761F8D2E7F6F75EF8EDE7F6F7A3
:10AE00005BF8E5E7F6F758F8CEE700BF00380040FA
:10AE10000004024278250320080002401025032088
:10AE20001C00024000B5036887B0B3F1804F0DD01D
:10AE30002E4A934238D02E4A934214D02D4A934240
:10AE400026D02D4A934244D007B000BD03F5043309
:10AE50009A6D42F001029A659B6D03F00103019324
:10AE6000019B07B000BD254B0022986D052140F0E5
:10AE7000200098659B6D322003F020030393039B11
:10AE800000F030FA322007B05DF804EB00F064BA4D
:10AE90001A4B1A6E42F400321A661B6E03F400332A
:10AEA0000493049B07B000BD144B0022986D05214C
:10AEB00040F0100098659B6D312003F01003029361
:10AEC000029B00F00FFA312007B05DF804EB00F0B0
:10AED00043BA0A4B1A6E42F480221A661B6E03F4C0
:10AEE00080230593059B07B000BD00BF0010004004
:10AEF000001400400044014000480140001002409E
:10AF000010B500210446AEB0942209A8CDE9041181
:10AF1000CDE9061108910AF0CFF92D4B22689A422B
:10AF200001D02EB010BD4FF4005309A8099303F0CF
:10AF300045FF00283FD19FED226B9FED237B0A2226
:10AF4000244C2548E36C04A943F00103E364E36C5B
:10AF50008DED046B03F001030193019B8DED067BE6
:10AF6000089201F007FBE36D43F40013E365E36D22
:10AF700003F400130293029BA36DDB0018D4A36DAE
:10AF800043F08053A365A36D03F080530393039BA9
:10AF900003F02EF8A36D23F08053A3650022052152
:10AFA000492000F09FF9492000F0D6F92EB010BDDD
:10AFB00003F01EF8F2E7F5F77FFFBCE7AFF3008080
:10AFC0000018000002000000000000000000000067
:10AFD00000D40040001002400000024210B50146BB
:10AFE00088B000222A2000F07DF92A2000F0B4F970
:10AFF000154B01A91A6E03A842F400621A661B6E73
:10B00000124C03F400630293029B03F0CFFD03F0A4
:10B01000B5FD0346002140F2E7300D4A2161A2FB55
:10B020000323A1609B0C0B49E060013B204621609B
:10B03000636005F005F810B1012008B010BD20468E
:10B0400004F00EFE08B010BD00100240E03E0320E8
:10B0500083DE1B43002C0140FEE700BFFEE700BF7C
:10B06000FEE700BFFEE700BFFEE700BF704700BF7E
:10B07000014800F083BB00BF78250320014800F0A1
:10B080007DBB00BF10250320014800F097BF00BF23
:10B0900040270320014800F091BF00BF4027032054
:10B0A000014804F0CDBE00BFE03E0320014804F09B
:10B0B000C7BE00BF78240320014804F0C1BE00BF12
:10B0C0002C240320014801F019BC00BFEC2603200A
:10B0D000014801F0B1BD00BFEC260320014804F097
:10B0E00095BC00BFE0250320014805F073B800BF00
:10B0F00058260320014801F0FBBF00BFB820032001
:10B10000014800F03BBB00BFC8270320014804F002
:10B1100063B900BF442603200D49034610B50D4A0C
:10B120000D4C0868121B20B10344934207D80B60F2
:10B1300010BD0A4C2046034493420C60F7D90AF034
:10B1400031F90C2203464FF0FF301A6010BD00BFEA
:10B150002C3F03200000042000100000C8730320CF
:10B16000034AD2F8883043F47003C2F8883070473D
:10B1700000ED00E0254B25491A68120754BFD3F8AB
:10B1800094301B688A6858BFC3F3032302F00C0293
:10B1900048BFC3F30313082A12D01D480C2A50F8E5
:10B1A00023300FD01B49042A08BF0B46174A1A4800
:10B1B00092681A49C2F30312825CD3400B60704755
:10B1C000174BF3E7C868CA6800F00301C2F3031223
:10B1D000022902F1010211D0032913D0B3FBF2F1CD
:10B1E0000A4AD368D268C3F3062301FB03F3C2F310
:10B1F000416201325200B3FBF2F3D7E70549B1FBDC
:10B20000F2F1EDE70649B1FBF2F1E9E70010024087
:10B2100034BE01080024F4007CBE01082001032094
:10B2200080969800DFF834D0FFF79AFF002103E002
:10B230000B4B5B58435004310A480B4B42189A425F
:10B24000F6D30A4A02E0002342F8043B084B9A4234
:10B25000F9D30AF0ADF8F5F721FBFEE70000042072
:10B26000B0BE0108000003209803032098030320C8
:10B27000C4730320FEE70000042010B500F020F89E
:10B28000FFF778FF0020FFF7A9FE10B10124204648
:10B2900010BD0446FFF74AFC204610BD034A044B8C
:10B2A00011681B780B441360704700BF303F0320C8
:10B2B00024010320014B1868704700BF303F032072
:10B2C0004FF6FF0C06490302CA6803F4E06302EA82
:10B2D0000C02134343F0BF6343F40033CB60704769
:10B2E00000ED00E01A4B00B5DB68C3F30223C3F1A5
:10B2F000070EBEF1030F03F1030C28BF4FF0030E3E
:10B30000BCF1060F1BD9A3F1040C4FF0FF3303FA75
:10B310000CF322EA03024FF0FF3303FA0EF321EAA3
:10B32000030303FA0CF313435B010028DBB209DBD0
:10B3300000F1604000F5614080F8003300BD00225C
:10B340009446E8E7034A00F00F000244137600BD7C
:10B3500000ED00E0FCEC00E0002807DB012300F03A
:10B360001F01034A40098B4042F82030704700BF5C
:10B3700000E100E000280CDB01220649430900F04F
:10B380001F002033824041F82320BFF34F8FBFF3CB
:10B390006F8F704700E100E0BFF34F8F0549064B08
:10B3A000CA6802F4E0621343CB60BFF34F8F00BF63
:10B3B000FDE700BF00ED00E00400FA05002836D0EC
:10B3C00038B5437F044603F0FF0263B302222379BA
:10B3D0006277F3B92368174A5A619A6822F0180213
:10B3E0009A6062798AB122691A6101219A68656955
:10B3F00022F060022A439A609A68A56922F08002CE
:10B400002A439A606177002038BD4FF0FF321A61FD
:10B41000EBE72046D4E9021200F00EF808B92368E1
:10B42000DFE7012038BD0277FFF7A2FBCEE701205E
:10B43000704700BFB71DC104CB071AD51E2310B437
:10B4400001E0013B17D321FA03FC1CF0010FF8D0F7
:10B45000182A11D8DFE802F0161010101010101082
:10B4600024101010101010102110101010101010B7
:10B470001400012070472AB101205DF8044B704789
:10B48000062BF9D8046800206161A36823F0180333
:10B490001343A3605DF8044B7047072BF2D9EBE729
:10B4A0000F2BEFD9E8E700BF11490368C26C8B424C
:10B4B00088BF104922F0030294BF02F1804189182D
:10B4C0004FF0010210B4DBB20B4CA3F10803A4FB54
:10B4D00003430A4CC3F3041398BF01F5023102FA87
:10B4E00003F3C0E9141483655DF8044B704700BF93
:10B4F0000704024020080240CDCCCCCC800802409A
:10B5000000285ED00268304B70B59A42044646D996
:10B510002E4B2F491344A1FB03132E481B099B00FC
:10B520000221C4E91203D4E9025320692B430343E7
:10B53000606984F825100343A06911680343E0693A
:10B540006FF310110343206A03430B43204613603B
:10B55000FFF7AAFFD4E91461B5F5804FA06D27D09D
:10B560006368DAB2013B032B3260486024D80121C2
:10B570000020194B194D1344013A01FA02F21849FF
:10B580009B00E3656266256618604A640023012219
:10B59000636484F8243084F82520184670BD114B6C
:10B5A0000B491344A1FB03131B090F489B00B7E78A
:10B5B00000236360336048600023C4E91733636687
:10B5C000E4E70120704700BF07040240F8FBFDBF1D
:10B5D000CDCCCCCC000402403F8200104009024098
:10B5E00000090240F8FFFDBF00000240F0B590F8EE
:10B5F0002440012C0AD04FF0010C90F8254080F82F
:10B6000024C0644504D0002380F824300220F0BD1B
:10B610000026D0E9157C4FF0020E046880F825E082
:10B6200046642668C56D26F001062660C7F804C08A
:10B6300015B1D0E9186777600126C76C07F01C0CBC
:10B64000876C06FA0CF67E6063608368102B036BD0
:10B650000BBFA260A160E160E260B3B1236843F078
:10B660000E032360036D1A68D20303D51A6842F4EF
:10B6700080721A601DB12B6843F480732B602368BD
:10B68000002043F001032360F0BD236823F004038E
:10B690002360236843F00A032360E3E790F8252042
:10B6A0000346022A06D004225A640022012083F8AD
:10B6B00024207047026870B4046D1068D96C20F0C3
:10B6C0000E00106020689E6C20F48070206010686E
:10B6D00001F01C0120F0010010600122D3E91545A2
:10B6E000D86D8A407260656030B1D3E91814026881
:10B6F00022F4807202604C60012283F8252000222F
:10B7000083F82420002070BC704700BF90F82520EB
:10B710000346022A03D0042201205A6470470268BB
:10B7200070B5046D1068D96C20F00E0010601068C0
:10B730009E6C20F0010010602268D86D22F48072A7
:10B7400022600122D3E9154501F01C018A40726094
:10B75000656030B1D3E91814026822F48072026087
:10B760004C60012000211A6C83F8250083F8241016
:10B770000AB118469047002070BD00BF0421F0B404
:10B78000C26C866C02F01C02356804689140294244
:10B790000346276812D017F0040F0FD02268170451
:10B7A00039D42268950603D4226822F0040222606C
:10B7B0001A6B716092B1F0BC18461047022191409B
:10B7C00029420DD0B8070BD5226812F4004F226829
:10B7D00029D0D4033CD45A6B002AECD1F0BC70477A
:10B7E000082191402942F9D03907F7D52168002076
:10B7F00021F00E0121600121DC6B01FA02F272607E
:10B80000596483F8240083F82510002CE6D01846EC
:10B810002346F0BC184771602268D60314D4036B2A
:10B82000002BF6D1DAE7900606D4226822F00A024D
:10B830002260012283F825200020DA6A716083F8F3
:10B840002400002AB7D1C9E7836B002BE1D1C5E7FB
:10B85000DA6A002AAFD1C1E790F82500704700BF2F
:10B8600060B10368C8061A6805D5C9024CBF42F426
:10B87000801222F4801200201A6070470120704765
:10B88000002800F0D78038B590F85C30044603F00B
:10B89000FF02002B70D02268936923F0100393619C
:10B8A000FFF708FD054604E0FFF704FD401B0A28EA
:10B8B00059D823689A691107F6D49A6942F00102AF
:10B8C0009A61FFF7F7FC054604E0FFF7F3FC401B25
:10B8D0000A2848D823689A69D207F6D59A69606819
:10B8E000574942F002029A610860227C012A9A6953
:10B8F0000CBF22F0400242F040029A61627C012AB1
:10B900009A690CBF42F4804222F480429A61A27C80
:10B91000012A9A690CBF22F4805242F480529A6143
:10B920009A69A06822F4407202439A619A69E168B8
:10B9300022F0A4029A611A69012922F010021A6108
:10B940001FD011B302299A6976D042F080029A6121
:10B950001A69032942F010021A6116D19A6942F05D
:10B9600020029A6111E00322236E012043F00103BB
:10B97000236684F85C2038BD80F85D20FFF710F95D
:10B9800089E79A6942F004029A61D4E90612013A01
:10B990000139120242EA4162216AB0F5407F01F1A9
:10B9A000FF3142EA0102616901F1FF3142EA0142DD
:10B9B000DA610ED1D4E90B02A16A013A0138120111
:10B9C000013942EA00220A43616A013942EA01422E
:10B9D000DA60D3F8C020E06B616B0243C3F8C0208B
:10B9E000D3F88020174822F4F81242EA014220647A
:10B9F000C3F88020D3F88020A16B134D22F0706231
:10BA000042EA01626564C3F88020104B104940355A
:10BA1000C4E91253F033C4E914134FF454720021F3
:10BA200009F04AFC00230122236684F85C201846B2
:10BA3000A36538BD0120704742F020029A61A4E757
:10BA400000A5004000AC004070AC004088AD004054
:10BA500060AE004090F85C200346013A012A05D907
:10BA60001A6E012042F002021A6670478A6870B4AA
:10BA7000D1E9035448699207D1E9006156B942EA15
:10BA8000C56202431B6C42EA0442002070BC43F8CA
:10BA9000212070475B6C44EA457443F83140104301
:10BAA00003EBC103586070BC00207047844690F8D7
:10BAB0005C00012807D0DCF86030012043F004036B
:10BAC000CCF86030704710B40198DCF8004040EAD0
:10BAD0004303D4F8800043EA820242EA011120F0D5
:10BAE0003F030B430020C4F880305DF8044B7047DF
:10BAF00090F85C200346012A05D01A6E012042F01E
:10BB000004021A66704702680020936923F4004318
:10BB10009361704790F85C200346012A05D01A6EA5
:10BB2000012042F004021A667047026800209369FF
:10BB300043F400439361704790F85C200346012A68
:10BB400005D01A6E012042F004021A6670470222E4
:10BB5000002110B4046880F85C20A269084622F035
:10BB60000102A2615DF8044B1966704790F85C30E1
:10BB70000146022B17D10268936943F001039361D8
:10BB80009369DB0758BF0B2313D49069C00710D407
:10BB9000013BFAD103220B6E012043F001030B6637
:10BBA00081F85C207047036E43F0080303660120B0
:10BBB0007047936923F01003936193691B0748BF93
:10BBC0000B2305D59069000702D5013BFAD1E1E7C7
:10BBD0004FF0010C10B400249369204643F0020397
:10BBE000936181F85CC08C655DF8044B704700BFC1
:10BBF00088B110B50446FFF7B9FF22682046D36D1F
:10BC000023F00303D365FFF72DF80023236684F8A0
:10BC10005C30184610BD0120704700BFF0B590F8A9
:10BC20005C308646022B0BD10568D5F8C43013F47E
:10BC3000001C0BD0036E43F4007303660120F0BDBB
:10BC4000036E43F0080303660120F0BDD5F8C4601D
:10BC50004B680C6988680F68C6F30146002B37D122
:10BC6000044344EA8744D1E906030343486906EBE9
:10BC7000C6070343086A43EA0063C86843EA00430F
:10BC8000DEF8540040F8374000EBC7004360134C27
:10BC9000CB68E35CA3B19378D7781B0443EA0763CE
:10BCA000177804323B4312F8037C43EA07230CEB7A
:10BCB0000007BB60CB680CF1040CE35C9C45EAD345
:10BCC0000123B340C5F8CC300020CEF85830F0BD89
:10BCD0003C43044344F08044C5E700BF8CBE0108E8
:10BCE0002DE9F04190F85C40022C64D140290568B0
:10BCF0006DD0D5F89840270764D0D5F89870D5F85E
:10BD00009840C7F30128E60107D5D5F88040E4053F
:10BD100044BF08F1010707F00308C46C08EBC8062C
:10BD200004EBC604266806F080465660D4F800C0CE
:10BD3000002E66D1CCF38A461660266806F00056BF
:10BD40009660266806F000461661A688D661B4F8AB
:10BD500006C00CF00F0CC2F80CC0666806F4801622
:10BD60005661666806F400169661E67906F07F066D
:10BD70001662274E676816F80CE04FEAD77CC2F8C7
:10BD800024C0BEF1000F10D0013B04F1070EF446B1
:10BD90001EF8015FACF1060C03F8015FD568ACEB4F
:10BDA000040C755D6545F2D8056840292CD0C5F8AE
:10BDB0009C80002004E0036E43F00803036601202A
:10BDC000BDE8F081036E43F480730366F7E7D5F8AE
:10BDD00090402707F6D0D5F89070D5F89040C7F37B
:10BDE0000128E60107D5D5F88040A40544BF08F135
:10BDF000010707F00308846C08EBC80604EBC604CF
:10BE000090E72CF0604697E7C5F89480D1E700BF33
:10BE10008CBE010803461B6830B45B6C002003F045
:10BE20000704C3F30222C1E90042C3F34014C3F381
:10BE30008012C1E90342C3F3C014C3F3C022C1E9B5
:10BE40000542C3F30034C3F3403203F01805C1E9DF
:10BE50000742C3F38032C3F306438D60C1E909236F
:10BE600030BC7047034630B41B6800201B6CDCB24A
:10BE7000C3F3C035C3F30622C3F30743C1E900424D
:10BE80008D60CB6030BC7047036840290CBFD3F88D
:10BE90009000D3F8980000F00F0070470368D3F8C3
:10BEA000C40000F007007047034690F85C000138BA
:10BEB000012805D91A6E012042F002021A66704765
:10BEC0001B6870B411F00705986D01F0380420D09C
:10BED000C6071ED4DD6D45F00105DD650CB3840792
:10BEE0001FD5D86D40F00200D8650C0604D5D3F8F4
:10BEF000DC001043C3F8DC00C80504D5D3F8E0002B
:10BF00000243C3F8E0205A6D002070BC0A435A6512
:10BF1000704704B386071ED4DE6D46F00106DE6569
:10BF200025BB11F4E07F01D04607DAD411F4F05FAD
:10BF300001D00507D5D411F4604F01D0C406D0D488
:10BF400011F4403F01D08606CBD411F47C0FCCD045
:10BF50004506C6D4C9E711F4E07F0AD0460708D4E5
:10BF6000DE6D46F00106DE65002DB7D0C507B5D5FC
:10BF7000B7E711F4F05F01D00607F1D511F4604F77
:10BF800001D0C606ECD511F4403F01D08606E7D5B6
:10BF900011F47C0FE8D04606E2D5002D9ED0E5E7EF
:10BFA000704700BF704700BF704700BF704700BFB9
:10BFB000704700BF704700BF704700BF2DE9F84FC2
:10BFC000036804461A6D596D02EA010A1A6D596D2B
:10BFD0000AF4E05A02EA01091A6D596D1E6D02EA6F
:10BFE00001085A6D1F6D16405A6DD3F854B01D6D7F
:10BFF0001740690609F0070908F0380806F47106C9
:10C0000007F4602702D51BF0400F73D1EA0502D573
:10C010001BF4807F5DD1BAF1000F4AD1B9F1000F56
:10C0200035D1B8F1000F3CD1AB0502D51BF4007F30
:10C0300075D1280602D51BF0800F78D1A90402D54E
:10C040001BF4005F5BD12A0402D51BF4004F5ED1C4
:10C050006B040AD51BF4804F07D04FF4804223684D
:10C060001A65236E43F0800323664FB926B1236817
:10C070001E65236E33432366236E2BBBBDE8F88F0A
:10C080002368394620461F65F7F7D6FDEEE723689B
:10C0900049462046C3F85090F7F71CFDB8F1000F51
:10C0A000C2D0236841462046C3F85080FFF77AFF8C
:10C0B000BAE7236851462046C3F850A0FFF770FF47
:10C0C000B9F1000FADD0E2E72046F7F799FDBDE8E2
:10C0D000F88F4FF4807223682046D3F8D8C0D3F885
:10C0E000E0101A650CEA0101FFF760FFBAF1000FDA
:10C0F00094D0DEE740221A65FFF75EFF86E74FF433
:10C100000052236820461A65FFF752FF9BE74FF461
:10C110000042236820461A65FFF74CFF98E74FF46A
:10C120000072236820461A65FFF73EFF81E78022F0
:10C1300023682046D3F8D4C0D3F8DC101A650CEA83
:10C140000101F7F741FD79E7006E7047064B9A6AE7
:10C15000002A01DB002070470449054A99609A6073
:10C16000986AC00F704700BF002002402301674556
:10C17000AB89EFCD044B9A6A42F000429A62986A0A
:10C18000C043C00F704700BF00200240064B986AB2
:10C1900010F0804006D00549054A19611A61986A75
:10C1A000C0F38070704700BF002002403B2A19088E
:10C1B0007F6E5D4C054B9A6A42F080429A62986AA3
:10C1C00080F08040C0F38070704700BF00200240C4
:10C1D000034A0120936A43F000639362704700BFF3
:10C1E0000020024070B5164C0546FFF763F8236A3D
:10C1F000DE0306D56A1C18BF064612D1236AD8038F
:10C20000FCD442F2FA010E4A136A0B4010D1136AB1
:10C210000020DB0744BF0123136270BD236AD903EA
:10C22000EFD5FFF747F8801BA842F7D3032070BD76
:10C23000044C0120616813621943616070BD00BF46
:10C24000002002403001032070B58E4D2B78012B69
:10C2500020D00122002304464FF47A702A706B60CC
:10C26000FFF7C0FF98B92068C10700F1C4808207BA
:10C2700012D4430719D4030700F1AF80824A4FF468
:10C280007A70936A43F400339362FFF7ABFF0023A5
:10C290002B7070BD022070BD7B4A2169136C23F0A6
:10C2A000FF030B4313644307E5D5D4E9052612F0D9
:10C2B000010316BF4FF4E061194606EA010312F0CC
:10C2C000020F05D006F4805C41F4805143EA0C0370
:10C2D00012F0040F05D006F4005C41F4005143EA6B
:10C2E0000C0312F0080F05D006F4804C41F4804195
:10C2F00043EA0C0312F0100F05D006F4803C41F421
:10C30000803143EA0C0312F0200F05D006F4003C04
:10C3100041F4003143EA0C0312F0400F05D006F45B
:10C32000802C41F4802143EA0C0312F0800F05D0E9
:10C3300006F4002C41F4002143EA0C0312F4807F40
:10C3400005D006F4801C41F4801143EA0C0312F47A
:10C35000007F05D006F4001C41F4001143EA0C03F1
:10C3600012F4006F05D006F0807C41F0807143EA42
:10C370000C0312F4805F05D006F0007C41F00071E0
:10C3800043EA0C0312F4005F05D006F0806C41F024
:10C39000806143EA0C0312F4804F05D006F0006C74
:10C3A00041F0006143EA0C0312F4004F05D006F09F
:10C3B000805C41F0805143EA0C03D20304D506F0BF
:10C3C0000046334341F000412F4E326C22EA010215
:10C3D0001343336403077FF551AFD4E90732012BD0
:10C3E00048D0022B7FF44AAF27498B6C03F07F03C0
:10C3F00013438B6442E76368D4E90212013B072BC5
:10C400003FF635AF01A656F823F000BF63C400081D
:10C4100051C400086FC200083FC400086FC2000882
:10C420006FC200086FC200082DC40008164EF36EDC
:10C4300023F07F130B4343EA0243F36617E7124EE0
:10C44000B36E23F07F130B4343EA0243B3660EE758
:10C450000D4EF36D23F07F130B4343EA0243F36564
:10C4600005E7094EB36D23F07F130B4343EA024304
:10C47000B365FCE604494B6C03F07F0313434B6444
:10C48000FCE600BF30010320002002400622436882
:10C490000260082B04D84FF48B72DA40D20717D40D
:10C4A000334B1B6CDBB2AA2B05D0552B03D0CC2B06
:10C4B0000CBFCC23BB232E49C26903610B6C02F174
:10C4C000FF3C23F0FF03BCF1010F836118D97047D3
:10C4D0000722013B0260072BE2D801A252F823F0A9
:10C4E00053C500083FC50008A1C400082BC50008BB
:10C4F000A1C40008A1C40008A1C4000817C5000811
:10C500000368012A43F0080303602CD08B6C23F0EE
:10C510007F0303627047164AD36E03F07F03836084
:10C52000D36EC3F30643C360BAE7114A936E03F0B8
:10C530007F038360936EC3F30643C360B0E70C4A86
:10C54000D36D03F07F038360D36DC3F30643C360F1
:10C55000A6E7074A936D03F07F038360936DC3F3EF
:10C560000643C3609CE74B6C23F07F030362704774
:10C57000002002402DE9F04F0C6883B0002C00F041
:10C58000908000238946774F012202FA03F515EACD
:10C59000040800F081800326D9F8041003FA02F29F
:10C5A00001F0030E0EF1FF3A06FA02FCBAF1010F98
:10C5B0006FEA0C0CD9F8086076D9BEF1030F01D1EF
:10C5C000012E05D0C568964005EA0C052E43C660CD
:10C5D00005680EFA02F205EA0C052A4311F4403F01
:10C5E000026059D04FF00F0C23F0030202F1804299
:10C5F00002F53D3203F00306156EF6000CFA06FC58
:10C6000025EA0C0E584DA84222D005F58065A842B7
:10C6100000F08C80554DA84200F08F80DFF850C1AB
:10C6200060457CD0DFF84CC1604500F08D80DFF8BC
:10C6300048C1604500F08F80DFF840C160450CBF05
:10C640004FF0060C4FF0070C0CFA06F64EEA060EF9
:10C650006FEA0805C2F860E03A68CE0254BF2A408B
:10C6600048EA02023A607A688E0254BF2A4048EAD9
:10C6700002027A60D7F884208E0354BF2A4048EA29
:10C680000202C7F88420D7F88020C90354BF2A408B
:10C6900048EA0202C7F88020013334FA03F27FF43B
:10C6A00073AF03B0BDE8F08F9640D0F808B00196A4
:10C6B000D9F80C600BEA0C0B06FA02FA4AEA0B0AEC
:10C6C000C0F808A0D0F804A0019E2AEA050AC1F328
:10C6D00000159D4045EA0A054560C568BEF1020F98
:10C6E00005EA0C0546EA0506C6607FF471AFD9F885
:10C6F000105003F00706B600B54001950F254FEA2C
:10C70000D30A00EB8A0ADAF820B005FA06F6019D92
:10C710002BEA060B45EA0B05CAF8205058E74FF004
:10C72000030C0CFA06F64EEA060E91E74FF0010CE8
:10C730000CFA06F64EEA060E8AE74FF0020C0CFAE7
:10C7400006F64EEA060E83E74FF0040C0CFA06F6E6
:10C750004EEA060E7CE74FF0050C0CFA06F64EEAA0
:10C76000060E75E700F40240000002420008024293
:10C77000000C024200100242001402420018024261
:10C78000002900F095802DE9F04F00234FF00F09AC
:10C790004FF0030A474E01229A4012EA010E69D077
:10C7A00023F0030505F18045434F05F53D3503F0C2
:10C7B0000304D5F860C0E40009FA04F8B84208EAB6
:10C7C0000C0C1BD007F58067B84259D03B4FB842DC
:10C7D0005AD03B4FB84261D03A4FB84263D0DFF8ED
:10C7E000E8B0584555D0DFF8E4B058450CBF4FF0DD
:10C7F000060B4FF0070B0BFA04F400E00024A445ED
:10C8000017D1D6F8804024EA0E04C6F88040D6F846
:10C81000844024EA0E04C6F88440746824EA0E04B6
:10C820007460346824EA0E0434602C6E24EA080430
:10C830002C6604685D000AFA05F52C434FEAD30C18
:10C84000046000EB8C0C03F00704DCF820E0A4008B
:10C8500009FA04F42EEA0404CCF82040846824EA9F
:10C8600005048460446824EA02024260C26822EA45
:10C870000502C260013331FA03F28CD1BDE8F08FBA
:10C88000012707FA04F4BAE74FF0020B0BFA04F49D
:10C89000B5E74FF0050B0BFA04F4B0E74FF0030BCC
:10C8A0000BFA04F4ABE74FF0040B0BFA04F4A6E721
:10C8B000704700BF00F4024000000242000802423C
:10C8C000000C024200100242001402420018024210
:10C8D00003691940081E18BF012070470AB1816121
:10C8E00070478162704700BF436901EA030221EA91
:10C8F000030141EA02418161704700BF0268436B56
:10C900009169126803B11847704700BF704700BFB4
:10C91000704700BF0022016810B50B6880F8422004
:10C920005A040CD50B6823F480430B6090F8413017
:10C93000292B0ED090F841302A2B24D010BD1B0497
:10C94000F4D50B6823F400430B6090F84130292B99
:10C95000F0D14FF0280C212380F841C0036390F8F8
:10C960004130002203EA0C03634514BF6FF0F20C60
:10C970006FF0420C0B6803EA0C030B6080F8402058
:10C98000FFF7C4FF10BD2824222380F84140036331
:10C9900090F8413000222340A34214BF6FF0F4030B
:10C9A0006FF044030C6823400B6080F84020FFF7D1
:10C9B000AFFF10BD704700BF70B50468C368A169C0
:10C9C000A269022B4FEA1242A5688446E668C1F3C9
:10C9D000004102F0FE020FD182EAD51313F00603E4
:10C9E000C5F3090206D1856C01358564856C022D7D
:10C9F0000CD070BD06F0FE020025236823F0B803BA
:10CA000023608CF84050FFF7D5FF70BD0825836484
:10CA1000E56180F84030FFF7CDFF70BD704700BF83
:10CA20000023202210B5174C4363C462036380F8CF
:10CA3000412080F842304B0712D50268436A526A9F
:10CA40001A70436A028D013343624AB1438D013A41
:10CA5000013B9BB24385436C028543F0040343646E
:10CA600010240021036890F8412090F841201A68B2
:10CA700022F0FE021A60DC6180F84010FFF7CEFF62
:10CA800010BD00BF0000FFFF704700BF704700BF30
:10CA9000806A08B5836B0BB100221A64C36B0BB1BB
:10CAA00000221A6490F84130602B4FF0000305D04B
:10CAB000036380F84030FFF7E7FF08BD202280F8CD
:10CAC000403080F841200363FFF7E0FF08BD00BF5E
:10CAD00070B50025554B90F8412080F84250C36254
:10CAE0004585436C283A0B43022A43640446036895
:10CAF00033D890F8411090F8412001F028012829FE
:10CB000008BF462102F0280218BFF621282A0CBFD0
:10CB1000C9436FF0F60128201A680A4044491A6098
:10CB200084F84100A06B226B616318B1112A3ED0DA
:10CB3000212A3CD0E06B18B1122A4ED0222A4CD0C8
:10CB400094F84130602B4FF0000365D020462363FA
:10CB500084F84030FFF798FF70BD90F8412090F8BE
:10CB600041201A6822F0FE021A609A69920748BFB3
:10CB70009D629A69D60703D49A6942F001029A61CC
:10CB800094F84120602A10D0202284F841209A692C
:10CB900095060AD59A69D00605D51022DA61626C2D
:10CBA00042F0040262642022DA610021BAE71A68C6
:10CBB00051042CD4FEF750FE0128C1D00023A06BF5
:10CBC0001C4A026484F84030FEF7A0FD0028C3D060
:10CBD000A06BBDE87040036C18471A68120403D5B7
:10CBE0001A6822F400421A60FEF736FE0128A7D028
:10CBF0000023E06B0F4A026484F84030FEF786FDA4
:10CC00000028A9D0E06BBDE87040036C18471A6893
:10CC100022F480421A60CDE72022204684F8412089
:10CC200084F840302363FFF731FF70BD0000FFFF41
:10CC300099CE000891CA0008036810B49A6919686F
:10CC400012F4807F02F4806408D0090626D4416C77
:10CC500011F00B0F19D15DF8044B7047CCB10906E8
:10CC6000F5D54FF48064416C920541F008014164B0
:10CC7000DC61ECD54FF40071426C42F00202426478
:10CC8000D961416C11F00B0FE5D05DF8044BFFF753
:10CC90001FBF9405DBD50A06ECD4D8E7416C41F000
:10CCA000010141644FF48071D961002CD9D1940500
:10CCB000CDD5DFE770B50446202603680D46196818
:10CCC000C06A94F84120DE61213A092A0ED8DFE8D3
:10CCD00002F077050D0D0D0D0DAA7705222694F8AB
:10CCE00041201A6822F0FC021A6026635A68684ED6
:10CCF00042F400425A605A6832405A609A69920778
:10CD000044BF00229A629A69D60703D49A6942F016
:10CD100001029A614A043BD51A6822F480421A60E3
:10CD2000A26B1AB11268526892B262856A070AD57C
:10CD30005A6A636A25F004051A70636A01336362F4
:10CD4000238D002B68D1638D9BB21BB1636C43F0C4
:10CD500004036364EB0601D5CE063AD4002384F8BD
:10CD60004230666C6363002E68D1E36A494DAB4282
:10CD700018D194F841302046222B4FF0200384F83C
:10CD8000406084F84130266376D0FFF7BFFD70BD68
:10CD90000E04CBD51A6822F400421A60E26B002A16
:10CDA000C0D1C3E72046FFF7B5FD2023E56220464A
:10CDB00084F8413084F840602663FFF72FFE70BD91
:10CDC000212694F841201A6822F0FA021A6026639C
:10CDD0008CE7638D9BB2002B3ED194F84130282B19
:10CDE0004DD094F841202368292A4FF01002DA61CF
:10CDF000B4D110F5803FB1D09A69910744BF0022A9
:10CE00009A629A69D20703D49A6942F001029A6140
:10CE10002046FFF77FFDA1E7013B2385638D013BA2
:10CE20009BB263858FE7002694F8412094F8412057
:10CE30001A6822F0FE021A60266357E72046616CEA
:10CE4000FFF746FE94F84130282BA0D12946204612
:10CE5000BDE87040FFF7E4BD10222368DA61636C1F
:10CE600043F00403636430F080737FF477AF2046AF
:10CE7000616CFFF72DFE71E7FFF74AFD70BDB0F161
:10CE8000007FAED129462046FFF7CAFD66E700BF06
:10CE900000E800FE0000FFFF38B590F840C0C56A0A
:10CEA000BCF1010F70D04FF0010C11F0200F0446BF
:10CEB0000B4680F840C002D012F0200F53D1D806A4
:10CEC00017D5D10615D5628D92B2002A5ED194F89D
:10CED0004120282A00F0818094F841202368292AE3
:10CEE0004FF01002DA6164D00023184684F8403015
:10CEF00038BD590719D4190701D510073AD4990735
:10CF0000F2D59307F0D5638D9BB2002B4DD0616AAB
:10CF1000236811F8010B228D9862638D013A013B61
:10CF20009BB2616263852285DEE75007E3D5638D9E
:10CF30009BB26BB12268636A526A1A70638D616A30
:10CF4000228D013B0131013A9BB2616222856385EA
:10CF5000638D9BB2002BC7D115F5803FC4D020460E
:10CF6000FFF7D8FCC0E7FFF7A5FE0023184684F8BA
:10CF70004030BDE794F8413003F02803282B28D037
:10CF800008222368DA61AFE7022038BD1022236847
:10CF9000DA61636C43F00403636435F08073A3D1FA
:10CFA0002046616CFFF794FD9EE735F080739BD1BE
:10CFB000D5E715F5803F97D09A69950744BF0022C1
:10CFC0009A629A69D007CAD49A6942F001029A61BA
:10CFD000C5E72046FFF7F0FC86E7B5F1007F7FF458
:10CFE0007BAF19462046FFF71BFD7DE708490B681C
:10CFF00013F001030AD1024610B40C68184624F05D
:10D00000040313435DF8044B0B6070470120704725
:10D0100000040340034A0020136843F00103136037
:10D02000704700BF00040340002844D070B590F85A
:10D030009132064603F0FF02C3B30323306886F83B
:10D04000913203F097FA3579FDB10021334632462B
:10D0500001200C4611740131A942C2E90844507400
:10D06000D47442F8284FF5D100210A4683F85011B4
:10D070000131A942C3E9582283F8512183F8532191
:10D08000C3F8682103F12803F0D1334653F8040BA9
:10D0900093E8060003F078FA01220021B37A317395
:10D0A000934286F8912208D0002070BD80F890222B
:10D0B000FDF726FFC1E701207047304600F03EFF34
:10D0C000002070BD90F89032012B0FD010B50123D5
:10D0D0000446006884F8903203F042FA206803F0B6
:10D0E000B1FF002384F89032184610BD022070472B
:10D0F0002DE9F84F0546006803F0B0FF10F4004436
:10D100002BD1430500F17C8247041BD410F400515D
:10D1100040F09382C60400F1BD81040500F19284C1
:10D12000010600F16484820500F1CE84C30512D5A6
:10D130002A68B2F8443023F480731B041B0CA2F855
:10D14000443008E02A68B2F8443023F480431B04DA
:10D150001B0CA2F84430BDE8F88F2868B0F84430C2
:10D160001904F8D5B0F84440A1B214F00F0436D138
:10D1700011F0100100F0E180018811F400648BB21D
:10D1800000F0AA8095F85021B0F8503000EBC202B0
:10D1900012FA83F3B3F80634C3F30903082BC5F876
:10D1A0006C3140F06B84B5F8562105F5267103F01B
:10D1B00069FF40F68F732A68284611880B4043F0B8
:10D1C0008003138007F066FE2868B0F84430190425
:10D1D000C1D5B0F84440A1B214F00F04C8D030F863
:10D1E0002430A7001FFA83F81B0439D418F0800FED
:10D1F000B4D030F824309BB223F4E14323F0700321
:10D2000043F4004320F824303B1905EBC302D17CE2
:10D21000DB00012900F0EB80117C18F48079D2F852
:10D2200028E04FEAC10C40F05881B0F850401CFA99
:10D2300084F40444B4F80244C4F30904744580F04F
:10D240000381AEEB040110339162E918536A234461
:10D250005362D36A2344D36203F0C6FC28687DE797
:10D2600040F68F7330F824203919134043F08003BF
:10D2700020F8243005EBC10191F85C3191F8502180
:10D28000002B40F08580B0F85030D20012FA83F3C2
:10D290000344B3F80694C9F30909B9F1000F40F04B
:10D2A000E481391905EBC103D3F86C21C9004A4464
:10D2B000C3F86C21D3F8682122B1D3F860214A4524
:10D2C00040F2C6813B1905EBC303284693F8501181
:10D2D00007F0F2FD286889E71A047FF53FAF40F6B2
:10D2E0008F730288134043F08003038095F8502128
:10D2F000B0F8503000EBC20212FA83F3B3F80634F0
:10D30000C3F30903C5F86C31002B00F0B480D5F8E5
:10D31000641100293FF422AFB5F8562103F0B2FEA4
:10D32000D5F86431D5F86C21284613442146C5F858
:10D33000643107F0C1FD286810E703889BB223F42D
:10D34000E14323F0700343F4004303802A7CB0F8E8
:10D35000503000EBC20212FA83F3B3F802346A6A67
:10D36000C3F309031A442846EB626A6207F0AEFD74
:10D370002B7B2868002B3FF4F1AEAB6A002B7FF4C7
:10D38000EDAE2A7B42F08002A0F84C202B73E5E63C
:10D3900091F85331022B00F0508230F822309BB2CA
:10D3A00023F4E04323F0700343F4004343F0C0034D
:10D3B00020F8223091F8503130F82320DB0012F4AD
:10D3C000804FB0F8502013FA82F3034443D0B3F8EF
:10D3D0000294C9F30909B9F1000F3FF462AFB1F843
:10D3E00058214B46D1F8641103F04CFE59E7002157
:10D3F000631C03EB830345F83310137FDBB118F094
:10D400004008537C00F00A82002B40F05F82117CC0
:10D41000B0F8503000F2024010FA83F333F83120B4
:10D42000C2F3090223F8312033F8312092B242F4DA
:10D43000004223F83120274405EBC7072846397CF2
:10D4400007F044FD286889E62846C2F8289007F0CE
:10D450003DFD286882E6B3F80694C9F30909B9F1DD
:10D46000000F3FF41EAFB1F85A214B46D1F86411BA
:10D4700003F008FE15E7038823F4804323F07003CC
:10D480001B041B0C83F4405343F4004343F080031C
:10D49000038063E62A68B2F8403023F004031B04DB
:10D4A0001B0CA2F84030B2F8403023F008031B04F4
:10D4B0001B0CA2F8403095F8C832012B00F0128303
:10D4C000284607F033FD2A68B2F8443023F480532D
:10D4D0001B041B0CA2F844303DE608F4804918F008
:10D4E0004008B0F8503000F0C88000F2024818FA46
:10D4F00083F333F83130C3F3090373454AD34FF054
:10D50000000C537CC2F828C0002B40F0F882B0F821
:10D51000503018FA83F333F83120C2F3090223F8AC
:10D52000312033F8312092B242F4004223F8312006
:10D53000B0F8503000F2064212FA83F333F831208B
:10D54000C2F3090223F8312033F8312092B242F4B9
:10D55000004223F831203B1905EBC303DB7C022B8F
:10D560000FD130F8213023F4E04323F040031B04B3
:10D570001B0C83F0200343F4004343F0800320F8A6
:10D580002130284607F0A2FC2868B9F1000F3FF4CB
:10D59000E5ADCBE0AEEB030EC2F828E0B9F1000F29
:10D5A0000FD030F821E02EF4E04E2EF0700E4FEA4E
:10D5B0000E4E4FEA1E4E4EF4404E4EF0800E20F8B6
:10D5C00021E007EB040E05EBCE0E9EF83490B9F186
:10D5D000010F00F0CB81274405EBC7073A7C30F8F8
:10D5E000223023F4E04323F040031B041B0C83F0A0
:10D5F000300343F4004343F0800320F82230ADE5CC
:10D600002A682846B2F8443023F480631B041B0CBC
:10D61000A2F8443007F068FC95F89032012B3FF4F3
:10D620009AAD0123214628682C7385F8903203F0C7
:10D6300003FD85F89042BDE8F88F2A68B2F84430BF
:10D6400023F400531B041B0CA2F84430BDE8F88FF0
:10D65000D3F8642101F5A8714A4428682944C3F825
:10D66000642103F0C1FA2868C0E5B1F856214B46A1
:10D67000D1F8641103F006FD13E600F2064A1AFA27
:10D6800083F333F83130C3F30903734561D9C2F82A
:10D6900028803B1905EBC3035B7C002B40F04182E3
:10D6A000B0F8502000F2024313FA82F232F831301F
:10D6B000C3F3090322F8313032F831306FEA4343C3
:10D6C0006FEA53439BB222F83130B0F850201AFA77
:10D6D00082F232F83130C3F3090322F8313032F8E4
:10D6E00031306FEA43436FEA53439BB222F8313043
:10D6F0003B1905EBC303DB7C022B0FD130F8213043
:10D7000023F4E04323F040031B041B0C83F02003AD
:10D7100043F4004343F0800320F82130284607F00B
:10D72000D5FB2868B9F1000F7FF418AD3B1905EB64
:10D73000C3031A7C30F8223023F4E04323F0700353
:10D740001B041B0C43F4404343F0800320F82230B9
:10D7500004E5AEEB030EC2F828E0BEF1000F98D04E
:10D76000B9F1000F0FD130F821E02EF4E04E2EF089
:10D77000700E4FEA0E4E4FEA1E4E4EF4404E4EF0E3
:10D78000800E20F821E007EB040E05EBCE0E9EF88C
:10D790003480B8F1010F7FF41EAFDEF8246006EB91
:10D7A0000308CEF82480D66A06EB0309C2F82C9051
:10D7B000DEF83090DEF820209145C0F0D081A9EB52
:10D7C0000203CEF8303093B207EB040E05EBCE0E19
:10D7D0009EF811B0BBF1000F40F0B681B0F850E0F8
:10D7E0001AFA8EFE3EF83190F444C9F309092EF876
:10D7F0003190002A40F0E4813EF831206FEA424245
:10D800006FEA524292B22EF831203A1905EBC20269
:10D810004146528B03F026FC2868DCE6002B62D0E0
:10D82000012B7FF408AEB0F85030127C00F20640B5
:10D8300010FA83F323F83280FDE5B0F850C04FEAC8
:10D84000C20919FA8CFC18F4804ED1F8683184446E
:10D850004FD0BCF802C4CCF3090C9C45E14600F261
:10D860004781A3EB0C03C1F868317BB930F8221073
:10D8700021F4804121F070010904090C81F4005168
:10D8800041F4004141F0800120F8221018F0400FCF
:10D890000DD030F8223023F4E04323F070031B0452
:10D8A0001B0C43F4004343F0C00320F82230BCF1CA
:10D8B000000F3FF4F6AC391905EBC101B1F858215E
:10D8C0006346D1F8641103F0DDFBEAE4012B7FF439
:10D8D000B2ADB0F85030127C00F2024010FA83F37F
:10D8E00023F83210A7E5B0F85030117C00F2064062
:10D8F00092E5BCF806C4CCF3090C9C45E14600F265
:10D90000FB80A3EB0C03C1F868317BB930F822101F
:10D9100021F4804121F070010904090C81F40051C7
:10D9200041F4004141F0800120F8221018F0400F2E
:10D930000DD130F8223023F4E04323F070031B04B0
:10D940001B0C43F4004343F0C00320F82230BCF129
:10D95000000F3FF4A6AC391905EBC101B1F85A210B
:10D960006346D1F8641103F08DFB9AE4DEF824607D
:10D9700006EB0309CEF82490D66A06EB030AC2F838
:10D980002CA0DEF830A0DEF820209245C0F0F9800F
:10D99000AAEB0203CEF8303093B207EB040E05EB8E
:10D9A000CE0E9EF811B0BBF1000F40F0DF80B0F852
:10D9B00050E018FA8EFE3EF83180F444C8F30908AE
:10D9C0002EF83180002A40F022813EF831206FEAA3
:10D9D00042426FEA524292B22EF831203A1905EBD8
:10D9E000C2024946128B03F03DFB2868F3E52A6822
:10D9F000B2F8443023F080031B041B0CA2F844301F
:10DA000095F8C832002B5AD10121B2F8403028468F
:10DA10009BB243F00403A2F84030B2F840309BB20E
:10DA200043F00803A2F8403085F8C812B2F8543029
:10DA3000C3F38D0303F03C03C5F8CC32BDE8F84FC7
:10DA400000F096BA2A682846B2F840309BB243F0FC
:10DA50000803A2F84030B2F8443023F400631B04FA
:10DA60001B0CA2F84430B2F840309BB243F00403E0
:10DA7000A2F8403007F04AFAFFF76DBB48F2800188
:10DA800040F68F72038823F4804323F070031B0455
:10DA90001B0C83F480530B430380038823F4E0437F
:10DAA00023F040031B041B0C83F010031943018077
:10DAB0000388134043F080030380FFF74CBB2846E4
:10DAC00007F024FAFFF747BB2A682846B2F844302B
:10DAD00023F400731B041B0CA2F8443007F000FA77
:10DAE000FFF739BB284685F8C81200F041FAE7E491
:10DAF0000023C1F86831B9E6C1F868E106E7012BF7
:10DB00007FF429ADB0F8503000F2064218FA83F3E2
:10DB100023F831C0B0F8503012FA83F323F831C043
:10DB200019E5012B7FF4E4AD0022B0F8503000F28B
:10DB3000024C1CFA83F323F83120B0F850301AFA63
:10DB400083F323F83120D3E5BBF1010F7FF45DAE01
:10DB5000B0F850201AFA82F222F8313055E6B9F1C5
:10DB6000000F15D11A468EF834902DE6BBF1010F47
:10DB70007FF434AFB0F8502018FA82F222F8313036
:10DB80002CE7BAF1000F2AD11A468EF834A004E728
:10DB900000229EF811B01FFA89F3CEF830208EF8DB
:10DBA0003420BBF1000FCFD1B0F850E04A461AFA4A
:10DBB0008EFE3EF83190F444C9F309092EF83190F5
:10DBC0003E2A33D8BCF8001002F0010E89B20EEBE9
:10DBD000520241EA822292B2ACF8002015E60022FD
:10DBE0009EF811B01FFA8AF38EF83420CEF8302058
:10DBF000BBF1000FBAD15246B0F850E018FA8EFED1
:10DC00003EF83180F444C8F309082EF831803E2AEA
:10DC10001ED8BCF8001002F0010E89B20EEB5202C1
:10DC200041EA822292B2ACF80020D7E65109D2062E
:10DC3000BCF8002008BF01F1FF3192B242EA812214
:10DC40006FEA42426FEA524292B2ACF80020DCE541
:10DC50005109D606BCF8002008BF01F1FF3192B28D
:10DC600042EA81226FEA42426FEA524292B2ACF833
:10DC70000020B3E690F89022012A0DD010B50122C1
:10DC800004460068217384F8902203F0D5F900233C
:10DC900084F89032184610BD0220704701F0070C3E
:10DCA00010B5090604460CEB8C004FEAC00021D4E5
:10DCB0004FF0000E00F5A871204480F851E1214496
:10DCC000022BCB7008BF0023C2F30A0208BF0B71FE
:10DCD00081F800C00A6194F89032012B13D001231F
:10DCE000206884F8903202F069FC002384F89032B6
:10DCF000184610BD4FF0010E00F11001204480F8CD
:10DD000011E02144DCE7022010BD00BF01F0070252
:10DD100002EB8203090610B54FEAC303044616D48A
:10DD200003F5A87101440344002083F851010A70EF
:10DD300094F89032012B15D00123206884F890329A
:10DD400002F06CFE002384F89032184610BD03F1F7
:10DD5000100101440344012058740A7094F8903271
:10DD6000012BE9D1022010BD10B5002401F00701FC
:10DD700001EB810E00EBCE0C8CF850118CF8514168
:10DD80000068CCF86421CCE95A340CF5A87102F093
:10DD90002BFF204610BD00BF01F0070101EB810100
:10DDA00000EBC100D0F86C01704700BF01F0070123
:10DDB00038B501EB810E00EBCE0C01258CF810106C
:10DDC000002461468CF834508CF811500068CCF86F
:10DDD0002420CCE90B43CCF82830103102F004FFAA
:10DDE000204638BD10B50379044601F00700834290
:10DDF0002ED30B061AD401EB8101C90001F5A872DC
:10DE00006318A118002283F85121012308708B7038
:10DE100094F890229A4219D084F89032206803F046
:10DE200095F8002384F89032184610BD012200EBCB
:10DE30008003DB0003F1100123445A7401232144C1
:10DE400008708B7094F890229A42E5D1022010BDA0
:10DE5000012010BD38B5027901F00F039A422FD38B
:10DE600001F0070202EB8203090604464FEAC303EE
:10DE700017D403F5A871014403440025002083F85A
:10DE800051010A708D7094F89032012B16D0012345
:10DE9000206884F8903203F081F884F89052284684
:10DEA00038BD03F1100101440344002501205874DA
:10DEB0000A708D7094F89032012BE8D1022038BDA1
:10DEC000012038BD90F89032012B17D0012310B5F6
:10DED0000446006884F890320B0606D402F06CFB0E
:10DEE000002384F89032184610BD01F0070102F0BB
:10DEF00061FB002384F89032184610BD0220704761
:10DF000011F0800F0CD001F0070101EB810100EB53
:10DF1000C100103099B262B9C1800273002070470D
:10DF200001EB810100EBC10000F5A87099B2002A55
:10DF3000F2D0012283600273002070470246002362
:10DF400010B40124116882F8C8321846B1F8543070
:10DF5000C2F8D0429BB22343A1F85430B1F85430F8
:10DF60005DF8044B9BB243F00203A1F854307047B4
:10DF7000704700BF024B186800F4C060704700BFD4
:10DF800000700040174A1368116911F4104F25D032
:10DF9000D168090422D403F4C06383421CD01368FF
:10DFA000114923F4C063034313600B680F495B09F5
:10DFB000A1FB03135169DB0903EB8303480503F15C
:10DFC000010305D55169013B490501D5002BF9D164
:10DFD000044B5B695B0503D4002070470120704748
:10DFE000032070470070004020010320C55A7C0ABE
:10DFF000024A536843F480635360704700700040E6
:10E00000024A936843F48043936070470070004075
:10E0100030B51E4C0546A36D83B0DB0021D5FFF75C
:10E02000A9FF30F4007315D0802D2AD82BD0A5F18C
:10E030007003B3FA83F35B0915490A6822F00F02F3
:10E040001A430A60086800F00F00C01A18BF0120C8
:10E0500003B030BD802DEFD9A02D8CBF022301234A
:10E06000EAE7A36D43F08053A365A36D03F08053EB
:10E070000193019BFFF77EFFA36D23F08053A365FF
:10E08000CFE70323D8E70223D6E700BF0010024002
:10E09000002002402B4A9368D26813F00C0307D08B
:10E0A0000C2B33D0042B39D0082B35D000207047EF
:10E0B000244A1168090754BFD2F8942012682249F3
:10E0C00054BFC2F30322C2F3031251F82200002B03
:10E0D000EDD01C49CA68CB6802F00302C3F30313F6
:10E0E000022A03F1010324D0032A19D0B0FBF3F074
:10E0F000CB68C3F3062303FB00F0124BDB68C3F3CA
:10E10000416301335B00B0FBF3F0704702F00302A0
:10E11000012ACDD00020DCE70C4870470C4870473E
:10E120000A4AC868B2FBF3F3C0F3062003FB00F011
:10E13000E3E7074AC868B2FBF3F3C0F3062003FB2A
:10E1400000F0DAE70010024034BE01088096980023
:10E150000024F400002800F0DE809F4A2DE9F843F7
:10E160001368814603F00F038B420C460CD21368F0
:10E1700023F00F030B431360136803F00F038B426C
:10E1800002D00120BDE8F883D9F80030980703F0E9
:10E19000010240F19A80914DD9F80800A96801F078
:10E1A000F001884204D9A96821F0F0010143A96077
:10E1B000002A4DD0D9F80450884B032D00F08D80F3
:10E1C000022D1B6800F0A380002D40F0A6809E0762
:10E1D000D7D5FFF75FFF824B984205D97F4B9A68EE
:10E1E00012F0F00F00F09F807C4FBB6823F0030318
:10E1F0002B43BB60FDF75EF8BB68D9F8042003F041
:10E200000C03B3EB820F064618BF4FF0000819D07D
:10E2100041F28837714DFDF74DF8D9F80430821B73
:10E22000BA424FEA830304D9AA6802F00C029A4268
:10E2300077D1AA6802F00C029A42ECD1B8F1000F33
:10E2400040F08C80D9F80030990707D5D9F808003C
:10E2500062498A6802F0F002824252D85E490A6836
:10E2600002F00F02A24209D90A6822F00F022243EB
:10E270000A600A6802F00F02A24282D15A0707D54B
:10E280005649D9F80C008A6822F4E06202438A6099
:10E290001B0708D5514AD9F81010936823F460532E
:10E2A00043EAC1039360FFF7F5FE03464B4A4D492D
:10E2B00092684D48C2F30312895C4C4ACB4013600C
:10E2C0000068BDE8F843FCF789BE002AC6D0D9F83B
:10E2D0000450424B032D7FF473AF1A6891017FF510
:10E2E00050AFD968DA6801F00301C2F303120229C2
:10E2F00002F1010238D0032965D0012954D0DB682E
:10E3000072E78A6822F0F00202438A60A6E79F0360
:10E310003FF55FAF35E70120704758057FF531AF16
:10E3200057E703202EE79A6822F0F00242F08002BD
:10E330009A602A4FBB6823F003032B43BB60FCF7B2
:10E34000B9FFBB68D9F8042003F00C03B3EB820FCC
:10E35000064618BF4FF080087FF45AAF1F4A9368F3
:10E3600023F0F00393606DE72149DB68B1FBF2F223
:10E37000C3F3062303FB02F218491948CB68C3F321
:10E38000416301335B00B2FBF3F383427FF62CAFB2
:10E390008B6813F0F00F7FF427AF8B6823F0F00346
:10E3A00043F080038B60C4E71A68120754BFD3F8A8
:10E3B00094301B680F4A54BFC3F30323C3F3031302
:10E3C00052F82320D8E70C49DB68B1FBF2F2C3F323
:10E3D000062303FB02F2CFE70020024000100240B8
:10E3E00000B4C4047CBE01082801032020010320DE
:10E3F0000024F40034BE010880969800002800F044
:10E40000B7832DE9F041174B02689D68DE68D1069D
:10E410000446134682B005F00C0506F003063BD512
:10E42000002D00F06A810C2D00F06481E3690D4F2E
:10E43000D3B13B6843F001033B60FCF73BFF8046F0
:10E440003B689A0700F1CA82FCF734FFA0EB080092
:10E450000228F5D93B689B07F2D4032002B0BDE83F
:10E46000F08100BF001002403B6823F001033B60D5
:10E47000FCF720FF3B68804699070BD5FCF71AFF95
:10E48000A0EB0800022802D93B689A07E5D43B6854
:10E490009B07F3D422681346D1072DD5082D00F031
:10E4A00095810C2D00F08F816368B3F5803F00F0FB
:10E4B000B681B3F5A02F00F005838B4F3A6822F4A4
:10E4C00080323A603A6822F480223A60002B40F0B1
:10E4D000AB81FCF7EFFE3B6880469A030BD5FCF757
:10E4E000E9FEA0EB0800642802D93B689B03B4D482
:10E4F0003B689903F3D423689A0713D5042D40F0A1
:10E500003D81794B1B685B0503D5E368002B00F068
:10E510005881754A2169536823F0FE4343EA016339
:10E52000536023681A072BD56369002B00F05981CB
:10E53000A3696D4A002B40F0D681D2F8943023F0C5
:10E540001003C2F89430684DD5F8943043F00103BD
:10E55000C5F89430FCF7AEFED5F8943006469B071C
:10E560000DD4FCF7A7FE801B072804D9D5F89430FA
:10E570009F077FF572AFD5F894309907F1D52368DE
:10E580005D0765D5584B9A6DD00000F128810125B3
:10E590009A6D42F080529A659B6D03F0805301930F
:10E5A000019B524E3368D90540F1D981A368DA073F
:10E5B00040F150815A0740F126824B4BD3F890200E
:10E5C00042F00402C3F89020D3F8902042F00102F8
:10E5D000C3F89020FCF76EFE434F0646D7F8903004
:10E5E0009B070FD441F28838FCF764FE801B40453E
:10E5F00004D9D7F890309A077FF52FAFD7F890302D
:10E600009B07F1D5A368190640F10582364FD7F86C
:10E61000903043F08003C7F89030D7F89030190558
:10E620000FD441F28838FCF745FE801B404504D9E1
:10E63000D7F890301A057FF510AFD7F890301B054A
:10E64000F1D525B1284A936D23F080539365236853
:10E650009A061FD5A36A244D002B00F06381D5F8DC
:10E66000983043F00103C5F89830FCF723FED5F845
:10E67000983006469B070DD4FCF71CFE801B022831
:10E6800004D9D5F898309F077FF5E7AED5F89830D4
:10E690009907F1D5E36A23B3134DAA6802F00C027F
:10E6A0000C2A00F0D581022B2B6823F080732B609D
:10E6B00000F01582FCF7FEFD2B68044699010BD58E
:10E6C000FCF7F8FD001B022803D92B689A013FF5DF
:10E6D000C4AE2B689B01F3D4034A054BD1680B40B1
:10E6E000D3600020BAE600BF001002400070004076
:10E6F000FCFFEEFE012E7FF499AEA64B1B689B0734
:10E700005CD4A44B606A1A68170756BFD3F89430DC
:10E710001B681B0903F0F003984200F243819D4BF4
:10E720001A6842F008021A601A6822F0F0020243E6
:10E730001A605A68216A22F47F4242EA01225A6032
:10E74000002D00F0B981FFF7A5FC0346914A9249DC
:10E750009268C2F30312895C904ACB401068904AD9
:10E760001360FCF73BFC00287FF478AE2368D907E0
:10E770001A463FF596AE99077FF5D4AE0C2D00F002
:10E780002981E368834D002B00F0B4802B6843F4AB
:10E7900080732B60FCF78EFD2B6806465F053FF506
:10E7A000B8AEFCF787FD801B022803D92B685905FA
:10E7B0007FF553AE2B685A05F3D5AAE6E369002B23
:10E7C0009FD101204AE6032E7FF46EAE714B1B6889
:10E7D0009F0302D56368002BF3D01346CBE70025D7
:10E7E000DFE66C4DD5F8943023F00103C5F8943082
:10E7F000FCF760FDD5F8943006469A077FF5BFAE6A
:10E80000FCF758FD801B072804D9D5F894309B07E6
:10E810003FF523AED5F894309F07F1D4AFE65D4ABB
:10E82000136843F480331360FCF744FD594F80466E
:10E830003B689A033FF55FAEFCF73CFDA0EB080098
:10E84000642803D93B689B037FF507AE3B689903B7
:10E85000F2D550E64F4ED6F8902022F00102C6F8CD
:10E860009020D6F8902022F00402C6F89020002BC9
:10E870007FF4B0AEFCF71EFDD6F89030074699073E
:10E880000FD541F28838FCF715FDC01B404504D96F
:10E89000D6F890309B073FF5E0ADD6F89030990759
:10E8A000F1D43C4ED6F890301A067FF5CAAED6F8B1
:10E8B000903023F08003C6F89030D6F890301A05D7
:10E8C0007FF5BFAE41F28838FCF7F4FCC01B404531
:10E8D00004D9D6F890301B053FF5BFADD6F890307F
:10E8E0001905F1D4ADE6D2F8943043F01003C2F824
:10E8F000943028E62B6823F480732B60FCF7DAFC55
:10E900002B6806465B050BD5FCF7D4FC801B022860
:10E9100003D92B685F053FF5A0AD2B685905F3D4EB
:10E920002368FFE5D5F8983023F00103C5F8983047
:10E93000FCF7C0FCD5F8983006469A077FF5AAAEDA
:10E94000FCF7B8FC801B022804D9D5F898309B0747
:10E950003FF583ADD5F898309F07F1D49AE6336838
:10E9600043F480733360FCF7A5FC33680746DB058E
:10E970003FF51CAE03E03368D9053FF517AEFCF751
:10E9800099FCC01B0228F6D93368D8057FF565AD20
:10E99000F1E700BF001002407CBE010828010320FF
:10E9A00020010320FFF734FB00287FF40AAF714BEE
:10E9B0001A6842F008021A601A68616A22F0F002CE
:10E9C0000A431A605A68216A22F47F4242EA01220D
:10E9D0005A60B8E6022E7FF4D4AE92E5654B1A6811
:10E9E00042F008021A601A68616A22F0F0020A43D3
:10E9F0001A605A68216A22F47F4242EA01225A6070
:10EA00002268134648E55B4AD2F8903043F0010390
:10EA1000C2F89030DEE5574FD7F8903023F08003EE
:10EA2000C7F89030D7F8903019057FF50AAE41F25B
:10EA30008838FCF73FFC801B404504D9D7F890305C
:10EA40001A053FF50AADD7F890301B05F1D4F8E56B
:10EA5000012B3FF4B6AEEB68226B03F00301914249
:10EA60007FF4AFAE616B03F0F0020139B2EB011F2E
:10EA70007FF4A7AEA16B03F4FE42B2EB012F7FF44B
:10EA8000A0AEE16B03F07842B2EBC16F7FF499AEB8
:10EA9000226C03F4C0015208013AB1EB425F7FF4EB
:10EAA00090AE626C03F0C0635208013AB3EB426F60
:10EAB00014BF01200020D1E4FFF7AAFA00283FF498
:10EAC00042AE7EE603F18043A3F53C331A6842F47C
:10EAD00080221A601A6842F480321A60A4E6FCF7B9
:10EAE000E9FB2B68064699010BD5FCF7E3FB801B7D
:10EAF000022803D92B689B013FF5AFAC2B689F011F
:10EB0000F3D41C4D1C4BE968226B0B40606B134324
:10EB1000D4E90E1243EA012343EAC2630138D4E97F
:10EB20001012490843EA001301395208013A43EA36
:10EB3000415343EA4263EB602B6843F080732B60E0
:10EB4000EB6843F08073EB60FCF7B4FB2B68044682
:10EB50009A013FF5C6ADFCF7ADFB001B022803D9B7
:10EB60002B689E017FF579AC2B689801F3D5B8E549
:10EB700001207047001002400C809F0108B5FFF78C
:10EB800089FA074B07499A689B68C2F303128A5CAB
:10EB90000549C3F3C223CB5CD040D84008BD00BFB9
:10EBA000001002407CBE010874BE01080F220E4B0B
:10EBB00010B402609A680D4C02F0030242609A6839
:10EBC00002F0F00282609A6802F4E062C2609B6820
:10EBD000DB0803F4E063036123685DF8044B03F092
:10EBE0000F030B60704700BF00100240002002407E
:10EBF000F8B5044600680F4602284ED0032845D0D9
:10EC0000012848D1394B1B689E073ED5374D2B68EC
:10EC100023F080632B60FCF74DFB064604E0FCF715
:10EC200049FB831B022B4AD82B681901F7D4D4E97E
:10EC30000132013B100221681A01002F33D0012F4D
:10EC40002A4D45D02E692A4B33400B4303431343CF
:10EC500062695208013A43EA42632B61234D2B68F3
:10EC600043F080632B60FCF725FB064604E0FCF7CD
:10EC700021FB831B022B27D82B681B01F7D5002013
:10EC80001A4AA16913690B431361F8BD174B1B683E
:10EC900013F4C02FBAD10120F8BD144B1B685D05D9
:10ECA000B4D40120F8E7114D124B2E6933400B43C9
:10ECB000E168034343EAC16313432B61CEE72B684A
:10ECC0001801B4D50320F8BD2B681A01FAD5D6E790
:10ECD0002E69094B33400B43034313432269520807
:10ECE000013A43EA42532B61B8E700BF00100240EB
:10ECF0000C80FFF90C80FF070C809FFF70B5044665
:10ED00000068022847D003283ED0012841D1294B72
:10ED10001B689E0737D5274D2B6823F080532B6047
:10ED2000FCF7C8FA064604E0FCF7C4FA831B022B82
:10ED300037D82B689900F7D41E4D1F4B696922689C
:10ED40000B401343D4E9021243EA012343EAC263AE
:10ED50006268013A43EA02136B612B6843F0805307
:10ED60002B60FCF7A7FA064604E0FCF7A3FA831B26
:10ED7000022B1BD82B689B00F7D500200D4A216978
:10ED800053690B43536170BD0A4B1B6813F4C02FCA
:10ED9000C1D1012070BD074B1B685D05BBD40120AC
:10EDA000F8E72B689800C7D5032070BD2B689A0040
:10EDB000FAD5E2E7001002400C80FF072DE9F0478A
:10EDC0000368044613F4006582B01BD0C16E40296D
:10EDD00000F03D8200F25882002900F022822029B2
:10EDE00040F058822030FFF789FF054623684DB96F
:10EDF000E16E0025B648D0F89C2022F0E0020A43DC
:10EE0000C0F89C20DF0440F14F81216FB1F5007FF5
:10EE100000F0168200F23F81002900F00782B1F570
:10EE2000807F40F0408104F12000FFF767FF074634
:10EE30002368002F40F00282A549206FD1F89C2062
:10EE40009E0322F4E06242EA0002C1F89C2000F135
:10EE50002F81D90708D59E49606BD1F8882022F010
:10EE600003020243C1F888209A0708D59849A06B8D
:10EE7000D1F8882022F00C020243C1F888205E07F6
:10EE800008D59349E06BD1F8882022F03002024384
:10EE9000C1F88820180708D58D49206CD1F8882042
:10EEA00022F0C0020243C1F88820D90608D588495B
:10EEB000606CD1F8882022F440720243C1F88820A7
:10EEC0009A0608D58249A06CD1F8882022F44062C5
:10EED0000243C1F888209E0508D57D49E06DD1F830
:10EEE000882022F440220243C1F88820580508D522
:10EEF0007749206ED1F8882022F440120243C1F8ED
:10EF00008820590208D57249606ED1F8882022F411
:10EF100040020243C1F888209A010CD5A26EB2F1DA
:10EF2000807F00F06D81B2F1007F00F02681002A21
:10EF300000F0298101255F0608D56549E06CD1F80C
:10EF4000882022F440520243C1F888201E0608D5CA
:10EF50005F49206DD1F8882022F440420243C1F875
:10EF60008820D80508D55A49606DD1F8882022F448
:10EF700040320243C1F88820D90208D55449A06D17
:10EF8000D1F89C2022F003020243C1F89C209A048D
:10EF900011D54F49606FD1F88820B0F1006F22F091
:10EFA000406242EA0002C1F8882000F02481B0F1FA
:10EFB000806F00F060811F031BD5A16FB1F5804FFA
:10EFC00000F005814248B1F1806FD0F8882022F02E
:10EFD000406242EA0102C0F88820D0F89C2022F466
:10EFE0008042C0F89C2000F05781B1F1006F00F022
:10EFF00034815E0311D53649E06FD1F88820B0F135
:10F00000006F22F0406242EA0002C1F8882000F05E
:10F01000D980B0F1806F00F0258158040ED52C48BE
:10F02000D4F88010D0F88820B1F1805F22F04052EF
:10F0300042EA0102C0F8882000F0EA80D90309D52D
:10F040002349D4F88400D1F89C2022F00402024322
:10F05000C1F89C209A0209D51D49D4F88800D1F83E
:10F060009C2022F018020243C1F89C20DB010ED53F
:10F07000174AD4F88C10D2F89C30B1F5001F23F455
:10F08000401343EA0103C2F89C3000F0AC802846EC
:10F0900002B0BDE8F087B1F5407F00F0D680B1F551
:10F0A000806F00F0D28001252F469E037FF5D1AE00
:10F0B000074B9A6DD00054D54FF00008054E3368C9
:10F0C00043F480733360FCF7F5F881460AE000BF33
:10F0D0000010024000700040FCF7ECF8A0EB0900C3
:10F0E00002285BD83368DA05F6D5002F5CD1DFF84B
:10F0F000C8A1D4F89010DAF8903013F4407327D0F8
:10F100008B4225D0DAF89020DAF8903043F480333F
:10F11000CAF89030DAF8903023F48033CAF890308F
:10F1200022F44073CAF89030D30711D5FCF7C2F827
:10F1300041F28839064605E0FCF7BCF8801B4845DB
:10F1400000F2B380DAF890309807F5D5D4F8901033
:10F15000594AD2F8903023F440730B43C2F89030F0
:10F1600023E09A6D4FF0010842F080529A659B6D42
:10F1700003F080530193019BA0E70021201DFFF7BE
:10F1800037FD07462368DFB94B49A06ED1F88820C8
:10F1900022F040720243C1F88820CCE63368D905DA
:10F1A000A3D403252F4600E03D462368B8F1000FA5
:10F1B0003FF44FAE40498A6D22F080528A6548E69E
:10F1C0003D46B8E6CA6842F48012CA6025E73A4A6A
:10F1D000D2F89C1041F48041C2F89C10D16841F4EF
:10F1E0008031D16005E72846D36843F48013D360AB
:10F1F00002B0BDE8F087CA6842F48012CA60DAE65D
:10F200002D49CA6842F48012CA60002FD8D1BBE7EA
:10F210000221201DFFF7ECFC2368002818BF0546DB
:10F220000CE70430FFF7E4FC0546DFE5201DFFF79F
:10F23000DFFC07462368002F3FF4FEAD3D4634E770
:10F240001D49CA6842F48032CA602F46F1E51A4867
:10F25000C26842F48032C260CBE5C26842F48012D8
:10F26000C260C6E60121201DFFF7C2FC236800280A
:10F2700018BF0546D1E60121201DFFF7B9FC236820
:10F28000002818BF054696E660293FF4B2AD8029F4
:10F290003FF4AFAD0125B5E50121201DFFF7A8FC26
:10F2A0002368002818BF0546A3E6DAF890309E07C9
:10F2B0007FF577AF4AE700BF00100240114B10B452
:10F2C000996B114A41F080719963996B21F08071BB
:10F2D00099630368D0E9014123430B43D0E903411B
:10F2E000234343EA014353601368416923F4FE4317
:10F2F00043EA0123136013685DF8044B43F0600395
:10F3000013607047001002400060004000285AD08F
:10F3100038B5437A044603F0FF02002B49D0D4E904
:10F32000003502214AF2B3206172284A19682A4343
:10F33000274D21F0040119601A601D6118611A68D7
:10F3400022F080421A60FBF7B5FF054623681A6871
:10F3500051000ED5FBF7AEFF401B02282368F6D9FB
:10F360001A685200F3D50122022362720120E36081
:10F3700038BD1A6842F004021A605B68580603D56B
:10F3800004236372012038BDFBF794FF0546236810
:10F390005B68D90711D4FBF78DFF401B0228236857
:10F3A000F6D95A68D207F3D4042202236272E360CA
:10F3B000E8E70272FBF774FCB1E7012200236272F6
:10F3C0001846E36038BD0120704700BF000DF040D3
:10F3D000BC0A5917704700BF026810B5536804464D
:10F3E000990613D4580605D5590723D4516821F03E
:10F3F00040015160DB0708D5136823F00803136050
:10F400009168637A2161042B0CD110BD1023C36075
:10F41000042320466372FBF749F86FF0600223680B
:10F420005A6010BD01220023204662722372FFF74A
:10F43000D1FF10BD0823E360136823F008031360B5
:10F44000E6E700BF002300B5026883B0019353686C
:10F45000014658070AD4536823F040035360002044
:10F46000CB6823F00803CB6003B000BD0220136813
:10F4700043F080431360136823F0804313600190CE
:10F4800002E013685B0012D5019B013B0193019BD5
:10F49000002BF6D101224A720B72CB68084643F06A
:10F4A0000203CB60FBF702F8012003B000BD5368F4
:10F4B00058060CD40223019302E053685B07CED5B3
:10F4C000019B013B0193019B002BF6D1E2E75368BE
:10F4D00023F040035360EDE7F8B5037A012B43D0E6
:10F4E0000122437A04469342DFB2027206D004231B
:10F4F0001746C360002323723846F8BD0222036812
:10F5000042725B680E46590616D4FBF7D3FE0546D9
:10F5100023685A68D20718D4FBF7CCFE401B022898
:10F520002368F6D95A6812F00102F2D101210223B0
:10F5300061722272E360DFE70823C360FFF782FF96
:10F540000128E2D12023E360D6E79A685B68226154
:10F5500013F0400316BF08231F46E3604FF001037A
:10F5600008BF32606372C5E702273846F8BD00BFA6
:10F57000F0B50D46144683B00646FBF79BFE2C44BF
:10F58000241AFBF797FE0746264B1B68C3F3CB33C1
:10F5900004FB03F3019332689368190604D56B1CCE
:10F5A00006D193681C06FCD4002003B0F0BD1C46B5
:10F5B000FBF780FEC31B9C4206D9019B0BBB326844
:10F5C00092681006F3D4EFE7D6E900315A68B1F536
:10F5D000827F22F0E0025A6017D0B26AB2F5005F73
:10F5E00007D11A6822F400521A601A6842F40052D5
:10F5F0001A6001220023032086F85D2086F85C3023
:10F60000D3E7019B013B0193C5E7B268B2F5004F18
:10F6100002D0B2F5806FE0D11A6822F040021A6081
:10F62000DBE700BF200103202DE9F04700241D4641
:10F6300082B01746064688468DF80340FBF73AFE2F
:10F640003D442D1AFBF736FED6F8009082464C4614
:10F650002F4B1B6803EB8303C3EBC3031B0D05FB9D
:10F6600003F30193A36818EA030F08D0B8F5C06F3D
:10F670000DD07B1C14D1A36813F4C05FFBD1002014
:10F6800002B0BDE8F087A36813F4C06FF7D099F813
:10F690000C307A1CDBB28DF803309DF80330F2D0C9
:10F6A000FBF708FEA0EB0A00A842346803D2019BD6
:10F6B000EBB91D46D6E76368726823F0E003B2F544
:10F6C000827F636017D0B36AB3F5005F07D1236808
:10F6D00023F400532360236843F400532360012282
:10F6E0000023032086F85D2086F85C30C8E7019B84
:10F6F000013B0193B6E7B368B3F5004F02D0B3F511
:10F70000806FE0D1236823F040032360DBE700BF74
:10F710002001032070B50D46164613464FF4C05124
:10F720002A460446FFF780FF70B932462946204634
:10F73000FFF71EFF40B933462A464FF4C06120460A
:10F74000FFF772FF00B970BD236E032043F0200362
:10F75000236670BD002879D02DE9F84F0446406A31
:10F76000002857D00023C4E90433002294F85D3008
:10F77000A26203F0FF01002B5BD00223256884F80E
:10F780005D30E2682B68B2F5E06F23F040032B6038
:10F7900046D855D04FF4805E0027BB46A7624FF095
:10F7A000010C0026636802F47068A26803F4827397
:10F7B00002F4044213432269A16902F002021343D6
:10F7C0006269E76902EA0C021343626B07F03809C9
:10F7D00001F4007A276A02F00802090C42EA0802E2
:10F7E00043EA0A0301F0040100F0100007F080086A
:10F7F00043EA09030A4343EA0803024343EA0B03CB
:10F8000042EA0E022B606A60266684F85DC03046CC
:10F81000BDE8F88F6368B3F5827FA6D0E061A4E706
:10F82000B2F5706F14D1A76A4FF0000E07F4005BB9
:10F83000B5E7204684F85C10FBF762FA606A9CE743
:10F84000A76A4FF4805E07F4005BA8E701207047C9
:10F850004FF0000EA0E700BF70B590F85D30012BAF
:10F8600065D1DDB2002960D0002A5ED090F85C300E
:10F870000446012B5BD000234FF0030C80F85C5052
:10F880008163828780682668B0F5004F84F85DC088
:10F89000C4E9133323662364E287A4F84430A4F850
:10F8A000463007D1336823F040033360336843F4B4
:10F8B000804333600023606D274A036473680263EA
:10F8C000264A23F48043C262254AC2637360E36818
:10F8D000B3F5E06F0FD88369B3F5806F0BD1E38F79
:10F8E00013F0010F73682ED123F480437360E38F0C
:10F8F000C3F34E03E387E38F06F10C029BB2FBF7E1
:10F9000075FEB8B923681A68520603D41A6842F023
:10F9100040021A60002584F85C505A6842F02002C8
:10F920005A605A6842F002025A60284670BD0225A9
:10F93000284670BD0022236E84F85C2043F010033B
:10F940002846236670BD43F480437360E38FC3F39E
:10F950004E030133E387CEE769F900089DF90008FB
:10F9600079F90008704700BF08B5806AFFF7FAFF11
:10F9700008BD00BF704700BF0121806A08B502685A
:10F98000536823F003035360036E43F010030366D0
:10F9900080F85D10FFF7EEFF08BD00BF30B50546EB
:10F9A00083B0846AFBF786FC2B681B689B0622D415
:10F9B000236802465868642120F020005860586887
:10F9C00020F0020058602046FFF7A4FE18B1236E15
:10F9D00043F020032366A36833B922680193D368F8
:10F9E000019393680193019B01230022E28784F82D
:10F9F0005D30236E23B92046FAF7B4FA03B030BD68
:10FA00002046FFF7B7FF03B030BD00BF30B5026836
:10FA100004465168936885B013F0400FC3F3801516
:10FA200019D113F0010F2FD1980745D49D0600F18D
:10FA30009180DB050DD58D060BD50020236E43F09C
:10FA400008032366039093680393039B236E002BA4
:10FA50005AD105B030BD13F002001AD008067CD48C
:10FA600013F020002CD18D06F3D594F85D50032DB2
:10FA700079D0256E45F0040525660090D068009089
:10FA80009068009000983AE011F0400FCCD0C36C21
:10FA900065E08D06DDD594F85D50032D63D0256EAD
:10FAA00045F0040525660090D068009090680090AD
:10FAB0000098980623D515E008064ED49806B8D5C8
:10FAC0008806C6D575B194F85D0003284BD0206E2A
:10FAD00040F00400206600200090D06800909068FC
:10FAE00000900098206E40F00100206600200290F7
:10FAF00090680290106820F0400010600298DB05CA
:10FB00009BD4236E002BA4D0012053688D0723F0D3
:10FB1000E003536084F85D002DD05368A06D23F09E
:10FB20000303536040B1164B0364FBF7EFFD18B1BC
:10FB3000236E43F040032366606D002889D0104B8C
:10FB40000364FBF7E3FD002883D0236E43F04003FA
:10FB500023667EE78806C5D47BE72046236D05B083
:10FB6000BDE83040184700230193D36801939368A0
:10FB70000193019B6DE72046FFF7FCFE69E700BF9C
:10FB800085FB000808B50023806AA0F84630C387CB
:10FB9000FFF7F0FE08BD00BF30B4036A124D046ADF
:10FBA000A84224F0010404620ED0104CA0420BD0F5
:10FBB00004F54064A04207D004F58064A04203D05D
:10FBC00004F58064A04203D1046A24F004040462B2
:10FBD000846923F00A0324F0F00C4CEA0212194362
:10FBE000826130BC01627047002C0140003401404A
:10FBF00090F83D30012B23D102210368164A80F88A
:10FC00003D1093421ED0B3F1804F1BD0A2F5943229
:10FC1000934217D002F58062934213D002F58062BE
:10FC200093420FD002F5943293420BD002F540621A
:10FC3000934207D01A6842F001021A600020704710
:10FC4000012070479968054A0A40062AF6D0B2F5A5
:10FC5000803FEFD100207047002C014007000100D9
:10FC600090F83D30012B26D10222036880F83D2018
:10FC7000DA68174942F001028B42DA601DD0B3F115
:10FC8000804F1AD0134A934217D002F580629342F4
:10FC900013D002F5806293420FD002F59432934262
:10FCA0000BD002F54062934207D01A6842F001027D
:10FCB0001A6000207047012070479968064A0A4080
:10FCC000062AF6D0B2F5803FEFD10020704700BF82
:10FCD000002C0140000400400700010038B590F8F6
:10FCE0003C30012B6AD0044602250123006884F8C9
:10FCF0003C3084F83D5085684B4A2A4082600A684F
:10FD0000602A6AD010D8402A5AD02CD8202A4BD04A
:10FD100048D832F0100147D018460122002384F859
:10FD20003D2084F83C3038BDB2F5805F13D0B2F589
:10FD3000005F27D0702AEFD1D1E901538268C968EA
:10FD40002B4322F47F4243EA0123134383608368F9
:10FD500043F0770383600122002384F83D2084F878
:10FD60003C30002038BD502AD6D1CA684968FFF718
:10FD700013FF836823F4401323F0700343F0570309
:10FD80008360E8E78268D1E90153C9682B4322F414
:10FD90007F4243EA012313438360836843F4804333
:10FDA0008360D8E7302AB7D1836823F4401323F067
:10FDB0007003134343F007038360CCE7022038BD90
:10FDC000CA684968FFF7E8FE836823F4401323F00C
:10FDD000700343F047038360BDE7036A026A4D681E
:10FDE00022F01002C9680262104A904217D002F550
:10FDF0000062904213D0826923F0A00322F4704283
:10FE000043EA051342EA013282610362836823F404
:10FE1000401323F0700343F0670383609BE7026A9B
:10FE200022F040020262E6E78800CEFF002C01408B
:10FE3000704700BF704700BF704700BF704700BFEA
:10FE4000036870B5DE681C690546A20701D5B107D5
:10FE50005AD4630701D5700743D4210701D532076F
:10FE60002DD4E00601D5F10616D4E20701D5F3073B
:10FE700063D414F4025F0AD0300666D4600601D55C
:10FE8000710673D4A20601D5B3064DD470BDE20548
:10FE9000F4D5330662D4F1E76FF0100108222B6825
:10FEA000284619612A77DB6913F4407F6FD1FFF789
:10FEB000BFFF2846FFF7C0FF00232B77D5E76FF081
:10FEC000080104222B68284619612A77DB699B0701
:10FED0005AD1FFF7ADFF2846FFF7AEFF00232B777F
:10FEE000BFE76FF0040102222B68284619612A77C8
:10FEF0009B6913F4407F44D1FFF79AFF2846FFF730
:10FF00009BFF00232B77A8E76FF002021A61012202
:10FF100002779B699A0731D1FFF78AFF2846FFF7DE
:10FF20008BFF00232B7794E76FF020022B68284685
:10FF3000BDE870401A6100F005B96FF001022B684E
:10FF400028461A61F0F79CFF93E76FF402522B6882
:10FF500028461A6100F0F8F8E1058FD56FF4807239
:10FF60002B6828461A6100F0F1F887E76FF040022D
:10FF70002B6828461A61FFF761FF83E7FFF75AFFF6
:10FF8000CFE7FFF757FFBCE7FFF754FFA6E7FFF700
:10FF900051FF91E770B4284E0368B0424A698D68FA
:10FFA0000C6839D0B0F1804F20D0A6F59436B0421D
:10FFB0001CD006F58066B04218D006F58066B042C7
:10FFC00014D006F59436B04226D01C4EB04227D04D
:10FFD00006F58066B04223D006F58066B0421FD099
:10FFE00023F08003C5621A4384620CE04E6823F05C
:10FFF0007003C968334323F440730B4323F0800339
:020000040801F1
:10000000C5621A438462012170BC036843F0040393
:1000100003604161026070474E6823F07003334310
:10002000CE6823F440733343C56223F080038462B7
:100030001A430B690363E6E7002C014000400140CE
:1000400070B310B590F83D30044603F0FF0213B3CF
:100050000223214684F83D3051F8040BFFF79AFF44
:10006000012384F8483084F83E3084F83F3084F827
:10007000403084F8413084F8423084F8433084F8CA
:10008000443084F8453084F8463084F8473084F8AA
:100090003D30002010BD80F83C20FAF7C3FED7E7C2
:1000A0000120704790F83C20012A45D003460220E9
:1000B00070B41A68214E83F83D00B24250680D6852
:1000C000946827D006F50066B2422CD020F070006C
:1000D0002843B2F1804F50600ED0194882420BD0B5
:1000E00000F58060824207D000F58060824203D034
:1000F00000F59A30824204D1896824F080040C43D0
:1001000094600022012183F83C2083F83D101046C2
:1001100070BC70474E6820F47000304320F07000CF
:1001200028435060E8E74E6820F47000304320F028
:10013000700005435560DFE702207047002C014046
:1001400000040040704700BF704700BF704700BF09
:1001500010B4026852E8003F23F4907342E8003183
:100160000029F7D1144C02F1080353E8003F234063
:1001700002F1080C4CE800310029F4D1C36E012BC8
:1001800008D0002320225DF8044BC0F88C20436780
:10019000C366704752E8003F23F0100342E8003185
:1001A0000029EED052E8003F23F0100342E800316E
:1001B0000029EFD1E5E700BFFEFFFFEF704700BF6A
:1001C000704700BF08B5806AFFF7FAFF08BD00BF9F
:1001D000704700BF40F60F0C70B504680546E36930
:1001E000216813EA0C0FA26829D19E0607D501F0F9
:1001F000200C02F080565CEA060C40F0F080E86EBD
:10020000012800F0AC80D80200F19E80180606D5C7
:1002100002F4000201F08000104340F0E7805A062B
:1002200002D54E0600F1C380180202D54A0000F143
:100230000C81DB0102D50029C0F23D8170BDA348CD
:10024000104040F0C580A24E3142D8D0DE0740F1C8
:10025000DC80CE0540F1D28001262662D5F8906080
:1002600046F00106C5F890609E0740F1C980D607A8
:1002700040F1CB8002202062D5F890005E0740F06C
:100280000400C5F8900040F1DD8004202062D5F81C
:10029000900040F00200C5F89000180700F1BD8002
:1002A00018050AD54E0108D54FF400602062D5F834
:1002B000900040F02000C5F89000D5F8900000288C
:1002C000BCD0980606D501F0200102F080521143FF
:1002D00040F0AC80D5F89020A36802F0280203F02B
:1002E000400353EA0206284600F0EA80FFF730FF99
:1002F000A3685B0640F1A28004F1080353E8003FC5
:1003000023F0400304F1080141E8003262B12C6897
:1003100004F1080353E8003F23F0400304F108010F
:1003200041E80032002AF3D1D5F88000002800F01F
:100330008580684B0364FBF7E9F900283FF47EAF42
:10034000D5F88000036C4EE056027FF55FAF4FF4A6
:10035000801328462362BDE8704000F0FBB8DE063B
:100360007FF551AFC8067FF54EAF1022B5F85C306F
:100370002262A268520640F1AF80D5F88000026880
:10038000516889B2002900F0DC80994280F0D98060
:10039000A5F85E10126896065CD502222A67B5F8A9
:1003A0005E102846591A89B2FFF712FF70BD54E853
:1003B000003F23F0400344E80032002AF7D1202216
:1003C00000232846C5F88820AB67FFF7F7FE70BD0D
:1003D000DE077FF549AFCE057FF546AF3CE7436FBB
:1003E000002B3FF42BAFBDE870401847AB6F002BDC
:1003F0003FF424AF2846BDE8704018479E0704D458
:100400005E0702D5D6073FF540AF1E077FF548AF20
:1004100001F0200606433FF443AF08202062D5F8E0
:10042000900040F00800C5F8900039E76B6F002B92
:100430003FF450AF284698472C684BE72846FFF713
:10044000BFFE70BD1807E8D42AE72846BDE8704013
:1004500000F084B854E8003F23F4807344E800328D
:10046000002AF7D104F1080353E8003F23F0010309
:1004700004F1080141E80032002AF3D104F1080335
:1004800053E8003F23F0400304F1080141E8003243
:10049000002AF3D12023C5F88C30EA6654E8003FE7
:1004A00023F0100344E80032002AF7D1FBF7F6F8F6
:1004B000B5F85C3071E72846BDE8704000F04CB8F4
:1004C000FFF77EFEC5F8906070BD00BF0100001010
:1004D00020010004C5010108B5F85E10B5F85E20E2
:1004E00089B292B2002A3FF4A9AE5B1A99B20029F0
:1004F0003FF4A4AE54E8003F23F4907344E8003284
:10050000002AF7D1124804F1080353E8003F0340E2
:1005100004F1080646E80032002AF4D120236A6775
:10052000C5F88C30EA6654E8003F23F0100344E835
:100530000032002AF7D1022328462B67FFF748FE36
:1005400070BD99427FF47AAE13689C06F3D470BDF7
:10055000FEFFFFEF704700BF704700BF704700BF4E
:10056000034600224BF68071A3F844201046A3F8FE
:1005700040107047034644F27F02B3F84010002059
:100580000A40A3F8402070474FF0000C00B583B03C
:1005900002AB4FF0010E03E9060003466046A3F8E4
:1005A00040E0A3F840C0A3F844C0A3F850C003B093
:1005B00000BD00BF002070470020704770B50A786A
:1005C000034630F8220091F803E020F4EC4020F0DC
:1005D00070000004000CBEF1030F00F20582DFE89A
:1005E0000EF0CDD0B10240F4C06048F2800C40EA79
:1005F0000C0023F8220033F8220020F4E04020F021
:1006000070000004000C10434CEA000C23F822C0D8
:10061000087B002800F0B880002033F822C02CF4BA
:10062000E24C2CF0700C4FEA0C4C4FEA1C4C4CF492
:10063000004C4CF0800C23F822C00C89B3F85050C9
:1006400003EBC20C640864001CFA85F5A5F80044AD
:100650004C89B3F85050640864001CFA85F5A5F87D
:1006600004444C78002C40F01C8133F82240640490
:100670000DD533F8224024F4E04424F0700424041F
:10068000240C44F4404444F0800423F8224033F81E
:10069000224066060DD533F8224024F4E04424F0CD
:1006A00070042404240C44F4004444F0C00423F8EF
:1006B00022400D69B3F850101CFA81F1B1F80244E0
:1006C0000CF2064CC4F30904A1F80244002D00F01A
:1006D00030813E2D00F2658105F0010404EB5504E4
:1006E000A402A5B2B1F80244A4B22C43A1F802447A
:1006F000B3F8501089B231F80C40C4F3090421F862
:100700000C4031F80C40A4B22C4321F80C4048F2C4
:10071000800433F8221021F4804121F07001090493
:10072000090C81F44051214323F8221033F82210A0
:1007300021F4E04121F040010904090C0C4323F8A5
:10074000224070BD48F28005284323F8220033F888
:100750002200B14C80B220401043054323F82250C0
:10076000087B88B133F8220080B2204040F4014079
:1007700040F0800023F8220000205EE740F4007083
:1007800033E740F4806030E70020CC884E7864087E
:10079000640003EBC205F6B3B3F8501015FA81F10B
:1007A000A1F8004433F8221049060DD533F8221081
:1007B00021F4E04121F070010904090C41F40041E9
:1007C00041F0C00123F8221033F82210BEF1010FCE
:1007D00021F4E04121F040014FEA01414FEA11418B
:1007E00012D081F0200141F4004141F0800123F852
:1007F000221070BD33F8221021F4804121F07001E5
:100800000904090C81F4005141F4004141F08001D8
:1008100023F8221070BD0E69B3F8501015FA81F15B
:10082000A1F80444B3F8501015FA81F1B1F8064468
:10083000C4F30904A1F80644002E00F096803E2E71
:1008400000F29D80B1F8064406F00105A4B205EB64
:10085000560544EA8524A4B2A1F8064433F82210D0
:100860004D040DD533F8221021F4E04121F0700140
:100870000904090C41F4404141F0800123F82210A1
:10088000002AB7D11A8822F4804222F070021204A2
:10089000120C82F4405242F4004242F080021A806C
:1008A00070BD33F822104C040DD533F8221021F41A
:1008B000E04121F070010904090C41F4404141F08C
:1008C000800123F8221033F8221049060DD533F8A1
:1008D000221021F4E04121F070010904090C41F4D7
:1008E000004141F0C00123F8221033F82210BEF17C
:1008F000010F21F4E04121F040014FEA01414FEAAC
:10090000114118BF81F0200141F4004141F0800104
:1009100023F8221033F8221021F4804121F07001D5
:100920000904090C41F4004141F0800123F8221030
:1009300070BDB1F802446FEA44446FEA5444A4B273
:10094000A1F80244B3F85040A4B234F80C10C1F33B
:10095000090124F80C1034F80C106FEA41416FEAD9
:10096000514189B224F80C10D1E6B1F806446FEA7F
:1009700044446FEA5444A4B2A1F806446EE7B1F8C7
:1009800006447509F60608BF05F1FF35A4B244EA2E
:1009900085246FEA44446FEA5444A4B2A1F80644A3
:1009A0005CE76C09ED0608BF04F1FF34B1F80254AE
:1009B000A402A4B2ADB2254345F40045A1F8025407
:1009C000B3F85050ADB235F80C10C1F3090125F859
:1009D0000C1035F80C1021436FEA41416FEA514188
:1009E00089B225F80C1092E648F28004204323F8DF
:1009F000220033F8220020F4E04020F070000004D0
:100A0000000C1043044323F82240087B08B1012066
:100A100003E60120B9E600BF8F8FFFFF10B40C7B07
:100A20004A780B78CCB9002A00F0B58030F8232042
:100A3000540600F1C98030F8232022F4E04222F06D
:100A400040021204120C42F4004242F0800220F8EC
:100A500023205DF8044B00207047002A4DD130F868
:100A6000232052040DD530F8232022F4E04222F056
:100A700070021204120C42F4404242F0800220F84C
:100A8000232030F8232054060DD530F8232022F4FB
:100A9000E04222F070021204120C42F4004242F0D2
:100AA000C00220F8232048F2800130F823205DF8AE
:100AB000044B22F4E04222F070021204120C42F4C1
:100AC000004242F0C00220F8232030F8232022F414
:100AD000804222F070021204120C0A4320F82320F4
:100AE00030F8232022F4E04222F040021204120CDB
:100AF000114320F823100020704730F823205104C0
:100B00000DD530F8232022F4E04222F070021204C6
:100B1000120C42F4404242F0800220F8232030F8C8
:100B2000232052060DD530F8232022F4E04222F093
:100B300070021204120C42F4004242F0C00220F88B
:100B4000232048F2800130F823205DF8044B22F482
:100B5000E04222F070021204120C42F4404242F0D1
:100B6000800220F8232030F8232022F4E04222F0F3
:100B700040021204120C0A4320F8232030F82320EC
:100B800022F4804222F070021204120C114320F869
:100B900023100020704730F8232051040DD530F881
:100BA000232022F4E04222F070021204120C42F4DC
:100BB000404242F0800220F8232030F8232022F423
:100BC000804222F070023CE730F8232022F4E04219
:100BD00022F070021204120C42F4004242F0C002F1
:100BE00020F8232027E700BF2DE9F04F4B780C7B3E
:100BF000012B83B035D0ECB1CB78022B00F0FD8017
:100C0000012B40F0878000230A788B6130F8223076
:100C100023F4804323F070031B041B0C83F4405324
:100C200043F4004343F0800320F82230002003B057
:100C3000BDE8F08F8A690C78002A55D1CB78002B5B
:100C400040F0F98030F8243023F4E04323F07003BF
:100C50001B041B0C43F4014343F0800320F82430B1
:100C6000D1E70E698A694B69B24228BF324600F566
:100C70008067002C00F0A880CD780C6A022D91F8D6
:100C800000E04BD0A41A30F82E500C6294B201341C
:100C900015F0400F92B2B0F850504FEA540400F0F3
:100CA000D98000F2064616FA85F525F83E204D89D2
:100CB0003D443CB103EB4404ED1A1A885A53023305
:100CC0009C42FAD10A7830F8223023F4E04323F032
:100CD00040031B041B0C83F0300343F4004343F038
:100CE000800320F82230A1E730F8243023F4E243D7
:100CF00023F070031B041B0C43F4004343F08003F8
:100D000020F824300B699A427FF67DAFD31A8B61AD
:100D10000A787BE7012003B0BDE8F08FA64200F21D
:100D2000024B80F0DF8030F82E50A41A25F4E04505
:100D300025F070052D042D0C45F4014545F0800586
:100D400020F82E5030F82EC095B201351CF0400F1F
:100D50000C62B0F850C04FEA55051FFA82F800F255
:100D6000064900F08E8019FA8CFC2CF83E80B1F810
:100D70000A90B94475B19C46A9EB030903EB450AF7
:100D80000196BCF800602CF809600CF1020CD44507
:100D9000F7D1019E1344A6424B6180F0C880A21A8D
:100DA0000A62B0F850201BFA82F222F83E800C89C9
:100DB0003C44002D86D003EB4505E41A1A881A53EB
:100DC00002339D42FAD17DE795B2CE8801356D0898
:100DD0003E4492B207D003EB4505F61A1C889C539B
:100DE0000233AB42FAD1B0F850300C7800F2024531
:100DF00015FA83F323F8342064E7CB690A78002BD3
:100E00003FF404AF30F8223003F040045B0435D4E3
:100E1000002C7FF4FBAE30F8223023F4E04323F0C3
:100E200070031B041B0C43F4004343F0C00320F881
:100E300022300A78EAE630F8243023F4E24323F043
:100E400070031B041B0C43F4004343F0800320F8A1
:100E50002430D8E600F2024616FA85F525F83E2041
:100E60000D893D44002C3FF42DAF03EB4404ED1AF3
:100E70001A885A5302339C42FAD123E7002CCAD174
:100E8000C4E61BFA8CFC2CF83E80B1F808A0BA44EA
:100E900075B19C46AAEB030A03EB450B0196BCF81F
:100EA00000602CF80A600CF1020CDC45F7D1019EC1
:100EB0001344A6424B6141D2A41AB0F850200C62F0
:100EC00019FA82F222F83E804C893C44002D3FF40E
:100ED000F9AE03EB4505E41A1A881A530233AB4204
:100EE000FAD1EFE6A5B22C4630F82E20013422F4D8
:100EF000E24222F070021204120C42F4004242F06C
:100F0000800220F82E20B0F8502064081BFA82F2EC
:100F100022F83E500D893D443FF4D4AE03EB440427
:100F2000ED1A1A885A5302339C42FAD1CAE6A5B286
:100F3000013500221FFA84F86D0831E7A5B20135AA
:100F40001FFA84F86D080024B7E700BF4B780A78D1
:100F50008BB130F8223023F4E04323F040031B042C
:100F60001B0C83F0100343F4004343F0800320F88C
:100F700022300020704730F8223023F4804323F0E1
:100F800070031B041B0C83F4805343F4004343F0B1
:100F9000800320F822300020704700BF4B780A7889
:100FA00033B330F822305B060DD530F8223023F40D
:100FB000E04323F070031B041B0C43F4004343F095
:100FC000C00320F82230CB78012B0FD030F822302C
:100FD00023F4E04323F040031B041B0C83F02003A5
:100FE00043F4004343F0800320F822300020704790
:100FF00030F822305B040DD530F8223023F4E04382
:1010000023F070031B041B0C43F4404343F08003A4
:1010100020F8223030F8223023F4804323F070038C
:101020001B041B0C83F4405343F4004343F0800340
:1010300020F822300020704711B98023A0F84C30EE
:10104000002070470246B2F8583000206FEA434350
:101050006FEA53439BB2A2F858307047B0F844008F
:1010600080B27047013302F580625B08104408D0FB
:101070000A4601EB4301801A1388135202328A4256
:10108000FAD1704770B502F580625D0800EB02048A
:1010900019D06FF001008E1C3246AC46401A204435
:1010A000815ABCF1010C89B24FEA112E02F1020201
:1010B00002F8041C02F803ECF2D1013D023406EB05
:1010C000450104EB4504DB0744BF23880B7070BD6A
:1010D00038B50446012540230222842103F0AEFFE7
:1010E000A4F87450402302220421204603F0A6FFF6
:1010F000102003228321A4F8B451A4F8620008232D
:10110000204603F09BFFA4F860500025D4F8C032BD
:101110001B689847D4F8BC320421C3F834522046E7
:10112000C3F8405200F0BAF9284638BD0023F0B5A4
:10113000D0F8BC6283B08DF80530ADF8063066B1EA
:101140000B78054613F0600C0C4623D0BCF1200F41
:1011500006D02146284600F09DFD032003B0F0BDD7
:10116000CF8891F801C09FB31B0654D502F1B0039C
:1011700050F823303A46314660469B689847E288EB
:101180003146072A28BF0722284600F0B7FD002075
:1011900003B0F0BD4B780B2BDBD801A252F823F043
:1011A000031201088F11010853110108531101089E
:1011B000531101085311010853110108531101087B
:1011C0005311010853110108EF110108E51101083D
:1011D00002F1B00350F823303A4660469B689847C6
:1011E0000020D5E790F89C32032BD0D0B1E790F8DF
:1011F0009C32032BADD101220DF1050100F07EFDE3
:10120000C5E790F89C32032BA3D102220DF1060111
:1012100000F074FDBBE73A46314686F800C286F816
:10122000017200F083FDB2E710B5D0F8BC4284B182
:10123000D0F8C0325BB194F80002FF2807D09B6859
:10124000214694F801229847FF2384F800320020B9
:1012500010BD032010BD00BF03464B2201481A8079
:10126000704700BF9C01032003460A2201481A80F0
:10127000704700BFE8010320EE2903D1122305487F
:101280001380704710B500242146148000F002FD41
:10129000204610BD8801032038B5D0F8BC524DB3AC
:1012A0000429044617D0022905D003F03DFFC5F8F4
:1012B0002402002038BD03F037FFD4F8C432C5F84B
:1012C0002002002BF5D020469B68D5F8081205F5C2
:1012D00008729847EDE703F027FFD4F8C032C5F84D
:1012E0001C02002BE5D0DB68D5F8040205F5077178
:1012F0009847DEE7032038BD70B5D0F8BC42ACB3E8
:1013000001EB810E00EB8E05AB690A4684465BB9A2
:10131000DCF8C0320BB1042A18D0DCF8C4320BB1AF
:10132000012A1ED0002070BDD0F8CC6206EBCE0E94
:10133000DEF82060B3FBF6FE06FB1E33002BE7D180
:101340001A46AB6103F0D8FE0020ECE700251B69CC
:10135000D4F8100204F50A71C4F8345298470020FA
:10136000E1E700230020C4F83832DCE7032070BD39
:101370008A8870B50C4605464AB9FFF7D7FE06467F
:1013800018B12146284600F085FC304670BD214644
:101390002846032600F07EFCF7E700BF38B5044678
:1013A0000025842103F058FE04212046A4F874503F
:1013B00003F052FE83212046A4F8B45103F04CFE02
:1013C000D4F8BC3225664BB1D4F8C0325B6898477C
:1013D000D4F8BC0203F0B0FEC4F8BC52002038BD03
:1013E00010B504464FF4147003F0A2FE034630B16A
:1013F0002046C4F8BC32BDE81040FFF769BEC4F80F
:10140000BC02022010BD00BF034621B1B032002053
:1014100043F8221070470320704700BFD0F8BC0289
:1014200038B100EB8303C3F810120020C3F8282260
:1014300070470320704700BFD0F8BC322BB103EBDC
:1014400082030020C3F8041270470320704700BFD6
:10145000D0F8BC2202B302EB810310B5D3F83442BA
:101460006CB90124C3F8344259B9D2F82832842126
:10147000D2F81022836603F03FFE002010BD012049
:1014800010BD0129F9D1D2F82C328121D2F81422D1
:10149000C36203F031FEF0E703207047D0F8BC22AE
:1014A000A2B1042908B503D0022908D0002008BD44
:1014B0004023D2F8042203F02BFE002008BD802335
:1014C000D2F8082203F024FE002008BD0320704754
:1014D00088B10023C0E9B033C0F8B832C0F8C832D0
:1014E000C0F8D43209B1C0F8B4120123027080F8F8
:1014F0009C3203F035BD0320704700BF002310B5B8
:1015000082B0ADF8063061B1CB6A0446C0F8B812BB
:1015100023B10DF106009847C4F8D402002002B0B0
:1015200010BD032002B010BD03F07CBDD0F8B8326E
:101530000BB11B6818470320704700BF08B5D0F8EF
:10154000B8320BB15B689847002008BD38B5044637
:1015500000F2AA25284600F091FB012294F8AA1275
:10156000B4F8B032C029C4F89422C4F898320DD02F
:1015700001F01F03012B1BD0022B13D063B12046B7
:10158000BDE8384001F0800103F07EBD2046BDE893
:101590003840802103F078BD29462046BDE8384018
:1015A00000F0F6B829462046BDE8384000F0C8BA39
:1015B00029462046BDE8384000F08CBA70B5044694
:1015C00031B91346D0F89422032A0DD0002070BD03
:1015D00090F89C32032BF9D1D0F8B8329B69002BDC
:1015E000F4D0BDE870401847D0E95752954208D86A
:1015F00090F89C32032B0ED0204600F0AFFB002069
:1016000070BDAD1AAA4228BF2A461946C0F85C51DF
:1016100000F09AFBDAE7D0F8B8321B69002BEBD068
:101620009847E9E770B5044649B9D0F89432022BDF
:1016300011D094F8A032012B22D0002070BD90F878
:101640009C32032BF9D1D0F8B8325B69002BF4D06F
:10165000BDE870401847D0E90736B3420D4614D8AC
:1016600020D094F89C32032B2FD08021204603F009
:101670000BFD204600F07EFB94F8A032012BDCD15C
:10168000002384F8A032002070BD9B1B1146C3616B
:101690001A4600F041FB2B462A462946204603F015
:1016A00037FDC6E782699342DBD8D0F898329A4278
:1016B000D7D20A4600F030FB2B462A462946204660
:1016C000C4F8985203F024FDB3E7D4F8B832DB68CD
:1016D000002BCAD020469847C7E700BF002101224F
:1016E000D0F8B83280F89C224160C0F89412C0F85B
:1016F000A412EBB1D0F8BC2270B5044612B15B68FD
:1017000003B1984700224025012611464023204678
:1017100003F094FC002280212B462046A4F864614B
:10172000C4F8605103F08AFC0020A684256270BDD5
:1017300003207047034600201974704703460421B4
:1017400093F89C220020D2B283F89D2283F89C1249
:10175000704700BF90F89C32042B04D190F89D3262
:10176000DBB280F89C320020704700BFD0F8B8226E
:1017700062B108B590F89C32032B01D0002008BD5F
:10178000D369002BFAD09847002008BD032070478A
:1017900030B50B780D4603F06003202B044683B070
:1017A00028D0402B26D05BB18021204603F06CFC72
:1017B0000021204603F068FC0025284603B030BD18
:1017C0004B78092BF0D801A252F823F03F180108FA
:1017D00067180108A917010885180108A917010849
:1017E0008D180108C7180108A9170108FD1801087C
:1017F0000718010829462046D4F8B8329B6803B080
:10180000BDE8304018478978B14D0129297000F2B0
:101810003B8190F89C32022BDAB200F01D81032A42
:1018200000F0FA80802103F02FFC0021204603F015
:101830002BFC20462978FFF781FE0325BDE790F8B1
:101840009C32013B022BAFD8CA88022AACD1D0F817
:10185000A4320146003B18BF01235B0041F80C3F56
:1018600000F04CFAA8E790F89C32013B022B9BD881
:101870004B88012BA0D100232046C4F8A43200F0ED
:101880006DFA99E74B88012B96D1F5E78B88002BF1
:101890008AD1CB88002B87D14B887F2B84D890F8B6
:1018A0009C22032A80D0DDB2294680F89E5203F0A4
:1018B00017FC204600F052FA002D00F0FB800223B6
:1018C00084F89C3278E700216A88ADF80610130A84
:1018D000013B062B3FF668AF01A151F823F000BF92
:1018E0009119010877190108A1190108A917010820
:1018F000A91701086119010825190108CA88012AD8
:101900007FF452AF90F89C32022BD9B200F2B5802E
:1019100000293FF449AF0146002341F8083F00F099
:10192000EDF949E7037C002B7FF43EAFD0F8B832E5
:101930000DF106001B6B984707234370EB88002BC3
:1019400066D0BDF80620002A3FF42EAF9A4228BF89
:101950001A4601462046ADF8062000F0CFF92BE7E5
:10196000037C002B7FF420AFD0F8B8320DF10600D5
:101970005B6B9847E2E7027CD0F8B832002A40F06F
:101980008B809B6A0DF10600984702234370D5E7D0
:10199000D0F8B4320DF106011B68007C9847CDE702
:1019A000D1B2052900F28A80DFE801F026201A145E
:1019B0000E03D0F8B4329B69002B3FF4F5AE207CC7
:1019C0000DF106019847B9E7D0F8B4325B69002BF6
:1019D000F5D1E9E6D0F8B4321B69002BEFD1E3E68C
:1019E000D0F8B432DB68002BE9D1DDE6D0F8B432B0
:1019F0009B68002BE3D1D7E6D0F8B4325B68002BAC
:101A0000DDD1D1E60223416080F89C32FFF796FDDC
:101A1000204600F0A3F9CFE60029F3D04168012960
:101A2000F6D0C9B2FFF78AFD297820466160FFF73A
:101A30007DFD05460028EBD08021204603F024FBE5
:101A40000021204603F020FB20462179FFF776FD98
:101A5000022384F89C32B0E60029D9D001214160EC
:101A6000FFF764FD0546F0B18021204603F00CFB32
:101A70000021204603F008FB9FE603297FF494AE83
:101A8000011D00F03BF997E6802103F0FDFA0021EB
:101A9000204603F0F9FAD0E6DB6A0DF1060098471C
:101AA000022343704AE7204600F058F9032384F8E4
:101AB0009C3281E6012384F89C327DE6D0F8B8326E
:101AC0009B6B002B3FF470AE0DF10602984735E793
:101AD000403F032038B50B780D465A0604460DD515
:101AE00003F06002402A09D0802103F0CDFA0021E2
:101AF000204603F0C9FA0025284638BD94F89C32E8
:101B0000013B022B12D82B79022B0FD8D4F8B83214
:101B100029469B6820469847EB880546002BEBD169
:101B20000028E9D1204600F019F9E5E78021204698
:101B300003F0AAFA0021204603F0A6FADBE700BF73
:101B400070B50B780D4603F06003202B04464CD093
:101B5000402B4AD04BB18021204603F095FA00215A
:101B6000204603F091FA002070BD6B788A88012B23
:101B7000D1B22BD0032B40D0002BECD190F89C326B
:101B8000022BD8B253D00328E5D101F00F0303EBA9
:101B90008303120604EB830358D4B3F86431002B9B
:101BA000D9D001EB810504EB850505F5AA7500295F
:101BB00058D0204603F080FA002859D001232B602A
:101BC00002222946204600F099F8CCE790F89C3292
:101BD000022BDAB222D0032ABDD16B88002BC2D1EE
:101BE0004E0642D1204600F0B9F8D4F8B832294662
:101BF0002046BDE870409B68184790F89C32022B45
:101C0000DAB20BD0032AA6D16B881BB94A0601D0E1
:101C1000EB887BB3204600F0A1F8A4E74B069AD0EE
:101C200003F032FA8021204603F02EFA9BE74806A3
:101C300091D1002311064CBF04F1140104F5AA71DF
:101C4000022220460B6000F059F88CE79B8C002B99
:101C500081D001F07F05013505EB8505802904EB76
:101C60008505A6D100232B60AAE703F019FAB9E78E
:101C70002860A5E703F008FACCE700BF0B780370F3
:101C80004B7843704B8843808B888380CB88C3809C
:101C9000704700BF10B50446802103F0F5F92046D7
:101CA000BDE81040002103F0EFB900BF08B370B5E4
:101CB000037805460E461446E3B10130EEF7C0FA4C
:101CC000431CDBB201335B00DAB2238003233270A2
:101CD00073702C7864B12846022300215A1CD2B2BA
:101CE000F454B15410F8014F0233DBB2002CF5D19B
:101CF00070BD704702221346E7E700BF10B51346D8
:101D000002240A46C0E906330021C0F8944203F0D9
:101D1000F3F9002010BD00BF8C4608B50021134622
:101D2000624603F0E9F9002008BD00BF10B5134674
:101D300003240A46C0E956330021C0F8944203F058
:101D4000E7F9002010BD00BF8C4608B500211346FE
:101D5000624603F0DDF9002008BD00BF002310B586
:101D600004241A461946C0F8944203F0C5F900202D
:101D700010BD00BF002310B505241A461946C0F84F
:101D8000944203F0C5F9002010BD00BF08B54FF024
:101D9000E0231B6901F0E2FE012800D108BDBDE887
:101DA000084002F02FBC00BF08B5EFF3058313B164
:101DB0006FF0050008BD01F0D1FE012807D0EFF358
:101DC0001083002BF4D1EFF31183002BF0D101F03D
:101DD000C5FE0128034604D1034A106808B9136000
:101DE00008BD4FF0FF3008BD9C4C0320EFF3058386
:101DF00013B16FF00500704710B501F0AFFE012878
:101E000009D0EFF3108313B16FF0050010BDEFF3AD
:101E10001183002BF8D101F0A1FE01280CD1084B51
:101E20001A68012A08D1002402220649CC771A60D8
:101E300001F092FB204610BD4FF0FF3010BD00BFF7
:101E40009C4C032000ED00E0F0B5002587B014465F
:101E50000595EFF3058212B1002007B0F0BD0746EB
:101E60000E4601F07BFE012809D0EFF3108313B179
:101E7000059807B0F0BDEFF31183002BF8D1002FC8
:101E8000F6D00CB3A569DDB918256368DB07E3D488
:101E900063693BB39A08A068D4F800C0E16820B336
:101EA000AB29E5D921690029E2D0002BE0D0CDE9AA
:101EB0000110334661463846009501F069F9CCE7D8
:101EC0006B1E372BE1D9C7E74FF4807218252146E6
:101ED00005AC334638460095019401F08DF9012890
:101EE000BAD1C5E74FF48072D5E70029C0D1236984
:101EF000002BBDD1644692B2E9E700BF01F028BED5
:101F000038B5EFF3058313B16FF0050038BD044613
:101F10000D4601F023FE012807D0EFF31083002BBC
:101F2000F2D1EFF31183002BEED144B16B1E372BAE
:101F300005D82046294601F0ABFA002038BD6FF0E5
:101F4000030038BDEFF3058313B16FF00500704750
:101F500010B5044601F002FE012809D0EFF310830A
:101F600013B16FF0050010BDEFF31183002BF8D112
:101F70000CB9002010BD204601F022FAF9E700BF9D
:101F80004FF4807330B4034D034C05600C60136054
:101F900030BC7047F04B0320F04703204FF4007330
:101FA00030B4034D034C05600C60136030BC7047C7
:101FB00044470320443F03204FF0FF31002200F14B
:101FC0000803C0E90131C0E903330260704700BF74
:101FD00000230361704700BF4268036810B494682F
:101FE0000133C1E90124616091605DF8044B08612F
:101FF0000360704730B40D686B1C10D000F108030B
:102000001C465B681A68AA42FAD902684B60013222
:1020100099608C606160086130BC0260704704693F
:102020006368F2E7036910B4D0E901125C688A6062
:1020300051600021844208BF5A601A680161013A68
:102040001A6018685DF8044B704700BF70B51646FB
:10205000026C0446856B2AB9066801354EB31046FA
:10206000A56370BD8EB9406803F0C8F96368216C40
:10207000A2680B449342636028BF236805F1010501
:1020800028BF63600020A56370BDC06803F0B6F987
:10209000226CE36851429B1A2268E360934202D2A9
:1020A000A3680B44E360022E08D001350020A5632D
:1020B00070BD806801F0AAFDA660D1E7012D38BF90
:1020C0000125DFE770B5054602F07AFA95F845304C
:1020D0005CB2002C14DD05F1240603E0631EDAB2C5
:1020E0005CB26AB16B6A5BB1304601F069FB0028F3
:1020F000F4D001F02BFC631EDAB25CB2002AF1D1FD
:10210000FF2385F8453002F069FA02F059FA95F894
:1021100044305CB2002C14DD05F1100603E0631EB0
:10212000DAB25CB26AB12B695BB1304601F048FBB0
:102130000028F4D001F00AFC631EDAB25CB2002A77
:10214000F1D1FF2385F84430BDE8704002F046BA73
:1021500070B568B3C56B0446F5B1026CA2FB0525EA
:10216000D5B90E4602F02CFAD4E90F30FF2100FB5E
:1021700003F32268181A626013440244A563C4E999
:10218000023284F8441084F8451046B9236993B9A3
:1021900002F024FA012070BD02F064FBFEE704F1B6
:1021A0001000FFF709FF04F12400FFF705FFEFE738
:1021B00002F058FBFEE704F1100001F001FB0028DB
:1021C000E6D002F0F1F9E3E770B582B09DF818604F
:1021D00033B3054650B11C465AB139B1502301936F
:1021E000019B502B0DD002F03DFBFEE702F03AFBC5
:1021F000FEE70029FAD150230193019B502BF2D125
:102200002246C4E90F5101212046226084F846107D
:10221000019BFFF79DFF204684F84C6002B070BD23
:1022200002F020FBFEE700BFF0B585B00192002868
:1022300000F0878004460E461D46002961D0022D1D
:1022400002D1E36B012B6FD101F088FC00284ED046
:1022500002F0B6F9A26BE36B9A4258D3022D56D026
:10226000002007460DE002F0B9F92046FFF72AFFEB
:1022700001F0CAF902F0A4F9A26BE36B01209A42C3
:1022800045D3019B002B5FD0002836D002F0A6F981
:1022900001F0B2F902F094F994F84430FF2B08BF32
:1022A00084F8447094F84500FF2808BF84F845700E
:1022B00002F094F901A902A801F010FB002848D10E
:1022C00002F07EF9A26BE36B9A42CCD102F086F960
:1022D000019904F1100001F033FA2046FFF7F2FEF5
:1022E00001F092F90028C5D102F05EF9C2E7019B26
:1022F000002BADD002F0B6FAFEE702A801F0E2FA38
:10230000C4E7036C002B9AD002F0ACFAFEE72A4631
:1023100031462046FFF79AFE636A5BB938B902F08E
:102320005DF9012005B0F0BD02F09CFAFEE702F075
:102330003BF9F4E704F1240001F042FA0028EED062
:10234000F5E702F08FFAFEE702F048F9002005B049
:10235000F0BD2046FFF7B6FE01F056F9F6E700BFE4
:1023600070B582B011B350230193019B502B1AD149
:102370000C46002601210546C4E90F1684F84610D4
:1023800020462460019BFFF7E3FE33463246314688
:10239000204684F84C50A6602660E660FFF744FFB4
:1023A000204602B070BD02F05DFAFEE702F05AFA74
:1023B000FEE700BFF0B585B0019200286BD004465F
:1023C0000E4600295BD001F0C9FB00285DD002F069
:1023D000F7F8A56B002D61D1019B002B42D002A81C
:1023E00001F070FA2F4602F0F9F801F005F902F059
:1023F000E7F894F84430FF2B08BF84F8447094F851
:102400004530FF2B08BF84F8457002F0E7F801A9BA
:1024100002A801F063FA98B902F0D2F8A36B33BBBB
:1024200002F0DCF8019904F1240001F089F920465A
:10243000FFF748FE01F0E8F868B902F0B5F80AE0E5
:102440002046FFF73FFE01F0DFF802F0B9F8A36B7A
:1024500043B102F0C3F802F0B3F8A56BF5B9019BE4
:10246000002BC0D102F0BAF8002005B0F0BD02F098
:10247000B5F82046FFF726FE01F0C6F8EBE7036C3F
:10248000002BA0D002F0EEF9FEE7019B002B9ED0BE
:1024900002F0E8F9FEE702F0E5F9FEE7226C5AB136
:1024A000E168A36811449942E16028BF2168304681
:1024B00028BFE16002F0A2FF013DA56323691BB9BB
:1024C00002F08CF80120D0E704F1100001F078F957
:1024D0000028F5D002F068F8F2E700BFF0B585B04B
:1024E0000191002878D0036C0446002B3FD101F005
:1024F00035FB10B9019B002B6BD102F061F8A56B85
:10250000002D7AD1019B002B60D002A801F0DAF9EE
:102510002E462F4602F062F801F06EF802F050F8F5
:1025200094F84430FF2B08BF84F8447094F8453089
:10253000FF2B08BF84F8457002F050F801A902A8EB
:1025400001F0CCF9B0B902F03BF8A36B23B302F071
:1025500045F82046FFF7B6FD01F056F802F030F8D6
:10256000A56B002D49D1019B002BD3D12EE002F0A9
:1025700079F9FEE72046FFF7A5FD01F045F802F0E6
:102580001FF8A36B2BB902F029F8C6B9002005B0DB
:10259000F0BD02F023F8E1E702F020F823681BB356
:1025A000019904F1240001F0CBF82046FFF78AFDE1
:1025B00001F02AF80028D1D101F0F6FFCEE701F0B2
:1025C000FFFF616A59B9A06801F068FB02F006F8E4
:1025D000DCE702F047F9FEE702F044F9FEE7236B7F
:1025E0001968C1F13801EEE701F0EAFFA06801F0D7
:1025F000C5FA064601F0F2FFD2E72368013DA56364
:1026000073B123691BB901F0E9FF0120BFE704F1B1
:10261000100001F0D5F80028F5D001F0C5FFF2E771
:1026200001F08AFBA060ECE738B500B3A1B1124C11
:102630006268234682421DD0A44600221D680132F2
:1026400008337DB1082A07D05D689C46A842F5D1C1
:1026500004EBC20CCCE9001038BD5D68A842F7D08D
:1026600001320833082AF8D1CCE90010F4E702F06F
:10267000F9F8FEE70022EBE7A04C032070B5044612
:102680000E46154601F09CFF94F84430FF2B04BF22
:10269000002384F8443094F84530FF2B04BF002316
:1026A00084F8453001F09AFFA36B23B12046BDE8C2
:1026B0007040FFF707BD04F124002A46314601F0BF
:1026C00053F82046BDE87040FFF7FCBC2DE9F84305
:1026D0001C4683681646A3EB04089045474628BF6E
:1026E0001746E219934202D202F0BCF8FEE7054613
:1026F00080693A462044894602F080FEB0450BD2FC
:10270000AB68F21B9A4202D902F0ACF8FEE7A86966
:1027100009EB070102F072FEAB68A019984228BFCE
:10272000C01ABDE8F88300BF2DE9F0411C460B46F6
:1027300081681546A1EB04089045474628BF174617
:10274000E219914202D202F08DF8FEE78169064655
:102750003A461846214402F051FEA84506D3B36814
:102760006019984228BFC01ABDE8F081B1693844A9
:10277000EA1B02F043FEF2E7F0B51646027F1C4664
:10278000D20705460F46036883B006D4B44228BF7B
:1027900034467CB9204603B0F0BD04220DEB0201A3
:1027A000FFF7C2FF019A034696420CD2002420464E
:1027B00003B0F0BD224639462846FFF7B5FF286032
:1027C000204603B0F0BD1646043CDFE7F0B51646E0
:1027D000027F1C46D20705460F46436883B007D5E3
:1027E000089A0196944211D20024204603B0F0BD0D
:1027F000B44228BF3446002CF7D02246394628463A
:10280000FFF764FF6860204603B0F0BD04220DEBC3
:102810000201FFF75BFF34460346002CE5D0ECE7EE
:102820002DE9F04182B0CBB11D46089BE3B1814256
:1028300004460E460FD8002A0CBF4FF002084FF096
:10284000030804280DD924230193019F9F420ED031
:1028500002F008F8FEE702F005F8FEE702F002F8E1
:10286000FEE701F0FFFFFEE701F0FCFFFEE7024696
:102870005521284602F020FD854202D001F0F2FFEA
:10288000FEE73A460021089802F016FD089B012E4B
:1028900038BF012618469D619C6083F81C80DE606D
:1028A00002B0BDE8F08100BF38B568B18568026844
:1028B0000168446803689A42F9D168180138001B1E
:1028C000854298BF401B38BD01F0CCFFFEE700BF3A
:1028D00008B540B1826843680168D018401A824246
:1028E00098BF801A08BD01F0BDFFFEE72DE9F04357
:1028F00087B00393002900F084800446002800F08C
:102900008380037F8568DB0717460E4605F1FF329B
:102910005ED4BA4228BF3A469046039B002B33D080
:1029200004A800F0B9FF01F04BFEA16820682568FB
:10293000626823689842F9D10D44013DAD1AA9425D
:1029400098BF6D1AA84565D90021084601F01CFC06
:10295000D4F81490B9F1000F5FD101F0F9F860617B
:1029600001F03CFE039A494600924B464A464846CF
:1029700001F024FA03A904A8C4F8149000F0AEFFF3
:102980000028D0D05DB9A5682268216860682368F6
:102990009A42F9D14B1E1B1A5D1938BF1D462B46B2
:1029A0003A4631462046CDF80080FFF70FFF054636
:1029B00050B1A2686368216813445B1A9A4298BFB9
:1029C0009B1AE2689A420CD9284607B0BDE8F0830A
:1029D00007F1040847451AD242459ED200230393CB
:1029E000D2E700F009FE236943B10026206933468F
:1029F00032463146009601F02DFA266100F004FEC1
:102A0000E2E701F02FFFFEE701F02CFFFEE701F007
:102A100029FFFEE701F0E2FDB4E701F023FFFEE746
:102A2000F0B583B0002942D00446002842D01F46AA
:102A300090F81CC0D0F808E00CF0010C02EB8C0CF4
:102A400025682668636820688542F9D17644013E8E
:102A5000F31A9E45204698BFA3EB0E03CDF800C0A5
:102A6000FFF7B4FE054650B1A268636821681344BD
:102A70005B1A9A4298BF9B1AE2689A4202D928468A
:102A800003B0F0BD01F0EEFE236906464BB12069AC
:102A9000019700273B463A463946009701F05AFA1B
:102AA0002761304601F0EAFE284603B0F0BD01F090
:102AB000D9FEFEE701F0D6FEFEE700BF2DE9F043A8
:102AC00083B0002949D00446002849D0077F0E462C
:102AD00007F0010790469946BF0073B9A36865687F
:102AE00022681D44AD1AAB4298BFED1ABD4212D800
:102AF0000025284603B0BDE8F08301F061FDA3681E
:102B0000656822681D44AD1AAB4298BFED1ABD42FC
:102B10001AD901F063FD2B46424631462046FFF7A5
:102B20002BFE05460028E3D000F066FD636943B143
:102B300000266069334632463146009601F08AF934
:102B4000666100F061FDD4E70021084601F01CFB3E
:102B5000256945B101F086FEFEE701F083FEFEE740
:102B600001F080FEFEE700F0F3FF206101F036FD8A
:102B70002B462A4629462846CDF8009001F01EF93A
:102B80002561ABE72DE9F041054601F019FD374A13
:102B9000374F1368013313603B68002B35D0354C39
:102BA000EB6A226852B3344E344935480A6805F15D
:102BB000040C01326A640A6002689A4238BF0360FA
:102BC00003EB830306EB830041689B00A960F25886
:102BD000D1F808E00132C5F80CE0CEF804C0C1F825
:102BE00008C06861F25001F0F9FC236823B13A682B
:102BF000EB6AD26A9A4210D3BDE8F0813A681E4E61
:102C0000D26A9A4298BF3D60CEE73D601368012BBF
:102C100007D0EB6A184E174CC6E7BDE8F04101F04B
:102C2000C3BC154E344606F58C6820461434FFF7B5
:102C3000C3F94445F9D1DFF86480124C4046FFF7F0
:102C4000BBF92046FFF7B8F90F48FFF7B5F90F4871
:102C5000FFF7B2F90E48FFF7AFF90E4BC3F800804B
:102C60000D4B1C60EB6A034C9EE700BF104D032028
:102C7000E4510320044D0320844D0320F44C032031
:102C8000084D03205C4D0320404D03202C4D0320B4
:102C9000144D0320584D0320544D0320704D032044
:102CA000F8B50446214B224E1D6830680F460430AB
:102CB000FFF7B8F9631C17D033682D195D600BD28C
:102CC0001C4B186831680431FFF794F91A4B1A68E5
:102CD000AA4200D91D60F8BD184B18683168BDE8DC
:102CE000F8400431FFF786B96FB933686A1E5A603D
:102CF000002DF1D10F4B186831680431FFF77AF9D4
:102D00000D4B1B68F8BD0E4B31685A6837688A60F6
:102D10003068316835681C68043001341C60946880
:102D20000431FC60606091606B61F8BD0C4D032064
:102D3000E4510320584D0320F04C0320544D032050
:102D4000144D03202DE9F0478A460A9C950007465A
:102D5000A5212A46206B9846089E02F0ADFAD4F8C9
:102D60003090BAF1000F0FD00AF1FF3C0AF10F01C9
:102D700004F1330E1CF8012F0EF8012F0AB18C4517
:102D8000F8D1002384F84330372E02D901F06AFDD0
:102D9000FEE7E662E664201DFFF71AF9C6F1380681
:102DA00004F11800FFF714F94C220021A6612461F8
:102DB000646204F1580002F07FFA0B49043D01F10E
:102DC0006803E16509EB0500D0312366616643467F
:102DD0003A46216B20F0070001F042FC099B20607D
:102DE00003B11C60BDE8F0878472032080B51E4DDE
:102DF000DFF884801D4E1E4F1E4C2B684BB301F034
:102E0000DFFBD8F80C30D3F80C9009F10400FFF781
:102E100009F93368013B33602B68013B2B6001F0FB
:102E2000DDFB3868583002F04FFA99F8A93033B119
:102E3000012B14D0022BE0D001F014FDFEE7D9F8ED
:102E4000300001F027FE484601F024FE2B68002BDD
:102E5000D5D12368012BD0D901F0A6FBCDE7484698
:102E600001F018FEC9E700BF284D0320104D0320D4
:102E7000E4510320844D03202C4D03202DE9F04F15
:102E8000604B83B01C6801341C60002C79D05E4B11
:102E90001A6894427CD35D4D2A681268002A00F0BB
:102EA000AC804FF0000CCDE9004366465848DFF88F
:102EB00074E1584F58E0D3F81490D3E90241A1606F
:102EC0009C684C60D9F80410914204BFD968C9F8D5
:102ED0000410D9F800105E610139C9F80010D3F868
:102EE0002890B9F1000F11D0D3E90741A160DC6946
:102EF0004C60D9F80410414504BF196AC9F80410A0
:102F0000D9F800109E620139C9F80010D3F82C805E
:102F1000D7F8009008EB880100EB810AC845DAF881
:102F2000049088BFC7F8008050F82180C3F808904B
:102F3000D9F808B008F10108C3F80CB0CBF80420A8
:102F4000C9F80820C3F814A040F82180DEF800205A
:102F5000D5F80080D96AD26AD8F80030914288BF8B
:102F60004CF0010C002B43D02B68009CDB68DB6825
:102F700059681A1D8C4203F118089CD2019B1960F4
:102F80000BE0224B1A681268DAB101F06BFCFEE725
:102F90004FF0000C1E48DFF88CE0DEF800301E4ACF
:102FA000DB6A03EB83039B00C0581368012898BFBA
:102FB000002B14BF0120002040EA0C0003B0BDE844
:102FC000F08F164A186811681960154910600A6870
:102FD00001320A601A68126822B94FF0FF320A4BB8
:102FE0001A6055E71A68084BD26812681A604FE7F2
:102FF000019B4FF0FF321A60CFE794460448DFF898
:1030000024E0F6E70C4D0320F04C0320584D03203C
:10301000844D0320084D0320FC4C0320544D032015
:10302000F84C0320E45103202DE9F04F4E4C83B0BF
:1030300001F0C6FA2368013B23602668002E40F0A9
:1030400083804A4B1B68002B7ED0494D2B68002B98
:1030500000F08680474F4848DFF82CC1DFF82C810C
:103060000196EB68DB681A6ADE69996AB260DE690C
:1030700003F1180E56604A68019E724504BF1A6A31
:103080004A600A689E62013A0A60D9689E685A6975
:10309000B1609E6803F1040E4E605168714504BF33
:1030A000D9685160116801391160DA6AD7F8009067
:1030B00002EB820100EB810A4A45DAF8049088BFEE
:1030C0003A6050F82120C3F80890D9F808B00132CE
:1030D000C3F80CB0CBF804E0C9F808E0C3F814A0BA
:1030E00040F82120DCF80010DA6ACB6A9A4284BFEB
:1030F0000123C8F800302B68002BB2D11F4B1A688F
:10310000126842B31A681E4BD26812681A601D4ECC
:10311000356895B1012706E0FFF7B0FE08B1C8F8A1
:103120000070013D08D02368002BF5D03368013DC5
:1031300003F101033360F6D13560D8F800301BB1DC
:1031400001F032FA012400E0002401F047FA2046A1
:1031500003B0BDE8F08F4FF0FF32094B1A60D6E79D
:10316000DFF82880D3E700BFE84C0320104D032090
:10317000404D0320084D0320844D0320584D03206B
:10318000F04C0320004D0320E4510320FC4C0320AD
:103190002DE9F04188B0DDE90F573DB34FB3164636
:1031A000AC220792079AAC2A02D001F05BFBFEE743
:1031B00004468846384607990021059302F07CF8BA
:1031C00020460E9C3D6300940224029787F8A94094
:1031D00006AC32464146059B0194FFF7B3FD3846E5
:1031E000FFF7D0FC069808B0BDE8F08101F03AFB8B
:1031F000FEE701F037FBFEE72DE9F043064685B018
:10320000900015460F46984601F0BCFB08B30446F3
:10321000AC2001F0B7FB8146C0B1AC22002102F026
:103220004BF8C9F830400D9C434601940C9C2A464B
:1032300039463046CDF808900094FFF783FD4846A4
:10324000FFF7A0FC012005B0BDE8F083204601F0A7
:1032500021FC4FF0FF3005B0BDE8F08370B50446A7
:10326000304D01F0ADF9002C42D0261D3046FEF75E
:10327000D9FEA36A1BB104F11800FEF7D3FE2A4A57
:103280001368013313602B68A34228D0274A2849CA
:103290001368013B13600B681B68DBB10A68254BA0
:1032A000D26812681A6001F099F92B68A3420AD01B
:1032B0002868583002F008F894F8A9301BB3012BA5
:1032C00028D0022B16D11C4B1B6813B12B68A342CC
:1032D00013D070BD4FF0FF32164B1A60E3E7314652
:1032E0001648FEF779FE164A136801331360DAE7D1
:1032F0002C68BAE701F0B6FAFEE7124B1B686BB117
:1033000001F0B0FAFEE7206B01F0C4FB204601F0AB
:10331000C1FBD8E7204601F0BDFBD4E7BDE8704013
:1033200001F042B9E4510320F44C0320104D032076
:10333000584D0320F04C0320044D03202C4D032056
:10334000284D0320E84C032038B578B3D1B11A4C8E
:1033500023682BBB236801332360184B02681D6868
:1033600053182CBF01210021AA420ED8D9B1036005
:103370000021581BFFF794FC236801255BB901F07D
:1033800071FAFEE701F06EFAFEE761B903602368A7
:103390000025002BF3D0FFF747FE50B1284638BD7B
:1033A00001F060FAFEE79D42E1D3EFE701F05AFA3F
:1033B000FEE701F0F9F8F1E7E84C03200C4D03209B
:1033C000C0B110B50C4C216811B101F04BFAFEE709
:1033D000236801332360FFF763FC23681BB1FFF709
:1033E00023FE18B110BD01F03DFAFEE7BDE8104024
:1033F00001F0DAB801F0D8B8E84C03202DE9F0412B
:1034000050B31D4B04461B6883421DD001F0D8F811
:103410001A4B1B4AA66A17686569D3F8008001F049
:10342000DDF8184B9E421AD0BD4212D0454510D04F
:10343000154B9D420BD0154B9D421AD0002D0CBF51
:1034400004200120BDE8F0810020BDE8F081A36ADE
:1034500043B10220BDE8F08101F004FAFEE701204B
:10346000BDE8F08194F8A830012B0CBF02200320A6
:10347000EBE70420E9E700BFE4510320544D0320AB
:10348000584D0320404D0320144D03202C4D0320A4
:103490003729F8B502D901F0E5F9FEE704460D46F3
:1034A00001F08EF86CB3E26C954226D0274B09D917
:1034B0001968A14248D01B68DE6AAE422CBF0026C4
:1034C000012604E01E68361BB6FA86F67609E36A22
:1034D000E5649A42A26908BFE562002AA4BFC5F16B
:1034E0003805A5611A4D626903EB830305EB83037D
:1034F0009A420CD00EB101F057F8BDE8F84001F047
:103500006DB8124B1C68E26C9542CFD1F5E7271DD0
:103510003846FEF787FD0F4AE36A11688B4288BF81
:10352000136003EB830305EB830041689B00EA58BB
:10353000A160D1F808C00132C4F80CC0CCF8047006
:103540008F606061EA50D5E70026C0E7E4510320B0
:10355000844D0320084D032030B5002489B007AA0C
:1035600006A905A8CDE90544FEF70AFDDDE9052316
:103570001849CDE9013218482346079A0094FFF70D
:1035800007FE164B186030B100F0B6FF0128054663
:1035900008D0013503D0124B1B6809B030BD01F0D3
:1035A00061F9FEE701F05EF94FF0FF300D4B0E4A76
:1035B0001B680E49583313600D4A0E4B08601560A6
:1035C0001C60EDF7F3F801F087F8054B1B6809B0B4
:1035D00030BD00BF50920108ED2D0108EC4C0320D6
:1035E0009CBE0108E45103205C020320F04C032040
:1035F000044D03200C4D0320024A1368013313606D
:10360000704700BFE84C032008B5054B1B6813B991
:1036100001F028F9FEE7BDE80840FFF705BD00BF4F
:10362000E84C0320014B1868704700BF0C4D032085
:10363000014B1868704700BF104D0320054B1B68F5
:103640000BB9FFF71BBC044A002013680133136059
:10365000704700BFE84C0320004D0320304B1B682F
:103660001BB101222F4B1A6070472E4A70B51360B0
:10367000EDF7A6F82C4B2D4A1860156819682C4CEC
:10368000A94205D91E682068416D491B3144416536
:103690001968236811601B6B1A68B2F1A53F07D146
:1036A0005A68B2F1A53F03D19A68B2F1A53F32D072
:1036B000206821683431ECF7CBFD1E4D1E492B6884
:1036C00003EB830292008A58980042B903B3013B8E
:1036D00003EB830251F822209800002AF6D0184408
:1036E00001EB800C6246DCF8041008324968914214
:1036F000CCF8041008BFDCF80C10104A08BFCCF856
:103700000410C96821602B6023685833136070BDB2
:1037100001F0A8F8FEE7DB68B3F1A53FC8D1CCE71C
:10372000E84C0320FC4C0320E04C0320E44C032035
:10373000E4510320084D0320844D03205C02032044
:1037400010B558B10C46074B19681831FEF752FCFA
:103750002046BDE810400121FFF7A2BA01F082F82F
:10376000FEE700BFE4510320F8B5034610B3134C45
:103770005D680846002A11462268D4F800E0D56149
:1037800026682268D4F800C002F118041A68AF68ED
:1037900006F1180602F10102CEF8207018BF4FF0B2
:1037A000FF307E60AC60CCF828301A60BDE8F8408D
:1037B000FFF776BA01F056F8FEE700BFE4510320A8
:1037C000C36870B5DB68002B57D0D3E907019A6A4C
:1037D0008160DD6954684D60002503F11800844262
:1037E00008BF196A264C08BF516011689D620139F3
:1037F00011602268AAB1234A5468DC61A168196289
:1038000048601168A06001319A6211601E49DA6A4D
:103810000B68DB6A9A422ED901231C4A18461360B2
:1038200070BD5A69D3E9020181609C6850681D1D12
:103830004C60A84208BFD968154808BF516011689C
:1038400001391160DA6A01688A42124988BF026050
:1038500002EB82024FEA820C01EB8202546851F8BB
:103860000C009C60A6680130DE607560A5605A613E
:1038700041F80C00CAE7002070BD00F0F3FFFEE73E
:10388000E84C0320404D0320E4510320FC4C03206E
:10389000084D0320844D032010B560B1044600F0AC
:1038A0008FFE064A064B12681B68C4E90023BDE878
:1038B000104000F093BE00F0D5FFFEE7F84C032067
:1038C0000C4D0320034A044B12681B68C0E9002317
:1038D000704700BFF84C03200C4D0320F8B568B3C7
:1038E0000D4641B3044600F06BFE2B68154A581C88
:1038F00011681BD0D4E90060DFF84CC0DCF8007020
:10390000BE4208D0884206D8002301242B6000F074
:1039100065FE2046F8BD0F1ABB42F5D95B1ADCF8EC
:103920000010126803442B60C4E90012002400F068
:1039300055FE2046F8BD00F095FFFEE700F092FF2F
:10394000FEE700BF0C4D0320F84C03200122014B81
:103950001A607047FC4C032070B50D4616460028CF
:1039600033D0044604F13402C5E90042E26A052B73
:103970002A61226BEA61626CAA60E26C6A61626D24
:10398000AA6128D01F4A1268A24221D0032B2B73B0
:1039900026D000F015FE1C4BA26A9A4204BF0123F8
:1039A0002B7300F01BFE76B1266B3378A52B27D145
:1039B0003346184613F8011FA529FAD0C6F10106AF
:1039C0000644C6F38F062E8470BD0E4A1468C9E7FC
:1039D00000232B73E7E72046FFF710FD2873E2E78B
:1039E0000A4B1A6801321A60A26A0AB102222A73CB
:1039F0001B6813B900F036FFFEE7FFF715FBC8E7B9
:103A00000026E0E7E4510320404D0320E84C03206A
:103A10004B682DE9F0475E6801F108094E4508BF83
:103A2000CE680D46904604460027D6F80CA000E06C
:103A30006E68706821468145686008BFE868434643
:103A4000C66808BF686001223046FFF785FFB245AF
:103A500007F1010704F12404EAD13846BDE8F087F4
:103A60002DE9F047334F3B6801333B60324B1B6815
:103A70008B425CD80025DFF8D4A0904681463824DC
:103A80002A46AAF24C4600E09A46013C04EB840325
:103A900056F82330501909EB80004BB101225146F2
:103AA000FFF7B6FF054405EBC500EA0009EB80000F
:103AB000B245AAF11403E7D1204B19680B683BB15A
:103AC0000222FFF7A5FF054405EBC50009EB8000C6
:103AD0001B4B19680B683BB10222FFF799FF0544A5
:103AE00005EBC50009EB800016490B683BB10422C9
:103AF000FFF78EFF054405EBC50009EB8000124976
:103B00000B681BB10322FFF783FF0544B8F1000FD8
:103B100003D0ECF755FEC8F800003B6813B900F07D
:103B2000A1FEFEE7FFF780FA2846BDE8F0870025F2
:103B3000F3E700BFE84C0320104D0320584D03204D
:103B4000544D03202C4D0320144D0320D05103204D
:103B5000014B1868704700BFE4510320054B1B68F8
:103B600033B1054B1868B0FA80F040094000704747
:103B700001207047044D0320E84C0320F8B50446AB
:103B8000C8B11F4DC36A2A68D26A934214D28269AF
:103B9000002A04DB2A68D26AC2F138028261194E17
:103BA000626903EB830306EB83039A420CD02B6814
:103BB000DB6AE3620120F8BD2B68C06CDB6A9842C7
:103BC0002CBF00200120F8BD271D3846FEF72AFA39
:103BD0002B680D4ADB6A1168E3628B4288BF136071
:103BE00003EB8303980006EB830359683258A16006
:103BF0008D680132E5606F608F6063613250D9E794
:103C0000E4510320844D0320084D032098B1204B3C
:103C100070B51B680446834202D000F023FEFEE725
:103C20001B6D53B1C16AC26C013B9142036500D068
:103C300033B1002070BD0020704700F013FEFEE796
:103C4000051D2846FEF7EEF9E36C124AC3F1380071
:103C5000A06101201168E3628B4288BF13600E4AA5
:103C600003EB83034FEA830E02EB8303D3F804C014
:103C700052F80E10C4F808C0DCF808600144E66091
:103C80007560CCF80850636142F80E1070BD00BF3B
:103C9000E4510320084D0320844D032080B1036DBF
:103CA00070B504464BB1C06CE26A814238BF014630
:103CB0008A4201D0012B04D070BD00F0D3FDFEE795
:103CC00070471A4B1B68A3422CD0A369E162002BFA
:103CD000A8BFC1F13801164DA8BFA16102EB820255
:103CE000616905EB82039942E6D1261D3046FEF755
:103CF00099F9104AE36A11688B4288BF136003EB9D
:103D00008303980005EB830359682A58A160D1F812
:103D100008C00132C4F80CC0CCF804608E60636146
:103D20002A5070BD00F09EFDFEE700BFE451032065
:103D3000844D0320084D0320044B1A681AB11968FA
:103D40000A6D01320A651868704700BFE45103200C
:103D500070B510B100F086FDFEE7174D0E46144613
:103D600000F02EFC2B68D3F8A43023B901212B6876
:103D700083F8A810CCB900F031FC00F021FC2B68CE
:103D8000D3F8A44024B15EB100222B68C3F8A4206C
:103D900000222B6883F8A82000F020FC204670BD8C
:103DA0002B68621EC3F8A420F2E72046FEF778FFD6
:103DB00000F0FAFBDFE700BFE4510320F8B510B1D3
:103DC00000F050FDFEE7224E1D460C46174600F05F
:103DD000F7FB336893F8A830022B0CD0012132682E
:103DE000D2F8A43023EA0403C2F8A430336883F87D
:103DF000A810069BFBB900F0F1FB00F0E1FB1DB140
:103E00003368D3F8A4302B60336893F8A830022BC2
:103E100008D000240022336883F8A82000F0DEFBDD
:103E20002046F8BD32680124D2F8A43023EA070303
:103E3000C2F8A430EEE71846FEF732FF00F0B4FBFC
:103E400000F0CCFB00F0BCFB002DD9D1DCE700BFBB
:103E5000E451032070B531BB0446B0B11D4616468F
:103E600000F0AEFB049B1BB1D4F8A430049A13609D
:103E7000022294F8A83084F8A820DBB2042D5AD886
:103E8000DFE805F00A1A1408060000F0EBFCFEE774
:103E9000022B4ED0C4F8A460012B13D0012400F0F3
:103EA0009DFB204670BD00F0DDFCFEE7D4F8A420A9
:103EB0000132C4F8A420EFE7D4F8A4203243C4F8B8
:103EC000A420E9E76369D4E902128A60A06859680E
:103ED000251D5060A94208BFE2681A4908BF5A6010
:103EE0001A68013A1A60E36A0A689342164A88BF60
:103EF0000B6003EB83039E0002EB83035868915928
:103F0000A060D0F808C00131C4F80CC0CCF804504F
:103F100085606361A36A915113B100F0A3FCFEE7D1
:103F20000A4BE26A1B68DB6A9A42B7D900F03CFB95
:103F3000B4E70024B3E7064A1268002AACD000F0C8
:103F400091FCFEE7084D0320844D0320E45103203B
:103F50000C4D032070B5A0B3C9B91D4604461646E2
:103F600000F02AFC00F07EFC049B1BB1D4F8A430C6
:103F7000049A1360022294F8A83084F8A820DBB2D7
:103F8000042D72D8DFE805F00A171108060000F0CA
:103F900069FCFEE7022B66D0C4F8A460012B13D0A5
:103FA000012400F06BFC204670BDD4F8A42001323F
:103FB000C4F8A420F2E7D4F8A4203243C4F8A42023
:103FC000ECE700F04FFCFEE7A36A13B100F04AFCF7
:103FD000FEE7294B1B68DBB1284B5A681968E26180
:103FE00095680131196004F11801256269609160DA
:103FF000A362234BE26A1B68DB6A9A42D0D9059B15
:1040000013B10123059A136001221E4B1A60C7E702
:104010006369D4E902128A60A168261D51605A685A
:10402000B24204BFE2685A601A68013A1A60164A3E
:10403000E36A11688B4288BF1360144A03EB830361
:1040400002EB830CDCF804509B00D158A560D5F836
:1040500008E00131C4F80CE0CEF80460AE60C4F8AA
:1040600014C0D150C5E700249BE7094A1268002A12
:1040700094D000F0F7FBFEE7E84C0320404D03200E
:10408000E4510320FC4C0320084D0320844D032001
:104090000C4D0320F8B500283BD0B9B904461546AD
:1040A00000F08AFB00F0DEFB022394F8A82084F8DD
:1040B000A830D4F8A430012A03F10103C4F8A430D5
:1040C00023D1A36A2BB100F0CDFBFEE700F0CAFBC1
:1040D000FEE7274B1B68FBB1264B5A681968E26163
:1040E00096680131196004F11801266271609160CF
:1040F000A362214BE26A1B68DB6A9A4205D90DB1C3
:1041000001232B6001221D4B1A60BDE8F84000F02E
:10411000B5BB00F0A7FBFEE76369D4E902128A6031
:10412000A16804F1040E51605A68724504BFE26848
:104130005A601A68013A1A60114AE36A11688B42A0
:1041400088BF13600F4A03EB83039E0002EB8303D7
:10415000D3F804C09159C4F808C0DCF808700131E4
:10416000E760C7F804E0CCF808E063619151C0E76C
:10417000E84C0320404D0320E4510320FC4C032075
:10418000084D0320844D032038B599B9044670B119
:1041900000F016FA94F8A830022B05BF0023012581
:1041A000002584F8A83000F019FA284638BD034BE2
:1041B0001C68EDE700F056FBFEE700BFE45103206A
:1041C000F0B5124C83B000F0FBF9256825B103B0BF
:1041D000BDE8F04000F002BA0D4E0E4F3046FDF73C
:1041E000EBFE3846FDF7E8FE0B490C4B00950A2024
:1041F0001F600E600A4B10210A4AFDF7E5FF2060A0
:104200000028E4D00849FEF70FFAE0E7E052032067
:1042100000530320EC520320E8520320E452032011
:10422000E851032038520320589201082DE9F04745
:10423000DFF884900546D9F800300F46DB68DC686B
:1042400004F104084046FDF7EDFE94F828305A07C3
:104250000ED423F0010384F828302046236ABDE8F9
:10426000F047184793421BD82046236A98473546A3
:10427000A3697A1BEE182CBF01210021B7426660AA
:104280002461EFD2AF4201D20029EDD0D9F800006D
:104290004146FDF7AFFE2046236ABDE8F0471847C8
:1042A000044B41461868FDF7A5FE2046236ABDE889
:1042B000F0471847E4520320E85203202DE9F04765
:1042C000894D8A4E8A4F8B4C84B02B68D3F800906E
:1042D000B9F1000F40F0D480FFF78EF9FFF7A2F993
:1042E0003368804698423DD33B6830601A68B2FA22
:1042F00082F252092068A9EB0801FEF7BFF9FFF727
:1043000083F9002800F0CD80002269462068FEF77E
:1043100051F80028D9D0009B0298002BC0F2A88049
:10432000DDF80880D8F814301BB108F10400FDF75F
:1043300079FEFFF777F933688146984224D3009BD2
:10434000C6F80090013B082BDED8DFE803F02525F6
:104350008169882525816900DB684FF0FF31186885
:10436000FFF764FF2B681A68002AF5D13A68C6F88F
:1043700000802A603B60FFF747F9C5E7DB684FF034
:10438000FF311868FFF752FF2B681A68002AF5D131
:104390003A683B602A60D2E798F82810019AD8F86A
:1043A000180041F0010C131888F828C02CBF4FF0FA
:1043B000010C4FF0000C4B45C8F80430C8F81080D1
:1043C00072D8A9EB020290423CD84A0711D421F0DE
:1043D000010188F828104046D8F82030984793E724
:1043E000904277D84046D8F8203098475346D8F8BE
:1043F000180010EB030A2CBF01210021D145A9EBC5
:104400000302C8F804A0C8F81080E9D2994501D287
:104410000029E7D0286808F10401FDF7EBFDDAE791
:1044200098F82820019B42F0010288F82820C8F85B
:104430001830002B54D04B444B45C8F80430C8F812
:10444000108036D8386808F10401FDF7D3FD5BE72A
:1044500098F8283023F0010388F8283054E798F8BA
:1044600028309A0732D523F0010388F828304BE72B
:10447000019B03999847009B002BFFF645AF4FE740
:10448000DB68D3F80090FFF7B7F8FFF7CBF8336895
:1044900080469842FFF466AF814530600FD9002214
:1044A00028E700F081F82FE74A4502D9BCF1000F58
:1044B0008BD0286808F10401FDF79CFD24E7FFF785
:1044C000A3F841464846FFF7B1FE1DE7404600F01D
:1044D000E1FA19E7386808F10401FDF78BFD7AE786
:1044E00000F0C0F9FEE700BFE8520320D8520320D5
:1044F000E4520320E052032010B588B0FFF760FEBD
:104500000F4B1B68CBB1002407AA06A905A8CDE96B
:104510000544FDF743FD02222346059C00920294C8
:10452000069C08490848079A0194FEF731FE074B9C
:10453000186010B1012008B010BD00F093F9FEE73B
:10454000E052032060920108BD420108DC520320C2
:10455000002200B5074B83B001921B68013302D0E3
:1045600000F080F9FEE700F07DF9019B002BFCD004
:1045700003B000BDF40103204FF0E0220023072028
:1045800010B4074C13619361236806495DF8044B2E
:10459000A1FB03139B09013B53611061704700BFEE
:1045A00020010320D34D62104FF0E0234FF08052E2
:1045B000C3F8042DBFF34F8FBFF36F8F704700BF59
:1045C00008B500F04FF9044A136801331360BFF3D4
:1045D0004F8FBFF36F8F08BDF401032008B5084B60
:1045E0001A684AB11A68013A1A60186800B108BD21
:1045F000BDE8084000F042B900F034F9FEE700BF22
:10460000F401032010B500F02DF90446FFF716F869
:1046100028B14FF0E0234FF08052C3F8042D20461C
:10462000BDE8104000F02AB908B5836913F8023CD0
:10463000662B02D000F016F9FEE74FF0E023D3F826
:10464000882D42F47002C3F8882DD3F8342F42F03D
:104650004042C3F8342FBDE8084000F0D1B800BF95
:104660002DE9F04F4FF0113E4FF0807440E909E31F
:104670004FF0073340F8044C164C40F8343C40E906
:1046800003424FF005334FF006324FF0123B40E942
:104690000F324FF0033A4FF002394FF001384FF02C
:1046A00010374FF009364FF008354FF004346FF0F3
:1046B000430340E905AB40E9078940E90B6740F84F
:1046C000305C40F8404C40F8443C40F8481DBDE8A0
:1046D000F08F00BF5145010800204FF0E0234FF05C
:1046E0007F4130B585B00290D3F81C0D2F4A019060
:1046F000C3F81C1DD3F81C3D1B0E8DF803309DF82C
:10470000033003F0A0031370002B41D09DF8033059
:10471000DB4313F0A00F0BD000F0A4F8FEE7029BE0
:10472000013302939DF803305B00DBB28DF8033058
:104730009DF803301B06F2D4029B082B2BD0029A63
:10474000C2F10702120202F4E0624FF0E0230025FA
:1047500001991748174C0260C3F81C1DD3F8202D8F
:1047600042F47F02C3F8202DD3F8202D42F07F427F
:10477000C3F8202DFFF700FF256000F061F8FEF779
:104780006DFF03952368013307D000F06BF8FEE757
:1047900000F068F8FEE70022D7E700F063F8039B1B
:1047A000002BFCD0002005B030BD00BF1853032003
:1047B00014530320F401032008B5EFF305830F2BF6
:1047C00005D90B490B4A5B5C12789A420DD84FF021
:1047D000E023094AD3F80C3D126803F4E0639342E6
:1047E00000D808BD00F03EF8FEE700F03BF8FEE719
:1047F000F0E300E0185303201453032000000000EE
:104800000B4A1168086806C881F30B88022181F3FE
:104810001488203080F30988BFF36F8F4FF00000B9
:1048200080F31188104700BFAFF30080AFF3008022
:10483000E451032000000000000000000000000020
:1048400007480068006880F3088862B661B6BFF365
:104850004F8FBFF36F8F66DF00BF00BFAFF30080E5
:1048600008ED00E0EFF311804FF0A00181F3118813
:10487000BFF34F8FBFF36F8F704700BF80F3118876
:10488000BFF34F8FBFF36F8F704700BF0000000072
:10489000EFF309801EF0100F08BF20ED108AEFF330
:1048A0000B82734620E9FC0F114A116808604FF033
:1048B000A00080F31188BFF34F8FBFF36F8FFEF717
:1048C000CDFE4FF0000080F31188094A1168086896
:1048D000B0E8FC0F13F0100F08BFB0EC108A82F3A1
:1048E0000B8880F309881847AFF30080AFF300808E
:1048F000E451032000000000000000000000000060
:104900001EF0040F0CBFEFF30880EFF30980044999
:10491000084700BFAFF30080AFF30080AFF3008023
:104920002946010810B4154B1A461B688342FBD375
:104930005468416802EB040C604513D04418A3424C
:1049400006D00360824218BF10605DF8044B7047C8
:104950000B4C2468A342F4D0D3E900342144036013
:104960004160EFE72144501883425160EDD1044883
:1049700000688342E9D01046EEE700BF30530320C1
:104980002C530320F8B53D4E0446FEF735FE336840
:10499000002B52D0631E0A332ED814F0070304F103
:1049A000080121D1002927DB354F3D688D4223D3F3
:1049B000344B18461C6803E0236823B120461C468C
:1049C00062688A42F8D33368A34215D02368066828
:1049D0000360531A102B06F1080617D96018420716
:1049E0000FD0FFF73FFFFEE7A3F109028A4203D38E
:1049F0001034E11A0029D7DCFEF706FE0026304607
:104A0000F8BD43606160FFF78DFF626800201E4BB8
:104A1000AD1A196842F000428D421C4938BF1D6032
:104A20000B686260013320600B603D60FEF7ECFDB7
:104A30007307E4D0FFF716FFFEE7154A510719D0B8
:104A4000D11D21F0070102F5C052531A0A46002079
:104A50000B44083B23F007030A4D9A1AC5E90010DE
:104A60003360C3E90000C1E900320749044B0A6022
:104A70001A608FE711464FF4C053E8E72C53032028
:104A800028530320305303202453032020530320B2
:104A90003853032070B150F8043C10B5002B044685
:104AA00005DA50F8082C32B1FFF7DCFEFEE7FFF71D
:104AB000D9FEFEE7704723F0004340F8043CFEF7C0
:104AC0009BFD094A54F8043C1168A4F108000B440A
:104AD0001360FFF727FFBDE81040044A1368013355
:104AE0001360FEF791BD00BF285303201C53032021
:104AF00008B5012213491448FCF7EAFC78B91349B8
:104B00001148FCF7FBFC90B9002211490E48FCF754
:104B10007BFC98B90C48FCF707FD58B908BDECF7C9
:104B2000CBF90A490848FCF7E9FC0028ECD0ECF77F
:104B3000C3F9E9E7BDE80840ECF7BEB9ECF7BCF90A
:104B4000E8E700BF40020320386B03204C0103203C
:104B5000F801032000207047212819D0222810B521
:104B60000AD0202806D1124B0C6888888A791C60EC
:104B700098809A71002010BD498811F0010110D071
:104B80000C4B1B68002BF5D000210B489847F1E730
:104B9000074B18689A889B7908608A8000208B717F
:104BA0007047064B1B68002BE4D003489847E1E7A9
:104BB000106E0320383F0320386B0320343F03205E
:104BC0000B4B1B6893B1002100B583B0186801AA94
:104BD0000191FFF75FFA019B2BB14FF0E0234FF0FB
:104BE0008052C3F8042D002003B000BD00207047A0
:104BF0001C6E03202DE9F04700240A6882B001945E
:104C00002AB30F46804642F20206314DDFF8D490B7
:104C10000AE00021D9F80030298013B12D489847C7
:104C20003A680134A24212D92B88B342F1D818F85D
:104C300004100A29F5D00029F3D00D290FD0264AF7
:104C40000134D1543A680133A2422B80ECD80421BC
:104C50002048FCF723FC002002B0BDE8F087013BB0
:104C60009BB2B34210D8DFF880A0DAF800305BB115
:104C70001868FDF719FE2B880233984207D2174AAD
:104C80009368013393603A6800232B80C9E7DAF810
:104C90000030022218680E490023FDF7C1FEDAF841
:104CA000002000230C4910682A88FDF7B9FE0C4B40
:104CB00000211B6801AA1868FFF7ECF9019B2BB1D2
:104CC0004FF0E0234FF08052C3F8042D3A68DBE741
:104CD000186E0320386B032078BD012010010320DB
:104CE000206E03203C3F0320246E032008B54FF4C0
:104CF0000062002305490648FCF790FB00220549A5
:104D00000348FCF799FB002008BD00BF7CDD0120B3
:104D1000386B03207CE5012030B4044B044C054D76
:104D200020602A60196030BC704700BF206E0320ED
:104D3000246E03201C6E0320054BD3F8BC322BB12C
:104D4000D3F83402003818BF0120704701207047A3
:104D5000386B0320054810B5D0F8BC42842100F020
:104D600087F914B10023C4F8343210BD386B032026
:104D700038B50A4CD4F8BC3213B1D3F834520DB163
:104D8000012038BD2B460A4601462046FCF746FB6B
:104D900029462046BDE83840FCF75ABB386B032053
:104DA000122301480B8070472C0203200423014882
:104DB0000B8070472802032008B50A4602480349C1
:104DC000FCF774FF014808BD68920108286E0320B3
:104DD00008B50A4602480349FCF768FF014808BDC8
:104DE00084920108286E032008B50A460248034948
:104DF000FCF75CFF014808BD9C920108286E032067
:104E000008B50A4602480349FCF750FF014808BDAF
:104E1000A8920108286E032010B51A241A48D0F869
:104E20009035D0F898250C809B1801D1174810BDFB
:104E3000164A00241146D0F8940502F1100E4FEAEC
:104E4000137CB3F1204F34BF0CF1300C0CF1370C54
:104E500081F802C0CC7002318E454FEA0313EED1C7
:104E60004FF0000C0A49030FB0F1204F34BF30332C
:104E70003733937482F813C0023291424FEA001024
:104E8000F1D1024810BD00BF0000FA0B0C02032054
:104E90001402032038B50446D0F8D80204F526756C
:104EA000294600F2AA20FCF7E9FE2946D4F8D802E8
:104EB000BDE83840FCF74ABB01EB810300EBC303BC
:104EC000D3F86421D0F8D802FCF778BB01EB81035A
:104ED00000EBC3035A6AD0F8D802FCF7A3BB00BFAB
:104EE000D0F8D802FCF742BC10B543790446022B37
:104EF00001D0EBF7E1FFD4F8D8020121FCF71AFC4E
:104F0000D4F8D802BDE81040FCF7E8BB10B5044661
:104F1000D0F8D802FCF712FC637A23B1024A136975
:104F200043F00603136110BD00ED00E010B5437AB5
:104F300004462BB9D4F8D802BDE81040FCF70ABCEF
:104F4000064A136923F006031361EBF741FCD4F81A
:104F5000D802BDE81040FCF7FDBB00BF00ED00E04B
:104F600038B52E4D0446C5F8D802C0F8CC52F9F732
:104F70003FF840F20521022200232948A980286039
:104F80002846C5F80720EB72F8F74EF8002842D102
:104F900000222D791146EB00D4F8CC02F8F7B0FFCF
:104FA0004023002203EBC5038021D4F8CC02F8F79C
:104FB000A7FF8023002203EBC5038421D4F8CC0291
:104FC000F8F79EFFC023002203EBC5030421D4F8A9
:104FD000CC02F8F795FF4FF48073002203EBC50372
:104FE0008321D4F8CC02F8F78BFF4FF484730022AE
:104FF00003EBC5038121D4F8CC02F8F781FF4FF40D
:10500000A47300220221D4F8CC0203EBC503F8F705
:1050100077FF002038BDEBF74FFFB9E7B82003203A
:1050200000D4004008B5D0F8CC02F8F74BF818B11E
:1050300002280CBF0120032008BD00BF944608B51C
:105040001A46D0F8CC026346F8F728FE18B10228B9
:105050000CBF0120032008BD08B5D0F8CC02F8F73A
:1050600055FE18B102280CBF0120032008BD00BF67
:1050700008B5D0F8CC02F8F725FF18B102280CBF0C
:105080000120032008BD00BF08B5D0F8CC02F8F716
:10509000A9FE18B102280CBF0120032008BD00BFE3
:1050A00008B5D0F8CC02F8F7D5FE18B102280CBF2D
:1050B0000120032008BD00BF0A06D0F8CC3206D478
:1050C00001EB810103EBC10393F85201704701F03A
:1050D0007F0101EB810103EBC103987C704700BFA6
:1050E00008B5D0F8CC02F8F7C5FD18B102280CBFFE
:1050F0000120032008BD00BF08B5D0F8CC02F8F7A6
:1051000055FE18B102280CBF0120032008BD00BFC6
:1051100008B5D0F8CC02F8F727FE18B102280CBF6A
:105120000120032008BD00BFD0F8CC02F8F734BE40
:105130000048704728700320704700BF024B0146AB
:10514000186800F02DB800BF5C020320024B014636
:10515000186800F061B900BF5C02032070B50F4E03
:105160000C460546316811B900F00CF93060214653
:10517000284600F007F9431C03D14FF0FF342046C6
:1051800070BDC41C24F00304A042F8D0211A2846A4
:1051900000F0F8F80130F2D1EFE700BF7C72032095
:1051A0002DE9F843CD1C064625F0030508350C2DE6
:1051B00038BF0C25002D01DBA94204D90C23336034
:1051C0000020BDE8F883DFF8D48000F069F8D8F853
:1051D00000301C4644BB29463046FFF7BFFF431C46
:1051E000044658D1D8F800402746002F43D1002C60
:1051F0004BD023683946304604EB030900F0C2F86F
:10520000814542D1216830466D1A2946FFF7A6FF35
:1052100001303AD023682B442360D8F800305A6814
:1052200062BBC8F800700FE02268521B20D40B2A22
:1052300017D96119A342256018BF5960636808BF78
:10524000C8F8001062514B60304600F02FF804F1AE
:105250000B00231D20F00700C21A1CBF1B1AA3500D
:10526000AFE76268A3420CBFC8F800205A60EBE7C2
:1052700023466468AEE73C467F68B6E71A465B683B
:10528000A342FBD100235360DEE70C23304633609A
:1052900000F00CF894E70560D6E700BF80720320A9
:1052A000014800F0A9B800BFC0730320014800F016
:1052B000A4B800BFC073032002440346934200D148
:1052C000704703F8011BF9E72D4B1B68834270B54B
:1052D000044653D0C3691BB3DB6863B10025E3699F
:1052E000DB685959B1B90435802DF8D1E3692046FE
:1052F000D96800F091F8E369196811B1204600F00F
:105300008BF8E3699D685DB1294620462D6800F061
:1053100083F8F8E70E68204600F07EF83146E1E7B2
:10532000616911B1204600F077F8E16911B12046BA
:1053300000F072F8216B11B1204600F06DF8616B3E
:1053400011B1204600F068F8A16B11B1204600F0C1
:1053500063F8A16C11B1204600F05EF8616C11B1E8
:10536000204600F059F8E16A11B1204600F054F8E7
:10537000236A1BB12046BDE87040184770BD00BFCE
:105380005C02032038B50023054D044608462B6017
:10539000F5F7C2FE431C02D12B6803B1236038BD70
:1053A000BC730320014B1868704700BF5C020320E8
:1053B00070B50D4B00260D4D5B1B9C10A64209D10C
:1053C0000B4D00F073F80B4B00265B1B9C10A642A4
:1053D00005D170BD55F8043B01369847EEE755F806
:1053E000043B01369847F2E7A8BE0108A8BE0108B1
:1053F000A8BE0108ACBE0108704770470A44431EAE
:10540000914200D1704710B511F8014B914203F859
:10541000014FF9D110BD000038B50546002941D033
:1054200051F8043C0C1F002BB8BFE418FFF738FFFD
:105430001D4A136833B9636014602846BDE83840DC
:10544000FFF734BFA34208D9206821188B4201BF5F
:1054500019685B6809182160EDE71A465B680BB1B3
:10546000A342FAD911685018A0420BD12068014418
:10547000501811608342E0D118685B68084453609B
:105480001060DAE702D90C232B60D6E720682118D8
:105490008B4202BF19685B680918636008BF21600E
:1054A0005460CAE738BD00BF80720320F8B500BF62
:1054B000F8BC08BC9E467047F8B500BFF8BC08BCF5
:1054C0009E467047000000005FF800F0AD02032028
:1054D000D85401080B00100000000000000000007C
:1054E00000000000000000000000000000000000BC
:1054F000000000000000000000000C000C000C0088
:105500000C000C000C000C000C0000000C00000053
:105510000000000000000000000000001DC01DC0D1
:1055200008800880088000000000000000000000E3
:10553000000000000000000000000D800D800D80C4
:105540000D803FC01B003FC01B001B001B001B0049
:10555000000000000000000004001F803180318046
:1055600038001E000F000380318031803F000400AE
:1055700004000000000000000000180024002400C7
:1055800018C007801E0031800240024001800000E8
:105590000000000000000000000000000F001800E4
:1055A000180018000C001D80370033001D8000001B
:1055B00000000000000000000000000007000700DD
:1055C00002000200020000000000000000000000D5
:1055D00000000000000000000000030003000600BF
:1055E0000E000C000C000C000C000E000600030066
:1055F00003000000000000000000180018000C006C
:105600000600060006000600060006000C001C004E
:1056100018000000000000000000060006003FC067
:105620003FC00F001F801980000000000000000034
:105630000000000000000000000000000000040066
:10564000040004003F800400040004000000000087
:10565000000000000000000000000000000000004A
:1056600000000000000000000000060004000C0024
:10567000080008000000000000000000000000001A
:10568000000000003F80000000000000000000005B
:10569000000000000000000000000000000000000A
:1056A000000000000000000000000C000C000000E2
:1056B000000000000000000000C000C00180018068
:1056C0000300030006000C000C0018001800300056
:1056D000300000000000000000000E001B003180C0
:1056E000318031803180318031801B000E0000001C
:1056F0000000000000000000000006003E00060060
:105700000600060006000600060006003FC0000076
:10571000000000000000000000000F001980318030
:105720003180030006000C00180030003F800000AC
:10573000000000000000000000003F0061800180C8
:1057400003001F0003800180018061803F00000092
:1057500000000000000000000000070007000F002C
:105760000B001B00130033003F8003000F8000007C
:10577000000000000000000000001F80180018005A
:1057800018001F0011800180018021801F0000008F
:105790000000000000000000000007801C0018004E
:1057A0003000370039803180318019800F000000CF
:1057B000000000000000000000007F004300030024
:1057C00006000600060006000C000C000C0000009D
:1057D000000000000000000000001F003180318048
:1057E00031801F0031803180318031801F00000006
:1057F000000000000000000000001E0033003180A7
:10580000318033801D800180030007003C000000D0
:105810000000000000000000000000000000000088
:105820000C000C000000000000000C000C00000048
:105830000000000000000000000000000000000068
:105840000300030000000000000006000400080040
:1058500008000000000000000000000000C003007D
:1058600004001800600018000400030000C00000DD
:105870000000000000000000000000000000000028
:1058800000007FC000007FC000000000000000009A
:105890000000000000000000000000006000180090
:1058A0000400030000C003000400180060000000B2
:1058B0000000000000000000000000001F00318018
:1058C0003180018007000C000C0000000C0000007B
:1058D000000000000000000000000E001100210088
:1058E00021002700290029002700200011000E00B8
:1058F0000000000000000000000000003F000F005A
:105900000900198019801F8030C030C079E0000084
:105910000000000000000000000000007F00318057
:10592000318031803F003180318031807F00000044
:105930000000000000000000000000001F4030C018
:105940006040600060006000604030801F00000028
:105950000000000000000000000000007F00318017
:1059600030C030C030C030C030C031807F00000057
:105970000000000000000000000000007F80308078
:10598000308032003E003200308030807F80000066
:105990000000000000000000000000007FC0304058
:1059A000304032003E003200300030007C00000009
:1059B0000000000000000000000000001E80318098
:1059C00060806000600067C0618031801F0000005F
:1059D0000000000000000000000000007BC03180DB
:1059E000318031803F803180318031807BC0000048
:1059F0000000000000000000000000003FC00600A2
:105A00000600060006000600060006003FC0000073
:105A10000000000000000000000000001FC00300A4
:105A20000300030003006300630063003E00000006
:105A30000000000000000000000000007BC031807A
:105A4000330036003C003E003300318079C0000056
:105A50000000000000000000000000007E001800B0
:105A60001800180018001840184018407FC00000A7
:105A7000000000000000000000000000E0E060C046
:105A800071C07BC06AC06EC064C060C0FBE0000033
:105A900000000000000000000000000073C0318022
:105AA00039803D80358037803380318079800000B7
:105AB0000000000000000000000000001F00318016
:105AC00060C060C060C060C060C031801F00000066
:105AD0000000000000000000000000007F00318096
:105AE0003180318031803F00300030007E00000086
:105AF0000000000000000000000000001F003180D6
:105B000060C060C060C060C060C031801F000CC059
:105B10001F80000000000000000000007F003180B6
:105B2000318031803E003300318031807CE00000E4
:105B30000000000000000000000000001F80318015
:105B4000318038001F000380318031803F00000029
:105B50000000000000000000000000007F804C807A
:105B60004C804C800C000C000C000C003F0000002E
:105B70000000000000000000000000007BC0318039
:105B80003180318031803180318031801F000000D0
:105B90000000000000000000000000007BC0318019
:105BA00031801B001B001B000A000E000E000000CD
:105BB000000000000000000000000000FBE060C0EA
:105BC00064C06EC06EC02A803B803B803180000084
:105BD0000000000000000000000000007BC03180D9
:105BE0001B000E000E000E001B0031807BC0000069
:105BF00000000000000000000000000079E030C05C
:105C000019800F0006000600060006001F80000035
:105C10000000000000000000000000003F80218024
:105C20002300060004000C00188030803F80000034
:105C300000000000000000000000078006000600D1
:105C40000600060006000600060006000600060024
:105C5000078000000000000030003000180018002D
:105C60000C000C000600030003000180018000C04E
:105C700000C000000000000000001E00060006003A
:105C800006000600060006000600060006000600E4
:105C90001E0000000000000004000A000A001100BD
:105CA00020802080000000000000000000000000B4
:105CB00000000000000000000000000000000000E4
:105CC00000000000000000000000000000000000D4
:105CD000000000000000FFE00800040002000000D7
:105CE00000000000000000000000000000000000B4
:105CF00000000000000000000000000000000000A4
:105D00001F00018001801F80318033801DC0000092
:105D100000000000000000000000700030003000B3
:105D20003700398030C030C030C039807700000083
:105D30000000000000000000000000000000000063
:105D40001E80318060806000608031801F00000014
:105D500000000000000000000000038001800180BE
:105D60001D80338061806180618033801DC00000B0
:105D70000000000000000000000000000000000023
:105D80001F00318060C07FC0600030C01F800000F5
:105D90000000000000000000000007E00C000C0004
:105DA0003F800C000C000C000C000C003F80000039
:105DB00000000000000000000000000000000000E3
:105DC0001DC0338061806180618033801D800180CF
:105DD00001801F0000000000000070003000300053
:105DE0003700398031803180318031807BC00000C4
:105DF0000000000000000000000006000600000097
:105E00001E00060006000600060006003FC0000057
:105E10000000000000000000000006000600000076
:105E20003F0003000300030003000300030003001E
:105E300003003E0000000000000070003000300051
:105E4000378036003C003C003600330077C000004D
:105E5000000000000000000000001E000600060018
:105E60000600060006000600060006003FC000000F
:105E70000000000000000000000000000000000022
:105E80007F8036C036C036C036C036C076E00000EF
:105E90000000000000000000000000000000000002
:105EA0007700398031803180318031807BC00000C3
:105EB00000000000000000000000000000000000E2
:105EC0001F00318060C060C060C031801F000000D2
:105ED00000000000000000000000000000000000C2
:105EE0007700398030C030C030C039803700300092
:105EF00030007C00000000000000000000000000F6
:105F00001DC0338061806180618033801D8001808D
:105F1000018007C000000000000000000000000039
:105F20007B801CC018001800180018007F000000BB
:105F30000000000000000000000000000000000061
:105F40001F8031803C001F00038031803F00000033
:105F500000000000000000000000180018001800F9
:105F60007F00180018001800180018800F000000AB
:105F70000000000000000000000000000000000021
:105F80007380318031803180318033801DC00000CA
:105F90000000000000000000000000000000000001
:105FA0007BC0318031801B001B000E000E00000002
:105FB00000000000000000000000000000000000E1
:105FC000F1E060C064C06EC03B803B803180000067
:105FD00000000000000000000000000000000000C1
:105FE0007BC01B000E000E000E001B007BC00000DB
:105FF00000000000000000000000000000000000A1
:1060000079E030C0198019800B000F0006000600EF
:106010000C003E0000000000000000000000000036
:106020003F80218003000E00180030803F80000078
:106030000000000000000000000006000C000C0042
:106040000C000C000C0018000C000C000C000C00E4
:106050000600000000000000000006000600060028
:106060000600060006000600060006000600060000
:10607000060000000000000000000C000600060002
:1060800006000600060003000600060006000600E3
:106090000C000000000000000000000000000000F4
:1060A0000000180024800300000000000000000031
:1060B00000000000000000004572726F72207072D4
:1060C0006F63657373696E6720555342204275662E
:1060D0006665722E0D0000000700000052414D4E13
:1060E0005F54785461736B320000000052414D4E92
:1060F0005F52785461736B320000000052414D4E84
:106100005F53656E645553420000000052414D4E8E
:106110005F4469616754580052414D4E5F44696164
:106120006752580052414D4E5F4572726F72546112
:10613000736B000052414D4E5F506572696F646928
:106140006300000052414D4E5F53656E6443414E03
:106150000000000052414D4E5F52656365697665EF
:1061600043414E0052414D4E5F526563656976650D
:10617000555342004572726F722067656E65726199
:1061800074696E6720657870656374656420626900
:106190007473747265616D0D000000004672616D6C
:1061A0006520746F6F2073686F72740D00000000BB
:1061B0004E6F7420612076616C696420534F460DE8
:1061C00000000000534F46202020202020202020C7
:1061D0007C20300D00000000494420202020202099
:1061E000202020207C2000002028307800000000A3
:1061F0005254522F53525220202020207C20000045
:106200000D0000004944452020202020202020208F
:106210007C2000004672616D6520746F6F2073688A
:106220006F72742E0D00000049445F4558542020C1
:10623000202020207C2000005254522020202020AA
:10624000202020207C2000007231202020202020CF
:10625000202020207C2000007230202020202020C0
:10626000202020207C200000444C4320202020209F
:10627000202020207C2000004672616D6520746F14
:106280006F2073686F727420666F7220646C632E67
:106290000D000000444154412020202020202020D7
:1062A0007C2000004352432020202020202020205A
:1062B0007C20000029200000435243204F4B0D005A
:1062C000435243204241440D000000005441494CD8
:1062D00020202020202020207C200000747269676C
:1062E000000000006E6F7700747269676765720066
:1062F000616E790069646C65000000005761726E20
:10630000696E673A2043414E204944203E2037467B
:10631000462C20656E61626C696E672065787465D5
:106320006E6465640D0000007072657363616C6576
:10633000720000006269745F7175616E74610000C3
:1063400073616D706C696E675F7175616E74610009
:10635000657874656E6465640000000030000000BC
:106360004572726F723A2074726967676572207243
:106370006571756972657320657874656E646564AE
:106380002049440D000000003100000072747200CA
:1063900074696D656F7574000D74696D656F7574E2
:1063A0002000000020286D737E290D00747269673B
:1063B0002000000020286E6F772900002028616EE1
:1063C00079290000202869646C6529000D657874BE
:1063D000656E6465642000000D7274722000000018
:1063E0000D0D43414E2054696D696E6720736574CD
:1063F00074696E67733A0D7072657363616C657270
:10640000200000000D6269745F7175616E74612017
:10641000000000000D73616D706C696E675F7175CF
:10642000616E74612000000054696D656F757420A1
:1064300076616C756520746F6F2073686F72742E4F
:106440000D000000547269676765722054696D65BC
:106450006F75742E0D0000004572726F723A2074D1
:10646000726967676572206E6F7420636F6D70610B
:106470007469626C65207769746820746869732038
:106480006D6F64756C652E0D000000004572726FB3
:10649000723A20547269676765722054696D656F3E
:1064A00075742E0D00000000436F756C64206E6FD4
:1064B000742064657465637420454F460D000000C8
:1064C00042697420737472696E6720746F6F2073F1
:1064D000686F72740D0000002028526177290D004A
:1064E000424144205354554646494E470D00000052
:1064F0002028446573747566666564290D0D000077
:106500005761726E696E673A20796F752073686F94
:10651000756C642075736520746865202769646CE8
:10652000652720747269676765722E0D0000000090
:10653000496E76616C696420747269676765722E52
:106540000D000000547269676765722074696D659B
:106550006F75742E0D00000033313031303232341B
:1065600030310000333130313032323430300000DD
:10657000436F6D6D616E6420746F6F206C6F6E671A
:106580002E0D00000D3E0D00200000004E6F206318
:106590006F6D6D616E6420666F756E642E20547928
:1065A0007065202268656C702220666F72206865B5
:1065B0006C702E0D0000000068656C70000000001B
:1065C00048656C700000000048454C500000000019
:1065D0006D616E007468656D650000002D2D2D2DB8
:1065E0002D2D2D2D2D2D2D2D2D2D2D2D2D2D2D2DDB
:1065F0002D2D2D2D2D2D2D2D2D2D2D2D2D2D2D2DCB
:106600002D2D2D2D2D2D2D2D2D2D2D2D2D2D2D2DBA
:106610002D2D2D2D2D2D2D2D2D0D00002020202058
:10662000202020202020202020202020202020206A
:10663000202052414D4E20436F6D6D616E642048A5
:10664000656C700D00000000436F6D6D616E643A03
:10665000207468656D650D004465736372697074BC
:10666000696F6E3A0D0000002020202053657420D1
:1066700074686520636F6C6F72207468656D652047
:10668000666F722074686520646576696365204C66
:1066900043442073637265656E2E0D005573616708
:1066A000653A0D00202020207468656D65203C74DB
:1066B00068656D655F6E756D6265723E0D00000008
:1066C0004F7074696F6E733A0D0000002020202017
:1066D0003C7468656D655F6E756D6265723E202005
:1066E00020546865207468656D65206E756D6265FF
:1066F0007220746F206265207365742C2072616E45
:1067000067696E672066726F6D203120746F203765
:106710002E0D00004578616D706C65733A0D0000B8
:10672000202020202D20546F20736574207468650C
:1067300020646576696365204C4344207363726509
:10674000656E207468656D6520746F207468656D72
:1067500065206E756D62657220332C20656E7465E0
:10676000723A0D002020202020207468656D65207D
:10677000330D0000656E61626C650000436F6D6DE6
:10678000616E643A20656E61626C650D0000000008
:1067900020202020456E61626C6520746865207041
:1067A0006F77657220737570706C79206F662061E9
:1067B0006E6F74686572204543552028422C204333
:1067C0002C206F722044292E0D0000002020202054
:1067D000656E61626C65203C4543553E0D000000CE
:1067E000202020203C4543553E2020205468652031
:1067F00045435520746F20626520656E61626C654B
:10680000642C206964656E746966696564206279C8
:106810002061206C65747465722028422C20432C02
:10682000206F722044292E0D00000000202020201F
:106830002D20546F20656E61626C652045435520A4
:10684000422C207573653A0D0000000020202020A6
:106850002020656E61626C6520420D0020202020A2
:106860002D20546F20656E61626C65204543552074
:10687000432C207573653A0D000000002020202075
:106880002020656E61626C6520430D002020202071
:106890002D20546F20656E61626C65204543552044
:1068A000442C207573653A0D000000002020202044
:1068B0002020656E61626C6520440D002020202040
:1068C0002D20546F20656E61626C65204543552014
:1068D000422C20432C2044206174206F6E63652C71
:1068E000207573653A0D0000202020202020656E61
:1068F00061626C65204243440D000000646973616D
:10690000626C6500436F6D6D616E643A20646973FB
:1069100061626C650D0000002020202044697361D5
:10692000626C652074686520706F7765722073757E
:1069300070706C79206F6620616E6F74686572206C
:106940004543552028422C20432C206F7220442997
:106950002E0D00002020202064697361626C652088
:106960003C4543553E0D0000202020203C4543552A
:106970003E2020205468652045435520746F2062D6
:10698000652064697361626C65642C206964656E5E
:106990007469666965642062792061206C6574742D
:1069A00065722028422C20432C206F722044292E0F
:1069B0000D000000202020202D20546F20646973DA
:1069C00061626C652045435520422C207573653A01
:1069D0000D00000020202020202064697361626C7B
:1069E0006520420D00000000202020202D20546F43
:1069F0002064697361626C652045435520432C20F7
:106A00007573653A0D000000202020202020646965
:106A10007361626C6520430D00000000202020207F
:106A20002D20546F2064697361626C652045435565
:106A300020442C207573653A0D0000002020202092
:106A4000202064697361626C6520440D00000000C1
:106A5000202020202D20546F2064697361626C65B2
:106A60002045435520422C20432C20442061742093
:106A70006F6E63652C207573653A0D002020202011
:106A8000202064697361626C65204243440D0000FC
:106A90004E6F2068656C70207061676520666F7549
:106AA0006E6420666F72207468697320636F6D6D09
:106AB000616E642E0D000000456E64206F662063D9
:106AC0006F6D6D616E642068656C702070616765C4
:106AD0002E2054797065202268656C7022207769B9
:106AE00074686F757420617267756D656E74206669
:106AF0006F72207468652067656E6572616C2068CE
:106B0000656C7020706167652E0D000054686973B4
:106B100020696E7465726661636520616C6C6F7765
:106B20007320796F7520746F20696E74657261636C
:106B300074207769746820766172696F757320526A
:106B4000414D4E2066756E6374696F6E7320616E81
:106B50006420636F6E74726F6C2074686520646566
:106B6000766963652773206F7065726174696F6EF3
:106B700073207468726F7567682061207365742074
:106B80006F6620636F6D6D616E64732E0D54797046
:106B9000652027622720746F20676F206261636B16
:106BA00020746F20736C63616E206D6F64652E00BE
:106BB000436F6D6D616E64733A0D000020202020DC
:106BC0002D20617361703A20496D6D65646961744F
:106BD000656C79206F76657277726974652064617F
:106BE0007461206F662043414E206672616D65734B
:106BF00020776974682073706563696669656420CD
:106C000043414E2049442E2055736167653A206107
:106C1000736170203C63616E5F69645F6865783E94
:106C2000205B646174615F6865785D2E0D00000013
:106C3000202020202D2063616E3A207570646174DD
:106C4000652045435520412043414E2073657474AF
:106C5000696E67733A207072657363616C65722C3C
:106C60002074736567312C2074736567322C207330
:106C70006A772C206175746F72657472792C207438
:106C800072616E736D697470617573652C206175C6
:106C9000746F7265636F7665722C2061636B2E2052
:106CA0004578616D706C653A202763616E20616381
:106CB0006B2030272E0D0000202020202D20636C1B
:106CC0006561723A20436C6561727320796F7572E9
:106CD0002073657269616C207465726D696E616C98
:106CE0002E0D0000202020202D2064697361626C2D
:106CF000653A2044697361626C6520746865207030
:106D00006F77657220737570706C7920666F722072
:106D1000616E6F74686572204543552E205573610E
:106D200067653A2064697361626C65203C45435530
:106D30003E2E0D00202020202D20656E61626C65A6
:106D40003A20456E61626C652074686520706F77CB
:106D5000657220737570706C7920666F7220616E39
:106D60006F74686572204543552E205573616765C1
:106D70003A20656E61626C65203C4543553E2E0DA0
:106D800000000000202020202D20657869743A2022
:106D9000457869742074686973206465627567203A
:106DA000696E7465726661636520616E64207265E8
:106DB0007665727420746F20736C63616E206D6FE2
:106DC00064652E2055736167653A20657869742E75
:106DD0000D000000202020202D20666C6F6F643A8B
:106DE00020666C6F6F642062757320776974682009
:106DF00070726F76696465642043414E20667261EB
:106E00006D652E2055736167653A20666C6F6F64FF
:106E1000203C63616E5F69645F6865783E205B64F7
:106E20006174615F6865785D2E0D00002020202070
:106E30002D2068656C703A20446973706C6179200C
:106E400067656E6572616C2068656C702C206F726E
:106E50002068656C7020666F7220612073706563B6
:106E60006966696320636F6D6D616E642077686524
:106E70006E20617661696C61626C652E205573616C
:106E800067653A2068656C70203C636F6D6D616E5C
:106E9000643E2E0D00000000202020202D20623AAC
:106EA00020416C69617320666F72207468652022CE
:106EB000657869742220636F6D6D616E642E0D00BC
:106EC000202020202D20717569743A20416C696161
:106ED0007320666F72207468652022657869742259
:106EE00020636F6D6D616E642E0D000020202020E8
:106EF0002D2072616E646F6D697A653A2052616E01
:106F0000646F6D697A6520626F6F742064656C616F
:106F1000797320746F2070726576656E74204543B6
:106F200055206265696E672073796E6368726F6E53
:106F3000697A65642E2055736167653A2072616EC7
:106F4000646F6D697A652E0D0000000020202020FE
:106F50002D2073696C656E63652F74616C6B203CCA
:106F60004543553E3A205573652055445320746F70
:106F70002061736B2045435520746F2073746F70CC
:106F8000207472616E736D697474696E67207065C8
:106F900072696F646963616C6C7920286275742012
:106FA0006B656570206C697374656E696E67292EF8
:106FB0000D000000202020202D20726573657420B4
:106FC0003C4543553E3A20506F7765722D526573AC
:106FD000657420746865206465766963652E205544
:106FE000736167653A207265736574206F722072F1
:106FF00065736574203C4543553E2E0D000000002E
:10700000202020202D20726573657463616E203C02
:107010004543553E3A2053616D652061732061629E
:107020006F766520627574206F6E6C7920666F7262
:107030002043414E207065726970686572616C739F
:107040002E0D0000202020202D20736C63616E3AED
:1070500020416C69617320666F722074686520221C
:10706000657869742220636F6D6D616E642E0D000A
:10707000202020202D20756473203C4543553E2060
:107080003C7061796C6F61643E3A20436F6D6D6155
:107090006E6420746F20717569636B6C7920736501
:1070A0006E64206120756473207061796C6F616417
:1070B0002028757020746F203720627974657320E2
:1070C0006F6E6C79292E0D00202020202D207468F1
:1070D000656D653A205365742074686520636F6C34
:1070E0006F72207468656D6520666F722045435528
:1070F00020412773204C43442073637265656E2ED4
:107100002055736167653A207468656D65203C742D
:1071100068656D65206E756D6265723E2E0D0000AE
:10712000202020202D20747261666669636D6F6473
:10713000653A205377697463682074686520434119
:107140004E20747261666669632070726F66696C46
:1071500065206C697665206F6E20616C6C204543FC
:1071600055732E2055736167653A207472616666A7
:1071700069636D6F6465205B3C64656661756C7402
:107180007C6A313933393E5D2E0D000020202020ED
:107190002D20706C61793A20506C617920612067F4
:1071A000616D65206F6E2045435520412773204C4B
:1071B00043442073637265656E2E20557361676565
:1071C0003A20706C6179203C67616D65206E756D49
:1071D0006265723E2E0D0000202020202D20737449
:1071E0006F703A2053746F7020616E79206F6E67F4
:1071F0006F696E672067616D652E205573616765E5
:107200003A2073746F702E0D00000000436F6D6D97
:10721000616E6473206172652063617365207365BC
:107220006E7369746976652E0D000000496E766193
:107230006C6964206E756D626572206F6620617284
:1072400067756D656E74732E2054797065202268A1
:10725000656C702064697361626C652220666F7270
:107260002068656C70207573696E67207468697337
:1072700020636F6D6D616E642E0D000043616E6E54
:107280006F742064697361626C65204543552041C9
:107290002E205479706520227265736574222074E3
:1072A0006F2072657365742069742028616C6F6E3D
:1072B000672077697468206F74686572204543554C
:1072C00073292E0D0000000053657474696E6720E9
:1072D000454355204220706F77657220737570703A
:1072E0006C7920746F204F46462E0D0053657474E0
:1072F000696E6720454355204320706F7765722083
:10730000737570706C7920746F204F46462E0D0097
:1073100053657474696E6720454355204420706F2F
:1073200077657220737570706C7920746F204F468A
:10733000462E0D00496E76616C6964204543552EDA
:10734000204D75737420626520412C20422C20430F
:107350002C206F7220442E0D00000000496E7661D3
:107360006C6964206E756D626572206F6620617253
:1073700067756D656E74732E205479706520226870
:10738000656C7020656E61626C652220666F72208C
:1073900068656C70207573696E6720746869732006
:1073A000636F6D6D616E642E0D00000045435520C6
:1073B0004120697320616C7761797320656E616229
:1073C0006C65642E0D00000053657474696E67204F
:1073D000454355204220706F776572207375707039
:1073E0006C7920746F204F4E2E0D0000536574741D
:1073F000696E6720454355204320706F7765722082
:10740000737570706C7920746F204F4E2E0D0000D4
:1074100053657474696E6720454355204420706F2E
:1074200077657220737570706C7920746F204F4E81
:107430002E0D0000617361700000000061736170C7
:10744000206D6F64756C652073746F707065642E49
:107450000D00000055736167653A2061736170200B
:107460003C63616E5F69645F6865783E205B646160
:1074700074615F6865785D0D00000000496E76619B
:107480006C69642043414E20494420286D75737413
:10749000206265203C3D203078374646292E0D007D
:1074A00061736170206672616D65207570646174CE
:1074B00065642028444C433D30292E0D0000000017
:1074C000496E76616C6964206461746120666965E7
:1074D0006C642E0D00000000617361702073706F8A
:1074E0006F66696E67206F6E676F696E67202873BD
:1074F000637265656E2077696C6C20667265657A6B
:1075000065290D00666C6F6F64000000466C6F6F3C
:1075100064696E67206D6F64756C652073746F703D
:107520007065642E0D00000055736167653A206632
:107530006C6F6F64203C63616E5F69645F6865783F
:107540003E205B646174615F6865785D0D000000DA
:10755000496E76616C69642043414E20494420287D
:107560006D757374206265207374616E64617264FA
:107570002031312D626974292E0D0000466C6F6F29
:1075800064206672616D6520757064617465642045
:1075900028444C433D30292E0D000000466C6F6F8F
:1075A00064206F6E676F696E67202873637265650C
:1075B0006E2077696C6C20667265657A65292E0D80
:1075C0000000000063616E0055736167653A2063D7
:1075D000616E203C706172616D3E203C76616C751D
:1075E000653E0D0043414E207072657363616C65AA
:1075F0007220757064617465642E0D007473656724
:107600003100000043414E205453454731207570EE
:1076100064617465642E0D00747365673200000048
:1076200043414E2054534547322075706461746560
:10763000642E0D00736A770043414E20534A572051
:10764000757064617465642E0D0000006175746F5F
:10765000726574727900000043414E207472616E4D
:10766000736D697373696F6E206175746F72657481
:10767000727920757064617465642E0D00000000DD
:107680007472616E736D697470617573650000006A
:1076900043414E205472616E736D6974506175730D
:1076A0006520757064617465642E0D006175746F7A
:1076B0007265636F766572004275734F666620610E
:1076C00075746F207265636F76657279207570646A
:1076D000617465642E0D000061636B004C69737406
:1076E000656E2D6F6E6C79206D6F646520286E6FEE
:1076F0002041434B292E0D004E6F726D616C206D41
:107700006F64652028772F2041434B292E0D000000
:10771000556E6B6E6F776E2043414E2070617261C3
:107720006D657465722E0D00756473005573616725
:10773000653A20756473203C427C437C447C2A3E3D
:10774000203C6865785F7061796C6F61643E2E20C3
:10775000557365202A20666F722062726F616463C0
:107760006173742E0D0000002A000000420000002A
:107770004300000044000000410000004572726FA9
:10778000723A2055736520736C63616E20746F20AC
:1077900073656E642055445320636F6D6D616E6434
:1077A0007320746F2045435520412E0D00000000CA
:1077B000496E76616C6964204543552E205573658A
:1077C00020422C20432C20442C206F72202A2E0D86
:1077D00000000000496E76616C6964207061796C0C
:1077E0006F61642E204D75737420626520312D37D2
:1077F000206279746573206865782E0D00000000A2
:10780000554453205061796C6F61642073656E74C8
:107810002E0D000073696C656E63650055736167BA
:10782000653A2073696C656E6365203C427C437CDD
:10783000447C2A3E0D00000053696C656E63696EDE
:107840006720616C6C2045435573202862726F611C
:107850006463617374292E0D0000000033313031F0
:107860003032303000000000454355204120646F25
:107870006573206E6F7420737570706F72742074EE
:1078800068697320636F6D6D616E642E0D0000007A
:1078900053696C656E63696E672045435520422EBF
:1078A0000D00000053696C656E63696E6720454387
:1078B0005520432E0D00000053696C656E63696EA0
:1078C000672045435520442E0D00000074616C6B09
:1078D0000000000055736167653A2074616C6B208D
:1078E0003C427C437C447C2A3E0D0000526573740C
:1078F0006F72696E6720636F6D6D756E6963617419
:10790000696F6E20666F7220616C6C204543557301
:107910002E0D0000333130323032303000000000A4
:10792000526573746F72696E67204543552042201B
:10793000636F6D6D756E69636174696F6E2E0D0096
:10794000526573746F72696E6720454355204320FA
:10795000636F6D6D756E69636174696F6E2E0D0076
:10796000526573746F72696E6720454355204420D9
:10797000636F6D6D756E69636174696F6E2E0D0056
:10798000747261666669636D6F64650041637469F2
:1079900076652074726166666963206D6F64652028
:1079A000284543552041293A206A313933392E0D73
:1079B0000000000041637469766520747261666638
:1079C0006963206D6F646520284543552041293A3D
:1079D0002064656661756C742E0D000064656661D7
:1079E000756C74006A31393339000000496E766174
:1079F0006C6964206D6F64652E2055736167653A0C
:107A000020747261666669636D6F6465203C6465AD
:107A10006661756C747C6A313933393E2E0D000015
:107A2000537769746368656420747261666669631C
:107A3000206D6F6465206F6E20616C6C204543552E
:107A4000732E0D0072616E646F6D697A65000000BF
:107A5000546F6F206D616E7920617267756D656E10
:107A600074732E2055736167653A2072616E646F7E
:107A70006D697A652E0D000052616E646F6D697AD2
:107A8000696E6720626F6F742064656C6179732022
:107A9000666F722045435520422F432F442E204EBF
:107AA0006F7465207468617420626F6F74206F72E8
:107AB00064657220697320616C77617973207468E2
:107AC000652073616D652028422D3E432D3E44297B
:107AD0002E0D0000726573657463616E0000000016
:107AE00055736167653A20726573657463616E20D2
:107AF0003C427C437C443E0D0000000052657365AF
:107B00007474696E672043414E20506572697068D5
:107B10006572616C206F662045435520422E0D0032
:107B2000333130313032323300000000526573653A
:107B30007474696E672043414E20506572697068A5
:107B40006572616C206F662045435520432E0D0001
:107B5000526573657474696E672043414E205065A9
:107B6000726970686572616C206F662045435520AC
:107B7000442E0D00496E76616C6964204543552E94
:107B80002055736520422C20432C206F7220442EF8
:107B90000D0000006262000062697462616E67003D
:107BA000496E76616C6964206E756D626572206FD6
:107BB0006620617267756D656E74732E20547970DE
:107BC00065202262697462616E672068656C70224C
:107BD00020666F722068656C702E0D0042697462B9
:107BE000616E6720636F6D6D616E64733A0D206224
:107BF0006220726561642020202020202020202027
:107C0000202D205265616420616E64207061727362
:107C100065206F6E652043414E206672616D652060
:107C2000286D69676874206F63636173696F6E6143
:107C30006C6C79206C6F73652073796E6320616E54
:107C400064207361792062616420435243290D20CE
:107C50006262206A616D20202020202020202020C8
:107C600020202D204A616D207468652043414E20FC
:107C700062757320627920616C7465726E617469DB
:107C80006E67203020616E64203120756E74696CDF
:107C90002074696D656F7574202869676E6F7265F1
:107CA000732074726967676572290D2062622062B1
:107CB00075736C6F616420202020202020202D20EF
:107CC0004D6561737572652043414E206275732066
:107CD0006C6F61640D2062622064756D70202020DD
:107CE00020202020202020202D2044756D7020434E
:107CF000414E2062757320626974730D20626220A8
:107D000064656E79203C6E3E202020202020202DAE
:107D10002053656E64206F6E6520646F6D696E61BF
:107D20006E7420616674657220362B6E20726563F6
:107D3000657373697665206269747320286C6F6F50
:107D4000707320756E74696C2074696D656F7574DD
:107D50003B207365652062656C6F77290D20626238
:107D60002064656E796F6E6365203C6E3E20202036
:107D70002D2053616D652061732064656E792C2020
:107D8000627574206578656375746564206F6E63D1
:107D900065207768696C65207265636F7264696ECF
:107DA000672E0D2062622073656E64203C6D7367E0
:107DB0003E20202020202D2053656E6420726177A4
:107DC0002062697473747265616D20286F6E6365DB
:107DD00029207768656E20747269676765726564CB
:107DE0002028737461727473206F6E206E657874CE
:107DF00020626974206166746572207472696767B5
:107E0000657220636F6E646974696F6E2064657457
:107E10006563746564292E0D206262206C6F6F703B
:107E20006F662020202020202020202D2053656EEA
:107E3000642061206C6F6F70206F66206F766572B2
:107E40006C6F6164206672616D6573206166746534
:107E5000722074726967676572206D6573736167FC
:107E6000652028756E74696C2074696D656F757412
:107E7000290D20626220736574203C703E203C76A0
:107E80003E202020202D2053657420706172616D8A
:107E9000657465722E2053656520276262207368C1
:107EA0006F772720666F72206C6973742E0D2062C5
:107EB000622073686F77202020202020202020203F
:107EC000202D2053686F7720636F6E666967757227
:107ED0006174696F6E0D0D484F5720544F205553F4
:107EE00045202873656520646F63756D656E7461E8
:107EF00074696F6E20666F722064657461696C735B
:107F0000290D0D46697273742073657420612074A5
:107F10007269676765722028737065636966696353
:107F20002043414E204944202F27616E79272F2777
:107F300069646C65272F276E6F77272920616E642F
:107F40002074696D656F75742076616C7565207736
:107F5000697468207468652073657420636F6D6D43
:107F6000616E642E0D4578616D706C65733A2762A1
:107F70006220736574207472696720303234272C54
:107F80002027626220736574207472696720616EB5
:107F900079272C20276262207365742074696D65CF
:107FA0006F75742035303030272E0D436F6D6D6145
:107FB0006E64732077696C6C2072657475726E20C4
:107FC0007768656E2074686579207375636365658D
:107FD00064206F72207768656E20746865792074FC
:107FE000696D656F757420287472696767657220A2
:107FF00074696D656F7574206F7220656E64206F93
:1080000066206C6F6F70292E0D0D436F6D6D616E64
:108010006473202764656E792720616E642027646D
:10802000656E795F6F6E6365272074617267657432
:1080300020746865206269742070726F7669646567
:108040006420696E20617267756D656E743A206E8A
:108050003D30202D3E20454F4631202872782F7428
:1080600078206572726F72292C206E3D31202D3E72
:1080700020454F463020287478206572726F72292F
:108080002C206E3D32202D3E204946533220284F71
:1080900046292C206E3D33202D3E20494653312069
:1080A000284F46292C206E3D342D3E204946533022
:1080B00020284F4B292E0D4543552044277320631C
:1080C0006865636B20656E67696E65204C4544206A
:1080D0006C6967687473207570206F6E2043414E21
:1080E000206572726F7220616E6420626C696E6BC3
:1080F00073206F6E20627573206F66662E20596F35
:10810000752063616E207265736574204543552048
:108110004427732063616E20776974682027726535
:1081200073657463616E2044272028666F72206235
:108130007573206F66662C207573652027726573D2
:108140006574204427292E0D4543557320686176B8
:108150006520617572657472616E736D6974204F0C
:108160004E2062792064656661756C742120796F98
:10817000752063616E2064697361626C6520697447
:108180002077697468205544532C20652E672E2C67
:10819000202775647320442033313031303232323D
:1081A000303030303030272E2028666972737420CA
:1081B000303020666F72206275736F66662061755D
:1081C000746F7265636F7665722C207365636F6E72
:1081D0006420303020666F72206175746F20726584
:1081E0007472616E736D69742C206C6173742030CD
:1081F0003020666F72207472616E736D69742070C6
:1082000061757365292E0D0D0D5761726E696E676C
:108210003A2043414E2074696D696E672070617227
:10822000616D657465727320617265206E6F742074
:10823000636865636B6564202D206D6F64756C6584
:10824000206D61792068616E6720696620746865B9
:10825000792061726520696E76616C69642E0D43C8
:108260006F6D6D616E647320737563682061732038
:108270006275736C6F6164206F7220726561642037
:10828000617373756D65206E6F206572726F7273A6
:10829000206F6E207468652043414E206275732EF6
:1082A0000D00000072656164000000006A616D00ED
:1082B0004A616D6D696E672E2E2E0000446F6E65EB
:1082C000210D00006275736C6F6164004D65617310
:1082D0007572696E6720627573206C6F61642E2EF3
:1082E0002E0D000064756D700000000044756D7007
:1082F000696E672062757320626974732E2E2E0D6D
:108300000000000064656E79000000004572726F25
:10831000723A2064656E7920726571756972657351
:10832000203120706172616D657465722E0D0000E0
:1083300044656E79696E672E2E2E0D00446F6E6552
:108340002E0D0000496E76616C6964206E756D6259
:1083500065722E0D0000000064656E796F6E6365B6
:10836000000000004572726F723A2064656E796F8A
:108370006E63652072657175697265732031207056
:108380006172616D657465722E0D000073656E64B7
:108390000000000053656E64696E672E2E2E0D007E
:1083A000496E76616C6964206E756D626572206FCE
:1083B0006620617267756D656E74730D0000000054
:1083C0006C6F6F706F6600004C6F6F70696E672026
:1083D0004F7665726C6F6164204672616D65732EB5
:1083E0002E2E0D00736574004572726F72207365D6
:1083F0007474696E6720706172616D657465722E48
:108400000D00000073686F7700000000496E766110
:108410006C69642062697462616E6720636F6D6D60
:10842000616E642E205479706520276269746261E0
:108430006E672068656C702720666F722068656CB7
:10844000702E0D00496E76616C6964206E756D62E8
:108450006572206F6620617267756D656E74732E2C
:108460002054797065202268656C70207468656D91
:10847000652220666F722068656C70207573696E66
:1084800067207468697320636F6D6D616E642E0D73
:1084900000000000557064617465642E0D000000DA
:1084A00033000000340000003500000036000000FA
:1084B000370000005468656D65206E756D626572E9
:1084C000206E6F7420666F756E642E205472792052
:1084D0006265747765656E203120616E6420372E89
:1084E0000D00000062000000657869740000000063
:1084F0007175697400000000736C63616E000000A8
:108500007265736574000000526573657474696EFA
:10851000672E2052656D656D62657220746F2066EE
:10852000697273742073656E6420746865202223F9
:108530002220636F6D6D616E6420746F20726565BB
:108540006E746572207468697320696E74657266F2
:108550006163652E0D000000546F6F206D616E79B0
:1085600020706172616D65746572732E205573653C
:10857000202772657365742720746F207265736598
:1085800074207468652077686F6C6520626F617213
:10859000642C206F722070726F7669646520422FA0
:1085A000432F4420617320617267756D656E742E70
:1085B00020466F72206578616D706C652C20757334
:1085C000652027726573657420422720746F2072BE
:1085D000657365742045435520422E005573652010
:1085E000277265736574272077697468206E6F2021
:1085F000706172616D657465727320746F2072654D
:108600007365742045435520412028616E64206FB6
:1086100074686572204543557320776974682069D2
:1086200074292E0D00000000526573657474696E24
:10863000672045435520422E0D00000052657365AA
:108640007474696E672045435520432E0D00000069
:10865000526573657474696E672045435520442ED6
:108660000D000000636C6561720000000D0D0D0DC2
:108670000D0D0D0D0D0D0D0D0D0D0D0D0D0D0D0D2A
:108680000D0D0D0D0D0D0D0D0D0D0D0D0D0D0D0D1A
:108690000D0D0D0D0D0D0D0D0D0D0D0D0D0D0D0D0A
:1086A0000D0D0D0D0D0D0D0D0D0D0D0D0D0D0D0DFA
:1086B0000D0D0D0D0D0D0D0D0D0D0D0D0D0D0D0DEA
:1086C0000D0D0D0D0D0D0D0D0D0D0D0D0D0D0D0DDA
:1086D0000D0D0D0D0D0D0D0D0D0D0D0D0D0D0D0DCA
:1086E0000D0D0D0D0D0D0000706C61790000000086
:1086F000496E76616C6964206E756D626572206F7B
:108700006620617267756D656E74732E0D000000D2
:108710005374617274696E672067616D6520312ED4
:108720000D0000005374617274696E672067616D9B
:108730006520322E0D0000005374617274696E67FB
:108740002067616D6520332E0D00000047616D6567
:10875000206E756D626572206E6F7420666F756E27
:10876000642E20547279206265747765656E2031BD
:1087700020616E6420332E0D0000000073746F7052
:108780000000000053746F7070696E672067616D40
:10879000652E0D004E6F206F6E676F696E672067E4
:1087A000616D652E0D000000556E6B6E6F776E204B
:1087B000636F6D6D616E643A200000000D54797036
:1087C00065202268656C702220666F722068656C77
:1087D000702E2052656D656D62657220746865202B
:1087E000696E746572666163652069732063617385
:1087F000652073656E7369746976652E0D000000DF
:108800000D3E00003F3F3F3F3F00000056312053E8
:108810004C43414E2052344D4E20280056312053B7
:108820004C43414E2052414D4E202800536570204C
:10883000203420323032360030313A30393A35394E
:108840000000000057656C636F6D6520746F2052E7
:10885000414D4E20434C492E2054797065202768A5
:10886000656C702720666F722068656C702E0D3EF7
:108870000000000068747470733A2F2F72616D6E7F
:108880002E727466642E696F2F0D00007100000057
:108890007A5A00006420526573657474696E670DBE
:1088A00000000000546F6F206D616E792074617359
:1088B0006B730D00537461747320636F6D70757406
:1088C00065642066726F6D20626F6F7420737461CF
:1088D00074652E205573652072696768746D6F73B7
:1088E000742076616C75657320746F20636F6D7092
:1088F0007574652064656C7461732E0D0000000052
:108900004E6F095461736B204E616D65095374613C
:10891000746509557361676509537461636B090078
:108920002028756C546F74616C52756E54696D6556
:10893000290D00003A0900000909000009000000A3
:1089400025000000666C61677B5553425F434F4DC5
:108950004D414E447D000000323737363200000072
:10896000666C61677B5553425F4252555445464F92
:108970005243457D0000000057726F6E67205061C2
:108980007373776F72640D0052756E6E696E670057
:108990005265616479000000426C6F636B000000F7
:1089A00053757370656E640044656C65746564002E
:1089B000496E76616C696400F0909090F0206020C0
:1089C0002070F010F080F0F010F010F09090F010A7
:1089D00010F080F010F0F080F090F0F010204040A7
:1089E000F090F090F0F090F010F0F090F09090E0B7
:1089F00090E090E0F0808080F0E0909090E0F08057
:108A0000F080F0F080F080803C7EE7C3C3C3C3E712
:108A10007E3C1838581818181818183C3E7FC306A2
:108A20000C183060FFFF3C7EC3030E0E03C37E3C78
:108A3000060E1E3666C6FFFF0606FFFFC0C0FCFE20
:108A400003C37E3C3E7CC0C0FCFEC3C37E3CFFFF34
:108A500003060C18306060603C7EC3C37E7EC3C3D7
:108A60007E3C3C7EC3C37F3F03033E7C000000008E
:108A7000490000004500000064202D2D2D2D2D2DD6
:108A80002D2D2D2D2D2D2D2D2D2D2D2D2D2D2D2D16
:108A90002D2D2D2D2D2D2D2D2D2D2D2D2D2D2D2D06
:108AA0002D2D2D2D2D2D2D2D2D2D200D00000000D7
:108AB00064204552524F52202120526567697374D9
:108AC0006572732064756D7065642062656C6F7784
:108AD0000D00000048414C5F464443414E5F455203
:108AE000524F525F54494D454F55542000000000ED
:108AF00048414C5F464443414E5F4552524F525F9E
:108B00004E4F545F494E495449414C495A454420BF
:108B10000000000048414C5F464443414E5F4552CF
:108B2000524F525F4E4F545F52454144592000000E
:108B300048414C5F464443414E5F4552524F525F5D
:108B40004E4F545F5354415254454420000000009E
:108B500048414C5F464443414E5F4552524F525F3D
:108B60004E4F545F535550504F52544544200000CF
:108B700048414C5F464443414E5F4552524F525F1D
:108B8000504152414D20000048414C5F4644434112
:108B90004E5F4552524F525F50454E44494E47201A
:108BA0000000000048414C5F464443414E5F45523F
:108BB000524F525F52414D5F414343455353200052
:108BC00048414C5F464443414E5F4552524F525FCD
:108BD0004649464F5F454D505459200048414C5F2F
:108BE000464443414E5F4552524F525F4649464FBD
:108BF0005F46554C4C20000048414C5F4644434181
:108C00004E5F4552524F525F4C4F475F4F56455251
:108C1000464C4F572000000048414C5F46444341BA
:108C20004E5F4552524F525F52414D5F574447206D
:108C300000000000642048414C5F464443414E5FC1
:108C40004552524F525F50524F544F434F4C5F4129
:108C5000524254202D3E2000464443414E5F505224
:108C60004F544F434F4C5F4552524F525F535455F0
:108C700046462000464443414E5F50524F544F43B6
:108C80004F4C5F4552524F525F464F524D200000AD
:108C9000464443414E5F50524F544F434F4C5F4503
:108CA00052524F525F41434B200000004644434123
:108CB0004E5F50524F544F434F4C5F4552524F52AC
:108CC0005F42495431200000464443414E5F5052B8
:108CD0004F544F434F4C5F4552524F525F4249549D
:108CE00030200000464443414E5F50524F544F43A2
:108CF0004F4C5F4552524F525F4352432000000099
:108D0000464443414E5F50524F544F434F4C5F4592
:108D100052524F525F4E4F5F4348414E47452000ED
:108D2000642048414C5F464443414E5F4552524F98
:108D3000525F50524F544F434F4C5F444154412077
:108D40002D3E2000642048414C5F464443414E5F25
:108D50004552524F525F52414D5F574447200D00DC
:108D600064205458204552524F52533A20307800D4
:108D7000206672616D657329205258204552524F0A
:108D800052533A203078000020455252204C4F4731
:108D90003A2030780000000020434F4D503A2030F8
:108DA00078000000642021205258204572726F72B2
:108DB0002068617320726561636865642065727202
:108DC0006F722070617373697665206C6576656C6F
:108DD000206F662031323820210D00006420437559
:108DE0007272656E742053746174653A20000000DD
:108DF0004E6F64652069732073796E6368726F6E5D
:108E0000697A696E67206F6E2043414E20636F6DF3
:108E10006D756E69636174696F6E00004E6F646595
:108E2000206973206E656974686572207265636578
:108E300069766572206E6F72207472616E736D69EF
:108E400074746572000000004E6F646520697320C1
:108E50006F7065726174696E6720617320726563FB
:108E600065697665720000004E6F64652069732045
:108E70006F7065726174696E6720617320747261CE
:108E80006E736D697474657200000000496E7661DE
:108E90006C696420636F6D6D756E69636174696F71
:108EA0006E207374617465006420546865204644C4
:108EB00043414E20697320696E204572726F725F64
:108EC000506173736976652073746174650D000079
:108ED00064204174206C65617374206F6E65206F2F
:108EE0006620746865206572726F7220636F756E9C
:108EF000746572732068617320726561636865646C
:108F000020746865204572726F725F5761726E6976
:108F10006E67206C696D6974206F662039360D00AC
:108F2000642054686520464443414E20697320699B
:108F30006E204275735F4F66662073746174650DB1
:108F40000000000064204C617374207265636569E1
:108F50007665642043414E204644206D65737361FD
:108F600067652068616420697473204553492066F1
:108F70006C6167207365740D0000000064204C6113
:108F800073742072656365697665642043414E2081
:108F90004644206D6573736167652068616420696C
:108FA00074732042525320666C6167207365740DA0
:108FB0000000000064204E6577206D657373616763
:108FC000652072656365697665642073696E6365A3
:108FD000206C6173742070726F746F636F6C207398
:108FE00074617475730D0000642050726F746F6348
:108FF0006F6C20657863657074696F6E2065766547
:109000006E74206F636375727265640D00000000FA
:10901000642043414E20425553204F4B0D00000029
:109020006420427566666572206F76657272756E31
:10903000207265706F72746564206F6E2043414EBC
:1090400020526563657074696F6E0D00642045720F
:10905000726F72207265706F72746564206279201D
:10906000555342206D6F64756C6520286F7665726C
:10907000666C6F773F29200D0000000064202D2DC5
:109080002D2D2D2D2D2D2D2D2D2D2D2D2D2D2D2D10
:109090002D2D2D2D2D2D2D2D2D2D2D2D2D2D2D2D00
:1090A0002D2D2D2D2D2D2D2D2D2D2D2D2D2D200D1D
:1090B0000D00000052582044554D500020204F4EC6
:1090C0000000000053544F50000000004F766572BE
:1090D000666C6F7720202020202020202020202058
:1090E0000000000043414E205258204D4F4E49543D
:1090F0004F5200004F5646005475726E204B6579F2
:1091000020746F20717569742E00000055736520FE
:109110004252414B4520746F20636F6E74726F6CC6
:109120000D67616D652073706565642E0000000039
:10913000434849502D38000044616E6D616B7500E5
:1091400043617665204578706C6F7265720000002F
:109150004F63746F706567002055736520454355F4
:109160002043205368696674200D746F20636F6E0E
:1091700074726F6C2073637265656E005354415452
:109180005300000043414E20525820203A203078AE
:109190000000000043414E20545820203A203078EF
:1091A0000000000043414E20455252203A203078C2
:1091B0000000000043414E204F5646203A00000078
:1091C00043414E20425553203A000000555342205F
:1091D000455252203A20307800000000434443209A
:1091E0004F5646203A20307800000000535953541F
:1091F00049434B203A203078000000005945530085
:109200004E4F20004F4646004F4E200053544545D8
:1092100052204252414B204143434C0055500000E4
:1092200044570000525400004C5400004D440000CC
:109230002020000053420000434C00004C4200003C
:10924000484200004143430049474E003F3F3F0032
:1092500049444C4500000000546D7251000000006C
:10926000546D722053766300546F796F7461204D92
:109270006F746F7220436F72706F726174696F6E7A
:109280000000000052414D4E20436F6D706F7369B6
:109290007465204465766963650000004D44432091
:1092A000436F6E66696700004D444320496E7465E4
:1092B0007266616365000000DC6001080000000068
:1092C000000000000000000000000000000400009A
:1092D0002A0000000000000000000000EC6001080F
:1092E000000000000000000000000000000000007E
:1092F000000800002900000000000000000000003D
:10930000FC600108000000000000000000000000F8
:109310000000000000040000300000000000000019
:10932000000000000C61010800000000940403200C
:10933000AC00000040050320000400000F00000006
:10934000000000000000000018610108000000009B
:1093500044090320AC000000F009032000040000D1
:10936000100000000000000000000000246101085F
:1093700000000000F40D0320AC000000A00E03204C
:1093800000040000310000000000000000000000A8
:109390003461010800000000A4120320AC000000AA
:1093A0005013032000040000200000000000000013
:1093B0000000000044610108000000005417032071
:1093C000AC0000000018032000040000280000008A
:1093D00000000000000000005461010800000000CF
:1093E000041C0320AC000000B01C0320000400009B
:1093F0001800000000000000000000006461010887
:10940000000000000000000000000000000000005C
:109410000004000018000000000000000000000030
:1094200000010100010100005D300008D12E00089C
:1094300095300008ED2E0008C13000081D2F0008EF
:109440002D34000859340008D9300008352F0008A1
:10945000F13000084D2F000809310008652F000881
:1094600035310008ED320008000000000533000827
:109470004D3100088D2F0008713100089D2F000824
:1094800085310008A92F0008B9310008CD2F000848
:10949000DD310008DD2F0008FD3100081D33000814
:1094A0002D320008B1330008793200084933000832
:1094B000ED2F000809300008893400084D350008F8
:1094C000A534000879350008C1340008A535000826
:1094D000DD340008D1350008F9340008FD350008F6
:1094E0001535000829360008B52E0008B92E0008E9
:1094F000000000003530000805340008F53300088E
:1095000009340008F9330008BD2E0008C52E0008F4
:1095100031350008553600080D340008FD330008C9
:1095200011340008013400081934000821340008FF
:1095300015340008AD3300088889010890890108B6
:1095400098890108A0890108A8890108B089010843
:10955000B80D00001C16220A6280222800EE60ADC1
:109560006191A28CF155A2B4F155601261D0A2C8EC
:10957000F155601261D2A2CCF15500EE6500640194
:109580003401124422A0F06530FF1242450000EE83
:109590006000640012448504228CF065830022C8B8
:1095A000803080546E098E054F01126A70F6830078
:1095B000650122B4F055229022B8803012728300E7
:1095C000650022B4F05522CC34011282350012809D
:1095D000229022B822A4805080443000122C00EE49
:1095E000000000EEA28CF1656F0181F480F4A28C82
:1095F000F15500EE000000EEA2A0F1656F0181F4CC
:1096000080F4A2A0F15500EE000000EEA2B4F165D6
:109610006F0181F480F4A2B4F15500EE000000EE79
:10962000000000EE72FBF0296F01D2F500EE610040
:1096300062806E00AD91F11E7101F06522D07E0155
:109640003E0612E000EEF11E7101F06540FF600081
:10965000F029D3457E0100EE635D64046E00610075
:10966000AD8873FB22F23E06130C6F006124620486
:10967000AF9A2EE93FFF131C00EE635D64046E0099
:109680006100AD9973FB22F23E03132E6F0061243B
:109690006204AF932EE93FFF133E00EE635D640466
:1096A0006E006100000073FB22F23E0513506F0054
:1096B00061246204AF9F2EE93FFF136000EEADA06E
:1096C000F06561016201AD086E00D1227E01710377
:1096D0003E0A1384610172035E00137600EEADA0B2
:1096E000F065239870FFADA0F05500EE61016201B6
:1096F000AD08400113B46E0171033E0A13AE61015F
:1097000072037E015E0013A4D12200EEADA0F065CD
:10971000301413C213C47001ADA0F055239800EEAD
:1097200075047504350013E6ADA3F06523EC7004F1
:109730004028600023ECADA3F05500EEADA3F0652A
:10974000AD77623F24A2D12100EEAD0B6008610825
:10975000D01860206100D0186058AD13D01871087F
:109760006070D0186058AD3BD0186020AD33D01871
:109770006008AD1B7008D0183018142060587008AD
:10978000D0183068142A602061007008D01830505A
:109790001436AD2B607061087108D018313814444C
:1097A000AD23600861087108D01831381452248E36
:1097B00000EEAD4B60006138D0186078D018AD5B1A
:1097C0006108D0186000D018AD537108D01831303E
:1097D0001476610860787108D0183130148224CC76
:1097E00000EEAD436117623A6E00D1267E0171131F
:1097F0003E05149600EEB4A4610D00EE612000EE6B
:10980000613300EE614600EE615900EE616C00EEDE
:10981000615900EE614600EE613300EE612000EE1A
:10982000ADA4F065400014E46100623EAD6370FFDA
:1098300072FED122300014DA00EEADA4F0657001A2
:10984000ADA4F0556100820E6F3E82F7AD63301B10
:10985000152080206E0082007202252A7E0126F0EB
:109860003E0915026001ADA4F0557202AD63D1222C
:1098700023B800EED12200EEAD636178620AD128F0
:109880007208D1287208D1287208D1287208D1280C
:109890007208D1287208D12400EEADA5F0653034ED
:1098A000157C8100ADA7F065300015766E006F0065
:1098B000612F6204AF8C2EE93FFF15607E0126E424
:1098C0003E10155AADA76001F0558010701400EEDF
:1098D0007001ADA5F055617882006F3E82F7AD63EF
:1098E000D12100EE6E006F0061256204AF822EE987
:1098F0003FFF15987E0126E43E10159200EED341FD
:1099000000EE6508800E4F0125AA730275FF350031
:1099100015B000EE000000EEA5C0F1658F2081F4C7
:1099200080F4A5C0F15500EE000000000000800E9C
:10993000800E800E2EA7A5C0F15566006700680056
:1099400069006310641025C0F0656AE06B1F8A022D
:109950008B023A201636F0658200AD0A802036066A
:1099600016166600770173A0740A37041620670084
:1099700074DA78014000162825AE162A7310760195
:109980007BFF3B001608620225C43A40164E89B0A0
:10999000899E620125C4A5D4F155620225C4A5D6CD
:1099A000F1553A60165CF16583048414620325C4A2
:1099B0003A801670660067006800690063106410E2
:1099C000620125C43AA0167E8CB0620125C4A5D8D8
:1099D000F1553AC016967CFF4C001692A5D8F16559
:1099E000A5C0F1551696620125C4490016B06F0155
:1099F0008F923F0016A6A5D416A8A5D6F165A5C0DE
:109A0000F15579FF25C0F065300015F600EE6F3C8A
:109A1000FF15FF076004E0A16F006007E0A16F0081
:109A20006009E0A16F006005E0A16F006008E0A19F
:109A30006F003F0016BE00EE6F02FF15FF073F00EC
:109A400016E800EE6F01FF15FF073F0016F400EE69
:109A50006E3D8E774F011726AD78F5552766279016
:109A600027A2802028362872AD78F56577FF6D0132
:109A7000690488864C0178801728299200EE24E634
:109A8000730125466FF08F323F00254670026FF854
:109A900080F2700884043F011752749CADA6F065F3
:109AA0007001ADA6F055AD78F555276627A228269A
:109AB00028362872AD78F56500EEAD0A80608170B9
:109AC0006200D0113F00178AD0117201420170016B
:109AD00042027101420370FFD0114F0017748E26AD
:109AE00082E300EED011AD9CF16586008710F16530
:109AF0008A008B1000EE3C0017D6380078FF3D003E
:109B000017B2809017B66000809561008E008E8736
:109B10003F01710183068E308E873F017104838679
:109B20008E008E373F0171021824380078013D0005
:109B300018026000808561008E008E953F017101E2
:109B400083968E308E073F01710483068E908E3788
:109B50003F017102182461008E908E853F016101E2
:109B6000839673808E308E853F0171048386738067
:109B70008E908E353F01710200EE60008EAE4F0177
:109B800070018EBE4F01700200EE6E006F038F03F6
:109B900092006E0192F06E013E0018686E028E22F5
:109BA0003E00185C6E028E0260024E006004186671
:109BB0006E028E0260044E006002186A600181022B
:109BC0003100610100EE2C146F0032001888310062
:109BD00018844C006F0218884D006F013201189AEA
:109BE000310018964C016F02189A4D006F01320235
:109BF00018AC310018A84C006F0218AC4D016F0171
:109C0000320318BE310018BA4C016F0218BE4D0164
:109C10006F014F0018CC4F0129924F02298800EEA6
:109C20008E268EF3300118EA3E0018DC298829922E
:109C30008F80889089F08FC08CD08DF018EC28F040
:109C40002C1400EE830080868006819681168006A3
:109C50004C0170E081164D0171E082164D01728059
:109C60003E01191688108824191C6800881588255B
:109C70003304192488051926880482064C01728051
:109C80003E01193689008924193C69008905892516
:109C900033041944891419468915888E3F01195ACD
:109CA000888E4F006804480068046F011962888E2E
:109CB0004F0168FC6F008CF0899E3F01197A899EE4
:109CC000480068043F00197869046F011984899E6F
:109CD0003F01198469FC6F008DF000EE6F0089F779
:109CE0006F018DF300EE6F0088F76F018CF300EECB
:109CF00080808190703D7103D01500EEADA1F165BB
:109D000088008910AD70603C6103D017AD6B299C51
:109D100063006FF085F223CC4500AD6B299C600792
:109D2000E0A178FF6009E0A178016005E0A179FF7A
:109D30006008E0A179016006E0A163014863780151
:109D4000489E78FF497F7901499F79FF299C26E445
:109D5000430019C2299C238AAD70603C6103D0176F
:109D6000ADA180808190F1556300649CADA6600038
:109D7000F05500EE29A8663F67056A806B80AD0844
:109D8000D6726080610188048CF08C1389048DF098
:109D90008D13888E888E888E899E899E899E23CE7B
:109DA000AD9C80608170F15580A081B0F1556E034B
:109DB00089E43F011A6C3D011A6A6D001A6C69FC56
:109DC0003C011A7C6E008E858AE54F0076FF1A8072
:109DD0008A8486F43D011A906E008E958BE54F00C3
:109DE00077FF1A948B9487F46E0C8E774F011AD0FC
:109DF0003D011AC06E238E674F011AAC670B29888C
:109E00006E5B8E654F011AB8670B298837031AC03D
:109E10006703298836231AC84C012992365B1AD069
:109E20004C0029923C011ADE360B1ADC660B299293
:109E30001AE636731AE666732992ADA7F0654000FC
:109E40001AFE61028013ADA7F055AF07617A620A6E
:109E5000D125AD9CF165AD08D0126004E09E1B10C9
:109E6000673E6600373E1B161B36D6723F011B3617
:109E70002C14D672807070046E3A8E054F011B3020
:109E800026FC1B32272AAD08D67226F0373E1A4A26
:109E9000ADA3F06524A271FC81676E0E8E174F0191
:109EA0001B5223B82590AD99F333F2658F208200C1
:109EB00080F0AD99F2557464AD89F433F2658F206A
:109EC000820080F0AD89F155ADA6F065AD8B400004
:109ED0001B8CF033F2658F20820080F0AD8BF25541
:109EE00060FFF05560AD6188A2A0F15522022C14EC
:109EF000ADA7F0658A004A001BE84A011BB2AF0714
:109F0000617A620AD125ADA76000F05546001BDEDC
:109F1000600024A28E607E048E1560F861137008C4
:109F20008E154F011BCA2DA8A2A0F155A350F155C3
:109F30001BE06A00ADA56000F0552524232626BA53
:109F40002326230426BA23044A001C0A6A0022029C
:109F5000234826F0234826F07A013A1E1BFCADA0C8
:109F6000F06530001A2000EE00EE66016F00610B14
:109F7000620AAFA52EE93FFF1C1EA202641060001A
:109F8000610062086E0074FF34001C40C40F74034B
:109F9000A20AF41ED018F21E70087E013E081C4072
:109FA00036011C6460006111620F6E00D01FF21E4A
:109FB00070087E013E081C5861006007E0A1610145
:109FC0006009E0A161016005E0A161016008E0A114
:109FD00061016006E0A1610126E441001C2A00FF46
:109FE000220A00E06107ADEAF0658006820680176C
:109FF0008025ADA0F05523F6245EADEAF06525DAA4
:10A0000022DA236AADA56000F05523E82A20ADEAE4
:10A01000F0657001ADEAF05530081C8E2CCC1C1890
:10A0200000E000FE6F0061026212AFAD2EE93FFF5B
:10A030001CD6633264196E006100AD9173FB22F28D
:10A040003E071CE66000610062006300AD91F355BD
:10A05000F355ADEAF055ADA4F05500EEC0C080FF59
:10A0600080BFA0A0A0A0A0FF01FD0505050505FF7C
:10A0700000FF0000000000A0A0A0A0A0A0A0A005DC
:10A0800005050505050505A020E000000000000508
:10A0900004070000000000307878FCFCFCFCFC5A4F
:10A0A00042424242427E005A4242424242424200C0
:10A0B0007E4242424242423C3C3C3C3C3C3C3C2096
:10A0C00020F82020BDC3DBDBC37E3CFE0000000087
:10A0D00000000000000000000000000000FFFFFF83
:10A0E000FFFFFFFFFF000000000000000000000075
:10A0F000000000000080880000000000BDAA60ADE4
:10A1000061E500EE010260AD61E000EE030360ADC9
:10A1100061DA00EE040560AD61DA00EE060760ADBD
:10A1200061E000EE080960AD61E500EE0A0B08068B
:10A13000070203FF00000806FF00000801FF0026D9
:10A14000442611264426AA00385560000338AA0088
:10A15000A221FF240021FFC02C00A221FF24002106
:10A16000FFC0600100A2220022552200C038AA00D0
:10A17000A53844C0002C556001002C662C002C9999
:10A1800000A53888600100C00038E060030038078F
:10A1900060FD00383860030038C1006001004321D1
:10A1A0000721C043217F21FC4321DB21B64321321B
:10A1B000219843211F21F043217F21FC43217F214E
:10A1C000FC43212621C843213F21F843217F21FC64
:10A1D00043211F21F0432104214043213F21F84323
:10A1E000213F21F843217F21FC260043217F21FCD0
:10A1F00043211F21F04321D2219600BEA960AD6109
:10A20000EB00EE010260AD61F400EE030360AD61AE
:10A21000FC00EE040560AE611C00EE060760AE6156
:10A220002100EE080960AE612D00EE080960AE6104
:10A230003500EE0A0B60AE614700EE00EEFF1EF047
:10A240006530FF1EF76FFF00EE1F05AF0CF01E809C
:10A25000F0D1258F0071067F0100EEF080F0808044
:10A2600090A0C0A09078807008F0F820202020886E
:10A2700050204080F088F088F080808850205088FE
:10A28000F888F880F080808080F88888F88888884E
:10A290008870F0888888F088F09088D8A8888850DE
:10A2A000502078808080788098887088888870882E
:10A2B000889878F880F080F8202020F8102040F866
:10A2C000202020C088C8A8988888A8A8505050008E
:10A2D0005000000000002236535371141D2525FF45
:10A2E00022533D53366CFF050A36531D00FF1B0AEF
:10A2F000361DFF144A642D05FF4A420A4A1653468A
:10A30000FF2257641D2505424A3653FF27050000EA
:10A3100014E2E000807900600C0C3E0C9BFD206391
:10A320001C0C3E0CFBCD70E71C1E230CF3FDF8CF7C
:10A330001E1F210CC3FDD8CD1E9B211CE3CDDDDDEE
:10A340009EBF2198F38DCDD99F3F23F8F99DCDD99C
:10A35000DB713FF098F9CDD9D9603C0000F80000DE
:10A360000000001E1010101E101010EAAAAAAAEE7B
:10A37000EA8A8E8AEAAEA84C484EE484E420E4FFE0
:10A3800000000000000000A0A0000050500000608D
:10A39000600060006000C0A06000305060000005F8
:10A3A0000F00006000600060A0C0006050300060DE
:10A3B000600000C0C00000303000C060C0006060BD
:10A3C0000000C0C0000030300000A040A00000002D
:10A3D00060600000C0C00000303000E06A386B0BE5
:10A3E000A203DAB1F0657AF84AF87B014AF86A38D4
:10A3F0003B1512D26405E4A100EE6407E4A100EE6F
:10A400006408E4A100EE6409E4A100EEA202600089
:10A41000C11F71F66F0B8F174F0012E4710A623C77
:10A42000402012E4D012D2123F0112E4700472FCF8
:10A43000131000E0631F653FA265601A610ED0151E
:10A440007008A26AD015A000600361016220662036
:10A45000642082048605841587208B10236687601C
:10A4600023668B402366872023667001710140209C
:10A4700070018052133C8B3287526C006F158F77BE
:10A480004F007C016F298F754F007C016F0A8FB7D9
:10A490004F007C016F138FB54F007C016F008FC59B
:10A4A0004F00D7B400EE00E0A25B6019610DD0153B
:10A4B000A2607008D015F00AF00A00EE60FF2420B8
:10A4C000A29E833E833EF31ED45400EE8C00800E89
:10A4D0008AF0860480C08AF288F088A588A58484E2
:10A4E0008C10811E8AF0871481C08AF28DF08DA5B0
:10A4F0008DA585D46FFA8F073F0013F280243F00AB
:10A50000802583806F018F854F0063026F018FD597
:10A510004F006D028DDE8DDE83D16F3E8F453F0093
:10A52000141623AC141E6F1D8F554F0023AC00EE84
:10A53000ABB8FB1EF75500EE6B00ABB8FB1EF76522
:10A5400040FF143EA272833E833EF31ED4547B0828
:10A550003B00142A00EE6B00ABB8FB1EF76530FF22
:10A5600023BC30FF24207B083B00144800EEAB5492
:10A57000F755A28EF065ABB8F01EF765680030FFA6
:10A580001480A28EF0658A007008A28EF0556801D2
:10A59000AB54F7656300ABB8FA1E00EEFF073F004F
:10A5A000148C6F01FF1500EEA28FF16583168206F1
:10A5B000A2AAD2336205E29E14B071FF410161028A
:10A5C0006207E29E14BC70FF400160026209E29ED5
:10A5D00014C87001402360226208E29E14D4710105
:10A5E000413A6139A28FF15583168206A2AAD2336D
:10A5F00000EE22CA69006000A2ADF0556B00A26FA8
:10A60000F765ABB8F7557B013B2014F400E0A2538B
:10A6100060396100D01871086F208F174F00150442
:10A62000A28FF16583168206A2AAD2332428249829
:10A630004F01153424468D90255C4DFF2538790156
:10A64000248C151C239614E2A2ADF0657001A2AD16
:10A65000F055623D610180063F00155A40011556D4
:10A66000710470FF154CA2BAD21300EEA2ADF065D2
:10A670006F0180F23001156E4D8C69FE1574A2AD2C
:10A68000F065B71500EEF755A27ED45400EE6007D2
:10A6900080D230071596CC1F245E6202C03F70AA9C
:10A6A000643785C025761574600380D2300315CCDD
:10A6B000CC1F245E380115B6C07F707F643985C019
:10A6C000612362002576CC1F245E380115CCC07F43
:10A6D000707F643985C0619B620025761574000027
:10A6E00000CE32D22ED62ADA26DE22E21EE61AEA80
:10A6F00016EE12F20EF60AFA06FE02FA82F686F25A
:10A700008AEE8EEA92E696E29ADE9EDAA2D6A6D289
:10A71000AACEAEA5CEFD33A5CEF2653200162540F9
:10A7200001710A40027114811EF11EF165245E64FC
:10A730003C651025761574600F80D2300F1655CC0D
:10A740001F643C85C060966100245E620825762403
:10A750005E62042576642D604B245E618725762435
:10A760005E610A25761574CC1F245E643285C06054
:10A77000E661002576245E64362576245E643A25FB
:10A780007600EE601F80D2301F1691CC1F245E64CD
:10A790002385C06042610C62022576245E618225B9
:10A7A000764D4026574D8026574DC026571574606C
:10A7B0000780D2300716C3602080D2400016B565EE
:10A7C0001C61A016B96500611EC41F741F60BE2401
:10A7D0005E25761574600780D2300716E76010801A
:10A7E000D2651C61A0300016DD6500611E6000624C
:10A7F00000C41F245E25761574600F80D2300F17B9
:10A800000F85D6855685566432605F6100620524E7
:10A810005E25766114245E25766194245E25761586
:10A8200074232214E2157E15981603162716731644
:10A830009F16C516E9171100E30C00001EA5202085
:10A84000200020F010700040E090E0909090E090A8
:10A85000E090E08080D0B0B0909090906060909058
:10A86000906090D0B0909090502040000000000088
:10A870006090F09090F09090F080E080808080F088
:10A8800080E080F0404040F0204080F0202020C058
:10A8900060908090609090B07080B09070806010F8
:10A8A000E090A0C0A09090B0B0D0F0404040409068
:10A8B000907010E0000000000000000000000000A8
:10A8C0000000000000000000000000000000000088
:10A8D0000000000000000000000000000000000078
:10A8E0000000000000000000000000000000000068
:10A8F0000000000000000000000000000000000058
:10A900000000000000000000000000000000000047
:10A9100000000000000000000000000007E0000050
:10A9200000000000081800000000000010040000F3
:10A9300000000000200200000000000020020000D3
:10A94000000000002821000000000000400100007D
:10A950000000000040010000000000004001000075
:10A9600000000FC04F8100000000103046010000C1
:10A970000000200820020000000030E82002000053
:10A9800000004F04100C0000000050841FF600006F
:10A99000000040047709000000004F849790C00039
:10A9A0000000504C0EE020000000201E0C001000A3
:10A9B00000007FFF0A41320C712D3A1F0A2D2D2D08
:10A9C0005E52351F1F3D052D2D2D2D2D2D2D2D2D8D
:10A9D000241F00351F672D32101F1A6C2D2D2D2DB1
:10A9E00000000000000000000000000000700000F7
:10A9F000003E00703C8C7F0001C18188428480E071
:10AA000002004204428480100400440221048010A9
:10AA100008004401210500101003880110050710EB
:10AA20001407080090450FD0100C086090090670BC
:10AA300020180870900901A0201810B05419008047
:10AA4000281010904C1A07002010D0F0A832466051
:10AA5000200F580028B203902920D1002433001081
:10AA60003009D47217734010144398F8B66302107B
:10AA70001AA71B9A3361D0300D1E1F8D63C1FAD007
:10AA80000FFC0D07E181FF7004600002C0008C2004
:10AA90000000000080000000000000000000000036
:10AAA00000FB379873CFBC0000FBF7D8FBEFBE006C
:10AAB00000C1E6D8DB6C360000F0C7D8DBEF3E0003
:10AAC00000C1E798DBCC3C0000FBF61EFB6FB60034
:10AAD00000FB361E736FB60000000000000000008F
:10AAE0000004003D97FFFFFFFFFDFF9D4BFF8B47DD
:10AAF0002004005DCBFFD84F2604001D05FFDB5F5F
:10AB00002104001D85FFDB4720847C1C05FFFFFF1F
:10AB10002084DA5DC5FF8B472094BCDDE5FF995B9F
:10AB200020B4E61DE61FBA5B2094C2DDCFE78B4759
:10AB300020857DDC3FF9FFFF2FF5839FFFFEFFFFA0
:10AB40002005FF1FFFFF7FFFFFFCFE1FFFF3BF0776
:10AB5000FFFCFE1FFFEDDEFBA22DF80C07DDEDFD77
:10AB60002AA807F7F9D9E37EAAABFFEC1ED6F3FEBD
:10AB7000A225F80006E71BFEFFFA07F80377C07E60
:10AB8000000BBFFE037BF8FCFFFB9FFF817CEDF811
:10AB9000000BBFFF817F0E00FFFBAFF0617FEE6017
:10ABA000FFFBBA3FF97FDC98FFFDBDFFFE3FDCF8FD
:10ABB000FFFDBCFFFFCFDCFC0001BD7FFFF1BCFC53
:10ABC000FFFDBDBF000E3CDC00011DC8FFFF8FDE96
:10ABD00000001DF3FFFFF3BE000004FBFFFFFC7C41
:10ABE000F8711F1A2D3541320A2D2D2D2D322D0AC7
:10ABF0001A17103D412D45242D6C35412D0C455E15
:10AC00006C322452414D1A5E6C2D322D101A245292
:10AC1000351F3A2D5A1F3D0C052D351F671A5E4111
:10AC20003D415E5E00523D45171045245A2D1F1AC6
:10AC30006C711F1A2D4117410A5A412D2D6C1F2D81
:10AC40000C3249493D45245A2D5E1A243D455A355A
:10AC50006C322D27455E451F242D1F3A2D322D12B3
:10AC6000710A3217450C052D325E41520A416C2D96
:10AC700067323D3D055E1F17411F24412D3D413A7E
:10AC80006C6C3541450A2D5E631A3D3D2D35410AF8
:10AC900041052D5A0A1F5E5E00711F1A2D171A5E9C
:10ACA0006C2D2D2D2D0A416C1A0A242D6C1F2D2D73
:10ACB0002D6735410A412D6C35455E2D2D323D3DC8
:10ACC0002D10415A3224322D0C41320C2D41240CCE
:10ACD000052D241A6C5E005E2467416700E0600069
:10ACE000610062006301D011F31E720170084040E0
:10ACF000710140406000312016AA00EE610262013D
:10AD00006300A000F31EF065A202F01ED1257105BC
:10AD1000413E7206413E61027301534016C600EE89
:10AD20006080F015F007300016E800EEA5A460047E
:10AD30006116D0116034611DD01100EE60A36178FE
:10AD4000A6C6F155641326C000EE60A3618BA6C6AB
:10AD5000F155640C26C000EE60A36197A6C6F155BC
:10AD6000640D26C000EE0000000000000000FFFFA0
:10AD7000FFFFFFFFFFFF00FE5522880000000000DC
:10AD80000011918B8FDFC3BDBDBDB9B9BDBD817E43
:10AD90005A7E7E5A7E81E7E7C3818242DB93E7E7F2
:10ADA000C3814142DBC90401010301010300020127
:10ADB0000101010101030002010101010101000083
:10ADC0000202020201060401030103010101020162
:10ADD000010101010105000101060101020200015A
:10ADE000020201050000030101010101010401014A
:10ADF0000102020202020501010101010101020535
:10AE00000101060101050101010103010103040122
:10AE10000601010101050201020101010202000116
:10AE20000005010100000501030003010104010107
:10AE300001030101010201010101010101000202FE
:10AE400001060105020004010101010101010201E5
:10AE500001060105010500010102010101010001D6
:10AE600001000105010500030105010101040301C1
:10AE700001010101010201010105020101000505B5
:10AE80000106000101000303010401050303050598
:10AE90000101010105050101010101010101020199
:10AEA000010601010105A76A00EEA78A00EEA7AA24
:10AEB00000EEA7CA00EEA7EA00EEA80A00EEA82A54
:10AEC00000EEA84A00EE80EE800EB86A6800288A7C
:10AED000F81EF765A3A4F81EF755780838201892D5
:10AEE00000EE800E800E800EA72AF01E00EE6A0093
:10AEF00069008D108DD68DD68DD68C208CC68CC6D3
:10AF00008CC600EE289000E0610062006300A3A4FC
:10AF1000F31EF065400628B228A6D12873017108F7
:10AF20004140720841406100322018D200EE802E6C
:10AF3000800E800E8014A3A4F01E00EE28F2F065AF
:10AF400028A6811E811E811E822E822E822ED1284D
:10AF500000EE8130824000EE29162900291628F2E1
:10AF60008050F0552916290000EE81D082C000EEF5
:10AF700083D084C000EE292E816400EE292E72FF5A
:10AF800000EE292E720100EE292E290000EE294044
:10AF900028F2F06500EE60004C0000EE295230050A
:10AFA00060004005600100EE6700680788153F01FA
:10AFB00000EE680388253F0100EE28F2F0654001AD
:10AFC00067014004670100EE293483642916720189
:10AFD000296C3701199E7401199000EE291628F288
:10AFE000F06540046901294C292E28F26001F055D2
:10AFF000294C8D308C40650685A4291C00EE650126
:10B00000293474FF291C00EE650519C429348364B2
:10B0100074FF29A000EE29408164296C370100EEFD
:10B020002940816472FF296C370100EE29C229D0C2
:10B0300029CC00EE2940296C370100EE29408164BB
:10B04000296C370100EE29D000EE292E8164296C8D
:10B05000370119DA292E816472FF296C370100EE5D
:10B0600029C2298C29A029CC00EE295A30001A0EB9
:10B07000292E8164296C370119F8298C29A000EE4A
:10B0800066FF4A001A2E29346506291C6A0000EE64
:10B0900066014A011A2E29346507291C6A0100EE4F
:10B0A000293A296C370100EE293474FF6501291C07
:10B0B000298C6505291C00EE66014A0066FF295AA5
:10B0C00030001A64293A28F2F065300500EE295262
:10B0D000300100EE293483646501291C293474FF92
:10B0E0006505291C00EE00A378FD5528C8FB0A4B16
:10B0F0000428C84B072A444B092A544B062A7C498A
:10B10000001AB16020F01800E0AAAAF0657001AA48
:10B11000AAF055A378FD6500EE0040000000204035
:10B1200000004020000000000060F0F0600060605F
:10B13000007040F050010204081020408003060710
:10B14000040E06070403030C040705070407060999
:10B15000040A040B030503050305030503000201AC
:10B16000050A0607070809030C0C0C0C0E03040261
:10B1700001090806070A090A0B0D0E0F0D0002014E
:10B180000A0D0305060809040B0B0B0B0B00030249
:10B1900000010506070504080B0D0D030F28EB0A37
:10B1A0007A02EF282A6A4A5A427A0A6E2808084A1E
:10B1B00008FF405E52427E40CF084A0808007050A7
:10B1C00050D7545454545454D514147C002828286F
:10B1D000EB0A6A0A3A223A2A2E2038082808081C64
:10B1E0007F5CC9081C601C08081C601C0810000358
:10B1F000F3101010DFD01616101010101000024AB5
:10B200006670787CFF7C7870664A02000000765297
:10B210005A040039FB3900045A52760000107E08A7
:10B220007E107E087E107E087E107E10100808D8E2
:10B2300052D010382B3A1202C24E78101810541007
:10B24000FF047C407C041C1000286C743800F2EA77
:10B250000202C30AFA02FAA28A22F29A38080808FD
:10B260003E22FB223E0808080808080808080808CB
:10B270003E22FB223E0808080808080A08080808B9
:10B280003E22FB223E080808080A080A08080808A7
:10B290003E22FB223E08080A080A080A083D06006A
:10B2A000EE340700EE65FC00EE00E0610064008310
:10B2B000DE833E833E833EAB61F31EF41EF0658564
:10B2C0000062002C61AADDC00CF01E85563F00AA6A
:10B2D000EDD124720432201C897104740134101CD5
:10B2E0007B6AFF69FFA278FD1EF065300000EE80EA
:10B2F000DEAB01F01EF1658A008910800E800E81A0
:10B300001E811EAAEDD014AAF5D01400EE80CE80C6
:10B310000E81BE811EAAF1D01400EE88C087B00055
:10B32000EE5CA000EE5B9000EE660100EEAB61808B
:10B33000DE800E800E800EF01E630F82C08232F21D
:10B340001EF0658100AAF9630782B08232F21EF016
:10B350006580126F0130002CE5300000EE8C808B90
:10B36000706F0000EEFD1EF06590D000EE8D002C99
:10B370006D00EE7CFF2CF14F0000EE3CFF00EEABC9
:10B38000516C0F1D297C012CF14F0000EE3C100088
:10B39000EE6C00AB311D297BFF2CF14F0000EE3B22
:10B3A000FF00EE6B07AB211D297B012CF14F000044
:10B3B000EE3B0800EE6B00AB411D2942071D3742F2
:10B3C000091D4942051D5B42081D6D00EE600CF031
:10B3D0005500E060A561A5A6C6F155642426C0F01D
:10B3E0000A00EEABA92D9100EEABAE2D9100EE0060
:10B3F000E060A561C9A6C6F155642026C0F00A0028
:10B40000EE00E060A66115A6C6F155642426C0F0E2
:10B410000A00EE00E060A66139A6C6F15564242654
:10B42000C0F00A00EE00E060A6618AA6C6F155648D
:10B430001126C0F00A00EE00E060A6619BA6C6F1EE
:10B4400055640526C0F00A00EE00EE6E002AAB003F
:10B45000EE6E012AAB00EE6E022AAB00EE6E032AFE
:10B46000AB00EE6E042AAB00EE6E052AAB00EE6E6A
:10B47000062AAB00EE6E072AAB00E060A561E9A6E4
:10B48000C6F155642C26C0F00AA4A426A01E511EA5
:10B49000391DB31E151E0F1DAD1DD71E1B1DA71E6A
:10B4A000211E331DE900EE1DC51E271DFB1E2DAA02
:10B4B000AAF065300700EE7001AAAAF05500E0601E
:10B4C000A6615DA6C6F155642D26C0F00AAB3160B9
:10B4D00000F05500EEA278FD1E6001F05580DEBE42
:10B4E00053A27826A0270026E4270026F0270E2660
:10B4F000E4270E26F0271C26E4271CA3A426A0F090
:10B500000A6C0A6B042C6D2CD1F20A2CD12CDF664C
:10B51000002D7F36002E992E7336002C6D1ECB0029
:10B5200000000000963007772C610EEEBA510999A1
:10B5300019C46D078FF46A7035A563E9A395649EFD
:10B540003288DB0EA4B8DC791EE9D5E088D9D29721
:10B550002B4CB609BD7CB17E072DB8E7911DBF907D
:10B560006410B71DF220B06A4871B9F3DE41BE84A1
:10B570007DD4DA1AEBE4DD6D51B5D4F4C785D383FD
:10B5800056986C13C0A86B647AF962FDECC9658AA1
:10B590004F5C0114D96C0663633D0FFAF50D088DFD
:10B5A000C8206E3B5E10694CE44160D5727167A2A1
:10B5B000D1E4033C47D4044BFD850DD26BB50AA5FD
:10B5C000FAA8B5356C98B242D6C9BBDB40F9BCAC21
:10B5D000E36CD832755CDF45CF0DD6DC593DD1AB7D
:10B5E000AC30D9263A00DE518051D7C81661D0BFA1
:10B5F000B5F4B42123C4B3569995BACF0FA5BDB8FD
:10B600009EB802280888055FB2D90CC624E90BB1A0
:10B61000877C6F2F114C6858AB1D61C13D2D66B6FC
:10B620009041DC760671DB01BC20D2982A10D5EF60
:10B630008985B1711FB5B606A5E4BF9F33D4B8E8BC
:10B64000A2C9077834F9000F8EA8099618980EE160
:10B65000BB0D6A7F2D3D6D08976C6491015C63E6BC
:10B66000F4516B6B62616C1CD83065854E0062F2E0
:10B67000ED95066C7BA5011BC1F4088257C40FF53C
:10B68000C6D9B06550E9B712EAB8BE8B7C88B9FC60
:10B69000DF1DDD62492DDA15F37CD38C654CD4FBBC
:10B6A0005861B24DCE51B53A7400BCA3E230BBD460
:10B6B00041A5DF4AD795D83D6DC4D1A4FBF4D6D3BC
:10B6C0006AE96943FCD96E34468867ADD0B860DA60
:10B6D000732D0444E51D03335F4C0AAAC97C0DDDBC
:10B6E0003C710550AA41022710100BBE86200CC9E0
:10B6F00025B56857B3856F2009D466B99FE461CE3C
:10B700000EF9DE5E98C9D9292298D0B0B4A8D7C75F
:10B71000173DB359810DB42E3B5CBDB7AD6CBAC0BB
:10B720002083B8EDB6B3BF9A0CE2B6039AD2B174D7
:10B730003947D5EAAF77D29D1526DB048316DC7333
:10B74000120B63E3843B64943E6A6D0DA85A6A7AD7
:10B750000BCF0EE49DFF099327AE000AB19E077D33
:10B7600044930FF0D2A3088768F2011EFEC2066957
:10B770005D5762F7CB67658071366C19E7066B6EB3
:10B78000761BD4FEE02BD3895A7ADA10CC4ADD67D7
:10B790006FDFB9F9F9EFBE8E43BEB717D58EB06033
:10B7A000E8A3D6D67E93D1A1C4C2D83852F2DF4FD7
:10B7B000F167BBD16757BCA6DD06B53F4B36B24833
:10B7C000DA2B0DD84C1B0AAFF64A0336607A0441D7
:10B7D000C3EF60DF55DF67A8EF8E6E3179BE694633
:10B7E0008CB361CB1A8366BCA0D26F2536E2685257
:10B7F00095770CCC03470BBBB91602222F260555B3
:10B80000BE3BBAC5280BBDB2925AB42B046AB35CD6
:10B81000A7FFD7C231CFD0B58B9ED92C1DAEDE5B32
:10B82000B0C2649B26F263EC9CA36A750A936D0216
:10B83000A906099C3F360EEB856707721357000572
:10B84000824ABF95147AB8E2AE2BB17B381BB60C96
:10B850009B8ED2920DBED5E5B7EFDC7C21DFDB0BF2
:10B86000D4D2D38642E2D4F1F8B3DD686E83DA1F16
:10B87000CD16BE815B26B9F6E177B06F7747B71872
:10B88000E65A0888706A0FFFCA3B06665C0B011116
:10B89000FF9E658F69AE62F8D3FF6B6145CF6C1672
:10B8A00078E20AA0EED20DD75483044EC2B3033916
:10B8B000612667A7F71660D04D476949DB776E3E72
:10B8C0004A6AD1AEDC5AD6D9660BDF40F03BD83796
:10B8D00053AEBCA9C59EBBDE7FCFB247E9FFB530F2
:10B8E0001CF2BDBD8AC2BACA3093B353A6A3B42416
:10B8F0000536D0BA9306D7CD2957DE54BF67D92372
:10B900002E7A66B3B84A61C4021B685D942B6F2A15
:10B9100037BE0BB4A18E0CC31BDF055A8DEF022D71
:10B9200052414D4E2A4543555F412A303030312A2D
:10B93000554E4954312A0000100220000FA000018A
:10B94000FF070000FF070000FF070000FF070000DF
:10B95000FF070000FF070000FF070000FF070000CF
:10B96000FF070000FF070000F0070000F0070000DD
:10B970000000000024000000390000006200000008
:10B98000770000009800000050010000A7010000AF
:10B99000B8010000BB010000D30100005005000009
:10B9A000E00700000000000000FFFF0000FFFF00B4
:10B9B00000FFFF0000FFFF0000FFFF0000FFFF008F
:10B9C00000FFFF0000FFFF0000FFFF0000FFFF007F
:10B9D00000F0FF0000F0FF00000000005A01F01826
:10B9E0005A03F0181309F0180305F0185AD4FD187B
:10B9F0004741FE0C05CCFD0C21D4FD182100FF1899
:10BA00000DFAFE180000551800007E180000000016
:10BA1000E0000320AC00032094000320F400032086
:10BA2000C00003202894010854BB0108070000004F
:10BA30004CBA010810000100B094010834BC0108A0
:10BA400007000000CCBA01081100000001F000005E
:10BA500001000000000400000000000003F00000EE
:10BA600003000000000000000200000004F00000DD
:10BA70000400000009F000000600000005F00000CE
:10BA8000080000000001000007000000FAFE0000AE
:10BA90000D000000F1FE00000C000000CCFD0000D5
:10BAA0000B00000041FE00000F00000000FF00003E
:10BAB0001000000002FF0000FF00000000EF000087
:10BAC000FF000000D4FD0000FF0000002400000083
:10BAD000010000001A000000000000003900000012
:10BAE000030000002F0000000200000043000000DF
:10BAF0000400000062000000060000005800000082
:10BB00000500000077000000080000006D00000044
:10BB1000070000009800000009000000A2000000DB
:10BB20000A000000D30100000D000000C901000060
:10BB30000C000000A70100000B000000B80100008D
:10BB40000E000000500100000F000000BB010000CB
:10BB5000100000002A0B0404000000400000000058
:10BB6000000000000800000014000000FFFFFFFFBD
:10BB7000000000002A00000C00000040000000004F
:10BB800000000000080000000A000000FFFFFFFFA7
:10BB9000020000002A04F00C000000400000000039
:10BBA000000000000800000014000000FFFFFFFF7D
:10BBB000040000002A13EF0800000040000000000D
:10BBC000000000000800000014000000FFFFFFFF5D
:10BBD000050000002A03010C0000004000000000E6
:10BBE000000000000800000032000000FFFFFFFF1F
:10BBF000070000002A5AEF18000000400000000073
:10BC0000000000000800000064000000FFFFFFFFCC
:10BC10000A0000002AF1FE180000004000000000A9
:10BC2000000000000800000064000000FFFFFFFFAC
:10BC30000C0000001A0000000000000000000000DE
:10BC400000000000080000000A00000010002000B2
:10BC5000000000002F0000000000000000000000B5
:10BC600000000000080000000A0000001000200092
:10BC7000020000004300000000000000000000007F
:10BC800000000000080000000A0000001000200072
:10BC90000400000058000000000000000000000048
:10BCA00000000000080000000A0000001000200052
:10BCB000050000006D000000000000000000000012
:10BCC00000000000080000006400000010002000D8
:10BCD00007000000A20000000000000000000000BB
:10BCE00000000000080000006400000010002000B8
:10BCF0000A000000C9010000000000000000000070
:10BD00000000000008000000640000001000200097
:10BD10000C0000000001020304050607080C1014C3
:10BD200018203040303132333435363738394142DB
:10BD300043444546000000000000000000000000F1
:10BD400000000000000000000000000000000000F3
:10BD500000000000000000000000000000000000E3
:10BD600000000000000102030405060708090000A6
:10BD700000000000000A0B0C0D0E0F000000000078
:10BD800000000000000000000000000000000000B3
:10BD900000000000000A0B0C0D0E0F000000000058
:10BDA0000000000000000000000000000000000093
:10BDB0000000000000000000000000000000000083
:10BDC0000000000000000000000000000000000073
:10BDD0000000000000000000000000000000000063
:10BDE0000000000000000000000000000000000053
:10BDF0000000000000000000000000000000000043
:10BE00000000000000000000000000000000000032
:10BE10000000000000000000000000000000000022
:10BE20000000000000000000000000000000000012
:10BE300000000000A0860100400D0300801A0600EB
:10BE400000350C0040420F0080841E0000093D00B8
:10BE500000127A000024F40000366E010048E80168
:10BE6000006CDC0200000000000000000000000088
:10BE700000000000000000000102030400000000B8
:10BE80000000000001020304060708090001020384
:10BE900004050607080C1014182030403700000075
:08BEA000A043FE7F0100000039
:04BEA8002502000867
:04BEAC000102000887
:10BEB000D0070000FFFFFFFF5000A00001000000BE
:10BEC0000000000000000000000000000000000072
:10BED0000000000000000000000000000000000062
:10BEE0000000000000000000000000000200000050
:10BEF0000100000000000000000000000000004001
:10BF0000000000000200000001000000000000002E
:10BF100000000000FFFF204003002E00180000007A
:10BF200000000000000000000000FF070100010009
:10BF30000000000000000000010000000000000000
:10BF40000000010051890008E9850008E18500082A
:10BF500095890008C983000801000000218A0008B3
:10BF6000E98C0008F989000800000000718A0008C7
:10BF7000B98F0008F18F00080000000085910008CB
:10BF8000000000003891010840910108509101081B
:10BF900011950008C993000800000000B59300083F
:10BFA0000000000015950008019600080000000040
:10BFB00000000000000000000100200038BA010865
:10BFC0000001000000000000000000000000000070
:10BFD00000093D0001000000080000000000000012
:10BFE0000000000000000000000000000000000051
:10BFF000010000000000000000000000E113010843
:10C000009D130108711301080000000029120108A6
:10C01000F912010899120108000000000000000058
:10C0200000000000591201085912010859120108B4
:10C03000691201087912010812034D0053004600ED
:10C0400054003100300030002000000009024B0095
:10C0500002010080FA080B0002020201020904003A
:10C060000001020201000524001001052401000165
:10C0700004240202052406000107058303080008C2
:10C0800009040100020A0000000705040240000044
:10C0900007058402400000000A060002000000407C
:10C0A00001000000AAAAAAAAED4C0108554B0108FC
:10C0B000594B0108F54B0108C14B01081A03000058
:10C0C0000000000000000000000000000000000070
:10C0D0000000000000000000040309041201000237
:10C0E000EF020140830440570001010203010000F8
:10C0F000A14D0108AD4D0108B94D0108D14D010810
:10C10000194E0108E94D0108014E010860020320A3
:10C110000000000084720320EC720320547303209B
:10C12000000000000000000000000000000000000F
:10C1300000000000000000000000000000000000FF
:10C1400000000000000000000000000000000000EF
:10C1500000000000000000000000000070B58AB080
:10C1600072B6AA244FF40055684600F065F806211F
:10C17000069BCDE9044543F08063284A009106936D
:10C18000936A002B03DA2649264B91609360234B78
:10C190009A6A520003D52449244A19611A61244C31
:10C1A0002378012B36D0012300264FF47A702370B8
:10C1B000666000F045F8054668B12670174B9A6A2C
:10C1C00042F080429A629A6A42F000429A6262B6F3
:10C1D00001200AB070BD114E049A336C4FF47A708E
:10C1E00023F0FF0313433364326C069B22F080621A
:10C1F00003F0806313433364B36A43F40033B362E0
:10C2000000F01EF825700028D8D1B36A43F000630F
:10C21000B362DCE702200AB070BD00BF002002401C
:10C2200023016745AB89EFCD3B2A19087F6E5D4C32
:10C2300030010320000000005FF800F08DC400080A
:08C240005FF800F0E5C1000801
:040000050800B22518
:00000001FF
