:020000040800F2
:1000000000000420FD310008793000087D30000830
:100010008130000885300008893000084D32000822
:1000200000000000000000000000000061D4000893
:100030008D30000800000000F1D300088DAC0008EE
:100040004D3200084D3200084D3200084D32000894
:100050004D3200084D3200084D3200084D32000884
:100060004D3200084D3200084D3200084D32000874
:100070004D3200084D3200084D3200084D32000864
:100080004D3200084D3200084D3200084D32000854
:100090004D3200084D3200084D3200084D32000844
:1000A0004D3200084D3200084D3200084D32000834
:1000B0004D320008913000089D3000084D32000894
:1000C0004D3200084D3200084D3200084D32000814
:1000D0004D3200084D3200084D320008A9300008AA
:1000E000B53000084D320008C13000084D3200081C
:1000F0004D3200084D3200084D3200084D320008E4
:100100004D320008CD300008D93000084D320008CB
:100110004D3200084D3200084D3200084D320008C3
:100120004D320008E5300008F13000084D3200087B
:10013000FD3000084D3200084D3200084D320008F5
:100140004D3200084D320008093100084D320008D8
:100150004D3200084D3200084D3200084D32000883
:100160004D320008153100084D3200084D320008AC
:100170004D320008000000004D3200080000000071
:10018000213100084D3200084D3200084D32000880
:100190004D3200084D3200084D3200084D32000843
:1001A0004D3200084D3200084D3200084D32000833
:1001B0004D320008000000002D3100084D320008CB
:1001C0004D320008000000004D3200084D3200089A
:1001D0004D3200084D3200084D3200084D32000803
:1001E0004D3200084D3200084D3200084D320008F3
:0401F000000000000B
:1002000010B5054C237833B9044B13B10448AFF350
:1002100000800123237010BD28010320000000008E
:10022000B8D9000808B5034B1BB103490348AFF325
:10023000008008BD000000002C010320B8D9000890
:10024000034613F8012B002AFBD1181A0138704716
:10025000704700BF01F0CABBF0B52B4C2B4E9BB0D2
:100260004FF0FF332822694620680BF083FB2828D3
:10027000F6D1039802F0BAF9054600283BD1029B5B
:10028000D3B929460AAA009801F018FC0CF078F8B6
:100290000AA90246684601F085FD0CF071F80AA92A
:1002A0000246684601F02AFA0CF06AF80AA90246EA
:1002B000684601F081FBD3E7B3F1005FEDD140F276
:1002C0000372009B9342E8D10822039900279142D0
:1002D00028BF11460D46C6E90577B760019F0C4956
:1002E0000C48C6E90037F56002F08CF93046094940
:1002F00001F072F8D1E74FF0FF332A4620680AA9CF
:100300000BF038FBBBE700BF342603205801032065
:100310009005FA0B4C0103202DE9F0431F4D9BB0D3
:10032000DFF8808001AE0AAF002404EBC401C4F101
:1003300024024FF0FF33286806EB81010BF01AFB13
:100340000444232CF1D9049802F050F9039B814610
:10035000B3F1005F00D0A0B9114804F0FFF950B12B
:100360003A4631460E4804F0C3F8D8F80C30013351
:10037000C8F80C30D8E74FF0FF3201210CF094FAA6
:10038000EAE70024A9EB040239194FF0FF3328688B
:100390000BF0F0FA04444C45F4D3DDE7302603209B
:1003A000D42403200000032000B583B001F058FBE3
:1003B00000F064FF03221B491B4803F041FB02F0DD
:1003C0000FF800F015FD02F027F80BF0D9FF01F04F
:1003D0008FF90BF0D5FF01F0E9FA144807F054FF4C
:1003E000134807F019FF134C0BF0CAFF019001F0FE
:1003F000F9FF019802F016F8019800F011FD23783A
:100400002BB9019801F04CFC019801F0FFF901981B
:1004100001F0DCFA019801F0C3FC0A2101A80BF0FD
:10042000EFFEE1E794280320C42503200C220320DB
:1004300074210320760003202DE9F0410026214D90
:10044000DFF88C80204FA6B012E00CF073FE98F815
:10045000003033B10B9B23B164200AF0CFFC00F0D5
:100460000DFF002202231146386800960CF09EFA18
:100470004FF0FF32012100200CF016FA0CF04CFE78
:10048000124804F0C1FA044606A9104804F02CF9F9
:1004900002A90E4804F050F95422294611A8AC6074
:1004A0000DF032FA094B1E66189BB3F5003FCCD90C
:1004B000AB689B02C9D5012385F820300B9300F06F
:1004C00085FFC2E70000032094190320D4240320F1
:1004D000480103202DE9F04385B02C4D2C4EDFF868
:1004E000B880DFF8B8900DF10E0705E000214FF05D
:1004F000FF3208460CF0D8F928680BF045F90128BE
:10050000F4D94FF0FF330222286803A90BF032FA26
:100510000228EBD1BDF80C20B2F5805FE6D26AB1BB
:100520000024121B31194FF0FF3328680BF022FA18
:10053000BDF80C200444A4B2A242F2D10BF020FF7B
:10054000144B3146BDF80C20009702F04BF9BDF872
:100550000E30002BCAD039464FF0FF330222D8F8B4
:1005600000000BF01FF9BDF80E204FF0FF330949D2
:10057000D8F800000BF016F9002202231146D9F832
:10058000000000920CF012FAB0E700BF80010320D7
:10059000C4CF002040BF00207C010320D4060320EC
:1005A00070B584B01B4D02AE05E000214FF0FF3264
:1005B00008460CF079F928680BF0E6F80128F4D920
:1005C0004FF0FF33022228680DF106010BF0D2F93B
:1005D0000228EAD1BDF80620082AE6D86AB100242C
:1005E000121B31194FF0FF3328680BF0C3F9BDF827
:1005F00006200444A4B2A242F2D10BF0C1FE31465F
:10060000BDF8062002F086F80128CED00A200AF0B4
:10061000F5FBF2E77C01032001F0ECB901F0EEB943
:10062000002001F0EFB900BF0022024B02481A601F
:1006300007F02ABE44010320C0210320014B1868A3
:10064000704700BF4401032010B59EB0482200212E
:100650000CA80DF0CDF800234FF40070CDE9023363
:10066000CDE90433CDE90733CDE90933019306938E
:100670000B9305F0D3FF08B172B6FEE70123022207
:10068000169311931993179210231D9207229FED31
:100690001E7BCDE91A320324042312900CA81C936C
:1006A0008DED0C7B189406F0F5F9034608B172B68F
:1006B000FEE70F22214601A8CDE9033305930294FA
:1006C000019206F093F8034608B172B6FEE7104AAD
:1006D0004FF0005C916D4BF67F3441F08071916575
:1006E000926D069302F080720092089322222023DA
:1006F00006A8CDE90A230099CDF81CC0099407F09B
:1007000029F91EB010BD00BF290000000000010043
:10071000001002402DE9F04194B072B64FF0006233
:10072000AA4B9A60BFF34F8F62B6002402F090FD8F
:10073000FFF78AFFCDE90E44CDE91044A44D129491
:10074000EB6C4FF4604143F00403EB64EB6C224626
:1007500003F004030793079BEB6C9E4843F0800370
:10076000EB64EB6C012603F080030893089BEB6CB1
:100770004FF4007843F00103EB64EB6C082703F0BF
:1007800001030993099BEB6C43F00203EB64EB6CF0
:1007900003F002030A930A9B04F080FC224640F215
:1007A00001118D4804F07AFC224641F2E4018B48A5
:1007B00004F074FC4FF4604386480EA9CDE90E3670
:1007C0001094119404F0BCFA40F2011382480EA96F
:1007D000CDE90E36CDE9104404F0B2FA41F2E4035B
:1007E0007E480EA9CDE90E36CDE9104404F0A8FAF2
:1007F00079480EA9CDE90E84109604F0A1FA784844
:100800000EA9CDE90E74109404F09AFAAB6C052190
:1008100043F00403AB64AB6C224603F0040304937F
:10082000049BAB6C1D203343AB64AB6C334005932E
:10083000059BAB6C43F00203AB64AB6C03F00203AB
:100840000693069B03F0EEF91D2003F025FA2246DD
:1008500005211E2003F0E6F91E2003F01DFA2246B2
:100860000521502003F0DEF9502003F015FA204650
:1008700004F092FF08B172B6FEE704F0A1FF034650
:1008800048B958484360584B036007F08BF803465B
:1008900018B172B6FEE772B6FEE710224FF4407E42
:1008A0004FF03C0C0F2113240425504882618262D2
:1008B0004F4AC0E90E634360C360837413704D4BAD
:1008C000C0E907C40360C0E90C560682466146626F
:1008D000C0F808E0C16203F061FC0346D8B9072202
:1008E0004FF4E0614FF482744348C0E90433C0E937
:1008F0000833C0E90A3283600363404BC0F81880B4
:100900000360C76147634460C16007F06FFA034644
:1009100018B172B6FEE772B6FEE70BAF0B90CDE9E9
:100920000E00CDE91000CDE91200C7E901004FF437
:1009300080704FF4301C03214FF48052304CC4E9D6
:10094000023384F82030A362E36284F838302D4B00
:1009500020832046266184F830606561C4F804C0B5
:10096000E1616263236002F097FC08B172B6FEE7B2
:100970000B903946204603F0DDF808B172B6FEE769
:1009800006237F220F93204B109013900EA9204630
:10099000129511920E9302F0ADFD08B172B6FEE70A
:1009A0000C231A4A20460EA90E920F9302F0A2FDC4
:1009B00008B172B6FEE71223154A20460EA90E9220
:1009C0000F9302F097FD28B372B6FEE700ED00E04A
:1009D00000100240000802420000024200040242ED
:1009E000001C0242D823032000080C42D424032018
:1009F0004801032000A40040742303200038004075
:100A0000C425032000800242400020190002B025C6
:100A10000004002A002301225149C1E905338B80DB
:100A2000504B08460B600A6203F056F9034608B1C2
:100A300072B6FEE74C484D4AC37202604FF402732F
:100A400002228380C0F8072004F0C4FE08B172B609
:100A5000FEE741F63F75464C464ACDE90E00C4E933
:100A600001001090A06120462260E56007F0FCFDC7
:100A7000034608B172B6FEE720460EA90E93109306
:100A800007F024FE034608B172B6FEE73A4CCDE902
:100A90000E331093A360A36142F20F73374A2046CE
:100AA000C4E90023E56007F0DFFD034608B172B634
:100AB000FEE720460EA90E93109307F007FE0346AB
:100AC00008B172B6FEE74F254FF6FF742C482D4A49
:100AD000C0E904338360836102604560C46007F04D
:100AE000C3FD034608B172B6FEE72748C0E90153CB
:100AF000C0E90343C0E90533244B036007F0B4FDAC
:100B000008B172B6FEE74FF080414FF0FF32204C43
:100B10000B90CDE90E00CDE91000C7E90100C4E952
:100B200001002061A06120462160E26007F09CFD89
:100B300008B172B6FEE74FF4805320460EA90E931B
:100B400007F0E0FB08B172B6FEE700233946104813
:100B50000B930D9307F0BAFD0446D8B172B6FEE7C9
:100B600038250320003002404C1E032000D40040F2
:100B7000C0210320001400400C220320001000407C
:100B80007421032000440140282103200048014033
:100B900058220320564822460121564B0090CDE9A9
:100BA00001444FF47A600AF097FD0246524D534ECD
:100BB0000121CDE90144524B00964FF47A602A603E
:100BC00022460AF089FD4F4B4F4A01210092CDE9A0
:100BD0000144224618604D4B4FF4A0400AF07CFDC2
:100BE0004B4B4C4A01210092CDE90144224618604A
:100BF000494B4FF4A0400AF06FFD0246474B48496D
:100C000048481A6001F09EFC01F046F90BF0B8FB71
:100C1000454B464A4649009501F0B0F8454801F079
:100C2000D1FC454800F018FD4448454A454900F0CC
:100C30000BFB0EA80E9401F025F920B90E9B13B9F9
:100C4000414801F0F7F80AF02FF800213F4A4048E8
:100C50000AF07AF804463F4B00213F4A3F481C60A7
:100C60000AF072F804463E4B00213E4A3E481C60A2
:100C70000AF06AF80446334B00213C4A3C481C60A9
:100C80000AF062F80446264B00213A4A3A481C60B2
:100C90000AF05AF804462A4B0021384A38481C60AA
:100CA0000AF052F80446224B0021364A36481C60AE
:100CB0000AF04AF80446354B0021354A35481C6095
:100CC0000AF042F80446344B0021344A34481C6090
:100CD0000AF03AF80446334B0021334A33481C608B
:100CE0000AF032F8324B18600AF000F8FEE700BF55
:100CF000F8010320A0AF002080010320D4010320CD
:100D000000A000207C010320B0010320005000203F
:100D1000342603208C01032000000020302603200D
:100D2000E41403207423032084010320880103209A
:100D3000840B0320D823032038250320D424032048
:100D40003410032094190320040091806CDC000807
:100D500055020008481E032048DC0008590200081C
:100D6000441E032024DC00081903000800DC0008EE
:100D7000A9030008DCDB000839040008B8DB000820
:100D8000D504000894DB0008A1050008D406032060
:100D900070DB000819060008240203204CDB000861
:100DA0001D0600082002032028DB00082106000899
:100DB0001C020320094A0368934206D0084A934262
:100DC0000AD0084A934205D07047074A1368013396
:100DD0001360704700F002BE02F04CBA00140040ED
:100DE000002C0140001000404401032072B6FEE7D1
:100DF000024B0348DB8B037001F0C4BB540003209B
:100E00002D260320054AD38B9BB211B10343D38314
:100E1000704723EA0003D383704700BF54000320C8
:100E200070B5154E154D336804461B68A88B1B6FB3
:100E3000134980B298473368E88B1B681149D3F88F
:100E4000803080B2984740F6B7330F4AE98B9C4216
:100E500011700E4B01D8197831B101221A700A486D
:100E6000BDE8704001F08EBBFF2313700648BDE85B
:100E7000704001F087BB00BF7C00032054000320BA
:100E8000C4270320382803202D2603202C260320E6
:100E90000870704700787047030A08704B707047FD
:100EA000012994BF00780088704700BF034600B551
:100EB00083B008465BBA02220DF10601ADF8063098
:100EC00001F0A0FB03B000BD8446002310B50C4622
:100ED00082B00DF1060002226146ADF8063001F045
:100EE00091FBBDF80600012C98BFC0B240BA80B299
:100EF00002B010BD002300B5012983B0ADF8063063
:100F000002D8184603B000BD014602220DF10600CA
:100F100001F078FB9DF8060003B000BD0078704733
:100F20000078704700787047007870470078704705
:100F300008707047087070470870704708707047F5
:100F400008707047030A08704B707047012994BFFE
:100F500000780088704700BF034600B583B008469C
:100F60005BBA02220DF10601ADF8063001F04AFB32
:100F700003B000BD034600B583B008465BBA022249
:100F80000DF10601ADF8063001F03CFB03B000BDE9
:100F9000034600B583B008465BBA02220DF1060194
:100FA000ADF8063001F02EFB03B000BD034600B5DE
:100FB00083B008465BBA02220DF10601ADF8063097
:100FC00001F020FB03B000BD034600B583B0084626
:100FD0005BBA02220DF10601ADF8063001F012FBFA
:100FE00003B000BD034600B583B008465BBA0222D9
:100FF0000DF10601ADF8063001F004FB03B000BDB1
:10100000034600B583B008465BBA02220DF1060123
:10101000ADF8063001F0F6FA03B000BD84460023B7
:1010200010B50C4682B00DF1060002226146ADF803
:10103000063001F0E7FABDF80600012C98BFC0B2F7
:1010400040BA80B202B010BD8446002310B50C46F1
:1010500082B00DF1060002226146ADF8063001F0C3
:10106000D1FABDF80600012C98BFC0B240BA80B2D8
:1010700002B010BD8446002310B50C4682B00DF1BD
:10108000060002226146ADF8063001F0BBFABDF859
:101090000600012C98BFC0B240BA80B202B010BDA9
:1010A0008446002310B50C4682B00DF106000222E2
:1010B0006146ADF8063001F0A5FABDF80600012C36
:1010C00098BFC0B240BA80B202B010BD84460023BF
:1010D00010B50C4682B00DF1060002226146ADF853
:1010E000063001F08FFABDF80600012C98BFC0B29F
:1010F00040BA80B202B010BD8446002310B50C4641
:1011000082B00DF1060002226146ADF8063001F012
:1011100079FABDF80600012C98BFC0B240BA80B27F
:1011200002B010BD8446002310B50C4682B00DF10C
:10113000060002226146ADF8063001F063FABDF800
:101140000600012C98BFC0B240BA80B202B010BDF8
:10115000002300B5012983B0ADF8063002D8184647
:1011600003B000BD014602220DF1060001F04AFA6B
:10117000BDF80600000A03B000BD00BF012918D960
:10118000037803F00302012A17D003F00C02042AAB
:1011900015D003F03002102A0DD003F0C003402B0D
:1011A0000FD0437803F00303012B0CBF062001206E
:1011B00070470020704705207047022070470320C9
:1011C00070470420704700BF4FF080410222012386
:1011D0002DE9F041174C0025C4E91123164E174F95
:1011E000DFF86080E16311E0D8F800202365937C8C
:1011F000003B18BF012312493868A36403F0B8F814
:1012000078B96B1C022B4FF0010511D056F8043B46
:101210002564E364002BE7D06FF060420123226570
:10122000E9E7FFF7E3FD6B1C022B4FF00105EDD161
:10123000BDE8F0810000032018DD00082827032006
:101240003C0003207C00032038B50C46064D0749BE
:10125000074B0A602860074901201C6009F0DCFF89
:10126000054B186038BD00BF282703202027032026
:10127000242703203826032088260320F0B54D4E6E
:1012800083B0306803F01EF9306802F087FF002851
:101290006FD10022484D402148482A71EA602A61F6
:1012A0006A61AA61AA60EA6185F8202003F0F6FE6F
:1012B000306803F007F90B2202233068C0E90D23E0
:1012C00002F06CFF002871D100240222012340F2B9
:1012D000FF71C5E90B233A4FA9636C6202E0013448
:1012E0000B2C0ED037F8023B36493068AC626B638A
:1012F00003F03EF80028F2D00134FFF777FD0B2C05
:10130000F0D1FFF761FF00230222306811460093FD
:1013100003F05AF8002846D1306803F077F8002827
:101320003ED100220121306803F01EFAA8BB002242
:101330000621306803F018FA60BB07224FF4F05121
:10134000306803F011FA10BB07228021306803F0E7
:101350000BFAC8B900221C49306803F005FA80B9BD
:1013600000224FF46021306803F0FEF920B903B089
:10137000F0BDFFF73BFD8CE703B0BDE8F040FFF7A1
:1013800035BDFFF733FDEBE7FFF730FDE2E7FFF791
:101390002DFDD9E7FFF72AFDCFE7FFF727FDC6E7C9
:1013A000FFF724FDBDE7FFF721FDB5E7FFF71EFDC1
:1013B0008AE700BF28270320000003200004024220
:1013C00020DD00082400032000407100014B186854
:1013D00003F078B8282703202DE9F047054682B0AE
:1013E000C0680F4601F002F9AB68B3F1005F3ED070
:1013F0000646824600F12409264C4FF0FF31206852
:1014000009F0C8FF0128F8D1DFF89480D8F800006F
:101410000AF0A6F9484517D202251F4A13792B4333
:101420001371002320681A46194609F059FE1B4A19
:101430000223126810680022114600920BF0B6FADF
:10144000284602B0BDE8F08729464FF0FF3324223A
:10145000D8F800000AF0A6F9054686B94D450CD02B
:101460000D4A0125137943F008031371D9E74FF0B2
:10147000000A4FF024095646BEE70025D1E7524640
:1014800039464FF0FF33D8F800000AF08BF90544D5
:10149000E4E700BF88260320000003202427032060
:1014A000302603202DE9F04700250C4682B0C907FD
:1014B0000646019516D4A20707D50221314A1379B1
:1014C00043F00103137133681965630738D4019B36
:1014D0002BB14FF0E0234FF08052C3F8042D02B03F
:1014E000BDE8F087DFF8A890DFF8988040214A46F1
:1014F000254B03F05FF8D8F81430D9F80C0001330D
:10150000C8F8143001F072F8DFF888A00746DAF85E
:1015100000000AF025F907F12803984224D3494630
:101520002822DAF8000001AB0AF0D6F9002FC2D069
:101530003A46DAF80000144901AB0AF0CDF9BAE7EF
:101540000424104B11499A69086801329A611A798A
:10155000002142F008021A71336800680DEB0402A2
:101560001C650BF043FBB2E7D8F81830294601336D
:10157000C8F81830054B01AA1B6818680BF036FB39
:1015800099E700BF00000320E02603202027032066
:10159000B826032034260320002110B50A4A0B4C3C
:1015A0001268236982B01068013301AA2361019196
:1015B0000BF01CFB019B2BB14FF0E0234FF080524E
:1015C000C3F8042D02B010BD24270320000003201F
:1015D000002110B50A4A0B4C1268E36982B010680A
:1015E000013301AAE36101910BF000FB019B2BB1D8
:1015F0004FF0E0234FF08052C3F8042D02B010BD2D
:10160000202703200000032038B50C46104D294642
:1016100003F06AF8A10303D5EB68A3B90D4A136080
:10162000620309D52B690B4A012B13790CBF43F0D8
:10163000040303F0FB031371230303D50122054BBD
:1016400083F8202038BD4FF00042024B1A60E7E7D4
:101650008C26032000000320704700BF91B14FF09B
:10166000FF3210B4084C014410F8013B5340DBB288
:1016700054F82330884283EA1222F5D1D0435DF832
:10168000044B70470846704738DD00082DE9F843E1
:101690000024154E0F4630600846C6E90544C6E9E9
:1016A000014400F0D1FFE8B1804612E081460546D2
:1016B00000F0A2FF034639194A460C482C44F36057
:1016C000A4B200F09FFF09490748FFF785FEA04537
:1016D00008D9A8EB04000828C0B2E7D90825284695
:1016E000A946E5E7BDE8F8837027032064270320B7
:1016F0000022014B1A6070479427032038B5836895
:1017000004460D4643B1B3F1005F04D140F2727359
:1017100002689A4256D038BD40F25642036893425E
:1017200042D040F25742934233D0304A93420FD0D6
:10173000A368002BEFD12268B2F58B6FEBD1E26882
:10174000002AE8D101212A4A2A481170036038BDD5
:101750002B78502BDFD16B78342BDCD1AB78242B5A
:10176000D9D1EB78242BD6D12B79572BD3D16B79C8
:10177000302BD0D1AB79522BCDD1EB79442BCAD1C0
:1017800040F273701C49FFF781FFA368002BD2D091
:10179000C1E708222846194900F040FF00B3A368BA
:1017A000002BB8D12368C0E74FF4EE601449FFF76F
:1017B0006DFFA2682368B2F1005F0AD140F2727235
:1017C0009342A8D140F272700E49FFF75FFFA26802
:1017D0002368002A9FD140F257429342A5D1D8E70F
:1017E00040F271700849FFF751FFD8E7FECA770051
:1017F0003227032094270320B8DA000898DA00087B
:1018000068DA000880DA0008A4DA00082DE9F84355
:10181000584B1B788BB1584F584A3B68584903FBCB
:1018200002F2B1EB720F32D2564A574903FB02F271
:10183000B1EBB20F03D201333B60BDE8F883002364
:1018400040F2F2600021514D514EC5E90001C5E959
:101850000533DFF844813488DFF84C91AB60002C0D
:1018600079D1012000F0C8FE88F80040E8604146C8
:101870004648FFF7B1FD34880134A4B2982C4FEAF2
:10188000D40234805CD900223B683280D3E7002345
:101890004FF4DE6000213F4E3C4DB6F80080C5E9B4
:1018A0000001C5E90533AB60B8F1000F5CD102203F
:1018B00000F0A2FE384CE86084F801803288374896
:1018C000531C9BB2812B28BF0023D143D208338005
:1018D000835C01F00702134103F001032E492B48FA
:1018E0002370FFF779FD002040F2F16200232C4EB7
:1018F000C5E90023B6F80080C5E90500A860B8F185
:10190000000F2DD1012000F077FE84F80080E86000
:1019100032882448531C9BB2912B28BF0023D1430B
:10192000D2083380835C01F0070213415B0703F0A8
:10193000005319491548AB60FFF74EFD3B6873E74C
:10194000E34319F8022003F0070342FA03F3DB072D
:1019500085D43B686FE7002000F04EFEE86086E724
:1019600000F04AFEE860D3E7012000F045FE0A4C93
:10197000E860A3E73227032094270320CDCCCCCC0A
:1019800099999919295C8FC2285C8F0240270320FE
:101990002C2703203027032034270320D4DA000823
:1019A0002E270320E8DA0008FCDA00080022014BA9
:1019B0001A6070479C270320034B1B689B7C03B96C
:1019C000704700F0C9BA00BF7C000320024A1368C8
:1019D00001331360704700BF9C270320024A13683D
:1019E00001331360704700BF9827032000200AF0DE
:1019F00091BB00BF00200AF08DBB00BF00200AF0A1
:101A000089BB00BF00200AF085BB00BF124B1B68DA
:101A10001989F9B130B400245B68104A03EB411115
:101A2000D3E90050C2E900509D6898699561DD686E
:101A30002033556153F8105C8B42C2E9024553F8DC
:101A40000C5C02F1740242F8105C42F8040CE7D11D
:101A500030BC7047704700BF7C000320A0270320E4
:101A600038B50025124B08221B6812489C7C124B8B
:101A7000641B18BF01246442E4B221461D700BF0C0
:101A8000B7FE9FED097B0B4B214603F17400A3F1D8
:101A90002404082283ED117B0BF0AAFEC4E937551C
:101AA000BDE83840FFF7B2BF0000000000000000B2
:101AB0007C000320C42703207600032000293CD0AB
:101AC000F0B5744B83B01D68AF7C6FB906462C8AA5
:101AD00044B1EB6803EBC40C1C68B4420FD008336C
:101AE0006345F9D103B0F0BDC0F30743EF2B4FEAD4
:101AF0001024C0F31126EAD8674E2640E7E71C7988
:101B0000E7B1B6F56F4F49D04FF6D4539E4266D039
:101B10004FF602739E4200F0AD800F2C10D12B685F
:101B20001046DB6F00929847009A137803F0030386
:101B3000032BD7D0594B1883D4E77047082C3BD0E0
:101B40002B68104603EBC4035B689847102CC9D878
:101B500001A353F824F000BF011C0008351C000845
:101B60003B1C0008411C0008471C00084D1C0008D5
:101B7000531C0008591C00085F1C0008191C0008B1
:101B8000211C0008291C00082F1C00080D1C00083F
:101B9000131C0008351B0008071C0008C0F30720B1
:101BA000132860D05A289DD12B6810465B6D98474A
:101BB0003A4AC3B2D37595E72B6810465B6C009127
:101BC000019298470099354CC0B20129207389D001
:101BD000019A1046FFF7BCFA84F8200082E7C3B2EE
:101BE000212B4ED05A2B7FF47DAF2B681046DB6C37
:101BF0009847C3B2032B3FF475AF284A937571E73A
:101C0000264B58806EE7254BD8836BE7234B188211
:101C100068E7224B988365E7204BC0B2987561E76F
:101C20001E4BC0B2D8755DE71C4B58835AE71B4B5F
:101C3000588257E7194B188054E7184BD88051E762
:101C4000164B98804EE7154B98824BE7134B588103
:101C500048E7124B188145E7104BD88142E70F4BFC
:101C6000C0B218733EE72B681046DB6A98470B4BEF
:101C7000588137E71046FFF781FA084B83F82000B8
:101C800030E72B6810465B6F9847044AC3B29383D2
:101C900028E700BF7C00032000FF0300540003205E
:101CA000324B1B78002B5FD12DE9F04FDFF8C49049
:101CB00003F0FF05D9F8003083B01B89002B50D00A
:101CC0002B4F06463C46DFF8B08008E0D9F80030DC
:101CD00001351A89ABB29A4204F1740441D9E36E1A
:101CE000626EF31A9342F1D3C5F1000AB4F9703071
:101CF0000AF0740A0AF1240000EBE300002B3844D8
:101D000008DBB4F8683002225BBA01A9ADF80430F0
:101D100000F078FCB4F9723004F1240B002B4FEA88
:101D2000E30112DB5846FFF799FC0422B4F9723044
:101D30000190002B0AF12400B8BF073300EBE30049
:101D400038440DEB020100F05DFCD8F80030594634
:101D500023612046FFF740FBA36EE6660133A366CE
:101D6000B4E703B0BDE8F08F704700BF76000320F2
:101D7000A02703207C0003200000032010B5029C54
:101D8000054A064B14600446196000F025F8204609
:101D900000F0A0FC002010BD882803208C28032020
:101DA00000F0A4BC00B50A4B83B01B6800F0C8FC6F
:101DB000012801D003B000BD0022064902230968B2
:101DC0000868114600920AF0F1FD03B000BD00BFA3
:101DD000882803208C28032000B583B0102001A997
:101DE00000F086F808B903B000BD0021102000F013
:101DF00067F8003818BF012003B000BD70B5002699
:101E000082B004460D46102001A9019600F070F83A
:101E100010B9019BA34202D8012002B070BD04F1A9
:101E20001100294680B200F063F8801B18BF012022
:101E300002B070BD002210B5114B82B01B78019228
:101E400013B9184602B010BD044601A9102000F0D5
:101E50004FF840B901981130FF2804D8214680B2CC
:101E600000F02EF818B10123184602B010BD0199F8
:101E70001020013100F024F8031E18BF0123E0E711
:101E800077000320014608B5102000F031F8003833
:101E900018BF012008BD00BF10B502F0B7FD00203B
:101EA00007F0D2FF044618B902F0C4FD204610BD69
:101EB000002007F097FB02F0BDFD204610BD00BFDB
:101EC00038B504460D4602F0A1FD2046294608F02B
:101ED00063FAC305044603D402F0ACFD204638BDC6
:101EE00007F05AFC0443A4B202F0A4FD204638BD1A
:101EF00007F0B4BD830F032BC0F30D4020D0012B9E
:101F00000ED0B3B9B0F5B97F21D01F235FFA80FCA2
:101F1000000A012281F800C048708B70CA707047B7
:101F200040F263539842F0D102204FF0740C0D231D
:101F3000EFE79128E9D10B204FF0380C0223E8E7B6
:101F40002928E2D102204FF07F0C0923E1E70B2082
:101F50004FF0EF0CDDE700BF2DE9F04F456893B07F
:101F6000B5F1804F02D013B0BDE8F08F0668C068AD
:101F7000C6F307470C4600F039FBEA2FC6F30728E3
:101F800032D0EC2FEFD1B8F1210FECD10728EAD9EC
:101F90002378102BE7D1E3793002C549A27980B2CA
:101FA0000143647908201B0443EA022323430022EF
:101FB0004FF0FF34099123FA00F18DF821308DF8AC
:101FC00022101B0C0C9007A909A8CDE90D22CDE920
:101FD0000F220A958DF823300B92119207948DF8F9
:101FE0002040FFF7F9F9BEE70228BCD9B8F1FF0F8E
:101FF00023D0B8F1210FB6D1A378617822781B04E1
:1020000043EA01231343B3F56E4F40F0C480A94A5D
:1020100033029BB21A4300234FF080450824A6499F
:1020200009A8CDE90A53CDE90C43CDE90E33CDE93A
:1020300010330992FFF7D0F995E7A37861782278F9
:102040001B0443EA01231343B3F56E4F00F02E81C6
:102050004FF6C552934200F0CB804FF6CA629342CE
:1020600081D14FF0000904A8CDF81090FFF70AFFC6
:10207000924B049AB3F81EA0012ACAF3400A4FEA11
:102080008A1A4AF03F0A5FFA8AF440F229819200E4
:1020900002321FFA82FA8A4B0AF10601A3FB0103FE
:1020A000C91A03EB5103C3F387074FF080438549F7
:1020B0000A930991082120230C91834907AA0891CA
:1020C0000DF1240B4FEA1A218DF81E1058461146C7
:1020D0008DF81C301546CDE90D99CDE90F99CDF855
:1020E0002C90CDF844908DF81DA08DF81F70FFF74F
:1020F00073F9764B0993002F3FF435AFCDE9027B9E
:102100004FF00108A3460DF123060822FF212846BF
:1021100000F074FA334656469A4608F1FF34C4EB91
:10212000C4048DF81C80A4B20195A6421ADDA3B2A6
:1021300043B3012B2DD0A7B2023F05A9B810CDF8AB
:10214000149007F00307FFF759FE059806A9FFF75B
:10215000D1FE0DEB07031B7E05F8013FAA4504F1F4
:102160000104E2D15346019D03982946B24608F185
:1021700001081E46FFF730F9029B5FFA88F84345D5
:10218000C3D2F0E605F801BFAA4504F10104CED19F
:10219000E8E7FF23E0E74FF6C552934228D04FF619
:1021A000CA6293423FF45DAF08270022FF240A95DC
:1021B0006FF0FE0506FA07F0454980B20143099128
:1021C00023FA07F18DF821308DF822101B0C07A996
:1021D00009A8CDE90B27CDE90D22CDE90F228DF815
:1021E0002330119207958DF82040FFF7F5F8BAE6F5
:1021F000384800F029FA00224FF080410824314D80
:10220000CDE90A12099505462021CDE90C42CDE918
:102210000E22CDE91022304A294B0892AA1D8DF8D2
:102220001C10A3FB0213D21A07A803EB520325FAD2
:1022300004F10DF1240BC3F387088DF81E10074637
:10224000014658468DF81D508DF81F80FFF7C4F8E1
:102250001E4B0993B8F1000F3FF485AE0124DFF85F
:1022600074900DF12306A4EB090A0822FF213846D9
:1022700000F0C4F93A46631EC3EBC3039BB2013BB3
:102280008DF81C404B440AEB03018D4205DD13F829
:10229000011F02F8011F9642F5D101343946584614
:1022A000E4B2FFF799F8A045DFD25CE60B4AB2E64C
:1022B0002100EC1C2100EE1850E10008540003201E
:1022C0002549922421FFEC1CFFCAFE0021FFEB1CD4
:1022D0002100E81838E10008FFC5FD0021FFEE18D5
:1022E00008224FF0804316490C92099107A908462D
:1022F0000D46FF210A93CDE90D99CDE90F99CDF84F
:102300002C90CDF8449000F079F9FF22049B8DF8D1
:102310001C40012B8DF81D2006D0CDF81E902946BB
:1023200009A8FFF759F81EE606A94846CDF8189007
:10233000FFF764FD06980DF11E01FFF7DBFDEEE7E8
:1023400021CAFE18814211D9B0F1005F10D31A4B97
:10235000994219D9194B984208D9194881428CBF22
:10236000002001207047B0F1006F15D200207047A7
:10237000144B98420AD8144B9842F4D9134881421E
:102380008CBF002001207047012070471048814217
:102390008CBF0020012070470E4B9942E6D80E4BAF
:1023A000B3F8E030B3F5007FEED00C4881428CBF2B
:1023B00000200120704700BF000004203F200240A1
:1023C00040210240FFFFF90BFFFFF80B0080F90BE3
:1023D0000002FA0B000008080005FA0B00000408D0
:1023E000704700BF094A0A4B52880A491878B2F56B
:1023F000407F087006D9B2F5206F8CBF03220222FD
:102400001A70704701221A70704700BF9428032089
:1024100078000320902803200022014B1A70704797
:102420009A28032070B505460120424B424C1B7888
:10243000424E991E81428CBF00210121A383FEF7E9
:10244000E1FC218B022089B2FF2994BF00210121E8
:10245000FEF7D8FCF369002B62D14FF47A71384B48
:1024600096F82020A3FB05039B0901FB1355B5F546
:10247000FA7F34BF00250125012A56D023889BB25C
:102480000F2B49D8218A89B2003918BF01210420B5
:10249000FEF7B8FC238BDBB2022B0BD0238BDBB215
:1024A000032B07D0218BC9B2A1F10401B1FA81F14C
:1024B000490900E001210820FEF7A4FC238BDBB2D0
:1024C000032B2BD0218BC9B2A1F10401B1FA81F108
:1024D00049091020FEF796FC218B2020C9B2A1F1FA
:1024E0000401B1FA81F14909FEF78CFC638B4020AD
:1024F0009BB2FF2B94BF002105F00101FEF782FC87
:10250000638B8020DBB2002B0CBF002105F00101A2
:10251000BDE87040FEF776BC0121B8E70121D8E79D
:1025200001210220FEF76EFC97E729460220FEF704
:1025300069FCA3E778000320540003200000032077
:10254000D34D6210024A034B10601960704700BF00
:10255000A02803209C280320002100B5084B83B04D
:102560001B6801AA186801910AF040FB019B2BB17E
:102570004FF0E0234FF08052C3F8042D03B000BDAC
:102580009C28032010B50446002204210B4802F0C9
:1025900085FD0B4B01222146186805F0A9FC30B1DE
:1025A000BDE8104001220421044802F077BD4FF03D
:1025B000FF3201210AF078F9F2E700BF000402427D
:1025C000A0280320014B1860704700BFA4280320F7
:1025D000704700BF00B5044B83B0186801A905F02F
:1025E000C7FA019803B000BDA4280320014BC0B274
:1025F000185C704734E20008704700BF0AB10BF066
:10260000F7B870474AB1013A4B1E0138114413F82C
:10261000012F8B4200F8012FF9D170477AB1013AAE
:10262000431E0139104401E0834208D013F801CF62
:1026300011F8012F9445F7D003D9012070470020ED
:1026400070474FF0FF30704708B503782BB1013069
:10265000FDF7F6FD013080B208BD184608BD00BF89
:10266000F8B54178072909D942F2FE20022216491D
:10267000164B09681B6808801A80F8BD144D044683
:1026800028690144FFF75EFE0F4A104B01281668C7
:102690001F6805D042F2FE22022332803B80F8BD43
:1026A000FF233370637863B100232A691278013302
:1026B000DBB2F2542A6901322A6161789942F5D875
:1026C000481C3880F8BD00BFAC280320A828032090
:1026D000B028032000220146034B1046C3E9032221
:1026E0001A7059601A817047B0280320084B1A7875
:1026F0005AB14EF660215A68821A8A4205D90022E0
:10270000C3E9032258601A701A810020704700BF85
:10271000B028032038B5D0B20C46FFF76DFF074D47
:10272000E86002E00A2008F069FB21462846FEF72F
:1027300053FE0028F6D1012038BD00BF80000320E1
:1027400070B5D0E90042B2F1804F0D461E4682B00E
:1027500007D01AB940F256539C4219D0002002B05B
:1027600070BDC4F30743EF2BF8D1C4F30723212B2B
:10277000F4D1E3B23F2B01D05A2BEFD123029BB20D
:1027800004F0E0541C4344F46F0444F0210401E0DD
:1027900040F25754124BC068C3E90042FFF726FFCE
:1027A000ADF806000028D9D04FF0FF3302220DF11A
:1027B0000601306808F0F6FF4FF0FF330446294663
:1027C000BDF80620306808F0EDFFBDF8063004447F
:1027D0000233A34201D10120C1E7FEF707FBFAE76C
:1027E000800003202DE9F041069D944F944E954CB6
:1027F000356060603B604AB1FF2018700878FF28A0
:1028000024D094F800C0BCF1010F01D0BDE8F081E4
:10281000CE38302827D8DFE800F0332626262626B3
:1028200026262626262C2C2626262626262626263C
:102830002626262626332626262626262626268DC4
:10284000837C746153264339AFA16C00012A00F0E8
:1028500098804A78002A00F0948042F2FE210222F9
:1028600019802A80D2E742F2FE01022219802A80D2
:10287000CCE70022C3F801205A6008232B80C5E76B
:1028800000210322A3F801102A80BFE700220120C3
:102890000821C3F80120A3F80520D8712980B5E7E5
:1028A000012A30D04A78002AD7D104200821C3F861
:1028B0000120A3F80520644AD87129802261A5E788
:1028C000012A20D0227A012A03D04A78002A00F077
:1028D00082800021022259702A8097E7052A12D9A6
:1028E000627A012A64D042F6FE11022219802A80FF
:1028F0008CE700230122C4E90333237023812A805B
:1029000084E7082A4ED042F2FE11022219802A8062
:102910007CE7012AF7D0BDE8F0410846FFF7A0BEEA
:10292000072AF0D94B6808461BBA2361BDE8F0417D
:10293000FFF796BE072AE6D94D68206995FA85F813
:1029400008EB0001FFF7FEFC01283F68366857D00E
:1029500042F2FE2202233A80338057E70021597069
:10296000227A0620013A18BF01221201D97019718A
:1029700059719A70288049E7FE21022219802A8025
:1029800044E7002201214FF4807608202F4FC4E94C
:10299000032222812170C3F80170A3F80560D97168
:1029A000288033E701224B681BBA23612A802DE778
:1029B000D1F80210E668264809BA7040884236D03D
:1029C000002242F2FE50022118802980C4E903222D
:1029D000227022811AE7FFF7FDFD0121042206255E
:1029E0003B68E06061725A70E27B31689A70E289FC
:1029F000DA70E268120A1A71E2685A710D8005E70E
:102A00005DB100231D46226912F8011B0133984570
:102A10000D442261F8D895FA85F803210022082395
:102A2000C7F80480A7F80110FA703380EEE622811F
:102A30000021022259702A80E8E600BFAC2803205A
:102A4000A8280320B028032044E200080001080859
:102A50007856341210B50F4B82B0186E002240F039
:102A6000010018661C6E072104F001040094009C0C
:102A70009C6D6FF0010044F080549C659B6D03F0E9
:102A800080530193019B01F0CDF802B0BDE81040E6
:102A900003F002BE0010024070B500210446ACB045
:102AA000942207A8CDE90211CDE9041106910AF09C
:102AB0009FFE324B22689A4201D02CB070BD032396
:102AC0004FF480424FF08051CDE90723099318223B
:102AD00011232791CDE90A23022108224FF08073A8
:102AE00007A8CDE90D230C9104F0B4FC00283BD1DC
:102AF000234B0026DA6C02A942F40052DA64DA6C45
:102B0000204D02F400520092009ADA6C42F0010269
:102B1000DA64DB6C322203F0010301930323019892
:102B20001948CDE90223049602F00AF980224FF4F5
:102B300080730521C5E903626B614FF48062202335
:102B4000C5E9011611492846C5E906232E62296008
:102B500001F064F970B910210A4801F00FFB30B997
:102B60002565AC622CB070BDFEF740F9C0E7FEF7FA
:102B70003DF9F5E7FEF73AF9EDE700BF00800242C4
:102B8000001002405C2503200000024208040240BD
:102B9000094B02689A4200D07047A3F500539A6C23
:102BA00082B042F480529A649B6C03F48053019388
:102BB000019B02B0704700BF0030024000000000DF
:102BC00010B500210446ACB0942207A8CDE902114B
:102BD000CDE9041106910AF00BFE274B22689A42B8
:102BE00001D02CB010BD4FF000724FF0807307A8D9
:102BF0000792219304F02EFC002832D19FED1A6B2E
:102C00009FED1B7B09241D4B02A9DA6D1C4842F481
:102C10000072DA65DA6D02F400720092009ADA6CE2
:102C200042F00202DA64DB6C8DED026B03F002030A
:102C300001938DED047B019B069402F081F8002244
:102C40000521272000F0EEFF272001F025F80022C3
:102C50000521282000F0E6FF282001F01DF82CB007
:102C600010BDFEF7C3F8C9E7000300000200000032
:102C7000000000000000000000A40040001002401E
:102C80000004024208B502680A4B9A4200D008BD0F
:102C9000094A4FF44071D36D084823F40073D3659B
:102CA00002F054F9272001F005F8BDE8084028207B
:102CB00001F000B800A400400010024000040242ED
:102CC00010B50446A6B09422002101A80AF090FD98
:102CD000114B22689A4201D026B010BD4FF48023D8
:102CE00001A8019304F0B6FB98B90C4B0022D86CF4
:102CF000052140F48020D864DB6C5E2003F480233F
:102D00000093009B00F08EFF5E2000F0C5FF26B010
:102D100010BDFEF76BF8E8E700080C420010024017
:102D2000F0B50024414B026889B09A42CDE90244D3
:102D3000CDE90444069401D009B0F0BD03F5EC33AD
:102D40009A6D052642F480429A659A6D032702F433
:102D500080420092009ADA6C054642F00202DA6480
:102D6000DB6C4FF4204203F002030193022301992C
:102D70002F4802A9CDE90223CDE9057601F0E0FF55
:102D800002224FF48043CDE902320123284802A9F0
:102D900006960493059701F0D3FF80230E2110229D
:102DA000244EC6E90343244B3046C6E90112C6E966
:102DB0000544C6E90744336001F030F848BB1021F0
:102DC0001C4801F0DBF968BB002380220D211B4C5D
:102DD0006E65C4E90233C4E90423C4E906332362FF
:102DE000174B2046B5626160236001F017F8B0B957
:102DF0001021124801F0C2F970B9002205213C20CF
:102E0000AC65A56200F00EFF3C2000F045FF09B064
:102E1000F0BDFDF7EBFFD2E7FDF7E8FFEDE7FDF7CB
:102E2000E5FFE5E7FDF7E2FFCEE700BF0038004031
:102E3000000402420C23032008000240A4220320C5
:102E40001C00024000B5036887B0B3F1804F0DD07D
:102E50002E4A934238D02E4A934214D02D4A9342A0
:102E600026D02D4A934244D007B000BD03F5043369
:102E70009A6D42F001029A659B6D03F00103019384
:102E8000019B07B000BD254B0022986D052140F045
:102E9000200098659B6D322003F020030393039B71
:102EA00000F0C0FE322007B05DF804EB00F0F4BE85
:102EB0001A4B1A6E42F400321A661B6E03F400338A
:102EC0000493049B07B000BD144B0022986D0521AC
:102ED00040F0100098659B6D312003F010030293C1
:102EE000029B00F09FFE312007B05DF804EB00F07C
:102EF000D3BE0A4B1A6E42F480221A661B6E03F48C
:102F000080230593059B07B000BD00BF0010004063
:102F100000140040004401400048014000100240FD
:102F200010B500210446AEB0942209A8CDE90411E1
:102F3000CDE9061108910AF05BFC2D4B22689A42FC
:102F400001D02EB010BD4FF4005309A8099304F02E
:102F500081FA00283FD19FED226B9FED237B0A224F
:102F6000244C2548E36C04A943F00103E364E36CBB
:102F70008DED046B03F001030193019B8DED067B46
:102F8000089201F0DDFEE36D43F40013E365E36DA9
:102F900003F400130293029BA36DDB0018D4A36D0E
:102FA00043F08053A365A36D03F080530393039B09
:102FB00003F06AFBA36D23F08053A3650022052173
:102FC000492000F02FFE492000F066FE2EB010BD13
:102FD00003F05AFBF2E7FDF709FFBCE7AFF300800F
:102FE00000180000020000000000000000000000C7
:102FF00000D40040001002400000024210B501461B
:1030000088B000222A2000F00DFE2A2000F044FEA5
:10301000154B01A91A6E03A842F400621A661B6ED2
:10302000124C03F400630293029B04F00BF904F0CA
:10303000F1F80346002140F2E7300D4A2161A2FB7E
:103040000323A1609B0C0B49E060013B20462160FB
:10305000636005F009FB10B1012008B010BD2046E7
:1030600005F012F908B010BD00100240C42803207A
:1030700083DE1B43002C0140FEE700BFFEE700BFDC
:10308000FEE700BFFEE700BFFEE700BF704700BFDE
:10309000014801F001B800BF0C230320014800F0F3
:1030A000FBBF00BFA4220320014801F0E7BB00BF23
:1030B000D4240320014801F0E1BB00BFD424032045
:1030C000014805F0D1B900BFC4280320014805F02C
:1030D000CBB900BF0C220320014805F0C5B900BFE1
:1030E000C0210320014801F0DFBF00BF802403207E
:1030F000014802F077B900BF80240320014804F0A2
:1031000099BF00BF74230320014805F077BB00BFBF
:10311000EC230320014802F0ABBB00BF4C1E032090
:10312000014800F0B9BF00BF5C250320014804F04E
:103130009FBC00BFD8230320034AD2F8883043F451
:103140007003C2F88830704700ED00E0254B254938
:103150001A68120754BFD3F894301B688A6858BFA6
:10316000C3F3032302F00C0248BFC3F30313082A7E
:1031700012D01D480C2A50F823300FD01B49042AC6
:1031800008BF0B46174A1A4892681A49C2F303123D
:10319000825CD3400B607047174BF3E7C868CA687E
:1031A00000F00301C2F30312022902F1010211D05F
:1031B000032913D0B3FBF2F10A4AD368D268C3F3F0
:1031C000062301FB03F3C2F3416201325200B3FB59
:1031D000F2F3D7E70549B1FBF2F1EDE70649B1FBA0
:1031E000F2F1E9E7001002404CE200080024F4008C
:1031F00094E20008A400032080969800DFF834D001
:10320000FFF79AFF002103E00B4B5B58435004315A
:103210000A480B4B42189A42F6D30A4A02E00023AE
:1032200042F8043B084B9A42F9D30AF047FBFDF7FA
:1032300071FAFEE700000420C8E200080000032045
:10324000240103202801032058560320FEE7000034
:10325000042010B500F0D4FCFFF778FF0020FFF742
:10326000CDFE10B10124204610BD0446FFF7F2FB4D
:10327000204610BD034A044B11681B780B441360B1
:10328000704700BF10290320A8000320014B1868D5
:10329000704700BF10290320002330B583B001938D
:1032A000002800F09E80856D0446002D00F09C8073
:1032B000226893689D0005D5936823F0204323F08E
:1032C0003F0393609368D80019D45C4B5C481B683B
:1032D00091689B09A0FB030321F010419B0921F099
:1032E0003F0101335B0041F0805191600193019BEC
:1032F0002BB1019B013B0193019B002BF9D19368FA
:10330000D90064D40120A36D43F01003A365E36DDD
:103310000343E365936813F0040FA36D5DD1DB06EF
:103320005BD4A36D23F4817343F00203A365936818
:10333000DD0708D4434B9B6813F0010F424B9B6899
:1033400001D1D90763D5E568636B94F820102B434E
:10335000A568012943EA0503657E43EA453343EA4C
:1033600001434FD0A16A21B1E56A01F4707129438C
:103370000B43D568354929401943D16093681B0731
:1033800016D494F83030257ED1685B0043EA85334B
:10339000E56C21F4804121F006012B430B43D360FF
:1033A00094F83830012B3AD0136923F001031361EC
:1033B0002369012B1ED0136B23F00F031363A36D3E
:1033C00023F0030343F00103A36503B030BD93680A
:1033D000002013F0040FA36DA1D0A36D43F01003E0
:1033E000A365012003B030BDFFF756FBE56584F807
:1033F00054505DE7116BE36921F00F01013B0B4372
:103400001363DCE7616A013943EA4143AAE71049E3
:1034100065688B6823F47C132B438B6093E71169F9
:10342000E36B256C6FF38A012B430B43616C0B43F9
:10343000A16C0B4343F001031361B9E7A40003201F
:10344000632D3E05008002420081024207C0F0FF6A
:1034500000830242704700BF704700BF08B5806A12
:10346000FFF7FAFF08BD00BF704700BF836A10B5C1
:103470009A6D12F0500F9A6D1DD1196842F40072C6
:103480009A650A6812F0080FCA681BD012F4406FE0
:103490000DD1CA6894040AD49A6D22F480729A6598
:1034A0009A6DD10403D49A6D42F001029A651846D0
:1034B000FFF7D0FF10BDD2060AD4BDE810401B6D47
:1034C000DB6B18479007E7D51846FFF7C3FFF1E716
:1034D0001846FFF7C9FF10BD806A08B5836D43F039
:1034E00040038365C36D43F00403C365FFF7BCFF6E
:1034F00008BD00BF0022F0B583B0019290F85420BF
:10350000012A00F0F380034601201A6883F8540072
:103510009068400709D501209A6D42F020029A6513
:10352000002283F8542003B0F0BD1F24486802F144
:10353000300500F01F0C4FEA901E08680EF00C0ECC
:10354000C0F3846000FA0CF004FA0CFC55F80E404D
:1035500024EA0C0C40EA0C0045F80E00906810F0CC
:10356000040F906835D1070733D4072408688D68A5
:10357000C0F30456B440C00DB5F1004F6FEA040427
:1035800000F0040000F0FC8002F11407B5403E5842
:1035900034402C433C50506920F0004050610E698B
:1035A000D468042E086800F0B88002F1600757F86C
:1035B00026C0BA4D00F0F8400CEA05050543C4F3F7
:1035C000C10448696400A040284340F0004047F827
:1035D00026009068C60701D50020A1E7CE680C68D8
:1035E000AF48D2F8B05006F01807F840C4F31207FD
:1035F000204025EA07052843C2F8B000A9488642C2
:1036000026D0A9490C42E7D0A848A94986688D6808
:10361000ED076ED4A74DAD68EF073FF57CAFA64D23
:1036200006F0E077AC4200F05F81A44DAC4200F0C0
:103630007F81A34DAC42CFD17402CDD48A42CBD18D
:10364000826822F0E0723A4342F480028260C3E76B
:10365000002F51D094FAA4F0002800F0D080B0FAE6
:1036600080F0013000F01F00092840F2C88094FA71
:10367000A4F0002800F07281B0FA80F001308006DA
:1036800000F0F84094FAA4F5002D00F06C810126BA
:10369000B5FA85F5354405F01F0506FA05F528430A
:1036A00094FAA4F4002C00F05C81B4FA84F40134A0
:1036B00004F01F0404EB44041E3C240544F0007491
:1036C00007272043C50D8E6805F0040502F1140C90
:1036D0005CF80540C0F30450864007FA00F024EA85
:1036E000000030434CF805000C688AE7022003B064
:1036F000F0BD704A92680EE70120A40E013404F078
:103700001F06A40604F0F845B040092E06EB460457
:1037100040EA0500D0D82405D2E7146E146EC0F339
:103720001205C4F38464002D34D1C0F38466B4421E
:1037300000F08B80546E556E02F16004C5F3846511
:1037400002F1640CB54200F09480A568A56804F10C
:103750000807C5F38465C0F38466AE4200F0B2800A
:10376000E568E56804F10C06C5F38464C0F3846081
:10377000A0427FF42EAF306820F00040306028E790
:1037800002F1140635582C403450506940F0004086
:10379000506104E790FAA0F51DB1B5FA85F5AC4289
:1037A00053D0546E556E02F16004C5F3846502F186
:1037B000640C90FAA0F604F10807BE461EB1B6FAF2
:1037C00086F6AE4257D0A568A568C5F3846590FA21
:1037D000A0FC04F10C06B646BCF1000F03D0BCFA05
:1037E0008CFCAC4570D0E568E468C4F3846490FA5E
:1037F000A0F000283FF4EDAEB0FA80F0B8E794FAFC
:10380000A4F0002800F0A480B0FA80F00130800617
:1038100000F0F84094FAA4F5002D00F097800126FE
:10382000B5FA85F5354405F01F0506FA05F5284378
:1038300094FAA4F4002C00F08E80B4FA84F40134DD
:1038400004F01F0404EB440465E71446106E02F113
:10385000640C20F0004044F8600F506E0868556E0C
:10386000C0F31206C5F38465002EA2D1C0F38466AE
:1038700068E704F1080EDCF80000774620F000400D
:10388000CCF80000A0680868A568C0F31206C5F36C
:103890008465002E3FF45FAF99E700BF00F0FF039F
:1038A000FFFF070000007F40000008800083024205
:1038B0000080024200810242000052C7000084CB17
:1038C0000100008004F10C0E3868764620F00040BC
:1038D0003860E0680868E468C0F31205C4F38464E3
:1038E000002D3FF443AF82E736023FF575AE8A42C2
:1038F0007FF472AE82681D4922F0E0723A4342F4CE
:10390000000282600A681A499209A1FB0212920918
:10391000013202EB420292000192019A002A3FF426
:103920005BAE019A013A0192019A002AF9D153E65D
:10393000F5013FF551AE8A427FF44EAE826822F027
:10394000E0723A4342F08072826045E602256EE7FB
:103950004FF080605EE74FF44014B1E64FF08060B6
:1039600090E6044CACE6022599E600BFA4000320D3
:10397000632D3E05000050FE002370B582B0019318
:1039800003689A68D2072CD49968284A05461142E0
:103990002AD19A68264922F0004222F03F0242F0E2
:1039A00001029A608B681E0229D4FFF76FFC2B6816
:1039B00006461A68D40714D41E4C9A68D00704D45B
:1039C0009A68224042F001029A60FFF75FFC821B76
:1039D000022A2B6802D91A68D10705D51A68D207BE
:1039E000EBD5002002B070BD0120AB6D43F0100399
:1039F000AB65EB6D43F00103EB6502B070BD0E4BA0
:103A00000E4A1B689B09A2FB03239B09013303EBAE
:103A100043039B000193019B002BC6D0019B013BFC
:103A20000193019B002BF9D1BFE700BF3F0000804D
:103A300000830242C0FFFF7FA4000320632D3E05E8
:103A40002DE9F041364B05689B68AD6815F004051B
:103A500016D1164690F854200446012A10D040F2A0
:103A6000212C03F01F0801232CFA08FC1CEA030C8C
:103A700080F8543007D180F854C00120BDE8F081AF
:103A80000220BDE8F0810F46FFF776FF002840D105
:103A9000A36D216823F4706323F0010343F4807362
:103AA000A365204B994237D0A36D23F48013A365FF
:103AB000A36D002513F4805318BFE36D206D18BF6C
:103AC00023F00603E36533461C263A46164F403181
:103AD000C762164F0763164FC76341F8406C84F8FE
:103AE000545051F83C5C45F0100541F83C5C51F8ED
:103AF000345C45F0010541F8345C00F005FA2268B9
:103B0000936823F0004323F03F0343F004039360E2
:103B1000B7E784F85450B0E7B8F1000FC8D1C3E755
:103B200000830242008102426D3400085D340008C7
:103B3000D934000890F85420012A46D003460022C8
:103B40000120F0B42B4D1C689AB0AC42169283F859
:103B50005400179208D0996D83F8542041F0200149
:103B600099651AB0F0BC7047234A906840070BD59E
:103B7000A26801209A6D42F020029A65002283F823
:103B800054201AB0F0BC7047A0684507F1D40D6806
:103B9000EDB11A4E4F68B06893F830C020F4604021
:103BA000384340EA4C30B060A0689268C0070AD43D
:103BB000D70708D4B268896822F471620D4322F0F5
:103BC0000F021543B5600020D8E7022070470B486C
:103BD000816821F460418160A1689268CD07F2D4C8
:103BE000D407F0D4826822F4716222F00F0282605E
:103BF000E9E700BF008002420081024200830242E6
:103C00004FF6FF0C06490302CA6803F4E06302EAB8
:103C10000C02134343F0BF6343F40033CB6070479F
:103C200000ED00E01A4B00B5DB68C3F30223C3F1DB
:103C3000070EBEF1030F03F1030C28BF4FF0030E74
:103C4000BCF1060F1BD9A3F1040C4FF0FF3303FAAC
:103C50000CF322EA03024FF0FF3303FA0EF321EADA
:103C6000030303FA0CF313435B010028DBB209DB07
:103C700000F1604000F5614080F8003300BD002293
:103C80009446E8E7034A00F00F000244137600BDB3
:103C900000ED00E0FCEC00E0002807DB012300F071
:103CA0001F01034A40098B4042F82030704700BF93
:103CB00000E100E000280CDB01220649430900F086
:103CC0001F002033824041F82320BFF34F8FBFF302
:103CD0006F8F704700E100E0002836D038B5437F91
:103CE000044603F0FF0263B3022223796277F3B93B
:103CF0002368174A5A619A6822F018029A6062791A
:103D00008AB122691A6101219A68656922F060020C
:103D10002A439A609A68A56922F080022A439A6031
:103D20006177002038BD4FF0FF321A61EBE7204683
:103D3000D4E9021200F00EF808B92368DFE7012089
:103D400038BD0277FEF724FFCEE70120704700BFA1
:103D5000B71DC104CB071AD51E2310B401E0013BE7
:103D600017D321FA03FC1CF0010FF8D0182A11D840
:103D7000DFE802F0161010101010101024101010B0
:103D8000101010102110101010101010140001202D
:103D900070472AB101205DF8044B7047062BF9D813
:103DA000046800206161A36823F018031343A36033
:103DB0005DF8044B7047072BF2D9EBE70F2BEFD9D7
:103DC000E8E700BF11490368C26C8B4288BF104905
:103DD00022F0030294BF02F1804189184FF00102E2
:103DE00010B4DBB20B4CA3F10803A4FB03430A4C51
:103DF000C3F3041398BF01F5023102FA03F3C0E9DB
:103E0000141483655DF8044B704700BF070402403B
:103E100020080240CDCCCCCC8008024000285ED0E7
:103E20000268304B70B59A42044646D92E4B2F4952
:103E30001344A1FB03132E481B099B000221C4E974
:103E40001203D4E9025320692B430343606984F8C9
:103E500025100343A06911680343E0696FF3101153
:103E60000343206A03430B4320461360FFF7AAFF76
:103E7000D4E91461B5F5804FA06D27D06368DAB23C
:103E8000013B032B3260486024D801210020194BEC
:103E9000194D1344013A01FA02F218499B00E365F7
:103EA0006266256618604A6400230122636484F810
:103EB000243084F82520184670BD114B0B4913445B
:103EC000A1FB03131B090F489B00B7E700236360A6
:103ED000336048600023C4E917336366E4E70120D8
:103EE000704700BF07040240F8FBFDBFCDCCCCCC2F
:103EF000000402403F8200104009024000090240D5
:103F0000F8FFFDBF00000240F0B590F82440012CFE
:103F10000AD04FF0010C90F8254080F824C0644589
:103F200004D0002380F824300220F0BD0026D0E920
:103F3000157C4FF0020E046880F825E04664266880
:103F4000C56D26F001062660C7F804C015B1D0E99A
:103F5000186777600126C76C07F01C0C876C06FA9F
:103F60000CF67E6063608368102B036B0BBFA2604E
:103F7000A160E160E260B3B1236843F00E03236007
:103F8000036D1A68D20303D51A6842F480721A606E
:103F90001DB12B6843F480732B602368002043F02D
:103FA00001032360F0BD236823F00403236023682A
:103FB00043F00A032360E3E790F825200346022A32
:103FC00006D004225A640022012083F8242070477E
:103FD000026870B4046D1068D96C20F00E00106097
:103FE00020689E6C20F480702060106801F01C0135
:103FF00020F0010010600122D3E91545D86D8A40F8
:104000007260656030B1D3E91814026822F48072DE
:1040100002604C60012283F82520002283F82420CE
:10402000002070BC704700BF90F825200346022A8C
:1040300003D0042201205A647047026870B5046DF1
:104040001068D96C20F00E00106010689E6C20F093
:10405000010010602268D86D22F480722260012273
:10406000D3E9154501F01C018A407260656030B1EA
:10407000D3E91814026822F4807202604C600120B7
:1040800000211A6C83F8250083F824100AB1184621
:104090009047002070BD00BF0421F0B4C26C866C54
:1040A00002F01C02356804689140294203462768E3
:1040B00012D017F0040F0FD02268170439D42268E9
:1040C000950603D4226822F0040222601A6B716004
:1040D00092B1F0BC184610470221914029420DD000
:1040E000B8070BD5226812F4004F226829D0D403F8
:1040F0003CD45A6B002AECD1F0BC704708219140A7
:104100002942F9D03907F7D52168002021F00E01A6
:1041100021600121DC6B01FA02F27260596483F8BC
:10412000240083F82510002CE6D018462346F0BC66
:10413000184771602268D60314D4036B002BF6D1A4
:10414000DAE7900606D4226822F00A0222600122F1
:1041500083F825200020DA6A716083F82400002AA1
:10416000B7D1C9E7836B002BE1D1C5E7DA6A002A32
:10417000AFD1C1E790F82500704700BF60B1036878
:10418000C8061A6805D5C9024CBF42F4801222F451
:10419000801200201A60704701207047002800F04C
:1041A000D78038B590F85C30044603F0FF02002B4E
:1041B00070D02268936923F010039361FFF766F8CB
:1041C000054604E0FFF762F8401B0A2859D8236827
:1041D0009A691107F6D49A6942F001029A61FFF7D1
:1041E00055F8054604E0FFF751F8401B0A2848D867
:1041F00023689A69D207F6D59A696068574942F0F0
:1042000002029A610860227C012A9A690CBF22F09E
:10421000400242F040029A61627C012A9A690CBF16
:1042200042F4804222F480429A61A27C012A9A6977
:104230000CBF22F4805242F480529A619A69A068BD
:1042400022F4407202439A619A69E16822F0A40262
:104250009A611A69012922F010021A611FD011B364
:1042600002299A6976D042F080029A611A6903297C
:1042700042F010021A6116D19A6942F020029A6146
:1042800011E00322236E012043F00103236684F82A
:104290005C2038BD80F85D20FEF792FC89E79A69C2
:1042A00042F004029A61D4E90612013A013912027D
:1042B00042EA4162216AB0F5407F01F1FF3142EAF2
:1042C0000102616901F1FF3142EA0142DA610ED176
:1042D000D4E90B02A16A013A01381201013942EA1C
:1042E00000220A43616A013942EA0142DA60D3F8E6
:1042F000C020E06B616B0243C3F8C020D3F880207C
:10430000174822F4F81242EA01422064C3F88020E0
:10431000D3F88020A16B134D22F0706242EA016253
:104320006564C3F88020104B10494035C4E912532E
:10433000F033C4E914134FF45472002109F058FA11
:1043400000230122236684F85C201846A36538BD4B
:104350000120704742F020029A61A4E700A50040C6
:1043600000AC004070AC004088AD004060AE004042
:1043700090F85C200346013A012A05D91A6E012003
:1043800042F002021A6670478A6870B4D1E9035499
:1043900048699207D1E9006156B942EAC562024311
:1043A0001B6C42EA0442002070BC43F82120704795
:1043B0005B6C44EA457443F83140104303EBC1039E
:1043C000586070BC00207047844690F85C0001285B
:1043D00007D0DCF86030012043F00403CCF86030F3
:1043E000704710B40198DCF8004040EA4303D4F869
:1043F000800043EA820242EA011120F03F030B43AE
:104400000020C4F880305DF8044B704790F85C20C1
:104410000346012A05D01A6E012042F004021A66F2
:1044200070470222002110B4046880F85C20A26961
:10443000084622F00102A2615DF8044B196670473C
:1044400090F85C300146022B17D10268936943F063
:10445000010393619369DB0758BF0B2313D4906961
:10446000C00710D4013BFAD103220B6E012043F0A8
:1044700001030B6681F85C207047036E43F008036C
:10448000036601207047936923F0100393619369D9
:104490001B0748BF0B2305D59069000702D5013BD8
:1044A000FAD1E1E74FF0010C10B4002493692046E3
:1044B00043F00203936181F85CC08C655DF8044BA6
:1044C000704700BF88B110B50446FFF7B9FF2268F6
:1044D0002046D36D23F00303D365FEF7D3FB0023FF
:1044E000236684F85C30184610BD0120704700BF79
:1044F000F0B590F85C308646022B0BD10568D5F8F4
:10450000C43013F4001C0BD0036E43F40073036635
:104510000120F0BD036E43F0080303660120F0BDE7
:10452000D5F8C4604B680C6988680F68C6F301460B
:10453000002B37D1044344EA8744D1E906030343FF
:10454000486906EBC6070343086A43EA0063C86884
:1045500043EA0043DEF8540040F8374000EBC70060
:104560004360134CCB68E35CA3B19378D7781B040A
:1045700043EA0763177804323B4312F8037C43EAAB
:1045800007230CEB0007BB60CB680CF1040CE35C69
:104590009C45EAD30123B340C5F8CC300020CEF8C7
:1045A0005830F0BD3C43044344F08044C5E700BFAD
:1045B000A4E200082DE9F04190F85C40022C64D19F
:1045C000402905686DD0D5F89840270764D0D5F804
:1045D0009870D5F89840C7F30128E60107D5D5F8BB
:1045E0008040E40544BF08F1010707F00308C46CEC
:1045F00008EBC80604EBC604266806F08046566041
:10460000D4F800C0002E66D1CCF38A461660266826
:1046100006F000569660266806F000461661A688E9
:10462000D661B4F806C00CF00F0CC2F80CC0666876
:1046300006F480165661666806F400169661E679FF
:1046400006F07F061662274E676816F80CE04FEA00
:10465000D77CC2F824C0BEF1000F10D0013B04F19A
:10466000070EF4461EF8015FACF1060C03F8015F7B
:10467000D568ACEB040C755D6545F2D8056840293A
:104680002CD0C5F89C80002004E0036E43F00803A2
:1046900003660120BDE8F081036E43F48073036676
:1046A000F7E7D5F890402707F6D0D5F89070D5F801
:1046B0009040C7F30128E60107D5D5F88040A4054E
:1046C00044BF08F1010707F00308846C08EBC80633
:1046D00004EBC60490E72CF0604697E7C5F8948099
:1046E000D1E700BFA4E2000803461B6830B45B6C4E
:1046F000002003F00704C3F30222C1E90042C3F320
:104700004014C3F38012C1E90342C3F3C014C3F3DE
:10471000C022C1E90542C3F30034C3F3403203F0C1
:104720001805C1E90742C3F38032C3F306438D6025
:10473000C1E9092330BC7047034630B41B68002030
:104740001B6CDCB2C3F3C035C3F30622C3F30743CB
:10475000C1E900428D60CB6030BC70470368D3F87C
:10476000C40000F007007047034690F85C00013871
:10477000012805D91A6E012042F002021A6670471C
:104780001B6870B411F00705986D01F0380420D053
:10479000C6071ED4DD6D45F00105DD650CB3840749
:1047A0001FD5D86D40F00200D8650C0604D5D3F8AB
:1047B000DC001043C3F8DC00C80504D5D3F8E000E2
:1047C0000243C3F8E0205A6D002070BC0A435A65CA
:1047D000704704B386071ED4DE6D46F00106DE6521
:1047E00025BB11F4E07F01D04607DAD411F4F05F65
:1047F00001D00507D5D411F4604F01D0C406D0D440
:1048000011F4403F01D08606CBD411F47C0FCCD0FC
:104810004506C6D4C9E711F4E07F0AD0460708D49C
:10482000DE6D46F00106DE65002DB7D0C507B5D5B3
:10483000B7E711F4F05F01D00607F1D511F4604F2E
:1048400001D0C606ECD511F4403F01D08606E7D56D
:1048500011F47C0FE8D04606E2D5002D9ED0E5E7A6
:10486000704700BF704700BF704700BF704700BF70
:10487000704700BF704700BF704700BF2DE9F84F79
:10488000036804461A6D596D02EA010A1A6D596DE2
:104890000AF4E05A02EA01091A6D596D1E6D02EA26
:1048A00001085A6D1F6D16405A6DD3F854B01D6D36
:1048B0001740690609F0070908F0380806F4710680
:1048C00007F4602702D51BF0400F73D1EA0502D52B
:1048D0001BF4807F5DD1BAF1000F4AD1B9F1000F0E
:1048E00035D1B8F1000F3CD1AB0502D51BF4007FE8
:1048F00075D1280602D51BF0800F78D1A90402D506
:104900001BF4005F5BD12A0402D51BF4004F5ED17B
:104910006B040AD51BF4804F07D04FF48042236804
:104920001A65236E43F0800323664FB926B12368CE
:104930001E65236E33432366236E2BBBBDE8F88FC1
:104940002368394620461F65FCF75EFEEEE72368C4
:1049500049462046C3F85090FCF7A4FDB8F1000F7B
:10496000C2D0236841462046C3F85080FFF77AFF43
:10497000BAE7236851462046C3F850A0FFF770FFFE
:10498000B9F1000FADD0E2E72046FCF721FEBDE80B
:10499000F88F4FF4807223682046D3F8D8C0D3F83C
:1049A000E0101A650CEA0101FFF760FFBAF1000F91
:1049B00094D0DEE740221A65FFF75EFF86E74FF4EA
:1049C0000052236820461A65FFF752FF9BE74FF419
:1049D0000042236820461A65FFF74CFF98E74FF422
:1049E0000072236820461A65FFF73EFF81E78022A8
:1049F00023682046D3F8D4C0D3F8DC101A650CEA3B
:104A00000101FCF7C9FD79E7006E7047064B9A6A11
:104A1000002A01DB002070470449054A99609A602A
:104A2000986AC00F704700BF00200240230167450D
:104A3000AB89EFCD044B9A6A42F000429A62986AC1
:104A4000C043C00F704700BF0020024070B5164C35
:104A50000546FEF71BFC236ADE0306D56A1C18BF59
:104A6000064612D1236AD803FCD442F2FA010E4A58
:104A7000136A0B4010D1136A0020DB0744BF0123E7
:104A8000136270BD236AD903EFD5FEF7FFFB801BCD
:104A9000A842F7D3032070BD044C01206168136263
:104AA0001943616070BD00BF00200240B0000320C8
:104AB0002DE9F0411A4C94F800C0BCF1010F2CD044
:104AC000984601232370002307464FF47A700D4661
:104AD00016466360FFF7BAFF18B100232370BDE8E4
:104AE000F081A760EFF3108272B60E4FBB6A43F0FD
:104AF0000103BB622E60BFF36F8FC5F8048082F3A1
:104B000010884FF47A70FFF7A1FFA268BB6A22F009
:104B1000004223EA0203BB62DFE70220BDE8F08126
:104B2000B0000320002002400E4B1A6C510212D537
:104B3000C20703D59A6A42F004029A62830704D539
:104B4000084A936A43F400439362064A936A43F423
:104B50008033936270479A6A42F4004242F0040242
:104B60009A62F2E700200240062243680260082BA6
:104B700004D84FF48B72DA40D20717D4334B1B6C36
:104B8000DBB2AA2B05D0552B03D0CC2B0CBFCC23EA
:104B9000BB232E49C26903610B6C02F1FF3C23F079
:104BA000FF03BCF1010F836118D970470722013B55
:104BB0000260072BE2D801A252F823F02F4C000824
:104BC0001B4C00087D4B0008074C00087D4B00087B
:104BD0007D4B00087D4B0008F34B00080368012A59
:104BE00043F0080303602CD08B6C23F07F03036237
:104BF0007047164AD36E03F07F038360D36EC3F30E
:104C00000643C360BAE7114A936E03F07F038360E3
:104C1000936EC3F30643C360B0E70C4AD36D03F051
:104C20007F038360D36DC3F30643C360A6E7074ADF
:104C3000936D03F07F038360936DC3F30643C360FA
:104C40009CE74B6C23F07F03036270470020024017
:104C50000F4B1A6C12F4800F9A6A01D0C90712D553
:104C600022F400629A620A4A936A23F47E7323F064
:104C7000020343EAC00343F002039362936A43F4DE
:104C800080339362704742F400629A62EBE700BFA0
:104C9000002002402DE9F041274E3378012B3DD012
:104CA0000122002304464FF47A7088463270736004
:104CB000FFF7CCFE074660BB48F204022368B360EE
:104CC00023F0004393422DD04FF0FF33C8F800305B
:104CD000D4E902532B449D4206D312E00135D4E9B6
:104CE00002321344AB420CD928466168FFF7B0FF8B
:104CF0004FF47A70FFF7AAFE0028EFD00746C8F8F5
:104D000000500E49B2688B6A22F0004223EA020387
:104D10008B62002333703846BDE8F08102273846A5
:104D2000BDE8F0816068FFF7FFFE4FF47A70FFF78F
:104D30008DFE0746E5E700BFB000032000200240DB
:104D40002DE9F04F0C6883B0002C00F09080002318
:104D50008946774F012202FA03F515EA040800F0AC
:104D600081800326D9F8041003FA02F201F0030E41
:104D70000EF1FF3A06FA02FCBAF1010F6FEA0C0CD1
:104D8000D9F8086076D9BEF1030F01D1012E05D004
:104D9000C568964005EA0C052E43C66005680EFA04
:104DA00002F205EA0C052A4311F4403F026059D093
:104DB0004FF00F0C23F0030202F1804202F53D3266
:104DC00003F00306156EF6000CFA06FC25EA0C0E3D
:104DD000584DA84222D005F58065A84200F08C808D
:104DE000554DA84200F08F80DFF850C160457CD05F
:104DF000DFF84CC1604500F08D80DFF848C16045A8
:104E000000F08F80DFF840C160450CBF4FF0060C0A
:104E10004FF0070C0CFA06F64EEA060E6FEA08058C
:104E2000C2F860E03A68CE0254BF2A4048EA020263
:104E30003A607A688E0254BF2A4048EA02027A60D9
:104E4000D7F884208E0354BF2A4048EA0202C7F8EC
:104E50008420D7F88020C90354BF2A4048EA0202C0
:104E6000C7F88020013334FA03F27FF473AF03B044
:104E7000BDE8F08F9640D0F808B00196D9F80C60E4
:104E80000BEA0C0B06FA02FA4AEA0B0AC0F808A071
:104E9000D0F804A0019E2AEA050AC1F300159D403E
:104EA00045EA0A054560C568BEF1020F05EA0C0532
:104EB00046EA0506C6607FF471AFD9F8105003F0DA
:104EC0000706B600B54001950F254FEAD30A00EB5F
:104ED0008A0ADAF820B005FA06F6019D2BEA060BDD
:104EE00045EA0B05CAF8205058E74FF0030C0CFABE
:104EF00006F64EEA060E91E74FF0010C0CFA06F6A4
:104F00004EEA060E8AE74FF0020C0CFA06F64EEA5D
:104F1000060E83E74FF0040C0CFA06F64EEA060E76
:104F20007CE74FF0050C0CFA06F64EEA060E75E724
:104F300000F402400000024200080242000C02425B
:104F4000001002420014024200180242002900F040
:104F500095802DE9F04F00234FF00F094FF0030A21
:104F6000474E01229A4012EA010E69D023F0030550
:104F700005F18045434F05F53D3503F00304D5F8B1
:104F800060C0E40009FA04F8B84208EA0C0C1BD02F
:104F900007F58067B84259D03B4FB8425AD03B4FD3
:104FA000B84261D03A4FB84263D0DFF8E8B0584514
:104FB00055D0DFF8E4B058450CBF4FF0060B4FF06A
:104FC000070B0BFA04F400E00024A44517D1D6F82F
:104FD000804024EA0E04C6F88040D6F8844024EAD3
:104FE0000E04C6F88440746824EA0E0474603468C1
:104FF00024EA0E0434602C6E24EA08042C6604684B
:105000005D000AFA05F52C434FEAD30C046000EB6F
:105010008C0C03F00704DCF820E0A40009FA04F487
:105020002EEA0404CCF82040846824EA0504846055
:10503000446824EA02024260C26822EA0502C260B1
:10504000013331FA03F28CD1BDE8F08F012707FA62
:1050500004F4BAE74FF0020B0BFA04F4B5E74FF093
:10506000050B0BFA04F4B0E74FF0030B0BFA04F452
:10507000ABE74FF0040B0BFA04F4A6E7704700BF50
:1050800000F402400000024200080242000C02420A
:105090000010024200140242001802420AB181616B
:1050A00070478162704700BF0268436B9169126864
:1050B00003B11847704700BF704700BF704700BF7B
:1050C0000022016810B50B6880F842205A040CD504
:1050D0000B6823F480430B6090F84130292B0ED0ED
:1050E00090F841302A2B24D010BD1B04F4D50B6856
:1050F00023F400430B6090F84130292BF0D14FF09E
:10510000280C212380F841C0036390F8413000222D
:1051100003EA0C03634514BF6FF0F20C6FF0420C0E
:105120000B6803EA0C030B6080F84020FFF7C4FF14
:1051300010BD2824222380F84140036390F84130B9
:1051400000222340A34214BF6FF0F4036FF0440326
:105150000C6823400B6080F84020FFF7AFFF10BDC4
:10516000704700BF70B50468C368A169A269022BCB
:105170004FEA1242A5688446E668C1F3004102F096
:10518000FE020FD182EAD51313F00603C5F309021C
:1051900006D1856C01358564856C022D0CD070BDFF
:1051A00006F0FE020025236823F0B80323608CF884
:1051B0004050FFF7D5FF70BD08258364E56180F896
:1051C0004030FFF7CDFF70BD704700BF00232022A5
:1051D00010B5174C4363C462036380F8412080F824
:1051E00042304B0712D50268436A526A1A70436A0A
:1051F000028D013343624AB1438D013A013B9BB2B8
:105200004385436C028543F004034364102400216A
:10521000036890F8412090F841201A6822F0FE02BD
:105220001A60DC6180F84010FFF7CEFF10BD00BFB0
:105230000000FFFF704700BF704700BF806A08B5DD
:10524000836B0BB100221A64C36B0BB100221A648A
:1052500090F84130602B4FF0000305D0036380F8D5
:105260004030FFF7E7FF08BD202280F8403080F88B
:1052700041200363FFF7E0FF08BD00BF70B50025C4
:10528000554B90F8412080F84250C3624585436CED
:10529000283A0B43022A43640446036833D890F843
:1052A000411090F8412001F02801282908BF46212B
:1052B00002F0280218BFF621282A0CBFC9436FF05C
:1052C000F60128201A680A4044491A6084F841000F
:1052D000A06B226B616318B1112A3ED0212A3CD009
:1052E000E06B18B1122A4ED0222A4CD094F84130EB
:1052F000602B4FF0000365D02046236384F84030D4
:10530000FFF798FF70BD90F8412090F841201A688F
:1053100022F0FE021A609A69920748BF9D629A695C
:10532000D60703D49A6942F001029A6194F84120A9
:10533000602A10D0202284F841209A6995060AD567
:105340009A69D00605D51022DA61626C42F0040237
:1053500062642022DA610021BAE71A6851042CD471
:10536000FEF708FF0128C1D00023A06B1C4A02648D
:1053700084F84030FEF758FE0028C3D0A06BBDE88B
:105380007040036C18471A68120403D51A6822F497
:1053900000421A60FEF7EEFE0128A7D00023E06B62
:1053A0000F4A026484F84030FEF73EFE0028A9D080
:1053B000E06BBDE87040036C18471A6822F4804225
:1053C0001A60CDE72022204684F8412084F840303E
:1053D0002363FFF731FF70BD0000FFFF4556000853
:1053E0003D520008036810B49A69196812F4807F6E
:1053F00002F4806408D0090626D4416C11F00B0F2A
:1054000019D15DF8044B7047CCB10906F5D54FF4BE
:105410008064416C920541F008014164DC61ECD587
:105420004FF40071426C42F002024264D961416C57
:1054300011F00B0FE5D05DF8044BFFF71FBF94058B
:10544000DBD50A06ECD4D8E7416C41F00101416498
:105450004FF48071D961002CD9D19405CDD5DFE707
:1054600070B50446202603680D461968C06A94F892
:105470004120DE61213A092A0ED8DFE802F07705E3
:105480000D0D0D0D0DAA7705222694F841201A68FE
:1054900022F0FC021A6026635A68684E42F4004209
:1054A0005A605A6832405A609A69920744BF002293
:1054B0009A629A69D60703D49A6942F001029A6106
:1054C0004A043BD51A6822F480421A60A26B1AB1D2
:1054D0001268526892B262856A070AD55A6A636A8C
:1054E00025F004051A70636A01336362238D002B73
:1054F00068D1638D9BB21BB1636C43F0040363649A
:10550000EB0601D5CE063AD4002384F84230666C0F
:105510006363002E68D1E36A494DAB4218D194F819
:1055200041302046222B4FF0200384F8406084F85D
:105530004130266376D0FFF7BFFD70BD0E04CBD59A
:105540001A6822F400421A60E26B002AC0D1C3E755
:105550002046FFF7B5FD2023E562204684F8413060
:1055600084F840602663FFF72FFE70BD212694F873
:1055700041201A6822F0FA021A6026638CE7638DD4
:105580009BB2002B3ED194F84130282B4DD094F89B
:1055900041202368292A4FF01002DA61B4D110F5B6
:1055A000803FB1D09A69910744BF00229A629A69FC
:1055B000D20703D49A6942F001029A612046FFF7AC
:1055C0007FFDA1E7013B2385638D013B9BB2638592
:1055D0008FE7002694F8412094F841201A6822F0C1
:1055E000FE021A60266357E72046616CFFF746FE0D
:1055F00094F84130282BA0D129462046BDE87040C0
:10560000FFF7E4BD10222368DA61636C43F0040302
:10561000636430F080737FF477AF2046616CFFF7EE
:105620002DFE71E7FFF74AFD70BDB0F1007FAED1EE
:1056300029462046FFF7CAFD66E700BF00E800FEE6
:105640000000FFFF38B590F840C0C56ABCF1010FFB
:1056500070D04FF0010C11F0200F04460B4680F87B
:1056600040C002D012F0200F53D1D80617D5D10672
:1056700015D5628D92B2002A5ED194F84120282A75
:1056800000F0818094F841202368292A4FF010020D
:10569000DA6164D00023184684F8403038BD5907D9
:1056A00019D4190701D510073AD49907F2D59307F1
:1056B000F0D5638D9BB2002B4DD0616A236811F841
:1056C000010B228D9862638D013A013B9BB26162AE
:1056D00063852285DEE75007E3D5638D9BB26BB10E
:1056E0002268636A526A1A70638D616A228D013B77
:1056F0000131013A9BB2616222856385638D9BB261
:10570000002BC7D115F5803FC4D02046FFF7D8FC49
:10571000C0E7FFF7A5FE0023184684F84030BDE738
:1057200094F8413003F02803282B28D0082223685E
:10573000DA61AFE7022038BD10222368DA61636CBA
:1057400043F00403636435F08073A3D12046616C99
:10575000FFF794FD9EE735F080739BD1D5E715F5F3
:10576000803F97D09A69950744BF00229A629A6950
:10577000D007CAD49A6942F001029A61C5E720466F
:10578000FFF7F0FC86E7B5F1007F7FF47BAF1946A9
:105790002046FFF71BFD7DE708490B6813F0010366
:1057A0000AD1024610B40C68184624F004031343CF
:1057B0005DF8044B0B607047012070470004034004
:1057C000034A0020136843F001031360704700BFD1
:1057D00000040340002844D070B590F8913206468A
:1057E00003F0FF02C3B30323306886F8913203F05D
:1057F000CBF93579FDB100213346324601200C4604
:1058000011740131A942C2E908445074D47442F8B9
:10581000284FF5D100210A4683F850110131A942E1
:10582000C3E9582283F8512183F85321C3F8682132
:1058300003F12803F0D1334653F8040B93E8060034
:1058400003F0ACF901220021B37A3173934286F858
:10585000912208D0002070BD80F89022FDF760FBF7
:10586000C1E701207047304600F0B4FE002070BD53
:105870002DE9F84F0546006803F004FE10F40044DB
:105880002BD1430500F17C8247041BD410F4005156
:1058900040F09382C60400F1BD81040500F19284BA
:1058A000010600F16484820500F1CE84C30512D59F
:1058B0002A68B2F8443023F480731B041B0CA2F84E
:1058C000443008E02A68B2F8443023F480431B04D3
:1058D0001B0CA2F84430BDE8F88F2868B0F84430BB
:1058E0001904F8D5B0F84440A1B214F00F0436D131
:1058F00011F0100100F0E180018811F400648BB216
:1059000000F0AA8095F85021B0F8503000EBC202A8
:1059100012FA83F3B3F80634C3F30903082BC5F86E
:105920006C3140F06B84B5F8562105F5267103F013
:10593000BDFD40F68F732A68284611880B4043F05E
:105940008003138007F084FE2868B0F844301904FF
:10595000C1D5B0F84440A1B214F00F04C8D030F85B
:105960002430A7001FFA83F81B0439D418F0800FE5
:10597000B4D030F824309BB223F4E14323F0700319
:1059800043F4004320F824303B1905EBC302D17CDB
:10599000DB00012900F0EB80117C18F48079D2F84B
:1059A00028E04FEAC10C40F05881B0F850401CFA92
:1059B00084F40444B4F80244C4F30904744580F048
:1059C0000381AEEB040110339162E918536A23445A
:1059D0005362D36A2344D36203F026FB28687DE731
:1059E00040F68F7330F824203919134043F08003B8
:1059F00020F8243005EBC10191F85C3191F8502179
:105A0000002B40F08580B0F85030D20012FA83F3BA
:105A10000344B3F80694C9F30909B9F1000F40F043
:105A2000E481391905EBC103D3F86C21C9004A445C
:105A3000C3F86C21D3F8682122B1D3F860214A451C
:105A400040F2C6813B1905EBC303284693F8501179
:105A500007F010FE286889E71A047FF53FAF40F68B
:105A60008F730288134043F08003038095F8502120
:105A7000B0F8503000EBC20212FA83F3B3F80634E8
:105A8000C3F30903C5F86C31002B00F0B480D5F8DE
:105A9000641100293FF422AFB5F8562103F006FD4A
:105AA000D5F86431D5F86C21284613442146C5F851
:105AB000643107F0DFFD286810E703889BB223F408
:105AC000E14323F0700343F4004303802A7CB0F8E1
:105AD000503000EBC20212FA83F3B3F802346A6A60
:105AE000C3F309031A442846EB626A6207F0CCFD4F
:105AF0002B7B2868002B3FF4F1AEAB6A002B7FF4C0
:105B0000EDAE2A7B42F08002A0F84C202B73E5E634
:105B100091F85331022B00F0508230F822309BB2C2
:105B200023F4E04323F0700343F4004343F0C00345
:105B300020F8223091F8503130F82320DB0012F4A5
:105B4000804FB0F8502013FA82F3034443D0B3F8E7
:105B50000294C9F30909B9F1000F3FF462AFB1F83B
:105B600058214B46D1F8641103F0A0FC59E70021FD
:105B7000631C03EB830345F83310137FDBB118F08C
:105B80004008537C00F00A82002B40F05F82117CB9
:105B9000B0F8503000F2024010FA83F333F83120AD
:105BA000C2F3090223F8312033F8312092B242F4D3
:105BB000004223F83120274405EBC7072846397CEB
:105BC00007F062FD286889E62846C2F8289007F0A9
:105BD0005BFD286882E6B3F80694C9F30909B9F1B8
:105BE000000F3FF41EAFB1F85A214B46D1F86411B3
:105BF00003F05CFC15E7038823F4804323F0700373
:105C00001B041B0C83F4405343F4004343F0800314
:105C1000038063E62A68B2F8403023F004031B04D3
:105C20001B0CA2F84030B2F8403023F008031B04EC
:105C30001B0CA2F8403095F8C832012B00F01283FB
:105C4000284607F051FD2A68B2F8443023F4805307
:105C50001B041B0CA2F844303DE608F4804918F000
:105C60004008B0F8503000F0C88000F2024818FA3E
:105C700083F333F83130C3F3090373454AD34FF04C
:105C8000000C537CC2F828C0002B40F0F882B0F81A
:105C9000503018FA83F333F83120C2F3090223F8A5
:105CA000312033F8312092B242F4004223F83120FF
:105CB000B0F8503000F2064212FA83F333F8312084
:105CC000C2F3090223F8312033F8312092B242F4B2
:105CD000004223F831203B1905EBC303DB7C022B88
:105CE0000FD130F8213023F4E04323F040031B04AC
:105CF0001B0C83F0200343F4004343F0800320F89F
:105D00002130284607F0C0FC2868B9F1000F3FF4A5
:105D1000E5ADCBE0AEEB030EC2F828E0B9F1000F21
:105D20000FD030F821E02EF4E04E2EF0700E4FEA46
:105D30000E4E4FEA1E4E4EF4404E4EF0800E20F8AE
:105D400021E007EB040E05EBCE0E9EF83490B9F17E
:105D5000010F00F0CB81274405EBC7073A7C30F8F0
:105D6000223023F4E04323F040031B041B0C83F098
:105D7000300343F4004343F0800320F82230ADE5C4
:105D80002A682846B2F8443023F480631B041B0CB5
:105D9000A2F8443007F086FC95F89032012B3FF4CE
:105DA0009AAD0123214628682C7385F8903203F0C0
:105DB00063FB85F89042BDE8F88F2A68B2F844305A
:105DC00023F400531B041B0CA2F84430BDE8F88FE9
:105DD000D3F8642101F5A8714A4428682944C3F81E
:105DE000642103F021F92868C0E5B1F856214B463B
:105DF000D1F8641103F05AFB13E600F2064A1AFACE
:105E000083F333F83130C3F30903734561D9C2F822
:105E100028803B1905EBC3035B7C002B40F04182DB
:105E2000B0F8502000F2024313FA82F232F8313017
:105E3000C3F3090322F8313032F831306FEA4343BB
:105E40006FEA53439BB222F83130B0F850201AFA6F
:105E500082F232F83130C3F3090322F8313032F8DC
:105E600031306FEA43436FEA53439BB222F831303B
:105E70003B1905EBC303DB7C022B0FD130F821303B
:105E800023F4E04323F040031B041B0C83F02003A6
:105E900043F4004343F0800320F82130284607F004
:105EA000F3FB2868B9F1000F7FF418AD3B1905EB3F
:105EB000C3031A7C30F8223023F4E04323F070034C
:105EC0001B041B0C43F4404343F0800320F82230B2
:105ED00004E5AEEB030EC2F828E0BEF1000F98D047
:105EE000B9F1000F0FD130F821E02EF4E04E2EF082
:105EF000700E4FEA0E4E4FEA1E4E4EF4404E4EF0DC
:105F0000800E20F821E007EB040E05EBCE0E9EF884
:105F10003480B8F1010F7FF41EAFDEF8246006EB89
:105F20000308CEF82480D66A06EB0309C2F82C9049
:105F3000DEF83090DEF820209145C0F0D081A9EB4A
:105F40000203CEF8303093B207EB040E05EBCE0E11
:105F50009EF811B0BBF1000F40F0B681B0F850E0F0
:105F60001AFA8EFE3EF83190F444C9F309092EF86E
:105F70003190002A40F0E4813EF831206FEA42423D
:105F80006FEA524292B22EF831203A1905EBC20262
:105F90004146528B03F07AFA2868DCE6002B62D087
:105FA000012B7FF408AEB0F85030127C00F20640AE
:105FB00010FA83F323F83280FDE5B0F850C04FEAC1
:105FC000C20919FA8CFC18F4804ED1F86831844467
:105FD0004FD0BCF802C4CCF3090C9C45E14600F25A
:105FE0004781A3EB0C03C1F868317BB930F822106C
:105FF00021F4804121F070010904090C81F4005161
:1060000041F4004141F0800120F8221018F0400FC7
:106010000DD030F8223023F4E04323F070031B044A
:106020001B0C43F4004343F0C00320F82230BCF1C2
:10603000000F3FF4F6AC391905EBC101B1F8582156
:106040006346D1F8641103F031FAEAE4012B7FF4DE
:10605000B2ADB0F85030127C00F2024010FA83F377
:1060600023F83210A7E5B0F85030117C00F206405A
:1060700092E5BCF806C4CCF3090C9C45E14600F25D
:10608000FB80A3EB0C03C1F868317BB930F8221018
:1060900021F4804121F070010904090C81F40051C0
:1060A00041F4004141F0800120F8221018F0400F27
:1060B0000DD130F8223023F4E04323F070031B04A9
:1060C0001B0C43F4004343F0C00320F82230BCF122
:1060D000000F3FF4A6AC391905EBC101B1F85A2104
:1060E0006346D1F8641103F0E1F99AE4DEF8246024
:1060F00006EB0309CEF82490D66A06EB030AC2F831
:106100002CA0DEF830A0DEF820209245C0F0F98007
:10611000AAEB0203CEF8303093B207EB040E05EB86
:10612000CE0E9EF811B0BBF1000F40F0DF80B0F84A
:1061300050E018FA8EFE3EF83180F444C8F30908A6
:106140002EF83180002A40F022813EF831206FEA9B
:1061500042426FEA524292B22EF831203A1905EBD0
:10616000C2024946128B03F091F92868F3E52A68C8
:10617000B2F8443023F080031B041B0CA2F8443017
:1061800095F8C832002B5AD10121B2F84030284688
:106190009BB243F00403A2F84030B2F840309BB207
:1061A00043F00803A2F8403085F8C812B2F8543022
:1061B000C3F38D0303F03C03C5F8CC32BDE8F84FC0
:1061C00000F022BA2A682846B2F840309BB243F069
:1061D0000803A2F84030B2F8443023F400631B04F3
:1061E0001B0CA2F84430B2F840309BB243F00403D9
:1061F000A2F8403007F068FAFFF76DBB48F2800163
:1062000040F68F72038823F4804323F070031B044D
:106210001B0C83F480530B430380038823F4E04377
:1062200023F040031B041B0C83F01003194301806F
:106230000388134043F080030380FFF74CBB2846DC
:1062400007F042FAFFF747BB2A682846B2F8443005
:1062500023F400731B041B0CA2F8443007F01EFA51
:10626000FFF739BB284685F8C81200F0CDF9E7E4FE
:106270000023C1F86831B9E6C1F868E106E7012BEF
:106280007FF429ADB0F8503000F2064218FA83F3DB
:1062900023F831C0B0F8503012FA83F323F831C03C
:1062A00019E5012B7FF4E4AD0022B0F8503000F284
:1062B000024C1CFA83F323F83120B0F850301AFA5C
:1062C00083F323F83120D3E5BBF1010F7FF45DAEFA
:1062D000B0F850201AFA82F222F8313055E6B9F1BE
:1062E000000F15D11A468EF834902DE6BBF1010F40
:1062F0007FF434AFB0F8502018FA82F222F831302F
:106300002CE7BAF1000F2AD11A468EF834A004E720
:1063100000229EF811B01FFA89F3CEF830208EF8D3
:106320003420BBF1000FCFD1B0F850E04A461AFA42
:106330008EFE3EF83190F444C9F309092EF83190ED
:106340003E2A33D8BCF8001002F0010E89B20EEBE1
:10635000520241EA822292B2ACF8002015E60022F5
:106360009EF811B01FFA8AF38EF83420CEF8302050
:10637000BBF1000FBAD15246B0F850E018FA8EFEC9
:106380003EF83180F444C8F309082EF831803E2AE3
:106390001ED8BCF8001002F0010E89B20EEB5202BA
:1063A00041EA822292B2ACF80020D7E65109D20627
:1063B000BCF8002008BF01F1FF3192B242EA81220D
:1063C0006FEA42426FEA524292B2ACF80020DCE53A
:1063D0005109D606BCF8002008BF01F1FF3192B286
:1063E00042EA81226FEA42426FEA524292B2ACF82C
:1063F0000020B3E690F89022012A0DD010B50122BA
:1064000004460068217384F8902203F035F80023D5
:1064100084F89032184610BD0220704701F0070C36
:1064200010B5090604460CEB8C004FEAC00021D4DD
:106430004FF0000E00F5A871204480F851E121448E
:10644000022BCB7008BF0023C2F30A0208BF0B71F6
:1064500081F800C00A6194F89032012B13D0012317
:10646000206884F8903202F0AFFB002384F8903269
:10647000184610BD4FF0010E00F11001204480F8C5
:1064800011E02144DCE7022010BD00BF10B500245C
:1064900001F0070101EB810E00EBCE0C8CF85011DE
:1064A0008CF851410068CCF86421CCE95A340CF5E1
:1064B000A87102F0B9FD204610BD00BF01F0070130
:1064C00038B501EB810E00EBCE0C01258CF81010D5
:1064D000002461468CF834508CF811500068CCF8D8
:1064E0002420CCE90B43CCF82830103102F09CFD7D
:1064F000204638BD10B50379044601F007008342F9
:106500002ED30B061AD401EB8101C90001F5A87244
:106510006318A118002283F85121012308708B70A1
:1065200094F890229A4219D084F89032206802F0B0
:106530002DFF002384F89032184610BD012200EB95
:106540008003DB0003F1100123445A74012321442A
:1065500008708B7094F890229A42E5D1022010BD09
:10656000012010BD38B5027901F00F039A422FD3F4
:1065700001F0070202EB8203090604464FEAC30357
:1065800017D403F5A871014403440025002083F8C3
:1065900051010A708D7094F89032012B16D00123AE
:1065A000206884F8903202F019FF84F8905228464F
:1065B00038BD03F110010144034400250120587443
:1065C0000A708D7094F89032012BE8D1022038BD0A
:1065D000012038BD0246002310B40124116882F85E
:1065E000C8321846B1F85430C2F8D0429BB22343A7
:1065F000A1F85430B1F854305DF8044B9BB243F02D
:106600000203A1F854307047704700BF024B18686E
:1066100000F4C060704700BF00700040174A136864
:10662000116911F4104F25D0D168090422D403F464
:10663000C06383421CD01368114923F4C063034331
:1066400013600B680F495B09A1FB03135169DB0958
:1066500003EB8303480503F1010305D55169013BB1
:10666000490501D5002BF9D1044B5B695B0503D4C7
:1066700000207047012070470320704700700040E1
:10668000A4000320C55A7C0A024A536843F480637D
:106690005360704700700040024A936843F480439F
:1066A000936070470070004030B51E4C0546A36DE6
:1066B00083B0DB0021D5FFF7A9FF30F4007315D0BC
:1066C000802D2AD82BD0A5F17003B3FA83F35B0990
:1066D00015490A6822F00F021A430A60086800F0A0
:1066E0000F00C01A18BF012003B030BD802DEFD9B4
:1066F000A02D8CBF02230123EAE7A36D43F0805352
:10670000A365A36D03F080530193019BFFF77EFF08
:10671000A36D23F08053A365CFE70323D8E70223BB
:10672000D6E700BF00100240002002402B4A9368C9
:10673000D26813F00C0307D00C2B33D0042B39D0C4
:10674000082B35D000207047244A1168090754BF30
:10675000D2F894201268224954BFC2F30322C2F334
:10676000031251F82200002BEDD01C49CA68CB68F7
:1067700002F00302C3F30313022A03F1010324D03E
:10678000032A19D0B0FBF3F0CB68C3F3062303FB55
:1067900000F0124BDB68C3F3416301335B00B0FBD5
:1067A000F3F0704702F00302012ACDD00020DCE7AD
:1067B0000C4870470C4870470A4AC868B2FBF3F3AC
:1067C000C0F3062003FB00F0E3E7074AC868B2FB0A
:1067D000F3F3C0F3062003FB00F0DAE700100240F9
:1067E0004CE20008809698000024F400002800F095
:1067F000DE809F4A2DE9F8431368814603F00F03BA
:106800008B420C460CD2136823F00F030B4313602A
:10681000136803F00F038B4202D00120BDE8F88318
:10682000D9F80030980703F0010240F19A80914DA9
:10683000D9F80800A96801F0F001884204D9A968D4
:1068400021F0F0010143A960002A4DD0D9F804508D
:10685000884B032D00F08D80022D1B6800F0A38073
:10686000002D40F0A6809E07D7D5FFF75FFF824B33
:10687000984205D97F4B9A6812F0F00F00F09F8084
:106880007C4FBB6823F003032B43BB60FCF7FEFC8B
:10689000BB68D9F8042003F00C03B3EB820F064663
:1068A00018BF4FF0000819D041F28837714DFCF73E
:1068B000EDFCD9F80430821BBA424FEA830304D9B5
:1068C000AA6802F00C029A4277D1AA6802F00C0280
:1068D0009A42ECD1B8F1000F40F08C80D9F800302A
:1068E000990707D5D9F8080062498A6802F0F002D2
:1068F000824252D85E490A6802F00F02A24209D9C8
:106900000A6822F00F0222430A600A6802F00F02AE
:10691000A24282D15A0707D55649D9F80C008A6895
:1069200022F4E06202438A601B0708D5514AD9F875
:106930001010936823F4605343EAC1039360FFF798
:10694000F5FE03464B4A4D4992684D48C2F3031287
:10695000895C4C4ACB4013600068BDE8F843FCF703
:106960004DBB002AC6D0D9F80450424B032D7FF40A
:1069700073AF1A6891017FF550AFD968DA6801F0FA
:106980000301C2F30312022902F1010238D00329E4
:1069900065D0012954D0DB6872E78A6822F0F002E2
:1069A00002438A60A6E79F033FF55FAF35E701200A
:1069B000704758057FF531AF57E703202EE79A68F7
:1069C00022F0F00242F080029A602A4FBB6823F066
:1069D00003032B43BB60FCF759FCBB68D9F80420C8
:1069E00003F00C03B3EB820F064618BF4FF080088C
:1069F0007FF45AAF1F4A936823F0F00393606DE76A
:106A00002149DB68B1FBF2F2C3F3062303FB02F278
:106A100018491948CB68C3F3416301335B00B2FBEB
:106A2000F3F383427FF62CAF8B6813F0F00F7FF403
:106A300027AF8B6823F0F00343F080038B60C4E73B
:106A40001A68120754BFD3F894301B680F4A54BF1A
:106A5000C3F30323C3F3031352F82320D8E70C49ED
:106A6000DB68B1FBF2F2C3F3062303FB02F2CFE7CC
:106A7000002002400010024000B4C40494E2000868
:106A8000AC000320A40003200024F4004CE2000822
:106A900080969800002800F0B7832DE9F041174B4D
:106AA00002689D68DE68D1060446134682B005F090
:106AB0000C0506F003063BD5002D00F06A810C2D75
:106AC00000F06481E3690D4FD3B13B6843F00103EB
:106AD0003B60FCF7DBFB80463B689A0700F1CA820B
:106AE000FCF7D4FBA0EB08000228F5D93B689B0714
:106AF000F2D4032002B0BDE8F08100BF00100240D4
:106B00003B6823F001033B60FCF7C0FB3B68804619
:106B100099070BD5FCF7BAFBA0EB0800022802D9B5
:106B20003B689A07E5D43B689B07F3D42268134679
:106B3000D1072DD5082D00F095810C2D00F08F8107
:106B40006368B3F5803F00F0B681B3F5A02F00F085
:106B500005838B4F3A6822F480323A603A6822F417
:106B600080223A60002B40F0AB81FCF78FFB3B6842
:106B700080469A030BD5FCF789FBA0EB080064283C
:106B800002D93B689B03B4D43B689903F3D42368D0
:106B90009A0713D5042D40F03D81794B1B685B05A6
:106BA00003D5E368002B00F05881754A21695368CA
:106BB00023F0FE4343EA0163536023681A072BD591
:106BC0006369002B00F05981A3696D4A002B40F0E6
:106BD000D681D2F8943023F01003C2F89430684D77
:106BE000D5F8943043F00103C5F89430FCF74EFB20
:106BF000D5F8943006469B070DD4FCF747FB801B65
:106C0000072804D9D5F894309F077FF572AFD5F8DF
:106C100094309907F1D523685D0765D5584B9A6D77
:106C2000D00000F1288101259A6D42F080529A65CA
:106C30009B6D03F080530193019B524E3368D9053D
:106C400040F1D981A368DA0740F150815A0740F139
:106C500026824B4BD3F8902042F00402C3F89020D8
:106C6000D3F8902042F00102C3F89020FCF70EFB0D
:106C7000434F0646D7F890309B070FD441F288382F
:106C8000FCF704FB801B404504D9D7F890309A07E5
:106C90007FF52FAFD7F890309B07F1D5A368190681
:106CA00040F10582364FD7F8903043F08003C7F8A3
:106CB0009030D7F8903019050FD441F28838FCF79E
:106CC000E5FA801B404504D9D7F890301A057FF5C6
:106CD00010AFD7F890301B05F1D525B1284A936D38
:106CE00023F08053936523689A061FD5A36A244D29
:106CF000002B00F06381D5F8983043F00103C5F80C
:106D00009830FCF7C3FAD5F8983006469B070DD4A7
:106D1000FCF7BCFA801B022804D9D5F898309F07ED
:106D20007FF5E7AED5F898309907F1D5E36A23B33C
:106D3000134DAA6802F00C020C2A00F0D581022B38
:106D40002B6823F080732B6000F01582FCF79EFA0D
:106D50002B68044699010BD5FCF798FA001B022812
:106D600003D92B689A013FF5C4AE2B689B01F3D47D
:106D7000034A054BD1680B40D3600020BAE600BF40
:106D80000010024000700040FCFFEEFE012E7FF478
:106D900099AEA64B1B689B075CD4A44B606A1A682B
:106DA000170756BFD3F894301B681B0903F0F00394
:106DB000984200F243819D4B1A6842F008021A6023
:106DC0001A6822F0F00202431A605A68216A22F41B
:106DD0007F4242EA01225A60002D00F0B981FFF79C
:106DE000A5FC0346914A92499268C2F30312895C5A
:106DF000904ACB401068904A1360FCF7FFF80028D7
:106E00007FF478AE2368D9071A463FF596AE990706
:106E10007FF5D4AE0C2D00F02981E368834D002B63
:106E200000F0B4802B6843F480732B60FCF72EFADB
:106E30002B6806465F053FF5B8AEFCF727FA801BC6
:106E4000022803D92B6859057FF553AE2B685A05E4
:106E5000F3D5AAE6E369002B9FD101204AE6032E71
:106E60007FF46EAE714B1B689F0302D56368002BE5
:106E7000F3D01346CBE70025DFE66C4DD5F8943010
:106E800023F00103C5F89430FCF700FAD5F89430EC
:106E900006469A077FF5BFAEFCF7F8F9801B072876
:106EA00004D9D5F894309B073FF523AED5F894303C
:106EB0009F07F1D4AFE65D4A136843F48033136053
:106EC000FCF7E4F9594F80463B689A033FF55FAE03
:106ED000FCF7DCF9A0EB0800642803D93B689B03AE
:106EE0007FF507AE3B689903F2D550E64F4ED6F8D2
:106EF000902022F00102C6F89020D6F8902022F0CF
:106F00000402C6F89020002B7FF4B0AEFCF7BEF967
:106F1000D6F89030074699070FD541F28838FCF72C
:106F2000B5F9C01B404504D9D6F890309B073FF512
:106F3000E0ADD6F890309907F1D43C4ED6F89030B9
:106F40001A067FF5CAAED6F8903023F08003C6F853
:106F50009030D6F890301A057FF5BFAE41F28838F0
:106F6000FCF794F9C01B404504D9D6F890301B05B6
:106F70003FF5BFADD6F890301905F1D4ADE6D2F8A3
:106F8000943043F01003C2F8943028E62B6823F4C1
:106F900080732B60FCF77AF92B6806465B050BD5EE
:106FA000FCF774F9801B022803D92B685F053FF5B5
:106FB000A0AD2B685905F3D42368FFE5D5F89830C8
:106FC00023F00103C5F89830FCF760F9D5F8983044
:106FD00006469A077FF5AAAEFCF758F9801B0228EF
:106FE00004D9D5F898309B073FF583ADD5F8983094
:106FF0009F07F1D49AE6336843F480733360FCF75B
:1070000045F933680746DB053FF51CAE03E03368FE
:10701000D9053FF517AEFCF739F9C01B0228F6D9A0
:107020003368D8057FF565ADF1E700BF0010024079
:1070300094E20008AC000320A4000320FFF734FB17
:1070400000287FF40AAF714B1A6842F008021A60F8
:107050001A68616A22F0F0020A431A605A68216ACB
:1070600022F47F4242EA01225A60B8E6022E7FF4FF
:10707000D4AE92E5654B1A6842F008021A601A68AD
:10708000616A22F0F0020A431A605A68216A22F407
:107090007F4242EA01225A602268134648E55B4A71
:1070A000D2F8903043F00103C2F89030DEE5574F3C
:1070B000D7F8903023F08003C7F89030D7F890309D
:1070C00019057FF50AAE41F28838FCF7DFF8801B1E
:1070D000404504D9D7F890301A053FF50AADD7F8E6
:1070E00090301B05F1D4F8E5012B3FF4B6AEEB6808
:1070F000226B03F0030191427FF4AFAE616B03F0AA
:10710000F0020139B2EB011F7FF4A7AEA16B03F4CB
:10711000FE42B2EB012F7FF4A0AEE16B03F07842A8
:10712000B2EBC16F7FF499AE226C03F4C001520838
:10713000013AB1EB425F7FF490AE626C03F0C06342
:107140005208013AB3EB426F14BF01200020D1E492
:10715000FFF7AAFA00283FF442AE7EE603F180432F
:10716000A3F53C331A6842F480221A601A6842F48C
:1071700080321A60A4E6FCF789F82B68064699016C
:107180000BD5FCF783F8801B022803D92B689B01E1
:107190003FF5AFAC2B689F01F3D41C4D1C4BE96845
:1071A000226B0B40606B1343D4E90E1243EA0123B8
:1071B00043EAC2630138D4E91012490843EA0013D4
:1071C00001395208013A43EA415343EA4263EB6012
:1071D0002B6843F080732B60EB6843F08073EB60A7
:1071E000FCF754F82B6804469A013FF5C6ADFCF74E
:1071F0004DF8001B022803D92B689E017FF579AC5E
:107200002B689801F3D5B8E50120704700100240C3
:107210000C809F0108B5FFF789FA074B07499A6868
:107220009B68C2F303128A5C0549C3F3C223CB5C9B
:10723000D040D84008BD00BF0010024094E20008D2
:107240008CE200080F220E4B10B402609A680D4CBD
:1072500002F0030242609A6802F0F00282609A68CB
:1072600002F4E062C2609B68DB0803F4E063036140
:1072700023685DF8044B03F00F030B60704700BFF9
:107280000010024000200240F8B5044600680F4696
:1072900002284ED0032845D0012848D1394B1B681D
:1072A0009E073ED5374D2B6823F080632B60FBF79C
:1072B000EDFF064604E0FBF7E9FF831B022B4AD8EB
:1072C0002B681901F7D4D4E90132013B100221687F
:1072D0001A01002F33D0012F2A4D45D02E692A4B99
:1072E00033400B430343134362695208013A43EAB4
:1072F00042632B61234D2B6843F080632B60FBF7C7
:10730000C5FF064604E0FBF7C1FF831B022B27D80D
:107310002B681B01F7D500201A4AA16913690B439A
:107320001361F8BD174B1B6813F4C02FBAD10120AD
:10733000F8BD144B1B685D05B4D40120F8E7114D6E
:10734000124B2E6933400B43E168034343EAC163A8
:1073500013432B61CEE72B681801B4D50320F8BD89
:107360002B681A01FAD5D6E72E69094B33400B4337
:107370000343134322695208013A43EA42532B6103
:10738000B8E700BF001002400C80FFF90C80FF0737
:107390000C809FFF70B504460068022847D0032880
:1073A0003ED0012841D1294B1B689E0737D5274D78
:1073B0002B6823F080532B60FBF768FF064604E040
:1073C000FBF764FF831B022B37D82B689900F7D497
:1073D0001E4D1F4B696922680B401343D4E902120A
:1073E00043EA012343EAC2636268013A43EA0213B3
:1073F0006B612B6843F080532B60FBF747FF064619
:1074000004E0FBF743FF831B022B1BD82B689B0078
:10741000F7D500200D4A216953690B43536170BDB4
:107420000A4B1B6813F4C02FC1D1012070BD074B5C
:107430001B685D05BBD40120F8E72B689800C7D511
:10744000032070BD2B689A00FAD5E2E700100240D5
:107450000C80FF072DE9F0470368044613F400652C
:1074600082B01BD0C16E402900F03D8200F25882EC
:10747000002900F02282202940F058822030FFF7B6
:1074800089FF054623684DB9E16E0025B648D0F85E
:107490009C2022F0E0020A43C0F89C20DF0440F167
:1074A0004F81216FB1F5007F00F0168200F23F811D
:1074B000002900F00782B1F5807F40F0408104F19F
:1074C0002000FFF767FF07462368002F40F0028285
:1074D000A549206FD1F89C209E0322F4E06242EA85
:1074E0000002C1F89C2000F12F81D90708D59E49E0
:1074F000606BD1F8882022F003020243C1F8882093
:107500009A0708D59849A06BD1F8882022F00C0280
:107510000243C1F888205E0708D59349E06BD1F893
:10752000882022F030020243C1F88820180708D5CD
:107530008D49206CD1F8882022F0C0020243C1F8A6
:107540008820D90608D58849606CD1F8882022F4B3
:1075500040720243C1F888209A0608D58249A06C7F
:10756000D1F8882022F440620243C1F888209E05A9
:1075700008D57D49E06DD1F8882022F440220243ED
:10758000C1F88820580508D57749206ED1F88820A1
:1075900022F440120243C1F88820590208D57249EA
:1075A000606ED1F8882022F440020243C1F888209E
:1075B0009A010CD5A26EB2F1807F00F06D81B2F11C
:1075C000007F00F02681002A00F0298101255F0656
:1075D00008D56549E06CD1F8882022F44052024376
:1075E000C1F888201E0608D55F49206DD1F8882093
:1075F00022F440420243C1F88820D80508D55A49F0
:10760000606DD1F8882022F440320243C1F888200E
:10761000D90208D55449A06DD1F89C2022F003026C
:107620000243C1F89C209A0411D54F49606FD1F8EC
:107630008820B0F1006F22F0406242EA0002C1F8F7
:10764000882000F02481B0F1806F00F060811F037A
:107650001BD5A16FB1F5804F00F005814248B1F113
:10766000806FD0F8882022F0406242EA0102C0F820
:107670008820D0F89C2022F48042C0F89C2000F0A2
:107680005781B1F1006F00F034815E0311D53649A6
:10769000E06FD1F88820B0F1006F22F0406242EA3A
:1076A0000002C1F8882000F0D980B0F1806F00F0AE
:1076B000258158040ED52C48D4F88010D0F88820A5
:1076C000B1F1805F22F0405242EA0102C0F8882006
:1076D00000F0EA80D90309D52349D4F88400D1F811
:1076E0009C2022F004020243C1F89C209A0209D592
:1076F0001D49D4F88800D1F89C2022F018020243DA
:10770000C1F89C20DB010ED5174AD4F88C10D2F8B2
:107710009C30B1F5001F23F4401343EA0103C2F883
:107720009C3000F0AC80284602B0BDE8F087B1F58F
:10773000407F00F0D680B1F5806F00F0D280012547
:107740002F469E037FF5D1AE074B9A6DD00054D5DE
:107750004FF00008054E336843F480733360FBF745
:1077600095FD81460AE000BF001002400070004015
:10777000FBF78CFDA0EB090002285BD83368DA0523
:10778000F6D5002F5CD1DFF8C8A1D4F89010DAF854
:10779000903013F4407327D08B4225D0DAF8902034
:1077A000DAF8903043F48033CAF89030DAF8903049
:1077B00023F48033CAF8903022F44073CAF8903032
:1077C000D30711D5FBF762FD41F28839064605E083
:1077D000FBF75CFD801B484500F2B380DAF890307F
:1077E0009807F5D5D4F89010594AD2F8903023F480
:1077F00040730B43C2F8903023E09A6D4FF00108BC
:1078000042F080529A659B6D03F080530193019B77
:10781000A0E70021201DFFF737FD07462368DFB9E9
:107820004B49A06ED1F8882022F040720243C1F883
:107830008820CCE63368D905A3D403252F4600E081
:107840003D462368B8F1000F3FF44FAE40498A6DC2
:1078500022F080528A6548E63D46B8E6CA6842F49E
:107860008012CA6025E73A4AD2F89C1041F4804160
:10787000C2F89C10D16841F48031D16005E72846F8
:10788000D36843F48013D36002B0BDE8F087CA68C0
:1078900042F48012CA60DAE62D49CA6842F48012C6
:1078A000CA60002FD8D1BBE70221201DFFF7ECFCF6
:1078B0002368002818BF05460CE70430FFF7E4FCF6
:1078C0000546DFE5201DFFF7DFFC07462368002F94
:1078D0003FF4FEAD3D4634E71D49CA6842F48032AC
:1078E000CA602F46F1E51A48C26842F48032C2608D
:1078F000CBE5C26842F48012C260C6E60121201DB9
:10790000FFF7C2FC2368002818BF0546D1E6012115
:10791000201DFFF7B9FC2368002818BF054696E62E
:1079200060293FF4B2AD80293FF4AFAD0125B5E544
:107930000121201DFFF7A8FC2368002818BF054679
:10794000A3E6DAF890309E077FF577AF4AE700BFED
:1079500000100240114B10B4996B114A41F0807134
:107960009963996B21F0807199630368D0E90141B3
:1079700023430B43D0E90341234343EA01435360CC
:107980001368416923F4FE4343EA0123136013683B
:107990005DF8044B43F06003136070470010024031
:1079A0000060004000285AD038B5437A044603F0FE
:1079B000FF02002B49D0D4E9003502214AF2B3205E
:1079C0006172284A19682A43274D21F00401196081
:1079D0001A601D6118611A6822F080421A60FBF774
:1079E00055FC054623681A6851000ED5FBF74EFC7E
:1079F000401B02282368F6D91A685200F3D50122E9
:107A0000022362720120E36038BD1A6842F004026A
:107A10001A605B68580603D504236372012038BDE1
:107A2000FBF734FC054623685B68D90711D4FBF7E4
:107A30002DFC401B02282368F6D95A68D207F3D4DC
:107A4000042202236272E360E8E70272FBF738F96E
:107A5000B1E70122002362721846E36038BD0120BD
:107A6000704700BF000DF040BC0A5917704700BFB7
:107A7000026810B553680446990613D4580605D514
:107A8000590723D4516821F040015160DB0708D524
:107A9000136823F0080313609168637A2161042B53
:107AA0000CD110BD1023C360042320466372FAF783
:107AB0008FFD6FF0600223685A6010BD0122002321
:107AC000204662722372FFF7D1FF10BD0823E360E6
:107AD000136823F008031360E6E700BF002300B536
:107AE000026883B001935368014658070AD453686B
:107AF00023F0400353600020CB6823F00803CB60E1
:107B000003B000BD0220136843F080431360136884
:107B100023F080431360019002E013685B0012D5EC
:107B2000019B013B0193019B002BF6D101224A727C
:107B30000B72CB68084643F00203CB60FAF748FDAE
:107B4000012003B000BD536858060CD402230193F2
:107B500002E053685B07CED5019B013B0193019B7B
:107B6000002BF6D1E2E7536823F040035360EDE7C2
:107B7000F8B5037A012B43D00122437A044693429D
:107B8000DFB2027206D004231746C36000232372BB
:107B90003846F8BD0222036842725B680E465906F9
:107BA00016D4FBF773FB054623685A68D20718D42E
:107BB000FBF76CFB401B02282368F6D95A6812F0C9
:107BC0000102F2D10121022361722272E360DFE738
:107BD0000823C360FFF782FF0128E2D12023E3607E
:107BE000D6E79A685B68226113F0400316BF08234A
:107BF0001F46E3604FF0010308BF32606372C5E7C0
:107C000002273846F8BD00BFF0B50D46144683B0D4
:107C10000646FBF73BFB2C44241AFBF737FB0746D1
:107C2000264B1B68C3F3CB3304FB03F30193326889
:107C30009368190604D56B1C06D193681C06FCD406
:107C4000002003B0F0BD1C46FBF720FBC31B9C4289
:107C500006D9019B0BBB326892681006F3D4EFE79C
:107C6000D6E900315A68B1F5827F22F0E0025A600D
:107C700017D0B26AB2F5005F07D11A6822F4005239
:107C80001A601A6842F400521A600122002303208D
:107C900086F85D2086F85C30D3E7019B013B0193B9
:107CA000C5E7B268B2F5004F02D0B2F5806FE0D1FF
:107CB0001A6822F040021A60DBE700BFA40003202C
:107CC0002DE9F04700241D4682B017460646884637
:107CD0008DF80340FBF7DAFA3D442D1AFBF7D6FA8C
:107CE000D6F8009082464C462F4B1B6803EB83036B
:107CF000C3EBC3031B0D05FB03F30193A36818EA51
:107D0000030F08D0B8F5C06F0DD07B1C14D1A36849
:107D100013F4C05FFBD1002002B0BDE8F087A36878
:107D200013F4C06FF7D099F80C307A1CDBB28DF8E1
:107D300003309DF80330F2D0FBF7A8FAA0EB0A005D
:107D4000A842346803D2019BEBB91D46D6E76368AD
:107D5000726823F0E003B2F5827F636017D0B36AE4
:107D6000B3F5005F07D1236823F400532360236831
:107D700043F40053236001220023032086F85D2092
:107D800086F85C30C8E7019B013B0193B6E7B36816
:107D9000B3F5004F02D0B3F5806FE0D1236823F034
:107DA00040032360DBE700BFA400032070B50D464D
:107DB000164613464FF4C0512A460446FFF780FF8B
:107DC00070B9324629462046FFF71EFF40B93346B8
:107DD0002A464FF4C0612046FFF772FF00B970BD1C
:107DE000236E032043F02003236670BD002879D062
:107DF0002DE9F84F0446406A002857D00023C4E913
:107E00000433002294F85D30A26203F0FF01002BDE
:107E10005BD00223256884F85D30E2682B68B2F5F8
:107E2000E06F23F040032B6046D855D04FF4805EBE
:107E30000027BB46A7624FF0010C0026636802F4DE
:107E40007068A26803F4827302F404421343226947
:107E5000A16902F0020213436269E76902EA0C02B7
:107E60001343626B07F0380901F4007A276A02F0C5
:107E70000802090C42EA080243EA0A0301F004017D
:107E800000F0100007F0800843EA09030A4343EAC0
:107E90000803024343EA0B0342EA0E022B606A60C6
:107EA000266684F85DC03046BDE8F88F6368B3F598
:107EB000827FA6D0E061A4E7B2F5706F14D1A76A03
:107EC0004FF0000E07F4005BB5E7204684F85C1025
:107ED000FAF726FF606A9CE7A76A4FF4805E07F412
:107EE000005BA8E7012070474FF0000EA0E700BF3D
:107EF000002943D0002A41D090F85D30012B5FFA71
:107F000083FC39D190F85C30012B35D000B50023CB
:107F10004FF0030E8163C16880F85DE0B1F5E06F5A
:107F200003660364C287A0F84430A0F84630C364F7
:107F3000836882878CBF124A124AB3F5004F0265EC
:107F400080F85CC0026807D1136823F04003136017
:107F5000136843F48043136013685B0603D413680B
:107F600043F040031360002380F85C3051681846EA
:107F700041F0A001516000BD022070470120704710
:107F800009800008E57F0008704700BF30B504464F
:107F900083B0FBF77BF9256802466B68642123F008
:107FA000A00320466B60FFF701FF18B1236E43F07A
:107FB00020032366A36833B922680193D368019331
:107FC00093680193019B012384F85D30236E204662
:107FD0001BB1FFF7D9FF03B030BDFAF7BDFA03B00C
:107FE00030BD00BF816B026809781173C28F816B4D
:107FF000013A92B2C287C28F013192B2816302B15B
:108000007047FFF7C3BF00BF816B10B4026831F83F
:10801000024BD460C28F8163013A92B2C287C38F90
:108020009BB213B15DF8044B70475DF8044BFFF74A
:10803000ADBF00BF30B5026804465168936885B093
:1080400013F0400FC3F3801519D113F0010F2FD196
:10805000980745D49D0600F19180DB050DD58D066E
:108060000BD50020236E43F008032366039093682A
:108070000393039B236E002B5AD105B030BD13F040
:1080800002001AD008067CD413F020002CD18D06F3
:10809000F3D594F85D50032D79D0256E45F0040595
:1080A00025660090D06800909068009000983AE0B3
:1080B00011F0400FCCD0C36C65E08D06DDD594F88F
:1080C0005D50032D63D0256E45F0040525660090B4
:1080D000D0680090906800900098980623D515E02D
:1080E00008064ED49806B8D58806C6D575B194F85A
:1080F0005D0003284BD0206E40F004002066002075
:108100000090D0680090906800900098206E40F039
:10811000010020660020029090680290106820F014
:10812000400010600298DB059BD4236E002BA4D086
:10813000012053688D0723F0E003536084F85D004D
:108140002DD05368A06D23F00303536040B1164B4C
:108150000364FBF769FF18B1236E43F04003236605
:10816000606D002889D0104B0364FBF75DFF002889
:1081700083D0236E43F0400323667EE78806C5D490
:108180007BE72046236D05B0BDE83040184700234B
:108190000193D368019393680193019B6DE7204697
:1081A000FFF7F2FE69E700BFAD81000808B50023C4
:1081B000806AA0F84630C387FFF7E6FE08BD00BF1F
:1081C00030B4036A124D046AA84224F00104046228
:1081D0000ED0104CA0420BD004F54064A04207D052
:1081E00004F58064A04203D004F58064A04203D16A
:1081F000046A24F004040462846923F00A0324F06E
:10820000F00C4CEA02121943826130BC01627047E3
:10821000002C01400034014090F83D30012B23D167
:1082200002210368164A80F83D1093421ED0B3F134
:10823000804F1BD0A2F59432934217D002F5806292
:10824000934213D002F5806293420FD002F594322C
:1082500093420BD002F54062934207D01A6842F075
:1082600001021A6000207047012070479968054A92
:108270000A40062AF6D0B2F5803FEFD100207047C1
:10828000002C01400700010090F83D30012B26D161
:108290000222036880F83D20DA68174942F00102A3
:1082A0008B42DA601DD0B3F1804F1AD0134A93424B
:1082B00017D002F58062934213D002F58062934298
:1082C0000FD002F5943293420BD002F540629342F4
:1082D00007D01A6842F001021A600020704701209E
:1082E00070479968064A0A40062AF6D0B2F5803FE0
:1082F000EFD10020704700BF002C01400004004077
:108300000700010038B590F83C30012B6AD00446D4
:1083100002250123006884F83C3084F83D508568CC
:108320004B4A2A4082600A68602A6AD010D8402AE4
:108330005AD02CD8202A4BD048D832F0100147D040
:1083400018460122002384F83D2084F83C3038BDD3
:10835000B2F5805F13D0B2F5005F27D0702AEFD15D
:10836000D1E901538268C9682B4322F47F4243EA72
:10837000012313438360836843F077038360012202
:10838000002384F83D2084F83C30002038BD502A7A
:10839000D6D1CA684968FFF713FF836823F44013F6
:1083A00023F0700343F057038360E8E78268D1E964
:1083B0000153C9682B4322F47F4243EA012313434C
:1083C0008360836843F480438360D8E7302AB7D161
:1083D000836823F4401323F07003134343F007032F
:1083E0008360CCE7022038BDCA684968FFF7E8FE21
:1083F000836823F4401323F0700343F04703836042
:10840000BDE7036A026A4D6822F01002C968026281
:10841000104A904217D002F50062904213D0826950
:1084200023F0A00322F4704243EA051342EA01322A
:1084300082610362836823F4401323F0700343F0E6
:10844000670383609BE7026A22F040020262E6E76C
:108450008800CEFF002C0140704700BF704700BF6E
:10846000704700BF704700BF036870B5DE681C69C5
:108470000546A20701D5B1075AD4630701D5700795
:1084800043D4210701D532072DD4E00601D5F106EA
:1084900016D4E20701D5F30763D414F4025F0AD0BF
:1084A000300666D4600601D5710673D4A20601D5E4
:1084B000B3064DD470BDE205F4D5330662D4F1E7BE
:1084C0006FF0100108222B68284619612A77DB69B2
:1084D00013F4407F6FD1FFF7BFFF2846FFF7C0FFBF
:1084E00000232B77D5E76FF0080104222B6828467C
:1084F00019612A77DB699B075AD1FFF7ADFF284640
:10850000FFF7AEFF00232B77BFE76FF004010222D5
:108510002B68284619612A779B6913F4407F44D160
:10852000FFF79AFF2846FFF79BFF00232B77A8E76A
:108530006FF002021A61012202779B699A0731D11A
:10854000FFF78AFF2846FFF78BFF00232B7794E77E
:108550006FF020022B682846BDE870401A6100F0D9
:1085600005B96FF001022B6828461A61F8F722FC62
:1085700093E76FF402522B6828461A6100F0F8F86E
:10858000E1058FD56FF480722B6828461A6100F0E0
:10859000F1F887E76FF040022B6828461A61FFF771
:1085A00061FF83E7FFF75AFFCFE7FFF757FFBCE70D
:1085B000FFF754FFA6E7FFF751FF91E770B4284E8D
:1085C0000368B0424A698D680C6839D0B0F1804FB9
:1085D00020D0A6F59436B0421CD006F58066B04295
:1085E00018D006F58066B04214D006F59436B04235
:1085F00026D01C4EB04227D006F58066B04223D06C
:1086000006F58066B0421FD023F08003C5621A438E
:1086100084620CE04E6823F07003C968334323F48E
:1086200040730B4323F08003C5621A438462012127
:1086300070BC036843F0040303604161026070474B
:108640004E6823F070033343CE6823F44073334302
:10865000C56223F0800384621A430B690363E6E773
:10866000002C01400040014070B310B590F83D303F
:10867000044603F0FF0213B30223214684F83D3081
:1086800051F8040BFFF79AFF012384F8483084F86F
:108690003E3084F83F3084F8403084F8413084F82C
:1086A000423084F8433084F8443084F8453084F80C
:1086B000463084F8473084F83D30002010BD80F803
:1086C0003C20FAF7BFFBD7E70120704790F83C2029
:1086D000012A45D00346022070B41A68214E83F85F
:1086E0003D00B24250680D68946827D006F50066D8
:1086F000B2422CD020F070002843B2F1804F50607D
:108700000ED0194882420BD000F58060824207D01B
:1087100000F58060824203D000F59A30824204D195
:10872000896824F080040C4394600022012183F8BE
:108730003C2083F83D10104670BC70474E6820F412
:108740007000304320F0700028435060E8E74E6826
:1087500020F47000304320F0700005435560DFE7DF
:1087600002207047002C014000040040704700BF09
:10877000704700BF704700BF10B4026852E8003F66
:1087800023F4907342E800310029F7D1144C02F130
:10879000080353E8003F234002F1080C4CE8003185
:1087A0000029F4D1C36E012B08D0002320225DF8EC
:1087B000044BC0F88C204367C366704752E8003F03
:1087C00023F0100342E800310029EED052E8003FC8
:1087D00023F0100342E800310029EFD1E5E700BFA4
:1087E000FEFFFFEF704700BF704700BF08B5806A0B
:1087F000FFF7FAFF08BD00BF704700BF40F60F0C3F
:1088000070B504680546E369216813EA0C0FA26895
:1088100029D19E0607D501F0200C02F080565CEAB3
:10882000060C40F0F080E86E012800F0AC80D80221
:1088300000F19E80180606D502F4000201F08000C7
:10884000104340F0E7805A0602D54E0600F1C3807F
:10885000180202D54A0000F10C81DB0102D5002983
:10886000C0F23D8170BDA348104040F0C580A24ECB
:108870003142D8D0DE0740F1DC80CE0540F1D28015
:1088800001262662D5F8906046F00106C5F8906092
:108890009E0740F1C980D60740F1CB8002202062BC
:1088A000D5F890005E0740F00400C5F8900040F154
:1088B000DD8004202062D5F8900040F00200C5F869
:1088C0009000180700F1BD8018050AD54E0108D5A3
:1088D0004FF400602062D5F8900040F02000C5F809
:1088E0009000D5F890000028BCD0980606D501F07D
:1088F000200102F08052114340F0AC80D5F8902066
:10890000A36802F0280203F0400353EA0206284657
:1089100000F0EA80FFF730FFA3685B0640F1A28019
:1089200004F1080353E8003F23F0400304F1080179
:1089300041E8003262B12C6804F1080353E8003FBB
:1089400023F0400304F1080141E80032002AF3D18A
:10895000D5F88000002800F08580684B0364FBF7A1
:1089600063FB00283FF47EAFD5F88000036C4EE037
:1089700056027FF55FAF4FF4801328462362BDE8AF
:10898000704000F0FBB8DE067FF551AFC8067FF5FA
:108990004EAF1022B5F85C302262A268520640F158
:1089A000AF80D5F880000268516889B2002900F0D4
:1089B000DC80994280F0D980A5F85E101268960696
:1089C0005CD502222A67B5F85E102846591A89B28A
:1089D000FFF712FF70BD54E8003F23F0400344E866
:1089E0000032002AF7D1202200232846C5F888202B
:1089F000AB67FFF7F7FE70BDDE077FF549AFCE0529
:108A00007FF546AF3CE7436F002B3FF42BAFBDE84B
:108A100070401847AB6F002B3FF424AF2846BDE8E9
:108A2000704018479E0704D45E0702D5D6073FF56D
:108A300040AF1E077FF548AF01F0200606433FF424
:108A400043AF08202062D5F8900040F00800C5F838
:108A5000900039E76B6F002B3FF450AF28469847E2
:108A60002C684BE72846FFF7BFFE70BD1807E8D417
:108A70002AE72846BDE8704000F084B854E8003F7B
:108A800023F4807344E80032002AF7D104F108038C
:108A900053E8003F23F0010304F1080141E80032EC
:108AA000002AF3D104F1080353E8003F23F0400308
:108AB00004F1080141E80032002AF3D12023C5F86F
:108AC0008C30EA6654E8003F23F0100344E800329B
:108AD000002AF7D1FBF770FAB5F85C3071E7284649
:108AE000BDE8704000F04CB8FFF77EFEC5F890601E
:108AF00070BD00BF0100001020010004ED870008D8
:108B0000B5F85E10B5F85E2089B292B2002A3FF443
:108B1000A9AE5B1A99B200293FF4A4AE54E8003F15
:108B200023F4907344E80032002AF7D1124804F18C
:108B3000080353E8003F034004F1080646E800320A
:108B4000002AF4D120236A67C5F88C30EA6654E81D
:108B5000003F23F0100344E80032002AF7D102233B
:108B600028462B67FFF748FE70BD99427FF47AAE26
:108B700013689C06F3D470BDFEFFFFEF704700BF83
:108B8000704700BF704700BF034644F27F02B3F84E
:108B9000401000200A40A3F8402070474FF0000C1E
:108BA00000B583B002AB4FF0010E03E906000346A7
:108BB0006046A3F840E0A3F840C0A3F844C0A3F87F
:108BC00050C003B000BD00BF70B50A78034630F84E
:108BD000220091F803E020F4EC4020F07000000443
:108BE000000CBEF1030F00F20582DFE80EF0CDD0DD
:108BF000B10240F4C06048F2800C40EA0C0023F857
:108C0000220033F8220020F4E04020F0700000043D
:108C1000000C10434CEA000C23F822C0087B00280B
:108C200000F0B880002033F822C02CF4E24C2CF085
:108C3000700C4FEA0C4C4FEA1C4C4CF4004C4CF0BE
:108C4000800C23F822C00C89B3F8505003EBC20CFF
:108C5000640864001CFA85F5A5F800444C89B3F853
:108C60005050640864001CFA85F5A5F804444C785B
:108C7000002C40F01C8133F8224064040DD533F8F9
:108C8000224024F4E04424F070042404240C44F42E
:108C9000404444F0800423F8224033F82240660622
:108CA0000DD533F8224024F4E04424F07004240469
:108CB000240C44F4004444F0C00423F822400D691D
:108CC000B3F850101CFA81F1B1F802440CF2064CD2
:108CD000C4F30904A1F80244002D00F030813E2DB8
:108CE00000F2658105F0010404EB5504A402A5B26D
:108CF000B1F80244A4B22C43A1F80244B3F85010D6
:108D000089B231F80C40C4F3090421F80C4031F861
:108D10000C40A4B22C4321F80C4048F2800433F8F4
:108D2000221021F4804121F070010904090C81F422
:108D30004051214323F8221033F8221021F4E0415E
:108D400021F040010904090C0C4323F8224070BDB6
:108D500048F28005284323F8220033F82200B14C62
:108D600080B220401043054323F82250087B88B18D
:108D700033F8220080B2204040F4014040F08000EF
:108D800023F8220000205EE740F4007033E740F44F
:108D9000806030E70020CC884E786408640003EBE4
:108DA000C205F6B3B3F8501015FA81F1A1F80044EA
:108DB00033F8221049060DD533F8221021F4E04192
:108DC00021F070010904090C41F4004141F0C00197
:108DD00023F8221033F82210BEF1010F21F4E041F4
:108DE00021F040014FEA01414FEA114112D081F0D8
:108DF000200141F4004141F0800123F8221070BDB0
:108E000033F8221021F4804121F070010904090C8B
:108E100081F4005141F4004141F0800123F8221017
:108E200070BD0E69B3F8501015FA81F1A1F8044431
:108E3000B3F8501015FA81F1B1F80644C4F30904EF
:108E4000A1F80644002E00F096803E2E00F29D8090
:108E5000B1F8064406F00105A4B205EB560544EA54
:108E60008524A4B2A1F8064433F822104D040DD590
:108E700033F8221021F4E04121F070010904090CBB
:108E800041F4404141F0800123F82210002AB7D17B
:108E90001A8822F4804222F070021204120C82F42A
:108EA000405242F4004242F080021A8070BD33F812
:108EB00022104C040DD533F8221021F4E04121F0AA
:108EC00070010904090C41F4404141F0800123F88C
:108ED000221033F8221049060DD533F8221021F460
:108EE000E04121F070010904090C41F4004141F016
:108EF000C00123F8221033F82210BEF1010F21F433
:108F0000E04121F040014FEA01414FEA114118BF11
:108F100081F0200141F4004141F0800123F822104A
:108F200033F8221021F4804121F070010904090C6A
:108F300041F4004141F0800123F8221070BDB1F8E6
:108F400002446FEA44446FEA5444A4B2A1F80244D4
:108F5000B3F85040A4B234F80C10C1F3090124F85E
:108F60000C1034F80C106FEA41416FEA514189B29C
:108F700024F80C10D1E6B1F806446FEA44446FEAD5
:108F80005444A4B2A1F806446EE7B1F8064475094A
:108F9000F60608BF05F1FF35A4B244EA85246FEA5E
:108FA00044446FEA5444A4B2A1F806445CE76C0957
:108FB000ED0608BF04F1FF34B1F80254A402A4B2D4
:108FC000ADB2254345F40045A1F80254B3F8505022
:108FD000ADB235F80C10C1F3090125F80C1035F8C5
:108FE0000C1021436FEA41416FEA514189B225F8E3
:108FF0000C1092E648F28004204323F8220033F854
:10900000220020F4E04020F070000004000C104327
:10901000044323F82240087B08B1012003E6012025
:10902000B9E600BF8F8FFFFF2DE9F04F4B780C7B27
:10903000012B83B035D0ECB1CB78022B00F0FD8052
:10904000012B40F0878000230A788B6130F82230B2
:1090500023F4804323F070031B041B0C83F4405360
:1090600043F4004343F0800320F82230002003B093
:10907000BDE8F08F8A690C78002A55D1CB78002B97
:1090800040F0F98030F8243023F4E04323F07003FB
:109090001B041B0C43F4014343F0800320F82430ED
:1090A000D1E70E698A694B69B24228BF324600F5A2
:1090B0008067002C00F0A880CD780C6A022D91F812
:1090C00000E04BD0A41A30F82E500C6294B2013458
:1090D00015F0400F92B2B0F850504FEA540400F02F
:1090E000D98000F2064616FA85F525F83E204D890E
:1090F0003D443CB103EB4404ED1A1A885A53023341
:109100009C42FAD10A7830F8223023F4E04323F06D
:1091100040031B041B0C83F0300343F4004343F073
:10912000800320F82230A1E730F8243023F4E24312
:1091300023F070031B041B0C43F4004343F0800333
:1091400020F824300B699A427FF67DAFD31A8B61E9
:109150000A787BE7012003B0BDE8F08FA64200F259
:10916000024B80F0DF8030F82E50A41A25F4E04541
:1091700025F070052D042D0C45F4014545F08005C2
:1091800020F82E5030F82EC095B201351CF0400F5B
:109190000C62B0F850C04FEA55051FFA82F800F291
:1091A000064900F08E8019FA8CFC2CF83E80B1F84C
:1091B0000A90B94475B19C46A9EB030903EB450A33
:1091C0000196BCF800602CF809600CF1020CD44543
:1091D000F7D1019E1344A6424B6180F0C880A21AC9
:1091E0000A62B0F850201BFA82F222F83E800C8905
:1091F0003C44002D86D003EB4505E41A1A881A5327
:1092000002339D42FAD17DE795B2CE8801356D08D3
:109210003E4492B207D003EB4505F61A1C889C53D6
:109220000233AB42FAD1B0F850300C7800F202456C
:1092300015FA83F323F8342064E7CB690A78002B0E
:109240003FF404AF30F8223003F040045B0435D41F
:10925000002C7FF4FBAE30F8223023F4E04323F0FF
:1092600070031B041B0C43F4004343F0C00320F8BD
:1092700022300A78EAE630F8243023F4E24323F07F
:1092800070031B041B0C43F4004343F0800320F8DD
:109290002430D8E600F2024616FA85F525F83E207D
:1092A0000D893D44002C3FF42DAF03EB4404ED1A2F
:1092B0001A885A5302339C42FAD123E7002CCAD1B0
:1092C000C4E61BFA8CFC2CF83E80B1F808A0BA4426
:1092D00075B19C46AAEB030A03EB450B0196BCF85B
:1092E00000602CF80A600CF1020CDC45F7D1019EFD
:1092F0001344A6424B6141D2A41AB0F850200C622C
:1093000019FA82F222F83E804C893C44002D3FF449
:10931000F9AE03EB4505E41A1A881A530233AB423F
:10932000FAD1EFE6A5B22C4630F82E20013422F413
:10933000E24222F070021204120C42F4004242F0A7
:10934000800220F82E20B0F8502064081BFA82F228
:1093500022F83E500D893D443FF4D4AE03EB440463
:10936000ED1A1A885A5302339C42FAD1CAE6A5B2C2
:10937000013500221FFA84F86D0831E7A5B20135E6
:109380001FFA84F86D080024B7E700BF4B780A780D
:109390008BB130F8223023F4E04323F040031B0468
:1093A0001B0C83F0100343F4004343F0800320F8C8
:1093B00022300020704730F8223023F4804323F01D
:1093C00070031B041B0C83F4805343F4004343F0ED
:1093D000800320F822300020704700BF4B780A78C5
:1093E00033B330F822305B060DD530F8223023F449
:1093F000E04323F070031B041B0C43F4004343F0D1
:10940000C00320F82230CB78012B0FD030F8223067
:1094100023F4E04323F040031B041B0C83F02003E0
:1094200043F4004343F0800320F8223000207047CB
:1094300030F822305B040DD530F8223023F4E043BD
:1094400023F070031B041B0C43F4404343F08003E0
:1094500020F8223030F8223023F4804323F07003C8
:109460001B041B0C83F4405343F4004343F080037C
:1094700020F822300020704711B98023A0F84C302A
:1094800000207047B0F8440080B27047013302F505
:1094900080625B08104408D00A4601EB4301801A41
:1094A0001388135202328A42FAD1704770B502F51E
:1094B00080625D0800EB020419D06FF001008E1C81
:1094C0003246AC46401A2044815ABCF1010C89B2A4
:1094D0004FEA112E02F1020202F8041C02F803EC1A
:1094E000F2D1013D023406EB450104EB4504DB07F4
:1094F00044BF23880B7070BDD0E90023F0B4D0E9DD
:109500000267D0E90445D0E90601B1F1FF3F08BF89
:10951000B0F1FF3F18D1B5F1FF3F08BFB4F1FF3FF5
:109520000FD1B7F1FF3F08BFB6F1FF3F0FD1F0BC3D
:10953000B3F1FF3F08BFB2F1FF3F14BF012000208D
:1095400070470320F0BC70470420F0BC7047022035
:10955000F0BC704710B54FF6FD7E1F4B0446B3F8C4
:10956000E0C000F580330CF1FF3292B272454FEA51
:10957000C32008D84FF47832184B03EA4C23B2FBCF
:10958000F3F203FB020003294FF0AA324FF0AA3393
:1095900012D0042908D0022916D000F041FFC0B92A
:1095A0000F4B00201C7010BD183000F039FF003840
:1095B00018BF0120400010BD103000F031FF00380E
:1095C00018BF0120400010BD083000F029FF00281E
:1095D000E6D0022010BD00BF0005FA0B00FE1F0000
:1095E0001C290320F8B5044600F052FF002840F083
:1095F000BD804FF6FD73634AB2F8E0C00CF1FF3254
:1096000091B2994200F2B0804FF478355E4B03EA94
:109610004C23B5FBF3F503FB05F5C5F57835ED0AED
:109620004FF6FD7391B2994212D999E04FF6FD774A
:10963000544E2846012100F0F7FE0135002840F085
:109640008D80B6F8E0C00CF1FF3293B2BB4237D840
:109650004FF478334C4901EA4C21B3FBF1F301FBA1
:1096600003F3C3F57833DB0A04339D422AD2002C7E
:10967000DCD04FF47836B6FBF1F01127EB0203F1A2
:10968000006301FB003303F5006ED3E90001B1F183
:10969000FF3F08BFB0F1FF3F03F1080318BF1027D9
:1096A0009E45F2D1102F47D04FF6FD7391B29942EB
:1096B00005F10105CCD9802D04D04FF48021DAE7E3
:1096C000802DB6D100F0E2FE4FF6FD712D4BB3F8C0
:1096D000E020531E9BB28B424AD84FF478302A4B7D
:1096E000022103EA4223B0FBF3F003FB00F0C0F5D4
:1096F0007830C00AFFF72EFF00283FD14FF6FD71EA
:10970000224A204B1080B3F8E020531E9BB28B42BC
:1097100036D84FF478331C4901EA4222B3FBF2F306
:1097200002FB03F3C3F57833C3F3C7232021184C9E
:10973000184A23701160F8BD0121284600F074FE1C
:1097400060B9104B0135B3F8E0C04FF6FD730CF172
:10975000FF3291B299427FF67BAFACE70120F8BDB2
:1097600080234FF4802180E77C2559E70E20F8BD47
:109770007C200221FFF7EEFE0028BFD00220F8BDBA
:109780007C23D3E70005FA0B00FE1F001E290320EF
:109790001C290320CC0003204FF6FD71224B2DE93C
:1097A000F041B3F8E02082B0531E9BB28B4220D828
:1097B0004FF478351D4B03EA4223B5FBF3F503FB69
:1097C00005F5C5F57834E40A271D05F1006606EBBA
:1097D000C420FFF791FE04284FEAC42804F10203D5
:1097E0000BD09F4203D8052002B0BDE8F0811C4693
:1097F000EDE780277C240025E7E7621C9A4206D328
:109800000221204600F010FE48B10120ECE708F1EB
:1098100008202844FFF770FE0428F1D0E3E7019008
:1098200000F034FE0198DFE70005FA0B00FE1F0090
:109830002DE9F0474FF6FD74444A454BB2F8E0106D
:109840001E784A1E92B206F58033A24280464FEA45
:10985000C3234FD84FF478393E4C04EA4124B9FB76
:10986000F4F904FB09F94B441846FFF745FE4FF4A1
:109870007833B3FBF4F304FB03F3C3F57833A6EBBF
:10988000D32A0AF1010505F0030505EBD3250746A8
:1098900005F5803009EBC020DC0AFFF72DFEB8F19A
:1098A000010F12D0B8F1020F0AD0022F1FD0012FE2
:1098B0001BD10AF1030A0AF0030A0AEB040616E0B8
:1098C00098B92E463046BDE8F087022F17D0012FF9
:1098D0000BD1214C2368B3F5006F08D304282BD09B
:1098E00003213046FFF736FEE0B14FF0FF36304639
:1098F000BDE8F0874FF000094FF48024B4E7164C20
:109900002368B3F5006FF2D304281AD00321304640
:10991000FFF720FE0028E8D102212846FFF71AFEB3
:1099200030B1E2E701212846FFF714FE0028DCD120
:1099300020232E462360C5E7FFF72EFF0028CFD057
:10994000D3E7FFF729FF0028E0D0CEE70005FA0BA8
:109950001C29032000FE1F00CC0003202DE9F0414C
:10996000074600200E46FFF763FF431C6DD000F54D
:109970008031CC024FF6FD71354B8046B3F8E020C4
:10998000531E9BB28B4208D84FF47831314B03EA17
:109990004223B1FBF3F203FB02442046FFF7ACFD88
:1099A000831EDBB2022B4BD82B4D04F5FF6C04F168
:1099B000180101E08C451CD0DCE90023B3F1FF3F26
:1099C00008BFB2F1FF3FACF1080C1FFA82FEF1D0E4
:1099D000BE45EFD1A86840F00100A8602B602F8041
:1099E0002C68A4B2B4EB124FE4D100203360BDE880
:1099F000F0814FF6FD71164BB3F8E020531E9BB279
:109A00008B421FD84FF47831124B03EA4223B1FB4B
:109A1000F3F103FB01F1C1F57833DB0A08F1030828
:109A2000A8EB030808F00308984408F5803301EB1D
:109A3000C3242046FFF760FD831EDBB2022BB4D99E
:109A40000720D4E700217C23E8E70320BDE8F0816C
:109A50000005FA0B00FE1F00003002404FF6FD72B9
:109A6000431E9BB2934201D908207047002310B5D2
:109A700082B00C4601A90193FFF770FF019B2360A0
:109A800002B010BD70B5064601200D46FFF7D0FEAE
:109A9000431C3AD04FF6FD711D4B00F5803CB3F8E6
:109AA000E0204FEACC2C531E9BB28B4227D84FF4B8
:109AB0007830184B03EA4223B0FBF3F003FB00F0CD
:109AC000CDB1154CA36843F00103A3602560268047
:109AD00022681204114C2B46216832438C446044A6
:109AE00000F09EFC78B90E4922680B8808320133D9
:109AF00022600B8070BD002EE3D13246EAE70020E1
:109B0000002DDED1F7E7022070BD032070BD00BF3D
:109B10000005FA0B00FE1F0000300240CC000320BD
:109B20001E2903202DE9F04F002785B0CDE9000163
:109B3000C2F10200C0B214460397FFF779FE431C3E
:109B400000F068812023BB4ABB4D1070BB4A06461B
:109B50002F801360002C00F042814FF6FD71B84B4E
:109B6000B3F8E020531E9BB28B4200F23F814FF4CA
:109B70007833B44901EA4222B3FBF2F302FB03F368
:109B80001A46C3F57833DB0A0336F61A06F00306E5
:109B90001E4406F5803002EBC020FFF7ADFC022822
:109BA00000F08680042800F08980012C40F0DB80E2
:109BB000032840F0D8809F4B2C881E789F4B4FF095
:109BC000000B1A6804F1FC03C2EBC62C0CF1006C0C
:109BD0004FF6FD7A9B4F0CF1200C1FFA83FE09E033
:109BE0001FFA89F474454FF0010B2C8002F1080232
:109BF00000F01981924BB3F8E03003F1FF381FFAFF
:109C000088F1514598BF4FF4783107EA432996BF50
:109C1000B1FBF9F0002009FB00F00CEB020101445C
:109C2000D1E90001B1F1FF3F08BFB0F1FF3F04F1FE
:109C30000109D5D14146BBF1000F01D07F48026038
:109C40004FF6FD77DFF8FC8189B204F57C7AB942E2
:109C5000DFF8EC911FFA8AFA08EA432325D84FF47B
:109C60007830B0FBF3F003FB00F0C0F57832D20A95
:109C7000C2F10303334403F003039E1806F5803357
:109C800000EBC320FFF738FC032804F1FC0340F08D
:109C9000C8809CB254452C8078D0B9F8E030591E69
:109CA00089B2B94208EA4323D9D97C220020DFE7F0
:109CB00004213046FFF74EFC00285ED14FF6FD71BF
:109CC0005F4BB3F8E020531E9BB28B4200F2A6809C
:109CD0004FF478335B4901EA4222B3FBF2F302FB13
:109CE00003F31A46C3F57833DB0A06F10309A9EB3F
:109CF000030909F00309994409F5803002EBC020FB
:109D0000FFF7FAFBC31EDBB2012B3AD84C4F4D4E86
:109D10001AE04FF47833B3FBF1F301FB03F3184679
:109D2000C3F57833DB0A09F10309A9EB030909F04C
:109D30000309994409F5803300EBC320FFF7DCFBEE
:109D4000C31EDBB2012B1CD8032810D04FF6FD72C6
:109D5000B7F8E03006EA4321013B9BB29342D8D9E1
:109D600000207C23DFE70A2005B0BDE8F08F042146
:109D70004846FFF7EFFB0028E8D0022005B0BDE819
:109D8000F08F012CB5F800A03FF415AFBAF5FC7FB9
:109D9000F3D2DDE90001FFF775FE0028EDD12C8834
:109DA000022C26D80124009F0CE02B88B3F5FC7F01
:109DB0002CD230460399FFF765FE0028D4D1013438
:109DC000FB2C19D0BC42A6B2F9D0304603A9FFF74C
:109DD000C5FD0028E9D00728F1D00320C4E7012100
:109DE000FFF7B8FB00283FF4B8AEC6E700227C239B
:109DF000CAE6023CFA2CD6D90E4B02211878FFF79E
:109E0000A9FB0028B9D14FF48070ADE7122005B04E
:109E1000BDE8F08F042005B0BDE8F08F00227C2360
:109E200063E7A246B2E7054B1A60054BB3F8E03092
:109E3000591E05E71C2903201E290320CC000320FE
:109E40000005FA0B00FE1F002DE9F04F89B0064611
:109E500000F01EFB002840F0D281074648F20500C2
:109E600001244FF6FD71C04B9A6C42F480529A6403
:109E70009B6CBE4A03F480530793079B5061936821
:109E8000BB4823F0180343F008039360B94B0470F8
:109E9000B3F8E020531E9BB28B4200F242814FF494
:109EA000783AB54B03EA4223BAFBF3FA03FB0AF311
:109EB000C3F57834E40A039304F58033049304F182
:109EC0000408A446039AAD4902F5006202EBC322DE
:109ED0004FEAC32EA2F500630B60F3E802AB9A428F
:109EE000FAD10CF1010CC44502F50062F2D3039BD8
:109EF0004FF0000C0EEB030B5B46E1466546A346B4
:109F00009A46CDE901CC80F800C05046FFF7F4FA3C
:109F1000421ED2B2012A40F20B81032807D1019BD5
:109F2000CDF808B0002B08BFD946013301930BF1DF
:109F3000010BC3450AF5006AE7D3002D00F06481E8
:109F40004FF6FD718B4BB3F8E020531E9BB28B4252
:109F500000F2E481884B03EA42234FF47832B2FBEB
:109F6000F3F203FB02FBCBF578334FEAD32909F573
:109F70008035294609F1040A4FF0030803964C4640
:109F80004646884609F102030BEBC5250193284696
:109F9000FFF7B2FA012800F0FB800134544505F5C3
:109FA000006506F10106F2D30023039E01934FF6EC
:109FB000FD71704BB3F8E020531E9BB28B4200F250
:109FC000A5814FF4783C6C4B03EA4223BCFBF3FCC5
:109FD00003FB0CFCCCF57835ED0A05F58034224600
:109FE00005F104084FF000090CEBC424CA46A3464F
:109FF000039704964F461646A94664465846FFF70F
:10A000007BFA022800F09680032808BFCDF808905C
:10A01000791C01EB0509C1450F460BF5006BEDD32B
:10A02000DDE903765346002B00F08681544D002273
:10A0300020202B78DFF854814FEAC32C0293514B38
:10A040004FF6FD7B9646DFF82CA1DFF82C910CF142
:10A05000006CA8F80020186008E00830B0F5006F28
:10A060004FF0010EA8F8002000F08381BAF8E0302C
:10A070000132591E8DB25D4598BF4FF4783509EA1B
:10A08000432496BFB5FBF4F5002565430CEB0004B3
:10A090002C44D4E90045B5F1FF3F08BFB4F1FF3FC0
:10A0A00092B2DAD1BEF1000F01D0364A10604FF6FD
:10A0B000FD750A46DDF808A02F4CDFF8B89028E0BF
:10A0C0004FF47831B1FBF3F103FB01F1C1F57832C4
:10A0D000D20A0AF103039B1A924503F0030302F12B
:10A0E000020000F0B380504500F0B08003EB020A9C
:10A0F0000AF5803001EBC020FFF7FEF9032840F09D
:10A100001681B8F80030FC33A8F80030B9F8E03018
:10A110005A1E92B2AA4204EA4323D1D97C220021DA
:10A12000D7E7194B4FF080087C2404930397C8E6C7
:10A130000135FCE6A94549D0022F47D0F81C00F0B4
:10A140000300304404EBC020FFF7D6F903287FF466
:10A150005FAFBAF1000F40F0EA80094A4FF0010A00
:10A16000791C82F8009054E7001002400030024051
:10A17000142903200005FA0B00FE1F0018290320F4
:10A180001C290320CC0003207C0001001E29032091
:10A190004C4528D0019BA34225D006F00300404443
:10A1A0000BEBC020FFF7A8F903287FF4F6AE0021DF
:10A1B000744D01220846039E2C70FFF7B3FCB0F5E6
:10A1C000807F40F0DD8001230193F0E6791C01F0EF
:10A1D0000300304404EBC0200591FFF78DF90028FF
:10A1E000B7D0059915E7B01E00F0030040440BEB13
:10A1F000C020FFF781F900287FF4CFAED7E70E2704
:10A20000384609B0BDE8F08F019B002B00F0AB8011
:10A21000C4F10300049B484400F003001844039B6E
:10A2200003EBC020FFF768F904287FF489AE029B96
:10A23000C4F10100184400F0030001212044FFF79D
:10A2400089F900283FF47CAE0227D9E7029D013549
:10A25000AD1A05F00305154405F58033AA4501EB59
:10A26000C32127D0484C002E37D10121284600F0C9
:10A27000DBF8002872D14FF6FD71B4F8E020531ED0
:10A280009BB28B423FD84FF47831404B03EA4223D4
:10A29000B1FBF3F103FB01F1C1F57833DB0A0135C2
:10A2A000ED1A05F003051D4405F58033AA4501EBC1
:10A2B000C321D8D100F0EAF8019B002BA0D1B8F857
:10A2C0000030B3F5FC7F9BD201990846FFF7DAFB1B
:10A2D000071E18BF01277F0092E74FF0110C01F510
:10A2E0000060D1E90023B3F1FF3F08BFB2F1FF3FA7
:10A2F00001F1080118BF4FF0100C8142F1D1BCF1FF
:10A30000100FB8D1B1E700217C23C8E7204A4FF0F5
:10A3100080087C254FF0000C144663E61C494FF082
:10A32000800A4FF07C094FF0000B0D4624E60A2707
:10A33000384609B0BDE8F08FEDB2029AC5F10103CD
:10A34000134403F003031D44E8B20E4D02212870AC
:10A35000FFF700F900283FF46AAE75E70127384699
:10A3600009B0BDE8F08F019809B0BDE8F04FFFF7E4
:10A3700039B9084B1860044BB3F8E030591E96E623
:10A380000C273DE71C2903200005FA0B00FE1F00E7
:10A390007C000100CC0003204FF6FD72431E9BB2EF
:10A3A000934201D908207047044B1B88B3F5FC7F0A
:10A3B00001D2FFF767BB0022FFF7B4BB1E290320C1
:10A3C000134B144A196CB2F8E02011F4801F02F10B
:10A3D000FF334FF6FD719BB20CD18B4297BF0E4BF2
:10A3E0000E4B03EA422303F1006383428CBF01203A
:10A3F000022070478B4297BF074B084B03EA42236A
:10A4000003F1006383428CBF02200120704700BF2C
:10A41000002002400005FA0B00FE1F0000000408A7
:10A4200001460120FAF744BB4FF6FD7C70B50026CB
:10A43000144B0446B3F8E02086B0531E9BB200F5DF
:10A44000803063450D4601964FEAC02008D80E4B78
:10A4500003EA42234FF47832B2FBF3F203FB02002B
:10A46000FFF7AEFF0222034601A902A8CDE903349B
:10A4700005950292FAF70EFC003818BF012006B0CD
:10A4800070BD00BF0005FA0B00FE1F00704700BF43
:10A49000FF2300B58BB001A80293FAF765FB079B79
:10A4A00013F4800F0CBF0E2000200BB000BD00BFC6
:10A4B000D0F8B8320BB11B6818470320704700BFB3
:10A4C00008B5D0F8B8320BB15B689847002008BDDA
:10A4D00038B5044600F2AA25284600F091FB012277
:10A4E00094F8AA12B4F8B032C029C4F89422C4F87F
:10A4F00098320DD001F01F03012B1BD0022B13D07B
:10A5000063B12046BDE8384001F0800103F014B982
:10A510002046BDE83840802103F00EB92946204688
:10A52000BDE8384000F0F6B829462046BDE838407E
:10A5300000F0C8BA29462046BDE8384000F08CBA81
:10A5400070B5044631B91346D0F89422032A0DD0D1
:10A55000002070BD90F89C32032BF9D1D0F8B832AE
:10A560009B69002BF4D0BDE870401847D0E95752E2
:10A57000954208D890F89C32032B0ED0204600F06C
:10A580006DFB002070BDAD1AAA4228BF2A461946AD
:10A59000C0F85C5100F058FBDAE7D0F8B8321B691C
:10A5A000002BEBD09847E9E770B5044649B9D0F8DD
:10A5B0009432022B11D094F8A032012B22D000202B
:10A5C00070BD90F89C32032BF9D1D0F8B8325B699A
:10A5D000002BF4D0BDE870401847D0E90736B342ED
:10A5E0000D4614D820D094F89C32032B2FD0802114
:10A5F000204603F0A1F8204600F03CFB94F8A0327E
:10A60000012BDCD1002384F8A032002070BD9B1BFD
:10A610001146C3611A4600F00DFB2B462A46294617
:10A62000204603F0CDF8C6E782699342DBD8D0F824
:10A6300098329A42D7D20A4600F0FCFA2B462A46B4
:10A6400029462046C4F8985203F0BAF8B3E7D4F884
:10A65000B832DB68002BCAD020469847C7E700BF56
:10A6600000210122D0F8B83280F89C224160C0F865
:10A670009412C0F8A412EBB1D0F8BC2270B5044615
:10A6800012B15B6803B198470022402501261146AC
:10A690004023204603F042F8002280212B4620462A
:10A6A000A4F86461C4F8605103F038F80020A6846F
:10A6B000256270BD0320704703460020197470475F
:10A6C0000346042193F89C220020D2B283F89D22F5
:10A6D00083F89C12704700BF90F89C32042B04D181
:10A6E00090F89D32DBB280F89C320020704700BFAA
:10A6F000D0F8B82262B108B590F89C32032B01D093
:10A70000002008BDD369002BFAD09847002008BD6F
:10A710000320704730B50B780D4603F06003202B03
:10A72000044683B028D0402B26D05BB18021204640
:10A7300003F002F80021204602F0FEFF0025284623
:10A7400003B030BD4B78092BF0D801A252F823F0AA
:10A75000C3A70008EBA700082DA7000809A8000858
:10A760002DA7000811A800084BA800082DA7000875
:10A7700081A800088BA7000829462046D4F8B832E3
:10A780009B6803B0BDE8304018478978B14D012976
:10A79000297000F23B8190F89C32022BDAB200F073
:10A7A0001D81032A00F0FA80802102F0C5FF0021FC
:10A7B000204602F0C1FF20462978FFF781FE0325DD
:10A7C000BDE790F89C32013B022BAFD8CA88022A21
:10A7D000ACD1D0F8A4320146003B18BF01235B0086
:10A7E00041F80C3F00F018FAA8E790F89C32013BC2
:10A7F000022B9BD84B88012BA0D100232046C4F804
:10A80000A43200F02BFA99E74B88012B96D1F5E79B
:10A810008B88002B8AD1CB88002B87D14B887F2B4C
:10A8200084D890F89C22032A80D0DDB2294680F893
:10A830009E5202F0ADFF204600F010FA002D00F00D
:10A84000FB80022384F89C3278E700216A88ADF807
:10A850000610130A013B062B3FF668AF01A151F821
:10A8600023F000BF15A90008FBA8000825A90008CF
:10A870002DA700082DA70008E5A80008A9A8000832
:10A88000CA88012A7FF452AF90F89C32022BD9B2C9
:10A8900000F2B58000293FF449AF0146002341F89A
:10A8A000083F00F0B9F949E7037C002B7FF43EAF85
:10A8B000D0F8B8320DF106001B6B984707234370A0
:10A8C000EB88002B66D0BDF80620002A3FF42EAF9F
:10A8D0009A4228BF1A4601462046ADF8062000F0ED
:10A8E0009BF92BE7037C002B7FF420AFD0F8B83224
:10A8F0000DF106005B6B9847E2E7027CD0F8B832B6
:10A90000002A40F08B809B6A0DF1060098470223D5
:10A910004370D5E7D0F8B4320DF106011B68007C16
:10A920009847CDE7D1B2052900F28A80DFE801F02F
:10A9300026201A140E03D0F8B4329B69002B3FF482
:10A94000F5AE207C0DF106019847B9E7D0F8B43296
:10A950005B69002BF5D1E9E6D0F8B4321B69002B16
:10A96000EFD1E3E6D0F8B432DB68002BE9D1DDE6C5
:10A97000D0F8B4329B68002BE3D1D7E6D0F8B432DC
:10A980005B68002BDDD1D1E60223416080F89C3268
:10A99000FFF796FD204600F061F9CFE60029F3D0DD
:10A9A00041680129F6D0C9B2FFF78AFD297820460F
:10A9B0006160FFF77DFD05460028EBD08021204631
:10A9C00002F0BAFE0021204602F0B6FE20462179B0
:10A9D000FFF776FD022384F89C32B0E60029D9D037
:10A9E00001214160FFF764FD0546F0B1802120465A
:10A9F00002F0A2FE0021204602F09EFE9FE60329FF
:10AA00007FF494AE011D00F007F997E6802102F073
:10AA100093FE0021204602F08FFED0E6DB6A0DF1A6
:10AA200006009847022343704AE7204600F016F9D3
:10AA3000032384F89C3281E6012384F89C327DE66E
:10AA4000D0F8B8329B6B002B3FF470AE0DF10602CC
:10AA5000984735E72029032038B50B780D465A066C
:10AA600004460DD503F06002402A09D0802102F08F
:10AA700063FE0021204602F05FFE0025284638BD17
:10AA800094F89C32013B022B12D82B79032B0FD860
:10AA9000D4F8B83229469B6820469847EB8805468B
:10AAA000002BEBD10028E9D1204600F0D7F8E5E7EC
:10AAB0008021204602F040FE0021204602F03CFEAC
:10AAC000DBE700BF70B50B780D4603F06003202B69
:10AAD00004464CD0402B4AD04BB18021204602F096
:10AAE0002BFE0021204602F027FE002070BD6B786F
:10AAF0008A88012BD1B22BD0032B40D0002BECD174
:10AB000090F89C32022BD8B253D00328E5D101F043
:10AB10000F0303EB8303120604EB830358D4B3F84B
:10AB20006431002BD9D001EB810504EB850505F5D7
:10AB3000AA75002958D0204602F016FE002859D0E8
:10AB400001232B6002222946204600F065F8CCE75D
:10AB500090F89C32022BDAB222D0032ABDD16B8846
:10AB6000002BC2D14E0642D1204600F077F8D4F82F
:10AB7000B83229462046BDE870409B68184790F8D7
:10AB80009C32022BDAB20BD0032AA6D16B881BB9F8
:10AB90004A0601D0EB887BB3204600F05FF8A4E7BB
:10ABA0004B069AD002F0C8FD8021204602F0C4FD79
:10ABB0009BE7480691D1002311064CBF04F1140114
:10ABC00004F5AA71022220460B6000F025F88CE7FC
:10ABD0009B8C002B81D001F07F05013505EB8505AD
:10ABE000802904EB8505A6D100232B60AAE702F09B
:10ABF000AFFDB9E72860A5E702F09EFDCCE700BFF6
:10AC00000B7803704B7843704B8843808B8883802C
:10AC1000CB88C380704700BF10B5134602240A4694
:10AC2000C0E906330021C0F8944202F0BDFD0020C7
:10AC300010BD00BF8C4608B500211346624602F0E5
:10AC4000B3FD002008BD00BF8C4608B500211346A7
:10AC5000624602F0B5FD002008BD00BF002310B51C
:10AC600004241A461946C0F8944202F09DFD0020C3
:10AC700010BD00BF002310B505241A461946C0F8C0
:10AC8000944202F09DFD002010BD00BF08B54FF0BA
:10AC9000E0231B6901F00EFD012800D108BDBDE8CD
:10ACA000084002F05BBA00BF08B5EFF3058313B1AB
:10ACB0006FF0050008BD01F0FDFC012807D0EFF39F
:10ACC0001083002BF4D1EFF31183002BF0D101F0AE
:10ACD000F1FC0128034604D1034A106808B9136047
:10ACE00008BD4FF0FF3008BD7C360320EFF305832D
:10ACF00013B16FF00500704710B501F0DBFC0128BF
:10AD000009D0EFF3108313B16FF0050010BDEFF31E
:10AD10001183002BF8D101F0CDFC01280CD1084B98
:10AD20001A68012A08D1002402220649CC771A6049
:10AD300001F0C0FA204610BD4FF0FF3010BD00BF3B
:10AD40007C36032000ED00E0F0B5002587B0144606
:10AD50000595EFF3058212B1002007B0F0BD07465C
:10AD60000E4601F0A7FC012809D0EFF3108313B1C0
:10AD7000059807B0F0BDEFF31183002BF8D1002F39
:10AD8000F6D00CB3A569DDB918256368DB07E3D4F9
:10AD900063693BB39A08A068D4F800C0E16820B3A7
:10ADA000AB29E5D921690029E2D0002BE0D0CDE91B
:10ADB0000110334661463846009501F045F9CCE76D
:10ADC0006B1E372BE1D9C7E74FF480721825214657
:10ADD00005AC334638460095019401F069F9012825
:10ADE000BAD1C5E74FF48072D5E70029C0D12369F5
:10ADF000002BBDD1644692B2E9E700BFEFF30583B3
:10AE000013B16FF00500704710B5044601F052FC15
:10AE1000012809D0EFF3108313B16FF0050010BDC6
:10AE2000EFF31183002BF8D10CB9002010BD2046A0
:10AE300001F022FAF9E700BF4FF4807330B4034DFC
:10AE4000034C05600C60136030BC7047D0350320A4
:10AE5000D03103204FF4007330B4034D034C056030
:10AE60000C60136030BC7047243103202429032078
:10AE70004FF0FF31002200F10803C0E90131C0E9C1
:10AE800003330260704700BF00230361704700BFB7
:10AE90004268036810B494680133C1E90124616019
:10AEA00091605DF8044B08610360704730B40D6831
:10AEB0006B1C10D000F108031C465B681A68AA429C
:10AEC000FAD902684B60013299608C606160086158
:10AED00030BC0260704704696368F2E7036910B42C
:10AEE000D0E901125C688A6051600021844208BF89
:10AEF0005A601A680161013A1A6018685DF8044BDB
:10AF0000704700BF70B51646026C0446856B2AB9BF
:10AF1000066801354EB31046A56370BD8EB9406812
:10AF200002F0F2FC6368216CA2680B4493426360F8
:10AF300028BF236805F1010528BF63600020A563D1
:10AF400070BDC06802F0E0FC226CE36851429B1ABD
:10AF50002268E360934202D2A3680B44E360022EAE
:10AF600008D001350020A56370BD806801F0FAFBB0
:10AF7000A660D1E7012D38BF0125DFE770B5054692
:10AF800002F0CAF895F845305CB2002C14DD05F1EA
:10AF9000240603E0631EDAB25CB26AB16B6A5BB18D
:10AFA000304601F0B5FA0028F4D001F077FB631EBB
:10AFB000DAB25CB2002AF1D1FF2385F8453002F005
:10AFC000B9F802F0A9F895F844305CB2002C14DD11
:10AFD00005F1100603E0631EDAB25CB26AB12B69B8
:10AFE0005BB1304601F094FA0028F4D001F056FB32
:10AFF000631EDAB25CB2002AF1D1FF2385F8443037
:10B00000BDE8704002F096B870B568B3C56B0446F1
:10B01000F5B1026CA2FB0525D5B90E4602F07CF80D
:10B02000D4E90F30FF2100FB03F32268181A626095
:10B0300013440244A563C4E9023284F8441084F83E
:10B04000451046B9236993B902F074F8012070BD28
:10B0500002F0B8F9FEE704F11000FFF709FF04F170
:10B060002400FFF705FFEFE702F0ACF9FEE704F17B
:10B07000100001F04DFA0028E6D002F041F8E3E7B5
:10B0800070B582B09DF8186033B3054650B11C46C8
:10B090005AB139B150230193019B502B0DD002F0CE
:10B0A00091F9FEE702F08EF9FEE70029FAD150236C
:10B0B0000193019B502BF2D12246C4E90F5101218B
:10B0C0002046226084F84610019BFFF79DFF204632
:10B0D00084F84C6002B070BD02F074F9FEE700BF66
:10B0E000F0B585B00192002800F0878004460E4636
:10B0F0001D46002961D0022D02D1E36B012B6FD1D7
:10B1000001F0D8FA00284ED002F006F8A26BE36BEB
:10B110009A4258D3022D56D0002007460DE002F087
:10B1200009F82046FFF72AFF01F01CF901F0F4FFAF
:10B13000A26BE36B01209A4245D3019B002B5FD0A9
:10B14000002836D001F0F6FF01F004F901F0E4FF29
:10B1500094F84430FF2B08BF84F8447094F84500FD
:10B16000FF2808BF84F8457001F0E4FF01A902A898
:10B1700001F05CFA002848D101F0CEFFA26BE36B2E
:10B180009A42CCD101F0D6FF019904F1100001F0F0
:10B190007FF92046FFF7F2FE01F0E4F80028C5D160
:10B1A00001F0AEFFC2E7019B002BADD002F00AF91F
:10B1B000FEE702A801F02EFAC4E7036C002B9AD038
:10B1C00002F000F9FEE72A4631462046FFF79AFED4
:10B1D000636A5BB938B901F0ADFF012005B0F0BD7D
:10B1E00002F0F0F8FEE701F08BFFF4E704F1240031
:10B1F00001F08EF90028EED0F5E702F0E3F8FEE763
:10B2000001F098FF002005B0F0BD2046FFF7B6FE24
:10B2100001F0A8F8F6E700BF70B582B011B3502373
:10B220000193019B502B1AD10C46002601210546A3
:10B23000C4E90F1684F8461020462460019BFFF7EE
:10B24000E3FE334632463146204684F84C50A66031
:10B250002660E660FFF744FF204602B070BD02F0B2
:10B26000B1F8FEE702F0AEF8FEE700BFF0B585B03A
:10B27000019200286BD004460E4600295BD001F0F5
:10B2800019FA00285DD001F047FFA56B002D61D1B0
:10B29000019B002B42D002A801F0BCF92F4601F01F
:10B2A00049FF01F057F801F037FF94F84430FF2BC5
:10B2B00008BF84F8447094F84530FF2B08BF84F829
:10B2C000457001F037FF01A902A801F0AFF998B964
:10B2D00001F022FFA36B33BB01F02CFF019904F1B5
:10B2E000240001F0D5F82046FFF748FE01F03AF8B7
:10B2F00068B901F005FF0AE02046FFF73FFE01F0C4
:10B3000031F801F009FFA36B43B101F013FF01F025
:10B3100003FFA56BF5B9019B002BC0D101F00AFF1B
:10B32000002005B0F0BD01F005FF2046FFF726FE26
:10B3300001F018F8EBE7036C002BA0D002F042F804
:10B34000FEE7019B002B9ED002F03CF8FEE702F0E6
:10B3500039F8FEE7226C5AB1E168A36811449942BA
:10B36000E16028BF2168304628BFE16002F0CCFAD6
:10B37000013DA56323691BB901F0DCFE0120D0E784
:10B3800004F1100001F0C4F80028F5D001F0B8FE77
:10B39000F2E700BFF0B585B00191002878D0036CCA
:10B3A0000446002B3FD101F085F910B9019B002B19
:10B3B0006BD101F0B1FEA56B002D7AD1019B002B62
:10B3C00060D002A801F026F92E462F4601F0B2FE09
:10B3D00000F0C0FF01F0A0FE94F84430FF2B08BF3E
:10B3E00084F8447094F84530FF2B08BF84F845700A
:10B3F00001F0A0FE01A902A801F018F9B0B901F00E
:10B400008BFEA36B23B301F095FE2046FFF7B6FD3C
:10B4100000F0A8FF01F080FEA56B002D49D1019B33
:10B42000002BD3D12EE001F0CDFFFEE72046FFF741
:10B43000A5FD00F097FF01F06FFEA36B2BB901F0A3
:10B4400079FEC6B9002005B0F0BD01F073FEE1E75A
:10B4500001F070FE23681BB3019904F1240001F090
:10B4600017F82046FFF78AFD00F07CFF0028D1D1B5
:10B4700001F046FECEE701F04FFE616A59B9A068BF
:10B4800001F0B8F901F056FEDCE701F09BFFFEE7A2
:10B4900001F098FFFEE7236B1968C1F13801EEE770
:10B4A00001F03AFEA06801F015F9064601F042FEEF
:10B4B000D2E72368013DA56373B123691BB901F08D
:10B4C00039FE0120BFE704F1100001F021F8002847
:10B4D000F5D001F015FEF2E701F0DAF9A060ECE733
:10B4E00038B500B3A1B1124C6268234682421DD028
:10B4F000A44600221D68013208337DB1082A07D016
:10B500005D689C46A842F5D104EBC20CCCE9001062
:10B5100038BD5D68A842F7D001320833082AF8D157
:10B52000CCE90010F4E701F04DFFFEE70022EBE765
:10B530008036032070B504460E46154601F0ECFD3A
:10B5400094F84430FF2B04BF002384F8443094F86F
:10B550004530FF2B04BF002384F8453001F0EAFD9D
:10B56000A36B23B12046BDE87040FFF707BD04F18F
:10B5700024002A46314600F09FFF2046BDE8704077
:10B58000FFF7FCBC2DE9F8431C4683681646A3EB85
:10B5900004089045474628BF1746E219934202D255
:10B5A00001F010FFFEE7054680693A4620448946CF
:10B5B00002F0AAF9B0450BD2AB68F21B9A4202D94D
:10B5C00001F000FFFEE7A86909EB070102F09CF912
:10B5D000AB68A019984228BFC01ABDE8F88300BF25
:10B5E0002DE9F0411C460B4681681546A1EB040885
:10B5F0009045474628BF1746E219914202D201F012
:10B60000E1FEFEE7816906463A461846214402F00B
:10B610007BF9A84506D3B3686019984228BFC01AC1
:10B62000BDE8F081B1693844EA1B02F06DF9F2E738
:10B63000F0B51646027F1C46D20705460F46036842
:10B6400083B006D4B44228BF34467CB9204603B048
:10B65000F0BD04220DEB0201FFF7C2FF019A034681
:10B6600096420CD20024204603B0F0BD2246394653
:10B670002846FFF7B5FF2860204603B0F0BD164608
:10B68000043CDFE7F0B51646027F1C46D2070546AC
:10B690000F46436883B007D5089A0196944211D2A9
:10B6A0000024204603B0F0BDB44228BF3446002C2D
:10B6B000F7D0224639462846FFF764FF68602046E7
:10B6C00003B0F0BD04220DEB0201FFF75BFF34462F
:10B6D0000346002CE5D0ECE72DE9F04182B0CBB178
:10B6E0001D46089BE3B1814204460E460FD8002A4E
:10B6F0000CBF4FF002084FF0030804280DD9242393
:10B700000193019F9F420ED001F05CFEFEE701F025
:10B7100059FEFEE701F056FEFEE701F053FEFEE79C
:10B7200001F050FEFEE702465521284602F060F87F
:10B73000854202D001F046FEFEE73A460021089815
:10B7400002F056F8089B012E38BF012618469D616D
:10B750009C6083F81C80DE6002B0BDE8F08100BF11
:10B7600038B568B1856802680168446803689A4220
:10B77000F9D168180138001B854298BF401B38BDBD
:10B7800001F020FEFEE700BF08B540B182684368C3
:10B790000168D018401A824298BF801A08BD01F093
:10B7A00011FEFEE72DE9F04387B00393002900F076
:10B7B00084800446002800F08380037F8568DB07CF
:10B7C00017460E4605F1FF325ED4BA4228BF3A460C
:10B7D0009046039B002B33D004A800F005FF01F036
:10B7E0009BFCA16820682568626823689842F9D1AB
:10B7F0000D44013DAD1AA94298BF6D1AA84565D9FF
:10B800000021084601F06CFAD4F81490B9F1000F49
:10B810005FD100F049FF606101F08CFC039A49465A
:10B8200000924B464A46484601F074F803A904A822
:10B83000C4F8149000F0FAFE0028D0D05DB9A568D5
:10B8400022682168606823689A42F9D14B1E1B1A4E
:10B850005D1938BF1D462B463A4631462046CDF885
:10B860000080FFF70FFF054650B1A26863682168AA
:10B8700013445B1A9A4298BF9B1AE2689A420CD909
:10B88000284607B0BDE8F08307F1040847451AD2FF
:10B8900042459ED200230393D2E700F05BFD23696B
:10B8A00043B100262069334632463146009601F006
:10B8B0007DF8266100F056FDE2E701F083FDFEE72A
:10B8C00001F080FDFEE701F07DFDFEE701F032FCB6
:10B8D000B4E701F077FDFEE7F0B583B0002942D070
:10B8E0000446002842D01F4690F81CC0D0F808E05B
:10B8F0000CF0010C02EB8C0C25682668636820684C
:10B900008542F9D17644013EF31A9E45204698BF00
:10B91000A3EB0E03CDF800C0FFF7B4FE054650B10F
:10B92000A2686368216813445B1A9A4298BF9B1A05
:10B93000E2689A4202D9284603B0F0BD01F042FD08
:10B94000236906464BB12069019700273B463A46DA
:10B950003946009701F0AAF82761304601F03EFD14
:10B96000284603B0F0BD01F02DFDFEE701F02AFDF1
:10B97000FEE700BF2DE9F04383B0002949D004461B
:10B98000002849D0077F0E4607F0010790469946E8
:10B99000BF0073B9A368656822681D44AD1AAB4245
:10B9A00098BFED1ABD4212D80025284603B0BDE865
:10B9B000F08301F0B1FBA368656822681D44AD1AED
:10B9C000AB4298BFED1ABD421AD901F0B3FB2B462A
:10B9D000424631462046FFF72BFE05460028E3D0BD
:10B9E00000F0B8FC636943B1002660693346324613
:10B9F0003146009600F0DAFF666100F0B3FCD4E750
:10BA00000021084601F06CF9256945B101F0DAFC26
:10BA1000FEE701F0D7FCFEE701F0D4FCFEE700F002
:10BA200043FE206101F086FB2B462A462946284624
:10BA3000CDF8009000F06EFF2561ABE72DE9F041F5
:10BA4000054601F069FB374A374F1368013313602D
:10BA50003B68002B35D0354CEB6A226852B3344E2C
:10BA6000344935480A6805F1040C01326A640A60F9
:10BA700002689A4238BF036003EB830306EB83003E
:10BA800041689B00A960F258D1F808E00132C5F87E
:10BA90000CE0CEF804C0C1F808C06861F25001F0B3
:10BAA00049FB236823B13A68EB6AD26A9A4210D301
:10BAB000BDE8F0813A681E4ED26A9A4298BF3D6056
:10BAC000CEE73D601368012B07D0EB6A184E174C88
:10BAD000C6E7BDE8F04101F013BB154E344606F54C
:10BAE0008C6820461434FFF7C3F94445F9D1DFF8D8
:10BAF0006480124C4046FFF7BBF92046FFF7B8F9C7
:10BB00000F48FFF7B5F90F48FFF7B2F90E48FFF7F6
:10BB1000AFF90E4BC3F800800D4B1C60EB6A034C71
:10BB20009EE700BFF0360320C43B0320E436032029
:10BB300064370320D4360320E83603203C37032043
:10BB4000203703200C370320F43603203837032036
:10BB50003437032050370320F8B50446214B224EDA
:10BB60001D6830680F460430FFF7B8F9631C17D022
:10BB700033682D195D600BD21C4B18683168043195
:10BB8000FFF794F91A4B1A68AA4200D91D60F8BD54
:10BB9000184B18683168BDE8F8400431FFF786B9E2
:10BBA0006FB933686A1E5A60002DF1D10F4B1868C7
:10BBB00031680431FFF77AF90D4B1B68F8BD0E4B65
:10BBC00031685A6837688A603068316835681C683F
:10BBD000043001341C6094680431FC606060916042
:10BBE0006B61F8BDEC360320C43B032038370320DB
:10BBF000D036032034370320F43603202DE9F047F4
:10BC00008A460A9C95000746A5212A46206B98463D
:10BC1000089E01F0EDFDD4F83090BAF1000F0FD07E
:10BC20000AF1FF3C0AF10F0104F1330E1CF8012F59
:10BC30000EF8012F0AB18C45F8D1002384F8433067
:10BC4000372E02D901F0BEFBFEE7E662E664201D56
:10BC5000FFF71AF9C6F1380604F11800FFF714F9D6
:10BC60004C220021A6612461646204F1580001F0B5
:10BC7000BFFD0B49043D01F16803E16509EB0500D7
:10BC8000D0312366616643463A46216B20F00700B7
:10BC900001F092FA099B206003B11C60BDE8F087B7
:10BCA0001C55032080B51E4DDFF884801D4E1E4FAD
:10BCB0001E4C2B684BB301F02FFAD8F80C30D3F898
:10BCC0000C9009F10400FFF709F93368013B336078
:10BCD0002B68013B2B6001F02DFA3868583001F0D9
:10BCE0008FFD99F8A93033B1012B14D0022BE0D08D
:10BCF00001F068FBFEE7D9F8300001F07BFC484614
:10BD000001F078FC2B68002BD5D12368012BD0D90A
:10BD100001F0F6F9CDE7484601F06CFCC9E700BF39
:10BD200008370320F0360320C43B03206437032088
:10BD30000C3703202DE9F04F604B83B01C680134B1
:10BD40001C60002C79D05E4B1A6894427CD35D4D08
:10BD50002A681268002A00F0AC804FF0000CCDE990
:10BD6000004366465848DFF874E1584F58E0D3F86E
:10BD70001490D3E90241A1609C684C60D9F804108A
:10BD8000914204BFD968C9F80410D9F800105E6167
:10BD90000139C9F80010D3F82890B9F1000F11D07B
:10BDA000D3E90741A160DC694C60D9F80410414532
:10BDB00004BF196AC9F80410D9F800109E6201394D
:10BDC000C9F80010D3F82C80D7F8009008EB880150
:10BDD00000EB810AC845DAF8049088BFC7F80080F4
:10BDE00050F82180C3F80890D9F808B008F101088C
:10BDF000C3F80CB0CBF80420C9F80820C3F814A08D
:10BE000040F82180DEF80020D5F80080D96AD26A97
:10BE1000D8F80030914288BF4CF0010C002B43D081
:10BE20002B68009CDB68DB6859681A1D8C4203F1A3
:10BE300018089CD2019B19600BE0224B1A6812680B
:10BE4000DAB101F0BFFAFEE74FF0000C1E48DFF850
:10BE50008CE0DEF800301E4ADB6A03EB83039B00B4
:10BE6000C0581368012898BF002B14BF0120002080
:10BE700040EA0C0003B0BDE8F08F164A186811685C
:10BE80001960154910600A6801320A601A68126860
:10BE900022B94FF0FF320A4B1A6055E71A68084B77
:10BEA000D26812681A604FE7019B4FF0FF321A60A8
:10BEB000CFE794460448DFF824E0F6E7EC360320A9
:10BEC000D03603203837032064370320E8360320B8
:10BED000DC36032034370320D8360320C43B03204C
:10BEE0002DE9F04F4E4C83B001F016F92368013B69
:10BEF00023602668002E40F083804A4B1B68002B8D
:10BF00007ED0494D2B68002B00F08680474F484873
:10BF1000DFF82CC1DFF82C810196EB68DB681A6A28
:10BF2000DE69996AB260DE6903F1180E56604A68EC
:10BF3000019E724504BF1A6A4A600A689E62013A0D
:10BF40000A60D9689E685A69B1609E6803F1040E60
:10BF50004E605168714504BFD9685160116801395C
:10BF60001160DA6AD7F8009002EB820100EB810AD7
:10BF70004A45DAF8049088BF3A6050F82120C3F8A7
:10BF80000890D9F808B00132C3F80CB0CBF804E03F
:10BF9000C9F808E0C3F814A040F82120DCF800102C
:10BFA000DA6ACB6A9A4284BF0123C8F800302B6852
:10BFB000002BB2D11F4B1A68126842B31A681E4B8D
:10BFC000D26812681A601D4E356895B1012706E0E7
:10BFD000FFF7B0FE08B1C8F80070013D08D0236833
:10BFE000002BF5D03368013D03F101033360F6D136
:10BFF0003560D8F800301BB101F082F8012400E070
:10C00000002401F097F8204603B0BDE8F08F4FF010
:10C01000FF32094B1A60D6E7DFF82880D3E700BF6C
:10C02000C8360320F036032020370320E8360320EB
:10C030006437032038370320D0360320E03603204E
:10C04000C43B0320DC3603202DE9F04188B0DDE954
:10C050000F573DB34FB31646AC220792079AAC2A4E
:10C0600002D001F0AFF9FEE704468846384607994A
:10C070000021059301F0BCFB20460E9C3D6300941B
:10C080000224029787F8A94006AC32464146059B38
:10C090000194FFF7B3FD3846FFF7D0FC069808B0CF
:10C0A000BDE8F08101F08EF9FEE701F08BF9FEE7C3
:10C0B0002DE9F043064685B0900015460F46984698
:10C0C00001F010FA08B30446AC2001F00BFA8146E7
:10C0D000C0B1AC22002101F08BFBC9F830400D9CAF
:10C0E000434601940C9C2A4639463046CDF80890C8
:10C0F0000094FFF783FD4846FFF7A0FC012005B040
:10C10000BDE8F083204601F075FA4FF0FF3005B02E
:10C11000BDE8F08370B50446304D00F0FDFF002C03
:10C1200042D0261D3046FEF7D9FEA36A1BB104F1AA
:10C130001800FEF7D3FE2A4A1368013313602B68F8
:10C14000A34228D0274A28491368013B13600B6893
:10C150001B68DBB10A68254BD26812681A6000F0D0
:10C16000E9FF2B68A3420AD02868583001F048FB49
:10C1700094F8A9301BB3012B28D0022B16D11C4BED
:10C180001B6813B12B68A34213D070BD4FF0FF3270
:10C19000164B1A60E3E731461648FEF779FE164A59
:10C1A000136801331360DAE72C68BAE701F00AF983
:10C1B000FEE7124B1B686BB101F004F9FEE7206B40
:10C1C00001F018FA204601F015FAD8E7204601F0F0
:10C1D00011FAD4E7BDE8704000F092BFC43B0320E1
:10C1E000D4360320F036032038370320D03603201E
:10C1F000E43603200C37032008370320C836032019
:10C2000038B578B3D1B11A4C23682BBB23680133FE
:10C210002360184B02681D6853182CBF01210021B0
:10C22000AA420ED8D9B103600021581BFFF794FC35
:10C23000236801255BB901F0C5F8FEE701F0C2F8FB
:10C24000FEE761B9036023680025002BF3D0FFF7F8
:10C2500047FE50B1284638BD01F0B4F8FEE79D42D4
:10C26000E1D3EFE701F0AEF8FEE700F049FFF1E7B8
:10C27000C8360320EC360320C0B110B50C4C216841
:10C2800011B101F09FF8FEE7236801332360FFF747
:10C2900063FC23681BB1FFF723FE18B110BD01F04A
:10C2A00091F8FEE7BDE8104000F02ABF00F028BF7B
:10C2B000C836032030B5002489B007AA06A905A80E
:10C2C000CDE90544FEF7B8FDDDE905231849CDE9C0
:10C2D000013218482346079A0094FFF7B5FE164B23
:10C2E000186030B100F0B4FE0128054608D00135D1
:10C2F00003D0124B1B6809B030BD01F063F8FEE7B4
:10C3000001F060F84FF0FF300D4B0E4A1B680E49EC
:10C31000583313600D4A0E4B086015601C60F4F72B
:10C3200083F900F085FF054B1B6809B030BD00BFE5
:10C3300010DB0008A5BC0008CC360320B4E20008DE
:10C34000C43B0320D4000320D0360320E43603206E
:10C35000EC360320024A136801331360704700BFB4
:10C36000C836032008B5054B1B6813B901F02AF83D
:10C37000FEE7BDE80840FFF7B3BD00BFC8360320A5
:10C38000014B1868704700BFEC360320054B1B6853
:10C390000BB9FFF7CFBC044A0020136801331360C8
:10C3A000704700BFC8360320E0360320304B1B68BF
:10C3B0001BB101222F4B1A6070472E4A70B51360D3
:10C3C000F4F73CF92C4B2D4A1860156819682C4C71
:10C3D000A94205D91E682068416D491B3144416559
:10C3E0001968236811601B6B1A68B2F1A53F07D169
:10C3F0005A68B2F1A53F03D19A68B2F1A53F32D095
:10C40000206821683431F3F723FF1E4D1E492B6845
:10C4100003EB830292008A58980042B903B3013BB0
:10C4200003EB830251F822209800002AF6D018442A
:10C4300001EB800C6246DCF8041008324968914236
:10C44000CCF8041008BFDCF80C10104A08BFCCF878
:10C450000410C96821602B6023685833136070BDD5
:10C4600000F0B0FFFEE7DB68B3F1A53FC8D1CCE731
:10C47000C8360320DC360320C0360320C436032030
:10C48000C43B0320E836032064370320D400032094
:10C4900010B558B10C46074B19681831FEF706FD68
:10C4A0002046BDE810400121FFF756BB00F08AFF8F
:10C4B000FEE700BFC43B0320F8B5034610B3134C9E
:10C4C0005D680846002A11462268D4F800E0D5616C
:10C4D00026682268D4F800C002F118041A68AF6810
:10C4E00006F1180602F10102CEF8207018BF4FF0D5
:10C4F000FF307E60AC60CCF828301A60BDE8F840B0
:10C50000FFF72ABB00F05EFFFEE700BFC43B03203D
:10C51000C36870B5DB68002B57D0D3E907019A6A6E
:10C520008160DD6954684D60002503F11800844284
:10C5300008BF196A264C08BF516011689D62013915
:10C5400011602268AAB1234A5468DC61A1681962AB
:10C5500048601168A06001319A6211601E49DA6A70
:10C560000B68DB6A9A422ED901231C4A18461360D5
:10C5700070BD5A69D3E9020181609C6850681D1D35
:10C580004C60A84208BFD968154808BF51601168BF
:10C5900001391160DA6A01688A42124988BF026073
:10C5A00002EB82024FEA820C01EB8202546851F8DE
:10C5B0000C009C60A6680130DE607560A5605A6161
:10C5C00041F80C00CAE7002070BD00F0FBFEFEE75A
:10C5D000C836032020370320C43B0320DC36032069
:10C5E000E83603206437032010B560B1044600F03C
:10C5F00093FD064A064B12681B68C4E90023BDE898
:10C60000104000F097BD00F0DDFEFEE7D8360320B5
:10C61000EC360320034A044B12681B68C0E9002370
:10C62000704700BFD8360320EC360320F8B568B356
:10C630000D4641B3044600F06FFD2B68154A581CA7
:10C6400011681BD0D4E90060DFF84CC0DCF8007042
:10C65000BE4208D0884206D8002301242B6000F097
:10C6600069FD2046F8BD0F1ABB42F5D95B1ADCF80C
:10C670000010126803442B60C4E90012002400F08B
:10C6800059FD2046F8BD00F09DFEFEE700F09AFE41
:10C69000FEE700BFEC360320D83603200122014B11
:10C6A0001A607047DC360320014B1868704700BFE2
:10C6B000C43B0320054B1B6833B1054B1868B0FA27
:10C6C00080F040094000704701207047E4360320A5
:10C6D000C8360320F8B50446C8B11F4DC36A2A689E
:10C6E000D26A934214D28269002A04DB2A68D26A91
:10C6F000C2F138028261194E626903EB830306EBD3
:10C7000083039A420CD02B68DB6AE3620120F8BDF8
:10C710002B68C06CDB6A98422CBF00200120F8BD5A
:10C72000271D3846FEF7DAFB2B680D4ADB6A1168D5
:10C73000E3628B4288BF136003EB8303980006EB30
:10C74000830359683258A1608D680132E5606F60DB
:10C750008F6063613250D9E7C43B03206437032004
:10C76000E836032098B1204B70B51B68044683421D
:10C7700002D000F027FEFEE71B6D53B1C16AC26C08
:10C78000013B9142036500D033B1002070BD002011
:10C79000704700F017FEFEE7051D2846FEF79EFBDA
:10C7A000E36C124AC3F13800A06101201168E36212
:10C7B0008B4288BF13600E4A03EB83034FEA830E5C
:10C7C00002EB8303D3F804C052F80E10C4F808C07B
:10C7D000DCF808600144E6607560CCF808506361DD
:10C7E00042F80E1070BD00BFC43B0320E8360320A2
:10C7F0006437032080B1036D70B504464BB1C06C43
:10C80000E26A814238BF01468A4201D0012B04D03E
:10C8100070BD00F0D7FDFEE770471A4B1B68A342BE
:10C820002CD0A369E162002BA8BFC1F13801164DDD
:10C83000A8BFA16102EB8202616905EB8203994204
:10C84000E6D1261D3046FEF749FB104AE36A11681F
:10C850008B4288BF136003EB8303980005EB8303CF
:10C8600059682A58A160D1F808C00132C4F80CC038
:10C87000CCF804608E6063612A5070BD00F0A2FDA8
:10C88000FEE700BFC43B032064370320E8360320E3
:10C89000044B1A681AB119680A6D01320A651868E2
:10C8A000704700BFC43B032070B510B100F08AFD93
:10C8B000FEE7174D0E46144600F02EFC2B68D3F809
:10C8C000A43023B901212B6883F8A810CCB900F05B
:10C8D00031FC00F021FC2B68D3F8A44024B15EB1F8
:10C8E00000222B68C3F8A42000222B6883F8A8201C
:10C8F00000F020FC204670BD2B68621EC3F8A42007
:10C90000F2E72046FFF728F900F0FAFBDFE700BF67
:10C91000C43B0320F8B510B100F054FDFEE7224EF1
:10C920001D460C46174600F0F7FB336893F8A83015
:10C93000022B0CD001213268D2F8A43023EA040380
:10C94000C2F8A430336883F8A810069BFBB900F046
:10C95000F1FB00F0E1FB1DB13368D3F8A4302B608C
:10C96000336893F8A830022B08D0002400223368E3
:10C9700083F8A82000F0DEFB2046F8BD32680124D1
:10C98000D2F8A43023EA0703C2F8A430EEE7184631
:10C99000FFF7E2F800F0B4FB00F0CCFB00F0BCFBCA
:10C9A000002DD9D1DCE700BFC43B032070B531BBFB
:10C9B0000446B0B11D46164600F0AEFB049B1BB109
:10C9C000D4F8A430049A1360022294F8A83084F8B2
:10C9D000A820DBB2042D5AD8DFE805F00A1A1408A3
:10C9E000060000F0EFFCFEE7022B4ED0C4F8A46076
:10C9F000012B13D0012400F09DFB204670BD00F0F8
:10CA0000E1FCFEE7D4F8A4200132C4F8A420EFE74B
:10CA1000D4F8A4203243C4F8A420E9E76369D4E938
:10CA200002128A60A0685968251D5060A94208BF9B
:10CA3000E2681A4908BF5A601A68013A1A60E36A44
:10CA40000A689342164A88BF0B6003EB83039E007B
:10CA500002EB830358689159A060D0F808C00131F7
:10CA6000C4F80CC0CCF8045085606361A36A91518E
:10CA700013B100F0A7FCFEE70A4BE26A1B68DB6A11
:10CA80009A42B7D900F03CFBB4E70024B3E7064A6A
:10CA90001268002AACD000F095FCFEE7E8360320CF
:10CAA00064370320C43B0320EC36032070B5A0B3E9
:10CAB000C9B91D460446164600F02AFC00F082FC67
:10CAC000049B1BB1D4F8A430049A1360022294F89A
:10CAD000A83084F8A820DBB2042D72D8DFE805F076
:10CAE0000A171108060000F06DFCFEE7022B66D065
:10CAF000C4F8A460012B13D0012400F06FFC204681
:10CB000070BDD4F8A4200132C4F8A420F2E7D4F810
:10CB1000A4203243C4F8A420ECE700F053FCFEE765
:10CB2000A36A13B100F04EFCFEE7294B1B68DBB192
:10CB3000284B5A681968E26195680131196004F15F
:10CB40001801256269609160A362234BE26A1B6849
:10CB5000DB6A9A42D0D9059B13B10123059A136071
:10CB600001221E4B1A60C7E76369D4E902128A608A
:10CB7000A168261D51605A68B24204BFE2685A603B
:10CB80001A68013A1A60164AE36A11688B4288BF34
:10CB90001360144A03EB830302EB830CDCF80450AC
:10CBA0009B00D158A560D5F808E00131C4F80CE02D
:10CBB000CEF80460AE60C4F814C0D150C5E70024BC
:10CBC0009BE7094A1268002A94D000F0FBFBFEE7BD
:10CBD000C836032020370320C43B0320DC36032063
:10CBE000E836032064370320EC360320F8B500282C
:10CBF0003BD0B9B90446154600F08AFB00F0E2FBD1
:10CC0000022394F8A82084F8A830D4F8A430012A8C
:10CC100003F10103C4F8A43023D1A36A2BB100F0BF
:10CC2000D1FBFEE700F0CEFBFEE7274B1B68FBB114
:10CC3000264B5A681968E26196680131196004F15F
:10CC40001801266271609160A362214BE26A1B6841
:10CC5000DB6A9A4205D90DB101232B6001221D4BDD
:10CC60001A60BDE8F84000F0B9BB00F0ABFBFEE78E
:10CC70006369D4E902128A60A16804F1040E51606C
:10CC80005A68724504BFE2685A601A68013A1A602D
:10CC9000114AE36A11688B4288BF13600F4A03EBA5
:10CCA00083039E0002EB8303D3F804C09159C4F8B8
:10CCB00008C0DCF808700131E760C7F804E0CCF880
:10CCC00008E063619151C0E7C83603202037032094
:10CCD000C43B0320DC360320E836032064370320FE
:10CCE00038B599B9044670B100F016FA94F8A83036
:10CCF000022B05BF00230125002584F8A83000F091
:10CD000019FA284638BD034B1C68EDE700F05AFBC2
:10CD1000FEE700BFC43B0320F0B5124C83B000F027
:10CD2000FBF9256825B103B0BDE8F04000F002BA78
:10CD30000D4E0E4F3046FEF79BF83846FEF798F83A
:10CD40000B490C4B00950A201F600E600A4B102106
:10CD50000A4AFEF795F920600028E4D00849FEF75A
:10CD6000BFFBE0E7C03C0320E03C0320CC3C0320B9
:10CD7000C83C0320C43C0320C83B0320183C0320CC
:10CD800018DB00082DE9F047DFF884900546D9F854
:10CD900000300F46DB68DC6804F104084046FEF70B
:10CDA0009DF894F828305A070ED423F0010384F834
:10CDB00028302046236ABDE8F047184793421BD825
:10CDC0002046236A98473546A3697A1BEE182CBF84
:10CDD00001210021B74266602461EFD2AF4201D247
:10CDE0000029EDD0D9F800004146FEF75FF8204653
:10CDF000236ABDE8F0471847044B41461868FEF720
:10CE000055F82046236ABDE8F0471847C43C032084
:10CE1000C83C03202DE9F047894D8A4E8A4F8B4C40
:10CE200084B02B68D3F80090B9F1000F40F0D480A3
:10CE3000FFF790FAFFF7A4FA3368804698423DD393
:10CE40003B6830601A68B2FA82F252092068A9EB96
:10CE50000801FEF76FFBFFF785FA002800F0CD8090
:10CE6000002269462068FEF701FA0028D9D0009B0D
:10CE70000298002BC0F2A880DDF80880D8F81430A2
:10CE80001BB108F10400FEF729F8FFF779FA3368BF
:10CE90008146984224D3009BC6F80090013B082BA2
:10CEA000DED8DFE803F02525816988252581690022
:10CEB000DB684FF0FF311868FFF764FF2B681A68D2
:10CEC000002AF5D13A68C6F800802A603B60FFF777
:10CED00049FAC5E7DB684FF0FF311868FFF752FFEA
:10CEE0002B681A68002AF5D13A683B602A60D2E7BD
:10CEF00098F82810019AD8F8180041F0010C13187E
:10CF000088F828C02CBF4FF0010C4FF0000C4B45A7
:10CF1000C8F80430C8F8108072D8A9EB0202904219
:10CF20003CD84A0711D421F0010188F82810404666
:10CF3000D8F82030984793E7904277D84046D8F801
:10CF4000203098475346D8F8180010EB030A2CBF3E
:10CF500001210021D145A9EB0302C8F804A0C8F8BB
:10CF60001080E9D2994501D20029E7D0286808F15C
:10CF70000401FDF79BFFDAE798F82820019B42F0B7
:10CF8000010288F82820C8F81830002B54D04B44F0
:10CF90004B45C8F80430C8F8108036D8386808F116
:10CFA0000401FDF783FF5BE798F8283023F00103C5
:10CFB00088F8283054E798F828309A0732D523F0BB
:10CFC000010388F828304BE7019B03999847009BA1
:10CFD000002BFFF645AF4FE7DB68D3F80090FFF773
:10CFE000B9F9FFF7CDF9336880469842FFF466AF90
:10CFF000814530600FD9002228E700F081F82FE743
:10D000004A4502D9BCF1000F8BD0286808F1040111
:10D01000FDF74CFF24E7FFF7A5F941464846FFF727
:10D02000B1FE1DE7404600F0E5FA19E7386808F15F
:10D030000401FDF73BFF7AE700F0C4F9FEE700BF0B
:10D04000C83C0320B83C0320C43C0320C03C032060
:10D0500010B588B0FFF760FE0F4B1B68CBB1002402
:10D0600007AA06A905A8CDE90544FDF7F3FE0222AB
:10D070002346059C00920294069C08490848079A9A
:10D080000194FEF7E1FF074B186010B1012008B0D2
:10D0900010BD00F097F9FEE7C03C032020DB00083C
:10D0A00015CE0008BC3C0320002200B5074B83B01E
:10D0B00001921B68013302D000F084F9FEE700F012
:10D0C00081F9019B002BFCD003B000BDD0000320F0
:10D0D0004FF0E0220023072010B4074C1361936146
:10D0E000236806495DF8044BA1FB03139B09013B30
:10D0F00053611061704700BFA4000320D34D62103C
:10D100004FF0E0234FF08052C3F8042DBFF34F8F50
:10D11000BFF36F8F704700BF08B500F053F9044AA2
:10D12000136801331360BFF34F8FBFF36F8F08BDD8
:10D13000D000032008B5084B1A684AB11A68013AB2
:10D140001A60186800B108BDBDE8084000F046B993
:10D1500000F038F9FEE700BFD000032010B500F062
:10D1600031F90446FFF712F928B14FF0E0234FF0F0
:10D170008052C3F8042D2046BDE8104000F02EB9BF
:10D1800008B5836913F8023C662B02D000F01AF947
:10D19000FEE74FF0E023D3F8882D42F47002C3F885
:10D1A000882DD3F8342F42F04042C3F8342FBDE825
:10D1B000084000F0D5B800BF2DE9F04F4FF0113E08
:10D1C0004FF0807440E909E34FF0073340F8044C16
:10D1D000164C40F8343C40E903424FF005334FF021
:10D1E00006324FF0123B40E90F324FF0033A4FF056
:10D1F00002394FF001384FF010374FF009364FF039
:10D2000008354FF004346FF0430340E905AB40E9C3
:10D21000078940E90B6740F8305C40F8404C40F823
:10D22000443C40F8481DBDE8F08F00BFA9D000087D
:10D2300000204FF0E0234FF07F4130B585B00290E1
:10D24000D3F81C0D2F4A0190C3F81C1DD3F81C3DC8
:10D250001B0E8DF803309DF8033003F0A00313700C
:10D26000002B41D09DF80330DB4313F0A00F0BD00F
:10D2700000F0A8F8FEE7029B013302939DF803300B
:10D280005B00DBB28DF803309DF803301B06F2D44F
:10D29000029B082B2BD0029AC2F10702120202F461
:10D2A000E0624FF0E023002501991748174C026017
:10D2B000C3F81C1DD3F8202D42F47F02C3F8202DA3
:10D2C000D3F8202D42F07F42C3F8202DFFF700FF56
:10D2D000256000F065F8FFF769F8039523680133CE
:10D2E00007D000F06FF8FEE700F06CF8FEE70022D0
:10D2F000D7E700F067F8039B002BFCD0002005B0B7
:10D3000030BD00BFF83C0320F43C0320D0000320D4
:10D3100008B5EFF305830F2B05D90B490B4A5B5C6E
:10D3200012789A420DD84FF0E023094AD3F80C3D09
:10D33000126803F4E063934200D808BD00F042F89D
:10D34000FEE700F03FF8FEE7F0E300E0F83C0320E2
:10D35000F43C03200000000000000000000000007A
:10D360000B4A1168086806C881F30B88022181F313
:10D370001488203080F30988BFF36F8F4FF00000CE
:10D3800080F31188104700BFAFF30080AFF3008037
:10D39000C43B03200000000000000000000000006B
:10D3A00007480068006880F3088862B661B6BFF37A
:10D3B0004F8FBFF36F8F66DF00BF00BFAFF30080FA
:10D3C00008ED00E0EFF311804FF0A00181F3118828
:10D3D000BFF34F8FBFF36F8F704700BF80F311888B
:10D3E000BFF34F8FBFF36F8F704700BF0000000087
:10D3F000EFF309801EF0100F08BF20ED108AEFF345
:10D400000B82734620E9FC0F114A116808604FF047
:10D41000A00080F31188BFF34F8FBFF36F8FFEF72B
:10D42000C5FF4FF0000080F31188094A11680868B1
:10D43000B0E8FC0F13F0100F08BFB0EC108A82F3B5
:10D440000B8880F309881847AFF30080AFF30080A2
:10D45000C43B0320000000000000000000000000AA
:10D460001EF0040F0CBFEFF30880EFF309800449AE
:10D47000084700BFAFF30080AFF30080AFF3008038
:10D4800081D1000810B4154B1A461B688342FBD3A8
:10D490005468416802EB040C604513D04418A34261
:10D4A00006D00360824218BF10605DF8044B7047DD
:10D4B0000B4C2468A342F4D0D3E900342144036028
:10D4C0004160EFE72144501883425160EDD1044898
:10D4D00000688342E9D01046EEE700BF103D03200C
:10D4E0000C3D0320F8B53D4E0446FEF733FF33688C
:10D4F000002B52D0631E0A332ED814F0070304F118
:10D50000080121D1002927DB354F3D688D4223D307
:10D51000344B18461C6803E0236823B120461C46A0
:10D5200062688A42F8D33368A34215D0236806683C
:10D530000360531A102B06F1080617D9601842072A
:10D540000FD0FFF73FFFFEE7A3F109028A4203D3A2
:10D550001034E11A0029D7DCFEF704FF002630461C
:10D56000F8BD43606160FFF78DFF626800201E4BCD
:10D57000AD1A196842F000428D421C4938BF1D6047
:10D580000B686260013320600B603D60FEF7EAFECD
:10D590007307E4D0FFF716FFFEE7154A510719D0CD
:10D5A000D11D21F0070102F5C052531A0A4600208E
:10D5B0000B44083B23F007030A4D9A1AC5E90010F3
:10D5C0003360C3E90000C1E900320749044B0A6037
:10D5D0001A608FE711464FF4C053E8E70C3D032073
:10D5E000083D0320103D0320043D0320003D03209F
:10D5F000183D032070B150F8043C10B5002B0446D0
:10D6000005DA50F8082C32B1FFF7DCFEFEE7FFF731
:10D61000D9FEFEE7704723F0004340F8043CFEF7D4
:10D6200099FE094A54F8043C1168A4F108000B441F
:10D630001360FFF727FFBDE81040044A1368013369
:10D640001360FEF78FBE00BF083D0320FC3C0320A3
:10D6500038B50446D0F8D80204F52675294600F2FC
:10D66000AA20FDF7CDFA2946D4F8D802BDE8384003
:10D67000FCF72EBF01EB810300EBC303D3F8642159
:10D68000D0F8D802FCF75CBF01EB810300EBC303C9
:10D690005A6AD0F8D802FCF787BF00BFD0F8D8028A
:10D6A000FDF726B810B543790446022B01D0F3F7F5
:10D6B0009DFBD4F8D8020121FCF7FEFFD4F8D80274
:10D6C000BDE81040FCF7CCBF10B50446D0F8D80236
:10D6D000FCF7F6FF637A23B1024A136943F00603AD
:10D6E000136110BD00ED00E010B5437A04462BB97C
:10D6F000D4F8D802BDE81040FCF7EEBF064A136923
:10D7000023F006031361F2F79FFFD4F8D802BDE8B7
:10D710001040FCF7E1BF00BF00ED00E0944608B503
:10D720001A46D0F8CC026346F8F778FE18B1022802
:10D730000CBF0120032008BD08B5D0F8CC02F8F7D3
:10D74000D9FE18B102280CBF0120032008BD00BF7C
:10D7500008B5D0F8CC02F8F705FF18B102280CBFC5
:10D760000120032008BD00BF0A06D0F8CC3206D441
:10D7700001EB810103EBC10393F85201704701F003
:10D780007F0101EB810103EBC103987C704700BF6F
:10D7900008B5D0F8CC02F8F72DFE18B102280CBF5E
:10D7A0000120032008BD00BF08B5D0F8CC02F8F76F
:10D7B00085FE18B102280CBF0120032008BD00BF60
:10D7C00008B5D0F8CC02F8F761FE18B102280CBFFA
:10D7D0000120032008BD00BF014800F093B800BF3E
:10D7E00054560320014800F08EB800BF5456032061
:10D7F00002440346934200D1704703F8011BF9E746
:10D800002D4B1B68834270B5044653D0C3691BB3CC
:10D81000DB6863B10025E369DB685959B1B90435A8
:10D82000802DF8D1E3692046D96800F07BF8E369E0
:10D83000196811B1204600F075F8E3699D685DB183
:10D84000294620462D6800F06DF8F8E70E6820465E
:10D8500000F068F83146E1E7616911B1204600F057
:10D8600061F8E16911B1204600F05CF8216B11B15B
:10D87000204600F057F8616B11B1204600F052F8D5
:10D88000A16B11B1204600F04DF8A16C11B12046FA
:10D8900000F048F8616C11B1204600F043F8E16AED
:10D8A00011B1204600F03EF8236A1BB12046BDE8C6
:10D8B0007040184770BD00BFD400032070B50D4BF9
:10D8C00000260D4D5B1B9C10A64209D10B4D00F0AC
:10D8D00073F80B4B00265B1B9C10A64205D170BD54
:10D8E00055F8043B01369847EEE755F8043B0136FE
:10D8F0009847F2E7C0E20008C0E20008C0E2000872
:10D90000C4E20008704770470A44431E914200D1A8
:10D91000704710B511F8014B914203F8014FF9D14E
:10D9200010BD000038B50546002941D051F8043C2F
:10D930000C1F002BB8BFE418FFF74EFF1D4A1368F9
:10D9400033B9636014602846BDE83840FFF74ABF2A
:10D95000A34208D9206821188B4201BF19685B686F
:10D9600009182160EDE71A465B680BB1A342FAD9AA
:10D9700011685018A0420BD1206801445018116062
:10D980008342E0D118685B68084453601060DAE7AE
:10D9900002D90C232B60D6E7206821188B4202BFE6
:10D9A00019685B680918636008BF21605460CAE7A2
:10D9B00038BD00BF18550320F8B500BFF8BC08BC3F
:10D9C0009E467047F8B500BFF8BC08BC9E4670473D
:10D9D00052414D4E5F54785461736B320000000029
:10D9E00052414D4E5F52785461736B32000000001B
:10D9F00052414D4E5F53656E645553420000000026
:10DA000052414D4E5F4469616754580052414D4E3A
:10DA10005F4469616752580052414D4E5F457272D2
:10DA20006F725461736B000052414D4E5F506572CE
:10DA3000696F64696300000052414D4E5F53656E2B
:10DA40006443414E0000000052414D4E5F526563F9
:10DA50006569766543414E0052414D4E5F526563A4
:10DA60006569766555534200666C61677B43414E3C
:10DA70005F46495253545F4D4553534147457D00DE
:10DA8000666C61677B43414E5F5254525F414E5317
:10DA90005745527D0000000047495645464C4147D6
:10DAA00000000000666C61677B43414E5F464C415D
:10DAB000475F4745547D0000666C61677B43414E7C
:10DAC0005F42494E4152595F414E414C595349536F
:10DAD0007D000000666C61677B4F4E455F42595F79
:10DAE0004F4E457D00000000666C61677B494E5FCC
:10DAF00043414E5F464C4147537D0000666C616771
:10DB00007B494E5F43414E5F54494D494E477D002E
:10DB100049444C4500000000546D72510000000063
:10DB2000546D722053766300D0D9000800000000C5
:10DB300000000000000000000000000000040000E1
:10DB40002A0000000000000000000000E0D90008EA
:10DB500000000000000000000000000000000000C5
:10DB60000008000029000000000000000000000084
:10DB7000F0D90008000000000000000000000000D4
:10DB80000000000000040000300000000000000061
:10DB90000000000000DA0008000000002802032056
:10DBA000AC000000D4020320000400000F000000BD
:10DBB00000000000000000000CDA00080000000077
:10DBC000D8060320AC0000008407032000040000F6
:10DBD00010000000000000000000000018DA00083B
:10DBE00000000000880B0320AC000000340C032070
:10DBF00000040000310000000000000000000000F0
:10DC000028DA00080000000038100320AC000000F3
:10DC1000E4100320000400002000000000000000C9
:10DC20000000000038DA000800000000E8140320BB
:10DC3000AC00000094150320000400002800000040
:10DC4000000000000000000048DA000800000000AA
:10DC500098190320AC000000441A032000040000BF
:10DC600018000000000000000000000058DA000862
:10DC700000000000000000000000000000000000A4
:10DC80000004000018000000000000000000000078
:10DC9000AD0E0008C90E0008590F00081D1000083D
:10DCA000750F000849100008910F00087510000852
:10DCB000AD0F0008A1100008C90F0008CD10000822
:10DCC000E50F0008F9100008910E0008950E0008F5
:10DCD00000000000F50E0008310F0008210F0008B9
:10DCE000350F0008250F0008990E0008A10E000846
:10DCF0000110000825110008390F0008290F00083D
:10DD00003D0F00082D0F0008450F00084D0F0008BB
:10DD1000410F00081D0F0008FECA77000000000038
:10DD200024004300D301A701500156050307560400
:10DD3000720757045804000000000000963007776F
:10DD40002C610EEEBA51099919C46D078FF46A70EF
:10DD500035A563E9A395649E3288DB0EA4B8DC790F
:10DD60001EE9D5E088D9D2972B4CB609BD7CB17E8F
:10DD7000072DB8E7911DBF906410B71DF220B06A5F
:10DD80004871B9F3DE41BE847DD4DA1AEBE4DD6D6F
:10DD900051B5D4F4C785D38356986C13C0A86B646F
:10DDA0007AF962FDECC9658A4F5C0114D96C06638F
:10DDB000633D0FFAF50D088DC8206E3B5E10694C6F
:10DDC000E44160D5727167A2D1E4033C47D4044BAF
:10DDD000FD850DD26BB50AA5FAA8B5356C98B2428F
:10DDE000D6C9BBDB40F9BCACE36CD832755CDF450F
:10DDF000CF0DD6DC593DD1ABAC30D9263A00DE513F
:10DE00008051D7C81661D0BFB5F4B42123C4B3562E
:10DE10009995BACF0FA5BDB89EB802280888055FAE
:10DE2000B2D90CC624E90BB1877C6F2F114C68580E
:10DE3000AB1D61C13D2D66B69041DC760671DB01FC
:10DE4000BC20D2982A10D5EF8985B1711FB5B606CE
:10DE5000A5E4BF9F33D4B8E8A2C9077834F9000F0E
:10DE60008EA8099618980EE1BB0D6A7F2D3D6D08AE
:10DE7000976C6491015C63E6F4516B6B62616C1C9E
:10DE8000D83065854E0062F2ED95066C7BA5011BCE
:10DE9000C1F4088257C40FF5C6D9B06550E9B7126E
:10DEA000EAB8BE8B7C88B9FCDF1DDD62492DDA152E
:10DEB000F37CD38C654CD4FB5861B24DCE51B53A4E
:10DEC0007400BCA3E230BBD441A5DF4AD795D83D4E
:10DED0006DC4D1A4FBF4D6D36AE96943FCD96E348E
:10DEE000468867ADD0B860DA732D0444E51D03336E
:10DEF0005F4C0AAAC97C0DDD3C710550AA4102277E
:10DF000010100BBE86200CC925B56857B3856F204D
:10DF100009D466B99FE461CE0EF9DE5E98C9D929AD
:10DF20002298D0B0B4A8D7C7173DB359810DB42EED
:10DF30003B5CBDB7AD6CBAC02083B8EDB6B3BF9A39
:10DF40000CE2B6039AD2B1743947D5EAAF77D29DC5
:10DF50001526DB048316DC73120B63E3843B6494A5
:10DF60003E6A6D0DA85A6A7A0BCF0EE49DFF0993A5
:10DF700027AE000AB19E077D44930FF0D2A3088715
:10DF800068F2011EFEC206695D5762F7CB676580C5
:10DF900071366C19E7066B6E761BD4FEE02BD389C5
:10DFA0005A7ADA10CC4ADD676FDFB9F9F9EFBE8E25
:10DFB00043BEB717D58EB060E8A3D6D67E93D1A165
:10DFC000C4C2D83852F2DF4FF167BBD16757BCA645
:10DFD000DD06B53F4B36B248DA2B0DD84C1B0AAFE5
:10DFE000F64A0336607A0441C3EF60DF55DF67A865
:10DFF000EF8E6E3179BE69468CB361CB1A8366BCF5
:10E00000A0D26F2536E2685295770CCC03470BBB44
:10E01000B91602222F260555BE3BBAC5280BBDB244
:10E02000925AB42B046AB35CA7FFD7C231CFD0B5E4
:10E030008B9ED92C1DAEDE5BB0C2649B26F263ECD6
:10E040009CA36A750A936D02A906099C3F360EEBE4
:10E050008567077213570005824ABF95147AB8E2A4
:10E06000AE2BB17B381BB60C9B8ED2920DBED5E584
:10E07000B7EFDC7C21DFDB0BD4D2D38642E2D4F1D4
:10E08000F8B3DD686E83DA1FCD16BE815B26B9F664
:10E09000E177B06F7747B718E65A0888706A0FFFC4
:10E0A000CA3B06665C0B0111FF9E658F69AE62F884
:10E0B000D3FF6B6145CF6C1678E20AA0EED20DD784
:10E0C0005483044EC2B30339612667A7F71660D0A4
:10E0D0004D476949DB776E3E4A6AD1AEDC5AD6D9E4
:10E0E000660BDF40F03BD83753AEBCA9C59EBBDE04
:10E0F0007FCFB247E9FFB5301CF2BDBD8AC2BACAB4
:10E100003093B353A6A3B4240536D0BA9306D7CD23
:10E110002957DE54BF67D9232E7A66B3B84A61C443
:10E12000021B685D942B6F2A37BE0BB4A18E0CC303
:10E130001BDF055A8DEF022D52414D4E2A454355A6
:10E140005F442A303030342A554E4954342A000076
:10E1500010021A001F60000490DC0008F4E10008BF
:10E16000020000006CE10008110000002400000023
:10E17000010000001A00000000000000390000004B
:10E18000030000002F000000020000004300000018
:10E1900004000000620000000600000058000000BB
:10E1A0000500000077000000080000006D0000007E
:10E1B000070000009800000009000000A200000015
:10E1C0000A000000D30100000D000000C90100009A
:10E1D0000C000000A70100000B000000B8010000C7
:10E1E0000E000000500100000F000000BB01000005
:10E1F00010000000B8010000000000000000000056
:10E200000000000008000000640000001000200072
:10E210000E000000BB010000000000000000000034
:10E220000000000008000000640000001000200052
:10E23000100000000001020304050607080C10147A
:10E24000182030404543554400000000A0860100DE
:10E25000400D0300801A060000350C0040420F00FC
:10E2600080841E0000093D0000127A000024F400A2
:10E2700000366E010048E801006CDC02000000007E
:10E28000000000000000000000000000000000008E
:10E29000010203040000000000000000010203046A
:10E2A000060708090001020304050607080C1014FC
:08E2B000182030403700000087
:08E2B800881FFF7F0100000038
:04E2C000250200082B
:04E2C400010200084B
:10E2C8000000000000000000000000000000000046
:10E2D8000000000000000000000000000000000036
:10E2E8000000000000000000000000000200000024
:10E2F80001000000000000000000000000000040D5
:10E308000000000002000000010000000000000002
:10E318000000000000000000000000000000FF07EF
:10E3280001000100000000000000000001000000E2
:10E3380000000000000001010100000058E1000891
:10E348005705000000000000000000000000000069
:10E3580000000000000000000000000000000000B5
:10E368000000000000093D00010000000800000056
:10E378000000000000000000000000000000000095
:10E388000100000000000000000000002000000064
:10E39800AAAAAAAAD8000320000000001C5503203E
:10E3A80084550320EC550320000000000000000005
:10E3B8000000000000000000000000000000000055
:10E3C8000000000000000000000000000000000045
:10E3D8000000000000000000000000000000000035
:04E3E8000000000031
:04000005080031FDC1
:00000001FF
