:020000040800F2
:1000000000000420C5600008415F0008455F00084B
:10001000495F00084D5F0008515F00081561000846
:10002000000000000000000000000000C101010805
:10003000555F00080000000051010108EDD90008DB
:1000400015610008156100081561000815610008B8
:1000500015610008156100081561000815610008A8
:100060001561000815610008156100081561000898
:100070001561000815610008156100081561000888
:100080001561000815610008156100081561000878
:100090001561000815610008156100081561000868
:1000A0001561000815610008156100081561000858
:1000B00015610008595F0008655F000815610008B8
:1000C0001561000815610008156100081561000838
:1000D000156100081561000815610008715F0008CE
:1000E0007D5F000815610008895F00081561000840
:1000F0001561000815610008156100081561000808
:1001000015610008955F0008A15F000815610008EF
:1001100015610008156100081561000815610008E7
:1001200015610008AD5F0008B95F0008156100089F
:10013000C55F000815610008156100081561000819
:100140001561000815610008D15F000815610008FD
:1001500015610008156100081561000815610008A7
:1001600015610008DD5F00081561000815610008D1
:100170001561000800000000156100080000000083
:10018000E95F0008156100081561000815610008A5
:100190001561000815610008156100081561000867
:1001A0001561000815610008156100081561000857
:1001B0001561000800000000F55F000815610008E7
:1001C00015610008000000001561000815610008B5
:1001D0001561000815610008156100081561000827
:1001E0001561000815610008156100081561000817
:0401F000000000000B
:1002000010B5054C237833B9044B13B10448AFF350
:1002100000800123237010BD600203200000000055
:100220001807010808B5034B1BB103490348AFF396
:10023000008008BD000000006402032018070108C8
:10024000034613F8012B002AFBD1181A0138704716
:10025000704700BF01F06ABEF0B5274C274E9BB037
:100260004FF0FF332822694620680EF033FA282821
:10027000F6D1039805F0B0F90546002834D1029B69
:100280009BB929460AAA009801F0DEFE0EF028FF6D
:100290000AA90246684602F05BF80EF021FF0AA99F
:1002A0000246684601F028FEDAE7B3F1005FF4D1B8
:1002B00040F20172009B9342EFD10822039900277C
:1002C000914228BF11460D46C6E90577B760019FE8
:1002D0000B490C48C6E90037F56005F089F930464E
:1002E000084901F0A9FCD8E74FF0FF332A462068FF
:1002F0000AA90EF0EFF9C2E7B42703209002032009
:100300009005FA0B840203202DE9F0431F4D9BB0AA
:10031000DFF8808001AE0AAF002404EBC401C4F111
:1003200024024FF0FF33286806EB81010EF0D2F96A
:100330000444232CF1D9049805F04EF9039B81461F
:10034000B3F1005F00D0A0B9114807F07DF950B1BA
:100350003A4631460E4807F041F8D8F80C300133E0
:10036000C8F80C30D8E74FF0FF3201210FF04CF9FC
:10037000EAE70024A9EB040239194FF0FF3328689B
:100380000EF0A8F904444C45F4D3DDE7B027032070
:10039000582603200000032000B583B001F000FEC2
:1003A00001F030FB03221849184806F0ADFA03F0BB
:1003B00035FA00F005FE03F07BFA0EF091FE01F035
:1003C00095FD13480AF010FE12480AF0D5FD124CB4
:1003D0000EF086FE019003F027FA019803F06EFA02
:1003E000019800F0EFFD237813B9019801F01EFF8A
:1003F000019801F08BFD019801F09EFF0A2101A8F0
:100400000EF0AEFDE4E700BF202A032048270320BA
:1004100090230320F8220320760003202DE9F041E9
:100420000026214DDFF88C80204FA6B012E00FF09F
:1004300031FD98F8003033B10B9B23B164200DF0EF
:100440008DFB01F0DFFA0022022311463868009686
:100450000FF05CF94FF0FF32012100200FF0D4F8CB
:100460000FF00AFD124807F045FA044606A91048A5
:1004700007F0B0F802A90E4807F0D4F85422294634
:1004800011A8AC6010F0F0F8094B1E66189BB3F58C
:10049000003FCCD9AB689B02C9D5012385F8203039
:1004A0000B9301F057FBC2E700000320181B032049
:1004B000582603208002032000232DE9F04D84B04C
:1004C0007D4EDFF80082DFF804B27C4DDFF800A239
:1004D0000DF10E078DF80B3013E028680EF004F8CC
:1004E000012808D94FF0FF330222286803A90EF033
:1004F000F1F8022845D000214FF0FF3208460FF0F6
:1005000083F830680DF0F0FF0028E6D04FF0FF339D
:10051000012230680DF10B010EF0DCF80128DCD16E
:1005200030680DF0E1FF0128D7D94FF0FF330222E8
:10053000306803A90EF0CEF80228CED1BDF80C2009
:10054000B2F5845FC9D8002A40F0A5809DF80B4021
:10055000002C52D10EF0C4FD594B5A49BDF80C2065
:10056000009704F0B7FFBDF80E30002B79D10EF0E4
:10057000B7FD534B5349BDF80C20009704F0FAFF28
:10058000ABE7BDF80C20B2F5805FB4D272B10024A5
:10059000121B08EB04014FF0FF3328680EF09AF8A5
:1005A000BDF80C20204484B2A242F1D10EF098FD97
:1005B000434B4146BDF80C20009705F007F9BDF804
:1005C0000E30002B97D039464FF0FF330222DAF875
:1005D00000000DF097FFBDF80E204FF0FF333849B3
:1005E000DAF800000DF08EFF002202231146DBF83E
:1005F000000000920FF08AF87DE70EF071FD304B9D
:100600003049BDF80C20009704F08CFFBDF80E3087
:10061000002BACD02A490A787F2A08D1022BA6D910
:100620008B78A3F11102012AA1D9312B9FD0264842
:10063000394604464FF0FF33022200680DF062FF96
:10064000BDF80E204FF0FF331D4920680DF05AFF12
:10065000002202231146DBF8000000920FF056F84A
:1006600085E7194839464FF0FF33022200680DF044
:1006700049FF1548BDF80E204FF0FF3310490068C0
:100680000DF040FF022322462146DBF800000094D3
:100690000FF03CF86BE70024121B4FF0FF3308EB20
:1006A000040130680EF016F8BDF80C2023189CB237
:1006B000A242F1D14AE700BFC4020320B8020320DE
:1006C000507F0120D48F0120C0020320580803204E
:1006D000B40203202DE9F04FDFF8148185B0404EBD
:1006E000404DDFF810A108F19C0908F5805B02AFCE
:1006F00014E028680DF0F8FE012809D94FF0FF3307
:10070000022228680DF106010DF0E4FF022846D010
:1007100000214FF0FF3208460EF076FF30680DF0F2
:10072000E3FE0128E5D94FF0FF3302222E4930685D
:100730000DF0D0FF0228DCD1B8F89420B2F5845F28
:10074000D7D872B10024121B09EB04014FF0FF331C
:1007500030680DF0BFFFB8F89420204484B2A24264
:10076000F1D10EF0BDFC0146204802F0E7F9002867
:10077000BFD103E09BF823010DF0F0F90EF0B0FCBF
:1007800004F0AEFD0128B4D030680DF0ADFE0128B4
:10079000AFD89AF80030002BECD10A20ECE7BDF876
:1007A0000620082AB4D86AB10024121B39194FF068
:1007B000FF3328680DF08EFFBDF80620204484B278
:1007C000A242F2D10EF08CFC3946BDF8062004F0AE
:1007D00095FF01289CD00A200DF0C0F9F2E700BF78
:1007E000C0020320B4020320ECB0012058A0012075
:1007F00058B001207600032001F09CBB01F09EBBA5
:10080000002001F09FBB00BF0022024B02481A608B
:100810000AF0EABB7C02032044230320014B186842
:10082000704700BF7C02032010B59EB04822002113
:100830000CA80FF08DFE00234FF40070CDE90233B9
:10084000CDE90433CDE90733CDE9093301930693AC
:100850000B9308F0A7FF08B172B6FEE7012302224E
:10086000169311931993179210231D9207229FED4F
:100870001E7BCDE91A320324042312900CA81C938A
:100880008DED0C7B189409F0C9F9034608B172B6D6
:10089000FEE70F22214601A8CDE903330593029418
:1008A000019209F067F8034608B172B6FEE7104AF4
:1008B0004FF0005C916D4BF67F3441F08071916593
:1008C000926D069302F080720092089322222023F8
:1008D00006A8CDE90A230099CDF81CC009940AF0B6
:1008E000FDF81EB010BD00BF29000000000001008F
:1008F00000100240F0B595B072B64FF00062AA4BFE
:100900009A60BFF34F8F62B6002405F005FCFFF735
:100910008BFFCDE90E44CDE91044A44D1294EB6C4D
:100920004FF4604143F00403EB64EB6C224603F0A8
:1009300004030793079BEB6C9D4843F08003EB6433
:10094000EB6C012603F080030893089BEB6C43F0EB
:100950000103EB64EB6C03F001030993099BEB6C5F
:1009600043F00203EB64EB6C03F002030A930A9B6F
:1009700007F058FC224640F201118E4807F052FC65
:10098000224641F2E4018C4807F04CFC4FF46043EE
:1009900087480EA9CDE90E361094119407F094FA09
:1009A00040F2011383480EA9CDE90E36CDE910447B
:1009B00007F08AFA41F2E4037F480EA9CDE90E362A
:1009C000CDE9104407F080FA4FF4007379480EA97E
:1009D000CDE90E34109607F077FA082377480EA970
:1009E000CDE90E34109407F06FFAAB6C052143F09B
:1009F0000403AB64AB6C224603F004030493049B32
:100A0000AB6C1D203343AB64AB6C33400593059B4B
:100A1000AB6C43F00203AB64AB6C03F002030693D0
:100A2000069B06F063F81D2006F09AF82246052181
:100A30001E2006F05BF81E2006F092F822460521E3
:100A4000502006F053F8502006F08AF8204607F0B0
:100A500067FF08B172B6FEE707F076FF034640B9BC
:100A60005748584AC0E900230AF060F818B172B636
:100A7000FEE772B6FEE7544A544B1070544A4FF4E6
:100A800040711A60102299609A619A620F211322B4
:100A90003C2404275860D8609874D8631846C3E98A
:100AA0000D661E825E615E62DC61D9621A621F633E
:100AB00006F0EAFA034650BB0BAD0B90CDE90E00F1
:100AC000CDE91000CDE91200C5E901004FF48070B6
:100AD0004FF4301C03214FF480523E4CC4E90233E2
:100AE000C4E90A3384F8203084F838303A4B208344
:100AF0002046C4E90467C4F804C0E161626384F875
:100B00003060236005F02CFB18B172B6FEE772B6B8
:100B1000FEE70B902946204605F070FF08B172B63B
:100B2000FEE706230F937F2311932C4B1090139015
:100B30000EA9204612970E9305F040FC08B172B63C
:100B4000FEE7274B20460E930C230EA90F9305F0CA
:100B500035FC08B172B6FEE7224B20460E931223F5
:100B60000EA90F9305F02AFC034608B172B6FEE702
:100B70001D48C0E9053383801C4B0662036006F004
:100B800021F808B172B6FEE700234FF40271022289
:100B90001748C372174B8180C0F80720036007F025
:100BA000DDFE48B372B6FEE700ED00E00010024043
:100BB000000802420000024200040242001C0242FD
:100BC0005C25032000080C428002032058260320E5
:100BD00000A4004048270320008002424000201962
:100BE0000002B0250004002ABC2603200030024089
:100BF000D01F032000D4004041F63F76A34CA44A06
:100C0000CDE90E00C4E901001090A06120462260E9
:100C1000E6600AF0D9FB034608B172B6FEE720464B
:100C20000EA90E9310930AF001FC034608B172B6A8
:100C3000FEE7984CCDE90E331093A360A36142F216
:100C40000F73954A2046C4E90023E6600AF0BCFB16
:100C5000034608B172B6FEE720460EA90E93109324
:100C60000AF0E4FB034608B172B6FEE74F264FF6E2
:100C7000FF748A488A4AC0E9043383608361026052
:100C80004660C4600AF0A0FB034608B172B6FEE7F6
:100C90008448C0E90163C0E90343C0E90533824BDE
:100CA00003600AF091FB08B172B6FEE74FF0804195
:100CB0004FF0FF327D4C0B90CDE90E00CDE91000D6
:100CC000C5E90100C4E901002061A061204621605E
:100CD000E2600AF079FB08B172B6FEE74FF4805388
:100CE00020460EA90E930AF0BDF9034608B172B66C
:100CF000FEE7294620460B930D930AF097FB08B1B7
:100D000072B6FEE700246A4A01216A4B009246F25D
:100D100006002246CDE901440DF08EFB0246664DE9
:100D2000664E00950121CDE90144654B326046F2E3
:100D3000060022460DF080FB624B634A01210092BF
:100D4000CDE9014422461860604B4FF47A600DF003
:100D500073FB5F4D5F4B224600930121CDE90144B7
:100D60005D4B28604FF47A600DF066FB5B4B2246CA
:100D700000935B4B0121CDE901441860594B4FF4BE
:100D8000A0400DF059FB584B22460093574B0121D0
:100D9000CDE901441860564B4FF4A0400DF04CFBD8
:100DA000544B186001F07EFB0EF09AF93246524B1C
:100DB0005249009501F0A6FA514802F0B1FD5148A0
:100DC00001F07AF85048514A514900F001FE0EA84E
:100DD0000E9401F05DFB20B90E9B13B94D4801F054
:100DE0002FFB0CF011FE00214B4A4C480CF05CFE2E
:100DF00004464B4B00214B4A4B481C600CF054FE00
:100E000004464A4B00214A4A4A481C600CF04CFEFA
:100E100004463F4B0021484A48481C600CF044FE01
:100E20000446474B0021474A47481C600CF03CFEF3
:100E30000446364B0021454A45481C600CF034FE00
:100E400004462E4B0021434A43481C600CF02CFE04
:100E50000446424B0021424A42481C600CF024FEEA
:100E60000446414B0021414A41481C600CF01CFEE5
:100E70000446404B0021404A40481C600CF014FEE0
:100E80003F4B18600CF0E2FDFEE700BF4423032057
:100E9000001400409023032000100040F82203209B
:100EA00000440140AC22032000480140DC23032021
:100EB0007C030320481F012058030320C4020320A1
:100EC00040BF0020C002032034030320A0AF002055
:100ED000B80203201003032000A00020EC0203202E
:100EE000B402032000500020C8020320B4270320CE
:100EF00000000020B0270320BC020320080D0320BF
:100F00005C250320BC26032058260320B8110320AB
:100F1000181B0320040063456C09010855020008F2
:100F2000CC1F03204809010859020008C81F0320EC
:100F300024090108090300080009010899030008B1
:100F400068160320DC0801081D040008B808010821
:100F5000B904000894080108D506000858080320C1
:100F600070080108F9070008A80303204C080108CD
:100F7000FD070008A4030320280801080108000851
:100F8000A0030320094A0368934206D0084A93420B
:100F90000AD0084A934205D07047074A13680133C4
:100FA0001360704700F0BABF05F0C8B800140040E5
:100FB000002C0140001000407C02032072B6FEE7C6
:100FC000704700BF70B50E4D0E4C2B6820891B6812
:100FD0000D491B6B80B298472B68208A0A4E1B680C
:100FE00006F174019B6E80B298472B68208B1B68BA
:100FF00006F1E8019B6F80B2BDE87040184700BF62
:101000007C00032054000320D82803200870704778
:1010100000787047030A08704B707047012994BF2D
:1010200000780088704700BF012908D94FF6FE23D9
:1010300002889A4203D8981AC0F34F0070470020E4
:10104000704700BF012911D94378FA2B07D8084A05
:10105000C3EB0330A2FB0020C0F30F10704740F633
:10106000FF72FF2B0CBF0020104670470020704716
:10107000D34D6210022907D94FF6FF73B0F8010073
:10108000984208BF0020704700207047042907D904
:101090004FF6FF73B0F80300984208BF0020704776
:1010A00000207047012907D94FF6FF730088984246
:1010B00008BF4FF4006070470020704701290ED927
:1010C0004FF6FF730088984209D047F27F53984249
:1010D00038BF1846A0F5EA407F3880B270474FF419
:1010E00000607047032986BFC078C0F381000020EC
:1010F000704700BF09B1007870470846704700BFCD
:10110000012906D9437803F00F03013BDBB2022B20
:1011100001D900207047024A32F81300704700BF1F
:101120009009010819B10178C1F3810070470846A0
:10113000704700BF032986BFC07800F0030000207D
:10114000704700BF034600B583B008465BBA022271
:101150000DF10601ADF8063004F04AFA03B000BD07
:101160008446002310B50C4682B00DF10600022221
:101170006146ADF8063004F03BFABDF80600012CDC
:1011800098BFC0B240BA80B202B010BD002300B513
:10119000012983B0ADF8063002D8184603B000BD6F
:1011A000014602220DF1060004F022FA9DF8060025
:1011B00003B000BD38B50D4604460822FF2128467D
:1011C00004F012FAB4F5FB4F0ADAC4F5FA447F349E
:1011D000640004F0FE03C4F307242B706C7038BD68
:1011E000002423466C702B7038BD00BF38B50D4607
:1011F0000822FF210446284604F0F6F9FA2204FBEF
:1012000002F2044BA3FB0213D21A03EB5203DB0AD4
:101210006B7038BD0101100038B50C460546082238
:10122000FF21204604F0E0F92B0A6570A37038BD59
:1012300038B50C4605460822FF21204604F0D4F9B3
:101240002B0AE570237138BD38B50C4605460822D7
:10125000FF21204604F0C8F92B0A2570637038BDC1
:1012600038B50C4608220546FF21204604F0BCF99B
:1012700048F6802247F27F53954294BF5B199B1832
:101280009BB21A0A2370627038BD00BF38B50D4694
:1012900004460822FF2128467D3404F0A5F9AC70ED
:1012A00038BD00BF38B50D4604460822FF21284648
:1012B00004F09AF9EB78A40023F00C0304F00C047A
:1012C0002343EB7038BD00BF38B50C4605460822F5
:1012D000FF21204604F088F9257038BDFF2838B575
:1012E0000D460FD9C3B2002B0CBF012403240822E2
:1012F000FF21284604F078F96B7823F00F031C4394
:101300006C7038BD031E18BF01235C00EFE700BFFF
:1013100038B50D4604460822FF21284604F064F93A
:101320002B78A40023F00C0304F00C0423432B704F
:1013300038BD00BF38B50C4605460822FF212046BF
:1013400004F052F9E37805F0030523F003032B437F
:10135000E37038BD38B50D4604460822FF21284603
:1013600004F042F9012C0AD0022C05D0032C0CBF4A
:10137000D723FF23AB7038BDC723AB7038BDC32361
:10138000AB7038BD38B50C4605460822FF21204613
:1013900004F02AF9EBB2022B12D0032B09D0042B54
:1013A0000CBF51230023FF2D88BF43F0040323709B
:1013B00038BD1123FF2D88BF43F00403237038BDCF
:1013C0000123FF2D88BF43F00403237038BD00BF05
:1013D00038B50C4605460822FF21204604F004F9E2
:1013E00015F0080F0CBF0021FA2115F0100F0CBFEB
:1013F0000022FA2215F0200F0CBF0023FA2315F06B
:10140000400F0CBF0020FA2015F0800FE0700CBFD9
:101410000020FA2015F0010F21700CBF0021FA21E5
:1014200015F0020F62700CBF0022FA2215F0040FB3
:10143000A3700CBF0023FA2320716171A271E371C4
:1014400038BD00BF022906D980787D38C0B2812816
:1014500088BF002070470020704700BF032906D9CD
:10146000C0787D38C0B2812888BF00207047002036
:10147000704700BF02290FD9837803F00C02042AB9
:1014800001D001207047C3F30113012B06D0002BBC
:101490000CBF0220012070470020704703207047D6
:1014A00007292DD903784278A3F1FA03B3FA83F31D
:1014B000FA2A4FEA531382784FEAC30308BF43F076
:1014C0001003FA2AC27808BF43F02003FA2A0279EF
:1014D00008BF43F04003FA2A427908BF43F0800373
:1014E000FA2A827908BF43F00103FA2AC27908BFB9
:1014F00043F00203FA2A08BF43F00403184670477A
:101500000020704700787047D9B103789A09012A02
:101510000ED003F03002102A15D003F00302012A86
:1015200014BF0120022003F00C03042B06D07047E7
:1015300003F00C03042B4FF00400F8D140F47F407B
:101540007047084670470320EDE700BF00787047FA
:1015500000787047007870470078704708707047CF
:1015600008707047087070470870704708707047BF
:10157000030A08704B707047012994BF00780088F7
:10158000704700BF38B50D460822FF2104462846A3
:1015900004F02AF8FA2204FB02F2044BA3FB021324
:1015A000D21A03EB5203DB0A6B7038BD0101100045
:1015B000012911D94378FA2B07D8084AC3EB033025
:1015C000A2FB0020C0F30F10704740F6FF72FF2B04
:1015D0000CBF00201046704700207047D34D6210AA
:1015E000034600B583B008465BBA02220DF106013E
:1015F000ADF8063003F0FCFF03B000BD034600B5B4
:1016000083B008465BBA02220DF10601ADF8063040
:1016100003F0EEFF03B000BD034600B583B00846FB
:101620005BBA02220DF10601ADF8063003F0E0FFCF
:1016300003B000BD034600B583B008465BBA022282
:101640000DF10601ADF8063003F0D2FF03B000BD86
:10165000034600B583B008465BBA02220DF10601CD
:10166000ADF8063003F0C4FF03B000BD034600B57B
:1016700083B008465BBA02220DF10601ADF80630D0
:1016800003F0B6FF03B000BD034600B583B00846C3
:101690005BBA02220DF10601ADF8063003F0A8FF97
:1016A00003B000BD8446002310B50C4682B00DF196
:1016B000060002226146ADF8063003F099FFBDF83E
:1016C0000600012C98BFC0B240BA80B202B010BD73
:1016D0008446002310B50C4682B00DF106000222AC
:1016E0006146ADF8063003F083FFBDF80600012C1B
:1016F00098BFC0B240BA80B202B010BD8446002389
:1017000010B50C4682B00DF1060002226146ADF81C
:10171000063003F06DFFBDF80600012C98BFC0B283
:1017200040BA80B202B010BD8446002310B50C460A
:1017300082B00DF1060002226146ADF8063003F0DA
:1017400057FFBDF80600012C98BFC0B240BA80B266
:1017500002B010BD8446002310B50C4682B00DF1D6
:10176000060002226146ADF8063003F041FFBDF8E5
:101770000600012C98BFC0B240BA80B202B010BDC2
:101780008446002310B50C4682B00DF106000222FB
:101790006146ADF8063003F02BFFBDF80600012CC2
:1017A00098BFC0B240BA80B202B010BD84460023D8
:1017B00010B50C4682B00DF1060002226146ADF86C
:1017C000063003F015FFBDF80600012C98BFC0B22B
:1017D00040BA80B202B010BD002300B5012983B029
:1017E000ADF8063002D8184603B000BD014602220B
:1017F0000DF1060003F0FCFEBDF80600000A03B080
:1018000000BD00BF012918D9037803F00302012AA3
:1018100017D003F00C02042A15D003F03002102A6E
:101820000DD003F0C003402B0FD0437803F0030327
:10183000012B0CBF062001207047002070470520B7
:10184000704702207047032070470420704700BF94
:101850002DE9F04F3A4B8346984283B007D8394B75
:10186000984260D94FF028094FF4487609E036498C
:101870004FF02509B1FBFBF1C9B2192940F2EE2660
:101880005BD90124304B0134A4B2B3FBF4F1B1FBBA
:10189000FBF1C9B21929F6D8B4F5806F3FD2012007
:1018A0002A4BCDF804B01F6823186FF0004C4FF49A
:1018B0007A759B461FFA83FAA1F1020EBEEB510F17
:1018C0004FEA51031ADD01F1FF385FFA88F805FB92
:1018D00003F2B2FBF1F2B21A002AB8BF52426245DB
:1018E00009DA914507DB00209446A8EB0302D2B247
:1018F000FB617C613A6201337345E8DB124B1FFAEE
:101900008BF4B3FBFAF1019BB4F5806FB1FBF3F1FB
:101910000AF1010AC9B203D004F1010BCCE701209E
:1019200003B0BDE8F08F08494FF02B09B1FBFBF184
:10193000C9B2192940F26B36A3D80124AFE700BF22
:1019400000350C0020A10700005A6202A8280320DD
:101950004FF08041022201232DE9F041174C002570
:10196000C4E91123164E174FDFF86080E16311E0E0
:10197000D8F800202365937C003B18BF012312494F
:101980003868A36405F06AFC78B96B1C022B4FF031
:10199000010511D056F8043B2564E364002BE7D021
:1019A0006FF0604201232265E9E7FFF707FB6B1C3C
:1019B000022B4FF00105EDD1BDE8F08100000320BE
:1019C000A80A0108A82803203C0003207C0003206B
:1019D00038B50C46064D0749074B0A602860074991
:1019E00001201C600CF0C8FA054B186038BD00BF20
:1019F000A8280320A0280320A4280320B827032018
:101A000008280320F0B54D4E83B0306805F0D0FCB7
:101A1000306805F039FB00286FD10022484D402185
:101A200048482A71EA602A616A61AA61AA60EA618B
:101A300085F8202006F0F6FB306805F0B9FC082296
:101A400002233068C0E90D2305F01EFB002871D188
:101A500000240222012340F2FF71C5E90B233A4F13
:101A6000A9636C6202E00134082C0ED037F8023F03
:101A700036493068AC626B6305F0F0FB0028F2D0A9
:101A80000134FFF79BFA082CF0D1FFF761FF002328
:101A9000022230681146009305F00CFC002846D164
:101AA000306805F029FC00283ED100220121306871
:101AB00005F0D0FDA8BB00220621306805F0CAFD64
:101AC00060BB07224FF4F051306805F0C3FD10BB36
:101AD00007228021306805F0BDFDC8B900221C49ED
:101AE000306805F0B7FD80B900224FF460213068FE
:101AF00005F0B0FD20B903B0F0BDFFF75FFA8CE749
:101B000003B0BDE8F040FFF759BAFFF757FAEBE72B
:101B1000FFF754FAE2E7FFF751FAD9E7FFF74EFA79
:101B2000CFE7FFF74BFAC6E7FFF748FABDE7FFF745
:101B300045FAB5E7FFF742FA8AE700BFA828032075
:101B40000000032000040242AE0A01082400032022
:101B500000407100014B186805F02ABCA82803203A
:101B6000FFF7F6BE082824D8DFE800F0080C1014B0
:101B7000171A1D2005001448FFF76ABE42F21070C4
:101B8000FFF766BE44F62060FFF762BE4CF25030AD
:101B9000FFF75EBE0D48FFF75BBE0D48FFF758BE6E
:101BA0000C48FFF755BE0C48FFF752BE0B48FFF735
:101BB0004FBE0B4AA0F51C53103B934201D90120A4
:101BC0007047FFF745BE00BF40420F00A0860100EE
:101BD00048E8010090D0030020A1070000350C0068
:101BE000301B0F000346054A1978002051615978CF
:101BF000D16199781162DB78936170475826032090
:101C00000246024B00209A61704700BF582603200D
:101C1000034600B5064A93F801E093F800C082F845
:101C200010E004499B7881F800C05374002000BD87
:101C300058260320800203202DE9F047054682B094
:101C4000C0680F4603F0C8FCAB68B3F1005F3ED03C
:101C50000646824600F12409264C4FF0FF312068E9
:101C60000CF048FA0128F8D1DFF89480D8F8000089
:101C70000CF026FC484517D202251F4A13792B4346
:101C80001371002320681A4619460CF0D9F81B4A34
:101C90000223126810680022114600920DF036FDF2
:101CA000284602B0BDE8F08729464FF0FF332422D2
:101CB000D8F800000CF026FC054686B94D450CD03E
:101CC0000D4A0125137943F008031371D9E74FF04A
:101CD000000A4FF024095646BEE70025D1E75246D8
:101CE00039464FF0FF33D8F800000CF00BFC0544E8
:101CF000E4E700BF0828032000000320A4280320F5
:101D0000B02703202DE9F04700250C4682B0C90713
:101D10000646019516D4A20707D50221314A137948
:101D200043F00103137133681965630738D4019BCD
:101D30002BB14FF0E0234FF08052C3F8042D02B0D6
:101D4000BDE8F087DFF8A890DFF8988040214A4688
:101D5000254B05F0A5FBD8F81430D9F80C00013359
:101D6000C8F8143003F038FCDFF888A00746DAF82A
:101D700000000CF0A5FB07F12803984224D3494644
:101D80002822DAF8000001AB0CF056FC002FC2D07C
:101D90003A46DAF80000144901AB0CF04DFCBAE702
:101DA0000424104B11499A69086801329A611A7922
:101DB000002142F008021A71336800680DEB04023A
:101DC0001C650DF0C3FDB2E7D8F818302946013381
:101DD000C8F81830054B01AA1B6818680DF0B6FD4D
:101DE00099E700BF0000032060280320A0280320FB
:101DF00038280320B4270320002110B50A4A0B4CD1
:101E00001268236982B01068013301AA236101912D
:101E10000DF09CFD019B2BB14FF0E0234FF0805261
:101E2000C3F8042D02B010BDA42803200000032035
:101E3000002110B50A4A0B4C1268E36982B01068A1
:101E4000013301AAE36101910DF080FD019B2BB1EB
:101E50004FF0E0234FF08052C3F8042D02B010BDC4
:101E6000A02803200000032038B50C46104D294659
:101E700005F0B0FBA10303D5EB68A3B90D4A1360CD
:101E8000620309D52B690B4A012B13790CBF43F070
:101E9000040303F0FB031371230303D50122054B55
:101EA00083F8202038BD4FF00042024B1A60E7E76C
:101EB0000C28032000000320704700BF91B14FF0B1
:101EC000FF3210B4084C014410F8013B5340DBB220
:101ED00054F82330884283EA1222F5D1D0435DF8CA
:101EE000044B704708467047C00A01080022014BA6
:101EF0001A607047B0280320034B1B689B7C03B912
:101F0000704700F073BE00BF7C000320024A1368D4
:101F100001331360704700BFB0280320024A1368E2
:101F200001331360704700BFAC28032000200CF081
:101F3000A1BF00BF00200CF09DBF00BF00200CF02F
:101F400099BF00BF00200CF095BF00BF124B1B686B
:101F50001989F9B130B400245B68104A03EB4111D0
:101F6000D3E90050C2E900509D6898699561DD6829
:101F70002033556153F8105C8B42C2E9024553F897
:101F80000C5C02F1740242F8105C42F8040CE7D1D8
:101F900030BC7047704700BF7C000320B42803208A
:101FA00070B500250D4B0E4A1B6815709C7C0D4BBF
:101FB000641B18BF0124644203F5AE76E4B21846F0
:101FC000082221460EF0C4FA03467433B342C0E936
:101FD0001155F4D1BDE87040FFF7B8BF7C00032075
:101FE00076000320D828032038B3144B1A688242A5
:101FF00023D02DE9F041847C0122003C18BF01244C
:1020000000250F4E186037780E4B644203F5AE780A
:10201000FFB23270E4B21846082221460EF098FA58
:10202000034674334345C0E91155F4D1FFF78EFFE1
:10203000FFF796FD3770BDE8F08170477C00032004
:1020400076000320D828032000293CD0F0B5744B3B
:1020500083B01D68AF7C6FB906462C8A44B1EB682B
:1020600003EBC40C1C68B4420FD008336345F9D1AC
:1020700003B0F0BDC0F30743EF2B4FEA1024C0F3C9
:102080001126EAD8674E2640E7E71C79E7B1B6F596
:102090006F4F49D04FF6D4539E4266D04FF602732D
:1020A0009E4200F0AD800F2C10D12B681046DB6FE4
:1020B00000929847009A137803F00303032BD7D0BC
:1020C000594B1883D4E77047082C3BD02B68104637
:1020D00003EBC4035B689847102CC9D801A353F8DD
:1020E00024F000BF8D210008C1210008C72100088D
:1020F000CD210008D3210008D9210008DF210008E4
:10210000E5210008EB210008A5210008AD21000809
:10211000B5210008BB210008992100089F21000873
:10212000C120000893210008C0F30720132860D0C5
:102130005A289DD12B6810465B6D98473A4AC3B226
:10214000D37595E72B6810465B6C00910192984718
:102150000099354CC0B20129207389D0019A1046EC
:10216000FFF73AFB84F8200082E7C3B2212B4ED060
:102170005A2B7FF47DAF2B681046DB6C9847C3B2B7
:10218000032B3FF475AF284A937571E7264B5880AF
:102190006EE7254BD8836BE7234B188268E7224B09
:1021A000988365E7204BC0B2987561E71E4BC0B2BB
:1021B000D8755DE71C4B58835AE71B4B588257E78D
:1021C000194B188054E7184BD88051E7164B98806C
:1021D0004EE7154B98824BE7134B588148E7124B5B
:1021E000188145E7104BD88142E70F4BC0B21873F6
:1021F0003EE72B681046DB6A98470B4B588137E760
:102200001046FFF7FFFA084B83F8200030E72B68F1
:1022100010465B6F9847044AC3B2938328E700BF18
:102220007C00032000FF030054000320314B1B7887
:10223000002B5DD12DE9F04FDFF8C4A003F0FF05BE
:10224000DAF8003083B01B89002B4ED02A4F0646A7
:102250003C464FF0740908E0DAF8003001351A897D
:10226000ABB29A4204F174043FD9E36E626EF31A82
:102270009342F1D3B4F9703009FB05FB002B0DDB61
:10228000B4F868200BF1240052BA00EBE300ADF87B
:1022900004203844022201A903F0AAF9B4F972100B
:1022A00004F1240800294FEAE10112DB4046FFF760
:1022B00005FEB4F972200190002AB8BF07320BF175
:1022C000240000EBE200042238440DEB020103F08D
:1022D0008FF90A4B41461A6820462261FFF7ACFC91
:1022E000A36EE6660133A366B6E703B0BDE8F08FE0
:1022F000704700BF76000320B428032000000320AD
:102300007C00032038B50446084B094D1A60094B80
:10231000049A29601A6000F04DF8204602F094FFFC
:10232000204603F0CBF9002038BD00BF142A03205B
:10233000182A0320102A032038B5054602F0A4FF0E
:102340000446284603F0C6F92043C0B238BD00BF9A
:1023500070B5154B82B01B6804460D46164602F058
:10236000C9FF01280AD0114B3246294620461B6876
:1023700003F0DAF901280BD002B070BD00220C4B3B
:1023800011461B681868022300920DF0BFF9EAE7B6
:1023900000220749022309680868114600920DF0DF
:1023A000B5F902B070BD00BF142A0320102A032023
:1023B000182A032000B583B0102001A900F09EF870
:1023C00008B903B000BD0021102000F07FF80038EC
:1023D00018BF012003B000BD00B583B0102001A9D3
:1023E00000F08CF820B90146019820B903B000BD77
:1023F000012003B000BD102000F068F8003818BFBD
:10240000012003B000BD00BF70B5002682B00446B5
:102410000D46102001A9019600F070F810B9019B3B
:10242000A34202D8012002B070BD04F11100294678
:1024300080B200F063F8801B18BF012002B070BDAD
:10244000002210B5114B82B01B78019213B91846C7
:1024500002B010BD044601A9102000F04FF840B9A9
:1024600001981130FF2804D8214680B200F02EF8E0
:1024700018B10123184602B010BD01991020013196
:1024800000F024F8031E18BF0123E0E777000320C3
:10249000014608B5102000F031F8003818BF0120BF
:1024A00008BD00BF10B505F027FA00200AF07CFB3C
:1024B000044618B905F034FA204610BD002009F092
:1024C00041FF05F02DFA204610BD00BF38B5044687
:1024D0000D4605F011FA204629460AF00DFEC30507
:1024E000044603D405F01CFA204638BD0AF004F86F
:1024F0000443A4B205F014FA204638BD0AF05EB9D0
:1025000084462DE9F8430CF50055104695F827212F
:102510000CF580540F461E46B4F89210B4F894306F
:1025200072B3002940F08E80072B40F2A0803E2B32
:1025300040F2B9804FF04008B3F5805F4246C14693
:102540005FD21B0A43F010030370B4F894300CF50B
:1025500084514370023A1C31023003F049F80122E1
:102560000223A8F1020887F80090A4F89280A5F849
:102570001C2184F891300120C4F89860BDE8F883EC
:10258000B1B307224FF008085B1A1FFA83F9B5F8B8
:102590001C31914503F00F0343F0200300F8013B89
:1025A000B4F8923003F5845303F11C030CEB0301E0
:1025B0004CD903F01DF887F80080B4F89230B5F8D4
:1025C0001C21013B9844A4F8928095F822313BB13C
:1025D000B2FBF3F103FB112313B9022384F891300A
:1025E0000132A5F81C210120C4F89860BDE8F883E9
:1025F000072B3CD94FF00808B3F5805F4246C1462F
:102600009FD310230360B4F894300CF584511B0A57
:102610000371B4F89430063A43711C31063002F06D
:10262000E7FF01220223A8F1060887F80090A4F82A
:102630009280A5F81C2184F891300120C4F898609C
:10264000BDE8F8833F224FF040089DE74A4602F07C
:10265000CFFF032309F101023A7084F89130B4F8F6
:102660009230B5F81C219944A4F89290B8E700F88C
:10267000013B0CF58451B4F894201C3102F0B8FFF2
:1026800001210322B4F894300B443B70B4F8943029
:102690000120A4F89230A5F81C1184F89120C4F808
:1026A0009860BDE8F8830170B4F894300CF584515B
:1026B0004370B4F894201C31023002F099FFB4F852
:1026C0009430012103220233DFE700BF70B50024FC
:1026D0000E4600F580530470C0F802400473846015
:1026E000C3F89240C3F89840A3F88E40A3F89040F6
:1026F00000F50053054621464FF48452C3E9474490
:10270000C3F82861C3F824410D300DF021FF4FF4C8
:102710008452A8182146BDE870401C300DF018BF47
:10272000F0B591B0169D0446856019B396461278AF
:102730008C46100903281DD8DFE800F0024C7A22ED
:10274000003B18BF012304F5005282F8263123789C
:1027500023B10621002382F8241123709EF8005033
:10276000BCF1080F05F00F0500F2D1800123002D08
:1027700040F0D680237B012B00F0A78011B0F0BD84
:1027800004F5805797F8911002F00F0204F50056F7
:102790004B1E012A86F82121DBB200F00B81022AB0
:1027A00000F01181002A40F0FB80BCF1010F00F025
:1027B0001E819EF80130BCF1020F86F8223101D053
:1027C0009EF80220022986F82321D3D1012387F81D
:1027D0009130CFE7003B18BF012304F5005686F87F
:1027E0002631227822B1062286F824210022227086
:1027F000BCF1070FBED99EF800209EF8010002F040
:102800000F01014340F09C80DEF8022012BA072A33
:10281000B0D9B2F5845F40F2F0800222072086F83A
:102820001E2186F82401217096F81F21322159E0DB
:102830002378012B9ED104F58057B7F88E1002F053
:102840000F0201F00F039A4240F0A2806088A38833
:1028500097F890201B1A9BB2002A00F0BE80551EEC
:10286000AEB29E4280F0BC80944583D14A1C92B2A5
:10287000EDB20D30A7F88E200EF101012A4620445A
:1028800002F0B6FE6388A2882B449BB29A42638012
:1028900000F0B08004F5005696F81F21002A3FF49E
:1028A00069AFB7F88E30013B93FBF2F102FB1133B5
:1028B000002B7FF45FAF96F8263196F81E11003B8F
:1028C00018BF012341F030010CE004F5005696F8E2
:1028D000263196F81E11003B18BF012396F81F21E0
:1028E00041F0300100208DF8012003228DF8001006
:1028F00096F820112073D6F828015B058DF8021098
:1029000083616946C260FFF797F911B0F0BD002DF1
:102910007FF430AF9EF801500223002D3FF42AAF20
:10292000ACEB03018D423FF725AF0EEB03012A46C6
:1029300004F10D0002F05CFE02236580237019E7AC
:10294000120202F470620243072A7FF613AF0221DB
:102950000B46ACEB0303DDB204F58057A280714453
:102960002A4687F890C004F10D0002F041FE0123D1
:1029700000226580237086F81E21A7F88E3096F815
:1029800026313021003B18BF012396F81F21A9E70B
:102990000421002304F5005282F824112370E9E693
:1029A000012B3FF6E7AE0522032386F8252187F8A1
:1029B0009130DFE6012B3FF6DDAE0223C7F89850D9
:1029C00087F89130D6E6012B3FF6D4AE08220323D8
:1029D00086F8252187F89130CCE6072B3FF6CAAE62
:1029E0009C457FF6C7AE4A1C92B2DDB241E786F83D
:1029F0002221E7E602232370BCE606210B46A8E766
:102A00000378012B01D0002070478268064B891A99
:102A10009942F8DD0321002300F5005282F82411C9
:102A200003700020704700BF400D03002DE9F04106
:102A300000F58055144695F8912092B0561E012E4F
:102A400005D9032A0ED0002012B0BDE8F081D5F8D8
:102A50009830394ECB1AB3420BD9022300F50050FF
:102A600080F825310023012085F8913012B0BDE8AF
:102A7000F081012AE7D100F5005696F9237196F806
:102A80002321002F05DA0F32D2B2082A8CBF7F2211
:102A900001229A42D7D80B4602AA0DF10701FFF78F
:102AA0002FFD9DF80780B8F1080F38D9B8F10C0F49
:102AB00037D9B8F1100F36D9B8F1140F35D9B8F1AC
:102AC000180F34D9B8F1200F33D9B8F1310F34BF12
:102AD0000E270F27384602F07FFD80450AD2A0EB73
:102AE0000802013AD2B202AB0021013203EB080026
:102AF0000DF02EFDE76096F82731003B18BF01234B
:102B00005B05A36102E0012002F092FD204602A9CC
:102B1000FFF792F80028F6D195F8912091E7474603
:102B2000D8E70927D6E70A27D4E70B27D2E70C27EF
:102B3000D0E70D27CEE700BF400D030000F580521F
:102B4000B2F89430B3F5845F14D892F891309BB901
:102B500000F5005300204FF0010CA2F89200A3F8FA
:102B60001C01C2F8981093F8261183F8271182F8F7
:102B700091C07047012070474FF0090C00F50053D9
:102B800083F825C1E6E700BF830F032BC0F30D4098
:102B900020D0012B0ED0B3B9B0F5B97F21D01F23BF
:102BA0005FFA80FC000A012281F800C048708B7037
:102BB000CA70704740F263539842F0D102204FF040
:102BC000740C0D23EFE79128E9D10B204FF0380C5E
:102BD0000223E8E72928E2D102204FF07F0C0923E5
:102BE000E1E70B204FF0EF0CDDE700BF2DE9F04FE0
:102BF000456893B0B5F1804F02D013B0BDE8F08FB7
:102C00000668C068C6F307470C4602F0E5FCEA2FE9
:102C1000C6F3072832D0EC2FEFD1B8F1130FECD167
:102C20000728EAD92378102BE7D1E3793002C54988
:102C3000A27980B20143647908201B0443EA02238D
:102C4000234300224FF0FF34099123FA00F18DF85D
:102C500021308DF822101B0C0C9007A909A8CDE992
:102C60000D22CDE90F220A958DF823300B92119297
:102C700007948DF82040FEF7DFFFBEE70228BCD99D
:102C8000B8F1FF0F23D0B8F1130FB6D1A378617854
:102C900022781B0443EA01231343B3F56E4F40F03F
:102CA000C480A94A33029BB21A4300234FF08045E7
:102CB0000824A64909A8CDE90A53CDE90C43CDE97A
:102CC0000E33CDE910330992FEF7B6FF95E7A378EE
:102CD000617822781B0443EA01231343B3F56E4F56
:102CE00000F02E814FF6C552934200F0CB804FF694
:102CF000CA62934281D14FF0000904A8CDF8109028
:102D0000FFF7C6FB924B049AB3F81EA0012ACAF340
:102D1000400A4FEA8A1A4AF03F0A5FFA8AF440F200
:102D20002981920002321FFA82FA8A4B0AF10601C7
:102D3000A3FB0103C91A03EB5103C3F387074FF049
:102D4000804385490A930991082120230C918349E6
:102D500007AA08910DF1240B4FEA1A218DF81E10D5
:102D6000584611468DF81C301546CDE90D99CDE930
:102D70000F99CDF82C90CDF844908DF81DA08DF8CA
:102D80001F70FEF759FF764B0993002F3FF435AFC4
:102D9000CDE9027B4FF00108A3460DF1230608227E
:102DA000FF21284602F020FC334656469A4608F199
:102DB000FF34C4EBC4048DF81C80A4B20195A64274
:102DC0001ADDA3B243B3012B2DD0A7B2023F05A950
:102DD000B810CDF8149007F00307FFF715FB05981E
:102DE00006A9FFF7D1FE0DEB07031B7E05F8013F97
:102DF000AA4504F10104E2D15346019D03982946F6
:102E0000B24608F101081E46FEF716FF029B5FFA64
:102E100088F84345C3D2F0E605F801BFAA4504F19E
:102E20000104CED1E8E7FF23E0E74FF6C552934215
:102E300028D04FF6CA6293423FF45DAF08270022C4
:102E4000FF240A956FF0FE0506FA07F0454980B2A7
:102E50000143099123FA07F18DF821308DF82210F2
:102E60001B0C07A909A8CDE90B27CDE90D22CDE957
:102E70000F228DF82330119207958DF82040FEF730
:102E8000DBFEBAE6384802F0C7FB00224FF0804173
:102E90000824314DCDE90A12099505462021CDE9D6
:102EA0000C42CDE90E22CDE91022304A294B08927E
:102EB000AA1D8DF81C10A3FB0213D21A07A803EB5E
:102EC000520325FA04F10DF1240BC3F387088DF8A2
:102ED0001E100746014658468DF81D508DF81F807C
:102EE000FEF7AAFE1E4B0993B8F1000F3FF485AE22
:102EF0000124DFF874900DF12306A4EB090A0822DF
:102F0000FF21384602F070FB3A46631EC3EBC30351
:102F10009BB2013B8DF81C404B440AEB03018D42F0
:102F200005DD13F8011F02F8011F9642F5D10134A7
:102F300039465846E4B2FEF77FFEA045DFD25CE694
:102F40000B4AB2E61300EC1C1300EE18D80E010871
:102F5000540003202549922413FFEC1CFFCAFE00F5
:102F600013FFEB1C1300E818C00E0108FFC5FD009D
:102F700013FFEE1808224FF0804316490C92099176
:102F800007A908460D46FF210A93CDE90D99CDE921
:102F90000F99CDF82C90CDF8449002F025FBFF223C
:102FA000049B8DF81C40012B8DF81D2006D0CDF818
:102FB0001E90294609A8FEF73FFE1EE606A94846D0
:102FC000CDF81890FFF720FA06980DF11E01FFF7D3
:102FD000DBFDEEE713CAFE182DE9F0431446027834
:102FE0000646013A1D4685B0092A11D8DFE812F0DD
:102FF0001C0010000A009A01100010000A001000C6
:1030000076010A00012900F09A817F22122101E055
:103010007F221121032322703278A17062702B80ED
:10302000002005B0BDE8F0830229EED141232370D2
:1030300043786370A62BE8D801A252F823F000BFB2
:1030400007350008E93400080B3000080B30000891
:10305000B3340008A93400080B3000080B30000816
:103060000B3000080B3000080B3000080B30000854
:1030700093340008833400080B3000080B3000083C
:103080000B300008533400080B3000080B300008E8
:103090000B3000080B3000080B3000080B30000824
:1030A0000B3000080B3000080B3000080B30000814
:1030B0000B3000080B3000080B300008BD3400084E
:1030C00077340008493400080B3000080B30000842
:1030D0000B3000080B3000080B3000080B300008E4
:1030E0000B3000080B3000080B3000080B300008D4
:1030F0000B3000080B3000080B3000080B300008C4
:1031000053340008493400080B3000080B30000825
:103110000B3000080B3000080B3000080B300008A3
:103120000B3000080B3000080B3000080B30000893
:103130000B3000080B3000080B3000080B30000883
:1031400035350008293500081D3500080B3000080A
:103150000B3000080B300008133500080B30000856
:103160000B3000080B3000080B3000080B30000853
:103170000B30000849340008493400080B300008BF
:103180000B3000080B3000080B3000080B30000833
:103190000B3000080B3000080B3000080B30000823
:1031A0000B3000080B3000080B3000080B30000813
:1031B0000B3000080B3000080B3000080B30000803
:1031C0005D3400080B3000080B3000080B3000089D
:1031D0000B3000080B3000080B3000080B300008E3
:1031E0000B3000080B3000080B3000080B300008D3
:1031F0000B3000080B3000080B3000080B300008C3
:103200000B3000080B3000080B3000080B300008B2
:103210000B3000080B3000080B3000080B300008A2
:103220000B3000080B3000080B3000080B30000892
:103230000B3000080B3000080B3000080B30000882
:103240005D3400080B3000080B3000080B3000081C
:103250000B3000080B3000080B3000080B30000862
:103260000B3000080B3000080B3000080B30000852
:103270000B3000080B3000080B3000080B30000842
:103280000B3000080B3000080B3000080B30000832
:103290000B3000080B3000080B3000080B30000822
:1032A0000B3000080B3000080B3000080B30000812
:1032B0000B3000080B3000080B3000080B30000802
:1032C000DD3400080B3000080B3000080B3000081C
:1032D0000B3000080B3000086B34000802297FF423
:1032E00094AE49232370437863700A2B3FF68DAE6A
:1032F00001A252F823F000BF973300080B300008FA
:10330000B73300080B300008A53300080B30000865
:10331000393400080B3000080B3000080B3000086F
:103320001B34000801297FF470AE0191FFF754F8B7
:10333000019968BB337840332370298070E602A876
:10334000FFF7A6F820BB029B5A1C52002A80327855
:1033500063704032DBB22270002B3FF461AE07464F
:1033600004F1020904F103080CE0039B1A0E09F8AA
:1033700017201B0C9DF8082008F817300137BA42B7
:103380007FF64EAE384603A9FFF73EF80028ECD092
:103390007F2210213EE644F254020623C4F80220A4
:1033A0002B803DE601236749A370E01C02F02CF955
:1033B00013232B8034E614230120E61CA070314631
:1033C0002B80FFF79BF8E11D05460220FFF796F8DA
:1033D000034604F10B0103201D43FFF78FF803465A
:1033E00004F10F010420ADB21D43FFF787F8034637
:1033F00004F113010520ADB245EA0304FFF77EF89E
:10340000A4B244EA00039BB2002B3FF409AE1122A0
:103410000021304602F0E8F802E60123E61CA37022
:1034200014220021304602F0DFF83046464902F00F
:10343000EBF817232B80F3E5782207234349A27189
:10344000C4F802102B80EBE5042200232A8063805D
:10345000E6E5032200232A80A370E1E506224FF06F
:1034600080732A80C4F80230DAE50622384B2A80BD
:10347000C4F80230D4E50622364B2A80C4F8023064
:10348000CEE50322344B2A809B8AC3F30723A37023
:10349000C6E50423304A2B809388C3F34A13A370F4
:1034A0009388DB00E370BBE5032274232A80A370BA
:1034B000B6E503224C232A80A370B1E504232B80B8
:1034C0000BF00EFE254DA5FB00239B0BA3700BF00C
:1034D00007FEA5FB00539B09E370A1E50622042328
:1034E0002A80C4F802309BE503A8FEF7D1FF38BB61
:1034F000039A02F07F02002306212980A270E37064
:10350000237163718CE50622154B2A80C4F80230C2
:1035100086E5032251232A80A37081E504224BF61D
:1035200035732A8063807BE5062200232A80C4F855
:10353000023075E506220B4B2A80C4F802306FE595
:103540000022D8E7D0070108E0070108011234562D
:10355000123456788001800154000320D34D62104C
:1035600098188003A40C0001814204D900F178402E
:10357000B0F5802F01D30020704701F17841013967
:10358000B1F5802F2CBF002001207047814208D95F
:10359000B0F1005F05D3044881428CBF00200120B8
:1035A00070470020704700BF00000420814211D9FD
:1035B000B0F1005F10D31A4B994219D9194B9842B8
:1035C00008D9194881428CBF002001207047B0F112
:1035D000006F15D200207047144B98420AD8144B44
:1035E0009842F4D9134881428CBF002001207047D3
:1035F00001207047104881428CBF00200120704795
:103600000E4B9942E6D80E4BB3F8E030B3F5007F8D
:10361000EED00C4881428CBF00200120704700BFD3
:10362000000004203F20024040210240FFFFF90B30
:10363000FFFFF80B0080F90B0002FA0B00000808EE
:103640000005FA0B0000040800B58BB001A804F0D7
:103650004FFB0598AA3818BF01200BB000BD00BF72
:1036600000B58BB072B601A804F042FB04214FF400
:103670000052079B019143F08063CDE9062304F0DB
:103680003BF918B162B601200BB000BD04F054F94B
:103690000028F7D101A804F009FA10B904F06EF976
:1036A000F0E704F05DF904F03BF9EBE710B58AB000
:1036B00004F022F9044604F03FF9044301A804F0A1
:1036C00017FB04214FF480729DF81E30E4B2C3F35F
:1036D000001383F001031B05CDE90623019134B1EA
:1036E00004F03EF904F01CF901200AB010BD01A855
:1036F00004F0DCF90028F3D104F040F9044604F0AA
:103700002FF9044304F00CF9E4B22043C0B20038AE
:1037100018BF01200AB010BD30B58BB004F0ECF832
:10372000044601A804F0E4FA00238022079802214D
:1037300010F4801FCDE9033200930CBF0223012354
:10374000019101A86946029304F068FB054604F064
:10375000E7F828432043C0B2003818BF01200BB05F
:1037600030BD00BF70B504F0C7F805460F4C104ED1
:10377000D4E90023B3F1FF3F08BFB2F1FF3F04F5E6
:10378000802107D0012004F035F9002818BF45F04A
:103790000105EDB20834B442EAD104F0C1F828437F
:1037A000C0B2003818BF012070BD00BF00E00308A0
:1037B00000000408002330B58FB0009304F09CF89B
:1037C0000223044605A8019304F092FA0B9B0422FD
:1037D00013F4801F4FF07C0014BF022301236946BD
:1037E00003900DEB02000492029304F017FB0546D0
:1037F00004F096F8054344EA0500C0B2003818BF4B
:1038000001200FB030BD00BF014608B5012004F013
:10381000F1F8003818BF012008BD00BF0022014B9D
:103820001A6070471C2A03201D4B10B45988B3F846
:1038300000C0B1F5E06F34BF00210121194C9B8815
:10384000194A34F81CC0B3F5306FA2F800C091706B
:1038500013D2B3F5E06F1ED2B3F5407F1DD2B3F59E
:10386000807F8CBF00230123D1789B00994208D12F
:103870000E4B18605DF8044B70470123D1789942D4
:10388000F6D00A4C2168411AFA29F3D9D370206086
:103890005DF8044B70470223F0E70323EEE700BF17
:1038A000202A0320E00E0108780003201C2A0320B0
:1038B0000022014B1A707047262A0320154B164A26
:1038C0001B78108891787BB16FF4FC63C3183E2B92
:1038D000124B14D91881188B60F0FF0080B2188346
:1038E00021B9598A89B201E00C4B18811982D2782A
:1038F00022B1198B01F47F410A431A83704758891A
:1039000080B21881188BC0B21883588A80B218828E
:10391000E6E700BF262A0320780003205400032096
:10392000014B1860704700BF282A0320704700BF72
:1039300000B5044B83B0186801A907F0DDF90198C0
:1039400003B000BD282A03200D4B02781B684032CB
:1039500001291A700FD900B5A1F1020E10FA8EFEDE
:10396000024610F801CF724503F801CFF8D1054B9C
:103970001B68198000BD034B1B681980704700BF8E
:10398000542A0320502A032030B54378044685B0DA
:1039900013B98378442B0FD07F204FF0310C0321D3
:1039A0003C4B3D4A1B6812681870207883F802C0AF
:1039B0005870118005B030BD0B2903D07F204FF027
:1039C000130CECE7354B1978022903D04FF07F0C2C
:1039D0007F20E4E71B7F022B11D1314D6B7B13F06D
:1039E000FB030FD07F20242503212A4B2A4A1B6882
:1039F0001268187020789D7058701180DAE74FF0C7
:103A0000330CE5E7D0F80300AB6001232B73D4F847
:103A1000073000BA1BBAC1186B6001922860FFF72B
:103A2000A3FD1C4B19681C4BD3F800C040B36B6856
:103A3000019A13F0070F0AD07F2370200B70032325
:103A400094F800E0887081F801E0ACF80030237849
:103A50006A734FF20F04202540338DF80C3003AA0F
:103A60004B1EC81C8DF80D50ADF80E4012F8011B0E
:103A700003F8011F8342F9D10423ACF8003099E721
:103A80007F22312003230A70227888704A70ACF8B4
:103A900000308FE7542A0320502A0320302A0320C5
:103AA0005C2A032003780F2B40F283802DE9F04736
:103AB000A3F1100204460D468EB0772A7FD8DFE8C6
:103AC00012F0420232027E007E00C5017E007E00BE
:103AD0007E007E00AC017E007E007E007E007E00C7
:103AE0007E007E007E00F801E20108027E007E007A
:103AF0006C019F01920115027E0085017E00220269
:103B0000D5017E005C017E007E0048012201ED00AF
:103B1000DD00D0007E007E007E007E0032010501C7
:103B20007E007E007E007E007E007E007E007E00A5
:103B30007E007E007E007E007E007E007E007E0095
:103B40007E007E007E007E007E007E007E007E0085
:103B50007E007E007E007E007E007E007E007E0075
:103B60007E007E007E007E007E007E007E007E0065
:103B70007E007E007E007E007E007E007E007E0055
:103B80007E007E007E007E007E007E007E007E0045
:103B90007E007E007E007E007E007E007E007E0035
:103BA0007E007E007E007E001501C300B300A600EB
:103BB0008D00A24BA24A1B681268FFF70DBA7F2046
:103BC000112503219E4B9D4A1B68126818702078AE
:103BD0009D70587011800EB0BDE8F087012D40F245
:103BE000FA84427802F07F03012B00F01485032B46
:103BF00000F0FF847F2012250321914B8F4A1B6820
:103C00001268187020789D7058701180E3E77F204B
:103C1000112503218A4B894A1B6812681870207885
:103C20009D7058701180D6E7022D00F0A8847F2087
:103C300013250321824B814A1B6812681870207873
:103C40009D7058701180C6E77F20122503217C4BA0
:103C50007A4A1B681268187020789D70587011801D
:103C6000B9E77F2011250321754B744A1B68126840
:103C7000187020789D7058701180ACE7704B6F4AB7
:103C8000012D1B68166800F0A9837F2113200322F1
:103C9000197021789870597032809CE7012D40F29C
:103CA0003B83684E737B012B00F01A85644A63499D
:103CB000022B1268086800F0C2857F2124250323A7
:103CC0001170217895705170038084E7022D00F007
:103CD0006D847F2013250321594B584A1B681268B5
:103CE000187020789D705870118074E77F2011251E
:103CF0000321534B514A1B681268187020789D703D
:103D00005870118067E7022D00F22D817F20132566
:103D100003214B4B494A1B681268187020789D702C
:103D20005870118057E7012D40F20383437803F068
:103D30000F02042A00F0C1847F2012250321404B8A
:103D40003E4A1B681268187020789D705870118068
:103D500041E73D4BB3F8E030B3F5007F00F09C84C1
:103D60007F2011250321364B344A1B6812681870D6
:103D700020789D70587011802DE7032D00F2FB8094
:103D80007F20132503212E4B2C4A1B6812681870C4
:103D900020789D70587011801DE7012D40F2E3825C
:103DA000467806F07F06012E00F0CD84022E00F04A
:103DB000EB847F2012250321214B204A1B681268C7
:103DC000187020789D705870118004E77F201125AD
:103DD00003211B4B194A1B681268187020789D70CC
:103DE00058701180F7E67F2011250321144B134AE8
:103DF0001B681268187020789D7058701180EAE670
:103E00007F20112503210E4B0C4A1B681268187085
:103E100020789D7058701180DDE6094F022D3B68B7
:103E200000F242827F2013250321044A1870207873
:103E300012689D7058701180CDE600BF502A032093
:103E4000542A03205C2A03200005FA0B042D00F0FD
:103E5000B3827F2013250321A44BA54A1B68126857
:103E6000187020789D7058701180B4E67F2011255D
:103E700003219E4B9E4A1B681268187020789D7023
:103E800058701180A7E6012D40F26082437803F05C
:103E90000F02042A00F044847F2012250321934B53
:103EA000934A1B681268187020789D7058701180B2
:103EB00091E6032D00F0A1827F20132503218B4B77
:103EC0008B4A1B681268187020789D70587011809A
:103ED00081E67F2011250321844B854A1B681268E7
:103EE000187020789D705870118074E67F2011251D
:103EF00003217E4B7E4A1B681268187020789D70E3
:103F00005870118067E6022D00F2F5817F2013259D
:103F10000321764B764A1B681268187020789D70D2
:103F20005870118057E6714B714A022D1B68166854
:103F300000F026827F2113200322197021789870C7
:103F40005970328047E6022D00F0F1827F20132560
:103F50000321664B664A1B681268187020789D70B2
:103F60005870118037E60222294620460EB0BDE87F
:103F7000F047FFF709BD90F901204378002ABCBF44
:103F800003F07F0343704388B8BF01265BBA9BB23E
:103F9000A8BF0026B3F5097F00F35F85B3F5007F66
:103FA0002ADBA3F50073242B26D8DFE813F0ED00FD
:103FB000D600C500B200A30090006800590050016F
:103FC00048012500250025002500250025001401B5
:103FD000FF002500250025002500250025002500DF
:103FE000250025002500250025002500250041018C
:103FF0002601760143003D007F20312103223B4B07
:104000001B68187020789970394958700B681A80AD
:10401000002E3FF4E0AD354A126812787F2A3FF453
:10402000DAAD00221A80D6E5052D00F069877F20E1
:104030001321E3E7042DFAD1FDF7E4FC0A2009F08F
:104040008DFD2A4B1A682A4B1B682178403111706C
:1040500061785170A1789170E178D1701D80D7E7B7
:10406000224A234B042D12681B6800F02D877F2104
:10407000132011702178907051700325EEE70B2DFD
:10408000D5D9456887682DBA3FBA28467919FFF710
:104090008DFA0028B0D039462846FDF70FFF0146BB
:1040A0000827124B25781A68403515706078104B38
:1040B0005070A0781B689070E078D171D070080EB5
:1040C0001071080CF940507191711F80A0E7074AE8
:1040D000074B062D11681B6800F002877F22132012
:1040E0000A70227888704A70032290E7542A0320CD
:1040F000502A032071200421AB4B1A68AB4B10707F
:1041000060781B685070A0789070E078D07019804B
:104110007EE7A54B71201968AB1E0A46087014FA99
:1041200083F3214614F8010F8B4202F8010FF8D1F6
:104130009E4B1B681D806BE7FFF714FB9A4B1A68B8
:104140009A4B1B68002800F00F877F2172201170A6
:10415000217803259070517080E7FFF72BFB924B7D
:104160001A68924B1B680028EFD121462078403016
:104170001070A81E14FA80F00C4611F8017F8442DA
:1041800002F8017FF8D169E7874A884B042D12684D
:104190001B687FF46CAF4178012900F094870229F5
:1041A00040F089870020824908704EE7042D7FF493
:1041B0003EAF804B1A78022A00F0AA877F227F2028
:1041C0000321794B1B68187020789A70774A5870D1
:1041D000136819801CE7042D7FF429AF754B1A78FA
:1041E000022AEBD11B7F022B40F08F874378012BF3
:1041F00000F0CF877F20122100E7052D7FF417AF55
:104200000079FDF7FDFCFDF7FDFB0A2009F0A6FC97
:104210000420654B21781A68644B40311B6811708B
:1042200061785170A1789170E178D1701880EFE6D3
:10423000072D7FF4FCAE0430FDF7D4FCE3E75D4BC3
:104240001B7F022B00F011867F203321D6E6082D3C
:104250007FF4EDAE4378012BCCD1C379042B7FF4EE
:10426000CBAE807922796379000240EA026040EAAD
:10427000034040F00400FEF7E3F8002800F0568504
:104280007F2072250321484A484B12681B68107032
:104290002078957050701980BAE6072D7FF4C7AE6C
:1042A0000430FDF7B5FCAEE7592204211A704278BC
:1042B00099705A70427802F07F02012A00F09C82C5
:1042C000022A00F093827F2512260320374A1D70B0
:1042D000257811689E705D70088094F90130002B7C
:1042E000BFF679AC3B681B787F2B3FF474AC0021A0
:1042F000136819806FE42F4B1E78022E00F0558250
:104300007F220320284B29491B6809681A702478EA
:104310009A705C7008805EE47F2013250321224B95
:10432000224A1B681268187020789D70587011809E
:1043300051E47F20132503211B4B1C4A1B68126884
:10434000187020789D705870118044E47F201325E8
:104350000321154B154A1B681268187020789D7050
:104360005870118037E47F20132503210E4B0F4A2C
:104370001B681268187020789D70587011802AE4AC
:104380000C4A1278012A00F07682427802F07F020D
:10439000012A00F0A9837F211220032219702178BD
:1043A00098705970328016E4542A0320502A032052
:1043B00076000320302A03204378FF2B00F072821E
:1043C0007F2031250321A74BA74A1B68126818706C
:1043D00020789D7058701180FFF7FDBBA34A517B78
:1043E000032900F032837F212420032219702178D1
:1043F000987059703280FFF7EEBBB0F8012052BAC6
:1044000090B20022A0F50071B1F5007FCDE9012244
:10441000CDE903220092C0F06B82A0F57142843A8C
:104420000C2A08D8DFE802F072076C630707070759
:104430005A07070715007F2031250321894B8A4A37
:104440001B681268187020789D7058701180FFF7F3
:10445000C2BB69460120FEF751F801A905460220BA
:10446000FEF74CF8034602A903201D43FEF746F869
:10447000034603A90420ADB21D43FEF73FF80346EF
:1044800004A90520ADB21D43FEF738F8ADB20543CF
:10449000ADB2112269460DF1170001F0A9F8002D07
:1044A000C9D1142523786F4A66781168A278403301
:1044B000681E8DF814308DF816208DF8156005AA49
:1044C0004B1E11FA80F012F8011B03F8011F834202
:1044D000F9D1654B1B681D80FFF77DBB0C22644939
:1044E0000DF1170001F084F80F252378DBE7042293
:1044F00060490DF1170001F07BF807252378D2E71A
:104500005D4A042512788DF81720CCE70C225B4910
:104510000DF1170001F06CF820230922584909A871
:104520008DF82330192501F063F82378BBE7437831
:1045300003F07F03022B00F05B82032B00F0448228
:10454000012B40F06A8200224B494E48C1E9032208
:104550000B70464B02605A734A610A778A6194F97C
:1045600001306278002BFFF636AB50203D4B3E49C0
:104570001B6809685A7018700D80FFF72CBB4278D1
:1045800002F07F03012B00F07F81022B00F05382A9
:104590007F2012250321334B334A1B6812681870A1
:1045A00020789D7058701180FFF715BB4378002B61
:1045B00000F09381802B3FF40EAB7F201225032166
:1045C000284B294A1B681268187020789D70587013
:1045D0001180FFF700BB7F2013250321214B224AC6
:1045E0001B681268187020789D7058701180FFF752
:1045F000F2BA244D2968002940F02E817F2022251F
:10460000184A19491268096810702078957050701E
:104610000B80FFF7E0BA022D00F037828378103B61
:10462000032B00F2F285DFE803F01917021B164B8B
:10463000144A136094F90130002BFFF6CCAA022132
:10464000084A237812684033074D137060782B684E
:1046500050701980FFF7BFBA0C4BE9E70C4BE7E746
:104660000C4BE5E7542A0320502A03205C2A032040
:104670009005FA0B08080108302A0320F00701080A
:10468000FC070108582A032020A1070090D003004E
:1046900048E8010040420F00022D00F23C817F20DB
:1046A00013250321B14BB24A1B6812681870207899
:1046B0009D7058701180FFF78EBA03F0F002402A07
:1046C00040F22C817F2012250321A84BA84A1B68A9
:1046D0001268187020789D7058701180FFF77BBAAF
:1046E000A91E11F007051FFA81F840F09A80B368FF
:1046F00072684344934200F29480327B4378934241
:1047000000F042847F2073250321984B984A1B6850
:104710001268187020789D7058701180FFF75BBA8E
:1047200003F0F002402A40F229817F201225032164
:104730008E4B8F4A1B681268187020789D705870D5
:104740001180FFF748BA40F26713ADF81430FFF755
:10475000EFF8884A884B4240C3E903021E7794F978
:10476000013000BA002BCDF81600FFF634AA06215E
:104770007E4B05981B687E4A1860BDF818001268C9
:1047800098801180FFF727BA062D00F0CB817F209B
:1047900013250321754B764A1B6812681870207820
:1047A0009D7058701180FFF716BA4FF28412B0F85E
:1047B000013058BA80B220F00801914200F0F68032
:1047C00049F2F102934200F06382072D00F0578313
:1047D0007F2013250321654B654A1B6812681870FA
:1047E00020789D7058701180FFF7F5B9032D00F007
:1047F000CE817F25132668E5032DFAD1002205A876
:10480000DA70FDF745FE5A4A3B681668002800F04A
:1048100024837F2119707221207899705870358017
:104820005BE57F2071250321504B514A1B681268BC
:10483000187020789D7058701180FFF7CCB9022D48
:1048400000F061817F21712503231170217895701B
:1048500051700380FFF7BFB9130600F12481C72010
:104860000221424B424A1B681268187060785870E7
:104870001180FFF7B0B97F2203211A7000789A7077
:1048800058703180FFF7A7B911063FF5A4A9C521DB
:10489000364B374A1B681268197041785970158079
:1048A000FFF799B98378FF2B7FF48AADC378FF2B8C
:1048B0007FF486ADFDF790FD002800F01D847F2079
:1048C00072250321294B2A4A1B6812681870207828
:1048D0009D7058701180FFF77EB97E21234B244ACA
:1048E0001B6812681970417859701580FFF773B909
:1048F0006946FDF703FE002800F027817F21312063
:104900001A4B1B4A1B6812681970217898705970ED
:104910001580FFF760B90122FFF726BB1B095A1D5E
:10492000AA4280F2D380002B00F0A7820027591EF4
:104930000530C90010F8012F8A4008393A4311F1B7
:10494000080F97B2F6D19E1DF3199D4200F07282B6
:104950007F2013250321054B054A1B681268187038
:1049600020789D7058701180FFF735B9542A0320C4
:10497000502A032078563412302A0320AF4A127886
:10498000012A00F032811B099A1D954200F0EE8148
:104990007F2013250321AA4BAA4A1B6812681870AE
:1049A00020789D7058701180FFF715B97F20312550
:1049B0000321A34BA34A1B681268187020789D70CE
:1049C00058701180FFF707B99F4A928A92B2B2F5E8
:1049D000805FC0F041817F208825994A99491268FB
:1049E000096810702078957050700B80FFF7F3B84D
:1049F000954B9B8A9BB2B3F5805FC0F003817F200B
:104A0000222503218E4B8F4A1B681268187020786C
:104A10009D7058701180FFF7DEB87F2012250321AA
:104A2000874B884A1B681268187020789D705870F0
:104A30001180FFF7D0B812063FF5CDA829462046D1
:104A40000EB0BDE8F047FEF77FBF04215173027836
:104A500040321A703580FFF7BEB8B3F57F4F00F0D3
:104A600050814FF6017293427FF4C6AA042D7FF461
:104A7000DEAA4378012B7FF4BDAB704B1A78022A73
:104A800000F07C837E22FFF79ABB7F201325032151
:104A90006B4B6C4A1B681268187020789D705870B8
:104AA0001180FFF798B80123684C26782370FDF732
:104AB00051F84FF47A7009F051F8F6B22868FDF712
:104AC00051F8FCF79FFF2670FFF785B87F2013256C
:104AD00003215B4B5B4A1B681268187020789D703D
:104AE00058701180FFF777B851221A7042785A70C7
:104AF000358090F90130002BBFF66DA80EB0BDE8EF
:104B0000F04702F04DB8317B63788B4200F0508162
:104B10007F217325032311702178957051700380D4
:104B2000FFF759B8454B9A69042A40F20B817F2060
:104B300036250321424B434A1B68126818702078BF
:104B40009D7058701180FFF746B860782378A4787C
:104B5000403304228DF8150069460DF117008DF8D9
:104B600014308DF8164000F043FD354B0DF1130263
:104B70001868431E063012F8011F03F8011F9842FF
:104B8000F9D107222F4B1B681A80FFF724B80022A7
:104B900005A8DA70FDF77CFC8146002840F02D81E5
:104BA000059B002B00F0AA8280466E4612E09DF81D
:104BB00003203B685A55BDF8022003F82820009ACC
:104BC0002B44120A9A70009ADA70059B04359845B6
:104BD00080F01F8140463146FDF716FC08F10108C0
:104BE0000028E4D04FF00109EFE77F220320144BA7
:104BF00014491B6809681A7024789A705C700880E0
:104C0000FEF7E9BF00230D4A1148C2E903331149F9
:104C100003604B7353611377936194F901306078AB
:104C2000002B1570FEF6D7AF5021054B054A1B68C7
:104C30001268587019701580FEF7CDBF302A032016
:104C4000542A0320502A0320540003207600032016
:104C5000582A03205C2A03200022B349B348C1E943
:104C600003220B70B24B42731A604A610A778A6161
:104C700094F9013060789342FEF6ADAF5021AD4B10
:104C8000AD4A1B681268587019701580FEF7A3BFF3
:104C9000142D7FF49DADD4F803100120FDF716FC10
:104CA000D4F8071005463046FDF710FC0346D4F84B
:104CB0000B1003201D43FDF709FC0346D4F80F1029
:104CC0000420ADB21D43FDF701FC0346E17C052045
:104CD000ADB21D43FDF7FAFBADB245EA00039BB24E
:104CE000944A954912680968002B00F0F0817F20F2
:104CF0007225032310702078957050700B80FEF79A
:104D00006ABF042D7FF493A94378012B7FF472AA24
:104D1000854B1A78022A7FF4B5AE1B7F022B40F038
:104D2000F481FEF7F9FC00287FF4AAAA04212046AA
:104D3000FEF70AFE804B1B681A88002A3EF44BAF30
:104D4000FFF766B958685969411A092900F2FA80D3
:104D50007F2037250321774B774A1B68126818702C
:104D600020789D7058701180FEF735BF002B00F041
:104D70008D800026013B411DDB0011F8012F9A4078
:104D8000083B13F1080F46EA0206F6D140F6FE731F
:104D90009E427CD97F2031250321664B664A1B68E1
:104DA0001268187020789D7058701180FEF713BF3C
:104DB000013333732378002140331370637802F892
:104DC000013FB3680BE034680131E35CB1F57F6FFC
:104DD00002F8013FB36803F10103B36003D07468C4
:104DE000A342F0D389B27268023193420180FEF48B
:104DF000F2AE03237373FEF7EEBE7F2272203B6890
:104E00001A7021784C4A5970987013681D80FFF70A
:104E100064BAB9F1000F00F071817F213B687225FF
:104E2000197003212078444A58709D7013681980C6
:104E3000FFF753BA3C4B1A78022A00F0F0807F2229
:104E40007F2503203B4B3C491B6809681D70247873
:104E50009A705C700880FEF7BEBE062005995971F5
:104E6000090A19713080FFF738BABFF34F8FBFF3CB
:104E70006F8F431D9847FFF7CBB91F4663E5D4F802
:104E8000031009BAFDF722FB034629E71E46D4F8B2
:104E900002502DBA71192846FEF788FB254B264A89
:104EA0001B681168002800F01D812278ED1A40323D
:104EB0001A709A1902E0E85C03F8010F9A42FAD1DD
:104EC000731C0B80FEF787BE4178012900F0D98062
:104ED000022940F0F080002018490870FFF7B5B8AB
:104EE000828840F6FB7052BA92B2824240F2CD8084
:104EF0007F2231200A70227888704A70FFF7F4B858
:104F00004378012B7FF476A90379002B00F04A81C6
:104F1000012B7FF471A80A48FDF766F82946204660
:104F2000FEF712FD06E700BF302A03205C2A0320AB
:104F3000582A0320542A0320502A0320262A03201B
:104F4000E02E0108197F012900F0EF807F20242541
:104F50000321B64BB64A1B681268187020789D7002
:104F600058701180FEF737BE21462078403010700F
:104F7000A81E14FA80F00C4611F8017F844202F852
:104F8000017FF8D1FFF76AB80133337302F0B4FC44
:104F9000B8F1000F5ED02746AA46A946B0683B7913
:104FA0007A791B0403EB0263FA78397A03EB022364
:104FB0007A7A090401EB0261BA780AF1080A13440B
:104FC00019EB0302FB79083701EB0323316801F584
:104FD0008021084417F8021C0B44FEF715FC40EA38
:104FE0000503B068D04500F10800DDB2B060D6D846
:104FF00002F096FCD6E901329A4224BF0323737370
:1050000085B37F2172200322884B1B681970217899
:1050100098705970864B1B681A80FEF7DCBD1B7FA9
:10502000022B2CD1D4F802502DBA28467919FEF75C
:10503000ADFA002840F0BE807F20312503217B4B54
:105040007B4A1B681268187020789D705870118018
:10505000FEF7C1BD02F064FCD6E901239A4201D8F3
:10506000032373730220714A7149237812686478AC
:1050700009684033137054700880FEF7ACBD3322CA
:10508000DEE66C480170FEF7E0BF7120087008464C
:1050900065784D70A5788D70E4780021151F00F8B3
:1050A000034F02E000F8011F01318D42FADC0432A7
:1050B00092B2FEF7ACBF7F21122011702178907060
:1050C0005170FEF7DABF5C480170FEF7BEBF607832
:1050D0002378A578507003204033137095700880B2
:1050E000FEF779BD7F2031250322187020789D704E
:1050F00058700A80FEF76FBD0121A0E44C4A9B0066
:10510000116803330B80FFF7E8B83322FFF757B875
:105110001B7F022BF9D14378012B7FF46BA8FEF79C
:10512000C5FA00287FF4ACA800E6D4F802101D6987
:1051300009BA8D4212D000277F26586135250320F9
:1051400001329A61394A3A4912681F7716702378FA
:105150000968537095700880FEF73DBD1E7794F97D
:105160000130002BFEF637AD40F267212F4A304B5D
:1051700012681B6811801E80FEF72DBD1B7F022B5D
:10518000C3D12E4B5B7B042BC9D07F202221FEF79D
:1051900035BFFEF759FA00BBFEF762FA00287FF42C
:1051A0006FA8C3E52648FCF71FFF29462046FEF7F7
:1051B000CBFBBFE5022F23D0042F1CD0082F12D029
:1051C0006FF00603E21D1B1B02E012F8011F29709D
:1051D0009918B942F9D3314631E40BF0A9FA002805
:1051E0007FF44EA8A2E5A168E0680BBA02BA314686
:1051F000C5E9002323E4A36831461BBA2B601EE4F3
:10520000238931465BBA2B8019E47F2200263120A6
:105210000321064B0B4D1B682E601A70044A24783C
:1052200012685C7098701180FEF7D5BC542A032078
:10523000502A0320262A0320760003205C2A03201C
:10524000F42E0108582A032038B500240122094B06
:1052500009490A4D4C73586009490A48C3E9034497
:10526000C3E905442C601A701C77FDF72FFA20461D
:1052700038BD00BF302A03205C2A0320582A0320AF
:105280008000032058A00120114B01461A78032A00
:1052900002D01048FDF7B4BB41F288305A688A1A30
:1052A0008242F6D900224FF0010C0B4810B40B4C8F
:1052B000427383F800C01A77226006485DF8044BF9
:1052C000C3E90322C3E905225960FDF799BB00BF7A
:1052D000302A032058A001205C2A0320582A0320EA
:1052E0000146024A0248FDF7A1BB00BFA800032007
:1052F00058A001202DE9F043002585B004468DF823
:105300000D50ADF80E50D0E90050B0F1804F0F466F
:1053100090461E46C5F382690CD038B940F2E1735D
:105320009D4263D040F2DF739D420ED0002005B055
:10533000BDE8F083C5F30743DA2BC5F3072200F07D
:105340009980DB2BF2D1FF2AF0D1E06800F044F91C
:105350000028EBD03B780F2BE8D8002B00F096808C
:10536000072BE3D801388342E0D8A2690137ADF8B2
:105370000E30A2F500120123B2FA82F28DF80D3040
:10538000504B520983F826216168B1F1804F00F03B
:105390008F8040F2E97200214B484C4B0260C3E918
:1053A000002141604FF0FF3301220DF10D01306803
:1053B00009F0A8F84FF0FF33022204460DF10E0168
:1053C000306809F09FF802464FF0FF331444394625
:1053D0003068BDF80E2009F095F8BDF80E30044491
:1053E0000333A34244D0FBF7E9FD41E040F2E97307
:1053F000364AC2E90030344AC2E90030E06800F0C1
:10540000EBF8CDF80080A369314CA3F50013B3FA93
:1054100083F301463A4620465B09FDF781F925787A
:10542000022D83D100274FF0FF3301220DF10D0132
:1054300030688DF80D7009F065F82A464FF0FF339B
:105440000546A11C306809F05DF802464FF0FF33B5
:1054500015443068628804F10D0109F053F863883F
:1054600005440333AB4201D0FBF7A8FD00232370B2
:1054700001205CE7132A7FF459AF2B029BB243EA69
:10548000896343F45A0343F01303B1E7A269B2F509
:10549000001F7FF44BAF08287FF648AF7B78002BC6
:1054A0003FF444AF023883423FF640AF02375EE735
:1054B0002A0292B242EA896242F45A0242F013028C
:1054C0006AE700BF58C0012080000320A800032025
:1054D00058A001204FF0000C10B5029CA4F800C0A9
:1054E0008C460D490B600D490C600D494860114612
:1054F00022B1BDE810406046FEF7D4BA4FF07F0EEF
:105500008CF800201320032283F800E09CF80010A0
:1055100098705970228010BD542A0320502A03200D
:10552000302A03204FF0000C10B5029CA4F800C0F4
:105530008C460D490B600D490C600D4948601146C1
:1055400022B1BDE810406046FEF7ACBA4FF07F0EC6
:105550008CF800201320032283F800E09CF8001050
:1055600098705970228010BD542A0320502A0320BD
:10557000302A032038B5049A12884AB11978512983
:1055800007D0C72904D1012A02D05B78032B08D0A9
:1055900038BD4FF4FA7008F0E1FABDE8384001F088
:1055A000FFBA4FF4FA7008F0D9FA0123084C2578B5
:1055B0002370FCF7CFFA4FF47A7008F0CFFA054B5E
:1055C000EDB21868FCF7CEFAFCF71CFA257038BD6E
:1055D00076000320582A0320014BC0B2185C7047A4
:1055E000D0300108704700BF0AB10AF0B1BF704760
:1055F0004AB1013A4B1E0138114413F8012F8B4276
:1056000000F8012FF9D17047421E11F8013B02F852
:10561000013F002BF9D1704708B503782BB1013059
:10562000FAF70EFE013080B208BD184608BD00BF73
:105630004FF47A7202FB00F0024BA3FB00308009AA
:1056400008F08CBAD34D6210F8B54178072909D912
:1056500042F2FE2002221649164B09681B68088098
:105660001A80F8BD144D044628690144FDF79EFFD9
:105670000F4A104B012816681F6805D042F2FE221F
:10568000022332803B80F8BDFF233370637863B11F
:1056900000232A6912780133DBB2F2542A690132FD
:1056A0002A6161789942F5D8481C3880F8BD00BF5E
:1056B000702A03206C2A0320742A0320002201464A
:1056C000034B1046C3E903221A7059601A817047D0
:1056D000742A0320084B1A785AB14EF660215A6892
:1056E000821A8A4205D90022C3E9032258601A703F
:1056F0001A810020704700BF742A032038B5D0B249
:105700000C46FFF76FFF074DE86002E00A2008F043
:1057100025FA21462846FCF78FFA0028F6D1012009
:1057200038BD00BFD000032070B5D0E90042B2F10F
:10573000804F0D461E4682B007D01AB940F2525330
:105740009C4219D0002002B070BDC4F30743EF2B78
:10575000F8D1C4F30723132BF4D1E3B23F2B01D0CC
:105760005A2BEFD123029BB204F0E0541C4344F4C3
:105770006F0444F0130401E040F25354124BC0682C
:10578000C3E90042FFF728FFADF806000028D9D092
:105790004FF0FF3302220DF10601306808F0B2FE2F
:1057A0004FF0FF3304462946BDF80620306808F064
:1057B000A9FEBDF8063004440233A34201D1012002
:1057C000C1E7FBF7FBFBFAE7D00003202DE9F0412E
:1057D000069D944F944E954C356060603B604AB195
:1057E000FF2018700878FF2824D094F800C0BCF17E
:1057F000010F01D0BDE8F081CE38302827D8DFE88E
:1058000000F033262626262626262626262C2C267B
:10581000262626262626262626262626263326261B
:10582000262626262626268D837C74615326433918
:10583000AFA16C00012A00F098804A78002A00F09D
:10584000948042F2FE21022219802A80D2E742F29D
:10585000FE01022219802A80CCE70022C3F8012031
:105860005A6008232B80C5E700210322A3F801100A
:105870002A80BFE7002201200821C3F80120A3F8F5
:105880000520D8712980B5E7012A30D04A78002A4E
:10589000D7D104200821C3F80120A3F80520644AC9
:1058A000D87129802261A5E7012A20D0227A012A15
:1058B00003D04A78002A00F0828000210222597029
:1058C0002A8097E7052A12D9627A012A64D042F623
:1058D000FE11022219802A808CE700230122C4E9EC
:1058E0000333237023812A8084E7082A4ED042F2B2
:1058F000FE11022219802A807CE7012AF7D0BDE838
:10590000F0410846FFF7A0BE072AF0D94B680846C9
:105910001BBA2361BDE8F041FFF796BE072AE6D91E
:105920004D68206995FA85F808EB0001FDF73EFE09
:1059300001283F68366857D042F2FE2202233A809F
:10594000338057E700215970227A0620013A18BFA8
:1059500001221201D970197159719A70288049E792
:10596000FE21022219802A8044E7002201214FF4FF
:10597000807608202F4FC4E9032222812170C3F8CA
:105980000170A3F80560D971288033E701224B68C4
:105990001BBA23612A802DE7D1F80210E668264859
:1059A00009BA7040884236D0002242F2FE500221ED
:1059B00018802980C4E90322227022811AE7FDF7AA
:1059C000B7FF0121042206253B68E06061725A702E
:1059D000E27B31689A70E289DA70E268120A1A7121
:1059E000E2685A710D8005E75DB100231D4622690A
:1059F00012F8011B013398450D442261F8D895FA3D
:105A000085F8032100220823C7F80480A7F80110B5
:105A1000FA703380EEE622810021022259702A803A
:105A2000E8E600BF702A03206C2A0320742A0320B2
:105A3000E0300108000108087856341210B50F4B09
:105A400082B0186E002240F0010018661C6E07211B
:105A500004F001040094009C9C6D6FF0010044F080
:105A600080549C659B6D03F080530193019B01F072
:105A70003DF802B0BDE8104003F0D2BE0010024075
:105A800070B500210446ACB0942207A8CDE90211FC
:105A9000CDE9041106910AF05BFD324B22689A426F
:105AA00001D02CB070BD03234FF480424FF08051E1
:105AB000CDE907230993182211232791CDE90A2361
:105AC000022108224FF0807307A8CDE90D230C9125
:105AD00004F084FD00283BD1234B0026DA6C02A998
:105AE00042F40052DA64DA6C204D02F40052009263
:105AF000009ADA6C42F00102DA64DB6C322203F0C5
:105B000001030193032301981948CDE90223049668
:105B100002F0DAF980224FF480730521C5E90362AF
:105B20006B614FF480622023C5E9011611492846B4
:105B3000C5E906232E62296001F0E6F870B910214C
:105B40000A4801F091FA30B92565AC622CB070BDFD
:105B5000FBF734FAC0E7FBF731FAF5E7FBF72EFA6B
:105B6000EDE700BF0080024200100240E026032063
:105B70000000024208040240094B02689A4200D029
:105B80007047A3F500539A6C82B042F480529A6435
:105B90009B6C03F480530193019B02B0704700BFDC
:105BA000003002400000000010B500210446ACB0F7
:105BB000942207A8CDE90211CDE9041106910AF05B
:105BC000C7FC274B22689A4201D02CB010BD4FF081
:105BD00000724FF0807307A80792219304F0FEFC37
:105BE000002832D19FED1A6B9FED1B7B09241D4BC2
:105BF00002A9DA6D1C4842F40072DA65DA6D02F42B
:105C000000720092009ADA6C42F00202DA64DB6CF5
:105C10008DED026B03F0020301938DED047B019B7C
:105C2000069402F051F900220521272000F05EFFC2
:105C3000272000F095FF00220521282000F056FFC4
:105C4000282000F08DFF2CB010BDFBF7B7F9C9E795
:105C5000000300000200000000000000000000003F
:105C600000A40040001002400004024208B502688F
:105C70000A4B9A4200D008BD094A4FF44071D36DD7
:105C8000084823F40073D36502F024FA272000F0BB
:105C900075FFBDE80840282000F070BF00A4004058
:105CA000001002400004024210B50446A6B094223F
:105CB000002101A80AF04CFC114B22689A4201D045
:105CC00026B010BD4FF4802301A8019304F086FC98
:105CD00098B90C4B0022D86C052140F48020D86480
:105CE000DB6C5E2003F480230093009B00F0FEFE3B
:105CF0005E2000F035FF26B010BDFBF75FF9E8E746
:105D000000080C420010024000B5036887B0B3F1F0
:105D1000804F0DD02E4A934238D02E4A934214D051
:105D20002D4A934226D02D4A934244D007B000BD5D
:105D300003F504339A6D42F001029A659B6D03F0FE
:105D400001030193019B07B000BD254B0022986D14
:105D5000052140F0200098659B6D322003F0200360
:105D60000393039B00F0C2FE322007B05DF804EB02
:105D700000F0F6BE1A4B1A6E42F400321A661B6E21
:105D800003F400330493049B07B000BD144B0022BE
:105D9000986D052140F0100098659B6D312003F04F
:105DA00010030293029B00F0A1FE312007B05DF8C2
:105DB00004EB00F0D5BE0A4B1A6E42F480221A663C
:105DC0001B6E03F480230593059B07B000BD00BF45
:105DD0000010004000140040004401400048014011
:105DE000001002400000000010B500210446AEB0D3
:105DF000942209A8CDE90411CDE9061108910AF011
:105E0000A7FB2D4B22689A4201D02EB010BD4FF453
:105E1000005309A8099304F0E1FB00283FD19FED4E
:105E2000226B9FED237B0A22244C2548E36C04A9B6
:105E300043F00103E364E36C8DED046B03F00103B5
:105E40000193019B8DED067B089202F03DF8E36D16
:105E500043F40013E365E36D03F400130293029B24
:105E6000A36DDB0018D4A36D43F08053A365A36D2D
:105E700003F080530393039B03F0CAFCA36D23F04C
:105E80008053A36500220521492000F02FFE492000
:105E900000F066FE2EB010BD03F0BAFCF2E7FBF78F
:105EA0008DF8BCE7AFF3008000180000020000008E
:105EB000000000000000000000D40040001002407C
:105EC0000000024210B5014688B000222A2000F0EE
:105ED0000DFE2A2000F044FE154B01A91A6E03A8FE
:105EE00042F400621A661B6E124C03F400630293C4
:105EF000029B04F06BFA04F051FA0346002140F2D1
:105F0000E7300D4A2161A2FB0323A1609B0C0B49E2
:105F1000E060013B20462160636005F055FA10B156
:105F2000012008B010BD204605F05EF808B010BD95
:105F300000100240882A032083DE1B43002C01400E
:105F4000FEE700BFFEE700BFFEE700BFFEE700BFC1
:105F5000FEE700BF704700BF014801F013B800BF63
:105F600090240320014801F00DB800BF282403202D
:105F7000014801F0F9BB00BF58260320014801F099
:105F8000F3BB00BF58260320014805F01DB900BF30
:105F9000882A0320014805F017B900BF9023032089
:105FA000014805F011B900BF44230320014802F065
:105FB0003FB900BF04260320014802F0D7BA00BF52
:105FC00004260320014804F0E5BE00BFF8240320A6
:105FD000014805F0C3BA00BF70250320014802F054
:105FE0000BBD00BFD01F0320014800F0CBBF00BF96
:105FF000E0260320014804F0FFBD00BF5C2503201C
:10600000034AD2F8883043F47003C2F888307047EE
:1060100000ED00E0254B25491A68120754BFD3F85C
:1060200094301B688A6858BFC3F3032302F00C0244
:1060300048BFC3F30313082A12D01D480C2A50F896
:1060400023300FD01B49042A08BF0B46174A1A48B1
:1060500092681A49C2F30312825CD3400B60704706
:10606000174BF3E7C868CA6800F00301C2F30312D4
:10607000022902F1010211D0032913D0B3FBF2F17E
:106080000A4AD368D268C3F3062301FB03F3C2F3C1
:10609000416201325200B3FBF2F3D7E70549B1FB8D
:1060A000F2F1EDE70649B1FBF2F1E9E70010024039
:1060B000E83001080024F40030310108F400032026
:1060C00080969800DFF834D0FFF79AFF002103E0B4
:1060D0000B4B5B58435004310A480B4B42189A4211
:1060E000F6D30A4A02E0002342F8043B084B9A42E6
:1060F000F9D30AF093FAFAF7FDFBFEE7000004205B
:1061000064310108000003206002032060020320C4
:1061100020580320FEE70000042010B500F0D4FC56
:10612000FFF778FF0020FFF7CDFE10B101242046D5
:1061300010BD0446FFF782FC204610BD034A044B05
:1061400011681B780B441360704700BFD42A0320EA
:10615000F8000320014B1868704700BFD42A0320C1
:10616000002330B583B00193002800F09E80856D38
:106170000446002D00F09C80226893689D0005D5A0
:10618000936823F0204323F03F0393609368D80083
:1061900019D45C4B5C481B6891689B09A0FB030306
:1061A00021F010419B0921F03F0101335B0041F0D8
:1061B000805191600193019B2BB1019B013B0193A5
:1061C000019B002BF9D19368D90064D40120A36D01
:1061D00043F01003A365E36D0343E365936813F095
:1061E000040FA36D5DD1DB065BD4A36D23F4817333
:1061F00043F00203A3659368DD0708D4434B9B6813
:1062000013F0010F424B9B6801D1D90763D5E568B4
:10621000636B94F820102B43A568012943EA05031A
:10622000657E43EA453343EA01434FD0A16A21B179
:10623000E56A01F4707129430B43D568354929405B
:106240001943D16093681B0716D494F83030257E2B
:10625000D1685B0043EA8533E56C21F4804121F08D
:1062600006012B430B43D36094F83830012B3AD00E
:10627000136923F0010313612369012B1ED0136BF3
:1062800023F00F031363A36D23F0030343F0010313
:10629000A36503B030BD9368002013F0040FA36D15
:1062A000A1D0A36D43F01003A365012003B030BD5E
:1062B000FFF7E6FBE56584F854505DE7116BE36991
:1062C00021F00F01013B0B431363DCE7616A0139E5
:1062D00043EA4143AAE7104965688B6823F47C13BD
:1062E0002B438B6093E71169E36B256C6FF38A0195
:1062F0002B430B43616C0B43A16C0B4343F0010335
:106300001361B9E7F4000320632D3E0500800242CB
:106310000081024207C0F0FF00830242704700BFC5
:10632000704700BF08B5806AFFF7FAFF08BD00BFDD
:10633000704700BF836A10B59A6D12F0500F9A6DC6
:106340001DD1196842F400729A650A6812F0080FAC
:10635000CA681BD012F4406F0DD1CA6894040AD4E5
:106360009A6D22F480729A659A6DD10403D49A6D65
:1063700042F001029A651846FFF7D0FF10BDD20621
:106380000AD4BDE810401B6DDB6B18479007E7D5BA
:106390001846FFF7C3FFF1E71846FFF7C9FF10BD26
:1063A000806A08B5836D43F040038365C36D43F095
:1063B0000403C365FFF7BCFF08BD00BF0022F0B5B2
:1063C00083B0019290F85420012A00F0F380034634
:1063D00001201A6883F854009068400709D501200D
:1063E0009A6D42F020029A65002283F8542003B08F
:1063F000F0BD1F24486802F1300500F01F0C4FEA81
:10640000901E08680EF00C0EC0F3846000FA0CF0C9
:1064100004FA0CFC55F80E4024EA0C0C40EA0C007F
:1064200045F80E00906810F0040F906835D107070A
:1064300033D4072408688D68C0F30456B440C00DF7
:10644000B5F1004F6FEA040400F0040000F0FC8096
:1064500002F11407B5403E5834402C433C5050697B
:1064600020F0004050610E69D468042E086800F0E6
:10647000B88002F1600757F826C0BA4D00F0F84026
:106480000CEA05050543C4F3C10448696400A04053
:10649000284340F0004047F826009068C60701D521
:1064A0000020A1E7CE680C68AF48D2F8B05006F0E3
:1064B0001807F840C4F31207204025EA07052843CF
:1064C000C2F8B000A948864226D0A9490C42E7D0BC
:1064D000A848A94986688D68ED076ED4A74DAD68B8
:1064E000EF073FF57CAFA64D06F0E077AC4200F039
:1064F0005F81A44DAC4200F07F81A34DAC42CFD16F
:106500007402CDD48A42CBD1826822F0E0723A4341
:1065100042F480028260C3E7002F51D094FAA4F0C5
:10652000002800F0D080B0FA80F0013000F01F00A9
:10653000092840F2C88094FAA4F0002800F0728183
:10654000B0FA80F00130800600F0F84094FAA4F52B
:10655000002D00F06C810126B5FA85F5354405F073
:106560001F0506FA05F5284394FAA4F4002C00F060
:106570005C81B4FA84F4013404F01F0404EB440495
:106580001E3C240544F0007407272043C50D8E6887
:1065900005F0040502F1140C5CF80540C0F304504A
:1065A000864007FA00F024EA000030434CF805006A
:1065B0000C688AE7022003B0F0BD704A92680EE7CB
:1065C0000120A40E013404F01F06A40604F0F845CF
:1065D000B040092E06EB460440EA0500D0D8240559
:1065E000D2E7146E146EC0F31205C4F38464002D58
:1065F00034D1C0F38466B44200F08B80546E556E83
:1066000002F16004C5F3846502F1640CB54200F048
:106610009480A568A56804F10807C5F38465C0F3F4
:106620008466AE4200F0B280E568E56804F10C06CD
:10663000C5F38464C0F38460A0427FF42EAF306859
:1066400020F00040306028E702F1140635582C4055
:106650003450506940F00040506104E790FAA0F5D2
:106660001DB1B5FA85F5AC4253D0546E556E02F1AA
:106670006004C5F3846502F1640C90FAA0F604F19D
:106680000807BE461EB1B6FA86F6AE4257D0A568D8
:10669000A568C5F3846590FAA0FC04F10C06B64623
:1066A000BCF1000F03D0BCFA8CFCAC4570D0E5689F
:1066B000E468C4F3846490FAA0F000283FF4EDAEDF
:1066C000B0FA80F0B8E794FAA4F0002800F0A480B3
:1066D000B0FA80F00130800600F0F84094FAA4F59A
:1066E000002D00F097800126B5FA85F5354405F0B8
:1066F0001F0506FA05F5284394FAA4F4002C00F0CF
:106700008E80B4FA84F4013404F01F0404EB4404D2
:1067100065E71446106E02F1640C20F0004044F866
:10672000600F506E0868556EC0F31206C5F384659D
:10673000002EA2D1C0F3846668E704F1080EDCF8ED
:106740000000774620F00040CCF80000A068086800
:10675000A568C0F31206C5F38465002E3FF45FAF51
:1067600099E700BF00F0FF03FFFF070000007F4034
:106770000000088000830242008002420081024241
:10678000000052C7000084CB0100008004F10C0E11
:106790003868764620F000403860E0680868E468B1
:1067A000C0F31205C4F38464002D3FF443AF82E7C5
:1067B00036023FF575AE8A427FF472AE82681D499B
:1067C00022F0E0723A4342F4000282600A681A49F9
:1067D0009209A1FB02129209013202EB42029200DD
:1067E0000192019A002A3FF45BAE019A013A0192AC
:1067F000019A002AF9D153E6F5013FF551AE8A42DC
:106800007FF44EAE826822F0E0723A4342F080722A
:10681000826045E602256EE74FF080605EE74FF448
:106820004014B1E64FF0806090E6044CACE60225DF
:1068300099E600BFF4000320632D3E05000050FEE2
:10684000002370B582B0019303689A68D2072CD4F4
:106850009968284A054611422AD19A68264922F0A9
:10686000004222F03F0242F001029A608B681E0251
:1068700029D4FFF76FFC2B6806461A68D40714D496
:106880001E4C9A68D00704D49A68224042F0010254
:106890009A60FFF75FFC821B022A2B6802D91A68F4
:1068A000D10705D51A68D207EBD5002002B070BD1C
:1068B0000120AB6D43F01003AB65EB6D43F00103BA
:1068C000EB6502B070BD0E4B0E4A1B689B09A2FB24
:1068D00003239B09013303EB43039B000193019BBB
:1068E000002BC6D0019B013B0193019B002BF9D1EA
:1068F000BFE700BF3F00008000830242C0FFFF7F70
:10690000F4000320632D3E052DE9F041364B056868
:106910009B68AD6815F0040516D1164690F8542012
:106920000446012A10D040F2212C03F01F08012355
:106930002CFA08FC1CEA030C80F8543007D180F8CC
:1069400054C00120BDE8F0810220BDE8F0810F466F
:10695000FFF776FF002840D1A36D216823F4706310
:1069600023F0010343F48073A365204B994237D091
:10697000A36D23F48013A365A36D002513F4805346
:1069800018BFE36D206D18BF23F00603E36533469F
:106990001C263A46164F4031C762164F0763164F02
:1069A000C76341F8406C84F8545051F83C5C45F0A2
:1069B000100541F83C5C51F8345C45F0010541F8A4
:1069C000345C00F017FA2268936823F0004323F048
:1069D0003F0343F004039360B7E784F85450B0E7F3
:1069E000B8F1000FC8D1C3E7008302420081024220
:1069F0003563000825630008A163000890F854205F
:106A0000012A46D0034600220120F0B42B4D1C6819
:106A10009AB0AC42169283F85400179208D0996D40
:106A200083F8542041F0200199651AB0F0BC7047FA
:106A3000234A906840070BD5A26801209A6D42F066
:106A400020029A65002283F854201AB0F0BC7047E7
:106A5000A0684507F1D40D68EDB11A4E4F68B068D3
:106A600093F830C020F46040384340EA4C30B060C6
:106A7000A0689268C0070AD4D70708D4B2688968AA
:106A800022F471620D4322F00F021543B56000201D
:106A9000D8E7022070470B48816821F4604181608B
:106AA000A1689268CD07F2D4D407F0D4826822F4AA
:106AB000716222F00F028260E9E700BF00800242AB
:106AC00000810242008302424FF6FF0C0649030296
:106AD000CA6803F4E06302EA0C02134343F0BF63A5
:106AE00043F40033CB60704700ED00E01A4B00B573
:106AF000DB68C3F30223C3F1070EBEF1030F03F1FA
:106B0000030C28BF4FF0030EBCF1060F1BD9A3F1F5
:106B1000040C4FF0FF3303FA0CF322EA03024FF0A8
:106B2000FF3303FA0EF321EA030303FA0CF31343D2
:106B30005B010028DBB209DB00F1604000F5614039
:106B400080F8003300BD00229446E8E7034A00F0D5
:106B50000F000244137600BD00ED00E0FCEC00E005
:106B6000002807DB012300F01F01034A40098B4086
:106B700042F82030704700BF00E100E000280CDB45
:106B800001220649430900F01F002033824041F8EA
:106B90002320BFF34F8FBFF36F8F704700E100E0FA
:106BA000BFF34F8F0549064BCA6802F4E0621343F6
:106BB000CB60BFF34F8F00BFFDE700BF00ED00E0EB
:106BC0000400FA05002836D038B5437F044603F0A8
:106BD000FF0263B3022223796277F3B92368174A6D
:106BE0005A619A6822F018029A6062798AB1226921
:106BF0001A6101219A68656922F060022A439A604D
:106C00009A68A56922F080022A439A606177002081
:106C100038BD4FF0FF321A61EBE72046D4E902128B
:106C200000F00EF808B92368DFE7012038BD0277CD
:106C3000FEF7A2FFCEE70120704700BFB71DC104D9
:106C4000CB071AD51E2310B401E0013B17D321FA5C
:106C500003FC1CF0010FF8D0182A11D8DFE802F06D
:106C6000161010101010101024101010101010100A
:106C700021101010101010101400012070472AB1BC
:106C800001205DF8044B7047062BF9D804680020FA
:106C90006161A36823F018031343A3605DF8044BFC
:106CA0007047072BF2D9EBE70F2BEFD9E8E700BFCE
:106CB00011490368C26C8B4288BF104922F003025D
:106CC00094BF02F1804189184FF0010210B4DBB289
:106CD0000B4CA3F10803A4FB03430A4CC3F30413B6
:106CE00098BF01F5023102FA03F3C0E91414836579
:106CF0005DF8044B704700BF0704024020080240C3
:106D0000CDCCCCCC8008024000285ED00268304B4D
:106D100070B59A42044646D92E4B2F491344A1FB25
:106D200003132E481B099B000221C4E91203D4E976
:106D3000025320692B430343606984F82510034301
:106D4000A06911680343E0696FF310110343206ADF
:106D500003430B4320461360FFF7AAFFD4E91461F5
:106D6000B5F5804FA06D27D06368DAB2013B032BE5
:106D70003260486024D801210020194B194D13447A
:106D8000013A01FA02F218499B00E3656266256642
:106D900018604A6400230122636484F8243084F874
:106DA0002520184670BD114B0B491344A1FB03135A
:106DB0001B090F489B00B7E70023636033604860FE
:106DC0000023C4E917336366E4E70120704700BF7E
:106DD00007040240F8FBFDBFCDCCCCCC0004024040
:106DE0003F8200104009024000090240F8FFFDBF49
:106DF00000000240F0B590F82440012C0AD04FF07A
:106E0000010C90F8254080F824C0644504D000238C
:106E100080F824300220F0BD0026D0E9157C4FF028
:106E2000020E046880F825E046642668C56D26F0E9
:106E300001062660C7F804C015B1D0E9186777606D
:106E40000126C76C07F01C0C876C06FA0CF67E60F6
:106E500063608368102B036B0BBFA260A160E160CD
:106E6000E260B3B1236843F00E032360036D1A6838
:106E7000D20303D51A6842F480721A601DB12B68E0
:106E800043F480732B602368002043F001032360E8
:106E9000F0BD236823F004032360236843F00A0352
:106EA0002360E3E790F825200346022A06D0042257
:106EB0005A640022012083F824207047026870B4CD
:106EC000046D1068D96C20F00E00106020689E6C74
:106ED00020F480702060106801F01C0120F0010097
:106EE00010600122D3E91545D86D8A407260656053
:106EF00030B1D3E91814026822F4807202604C6049
:106F0000012283F82520002283F82420002070BC71
:106F1000704700BF90F825200346022A03D00422C0
:106F200001205A647047026870B5046D1068D96C0E
:106F300020F00E00106010689E6C20F001001060C0
:106F40002268D86D22F4807222600122D3E91545AF
:106F500001F01C018A407260656030B1D3E91814F9
:106F6000026822F4807202604C60012000211A6CD9
:106F700083F8250083F824100AB1184690470020B2
:106F800070BD00BF0421F0B4C26C866C02F01C021C
:106F900035680468914029420346276812D017F0EB
:106FA000040F0FD02268170439D42268950603D441
:106FB000226822F0040222601A6B716092B1F0BC68
:106FC000184610470221914029420DD0B8070BD531
:106FD000226812F4004F226829D0D4033CD45A6BA3
:106FE000002AECD1F0BC7047082191402942F9D029
:106FF0003907F7D52168002021F00E012160012119
:10700000DC6B01FA02F27260596483F8240083F8A1
:107010002510002CE6D018462346F0BC18477160B6
:107020002268D60314D4036B002BF6D1DAE790065E
:1070300006D4226822F00A022260012283F8252069
:107040000020DA6A716083F82400002AB7D1C9E70A
:10705000836B002BE1D1C5E7DA6A002AAFD1C1E723
:1070600090F82500704700BF60B10368C8061A6831
:1070700005D5C9024CBF42F4801222F480120020D0
:107080001A60704701207047002800F0D78038B59B
:1070900090F85C30044603F0FF02002B70D02268A9
:1070A000936923F010039361FFF754F8054604E059
:1070B000FFF750F8401B0A2859D823689A6911072E
:1070C000F6D49A6942F001029A61FFF743F8054647
:1070D00004E0FFF73FF8401B0A2848D823689A6964
:1070E000D207F6D59A696068574942F002029A6160
:1070F0000860227C012A9A690CBF22F0400242F00B
:1071000040029A61627C012A9A690CBF42F4804273
:1071100022F480429A61A27C012A9A690CBF22F46F
:10712000805242F480529A619A69A06822F44072B7
:1071300002439A619A69E16822F0A4029A611A698D
:10714000012922F010021A611FD011B302299A6995
:1071500076D042F080029A611A69032942F0100247
:107160001A6116D19A6942F020029A6111E0032255
:10717000236E012043F00103236684F85C2038BDB0
:1071800080F85D20FEF710FD89E79A6942F004025D
:107190009A61D4E90612013A0139120242EA4162C7
:1071A000216AB0F5407F01F1FF3142EA01026169D5
:1071B00001F1FF3142EA0142DA610ED1D4E90B025A
:1071C000A16A013A01381201013942EA00220A4358
:1071D000616A013942EA0142DA60D3F8C020E06B0B
:1071E000616B0243C3F8C020D3F88020174822F413
:1071F000F81242EA01422064C3F88020D3F88020CC
:10720000A16B134D22F0706242EA01626564C3F81B
:107210008020104B10494035C4E91253F033C4E9C3
:1072200014134FF45472002109F092F90023012243
:10723000236684F85C201846A36538BD012070479A
:1072400042F020029A61A4E700A5004000AC004093
:1072500070AC004088AD004060AE004090F85C200B
:107260000346013A012A05D91A6E012042F00202B2
:107270001A6670478A6870B4D1E903544869920766
:10728000D1E9006156B942EAC56202431B6C42EA89
:107290000442002070BC43F8212070475B6C44EA34
:1072A000457443F83140104303EBC103586070BC90
:1072B00000207047844690F85C00012807D0DCF875
:1072C0006030012043F00403CCF86030704710B404
:1072D0000198DCF8004040EA4303D4F8800043EA18
:1072E000820242EA011120F03F030B430020C4F860
:1072F00080305DF8044B704790F85C200346012A0B
:1073000005D01A6E012042F004021A66704702226C
:10731000002110B4046880F85C20A269084622F0BD
:107320000102A2615DF8044B1966704790F85C3069
:107330000146022B17D10268936943F00103936160
:107340009369DB0758BF0B2313D49069C00710D48F
:10735000013BFAD103220B6E012043F001030B66BF
:1073600081F85C207047036E43F008030366012038
:107370007047936923F01003936193691B0748BF1B
:107380000B2305D59069000702D5013BFAD1E1E74F
:107390004FF0010C10B400249369204643F002031F
:1073A000936181F85CC08C655DF8044B704700BF49
:1073B00088B110B50446FFF7B9FF22682046D36DA7
:1073C00023F00303D365FEF751FC0023236684F802
:1073D0005C30184610BD0120704700BFF0B590F832
:1073E0005C308646022B0BD10568D5F8C43013F407
:1073F000001C0BD0036E43F4007303660120F0BD44
:10740000036E43F0080303660120F0BDD5F8C460A5
:107410004B680C6988680F68C6F30146002B37D1AA
:10742000044344EA8744D1E906030343486906EB71
:10743000C6070343086A43EA0063C86843EA004397
:10744000DEF8540040F8374000EBC7004360134CAF
:10745000CB68E35CA3B19378D7781B0443EA076356
:10746000177804323B4312F8037C43EA07230CEB02
:107470000007BB60CB680CF1040CE35C9C45EAD3CD
:107480000123B340C5F8CC300020CEF85830F0BD11
:107490003C43044344F08044C5E700BF4031010849
:1074A0002DE9F04190F85C40022C64D14029056838
:1074B0006DD0D5F89840270764D0D5F89870D5F8E6
:1074C0009840C7F30128E60107D5D5F88040E405C8
:1074D00044BF08F1010707F00308C46C08EBC806B5
:1074E00004EBC604266806F080465660D4F800C057
:1074F000002E66D1CCF38A461660266806F0005648
:107500009660266806F000461661A688D661B4F833
:1075100006C00CF00F0CC2F80CC0666806F48016AA
:107520005661666806F400169661E67906F07F06F5
:107530001662274E676816F80CE04FEAD77CC2F84F
:1075400024C0BEF1000F10D0013B04F1070EF44639
:107550001EF8015FACF1060C03F8015FD568ACEBD7
:10756000040C755D6545F2D8056840292CD0C5F836
:107570009C80002004E0036E43F0080303660120B2
:10758000BDE8F081036E43F480730366F7E7D5F836
:1075900090402707F6D0D5F89070D5F89040C7F303
:1075A0000128E60107D5D5F88040A40544BF08F1BD
:1075B000010707F00308846C08EBC80604EBC60457
:1075C00090E72CF0604697E7C5F89480D1E700BFBC
:1075D0004031010803461B6830B45B6C002003F0A7
:1075E0000704C3F30222C1E90042C3F34014C3F30A
:1075F0008012C1E90342C3F3C014C3F3C022C1E93E
:107600000542C3F30034C3F3403203F01805C1E967
:107610000742C3F38032C3F306438D60C1E90923F7
:1076200030BC7047034630B41B6800201B6CDCB2D2
:10763000C3F3C035C3F30622C3F30743C1E90042D5
:107640008D60CB6030BC70470368D3F8C40000F095
:1076500007007047034690F85C000138012805D9FF
:107660001A6E012042F002021A6670471B6870B45D
:1076700011F00705986D01F0380420D0C6071ED41C
:10768000DD6D45F00105DD650CB384071FD5D86DB0
:1076900040F00200D8650C0604D5D3F8DC00104396
:1076A000C3F8DC00C80504D5D3F8E0000243C3F8F2
:1076B000E0205A6D002070BC0A435A65704704B33D
:1076C00086071ED4DE6D46F00106DE6525BB11F48B
:1076D000E07F01D04607DAD411F4F05F01D005074E
:1076E000D5D411F4604F01D0C406D0D411F4403F7A
:1076F00001D08606CBD411F47C0FCCD04506C6D47D
:10770000C9E711F4E07F0AD0460708D4DE6D46F0E1
:107710000106DE65002DB7D0C507B5D5B7E711F472
:10772000F05F01D00607F1D511F4604F01D0C60615
:10773000ECD511F4403F01D08606E7D511F47C0F5B
:10774000E8D04606E2D5002D9ED0E5E7704700BFA1
:10775000704700BF704700BF704700BF704700BF51
:10776000704700BF704700BF2DE9F84F036804461B
:107770001A6D596D02EA010A1A6D596D0AF4E05A40
:1077800002EA01091A6D596D1E6D02EA01085A6D6F
:107790001F6D16405A6DD3F854B01D6D1740690621
:1077A00009F0070908F0380806F4710607F46027A5
:1077B00002D51BF0400F73D1EA0502D51BF4807F80
:1077C0005DD1BAF1000F4AD1B9F1000F35D1B8F14E
:1077D000000F3CD1AB0502D51BF4007F75D1280604
:1077E00002D51BF0800F78D1A90402D51BF4005FED
:1077F0005BD12A0402D51BF4004F5ED16B040AD57D
:107800001BF4804F07D04FF4804223681A65236E23
:1078100043F0800323664FB926B123681E65236EAB
:1078200033432366236E2BBBBDE8F88F23683946AC
:1078300020461F65FAF718FBEEE723684946204605
:10784000C3F85090FAF75EFAB8F1000FC2D023687F
:1078500041462046C3F85080FFF77AFFBAE7236815
:1078600051462046C3F850A0FFF770FFB9F1000F52
:10787000ADD0E2E72046FAF7DBFABDE8F88F4FF427
:10788000807223682046D3F8D8C0D3F8E0101A6578
:107890000CEA0101FFF760FFBAF1000F94D0DEE7B8
:1078A00040221A65FFF75EFF86E74FF40052236817
:1078B00020461A65FFF752FF9BE74FF4004223680A
:1078C00020461A65FFF74CFF98E74FF400722368D3
:1078D00020461A65FFF73EFF81E780222368204695
:1078E000D3F8D4C0D3F8DC101A650CEA0101FAF71A
:1078F00083FA79E7006E7047064B9A6A002A01DB2B
:10790000002070470449054A99609A60986AC00F40
:10791000704700BF0020024023016745AB89EFCDCF
:10792000044B9A6A42F000429A62986AC043C00FC0
:10793000704700BF00200240064B986A10F080405C
:1079400006D00549054A19611A61986AC0F380702A
:10795000704700BF002002403B2A19087F6E5D4C33
:10796000054B9A6A42F080429A62986A80F08040A1
:10797000C0F38070704700BF00200240034A01201E
:10798000936A43F000639362704700BF0020024097
:1079900070B5164C0546FEF7DDFB236ADE0306D5FF
:1079A0006A1C18BF064612D1236AD803FCD442F2DF
:1079B000FA010E4A136A0B4010D1136A0020DB074C
:1079C00044BF0123136270BD236AD903EFD5FEF7CC
:1079D000C1FB801BA842F7D3032070BD044C0120DB
:1079E000616813621943616070BD00BF00200240EE
:1079F000000103202DE9F0411A4C94F800C0BCF1BD
:107A0000010F2CD0984601232370002307464FF422
:107A10007A700D4616466360FFF7BAFF18B100236F
:107A20002370BDE8F081A760EFF3108272B60E4FAD
:107A3000BB6A43F00103BB622E60BFF36F8FC5F8D2
:107A4000048082F310884FF47A70FFF7A1FFA268D8
:107A5000BB6A22F0004223EA0203BB62DFE7022096
:107A6000BDE8F08100010320002002400E4B1A6C9B
:107A7000510212D5C20703D59A6A42F004029A62F3
:107A8000830704D5084A936A43F400439362064A85
:107A9000936A43F48033936270479A6A42F40042D7
:107AA00042F004029A62F2E70020024070B58E4D67
:107AB0002B78012B20D00122002304464FF47A704A
:107AC0002A706B60FFF764FF98B92068C10700F166
:107AD000C480820712D4430719D4030700F1AF8092
:107AE000824A4FF47A70936A43F400339362FFF74B
:107AF0004FFF00232B7070BD022070BD7B4A2169AF
:107B0000136C23F0FF030B4313644307E5D5D4E95B
:107B1000052612F0010316BF4FF4E061194606EA8C
:107B2000010312F0020F05D006F4805C41F480518D
:107B300043EA0C0312F0040F05D006F4005C41F494
:107B4000005143EA0C0312F0080F05D006F4804CF4
:107B500041F4804143EA0C0312F0100F05D006F403
:107B6000803C41F4803143EA0C0312F0200F05D031
:107B700006F4003C41F4003143EA0C0312F0400FDC
:107B800005D006F4802C41F4802143EA0C0312F066
:107B9000800F05D006F4002C41F4002143EA0C03C9
:107BA00012F4807F05D006F4801C41F4801143EA72
:107BB0000C0312F4007F05D006F4001C41F4001100
:107BC00043EA0C0312F4006F05D006F0807C41F00C
:107BD000807143EA0C0312F4805F05D006F0007C4C
:107BE00041F0007143EA0C0312F4005F05D006F087
:107BF000806C41F0806143EA0C0312F4804F05D0A1
:107C000006F0006C41F0006143EA0C0312F4004FEF
:107C100005D006F0805C41F0805143EA0C03D203AA
:107C200004D506F00046334341F000412F4E326C3C
:107C300022EA01021343336403077FF551AFD4E90D
:107C40000732012B48D0022B7FF44AAF27498B6CB7
:107C500003F07F0313438B6442E76368D4E90212A5
:107C6000013B072B3FF635AF01A656F823F000BFC6
:107C7000C77C0008B57C0008D37A0008A37C000804
:107C8000D37A0008D37A0008D37A0008917C0008E0
:107C9000164EF36E23F07F130B4343EA0243F36661
:107CA00017E7124EB36E23F07F130B4343EA0243F0
:107CB000B3660EE70D4EF36D23F07F130B4343EADB
:107CC0000243F36505E7094EB36D23F07F130B43C1
:107CD00043EA0243B365FCE604494B6C03F07F03BF
:107CE00013434B64FCE600BF000103200020024068
:107CF000062243680260082B04D84FF48B72DA40E6
:107D0000D20717D4334B1B6CDBB2AA2B05D0552BF3
:107D100003D0CC2B0CBFCC23BB232E49C2690361FB
:107D20000B6C02F1FF3C23F0FF03BCF1010F8361F8
:107D300018D970470722013B0260072BE2D801A245
:107D400052F823F0B77D0008A37D0008057D0008E8
:107D50008F7D0008057D0008057D0008057D000871
:107D60007B7D00080368012A43F0080303602CD0E0
:107D70008B6C23F07F0303627047164AD36E03F0C7
:107D80007F038360D36EC3F30643C360BAE7114A2F
:107D9000936E03F07F038360936EC3F30643C36067
:107DA000B0E70C4AD36D03F07F038360D36DC3F358
:107DB0000643C360A6E7074A936D03F07F03836021
:107DC000936DC3F30643C3609CE74B6C23F07F03C2
:107DD00003627047002002400F4B1A6C12F4800FB0
:107DE0009A6A01D0C90712D522F400629A620A4A3F
:107DF000936A23F47E7323F0020343EAC00343F043
:107E000002039362936A43F480339362704742F4AF
:107E100000629A62EBE700BF002002402DE9F041CA
:107E2000274E3378012B3DD00122002304464FF426
:107E30007A70884632707360FFF7AAFD074660BB10
:107E400048F204022368B36023F0004393422DD02C
:107E50004FF0FF33C8F80030D4E902532B449D4261
:107E600006D312E00135D4E902321344AB420CD9F7
:107E700028466168FFF7B0FF4FF47A70FFF788FD7E
:107E80000028EFD00746C8F800500E49B2688B6A48
:107E900022F0004223EA02038B620023337038464B
:107EA000BDE8F08102273846BDE8F0816068FFF741
:107EB000DDFD4FF47A70FFF76BFD0746E5E700BF85
:107EC00000010320002002402DE9F04F0C6883B030
:107ED000002C00F0908000238946774F012202FA9F
:107EE00003F515EA040800F081800326D9F8041090
:107EF00003FA02F201F0030E0EF1FF3A06FA02FC59
:107F0000BAF1010F6FEA0C0CD9F8086076D9BEF10E
:107F1000030F01D1012E05D0C568964005EA0C0576
:107F20002E43C66005680EFA02F205EA0C052A43E4
:107F300011F4403F026059D04FF00F0C23F00302C0
:107F400002F1804202F53D3203F00306156EF600A1
:107F50000CFA06FC25EA0C0E584DA84222D005F575
:107F60008065A84200F08C80554DA84200F08F80BB
:107F7000DFF850C160457CD0DFF84CC1604500F0AF
:107F80008D80DFF848C1604500F08F80DFF840C188
:107F900060450CBF4FF0060C4FF0070C0CFA06F6CC
:107FA0004EEA060E6FEA0805C2F860E03A68CE02B3
:107FB00054BF2A4048EA02023A607A688E0254BFEF
:107FC0002A4048EA02027A60D7F884208E0354BF20
:107FD0002A4048EA0202C7F88420D7F88020C90363
:107FE00054BF2A4048EA0202C7F88020013334FA1D
:107FF00003F27FF473AF03B0BDE8F08F9640D0F882
:1080000008B00196D9F80C600BEA0C0B06FA02FADC
:108010004AEA0B0AC0F808A0D0F804A0019E2AEA98
:10802000050AC1F300159D4045EA0A054560C5688B
:10803000BEF1020F05EA0C0546EA0506C6607FF4AC
:1080400071AFD9F8105003F00706B600B54001959E
:108050000F254FEAD30A00EB8A0ADAF820B005FAB6
:1080600006F6019D2BEA060B45EA0B05CAF82050DF
:1080700058E74FF0030C0CFA06F64EEA060E91E7AD
:108080004FF0010C0CFA06F64EEA060E8AE74FF0A6
:10809000020C0CFA06F64EEA060E83E74FF0040CCB
:1080A0000CFA06F64EEA060E7CE74FF0050C0CFAC9
:1080B00006F64EEA060E75E700F4024000000242A2
:1080C00000080242000C0242001002420014024268
:1080D00000180242002900F095802DE9F04F00239E
:1080E0004FF00F094FF0030A474E01229A4012EA5F
:1080F000010E69D023F0030505F18045434F05F5D6
:108100003D3503F00304D5F860C0E40009FA04F833
:10811000B84208EA0C0C1BD007F58067B84259D06A
:108120003B4FB8425AD03B4FB84261D03A4FB84269
:1081300063D0DFF8E8B0584555D0DFF8E4B05845D3
:108140000CBF4FF0060B4FF0070B0BFA04F400E0E6
:108150000024A44517D1D6F8804024EA0E04C6F8BE
:108160008040D6F8844024EA0E04C6F8844074683F
:1081700024EA0E047460346824EA0E0434602C6E21
:1081800024EA08042C6604685D000AFA05F52C430D
:108190004FEAD30C046000EB8C0C03F00704DCF80E
:1081A00020E0A40009FA04F42EEA0404CCF82040EC
:1081B000846824EA05048460446824EA0202426078
:1081C000C26822EA0502C260013331FA03F28CD19F
:1081D000BDE8F08F012707FA04F4BAE74FF0020B6D
:1081E0000BFA04F4B5E74FF0050B0BFA04F4B0E713
:1081F0004FF0030B0BFA04F4ABE74FF0040B0BFA50
:1082000004F4A6E7704700BF00F4024000000242F9
:1082100000080242000C0242001002420014024216
:10822000001802420AB1816170478162704700BF45
:108230000268436B9169126803B11847704700BF29
:10824000704700BF704700BF0022016810B50B687F
:1082500080F842205A040CD50B6823F480430B604D
:1082600090F84130292B0ED090F841302A2B24D0A1
:1082700010BD1B04F4D50B6823F400430B6090F889
:108280004130292BF0D14FF0280C212380F841C038
:10829000036390F84130002203EA0C03634514BFE6
:1082A0006FF0F20C6FF0420C0B6803EA0C030B60EA
:1082B00080F84020FFF7C4FF10BD2824222380F857
:1082C0004140036390F8413000222340A34214BF91
:1082D0006FF0F4036FF044030C6823400B6080F8E8
:1082E0004020FFF7AFFF10BD704700BF70B50468B6
:1082F000C368A169A269022B4FEA1242A5688446AD
:10830000E668C1F3004102F0FE020FD182EAD51304
:1083100013F00603C5F3090206D1856C01358564A7
:10832000856C022D0CD070BD06F0FE02002523687E
:1083300023F0B80323608CF84050FFF7D5FF70BDE1
:1083400008258364E56180F84030FFF7CDFF70BDFC
:10835000704700BF0023202210B5174C4363C4624E
:10836000036380F8412080F842304B0712D5026841
:10837000436A526A1A70436A028D013343624AB1FA
:10838000438D013A013B9BB24385436C028543F028
:108390000403436410240021036890F8412090F8FE
:1083A00041201A6822F0FE021A60DC6180F8401059
:1083B000FFF7CEFF10BD00BF0000FFFF704700BFFA
:1083C000704700BF806A08B5836B0BB100221A6446
:1083D000C36B0BB100221A6490F84130602B4FF050
:1083E000000305D0036380F84030FFF7E7FF08BDC6
:1083F000202280F8403080F841200363FFF7E0FF3F
:1084000008BD00BF70B50025554B90F8412080F89D
:108410004250C3624585436C283A0B43022A4364A9
:108420000446036833D890F8411090F8412001F0D9
:108430002801282908BF462102F0280218BFF6218A
:10844000282A0CBFC9436FF0F60128201A680A4099
:1084500044491A6084F84100A06B226B616318B133
:10846000112A3ED0212A3CD0E06B18B1122A4ED0FE
:10847000222A4CD094F84130602B4FF0000365D095
:108480002046236384F84030FFF798FF70BD90F8D2
:10849000412090F841201A6822F0FE021A609A6981
:1084A000920748BF9D629A69D60703D49A6942F041
:1084B00001029A6194F84120602A10D0202284F8A9
:1084C00041209A6995060AD59A69D00605D51022E9
:1084D000DA61626C42F0040262642022DA610021F7
:1084E000BAE71A6851042CD4FEF7BAFD0128C1D0AE
:1084F0000023A06B1C4A026484F84030FEF70AFD9A
:108500000028C3D0A06BBDE87040036C18471A6800
:10851000120403D51A6822F400421A60FEF7A0FD87
:108520000128A7D00023E06B0F4A026484F8403092
:10853000FEF7F0FC0028A9D0E06BBDE87040036CAA
:1085400018471A6822F480421A60CDE7202220469C
:1085500084F8412084F840302363FFF731FF70BD79
:108560000000FFFFCD870008C5830008036810B432
:108570009A69196812F4807F02F4806408D00906B1
:1085800026D4416C11F00B0F19D15DF8044B7047E4
:10859000CCB10906F5D54FF48064416C920541F0E9
:1085A00008014164DC61ECD54FF40071426C42F08B
:1085B00002024264D961416C11F00B0FE5D05DF805
:1085C000044BFFF71FBF9405DBD50A06ECD4D8E7B0
:1085D000416C41F0010141644FF48071D961002C7C
:1085E000D9D19405CDD5DFE770B5044620260368C0
:1085F0000D461968C06A94F84120DE61213A092AC3
:108600000ED8DFE802F077050D0D0D0D0DAA7705E8
:10861000222694F841201A6822F0FC021A60266390
:108620005A68684E42F400425A605A6832405A60B2
:108630009A69920744BF00229A629A69D60703D4C6
:108640009A6942F001029A614A043BD51A6822F401
:1086500080421A60A26B1AB11268526892B26285A7
:108660006A070AD55A6A636A25F004051A70636AB4
:1086700001336362238D002B68D1638D9BB21BB1E4
:10868000636C43F004036364EB0601D5CE063AD471
:10869000002384F84230666C6363002E68D1E36A7D
:1086A000494DAB4218D194F841302046222B4FF06F
:1086B000200384F8406084F84130266376D0FFF7C9
:1086C000BFFD70BD0E04CBD51A6822F400421A60BB
:1086D000E26B002AC0D1C3E72046FFF7B5FD202397
:1086E000E562204684F8413084F840602663FFF755
:1086F0002FFE70BD212694F841201A6822F0FA025C
:108700001A6026638CE7638D9BB2002B3ED194F8F0
:108710004130282B4DD094F841202368292A4FF06E
:108720001002DA61B4D110F5803FB1D09A69910797
:1087300044BF00229A629A69D20703D49A6942F030
:1087400001029A612046FFF77FFDA1E7013B2385E7
:10875000638D013B9BB263858FE7002694F841202F
:1087600094F841201A6822F0FE021A60266357E747
:108770002046616CFFF746FE94F84130282BA0D1CB
:1087800029462046BDE87040FFF7E4BD102223686B
:10879000DA61636C43F00403636430F080737FF448
:1087A00077AF2046616CFFF72DFE71E7FFF74AFDBA
:1087B00070BDB0F1007FAED129462046FFF7CAFD5B
:1087C00066E700BF00E800FE0000FFFF38B590F844
:1087D00040C0C56ABCF1010F70D04FF0010C11F020
:1087E000200F04460B4680F840C002D012F0200F44
:1087F00053D1D80617D5D10615D5628D92B2002A6D
:108800005ED194F84120282A00F0818094F841201C
:108810002368292A4FF01002DA6164D00023184639
:1088200084F8403038BD590719D4190701D510070D
:108830003AD49907F2D59307F0D5638D9BB2002BFC
:108840004DD0616A236811F8010B228D9862638D07
:10885000013A013B9BB2616263852285DEE75007E6
:10886000E3D5638D9BB26BB12268636A526A1A705A
:10887000638D616A228D013B0131013A9BB26162D5
:1088800022856385638D9BB2002BC7D115F5803F90
:10889000C4D02046FFF7D8FCC0E7FFF7A5FE0023B1
:1088A000184684F84030BDE794F8413003F02803BF
:1088B000282B28D008222368DA61AFE7022038BDD0
:1088C00010222368DA61636C43F00403636435F0BB
:1088D0008073A3D12046616CFFF794FD9EE735F0CD
:1088E00080739BD1D5E715F5803F97D09A6995079E
:1088F00044BF00229A629A69D007CAD49A6942F0AA
:1089000001029A61C5E72046FFF7F0FC86E7B5F162
:10891000007F7FF47BAF19462046FFF71BFD7DE704
:1089200008490B6813F001030AD1024610B40C6821
:10893000184624F0040313435DF8044B0B607047A2
:108940000120704700040340034A0020136843F0ED
:1089500001031360704700BF00040340002844D0A7
:1089600070B590F89132064603F0FF02C3B30323BB
:10897000306886F8913202F0B7FF3579FDB10021F9
:108980003346324601200C4611740131A942C2E936
:1089900008445074D47442F8284FF5D100210A4697
:1089A00083F850110131A942C3E9582283F85121BB
:1089B00083F85321C3F8682103F12803F0D133462B
:1089C00053F8040B93E8060002F098FF01220021FF
:1089D000B37A3173934286F8912208D0002070BD9B
:1089E00080F89022FDF700FAC1E701207047304679
:1089F00000F0B4FE002070BD2DE9F84F0546006878
:108A000003F0F0FB10F400442BD1430500F17C820D
:108A100047041BD410F4005140F09382C60400F1C7
:108A2000BD81040500F19284010600F16484820591
:108A300000F1CE84C30512D52A68B2F8443023F47D
:108A400080731B041B0CA2F8443008E02A68B2F8BB
:108A5000443023F480431B041B0CA2F84430BDE8CF
:108A6000F88F2868B0F844301904F8D5B0F84440BD
:108A7000A1B214F00F0436D111F0100100F0E18022
:108A8000018811F400648BB200F0AA8095F850219F
:108A9000B0F8503000EBC20212FA83F3B3F8063498
:108AA000C3F30903082BC5F86C3140F06B84B5F8AB
:108AB000562105F5267103F0A9FB40F68F732A684D
:108AC000284611880B4043F08003138007F070FCA8
:108AD0002868B0F844301904C1D5B0F84440A1B2B8
:108AE00014F00F04C8D030F82430A7001FFA83F820
:108AF0001B0439D418F0800FB4D030F824309BB266
:108B000023F4E14323F0700343F4004320F82430BE
:108B10003B1905EBC302D17CDB00012900F0EB809F
:108B2000117C18F48079D2F828E04FEAC10C40F0AB
:108B30005881B0F850401CFA84F40444B4F802445C
:108B4000C4F30904744580F00381AEEB04011033D3
:108B50009162E918536A23445362D36A2344D3626F
:108B600003F012F928687DE740F68F7330F824206F
:108B70003919134043F0800320F8243005EBC1017C
:108B800091F85C3191F85021002B40F08580B0F8CD
:108B90005030D20012FA83F30344B3F80694C9F3B9
:108BA0000909B9F1000F40F0E481391905EBC1035F
:108BB000D3F86C21C9004A44C3F86C21D3F868216A
:108BC00022B1D3F860214A4540F2C6813B1905EB3A
:108BD000C303284693F8501107F0FCFB286889E787
:108BE0001A047FF53FAF40F68F730288134043F0BD
:108BF0008003038095F85021B0F8503000EBC2029A
:108C000012FA83F3B3F80634C3F30903C5F86C31E1
:108C1000002B00F0B480D5F8641100293FF422AF96
:108C2000B5F8562103F0F2FAD5F86431D5F86C2185
:108C3000284613442146C5F8643107F0CBFB286869
:108C400010E703889BB223F4E14323F0700343F45D
:108C5000004303802A7CB0F8503000EBC20212FAC5
:108C600083F3B3F802346A6AC3F309031A4428464B
:108C7000EB626A6207F0B8FB2B7B2868002B3FF49D
:108C8000F1AEAB6A002B7FF4EDAE2A7B42F080029E
:108C9000A0F84C202B73E5E691F85331022B00F03D
:108CA000508230F822309BB223F4E04323F070036B
:108CB00043F4004343F0C00320F8223091F85031D0
:108CC00030F82320DB0012F4804FB0F8502013FA64
:108CD00082F3034443D0B3F80294C9F30909B9F10C
:108CE000000F3FF462AFB1F858214B46D1F8641140
:108CF00003F08CFA59E70021631C03EB830345F86A
:108D00003310137FDBB118F04008537C00F00A8267
:108D1000002B40F05F82117CB0F8503000F202402E
:108D200010FA83F333F83120C2F3090223F831201B
:108D300033F8312092B242F4004223F83120274424
:108D400005EBC7072846397C07F04EFB286889E603
:108D50002846C2F8289007F047FB286882E6B3F857
:108D60000694C9F30909B9F1000F3FF41EAFB1F839
:108D70005A214B46D1F8641103F048FA15E70388ED
:108D800023F4804323F070031B041B0C83F4405333
:108D900043F4004343F08003038063E62A68B2F89B
:108DA000403023F004031B041B0CA2F84030B2F83F
:108DB000403023F008031B041B0CA2F8403095F848
:108DC000C832012B00F01283284607F03DFB2A68C9
:108DD000B2F8443023F480531B041B0CA2F8443037
:108DE0003DE608F4804918F04008B0F8503000F033
:108DF000C88000F2024818FA83F333F83130C3F325
:108E0000090373454AD34FF0000C537CC2F828C0C5
:108E1000002B40F0F882B0F8503018FA83F333F8A2
:108E20003120C2F3090223F8312033F8312092B205
:108E300042F4004223F83120B0F8503000F20642EC
:108E400012FA83F333F83120C2F3090223F83120F8
:108E500033F8312092B242F4004223F831203B191A
:108E600005EBC303DB7C022B0FD130F8213023F458
:108E7000E04323F040031B041B0C83F0200343F466
:108E8000004343F0800320F82130284607F0ACFA75
:108E90002868B9F1000F3FF4E5ADCBE0AEEB030E6F
:108EA000C2F828E0B9F1000F0FD030F821E02EF41D
:108EB000E04E2EF0700E4FEA0E4E4FEA1E4E4EF46C
:108EC000404E4EF0800E20F821E007EB040E05EB3B
:108ED000CE0E9EF83490B9F1010F00F0CB812744FB
:108EE00005EBC7073A7C30F8223023F4E04323F047
:108EF00040031B041B0C83F0300343F4004343F096
:108F0000800320F82230ADE52A682846B2F84430C4
:108F100023F480631B041B0CA2F8443007F072FAA0
:108F200095F89032012B3FF49AAD01232146286831
:108F30002C7385F8903203F04FF985F89042BDE824
:108F4000F88F2A68B2F8443023F400531B041B0C3A
:108F5000A2F84430BDE8F88FD3F8642101F5A87178
:108F60004A4428682944C3F8642102F00DFF2868A8
:108F7000C0E5B1F856214B46D1F8641103F046F92B
:108F800013E600F2064A1AFA83F333F83130C3F3DA
:108F90000903734561D9C2F828803B1905EBC30367
:108FA0005B7C002B40F04182B0F8502000F202437D
:108FB00013FA82F232F83130C3F3090322F8313068
:108FC00032F831306FEA43436FEA53439BB222F8E1
:108FD0003130B0F850201AFA82F232F83130C3F34F
:108FE000090322F8313032F831306FEA43436FEA37
:108FF00053439BB222F831303B1905EBC303DB7CB2
:10900000022B0FD130F8213023F4E04323F040034A
:109010001B041B0C83F0200343F4004343F0800344
:1090200020F82130284607F0DFF92868B9F1000F51
:109030007FF418AD3B1905EBC3031A7C30F82230DE
:1090400023F4E04323F070031B041B0C43F4404360
:1090500043F0800320F8223004E5AEEB030EC2F8A3
:1090600028E0BEF1000F98D0B9F1000F0FD130F811
:1090700021E02EF4E04E2EF0700E4FEA0E4E4FEA35
:109080001E4E4EF4404E4EF0800E20F821E007EBCD
:10909000040E05EBCE0E9EF83480B8F1010F7FF47C
:1090A0001EAFDEF8246006EB0308CEF82480D66AF3
:1090B00006EB0309C2F82C90DEF83090DEF8202091
:1090C0009145C0F0D081A9EB0203CEF8303093B2C5
:1090D00007EB040E05EBCE0E9EF811B0BBF1000FAE
:1090E00040F0B681B0F850E01AFA8EFE3EF83190AA
:1090F000F444C9F309092EF83190002A40F0E481C4
:109100003EF831206FEA42426FEA524292B22EF8A4
:1091100031203A1905EBC2024146528B03F066F842
:109120002868DCE6002B62D0012B7FF408AEB0F893
:109130005030127C00F2064010FA83F323F832809C
:10914000FDE5B0F850C04FEAC20919FA8CFC18F4DA
:10915000804ED1F8683184444FD0BCF802C4CCF3BF
:10916000090C9C45E14600F24781A3EB0C03C1F8D2
:1091700068317BB930F8221021F4804121F0700170
:109180000904090C81F4005141F4004141F08001CF
:1091900020F8221018F0400F0DD030F8223023F4C0
:1091A000E04323F070031B041B0C43F4004343F023
:1091B000C00320F82230BCF1000F3FF4F6AC39199F
:1091C00005EBC101B1F858216346D1F8641103F0F1
:1091D0001DF8EAE4012B7FF4B2ADB0F85030127CF8
:1091E00000F2024010FA83F323F83210A7E5B0F83A
:1091F0005030117C00F2064092E5BCF806C4CCF376
:10920000090C9C45E14600F2FB80A3EB0C03C1F87E
:1092100068317BB930F8221021F4804121F07001CF
:109220000904090C81F4005141F4004141F080012E
:1092300020F8221018F0400F0DD130F8223023F41E
:10924000E04323F070031B041B0C43F4004343F082
:10925000C00320F82230BCF1000F3FF4A6AC39194E
:1092600005EBC101B1F85A216346D1F8641102F04F
:10927000CDFF9AE4DEF8246006EB0309CEF82490D3
:10928000D66A06EB030AC2F82CA0DEF830A0DEF89E
:1092900020209245C0F0F980AAEB0203CEF83030CE
:1092A00093B207EB040E05EBCE0E9EF811B0BBF1A6
:1092B000000F40F0DF80B0F850E018FA8EFE3EF864
:1092C0003180F444C8F309082EF83180002A40F0B8
:1092D00022813EF831206FEA42426FEA524292B256
:1092E0002EF831203A1905EBC2024946128B02F0E2
:1092F0007DFF2868F3E52A68B2F8443023F0800344
:109300001B041B0CA2F8443095F8C832002B5AD12C
:109310000121B2F8403028469BB243F00403A2F882
:109320004030B2F840309BB243F00803A2F840301E
:1093300085F8C812B2F85430C3F38D0303F03C0330
:10934000C5F8CC32BDE8F84F00F022BA2A682846AA
:10935000B2F840309BB243F00803A2F84030B2F8B4
:10936000443023F400631B041B0CA2F84430B2F811
:1093700040309BB243F00403A2F8403007F054F8A9
:10938000FFF76DBB48F2800140F68F72038823F42B
:10939000804323F070031B041B0C83F480530B43A6
:1093A0000380038823F4E04323F040031B041B0CD9
:1093B00083F01003194301800388134043F08003B6
:1093C0000380FFF74CBB284607F02EF8FFF747BB9A
:1093D0002A682846B2F8443023F400731B041B0C9F
:1093E000A2F8443007F00AF8FFF739BB284685F8A1
:1093F000C81200F0CDF9E7E40023C1F86831B9E6FE
:10940000C1F868E106E7012B7FF429ADB0F85030D0
:1094100000F2064218FA83F323F831C0B0F8503056
:1094200012FA83F323F831C019E5012B7FF4E4AD80
:109430000022B0F8503000F2024C1CFA83F323F8FB
:109440003120B0F850301AFA83F323F83120D3E5F5
:10945000BBF1010F7FF45DAEB0F850201AFA82F232
:1094600022F8313055E6B9F1000F15D11A468EF8C1
:1094700034902DE6BBF1010F7FF434AFB0F85020EB
:1094800018FA82F222F831302CE7BAF1000F2AD113
:109490001A468EF834A004E700229EF811B01FFA95
:1094A00089F3CEF830208EF83420BBF1000FCFD1F5
:1094B000B0F850E04A461AFA8EFE3EF83190F44475
:1094C000C9F309092EF831903E2A33D8BCF80010B0
:1094D00002F0010E89B20EEB520241EA822292B2F0
:1094E000ACF8002015E600229EF811B01FFA8AF3AE
:1094F0008EF83420CEF83020BBF1000FBAD152469E
:10950000B0F850E018FA8EFE3EF83180F444C8F30B
:1095100009082EF831803E2A1ED8BCF8001002F04F
:10952000010E89B20EEB520241EA822292B2ACF8ED
:109530000020D7E65109D206BCF8002008BF01F18F
:10954000FF3192B242EA81226FEA42426FEA52420E
:1095500092B2ACF80020DCE55109D606BCF8002038
:1095600008BF01F1FF3192B242EA81226FEA424222
:109570006FEA524292B2ACF80020B3E690F8902223
:10958000012A0DD010B5012204460068217384F829
:10959000902202F021FE002384F89032184610BD7C
:1095A0000220704701F0070C10B5090604460CEBC9
:1095B0008C004FEAC00021D44FF0000E00F5A871D6
:1095C000204480F851E12144022BCB7008BF0023D6
:1095D000C2F30A0208BF0B7181F800C00A6194F857
:1095E0009032012B13D00123206884F8903202F0CE
:1095F0009BF9002384F89032184610BD4FF0010EFD
:1096000000F11001204480F811E02144DCE7022041
:1096100010BD00BF10B5002401F0070101EB810E61
:1096200000EBCE0C8CF850118CF851410068CCF84E
:109630006421CCE95A340CF5A87102F0A5FB204650
:1096400010BD00BF01F0070138B501EB810E00EB42
:10965000CE0C01258CF81010002461468CF8345093
:109660008CF811500068CCF82420CCE90B43CCF8DE
:109670002830103102F088FB204638BD10B5037940
:10968000044601F0070083422ED30B061AD401EBE7
:109690008101C90001F5A8726318A118002283F89E
:1096A0005121012308708B7094F890229A4219D0AE
:1096B00084F89032206802F019FD002384F890327B
:1096C000184610BD012200EB8003DB0003F11001FE
:1096D00023445A740123214408708B7094F890221B
:1096E0009A42E5D1022010BD012010BD38B50279A3
:1096F00001F00F039A422FD301F0070202EB82031D
:10970000090604464FEAC30317D403F5A8710144C0
:1097100003440025002083F851010A708D7094F8ED
:109720009032012B16D00123206884F8903202F089
:1097300005FD84F89052284638BD03F1100101441C
:1097400003440025012058740A708D7094F89032FB
:10975000012BE8D1022038BD012038BD024600238C
:1097600010B40124116882F8C8321846B1F8543098
:10977000C2F8D0429BB22343A1F85430B1F8543020
:109780005DF8044B9BB243F00203A1F854307047DC
:10979000704700BF024B186800F4C060704700BFFC
:1097A00000700040174A1368116911F4104F25D05A
:1097B000D168090422D403F4C06383421CD0136827
:1097C000114923F4C063034313600B680F495B091D
:1097D000A1FB03135169DB0903EB8303480503F184
:1097E000010305D55169013B490501D5002BF9D18C
:1097F000044B5B695B0503D4002070470120704770
:109800000320704700700040F4000320C55A7C0A12
:10981000024A536843F4806353607047007000400D
:10982000024A936843F4804393607047007000409D
:1098300030B51E4C0546A36D83B0DB0021D5FFF784
:10984000A9FF30F4007315D0802D2AD82BD0A5F1B4
:109850007003B3FA83F35B0915490A6822F00F021B
:109860001A430A60086800F00F00C01A18BF0120F0
:1098700003B030BD802DEFD9A02D8CBF0223012372
:10988000EAE7A36D43F08053A365A36D03F0805313
:109890000193019BFFF77EFFA36D23F08053A36527
:1098A000CFE70323D8E70223D6E700BF001002402A
:1098B000002002402B4A9368D26813F00C0307D0B3
:1098C0000C2B33D0042B39D0082B35D00020704717
:1098D000244A1168090754BFD2F89420126822491B
:1098E00054BFC2F30322C2F3031251F82200002B2B
:1098F000EDD01C49CA68CB6802F00302C3F303131E
:10990000022A03F1010324D0032A19D0B0FBF3F09B
:10991000CB68C3F3062303FB00F0124BDB68C3F3F1
:10992000416301335B00B0FBF3F0704702F00302C8
:10993000012ACDD00020DCE70C4870470C48704766
:109940000A4AC868B2FBF3F3C0F3062003FB00F039
:10995000E3E7074AC868B2FBF3F3C0F3062003FB52
:1099600000F0DAE700100240E83001088096980025
:109970000024F400002800F0DE809F4A2DE9F8431F
:109980001368814603F00F038B420C460CD2136818
:1099900023F00F030B431360136803F00F038B4294
:1099A00002D00120BDE8F883D9F80030980703F011
:1099B000010240F19A80914DD9F80800A96801F0A0
:1099C000F001884204D9A96821F0F0010143A9609F
:1099D000002A4DD0D9F80450884B032D00F08D801B
:1099E000022D1B6800F0A380002D40F0A6809E078A
:1099F000D7D5FFF75FFF824B984205D97F4B9A6816
:109A000012F0F00F00F09F807C4FBB6823F003033F
:109A10002B43BB60FCF79EFBBB68D9F8042003F026
:109A20000C03B3EB820F064618BF4FF0000819D0A5
:109A300041F28837714DFCF78DFBD9F80430821B59
:109A4000BA424FEA830304D9AA6802F00C029A4290
:109A500077D1AA6802F00C029A42ECD1B8F1000F5B
:109A600040F08C80D9F80030990707D5D9F8080064
:109A700062498A6802F0F002824252D85E490A685E
:109A800002F00F02A24209D90A6822F00F02224313
:109A90000A600A6802F00F02A24282D15A0707D573
:109AA0005649D9F80C008A6822F4E06202438A60C1
:109AB0001B0708D5514AD9F81010936823F4605356
:109AC00043EAC1039360FFF7F5FE03464B4A4D4955
:109AD00092684D48C2F30312895C4C4ACB40136034
:109AE0000068BDE8F843FCF7EDB9002AC6D0D9F804
:109AF0000450424B032D7FF473AF1A6891017FF538
:109B000050AFD968DA6801F00301C2F303120229E9
:109B100002F1010238D0032965D0012954D0DB6855
:109B200072E78A6822F0F00202438A60A6E79F0388
:109B30003FF55FAF35E70120704758057FF531AF3E
:109B400057E703202EE79A6822F0F00242F08002E5
:109B50009A602A4FBB6823F003032B43BB60FCF7DA
:109B6000F9FABB68D9F8042003F00C03B3EB820FB9
:109B7000064618BF4FF080087FF45AAF1F4A93681B
:109B800023F0F00393606DE72149DB68B1FBF2F24B
:109B9000C3F3062303FB02F218491948CB68C3F349
:109BA000416301335B00B2FBF3F383427FF62CAFDA
:109BB0008B6813F0F00F7FF427AF8B6823F0F0036E
:109BC00043F080038B60C4E71A68120754BFD3F8D0
:109BD00094301B680F4A54BFC3F30323C3F303132A
:109BE00052F82320D8E70C49DB68B1FBF2F2C3F34B
:109BF000062303FB02F2CFE70020024000100240E0
:109C000000B4C40430310108FC000320F400032038
:109C10000024F400E830010880969800002800F045
:109C2000B7832DE9F041174B02689D68DE68D106C5
:109C30000446134682B005F00C0506F003063BD53A
:109C4000002D00F06A810C2D00F06481E3690D4F56
:109C5000D3B13B6843F001033B60FCF77BFA8046DD
:109C60003B689A0700F1CA82FCF774FAA0EB08007F
:109C70000228F5D93B689B07F2D4032002B0BDE867
:109C8000F08100BF001002403B6823F001033B60FD
:109C9000FCF760FA3B68804699070BD5FCF75AFA47
:109CA000A0EB0800022802D93B689A07E5D43B687C
:109CB0009B07F3D422681346D1072DD5082D00F059
:109CC00095810C2D00F08F816368B3F5803F00F023
:109CD000B681B3F5A02F00F005838B4F3A6822F4CC
:109CE00080323A603A6822F480223A60002B40F0D9
:109CF000AB81FCF72FFA3B6880469A030BD5FCF743
:109D000029FAA0EB0800642802D93B689B03B4D46D
:109D10003B689903F3D423689A0713D5042D40F0C8
:109D20003D81794B1B685B0503D5E368002B00F090
:109D30005881754A2169536823F0FE4343EA016361
:109D4000536023681A072BD56369002B00F05981F3
:109D5000A3696D4A002B40F0D681D2F8943023F0ED
:109D60001003C2F89430684DD5F8943043F00103E5
:109D7000C5F89430FCF7EEF9D5F8943006469B0709
:109D80000DD4FCF7E7F9801B072804D9D5F89430E7
:109D90009F077FF572AFD5F894309907F1D5236806
:109DA0005D0765D5584B9A6DD00000F128810125DB
:109DB0009A6D42F080529A659B6D03F08053019337
:109DC000019B524E3368D90540F1D981A368DA0767
:109DD00040F150815A0740F126824B4BD3F8902036
:109DE00042F00402C3F89020D3F8902042F0010220
:109DF000C3F89020FCF7AEF9434F0646D7F89030F1
:109E00009B070FD441F28838FCF7A4F9801B40452A
:109E100004D9D7F890309A077FF52FAFD7F8903054
:109E20009B07F1D5A368190640F10582364FD7F894
:109E3000903043F08003C7F89030D7F89030190580
:109E40000FD441F28838FCF785F9801B404504D9CE
:109E5000D7F890301A057FF510AFD7F890301B0572
:109E6000F1D525B1284A936D23F08053936523687B
:109E70009A061FD5A36A244D002B00F06381D5F804
:109E8000983043F00103C5F89830FCF763F9D5F832
:109E9000983006469B070DD4FCF75CF9801B02281E
:109EA00004D9D5F898309F077FF5E7AED5F89830FC
:109EB0009907F1D5E36A23B3134DAA6802F00C02A7
:109EC0000C2A00F0D581022B2B6823F080732B60C5
:109ED00000F01582FCF73EF92B68044699010BD57A
:109EE000FCF738F9001B022803D92B689A013FF5CB
:109EF000C4AE2B689B01F3D4034A054BD1680B40D9
:109F0000D3600020BAE600BF00100240007000409D
:109F1000FCFFEEFE012E7FF499AEA64B1B689B075B
:109F20005CD4A44B606A1A68170756BFD3F8943004
:109F30001B681B0903F0F003984200F243819D4B1C
:109F40001A6842F008021A601A6822F0F00202430E
:109F50001A605A68216A22F47F4242EA01225A605A
:109F6000002D00F0B981FFF7A5FC0346914A924904
:109F70009268C2F30312895C904ACB401068904A01
:109F80001360FBF79FFF00287FF478AE2368D907A2
:109F90001A463FF596AE99077FF5D4AE0C2D00F02A
:109FA0002981E368834D002B00F0B4802B6843F4D3
:109FB00080732B60FCF7CEF82B6806465F053FF5F3
:109FC000B8AEFCF7C7F8801B022803D92B685905E7
:109FD0007FF553AE2B685A05F3D5AAE6E369002B4B
:109FE0009FD101204AE6032E7FF46EAE714B1B68B1
:109FF0009F0302D56368002BF3D01346CBE70025FF
:10A00000DFE66C4DD5F8943023F00103C5F89430A9
:10A01000FCF7A0F8D5F8943006469A077FF5BFAE56
:10A02000FCF798F8801B072804D9D5F894309B07D3
:10A030003FF523AED5F894309F07F1D4AFE65D4AE3
:10A04000136843F480331360FCF784F8594F80465B
:10A050003B689A033FF55FAEFCF77CF8A0EB080085
:10A06000642803D93B689B037FF507AE3B689903DF
:10A07000F2D550E64F4ED6F8902022F00102C6F8F5
:10A080009020D6F8902022F00402C6F89020002BF1
:10A090007FF4B0AEFCF75EF8D6F89030074699072B
:10A0A0000FD541F28838FCF755F8C01B404504D95C
:10A0B000D6F890309B073FF5E0ADD6F89030990781
:10A0C000F1D43C4ED6F890301A067FF5CAAED6F8D9
:10A0D000903023F08003C6F89030D6F890301A05FF
:10A0E0007FF5BFAE41F28838FCF734F8C01B40451D
:10A0F00004D9D6F890301B053FF5BFADD6F89030A7
:10A100001905F1D4ADE6D2F8943043F01003C2F84B
:10A11000943028E62B6823F480732B60FCF71AF840
:10A120002B6806465B050BD5FCF714F8801B02284C
:10A1300003D92B685F053FF5A0AD2B685905F3D413
:10A140002368FFE5D5F8983023F00103C5F898306F
:10A15000FCF700F8D5F8983006469A077FF5AAAEC6
:10A16000FBF7F8FF801B022804D9D5F898309B072D
:10A170003FF583ADD5F898309F07F1D49AE6336860
:10A1800043F480733360FBF7E5FF33680746DB0574
:10A190003FF51CAE03E03368D9053FF517AEFBF77A
:10A1A000D9FFC01B0228F6D93368D8057FF565AD05
:10A1B000F1E700BF0010024030310108FC0003202D
:10A1C000F4000320FFF734FB00287FF40AAF714B43
:10A1D0001A6842F008021A601A68616A22F0F002F6
:10A1E0000A431A605A68216A22F47F4242EA012235
:10A1F0005A60B8E6022E7FF4D4AE92E5654B1A6839
:10A2000042F008021A601A68616A22F0F0020A43FA
:10A210001A605A68216A22F47F4242EA01225A6097
:10A220002268134648E55B4AD2F8903043F00103B8
:10A23000C2F89030DEE5574FD7F8903023F0800316
:10A24000C7F89030D7F8903019057FF50AAE41F283
:10A250008838FBF77FFF801B404504D9D7F8903042
:10A260001A053FF50AADD7F890301B05F1D4F8E593
:10A27000012B3FF4B6AEEB68226B03F00301914271
:10A280007FF4AFAE616B03F0F0020139B2EB011F56
:10A290007FF4A7AEA16B03F4FE42B2EB012F7FF473
:10A2A000A0AEE16B03F07842B2EBC16F7FF499AEE0
:10A2B000226C03F4C0015208013AB1EB425F7FF413
:10A2C00090AE626C03F0C0635208013AB3EB426F88
:10A2D00014BF01200020D1E4FFF7AAFA00283FF4C0
:10A2E00042AE7EE603F18043A3F53C331A6842F4A4
:10A2F00080221A601A6842F480321A60A4E6FBF7E2
:10A3000029FF2B68064699010BD5FBF723FF801B1D
:10A31000022803D92B689B013FF5AFAC2B689F0146
:10A32000F3D41C4D1C4BE968226B0B40606B13434C
:10A33000D4E90E1243EA012343EAC2630138D4E9A7
:10A340001012490843EA001301395208013A43EA5E
:10A35000415343EA4263EB602B6843F080732B6008
:10A36000EB6843F08073EB60FBF7F4FE2B68044668
:10A370009A013FF5C6ADFBF7EDFE001B022803D99D
:10A380002B689E017FF579AC2B689801F3D5B8E571
:10A3900001207047001002400C809F0108B5FFF7B4
:10A3A00089FA074B07499A689B68C2F303128A5CD3
:10A3B0000549C3F3C223CB5CD040D84008BD00BFE1
:10A3C0000010024030310108283101080F220E4BE5
:10A3D00010B402609A680D4C02F0030242609A6861
:10A3E00002F0F00282609A6802F4E062C2609B6848
:10A3F000DB0803F4E063036123685DF8044B03F0BA
:10A400000F030B60704700BF0010024000200240A5
:10A41000F8B5044600680F4602284ED0032845D000
:10A42000012848D1394B1B689E073ED5374D2B6814
:10A4300023F080632B60FBF78DFE064604E0FBF7FC
:10A4400089FE831B022B4AD82B681901F7D4D4E963
:10A450000132013B100221681A01002F33D0012F75
:10A460002A4D45D02E692A4B33400B4303431343F7
:10A4700062695208013A43EA42632B61234D2B681B
:10A4800043F080632B60FBF765FE064604E0FBF7B4
:10A4900061FE831B022B27D82B681B01F7D50020F8
:10A4A0001A4AA16913690B431361F8BD174B1B6866
:10A4B00013F4C02FBAD10120F8BD144B1B685D0501
:10A4C000B4D40120F8E7114D124B2E6933400B43F1
:10A4D000E168034343EAC16313432B61CEE72B6872
:10A4E0001801B4D50320F8BD2B681A01FAD5D6E7B8
:10A4F0002E69094B33400B4303431343226952082F
:10A50000013A43EA42532B61B8E700BF0010024012
:10A510000C80FFF90C80FF070C809FFF70B504468C
:10A520000068022847D003283ED0012841D1294B9A
:10A530001B689E0737D5274D2B6823F080532B606F
:10A54000FBF708FE064604E0FBF704FE831B022B24
:10A5500037D82B689900F7D41E4D1F4B69692268C4
:10A560000B401343D4E9021243EA012343EAC263D6
:10A570006268013A43EA02136B612B6843F080532F
:10A580002B60FBF7E7FD064604E0FBF7E3FD831BCA
:10A59000022B1BD82B689B00F7D500200D4A2169A0
:10A5A00053690B43536170BD0A4B1B6813F4C02FF2
:10A5B000C1D1012070BD074B1B685D05BBD40120D4
:10A5C000F8E72B689800C7D5032070BD2B689A0068
:10A5D000FAD5E2E7001002400C80FF072DE9F047B2
:10A5E0000368044613F4006582B01BD0C16E402995
:10A5F00000F03D8200F25882002900F022822029DA
:10A6000040F058822030FFF789FF054623684DB996
:10A61000E16E0025B648D0F89C2022F0E0020A4303
:10A62000C0F89C20DF0440F14F81216FB1F5007F1D
:10A6300000F0168200F23F81002900F00782B1F598
:10A64000807F40F0408104F12000FFF767FF07465C
:10A650002368002F40F00282A549206FD1F89C208A
:10A660009E0322F4E06242EA0002C1F89C2000F15D
:10A670002F81D90708D59E49606BD1F8882022F038
:10A6800003020243C1F888209A0708D59849A06BB5
:10A69000D1F8882022F00C020243C1F888205E071E
:10A6A00008D59349E06BD1F8882022F030020243AC
:10A6B000C1F88820180708D58D49206CD1F888206A
:10A6C00022F0C0020243C1F88820D90608D5884983
:10A6D000606CD1F8882022F440720243C1F88820CF
:10A6E0009A0608D58249A06CD1F8882022F44062ED
:10A6F0000243C1F888209E0508D57D49E06DD1F858
:10A70000882022F440220243C1F88820580508D549
:10A710007749206ED1F8882022F440120243C1F814
:10A720008820590208D57249606ED1F8882022F439
:10A7300040020243C1F888209A010CD5A26EB2F102
:10A74000807F00F06D81B2F1007F00F02681002A49
:10A7500000F0298101255F0608D56549E06CD1F834
:10A76000882022F440520243C1F888201E0608D5F2
:10A770005F49206DD1F8882022F440420243C1F89D
:10A780008820D80508D55A49606DD1F8882022F470
:10A7900040320243C1F88820D90208D55449A06D3F
:10A7A000D1F89C2022F003020243C1F89C209A04B5
:10A7B00011D54F49606FD1F88820B0F1006F22F0B9
:10A7C000406242EA0002C1F8882000F02481B0F122
:10A7D000806F00F060811F031BD5A16FB1F5804F22
:10A7E00000F005814248B1F1806FD0F8882022F056
:10A7F000406242EA0102C0F88820D0F89C2022F48E
:10A800008042C0F89C2000F05781B1F1006F00F049
:10A8100034815E0311D53649E06FD1F88820B0F15C
:10A82000006F22F0406242EA0002C1F8882000F086
:10A83000D980B0F1806F00F0258158040ED52C48E6
:10A84000D4F88010D0F88820B1F1805F22F0405217
:10A8500042EA0102C0F8882000F0EA80D90309D555
:10A860002349D4F88400D1F89C2022F0040202434A
:10A87000C1F89C209A0209D51D49D4F88800D1F866
:10A880009C2022F018020243C1F89C20DB010ED567
:10A89000174AD4F88C10D2F89C30B1F5001F23F47D
:10A8A000401343EA0103C2F89C3000F0AC80284614
:10A8B00002B0BDE8F087B1F5407F00F0D680B1F579
:10A8C000806F00F0D28001252F469E037FF5D1AE28
:10A8D000074B9A6DD00054D54FF00008054E3368F1
:10A8E00043F480733360FBF735FC81460AE000BF18
:10A8F0000010024000700040FBF72CFCA0EB0900A8
:10A9000002285BD83368DA05F6D5002F5CD1DFF872
:10A91000C8A1D4F89010DAF8903013F4407327D01F
:10A920008B4225D0DAF89020DAF8903043F4803367
:10A93000CAF89030DAF8903023F48033CAF89030B7
:10A9400022F44073CAF89030D30711D5FBF702FC0C
:10A9500041F28839064605E0FBF7FCFB801B4845C1
:10A9600000F2B380DAF890309807F5D5D4F890105B
:10A97000594AD2F8903023F440730B43C2F8903018
:10A9800023E09A6D4FF0010842F080529A659B6D6A
:10A9900003F080530193019BA0E70021201DFFF7E6
:10A9A00037FD07462368DFB94B49A06ED1F88820F0
:10A9B00022F040720243C1F88820CCE63368D90502
:10A9C000A3D403252F4600E03D462368B8F1000FCD
:10A9D0003FF44FAE40498A6D22F080528A6548E6C6
:10A9E0003D46B8E6CA6842F48012CA6025E73A4A92
:10A9F000D2F89C1041F48041C2F89C10D16841F417
:10AA00008031D16005E72846D36843F48013D360D2
:10AA100002B0BDE8F087CA6842F48012CA60DAE684
:10AA20002D49CA6842F48012CA60002FD8D1BBE712
:10AA30000221201DFFF7ECFC2368002818BF054603
:10AA40000CE70430FFF7E4FC0546DFE5201DFFF7C7
:10AA5000DFFC07462368002F3FF4FEAD3D4634E798
:10AA60001D49CA6842F48032CA602F46F1E51A488F
:10AA7000C26842F48032C260CBE5C26842F4801200
:10AA8000C260C6E60121201DFFF7C2FC2368002832
:10AA900018BF0546D1E60121201DFFF7B9FC236848
:10AAA000002818BF054696E660293FF4B2AD80291C
:10AAB0003FF4AFAD0125B5E50121201DFFF7A8FC4E
:10AAC0002368002818BF0546A3E6DAF890309E07F1
:10AAD0007FF577AF4AE700BF00100240114B10B47A
:10AAE000996B114A41F080719963996B21F08071E3
:10AAF00099630368D0E9014123430B43D0E9034143
:10AB0000234343EA014353601368416923F4FE433E
:10AB100043EA0123136013685DF8044B43F06003BC
:10AB200013607047001002400060004000285AD0B7
:10AB300038B5437A044603F0FF02002B49D0D4E92C
:10AB4000003502214AF2B3206172284A19682A436B
:10AB5000274D21F0040119601A601D6118611A68FF
:10AB600022F080421A60FBF7F5FA054623681A685E
:10AB700051000ED5FBF7EEFA401B02282368F6D9E8
:10AB80001A685200F3D50122022362720120E360A9
:10AB900038BD1A6842F004021A605B68580603D593
:10ABA00004236372012038BDFBF7D4FA05462368FD
:10ABB0005B68D90711D4FBF7CDFA401B0228236844
:10ABC000F6D95A68D207F3D4042202236272E360F2
:10ABD000E8E70272FBF768F8B1E70122002362722E
:10ABE0001846E36038BD0120704700BF000DF040FB
:10ABF000BC0A5917704700BF026810B55368044675
:10AC0000990613D4580605D5590723D4516821F065
:10AC100040015160DB0708D5136823F00803136077
:10AC20009168637A2161042B0CD110BD1023C3609D
:10AC3000042320466372F8F779FE6FF06002236800
:10AC40005A6010BD01220023204662722372FFF772
:10AC5000D1FF10BD0823E360136823F008031360DD
:10AC6000E6E700BF002300B5026883B00193536894
:10AC7000014658070AD4536823F04003536000206C
:10AC8000CB6823F00803CB6003B000BD022013683B
:10AC900043F080431360136823F0804313600190F6
:10ACA00002E013685B0012D5019B013B0193019BFD
:10ACB000002BF6D101224A720B72CB68084643F092
:10ACC0000203CB60F8F732FE012003B000BD5368E9
:10ACD00058060CD40223019302E053685B07CED5DB
:10ACE000019B013B0193019B002BF6D1E2E75368E6
:10ACF00023F040035360EDE7F8B5037A012B43D00E
:10AD00000122437A04469342DFB2027206D0042342
:10AD10001746C360002323723846F8BD0222036839
:10AD200042725B680E46590616D4FBF713FA0546C5
:10AD300023685A68D20718D4FBF70CFA401B022884
:10AD40002368F6D95A6812F00102F2D101210223D8
:10AD500061722272E360DFE70823C360FFF782FFBE
:10AD60000128E2D12023E360D6E79A685B6822617C
:10AD700013F0400316BF08231F46E3604FF00103A2
:10AD800008BF32606372C5E702273846F8BD00BFCE
:10AD9000704700BF30B5026804465168936885B0BB
:10ADA00013F0400FC3F3801519D113F0010F2FD109
:10ADB000980745D49D0600F19180DB050DD58D06E1
:10ADC0000BD50020236E43F008032366039093689D
:10ADD0000393039B236E002B5AD105B030BD13F0B3
:10ADE00002001AD008067CD413F020002CD18D0666
:10ADF000F3D594F85D50032D79D0256E45F0040508
:10AE000025660090D06800909068009000983AE025
:10AE100011F0400FCCD0C36C65E08D06DDD594F801
:10AE20005D50032D63D0256E45F004052566009026
:10AE3000D0680090906800900098980623D515E09F
:10AE400008064ED49806B8D58806C6D575B194F8CC
:10AE50005D0003284BD0206E40F0040020660020E7
:10AE60000090D0680090906800900098206E40F0AC
:10AE7000010020660020029090680290106820F087
:10AE8000400010600298DB059BD4236E002BA4D0F9
:10AE9000012053688D0723F0E003536084F85D00C0
:10AEA0002DD05368A06D23F00303536040B1164BBF
:10AEB0000364FCF72FF818B1236E43F040032366B8
:10AEC000606D002889D0104B0364FCF723F800283C
:10AED00083D0236E43F0400323667EE78806C5D403
:10AEE0007BE72046236D05B0BDE8304018470023BE
:10AEF0000193D368019393680193019B6DE720460A
:10AF0000FFF746FF69E700BF0DAF000808B5002353
:10AF1000806AA0F84630C387FFF73AFF08BD00BF3C
:10AF200030B4036A124D046AA84224F0010404629A
:10AF30000ED0104CA0420BD004F54064A04207D0C4
:10AF400004F58064A04203D004F58064A04203D1DC
:10AF5000046A24F004040462846923F00A0324F0E0
:10AF6000F00C4CEA02121943826130BC0162704756
:10AF7000002C01400034014090F83D30012B23D1DA
:10AF800002210368164A80F83D1093421ED0B3F1A7
:10AF9000804F1BD0A2F59432934217D002F5806205
:10AFA000934213D002F5806293420FD002F594329F
:10AFB00093420BD002F54062934207D01A6842F0E8
:10AFC00001021A6000207047012070479968054A05
:10AFD0000A40062AF6D0B2F5803FEFD10020704734
:10AFE000002C01400700010090F83D30012B26D1D4
:10AFF0000222036880F83D20DA68174942F0010216
:10B000008B42DA601DD0B3F1804F1AD0134A9342BD
:10B0100017D002F58062934213D002F5806293420A
:10B020000FD002F5943293420BD002F54062934266
:10B0300007D01A6842F001021A6000207047012010
:10B0400070479968064A0A40062AF6D0B2F5803F52
:10B05000EFD10020704700BF002C014000040040E9
:10B060000700010038B590F83C30012B6AD0044647
:10B0700002250123006884F83C3084F83D5085683F
:10B080004B4A2A4082600A68602A6AD010D8402A57
:10B090005AD02CD8202A4BD048D832F0100147D0B3
:10B0A00018460122002384F83D2084F83C3038BD46
:10B0B000B2F5805F13D0B2F5005F27D0702AEFD1D0
:10B0C000D1E901538268C9682B4322F47F4243EAE5
:10B0D000012313438360836843F077038360012275
:10B0E000002384F83D2084F83C30002038BD502AED
:10B0F000D6D1CA684968FFF713FF836823F4401369
:10B1000023F0700343F057038360E8E78268D1E9D6
:10B110000153C9682B4322F47F4243EA01231343BE
:10B120008360836843F480438360D8E7302AB7D1D3
:10B13000836823F4401323F07003134343F00703A1
:10B140008360CCE7022038BDCA684968FFF7E8FE93
:10B15000836823F4401323F0700343F047038360B4
:10B16000BDE7036A026A4D6822F01002C9680262F4
:10B17000104A904217D002F50062904213D08269C3
:10B1800023F0A00322F4704243EA051342EA01329D
:10B1900082610362836823F4401323F0700343F059
:10B1A000670383609BE7026A22F040020262E6E7DF
:10B1B0008800CEFF002C0140704700BF704700BFE1
:10B1C000704700BF704700BF036870B5DE681C6938
:10B1D0000546A20701D5B1075AD4630701D5700708
:10B1E00043D4210701D532072DD4E00601D5F1065D
:10B1F00016D4E20701D5F30763D414F4025F0AD032
:10B20000300666D4600601D5710673D4A20601D556
:10B21000B3064DD470BDE205F4D5330662D4F1E730
:10B220006FF0100108222B68284619612A77DB6924
:10B2300013F4407F6FD1FFF7BFFF2846FFF7C0FF31
:10B2400000232B77D5E76FF0080104222B682846EE
:10B2500019612A77DB699B075AD1FFF7ADFF2846B2
:10B26000FFF7AEFF00232B77BFE76FF00401022248
:10B270002B68284619612A779B6913F4407F44D1D3
:10B28000FFF79AFF2846FFF79BFF00232B77A8E7DD
:10B290006FF002021A61012202779B699A0731D18D
:10B2A000FFF78AFF2846FFF78BFF00232B7794E7F1
:10B2B0006FF020022B682846BDE870401A6100F04C
:10B2C00005B96FF001022B6828461A61F5F75AFE9E
:10B2D00093E76FF402522B6828461A6100F0F8F8E1
:10B2E000E1058FD56FF480722B6828461A6100F053
:10B2F000F1F887E76FF040022B6828461A61FFF7E4
:10B3000061FF83E7FFF75AFFCFE7FFF757FFBCE77F
:10B31000FFF754FFA6E7FFF751FF91E770B4284EFF
:10B320000368B0424A698D680C6839D0B0F1804F2B
:10B3300020D0A6F59436B0421CD006F58066B04207
:10B3400018D006F58066B04214D006F59436B042A7
:10B3500026D01C4EB04227D006F58066B04223D0DE
:10B3600006F58066B0421FD023F08003C5621A4301
:10B3700084620CE04E6823F07003C968334323F401
:10B3800040730B4323F08003C5621A43846201219A
:10B3900070BC036843F004030360416102607047BE
:10B3A0004E6823F070033343CE6823F44073334375
:10B3B000C56223F0800384621A430B690363E6E7E6
:10B3C000002C01400040014070B310B590F83D30B2
:10B3D000044603F0FF0213B30223214684F83D30F4
:10B3E00051F8040BFFF79AFF012384F8483084F8E2
:10B3F0003E3084F83F3084F8403084F8413084F89F
:10B40000423084F8433084F8443084F8453084F87E
:10B41000463084F8473084F83D30002010BD80F875
:10B420003C20FAF771FCD7E70120704790F83C20E8
:10B43000012A45D00346022070B41A68214E83F8D1
:10B440003D00B24250680D68946827D006F500664A
:10B45000B2422CD020F070002843B2F1804F5060EF
:10B460000ED0194882420BD000F58060824207D08E
:10B4700000F58060824203D000F59A30824204D108
:10B48000896824F080040C4394600022012183F831
:10B490003C2083F83D10104670BC70474E6820F485
:10B4A0007000304320F0700028435060E8E74E6899
:10B4B00020F47000304320F0700005435560DFE752
:10B4C00002207047002C014000040040704700BF7C
:10B4D000704700BF704700BF10B4026852E8003FD9
:10B4E00023F4907342E800310029F7D1144C02F1A3
:10B4F000080353E8003F234002F1080C4CE80031F8
:10B500000029F4D1C36E012B08D0002320225DF85E
:10B51000044BC0F88C204367C366704752E8003F75
:10B5200023F0100342E800310029EED052E8003F3A
:10B5300023F0100342E800310029EFD1E5E700BF16
:10B54000FEFFFFEF704700BF704700BF08B5806A7D
:10B55000FFF7FAFF08BD00BF704700BF40F60F0CB1
:10B5600070B504680546E369216813EA0C0FA26808
:10B5700029D19E0607D501F0200C02F080565CEA26
:10B58000060C40F0F080E86E012800F0AC80D80294
:10B5900000F19E80180606D502F4000201F080003A
:10B5A000104340F0E7805A0602D54E0600F1C380F2
:10B5B000180202D54A0000F10C81DB0102D50029F6
:10B5C000C0F23D8170BDA348104040F0C580A24E3E
:10B5D0003142D8D0DE0740F1DC80CE0540F1D28088
:10B5E00001262662D5F8906046F00106C5F8906005
:10B5F0009E0740F1C980D60740F1CB80022020622F
:10B60000D5F890005E0740F00400C5F8900040F1C6
:10B61000DD8004202062D5F8900040F00200C5F8DB
:10B620009000180700F1BD8018050AD54E0108D515
:10B630004FF400602062D5F8900040F02000C5F87B
:10B640009000D5F890000028BCD0980606D501F0EF
:10B65000200102F08052114340F0AC80D5F89020D8
:10B66000A36802F0280203F0400353EA02062846CA
:10B6700000F0EA80FFF730FFA3685B0640F1A2808C
:10B6800004F1080353E8003F23F0400304F10801EC
:10B6900041E8003262B12C6804F1080353E8003F2E
:10B6A00023F0400304F1080141E80032002AF3D1FD
:10B6B000D5F88000002800F08580684B0364FBF714
:10B6C00029FC00283FF47EAFD5F88000036C4EE0E3
:10B6D00056027FF55FAF4FF4801328462362BDE822
:10B6E000704000F0FBB8DE067FF551AFC8067FF56D
:10B6F0004EAF1022B5F85C302262A268520640F1CB
:10B70000AF80D5F880000268516889B2002900F046
:10B71000DC80994280F0D980A5F85E101268960608
:10B720005CD502222A67B5F85E102846591A89B2FC
:10B73000FFF712FF70BD54E8003F23F0400344E8D8
:10B740000032002AF7D1202200232846C5F888209D
:10B75000AB67FFF7F7FE70BDDE077FF549AFCE059B
:10B760007FF546AF3CE7436F002B3FF42BAFBDE8BE
:10B7700070401847AB6F002B3FF424AF2846BDE85C
:10B78000704018479E0704D45E0702D5D6073FF5E0
:10B7900040AF1E077FF548AF01F0200606433FF497
:10B7A00043AF08202062D5F8900040F00800C5F8AB
:10B7B000900039E76B6F002B3FF450AF2846984755
:10B7C0002C684BE72846FFF7BFFE70BD1807E8D48A
:10B7D0002AE72846BDE8704000F084B854E8003FEE
:10B7E00023F4807344E80032002AF7D104F10803FF
:10B7F00053E8003F23F0010304F1080141E800325F
:10B80000002AF3D104F1080353E8003F23F040037A
:10B8100004F1080141E80032002AF3D12023C5F8E1
:10B820008C30EA6654E8003F23F0100344E800320D
:10B83000002AF7D1FBF736FBB5F85C3071E72846F4
:10B84000BDE8704000F04CB8FFF77EFEC5F8906090
:10B8500070BD00BF01000010200100044DB50008BC
:10B86000B5F85E10B5F85E2089B292B2002A3FF4B6
:10B87000A9AE5B1A99B200293FF4A4AE54E8003F88
:10B8800023F4907344E80032002AF7D1124804F1FF
:10B89000080353E8003F034004F1080646E800327D
:10B8A000002AF4D120236A67C5F88C30EA6654E890
:10B8B000003F23F0100344E80032002AF7D10223AE
:10B8C00028462B67FFF748FE70BD99427FF47AAE99
:10B8D00013689C06F3D470BDFEFFFFEF704700BFF6
:10B8E000704700BF704700BF034644F27F02B3F8C1
:10B8F000401000200A40A3F8402070474FF0000C91
:10B9000000B583B002AB4FF0010E03E90600034619
:10B910006046A3F840E0A3F840C0A3F844C0A3F8F1
:10B9200050C003B000BD00BF70B50A78034630F8C0
:10B93000220091F803E020F4EC4020F070000004B5
:10B94000000CBEF1030F00F20582DFE80EF0CDD04F
:10B95000B10240F4C06048F2800C40EA0C0023F8C9
:10B96000220033F8220020F4E04020F070000004B0
:10B97000000C10434CEA000C23F822C0087B00287E
:10B9800000F0B880002033F822C02CF4E24C2CF0F8
:10B99000700C4FEA0C4C4FEA1C4C4CF4004C4CF031
:10B9A000800C23F822C00C89B3F8505003EBC20C72
:10B9B000640864001CFA85F5A5F800444C89B3F8C6
:10B9C0005050640864001CFA85F5A5F804444C78CE
:10B9D000002C40F01C8133F8224064040DD533F86C
:10B9E000224024F4E04424F070042404240C44F4A1
:10B9F000404444F0800423F8224033F82240660695
:10BA00000DD533F8224024F4E04424F070042404DB
:10BA1000240C44F4004444F0C00423F822400D698F
:10BA2000B3F850101CFA81F1B1F802440CF2064C44
:10BA3000C4F30904A1F80244002D00F030813E2D2A
:10BA400000F2658105F0010404EB5504A402A5B2DF
:10BA5000B1F80244A4B22C43A1F80244B3F8501048
:10BA600089B231F80C40C4F3090421F80C4031F8D4
:10BA70000C40A4B22C4321F80C4048F2800433F867
:10BA8000221021F4804121F070010904090C81F495
:10BA90004051214323F8221033F8221021F4E041D1
:10BAA00021F040010904090C0C4323F8224070BD29
:10BAB00048F28005284323F8220033F82200B14CD5
:10BAC00080B220401043054323F82250087B88B100
:10BAD00033F8220080B2204040F4014040F0800062
:10BAE00023F8220000205EE740F4007033E740F4C2
:10BAF000806030E70020CC884E786408640003EB57
:10BB0000C205F6B3B3F8501015FA81F1A1F800445C
:10BB100033F8221049060DD533F8221021F4E04104
:10BB200021F070010904090C41F4004141F0C00109
:10BB300023F8221033F82210BEF1010F21F4E04166
:10BB400021F040014FEA01414FEA114112D081F04A
:10BB5000200141F4004141F0800123F8221070BD22
:10BB600033F8221021F4804121F070010904090CFE
:10BB700081F4005141F4004141F0800123F822108A
:10BB800070BD0E69B3F8501015FA81F1A1F80444A4
:10BB9000B3F8501015FA81F1B1F80644C4F3090462
:10BBA000A1F80644002E00F096803E2E00F29D8003
:10BBB000B1F8064406F00105A4B205EB560544EAC7
:10BBC0008524A4B2A1F8064433F822104D040DD503
:10BBD00033F8221021F4E04121F070010904090C2E
:10BBE00041F4404141F0800123F82210002AB7D1EE
:10BBF0001A8822F4804222F070021204120C82F49D
:10BC0000405242F4004242F080021A8070BD33F884
:10BC100022104C040DD533F8221021F4E04121F01C
:10BC200070010904090C41F4404141F0800123F8FE
:10BC3000221033F8221049060DD533F8221021F4D2
:10BC4000E04121F070010904090C41F4004141F088
:10BC5000C00123F8221033F82210BEF1010F21F4A5
:10BC6000E04121F040014FEA01414FEA114118BF84
:10BC700081F0200141F4004141F0800123F82210BD
:10BC800033F8221021F4804121F070010904090CDD
:10BC900041F4004141F0800123F8221070BDB1F859
:10BCA00002446FEA44446FEA5444A4B2A1F8024447
:10BCB000B3F85040A4B234F80C10C1F3090124F8D1
:10BCC0000C1034F80C106FEA41416FEA514189B20F
:10BCD00024F80C10D1E6B1F806446FEA44446FEA48
:10BCE0005444A4B2A1F806446EE7B1F806447509BD
:10BCF000F60608BF05F1FF35A4B244EA85246FEAD1
:10BD000044446FEA5444A4B2A1F806445CE76C09C9
:10BD1000ED0608BF04F1FF34B1F80254A402A4B246
:10BD2000ADB2254345F40045A1F80254B3F8505094
:10BD3000ADB235F80C10C1F3090125F80C1035F837
:10BD40000C1021436FEA41416FEA514189B225F855
:10BD50000C1092E648F28004204323F8220033F8C6
:10BD6000220020F4E04020F070000004000C10439A
:10BD7000044323F82240087B08B1012003E6012098
:10BD8000B9E600BF8F8FFFFF2DE9F04F4B780C7B9A
:10BD9000012B83B035D0ECB1CB78022B00F0FD80C5
:10BDA000012B40F0878000230A788B6130F8223025
:10BDB00023F4804323F070031B041B0C83F44053D3
:10BDC00043F4004343F0800320F82230002003B006
:10BDD000BDE8F08F8A690C78002A55D1CB78002B0A
:10BDE00040F0F98030F8243023F4E04323F070036E
:10BDF0001B041B0C43F4014343F0800320F8243060
:10BE0000D1E70E698A694B69B24228BF324600F514
:10BE10008067002C00F0A880CD780C6A022D91F884
:10BE200000E04BD0A41A30F82E500C6294B20134CA
:10BE300015F0400F92B2B0F850504FEA540400F0A1
:10BE4000D98000F2064616FA85F525F83E204D8980
:10BE50003D443CB103EB4404ED1A1A885A530233B3
:10BE60009C42FAD10A7830F8223023F4E04323F0E0
:10BE700040031B041B0C83F0300343F4004343F0E6
:10BE8000800320F82230A1E730F8243023F4E24385
:10BE900023F070031B041B0C43F4004343F08003A6
:10BEA00020F824300B699A427FF67DAFD31A8B615C
:10BEB0000A787BE7012003B0BDE8F08FA64200F2CC
:10BEC000024B80F0DF8030F82E50A41A25F4E045B4
:10BED00025F070052D042D0C45F4014545F0800535
:10BEE00020F82E5030F82EC095B201351CF0400FCE
:10BEF0000C62B0F850C04FEA55051FFA82F800F204
:10BF0000064900F08E8019FA8CFC2CF83E80B1F8BE
:10BF10000A90B94475B19C46A9EB030903EB450AA5
:10BF20000196BCF800602CF809600CF1020CD445B5
:10BF3000F7D1019E1344A6424B6180F0C880A21A3B
:10BF40000A62B0F850201BFA82F222F83E800C8977
:10BF50003C44002D86D003EB4505E41A1A881A5399
:10BF600002339D42FAD17DE795B2CE8801356D0846
:10BF70003E4492B207D003EB4505F61A1C889C5349
:10BF80000233AB42FAD1B0F850300C7800F20245DF
:10BF900015FA83F323F8342064E7CB690A78002B81
:10BFA0003FF404AF30F8223003F040045B0435D492
:10BFB000002C7FF4FBAE30F8223023F4E04323F072
:10BFC00070031B041B0C43F4004343F0C00320F830
:10BFD00022300A78EAE630F8243023F4E24323F0F2
:10BFE00070031B041B0C43F4004343F0800320F850
:10BFF0002430D8E600F2024616FA85F525F83E20F0
:10C000000D893D44002C3FF42DAF03EB4404ED1AA1
:10C010001A885A5302339C42FAD123E7002CCAD122
:10C02000C4E61BFA8CFC2CF83E80B1F808A0BA4498
:10C0300075B19C46AAEB030A03EB450B0196BCF8CD
:10C0400000602CF80A600CF1020CDC45F7D1019E6F
:10C050001344A6424B6141D2A41AB0F850200C629E
:10C0600019FA82F222F83E804C893C44002D3FF4BC
:10C07000F9AE03EB4505E41A1A881A530233AB42B2
:10C08000FAD1EFE6A5B22C4630F82E20013422F486
:10C09000E24222F070021204120C42F4004242F01A
:10C0A000800220F82E20B0F8502064081BFA82F29B
:10C0B00022F83E500D893D443FF4D4AE03EB4404D6
:10C0C000ED1A1A885A5302339C42FAD1CAE6A5B235
:10C0D000013500221FFA84F86D0831E7A5B2013559
:10C0E0001FFA84F86D080024B7E700BF4B780A7880
:10C0F0008BB130F8223023F4E04323F040031B04DB
:10C100001B0C83F0100343F4004343F0800320F83A
:10C1100022300020704730F8223023F4804323F08F
:10C1200070031B041B0C83F4805343F4004343F05F
:10C13000800320F822300020704700BF4B780A7837
:10C1400033B330F822305B060DD530F8223023F4BB
:10C15000E04323F070031B041B0C43F4004343F043
:10C16000C00320F82230CB78012B0FD030F82230DA
:10C1700023F4E04323F040031B041B0C83F0200353
:10C1800043F4004343F0800320F82230002070473E
:10C1900030F822305B040DD530F8223023F4E04330
:10C1A00023F070031B041B0C43F4404343F0800353
:10C1B00020F8223030F8223023F4804323F070033B
:10C1C0001B041B0C83F4405343F4004343F08003EF
:10C1D00020F822300020704711B98023A0F84C309D
:10C1E00000207047B0F8440080B27047013302F578
:10C1F00080625B08104408D00A4601EB4301801AB4
:10C200001388135202328A42FAD1704770B502F590
:10C2100080625D0800EB020419D06FF001008E1CF3
:10C220003246AC46401A2044815ABCF1010C89B216
:10C230004FEA112E02F1020202F8041C02F803EC8C
:10C24000F2D1013D023406EB450104EB4504DB0766
:10C2500044BF23880B7070BDD0E90023F0B4D0E94F
:10C260000267D0E90445D0E90601B1F1FF3F08BFFC
:10C27000B0F1FF3F18D1B5F1FF3F08BFB4F1FF3F68
:10C280000FD1B7F1FF3F08BFB6F1FF3F0FD1F0BCB0
:10C29000B3F1FF3F08BFB2F1FF3F14BF0120002000
:10C2A00070470320F0BC70470420F0BC70470220A8
:10C2B000F0BC704710B54FF6FD7E1F4B0446B3F837
:10C2C000E0C000F580330CF1FF3292B272454FEAC4
:10C2D000C32008D84FF47832184B03EA4C23B2FB42
:10C2E000F3F203FB020003294FF0AA324FF0AA3306
:10C2F00012D0042908D0022916D000F041FFC0B99D
:10C300000F4B00201C7010BD183000F039FF0038B2
:10C3100018BF0120400010BD103000F031FF003880
:10C3200018BF0120400010BD083000F029FF002890
:10C33000E6D0022010BD00BF0005FA0B00FE1F0072
:10C34000E02A0320F8B5044600F052FF002840F030
:10C35000BD804FF6FD73634AB2F8E0C00CF1FF32C6
:10C3600091B2994200F2B0804FF478355E4B03EA07
:10C370004C23B5FBF3F503FB05F5C5F57835ED0A60
:10C380004FF6FD7391B2994212D999E04FF6FD77BD
:10C39000544E2846012100F0F7FE0135002840F0F8
:10C3A0008D80B6F8E0C00CF1FF3293B2BB4237D8B3
:10C3B0004FF478334C4901EA4C21B3FBF1F301FB14
:10C3C00003F3C3F57833DB0A04339D422AD2002CF1
:10C3D000DCD04FF47836B6FBF1F01127EB0203F115
:10C3E000006301FB003303F5006ED3E90001B1F1F6
:10C3F000FF3F08BFB0F1FF3F03F1080318BF10274C
:10C400009E45F2D1102F47D04FF6FD7391B299425D
:10C4100005F10105CCD9802D04D04FF48021DAE755
:10C42000802DB6D100F0E2FE4FF6FD712D4BB3F832
:10C43000E020531E9BB28B424AD84FF478302A4BEF
:10C44000022103EA4223B0FBF3F003FB00F0C0F546
:10C450007830C00AFFF72EFF00283FD14FF6FD715C
:10C46000224A204B1080B3F8E020531E9BB28B422F
:10C4700036D84FF478331C4901EA4222B3FBF2F379
:10C4800002FB03F3C3F57833C3F3C7232021184C11
:10C49000184A23701160F8BD0121284600F074FE8F
:10C4A00060B9104B0135B3F8E0C04FF6FD730CF1E5
:10C4B000FF3291B299427FF67BAFACE70120F8BD25
:10C4C00080234FF4802180E77C2559E70E20F8BDBA
:10C4D0007C200221FFF7EEFE0028BFD00220F8BD2D
:10C4E0007C23D3E70005FA0B00FE1F00E22A03209D
:10C4F000E02A03201C0103204FF6FD71224B2DE999
:10C50000F041B3F8E02082B0531E9BB28B4220D89A
:10C510004FF478351D4B03EA4223B5FBF3F503FBDB
:10C5200005F5C5F57834E40A271D05F1006606EB2C
:10C53000C420FFF791FE04284FEAC42804F1020347
:10C540000BD09F4203D8052002B0BDE8F0811C4605
:10C55000EDE780277C240025E7E7621C9A4206D39A
:10C560000221204600F010FE48B10120ECE708F15E
:10C5700008202844FFF770FE0428F1D0E3E701907B
:10C5800000F034FE0198DFE70005FA0B00FE1F0003
:10C590002DE9F0474FF6FD74444A454BB2F8E010E0
:10C5A0001E784A1E92B206F58033A24280464FEAB8
:10C5B000C3234FD84FF478393E4C04EA4124B9FBE9
:10C5C000F4F904FB09F94B441846FFF745FE4FF414
:10C5D0007833B3FBF4F304FB03F3C3F57833A6EB32
:10C5E000D32A0AF1010505F0030505EBD32507461B
:10C5F00005F5803009EBC020DC0AFFF72DFEB8F10D
:10C60000010F12D0B8F1020F0AD0022F1FD0012F54
:10C610001BD10AF1030A0AF0030A0AEB040616E02A
:10C6200098B92E463046BDE8F087022F17D0012F6B
:10C630000BD1214C2368B3F5006F08D304282BD00D
:10C6400003213046FFF736FEE0B14FF0FF363046AB
:10C65000BDE8F0874FF000094FF48024B4E7164C92
:10C660002368B3F5006FF2D304281AD003213046B3
:10C67000FFF720FE0028E8D102212846FFF71AFE26
:10C6800030B1E2E701212846FFF714FE0028DCD193
:10C6900020232E462360C5E7FFF72EFF0028CFD0CA
:10C6A000D3E7FFF729FF0028E0D0CEE70005FA0B1B
:10C6B000E02A032000FE1F001C0103202DE9F041A9
:10C6C000074600200E46FFF763FF431C6DD000F5C0
:10C6D0008031CC024FF6FD71354B8046B3F8E02037
:10C6E000531E9BB28B4208D84FF47831314B03EA8A
:10C6F0004223B1FBF3F203FB02442046FFF7ACFDFB
:10C70000831EDBB2022B4BD82B4D04F5FF6C04F1DA
:10C71000180101E08C451CD0DCE90023B3F1FF3F98
:10C7200008BFB2F1FF3FACF1080C1FFA82FEF1D056
:10C73000BE45EFD1A86840F00100A8602B602F80B3
:10C740002C68A4B2B4EB124FE4D100203360BDE8F2
:10C75000F0814FF6FD71164BB3F8E020531E9BB2EB
:10C760008B421FD84FF47831124B03EA4223B1FBBE
:10C77000F3F103FB01F1C1F57833DB0A08F103089B
:10C78000A8EB030808F00308984408F5803301EB90
:10C79000C3242046FFF760FD831EDBB2022BB4D911
:10C7A0000720D4E700217C23E8E70320BDE8F081DF
:10C7B0000005FA0B00FE1F00003002404FF6FD722C
:10C7C000431E9BB2934201D908207047002310B545
:10C7D00082B00C4601A90193FFF770FF019B236013
:10C7E00002B010BD70B5064601200D46FFF7D0FE21
:10C7F000431C3AD04FF6FD711D4B00F5803CB3F859
:10C80000E0204FEACC2C531E9BB28B4227D84FF42A
:10C810007830184B03EA4223B0FBF3F003FB00F03F
:10C82000CDB1154CA36843F00103A36025602680B9
:10C8300022681204114C2B46216832438C44604418
:10C8400000F09EFC78B90E4922680B88083201334B
:10C8500022600B8070BD002EE3D13246EAE7002053
:10C86000002DDED1F7E7022070BD032070BD00BFB0
:10C870000005FA0B00FE1F00003002401C010320DF
:10C88000E22A03202DE9F04F002785B0CDE9000111
:10C89000C2F10200C0B214460397FFF779FE431CB1
:10C8A00000F068812023BB4ABB4D1070BB4A06468E
:10C8B0002F801360002C00F042814FF6FD71B84BC1
:10C8C000B3F8E020531E9BB28B4200F23F814FF43D
:10C8D0007833B44901EA4222B3FBF2F302FB03F3DB
:10C8E0001A46C3F57833DB0A0336F61A06F0030658
:10C8F0001E4406F5803002EBC020FFF7ADFC022895
:10C9000000F08680042800F08980012C40F0DB8054
:10C91000032840F0D8809F4B2C881E789F4B4FF007
:10C92000000B1A6804F1FC03C2EBC62C0CF1006C7E
:10C930004FF6FD7A9B4F0CF1200C1FFA83FE09E0A5
:10C940001FFA89F474454FF0010B2C8002F10802A4
:10C9500000F01981924BB3F8E03003F1FF381FFA71
:10C9600088F1514598BF4FF4783107EA432996BFC3
:10C97000B1FBF9F0002009FB00F00CEB02010144CF
:10C98000D1E90001B1F1FF3F08BFB0F1FF3F04F171
:10C990000109D5D14146BBF1000F01D07F480260AB
:10C9A0004FF6FD77DFF8FC8189B204F57C7AB94255
:10C9B000DFF8EC911FFA8AFA08EA432325D84FF4EE
:10C9C0007830B0FBF3F003FB00F0C0F57832D20A08
:10C9D000C2F10303334403F003039E1806F58033CA
:10C9E00000EBC320FFF738FC032804F1FC0340F000
:10C9F000C8809CB254452C8078D0B9F8E030591EDC
:10CA000089B2B94208EA4323D9D97C220020DFE762
:10CA100004213046FFF74EFC00285ED14FF6FD7131
:10CA20005F4BB3F8E020531E9BB28B4200F2A6800E
:10CA30004FF478335B4901EA4222B3FBF2F302FB85
:10CA400003F31A46C3F57833DB0A06F10309A9EBB1
:10CA5000030909F00309994409F5803002EBC0206D
:10CA6000FFF7FAFBC31EDBB2012B3AD84C4F4D4EF9
:10CA70001AE04FF47833B3FBF1F301FB03F31846EC
:10CA8000C3F57833DB0A09F10309A9EB030909F0BF
:10CA90000309994409F5803300EBC320FFF7DCFB61
:10CAA000C31EDBB2012B1CD8032810D04FF6FD7239
:10CAB000B7F8E03006EA4321013B9BB29342D8D954
:10CAC00000207C23DFE70A2005B0BDE8F08F0421B9
:10CAD0004846FFF7EFFB0028E8D0022005B0BDE88C
:10CAE000F08F012CB5F800A03FF415AFBAF5FC7F2C
:10CAF000F3D2DDE90001FFF775FE0028EDD12C88A7
:10CB0000022C26D80124009F0CE02B88B3F5FC7F73
:10CB10002CD230460399FFF765FE0028D4D10134AA
:10CB2000FB2C19D0BC42A6B2F9D0304603A9FFF7BE
:10CB3000C5FD0028E9D00728F1D00320C4E7012172
:10CB4000FFF7B8FB00283FF4B8AEC6E700227C230D
:10CB5000CAE6023CFA2CD6D90E4B02211878FFF710
:10CB6000A9FB0028B9D14FF48070ADE7122005B0C1
:10CB7000BDE8F08F042005B0BDE8F08F00227C23D3
:10CB800063E7A246B2E7054B1A60054BB3F8E03005
:10CB9000591E05E7E02A0320E22A03201C01032096
:10CBA0000005FA0B00FE1F002DE9F04F89B0064684
:10CBB00000F01EFB002840F0D281074648F2050035
:10CBC00001244FF6FD71C04B9A6C42F480529A6476
:10CBD0009B6CBE4A03F480530793079B5061936894
:10CBE000BB4823F0180343F008039360B94B04706B
:10CBF000B3F8E020531E9BB28B4200F242814FF407
:10CC0000783AB54B03EA4223BAFBF3FA03FB0AF383
:10CC1000C3F57834E40A039304F58033049304F1F4
:10CC20000408A446039AAD4902F5006202EBC32250
:10CC30004FEAC32EA2F500630B60F3E802AB9A4201
:10CC4000FAD10CF1010CC44502F50062F2D3039B4A
:10CC50004FF0000C0EEB030B5B46E1466546A34626
:10CC60009A46CDE901CC80F800C05046FFF7F4FAAF
:10CC7000421ED2B2012A40F20B81032807D1019B48
:10CC8000CDF808B0002B08BFD946013301930BF152
:10CC9000010BC3450AF5006AE7D3002D00F064815B
:10CCA0004FF6FD718B4BB3F8E020531E9BB28B42C5
:10CCB00000F2E481884B03EA42234FF47832B2FB5E
:10CCC000F3F203FB02FBCBF578334FEAD32909F5E6
:10CCD0008035294609F1040A4FF0030803964C46B3
:10CCE0004646884609F102030BEBC5250193284609
:10CCF000FFF7B2FA012800F0FB800134544505F536
:10CD0000006506F10106F2D30023039E01934FF65E
:10CD1000FD71704BB3F8E020531E9BB28B4200F2C2
:10CD2000A5814FF4783C6C4B03EA4223BCFBF3FC37
:10CD300003FB0CFCCCF57835ED0A05F58034224672
:10CD400005F104084FF000090CEBC424CA46A346C1
:10CD5000039704964F461646A94664465846FFF781
:10CD60007BFA022800F09680032808BFCDF80890CF
:10CD7000791C01EB0509C1450F460BF5006BEDD39E
:10CD8000DDE903765346002B00F08681544D0022E6
:10CD900020202B78DFF854814FEAC32C0293514BAB
:10CDA0004FF6FD7B9646DFF82CA1DFF82C910CF1B5
:10CDB000006CA8F80020186008E00830B0F5006F9B
:10CDC0004FF0010EA8F8002000F08381BAF8E0309F
:10CDD0000132591E8DB25D4598BF4FF4783509EA8E
:10CDE000432496BFB5FBF4F5002565430CEB000426
:10CDF0002C44D4E90045B5F1FF3F08BFB4F1FF3F33
:10CE000092B2DAD1BEF1000F01D0364A10604FF66F
:10CE1000FD750A46DDF808A02F4CDFF8B89028E031
:10CE20004FF47831B1FBF3F103FB01F1C1F5783236
:10CE3000D20A0AF103039B1A924503F0030302F19D
:10CE4000020000F0B380504500F0B08003EB020A0E
:10CE50000AF5803001EBC020FFF7FEF9032840F00F
:10CE60001681B8F80030FC33A8F80030B9F8E0308B
:10CE70005A1E92B2AA4204EA4323D1D97C2200214D
:10CE8000D7E7194B4FF080087C2404930397C8E63A
:10CE90000135FCE6A94549D0022F47D0F81C00F027
:10CEA0000300304404EBC020FFF7D6F903287FF4D9
:10CEB0005FAFBAF1000F40F0EA80094A4FF0010A73
:10CEC000791C82F8009054E70010024000300240C4
:10CED000D82A03200005FA0B00FE1F00DC2A0320DD
:10CEE000E02A03201C0103207C000100E22A032029
:10CEF0004C4528D0019BA34225D006F003004044B6
:10CF00000BEBC020FFF7A8F903287FF4F6AE002151
:10CF1000744D01220846039E2C70FFF7B3FCB0F558
:10CF2000807F40F0DD8001230193F0E6791C01F061
:10CF30000300304404EBC0200591FFF78DF9002871
:10CF4000B7D0059915E7B01E00F0030040440BEB85
:10CF5000C020FFF781F900287FF4CFAED7E70E2776
:10CF6000384609B0BDE8F08F019B002B00F0AB8084
:10CF7000C4F10300049B484400F003001844039BE1
:10CF800003EBC020FFF768F904287FF489AE029B09
:10CF9000C4F10100184400F0030001212044FFF710
:10CFA00089F900283FF47CAE0227D9E7029D0135BC
:10CFB000AD1A05F00305154405F58033AA4501EBCC
:10CFC000C32127D0484C002E37D10121284600F03C
:10CFD000DBF8002872D14FF6FD71B4F8E020531E43
:10CFE0009BB28B423FD84FF47831404B03EA422347
:10CFF000B1FBF3F103FB01F1C1F57833DB0A013535
:10D00000ED1A05F003051D4405F58033AA4501EB33
:10D01000C321D8D100F0EAF8019B002BA0D1B8F8C9
:10D020000030B3F5FC7F9BD201990846FFF7DAFB8D
:10D03000071E18BF01277F0092E74FF0110C01F582
:10D040000060D1E90023B3F1FF3F08BFB2F1FF3F19
:10D0500001F1080118BF4FF0100C8142F1D1BCF171
:10D06000100FB8D1B1E700217C23C8E7204A4FF068
:10D0700080087C254FF0000C144663E61C494FF0F5
:10D08000800A4FF07C094FF0000B0D4624E60A277A
:10D09000384609B0BDE8F08FEDB2029AC5F1010340
:10D0A000134403F003031D44E8B20E4D022128701F
:10D0B000FFF700F900283FF46AAE75E7012738460C
:10D0C00009B0BDE8F08F019809B0BDE8F04FFFF757
:10D0D00039B9084B1860044BB3F8E030591E96E696
:10D0E0000C273DE7E02A03200005FA0B00FE1F0095
:10D0F0007C0001001C0103204FF6FD72431E9BB211
:10D10000934201D908207047044B1B88B3F5FC7F7C
:10D1100001D2FFF767BB0022FFF7B4BBE22A03206E
:10D12000134B144A196CB2F8E02011F4801F02F17D
:10D13000FF334FF6FD719BB20CD18B4297BF0E4B64
:10D140000E4B03EA422303F1006383428CBF0120AC
:10D15000022070478B4297BF074B084B03EA4223DC
:10D1600003F1006383428CBF02200120704700BF9F
:10D17000002002400005FA0B00FE1F00000004081A
:10D1800001460120FAF736BC4FF6FD7C70B500264B
:10D19000144B0446B3F8E02086B0531E9BB200F552
:10D1A000803063450D4601964FEAC02008D80E4BEB
:10D1B00003EA42234FF47832B2FBF3F203FB02009E
:10D1C000FFF7AEFF0222034601A902A8CDE903340E
:10D1D00005950292FAF722FE003818BF012006B02A
:10D1E00070BD00BF0005FA0B00FE1F00704700BFB6
:10D1F000FF2300B58BB001A80293FAF779FD079BD6
:10D2000013F4800F0CBF0E2000200BB000BD00BF38
:10D21000D0F8B8320BB11B6818470320704700BF25
:10D2200008B5D0F8B8320BB15B689847002008BD4C
:10D2300038B5044600F2AA25284600F091FB0122E9
:10D2400094F8AA12B4F8B032C029C4F89422C4F8F1
:10D2500098320DD001F01F03012B1BD0022B13D0ED
:10D2600063B12046BDE8384001F0800103F014B9F5
:10D270002046BDE83840802103F00EB929462046FB
:10D28000BDE8384000F0F6B829462046BDE83840F1
:10D2900000F0C8BA29462046BDE8384000F08CBAF4
:10D2A00070B5044631B91346D0F89422032A0DD044
:10D2B000002070BD90F89C32032BF9D1D0F8B83221
:10D2C0009B69002BF4D0BDE870401847D0E9575255
:10D2D000954208D890F89C32032B0ED0204600F0DF
:10D2E0006DFB002070BDAD1AAA4228BF2A46194620
:10D2F000C0F85C5100F058FBDAE7D0F8B8321B698F
:10D30000002BEBD09847E9E770B5044649B9D0F84F
:10D310009432022B11D094F8A032012B22D000209D
:10D3200070BD90F89C32032BF9D1D0F8B8325B690C
:10D33000002BF4D0BDE870401847D0E90736B3425F
:10D340000D4614D820D094F89C32032B2FD0802186
:10D35000204603F0A1F8204600F03CFB94F8A032F0
:10D36000012BDCD1002384F8A032002070BD9B1B70
:10D370001146C3611A4600F00DFB2B462A4629468A
:10D38000204603F0CDF8C6E782699342DBD8D0F897
:10D3900098329A42D7D20A4600F0FCFA2B462A4627
:10D3A00029462046C4F8985203F0BAF8B3E7D4F8F7
:10D3B000B832DB68002BCAD020469847C7E700BFC9
:10D3C00000210122D0F8B83280F89C224160C0F8D8
:10D3D0009412C0F8A412EBB1D0F8BC2270B5044688
:10D3E00012B15B6803B1984700224025012611461F
:10D3F0004023204603F042F8002280212B4620469D
:10D40000A4F86461C4F8605103F038F80020A684E1
:10D41000256270BD032070470346002019747047D1
:10D420000346042193F89C220020D2B283F89D2267
:10D4300083F89C12704700BF90F89C32042B04D1F3
:10D4400090F89D32DBB280F89C320020704700BF1C
:10D45000D0F8B82262B108B590F89C32032B01D005
:10D46000002008BDD369002BFAD09847002008BDE2
:10D470000320704730B50B780D4603F06003202B76
:10D48000044683B028D0402B26D05BB180212046B3
:10D4900003F002F80021204602F0FEFF0025284696
:10D4A00003B030BD4B78092BF0D801A252F823F01D
:10D4B00023D500084BD500088DD4000869D5000895
:10D4C0008DD4000871D50008ABD500088DD40008B4
:10D4D000E1D50008EBD4000829462046D4F8B8323C
:10D4E0009B6803B0BDE8304018478978B14D0129E9
:10D4F000297000F23B8190F89C32022BDAB200F0E6
:10D500001D81032A00F0FA80802102F0C5FF00216E
:10D51000204602F0C1FF20462978FFF781FE03254F
:10D52000BDE790F89C32013B022BAFD8CA88022A93
:10D53000ACD1D0F8A4320146003B18BF01235B00F8
:10D5400041F80C3F00F018FAA8E790F89C32013B34
:10D55000022B9BD84B88012BA0D100232046C4F876
:10D56000A43200F02BFA99E74B88012B96D1F5E70E
:10D570008B88002B8AD1CB88002B87D14B887F2BBF
:10D5800084D890F89C22032A80D0DDB2294680F806
:10D590009E5202F0ADFF204600F010FA002D00F080
:10D5A000FB80022384F89C3278E700216A88ADF87A
:10D5B0000610130A013B062B3FF668AF01A151F894
:10D5C00023F000BF75D600085BD6000885D600089A
:10D5D0008DD400088DD4000845D6000809D600086F
:10D5E000CA88012A7FF452AF90F89C32022BD9B23C
:10D5F00000F2B58000293FF449AF0146002341F80D
:10D60000083F00F0B9F949E7037C002B7FF43EAFF7
:10D61000D0F8B8320DF106001B6B98470723437012
:10D62000EB88002B66D0BDF80620002A3FF42EAF11
:10D630009A4228BF1A4601462046ADF8062000F05F
:10D640009BF92BE7037C002B7FF420AFD0F8B83296
:10D650000DF106005B6B9847E2E7027CD0F8B83228
:10D66000002A40F08B809B6A0DF106009847022348
:10D670004370D5E7D0F8B4320DF106011B68007C89
:10D680009847CDE7D1B2052900F28A80DFE801F0A2
:10D6900026201A140E03D0F8B4329B69002B3FF4F5
:10D6A000F5AE207C0DF106019847B9E7D0F8B43209
:10D6B0005B69002BF5D1E9E6D0F8B4321B69002B89
:10D6C000EFD1E3E6D0F8B432DB68002BE9D1DDE638
:10D6D000D0F8B4329B68002BE3D1D7E6D0F8B4324F
:10D6E0005B68002BDDD1D1E60223416080F89C32DB
:10D6F000FFF796FD204600F061F9CFE60029F3D050
:10D7000041680129F6D0C9B2FFF78AFD2978204681
:10D710006160FFF77DFD05460028EBD080212046A3
:10D7200002F0BAFE0021204602F0B6FE2046217922
:10D73000FFF776FD022384F89C32B0E60029D9D0A9
:10D7400001214160FFF764FD0546F0B180212046CC
:10D7500002F0A2FE0021204602F09EFE9FE6032971
:10D760007FF494AE011D00F007F997E6802102F0E6
:10D7700093FE0021204602F08FFED0E6DB6A0DF119
:10D7800006009847022343704AE7204600F016F946
:10D79000032384F89C3281E6012384F89C327DE6E1
:10D7A000D0F8B8329B6B002B3FF470AE0DF106023F
:10D7B000984735E7E42A032038B50B780D465A061A
:10D7C00004460DD503F06002402A09D0802102F002
:10D7D00063FE0021204602F05FFE0025284638BD8A
:10D7E00094F89C32013B022B12D82B79032B0FD8D3
:10D7F000D4F8B83229469B6820469847EB880546FE
:10D80000002BEBD10028E9D1204600F0D7F8E5E75E
:10D810008021204602F040FE0021204602F03CFE1E
:10D82000DBE700BF70B50B780D4603F06003202BDB
:10D8300004464CD0402B4AD04BB18021204602F008
:10D840002BFE0021204602F027FE002070BD6B78E1
:10D850008A88012BD1B22BD0032B40D0002BECD1E6
:10D8600090F89C32022BD8B253D00328E5D101F0B6
:10D870000F0303EB8303120604EB830358D4B3F8BE
:10D880006431002BD9D001EB810504EB850505F54A
:10D89000AA75002958D0204602F016FE002859D05B
:10D8A00001232B6002222946204600F065F8CCE7D0
:10D8B00090F89C32022BDAB222D0032ABDD16B88B9
:10D8C000002BC2D14E0642D1204600F077F8D4F8A2
:10D8D000B83229462046BDE870409B68184790F84A
:10D8E0009C32022BDAB20BD0032AA6D16B881BB96B
:10D8F0004A0601D0EB887BB3204600F05FF8A4E72E
:10D900004B069AD002F0C8FD8021204602F0C4FDEB
:10D910009BE7480691D1002311064CBF04F1140186
:10D9200004F5AA71022220460B6000F025F88CE76E
:10D930009B8C002B81D001F07F05013505EB85051F
:10D94000802904EB8505A6D100232B60AAE702F00D
:10D95000AFFDB9E72860A5E702F09EFDCCE700BF68
:10D960000B7803704B7843704B8843808B8883809F
:10D97000CB88C380704700BF10B5134602240A4607
:10D98000C0E906330021C0F8944202F0BDFD00203A
:10D9900010BD00BF8C4608B500211346624602F058
:10D9A000B3FD002008BD00BF8C4608B5002113461A
:10D9B000624602F0B5FD002008BD00BF002310B58F
:10D9C00004241A461946C0F8944202F09DFD002036
:10D9D00010BD00BF002310B505241A461946C0F833
:10D9E000944202F09DFD002010BD00BF08B54FF02D
:10D9F000E0231B6901F00EFD012800D108BDBDE840
:10DA0000084002F05BBA00BF08B5EFF3058313B11D
:10DA10006FF0050008BD01F0FDFC012807D0EFF311
:10DA20001083002BF4D1EFF31183002BF0D101F020
:10DA3000F1FC0128034604D1034A106808B91360B9
:10DA400008BD4FF0FF3008BD40380320EFF30583D9
:10DA500013B16FF00500704710B501F0DBFC012831
:10DA600009D0EFF3108313B16FF0050010BDEFF391
:10DA70001183002BF8D101F0CDFC01280CD1084B0B
:10DA80001A68012A08D1002402220649CC771A60BC
:10DA900001F0C0FA204610BD4FF0FF3010BD00BFAE
:10DAA0004038032000ED00E0F0B5002587B01446B3
:10DAB0000595EFF3058212B1002007B0F0BD0746CF
:10DAC0000E4601F0A7FC012809D0EFF3108313B133
:10DAD000059807B0F0BDEFF31183002BF8D1002FAC
:10DAE000F6D00CB3A569DDB918256368DB07E3D46C
:10DAF00063693BB39A08A068D4F800C0E16820B31A
:10DB0000AB29E5D921690029E2D0002BE0D0CDE98D
:10DB10000110334661463846009501F045F9CCE7DF
:10DB20006B1E372BE1D9C7E74FF4807218252146C9
:10DB300005AC334638460095019401F069F9012897
:10DB4000BAD1C5E74FF48072D5E70029C0D1236967
:10DB5000002BBDD1644692B2E9E700BFEFF3058325
:10DB600013B16FF00500704710B5044601F052FC88
:10DB7000012809D0EFF3108313B16FF0050010BD39
:10DB8000EFF31183002BF8D10CB9002010BD204613
:10DB900001F022FAF9E700BF4FF4807330B4034D6F
:10DBA000034C05600C60136030BC70479437032051
:10DBB000943303204FF4007330B4034D034C0560DD
:10DBC0000C60136030BC7047E8320320E82A032061
:10DBD0004FF0FF31002200F10803C0E90131C0E934
:10DBE00003330260704700BF00230361704700BF2A
:10DBF0004268036810B494680133C1E9012461608C
:10DC000091605DF8044B08610360704730B40D68A3
:10DC10006B1C10D000F108031C465B681A68AA420E
:10DC2000FAD902684B60013299608C6061600861CA
:10DC300030BC0260704704696368F2E7036910B49E
:10DC4000D0E901125C688A6051600021844208BFFB
:10DC50005A601A680161013A1A6018685DF8044B4D
:10DC6000704700BF70B51646026C0446856B2AB932
:10DC7000066801354EB31046A56370BD8EB9406885
:10DC800002F0F2FC6368216CA2680B44934263606B
:10DC900028BF236805F1010528BF63600020A56344
:10DCA00070BDC06802F0E0FC226CE36851429B1A30
:10DCB0002268E360934202D2A3680B44E360022E21
:10DCC00008D001350020A56370BD806801F0FAFB23
:10DCD000A660D1E7012D38BF0125DFE770B5054605
:10DCE00002F0CAF895F845305CB2002C14DD05F15D
:10DCF000240603E0631EDAB25CB26AB16B6A5BB100
:10DD0000304601F0B5FA0028F4D001F077FB631E2D
:10DD1000DAB25CB2002AF1D1FF2385F8453002F077
:10DD2000B9F802F0A9F895F844305CB2002C14DD83
:10DD300005F1100603E0631EDAB25CB26AB12B692A
:10DD40005BB1304601F094FA0028F4D001F056FBA4
:10DD5000631EDAB25CB2002AF1D1FF2385F84430A9
:10DD6000BDE8704002F096B870B568B3C56B044664
:10DD7000F5B1026CA2FB0525D5B90E4602F07CF880
:10DD8000D4E90F30FF2100FB03F32268181A626008
:10DD900013440244A563C4E9023284F8441084F8B1
:10DDA000451046B9236993B902F074F8012070BD9B
:10DDB00002F0B8F9FEE704F11000FFF709FF04F1E3
:10DDC0002400FFF705FFEFE702F0ACF9FEE704F1EE
:10DDD000100001F04DFA0028E6D002F041F8E3E728
:10DDE00070B582B09DF8186033B3054650B11C463B
:10DDF0005AB139B150230193019B502B0DD002F041
:10DE000091F9FEE702F08EF9FEE70029FAD15023DE
:10DE10000193019B502BF2D12246C4E90F510121FD
:10DE20002046226084F84610019BFFF79DFF2046A4
:10DE300084F84C6002B070BD02F074F9FEE700BFD8
:10DE4000F0B585B00192002800F0878004460E46A8
:10DE50001D46002961D0022D02D1E36B012B6FD149
:10DE600001F0D8FA00284ED002F006F8A26BE36B5E
:10DE70009A4258D3022D56D0002007460DE002F0FA
:10DE800009F82046FFF72AFF01F01CF901F0F4FF22
:10DE9000A26BE36B01209A4245D3019B002B5FD01C
:10DEA000002836D001F0F6FF01F004F901F0E4FF9C
:10DEB00094F84430FF2B08BF84F8447094F8450070
:10DEC000FF2808BF84F8457001F0E4FF01A902A80B
:10DED00001F05CFA002848D101F0CEFFA26BE36BA1
:10DEE0009A42CCD101F0D6FF019904F1100001F063
:10DEF0007FF92046FFF7F2FE01F0E4F80028C5D1D3
:10DF000001F0AEFFC2E7019B002BADD002F00AF991
:10DF1000FEE702A801F02EFAC4E7036C002B9AD0AA
:10DF200002F000F9FEE72A4631462046FFF79AFE46
:10DF3000636A5BB938B901F0ADFF012005B0F0BDEF
:10DF400002F0F0F8FEE701F08BFFF4E704F12400A3
:10DF500001F08EF90028EED0F5E702F0E3F8FEE7D5
:10DF600001F098FF002005B0F0BD2046FFF7B6FE97
:10DF700001F0A8F8F6E700BF70B582B011B35023E6
:10DF80000193019B502B1AD10C4600260121054616
:10DF9000C4E90F1684F8461020462460019BFFF761
:10DFA000E3FE334632463146204684F84C50A660A4
:10DFB0002660E660FFF744FF204602B070BD02F025
:10DFC000B1F8FEE702F0AEF8FEE700BFF0B585B0AD
:10DFD000019200286BD004460E4600295BD001F068
:10DFE00019FA00285DD001F047FFA56B002D61D123
:10DFF000019B002B42D002A801F0BCF92F4601F092
:10E0000049FF01F057F801F037FF94F84430FF2B37
:10E0100008BF84F8447094F84530FF2B08BF84F89B
:10E02000457001F037FF01A902A801F0AFF998B9D6
:10E0300001F022FFA36B33BB01F02CFF019904F127
:10E04000240001F0D5F82046FFF748FE01F03AF829
:10E0500068B901F005FF0AE02046FFF73FFE01F036
:10E0600031F801F009FFA36B43B101F013FF01F098
:10E0700003FFA56BF5B9019B002BC0D101F00AFF8E
:10E08000002005B0F0BD01F005FF2046FFF726FE99
:10E0900001F018F8EBE7036C002BA0D002F042F877
:10E0A000FEE7019B002B9ED002F03CF8FEE702F059
:10E0B00039F8FEE7226C5AB1E168A368114499422D
:10E0C000E16028BF2168304628BFE16002F0CCFA49
:10E0D000013DA56323691BB901F0DCFE0120D0E7F7
:10E0E00004F1100001F0C4F80028F5D001F0B8FEEA
:10E0F000F2E700BFF0B585B00191002878D0036C3D
:10E100000446002B3FD101F085F910B9019B002B8B
:10E110006BD101F0B1FEA56B002D7AD1019B002BD4
:10E1200060D002A801F026F92E462F4601F0B2FE7B
:10E1300000F0C0FF01F0A0FE94F84430FF2B08BFB0
:10E1400084F8447094F84530FF2B08BF84F845707C
:10E1500001F0A0FE01A902A801F018F9B0B901F080
:10E160008BFEA36B23B301F095FE2046FFF7B6FDAF
:10E1700000F0A8FF01F080FEA56B002D49D1019BA6
:10E18000002BD3D12EE001F0CDFFFEE72046FFF7B4
:10E19000A5FD00F097FF01F06FFEA36B2BB901F016
:10E1A00079FEC6B9002005B0F0BD01F073FEE1E7CD
:10E1B00001F070FE23681BB3019904F1240001F003
:10E1C00017F82046FFF78AFD00F07CFF0028D1D128
:10E1D00001F046FECEE701F04FFE616A59B9A06832
:10E1E00001F0B8F901F056FEDCE701F09BFFFEE715
:10E1F00001F098FFFEE7236B1968C1F13801EEE7E3
:10E2000001F03AFEA06801F015F9064601F042FE61
:10E21000D2E72368013DA56373B123691BB901F0FF
:10E2200039FE0120BFE704F1100001F021F80028B9
:10E23000F5D001F015FEF2E701F0DAF9A060ECE7A5
:10E2400038B500B3A1B1124C6268234682421DD09A
:10E25000A44600221D68013208337DB1082A07D088
:10E260005D689C46A842F5D104EBC20CCCE90010D5
:10E2700038BD5D68A842F7D001320833082AF8D1CA
:10E28000CCE90010F4E701F04DFFFEE70022EBE7D8
:10E290004838032070B504460E46154601F0ECFDE3
:10E2A00094F84430FF2B04BF002384F8443094F8E2
:10E2B0004530FF2B04BF002384F8453001F0EAFD10
:10E2C000A36B23B12046BDE87040FFF707BD04F102
:10E2D00024002A46314600F09FFF2046BDE87040EA
:10E2E000FFF7FCBC2DE9F8431C4683681646A3EBF8
:10E2F00004089045474628BF1746E219934202D2C8
:10E3000001F010FFFEE7054680693A462044894641
:10E3100002F0AAF9B0450BD2AB68F21B9A4202D9BF
:10E3200001F000FFFEE7A86909EB070102F09CF984
:10E33000AB68A019984228BFC01ABDE8F88300BF97
:10E340002DE9F0411C460B4681681546A1EB0408F7
:10E350009045474628BF1746E219914202D201F084
:10E36000E1FEFEE7816906463A461846214402F07E
:10E370007BF9A84506D3B3686019984228BFC01A34
:10E38000BDE8F081B1693844EA1B02F06DF9F2E7AB
:10E39000F0B51646027F1C46D20705460F460368B5
:10E3A00083B006D4B44228BF34467CB9204603B0BB
:10E3B000F0BD04220DEB0201FFF7C2FF019A0346F4
:10E3C00096420CD20024204603B0F0BD22463946C6
:10E3D0002846FFF7B5FF2860204603B0F0BD16467B
:10E3E000043CDFE7F0B51646027F1C46D20705461F
:10E3F0000F46436883B007D5089A0196944211D21C
:10E400000024204603B0F0BDB44228BF3446002C9F
:10E41000F7D0224639462846FFF764FF6860204659
:10E4200003B0F0BD04220DEB0201FFF75BFF3446A1
:10E430000346002CE5D0ECE72DE9F04182B0CBB1EA
:10E440001D46089BE3B1814204460E460FD8002AC0
:10E450000CBF4FF002084FF0030804280DD9242305
:10E460000193019F9F420ED001F05CFEFEE701F098
:10E4700059FEFEE701F056FEFEE701F053FEFEE70F
:10E4800001F050FEFEE702465521284602F060F8F2
:10E49000854202D001F046FEFEE73A460021089888
:10E4A00002F056F8089B012E38BF012618469D61E0
:10E4B0009C6083F81C80DE6002B0BDE8F08100BF84
:10E4C00038B568B1856802680168446803689A4293
:10E4D000F9D168180138001B854298BF401B38BD30
:10E4E00001F020FEFEE700BF08B540B18268436836
:10E4F0000168D018401A824298BF801A08BD01F006
:10E5000011FEFEE72DE9F04387B00393002900F0E8
:10E5100084800446002800F08380037F8568DB0741
:10E5200017460E4605F1FF325ED4BA4228BF3A467E
:10E530009046039B002B33D004A800F005FF01F0A8
:10E540009BFCA16820682568626823689842F9D11D
:10E550000D44013DAD1AA94298BF6D1AA84565D971
:10E560000021084601F06CFAD4F81490B9F1000FBC
:10E570005FD100F049FF606101F08CFC039A4946CD
:10E5800000924B464A46484601F074F803A904A895
:10E59000C4F8149000F0FAFE0028D0D05DB9A56848
:10E5A00022682168606823689A42F9D14B1E1B1AC1
:10E5B0005D1938BF1D462B463A4631462046CDF8F8
:10E5C0000080FFF70FFF054650B1A268636821681D
:10E5D00013445B1A9A4298BF9B1AE2689A420CD97C
:10E5E000284607B0BDE8F08307F1040847451AD272
:10E5F00042459ED200230393D2E700F05BFD2369DE
:10E6000043B100262069334632463146009601F078
:10E610007DF8266100F056FDE2E701F083FDFEE79C
:10E6200001F080FDFEE701F07DFDFEE701F032FC28
:10E63000B4E701F077FDFEE7F0B583B0002942D0E2
:10E640000446002842D01F4690F81CC0D0F808E0CD
:10E650000CF0010C02EB8C0C2568266863682068BE
:10E660008542F9D17644013EF31A9E45204698BF73
:10E67000A3EB0E03CDF800C0FFF7B4FE054650B182
:10E68000A2686368216813445B1A9A4298BF9B1A78
:10E69000E2689A4202D9284603B0F0BD01F042FD7B
:10E6A000236906464BB12069019700273B463A464D
:10E6B0003946009701F0AAF82761304601F03EFD87
:10E6C000284603B0F0BD01F02DFDFEE701F02AFD64
:10E6D000FEE700BF2DE9F04383B0002949D004468E
:10E6E000002849D0077F0E4607F00107904699465B
:10E6F000BF0073B9A368656822681D44AD1AAB42B8
:10E7000098BFED1ABD4212D80025284603B0BDE8D7
:10E71000F08301F0B1FBA368656822681D44AD1A5F
:10E72000AB4298BFED1ABD421AD901F0B3FB2B469C
:10E73000424631462046FFF72BFE05460028E3D02F
:10E7400000F0B8FC636943B1002660693346324685
:10E750003146009600F0DAFF666100F0B3FCD4E7C2
:10E760000021084601F06CF9256945B101F0DAFC99
:10E77000FEE701F0D7FCFEE701F0D4FCFEE700F075
:10E7800043FE206101F086FB2B462A462946284697
:10E79000CDF8009000F06EFF2561ABE72DE9F04168
:10E7A000054601F069FB374A374F136801331360A0
:10E7B0003B68002B35D0354CEB6A226852B3344E9F
:10E7C000344935480A6805F1040C01326A640A606C
:10E7D00002689A4238BF036003EB830306EB8300B1
:10E7E00041689B00A960F258D1F808E00132C5F8F1
:10E7F0000CE0CEF804C0C1F808C06861F25001F026
:10E8000049FB236823B13A68EB6AD26A9A4210D373
:10E81000BDE8F0813A681E4ED26A9A4298BF3D60C8
:10E82000CEE73D601368012B07D0EB6A184E174CFA
:10E83000C6E7BDE8F04101F013BB154E344606F5BE
:10E840008C6820461434FFF7C3F94445F9D1DFF84A
:10E850006480124C4046FFF7BBF92046FFF7B8F939
:10E860000F48FFF7B5F90F48FFF7B2F90E48FFF769
:10E87000AFF90E4BC3F800800D4B1C60EB6A034CE4
:10E880009EE700BFB83803208C3D0320AC3803203E
:10E890002C3903209C380320B0380320043903208E
:10E8A000E8380320D4380320BC3803200039032083
:10E8B000FC38032018390320F8B50446214B224EBA
:10E8C0001D6830680F460430FFF7B8F9631C17D095
:10E8D00033682D195D600BD21C4B18683168043108
:10E8E000FFF794F91A4B1A68AA4200D91D60F8BDC7
:10E8F000184B18683168BDE8F8400431FFF786B955
:10E900006FB933686A1E5A60002DF1D10F4B186839
:10E9100031680431FFF77AF90D4B1B68F8BD0E4BD7
:10E9200031685A6837688A603068316835681C68B1
:10E93000043001341C6094680431FC6060609160B4
:10E940006B61F8BDB43803208C3D032000390320EF
:10E9500098380320FC380320BC3803202DE9F04709
:10E960008A460A9C95000746A5212A46206B9846B0
:10E97000089E01F0EDFDD4F83090BAF1000F0FD0F1
:10E980000AF1FF3C0AF10F0104F1330E1CF8012FCC
:10E990000EF8012F0AB18C45F8D1002384F84330DA
:10E9A000372E02D901F0BEFBFEE7E662E664201DC9
:10E9B000FFF71AF9C6F1380604F11800FFF714F949
:10E9C0004C220021A6612461646204F1580001F028
:10E9D000BFFD0B49043D01F16803E16509EB05004A
:10E9E000D0312366616643463A46216B20F007002A
:10E9F00001F092FA099B206003B11C60BDE8F0872A
:10EA0000E456032080B51E4DDFF884801D4E1E4F56
:10EA10001E4C2B684BB301F02FFAD8F80C30D3F80A
:10EA20000C9009F10400FFF709F93368013B3360EA
:10EA30002B68013B2B6001F02DFA3868583001F04B
:10EA40008FFD99F8A93033B1012B14D0022BE0D0FF
:10EA500001F068FBFEE7D9F8300001F07BFC484686
:10EA600001F078FC2B68002BD5D12368012BD0D97D
:10EA700001F0F6F9CDE7484601F06CFCC9E700BFAC
:10EA8000D0380320B83803208C3D03202C390320D4
:10EA9000D43803202DE9F04F604B83B01C6801345B
:10EAA0001C60002C79D05E4B1A6894427CD35D4D7B
:10EAB0002A681268002A00F0AC804FF0000CCDE903
:10EAC000004366465848DFF874E1584F58E0D3F8E1
:10EAD0001490D3E90241A1609C684C60D9F80410FD
:10EAE000914204BFD968C9F80410D9F800105E61DA
:10EAF0000139C9F80010D3F82890B9F1000F11D0EE
:10EB0000D3E90741A160DC694C60D9F804104145A4
:10EB100004BF196AC9F80410D9F800109E620139BF
:10EB2000C9F80010D3F82C80D7F8009008EB8801C2
:10EB300000EB810AC845DAF8049088BFC7F8008066
:10EB400050F82180C3F80890D9F808B008F10108FE
:10EB5000C3F80CB0CBF80420C9F80820C3F814A0FF
:10EB600040F82180DEF80020D5F80080D96AD26A0A
:10EB7000D8F80030914288BF4CF0010C002B43D0F4
:10EB80002B68009CDB68DB6859681A1D8C4203F116
:10EB900018089CD2019B19600BE0224B1A6812687E
:10EBA000DAB101F0BFFAFEE74FF0000C1E48DFF8C3
:10EBB0008CE0DEF800301E4ADB6A03EB83039B0027
:10EBC000C0581368012898BF002B14BF01200020F3
:10EBD00040EA0C0003B0BDE8F08F164A18681168CF
:10EBE0001960154910600A6801320A601A681268D3
:10EBF00022B94FF0FF320A4B1A6055E71A68084BEA
:10EC0000D26812681A604FE7019B4FF0FF321A601A
:10EC1000CFE794460448DFF824E0F6E7B438032051
:10EC200098380320003903202C390320B038032002
:10EC3000A4380320FC380320A03803208C3D032097
:10EC40002DE9F04F4E4C83B001F016F92368013BDB
:10EC500023602668002E40F083804A4B1B68002BFF
:10EC60007ED0494D2B68002B00F08680474F4848E6
:10EC7000DFF82CC1DFF82C810196EB68DB681A6A9B
:10EC8000DE69996AB260DE6903F1180E56604A685F
:10EC9000019E724504BF1A6A4A600A689E62013A80
:10ECA0000A60D9689E685A69B1609E6803F1040ED3
:10ECB0004E605168714504BFD968516011680139CF
:10ECC0001160DA6AD7F8009002EB820100EB810A4A
:10ECD0004A45DAF8049088BF3A6050F82120C3F81A
:10ECE0000890D9F808B00132C3F80CB0CBF804E0B2
:10ECF000C9F808E0C3F814A040F82120DCF800109F
:10ED0000DA6ACB6A9A4284BF0123C8F800302B68C4
:10ED1000002BB2D11F4B1A68126842B31A681E4BFF
:10ED2000D26812681A601D4E356895B1012706E059
:10ED3000FFF7B0FE08B1C8F80070013D08D02368A5
:10ED4000002BF5D03368013D03F101033360F6D1A8
:10ED50003560D8F800301BB101F082F8012400E0E2
:10ED6000002401F097F8204603B0BDE8F08F4FF083
:10ED7000FF32094B1A60D6E7DFF82880D3E700BFDF
:10ED800090380320B8380320E8380320B038032037
:10ED90002C3903200039032098380320A838032099
:10EDA0008C3D0320A43803202DE9F04188B0DDE933
:10EDB0000F573DB34FB31646AC220792079AAC2AC1
:10EDC00002D001F0AFF9FEE70446884638460799BD
:10EDD0000021059301F0BCFB20460E9C3D6300948E
:10EDE0000224029787F8A94006AC32464146059BAB
:10EDF0000194FFF7B3FD3846FFF7D0FC069808B042
:10EE0000BDE8F08101F08EF9FEE701F08BF9FEE735
:10EE10002DE9F043064685B0900015460F4698460A
:10EE200001F010FA08B30446AC2001F00BFA814659
:10EE3000C0B1AC22002101F08BFBC9F830400D9C21
:10EE4000434601940C9C2A4639463046CDF808903A
:10EE50000094FFF783FD4846FFF7A0FC012005B0B2
:10EE6000BDE8F083204601F075FA4FF0FF3005B0A1
:10EE7000BDE8F08370B50446304D00F0FDFF002C76
:10EE800042D0261D3046FEF7D9FEA36A1BB104F11D
:10EE90001800FEF7D3FE2A4A1368013313602B686B
:10EEA000A34228D0274A28491368013B13600B6806
:10EEB0001B68DBB10A68254BD26812681A6000F043
:10EEC000E9FF2B68A3420AD02868583001F048FBBC
:10EED00094F8A9301BB3012B28D0022B16D11C4B60
:10EEE0001B6813B12B68A34213D070BD4FF0FF32E3
:10EEF000164B1A60E3E731461648FEF779FE164ACC
:10EF0000136801331360DAE72C68BAE701F00AF9F5
:10EF1000FEE7124B1B686BB101F004F9FEE7206BB2
:10EF200001F018FA204601F015FAD8E7204601F062
:10EF300011FAD4E7BDE8704000F092BF8C3D032089
:10EF40009C380320B8380320003903209838032068
:10EF5000AC380320D4380320D03803209038032065
:10EF600038B578B3D1B11A4C23682BBB2368013371
:10EF70002360184B02681D6853182CBF0121002123
:10EF8000AA420ED8D9B103600021581BFFF794FCA8
:10EF9000236801255BB901F0C5F8FEE701F0C2F86E
:10EFA000FEE761B9036023680025002BF3D0FFF76B
:10EFB00047FE50B1284638BD01F0B4F8FEE79D4247
:10EFC000E1D3EFE701F0AEF8FEE700F049FFF1E72B
:10EFD00090380320B4380320C0B110B50C4C216820
:10EFE00011B101F09FF8FEE7236801332360FFF7BA
:10EFF00063FC23681BB1FFF723FE18B110BD01F0BD
:10F0000091F8FEE7BDE8104000F02ABF00F028BFED
:10F010009038032030B5002489B007AA06A905A8B6
:10F02000CDE90544FEF7B8FDDDE905231849CDE932
:10F03000013218482346079A0094FFF7B5FE164B95
:10F04000186030B100F0B4FE0128054608D0013543
:10F0500003D0124B1B6809B030BD01F063F8FEE726
:10F0600001F060F84FF0FF300D4B0E4A1B680E495F
:10F07000583313600D4A0E4B086015601C60F1F7A1
:10F08000C3FB00F085FF054B1B6809B030BD00BF16
:10F090001008010805EA00089438032050310108DF
:10F0A0008C3D03202401032098380320AC38032032
:10F0B000B4380320024A136801331360704700BF5D
:10F0C0009038032008B5054B1B6813B901F02AF8E6
:10F0D000FEE7BDE80840FFF7B3BD00BF903803204E
:10F0E000014B1868704700BFB4380320054B1B68FC
:10F0F0000BB9FFF7CFBC044A00201368013313603B
:10F10000704700BF90380320A8380320304B1B689D
:10F110001BB101222F4B1A6070472E4A70B5136045
:10F12000F1F77CFB2C4B2D4A1860156819682C4CA4
:10F13000A94205D91E682068416D491B31444165CB
:10F140001968236811601B6B1A68B2F1A53F07D1DB
:10F150005A68B2F1A53F03D19A68B2F1A53F32D007
:10F16000206821683431F1F773F81E4D1E492B6871
:10F1700003EB830292008A58980042B903B3013B23
:10F1800003EB830251F822209800002AF6D018449D
:10F1900001EB800C6246DCF80410083249689142A9
:10F1A000CCF8041008BFDCF80C10104A08BFCCF8EB
:10F1B0000410C96821602B6023685833136070BD48
:10F1C00000F0B0FFFEE7DB68B3F1A53FC8D1CCE7A4
:10F1D00090380320A4380320883803208C3803207B
:10F1E0008C3D0320B03803202C3903202401032058
:10F1F00010B558B10C46074B19681831FEF706FDDB
:10F200002046BDE810400121FFF756BB00F08AFF01
:10F21000FEE700BF8C3D0320F8B5034610B3134C46
:10F220005D680846002A11462268D4F800E0D561DE
:10F2300026682268D4F800C002F118041A68AF6882
:10F2400006F1180602F10102CEF8207018BF4FF047
:10F25000FF307E60AC60CCF828301A60BDE8F84022
:10F26000FFF72ABB00F05EFFFEE700BF8C3D0320E6
:10F27000C36870B5DB68002B57D0D3E907019A6AE1
:10F280008160DD6954684D60002503F118008442F7
:10F2900008BF196A264C08BF516011689D62013988
:10F2A00011602268AAB1234A5468DC61A16819621E
:10F2B00048601168A06001319A6211601E49DA6AE3
:10F2C0000B68DB6A9A422ED901231C4A1846136048
:10F2D00070BD5A69D3E9020181609C6850681D1DA8
:10F2E0004C60A84208BFD968154808BF5160116832
:10F2F00001391160DA6A01688A42124988BF0260E6
:10F3000002EB82024FEA820C01EB8202546851F850
:10F310000C009C60A6680130DE607560A5605A61D3
:10F3200041F80C00CAE7002070BD00F0FBFEFEE7CC
:10F3300090380320E83803208C3D0320A4380320B4
:10F34000B03803202C39032010B560B1044600F01A
:10F3500093FD064A064B12681B68C4E90023BDE80A
:10F36000104000F097BD00F0DDFEFEE7A03803205E
:10F37000B4380320034A044B12681B68C0E9002319
:10F38000704700BFA0380320B4380320F8B568B335
:10F390000D4641B3044600F06FFD2B68154A581C1A
:10F3A00011681BD0D4E90060DFF84CC0DCF80070B5
:10F3B000BE4208D0884206D8002301242B6000F00A
:10F3C00069FD2046F8BD0F1ABB42F5D95B1ADCF87F
:10F3D0000010126803442B60C4E90012002400F0FE
:10F3E00059FD2046F8BD00F09DFEFEE700F09AFEB4
:10F3F000FEE700BFB4380320A03803200122014BF0
:10F400001A607047A4380320014B1868704700BF8A
:10F410008C3D0320054B1B6833B1054B1868B0FACF
:10F4200080F040094000704701207047AC3803204D
:10F4300090380320F8B50446C8B11F4DC36A2A6846
:10F44000D26A934214D28269002A04DB2A68D26A03
:10F45000C2F138028261194E626903EB830306EB45
:10F4600083039A420CD02B68DB6AE3620120F8BD6B
:10F470002B68C06CDB6A98422CBF00200120F8BDCD
:10F48000271D3846FEF7DAFB2B680D4ADB6A116848
:10F49000E3628B4288BF136003EB8303980006EBA3
:10F4A000830359683258A1608D680132E5606F604E
:10F4B0008F6063613250D9E78C3D03202C390320E3
:10F4C000B038032098B1204B70B51B6804468342C6
:10F4D00002D000F027FEFEE71B6D53B1C16AC26C7B
:10F4E000013B9142036500D033B1002070BD002084
:10F4F000704700F017FEFEE7051D2846FEF79EFB4D
:10F50000E36C124AC3F13800A06101201168E36284
:10F510008B4288BF13600E4A03EB83034FEA830ECE
:10F5200002EB8303D3F804C052F80E10C4F808C0ED
:10F53000DCF808600144E6607560CCF8085063614F
:10F5400042F80E1070BD00BF8C3D0320B038032080
:10F550002C39032080B1036D70B504464BB1C06CEB
:10F56000E26A814238BF01468A4201D0012B04D0B1
:10F5700070BD00F0D7FDFEE770471A4B1B68A34231
:10F580002CD0A369E162002BA8BFC1F13801164D50
:10F59000A8BFA16102EB8202616905EB8203994277
:10F5A000E6D1261D3046FEF749FB104AE36A116892
:10F5B0008B4288BF136003EB8303980005EB830342
:10F5C00059682A58A160D1F808C00132C4F80CC0AB
:10F5D000CCF804608E6063612A5070BD00F0A2FD1B
:10F5E000FEE700BF8C3D03202C390320B0380320F8
:10F5F000044B1A681AB119680A6D01320A65186855
:10F60000704700BF8C3D032070B510B100F08AFD3B
:10F61000FEE7174D0E46144600F02EFC2B68D3F87B
:10F62000A43023B901212B6883F8A810CCB900F0CD
:10F6300031FC00F021FC2B68D3F8A44024B15EB16A
:10F6400000222B68C3F8A42000222B6883F8A8208E
:10F6500000F020FC204670BD2B68621EC3F8A42079
:10F66000F2E72046FFF728F900F0FAFBDFE700BFDA
:10F670008C3D0320F8B510B100F054FDFEE7224E9A
:10F680001D460C46174600F0F7FB336893F8A83088
:10F69000022B0CD001213268D2F8A43023EA0403F3
:10F6A000C2F8A430336883F8A810069BFBB900F0B9
:10F6B000F1FB00F0E1FB1DB13368D3F8A4302B60FF
:10F6C000336893F8A830022B08D000240022336856
:10F6D00083F8A82000F0DEFB2046F8BD3268012444
:10F6E000D2F8A43023EA0703C2F8A430EEE71846A4
:10F6F000FFF7E2F800F0B4FB00F0CCFB00F0BCFB3D
:10F70000002DD9D1DCE700BF8C3D032070B531BBA3
:10F710000446B0B11D46164600F0AEFB049B1BB17B
:10F72000D4F8A430049A1360022294F8A83084F824
:10F73000A820DBB2042D5AD8DFE805F00A1A140815
:10F74000060000F0EFFCFEE7022B4ED0C4F8A460E8
:10F75000012B13D0012400F09DFB204670BD00F06A
:10F76000E1FCFEE7D4F8A4200132C4F8A420EFE7BE
:10F77000D4F8A4203243C4F8A420E9E76369D4E9AB
:10F7800002128A60A0685968251D5060A94208BF0E
:10F79000E2681A4908BF5A601A68013A1A60E36AB7
:10F7A0000A689342164A88BF0B6003EB83039E00EE
:10F7B00002EB830358689159A060D0F808C001316A
:10F7C000C4F80CC0CCF8045085606361A36A915101
:10F7D00013B100F0A7FCFEE70A4BE26A1B68DB6A84
:10F7E0009A42B7D900F03CFBB4E70024B3E7064ADD
:10F7F0001268002AACD000F095FCFEE7B038032078
:10F800002C3903208C3D0320B438032070B5A0B3FD
:10F81000C9B91D460446164600F02AFC00F082FCD9
:10F82000049B1BB1D4F8A430049A1360022294F80C
:10F83000A83084F8A820DBB2042D72D8DFE805F0E8
:10F840000A171108060000F06DFCFEE7022B66D0D7
:10F85000C4F8A460012B13D0012400F06FFC2046F3
:10F8600070BDD4F8A4200132C4F8A420F2E7D4F883
:10F87000A4203243C4F8A420ECE700F053FCFEE7D8
:10F88000A36A13B100F04EFCFEE7294B1B68DBB105
:10F89000284B5A681968E26195680131196004F1D2
:10F8A0001801256269609160A362234BE26A1B68BC
:10F8B000DB6A9A42D0D9059B13B10123059A1360E4
:10F8C00001221E4B1A60C7E76369D4E902128A60FD
:10F8D000A168261D51605A68B24204BFE2685A60AE
:10F8E0001A68013A1A60164AE36A11688B4288BFA7
:10F8F0001360144A03EB830302EB830CDCF804501F
:10F900009B00D158A560D5F808E00131C4F80CE09F
:10F91000CEF80460AE60C4F814C0D150C5E700242E
:10F920009BE7094A1268002A94D000F0FBFBFEE72F
:10F9300090380320E83803208C3D0320A4380320AE
:10F94000B03803202C390320B4380320F8B5002840
:10F950003BD0B9B90446154600F08AFB00F0E2FB43
:10F96000022394F8A82084F8A830D4F8A430012AFF
:10F9700003F10103C4F8A43023D1A36A2BB100F032
:10F98000D1FBFEE700F0CEFBFEE7274B1B68FBB187
:10F99000264B5A681968E26196680131196004F1D2
:10F9A0001801266271609160A362214BE26A1B68B4
:10F9B000DB6A9A4205D90DB101232B6001221D4B50
:10F9C0001A60BDE8F84000F0B9BB00F0ABFBFEE701
:10F9D0006369D4E902128A60A16804F1040E5160DF
:10F9E0005A68724504BFE2685A601A68013A1A60A0
:10F9F000114AE36A11688B4288BF13600F4A03EB18
:10FA000083039E0002EB8303D3F804C09159C4F82A
:10FA100008C0DCF808700131E760C7F804E0CCF8F2
:10FA200008E063619151C0E790380320E838032073
:10FA30008C3D0320A4380320B03803202C39032048
:10FA400038B599B9044670B100F016FA94F8A830A8
:10FA5000022B05BF00230125002584F8A83000F003
:10FA600019FA284638BD034B1C68EDE700F05AFB35
:10FA7000FEE700BF8C3D0320F0B5124C83B000F0D0
:10FA8000FBF9256825B103B0BDE8F04000F002BAEB
:10FA90000D4E0E4F3046FEF79BF83846FEF798F8AD
:10FAA0000B490C4B00950A201F600E600A4B102179
:10FAB0000A4AFEF795F920600028E4D00849FEF7CD
:10FAC000BFFBE0E7883E0320A83E0320943E0320CE
:10FAD000903E03208C3E0320903D0320E03D032018
:10FAE000180801082DE9F047DFF884900546D9F899
:10FAF00000300F46DB68DC6804F104084046FEF77E
:10FB00009DF894F828305A070ED423F0010384F8A6
:10FB100028302046236ABDE8F047184793421BD897
:10FB20002046236A98473546A3697A1BEE182CBFF6
:10FB300001210021B74266602461EFD2AF4201D2B9
:10FB40000029EDD0D9F800004146FEF75FF82046C5
:10FB5000236ABDE8F0471847044B41461868FEF792
:10FB600055F82046236ABDE8F04718478C3E03202D
:10FB7000903E03202DE9F047894D8A4E8A4F8B4CE9
:10FB800084B02B68D3F80090B9F1000F40F0D48016
:10FB9000FFF790FAFFF7A4FA3368804698423DD306
:10FBA0003B6830601A68B2FA82F252092068A9EB09
:10FBB0000801FEF76FFBFFF785FA002800F0CD8003
:10FBC000002269462068FEF701FA0028D9D0009B80
:10FBD0000298002BC0F2A880DDF80880D8F8143015
:10FBE0001BB108F10400FEF729F8FFF779FA336832
:10FBF0008146984224D3009BC6F80090013B082B15
:10FC0000DED8DFE803F02525816988252581690094
:10FC1000DB684FF0FF311868FFF764FF2B681A6844
:10FC2000002AF5D13A68C6F800802A603B60FFF7E9
:10FC300049FAC5E7DB684FF0FF311868FFF752FF5C
:10FC40002B681A68002AF5D13A683B602A60D2E72F
:10FC500098F82810019AD8F8180041F0010C1318F0
:10FC600088F828C02CBF4FF0010C4FF0000C4B451A
:10FC7000C8F80430C8F8108072D8A9EB020290428C
:10FC80003CD84A0711D421F0010188F828104046D9
:10FC9000D8F82030984793E7904277D84046D8F874
:10FCA000203098475346D8F8180010EB030A2CBFB1
:10FCB00001210021D145A9EB0302C8F804A0C8F82E
:10FCC0001080E9D2994501D20029E7D0286808F1CF
:10FCD0000401FDF79BFFDAE798F82820019B42F02A
:10FCE000010288F82820C8F81830002B54D04B4463
:10FCF0004B45C8F80430C8F8108036D8386808F189
:10FD00000401FDF783FF5BE798F8283023F0010337
:10FD100088F8283054E798F828309A0732D523F02D
:10FD2000010388F828304BE7019B03999847009B13
:10FD3000002BFFF645AF4FE7DB68D3F80090FFF7E5
:10FD4000B9F9FFF7CDF9336880469842FFF466AF02
:10FD5000814530600FD9002228E700F081F82FE7B5
:10FD60004A4502D9BCF1000F8BD0286808F1040184
:10FD7000FDF74CFF24E7FFF7A5F941464846FFF79A
:10FD8000B1FE1DE7404600F0E5FA19E7386808F1D2
:10FD90000401FDF73BFF7AE700F0C4F9FEE700BF7E
:10FDA000903E0320803E03208C3E0320883E0320AB
:10FDB00010B588B0FFF760FE0F4B1B68CBB1002475
:10FDC00007AA06A905A8CDE90544FDF7F3FE02221E
:10FDD0002346059C00920294069C08490848079A0D
:10FDE0000194FEF7E1FF074B186010B1012008B045
:10FDF00010BD00F097F9FEE7883E032020080108B7
:10FE000075FB0008843E0320002200B5074B83B039
:10FE100001921B68013302D000F084F9FEE700F084
:10FE200081F9019B002BFCD003B000BD2001032011
:10FE30004FF0E0220023072010B4074C13619361B8
:10FE4000236806495DF8044BA1FB03139B09013BA2
:10FE500053611061704700BFF4000320D34D62105E
:10FE60004FF0E0234FF08052C3F8042DBFF34F8FC3
:10FE7000BFF36F8F704700BF08B500F053F9044A15
:10FE8000136801331360BFF34F8FBFF36F8F08BD4B
:10FE90002001032008B5084B1A684AB11A68013AD4
:10FEA0001A60186800B108BDBDE8084000F046B906
:10FEB00000F038F9FEE700BF2001032010B500F084
:10FEC00031F90446FFF712F928B14FF0E0234FF063
:10FED0008052C3F8042D2046BDE8104000F02EB932
:10FEE00008B5836913F8023C662B02D000F01AF9BA
:10FEF000FEE74FF0E023D3F8882D42F47002C3F8F8
:10FF0000882DD3F8342F42F04042C3F8342FBDE897
:10FF1000084000F0D5B800BF2DE9F04F4FF0113E7A
:10FF20004FF0807440E909E34FF0073340F8044C88
:10FF3000164C40F8343C40E903424FF005334FF093
:10FF400006324FF0123B40E90F324FF0033A4FF0C8
:10FF500002394FF001384FF010374FF009364FF0AB
:10FF600008354FF004346FF0430340E905AB40E936
:10FF7000078940E90B6740F8305C40F8404C40F896
:10FF8000443C40F8481DBDE8F08F00BF09FE000862
:10FF900000204FF0E0234FF07F4130B585B0029054
:10FFA000D3F81C0D2F4A0190C3F81C1DD3F81C3D3B
:10FFB0001B0E8DF803309DF8033003F0A00313707F
:10FFC000002B41D09DF80330DB4313F0A00F0BD082
:10FFD00000F0A8F8FEE7029B013302939DF803307E
:10FFE0005B00DBB28DF803309DF803301B06F2D4C2
:10FFF000029B082B2BD0029AC2F10702120202F4D4
:020000040801F1
:10000000E0624FF0E023002501991748174C026089
:10001000C3F81C1DD3F8202D42F47F02C3F8202D15
:10002000D3F8202D42F07F42C3F8202DFFF700FFC8
:10003000256000F065F8FFF769F803952368013340
:1000400007D000F06FF8FEE700F06CF8FEE7002242
:10005000D7E700F067F8039B002BFCD0002005B029
:1000600030BD00BFC03E0320BC3E03202001032062
:1000700008B5EFF305830F2B05D90B490B4A5B5CE1
:1000800012789A420DD84FF0E023094AD3F80C3D7C
:10009000126803F4E063934200D808BD00F042F810
:1000A000FEE700F03FF8FEE7F0E300E0C03E03208B
:1000B000BC3E032000000000000000000000000023
:1000C0000B4A1168086806C881F30B88022181F386
:1000D0001488203080F30988BFF36F8F4FF0000041
:1000E00080F31188104700BFAFF30080AFF30080AA
:1000F0008C3D032000000000000000000000000014
:1001000007480068006880F3088862B661B6BFF3EC
:100110004F8FBFF36F8F66DF00BF00BFAFF300806C
:1001200008ED00E0EFF311804FF0A00181F311889A
:10013000BFF34F8FBFF36F8F704700BF80F31188FD
:10014000BFF34F8FBFF36F8F704700BF00000000F9
:10015000EFF309801EF0100F08BF20ED108AEFF3B7
:100160000B82734620E9FC0F114A116808604FF0BA
:10017000A00080F31188BFF34F8FBFF36F8FFEF79E
:10018000C5FF4FF0000080F31188094A1168086824
:10019000B0E8FC0F13F0100F08BFB0EC108A82F328
:1001A0000B8880F309881847AFF30080AFF3008015
:1001B0008C3D032000000000000000000000000053
:1001C0001EF0040F0CBFEFF30880EFF30980044921
:1001D000084700BFAFF30080AFF30080AFF30080AB
:1001E000E1FE000810B4154B1A461B688342FBD38E
:1001F0005468416802EB040C604513D04418A342D4
:1002000006D00360824218BF10605DF8044B70474F
:100210000B4C2468A342F4D0D3E90034214403609A
:100220004160EFE72144501883425160EDD104480A
:1002300000688342E9D01046EEE700BFD83E0320B5
:10024000D43E0320F8B53D4E0446FEF733FF336835
:10025000002B52D0631E0A332ED814F0070304F18A
:10026000080121D1002927DB354F3D688D4223D37A
:10027000344B18461C6803E0236823B120461C4613
:1002800062688A42F8D33368A34215D023680668AF
:100290000360531A102B06F1080617D9601842079D
:1002A0000FD0FFF73FFFFEE7A3F109028A4203D315
:1002B0001034E11A0029D7DCFEF704FF002630468F
:1002C000F8BD43606160FFF78DFF626800201E4B40
:1002D000AD1A196842F000428D421C4938BF1D60BA
:1002E0000B686260013320600B603D60FEF7EAFE40
:1002F0007307E4D0FFF716FFFEE7154A510719D040
:10030000D11D21F0070102F5C052531A0A46002000
:100310000B44083B23F007030A4D9A1AC5E9001065
:100320003360C3E90000C1E900320749044B0A60A9
:100330001A608FE711464FF4C053E8E7D43E03201C
:10034000D03E0320D83E0320CC3E0320C83E0320ED
:10035000E03E032070B150F8043C10B5002B044679
:1003600005DA50F8082C32B1FFF7DCFEFEE7FFF7A4
:10037000D9FEFEE7704723F0004340F8043CFEF747
:1003800099FE094A54F8043C1168A4F108000B4492
:100390001360FFF727FFBDE81040044A13680133DC
:1003A0001360FEF78FBE00BFD03E0320C43E032083
:1003B00038B50446D0F8D80204F52675294600F26F
:1003C000AA20FDF7CDFA2946D4F8D802BDE8384076
:1003D000FCF72EBF01EB810300EBC303D3F86421CC
:1003E000D0F8D802FCF75CBF01EB810300EBC3033C
:1003F0005A6AD0F8D802FCF787BF00BFD0F8D802FD
:10040000FDF726B810B543790446022B01D0F0F76A
:10041000D5FDD4F8D8020121FCF7FEFFD4F8D802AC
:10042000BDE81040FCF7CCBF10B50446D0F8D802A8
:10043000FCF7F6FF637A23B1024A136943F006031F
:10044000136110BD00ED00E010B5437A04462BB9EE
:10045000D4F8D802BDE81040FCF7EEBF064A136995
:1004600023F006031361F0F7DFF9D4F8D802BDE8F2
:100470001040FCF7E1BF00BF00ED00E0944608B576
:100480001A46D0F8CC026346F9F78CF818B1022866
:100490000CBF0120032008BD08B5D0F8CC02F9F745
:1004A000EDF818B102280CBF0120032008BD00BFE1
:1004B00008B5D0F8CC02F9F719F918B102280CBF29
:1004C0000120032008BD00BF0A06D0F8CC3206D4B4
:1004D00001EB810103EBC10393F85201704701F076
:1004E0007F0101EB810103EBC103987C704700BFE2
:1004F00008B5D0F8CC02F9F741F818B102280CBFC2
:100500000120032008BD00BF08B5D0F8CC02F9F7E0
:1005100099F818B102280CBF0120032008BD00BFC4
:1005200008B5D0F8CC02F9F775F818B102280CBF5D
:100530000120032008BD00BF014800F093B800BFB0
:100540001C580320014800F08EB800BF1C5803203F
:1005500002440346934200D1704703F8011BF9E7B8
:100560002D4B1B68834270B5044653D0C3691BB33F
:10057000DB6863B10025E369DB685959B1B904351B
:10058000802DF8D1E3692046D96800F07BF8E36953
:10059000196811B1204600F075F8E3699D685DB1F6
:1005A000294620462D6800F06DF8F8E70E682046D1
:1005B00000F068F83146E1E7616911B1204600F0CA
:1005C00061F8E16911B1204600F05CF8216B11B1CE
:1005D000204600F057F8616B11B1204600F052F848
:1005E000A16B11B1204600F04DF8A16C11B120466D
:1005F00000F048F8616C11B1204600F043F8E16A60
:1006000011B1204600F03EF8236A1BB12046BDE838
:100610007040184770BD00BF2401032070B50D4B1A
:1006200000260D4D5B1B9C10A64209D10B4D00F01E
:1006300073F80B4B00265B1B9C10A64205D170BDC6
:1006400055F8043B01369847EEE755F8043B013670
:100650009847F2E75C3101085C3101085C31010820
:1006600060310108704770470A44431E914200D12F
:10067000704710B511F8014B914203F8014FF9D1C1
:1006800010BD000038B50546002941D051F8043CA2
:100690000C1F002BB8BFE418FFF74EFF1D4A13686C
:1006A00033B9636014602846BDE83840FFF74ABF9D
:1006B000A34208D9206821188B4201BF19685B68E2
:1006C00009182160EDE71A465B680BB1A342FAD91D
:1006D00011685018A0420BD12068014450181160D5
:1006E0008342E0D118685B68084453601060DAE721
:1006F00002D90C232B60D6E7206821188B4202BF59
:1007000019685B680918636008BF21605460CAE714
:1007100038BD00BFE0560320F8B500BFF8BC08BCE8
:100720009E467047F8B500BFF8BC08BC9E467047AF
:080730005FF800F075010320E1
:1007380052414D4E5F54785461736B320000000093
:1007480052414D4E5F52785461736B320000000085
:1007580052414D4E5F53656E645553420000000090
:1007680052414D4E5F4469616754580052414D4EA5
:100778005F4469616752580052414D4E5F4572723D
:100788006F725461736B000052414D4E5F50657239
:10079800696F64696300000052414D4E5F53656E96
:1007A8006443414E0000000052414D4E5F52656364
:1007B8006569766543414E0052414D4E5F5265630F
:1007C800656976655553420043414C49425241544C
:1007D800494F4E2049443000454355422D436861F6
:1007E8007373697300000000536570202034203251
:1007F8003032360030313A31303A303600000000BD
:1008080052414D4E0000000049444C450000000094
:10081800546D725100000000546D722053766300CD
:100828003807010800000000000000000000000078
:1008380000000000000400002A0000000000000082
:100848000000000048070108000000000000000048
:10085800000000000000000000080000290000005F
:100868000000000000000000580701080000000018
:10087800000000000000000000000000000400006C
:1008880030000000000000000000000068070108B8
:1008980000000000AC030320AC0000005804032053
:1008A800000400000F00000000000000000000002D
:1008B80074070108000000005C080320AC00000079
:1008C80008090320000400001000000000000000D8
:1008D8000000000080070108000000000C0D032044
:1008E800AC000000B80D0320000400003100000037
:1008F8000000000000000000900701080000000050
:10090800BC110320AC0000006812032000040000A2
:10091800200000000000000000000000A0070108FF
:10092800000000006C160320AC000000181703201C
:100938000004000028000000000000000000000083
:10094800B0070108000000001C1B0320AC000000D9
:10095800C81B03200004000018000000000000006D
:1009680000000000C00701080000000000000000AF
:100978000000000000000000000400001800000053
:10098800000000000000000000010100010100005B
:10099800B511000829100008ED11000845100008DD
:1009A800191200087510000885150008B11500080F
:1009B800311200088D10000849120008A51000081F
:1009C80061120008BD1000088D12000845140008C7
:1009D800000000005D140008A5120008E5100008DA
:1009E800C9120008F5100008DD12000801110008FE
:1009F80011130008251100083513000835110008E7
:100A08005513000875140008851300080915000817
:100A1800D1130008A114000845110008611100084D
:100A2800E1150008A5160008FD150008D1160008F4
:100A380019160008FD1600083516000829170008C1
:100A480051160008551700086D1600088117000890
:100A58000D10000811100008000000008D1100089A
:100A68005D1500084D1500086115000851150008AE
:100A7800151000081D10000889160008AD17000899
:100A8800651500085515000869150008591500086E
:100A980071150008791500086D150008051500087E
:100AA800FECA77000000000043005800C901500149
:100AB800E107DF07520501070000000096300777BD
:100AC8002C610EEEBA51099919C46D078FF46A703A
:100AD80035A563E9A395649E3288DB0EA4B8DC795A
:100AE8001EE9D5E088D9D2972B4CB609BD7CB17EDA
:100AF800072DB8E7911DBF906410B71DF220B06AAA
:100B08004871B9F3DE41BE847DD4DA1AEBE4DD6DB9
:100B180051B5D4F4C785D38356986C13C0A86B64B9
:100B28007AF962FDECC9658A4F5C0114D96C0663D9
:100B3800633D0FFAF50D088DC8206E3B5E10694CB9
:100B4800E44160D5727167A2D1E4033C47D4044BF9
:100B5800FD850DD26BB50AA5FAA8B5356C98B242D9
:100B6800D6C9BBDB40F9BCACE36CD832755CDF4559
:100B7800CF0DD6DC593DD1ABAC30D9263A00DE5189
:100B88008051D7C81661D0BFB5F4B42123C4B35679
:100B98009995BACF0FA5BDB89EB802280888055FF9
:100BA800B2D90CC624E90BB1877C6F2F114C685859
:100BB800AB1D61C13D2D66B69041DC760671DB0147
:100BC800BC20D2982A10D5EF8985B1711FB5B60619
:100BD800A5E4BF9F33D4B8E8A2C9077834F9000F59
:100BE8008EA8099618980EE1BB0D6A7F2D3D6D08F9
:100BF800976C6491015C63E6F4516B6B62616C1CE9
:100C0800D83065854E0062F2ED95066C7BA5011B18
:100C1800C1F4088257C40FF5C6D9B06550E9B712B8
:100C2800EAB8BE8B7C88B9FCDF1DDD62492DDA1578
:100C3800F37CD38C654CD4FB5861B24DCE51B53A98
:100C48007400BCA3E230BBD441A5DF4AD795D83D98
:100C58006DC4D1A4FBF4D6D36AE96943FCD96E34D8
:100C6800468867ADD0B860DA732D0444E51D0333B8
:100C78005F4C0AAAC97C0DDD3C710550AA410227C8
:100C880010100BBE86200CC925B56857B3856F2098
:100C980009D466B99FE461CE0EF9DE5E98C9D929F8
:100CA8002298D0B0B4A8D7C7173DB359810DB42E38
:100CB8003B5CBDB7AD6CBAC02083B8EDB6B3BF9A84
:100CC8000CE2B6039AD2B1743947D5EAAF77D29D10
:100CD8001526DB048316DC73120B63E3843B6494F0
:100CE8003E6A6D0DA85A6A7A0BCF0EE49DFF0993F0
:100CF80027AE000AB19E077D44930FF0D2A3088760
:100D080068F2011EFEC206695D5762F7CB6765800F
:100D180071366C19E7066B6E761BD4FEE02BD3890F
:100D28005A7ADA10CC4ADD676FDFB9F9F9EFBE8E6F
:100D380043BEB717D58EB060E8A3D6D67E93D1A1AF
:100D4800C4C2D83852F2DF4FF167BBD16757BCA68F
:100D5800DD06B53F4B36B248DA2B0DD84C1B0AAF2F
:100D6800F64A0336607A0441C3EF60DF55DF67A8AF
:100D7800EF8E6E3179BE69468CB361CB1A8366BC3F
:100D8800A0D26F2536E2685295770CCC03470BBB8F
:100D9800B91602222F260555BE3BBAC5280BBDB28F
:100DA800925AB42B046AB35CA7FFD7C231CFD0B52F
:100DB8008B9ED92C1DAEDE5BB0C2649B26F263EC21
:100DC8009CA36A750A936D02A906099C3F360EEB2F
:100DD8008567077213570005824ABF95147AB8E2EF
:100DE800AE2BB17B381BB60C9B8ED2920DBED5E5CF
:100DF800B7EFDC7C21DFDB0BD4D2D38642E2D4F11F
:100E0800F8B3DD686E83DA1FCD16BE815B26B9F6AE
:100E1800E177B06F7747B718E65A0888706A0FFF0E
:100E2800CA3B06665C0B0111FF9E658F69AE62F8CE
:100E3800D3FF6B6145CF6C1678E20AA0EED20DD7CE
:100E48005483044EC2B30339612667A7F71660D0EE
:100E58004D476949DB776E3E4A6AD1AEDC5AD6D92E
:100E6800660BDF40F03BD83753AEBCA9C59EBBDE4E
:100E78007FCFB247E9FFB5301CF2BDBD8AC2BACAFE
:100E88003093B353A6A3B4240536D0BA9306D7CD6E
:100E98002957DE54BF67D9232E7A66B3B84A61C48E
:100EA800021B685D942B6F2A37BE0BB4A18E0CC34E
:100EB8001BDF055A8DEF022D52414D4E2A454355F1
:100EC8005F422A303030322A554E4954322A0000C7
:100ED800100210003F600002FF0FFF0FFF0FFF0F0F
:100EE800FF0FFF0FFF0FFF0FFF0FFF0FFF0FFF0F8A
:100EF800FF0FFF0FFF0FFF0FFF0FFF0FFF0FFF0F7A
:100F0800FF0FFF0FFF0FFF0FFF0FFF0FFF0FFF0F69
:100F1800FF0FFF0FFF0FFF0FFF0FFF0FFF0FFF0F59
:100F2800FF0FFF0FFF0FFF0FFF0FFF0FFF0FFF0F49
:100F3800FF0FFF0FFF0FFF0FFF0FFF0FFF0FFF0F39
:100F4800FF0FFF0FFF0FFF0FFF0FFF0FFF0FFF0F29
:100F5800FF0FFE0FFE0FFE0FFD0FFD0FFD0FFC0F25
:100F6800FC0FFC0FFB0FFB0FFB0FFA0FFA0FF90F2B
:100F7800F90FF90FF80FF80FF80FF70FF70FF70F32
:100F8800F60FF60FF60FF50FF50FF50FF40FF40F38
:100F9800F40FF30FF30FF30FF20FF20FF20FF10F3D
:100FA800F10FF10FF00FF00FF00FEF0FEF0FEE0F43
:100FB800EE0FEE0FED0FED0FED0FEC0FEC0FEC0F4A
:100FC800EB0FEB0FEB0FEA0FEA0FEA0FE90FE90F50
:100FD800E90FE80FE80FE80FE70FE70FE70FE60F55
:100FE800E60FE60FE50FE50FE40FE40FE40FE30F5C
:100FF800E30FE30FE20FE20FE20FE10FE10FE10F62
:10100800E00FE00FE00FDF0FDF0FDF0FDE0FDE0F67
:10101800DE0FDD0FDD0FDC0FDC0FDC0FDB0FDB0F6E
:10102800DB0FDA0FDA0FDA0FD90FD90FD90FD80F74
:10103800D80FD80FD70FD70FD70FD60FD60FD50F7A
:10104800D50FD50FD40FD40FD40FD30FD30FD30F81
:10105800D20FD20FD20FD10FD10FD10FD00FD00F87
:10106800CF0FCF0FCF0FCE0FCE0FCE0FCD0FCD0F8F
:10107800CD0FCC0FCC0FCC0FCB0FCB0FCB0FCA0F94
:10108800CA0FC90FC90FC90FC80FC80FC80FC70F9C
:10109800C70FC70FC60FC60FC60FC50FC50FC50FA1
:1010A800C40FC40FC30FC30FC30FC20FC20FC20FA9
:1010B800C10FC10FC10FC00FC00FC00FBF0FBF0FAF
:1010C800BE0FBE0FBE0FBD0FBD0FBD0FBC0FBC0FB7
:1010D800BC0FBB0FBB0FBB0FBA0FBA0FB90FB90FBD
:1010E800B90FB80FB80FB80FB70FB70FB70FB60FC4
:1010F800B60FB60FB50FB50FB40FB40FB40FB30FCB
:10110800B30FB30FB20FB20FB20FB10FB10FB00FD1
:10111800B00FB00FAF0FAF0FAF0FAE0FAE0FAE0FD8
:10112800AD0FAD0FAD0FAC0FAC0FAB0FAB0FAB0FDF
:10113800AA0FAA0FAA0FA90FA90FA90FA80FA80FE6
:10114800A70FA70FA70FA60FA60FA60FA50FA50FEE
:10115800A50FA40FA40FA30FA30FA30FA20FA20FF5
:10116800A20FA10FA10FA10FA00FA00F9F0F9F0FFC
:101178009F0F9E0F9E0F9E0F9D0F9D0F9D0F9C0F03
:101188009C0F9B0F9B0F9B0F9A0F9A0F9A0F990F0B
:10119800990F990F980F980F970F970F970F960F12
:1011A800960F960F950F950F950F940F940F930F19
:1011B800930F930F920F920F920F910F910F900F21
:1011C800900F900F8F0F8F0F8F0F8E0F8E0F8E0F28
:1011D8008D0F8D0F8C0F8C0F8C0F8B0F8B0F8B0F30
:1011E8008A0F8A0F890F890F890F880F880F880F38
:1011F800870F870F860F860F860F850F850F850F40
:10120800840F840F840F830F830F820F820F820F46
:10121800810F810F810F800F800F7F0F7F0F7F0F4E
:101228007E0F7E0F7E0F7D0F7D0F7C0F7C0F7C0F56
:101238007B0F7B0F7B0F7A0F7A0F790F790F790F5E
:10124800780F780F780F770F770F760F760F760F66
:10125800750F750F750F740F740F730F730F730F6E
:10126800720F720F720F710F710F700F700F700F76
:101278006F0F6F0F6F0F6E0F6E0F6D0F6D0F6D0F7E
:101288006C0F6C0F6C0F6B0F6B0F6A0F6A0F6A0F86
:10129800690F690F690F680F680F670F670F670F8E
:1012A800660F660F650F650F650F640F640F640F97
:1012B800630F630F620F620F620F610F610F610F9F
:1012C800600F600F5F0F5F0F5F0F5E0F5E0F5E0FA7
:1012D8005D0F5D0F5C0F5C0F5C0F5B0F5B0F5A0FB0
:1012E8005A0F5A0F590F590F590F580F580F570FB8
:1012F800570F570F560F560F550F550F550F540FC1
:10130800540F540F530F530F520F520F520F510FC8
:10131800510F500F500F500F4F0F4F0F4F0F4E0FD1
:101328004E0F4D0F4D0F4D0F4C0F4C0F4B0F4B0FDA
:101338004B0F4A0F4A0F4A0F490F490F480F480FE2
:10134800480F470F470F460F460F460F450F450FEB
:10135800440F440F440F430F430F430F420F420FF4
:10136800410F410F410F400F400F3F0F3F0F3F0FFD
:101378003E0F3E0F3D0F3D0F3D0F3C0F3C0F3C0F06
:101388003B0F3B0F3A0F3A0F3A0F390F390F380F0F
:10139800380F380F370F370F360F360F360F350F18
:1013A800350F340F340F340F330F330F330F320F21
:1013B800320F310F310F310F300F300F2F0F2F0F2A
:1013C8002F0F2E0F2E0F2D0F2D0F2D0F2C0F2C0F33
:1013D8002B0F2B0F2B0F2A0F2A0F290F290F290F3D
:1013E800280F280F270F270F270F260F260F260F46
:1013F800250F250F240F240F240F230F230F220F4F
:10140800220F220F210F210F200F200F200F1F0F57
:101418001F0F1E0F1E0F1E0F1D0F1D0F1C0F1C0F61
:101428001C0F1B0F1B0F1A0F1A0F1A0F190F190F6A
:10143800180F180F180F170F170F160F160F160F74
:10144800150F150F140F140F140F130F130F120F7E
:10145800120F120F110F110F100F100F100F0F0F87
:101468000F0F0E0F0E0F0E0F0D0F0D0F0C0F0C0F91
:101478000B0F0B0F0B0F0A0F0A0F090F090F090F9C
:10148800080F080F070F070F070F060F060F050FA6
:10149800050F050F040F040F030F030F030F020FAF
:1014A800020F010F010F010F000F000FFF0EFF0EBB
:1014B800FF0EFE0EFE0EFD0EFD0EFC0EFC0EFC0ECB
:1014C800FB0EFB0EFA0EFA0EFA0EF90EF90EF80ED6
:1014D800F80EF80EF70EF70EF60EF60EF60EF50EDF
:1014E800F50EF40EF40EF30EF30EF30EF20EF20EEA
:1014F800F10EF10EF10EF00EF00EEF0EEF0EEF0EF4
:10150800EE0EEE0EED0EED0EEC0EEC0EEC0EEB0EFE
:10151800EB0EEA0EEA0EEA0EE90EE90EE80EE80E08
:10152800E80EE70EE70EE60EE60EE50EE50EE50E12
:10153800E40EE40EE30EE30EE30EE20EE20EE10E1D
:10154800E10EE00EE00EE00EDF0EDF0EDE0EDE0E28
:10155800DE0EDD0EDD0EDC0EDC0EDB0EDB0EDB0E32
:10156800DA0EDA0ED90ED90ED90ED80ED80ED70E3D
:10157800D70ED60ED60ED60ED50ED50ED40ED40E48
:10158800D40ED30ED30ED20ED20ED10ED10ED10E52
:10159800D00ED00ECF0ECF0ECE0ECE0ECE0ECD0E5E
:1015A800CD0ECC0ECC0ECC0ECB0ECB0ECA0ECA0E68
:1015B800C90EC90EC90EC80EC80EC70EC70EC60E74
:1015C800C60EC60EC50EC50EC40EC40EC30EC30E7F
:1015D800C30EC20EC20EC10EC10EC00EC00EC00E8A
:1015E800BF0EBF0EBE0EBE0EBE0EBD0EBD0EBC0E95
:1015F800BC0EBB0EBB0EBB0EBA0EBA0EB90EB90EA0
:10160800B80EB80EB80EB70EB70EB60EB60EB50EAB
:10161800B50EB50EB40EB40EB30EB30EB20EB20EB6
:10162800B20EB10EB10EB00EB00EAF0EAF0EAF0EC1
:10163800AE0EAE0EAD0EAD0EAC0EAC0EAB0EAB0ECE
:10164800AB0EAA0EAA0EA90EA90EA80EA80EA80ED9
:10165800A70EA70EA60EA60EA50EA50EA50EA40EE5
:10166800A40EA30EA30EA20EA20EA20EA10EA10EF0
:10167800A00EA00E9F0E9F0E9E0E9E0E9E0E9D0EFD
:101688009D0E9C0E9C0E9B0E9B0E9B0E9A0E9A0E08
:10169800990E990E980E980E970E970E970E960E15
:1016A800960E950E950E940E940E940E930E930E20
:1016B800920E920E910E910E900E900E900E8F0E2D
:1016C8008F0E8E0E8E0E8D0E8D0E8D0E8C0E8C0E38
:1016D8008B0E8B0E8A0E8A0E890E890E890E880E45
:1016E800880E870E870E860E860E850E850E850E51
:1016F800840E840E830E830E820E820E810E810E5E
:10170800810E800E800E7F0E7F0E7E0E7E0E7D0E69
:101718007D0E7D0E7C0E7C0E7B0E7B0E7A0E7A0E75
:10172800790E790E790E780E780E770E770E760E82
:10173800760E750E750E740E740E740E730E730E8F
:10174800720E720E710E710E700E700E700E6F0E9C
:101758006F0E6E0E6E0E6D0E6D0E6C0E6C0E6B0EA9
:101768006B0E6B0E6A0E6A0E690E690E680E680EB5
:10177800670E670E670E660E660E650E650E640EC2
:10178800640E630E630E620E620E620E610E610ECF
:10179800600E600E5F0E5F0E5E0E5E0E5D0E5D0EDD
:1017A8005D0E5C0E5C0E5B0E5B0E5A0E5A0E590EE9
:1017B800590E580E580E570E570E570E560E560EF7
:1017C800550E550E540E540E530E530E520E520E05
:1017D800520E510E510E500E500E4F0E4F0E4E0E11
:1017E8004E0E4D0E4D0E4C0E4C0E4C0E4B0E4B0E1F
:1017F8004A0E4A0E490E490E480E480E470E470E2D
:10180800460E460E460E450E450E440E440E430E39
:10181800430E420E420E410E410E400E400E3F0E48
:101828003F0E3F0E3E0E3E0E3D0E3D0E3C0E3C0E54
:101838003B0E3B0E3A0E3A0E390E390E380E380E64
:10184800380E370E370E360E360E350E350E340E70
:10185800340E330E330E320E320E310E310E310E7F
:10186800300E300E2F0E2F0E2E0E2E0E2D0E2D0E8C
:101878002C0E2C0E2B0E2B0E2A0E2A0E290E290E9C
:10188800290E280E280E270E270E260E260E250EA8
:10189800250E240E240E230E230E220E220E210EB8
:1018A800210E200E200E1F0E1F0E1F0E1E0E1E0EC6
:1018B8001D0E1D0E1C0E1C0E1B0E1B0E1A0E1A0ED4
:1018C800190E190E180E180E170E170E160E160EE4
:1018D800150E150E150E140E140E130E130E120EF1
:1018E800120E110E110E100E100E0F0E0F0E0E0E00
:1018F8000E0E0D0E0D0E0C0E0C0E0B0E0B0E0A0E10
:101908000A0E090E090E080E080E070E070E070E1E
:10191800060E060E050E050E040E040E030E030E2B
:10192800020E020E010E010E000E000EFF0DFF0D3D
:10193800FE0DFE0DFD0DFD0DFC0DFC0DFB0DFB0D53
:10194800FA0DFA0DF90DF90DF80DF80DF70DF70D63
:10195800F60DF60DF50DF50DF40DF40DF40DF30D72
:10196800F30DF20DF20DF10DF10DF00DF00DEF0D7F
:10197800EF0DEE0DEE0DED0DED0DEC0DEC0DEB0D8F
:10198800EB0DEA0DEA0DE90DE90DE80DE80DE70D9F
:10199800E70DE60DE60DE50DE50DE40DE40DE30DAF
:1019A800E30DE20DE20DE10DE10DE00DE00DDF0DBF
:1019B800DF0DDE0DDE0DDD0DDD0DDC0DDC0DDB0DCF
:1019C800DB0DDA0DDA0DD90DD90DD80DD80DD70DDF
:1019D800D70DD60DD60DD50DD50DD40DD40DD30DEF
:1019E800D30DD20DD20DD10DD10DD00DD00DCF0DFF
:1019F800CF0DCE0DCE0DCD0DCD0DCC0DCC0DCB0D0F
:101A0800CB0DCA0DCA0DC90DC90DC80DC80DC70D1E
:101A1800C70DC60DC60DC50DC50DC40DC40DC30D2E
:101A2800C30DC20DC20DC10DC10DC00DC00DBF0D3E
:101A3800BF0DBE0DBE0DBD0DBD0DBC0DBB0DBB0D4F
:101A4800BA0DBA0DB90DB90DB80DB80DB70DB70D62
:101A5800B60DB60DB50DB50DB40DB40DB30DB30D72
:101A6800B20DB20DB10DB10DB00DB00DAF0DAF0D82
:101A7800AE0DAE0DAD0DAD0DAC0DAC0DAB0DAB0D92
:101A8800AA0DAA0DA90DA80DA80DA70DA70DA60DA5
:101A9800A60DA50DA50DA40DA40DA30DA30DA20DB6
:101AA800A20DA10DA10DA00DA00D9F0D9F0D9E0DC6
:101AB8009E0D9D0D9D0D9C0D9C0D9B0D9A0D9A0DD7
:101AC800990D990D980D980D970D970D960D960DEA
:101AD800950D950D940D940D930D930D920D920DFA
:101AE800910D910D900D8F0D8F0D8E0D8E0D8D0D0D
:101AF8008D0D8C0D8C0D8B0D8B0D8A0D8A0D890D1E
:101B0800890D880D880D870D860D860D850D850D2F
:101B1800840D840D830D830D820D820D810D810D41
:101B2800800D800D7F0D7F0D7E0D7D0D7D0D7C0D53
:101B38007C0D7B0D7B0D7A0D7A0D790D790D780D65
:101B4800780D770D770D760D750D750D740D740D77
:101B5800730D730D720D720D710D710D700D700D89
:101B68006F0D6E0D6E0D6D0D6D0D6C0D6C0D6B0D9D
:101B78006B0D6A0D6A0D690D690D680D670D670DAE
:101B8800660D660D650D650D640D640D630D630DC1
:101B9800620D610D610D600D600D5F0D5F0D5E0DD5
:101BA8005E0D5D0D5D0D5C0D5C0D5B0D5A0D5A0DE6
:101BB800590D590D580D580D570D570D560D550DFA
:101BC800550D540D540D530D530D520D520D510D0D
:101BD800510D500D4F0D4F0D4E0D4E0D4D0D4D0D20
:101BE8004C0D4C0D4B0D4A0D4A0D490D490D480D34
:101BF800480D470D470D460D460D450D440D440D46
:101C0800430D430D420D420D410D410D400D3F0D59
:101C18003F0D3E0D3E0D3D0D3D0D3C0D3C0D3B0D6C
:101C28003A0D3A0D390D390D380D380D370D360D81
:101C3800360D350D350D340D340D330D330D320D94
:101C4800310D310D300D300D2F0D2F0D2E0D2E0DA8
:101C58002D0D2C0D2C0D2B0D2B0D2A0D2A0D290DBC
:101C6800280D280D270D270D260D260D250D240DD1
:101C7800240D230D230D220D220D210D200D200DE5
:101C88001F0D1F0D1E0D1E0D1D0D1D0D1C0D1B0DF9
:101C98001B0D1A0D1A0D190D190D180D170D170D0D
:101CA800160D160D150D150D140D130D130D120D22
:101CB800120D110D100D100D0F0D0F0D0E0D0E0D37
:101CC8000D0D0C0D0C0D0B0D0B0D0A0D0A0D090D4C
:101CD800080D080D070D070D060D060D050D040D61
:101CE800040D030D030D020D010D010D000D000D76
:101CF800FF0CFF0CFE0CFD0CFD0CFC0CFC0CFB0C93
:101D0800FA0CFA0CF90CF90CF80CF80CF70CF60CA8
:101D1800F60CF50CF50CF40CF30CF30CF20CF20CBD
:101D2800F10CF10CF00CEF0CEF0CEE0CEE0CED0CD2
:101D3800EC0CEC0CEB0CEB0CEA0CE90CE90CE80CE9
:101D4800E80CE70CE70CE60CE50CE50CE40CE40CFD
:101D5800E30CE20CE20CE10CE10CE00CDF0CDF0C14
:101D6800DE0CDE0CDD0CDC0CDC0CDB0CDB0CDA0C2A
:101D7800D90CD90CD80CD80CD70CD60CD60CD50C41
:101D8800D50CD40CD30CD30CD20CD20CD10CD00C57
:101D9800D00CCF0CCF0CCE0CCD0CCD0CCC0CCC0C6D
:101DA800CB0CCA0CCA0CC90CC90CC80CC70CC70C84
:101DB800C60CC60CC50CC40CC40CC30CC30CC20C9A
:101DC800C10CC10CC00CC00CBF0CBE0CBE0CBD0CB1
:101DD800BC0CBC0CBB0CBB0CBA0CB90CB90CB80CC9
:101DE800B80CB70CB60CB60CB50CB50CB40CB30CDF
:101DF800B30CB20CB10CB10CB00CB00CAF0CAE0CF7
:101E0800AE0CAD0CAD0CAC0CAB0CAB0CAA0CA90C0D
:101E1800A90CA80CA80CA70CA60CA60CA50CA50C24
:101E2800A40CA30CA30CA20CA10CA10CA00CA00C3C
:101E38009F0C9E0C9E0C9D0C9C0C9C0C9B0C9B0C54
:101E48009A0C990C990C980C970C970C960C960C6C
:101E5800950C940C940C930C920C920C910C910C84
:101E6800900C8F0C8F0C8E0C8D0C8D0C8C0C8C0C9C
:101E78008B0C8A0C8A0C890C880C880C870C860CB5
:101E8800860C850C850C840C830C830C820C810CCD
:101E9800810C800C800C7F0C7E0C7E0C7D0C7C0CE5
:101EA8007C0C7B0C7A0C7A0C790C790C780C770CFE
:101EB800770C760C750C750C740C730C730C720C17
:101EC800710C710C700C700C6F0C6E0C6E0C6D0C30
:101ED8006C0C6C0C6B0C6A0C6A0C690C680C680C4A
:101EE800670C670C660C650C650C640C630C630C62
:101EF800620C610C610C600C5F0C5F0C5E0C5D0C7D
:101F08005D0C5C0C5B0C5B0C5A0C5A0C590C580C95
:101F1800580C570C560C560C550C540C540C530CAE
:101F2800520C520C510C500C500C4F0C4E0C4E0CC9
:101F38004D0C4C0C4C0C4B0C4A0C4A0C490C480CE4
:101F4800480C470C460C460C450C440C440C430CFE
:101F5800420C420C410C400C400C3F0C3E0C3E0C19
:101F68003D0C3D0C3C0C3B0C3B0C3A0C390C390C31
:101F7800380C370C360C360C350C340C340C330C4E
:101F8800320C320C310C300C300C2F0C2E0C2E0C69
:101F98002D0C2C0C2C0C2B0C2A0C2A0C290C280C84
:101FA800280C270C260C260C250C240C240C230C9E
:101FB800220C220C210C200C200C1F0C1E0C1E0CB9
:101FC8001D0C1C0C1B0C1B0C1A0C190C190C180CD6
:101FD800170C170C160C150C150C140C130C130CF1
:101FE800120C110C110C100C0F0C0E0C0E0C0D0C0D
:101FF8000C0C0C0C0B0C0A0C0A0C090C080C080C29
:10200800070C060C060C050C040C030C030C020C44
:10201800010C010C000CFF0BFF0BFE0BFD0BFC0B66
:10202800FC0BFB0BFA0BFA0BF90BF80BF80BF70B85
:10203800F60BF60BF50BF40BF30BF30BF20BF10BA2
:10204800F10BF00BEF0BEF0BEE0BED0BEC0BEC0BBE
:10205800EB0BEA0BEA0BE90BE80BE70BE70BE60BDC
:10206800E50BE50BE40BE30BE30BE20BE10BE00BF9
:10207800E00BDF0BDE0BDE0BDD0BDC0BDB0BDB0B16
:10208800DA0BD90BD90BD80BD70BD60BD60BD50B34
:10209800D40BD40BD30BD20BD10BD10BD00BCF0B52
:1020A800CF0BCE0BCD0BCC0BCC0BCB0BCA0BC90B70
:1020B800C90BC80BC70BC70BC60BC50BC40BC40B8E
:1020C800C30BC20BC20BC10BC00BBF0BBF0BBE0BAC
:1020D800BD0BBC0BBC0BBB0BBA0BBA0BB90BB80BCB
:1020E800B70BB70BB60BB50BB40BB40BB30BB20BEA
:1020F800B10BB10BB00BAF0BAF0BAE0BAD0BAC0B09
:10210800AC0BAB0BAA0BA90BA90BA80BA70BA60B27
:10211800A60BA50BA40BA30BA30BA20BA10BA00B47
:10212800A00B9F0B9E0B9E0B9D0B9C0B9B0B9B0B65
:102138009A0B990B980B980B970B960B950B950B85
:10214800940B930B920B920B910B900B8F0B8F0BA5
:102158008E0B8D0B8C0B8C0B8B0B8A0B890B890BC5
:10216800880B870B860B860B850B840B830B820BE6
:10217800820B810B800B7F0B7F0B7E0B7D0B7C0B07
:102188007C0B7B0B7A0B790B790B780B770B760B27
:10219800760B750B740B730B720B720B710B700B48
:1021A8006F0B6F0B6E0B6D0B6C0B6C0B6B0B6A0B69
:1021B800690B680B680B670B660B650B650B640B8B
:1021C800630B620B620B610B600B5F0B5E0B5E0BAC
:1021D8005D0B5C0B5B0B5B0B5A0B590B580B570BCE
:1021E800570B560B550B540B530B530B520B510BF0
:1021F800500B500B4F0B4E0B4D0B4C0B4C0B4B0B12
:102208004A0B490B480B480B470B460B450B450B34
:10221800440B430B420B410B410B400B3F0B3E0B56
:102228003D0B3D0B3C0B3B0B3A0B390B390B380B79
:10223800370B360B350B350B340B330B320B310B9D
:10224800310B300B2F0B2E0B2D0B2D0B2C0B2B0BBF
:102258002A0B290B290B280B270B260B250B250BE3
:10226800240B230B220B210B200B200B1F0B1E0B07
:102278001D0B1C0B1C0B1B0B1A0B190B180B180B2B
:10228800170B160B150B140B130B130B120B110B4F
:10229800100B0F0B0F0B0E0B0D0B0C0B0B0B0A0B74
:1022A8000A0B090B080B070B060B050B050B040B98
:1022B800030B020B010B000B000BFF0AFE0AFD0AC1
:1022C800FC0AFB0AFB0AFA0AF90AF80AF70AF60AEC
:1022D800F60AF50AF40AF30AF20AF10AF10AF00A10
:1022E800EF0AEE0AED0AEC0AEC0AEB0AEA0AE90A36
:1022F800E80AE70AE70AE60AE50AE40AE30AE20A5C
:10230800E10AE10AE00ADF0ADE0ADD0ADC0ADB0A82
:10231800DB0ADA0AD90AD80AD70AD60AD60AD50AA7
:10232800D40AD30AD20AD10AD00AD00ACF0ACE0ACE
:10233800CD0ACC0ACB0ACA0AC90AC90AC80AC70AF6
:10234800C60AC50AC40AC30AC30AC20AC10AC00A1D
:10235800BF0ABE0ABD0ABD0ABC0ABB0ABA0AB90A44
:10236800B80AB70AB60AB60AB50AB40AB30AB20A6C
:10237800B10AB00AAF0AAF0AAE0AAD0AAC0AAB0A94
:10238800AA0AA90AA80AA70AA70AA60AA50AA40ABD
:10239800A30AA20AA10AA00AA00A9F0A9E0A9D0AE5
:1023A8009C0A9B0A9A0A990A980A970A970A960A0F
:1023B800950A940A930A920A910A900A8F0A8F0A38
:1023C8008E0A8D0A8C0A8B0A8A0A890A880A870A61
:1023D800860A860A850A840A830A820A810A800A8A
:1023E8007F0A7E0A7D0A7C0A7C0A7B0A7A0A790AB5
:1023F800780A770A760A750A740A730A720A720AE0
:10240800710A700A6F0A6E0A6D0A6C0A6B0A6A0A08
:10241800690A680A670A660A660A650A640A630A34
:10242800620A610A600A5F0A5E0A5D0A5C0A5B0A60
:102438005A0A590A590A580A570A560A550A540A8A
:10244800530A520A510A500A4F0A4E0A4D0A4C0AB8
:102458004B0A4A0A4A0A490A480A470A460A450AE2
:10246800440A430A420A410A400A3F0A3E0A3D0A10
:102478003C0A3B0A3A0A390A380A380A370A360A3D
:10248800350A340A330A320A310A300A2F0A2E0A68
:102498002D0A2C0A2B0A2A0A290A280A270A260A98
:1024A800250A240A230A220A210A200A1F0A1E0AC8
:1024B8001E0A1D0A1C0A1B0A1A0A190A180A170AF0
:1024C800160A150A140A130A120A110A100A0F0A20
:1024D8000E0A0D0A0C0A0B0A0A0A090A080A070A50
:1024E800060A050A040A030A020A010A000AFF0981
:1024F800FE09FD09FC09FB09FA09F909F809F709B8
:10250800F609F509F409F309F209F109F009EF09E7
:10251800EE09ED09EC09EB09EA09E909E809E70917
:10252800E609E509E409E309E209E109E009DF0947
:10253800DE09DD09DC09DB09DA09D909D809D70977
:10254800D609D509D409D309D209D109D009CF09A7
:10255800CE09CD09CC09CB09C909C809C709C609DB
:10256800C509C409C309C209C109C009BF09BE090F
:10257800BD09BC09BB09BA09B909B809B709B6093F
:10258800B509B409B309B209B109AF09AE09AD0972
:10259800AC09AB09AA09A909A809A709A609A509A7
:1025A800A409A309A209A109A0099F099E099C09D8
:1025B8009B099A099909980997099609950994090F
:1025C80093099209910990098F098E098C098B0941
:1025D8008A09890988098709860985098409830977
:1025E8008209810980097E097D097C097B097A09AC
:1025F80079097809770976097509740972097109E1
:1026080070096F096E096D096C096B096A09690916
:10261800670966096509640963096209610960094E
:102628005F095D095C095B095A0959095809570985
:102638005609550953095209510950094F094E09BC
:102648004D094C094A0949094809470946094509F4
:1026580044094309410940093F093E093D093C092C
:102668003B09390938093709360935093409330965
:10267800310930092F092E092D092C092B0929099F
:1026880028092709260925092409230921092009D8
:102698001F091E091D091C091A0919091809170912
:1026A8001609150913091209110910090F090E094C
:1026B8000C090B090A090909080906090509040989
:1026C800030902090109FF08FE08FD08FC08FB08C8
:1026D800F908F808F708F608F508F308F208F10809
:1026E800F008EF08ED08EC08EB08EA08E908E70845
:1026F800E608E508E408E308E108E008DF08DE0882
:10270800DD08DB08DA08D908D808D608D508D408BF
:10271800D308D208D008CF08CE08CD08CB08CA08FD
:10272800C908C808C708C508C408C308C208C0083B
:10273800BF08BE08BD08BB08BA08B908B808B6087B
:10274800B508B408B308B108B008AF08AE08AC08BB
:10275800AB08AA08A908A708A608A508A408A208FB
:10276800A108A0089F089D089C089B08990898083C
:102778009708960894089308920890088F088E087E
:102788008D088B088A0889088808860885088408BF
:102798008208810880087E087D087C087B08790803
:1027A80078087708750874087308710870086F0846
:1027B8006D086C086B086A0868086708660864088A
:1027C8006308620860085F085E085C085B085A08CE
:1027D80058085708560854085308520850084F0814
:1027E8004E084C084B084A08480847084608440859
:1027F8004308420840083F083D083C083B083908A0
:1028080038083708350834083308310830082E08E6
:102818002D082C082A08290828082608250823082E
:10282800220821081F081E081C081B081A08180877
:102838001708160814081308110810080F080D08BF
:102848000C080A0809080808060805080308020809
:102858000008FF07FE07FC07FB07F907F807F7075B
:10286800F507F407F207F107EF07EE07EC07EB07A8
:10287800EA07E807E707E507E407E207E107E007F3
:10288800DE07DD07DB07DA07D807D707D507D40740
:10289800D207D107CF07CE07CD07CB07CA07C8078E
:1028A800C707C507C407C207C107BF07BE07BC07DC
:1028B800BB07B907B807B607B507B307B207B0072C
:1028C800AF07AD07AC07AA07A907A707A607A4077C
:1028D800A307A107A0079E079D079B079A079807CC
:1028E800970795079407920791078F078E078C071C
:1028F8008A07890787078607840783078107800770
:102908007E077D077B0779077807760775077307C2
:10291800720770076F076D076B076A076807670715
:1029280065076407620760075F075D075C075A076A
:102938005807570755075407520750074F074D07C1
:102948004C074A0748074707450744074207400717
:102958003F073D073B073A0738073707350733076F
:10296800320730072E072D072B07290728072607C8
:1029780025072307210720071E071C071B07190720
:10298800170716071407120711070F070D070C077B
:102998000A07080707070507030701070007FE06D8
:1029A800FC06FB06F906F706F606F406F206F0063C
:1029B800EF06ED06EB06EA06E806E606E406E30699
:1029C800E106DF06DE06DC06DA06D806D706D506F7
:1029D800D306D106D006CE06CC06CA06C906C70657
:1029E800C506C306C206C006BE06BC06BA06B906B8
:1029F800B706B506B306B206B006AE06AC06AA061A
:102A0800A906A706A506A306A106A0069E069C067B
:102A18009A06980696069506930691068F068D06E1
:102A28008B068A06880686068406820680067F0646
:102A38007D067B06790677067506730672067006AC
:102A48006E066C066A066806660664066306610614
:102A58005F065D065B06590657065506530651067E
:102A680050064E064C064A064806460644064206E6
:102A780040063E063C063A06380636063406330655
:102A880031062F062D062B062906270625062306BE
:102A980021061F061D061B0619061706150613062E
:102AA80011060F060D060B0609060706050603069E
:102AB8000106FF05FD05FB05F905F705F505F30515
:102AC800F105EF05EC05EA05E805E605E405E2058C
:102AD800E005DE05DC05DA05D805D605D405D205FE
:102AE800CF05CD05CB05C905C705C505C305C10576
:102AF800BF05BD05BA05B805B605B405B205B005EC
:102B0800AE05AB05A905A705A505A305A1059F0564
:102B18009C059A0598059605940591058F058D05E0
:102B28008B05890587058405820580057E057B055B
:102B3800790577057505730570056E056C056A05D9
:102B480067056505630561055E055C055A05580559
:102B58005505530551054E054C054A0548054505DB
:102B6800430541053E053C053A053705350533055E
:102B780030052E052C0529052705250522052005E4
:102B88001E051B0519051605140512050F050D056B
:102B98000A050805060503050105FE04FC04FA04F8
:102BA800F704F504F204F004ED04EB04E804E60489
:102BB800E404E104DF04DC04DA04D704D504D20415
:102BC800D004CD04CB04C804C604C304C104BE04A5
:102BD800BC04B904B604B404B104AF04AC04AA0438
:102BE800A704A504A2049F049D049A0498049504CC
:102BF800920490048D048B04880485048304800463
:102C08007D047B0478047504730470046D046B04FC
:102C180068046504630460045D045B045804550497
:102C2800520450044D044A044704450442043F0436
:102C38003C043A043704340431042F042C042904D6
:102C48002604230420041E041B041804150412047B
:102C58000F040D040A04070404040104FE03FB0323
:102C6800F803F503F303F003ED03EA03E703E403D2
:102C7800E103DE03DB03D803D503D203CF03CC0380
:102C8800C903C603C303C003BD03BA03B703B40330
:102C9800B103AE03AB03A803A503A2039E039B03E2
:102CA8009803950392038F038C0389038603820399
:102CB8007F037C037903760373036F036C03690353
:102CC800660363035F035C035903560352034F0310
:102CD8004C034903450342033F033B0338033503D1
:102CE80031032E032B032703240321031D031A0397
:102CF8001603130310030C03090305030203FE0262
:102D0800FB02F802F402F102ED02EA02E602E30233
:102D1800DF02DB02D802D402D102CD02CA02C60207
:102D2800C202BF02BB02B802B402B002AD02A902DD
:102D3800A502A2029E029A02970293028F028B02B8
:102D48008802840280027C027902750271026D0297
:102D58006902650262025E025A02560252024E027D
:102D68004A02460242023E023B02370233022F0267
:102D78002B02270223021F021B02160212020E0256
:102D88000A0206020202FE01FA01F601F101ED0152
:102D9800E901E501E101DC01D801D401D001CB0151
:102DA800C701C301BF01BA01B601B201AD01A90152
:102DB800A401A0019C01970193018E018A0185015C
:102DC80081017C01780173016F016A01660161016B
:102DD8005C01580153014E014A01450140013C0183
:102DE800370132012D01290124011F011A011501A2
:102DF80010010B0107010201FD00F800F300EE00CD
:102E0800E900E400DF00DA00D500D000CA00C50000
:102E1800C000BB00B600B100AB00A600A1009C003A
:102E2800960091008C00860081007C00760071007D
:102E38006B00660060005B00550050004A004500CA
:102E48003F00390034002E00280022001D00170022
:102E580011000B0005000000000000000000000049
:102E6800000000000000000000000000000000005A
:102E7800000000000000000000000000000000004A
:102E8800000000000000000000000000000000003A
:102E9800000000000000000000000000000000002A
:102EA800000000000000000000000000000000001A
:102EB800000000000000000000000000000000000A
:102EC80000000000000000000000000000000000FA
:102ED80000000000000000009809010810300108F7
:102EE80003000000082F010810000100200A010853
:102EF8007030010803000000882F0108110000004D
:102F080001F00000010000000004000000000000C3
:102F180003F00000030000000000000002000000B1
:102F280004F000000400000009F0000006000000A2
:102F380005F0000008000000000100000700000084
:102F4800FAFE00000D000000F1FE00000C00000079
:102F5800CCFD00000B00000041FE00000F00000047
:102F680000FF00001000000002FF0000FF0000004A
:102F780000EF0000FF000000D4FD0000FF0000008B
:102F880024000000010000001A00000000000000FA
:102F980039000000030000002F00000002000000BC
:102FA800430000000400000062000000060000006A
:102FB800580000000500000077000000080000002D
:102FC8006D000000070000009800000009000000E4
:102FD800A20000000A000000D30100000D0000005C
:102FE800C90100000C000000A70100000B00000050
:102FF800B80100000E000000500100000F000000A2
:10300800BB010000100000001309F0180000004088
:103018000000000000000000080000000A00000096
:10302800FFFFFFFF060000000DFAFE180000004039
:10303800000000000000000008000000E803000095
:10304800FFFFFFFF0D0000004741FE0C000000409D
:1030580000000000000000000800000064000000FC
:10306800FFFFFFFF0F0000006200000000000000EB
:103078000000000000000000080000000A00000036
:103088001000200006000000D3010000000000002E
:1030980000000000000000000800000064000000BC
:1030A800100020000D00000050010000000000008A
:1030B800000000000000000008000000640000009C
:1030C800100020000F00000000010203040506079D
:1030D800080C1014182030404543554200000000E9
:1030E800A0860100400D0300801A060000350C0080
:1030F80040420F0080841E0000093D0000127A0043
:103108000024F40000366E010048E801006CDC027F
:1031180000000000000000000000000000000000A7
:10312800000000000102030400000000000000008D
:103138000102030406070809000102030405060743
:0C314800080C1014182030403700000064
:08315400ECD0FE7F0100000039
:04315C002502000840
:043160000102000860
:10316400000000000000000000000000000000005B
:10317400000000000000000000000000000000004B
:103184000000000000000000000000000200000039
:1031940001000000000000000000000000000040EA
:1031A4000000000002000000010000000000000018
:1031B4000000000000000000000000000000FF0705
:1031C40001000100000000000000000001000000F8
:1031D4000000000000000101FF070204F42E0108B2
:1031E400E9070000000000000000000000000000EB
:1031F40000000000000000000000000000000000CB
:103204000000000000000000E907000000000000CA
:1032140000000000000000000000000000000000AA
:10322400000000000000000000000000000000009A
:103234005305000000000000000000000000000032
:10324400000000000000000000000000000000007A
:103254000000000000093D0001000000080000001B
:10326400000000000000000000000000000000005A
:103274000100000000000000000000002000000029
:10328400AAAAAAAA2801032000000000E4560320E9
:103294004C570320B4570320000000000000000036
:1032A400000000000000000000000000000000001A
:1032B400000000000000000000000000000000000A
:1032C40000000000000000000000000000000000FA
:1032D4000000000070B58AB072B6AA244FF40055FD
:1032E400684600F065F80621069BCDE9044543F0E5
:1032F4008063284A00910693936A002B03DA2649D7
:10330400264B91609360234B9A6A520003D524495B
:10331400244A19611A61244C2378012B36D00123E5
:1033240000264FF47A702370666000F045F8054675
:1033340068B12670174B9A6A42F080429A629A6A80
:1033440042F000429A6262B601200AB070BD114E8A
:10335400049A336C4FF47A7023F0FF0313433364FD
:10336400326C069B22F0806203F080631343336463
:10337400B36A43F40033B36200F01EF825700028EA
:10338400D8D1B36A43F00063B362DCE702200AB029
:1033940070BD00BF0020024023016745AB89EFCD1B
:1033A4003B2A19087F6E5D4C0001032000000000D9
:1033B4005FF800F0F17C00085FF800F091790008F4
:04000005080060C5CA
:00000001FF
