:020000040800F2
:10000000000004205DEA000891E8000895E8000877
:1000100099E800089DE80008A1E80008ADEA00089A
:10002000000000000000000000000000319A0108FC
:10003000A5E8000800000000C19901084D6D010805
:10004000ADEA0008ADEA0008ADEA0008ADEA000834
:10005000ADEA0008ADEA0008ADEA0008ADEA000824
:10006000ADEA0008ADEA0008ADEA0008ADEA000814
:10007000ADEA0008ADEA0008ADEA0008ADEA000804
:10008000ADEA0008ADEA0008ADEA0008ADEA0008F4
:10009000ADEA0008ADEA0008ADEA0008ADEA0008E4
:1000A000ADEA0008ADEA0008ADEA0008ADEA0008D4
:1000B000ADEA0008A9E80008B5E80008ADEA0008C4
:1000C000ADEA0008ADEA0008ADEA0008ADEA0008B4
:1000D000ADEA0008ADEA0008ADEA0008C1E8000892
:1000E000CDE80008ADEA0008D9E80008ADEA00084C
:1000F000ADEA0008ADEA0008ADEA0008ADEA000884
:10010000ADEA0008E5E80008F1E80008ADEA0008FB
:10011000ADEA0008ADEA0008ADEA0008ADEA000863
:10012000ADEA0008FDE8000809E90008ADEA0008AA
:1001300015E90008ADEA0008ADEA0008ADEA0008DC
:10014000ADEA0008ADEA000821E90008ADEA0008C0
:10015000ADEA0008ADEA0008ADEA0008ADEA000823
:10016000ADEA00082DE90008ADEA0008ADEA000894
:10017000ADEA000800000000ADEA00080000000041
:1001800039E90008ADEA0008ADEA0008ADEA000868
:10019000ADEA0008ADEA0008ADEA0008ADEA0008E3
:1001A000ADEA0008ADEA0008ADEA0008ADEA0008D3
:1001B000ADEA00080000000045E90008ADEA0008CB
:1001C000ADEA000800000000ADEA0008ADEA000852
:1001D000ADEA0008ADEA0008ADEA0008ADEA0008A3
:1001E000ADEA0008ADEA0008ADEA0008ADEA000893
:0401F000000000000B
:1002000010B5054C237833B9044B13B10448AFF350
:1002100000800123237010BD300403200000000083
:100220004CA7010808B5034B1BB103490348AFF3C2
:10023000008008BD00000000340403204CA7010822
:10024000034613F8012B002AFBD1181A0138704716
:10025000704700BF30B5214C214D83B04FF0FF33C4
:10026000022220680DF1060117F036FD022807D0A2
:100270002B78012B29D001211A480DF053FDEDE711
:1002800042F20303BDF806209A42F1D816494FF016
:10029000FF33206817F020FDBDF806108142E7D13A
:1002A000114807F08DF80028D8D12B78BDF806103A
:1002B000012B0D480DD005F001FA0128CED12B7885
:1002C000B3FA83F35B092B70C8E708480DF098FD7B
:1002D000C4E703F083FF0128C0D1F0E750050320F5
:1002E0002405032078B3010840B8002058B3010862
:1002F0002DE9F04F8A4C9BB0DFF84092DFF8448242
:10030000884E0AAF4FF0FF3328226946206817F065
:10031000E3FC2828F6D103980DF00EFF8246002852
:100320005CD1029B002B39D10098D9F8003098425B
:1003300000F0B3803A46514607F0D8F818F00AFAB0
:1003400039460246684607F0F7FF18F003FA3946C7
:10035000024668460AF0CCFB18F0FCF93946024622
:10036000684607F023F898F80030002B3ED198F843
:100370001430002BC6D06C4BD3F8D80215F0C6FE53
:100380000028BFD03946684608F03EF90128B9D1A7
:10039000D8F810300133C8F81030B3E7B3F1005F7C
:1003A000DAD1009BB3F5E06FD6D1604A60481360A4
:1003B000039B1146082B28BF08230D46D36000235A
:1003C000019AC5E905334A6008225A49AB600DF02D
:1003D000BFFE2846564903F061FDBDE702464FF0D7
:1003E000FF333946206817F077FC9AE7069BB3F590
:1003F000001F60D00121BAF1080F28BF4FF0080A92
:1004000000200D465FFA8AFADDE90132002A3BD16D
:100410003144002B6BD05423335400980DF034FD3D
:100420000544EDB2069B7119B3F5001F3BD00AF0ED
:100430000F000DF0A7FD0544EDB2BAF1000F0AD090
:10044000BB46BA441BF8010B71190DF08BFDD34567
:100450000544EDB2F6D198F80330002B36D198F868
:1004600005301BB1069BB3F5001F4FD00D23691C4F
:100470002C48C9B273550DF055FC00283FF477AFF6
:10048000002388F8003072E7002B39D052234FF058
:10049000000A335431440098C0E72749274803F045
:1004A000FDFC009846E7039800F00F000DF06AFD90
:1004B0002B18DDB2C1E7059B0221B3F5801F14BFE5
:1004C0003023312301200D4633709DE718F042F9A7
:1004D0004EF660221A4B7119A3FB00C39B0B02FB63
:1004E000130080B20DF01CFD2B18DDB2B7E77423AA
:1004F0003354009880B20DF0FDFC2B18DDB291E76B
:100500009A467223314433540098F3E7049BB3F1C5
:10051000004FABD1692373550135EDB2A6E700BF9B
:10052000C839032040B60020A42203206004032021
:10053000540403209005FA0B183B0320203B0320B2
:1005400073B2E745740103202DE9F0431F4D9BB0C2
:10055000DFF8808001AE0AAF002404EBC401C4F1CF
:1005600024024FF0FF33286806EB810117F0B4FB3B
:100570000444232CF1D904980DF0DEFD039B814641
:10058000B3F1005F00D0A0B911480FF0A3F850B14B
:100590003A4631460E480EF05DFFD8F80C30013374
:1005A000C8F80C30D8E74FF0FF32012118F068FC92
:1005B000EAE70024A9EB040239194FF0FF33286859
:1005C00017F08AFB04444C45F4D3DDE7C43903201B
:1005D0002C29032010000320F0B583B006F02CFF77
:1005E00003F060FB07F0A8FF00F0A4FE0BF02CF86E
:1005F00018F0B0F806F0D0FE18F0ACF806F0D0FE17
:10060000224813F01DF8224812F0E2FF2149224847
:100610000AF08CF9214D09F021F8214E214F05E017
:1006200001330CD10A2101A817F026FF18F092F827
:1006300032682B6801320190F2D101330BD04FF4B4
:100640007A7401E0013CEDD02846174903F026FCFE
:100650000028F7D0E6E70AF0F5FF01980AF0FAFF64
:10066000019800F069FE3B784BB1019806F0AAFEB4
:10067000019807F05FFE01980AF06EF9D2E7019841
:1006800007F02EF8019806F089FEEEE764260320B5
:10069000CC2503203C190320CC270320F43A032067
:1006A000203B032092000320EC3A03202DE9F04385
:1006B00000262B4DDFF8B490DFF8B480294FA7B0A7
:1006C00016E0630203D52B7943F080032B7198F871
:1006D000003033B10B9B23B1642016F013FC03F000
:1006E000E1FA0022022311463868009618F04AFC0D
:1006F0004FF0FF320121002018F0C2FB18F0F8FF84
:1007000019480FF03DF9044606A917480EF09EFF60
:1007100002A915480EF0C2FF5422294611A8AC6068
:1007200019F0BCFF104B1E66189BB3F5003F02D9B1
:10073000AB689A020CD418F0E9FF99F80030012B4D
:10074000BFD1234611AA06A902A807F0FDF8B8E711
:10075000012385F820300B9303F02EFBEBE700BF5D
:1007600010000320EC1D03202C290320EC3E032065
:100770005004032000232DE9F04385B05B4C5C4E10
:10078000DFF878815B4D0DF10E078DF80B3005E039
:1007900000214FF0FF32084618F072FB206817F076
:1007A000A5F90028F4D04FF0FF33012220680DF1A5
:1007B0000B0117F091FA0128EAD1206817F096F999
:1007C0000128E5D94FF0FF330222206803A917F072
:1007D00083FA0228DCD1BDF80C20B2F5845FD7D8AB
:1007E000002A56D19DF80B90B9F1000F16D117F0E1
:1007F000B1FF414B3146BDF80C2000970DF0C4F914
:10080000BDF80E30002B57D117F0A4FF31463A4BFC
:10081000BDF80C2000970DF007FAB9E717F09AFF22
:10082000354B3349BDF80C2000970DF0D5F9BDF8D4
:100830000E3023B330490A787F2A08D1022B1ED903
:100840008B78A3F11102012A19D9312B17D04FF05F
:10085000FF3302223946D8F8000017F055F94FF05F
:10086000FF332549BDF80E20D8F8000017F04CF9E9
:100870000022022311462868009218F083FB17F02B
:1008800069FF1D4B1A49BDF80C2000970DF0CCF9FB
:100890007EE74FF00009A2EB090206EB09014FF0D9
:1008A000FF33206817F018FABDF80C2081441FFAB6
:1008B00089F94A45EFD195E739464FF0FF330222D7
:1008C000D8F8000017F020F9BDF80E204FF0FF33E4
:1008D0000949D8F8000017F017F902234A4649469B
:1008E0002868CDF8009018F04DFB8DE790040320A8
:1008F000BCA500202C0B0320389500208C0403207D
:100900002DE9F843294E2A4DDFF8B08006F19C0707
:1009100006F5805905E000214FF0FF32084618F037
:10092000AFFA286817F0E2F80128F4D94FF0FF3346
:1009300002222049286817F0CFF90228EBD1B6F837
:100940009420B2F5845FE6D86AB10024121B3919ED
:100950004FF0FF33286817F0BFF9B6F8942004442D
:10096000A4B2A242F2D117F0F5FE0146124808F0F7
:10097000B7F90028CFD117F0EDFE0DF00DF80128E2
:10098000C9D0286817F0B2F80128C4D898F8003008
:1009900053B199F8230116F0B5FA17F0DBFE0CF00D
:1009A000FBFF0128B7D0ECE70A20F4E790560220BD
:1009B0008C0403202457022090460220920003203A
:1009C00010B50C490C480DF069F90A4A0B490C485E
:1009D00019F044FA084C0B494FF0FF334FF4006212
:1009E000206817F079F901460028F4D005480DF089
:1009F0006DF9F0E77C06032028050320A0220320E0
:100A00005005032044D800202DE9F04F4FF0000A94
:100A10004FF0000B254D264C264EDFF89C909DB0E4
:100A20004FF0FF32286801A916F070FD012803D0AD
:100A3000236901332361F3E7019F7B68387AC3F3AD
:100A40008071DA0F23F0604E490792075B00CDE911
:100A500006ABCDE908ABCDE90410CDF808E0039270
:100A60001AD50CA902A803F019FA80460028D7D19C
:100A700064224346306801A916F024FC0128CFD037
:100A800020694346013020614FF0FF32D9F8000061
:100A900001A916F017FCC3E7D7F80C800DF04CFB4A
:100AA000414602460CA80DF053FBDAE7700603201E
:100AB00074010320C80503201C0603202DE9F04320
:100AC0001F4F204EDFF88480DFF8849085B002E06D
:100AD0003369013333614FF0FF32386803A916F0F0
:100AE00015FD01280446F3D10399D8F8D80215F072
:100AF000ADFA0546D8B94FF0FF322B46D9F80000C1
:100B000003A916F0DFFB0128E2D1D9F8000016F0A6
:100B10008BFE044615F070F98442DCD10A4800953A
:100B200002232A462946006818F02CFAD3E7234608
:100B30006422386803A916F0C5FB0128C8D1CAE7AA
:100B4000C805032074010320EC1D0320A422032008
:100B50001C0603200022024B02481A6012F070BDEE
:100B60004C04032018260320014B1868704700BF6F
:100B70004C0403200000000010B59EB04822002164
:100B80000CA819F0E9FC00234FF40070CDE9023302
:100B9000CDE90433CDE90733CDE909330193069359
:100BA0000B9310F0DFFE08B172B6FEE701230222BC
:100BB000169311931993179210231D9207229FEDFC
:100BC0001E7BCDE91A320324042312900CA81C9337
:100BD0008DED0C7B189411F001F9034608B172B643
:100BE000FEE70F22214601A8CDE9033305930294C5
:100BF000019210F09FFF034608B172B6FEE7104A5B
:100C00004FF0005C916D4BF67F3441F0807191653F
:100C1000926D069302F080720092089322222023A4
:100C200006A8CDE90A230099CDF81CC0099412F05A
:100C300035F81EB010BD00BF290000000000010003
:100C4000001002402DE9F04194B072B64FF00062FE
:100C5000AC4B9A60BFF34F8F62B600240DF028FFB3
:100C600008F008FEFFF788FFCDE90F44CDE91144F5
:100C7000A54D1394EB6C4FF4604143F00403EB6417
:100C8000EB6C224603F004030893089BEB6C9F482F
:100C900043F08003EB64EB6C012603F080030993BF
:100CA000099BEB6C4FF4007843F00103EB64EB6CB1
:100CB000082703F001030A930A9BEB6C43F002033D
:100CC000EB64EB6C03F002030B930B9B0FF0F6FA53
:100CD000224640F201118E480FF0F0FA224641F20E
:100CE000E4018C480FF0EAFA4FF4604387480FA9FB
:100CF000CDE90F36119412940FF02CF940F2011344
:100D000083480FA9CDE90F36CDE911440FF022F940
:100D100041F2E4037F480FA9CDE90F36CDE9114434
:100D20000FF018F97A480FA9CDE90F8411960FF04A
:100D300011F979480FA9CDE90F7411940FF00AF950
:100D4000AB6C052143F00403AB64AB6C224603F0AB
:100D500004030593059BAB6C1D203343AB64AB6C64
:100D600033400693069BAB6C43F00203AB64AB6C61
:100D700003F002030793079B0DF0D0FE1D200DF03A
:100D800007FF224605211E200DF0C8FE1E200DF093
:100D9000FFFE2246052150200DF0C0FE50200DF030
:100DA000F7FE20460FF012FE08B172B6FEE70FF014
:100DB00021FE034648B959484360594B036011F07E
:100DC00095FF034618B172B6FEE772B6FEE7102231
:100DD0004FF4407E4FF03C0C042113250F24514862
:100DE00082618262504A4360C3608374C36313703C
:100DF0004E4BC0E907C50360C0E90B41C0E90D6671
:100E0000068246614662C0F808E00EF055F90346D6
:100E100058BB07224FF0FF314FF482754FF4E06466
:100E20004348C0E90A32434AC0E90433C2E9053302
:100E3000C2E90133D36011603F4AC0E90833C2E917
:100E40000533C2E9013383600363D3603B4BC0F8D1
:100E500018800360C76147634560C460116012F089
:100E600069F9034618B172B6FEE772B6FEE7344878
:100E7000344AC0E905338380026006620DF0BAFE91
:100E8000034608B172B6FEE74FF4027102222E4803
:100E9000C3722E4B81800360C0F807200FF0B4FDB1
:100EA000034608B172B6FEE741F63F75284C294A61
:100EB000CDE90F0011902046C4E90133A3612260FF
:100EC000E56012F0ADFD034608B172B6FEE72046BC
:100ED0000FA90F93119312F0D5FD034608B172B616
:100EE000FEE71D481D4ACDE90F33026042F20F7242
:100EF000C0E9023511938361426012F091FD78B32D
:100F000072B6FEE700ED00E0001002400008024269
:100F10000000024200040242001C0242302803206A
:100F200000080C422C2903205004032000A4004098
:100F3000CC270320203B0320F43A03200038004054
:100F40009029032000300240A422032000D4004056
:100F500018260320001400406426032000100040DF
:100F60000023A2480FA90F93119312F08BFD0346A3
:100F700008B172B6FEE74F254FF6FF749C48C0E9F2
:100F80000433836083619B4BC460C0E9003512F079
:100F900047FD034608B172B6FEE79748C0E9015322
:100FA000C0E90343C0E90533944B036012F038FDF8
:100FB000034608B172B6FEE74FF080414FF0FF32B2
:100FC0008F4CCDE90F00CDE91100C4E901000CAD53
:100FD0000C902061A0612046C5E901332160E260E8
:100FE00012F01EFD08B172B6FEE74FF480532046A2
:100FF0000FA90F9312F062FB034608B172B6FEE729
:10100000204629460C930E9312F03CFD044608B18D
:1010100072B6FEE77B487C4900902246CDE9014448
:101020007A4B0C7043F69820012116F007FD054617
:10103000774E784A00960121CDE90144764B156040
:1010400043F69820224616F0F9FC0546734E744A82
:1010500000960121CDE90144724B156041F2010077
:10106000224616F0EBFC02466F4E704D00960121B1
:10107000CDE901446E4B2A6041F20100224616F090
:10108000DDFC6C4B6C4A01210092CDE90144224603
:1010900018606A4B43F6982016F0D0FC684B694AFA
:1010A00001210092CDE9014422461860664B43F6C7
:1010B000982016F0C3FC654B654E1860204607F07B
:1010C00007FA204607F01EFA07F070FA17F042FB05
:1010D0002A46604B6049009607F01AF95F480AF00B
:1010E0002FFE5F4806F03EF95E485F4A5F4902F016
:1010F000BFFD0FA80F9407F0A7F910B90F9B002BA5
:101100006FD015F031FE0421594A4FF4007015F0EC
:1011100017FF0446574B0421574A4FF400701C60D8
:1011200015F00EFF0446554B0421554A4FF400704C
:101130001C6015F005FF534B186018F071FD00217D
:10114000514A524815F060FE0446514B0021514A65
:1011500051481C6015F058FE0446504B0021504A7F
:1011600050481C6015F050FE0446404B00214E4A8A
:101170004E481C6015F048FE04464D4B00214D4A78
:101180004D481C6015F040FE0446374B00214B4A89
:101190004B481C6015F038FE04462F4B0021494A8D
:1011A00049481C6015F030FE0446484B0021484A6F
:1011B00048481C6015F028FE0446474B0021474A6A
:1011C00047481C6015F020FE0446464B0021464A65
:1011D00046481C6015F018FE454B186015F0E6FDFA
:1011E000FEE7444807F008F98BE700BF64260320B8
:1011F000CC25032000440140802503200048014005
:10120000B02603205405032024050320DC1A012006
:101210002C0503205005032044E000200005032096
:101220002805032034850020DC04032090040320DB
:10123000307500208C040320B8040320983A002065
:10124000C83903209404032000000020C43903207F
:101250008404032088040320DC0F032030280320AB
:10126000902903202C2903208C140320EC1D03203B
:1012700060E601087006032048E601081C0603200A
:1012800030E60108C8050320BCE701085502000844
:10129000A022032098E70108F10200089C22032005
:1012A00074E701084905000850E70108D90500085E
:1012B0003C1903202CE70108AD06000808E70108E7
:1012C00075070008E4E60108010900082C0B03205B
:1012D000C0E60108C10900087C0603209CE601085D
:1012E000090A00087806032078E60108BD0A00080C
:1012F00074060320040029C0094A0368934206D0FB
:10130000084A93420AD0084A934205D07047074AD8
:10131000136801331360704706F05CB80DF0DABB58
:1013200000140040002C0140001000404C04032039
:1013300072B6FEE7704700BF034B044A1B68D07DBE
:101340001B6803491B6D1847200103207000032010
:10135000283E032040F69E732DE9F047DFF89CA05D
:101360002349244ADAF80040B1F800E012889C4290
:1013700004FB0E2238D800204FF0804140F69F76C3
:101380004FF030083127DFF878901B4D09EB040C43
:101390004B6A9342FCD32B69013013F48073C0B2C3
:1013A00004F1010472440ED118468CF80080B44256
:1013B0000CF1010CECD10120CAF80040002309F81F
:1013C0000430BDE8F0870A288CF80070EFD9142C9F
:1013D00002D80CF1010CDBE7002309F804300020EF
:1013E000CAF80040BDE8F0870120DFF81490E5E777
:1013F0000A0003200800032000040242202A0320E0
:10140000242A032070B500244FF0804101254FF6B7
:10141000FF7086B0CDE90044CDE9024404940A6827
:101420001A4E22F001020A603288194B013A8A6290
:101430004C624D610A682A430A601A6822F0010270
:101440001A6098625C625D611A682A431A6002F051
:10145000B3FC2A464FF400710E480EF02FFF4FF4F4
:101460008072002369460B48CDE9002302940EF0F8
:1014700071FD4FF40073032269460648CDE900353B
:10148000039202940EF066FD06B070BD0C000320BE
:101490000048014000040242F0B5BDF81440012CA0
:1014A00045D94FF0300C0127013C83F800C00029DA
:1014B0003FD10A263D4604E08C4675460127013E91
:1014C00015D320FA06F101F0010105F1010EA54244
:1014D00001F130011FFA8EFE29DA8C455955EBD106
:1014E0000137FFB2052F4FD0013E7546E9D2002AE1
:1014F0000CBF30263126A54219DA691CB4455E5569
:1015000089B200F0C1800127A14210DA30224D1CBF
:101510009642ADB25A5400F0D980A54207DA881C31
:1015200080B25A5500221A54F0BDA54239DB002082
:10153000F0BD1C263D4605E08C4675460127013E60
:10154000112EF2D020FA06F101F0010105F1010E91
:10155000A54201F130011FFA8EFEE8DA8C4559559B
:10156000EAD10137FFB2052F01D07546E7E7CCF18C
:10157000610CA6455FFA8CFC05F10205D7DA01275C
:1015800003F80EC0ADB2DAE7CCF1610CA6455FFA04
:101590008CFC05F10205CADA012703F80EC0ADB2D2
:1015A0008DE74FF0310E691CF44589B203F805E070
:1015B0004FD0A142BBDA03F801E0A91CF446022790
:1015C0001FFA81FE04E08C46AE460127013E22D37D
:1015D00020FA06F101F00101A64501F13001A6DA79
:1015E0000EF10105614503F80E10ADB2EBD10137E4
:1015F000FFB2052F01D0AE46E8E7CCF1610CA54261
:101600005FFA8CFC0EF1020E91DA012703F805C097
:101610001FFA8EFEDAE7002A0CBF30253125A645D9
:1016200085DA0EF10102AC4503F80E5092B262D099
:101630000121A242BFF67BAF3027561CBD42B6B295
:101640009F5477D0A642BFF672AF023290B29F5538
:1016500068E7042F28D0A142BFF669AF0237FFB276
:1016600005F1020E052F03F801C01FFA8EFEAFD15F
:10167000A645BFF65CAF4FF0300C033503F80EC043
:1016800001271FFA85FEA3E70137FFB2052F7FF47C
:101690003BAFA142BFF64BAFC6F16106F6B20235D1
:1016A0005E540127A9B22FE7A142BFF640AF302711
:1016B0005F54A91C89B28C427FF739AF05F1030E44
:1016C000012703F801C01FFA8EFE81E77A1CD2B20F
:1016D000052A21D0A542BFF62AAF881C042A5E55F0
:1016E00080B27FF41FAFA042BFF621AF3122033199
:1016F0001A5488B216E7791CC9B2052999D1A242B9
:10170000BFF615AFC5F16105EDB20EF1020E9D54A5
:1017100001211FFA8EF28CE7A542BFF608AF3122F5
:101720005A558A1C92B294427FF701AFC81C80B20E
:101730009E54F7E60131C9B2052910D0A642BFF682
:10174000F6AE9D55042902F10205ADB215D1A542B0
:10175000BFF6EDAE3121033290B25955E2E6A64212
:10176000BFF6E5AE31219955911C89B2A142BFF671
:10177000DEAE033290B25D54D4E62846D2E600BF16
:101780004B4B1868831C70D02DE9F04FC71C91B0EB
:1017900077D0411C02D14FF000090BE03024454BBB
:1017A000454A1978127804AB0094FFF775FE81461C
:1017B000002860D04FF0804C404B414A1B88B2F863
:1017C00000A003933F4B0AEB8A0E1F883E4B3F4914
:1017D0001C683F4E4FEA4E0E0B69DA05FCD5DCF86B
:1017E000242092B20B69DB05F6D5DCF824309B1A75
:1017F0009E45F7D80B6913F4807306D0736ABB4219
:101800002DD80B6913F48073F8D1CCF82430B9F1DA
:10181000000F1AD01C464FF08040039ADFF8B880C2
:10182000DFF8A8B004AD436A9342FCD3DBF8103074
:10183000524413F4807F15F8013B0DD0312BCBD1EE
:101840000134A14508F8013BEDD11F4BC3F80090CE
:10185000002011B0BDE8F08F302BF1D0BCE70120A3
:10186000194B1C6011B0BDE8F08F4FF0804300228F
:1018700000205A62704717480CF0C2FA4FF0000976
:1018800098E74FF080440E4B104A188800EB800018
:1018900040001369DE05FCD5616A89B21369DD0574
:1018A000F7D5636A5B1A8342F8D300236362CFE7FC
:1018B000040003201D2A03201C2A03200800032003
:1018C0000A00032000000320202A03200004024213
:1018D000004801405CB40108242A032002783AB38E
:1018E0004FF0000C30B56346864631250BE02A2ABE
:1018F00007D10CF1010C1FFA8CFC8EF8005000EBA4
:101900000C0EC25C82B1A2F13001013301290CF14D
:1019100001049BB2EBD88EF80020C25C1FFA84FC55
:1019200000EB0C0E002AEED100238EF8003030BD03
:1019300000230370704700BF70B504460CF032FC02
:1019400014281ED900F1FF3E1FFA8EFE14F80E3047
:1019500004EB0E05312B2A4615D1831E9BB200EBFA
:10196000040C0CEB03002A262344A0EB0E0005E038
:1019700016701A461178013B312906D1C11A0C297B
:10198000F6D9002070BD00EB040C00222046012691
:10199000144610F8013BA3F1300101292FD862B39E
:1019A00086B3052A42D0A3420FD0312B5ED08445A6
:1019B00015D010F8011B0122A1F13003012B79D8B9
:1019C00030231C460B46A342EFD10132312CD2B258
:1019D00056D084454FF001064FF03004D9D10FFAAC
:1019E0008EFEBEF1000F06DB2A4615F801392A2BC0
:1019F00058D05F2B37D0012070BD1C460122844592
:101A0000C7D1ECE7A3420DD08445E8D010F8011B04
:101A10001C46A1F13002012A22D80B46A3424FF006
:101A20000102F1D101320026D2B2E8E7A342A8D0E8
:101A30005F23844500F8013CD1D0034613F8011B15
:101A4000A1F13002012A20D86345C8D0437832463C
:101A5000A3F13004012C00F102000C46A0D9CEE71E
:101A600000260122CBE730231370C4E78445B6D0AB
:101A700010F8011BA1F13002012A1ED80122A0E7B3
:101A8000062A8CBF00260126B9E76345A7D01A783D
:101A90000230A2F13003DBB2012B96BF14460022C4
:101AA0003246ACE70EF1FF3E0FFA8EFEBEF1FF3F6D
:101AB0009AD1A0E730241646A1E701221C4616461B
:101AC0009DE700BF70B571B3002344F2995600F151
:101AD000FF3C0CEB01051CF8012F5C00A2F1310268
:101AE000B2FA82F24FEA933E47F6FE73520972450C
:101AF00003EA040318BF7340AC45ECD14A1E00F161
:101B00000E0C024400208C4412F8011F40003129C1
:101B100008BF40F00100944580B2F5D1C01AB0FA78
:101B200080F0400970BD0B46E8E700BF2DE9F04F9B
:101B30008FB004460CF036FB122840F24B8123781C
:101B4000302B05D0B4480FB0BDE8F04F0CF058B9B9
:101B5000074606AEB1480CF053F90025314623463E
:101B600004F10B0C13F8012FA2F13100B0FA80F050
:101B70009C454FEA501001F8012B40EA4505F1D190
:101B80004FF00008A6488DF823800CF039F906A81C
:101B90000CF036F9A3480CF033F903A928460CF0F1
:101BA00073F903A88DF814800CF02AF99E480CF004
:101BB00027F994F80CA09D48657B8DF819808DF865
:101BC00018A00CF01DF906A80CF01AF998480CF0B2
:101BD00017F998488DF818500CF012F906A80CF077
:101BE0000FF993480CF00CF9312D40F0FD80262FB1
:101BF00040F2F680454606AA04F10D010DF12A00D7
:101C000011F8013F02F8013BA3F13103B3FA83F36A
:101C100090424FEA531343EA4505F1D14FF00008D3
:101C200085488DF82A800CF0EBF806A80CF0E8F84F
:101C30007C480CF0E5F803A928460CF025F903A828
:101C40008DF814800CF0DCF877480CF0D9F894F893
:101C500020A07A488DF819808DF818A00CF0D0F8E3
:101C600006A80CF0CDF872480CF0CAF894F82130B0
:101C700073488DF818300CF0C3F806A80CF0C0F8C3
:101C80006B480CF0BDF894F822306E488DF818308F
:101C90000CF0B6F806A80CF0B3F865480CF0B0F8F4
:101CA0002322002504F1040C06A89444A11811F87D
:101CB000013B00F8013BA3F13103B3FA83F38C45F8
:101CC0004FEA531343EA4505F1D14FF000095E484E
:101CD00002F1040801928DF81C900CF091F806A80E
:101CE0000CF08EF8EDB24F480CF08AF803A92846A4
:101CF0000CF038F903A88DF80E9008EBC50B0CF02A
:101D00007FF849480CF07CF80BF10F03BB42019AB5
:101D100000F2E780BAF1300F00F0A680002506A996
:101D20000BF1FF30204401F10F0710F8012F01F8EB
:101D3000012BA2F13102B2FA82F28F424FEA521223
:101D400042EA4505F1D10027404801938DF82770FC
:101D50000CF056F806A80CF053F832480CF050F886
:101D600003A9A8B20CF0DCF803A88DF810700CF0F1
:101D700047F837480CF044F859462046FFF7A2FED2
:101D8000019B002840D033480CF03AF8019BE25CFC
:101D9000E118A2F13003012B98BF012303D916E00B
:101DA0000133202B36D006F8012B11F8012FA2F1B8
:101DB00030000128F4D900226B4427481A760CF031
:101DC0001FF806A80CF01CF819480CF019F80FB011
:101DD000BDE8F08F21480FB0BDE8F04F0CF010B80F
:101DE0001F480CF00DF8F2E7A37B16488DF8183069
:101DF0008DF819800CF004F806A80CF001F80C48D6
:101E00000BF0FEFF0F224CE7164801930BF0F8FF92
:101E1000019BBCE71F23CEE798B40108ACB40108CE
:101E2000C0B40108D0B4010818DC0108D8B4010816
:101E3000E8B40108ECB4010810B5010820B50108A8
:101E400030B5010840B5010850B501088CB501084E
:101E50009CB50108A0B50108B4B5010884B4010817
:101E6000FCB40108A8B50108082D3FF657AF002DB6
:101E70003BD06B1EDBB20C3202EBC30B0DF11F0724
:101E800000250DF1170204EB080111F8013B02F8DF
:101E9000013FA3F13103B3FA83F397424FEA53139F
:101EA00043EA4505F1D113488DF820900BF0A8FFC7
:101EB00006A80BF0A5FF10480BF0A2FF03A9E8B29B
:101EC0000CF050F803A808F108088DF80E900BF0FC
:101ED00097FF0A480BF094FFC345D1D10BF10F03D4
:101EE0001CE707480BF08CFF71E7C34602F11303B0
:101EF00014E700BF7CB50108D0B4010818DC010864
:101F000060B50108002800F0F98030B583B00446C0
:101F10000CF048F90130235C25180BB9012038E09A
:101F2000204677490CF056F948BB204675490CF01D
:101F300051F920BB204674490CF04CF9002856D1C9
:101F4000204672490CF046F9002862D00A21284642
:101F50000DF107020CF0A8F99DF80730002BDDD039
:101F60004FF6FE73421E9A42D8D8694B80B21A8847
:101F70006849824208800BD34008188008E0284650
:101F800065490CF027F930B16FF00102634B1A601C
:101F9000002003B030BD284661490CF01BF920B188
:101FA0004FF0FF325D4B1A60F2E728465D490CF0B6
:101FB00011F920B16FF00202584B1A60E8E71021C6
:101FC00028460DF107020CF06FF99DF80730044622
:101FD000002BA3D0B0F1005FA0D2B0F5006F03D307
:101FE000514B1A78002A50D04C4B1C60D0E70A2184
:101FF00028460DF107020CF057F99DF80730002B29
:102000008CD04FF6FE73421E9A4287D8474B1880F9
:10201000BEE7204646490CF0DDF890B10A2128467B
:102020000DF107020CF040F99DF80730002B3FF44A
:1020300075AF384B1B8883427FF670AF344B1880E6
:10204000A6E720463B490CF0C5F880B128463A493E
:102050000CF0C0F8002837D0304B384A1B68A3F585
:102060000063934246D900222F4B1A7090E7204616
:1020700033490CF0AFF870B128462F490CF0AAF89C
:1020800068B300222F4B1A7082E701222E481A7083
:102090000BF0B6FEA8E720462C490CF09BF8002870
:1020A0003FF43CAF0DF107020A2128460CF0FCF882
:1020B0009DF80720002A3FF431AFB0F5803FBFF410
:1020C0002DAF234A108063E7284622490CF082F89E
:1020D00000283FF423AF0122134B1A7058E728461B
:1020E0001C490CF077F800283FF418AF0122154B7B
:1020F0001A704DE718480BF083FE0FE70120704778
:10210000C4B50108D0B5010810B601081CB6010815
:10211000080003200A000320CCB5010804000320B6
:10212000D8B50108DCB501081D2A03200C000320E6
:1021300028B6010838B6010844B60108FFF7FF1FAA
:1021400074B601081C2A0320E4B5010878B601081A
:102150000000032070B6010848B6010810B53648E3
:1021600084B00BF04DFE354B01A918880CF0CAF86D
:1021700001A80BF045FE324C32480BF041FE3248CC
:102180000BF03EFE01A920680BF07EFE002301A8A3
:102190008DF80C300BF034FE2368991C40D05A1C8B
:1021A00042D0033344D029480BF02AFE284B01A922
:1021B00018780CF0A7F801A80BF022FE25480BF0C8
:1021C0001FFE254B01A918780CF09CF801A80BF014
:1021D00017FE22480BF014FE214B01A918880CF0C1
:1021E00091F801A80BF00CFE1E480BF009FE1E4BE7
:1021F00001A918880CF086F801A80BF001FE1B4815
:102200000BF0FEFD1A4B01A918880CF07BF801A811
:102210000BF0F6FD17480BF0F3FD002004B010BDE5
:1022200015480BF0EDFDBEE714480BF0E9FDBAE7E9
:1022300013480BF0E5FDB6E780B601080000032067
:10224000040003208CB6010894B60108B4B6010856
:102250001D2A0320C0B601081C2A0320C8B60108A5
:102260000C000320ECB601080A000320FCB60108AC
:1022700008000320E8B401089CB60108A4B60108D0
:10228000ACB601082DE9F0410026104D104FFFF7C4
:10229000B9F86E626A6A3B889A4212D24FF0804463
:1022A000DFF83480B8F800206662636A9342FCD39A
:1022B0004FF4007107480EF007F86A6A3B889A42AB
:1022C000F0D301F0EFFC0020BDE8F08100480140B0
:1022D00000000320000402420A0003202DE9F04F11
:1022E0007A4B91B01B88B3F57A7F60D9FFF78AF8F3
:1022F00072B6774B1868831C00F0D780C71C6DD06E
:10230000411C5BD14FF000094FF0804C714B724A79
:102310001B88B2F800A00393704B0AEB8A041D6877
:102320006A4B6F49B3F800E06E4F64000B69DA0541
:10233000FCD5DCF8242092B20B69DB05F6D5DCF87D
:1023400024309B1AA342F7D30B6913F4807307D090
:102350007B6A734500F2B1800B6913F48073F7D187
:10236000CCF82430B9F1000F1AD01D464FF0804050
:10237000039ADFF88C81DFF868B104AE436A9342B8
:10238000FCD3DBF81030524413F4807F16F8013B85
:102390000AD0312BCAD10135A94508F8013BEDD14E
:1023A0004E4BC3F8009032E0302BF4D0BEE74E48DD
:1023B0000BF026FD002011B0BDE8F08F30244B4B10
:1023C0004B4A1978127804AB0094FFF765F8814600
:1023D000002899D147480BF013FD93E74FF0804454
:1023E0003D4B3F4A188800EB800040001369DE0532
:1023F000FCD5616A89B21369DD05F7D5636A5B1A9A
:102400008342F8D300236362304BB3F800E0002628
:10241000344D6E626B6A73452FD22E4B4FF0804164
:10242000B3F800C02C4B2E4C1F8802E06B6A73453A
:102430002ED2236913F48073F8D162461846D5F87A
:1024400024804B624B6A9342FCD32369013013F41E
:102450008073C0B219D00B283A44F3D1A2EB0C021E
:102460004B6A9342FCD36B6AA3EB08031E446B6A6E
:102470007345DED3204B03FB06F662B601F012FC77
:10248000124B1B88B6FBF3F095E718463A44D9E7A0
:1024900062B601F007FC184B0C4A06FB03F31088E8
:1024A000B3FBF0F011B0BDE8F08F4FF08043002295
:1024B0005A62064BB3F800E0A9E7084B1D6062B60C
:1024C0000E480BF09DFC01F0EDFB73E700000320CC
:1024D00004000320080003200A000320202A032010
:1024E000000402420048014010B701081D2A0320E1
:1024F0001C2A03205CB40108A08601002CB7010847
:10250000242A03202A4B70B51B680333012B37D9CB
:10251000FEF778FF72B60022264B5A62FFF730F9B9
:1025200028BBFEF717FF044600283AD162B6224EB8
:102530003368072B2ED9214D28460BF061FC20482B
:102540000BF05EFC33682846EC54FFF7F5F9D8B180
:1025500028460BF055FC1B480BF052FC2846FFF7B1
:10256000BDF9FFF7E3FA01F09DFB204670BD62B6AE
:1025700015480BF045FC01F095FB0124204670BD89
:1025800012480BF03DFCF8E711480BF039FC01F064
:1025900089FBF3E70F480BF033FC01F083FB204687
:1025A00070BD62B60C480BF02BFC01F07BFBE4E73E
:1025B0000400032000480140202A0320242A03208D
:1025C000C0B70108D8B7010874B7010840B70108BF
:1025D000C8B70108A8B7010890B701082DE9F04F66
:1025E00091B0FEF70FFF72B600254FF080427049A0
:1025F0007048714B556205604D621868811C00F08F
:10260000A180C31C00F0B380421C7FD1AB464FF0C9
:10261000804E6A4B6A481E886A4B06EB86041A880D
:10262000694BDFF88C81B3F8009064000369DB0527
:10263000FCD5DEF8241089B20369DF05F6D5DEF893
:1026400024305B1AA342F7D3036913F4807307D0D5
:10265000D8F824304B457ED8036913F48073F7D142
:10266000CEF82430BBF1000F00F09B801D46574B85
:1026700011469A464FF0804703930DF1100C7B6A88
:102680008B42FCD34E4B31441B6913F4807F1CF802
:10269000013B54D0312BC9D10135AB450AF8013B80
:1026A000EDD1444B06FB0B22C3F800B040F69E73FD
:1026B0009B451AD84FF080414FF0300C3127039BD7
:1026C0000BF1FF30424D3E4C18444B6A9342FCD311
:1026D0002369DB052DD500F8017FA8423244F4D1EF
:1026E00040F69F739B46334A13600024039B03F814
:1026F0000B4062B601F0D6FA34480BF081FB354846
:102700000BF07EFB204611B0BDE8F08F324B334A10
:10271000197830231278009304ABFEF7BDFE834690
:1027200000287FF474AF2E480BF06AFB214B1D6824
:102730006DE700F801CFA8423244C6D1D0E7302B74
:10274000AAD073E71D4B1F491E88204B5562AB462C
:102750000A880393AEE7174B1D6062B621480BF061
:102760004FFB01F09FFA012011B0BDE8F08F134B31
:1027700013491E8806EB860464000B69DF05FCD54F
:10278000506A80B20B69DD05F7D5536A1B1AA34264
:10279000F8D300230B490D489B46039053620A88E7
:1027A00088E70A4B0393034BC3F800B082E700BFEE
:1027B00000480140202A0320040003200A000320CF
:1027C000000402420800032000000320242A032002
:1027D000C2390320E8B401081D2A03201C2A032063
:1027E0005CB401082CB70108002800F019812DE91C
:1027F000F04F95B083460BF0D5FCB0F57A6F28BF4B
:102800004FF47A60894E81463368033340F0C480C8
:10281000FEF7F8FD72B600254FF08044844B6562E8
:102820005D623068834B1D60831C00F0E380C71C31
:1028300000F0C580471C00F0BA80302300937E4B27
:102840001A787E4B197808ABFEF726FE82460028E0
:1028500000F0AF807A4B4FF0804E1A8879491346CA
:10286000098802EB8204059177497848B1F8008025
:102870006F4F64000169CE05FCD5DEF82460B6B266
:102880000169C905F6D5DEF82410891B8C42F7D8FA
:10289000016911F4807107D0796A414500F2B48072
:1028A000016911F48071F7D1CEF82410BAF1000F4C
:1028B00000F0B8804FF0804C0D466549059E0691AA
:1028C000049108A903910794DCF82410B142FBD3CA
:1028D0005E49039C0969164411F4807F14F8011BBA
:1028E000039460D0312960D1049C013504F8011BA8
:1028F000AA450494E8D105990024114418464FF0E4
:1029000080424FF4007E4FF0300840F69F7C494DE6
:10291000504E4E4F2C60556A8542FCD3A1453FD99D
:102920001BF80450312D3BD0302D04D14FF0007AEC
:10293000464DC5F818A0556A8D42FCD33D69013457
:10294000ED0544BF312506F8015F3A4D58BF06F842
:10295000018F64452C6018441944DCD14FF47A602F
:1029600000224FF0804100FB03F3069880F89F2F70
:102970004A6A9A42FCD34FF40072344B9A6162B6B1
:1029800001F090F932480BF03BFA33480BF038FA7B
:10299000002015B0BDE8F08F30480BF031FA37E772
:1029A000C7F818E0C7E730299ED0079C62E7AA461F
:1029B00050E72B480BF024FA1E4B1D684AE7204BCA
:1029C000224D1A88134602EB820149002869C60588
:1029D000FCD5666AB6B22869C005F7D5606A801B67
:1029E0008842F8D300216162164909880591184987
:1029F000069180E7124A134B12881B8814496562BE
:102A000005930691134676E70A4B1D6062B615489A
:102A10000BF0F6F901F046F9012015B0BDE8F08F92
:102A2000012070470A49069165E700BF04000320B2
:102A300000480140202A03201C2A03201D2A0320CD
:102A40000A000320080003200000032000040242C3
:102A5000242A0320232A0320E8B40108E8B7010848
:102A60005CB4010874B701082DE9F04F91B0FEF78E
:102A7000C9FC72B600229C499C4B4A621868831CB0
:102A800000F01881C71C00F04981441C02D14FF0AE
:102A9000000E0CE03024964B964A1978127804AB5D
:102AA0000094FEF7F9FC8646002800F017814FF0ED
:102AB0008044914A914B1288B3F800C00392904B26
:102AC000904A0CEB8C05B2F800B01E688E49864F18
:102AD0006D000A69D005FCD5606A80B20A69D2052A
:102AE000F7D5626A121A9542F8D80A6912F4807210
:102AF00007D07A6A5A4500F2D2800A6912F48072CD
:102B0000F7D16262BEF1000F00F0258116467F4AC0
:102B10004FF080489146039802920DF1100AD8F8C0
:102B200024208242FBD3784A6044126912F4807FE9
:102B30001AF8012B00F0AA80312ACAD10136B64515
:102B400009F8012BEBD1039A0CFB0E2200244FF065
:102B5000804040F69E764FF0310830276A4D416A3A
:102B60009142FCD32969013411F480710AD1B64530
:102B700098BF029C624498BF04F80E700C460EF198
:102B8000010EECE7B64598BF0299624498BF01F880
:102B90000E80092C0EF1010EE1D10399DFF848A156
:102BA000594EC3F800E0511A0393DAF8240058454F
:102BB00033D840F68E739E452FD8029B0EF1FF3519
:102BC0001D4400204FF080434FF031094FF0300892
:102BD0000EF101045F6A8F42FCD3052894BF4FF0C9
:102BE00000774FF40077B7615F6A9742FCD337698B
:102BF0006144FF0554BF05F8018F05F8019FDAF81D
:102C0000247062445F4504EB000ECED801301028DA
:102C1000E0D1DAF824305B45CBD94FF08042039BFA
:102C2000C3F800E0536A8B42FCD32F4C636A5B45C8
:102C300018D84FF0804300274FF000764FF400750E
:102C40000CEB4C01304849004FEA0C1C5F62866176
:102C50005A6A8A42FCD385615A6A6245FCD3626A29
:102C60005A45F3D9BEF57A6F14D20023029A02F8BE
:102C70000E3062B601F016F824480BF0C1F8244873
:102C80000BF0BEF8002011B0BDE8F08F302A3FF401
:102C900055AF1EE70023029A82F89F3FE9E71E60C6
:102CA00062B61C480BF0ACF800F0FCFF012011B03C
:102CB000BDE8F08F4FF08045104C144E104B0E487D
:102CC0001049B4F800C002966A620288D3F800E0A6
:102CD0000392B1F800B00EFB0C2237E70E480BF060
:102CE0008FF84FF0000EE2E6004801400400032098
:102CF0001D2A03201C2A0320080003200A000320A9
:102D0000202A03200000032000040242242A03207A
:102D1000E8B4010874B701085CB401084FF08042C0
:102D20000F4B1048B3F800C00CEB8C01490003694D
:102D3000DE05FCD5546AA4B20369DD05F7D5536AF4
:102D40001B1B8B42F8D30024074D084B0295084803
:102D500008495462B9E70449039A0291F6E600BFB4
:102D60000A00032000040242242A0320202A032010
:102D700008000320000003202DE9F04FA24C93B07F
:102D800023680333012B40F214818346FEF73AFB9C
:102D900072B600264FF080429C4B5E629C4B1E60D8
:102DA00056622068811C00F02581C31C00F04A8116
:102DB000421C72D134464FF0804C964BDFF864A22F
:102DC0001D88954B05EB850E1B8894490593944B04
:102DD000DFF83882B3F800904FEA4E0E0B69DB053E
:102DE000FCD5DCF8242092B20B69DF05F6D5DCF8BF
:102DF00024309B1A9E45F7D80B6913F4807308D0D2
:102E0000D8F824304B4500F2C6800B6913F4807368
:102E1000F6D1CCF82430002C00F02E814FF0804009
:102E20001E46804B06AF059A04930397436A93426C
:102E3000FCD37A4B039F1B692A4413F4807F17F855
:102E4000013B03973BD0312BC8D1049F013607F8D3
:102E5000013BB4420497E9D16D4B1C60059B05FB17
:102E6000043300264FF0804240F69E7C4FF031093B
:102E70004FF03008694F0BF1060E516A9942FCD3AE
:102E80003969013611F4807104F101001AD16445E9
:102E900021D90E4604462B44EFE7634B1A783023C2
:102EA0000093624B197806ABFEF7F6FA0446002849
:102EB00081D15F480AF0A4FF554B1E687BE7302B99
:102EC000C3D08BE7644598BF0AF80490B6452B44FD
:102ED00007D90446D1E70AF804800E4601342B4492
:102EE000CBE701464FF08040059A9E1A426AB242F3
:102EF000FCD34FF000774FF08040484A9761426A18
:102F00009A42FCD3454A0234126912F4807F40F69B
:102F10009E7255D1914261D93D48944204602E443D
:102F20002B4442D84FF080424FF4007C4FF03108E0
:102F30004FF0300E3F4F394C5144506AB042FCD3F1
:102F4000C4F818C0506A8342FCD82069C0051BD45D
:102F500001F801EFB9422E442B44EED140F69F73A5
:102F60002B4A136040F69F7300220AF8032062B6D2
:102F700000F098FE2B480AF043FF2F480AF040FF6C
:102F8000002013B0BDE8F08F01F8018FB9422E4444
:102F90002B44D2D1E2E71E4B28481C461E600AF0A3
:102FA0002FFF2368B3F57A6FDED300238AF89F3FA3
:102FB000DDE723480AF024FF012013B0BDE8F08FBD
:102FC0009142A9D8124A2E44146031220AF80120F5
:102FD00040F69F7294422B44A4D1C3E70C4A2E447E
:102FE000146030220AF8012040F69F7294422B446C
:102FF00098D1B7E7084B56621B88064A34461588B5
:10300000DFF820A005932CE70400032000480140CE
:10301000202A03200A0003200800032000040242A3
:1030200000000320242A03201C2A03201D2A032039
:103030005CB40108C2390320E8B401082CB80108C7
:1030400018B801080D4B0E491D8805EB8504640076
:103050000B69DF05FCD5506A80B20B69DE05F7D538
:10306000536A1B1AA342F8D30024064B54621B88F0
:10307000DFF814A00593F4E6059BF2E60A000320AE
:103080000004024208000320242A03209B4B2DE960
:10309000F04F1B6893B00333012B40F2248181462B
:1030A000FEF7B0F972B60023DFF87CB2944ACBF891
:1030B0002430DBF824301688B34280F0DA80914C5B
:1030C00009F1060900274FF080428C4B57621D68BA
:1030D0008D4BA91C1F6000F0D680EB1C00F0E48033
:1030E000691C00F0CD8030230093884B28461A7865
:1030F000874B197806ABFEF7CFF98246002800F01F
:10310000CB8038464FF08047824BB3F800E0824BCB
:103110000EEB8E0C1B884FEA4C0C04932369DA05E6
:10312000FCD57A6A92B22369DB05F7D57B6A9B1AD4
:103130006345F8D3236913F4807308D0DBF8243097
:10314000B34200F2CA80236913F48073F6D17B6224
:10315000BAF1000F00F0C4804FF0804118466F4B69
:10316000049A03930DF1180805954B6A9342FCD31A
:103170002369724413F4807F18F8013B1FD0312B70
:103180001FD1039D013005F8013B82450395ECD129
:10319000DDE9043500FB0E3200274FF0804101309D
:1031A0004B6A9342FCD32369013713F4807300F117
:1031B000010C08D0B945724409D96046F0E7302BBC
:1031C000DFD0059DAAE71F4672440130E8E74FF0C3
:1031D00080414D4B1860049BD21A4B6A9342FCD33A
:1031E0004FF000734FF080417244A3614B6A9342E9
:1031F000FCD34FF4007CC4F818C0DBF82430B34291
:1032000037D202357FF45EAF4FF080414FF0000EB1
:103210004FF0007B3F4B3B4D1F883F4BDFF808A131
:10322000B3F80080002442462046C1F824E0C1F8EB
:1032300024E04B6A9A42FCD82B69013013F4807366
:1032400058D0814504F101043A44F2D8A2EB0802B7
:103250004B6A9A42FCD8C5F818B03A444B6A9A4275
:10326000FCD8C5F818C0DAF824309E42DAD8264BCC
:103270001C6062B600F016FD002013B0BDE8F08FB0
:103280003846BA463EE7244B57621A88214B3846E7
:10329000B3F800E004927FE721480AF0B1FD184B33
:1032A0001E88194B18682DE71A4B1649B3F800E031
:1032B0000EEB8E077F000B69D805FCD5506A80B2F3
:1032C0000B69DB05F7D5536A1B1ABB42F8D3002004
:1032D000114B50621A8804925EE70B4B1860C8E7E6
:1032E0005046049A58E70F480AF08AFD012013B0AF
:1032F000BDE8F08F184601343A449AE704000320F1
:103300000000032000040242202A03201C2A03207C
:103310001D2A03200A00032008000320242A03207A
:103320005CB4010818B801080048014008707047F3
:1033300000787047030A08704B707047012994BFEA
:1033400000780088704700BF012908D94FF6FE2396
:1033500002889A4203D8981AC0F34F0070470020A1
:10336000704700BF012911D94378FA2B07D8084AC2
:10337000C3EB0330A2FB0020C0F30F10704740F6F0
:10338000FF72FF2B0CBF00201046704700207047D3
:10339000D34D6210022907D94FF6FF73B0F8010030
:1033A000984208BF0020704700207047042907D9C1
:1033B0004FF6FF73B0F80300984208BF0020704733
:1033C00000207047012907D94FF6FF730088984203
:1033D00008BF4FF4006070470020704701290ED9E4
:1033E0004FF6FF730088984209D047F27F53984206
:1033F00038BF1846A0F5EA407F3880B270474FF4D6
:1034000000607047032986BFC078C0F381000020A8
:10341000704700BF09B1007870470846704700BF89
:10342000012906D9437803F00F03013BDBB2022BDD
:1034300001D900207047024A32F81300704700BFDC
:10344000E0E7010819B10178C1F38100704708462F
:10345000704700BF032986BFC07800F0030000203A
:10346000704700BF034600B583B008465BBA02222E
:103470000DF10601ADF806300AF06AFE03B000BD9A
:103480008446002310B50C4682B00DF106000222DE
:103490006146ADF806300AF05BFEBDF80600012C6F
:1034A00098BFC0B240BA80B202B010BD002300B5D0
:1034B000012983B0ADF8063002D8184603B000BD2C
:1034C000014602220DF106000AF042FE9DF80600B8
:1034D00003B000BD38B50D4604460822FF2128463A
:1034E0000AF032FEB4F5FB4F0ADAC4F5FA447F3431
:1034F000640004F0FE03C4F307242B706C7038BD25
:10350000002423466C702B7038BD00BF38B50D46C3
:103510000822FF21044628460AF016FEFA2204FB80
:1035200002F2044BA3FB0213D21A03EB5203DB0A91
:103530006B7038BD0101100038B50C4605460822F5
:10354000FF2120460AF000FE2B0A6570A37038BDEB
:1035500038B50C4605460822FF2120460AF0F4FD46
:103560002B0AE570237138BD38B50C460546082294
:10357000FF2120460AF0E8FD2B0A2570637038BD54
:1035800038B50C4608220546FF2120460AF0DCFD2E
:1035900048F6802247F27F53954294BF5B199B18EF
:1035A0009BB21A0A2370627038BD00BF38B50D4651
:1035B00004460822FF2128467D340AF0C5FDAC7080
:1035C00038BD00BF38B50D4604460822FF21284605
:1035D0000AF0BAFDEB78A40023F00C0304F00C040D
:1035E0002343EB7038BD00BF38B50C4605460822B2
:1035F000FF2120460AF0A8FD257038BDFF2838B508
:103600000D460FD9C3B2002B0CBF0124032408229E
:10361000FF2128460AF098FD6B7823F00F031C4326
:103620006C7038BD031E18BF01235C00EFE700BFBC
:1036300038B50D4604460822FF2128460AF084FDCD
:103640002B78A40023F00C0304F00C0423432B700C
:1036500038BD00BF38B50C4605460822FF2120467C
:103660000AF072FDE37805F0030523F003032B4312
:10367000E37038BD38B50D4604460822FF212846C0
:103680000AF062FD012C0AD0022C05D0032C0CBFDD
:10369000D723FF23AB7038BDC723AB7038BDC3231E
:1036A000AB7038BD38B50C4605460822FF212046D0
:1036B0000AF04AFDEBB2022B12D0032B09D0042BE7
:1036C0000CBF51230023FF2D88BF43F00403237058
:1036D00038BD1123FF2D88BF43F00403237038BD8C
:1036E0000123FF2D88BF43F00403237038BD00BFC2
:1036F00038B50C4605460822FF2120460AF024FD75
:1037000015F0080F0CBF0021FA2115F0100F0CBFA7
:103710000022FA2215F0200F0CBF0023FA2315F027
:10372000400F0CBF0020FA2015F0800FE0700CBF96
:103730000020FA2015F0010F21700CBF0021FA21A2
:1037400015F0020F62700CBF0022FA2215F0040F70
:10375000A3700CBF0023FA2320716171A271E37181
:1037600038BD00BF022906D980787D38C0B28128D3
:1037700088BF002070470020704700BF032906D98A
:10378000C0787D38C0B2812888BF002070470020F3
:10379000704700BF02290FD9837803F00C02042A76
:1037A00001D001207047C3F30113012B06D0002B79
:1037B0000CBF022001207047002070470320704793
:1037C00007292DD903784278A3F1FA03B3FA83F3DA
:1037D000FA2A4FEA531382784FEAC30308BF43F033
:1037E0001003FA2AC27808BF43F02003FA2A0279AC
:1037F00008BF43F04003FA2A427908BF43F0800330
:10380000FA2A827908BF43F00103FA2AC27908BF75
:1038100043F00203FA2A08BF43F004031846704736
:103820000020704700787047D9B103789A09012ABF
:103830000ED003F03002102A15D003F00302012A43
:1038400014BF0120022003F00C03042B06D07047A4
:1038500003F00C03042B4FF00400F8D140F47F4038
:103860007047084670470320EDE700BF00787047B7
:10387000007870470078704700787047087070478C
:10388000087070470870704708707047087070477C
:10389000030A08704B707047012994BF00780088B4
:1038A000704700BF38B50D460822FF210446284660
:1038B0000AF04AFCFA2204FB02F2044BA3FB0213B7
:1038C000D21A03EB5203DB0A6B7038BD0101100002
:1038D000012911D94378FA2B07D8084AC3EB0330E2
:1038E000A2FB0020C0F30F10704740F6FF72FF2BC1
:1038F0000CBF00201046704700207047D34D621067
:10390000034600B583B008465BBA02220DF10601FA
:10391000ADF806300AF01CFC03B000BD034600B54C
:1039200083B008465BBA02220DF10601ADF80630FD
:103930000AF00EFC03B000BD034600B583B0084694
:103940005BBA02220DF10601ADF806300AF000FC68
:1039500003B000BD034600B583B008465BBA02223F
:103960000DF10601ADF806300AF0F2FB03B000BD20
:10397000034600B583B008465BBA02220DF106018A
:10398000ADF806300AF0E4FB03B000BD034600B515
:1039900083B008465BBA02220DF10601ADF806308D
:1039A0000AF0D6FB03B000BD034600B583B008465D
:1039B0005BBA02220DF10601ADF806300AF0C8FB31
:1039C00003B000BD8446002310B50C4682B00DF153
:1039D000060002226146ADF806300AF0B9FBBDF8D8
:1039E0000600012C98BFC0B240BA80B202B010BD30
:1039F0008446002310B50C4682B00DF10600022269
:103A00006146ADF806300AF0A3FBBDF80600012CB4
:103A100098BFC0B240BA80B202B010BD8446002345
:103A200010B50C4682B00DF1060002226146ADF8D9
:103A300006300AF08DFBBDF80600012C98BFC0B21D
:103A400040BA80B202B010BD8446002310B50C46C7
:103A500082B00DF1060002226146ADF806300AF090
:103A600077FBBDF80600012C98BFC0B240BA80B207
:103A700002B010BD8446002310B50C4682B00DF193
:103A8000060002226146ADF806300AF061FBBDF87F
:103A90000600012C98BFC0B240BA80B202B010BD7F
:103AA0008446002310B50C4682B00DF106000222B8
:103AB0006146ADF806300AF04BFBBDF80600012C5C
:103AC00098BFC0B240BA80B202B010BD8446002395
:103AD00010B50C4682B00DF1060002226146ADF829
:103AE00006300AF035FBBDF80600012C98BFC0B2C5
:103AF00040BA80B202B010BD002300B5012983B0E6
:103B0000ADF8063002D8184603B000BD01460222C7
:103B10000DF106000AF01CFBBDF80600000A03B018
:103B200000BD00BF012918D9037803F00302012A60
:103B300017D003F00C02042A15D003F03002102A2B
:103B40000DD003F0C003402B0FD0437803F00303E4
:103B5000012B0CBF06200120704700207047052074
:103B6000704702207047032070470420704700BF51
:103B70002DE9F04F3A4B8346984283B007D8394B32
:103B8000984260D94FF028094FF4487609E0364949
:103B90004FF02509B1FBFBF1C9B2192940F2EE261D
:103BA0005BD90124304B0134A4B2B3FBF4F1B1FB77
:103BB000FBF1C9B21929F6D8B4F5806F3FD20120C4
:103BC0002A4BCDF804B01F6823186FF0004C4FF457
:103BD0007A759B461FFA83FAA1F1020EBEEB510FD4
:103BE0004FEA51031ADD01F1FF385FFA88F805FB4F
:103BF00003F2B2FBF1F2B21A002AB8BF5242624598
:103C000009DA914507DB00209446A8EB0302D2B203
:103C1000FB617C613A6201337345E8DB124B1FFAAA
:103C20008BF4B3FBFAF1019BB4F5806FB1FBF3F1B8
:103C30000AF1010AC9B203D004F1010BCCE701205B
:103C400003B0BDE8F08F08494FF02B09B1FBFBF141
:103C5000C9B2192940F26B36A3D80124AFE700BFDF
:103C600000350C0020A10700005A6202BC3A032074
:103C700038B50C46064D0749074B0A6028600749CE
:103C800001201C6013F0BAFB054B186038BD00BF63
:103C9000BC3A0320B43A0320B83A0320CC390320BD
:103CA0001C3A032030B53F4C83B020680BF0BCFBBE
:103CB00020680BF001FA002851D100223A4D402132
:103CC0003A482A71EA602A616A61AA61AA60EA61D7
:103CD00085F820200CF0F2FA206805F124010BF0A1
:103CE000D5FA00285BD1324920680BF0CFFA0028C2
:103CF00052D1002302222068114600930BF0F2FA01
:103D0000002846D120680BF033FB00283ED100226A
:103D1000012120680BF0E4FCA8BB002206212068EA
:103D20000BF0DEFC60BB07224FF4F05120680BF073
:103D3000D7FC10BB0722802120680BF0D1FCC8B94A
:103D400000221C4920680BF0CBFC80B900224FF404
:103D5000602120680BF0C4FC20B903B030BDFDF732
:103D6000E7FAAAE703B0BDE83040FDF7E1BAFDF796
:103D7000DFFAEBE7FDF7DCFAE2E7FDF7D9FAD9E77E
:103D8000FDF7D6FACFE7FDF7D3FAC6E7FDF7D0FA8D
:103D9000BDE7FDF7CDFAB5E7FDF7CAFAA9E7FDF7EC
:103DA000C7FAA0E7BC3A0320100003200004024237
:103DB0004C00032000407100014B18680BF034BB2D
:103DC000BC3A0320704700BF082824D8DFE800F081
:103DD000080C1014171A1D2005001448FFF7C8BE60
:103DE00042F21070FFF7C4BE44F62060FFF7C0BE79
:103DF0004CF25030FFF7BCBE0D48FFF7B9BE0D487E
:103E0000FFF7B6BE0C48FFF7B3BE0C48FFF7B0BED5
:103E10000B48FFF7ADBE0B4AA0F51C53103B934275
:103E200001D901207047FFF7A3BE00BF40420F0039
:103E3000A086010048E8010090D0030020A10700FF
:103E400000350C00301B0F000346054A197800208E
:103E500051615978D16199781162DB78936170472B
:103E60002C2903200246024B00209A61704700BFB4
:103E70002C290320034600B5064A93F801E093F885
:103E800000C082F810E004499B7881F800C05374A8
:103E9000002000BD2C290320500403202DE9F04709
:103EA000054682B0C0680F460AF046F9AB68B3F128
:103EB000005F3ED00646824600F12409264C4FF0B2
:103EC000FF31206813F0B6FB0128F8D1DFF89480A9
:103ED000D8F8000013F0F6FD484517D202251F4A16
:103EE00013792B431371002320681A46194613F0E7
:103EF000E9F91B4A02231268106800221146009259
:103F000015F040F8284602B0BDE8F08729464FF08A
:103F1000FF332422D8F8000013F0F6FD054686B9D9
:103F20004D450CD00D4A0125137943F00803137158
:103F3000D9E74FF0000A4FF024095646BEE70025A6
:103F4000D1E7524639464FF0FF33D8F8000013F05E
:103F5000DBFD0544E4E700BF1C3A0320100003200A
:103F6000B83A0320C439032030B4012200241020C1
:103F70000A4B04211B684FF440751C82C3E90520DD
:103F8000DC6018623F240F209A74C3E90125DC61CC
:103F9000C3E9092130BC1963D8627047BC3A0320D9
:103FA0002DE9F04700250C4682B0C9070646019569
:103FB00016D4A20707D50221314A137943F0010331
:103FC000137133681965630738D4019B2BB14FF027
:103FD000E0234FF08052C3F8042D02B0BDE8F08713
:103FE000DFF8A890DFF8988040214A46254B0BF077
:103FF00093FAD8F81430D9F80C000133C8F814300B
:104000000AF09AF8DFF888A00746DAF8000013F003
:1040100059FD07F12803984224D349462822DAF8AB
:10402000000001AB13F00AFE002FC2D03A46DAF8C6
:104030000000144901AB13F001FEBAE70424104B51
:1040400011499A69086801329A611A79002142F08F
:1040500008021A71336800680DEB04021C6515F044
:10406000B1F8B2E7D8F8183029460133C8F818304B
:10407000054B01AA1B68186815F0A4F899E700BF62
:1040800010000320743A0320B43A03204C3A032072
:10409000C8390320002110B50A4A0B4C1268236965
:1040A00082B01068013301AA2361019115F08AF8EA
:1040B000019B2BB14FF0E0234FF08052C3F8042D49
:1040C00002B010BDB83A032010000320002110B543
:1040D0000A4A0B4C1268E36982B01068013301AAE6
:1040E000E361019115F06EF8019B2BB14FF0E023D5
:1040F0004FF08052C3F8042D02B010BDB43A032033
:104100001000032038B50C46104D29460BF09EFADE
:10411000A10303D5EB68A3B90D4A1360620309D567
:104120002B690B4A012B13790CBF43F0040303F0F6
:10413000FB031371230303D50122054B83F82020D1
:1041400038BD4FF00042024B1A60E7E7203A0320E7
:1041500010000320F0B500250B7885B007460295C6
:104160000395CBB10C460DF1FF3608E02046D5B2E1
:1041700009F086FF14F8023F06F8010F23B16378B7
:104180006A1C0BB3072DF1D18DF808502A466946F9
:104190000DF1090016F082FA00230E4C0820C4E944
:1041A0000533C4E90133276009F0CCFF0822034638
:1041B0000DEB02010848E36009F0CAFF20460649FA
:1041C000FFF76CFE05B0F0BD8DF80850002DDDD175
:1041D000E2E700BFC83A0320C03A032042F20203DC
:1041E0002DE9F043002499428BB0445400F2BA8088
:1041F000002900F0808100F1FF3E0139F44673464A
:10420000014405E00A2A1CBF025501348B4209D043
:1042100013F8012F082AF5D1002CF7D08B4204F1B6
:10422000FF34F5D10025AC42055540F35E812A46A6
:104230000EEB04031CF8011F202900F0898082B9CD
:104240009C4505F101050CF101010CD09CF80140E1
:10425000202C7FD0994206D01CF8022F203A18BF9C
:1042600001229C45E6D1A54901AA09F0E9FF0446CF
:10427000002800F08180A24909F0ACFF002800F07E
:104280000F81012D40F3B1809C49002001AA09F063
:10429000D7FF9C49044609F09DFF002870D12046B5
:1042A000994909F097FF002800F0A481974809F088
:1042B000A7FD974809F0A4FD944809F0A1FD954891
:1042C00009F09EFD944809F09BFD924809F098FD85
:1042D000924809F095FD924809F092FD8D4809F049
:1042E0008FFD904809F08CFD8F4809F089FD8948C1
:1042F00009F086FD8D4809F083FD8D4809F080FDA9
:10430000844809F07DFD8B4809F07AFD8A4809F060
:1043100077FD8A4809F074FD894809F071FD8948E4
:1043200009F06EFD884809F06BFD884809F068FDCA
:10433000874809F065FD874809F062FD754809F076
:104340005FFD724809F05CFD834809F059FD0CE0FF
:10435000002286E7994286D01CF8021F20297FF4AC
:104360006FAF7EE77D4809F04BFD7D4809F048FDC1
:1043700000200BB0BDE8F0837A4809F041FDF4E776
:10438000624809F03DFD624809F03AFD5F4809F0D6
:1043900037FD604809F034FD734809F031FD5D4890
:1043A00009F02EFD5D4809F02BFD704809F028FD4D
:1043B000584809F025FD5B4809F022FD6C4809F0DA
:1043C0001FFD544809F01CFD584809F019FD6948C3
:1043D00009F016FD4F4809F013FD564809F010FD8D
:1043E000654809F00DFD6548A6E7484809F008FD55
:1043F000474809F005FD454809F002FD454809F028
:10440000FFFC5F4809F0FCFC424809F0F9FC5D48FC
:1044100009F0F6FC5C4809F0F3FC5C4809F0F0FC9C
:104420005B4809F0EDFC5B4809F0EAFC5A4809F0EA
:10443000E7FC5A4809F0E4FC594809F0E1FC594806
:1044400009F0DEFC584809F0DBFC584809F0D8FCBC
:10445000574809F0D5FC574809F0D2FC564809F0F6
:10446000CFFC564809F0CCFC554809F0C9FC55482A
:1044700009F0C6FC544809F0C3FC544809F0C0FCDC
:10448000534809F0BDFC534809F0BAFC214809F033
:10449000B7FC514809F0B4FC1C4809F0B1FC64E7D2
:1044A00020464E4909F096FE00287FF4EAAE2046E9
:1044B0004B4909F08FFE00287FF4E3AE20464949BE
:1044C00009F088FE074600287FF4DBAE2046464907
:1044D00009F080FE8046002800F00A81022D00F0DD
:1044E000DA80424809F08CFC3FE77FF4BCAE4048DC
:1044F00009F086FC39E70170F9E700BF70B80108E0
:10450000A0B80108BCB801085CBA0108C4B8010829
:1045100004B90108E8B4010864BA010840B9010807
:1045200078BA010884B90108B4BA0108A8B9010829
:10453000C8BA0108FCB9010814BB010834BB010862
:1045400044BB010864BB010874BB010894BB0108AB
:10455000A4BB0108D0BB0108A0BD010858B80108E0
:10456000E8DA010874B8010830B9010850B9010847
:104570008CB90108B4B9010808BA01084CBA01089D
:10458000F4BD010898BE0108A4BE010818BF0108C7
:10459000A0BF0108CCBF01081CC001086CC0010805
:1045A000BCC0010814C1010880C10108A8C10108EC
:1045B000D4C1010834C201089CC20108E8C2010844
:1045C0002CC3010858C30108B0C3010808C401087E
:1045D00074C40108C0C40108F4C40108A8B80108E3
:1045E000B0B80108B8B80108E4BB010814C5010857
:1045F0006CB801082046914909F0ECFD002846D02E
:104600008F4809F0FDFB8F4809F0FAFB8C4809F050
:10461000F7FB8D4809F0F4FB8C4809F0F1FB8A4860
:1046200009F0EEFB8A4809F0EBFB8A4809F0E8FB49
:10463000854809F0E5FB884809F0E2FB874809F066
:10464000DFFB814809F0DCFB854809F0D9FB854890
:1046500009F0D6FB7C4809F0D3FB834809F0D0FB76
:10466000824809F0CDFB824809F0CAFB814809F075
:10467000C7FB814809F0C4FB804809F0C1FB8048B2
:1046800009F0BEFB7F4809F0BBFB7F4854E67F483A
:1046900009F0B6FB58E638467D4901AA09F0D0FD7D
:1046A00003780446002B3FF460AE051D413B232BED
:1046B00013D8DFE803F04139312912121212121215
:1046C00012121212121212121212121212121212CA
:1046D000121212121212413931296E4809F090FB60
:1046E00014F8013F002B3FF440AEA542DED13CE67A
:1046F0002046694909F06EFD00284ED0022D1FD0DA
:10470000664809F07DFB30E6654809F079FB002139
:10471000442003F0A3FEE3E7624809F071FB0021A7
:10472000432003F09BFEDBE75F4809F069FB0021B3
:10473000422003F093FED3E75C4809F061FBCFE72A
:104740004046534901AA09F07BFD03780446002B3B
:104750003FF40BAE051D413B232B13D8DFE803F0DC
:104760003E36422E1212121212121212121212128D
:104770001212121212121212121212121212121219
:104780003E36422E434809F03BFB14F8013F002B14
:104790003FF4EBADA542DED1E7E52046444909F000
:1047A00019FD002800F0B180012D00F0A680AE1E9A
:1047B000012E1FD93F4809F023FBD6E53E4809F0FA
:1047C0001FFB0121442003F049FEDEE73B4809F0CE
:1047D00017FB0121422003F041FED6E7384809F0DB
:1047E0000FFBD2E7374809F00BFB0121432003F010
:1047F00035FECAE7264901AA002009F021FD09F08B
:1048000063FCB0F5006F80F098802F4F022D386068
:1048100000F08A801E4901AA002009F011FD064619
:1048200009F0C0FCC107044600F18B80102800F29B
:1048300088803546DFF8948050E000BFE4BB010873
:10484000C4B8010804B90108E8B40108ECBB0108C8
:1048500040B9010800BC010884B901083CBC01084A
:10486000A8B9010850BC0108FCB901089CBC0108AA
:10487000BCBC0108D0BC0108F0BC010804BD0108A3
:1048800024BD010838BD010864BD010878BD0108D8
:1048900070B801081CC601085CBA010844C60108CA
:1048A000F8C50108D4C50108B0C5010864C50108F0
:1048B0001CC701083CC70108F8C60108B0C60108BA
:1048C00094C60108D4C60108203B0320183B0320EE
:1048D000284609F0D5FB023508F8010BAB1B9BB24B
:1048E0009C42F5D8601CC0F3470009F02BFC03463E
:1048F000AC48FB6009F084FA37E54FF0FF32AA4B71
:10490000AA481A6009F07CFA2FE52046A84909F068
:1049100061FC002861D0012D52D0AE1E012E14D9A9
:10492000A44809F06DFA20E5002009F00BFC0346CD
:10493000A148FB6009F064FA17E5A04809F060FAA5
:1049400013E59F4809F05CFA0FE59E4901AA002093
:1049500009F076FC09F0B8FBB0F5006F80F0AB8091
:10496000994F022D386000F09D8012F0A7FA28219F
:1049700012F0A6FA01AA9349002009F061FC06464C
:1049800009F010FCC2070446DBD41028D9D83546FC
:10499000DFF89C8205E0284609F072FB023508F832
:1049A000010BAB1B9BB2A342F5D3601CC0F34700C5
:1049B00009F0C8FB03468548FB6009F021FAD4E4FE
:1049C0004FF0FF32804B82481A6009F019FA12F05A
:1049D00075FA182112F074FAC7E420467D4909F0EF
:1049E000F9FB10B3032D03D07B4809F009FABCE4AE
:1049F000744901AA002009F023FC7249054601AA66
:104A0000002009F01DFC0A21002209F04DFC734929
:104A10000446284609F0DEFBA0B1714B71485C6189
:104A200009F0EEF9FFF73EF99FE420466E4909F0E0
:104A3000D1FB0746002842D0032D0FD06B4809F068
:104A4000DFF992E428466A4909F0C4FB002843D004
:104A5000634B6848DC6109F0D3F9E3E7594900206A
:104A600001AA09F0EDFB6449044609F0B3FB0028F4
:104A700074D040F2DF7401AA5249002009F0E0FB33
:104A8000054609F08FFB421E92B20D2A034661D8FB
:104A9000DB075FD420462946FFF75CFB574809F047
:104AA000AFF962E4002009F04DFB03465448FB6077
:104AB00009F0A6F959E4534809F0A2F955E4204653
:104AC000514909F087FB0646002851D0022D10D02D
:104AD0004E4809F095F948E428464D4909F07AFB1B
:104AE000002800F0BD803E4B4A481C6209F088F95E
:104AF00098E73846334901AA09F0A2FB451E041D78
:104B000015F8012FA2F12A03002A3FF42EACA5428A
:104B10003FF42BAC1A2B00F20E81DFE813F00301F7
:104B20000C010C010C010C010C010C010C010C011D
:104B30000C010C010C010C010C010C010C010C010D
:104B40000C010C010C010C010C010C018B00390053
:104B500098008F00304809F053F906E420462F49A9
:104B600009F038FB002800F0868040F2E17482E70B
:104B700020462B4909F02EFB0746002800F0028151
:104B8000022D00F0DC80274809F03AF9FFF7EDBB71
:104B9000254809F035F940F2E1702449FFF7DAFAC7
:104BA000AEE700BFC0C70108203B032024C70108AF
:104BB000ECC7010810C8010888C7010864C70108CC
:104BC000A8C7010870B80108F43A032084C8010896
:104BD000F4C70108ACC80108B0C8010810B6010844
:104BE0002C290320CCC8010810CA010814CA0108E6
:104BF000E4C80108ECC8010850CA0108E8CA010865
:104C000064C8010838C80108FCCA010804CB0108BF
:104C100000C9010808C90108BCCA010854CA010832
:104C2000B4CB0108BCCB010878CB010844CB010808
:104C3000EC3A0320964809F0E3F861E7954809F05B
:104C4000DFF840F2E3709449FFF784FA58E793489D
:104C500009F0D6F840F2E2708F49FFF77BFA4FE790
:104C600028468F4909F0B6FA68B18E4B8E489C6190
:104C700009F0C6F8D6E620468C4909F0ABFA80B1B7
:104C800040F2E274F7E62846894909F0A3FA80B1B8
:104C9000003C18BF0124834B86481C7409F0B0F80F
:104CA000C0E62046844909F095FA80B140F2E374E9
:104CB000E1E62846814909F08DFA90B1003C18BF21
:104CC0000124784B7E485C7409F09AF8AAE62046E5
:104CD0007C4909F07FFA90B17B4809F091F80024F3
:104CE000C9E62846794909F075FA60B1003C18BF59
:104CF0000124774B77481C7009F082F892E67648D9
:104D000009F07EF8EBE72846744909F063FA0028B9
:104D100072D0002C69D1724809F072F80222614BFE
:104D2000DA607FE66F4809F06BF840F2DF705A49AD
:104D3000FFF710FAE4E6684809F062F8E0E630466A
:104D4000694901AA09F07CFA451E041D15F8012FD6
:104D5000A2F12A03002A3FF408ABA5423FF405ABB9
:104D60001A2B3ED8DFE803F0343D3D3D3D3D3D3D4F
:104D70003D3D3D3D3D3D3D3D3D3D3D3D3D3D3D3070
:104D8000274C1E002046594909F024FA06460028FF
:104D900067D0012D5AD0022D3BD0554809F030F88C
:104DA000FFF7E3BA534809F02BF840F2E370524999
:104DB000FFF7D0F9CAE7514809F022F840F2E17054
:104DC0004D49FFF7C7F9C1E7314809F019F8BDE7C8
:104DD0004B4809F015F840F2DF704749FFF7BAF980
:104DE000B4E73D4809F00CF8B0E7464809F008F888
:104DF00000222C4BDA6015E6434809F001F811E671
:104E0000424808F0FDFF40F2E2703B49FFF7A2F98B
:104E10009CE73549384601AA09F012FA3C49044694
:104E200009F0D8F988BB20463A4909F0D3F938B3DC
:104E3000394C3A4802F026FB214640F2DF70FFF77A
:104E400089F9374808F0DCFFFFF78FBA354A334B52
:104E500012689A420CBF3448344808F0D1FFFFF77B
:104E600084BA2046324909F0B5F90746002800F017
:104E70008D80012D66D02F4808F0C2FFFFF775BA6C
:104E80002D4808F0BDFFFFF770BA2C4C2C48D1E735
:104E900050CB0108A0CB010844CB01088CCB010802
:104EA0001CC901082C29032020C9010858CA01087F
:104EB00034C9010840C901085CCA010868C9010871
:104EC00078C9010860CA010864CA010894C90108C8
:104ED00050040320A0C9010898CA0108C0C90108EC
:104EE000C4C9010820CB010870B8010868CC0108CA
:104EF0004CC4010848CC0108FCCB010808CC0108CF
:104F0000D4CB0108E0C90108F8C9010828CC010880
:104F1000C4CC0108CCCC010840B80108E80D020857
:104F200008CD01082001032074CC01089CCC0108A5
:104F30002CCD010838CD0108D4CC01084CB80108AB
:104F4000FC0D020801AABB49304609F079F9BA48BC
:104F500008F056FF304603F0BBFA322011F0D2FFC2
:104F60002946422003F07AFA06F0F2FE11F0CAFF59
:104F70002946432003F072FA06F0EAFE11F0C2FF60
:104F80002946442003F06AFAFFF7EFB92046AB49FF
:104F900009F020F930B1022D20D0A94808F030FFE7
:104FA000FFF7E3B92046A74909F014F9002800F0FB
:104FB000C580012D40F3BD8000209E4901AA09F063
:104FC0003FF9044600283FF4D0A99F4909F002F9AF
:104FD000E0B19E4808F014FFFFF7C7B9384695497D
:104FE00001AA09F02DF9451E041D15F8012FA2F1A3
:104FF0004103002A3FF4B9A9A5423FF4B6A9032B07
:1050000000F24683DFE803F0912D240B20469049FF
:1050100009F0E0F860B1FDF775FAFFF7A6B98D4821
:1050200008F0EEFE40F2E3708B49FFF793F8DCE7FF
:1050300020468A4909F0CEF80646D8B1884808F0DB
:10504000DFFEFDF71FF9874808F0DAFEFFF78DB99C
:10505000854808F0D5FE40F2E2707F49FFF77AF804
:10506000C3E7824808F0CCFE40F2E1707A49FFF7CE
:1050700071F8BAE720467E4909F0ACF8002870D0F4
:105080007C4808F0BDFEFDF729F94FF47A73044619
:10509000B0FBF3F002A903FB104409F033F90A2135
:1050A0000346B4FBF1F24FF02E09642503F1280802
:1050B000E84408F8209CB2FBF1F8B4FBF5F54FF09A
:1050C000200E4FF0250C0D2701FB124401FB182286
:1050D0000DF12808591C58FA81F1303501F8205C8F
:1050E000991C303258FA81F101F8202CDA1C58FA58
:1050F00082F2303402F8204C1A1D58FA82F202F87B
:1051000020EC5A1D58FA82F202F820CC9A1D07337F
:1051100058FA82F258FA83F302F8207C02A803F8C6
:10512000206C08F06DFEFFF720B9534808F068FEC8
:105130005BE7524808F064FEFFF717B92046504974
:1051400009F048F800287FF434AF20464D4909F0B3
:1051500041F828B3022D11D04B4808F051FEFFF75B
:1051600004B92046494909F035F8064600B34848D5
:1051700008F046FEFDF732FAFFF7F7B82D49002098
:1051800001AA09F05DF84349044609F023F8E8B1A3
:10519000012005F07BFF404808F032FEFFF7E5B83C
:1051A00020463E4909F016F8F8B10120FFF7E1B8B2
:1051B00020463B4909F00EF8002800F0BC80032D82
:1051C0007ED0384808F01CFEFFF7CFB8204636499D
:1051D00009F000F8002800F08880022005F056FF52
:1051E0002D4808F00DFEFFF7C0B820462F4908F003
:1051F000F1FF0028D9D120462D4908F0EBFF002807
:10520000D3D120462B4908F0E5FF06460028CCD133
:105210002046294908F0DEFF002800F0A480012D77
:1052200000F09780022D40F3AA80244808F0E8FDA2
:10523000FFF79BB870B8010860CD0108BCCD01082C
:10524000C8CD01087CCE0108A0B80108C4CE010871
:105250008CD5010838CE010808CE010894D5010884
:1052600098D50108A4D5010814CE0108E4CD0108A1
:10527000ACD50108B4D5010850CB010888CE01088F
:1052800080CE0108BCB801082CD70108CCD5010894
:10529000D4D5010870B601087CD70108CCD7010825
:1052A000ECD50108F4D5010844DC0108D0D7010889
:1052B000D8D70108E0D70108E8D7010840D801088D
:1052C000BD4901AA304608F0BBFF0A2102AA8DF8A9
:1052D000086008F0E9FF9DF80830C4B2012B11D036
:1052E000B64808F08DFDFFF740B82046B44908F0F5
:1052F00071FF90B1032005F0C9FEB24808F080FDAF
:10530000FFF733B8B04808F07BFD2046FDF7BEFE3E
:10531000AE4808F075FDFFF728B82046AC4908F004
:1053200059FF00285CD0042005F0B0FEA54808F025
:1053300067FDFFF71AB82046A64908F04BFF002882
:1053400000F08980032D32D0A34808F059FDFFF703
:105350000CB8A24808F054FDC82011F0D3FD09F0A4
:1053600037FCFFF702B820469D4908F033FF064698
:10537000002843D09B4808F043FDFEF7F6BF3046B7
:105380008D4901AA08F05CFF451EC41C15F8012FC9
:10539000A2F14103002A3EF4E8AFA5423EF4E5AF96
:1053A000032B00F27981DFE803F0D04738658249AA
:1053B00001AA002008F044FF00230A2102AA8DF868
:1053C000083008F071FF9DF80830C4B2012B87D176
:1053D0007D4808F015FD2046FDF7CEFCFEF7C5BF61
:1053E0002046814908F0F6FE002868D0052005F027
:1053F0004DFE744808F004FDFEF7B7BF20467B4918
:1054000008F0E8FE002800F0B680022D00F0A18030
:10541000774808F0F5FCFEF7A8BF764808F0F0FCE6
:105420000021432003F01AF8322011F06BFD012116
:10543000432003F013F8A9E76F4808F0E1FC0021CE
:10544000422003F00BF8322011F05CFD01214220D4
:1054500003F004F89AE72046684908F0BBFE08B359
:10546000674808F0CDFC032D13D0664808F0C8FC4F
:10547000FEF77BBF644808F0C3FC0021442002F023
:10548000EDFF322011F03EFD0121442002F0E6FF45
:105490007CE7494901AA002008F0D2FEFDF7A4F9F3
:1054A000FEF763BF2046594908F094FE064698B1BE
:1054B000574808F0A5FCFDF7D7FAFEF756BF20467F
:1054C000544908F087FED8B1062005F0DFFD3D48BD
:1054D00008F096FCFEF749BF20464F4908F07AFED7
:1054E00000B3042DC1D1344901AA304608F0A8FE0A
:1054F000FCF708FD88B9354808F082FCFEF735BF97
:105500002046464908F066FEA8B1072005F0BEFD1A
:105510002C4808F075FCFEF728BF414808F070FCE5
:10552000FEF723BF20463F4908F054FE40B1FCF788
:1055300015FEFEF71ABF3C4808F062FCFEF715BFE7
:105540003A4808F05DFCFEF710BF394808F058FCF7
:105550001CE71949304601AA08F072FE3549044695
:1055600008F038FEC8B1012005F0CEFA324808F044
:1055700047FCFEF7FABE2046304908F02BFE002813
:1055800069D000F03DFF002860D02D4808F038FCBD
:10559000012000F045FFFEF7E8BE2046294908F04B
:1055A00019FE002862D0284605F0AEFA264808F019
:1055B00027FCFEF7DABE00BF70B801082CD6010840
:1055C00088D701087CD7010818D6010824D601081D
:1055D0008CD7010840D601084CD60108F0D7010845
:1055E0004CD9010854D9010890D70108D0D9010835
:1055F000D8D9010824D9010810D9010874D60108A6
:105600007CD6010888D6010838D90108A8D6010837
:10561000B0D6010894D70108CCD6010898D7010864
:10562000D0D60108ECD601089CD70108F4D60108B1
:10563000C4D8010870B60108F8D9010864DA010875
:105640006CDA010844DC01080CDA0108144808F09F
:10565000D7FBFEF78ABE134808F0D2FB204608F0BD
:10566000CFFB114808F0CCFBFEF77FBE20460F4968
:1056700008F0B0FD38B1032005F046FA0C4808F0F8
:10568000BFFBFEF772BE0B4808F0BAFBFEF76DBE1B
:10569000094808F0B5FBA8E4074808F0B1FB75E637
:1056A0007CDA010890DA0108A4DA010888D7010839
:1056B00020DA010834DA01085CCE01082DE9F04750
:1056C00003780546A3F13002012A0E46A0B040F24D
:1056D0008F800022824FCDE90B227979012910D0E9
:1056E0000024DFF80082752BD8F80020CDE90D44A6
:1056F0000A9213D1132E00F06E81002020B0BDE875
:10570000F087701E295C0024692904BF4FF0004215
:105710000646752BCDE90D440A92EBD0295D224651
:10572000722905EB040900F0E58000F24581522959
:105730007FD054297DD0233B562B00F23881DFE8FF
:1057400013F08F04360143045F033601360136013E
:105750003601360136013601360136013601360191
:105760003601360136013601360136013601360181
:10577000360136013601360136015B0182043601FD
:105780003601B90398038B03E003CF035B01CB031E
:10579000C303F703E803100472033703360136012D
:1057A000360111033601360145030303FA02EF0205
:1057B000E502360136013601600136013601680125
:1057C000630179026B023601C40236015B01B90242
:1057D000D402A1023D022A0214023601C2019A013A
:1057E00036018501360136017C01750159024802F6
:1057F0004FF4001142780C91302A00F0CD804FF424
:105800008010374F0B907979012900F0D98000235F
:105810003449722A0968CDE90D330A9105F101096D
:1058200066D063D8522A02D0542A40F0C0800124A6
:105830002246B71A092F40F2BA804FF080434FF04A
:10584000000A601C28440793CDF820A008F04CFC07
:10585000069004F10900284408F00CFC99F8003087
:105860008046522B099003D14FF00053D046089345
:10587000404608F061FC053000B2B7EB400F40F045
:1058800096800A34013EA64288BF00270DD9281908
:1058900008F0F6FB0234E4B220AB53FA87F3B442CB
:1058A00003F8400C07F10107F1D308F073FA10ACCC
:1058B00001210D4806AE08F083FA21463046FEF776
:1058C000EDFA022800F08B8008F070FA4046069D41
:1058D00008F032FC22460146284601F007FE0CE79C
:1058E0007401032010000320E8B40108742A5ED17B
:1058F00001242246B71A042F59D94FF0000A601C20
:105900002844CDE907AA08F0DFFB0690201D2844B3
:1059100008F0B0FB99F800308046722B099003D153
:105920004FF00053D0460893404608F005FC05238D
:1059300000B203EB40039F4239D10534013EA64239
:1059400088BF00270DD9281908F09AFB0234E4B269
:1059500020AB53FA87F3B44203F8400C07F1010778
:10596000F1D308F017FA10AC0121B94806AE08F0DF
:1059700027FA21463046FEF791FA0228A4D108F012
:1059800015FA02E00A2011F0BDFA21463046FEF772
:1059900085FA0228F6D099E70022AE4F0B9279796A
:1059A00001290DD0AC4B0D921B680E920A93012178
:1059B000AA4808F0B7F9A0E674297FF4BCAE99E7CD
:1059C000721EA95C692900F06B8300220124CDE9D5
:1059D0000D220A92A2E6284601F0EEFE8DE608F0BE
:1059E000E5F902E00A2011F08DFA21463046FEF773
:1059F00055FA0228F6D069E71621994808F092F97D
:105A00007BE6984808F0FCF90121914808F08AF9F2
:105A100073E6022ECBD16B78934A303B18BF01233B
:105A200001218B48137408F07DF966E6FEF73AF918
:105A30000121874808F076F95FE6022EB7D16B782E
:105A4000302B0CBF002301237B71DDE7052EAED187
:105A50000126854CA819666108F012FB0346E81C74
:105A6000E36108F00DFB2062FEF71CF9314678482F
:105A700008F058F941E67D4808F0C2F940217A481B
:105A800009F01EFE08F0D2F9794C774809F022FEA1
:105A900008F0CCF9206812F015F808F0C7F9206872
:105AA000744C12F023F808F0C1F9206812F00AF8DB
:105AB00008F0BCF9206812F019F808F0B7F964484A
:105AC00008F09EF919E6022E7FF471AF6B78423B25
:105AD000022B3FF66CAF00234FF400124FF48011FD
:105AE000BB70CDE90B12099340F281123B70002389
:105AF0004FF01409CDE90623DFF85C8110AC06AE47
:105B0000002002F0E5FCFEF72FFAFEF7CBF8642048
:105B100011F0F8F96878012102F0BEFC68780121E3
:105B200002F09CFC484611F0EDF902E00A2011F069
:105B3000E9F921463046FEF7B1F90228F6D03220C5
:105B400011F0E0F9D8F8143023B909F11409B9F5C6
:105B5000D27FD5D1D8F81430002B3FF428AF0121E3
:105B60003B48397008F0DEF8C7E5012E7FF41FAF1F
:105B70003146374808F0D6F83F4801F0D3FE002000
:105B800002F0A6FC002002F0BDFC642011F0BAF97E
:105B900009F01EF8B1E5042E00F03483092E7FF4DD
:105BA00006AF681C08F0A0FA03462B4A23F0004316
:105BB00001212748136508F0B5F89EE50121244826
:105BC00008F0B0F80123284A3B70D360FEF76AF86A
:105BD00093E5032E7FF4EBAE6878A0F14203022B2D
:105BE0003FF6E5AEAB78302B0CBF0021012102F06F
:105BF00035FC09E77822214B8DF84020D3F8900539
:105C00000DF1410108F040F90D230A2110A88DF88B
:105C1000493008F087F870E5022E7FF4C8AE6B7843
:105C2000302B00F01683312B7FF4EEAE012001F013
:105C300073FEE9E6022E7FF4BAAE6B78302B40F0AB
:105C4000C882012100230E4A1170BB70DCE600BF40
:105C5000E8B40108740103201000032078B30108A0
:105C60005CDB01082CDC01082C29032074DB010813
:105C7000C8390320C43903207CDB01080000FA0B7B
:105C800092000320092E7FF492AE681C08F004FAFB
:105C90000346BE4C681D636108F0F2F90346E81D37
:105CA000E36108F0EDF903460121B948236208F0E9
:105CB00039F822E5022E7FF47AAE6B78B348302BA8
:105CC00000F0C38209F030FB9EE6022E7FF46FAE37
:105CD0006B78302B00F0AB82312B0CBF4FF480720D
:105CE0004FF44072A94B9A608EE66A238DF84030DB
:105CF00006F02EF80DF1410108F034F90D230421CE
:105D000010A88DF8433008F00DF8F6E4022E7FF469
:105D10004EAE6B78302B0CBF00230123FB7073E673
:105D2000022E7FF444AE6B78302B0CBF0020012094
:105D300002F0CEFB68E612F013FD102840F2BE819F
:105D4000944808F05DF8D8E4022E7FF430AE6B780A
:105D5000303B032B3FF62BAEDFE813F0A001970199
:105D600095018B01B31E062B3FF621AE01220020C8
:105D7000894CA9182E4411F8013B00EB8000303B00
:105D800003EB4000DBB2092B8CBF002202F00102C2
:105D9000A0428CBF002202F001028E42EBD1002A09
:105DA0003FF405AEFEF710F800287FF400AE2BE6B6
:105DB000012E7FF4FCAD3146754807F0B3FF002299
:105DC000724B3E70DA60FDF76DFF96E402F0E2FB85
:105DD0000F21002800F06E81704807F0A3FF0C210E
:105DE0006F4807F09FFF01216E4807F09BFF0921D4
:105DF0006D4807F097FF02216C4807F093FF7CE4A1
:105E0000062E7FF4D4AD05226949681C08F0ACF970
:105E1000002840F01582674807F0F2FF01215C4836
:105E200007F080FF69E44E23634D644E0DF1410499
:105E30008DF8403015F8040B214608F093F8B54270
:105E400004F10204F6D1192110A807F06BFF01211B
:105E50004F4807F067FF50E410A94C4809F0F6FBE3
:105E600002A94A4809F01AFC10A902A801F012FD83
:105E700043E4534808F096F9431C9E427FF497ADE3
:105E80004F4808F08FF94E490246681C08F0C0F9E7
:105E900000287FF48CAD01213D4807F043FFC82066
:105EA00011F030F803F0DAFC002840F0D78103F05D
:105EB00021FD7CE5012E7FF47AAD00233146344884
:105EC0003B7007F02FFF18E44A238DF8403005F0AF
:105ED0004DFF0DF1410195E63A4801F0BBFC0CE4A1
:105EE000032E00F09D81052E7FF461AD681C08F043
:105EF000C7F80346254CE81CA36108F0C1F8A0626E
:105F000082E546232F4A0DF1410110798DF840308A
:105F1000F2E6012E7FF44BAD31461D4807F002FF3B
:105F200002221A4B3E70DA60FDF7BCFEFFF7E5BBBC
:105F3000072E7FF43CAD681C08F0A2F80346134C12
:105F4000E81C636208F09CF80346681DE36208F0F1
:105F500097F8034601210E48236307F0E3FEFFF79D
:105F6000CCBB042E00F04081092E7FF420AD681CCC
:105F700008F0BAF80346134A23F00043012104480D
:105F8000D36407F0CFFEFFF7B8BB00BF2C29032076
:105F9000E8B401088CDB010840420F00F4DA010884
:105FA00014DB010870B8010820DB010818DC0108C7
:105FB00040DC010848DC01089005FA0BC005FA0B2B
:105FC00078DB010810000320032E7FF6F0AC6F1C75
:105FD000384608F079F87608023E1FFA86F8404500
:105FE00004467FF4E4AC05F104084146B2B29D4892
:105FF00010AE08F025F812F0ADFB22469A4B9949F5
:10600000009607F0C1FD3946BDF8400007F072FF69
:10601000BDF840204046944907F014FF0D22BDF81A
:1060200040302846023305F813205B00591C07F066
:1060300079FE12F08FFB22468B4B8A49009607F0BF
:10604000F3FDFFF75ABB022E7FF4B1AC6B78302B17
:1060500000F0F280312B7FF4D7AC01233B71D3E405
:10606000012E7FF4A4AC814807F0CAFE3046FFF74A
:1060700045BB03227E4B01217E48DA625A6407F059
:1060800051FEFFF73ABB0222F4E70121784B794831
:10609000D962596407F046FEFFF72FBB0022E9E7FB
:1060A0004FF00041164600220124CDE90D220A914D
:1060B000FFF734BB704807F035FE90E66F4807F0F5
:1060C0009FFE12F04DFB02AA01466D4812F060FDE2
:1060D00010AC6C4807F094FE00212246029807F0AD
:1060E0005BFF204607F08CFE674807F089FE4FF003
:1060F0000009DFF88C8160E0642206EBC60308EB40
:1061000083039B69F50002FB03F3B3FBF7F3DFB2F4
:1061100022460021304607F03FFF05EB060A2046E5
:1061200007F06EFE08EB8A0A584807F069FEDAF8B5
:10613000040007F065FEDAF8040008F033F80728D9
:1061400094BF5348534807F05BFEAB1908EB830339
:106150001B7B3544052B96BF4F4A504852F823000D
:1061600007F04EFE22460021384607F015FF494849
:1061700007F046FE204607F043FE08EB8505484839
:1061800007F03EFE22460021288C07F005FF41481B
:1061900007F036FE204607F033FE3E4807F030FE9B
:1061A00022460021A86907F0F7FE204607F028FEE6
:1061B000304807F025FE09F1010912F0D1FA5FFA23
:1061C00089F6B0427FF699AA029F002F94D1F5007C
:1061D0009EE70024334B3C70DC60FDF763FD012239
:1061E000314BBA701C700FE4681C07F06DFF03465A
:1061F0001F4AC3F30A0301211E48536307F092FDAF
:10620000FFF77BBA681C07F05FFF0346184AC3F329
:106210000A0301211748936307F084FDFFF76DBA65
:10622000681C07F02DFF1F4B9861FFF7EDBB0022A4
:106230001C4B9A60FFF7E8BB00233B71FFF7E4BB00
:106240001A4807F0DDFDFFF758BA09F07FF8FFF7AD
:10625000DBBB002001F060FBFFF7D6BB14F084FA33
:10626000FFF7A5BBB87F0120B46F01202CDB01082C
:1062700010000320E8B4010804DB01089CDB0108DE
:10628000746D0120E8DB010808DC01081CDC010852
:1062900020DC010824DC0108F8E80108ECDA010838
:1062A00028DC01082C2903209200032060DC01086F
:1062B000024A034B10801980704700BF640003201E
:1062C0004A3B0320F8B500254FF400770E46384BC3
:1062D000384AC3E90055C3E90255374B37491D8099
:1062E000374B17801D80374BB5221D80364B044637
:1062F0001D70364B36481D7014F0D0F92946344DC8
:106300003B2205F1B50014F027F9002E4AD02046B3
:1063100005F2FF13344410F8012BA04203F8012FBB
:10632000F9D1002206F500702A4B80B2B0F5805FEB
:10633000C3E9002207D0264BC6F56062002192B265
:10634000184414F009F90024234B4FF480622146CD
:1063500022481C7014F000F9214A224B158822466D
:1063600065F30F0465F30F0203F5905065F31F44C6
:1063700065F31F42C3E9004208339842FAD103256E
:1063800000221821184B2E241D70184B40201A7023
:106390002022174B1980174B17491C80174B087088
:1063A0001A70F8BD0B4B3846C3E90066C3E700BF5F
:1063B000A43B0320983B0320B43B0320A0DC01084E
:1063C0009A3B0320543B0320513B0320503B0320C6
:1063D000BC2302209C3B0320493B0320BC1F02201E
:1063E0004A3B0320BC8F0120680003204C3B032064
:1063F0006C0003206A00032067000320660003206E
:10640000014B1878704700BF483B03200122024926
:10641000024B08601A707047443B0320483B03203E
:106420000022014B1A707047483B03202DE9F04FC2
:106430003D493E4B3E4A91F800801B7892F800900F
:1064400089B0B8F1000F6CD003FB08FE394A03FB9A
:106450000EF0128838490392384AB1F800A01D4660
:1064600000214FEA4E0E4FEA400BA2EB4304B9F174
:10647000000F08D1013188B2804541D9013188B27D
:106480008045F7D83CE00592084622460146069032
:1064900000275046EC1A049402EB450C0792284C56
:1064A000CA08A25C01F00704E24012F0010F039A4F
:1064B00014BF04461446A3B16646DDF810A0CDF81B
:1064C00008C0B446002201329342ACF80040F444C4
:1064D000F9D10AF1010AAA4506F10206F1D1DDF867
:1064E00008C00137BAB291454144DC44D7D882464E
:1064F000DDE90602013081B241451D44C6D3059A4B
:1065000018FB03F81FFA88F80E490F48009203FBA6
:1065100009F342460988008805F0A6FA09B0BDE8EB
:10652000F08F064AF0E700BF6700032068000320F1
:10653000660003204A3B032064000320BC8F012037
:10654000BC1F02206A0003206C00032000212DE9FB
:10655000F04F744B744A93F820308BB0023B11809B
:10656000042B06D8DFE803F04E5155034B0080237F
:1065700013806E490B68C31A102B09D96C4C237811
:106580000BB1013B23706B4C2378002B34D1086096
:1065900040F6FE73684C27889F4227D8674B1D88BA
:1065A000B5F5805F22D26649664ECB195B78C95D2E
:1065B00043EA0123194603F47040B0F5004F1BB2C3
:1065C000318000F0DD8228D8B0F5804F00F07E8168
:1065D0003FD8B0F5005F00F0398300F22A8300282D
:1065E00000F07D81C3F30B03238002E00022564BB1
:1065F0001A700BB0BDE8F08F013B2370C7E7402352
:106600001380B6E720231380B3E74FF48073138021
:10661000AFE74FF400731380ABE7B0F5404F00F0E5
:1066200024832FD8B0F5204F00F0FC82B0F5304F16
:1066300000F03C81B0F5104FD8D1444BC1F3032298
:10664000C1F303119A5C5B5C9A4216D00237BFB269
:1066500013E0B0F5C04F00F0CC82B0F5E04F00F091
:106660002C81B0F5A04FC1D1384AC3F30321C3F345
:106670000313515CD35C9942E8D0023727800BB0FA
:10668000BDE8F08FB0F5604F00F0BA82B0F5704F02
:1066900000F07481B0F5504FA8D12C4AC1F303200B
:1066A00012F800A04FF0000C1046294FC1F303115F
:1066B000525C03F00F063B78069280F80FC0002B67
:1066C00000F04382002E00F0E082082300221FFA2F
:1066D00086F9039307931F49079B097853448B421C
:1066E00000F3D0821C4B06991B7849449942D4BFD1
:1066F0000023012302930027002A14BF4FF4004314
:106700008023BB460493CDF824A0B9F1100F00F00C
:106710002D820B4B1D4415F807800025099ECDF8EE
:1067200020906FE070000320523B0320443B032085
:10673000503B0320513B0320983B03209A3B03200E
:10674000BC230220B43B0320483B0320A43B03208E
:10675000493B03206700032066000320BB4B069AD9
:106760001978BB4B3A441B78B2FBF1FCB6FBF3F053
:106770004FF0010A01FB1C2203FB106003FB020324
:10678000DFF8E8924FEAD30E19F80E1003F0070372
:1067900021FA03FB1BF0010F059218BFAD4A0AFA5C
:1067A00003FC5FFA8CFC18BF82F80FA0029A0CBFA2
:1067B00041EA0C0121EA0C0109F80E10002A00F050
:1067C000D281D940CB0754BFA34BA44B059A1B8859
:1067D000A3490093A34B09881B784FF0010B12FBD0
:1067E00003F210FB03F011449F4A89B2128810444F
:1067F00080B21A4605F0C4F8039B01359D4206F1AC
:1068000001064AD0049B2B4113EA080FA6D1029B34
:10681000002BF1D18D4B19788D4B1A78069B3B4498
:10682000B3FBF1F001FB103096FBF2F302FB1363B4
:1068300002FB00338D49DA08895C03F00703D94075
:10684000C90754BF844B854BB3F800C0854B1978FA
:106850000029D1D0079B15FB01F911FB03F211FBB5
:1068600007F313FB02935000814A09EB010A02EB84
:10687000430E7246002301338B42A2F800C002444B
:10688000F9D109F10109D1450EF1020EF1D1039BB5
:1068900001359D4206F10106B4D1DDF820900137A3
:1068A0004F4500F09981734B1D882EE7694AC3F369
:1068B0000B031278134423809BE66648C3F303213D
:1068C000425C023713442780435492E66149C3F384
:1068D00003228A5CDBB29A427FF4B8AECDE6DAB22C
:1068E000012A3FF4CAAEE03A91B21F2900F2C480F7
:1068F0001F2A00F2C18001A151F822F0B76F0008F1
:10690000796A0008796A0008796A0008796A0008DB
:10691000796A0008796A0008796A0008796A0008CB
:10692000796A0008796A0008796A0008796A0008BB
:10693000796A0008956F0008796A0008796A00088A
:10694000796A0008796A0008796A0008796A00089B
:10695000796A0008796A0008796A0008796A00088B
:10696000796A0008796A0008C96E0008556D000848
:10697000ED650008E96C00084F6E0008DBB2332BB0
:1069800000F39381062B7FF731AE073B2C2B3FF6AC
:106990002DAE01A050F823F0A1720008ED650008AB
:1069A000ED650008FD700008ED650008ED65000864
:1069B000ED650008ED650008ED650008ED6500086F
:1069C000ED650008ED650008ED650008ED6500085F
:1069D000E9700008ED650008ED65000829730008FE
:1069E000ED650008ED650008ED650008ED6500083F
:1069F000ED65000813730008ED650008ED650008FB
:106A0000ED650008ED650008ED650008ED6500081E
:106A1000ED650008ED650008ED650008ED6500080E
:106A2000FB720008ED650008ED650008ED650008E3
:106A3000ED650008ED650008ED650008DF720008EF
:106A4000ED650008ED650008377200086600032058
:106A500067000320A43B03204A3B0320640003207B
:106A60006A000320680003206C000320BC1F022082
:106A7000BC8F01209A3B032003F0F002C02A00F0F3
:106A80006983D02A7FF4B2ADA34A03F00F031278D2
:106A9000002A54D000254FF0010B9C469F4902FB71
:106AA00003F991F800A0AAEB030802FB08F1E24504
:106AB00028DD2F46CE46CDE902CCCDE90415984815
:106AC0004FEADE03C35CF90810F801C018460EF067
:106AD000070607F007030BFA03F320FA06F6DBB20A
:106AE000F00743EA0C0558BF2CEA03058C4B96448B
:106AF0005D54029B174401339A450293DFD1DDE9CF
:106B000003C1059D904513DA0B46464684484FEA7B
:106B1000D30E10F80E0003F007070BFA07F720EA70
:106B2000070701367E48964200F80E701344EDD1F7
:106B30000135954201F1010109F10109B7D1FFF7D2
:106B400075FC23880233238053E5764BC0221B88D3
:106B50002E2100931820602304F012FF01233B70C4
:106B6000714B1D88AEE54FF0010B68E66F4B05EBEE
:106B700047055A1992F801805B5D48EA0328CCE585
:106B8000C1F3032203F00F031546C1F303100E2BCC
:106B90003FF62CAD01A656F823F000BFDB700008CD
:106BA000C9700008B7700008A5700008857000085B
:106BB0003B7000082570000807700008ED650008AC
:106BC000ED650008ED650008ED650008ED6500085D
:106BD000ED650008F36F0008DDF824A0BBF1000F9D
:106BE00003D0029B002B00F04981238802332380CD
:106BF000FFE44F49C3F3032202378B542780F8E4A4
:106C0000DBB29E2B47D0A12B7FF4F0AC4848C1F3F8
:106C100003211388425C1341DB073FF52EAD043797
:106C20002780E6E4404AC3F30B0302371380278032
:106C3000DFE4B0F5405F7FF4D9AC3D49C3F30322F4
:106C40008A5CDBB29A427FF418ADFFE439493A48D6
:106C50000A8820F81270013292B21F2A0A807FF649
:106C6000C1AC0021354A1170BCE405F071F83388DD
:106C70002F4DC3F3032100EA030223886A54023331
:106C80002380B6E40123029335E5102301229946BF
:106C9000039307931FE52648C1F303211388425C41
:106CA0001341DA077FF5E9ACB9E7752B00F0EF8205
:106CB00000F3BF80552B00F0FD82652B7FF496AC6E
:106CC000C1F30326AB19B3F5805FBFF68FAC174B4A
:106CD000721C5919164813F0E1FC0135124B2E4471
:106CE00002371E80278084E4032000231821144AE1
:106CF000202510702E20402202372780114C23704F
:106D0000114C2370114B054C19801149024B257011
:106D100008801A706DE400BF67000320660003203E
:106D2000BC1F02204A3B03209A3B0320BC230220C5
:106D3000A43B0320543B0320583B0320483B032043
:106D400068000320493B03204C3B03206C000320D8
:106D50006A000320BC4BBD4A1B7892F800A0002BB0
:106D60000CBF4FF0020C4FF0040CBAF1000F3FF4CF
:106D7000E6AE0025B64B4FF001091E78DFF8D4E2ED
:106D8000A6EB0C07B0463B4637462E46002B4ADDA5
:106D900070462A46CDE90237CDE904CACDE9068519
:106DA0000CEB050103EB050BD3081EF80350CF08CD
:106DB00001F0070302F0070A1EF8078009FA03F33F
:106DC00025FA0AF5DBB2ED0702F1010243EA080CED
:106DD00058BF28EA030C93450EF807C001F10101E2
:106DE000E2D1DDE90237DDE904CADDE90685BB420F
:106DF00080F246820246594602934FEAD10B12F8BE
:106E00000B3001F0070009FA00F0013123EA00031A
:106E1000414502F80B30F0D1029B0136B245B8442F
:106E20003D44B3D18BE6BB42F7DA8A4A03EB050B4C
:106E3000E1E7852B7FF4DAABC1F30322864887496B
:106E40000132023713F02AFC2780FFF7D2BB01235F
:106E50003825834802370370824827800580002048
:106E6000802440228049814D0870794977480C7010
:106E700075492A8002700B70FFF7BBBB744B1A7800
:106E8000724BBAFBF2F11B7802FB11A00699B1FB21
:106E9000F3F203FB1211724B1A7812FB07F311FB8A
:106EA00002F110FB02F012FB05F2704D9BB22D882F
:106EB00092B229446B4D89B22D8828446C4D80B222
:106EC000009504F0D1FD90E65F4B604A1B7892F884
:106ED00000A0002B0CBF4FF0020C4FF0040CBAF1D5
:106EE000000F3FF42CAE4FF001090022584B0CF17B
:106EF000FF3793F80080A9EB0C0B08F1FF33A3EBED
:106F00000C0E544BE0450BEB070640D97046CDE91B
:106F1000028CCDE904260CEB0E01CDF818A0CA08AE
:106F20009D5CC60800F0070201F0070A13F806800E
:106F300009FA02F225FA0AF5D2B2ED0701F1FF31A2
:106F400042EA080C58BF28EA020C8F4203F806C038
:106F500000F1FF30E3D1DDE903C2DDE9056A4FEA64
:106F6000D60813F8080006F0070509FA05F520EA27
:106F70000500B74203F8080006F10106EFD1DDF87D
:106F80000880013252454744C644BBD1D7E5CDF80D
:106F90000880E4E7374A1388013B9BB21F2B13801C
:106FA00002D90021344A1170344A32F813300233C6
:106FB0002380FFF71EBB4FF480620021254813F0A9
:106FC000CBFA2349264A214B087812781B782749A7
:106FD00002FB03F300FB02F22948098800880090B5
:106FE0002048008804F0CCFC238802332380FFF77C
:106FF00000BB194A0237135C27805900DB09515541
:10700000D373FFF7F6BA144B0237185C995C2780EC
:107010008142A0EB01048CBF002101219C54D97353
:10702000FFF7E7BA0C4A0237135C2780590803F0D0
:1070300001035155D373FFF7DCBA074B0237195CD4
:107040002780985CE4E700BF4C3B032066000320E8
:1070500067000320BC1F0220A43B03209C3B0320AD
:10706000680003206C000320493B03206A000320D2
:10707000BC8F0120543B0320483B0320583B032096
:107080004A3B0320AD4B0237195C985C27800C18F3
:10709000C0F1FF008142D4BF002101219C54D9736B
:1070A000FFF7A7BAA54B0237195C985C27804140CF
:1070B0009954FFF79EBAA14B0237195C985C278060
:1070C00001409954FFF795BA9C4B0237195C985CC4
:1070D000278001439954FFF78CBA984B0237195C0B
:1070E00027809954FFF785BA944AC1F30321525C73
:1070F000934B02371A702780FFF77BBA0020914D1F
:10710000B2F800804FF0010E84462A8805E04FF067
:10711000010CB2B20130102815D048FA00F30EFA73
:1071200000F613F0010346EA0206F0D142FA00F637
:10713000F607EFD52B80814BC1F30321023727805F
:107140005854FFF756BABCF1000F3FF452AA2A80F8
:10715000FFF74FBA7C4A03F00F05117800293FF47E
:10716000EEAC7A4B6A1E1B7800205B1B5F1E1A4434
:10717000002F01FB02F201FB07F62EDB744B944655
:10718000B046BB46CDE9025204904FF001094FEAE8
:10719000D80E13F80E500CF0070E4FEADC0209FA75
:1071A0000EFE08F00709985C25FA09F95FFA8EFED1
:1071B00019F0010F0BF1FF3B40EA0E0A08BF20EA6D
:1071C0000E0ABBF1FF3F03F802A0A8EB0108ACEBED
:1071D000010CDAD1DDE9025204980DB34FF0010A37
:1071E0005B4B84464FF0000E4FEADC0913F8098030
:1071F0000CF0070B0EF1010E0AFA0BFB28EA0B0844
:10720000754503F809808C44EED10130814206F1C6
:10721000010602F101023FF492AC002FAFDAE0E781
:107220000130814206F1010602F101023FF487AC10
:10723000002FA3DAF4E705F1020CBCF5805FBFF67E
:10724000D5A90237278064243C4BC1F303215A5C43
:107250000A20B2FBF4F33F4E735504FB1323DBB259
:10726000B2FBF0F2B3FBF0F400FB1433B2FBF0F42A
:1072700000FB142271194A7006F80C30FFF7B9B9F7
:1072800001365645B8443D447FF483AD57E4C1F31D
:10729000032201322949304813F000FAFFF7EDB913
:1072A000274A264B1278C1F3032102375A5427800C
:1072B000FFF79FB9C1F30326AB19B3F5805FBFF6A3
:1072C00095A9244B1D495819721C13F0E7F9013593
:1072D000224B7119023719802780FFF78AB9174BA3
:1072E000C1F303215B5C1D4A03EB83035B000237A0
:1072F000503313802780FFF77CB9104BC1F3032173
:107300005B5C164A023703EB830313802780FFF789
:1073100070B90A4BC1F303215B5C104A02372B445E
:1073200027801380FFF765B9044AC1F30321525C3B
:107330000B4B02371A702780FFF75BB9A43B032081
:10734000513B03204E3B03206700032066000320CF
:10735000BC1F0220BC2302209C3B03209A3B03203D
:10736000503B0320704700BF91B14FF0FF3210B483
:10737000084C014410F8013B5340DBB254F8233071
:10738000884283EA1222F5D1D0435DF8044B70475E
:1073900008467047E0080208704700BF704700BF0A
:1073A0000022014B1A607047BC3B0320034B1B6853
:1073B0009B7C03B9704701F0EBBC00BF20010320A8
:1073C00000207047024A136801331360704700BF02
:1073D000BC3B0320024A136801331360704700BFAF
:1073E000B83B0320124B1B68198901B310B4002469
:1073F0005B68104A03EB411CD3E90001C2E90001BC
:10740000986899699061D8682033506153F8100CDE
:107410006345C2E9024053F80C0C02F1740242F8D1
:10742000100C42F8041CE7D15DF8044B704770471C
:1074300020010320C03B032070B500240E4B012126
:107440001B680E4A9D7C0E4B2D1B18BF01256D42FB
:1074500003F54B761170EDB218460822294613F059
:107460007BF803467433B342C0E91144F4D1BDE85C
:107470007040FFF7B7BF00BF200103209200032038
:10748000E43B032050B3164B1A68824226D02DE904
:10749000F041857C0122003D18BF01250024114EDA
:1074A000186096F80080104B6D4203F54B775FFA39
:1074B00088F83270EDB218460822294613F04CF8CD
:1074C00003467433BB42C0E91144F4D1FFF78AFF8D
:1074D000FCF778FC86F80080BDE8F081704700BFBB
:1074E0002001032092000320E43B032000293CD02C
:1074F000F0B5784B83B01D68AF7C6FB906462C8A17
:1075000044B1EB6803EBC40C1C68B4420FD00833E1
:107510006345F9D103B0F0BDC0F30743EF2B4FEA49
:107520001024C0F31126EAD86B4E2640E7E71C79F9
:10753000E7B1B6F56F4F49D04FF6D4539E426CD0A9
:107540004FF602739E4200F0B3800F2C10D12B68CF
:107550001046DB6F00929847009A137803F00303FC
:10756000032BD7D05D4B1883D4E77047082C3BD052
:107570002B68104603EBC4035B689847102CC9D8EE
:1075800001A353F824F000BF3D760008717600088F
:10759000777600087D7600088376000889760008F3
:1075A0008F760008957600089B76000855760008CF
:1075B0005D760008657600086B760008497600085D
:1075C0004F7600086575000843760008C0F3072071
:1075D000132866D05A289DD12B6810465B6D9847BA
:1075E0003E4AC3B2D37595E72B6810465B6C009199
:1075F000019298470099394CC0B20129207389D073
:10760000019A1046FCF778FA84F8200094F82000DC
:1076100003B0BDE8F04002F043B8C3B2212B50D014
:107620005A2B7FF477AF2B681046DB6C9847C3B2B8
:10763000032B3FF46FAF294A93756BE7274B5880B4
:1076400068E7264BD88365E7244B188262E7234B13
:1076500098835FE7214BC0B298755BE71F4BC0B2C0
:10766000D87557E71D4B588354E71C4B588251E798
:107670001A4B18804EE7194BD8804BE7174B988070
:1076800048E7164B988245E7144B588142E7134B65
:1076900018813FE7114BD8813CE7104BC0B21873FB
:1076A00038E72B681046DB6A98470C4B588131E766
:1076B0001046FCF737FA094B83F8200093F82000B6
:1076C000A6E72B6810465B6F9847044AC3B29383C2
:1076D00020E700BF2001032000FF0300700003200B
:1076E000314B1B78002B5DD12DE9F047DFF8C490BA
:1076F00003F0FF05D9F8003082B01B89002B4ED073
:107700002A4C0646A4F12407C4F1000808E0D9F881
:10771000003001351A89ABB29A4204F174043ED9A3
:10772000A36C226CF31A9342F1D3B4F94C3008EBFA
:10773000040A0AF1240000EBE300002B384408DBC4
:10774000B4F8443002225BBA01A9ADF8043006F067
:10775000FFFCB4F94E30002B4FEAE30111DB204669
:10776000FFF702FEB4F94E300190002B0AF124001D
:10777000B8BF073300EBE300042201A9384406F048
:10778000E7FC0B4B21461B68A4F1240044F8143C91
:10779000FCF784FB636CA66401336364B7E702B053
:1077A000BDE8F087704700BF92000320E43B032050
:1077B00010000320200103202DE9F0410446234D51
:1077C00001302B68224F1B681E6806F07DFC2049A3
:1077D000B0472B68201D1B681E6906F075FC07F179
:1077E0007401B0472B68E01D1B681E6A06F06CFC34
:1077F00007F1E801B0472B6804F10A001B689E6A94
:1078000006F062FC07F5AE71B0472B6804F10D007D
:107810001B689E6B06F034FC07F5E871B0472B68D7
:1078200004F10F001B681E6D06F02AFC07F51171AC
:10783000B0472B6804F111001B681C6E06F020FC99
:10784000234607F52E71BDE8F041184720010320BB
:10785000E43B032010B504460B4806F0D1FAE0687B
:1078600006F0E4FA206906F0E1FA606906F0DEFA53
:10787000A06906F0DBFA054B986806F0D7FABDE878
:107880001040034806F0BCBA58DD0108740103201B
:10789000E8B4010838B505460C461C4806F0B0FAB5
:1078A0001B4B986806F0C2FA286806F0BFFA6868B1
:1078B00006F0BCFAA86806F0B9FAE86806F0B6FA6D
:1078C000206806F0B3FA606806F0B0FAA06806F027
:1078D000ADFAE06806F0AAFA206906F0A7FA606936
:1078E00006F0A4FAA06906F0A1FAE06906F09EFA93
:1078F000206A06F09BFA606A06F098FAA06A06F021
:1079000095FABDE83840034806F07ABA5CDD010814
:1079100010000320E8B40108014B1870704700BF45
:10792000EC3E0320074B1B78012B00D0704710B5AD
:10793000044606F037FC01462046BDE8104006F03C
:10794000F1B900BFEC3E03202DE9F84F7B4D07460F
:1079500095F800C00E46BCF1010F90461C4600F0A1
:107960009180DFF8F49199F80430002B40F0828088
:107970002B78002C76D0012B00F0F080A10740F18D
:107980009480600700F1E081210700F1CE81E006DC
:1079900000F1DF81A10600F19480620640F141818F
:1079A00014F4801A00F07E82A10240F12982D6F8F8
:1079B00000B0BBF1010F00F06B83BBF1020F00F0D0
:1079C00067834FF4801ABBF1030F03D0BBF1040FA0
:1079D00040F07A83640200F11882387806F01AFACF
:1079E0002B78012B00F056823868C0F3C70006F0F0
:1079F00011FA2B78012B00F0B882387906F00AFAD8
:107A00002B78012B00F0A982387B06F003FA2B7843
:107A1000012B00F0558296F8280006F0FBF92B7830
:107A2000012B00F05C82B268182A00F2A281DFE824
:107A300012F0A001A001A001A001A001A001A001DD
:107A4000A001A001A001A001A001A001A001A0012E
:107A5000A001A001A001A001A001A001A001A0011E
:107A6000A001A001012B3CD0D8F81830D9F808307B
:107A7000BDE8F88F38463146FFF70CFF4046FFF768
:107A8000E9FE75E72E4806F08DFB01462C4806F00E
:107A900049F92B78012B7FF464AF2A4806F082FB6A
:107AA0000146284806F03EF95BE7610700F14C818A
:107AB000200700F13A81E10600F14B81A20640F176
:107AC000A38060063FF56CAF21063FF569AFE00586
:107AD0003FF566AFA1053FF563AFE2033FF560AF49
:107AE000D3E0194806F05EFB0146174806F01AF984
:107AF0002B78D8F818204AB1012BB7D1134806F0DB
:107B000051FB0146114806F00DF92B78D9F80820F1
:107B10004AB1012BACD10E4806F044FB01460C489B
:107B200006F000F92B78012BA2D10A4806F03AFBA7
:107B3000BDE8F84F0146074806F0F4B8EC3E0320D4
:107B400060DD010898DD0108F8E2010808E301089A
:107B500034E3010864E3010874010320984806F047
:107B600021FB0146964806F0DDF8E2072B780AD59E
:107B7000012B40F07B83934806F014FB01469148AB
:107B800006F0D0F82B78A2070AD5012B7FF4F9AEC6
:107B90008D4806F007FB01468B4806F0C3F82B78AA
:107BA00062070AD5012B40F0CF80884806F0FAFA28
:107BB0000146864806F0B6F82B7822070AD5012B35
:107BC00040F0B380824806F0EDFA0146804806F0A6
:107BD000A9F82B78E2060AD5012B40F0BA807D483F
:107BE00006F0E0FA01467B4806F09CF82B78A206E6
:107BF0000AD5012B7FF465AF774806F0D3FA01462A
:107C0000754806F08FF82B7862060AD5012B7FF4B1
:107C1000C7AE724806F0C6FA0146704806F082F810
:107C20002B7820060AD5012B7FF4BAAE6C4806F0FB
:107C3000B9FA01466A4806F075F82B78E1050AD5CD
:107C4000012B7FF4ADAE674806F0ACFA01466548FB
:107C500006F068F82B78A2050AD5012B7FF4A0AEB8
:107C6000614806F09FFA01465F4806F05BF82B7802
:107C7000E0030AD5012B7FF493AE5C4806F092FA3C
:107C800001465A4806F04EF82B7814F4801A0CD0AE
:107C9000012B7FF489AE564806F084FA4FF4801A1F
:107CA0000146534806F03EF82B78012B40F0FA804D
:107CB000504806F077FA01464E4806F033F8A10224
:107CC0002B7800F15A81012B7FF484AE494806F0ED
:107CD00069FA0146474806F025F862022B7840F120
:107CE000BA80012B746840F01582434806F05AFAB6
:107CF0000146414806F016F8012C2B7800F0CC81A3
:107D0000022C00F09082032C00F09982042C40F0A9
:107D10008980012B7FF461AE384806F043FA0146B2
:107D2000364805F0FFFF2B788AE0E00611D4A10663
:107D30003FF5C7AE60063FF533AE21063FF530AEE6
:107D4000E2053FF52DAE86E72007EED4E10640F1CF
:107D50009581A0063FF5B5AE61063FF521AE200640
:107D60003FF51EAEE1053FF51BAEA2053FF518AE8F
:107D70007EE7326972B9726962B9B269012A3FF469
:107D800073AEF269012A3FF46FAE326A012A40F005
:107D9000658169E6B269012A3FF466AEF269012A9B
:107DA0003FF462AE326A012A3FF45EAE726A012A83
:107DB0003FF45AAED8F81820002A7FF457AEA5E653
:107DC000BCB60108BCDD0108D8DD0108FCDD0108F6
:107DD00018DE010838DE010858DE010870DE0108EF
:107DE0008CDE0108A8DE0108C4DE0108E0DE01081F
:107DF00000DF0108E8B4010808E0010894DF010889
:107E000064027FF5EAAD4FF4801A7468012C3FF4E8
:107E1000E4AD022C3FF4E1AD032C3FF4DEAD042CC5
:107E20003FF4DBAD052C40F08481012B7FF4D5AD10
:107E3000A64806F0B7F90146A44805F073FF2B7871
:107E4000012B7FF4CAADA24806F0ACF90146A04868
:107E500005F068FF2B78BAF1000F0AD0012B7FF4F0
:107E6000BCAD9C4806F09EF901469A4805F05AFFC1
:107E70002B78012B7FF4B1AD974806F093F90146BA
:107E8000954805F04FFF387805F0C4FF2B78012B9B
:107E90007FF4AAAD914806F085F901468F4805F0B8
:107EA00041FFA1E5A0027FF595ADD6F800B0BBF18A
:107EB000010F3FF48FADBBF1020F7FF484AD89E574
:107EC000874806F06FF90146854805F02BFF96F8C4
:107ED000280005F09FFF2B78012B7FF4A4AD7C4890
:107EE00006F060F901467A4805F01CFFBB6853B103
:107EF0002B78012B7FF497AD7A4806F053F90146B1
:107F0000784805F00FFF2B78012B7FF48CAD764875
:107F100006F048F90146744805F004FFB2682B7872
:107F2000182A52D8DFE812F06801510051005100C0
:107F300051005100510051005D01510051005100AC
:107F400051005100510051005201510051005100A7
:107F500051005100510051004701644806F022F9D8
:107F60000146624805F0DEFE4EE5614806F01AF96A
:107F700001465F4805F0D6FE3FE5012BD6F800B07C
:107F800095D15C4806F00EF901465A4805F0CAFE44
:107F9000BBF1010F2B7800F08B80BBF1020F00F0DA
:107FA0003681BBF1030F00F05681BBF1040F40F0A6
:107FB0006A81012B7FF40EAD4F4806F0F3F80146BD
:107FC0004D4805F0AFFE2B787DE6012B7FF4D1AE56
:107FD0004A4806F0E7F80146484805F0A3FE2B782A
:107FE000012B7FF4C6AE3A4806F0DCF8014638486B
:107FF00005F098FEF2682B7852B1012B7FF4B9AEF0
:108000003F4806F0CFF801463D4805F08BFE2B783F
:10801000326952B1012B7FF4BDAE3A4806F0C2F886
:108020000146384805F07EFE2B78726952B1012B6B
:108030007FF4B0AE344806F0B5F80146324805F09A
:1080400071FE2B78B269012A00F09D80F269012A45
:1080500000F08D80326A012A00F0A180726A012A44
:108060007FF447AD012B7FF4FFAC284806F09AF867
:108070000146264805F056FE2B783AE5A0063FF566
:1080800020AD61063FF58CAC22063FF589ACD5E505
:1080900062023FF5B8AEA0E4012B7FF49EAC1C4811
:1080A00006F080F801461A4805F03CFE2B78C7E63A
:1080B000012B7FF48FAC164806F074F80146144883
:1080C00005F030FE2B78FEE584E400BFB0DF010848
:1080D000E8B401082CE0010848E00108D0B4010828
:1080E00080E001088CE00108C4E0010870E00108AC
:1080F00058E001081CDF010894DF010874E1010861
:1081000090E10108B8E1010808E20108D0E20108A5
:1081100040DF0108012C3FF460AC022C3FF45DAC61
:10812000032C3FF45AAC042C3FF457AC052C3FF41D
:1081300054AC062C2B780BD1012B7FF44EAC684845
:1081400006F030F80146664805F0ECFD2B7877E63E
:10815000072C7FF475AE012B7FF43FAC614806F02D
:1081600021F801465F4805F0DDFD2B7868E6012B1C
:108170007FF47AAC5C4806F015F801465A4805F0E1
:10818000D1FD2B7866E7012B7FF46EAC574806F0E3
:1081900009F80146554805F0C5FD2B7856E7012B37
:1081A0007FF462AC524805F0FDFF0146504805F0EF
:1081B000B9FD2B7852E7012B7FF4DBAD4D4805F07C
:1081C000F1FF01464B4805F0ADFD08E7012B7FF4B8
:1081D000D0AD494805F0E6FF0146474805F0A2FD4D
:1081E000FDE6012B7FF4C5AD444805F0DBFF0146F9
:1081F000424805F097FDF2E6012B7FF4BAAD404806
:1082000005F0D0FF01463E4805F08CFDE7E6012B66
:108210007FF4E0AB3B4805F0C5FF0146394805F067
:1082200081FD2B784FE5012B7FF4D7AB354805F066
:10823000B9FF0146334805F075FD2B7800E6012BA8
:108240007FF4CBAB304805F0ADFF01462E4805F07A
:1082500069FD2B78F4E5012B7FF4BCAB2A4805F0CF
:10826000A1FF0146284805F05DFDACE6A0077FF5BB
:108270001CAC60073FF568AD21073FF556ADE2063F
:108280003FF567ADB3E4BBF1050F0AD1012B7FF4D5
:10829000A1AB1E4805F086FF01461C4805F042FDD3
:1082A00091E6BBF1060F0BD1012B7FF493AB0C4889
:1082B00005F078FF01460A4805F034FD2B7802E509
:1082C000BBF1070F7FF4FFAC012B7FF483AB0548B4
:1082D00005F068FF0146034805F024FD73E600BF82
:1082E000CCDF0108E8DF010864E201082CE20108A4
:1082F0009CE2010850E1010830E1010804E10108B5
:10830000D8E001085CDF010878DF0108B0DF010870
:1083100038B50446054B064D1A60296000F026F872
:10832000204605F0EDFA002038BD00BFF03E0320E6
:10833000F43E032005F004BB00B50A4B83B01B6874
:1083400005F034FB012801D003B000BD002206492E
:108350000223096808681146009210F013FE03B06A
:1083600000BD00BFF03E0320F43E032000B583B003
:10837000102001A900F046F908B903B000BD0021A2
:10838000102000F027F9003818BF012003B000BD0D
:1083900000B583B0102001A900F034F920B90146DE
:1083A000019820B903B000BD012003B000BD10202A
:1083B00000F010F9003818BF012003B000BD00BF65
:1083C00070B5002682B004460D46102001A9019622
:1083D00000F018F910B9019BA34202D8012002B0A5
:1083E00070BD04F11100294680B200F00BF9801B2A
:1083F00018BF012002B070BD002210B5114B82B031
:108400001B78019213B9184602B010BD044601A9A9
:10841000102000F0F7F840B901981130FF2804D877
:10842000214680B200F0D6F818B10123184602B0F8
:1084300010BD01991020013100F0CCF8031E18BFC7
:108440000123E0E793000320014608B5102000F067
:10845000D9F8003818BF012008BD00BF422804D059
:10846000432807D044280BD070470A4607482021EC
:1084700007F024BF0A4606484FF4005107F01EBF1C
:108480000A460448012107F019BF00BF0004024258
:108490000008024200000242422804D0432807D0CC
:1084A00044280BD070470A460748802107F006BFD2
:1084B0000A4606484FF4804107F000BF0A460348C9
:1084C0004FF4004107F0FABE0004024200080242E5
:1084D00010B5044620212246074807F0EFFE224649
:1084E0004FF40051054807F0E9FE2246BDE8104070
:1084F0000121034807F0E2BE0004024200080242E4
:108500000000024210B5044680212246084807F0C8
:10851000D5FE22464FF48041064807F0CFFE2246A2
:10852000BDE810404FF40041024807F0C7BE00BF4D
:10853000000402420008024208B5002280211248CD
:1085400007F0BCFE00224FF48041104807F0B6FE51
:1085500000224FF400410D4807F0B0FE0A200EF053
:10856000D1FC01222021084807F0A8FE01224FF487
:108570000051064807F0A2FEBDE808400122044869
:10858000114607F09BBE00BF0004024200080242F1
:10859000000002424FF4007108B5034807F088FE5E
:1085A000B0FA80F0400908BD0000024210B507F0A3
:1085B000E9F900200CF024FF044618B907F0F6F999
:1085C000204610BD00200CF0E9FA07F0EFF9204634
:1085D00010BD00BF38B504460D4607F0D3F920465C
:1085E00029460DF0B5F9C305044603D407F0DEF9BA
:1085F000204638BD0CF0ACFB0443A4B207F0D6F91A
:10860000204638BD0CF006BD30B50D46234983B079
:1086100004464FF0FF32086801A90EF077FF0128E9
:1086200002D0012003B030BDA369B3F5001FF9D01B
:10863000019B226861685A6011B142F000425A60A1
:10864000A2681AB15A6842F080425A6000214FF085
:10865000FF3259729972E1681A705A709A70DA7022
:10866000197210F077F84FF47A72019B02FB00F058
:108670005A68186152000BD509480023642201A9E9
:1086800000680EF01FFE013818BF012003B030BD96
:1086900029461A7AD86805F05BFDEDE71C06032031
:1086A000C805032084462DE9F8430CF50055104613
:1086B00095F827210CF580540F461E46B4F8921009
:1086C000B4F8943072B3002940F08E80072B40F24A
:1086D000A0803E2B40F2B9804FF04008B3F5805F98
:1086E0004246C1465FD21B0A43F010030370B4F840
:1086F00094300CF584514370023A1C31023005F07D
:1087000027FD01220223A8F1020887F80090A4F8AF
:108710009280A5F81C2184F891300120C4F898605B
:10872000BDE8F883B1B307224FF008085B1A1FFABF
:1087300083F9B5F81C31914503F00F0343F0200392
:1087400000F8013BB4F8923003F5845303F11C03A5
:108750000CEB03014CD905F0FBFC87F80080B4F862
:108760009230B5F81C21013B9844A4F8928095F80A
:1087700022313BB1B2FBF3F103FB112313B9022306
:1087800084F891300132A5F81C210120C4F89860CA
:10879000BDE8F883072B3CD94FF00808B3F5805F9C
:1087A0004246C1469FD310230360B4F894300CF5C1
:1087B00084511B0A0371B4F89430063A43711C319A
:1087C000063005F0C5FC01220223A8F1060887F84F
:1087D0000090A4F89280A5F81C2184F89130012023
:1087E000C4F89860BDE8F8833F224FF040089DE749
:1087F0004A4605F0ADFC032309F101023A7084F802
:108800009130B4F89230B5F81C219944A4F89290B4
:10881000B8E700F8013B0CF58451B4F894201C3102
:1088200005F096FC01210322B4F894300B443B7010
:10883000B4F894300120A4F89230A5F81C1184F803
:108840009120C4F89860BDE8F8830170B4F89430C2
:108850000CF584514370B4F894201C31023005F0BB
:1088600077FCB4F89430012103220233DFE700BF24
:1088700070B500240E4600F580530470C0F8024025
:1088800004738460C3F89240C3F89840A3F88E4004
:10889000A3F8904000F50053054621464FF484525A
:1088A000C3E94744C3F82861C3F824410D3011F0EF
:1088B00053FE4FF48452A8182146BDE870401C3086
:1088C00011F04ABEF0B591B0169D0446856019B30B
:1088D000964612788C46100903281DD8DFE800F070
:1088E000024C7A22003B18BF012304F5005282F8A3
:1088F0002631237823B10621002382F82411237026
:108900009EF80050BCF1080F05F00F0500F2D18071
:108910000123002D40F0D680237B012B00F0A7809F
:1089200011B0F0BD04F5805797F8911002F00F02D6
:1089300004F500564B1E012A86F82121DBB200F017
:108940000B81022A00F01181002A40F0FB80BCF16B
:10895000010F00F01E819EF80130BCF1020F86F875
:10896000223101D09EF80220022986F82321D3D19A
:10897000012387F89130CFE7003B18BF012304F5AE
:10898000005686F82631227822B1062286F8242164
:1089900000222270BCF1070FBED99EF800209EF87D
:1089A000010002F00F01014340F09C80DEF802203C
:1089B00012BA072AB0D9B2F5845F40F2F0800222E1
:1089C000072086F81E2186F82401217096F81F21C1
:1089D000322159E02378012B9ED104F58057B7F856
:1089E0008E1002F00F0201F00F039A4240F0A280B5
:1089F0006088A38897F890201B1A9BB2002A00F089
:108A0000BE80551EAEB29E4280F0BC80944583D19C
:108A10004A1C92B2EDB20D30A7F88E200EF1010182
:108A20002A46204405F094FB6388A2882B449BB21D
:108A30009A42638000F0B08004F5005696F81F213A
:108A4000002A3FF469AFB7F88E30013B93FBF2F197
:108A500002FB1133002B7FF45FAF96F8263196F8B6
:108A60001E11003B18BF012341F030010CE004F55A
:108A7000005696F8263196F81E11003B18BF0123C8
:108A800096F81F2141F0300100208DF801200322CB
:108A90008DF8001096F820112073D6F828015B0598
:108AA0008DF8021083616946C260FBF7F7F911B0D7
:108AB000F0BD002D7FF430AF9EF801500223002D51
:108AC0003FF42AAFACEB03018D423FF725AF0EEB2D
:108AD00003012A4604F10D0005F03AFB02236580EC
:108AE000237019E7120202F470620243072A7FF62C
:108AF00013AF02210B46ACEB0303DDB204F5805744
:108B0000A28071442A4687F890C004F10D0005F058
:108B10001FFB012300226580237086F81E21A7F821
:108B20008E3096F826313021003B18BF012396F88D
:108B30001F21A9E70421002304F5005282F8241123
:108B40002370E9E6012B3FF6E7AE0522032386F802
:108B5000252187F89130DFE6012B3FF6DDAE0223B9
:108B6000C7F8985087F89130D6E6012B3FF6D4AE7F
:108B70000822032386F8252187F89130CCE6072BBD
:108B80003FF6CAAE9C457FF6C7AE4A1C92B2DDB234
:108B900041E786F82221E7E602232370BCE606219E
:108BA0000B46A8E70378012B01D0002070478268AC
:108BB000064B891A9942F8DD0321002300F5005283
:108BC00082F8241103700020704700BF400D03009D
:108BD0002DE9F04100F58055144695F8912092B0AA
:108BE000561E012E05D9032A0ED0002012B0BDE872
:108BF000F081D5F89830394ECB1AB3420BD9022305
:108C000000F5005080F825310023012085F89130CF
:108C100012B0BDE8F081012AE7D100F5005696F9BF
:108C2000237196F82321002F05DA0F32D2B2082AD9
:108C30008CBF7F2201229A42D7D80B4602AA0DF19F
:108C40000701FFF72FFD9DF80780B8F1080F38D90D
:108C5000B8F10C0F37D9B8F1100F36D9B8F1140F9D
:108C600035D9B8F1180F34D9B8F1200F33D9B8F18C
:108C7000310F34BF0E270F27384605F05DFA8045C7
:108C80000AD2A0EB0802013AD2B202AB00210132B3
:108C900003EB080011F060FCE76096F82731003B19
:108CA00018BF01235B05A36102E0012005F086FAED
:108CB000204602A9FBF7F2F80028F6D195F891209A
:108CC00091E74746D8E70927D6E70A27D4E70B27D5
:108CD000D2E70C27D0E70D27CEE700BF400D0300F9
:108CE00000F58052B2F89430B3F5845F14D892F84E
:108CF00091309BB900F5005300204FF0010CA2F811
:108D00009200A3F81C01C2F8981093F8261183F87A
:108D1000271182F891C07047012070474FF0090C6D
:108D200000F5005383F825C1E6E700BF830F032B4E
:108D3000C0F30D4020D0012B0ED0B3B9B0F5B97FF0
:108D400021D01F235FFA80FC000A012281F800C0B5
:108D500048708B70CA70704740F263539842F0D1EC
:108D600002204FF0740C0D23EFE79128E9D10B207E
:108D70004FF0380C0223E8E72928E2D102204FF017
:108D80007F0C0923E1E70B204FF0EF0CDDE700BF7C
:108D90002DE9F04F456893B0B5F1804F02D013B084
:108DA000BDE8F08F0668C068C6F307470C4605F0BB
:108DB000C3F9EA2FC6F3072832D0EC2FEFD1B8F170
:108DC0002A0FECD10728EAD92378102BE7D1E379D1
:108DD0003002C549A27980B20143647908201B049E
:108DE00043EA0223234300224FF0FF34099123FA80
:108DF00000F18DF821308DF822101B0C0C9007A982
:108E000009A8CDE90D22CDE90F220A958DF823306E
:108E10000B92119207948DF82040FBF73FF8BEE7C4
:108E20000228BCD9B8F1FF0F23D0B8F12A0FB6D170
:108E3000A378617822781B0443EA01231343B3F536
:108E40006E4F40F0C480A94A33029BB21A430023FC
:108E50004FF080450824A64909A8CDE90A53CDE979
:108E60000C43CDE90E33CDE910330992FBF716F828
:108E700095E7A378617822781B0443EA0123134322
:108E8000B3F56E4F00F02E814FF6C552934200F0BD
:108E9000CB804FF6CA62934281D14FF0000904A8FB
:108EA000CDF81090FFF7D0FA924B049AB3F81EA0B9
:108EB000012ACAF3400A4FEA8A1A4AF03F0A5FFAC7
:108EC0008AF440F22981920002321FFA82FA8A4B18
:108ED0000AF10601A3FB0103C91A03EB5103C3F313
:108EE00087074FF0804385490A9309910821202381
:108EF0000C91834907AA08910DF1240B4FEA1A211E
:108F00008DF81E10584611468DF81C301546CDE9D7
:108F10000D99CDE90F99CDF82C90CDF844908DF8AE
:108F20001DA08DF81F70FAF7B9FF764B0993002F3B
:108F30003FF435AFCDE9027B4FF00108A3460DF1B8
:108F400023060822FF21284605F0FEF83346564640
:108F50009A4608F1FF34C4EBC4048DF81C80A4B217
:108F60000195A6421ADDA3B243B3012B2DD0A7B2BF
:108F7000023F05A9B810CDF8149007F00307FFF7DA
:108F80001FFA059806A9FFF7D1FE0DEB07031B7E1C
:108F900005F8013FAA4504F10104E2D15346019DC1
:108FA00003982946B24608F101081E46FAF776FFF3
:108FB000029B5FFA88F84345C3D2F0E605F801BF8B
:108FC000AA4504F10104CED1E8E7FF23E0E74FF61C
:108FD000C552934228D04FF6CA6293423FF45DAF28
:108FE00008270022FF240A956FF0FE0506FA07F015
:108FF000454980B20143099123FA07F18DF82130E8
:109000008DF822101B0C07A909A8CDE90B27CDE983
:109010000D22CDE90F228DF82330119207958DF89E
:109020002040FAF73BFFBAE6384805F0BBF80022CB
:109030004FF080410824314DCDE90A1209950546CB
:109040002021CDE90C42CDE90E22CDE91022304A93
:10905000294B0892AA1D8DF81C10A3FB0213D21AEB
:1090600007A803EB520325FA04F10DF1240BC3F317
:1090700087088DF81E100746014658468DF81D508A
:109080008DF81F80FAF70AFF1E4B0993B8F1000F05
:109090003FF485AE0124DFF874900DF12306A4EBB4
:1090A000090A0822FF21384605F04EF83A46631EA9
:1090B000C3EBC3039BB2013B8DF81C404B440AEB4E
:1090C00003018D4205DD13F8011F02F8011F9642CE
:1090D000F5D1013439465846E4B2FAF7DFFEA0452F
:1090E000DFD25CE60B4AB2E62A00EC1C2A00EE183E
:1090F000F80C020870000320254992242AFFEC1C7A
:10910000FFCAFE002AFFEB1C2A00E818E00C020848
:10911000FFC5FD002AFFEE1808224FF080431649D4
:109120000C92099107A908460D46FF210A93CDE943
:109130000D99CDE90F99CDF82C90CDF8449005F01C
:1091400003F8FF22049B8DF81C40012B8DF81D2095
:1091500006D0CDF81E90294609A8FAF79FFE1EE614
:1091600006A94846CDF81890FFF72AF906980DF1A0
:109170001E01FFF7DBFDEEE72ACAFE182DE9F043DA
:10918000144602780646013A1D4685B0092A11D8D0
:10919000DFE812F01C0010000A004E011000100061
:1091A0000A0010002A010A00012900F04E817F22E6
:1091B000122101E07F221121032322703278A17055
:1091C00062702B80002005B0BDE8F0830229EED14B
:1091D0004123237043786370802BE8D801A252F8B2
:1091E00023F000BF9595000875950008AF91000821
:1091F000AF9100082D96000823960008AF91000853
:10920000AF910008AF910008AF910008AF9100083E
:10921000AF9100080D960008FD950008AF91000879
:10922000AF910008AF9100086B950008AF9100085E
:10923000AF910008AF910008AF910008AF9100080E
:10924000AF910008AF910008AF910008AF910008FE
:10925000AF910008AF910008AF910008AF910008EE
:10926000C3950008F195000855950008AF910008D6
:10927000AF910008AF910008AF910008AF910008CE
:10928000AF910008AF910008AF910008AF910008BE
:10929000AF910008AF910008AF910008AF910008AE
:1092A000AF9100086B95000855950008AF91000834
:1092B000AF910008AF910008AF910008AF9100088E
:1092C000AF910008AF910008AF910008AF9100087E
:1092D000AF910008AF910008AF910008AF9100086E
:1092E000AF910008B79500085F950008AB9500089E
:1092F000AF910008AF910008AF910008A195000858
:10930000AF910008AF910008AF910008AF9100083D
:10931000AF910008AF9100085595000855950008D9
:10932000AF910008AF910008AF910008AF9100081D
:10933000AF910008AF910008AF910008AF9100080D
:10934000AF910008AF910008AF910008AF910008FD
:10935000AF910008AF910008AF910008AF910008ED
:10936000AF910008E3950008AF910008AF910008A5
:10937000AF910008AF910008AF910008AF910008CD
:10938000AF910008AF910008AF910008AF910008BD
:10939000AF910008AF910008AF910008AF910008AD
:1093A000AF910008AF910008AF910008AF9100089D
:1093B000AF910008AF910008AF910008AF9100088D
:1093C000AF910008AF910008AF910008AF9100087D
:1093D000AF910008AF910008AF910008AF9100086D
:1093E000AF9100085F95000802297FF4E0AE4923A1
:1093F0002370437863700A2B3FF6D9AE01A252F86E
:1094000023F000BFA3940008AF910008C3940008A4
:10941000AF910008B1940008AF910008459500088D
:10942000AF910008AF910008AF91000827950008A0
:1094300001297FF4BCAE0191FEF7AAFF019968BB38
:109440003378403323702980BCE602A8FEF7FCFF86
:1094500020BB029B5A1C52002A8032786370403233
:10946000DBB22270002B3FF4ADAE074604F10209D7
:1094700004F103080CE0039B1A0E09F817201B0CDB
:109480009DF8082008F817300137BA427FF69AAEE7
:10949000384603A9FEF794FF0028ECD07F22102164
:1094A0008AE644F254020623C4F802202B8089E69F
:1094B00001236249A370E01C04F06CFE13232B808F
:1094C00080E614230120E61CA07031462B80FFF7B4
:1094D00099F8E11D05460220FFF794F8034604F1D0
:1094E0000B0103201D43FFF78DF8034604F10F0124
:1094F0000420ADB21D43FFF785F8034604F11301C4
:109500000520ADB245EA0304FFF77CF8A4B244EAB3
:1095100000039BB2002B3FF455AE112200213046D0
:1095200004F012FE4EE60123E61CA3701422002173
:10953000304604F009FE3046414904F02BFE172363
:109540002B803FE6782207233E49A271C4F802101F
:109550002B8037E6042200232A80638032E606222D
:1095600000232A80C4F802302CE6032200232A803C
:10957000A37027E603A8FEF767FF00285BD1039AD4
:1095800002F07F02002306212980A270E37023717C
:10959000637117E606222C4B2A80C4F8023011E6CC
:1095A000032251232A80A3700CE604224BF6357364
:1095B0002A80638006E60622244B2A80C4F8023003
:1095C00000E604232B800FF0C5F8214DA5FB0023F6
:1095D0009B0BA3700FF0BEF8A5FB00539B09E37033
:1095E000F0E506224FF080732A80C4F80230E9E5E6
:1095F0000622184B2A80C4F80230E3E50322164BFA
:109600002A809B8AC3F30723A370DBE50423124A55
:109610002B809388C3F34A13A3709388DB00E37015
:10962000D0E5032274232A80A370CBE503224C23C8
:109630002A80A370C6E50022A4E700BF9CE30108CE
:10964000ACE301080112345698188003A40C000101
:10965000D34D62108001800170000320002210B5FC
:109660000A4C84B0CDE901220121094B00940A2063
:109670000EF0E4F90346074A0749012013600DF094
:10968000BDFE064B186004B010BD00BF083F0320AC
:10969000FC3E0320803F03202C3F03207C3F03201F
:1096A00070B51F4E82B03368DBB11E4D04462B7877
:1096B000834215D0421E052A2FD8DFE802F01C1481
:1096C0001603181A012330688DF807300EF0FAF9E6
:1096D00030B10023012230680DF107010EF014FAB9
:1096E0002C7002B070BD0423EDE70523EBE70023E7
:1096F000E9E70346E7E7023B042B0ED8DFE803F077
:1097000005030B0907000823DDE70723DBE709232F
:10971000D9E70223D7E70323D5E70B23D3E700BF1D
:10972000803F0320F83E032070B5124D82B04FF009
:10973000FF3128680DF07EFF01280446F7D10E4E58
:1097400030680EF0D3F960B90A238DF80730002392
:1097500028681A4619460DF0B5FD9DF8070002B0BD
:1097600070BD4FF0FF33224630680DF107010EF057
:10977000B3FAECE77C3F0320803F0320814204D909
:1097800000F17840B0F5802F01D30020704701F13F
:1097900078410139B1F5802F2CBF0020012070479E
:1097A000814208D9B0F1005F05D3044881428CBFE3
:1097B0000020012070470020704700BF00000420F7
:1097C000814211D9B0F1005F10D31A4B994219D9D7
:1097D000194B984208D9194881428CBF00200120BA
:1097E0007047B0F1006F15D200207047144B9842BB
:1097F0000AD8144B9842F4D9134881428CBF0020F8
:109800000120704701207047104881428CBF002022
:10981000012070470E4B9942E6D80E4BB3F8E0306A
:10982000B3F5007FEED00C4881428CBF00200120B0
:10983000704700BF000004203F200240402102404A
:10984000FFFFF90BFFFFF80B0080F90B0002FA0B8A
:10985000000008080005FA0B0000040800B58BB0F2
:1098600001A806F08BFA0598AA3818BF01200BB0A2
:1098700000BD00BF10B58AB001A806F07FFA0798B6
:1098800010F0806001D10AB010BD0821184806F020
:109890000FFD50B304214FF4C042079B019123F008
:1098A000806343F000630793069272B606F06AF88D
:1098B000044606F087F8034601A81C4306F03CF96D
:1098C000E4B2044306F0A0F8E4B2044306F08EF8D4
:1098D000E4B20443E4B206F069F862B62043C0B2D1
:1098E000003818BF01200AB010BD01200AB010BD19
:1098F000001C024200B58BB072B601A806F03EFA19
:1099000004214FF40052079B019143F08063CDE99D
:10991000062306F037F818B162B601200BB000BD7F
:1099200006F050F80028F7D101A806F005F910B9A3
:1099300006F06AF8F0E706F059F806F037F8EBE7BA
:1099400010B58AB006F01EF8044606F03BF8044352
:1099500001A806F013FA04214FF480729DF81E301E
:10996000E4B2C3F3001383F001031B05CDE9062322
:10997000019134B106F03AF806F018F801200AB067
:1099800010BD01A806F0D8F80028F3D106F03CF885
:10999000044606F02BF8044306F008F8E4B220432E
:1099A000C0B2003818BF01200AB010BD30B58BB06E
:1099B00005F0E8FF044601A806F0E0F90023802244
:1099C0000798022110F4801FCDE9033200930CBFE9
:1099D00002230123019101A86946029306F064FA6B
:1099E000054605F0E3FF28432043C0B2003818BF06
:1099F00001200BB030BD00BF70B505F0C3FF0546B8
:109A00000F4C104ED4E90023B3F1FF3F08BFB2F171
:109A1000FF3F04F5802107D0012006F031F800282F
:109A200018BF45F00105EDB20834B442EAD105F0A3
:109A3000BDFF2843C0B2003818BF012070BD00BF71
:109A400000E0030800000408002330B58FB0009345
:109A500005F098FF0223044605A8019306F08EF94D
:109A60000B9B042213F4801F4FF07C0014BF0223D1
:109A70000123694603900DEB02000492029306F065
:109A800013FA054605F092FF054344EA0500C0B20B
:109A9000003818BF01200FB030BD00BF014608B527
:109AA000012005F0EDFF003818BF012008BD00BF00
:109AB0002DE9F041334E33685BB1334A04461268F6
:109AC0000D46927C4168101E18BF0120B1EB807FCB
:109AD00001D0BDE8F081A1690029FAD1A16800296F
:109AE000F7D1E1680829F4D8284908782168002AC4
:109AF00042D0274A52F82070264A52F820204A4085
:109B00003A4201D0E5E733684FF0FF3118460DF0D7
:109B100091FD0128F7D1204FE26897F8D0302468F2
:109B200018013C500430294607EB0313D4B23844E3
:109B30001C7304F00DFB97F8D020184B0132A3FBE7
:109B400002139B0803EB430103EB8103D21AD2B249
:109B500087F8D02097F8D1300C2B05D897F8D13062
:109B60000133DBB287F8D130002330681A46BDE8F4
:109B7000F04119460DF0A6BB094A52F82070094A77
:109B8000BBE700BFD43F032020010320E03F0320B8
:109B9000680D02089C0D0208BC3302204FECC44E35
:109BA000000D0208340D020870B53C4D3C4C2A688B
:109BB0002378927C86B0EAB13A4A03AE52F8230089
:109BC0003146C0F30F2004F0ABF93A222B688DF830
:109BD00010209B7C002B5BD1334B22780DF11101BF
:109BE00053F82200C0F30F2004F09AF900238DF8F7
:109BF000153017E02D4A03AE32F82300314604F049
:109C000079F93A222B688DF80F209B7C002B3DD1EF
:109C1000254B227804A933F8220004F06BF90023C5
:109C20008DF8133002230021214C0093E28808466E
:109C300092B216230192F02201F0E0FE05211D4BA5
:109C4000E28800932388084692B29BB202F022F881
:109C50002B68E2889B7C0096002B23884FF005013F
:109C60009BB20CBF5D20522092B202F013F8124B4F
:109C70001B787BB12289114D23880521B5200095E1
:109C80009BB292B202F006F806B070BD0C4BC0E772
:109C90000B4BA2E7E2880B4DEEE700BF200103204B
:109CA000E03F03209C0D0208000D0208340D02085D
:109CB00064400320C0E30108A8000320C8E30108B2
:109CC000680D0208D0E30108202001F01BBE00BF90
:109CD0002DE9F04F8F4B8BB01B781BB38E4C216856
:109CE0000C2940F20881102001F020FE8B4B8C499A
:109CF0001A891B88009121688A4892B2A0FB015002
:109D0000800800EBC000A1EB4001023109010920ED
:109D10009BB289B201F0BEFF0022236801332360A9
:109D20007C4B1A70DFF814A2DAF800000DF0DEFEAA
:109D300041F64C53984200F2DB807B4B7B4A1E6815
:109D4000A2FB063222F0030303EB9203F61A40F063
:109D5000CF80DFF8EC914FF0FF31D9F800000DF023
:109D600069FC0128F7D1724B1B78002B00F0B680FC
:109D7000DFF8D08198F8D130002B00F0AF8098F850
:109D8000D03098F8D1200D339B1A6A4A4FEAE37C11
:109D900082FB0312CCEBA20C0CEB4C020CEB82020C
:109DA000A3EB020C98F8D130002B00F09280CDF894
:109DB00008C0029BDAF800009A195E4BA3FB02135D
:109DC0004FEA930B0BEB4B030BEB8303A2EB030B61
:109DD0000DF08CFE41F64C53984200F21E81564B1A
:109DE0004FEA0B171B6858F807009C7C08EB0B1B0D
:109DF000002C00F0A98004AD2946C0F30F2004F028
:109E00008FF820228DF814209BF80C20BAB1002482
:109E100021460BEB540318794B1C03F001039B0004
:109E200018410531294400F00F0004F0ABF801346B
:109E30009BF80C30E4B2B4EB430F2146E9DB00227F
:109E4000354C08EB07031B7B21680DEB43030C2902
:109E50005A7500F2A8800095304D0231EA882B88AF
:109E600009019BB2092089B292B2474401F012FF66
:109E70003B7B072B23DC304B97F80CC01B689B7C8B
:109E8000002B0CBF4FF0350E4FF0400E3B7B2A8865
:109E9000C3F1080392B200922268911C03EB830283
:109EA00003EB42020CEB8C030CEB43000901520064
:109EB0000E2389B292B20EEB400001F061FD2368DF
:109EC00098F8D120013301362360F3B29A423FF66D
:109ED00070AF002388F8D03088F8D13000231A46BC
:109EE0001946D9F800000BB0BDE8F04F0DF0EAB903
:109EF0000BB0BDE8F08F0948023102890388084899
:109F00000901009089B209209BB292B201F0C2FE11
:109F100002E700BFD83F0320DC3F0320644003205A
:109F2000D8E30108398EE33870400320CDCCCCCC87
:109F3000A80003204FECC44E20010320C8390320A1
:109F4000D43F0320BC33022004AD294680B203F085
:109F5000D1FF20228DF813209BF80C20BAB1039674
:109F60005E4606EB540204F1010B10790BF001027E
:109F700092001041211D294400F00F0004F002F866
:109F8000327B5FFA8BF4B4EB420FEADB039E0022D4
:109F9000244C08EB07031B7B21680DEB43030C29C2
:109FA0001A757FF658AF102001F0C0FC00952368A9
:109FB0001D4A1E4DA2FB0312920802EBC202A3EB44
:109FC00042010231EA882B8809019BB2092089B23B
:109FD00092B2474401F05EFE3B7B072B3FF76FAF29
:109FE000134B97F80CC01B6821689B7C002B3B7BB4
:109FF0002A8808BF4FF0350E92B200920A4A18BF65
:10A000004FF0400EA2FB0102920802EBC202A1EB4C
:10A010004201C3F10803023140E70123054A1370EE
:10A0200057E700BFDC3F0320398EE338644003204C
:10A0300020010320D83F0320002210B50B4C0C4B0D
:10A04000216883F8D02083F8D12041B101F04EF887
:10A05000BDE810400022074B1A60FFF7A5BD0120A4
:10A0600005490DF0CBF92060F0E700BFD43F032095
:10A07000BC330220DC3F0320843F0320052808B5C1
:10A0800005D0042815D006280DD0012008BD114A9E
:10A09000137833B1013BDBB21370FFF785FD01206C
:10A0A00008BD0C23F8E70C4A1378B3FA83F35B0975
:10A0B000F2E70849094B0A780132A3FB02039B0827
:10A0C00003EB430003EB8003D21A0A70FFF76CFD29
:10A0D000012008BDE03F0320A80003204FECC44E40
:10A0E00038B5074D2C6834B12046D4F8A44010F0A0
:10A0F0007DF9002CF8D10023024A2B60137038BD83
:10A10000E83F0320EE3F032030B50E4C83B02368B8
:10A110008BB1012401F044F80B4D0C4A0C4B009517
:10A120001470DA881B8805212A2092B29BB201F0B4
:10A1300077FD03B030BD012006490DF05FF92060C6
:10A14000E7E700BF40400320F0E30108ED3F0320B4
:10A1500064400320F03F03202DE9F04F7D4B15466E
:10A160001B6842689B7C83B0003B18BF0123B2EBA5
:10A17000837F02D003B0BDE8F08F83690446002BD3
:10A18000F8D18368002BF5D1C368082BF2D8DFF82B
:10A19000DCA10E46DAF8000010B9EBE7DAF80000AF
:10A1A0004FF0FF310DF046FA0128F7D16A4B2168D4
:10A1B0001868002800F0C58007464FF0000B04E047
:10A1C000D7F8A430BB461F4623B13B689942F7D865
:10A1D00000F0B380614B1A78092A40F29F804FF05B
:10A1E000000801E080461046D0F8A420002AF9D1EA
:10A1F00094460268914280F09880CDE9001C10F0EE
:10A20000F5F80099554BB8F1000F03D0DDF804C004
:10A21000C8F8A4C001201A78013AD2B21A70504A84
:10A220001070504A00921070A820019110F0D6F8DA
:10A2300001998046002800F08780814649F8041B78
:10A2400060220021484603F07FFF4022002108F1F0
:10A25000640003F079FF414BC8F8A470BBF1000F14
:10A260005FD0CBF8A480D8F8A4700121B84508BF0E
:10A2700000271A78C8F8A4700A44D2B21A70009B5A
:10A280001970CE46B9E80F00A44608F134070FC78D
:10A29000B9E80F000FC799E80F0087E80F00BCE886
:10A2A0000F00AEE80F00BCE80F00AEE80F00E26858
:10A2B0009CE8030089E803003146C8F8205008F103
:10A2C0002C0003F045FFE468CCB1002302270126EF
:10A2D00008EB030191F82C2091F85C1008EBC30007
:10A2E0004A40110704D013FB076108EB81014D665A
:10A2F00001330F2ADBB288BF45669C42E8D81A4A70
:10A3000013780133DBB2137000231A461946DAF8CA
:10A31000000003B0BDE8F04F0CF0D4BF114A00922A
:10A3200082E70D4AC2F800809FE70E4B0C4A00936B
:10A3300001231370009A1370E6E7B84607F1040989
:10A340009FE78346074645E70123054A00991370B6
:10A350000B70EDE720010320E83F0320EE3F0320D0
:10A36000EC3F0320ED3F0320EF3F0320404003205C
:10A370002DE9F041144E34680CB30022074615460F
:10A38000DFF84880236A2046BB42D4F8A44010D2AC
:10A390009DB1C5F8A44010F029F898F800300122CA
:10A3A000013BDBB288F80030002CEBD11046BDE851
:10A3B000F0810546002CE5D1F8E73460EBE7224652
:10A3C0001046BDE8F08100BFE83F0320EE3F0320C8
:10A3D000904B914A19682DE9F04FA2FB013222F00F
:10A3E000030303EB92038DB0CB1A029340F0DD80A0
:10A3F0008A4B80461B78DFF844A2002B00F0D880FF
:10A40000874B4FF0FF3118680DF014F90128F7D190
:10A41000B8F5FA6F044600F2D280824BDFF820B222
:10A420001A78DBF80040002A3ED000277E4D1F70CE
:10A430002B78002B40F0DE80002C00F0A9807B4EB2
:10A440004FF00009CDE9038A794D06AF16E0394691
:10A4500003F066FD4FF000038DF81C30F288009782
:10A4600033884FEA0811072092B219319BB201F0EC
:10A47000D7FBD4F8A44009F101098CB12B682168FD
:10A4800093F812A0C1F30F205FFA89F8BAF1000F18
:10A49000DDD188B2394603F02DFD8DF81BA0DDE734
:10A4A000DDE9038ADBF80040002C71D0604D5F4E7F
:10A4B0000DF11809CDF814A02B6822699B7C9DF83A
:10A4C0000810002B0CBF4FF0040B4FF0050B53008E
:10A4D0003BD04FF0000A0F011937CDE9031555465F
:10A4E000BA4604EB55026F1C92F82C0007F00102EB
:10A4F0009200104109EB050100F00F0003F042FD4E
:10A5000004EB8501496E0BEB050202EB820002EBC6
:10A510004000A8EB0102B2F5FA7F0DEB05032CBF5A
:10A52000F28832891B7EB6F800C00730009392B2E1
:10A53000514680B21FFA8CF301F01EFB2269FDB276
:10A54000B5EB420FCDD3DDE90315082A17D002EB96
:10A55000820302EB43030BEB8B020BEB42005B002D
:10A560009BB207301844C3F1B0039AB23388090193
:10A570009BB2009319310E2380B201F001FA029BC5
:10A58000D4F8A44001330293002C95D1DDF814A037
:10A59000234B2249186800230B701A461946CAF843
:10A5A00000800CF08FFE00F039FE0DB0BDE8F08F9A
:10A5B000DAF80030C31AB3F5FA7FF4D920E7A8F52A
:10A5C000FA60FFF7D5FE00283FF427AF194B174E6E
:10A5D00019781B783288C3F10A0392B21B01090172
:10A5E00000929BB2E6220520193101F0C9F90D4B0A
:10A5F0001C7013E7104B0D4E0093328933880521F0
:10A60000C82092B29BB201F00BFB2F70002C7FF49C
:10A6100017AF47E770400320CDCCCCCCEF3F0320F1
:10A6200040400320ED3F0320EC3F03206440032023
:10A6300020010320EE3F032000E40108E43F032053
:10A64000E83F0320F0B50024124E134F134D83B0A2
:10A6500038782101E3B22031984256F8042B89B2B0
:10A660000ED0B5F806C02B88052000929BB21FFAC9
:10A670008CF201F0D5FA0134032CE9D103B0F0BD1E
:10A6800000922A88EB8805209BB292B201F0C8FAAA
:10A69000F1E700BFD40003204640032064400320BC
:10A6A00008B500F07DFD0A4BD888198880B289B2C0
:10A6B000FBF7FEFDFBF7A4FE18B90022054B1A704C
:10A6C00008BDFBF7B3FE0022024B1A7008BD00BFA5
:10A6D0006440032044400320F0B583B00646FBF7F6
:10A6E0008FFE384C237848B3012B44D064220024D9
:10A6F000354F364D3B889BB202FB03F385FB0325A8
:10A700001D44ED12C5F16405AD000135ADB2304612
:10A710000134FBF71BFFA3B2AB42F8D32C4ABB8B2F
:10A720001278DBB29A421DD12A4B2B4A1B6802FBDE
:10A7300003F3B3F1333F19D903B0F0BD002BF3D1CC
:10A7400000F02EFD254B264DDA881B8805219BB293
:10A750005A2092B2009501F063FAFFF773FF0123CC
:10A760002370E1E70120FBF75BFEDDE703B0BDE806
:10A77000F04000F053BD194D00F012FDE888298823
:10A7800080B289B2FBF794FDFBF73AFEB0B900271F
:10A79000EA8814492B880520009192B290219BB23F
:10A7A000277001F03DFA104BEA8800932B88A02116
:10A7B000052092B29BB201F033FA97E7FBF736FE21
:10A7C000E5E700BF444003207000032081000880BB
:10A7D0004540032070400320CDCCCCCC6440032006
:10A7E0003CE4010804E4010818E4010838B5044613
:10A7F0000D46FBF715FE64200CF084FB294620462D
:10A80000FBF760FD0DF0A6FFFBF700FE024A034BCD
:10A81000928B1A7038BD00BF7000032045400320A2
:10A82000022810B521D0032815D0012812D1144BCD
:10A830001C88FBF7F5FD64200CF064FB21461148F1
:10A84000FBF740FD0DF086FFFBF7E0FD0E4A0F4BD6
:10A85000928B1A7010BD0E4B1C88FBF7E1FD642033
:10A860000CF050FB21460B48EAE70B4B1C88FBF72A
:10A87000D7FD64200CF046FB21460848E0E700BF06
:10A88000CCF60108D0F601087000032045400320F3
:10A8900010E9010814E90108F8FB0108FCFB0108B4
:10A8A00010B50446FBF7ACFD38B9052C07D0042CD5
:10A8B00014D0062C1DD0012010BD002010BD104862
:10A8C000104A03780133A2FB031202F4FF7101EB7B
:10A8D00052029B1A0370FFF7B5FEECE7084A1378A3
:10A8E0002BB1013BDBB21370FFF7ACFEE3E70223B1
:10A8F000F9E7034B18780130C0B2FFF791FFDAE7B0
:10A9000046400320ABAAAAAA70B5074D04462B689F
:10A9100013B19B6803B198472C6024B1236813B12D
:10A92000BDE87040184770BD4840032010B5084C82
:10A9300000F054FC236813B19B6803B19847054BA2
:10A940001A68236012B1BDE81040104710BD00BF67
:10A9500048400320E00003202DE9F8438046FBF740
:10A960004FFD574E58B1574C3368A34207D013B12F
:10A970009B6803B198472368346003B19847524BF2
:10A980001B785BB13368514CA34207D013B19B686D
:10A9900003B198472368346003B19847FEF7C4FEBB
:10A9A0000A2804467AD001254FF00009484F04E0F8
:10A9B000FEF7BAFE0A28044628D0336823B1DB68C4
:10A9C00013B1204698470546012DF1D1012C2BD01B
:10A9D000002CEDD133683F4A934250D03E4A934217
:10A9E0004CD03E4A93425DD03D4A93425CD0354ABA
:10A9F00093425BD0354A934208BF05243FD0C7F845
:10AA00000090FEF791FE0A280446D6D1354C2378F3
:10AA100073BB33681BB15B680BB1404698473B681A
:10AA200001333B60BDE8F88333682A4A93423FD044
:10AA3000294A934234D0294A93423BD0284A934230
:10AA40003AD0204A934239D0204A934208BF052287
:10AA5000D5D1254B0732A3FB02139B0803EB43031D
:10AA6000A2EB4302214B53F82200FFF74DFFC6E74C
:10AA70003068FFF749FF00232370CAE72C461A4BC2
:10AA80000534A3FB04239B0803EB4303A4EB43041B
:10AA9000164B53F82400FFF737FFB0E70C4FB5E72C
:10AAA0002A46D6E70224EAE70324E8E70424E6E797
:10AAB0000022CEE70222CCE70322CAE70422C8E73D
:10AAC00048400320C0000320564003200801032013
:10AAD00070400320E0000320AC000320940003201A
:10AAE000F40003206E400320ABAAAAAAD00D0208EE
:10AAF000034B1B6813B11B6903B11847704700BFB4
:10AB000048400320FFF772BEFFF78ABE014B18785A
:10AB1000704700BF5640032000F03ABA062801D023
:10AB20000120704708B500F0C3FA012008BD00BF3E
:10AB30002DE9F041474D04462B7886B073B141F2C0
:10AB400088339C421BD8444B444A1B6802FB03F3E6
:10AB5000B3F1333F78D906B0BDE8F0810126404B10
:10AB60004049DA881B881B2000919BB2452192B294
:10AB70002E7001F055F841F288339C42E3D9DFF89A
:10AB8000E080394CB8F80210B8F80220B8F8040098
:10AB9000B8F80430ADF80810ADF80A20B8F806107F
:10ABA000ADF80E30B8F80620B8F80830ADF810103F
:10ABB000ADF81220ADF81430ADF80C0001F0C8F873
:10ABC000054601F0C5F8074601F0C2F8274B284AB0
:10ABD000A3FB053CA4FB0734E40804EB4404A7EB07
:10ABE0008401A5EB0C040CEB540C224EA2FB00429A
:10ABF000A6FB0046D20802EB8202C2EB0214821BC3
:10AC000006EB52029208C2EBC202041B801AC0B2C9
:10AC10000DEB40004FEA1C1C02890CEBCC000CEB46
:10AC2000400CA5EB0C05EDB2B8F8003005EB45057E
:10AC3000C9B23034E4B2A80009019BB205310094D6
:10AC4000053000F045FF7EE706B0BDE8F04100F0BA
:10AC5000E5BA00BF4C40032070400320CDCCCCCCE3
:10AC60006440032064E40108ABAAAAAACB6B28AF16
:10AC7000B5814E1B2549922400F092BA30B5354C6F
:10AC800083B000F08DFA344DE288238805215A20E4
:10AC90009BB292B2009500F0FDFF304BE28800932A
:10ACA00023881521072092B29BB200F0F3FF2C4BB2
:10ACB000E288009323882521072092B29BB200F0FE
:10ACC000E9FF284BE288009323883521072092B2C0
:10ACD0009BB200F0DFFF244BE288009323884521DC
:10ACE000072092B29BB200F0D5FF204BE288009380
:10ACF00023885521072092B29BB200F0CBFF1C4B5A
:10AD0000E288009323887521072092B29BB200F05D
:10AD1000C1FF184BE288009323888521072092B257
:10AD20009BB200F0B7FF144BE28800932388952173
:10AD3000072092B29BB200F0ADFF104BE288009367
:10AD40002388A521072092B29BB200F0A3FF03B095
:10AD500030BD00BF6440032088E4010890E401088E
:10AD6000A0E40108B0E40108C0E40108CCE4010853
:10AD7000D8E40108E8E40108F8E4010808E501085E
:10AD8000494B4A4A1B6802FB03F3B3F1333F00D936
:10AD90007047F0B5464C474DE2882388696983B017
:10ADA00092B29BB20091064615218B2000F0ACFFB9
:10ADB000E28823882F699BB225218B2092B20097CD
:10ADC00000F0A2FFEB69002B58D1E2882388E969E3
:10ADD0009BB200918B20352192B200F095FFAB69B8
:10ADE000002B56D02289344923887520009192B2D5
:10ADF00045219BB200F04EFF95F82030002B45D046
:10AE000022892E4923882E4D00919BB25521752011
:10AE100092B200F03FFFAB68002B35D02289238827
:10AE2000A9689BB200918B20752192B200F06CFF53
:10AE3000EB683BB322892388E9689BB200918B20A1
:10AE4000852192B200F060FF2B69CBB12289238863
:10AE500029698B2000919BB2952192B200F054FF9A
:10AE6000E2882388A5218B2000969BB292B200F045
:10AE70004BFF03B0BDE8F04000F0D0B92289A5E750
:10AE8000E288E4E7E288D6E7E288C8E7E2880D498D
:10AE9000B8E7E2880C4923887520009192B24521D9
:10AEA0009BB200F0F7FEA7E770400320CDCCCCCCDE
:10AEB000644003201000032018E5010820E5010884
:10AEC0007401032024E501081CE5010830B5114C8C
:10AED00083B023784BB9104B104A1B6802FB03F375
:10AEE000B3F1333F10D903B030BD0D4B0D4A0E49BD
:10AEF0000E480F4D1B88128809880088009500F0C5
:10AF0000B3FD00232370E6E703B0BDE8304000F056
:10AF100085B900BF5640032070400320CDCCCCCC77
:10AF20004E40032050400320524003205440032051
:10AF30009034022030B5124C83B000F031F9114D3D
:10AF4000E288238805214B209BB292B2009500F045
:10AF500067FE0D4BE2880093238825210A2092B2D8
:10AF60009BB200F05DFE094B22880093E3885521D7
:10AF70000A2092B29BB200F053FE03B030BD00BF76
:10AF80006440032028E5010834E501085CE5010878
:10AF900038B5094D094C2980094D20802A8003FBD2
:10AFA00002F2084C520004990748238003F0D0F8BD
:10AFB0000122064B1A7038BD524003205440032032
:10AFC000504003204E40032090340220564003207E
:10AFD00000204FF6FF712B4A2B4B127818801981F5
:10AFE000072A14D8DFE802F013131D27313B0904A8
:10AFF00000214FF6FF7219811A804FF4FD6045F26F
:10B00000DF214FF6C71258809980DA8070474FF4DD
:10B01000F07040F262414FF4FD6258809980DA800E
:10B02000704742F20A1043F2B21145F2DF22588013
:10B030009980DA80704747F245104BF2C7114FF6FE
:10B04000C71258809980DA80704749F22A004EF280
:10B050002F014FF6B20258809980DA80704700B510
:10B060004FF6FF7C4FF0000E49F6924046F64D3108
:10B0700044F20822A3F808E0A3F800C058809980A1
:10B08000DA8000BD1C0103206440032008B5064B94
:10B090001A78824200D108BD1870FFF799FF01228B
:10B0A000024B1A7008BD00BF1C0103206E40032034
:10B0B00008B50B490B4B0A78A3FB02039B0803EB73
:10B0C0004303A2EB43030133DBB29A4200D108BD34
:10B0D0000B70FFF77DFF0122034B1A7008BD00BF04
:10B0E0001C010320ABAAAAAA6E40032000B52020B1
:10B0F00083B000F007FC0021054A4FF4A0731088CC
:10B10000F02280B20090084600F03AFC03B000BD87
:10B110006440032030B5194C83B02088242380B2CA
:10B120000090F022CC21002000F02AFC0225F02320
:10B130002289CC2192B20095019200201A4600F09B
:10B140005DFC0F4BE288009323882846CE219BB2FA
:10B1500092B200F065FD4FF6FF730A490A4A0B8070
:10B1600013800A4C0A480B4D0B490C4A2B70238064
:10B1700003700B70137003B030BD00BF6440032038
:10B1800070E50108604003205E4003205C4003201E
:10B190005A400320594003205840032057400320C1
:10B1A000002130B50C4C83B02088D02380B20090B1
:10B1B000F022084600F0E4FB02250021E088C723C6
:10B1C00080B20190F0220846009500F017FC03B011
:10B1D000BDE83040FFF79EBF6440032008B500F093
:10B1E00007FB00F025FB00F0B3FD030610D4094B6C
:10B1F000A3FB002303F0FC0202EB9303C01AC0B2CE
:10B20000054B1870FFF7E4FEBDE80840FFF7C8BF24
:10B210000120F5E7CDCCCCCC1C010320002270B579
:10B22000A14CA2492389088884B09BB2984202AD00
:10B230000292AA8040F094809D4A238811889BB294
:10B24000994240F055819B4AA38811889BB299424C
:10B2500040F0DD80984A94F82030117899421DD052
:10B2600094F8201094F820302846023B1170042BEB
:10B2700000F2C781DFE813F09C01A001A4010500E2
:10B2800098018E4902F086FF8D4B00951A891B8824
:10B29000DE21AA2092B29BB200F0C2FC894A238A26
:10B2A00011789BB2994213D0218A238A28469BB2F7
:10B2B0001170002B50D1844902F06CFF804B009537
:10B2C0001A891B88CE21D22092B29BB200F0A8FC32
:10B2D0007E4A238B1178DBB299421AD0218B238BC3
:10B2E0002846DBB2032B117000F05A81042B00F0CA
:10B2F0008081022B40F04881754902F04BFF704B72
:10B3000000951A891B88CE21B42092B29BB200F01E
:10B3100087FC704AA38B1178DBB299421AD0A18BBB
:10B32000A38B2846DBB2022B117000F03581032B72
:10B3300000F06381012B40F02B81674902F02AFF66
:10B340005F4BDE211A891B88C82000959BB292B200
:10B3500000F066FC04B070BD604902F01BFFADE771
:10B36000642240F2FE7023890B8023895C491BB262
:10B37000A3F5006302FB03F381FB0321834219441D
:10B380004FEAE372C2EBA122CEBF52214C215242BE
:10B39000544B12B292B2A3FB02038DF8081052492B
:10B3A0005B09A1FB0260A1FB036CC008A1FB00616B
:10B3B0004FEADC0C0CEB8C0CA3EB4C03C90801EB43
:10B3C00081013033A0EB4101DBB23031302BC9B207
:10B3D00000F0FA808DF809302520434B8DF80A10D3
:10B3E000A3FB0263DB0803EB83033549A2EB4303B2
:10B3F000009530330A898DF80B300B888DF80C00DE
:10B40000DE21022092B29BB200F044FC14E76426D5
:10B41000A388A188138089B206FB01F1334A314B1E
:10B42000A2FB0162891A02EB51022F48C2F3CF221C
:10B43000A3FB0213A0FB02615B09CE08A0FB031C67
:10B44000A0FB06014FEADC0000EB8000A3EB400309
:10B45000C90801EB81013033A6EB4101DBB2303189
:10B46000302BC9B200F0BE808DF8083025208DF851
:10B47000091000211C4B0095A3FB0263DB0803EBC2
:10B480008303A2EB430330338DF80A300C4B8DF865
:10B490000B001A891B888DF80C107A20DE2192B2DD
:10B4A0009BB200F0F7FBD5E670000320604003205C
:10B4B0005C4003205E400320574003208CE50108D8
:10B4C000644003205A40032094E5010858400320BB
:10B4D0009CE501085940032020E5010898E5010892
:10B4E000010210801F85EB51CDCCCCCC01011000A6
:10B4F000642123882088138080B201FB00F0434A36
:10B50000434BA2FB0012801A02EB5002414EC2F3E1
:10B51000CF22A3FB0213A6FB02015B094FEAD10C69
:10B52000A6FB0310A6FB0C61C00800EB8000A3EB98
:10B530004003C90801EB81013033ACEB4101DBB2C0
:10B540003031302BC9B246D08DF8083025208DF827
:10B55000091000212F4B0095A3FB0263DB0803EBCE
:10B560008303A2EB430330338DF80A302A4B8DF866
:10B570000B001A891B888DF80C104220DE2192B234
:10B580009BB200F087FB5EE6244902F003FEB6E6BC
:10B59000234902F0FFFDD3E6224902F0FBFDCFE68E
:10B5A000214902F0F7FDAAE6204902F0F3FD6BE61F
:10B5B0001F4902F0EFFD67E61E4902F0EBFD63E66E
:10B5C0001D4902F0E7FD5FE62023302908BF194638
:10B5D0008DF8093000E72023302908BF19468DF87F
:10B5E0000830B3E72023302908BF19468DF808300A
:10B5F0003CE7124902F0CEFD81E6114902F0CAFD96
:10B600009EE6064902F0C6FD3EE600BF01011000BD
:10B610001F85EB51CDCCCCCC6440032094E50108D0
:10B62000B0E50108A8E50108A0E5010890E50108DA
:10B6300080E5010884E5010888E50108A4E5010822
:10B64000ACE50108704700BF0022014B1A7070473B
:10B6500074400320274B9B78012B00D07047752343
:10B6600070B5254E88B030880DF1010180B28DF89B
:10B67000003002F03FFC6D46B388441CE4B2291947
:10B6800098B202F037FC33890444E4B2291998B225
:10B6900002F030FC337B0444E4B22919184602F06E
:10B6A00061FCF38B0444E4B22919D8B202F05AFCCD
:10B6B000338A0444E4B22919D8B202F063FCB37DA2
:10B6C0000444E4B22919184602F05CFCB38B04442C
:10B6D000E4B22919D8B202F055FC02460D231444F5
:10B6E000E4B2611C68466C44C9B2237002F01AFBD4
:10B6F00008B070BD7401032070000320034600B53C
:10B700001BBA83B001224FF480510F48019304F01B
:10B71000D5FD002204210C4804F0D0FD04220B4B7F
:10B720000DEB0201186807F087FD30B101220421FA
:10B73000054804F0C3FD03B000BD4FF0FF32012106
:10B740000DF09EFBF2E700BF000402427C400320A4
:10B75000034600B5002283B04FF480510F488DF8A6
:10B76000073004F0ABFD002204210C4804F0A6FDD4
:10B770000B4B012218680DF1070107F05DFD30B198
:10B7800001220421054804F099FD03B000BD4FF0EB
:10B79000FF3201210DF074FBF2E700BF000402420A
:10B7A0007C40032038B504460D4601224FF48051F9
:10B7B0000D4804F083FD002204210B4804F07EFDB7
:10B7C0000A4B2A462146186807F036FD30B1BDE81D
:10B7D000384001220421044804F070BD4FF0FF32CC
:10B7E00001210DF04DFBF2E7000402427C400320F2
:10B7F000024A034B10601960704700BF7C40032071
:10B8000078400320002100B5084B83B01B6801AAD3
:10B81000186801910DF0D6FC019B2BB14FF0E0238D
:10B820004FF08052C3F8042D03B000BD78400320D0
:10B8300000234FF470424FF4784C00B54FF40051A0
:10B840004FF0550E2E4889B006904FF4FA708DF8DF
:10B85000003004928DF804E00592ADF808C0ADF810
:10B860001C30ADF80C100BF04DFB0120FFF770FF02
:10B8700032200BF047FB1120FFF76AFF32200BF05C
:10B8800041FB2120FFF764FF3620FFF761FF012114
:10B890006846FFF787FF3A20FFF75AFF012101A80A
:10B8A000FFF780FF2A20FFF753FF042104A8FFF7CA
:10B8B00079FF2B20FFF74CFF042105A8FFF772FF4B
:10B8C0001320FFF745FF2920FFF742FFB020FFF7C5
:10B8D0003FFF022102A8FFF765FF3320FFF738FF83
:10B8E000062106A8FFF75EFF3720FFF731FF022190
:10B8F00003A8FFF757FF2C20FFF72AFF09B000BD70
:10B9000000200120034600B5074983B05ABA37200A
:10B910000B80ADF80420FFF71BFF022101A8FFF701
:10B9200041FF03B000BD00BF1E0103201249134BAD
:10B930000A8800B51044A3FB00231B0A03EB830312
:10B94000A0EB83131F2B83B011DD9AB2C3F3072C36
:10B95000DBB237200A808DF804C08DF80530FFF780
:10B96000F7FE022101A8FFF71DFF03B000BD202252
:10B970004FF0000C1346ECE71E010320CDCCCCCCDD
:10B9800070B500258E462946BDF810601A4C66F346
:10B990000F0566F30F0166F31F4566F31F4103FBB6
:10B9A00002F604F5007CC4E9005108346445FAD17C
:10B9B00085180EEB0304013D45EA0045013C2A20B1
:10B9C00044EA0E44FFF7C4FE2846FFF797FE2B20FB
:10B9D000FFF7BEFE2046FFF791FE2C20FFF7B8FED2
:10B9E0004EB100244FF40071034804F58074FFF752
:10B9F000D9FEA642F6D870BD904402202DE9F04F42
:10BA000088461D46064683B0BDF83070BDF83490B8
:10BA1000A2EB000B1FFA8BFBA5EB080A3B46144672
:10BA20001FFA8AFA5A46CDF80090FFF7A9FF53464D
:10BA30003A4641463046CDF80090FFF7A1FFE91B9A
:10BA40005A4630463B46CDF8009089B2FFF798FF42
:10BA500053463A464146E01B80B2CDF8309003B0E1
:10BA6000BDE8F04FFFF78CBFF8B50746BD18CC18FE
:10BA7000013D03FB02F62A2045EA0745013C44EA62
:10BA80000144FFF765FE2846FFF738FE2B20FFF73D
:10BA90005FFE2046FFF732FE76002C20FFF758FEAF
:10BAA000A6B134464FF6FF75069B9F19AC4221465E
:10BAB00028BF2946381B89B2FFF774FE2346EB1ACC
:10BAC000A4F57F44F342A4F1FF04EFD2F8BD00BF18
:10BAD0002DE9F0410646254882B0006806F10F08BE
:10BAE000019048EA06482A2001F10F0646EA01467D
:10BAF00015461C469DF82070FFF72AFE4046FFF7CA
:10BB0000FDFD2B20FFF724FE3046FFF7F7FD2C202C
:10BB1000FFF71EFE0198164A00EB471302F5007668
:10BB2000A3F2FF331046002113F801CC93F800E094
:10BB30000EEB0C2E1FFA8EFE4EFA01FC1CF0010FCC
:10BB400014BFAC46A4460131102920F802CDF3D130
:10BB50002032964203F10203E4D14FF4007105480C
:10BB600002B0BDE8F041FFF71DBE00BF70A701089D
:10BB7000B0440220904402202DE9F04106462548B9
:10BB800082B0006806F10A08019048EA06482A20B7
:10BB900001F10D0646EA014615461C469DF8207047
:10BBA000FFF7D6FD4046FFF7A9FD2B20FFF7D0FD9C
:10BBB0003046FFF7A3FD2C20FFF7CAFD0198164A77
:10BBC00000EB471302F59A76A3F2FF3310460F21DC
:10BBD00013F801CC93F800E00EEB0C2E1FFA8EFE4A
:10BBE0004EFA01FC1CF0010F14BFAC46A44601390B
:10BBF000042920F802CFF3D11632964203F1020352
:10BC0000E4D14FF49A71054802B0BDE8F041FFF766
:10BC1000C9BD00BF70A701088E44022090440220D5
:10BC20002DE9F04F85B0DDF83890039299F8005077
:10BC30005DB380468A469B4606460024144F17E0B3
:10BC40000A2D17D0E02E5B46039A04D94646F888A1
:10BC500050441FFA80FA3046009551460134FFF7F0
:10BC600037FFA4B2BB8819F8045033449EB265B1C3
:10BC70000D2DE5D10134FB88A4B219F804505344CA
:10BC800046461FFA83FA002DF2D105B0BDE8F08FC9
:10BC900070A701082DE9F04F85B0DDF838900392C8
:10BCA00099F800505DB380468A469B4606460024BC
:10BCB000144F17E00A2D17D0E02E5B46039A04D9E3
:10BCC0004646F88850441FFA80FA3046009551469F
:10BCD0000134FFF751FFA4B2BB8819F80450334474
:10BCE0009EB265B10D2DE5D10134FB88A4B219F8DF
:10BCF0000450534446461FFA83FA002DF2D105B092
:10BD0000BDE8F08F70A701082DE9F0414FF0000C5D
:10BD100004460D4616461F4686B00DF10C084146F6
:10BD20000C988DF814C002F0AFF83B463246294615
:10BD30002046CDF80080FFF7ADFF06B0BDE8F081EA
:10BD4000014B1860704700BF80400320704700BF60
:10BD500000B5054B83B0186801A907F0ADF89DF850
:10BD6000040003B000BD00BF8040032000B5044BB9
:10BD700083B0186801A907F09FF8019803B000BDCF
:10BD8000804003200D4B02781B68403201291A7055
:10BD90000FD900B5A1F1020E10FA8EFE024610F87E
:10BDA00001CF724503F801CFF8D1054B1B6819800C
:10BDB00000BD034B1B681980704700BFBC400320C7
:10BDC000B840032030B54378044685B013B9837872
:10BDD000442B0FD07F204FF0310C03213C4B3D4AC8
:10BDE0001B6812681870207883F802C058701180A0
:10BDF00005B030BD0B2903D07F204FF0130CECE7CA
:10BE0000354B1978022903D04FF07F0C7F20E4E7EF
:10BE10001B7F022B11D1314D6B7B13F0FB030FD035
:10BE20007F20242503212A4B2A4A1B681268187098
:10BE300020789D7058701180DAE74FF0330CE5E7F9
:10BE4000D0F80300AB6001232B73D4F8073000BA9D
:10BE50001BBAC1186B6001922860FDF78FFC1C4B68
:10BE600019681C4BD3F800C040B36B68019A13F0FB
:10BE7000070F0AD07F2370200B70032394F800E093
:10BE8000887081F801E0ACF8003023786A734FF2D3
:10BE90000F04202540338DF80C3003AA4B1EC81C1C
:10BEA0008DF80D50ADF80E4012F8011B03F8011F7C
:10BEB0008342F9D10423ACF8003099E77F22312086
:10BEC00003230A70227888704A70ACF800308FE73C
:10BED000BC400320B840032098400320C440032006
:10BEE00003780F2B40F283802DE9F047A3F1100275
:10BEF0000446884690B0772A7FD8DFE812F04402E3
:10BF000033027E007E00E0017E007E007E007E0027
:10BF1000CF017E007E007E007E007E007E007E00DF
:10BF20007E001502FE0126027E007E008501B90119
:10BF3000AC0155027E009F017E007302F1017E007C
:10BF400062027E007E0071013E0125016001F00069
:10BF50007E007E007E007E000E01FD007E007E00E1
:10BF60004F01DF007E007E007E007E007E007E00AE
:10BF70007E007E007E007E007E007E007E007E00D1
:10BF80007E007E007E007E007E007E007E007E00C1
:10BF90007E007E007E007E007E007E007E007E00B1
:10BFA0007E007E007E007E007E007E007E007E00A1
:10BFB0007E007E007E007E007E007E007E007E0091
:10BFC0007E007E007E007E007E007E007E007E0081
:10BFD0007E007E007E007E007E007E007E007E0071
:10BFE0007E007E00C100B400CE00A7008D00A74BEC
:10BFF000A74A1B681268FDF7C1B87F2011250321ED
:10C00000A34BA24A1B681268187020789D70587064
:10C01000118010B0BDE8F087B8F1010F40F29A85A9
:10C02000427802F07F03012B00F0B485032B00F06F
:10C030009F857F2012250321954B944A1B68126827
:10C04000187020789D7058701180E2E77F201125CC
:10C0500003218F4B8D4A1B681268187020789D70E1
:10C0600058701180D5E77F2012250321884B874A1D
:10C070001B681268187020789D7058701180C8E78E
:10C080007F2011250321824B804A1B68126818709B
:10C0900020789D7058701180BBE7B8F1020F00F056
:10C0A00033857F2013250321794B784A1B6812685A
:10C0B000187020789D7058701180AAE7B8F1020FAF
:10C0C00000F2E0817F2013250321714B6F4A1B682A
:10C0D0001268187020789D705870118099E77F2041
:10C0E000112503216A4B694A1B6812681870207871
:10C0F0009D70587011808CE7B8F1020F00F03E84FB
:10C100007F2013250321624B604A1B681268187058
:10C1100020789D70587011807BE7B8F1010F40F2D4
:10C12000A583437803F00F02042A00F07C857F206A
:10C1300012250321564B554A1B6812681870207847
:10C140009D705870118064E7B8F1010F40F2AA8326
:10C15000504E737B012B00F045854D4A4B49022B15
:10C160001268086800F058867F2124250323117087
:10C1700021789570517003804BE7B8F1020F00F2FF
:10C1800079817F2013250321414B404A1B681268A7
:10C19000187020789D70587011803AE7B8F1040F3C
:10C1A00000F286817F2013250321394B374A1B6813
:10C1B0001268187020789D705870118029E7344BF0
:10C1C000324AB8F1010F1B68166800F0B4847F2171
:10C1D000132003221970217898705970328018E763
:10C1E0002D4BB3F8E030B3F5007F00F042857F209F
:10C1F00011250321264B254A1B68126818702078E8
:10C200009D705870118004E7B8F1010F40F2588317
:10C21000467806F07F06012E00F03D85022E00F0E4
:10C220005B857F2012250321194B184A1B68126871
:10C23000187020789D7058701180EAE67F201125D3
:10C240000321134B114A1B681268187020789D70E7
:10C2500058701180DDE67F20112503210C4B0B4A1D
:10C260001B681268187020789D7058701180D0E695
:10C270007F2011250321064B044A1B6812681870A1
:10C2800020789D7058701180C3E600BFB84003202D
:10C29000BC400320C44003200005FA0B904FB8F1C6
:10C2A000020F3B6800F2AE807F20132503218D4AE8
:10C2B0001870207812689D7058701180A9E6B8F146
:10C2C000040F00F049837F2013250321844B854A06
:10C2D0001B681268187020789D705870118098E65D
:10C2E0007F20112503217E4B7E4A1B68126818703F
:10C2F00020789D70587011808BE6B8F1010F40F2E4
:10C30000C382437803F00F02042A00F09F847F2049
:10C3100012250321724B734A1B681268187020782B
:10C320009D705870118074E6B8F1030F00F03B83E4
:10C330007F20132503216A4B6A4A1B681268187014
:10C3400020789D705870118063E67F2011250321AD
:10C35000634B644A1B681268187020789D7058708F
:10C36000118056E65E4B5F4AB8F1020F1B681668F3
:10C3700000F0DD827F21132003221970217898704C
:10C380005970328045E6B8F1020F00F0A7827F2095
:10C3900013250321524B534A1B68126818702078EA
:10C3A0009D705870118034E67F20112503214C4B7D
:10C3B0004C4A1B681268187020789D705870118064
:10C3C00027E6B8F1030F00F291807F2013250321A7
:10C3D000434B444A1B681268187020789D7058704F
:10C3E000118016E6B8F1020F33D87F201325032100
:10C3F0003B4B3C4A1B681268187020789D7058703F
:10C40000118006E6592204211A70427899705A70F8
:10C41000427802F07F02012A00F0C484022A00F070
:10C42000B9847F25122603202E4A1D7025781168B5
:10C430009E705D70088094F90130002BBFF6E9AD65
:10C440003B681B787F2B3FF4E4AD00211368198013
:10C45000DFE5254B1E78022E00F07A847F22032030
:10C460001F4B20491B6809681A7024789A705C7009
:10C470000880CEE502224146204610B0BDE8F047D4
:10C48000FFF7A0BCB0F80160A8F1030376BAB6B21A
:10C490009E4200F047847F2013250321104B114A50
:10C4A0001B681268187020789D7058701180B0E574
:10C4B000C6780779A8F1050107FB06F3B1EB430F36
:10C4C00000F01C847F2013250321054B054A1B68BF
:10C4D0001268187020789D705870118099E500BF1F
:10C4E000BC400320B84003209840032090F901206D
:10C4F0004378002ABCBF03F07F0343704388B8BF72
:10C5000001265BBA9BB2A8BF0026B3F5097F00F3F2
:10C51000A285B3F5007F2ADBA3F50073242B26D870
:10C52000DFE813F04F0137012501100170016001B0
:10C53000D2002500AC000501FD0086012500250084
:10C54000250025009A0085002500250025002500EE
:10C5500025002500250025002500250025002500B3
:10C56000250025007E0077005C0044003D007F2010
:10C5700031210322AB4B1B68187020789970AA49AF
:10C5800058700B681A80002E3FF443ADA54A12681C
:10C5900012787F2A3FF43DAD00221A8039E5B8F1C8
:10C5A000050F01F00C807F201321E2E7B8F1040FA2
:10C5B000F9D1F7F777FB0A200AF0A4FC994B1A6827
:10C5C000994B1B6821784031117061785170A178C6
:10C5D0009170E178D170A3F80080D4E7B8F1070F2B
:10C5E000E1D10430F7F746FCF7F75CFB0A200AF0CC
:10C5F00089FC04208B4B21781A688B4B40311B68D7
:10C60000117061785170A1789170E178D1701880C3
:10C61000B9E7B8F1050FC6D10079F7F723FCE3E7D6
:10C62000B8F1070FBFD10430F7F70EFCDCE7B8F123
:10C63000040FB8D17D4B1A78022A01F0A7807F221F
:10C640007F200321774B1B68187020789A70764AF8
:10C6500058701368198096E7B8F1040FA3D1734B93
:10C660001A78022AEBD11B7F022B41F042804378DB
:10C67000012B01F005817F2012217AE7B8F1080F24
:10C6800091D14378012BF6D1C379042B7FF46FAF9E
:10C69000807922796379000240EA026040EA03402F
:10C6A00040F00400FBF7A8FE002800F042867F203F
:10C6B000722503215B4A5C4B12681B68107020785E
:10C6C0009570507019805EE7B8F10B0F7FF66BAF75
:10C6D000456887682DBA3FBA28467919FDF770F882
:10C6E00000283FF444AF39462846FAF73DFE01469C
:10C6F00008274C4B25781A684035157060784A4BEE
:10C700005070A0781B689070E078D171D070080EDE
:10C710001071080CF940507191711F8033E7434B41
:10C720001B7F022B00F0E8867F20332121E73F4B5F
:10C730001B7F022BF8D1BFF34F8FBFF36F8F431DC9
:10C74000984756E7374B71201968A8F102030A464B
:10C75000087014FA83F3214614F8010F8B4202F893
:10C76000010FF8D1304B1B68A3F800800BE7FDF7F1
:10C7700043F92C4B1A682C4B1B68002800F0AB8641
:10C780007F217220117021784FF003089070517052
:10C7900021E7FDF759F9234B1A68234B1B68002842
:10C7A000EED12146207840301070A8F1020014FA32
:10C7B00080F00C4611F8017F844202F8017FF8D125
:10C7C00009E7184A184BB8F1040F12681B6800F00B
:10C7D0000C877F21132011702178907051704FF0D9
:10C7E0000308F8E60F4A104BB8F1060F11681B68F2
:10C7F00000F008877F2213200A70227888704A7020
:10C800000322BFE671200421064B1A68064B107004
:10C8100060781B685070A0789070E078D0701980B4
:10C82000B1E600BFBC400320B8400320984003207D
:10C83000AA4B1B7F022B7FF477AF41F27A02A8F15B
:10C8400005039BB293423FF6AEAE0023211DA448E0
:10C8500004F8083001F09EFCA249A14801F0BAFC9E
:10C86000002840F066857F20312522E77F201325B0
:10C8700003219D4B9D4A1B681268187020789D709B
:10C8800058701180FFF7C5BB7F2013250321964BFD
:10C89000964A1B681268187020789D705870118035
:10C8A000FFF7B7BB7F20132503218F4B8F4A1B68EF
:10C8B0001268187020789D7058701180FFF7A9BB1E
:10C8C0007F2013250321884B884A1B681268187043
:10C8D00020789D7058701180FFF79BBB437803F060
:10C8E0007F03022B00F06D83032B00F05683012B96
:10C8F00040F07C83002279497D48C1E903220B7016
:10C900007C4B02605A734A610A778A6194F901305C
:10C9100060789342FFF67DAB5021734B734A1B68DE
:10C92000126858701970A2F80080FFF772BB6B4A4A
:10C930001278012A00F0A882427802F07F02012AD0
:10C9400000F0DC837F211220032219702178987077
:10C9500059703280FFF75DBB4378FF2B00F079827E
:10C960007F2031250321604B604A1B6812681870D4
:10C9700020789D7058701180FFF74BBB4378002BD7
:10C9800000F09A82802B3FF444AB7F2012250321D4
:10C99000554B564A1B681268187020789D70587065
:10C9A0001180FFF736BBB0F8012002AE52BA90B248
:10C9B0000022A0F50071B1F5007F0292C6E90122C4
:10C9C000C6E90322C0F08482A0F57142843A0C2AA1
:10C9D00008D8DFE802F072076C63070707075A07F9
:10C9E000070715007F20312503213F4B3F4A1B6875
:10C9F0001268187020789D7058701180FFF709BB7D
:10CA000031460120FBF7FEFD03A905460220FBF796
:10CA1000F9FD034604A903201D43FBF7F3FD03467C
:10CA200005A90420ADB21D43FBF7ECFD034606A9A2
:10CA30000520ADB21D43FBF7E5FDADB20543ADB238
:10CA4000112231460DF11F0001F082FB002DC9D1EA
:10CA500014252378244A66781168A2784033681E2A
:10CA60008DF81C308DF81E208DF81D6007AA4B1E16
:10CA700011FA80F012F8011B03F8011F8342F9D16B
:10CA80001A4B1B681D80FFF7C4BA0C221A490DF11E
:10CA90001F0001F05DFB0F252378DBE70422174917
:10CAA0000DF11F0001F054FB07252378D2E70B4A54
:10CAB000042512788DF81F20CCE70C2210490DF1C7
:10CAC0001F0001F045FB202309220E490BA88DF819
:10CAD0002B30192501F03CFB2378BBE7984003205D
:10CAE00084400320D8100208BC400320B840032033
:10CAF000C0400320C44003209005FA0BC0E50108A4
:10CB000014DB0108B4E50108427802F07F03012B31
:10CB100000F0C381022B00F077827F2012250321D1
:10CB2000AC4BAD4A1B681268187020789D70587025
:10CB30001180FFF76EBAA94A517B032900F06E827B
:10CB40007F21242003221970217898705970328037
:10CB5000FFF75FBA7F20132503219E4B9E4A1B6877
:10CB60001268187020789D7058701180FFF751BAC4
:10CB70009B4D2968002940F05D817F202225954A40
:10CB800095491268096810702078957050700B8074
:10CB9000FFF73FBAB8F1020F00F084828378103BB0
:10CBA000032B00F29186DFE803F01917021B8D4B6F
:10CBB0008B4A136094F90130002BFFF62AAA022158
:10CBC000844A237812684033834D137060782B6851
:10CBD00050701980FFF71DBA834BE9E7834BE7E7F5
:10CBE000834BE5E7A8F1020111F007051FFA81F870
:10CBF00040F00481B36872684344934200F2FE80BF
:10CC0000327B4378934200F08C847F20732503218C
:10CC1000704B714A1B681268187020789D705870AC
:10CC20001180FFF7F6B903F0F002402A40F27F814D
:10CC30007F2012250321674B674A1B681268187012
:10CC400020789D7058701180FFF7E3B903F0F0026F
:10CC5000402A40F254817F20122503215D4B5E4A19
:10CC60001B681268187020789D7058701180FFF74B
:10CC7000D0B9B8F1020F00F23F817F2013250321C4
:10CC8000544B554A1B681268187020789D70587074
:10CC90001180FFF7BEB940F26713ADF81C30FFF703
:10CCA00065F8544A544B4240C3E903021E7794F995
:10CCB000013000BA002BCDF81E00FFF6AAA906210C
:10CCC000444B07981B68444A1860BDF8200012685E
:10CCD00098801180FFF79DB9B8F1060F00F02D8202
:10CCE0007F20132503213B4B3B4A1B6812681870B9
:10CCF00020789D7058701180FFF78BB926B11FB155
:10CD0000B3F5614F40F277837F2031250321314B0A
:10CD1000314A1B681268187020789D705870118015
:10CD2000FFF777B940F6AE52A8F105039BB29342E4
:10CD300040F27D817F2031250321264B264A1B6846
:10CD40001268187020789D7058701180FFF761B9D3
:10CD50004FF28412B0F8013058BA80B220F00801C6
:10CD6000914200F00C8149F2F102934200F073828B
:10CD7000B8F1070F00F096837F2013250321154B90
:10CD8000154A1B681268187020789D7058701180C1
:10CD9000FFF73FB9B8F1030F00F011827F2513268A
:10CDA000FFF741BBB8F1030FF8D1002207A8DA70F2
:10CDB000FBF74AFB084A3B681668002800F03184FC
:10CDC0007F2119707221207899705870A6F8008020
:10CDD000FFF731BBBC400320B8400320C440032010
:10CDE000C040032020A1070090D0030048E80100C4
:10CDF00040420F0078563412984003207F2071255E
:10CE00000321B94BB94A1B681268187020789D70CD
:10CE100058701180FFF7FDB8B8F1020F00F07E8165
:10CE20007F21712503231170217895705170038043
:10CE3000FFF7EFB8130600F14381C7200221AA4B88
:10CE4000AA4A1B6812681870607858701180FFF742
:10CE5000E0B88378FF2B7FF483ADC378FF2B7FF49A
:10CE60007FADFBF795FA002800F0B6847F2072258D
:10CE700003219D4B9D4A1B681268187020789D7095
:10CE800058701180FFF7C5B87F2203211A7000780F
:10CE90009A7058703180FFF7BCB811063FF5B9A8F9
:10CEA000C521914B914A1B681268197041785970DD
:10CEB000A2F80080FFF7ADB87E218B4B8B4A1B6830
:10CEC0001268197041785970A2F80080FFF7A1B874
:10CED0003146FBF797FB002800F042817F2131208B
:10CEE000814B824A1B6812681970217898705970BA
:10CEF000A2F80080FFF78DB80122FFF7BCBA7C4A88
:10CF00001278012A00F04E811B099A1D904500F00D
:10CF10001C827F2013250321734B744A1B681268FF
:10CF2000187020789D7058701180FFF772B81B0937
:10CF30005A1D424580F2A880002B00F05483002740
:10CF4000591E0530C90010F8012F8A4008393A43AC
:10CF500011F1080F97B2F6D19E1DF319984500F014
:10CF600017827F20132503215F4B604A1B681268DC
:10CF7000187020789D7058701180FFF74AB87F2094
:10CF800031250321584B594A1B68126818702078C4
:10CF90009D7058701180FFF73CB8564A928A92B241
:10CFA000B2F5805FC0F03A817F2088254E4A4F4914
:10CFB0001268096810702078957050700B80FFF728
:10CFC00028B84C4B9B8A9BB2B3F5805FC0F07D8143
:10CFD0007F2022250321444B444A1B6812681870A5
:10CFE00020789D7058701180FFF713B87F201225AC
:10CFF00003213D4B3D4A1B681268187020789D70D4
:10D0000058701180FFF705B812063FF502A8414697
:10D01000204610B0BDE8F047FEF7B4BE04215173BE
:10D02000027840321A70A6F80080FEF7F2BFF9F7D6
:10D03000F7F9C82009F066FF3146E01CFDF762FDF4
:10D040000121294A294B10681A682378403303705C
:10D050001180FEF7DEBFB3F57F4F00F054814FF62D
:10D06000017293427FF483AAB8F1040F7FF49BAA64
:10D070004378012B7FF4FFAA1D4B1A78022A00F097
:10D08000CD837E22FFF7DCBA7F2013250321164BC8
:10D09000164A1B681268187020789D7058701180AD
:10D0A000FEF7B7BF7F20132503210F4B0F4A1B68E4
:10D0B0001268187020789D7058701180FEF7A9BF13
:10D0C00001230D4C26782370F6F776FE4FF47A7024
:10D0D00009F018FFF6B22868F6F776FEF6F7E2FDDB
:10D0E0002670FEF796BF00BFBC400320B840032067
:10D0F00098400320700003209200032051221A70F0
:10D1000042785A70A6F8008090F90130002BBEF6E4
:10D1100080AF10B0BDE8F04701F05ABD317B6378B5
:10D120008B4200F089817F217325032311702178C0
:10D13000957051700380FEF76CBFBA4B9A69042A50
:10D1400040F239817F2036250321B74BB74A1B684F
:10D150001268187020789D7058701180FEF759BFC2
:10D1600060782378A478403304228DF81D0031467E
:10D170000DF11F008DF81C308DF81E4000F0E8FF07
:10D18000A94B0DF11B021868431E063012F8011F4F
:10D1900003F8011F9842F9D10722A44B1B681A809B
:10D1A000FEF737BF7F2203209F4BA0491B68096809
:10D1B0001A7024789A705C700880FEF72ABF0022EB
:10D1C00007A8DA70FBF740F98146002840F0068195
:10D1D000079B002B00F0C982054602AE14E09DF8C3
:10D1E0000B203B6803F80820BDF80A2003F825202F
:10D1F000029A4344120A9A70029ADA70079B08F165
:10D2000004089D4280F03D8128463146FBF7D8F85E
:10D2100001350028E3D04FF00109EFE700228149F2
:10D220008348C1E903220B70824B42731A604A6142
:10D230000A778A6194F9013060789342FEF6E9AE8C
:10D240005021794B794A1B68126858701970A2F8FE
:10D250000080FEF7DEBEB8F1140F7FF48DADD4F878
:10D2600003100120FBF7B6F9D4F807100546304645
:10D27000FBF7B0F90346D4F80B1003201D43FBF76E
:10D28000A9F90346D4F80F100420ADB21D43FBF7F3
:10D29000A1F90346E17C0520ADB21D43FBF79AF9E5
:10D2A000ADB245EA00039BB25F4A60491268096863
:10D2B000002B00F0A8827F207225032310702078B5
:10D2C000957050700B80FEF7A4BE0023554A594854
:10D2D000C2E90333564903604B735361137793617B
:10D2E00094F901306078002B82F80080FEF691AE50
:10D2F00050214D4B4D4A1B68126858701970A2F8A6
:10D300000080FEF786BEB8F1040F7FF44CA9437885
:10D31000012B7FF4B0A9434B1A78022A7FF4B1AEF7
:10D320001B7F022B40F0E581FCF740FB00287FF4D7
:10D33000BEA904212046FEF725FD3C4A13681A8841
:10D34000002A3EF466AEFFF71EB9002B00F0718193
:10D350000025013B411DDB0011F8012F9A40083BDD
:10D3600013F1080F45EA0205F6D140F6FE739D421F
:10D3700040F260817F20312503212B4B2B4A1B6813
:10D380001268187020789D7058701180FEF741BEA9
:10D39000244B1A78022A00F0AF817F227F250320D8
:10D3A000214B22491B6809681D7024789A705C70B3
:10D3B0000880FEF72EBE58685969411A092978D8A5
:10D3C0007F2037250321184B184A1B6812681870F4
:10D3D00020789D7058701180FEF71BBE7F2272204E
:10D3E0003B681A702178114A597098701368A3F835
:10D3F0000080FFF720B890F801808578FDF786FB64
:10D40000002800F094817F2021250321064B074A44
:10D410001B681268187020789D7058701180FEF794
:10D42000F8BD00BF98400320BC400320B840032053
:10D43000C4400320C040032001333373237800210C
:10D4400040331370637802F8013FB3680BE034682F
:10D450000131E35CB1F57F6F02F8013FB36803F17E
:10D460000103B36003D074689C42F0D889B272683B
:10D4700002319A4201803EF6CCAD03237373FEF76E
:10D48000C8BDB9F1000F00F070817F213B687225A3
:10D49000197003212078B84A58709D70136819805C
:10D4A000FEF7C9BFD4F8031009BAFBF793F8034697
:10D4B000FAE6197F012900F076817F2024250321D7
:10D4C000AE4BAD4A1B681268187020789D7058707A
:10D4D0001180FEF79EBD2146207840301070A8F1E3
:10D4E000020014FA80F00C4611F8017FA04202F805
:10D4F000017FF8D1FFF76FB841F27A02A8F1050376
:10D500009BB2934240F2BB807F27132503209B4BA5
:10D51000994A1B6811681F7024789D705C700880A0
:10D520000CE70133337302F02DFAB8F1000F00F06D
:10D5300055812746AA46A946B0683B797A791B04EB
:10D5400003EB0263FA78397A03EB02237A7A09044F
:10D5500001EB0261BA780AF1080A134419EB0302DD
:10D56000FB79083701EB0323316801F5802108447A
:10D5700017F8021C0B44FCF791FA45EA0003B06867
:10D58000D04500F10800DDB2B060D6D802F00EFA46
:10D59000D6E901329A4224BF03237373002D00F0B1
:10D5A00025817F2172200322744B1B68197021781A
:10D5B00098705970704B1B681A80FEF72ABD43782B
:10D5C000012B7FF458A80379002B00F05781012B21
:10D5D0007EF4CDAF6A48F9F755FF41462046FEF785
:10D5E000D1FB654AAAE61F46B6E4417801297CD002
:10D5F000022975D07F21122011702178907051700E
:10D60000FFF7EDB8828840F6FB7052BA92B28242C0
:10D6100050D97F2231200A70227888704A70FFF733
:10D62000EFB8062007995971090A19713080FEF781
:10D6300002BF1D46D4F8026036BAA9193046FCF77D
:10D64000BFF84E4B4C4A1B68116870B12278F61A2D
:10D6500040321A705A1902E0F05C03F8010F9A4246
:10D66000FAD101350D80FEF7D4BC7F20312503228D
:10D67000187020789D7058700A80FEF7CABC00238D
:10D68000211D07A804F8083000F084FD3D4907A8D3
:10D6900000F0A0FD00287FF44CAE7F203121374BF5
:10D6A000354A1B68187020789970032158701368E8
:10D6B000198043E671200870084665784D70A5789A
:10D6C0008D70E4780021151F00F8034F02E000F888
:10D6D000011F0131A942FADB043292B2FEF752BFB8
:10D6E000002029490870FEF76DBF27480170FEF73A
:10D6F00069BF3322FEF7A4BF1B7F022B33D1D4F8BE
:10D7000002502DBA28467919FCF74AF8002840F053
:10D71000A1807F2031250321184B174A1B6812680E
:10D72000187020789D7058701180FEF772BCF02040
:10D73000611D0091B5FBF0F100FB1151B8FBF0F554
:10D7400000FB15803B463246C9B2C0B2FDF7E4F992
:10D7500001210A4A084B10681A6823784033037085
:10D760001180FEF756BC332218E6034A9B0011686D
:10D7700003330B80FEF75FBEB8400320BC4003209C
:10D78000E80D0208D8100208920003201B7F022B2C
:10D79000AFD14378012B7EF46EAFFCF7D1F80028AF
:10D7A0007EF485AFC5E5D4F802101D6909BA8D4233
:10D7B00040D000277F2658613525032001329A6129
:10D7C0004A4A4B4912681F771670237809685370CC
:10D7D00095700880FEF71DBC012119E402F0E6F8FF
:10D7E000D6E901329A4201D30323737302203F4AE0
:10D7F0003F49237812686478096840331370547085
:10D800000880FEF706BC60782378A5785070032066
:10D810004033137095700880FEF7FBBB1B7F022B13
:10D820007FF467AF334B5B7B042BB6D07F20222184
:10D83000FEF79FBE1E7794F90130002BFEF6E9AB90
:10D8400040F26721294A2A4B12681B6811801E800A
:10D85000FEF7DFBB022F22D0042F1AD0082F24D0CE
:10D860006FF00603E21D1B1B02E012F8011F297076
:10D870009918B942F9D33146FFF7CABB1E48AAE648
:10D88000FBF7ECFFD0B9FCF735F800287EF40FAFBA
:10D890004FE5A36831461BBA2B60FFF7B9BB23895C
:10D8A00031465BBA2B80FFF7B3BBA168E0680BBAC7
:10D8B00002BA3146C5E90023FFF7AABB0CF054FFBA
:10D8C00000287EF4F4AE34E57F22002631200321C7
:10D8D000064B0A4D1B682E601A70054A24781268A0
:10D8E0005C7098701180FEF794BB00BFBC400320B1
:10D8F000B8400320C4400320FC0D0208C0400320B0
:10D9000038B500240122094B09490A4D4C7358606F
:10D9100009490A48C3E90344C3E905442C601A7065
:10D920001C77FAF7A5FF204638BD00BF98400320BA
:10D93000C4400320C0400320280103209046022059
:10D94000114B01461A78032A02D01048FBF72AB976
:10D9500041F288305A688A1A8242F6D900224FF082
:10D96000010C0B4810B40B4C427383F800C01A77BB
:10D97000226006485DF8044BC3E90322C3E905228F
:10D980005960FBF70FB900BF984003209046022072
:10D99000C4400320C04003200146024A0248FBF76E
:10D9A00017B900BF50010320904602202DE9F04333
:10D9B000002585B004468DF80D50ADF80E50D0E925
:10D9C0000050B0F1804F0F4690461E46C5F3826965
:10D9D0000BD030B9B5F5FC6F63D040F2DF739D42D8
:10D9E0000ED0002005B0BDE8F083C5F30743DA2B65
:10D9F000C5F3072200F09980DB2BF2D1FF2AF0D18A
:10DA0000E06800F099FB0028EBD03B780F2BE8D8BA
:10DA1000002B00F09680072BE3D801388342E0D832
:10DA2000A2690137ADF80E30A2F500120123B2FA57
:10DA300082F28DF80D30504B520983F8262161682F
:10DA4000B1F1804F00F08F804FF4FD6200214B4810
:10DA50004B4B0260C3E9002141604FF0FF330122CC
:10DA60000DF10D0130680AF04FF84FF0FF3302223C
:10DA700004460DF10E0130680AF046F802464FF0F8
:10DA8000FF33144439463068BDF80E200AF03CF8E4
:10DA9000BDF80E3004440333A34244D0F3F748FCEE
:10DAA00041E04FF4FD63364AC2E90030334AC2E92F
:10DAB0000030E06800F040FBCDF80080A369314CF5
:10DAC000A3F50013B3FA83F301463A4620465B09F7
:10DAD000FAF7F8FE2578022D83D100274FF0FF33A7
:10DAE00001220DF10D0130688DF80D700AF00CF86F
:10DAF0002A464FF0FF330546A11C30680AF004F8AF
:10DB000002464FF0FF3315443068628804F10D017E
:10DB100009F0FAFF638805440333AB4201D0F3F701
:10DB200007FC0023237001205CE72A2A7FF459AF09
:10DB30002B029BB243EA896343F45A0343F02A035E
:10DB4000B1E7A269B2F5001F7FF44BAF08287FF65A
:10DB500048AF7B78002B3FF444AF023883423FF656
:10DB600040AF02375EE72A0292B242EA896242F48B
:10DB70005A0242F02A026AE7906602202801032036
:10DB800050010320904602204FF0000C10B5029C7B
:10DB9000A4F800C08C460D490B600D490C600D497E
:10DBA0004860114622B1BDE810406046FEF798B9C2
:10DBB0004FF07F0E8CF800201320032283F800E042
:10DBC0009CF8001098705970228010BDBC40032052
:10DBD000B8400320984003204FF0000C10B5029C81
:10DBE000A4F800C08C460D490B600D490C600D492E
:10DBF0004860114622B1BDE810406046FEF770B99A
:10DC00004FF07F0E8CF800201320032283F800E0F1
:10DC10009CF8001098705970228010BDBC40032001
:10DC2000B84003209840032038B5049A12884AB1BE
:10DC30001978512907D0C72904D1012A02D05B786D
:10DC4000032B08D038BD4FF4FA7009F05BF9BDE83A
:10DC5000384000F0BDBF4FF4FA7009F053F90123CA
:10DC6000084C25782370F6F7A7F84FF47A7009F07E
:10DC700049F9054BEDB21868F6F7A6F8F6F712F871
:10DC8000257038BD92000320C0400320024A9368EB
:10DC900001339360704700BF74010320024608B54A
:10DCA000054B064901201A6009F0A8FB044B054A00
:10DCB00005491860116008BD28410320D8400320A1
:10DCC000D4400320A04103208DDC0008002238B599
:10DCD00005460C46104601210BF0D2F82846A1B2A9
:10DCE0000CF0E8F870B941F2883406E00122002017
:10DCF00011460BF0C5F8013C09D00CF0BFF8002824
:10DD0000F4D138BD064AD3680133D36038BD044A24
:10DD1000936801339360BDE838400CF0BDB800BF94
:10DD200074010320F8B507460D46174C4FF0FF313C
:10DD3000206809F07FFC0128F8D1144E3368186878
:10DD400009F0C0FEA8420BD2002320681A461946EB
:10DD500009F0B8FA01200E4AD3680344D360F8BD35
:10DD600032680023394610682A4609F0CDFE024683
:10DD700000232068144619461A4609F0A3FAA54262
:10DD8000E8D10020F8BD00BFD44003202841032083
:10DD90007401032010B5044C4FF0FF31206809F0E6
:10DDA00049FC0128F8D110BDD44003200023034AC8
:10DDB000194610681A4609F085BA00BFD4400320FE
:10DDC00070B50D4E054632680C46106809F07AFEB3
:10DDD000A04205D20120094AD3680344D36070BD34
:10DDE0003068002322462946006809F08DFE8442EF
:10DDF000F0D1002070BD00BF284103207401032032
:10DE000010B5044600F0CEF901462046BDE81040AA
:10DE1000FFF788BF00B583B001A900F0A3F8022185
:10DE200001A8FFF77FFF03B000BD00BF00B583B0BE
:10DE3000694600F029F808216846FFF773FF03B030
:10DE400000BD00BFE2B1034610B40E4C50000139D2
:10DE500003EB420211F801CF02334FEA1C1C14F805
:10DE60000CC0934203F802CC91F800C00CF00F0CE8
:10DE700014F80CC003F801CCECD15DF8044B7047EA
:10DE800010467047F81002084FF0000C034610B51A
:10DE9000E646174AC3F30334145D082064F3070C05
:10DEA0001C0F145D64F3070EC3F30324145D64F3C5
:10DEB0000F2CC3F30364145D64F30F2EC3F3031438
:10DEC000145D64F3174CC3F30354145D64F3174EED
:10DED00003F00F04C3F30343145DD35C64F31F6CBE
:10DEE00063F31F6EC1F800E0C1F804C010BD00BFAD
:10DEF000F81002080346094AC3F3032C12F80CC0B9
:10DF0000032081F800C0C3F3031C03F00F0312F8D1
:10DF10000CC0D35C81F801C08B707047F810020808
:10DF20000346002210B40E4C4FEA133C14F80CC008
:10DF300004206CF30702C3F3032C14F80CC06CF339
:10DF40000F22C3F3031C14F80CC003F00F03E35CAF
:10DF50006CF3174263F31F625DF8044B0A6070476D
:10DF6000F81002080346064A4FEA131C03F00F0399
:10DF700012F80CC0D35C022081F800C04B707047CF
:10DF8000F81002080346034A03F00F03D35C012094
:10DF90000B707047F810020850EA010305D13021D8
:10DFA000002301201170537070472DE9F0478A4615
:10DFB0004FF0000911464FF0CC3805261F4C0B4698
:10DFC00010EB0A0C4CF1000CA4FB0C1525F003011E
:10DFD00001EB9501ACEB010CB0EB0C0508FB05F176
:10DFE0000746A5FB040E6AF1000504FB0511554622
:10DFF000714400F0010E4008AEFB06EA40EAC17031
:10E000004FEA510A19461EEB0C0E0A2F0EF1300E84
:10E0100075F1000501F801EBD1D2881A9A4281F816
:10E020000090C0B207D211781C7802F8014B03F8B7
:10E0300001199A42F7D3BDE8F08700BFCDCCCCCC14
:10E04000A2B110B40A4C013801EB420291F800C0B1
:10E050004B7814F80CC0E35C023103EB0C138A42DA
:10E0600000F8013FF2D15DF8044B7047704700BFE4
:10E0700008110208014A0378D05C704708110208B1
:10E08000044B027841789A5C585C00EB0210C0B2F5
:10E09000704700BF0811020800B50A4A43780178AA
:10E0A000D35C90F803E0515C90F802C01B0212F8B8
:10E0B0000E0003EB013312F80C20184400EB0210A1
:10E0C00080B200BD08110208064A43780178D35C8B
:10E0D0008078515C105C1B0103EB0123184480B273
:10E0E000704700BF08110208124A437890F800C038
:10E0F0008178D35C12F80CC0515C1B0603EB0C73E7
:10E1000090F803C003EB0153017912F80CC0515C85
:10E1100003EB0C4390F805C003EB0133817912F84F
:10E120000CC0C079515C105C03EB0C2303EB0113B2
:10E130001844704708110208014BC0B2185C7047C0
:10E14000E8100208704700BF0AB10CF005BA70472A
:10E150004AB1013A4B1E0138114413F8012F8B428A
:10E1600000F8012FF9D170477AB1013A431E013905
:10E17000104401E0834208D013F801CF11F8012FB9
:10E180009445F7D003D901207047002070474FF025
:10E19000FF307047421E11F8013B02F8013F002B8F
:10E1A000F9D1704708B503782BB10130F2F748F880
:10E1B000013080B208BD184608BD00BF4FF47A7226
:10E1C00002FB00F0024BA3FB0030800908F09ABE6E
:10E1D000D34D621088B179B103781BB915E010F8FE
:10E1E000013F5BB18C4611F8012B9A42F7D0981A87
:10E1F000B0FA80F040097047084670479CF801204B
:10E20000981AB0FA80F0400970470A78EFE700BF2B
:10E21000A2B10244431E013902F1FF3C02E060B1A9
:10E2200063450BD013F8010F11F8012F9042F6D07F
:10E2300001D9012070474FF0FF3070470020704730
:10E2400010B5144658B3027802B301F1FF3C6146A1
:10E2500001E0934216D011F8013F002BF9D142782A
:10E2600000F1010E5AB1614601E0934212D011F85B
:10E27000013F002BF9D11EF8012F002AF3D11346DC
:10E28000236010BD10F8012F002AE0D10023236085
:10E29000002010BD0022734603F8012BF0E7106840
:10E2A0000028D0D1F4E700BF30B505460AB10023FD
:10E2B000137005B32C78F4B1002007E0DBB28B4279
:10E2C00019D215F8014F00FB0130B4B1A4F13003AD
:10E2D000DBB2092BA4F1410CF1D9BCF1050FA4F17B
:10E2E000610EA4F13703E9D9BEF1050F03D8573CFD
:10E2F000E3B28B42E5D3002030BD002AFCD00123DD
:10E30000137030BD024620B9302301204A700B70D3
:10E3100070478C4630B5124D9646A5FB0240C008AA
:10E3200000EB8004A2EB440202F13004BEF1090FBD
:10E33000634602460CF8014BEED80022ACEB01001C
:10E340009942C0B28CF8002008D20A7893F800C035
:10E3500001F801CB03F801299942F6D330BD00BF83
:10E36000CDCCCCCC10B50F4B82B0186E002240F053
:10E37000010018661C6E072104F001040094009C43
:10E380009C6D6FF0010044F080549C659B6D03F020
:10E3900080530193019B00F0C1FB02B0BDE8104027
:10E3A00003F01EBB00100240094B02689A4200D0E5
:10E3B0007047A3F500539A6C82B042F480529A647D
:10E3C0009B6C03F480530193019B02B0704700BF24
:10E3D000003002400000000010B500210446ACB03F
:10E3E000942207A8CDE90211CDE9041106910CF0A1
:10E3F000B3F8274B22689A4201D02CB010BD4FF0E1
:10E4000000724FF0807307A80792219304F0C6F9B9
:10E41000002832D19FED1A6B9FED1B7B09241D4B09
:10E4200002A9DA6D1C4842F40072DA65DA6D02F472
:10E4300000720092009ADA6C42F00202DA64DB6C3D
:10E440008DED026B03F0020301938DED047B019BC4
:10E45000069401F07FFD00220521272000F05EFBDD
:10E46000272000F095FB00220521282000F056FB14
:10E47000282000F08DFB2CB010BDF2F759FFC9E742
:10E480000003000002000000000000000000000087
:10E4900000A40040001002400004024208B50268D7
:10E4A0000A4B9A4200D008BD094A4FF44071D36D1F
:10E4B000084823F40073D36501F052FE272000F0D2
:10E4C00075FBBDE80840282000F070BB00A40040A8
:10E4D000001002400004024210B50446A6B0942287
:10E4E000002101A80CF038F8114B22689A4201D0A3
:10E4F00026B010BD4FF4802301A8019304F04EF91B
:10E5000098B90C4B0022D86C052140F48020D864C7
:10E51000DB6C5E2003F480230093009B00F0FEFA86
:10E520005E2000F035FB26B010BDF2F701FFE8E7F2
:10E5300000080C4200100240F0B50024414B026874
:10E5400089B09A42CDE90244CDE90444069401D051
:10E5500009B0F0BD03F5EC339A6D052642F4804214
:10E560009A659A6D032702F480420092009ADA6C51
:10E57000054642F00202DA64DB6C4FF4204203F0FD
:10E5800002030193022301992F4802A9CDE9022336
:10E59000CDE9057601F0DEFC02224FF48043CDE99F
:10E5A00002320123284802A906960493059701F038
:10E5B000D1FC80230E211022244EC6E90343244BB4
:10E5C0003046C6E90112C6E90544C6E9074433608E
:10E5D00000F0B2FB48BB10211C4800F05DFD68BB99
:10E5E000002380220D211B4C6E65C4E90233C4E96F
:10E5F0000423C4E906332362174B2046B5626160E9
:10E60000236000F099FBB0B91021124800F044FDDE
:10E6100070B9002205213C20AC65A56200F07EFAAD
:10E620003C2000F0B5FA09B0F0BDF2F781FED2E768
:10E63000F2F77EFEEDE7F2F77BFEE5E7F2F778FE14
:10E64000CEE700BF003800400004024264270320E8
:10E6500008000240FC2603201C00024000B50368AD
:10E6600087B0B3F1804F0DD02E4A934238D02E4A56
:10E67000934214D02D4A934226D02D4A934244D03F
:10E6800007B000BD03F504339A6D42F001029A65AC
:10E690009B6D03F001030193019B07B000BD254B67
:10E6A0000022986D052140F0200098659B6D322076
:10E6B00003F020030393039B00F030FA322007B0ED
:10E6C0005DF804EB00F064BA1A4B1A6E42F40032A3
:10E6D0001A661B6E03F400330493049B07B000BD5D
:10E6E000144B0022986D052140F0100098659B6D39
:10E6F000312003F010030293029B00F00FFA312047
:10E7000007B05DF804EB00F043BA0A4B1A6E42F40E
:10E7100080221A661B6E03F480230593059B07B0C5
:10E7200000BD00BF00100040001400400044014044
:10E73000004801400010024010B500210446AEB070
:10E74000942209A8CDE90411CDE9061108910BF036
:10E7500003FF2D4B22689A4201D02EB010BD4FF41A
:10E76000005309A8099304F019F800283FD19FED40
:10E77000226B9FED237B0A22244C2548E36C04A9DD
:10E7800043F00103E364E36C8DED046B03F00103DC
:10E790000193019B8DED067B089201F0DBFBE36D9D
:10E7A00043F40013E365E36D03F400130293029B4B
:10E7B000A36DDB0018D4A36D43F08053A365A36D54
:10E7C00003F080530393039B03F002F9A36D23F03E
:10E7D0008053A36500220521492000F09FF94920BC
:10E7E00000F0D6F92EB010BD03F0F2F8F2E7F2F720
:10E7F0009FFDBCE7AFF3008000180000020000009E
:10E80000000000000000000000D4004000100240A2
:10E810000000024210B5014688B000222A2000F014
:10E820007DF92A2000F0B4F9154B01A91A6E03A84E
:10E8300042F400621A661B6E124C03F400630293EA
:10E84000029B03F0A3FE03F089FE0346002140F281
:10E85000E7300D4A2161A2FB0323A1609B0C0B4909
:10E86000E060013B20462160636005F0D9F810B1FB
:10E87000012008B010BD204604F0E2FE08B010BD33
:10E88000001002402C41032083DE1B43002C01407A
:10E89000FEE700BFFEE700BFFEE700BFFEE700BFE8
:10E8A000FEE700BF704700BF014800F083BB00BF18
:10E8B00064270320014800F07DBB00BFFC26032035
:10E8C000014800F097BF00BF2C290320014800F049
:10E8D00091BF00BF2C290320014804F0A1BF00BF55
:10E8E0002C410320014804F09BBF00BF6426032095
:10E8F000014804F095BF00BF18260320014801F02D
:10E90000EDBC00BFD8280320014801F085BE00BF40
:10E91000D8280320014804F069BD00BFCC2703209C
:10E92000014805F047B900BF44280320014802F020
:10E93000CFB800BFA4220320014800F03BBB00BFBA
:10E94000B4290320014804F037BA00BF302803205F
:10E950000D49034610B50D4A0D4C0868121B20B135
:10E960000344934207D80B6010BD0A4C2046034471
:10E9700093420C60F7D90BF065FE0C2203464FF072
:10E98000FF301A6010BD00BF784103200000042052
:10E9900000100000B0770320034AD2F8883043F417
:10E9A0007003C2F88830704700ED00E0254B254920
:10E9B0001A68120754BFD3F894301B688A6858BF8E
:10E9C000C3F3032302F00C0248BFC3F30313082A66
:10E9D00012D01D480C2A50F823300FD01B49042AAE
:10E9E00008BF0B46174A1A4892681A49C2F3031225
:10E9F000825CD3400B607047174BF3E7C868CA6866
:10EA000000F00301C2F30312022902F1010211D046
:10EA1000032913D0B3FBF2F10A4AD368D268C3F3D7
:10EA2000062301FB03F3C2F3416201325200B3FB40
:10EA3000F2F3D7E70549B1FBF2F1EDE70649B1FB87
:10EA4000F2F1E9E700100240081202080024F40085
:10EA5000501202088C01032080969800DFF834D011
:10EA6000FFF79AFF002103E00B4B5B584350043142
:10EA70000A480B4B42189A42F6D30A4A02E0002396
:10EA800042F8043B084B9A42F9D30BF0E1FDF2F750
:10EA9000D9F8FEE7000004207413020800000320E8
:10EAA0003004032030040320AC770320FEE700008D
:10EAB000042010B500F020F8FFF778FF0020FFF7E2
:10EAC000A9FE10B10124204610BD0446FFF74AFC00
:10EAD000204610BD034A044B11681B780B44136099
:10EAE000704700BF7C41032090010320014B186850
:10EAF000704700BF7C4103204FF6FF0C064903021C
:10EB0000CA6803F4E06302EA0C02134343F0BF63F4
:10EB100043F40033CB60704700ED00E01A4B00B5C2
:10EB2000DB68C3F30223C3F1070EBEF1030F03F149
:10EB3000030C28BF4FF0030EBCF1060F1BD9A3F145
:10EB4000040C4FF0FF3303FA0CF322EA03024FF0F8
:10EB5000FF3303FA0EF321EA030303FA0CF3134322
:10EB60005B010028DBB209DB00F1604000F5614089
:10EB700080F8003300BD00229446E8E7034A00F025
:10EB80000F000244137600BD00ED00E0FCEC00E055
:10EB9000002807DB012300F01F01034A40098B40D6
:10EBA00042F82030704700BF00E100E000280CDB95
:10EBB00001220649430900F01F002033824041F83A
:10EBC0002320BFF34F8FBFF36F8F704700E100E04A
:10EBD000BFF34F8F0549064BCA6802F4E062134346
:10EBE000CB60BFF34F8F00BFFDE700BF00ED00E03B
:10EBF0000400FA05002836D038B5437F044603F0F8
:10EC0000FF0263B3022223796277F3B92368174ABC
:10EC10005A619A6822F018029A6062798AB1226970
:10EC20001A6101219A68656922F060022A439A609C
:10EC30009A68A56922F080022A439A6061770020D1
:10EC400038BD4FF0FF321A61EBE72046D4E90212DB
:10EC500000F00EF808B92368DFE7012038BD02771D
:10EC6000FFF7A2FBCEE70120704700BFB71DC1042C
:10EC7000CB071AD51E2310B401E0013B17D321FAAC
:10EC800003FC1CF0010FF8D0182A11D8DFE802F0BD
:10EC9000161010101010101024101010101010105A
:10ECA00021101010101010101400012070472AB10C
:10ECB00001205DF8044B7047062BF9D8046800204A
:10ECC0006161A36823F018031343A3605DF8044B4C
:10ECD0007047072BF2D9EBE70F2BEFD9E8E700BF1E
:10ECE00011490368C26C8B4288BF104922F00302AD
:10ECF00094BF02F1804189184FF0010210B4DBB2D9
:10ED00000B4CA3F10803A4FB03430A4CC3F3041305
:10ED100098BF01F5023102FA03F3C0E914148365C8
:10ED20005DF8044B704700BF070402402008024012
:10ED3000CDCCCCCC8008024000285ED00268304B9D
:10ED400070B59A42044646D92E4B2F491344A1FB75
:10ED500003132E481B099B000221C4E91203D4E9C6
:10ED6000025320692B430343606984F82510034351
:10ED7000A06911680343E0696FF310110343206A2F
:10ED800003430B4320461360FFF7AAFFD4E9146145
:10ED9000B5F5804FA06D27D06368DAB2013B032B35
:10EDA0003260486024D801210020194B194D1344CA
:10EDB000013A01FA02F218499B00E3656266256692
:10EDC00018604A6400230122636484F8243084F8C4
:10EDD0002520184670BD114B0B491344A1FB0313AA
:10EDE0001B090F489B00B7E700236360336048604E
:10EDF0000023C4E917336366E4E70120704700BFCE
:10EE000007040240F8FBFDBFCDCCCCCC000402408F
:10EE10003F8200104009024000090240F8FFFDBF98
:10EE200000000240F0B590F82440012C0AD04FF0C9
:10EE3000010C90F8254080F824C0644504D00023DC
:10EE400080F824300220F0BD0026D0E9157C4FF078
:10EE5000020E046880F825E046642668C56D26F039
:10EE600001062660C7F804C015B1D0E918677760BD
:10EE70000126C76C07F01C0C876C06FA0CF67E6046
:10EE800063608368102B036B0BBFA260A160E1601D
:10EE9000E260B3B1236843F00E032360036D1A6888
:10EEA000D20303D51A6842F480721A601DB12B6830
:10EEB00043F480732B602368002043F00103236038
:10EEC000F0BD236823F004032360236843F00A03A2
:10EED0002360E3E790F825200346022A06D00422A7
:10EEE0005A640022012083F824207047026870B41D
:10EEF000046D1068D96C20F00E00106020689E6CC4
:10EF000020F480702060106801F01C0120F00100E6
:10EF100010600122D3E91545D86D8A4072606560A2
:10EF200030B1D3E91814026822F4807202604C6098
:10EF3000012283F82520002283F82420002070BCC1
:10EF4000704700BF90F825200346022A03D0042210
:10EF500001205A647047026870B5046D1068D96C5E
:10EF600020F00E00106010689E6C20F00100106010
:10EF70002268D86D22F4807222600122D3E91545FF
:10EF800001F01C018A407260656030B1D3E9181449
:10EF9000026822F4807202604C60012000211A6C29
:10EFA00083F8250083F824100AB118469047002002
:10EFB00070BD00BF0421F0B4C26C866C02F01C026C
:10EFC00035680468914029420346276812D017F03B
:10EFD000040F0FD02268170439D42268950603D491
:10EFE000226822F0040222601A6B716092B1F0BCB8
:10EFF000184610470221914029420DD0B8070BD581
:10F00000226812F4004F226829D0D4033CD45A6BF2
:10F01000002AECD1F0BC7047082191402942F9D078
:10F020003907F7D52168002021F00E012160012168
:10F03000DC6B01FA02F27260596483F8240083F8F1
:10F040002510002CE6D018462346F0BC1847716006
:10F050002268D60314D4036B002BF6D1DAE79006AE
:10F0600006D4226822F00A022260012283F82520B9
:10F070000020DA6A716083F82400002AB7D1C9E75A
:10F08000836B002BE1D1C5E7DA6A002AAFD1C1E773
:10F0900090F82500704700BF60B10368C8061A6881
:10F0A00005D5C9024CBF42F4801222F48012002020
:10F0B0001A60704701207047002800F0D78038B5EB
:10F0C00090F85C30044603F0FF02002B70D02268F9
:10F0D000936923F010039361FFF708FD054604E0F0
:10F0E000FFF704FD401B0A2859D823689A691107C5
:10F0F000F6D49A6942F001029A61FFF7F7FC0546DF
:10F1000004E0FFF7F3FC401B0A2848D823689A69FB
:10F11000D207F6D59A696068574942F002029A61AF
:10F120000860227C012A9A690CBF22F0400242F05A
:10F1300040029A61627C012A9A690CBF42F48042C3
:10F1400022F480429A61A27C012A9A690CBF22F4BF
:10F15000805242F480529A619A69A06822F4407207
:10F1600002439A619A69E16822F0A4029A611A69DD
:10F17000012922F010021A611FD011B302299A69E5
:10F1800076D042F080029A611A69032942F0100297
:10F190001A6116D19A6942F020029A6111E00322A5
:10F1A000236E012043F00103236684F85C2038BD00
:10F1B00080F85D20FFF710F989E79A6942F00402B0
:10F1C0009A61D4E90612013A0139120242EA416217
:10F1D000216AB0F5407F01F1FF3142EA0102616925
:10F1E00001F1FF3142EA0142DA610ED1D4E90B02AA
:10F1F000A16A013A01381201013942EA00220A43A8
:10F20000616A013942EA0142DA60D3F8C020E06B5A
:10F21000616B0243C3F8C020D3F88020174822F462
:10F22000F81242EA01422064C3F88020D3F880201B
:10F23000A16B134D22F0706242EA01626564C3F86B
:10F240008020104B10494035C4E91253F033C4E913
:10F2500014134FF4547200210BF07EF900230122A5
:10F26000236684F85C201846A36538BD01207047EA
:10F2700042F020029A61A4E700A5004000AC0040E3
:10F2800070AC004088AD004060AE004090F85C205B
:10F290000346013A012A05D91A6E012042F0020202
:10F2A0001A6670478A6870B4D1E9035448699207B6
:10F2B000D1E9006156B942EAC56202431B6C42EAD9
:10F2C0000442002070BC43F8212070475B6C44EA84
:10F2D000457443F83140104303EBC103586070BCE0
:10F2E00000207047844690F85C00012807D0DCF8C5
:10F2F0006030012043F00403CCF86030704710B454
:10F300000198DCF8004040EA4303D4F8800043EA67
:10F31000820242EA011120F03F030B430020C4F8AF
:10F3200080305DF8044B704790F85C200346012A5A
:10F3300005D01A6E012042F004021A667047026876
:10F340000020936923F400439361704790F85C2098
:10F350000346012A05D01A6E012042F004021A6603
:10F36000704702680020936943F40043936170473B
:10F3700090F85C200346012A05D01A6E012042F065
:10F3800004021A6670470222002110B4046880F853
:10F390005C20A269084622F00102A2615DF8044BDC
:10F3A0001966704790F85C300146022B17D102684D
:10F3B000936943F0010393619369DB0758BF0B2303
:10F3C00013D49069C00710D4013BFAD103220B6E0D
:10F3D000012043F001030B6681F85C207047036E47
:10F3E00043F00803036601207047936923F010037C
:10F3F000936193691B0748BF0B2305D590690007EC
:10F4000002D5013BFAD1E1E74FF0010C10B4002422
:10F410009369204643F00203936181F85CC08C65D8
:10F420005DF8044B704700BF88B110B50446FFF784
:10F43000B9FF22682046D36D23F00303D365FFF79D
:10F440002DF80023236684F85C30184610BD012097
:10F45000704700BFF0B590F85C308646022B0BD1A8
:10F460000568D5F8C43013F4001C0BD0036E43F4C8
:10F47000007303660120F0BD036E43F008030366CA
:10F480000120F0BDD5F8C4604B680C6988680F682E
:10F49000C6F30146002B37D1044344EA8744D1E93F
:10F4A00006030343486906EBC6070343086A43EAB9
:10F4B0000063C86843EA0043DEF8540040F8374070
:10F4C00000EBC7004360134CCB68E35CA3B19378B7
:10F4D000D7781B0443EA0763177804323B4312F8DA
:10F4E000037C43EA07230CEB0007BB60CB680CF1FD
:10F4F000040CE35C9C45EAD30123B340C5F8CC304F
:10F500000020CEF85830F0BD3C43044344F0804422
:10F51000C5E700BF601202082DE9F04190F85C4099
:10F52000022C64D1402905686DD0D5F89840270792
:10F5300064D0D5F89870D5F89840C7F30128E60153
:10F5400007D5D5F88040E40544BF08F1010707F06E
:10F550000308C46C08EBC80604EBC604266806F072
:10F5600080465660D4F800C0002E66D1CCF38A469F
:10F570001660266806F000569660266806F000467B
:10F580001661A688D661B4F806C00CF00F0CC2F85C
:10F590000CC0666806F480165661666806F40016AC
:10F5A0009661E67906F07F061662274E676816F8C0
:10F5B0000CE04FEAD77CC2F824C0BEF1000F10D097
:10F5C000013B04F1070EF4461EF8015FACF1060C96
:10F5D00003F8015FD568ACEB040C755D6545F2D8A6
:10F5E000056840292CD0C5F89C80002004E0036EFB
:10F5F00043F0080303660120BDE8F081036E43F485
:10F6000080730366F7E7D5F890402707F6D0D5F862
:10F610009070D5F89040C7F30128E60107D5D5F8DA
:10F620008040A40544BF08F1010707F00308846C7B
:10F6300008EBC80604EBC60490E72CF0604697E799
:10F64000C5F89480D1E700BF6012020803461B682A
:10F6500030B45B6C002003F00704C3F30222C1E95D
:10F660000042C3F34014C3F38012C1E90342C3F361
:10F67000C014C3F3C022C1E90542C3F30034C3F38D
:10F68000403203F01805C1E90742C3F38032C3F3E7
:10F6900006438D60C1E9092330BC7047034630B48E
:10F6A0001B6800201B6CDCB2C3F3C035C3F3062219
:10F6B000C3F30743C1E900428D60CB6030BC7047A3
:10F6C000036840290CBFD3F89000D3F8980000F0ED
:10F6D0000F0070470368D3F8C40000F007007047BC
:10F6E000034690F85C000138012805D91A6E012004
:10F6F00042F002021A6670471B6870B411F00705E9
:10F70000986D01F0380420D0C6071ED4DD6D45F099
:10F710000105DD650CB384071FD5D86D40F00200EC
:10F72000D8650C0604D5D3F8DC001043C3F8DC0020
:10F73000C80504D5D3F8E0000243C3F8E0205A6DB1
:10F74000002070BC0A435A65704704B386071ED474
:10F75000DE6D46F00106DE6525BB11F4E07F01D0C9
:10F760004607DAD411F4F05F01D00507D5D411F4BF
:10F77000604F01D0C406D0D411F4403F01D08606BA
:10F78000CBD411F47C0FCCD04506C6D4C9E711F414
:10F79000E07F0AD0460708D4DE6D46F00106DE653C
:10F7A000002DB7D0C507B5D5B7E711F4F05F01D08C
:10F7B0000607F1D511F4604F01D0C606ECD511F45F
:10F7C000403F01D08606E7D511F47C0FE8D046060D
:10F7D000E2D5002D9ED0E5E7704700BF704700BF1F
:10F7E000704700BF704700BF704700BF704700BF41
:10F7F000704700BF2DE9F84F036804461A6D596D34
:10F8000002EA010A1A6D596D0AF4E05A02EA010986
:10F810001A6D596D1E6D02EA01085A6D1F6D164072
:10F820005A6DD3F854B01D6D1740690609F00709E9
:10F8300008F0380806F4710607F4602702D51BF0BB
:10F84000400F73D1EA0502D51BF4807F5DD1BAF178
:10F85000000F4AD1B9F1000F35D1B8F1000F3CD1FA
:10F86000AB0502D51BF4007F75D1280602D51BF02D
:10F87000800F78D1A90402D51BF4005F5BD12A0464
:10F8800002D51BF4004F5ED16B040AD51BF4804FE8
:10F8900007D04FF4804223681A65236E43F080033B
:10F8A00023664FB926B123681E65236E3343236652
:10F8B000236E2BBBBDE8F88F2368394620461F65B1
:10F8C000F4F720FCEEE7236849462046C3F8509041
:10F8D000F4F766FBB8F1000FC2D02368414620461A
:10F8E000C3F85080FFF77AFFBAE7236851462046F5
:10F8F000C3F850A0FFF770FFB9F1000FADD0E2E7F9
:10F900002046F4F7E3FBBDE8F88F4FF480722368DC
:10F910002046D3F8D8C0D3F8E0101A650CEA0101EC
:10F92000FFF760FFBAF1000F94D0DEE740221A65BE
:10F93000FFF75EFF86E74FF40052236820461A6502
:10F94000FFF752FF9BE74FF40042236820461A65F9
:10F95000FFF74CFF98E74FF40072236820461A65C2
:10F96000FFF73EFF81E7802223682046D3F8D4C00A
:10F97000D3F8DC101A650CEA0101F4F78BFB79E788
:10F98000006E7047064B9A6A002A01DB0020704720
:10F990000449054A99609A60986AC00F704700BF91
:10F9A0000020024023016745AB89EFCD044B9A6AE2
:10F9B00042F000429A62986AC043C00F704700BF8D
:10F9C00000200240064B986A10F0804006D005499E
:10F9D000054A19611A61986AC0F38070704700BFC8
:10F9E000002002403B2A19087F6E5D4C054B9A6A45
:10F9F00042F080429A62986A80F08040C0F3807042
:10FA0000704700BF00200240034A0120936A43F080
:10FA100000639362704700BF0020024070B5164C2F
:10FA20000546FFF763F8236ADE0306D56A1C18BF94
:10FA3000064612D1236AD803FCD442F2FA010E4AD8
:10FA4000136A0B4010D1136A0020DB0744BF012367
:10FA5000136270BD236AD903EFD5FFF747F8801B07
:10FA6000A842F7D3032070BD044C012061681362E3
:10FA70001943616070BD00BF00200240980103205F
:10FA80002DE9F0411A4C94F800C0BCF1010F2CD0C4
:10FA9000984601232370002307464FF47A700D46E1
:10FAA00016466360FFF7BAFF18B100232370BDE864
:10FAB000F081A760EFF3108272B60E4FBB6A43F07D
:10FAC0000103BB622E60BFF36F8FC5F8048082F321
:10FAD00010884FF47A70FFF7A1FFA268BB6A22F08A
:10FAE000004223EA0203BB62DFE70220BDE8F081A7
:10FAF00098010320002002400E4B1A6C510212D5CF
:10FB0000C20703D59A6A42F004029A62830704D5B9
:10FB1000084A936A43F400439362064A936A43F4A3
:10FB20008033936270479A6A42F4004242F00402C2
:10FB30009A62F2E70020024070B58E4D2B78012BBF
:10FB400020D00122002304464FF47A702A706B60A3
:10FB5000FFF764FF98B92068C10700F1C4808207ED
:10FB600012D4430719D4030700F1AF80824A4FF43F
:10FB70007A70936A43F400339362FFF74FFF0023D8
:10FB80002B7070BD022070BD7B4A2169136C23F07D
:10FB9000FF030B4313644307E5D5D4E9052612F0B0
:10FBA000010316BF4FF4E061194606EA010312F0A3
:10FBB000020F05D006F4805C41F4805143EA0C0347
:10FBC00012F0040F05D006F4005C41F4005143EA42
:10FBD0000C0312F0080F05D006F4804C41F480416C
:10FBE00043EA0C0312F0100F05D006F4803C41F4F8
:10FBF000803143EA0C0312F0200F05D006F4003CDC
:10FC000041F4003143EA0C0312F0400F05D006F432
:10FC1000802C41F4802143EA0C0312F0800F05D0C0
:10FC200006F4002C41F4002143EA0C0312F4807F17
:10FC300005D006F4801C41F4801143EA0C0312F451
:10FC4000007F05D006F4001C41F4001143EA0C03C8
:10FC500012F4006F05D006F0807C41F0807143EA19
:10FC60000C0312F4805F05D006F0007C41F00071B7
:10FC700043EA0C0312F4005F05D006F0806C41F0FB
:10FC8000806143EA0C0312F4804F05D006F0006C4B
:10FC900041F0006143EA0C0312F4004F05D006F076
:10FCA000805C41F0805143EA0C03D20304D506F096
:10FCB0000046334341F000412F4E326C22EA0102EC
:10FCC0001343336403077FF551AFD4E90732012BA7
:10FCD00048D0022B7FF44AAF27498B6C03F07F0397
:10FCE00013438B6442E76368D4E90212013B072B9C
:10FCF0003FF635AF01A656F823F000BF53FD0008CC
:10FD000041FD00085FFB00082FFD00085FFB0008B5
:10FD10005FFB00085FFB00081DFD0008164EF36E38
:10FD200023F07F130B4343EA0243F36617E7124EB7
:10FD3000B36E23F07F130B4343EA0243B3660EE72F
:10FD40000D4EF36D23F07F130B4343EA0243F3653B
:10FD500005E7094EB36D23F07F130B4343EA0243DB
:10FD6000B365FCE604494B6C03F07F0313434B641B
:10FD7000FCE600BF980103200020024006224368F1
:10FD80000260082B04D84FF48B72DA40D20717D4E4
:10FD9000334B1B6CDBB2AA2B05D0552B03D0CC2BDD
:10FDA0000CBFCC23BB232E49C26903610B6C02F14B
:10FDB000FF3C23F0FF03BCF1010F836118D97047AA
:10FDC0000722013B0260072BE2D801A252F823F080
:10FDD00043FE00082FFE000891FD00081BFE0008EE
:10FDE00091FD000891FD000891FD000807FE000844
:10FDF0000368012A43F0080303602CD08B6C23F0C6
:10FE00007F0303627047164AD36E03F07F0383605B
:10FE1000D36EC3F30643C360BAE7114A936E03F08F
:10FE20007F038360936EC3F30643C360B0E70C4A5D
:10FE3000D36D03F07F038360D36DC3F30643C360C8
:10FE4000A6E7074A936D03F07F038360936DC3F3C6
:10FE50000643C3609CE74B6C23F07F03036270474B
:10FE6000002002400F4B1A6C12F4800F9A6A01D0E6
:10FE7000C90712D522F400629A620A4A936A23F4EF
:10FE80007E7323F0020343EAC00343F0020393624C
:10FE9000936A43F480339362704742F400629A623B
:10FEA000EBE700BF002002402DE9F041274E3378F8
:10FEB000012B3DD00122002304464FF47A7088467E
:10FEC00032707360FFF7AAFD074660BB48F2040278
:10FED0002368B36023F0004393422DD04FF0FF33EB
:10FEE000C8F80030D4E902532B449D4206D312E0F7
:10FEF0000135D4E902321344AB420CD9284661687B
:10FF0000FFF7B0FF4FF47A70FFF788FD0028EFD0BD
:10FF10000746C8F800500E49B2688B6A22F00042CA
:10FF200023EA02038B62002333703846BDE8F08178
:10FF300002273846BDE8F0816068FFF7DDFD4FF429
:10FF40007A70FFF76BFD0746E5E700BF98010320D5
:10FF5000002002402DE9F04F0C6883B0002C00F027
:10FF6000908000238946774F012202FA03F515EAB3
:10FF7000040800F081800326D9F8041003FA02F285
:10FF800001F0030E0EF1FF3A06FA02FCBAF1010F7E
:10FF90006FEA0C0CD9F8086076D9BEF1030F01D1D5
:10FFA000012E05D0C568964005EA0C052E43C660B3
:10FFB00005680EFA02F205EA0C052A4311F4403FE7
:10FFC000026059D04FF00F0C23F0030202F180427F
:10FFD00002F53D3203F00306156EF6000CFA06FC3E
:10FFE00025EA0C0E584DA84222D005F58065A8429E
:10FFF00000F08C80554DA84200F08F80DFF850C192
:020000040801F1
:1000000060457CD0DFF84CC1604500F08D80DFF8A2
:1000100048C1604500F08F80DFF840C160450CBFEB
:100020004FF0060C4FF0070C0CFA06F64EEA060EDF
:100030006FEA0805C2F860E03A68CE0254BF2A4071
:1000400048EA02023A607A688E0254BF2A4048EABF
:1000500002027A60D7F884208E0354BF2A4048EA0F
:100060000202C7F88420D7F88020C90354BF2A4071
:1000700048EA0202C7F88020013334FA03F27FF421
:1000800073AF03B0BDE8F08F9640D0F808B001968A
:10009000D9F80C600BEA0C0B06FA02FA4AEA0B0AD2
:1000A000C0F808A0D0F804A0019E2AEA050AC1F30E
:1000B00000159D4045EA0A054560C568BEF1020F7E
:1000C00005EA0C0546EA0506C6607FF471AFD9F86B
:1000D000105003F00706B600B54001950F254FEA12
:1000E000D30A00EB8A0ADAF820B005FA06F6019D79
:1000F0002BEA060B45EA0B05CAF8205058E74FF0EB
:10010000030C0CFA06F64EEA060E91E74FF0010CCE
:100110000CFA06F64EEA060E8AE74FF0020C0CFACD
:1001200006F64EEA060E83E74FF0040C0CFA06F6CC
:100130004EEA060E7CE74FF0050C0CFA06F64EEA86
:10014000060E75E700F40240000002420008024279
:10015000000C024200100242001402420018024247
:10016000002900F095802DE9F04F00234FF00F0992
:100170004FF0030A474E01229A4012EA010E69D05D
:1001800023F0030505F18045434F05F53D3503F0A8
:100190000304D5F860C0E40009FA04F8B84208EA9C
:1001A0000C0C1BD007F58067B84259D03B4FB842C2
:1001B0005AD03B4FB84261D03A4FB84263D0DFF8D3
:1001C000E8B0584555D0DFF8E4B058450CBF4FF0C3
:1001D000060B4FF0070B0BFA04F400E00024A445D3
:1001E00017D1D6F8804024EA0E04C6F88040D6F82D
:1001F000844024EA0E04C6F88440746824EA0E049D
:100200007460346824EA0E0434602C6E24EA080416
:100210002C6604685D000AFA05F52C434FEAD30CFE
:10022000046000EB8C0C03F00704DCF820E0A40071
:1002300009FA04F42EEA0404CCF82040846824EA85
:1002400005048460446824EA02024260C26822EA2B
:100250000502C260013331FA03F28CD1BDE8F08FA0
:10026000012707FA04F4BAE74FF0020B0BFA04F483
:10027000B5E74FF0050B0BFA04F4B0E74FF0030BB2
:100280000BFA04F4ABE74FF0040B0BFA04F4A6E707
:10029000704700BF00F40240000002420008024222
:1002A000000C0242001002420014024200180242F6
:1002B00003691940081E18BF012070470AB1816107
:1002C00070478162704700BF436901EA030221EA77
:1002D000030141EA02418161704700BF0268436B3C
:1002E0009169126803B11847704700BF704700BF9B
:1002F000704700BF0022016810B50B6880F84220EB
:100300005A040CD50B6823F480430B6090F84130FD
:10031000292B0ED090F841302A2B24D010BD1B047D
:10032000F4D50B6823F400430B6090F84130292B7F
:10033000F0D14FF0280C212380F841C0036390F8DE
:100340004130002203EA0C03634514BF6FF0F20C46
:100350006FF0420C0B6803EA0C030B6080F840203E
:10036000FFF7C4FF10BD2824222380F84140036317
:1003700090F8413000222340A34214BF6FF0F403F1
:100380006FF044030C6823400B6080F84020FFF7B7
:10039000AFFF10BD704700BF70B50468C368A169A6
:1003A000A269022B4FEA1242A5688446E668C1F3AF
:1003B000004102F0FE020FD182EAD51313F00603CA
:1003C000C5F3090206D1856C01358564856C022D63
:1003D0000CD070BD06F0FE020025236823F0B803A0
:1003E00023608CF84050FFF7D5FF70BD082583646B
:1003F000E56180F84030FFF7CDFF70BD704700BF6A
:100400000023202210B5174C4363C462036380F8B5
:10041000412080F842304B0712D50268436A526A85
:100420001A70436A028D013343624AB1438D013A27
:10043000013B9BB24385436C028543F00403436454
:1004400010240021036890F8412090F841201A6898
:1004500022F0FE021A60DC6180F84010FFF7CEFF48
:1004600010BD00BF0000FFFF704700BF704700BF16
:10047000806A08B5836B0BB100221A64C36B0BB1A1
:1004800000221A6490F84130602B4FF0000305D031
:10049000036380F84030FFF7E7FF08BD202280F8B3
:1004A000403080F841200363FFF7E0FF08BD00BF44
:1004B00070B50025554B90F8412080F84250C3623A
:1004C0004585436C283A0B43022A4364044603687B
:1004D00033D890F8411090F8412001F028012829E4
:1004E00008BF462102F0280218BFF621282A0CBFB7
:1004F000C9436FF0F60128201A680A4044491A607F
:1005000084F84100A06B226B616318B1112A3ED0C0
:10051000212A3CD0E06B18B1122A4ED0222A4CD0AE
:1005200094F84130602B4FF0000365D020462363E0
:1005300084F84030FFF798FF70BD90F8412090F8A4
:1005400041201A6822F0FE021A609A69920748BF99
:100550009D629A69D60703D49A6942F001029A61B2
:1005600094F84120602A10D0202284F841209A6912
:1005700095060AD59A69D00605D51022DA61626C13
:1005800042F0040262642022DA610021BAE71A68AC
:1005900051042CD4FEF77CFD0128C1D00023A06BB0
:1005A0001C4A026484F84030FEF7CCFC0028C3D01B
:1005B000A06BBDE87040036C18471A68120403D59D
:1005C0001A6822F400421A60FEF762FD0128A7D0E3
:1005D0000023E06B0F4A026484F84030FEF7B2FC5F
:1005E0000028A9D0E06BBDE87040036C18471A687A
:1005F00022F480421A60CDE72022204684F8412070
:1006000084F840302363FFF731FF70BD0000FFFF27
:100610007908010871040108036810B49A6919681F
:1006200012F4807F02F4806408D0090626D4416C5D
:1006300011F00B0F19D15DF8044B7047CCB10906CE
:10064000F5D54FF48064416C920541F00801416496
:10065000DC61ECD54FF40071426C42F0020242645E
:10066000D961416C11F00B0FE5D05DF8044BFFF739
:100670001FBF9405DBD50A06ECD4D8E7416C41F0E6
:10068000010141644FF48071D961002CD9D19405E6
:10069000CDD5DFE770B50446202603680D461968FE
:1006A000C06A94F84120DE61213A092A0ED8DFE8B9
:1006B00002F077050D0D0D0D0DAA7705222694F891
:1006C00041201A6822F0FC021A6026635A68684EBC
:1006D00042F400425A605A6832405A609A6992075E
:1006E00044BF00229A629A69D60703D49A6942F0FD
:1006F00001029A614A043BD51A6822F480421A60CA
:10070000A26B1AB11268526892B262856A070AD562
:100710005A6A636A25F004051A70636A01336362DA
:10072000238D002B68D1638D9BB21BB1636C43F0AA
:1007300004036364EB0601D5CE063AD4002384F8A3
:100740004230666C6363002E68D1E36A494DAB4268
:1007500018D194F841302046222B4FF0200384F822
:10076000406084F84130266376D0FFF7BFFD70BD4E
:100770000E04CBD51A6822F400421A60E26B002AFC
:10078000C0D1C3E72046FFF7B5FD2023E562204630
:1007900084F8413084F840602663FFF72FFE70BD77
:1007A000212694F841201A6822F0FA021A60266382
:1007B0008CE7638D9BB2002B3ED194F84130282BFF
:1007C0004DD094F841202368292A4FF01002DA61B5
:1007D000B4D110F5803FB1D09A69910744BF00228F
:1007E0009A629A69D20703D49A6942F001029A6127
:1007F0002046FFF77FFDA1E7013B2385638D013B89
:100800009BB263858FE7002694F8412094F841203D
:100810001A6822F0FE021A60266357E72046616CD0
:10082000FFF746FE94F84130282BA0D129462046F8
:10083000BDE87040FFF7E4BD10222368DA61636C05
:1008400043F00403636430F080737FF477AF204695
:10085000616CFFF72DFE71E7FFF74AFD70BDB0F147
:10086000007FAED129462046FFF7CAFD66E700BFEC
:1008700000E800FE0000FFFF38B590F840C0C56AF0
:10088000BCF1010F70D04FF0010C11F0200F0446A5
:100890000B4680F840C002D012F0200F53D1D8068A
:1008A00017D5D10615D5628D92B2002A5ED194F883
:1008B0004120282A00F0818094F841202368292AC9
:1008C0004FF01002DA6164D00023184684F84030FB
:1008D00038BD590719D4190701D510073AD499071B
:1008E000F2D59307F0D5638D9BB2002B4DD0616A92
:1008F000236811F8010B228D9862638D013A013B48
:100900009BB2616263852285DEE75007E3D5638D84
:100910009BB26BB12268636A526A1A70638D616A16
:10092000228D013B0131013A9BB2616222856385D0
:10093000638D9BB2002BC7D115F5803FC4D02046F4
:10094000FFF7D8FCC0E7FFF7A5FE0023184684F8A0
:100950004030BDE794F8413003F02803282B28D01D
:1009600008222368DA61AFE7022038BD102223682D
:10097000DA61636C43F00403636435F08073A3D1E0
:100980002046616CFFF794FD9EE735F080739BD1A4
:10099000D5E715F5803F97D09A69950744BF0022A7
:1009A0009A629A69D007CAD49A6942F001029A61A0
:1009B000C5E72046FFF7F0FC86E7B5F1007F7FF43E
:1009C0007BAF19462046FFF71BFD7DE708490B6802
:1009D00013F001030AD1024610B40C68184624F043
:1009E000040313435DF8044B0B607047012070470C
:1009F00000040340034A0020136843F0010313601E
:100A0000704700BF00040340002844D070B590F840
:100A10009132064603F0FF02C3B30323306886F821
:100A2000913203F097FA3579FDB100213346324611
:100A300001200C4611740131A942C2E908445074E6
:100A4000D47442F8284FF5D100210A4683F850119A
:100A50000131A942C3E9582283F8512183F8532177
:100A6000C3F8682103F12803F0D1334653F8040B8F
:100A700093E8060003F078FA01220021B37A31737B
:100A8000934286F8912208D0002070BD80F8902211
:100A9000FDF752FEC1E701207047304600F03EFFEF
:100AA000002070BD90F89032012B0FD010B50123BB
:100AB0000446006884F8903203F042FA206803F09C
:100AC000B1FF002384F89032184610BD0220704711
:100AD0002DE9F84F0546006803F0B0FF10F400441C
:100AE0002BD1430500F17C8247041BD410F4005144
:100AF00040F09382C60400F1BD81040500F19284A8
:100B0000010600F16484820500F1CE84C30512D58C
:100B10002A68B2F8443023F480731B041B0CA2F83B
:100B2000443008E02A68B2F8443023F480431B04C0
:100B30001B0CA2F84430BDE8F88F2868B0F84430A8
:100B40001904F8D5B0F84440A1B214F00F0436D11E
:100B500011F0100100F0E180018811F400648BB203
:100B600000F0AA8095F85021B0F8503000EBC20296
:100B700012FA83F3B3F80634C3F30903082BC5F85C
:100B80006C3140F06B84B5F8562105F5267103F001
:100B900069FF40F68F732A68284611880B4043F09E
:100BA0008003138009F098FA2868B0F844301904DB
:100BB000C1D5B0F84440A1B214F00F04C8D030F849
:100BC0002430A7001FFA83F81B0439D418F0800FD3
:100BD000B4D030F824309BB223F4E14323F0700307
:100BE00043F4004320F824303B1905EBC302D17CC9
:100BF000DB00012900F0EB80117C18F48079D2F839
:100C000028E04FEAC10C40F05881B0F850401CFA7F
:100C100084F40444B4F80244C4F30904744580F035
:100C20000381AEEB040110339162E918536A234447
:100C30005362D36A2344D36203F0C6FC28687DE77D
:100C400040F68F7330F824203919134043F08003A5
:100C500020F8243005EBC10191F85C3191F8502166
:100C6000002B40F08580B0F85030D20012FA83F3A8
:100C70000344B3F80694C9F30909B9F1000F40F031
:100C8000E481391905EBC103D3F86C21C9004A444A
:100C9000C3F86C21D3F8682122B1D3F860214A450A
:100CA00040F2C6813B1905EBC303284693F8501167
:100CB00009F036FA286889E71A047FF53FAF40F655
:100CC0008F730288134043F08003038095F850210E
:100CD000B0F8503000EBC20212FA83F3B3F80634D6
:100CE000C3F30903C5F86C31002B00F0B480D5F8CC
:100CF000641100293FF422AFB5F8562103F0B2FE8B
:100D0000D5F86431D5F86C21284613442146C5F83E
:100D1000643109F005FA286810E703889BB223F4D0
:100D2000E14323F0700343F4004303802A7CB0F8CE
:100D3000503000EBC20212FA83F3B3F802346A6A4D
:100D4000C3F309031A442846EB626A6209F0F2F918
:100D50002B7B2868002B3FF4F1AEAB6A002B7FF4AD
:100D6000EDAE2A7B42F08002A0F84C202B73E5E622
:100D700091F85331022B00F0508230F822309BB2B0
:100D800023F4E04323F0700343F4004343F0C00333
:100D900020F8223091F8503130F82320DB0012F493
:100DA000804FB0F8502013FA82F3034443D0B3F8D5
:100DB0000294C9F30909B9F1000F3FF462AFB1F829
:100DC00058214B46D1F8641103F04CFE59E700213D
:100DD000631C03EB830345F83310137FDBB118F07A
:100DE0004008537C00F00A82002B40F05F82117CA7
:100DF000B0F8503000F2024010FA83F333F831209B
:100E0000C2F3090223F8312033F8312092B242F4C0
:100E1000004223F83120274405EBC7072846397CD8
:100E200009F088F9286889E62846C2F8289009F070
:100E300081F9286882E6B3F80694C9F30909B9F183
:100E4000000F3FF41EAFB1F85A214B46D1F86411A0
:100E500003F008FE15E7038823F4804323F07003B2
:100E60001B041B0C83F4405343F4004343F0800302
:100E7000038063E62A68B2F8403023F004031B04C1
:100E80001B0CA2F84030B2F8403023F008031B04DA
:100E90001B0CA2F8403095F8C832012B00F01283E9
:100EA000284609F077F92A68B2F8443023F48053D1
:100EB0001B041B0CA2F844303DE608F4804918F0EE
:100EC0004008B0F8503000F0C88000F2024818FA2C
:100ED00083F333F83130C3F3090373454AD34FF03A
:100EE000000C537CC2F828C0002B40F0F882B0F808
:100EF000503018FA83F333F83120C2F3090223F893
:100F0000312033F8312092B242F4004223F83120EC
:100F1000B0F8503000F2064212FA83F333F8312071
:100F2000C2F3090223F8312033F8312092B242F49F
:100F3000004223F831203B1905EBC303DB7C022B75
:100F40000FD130F8213023F4E04323F040031B0499
:100F50001B0C83F0200343F4004343F0800320F88C
:100F60002130284609F0E6F82868B9F1000F3FF46F
:100F7000E5ADCBE0AEEB030EC2F828E0B9F1000F0F
:100F80000FD030F821E02EF4E04E2EF0700E4FEA34
:100F90000E4E4FEA1E4E4EF4404E4EF0800E20F89C
:100FA00021E007EB040E05EBCE0E9EF83490B9F16C
:100FB000010F00F0CB81274405EBC7073A7C30F8DE
:100FC000223023F4E04323F040031B041B0C83F086
:100FD000300343F4004343F0800320F82230ADE5B2
:100FE0002A682846B2F8443023F480631B041B0CA3
:100FF000A2F8443009F0ACF895F89032012B3FF498
:101000009AAD0123214628682C7385F8903203F0AD
:1010100003FD85F89042BDE8F88F2A68B2F84430A5
:1010200023F400531B041B0CA2F84430BDE8F88FD6
:10103000D3F8642101F5A8714A4428682944C3F80B
:10104000642103F0C1FA2868C0E5B1F856214B4687
:10105000D1F8641103F006FD13E600F2064A1AFA0D
:1010600083F333F83130C3F30903734561D9C2F810
:1010700028803B1905EBC3035B7C002B40F04182C9
:10108000B0F8502000F2024313FA82F232F8313005
:10109000C3F3090322F8313032F831306FEA4343A9
:1010A0006FEA53439BB222F83130B0F850201AFA5D
:1010B00082F232F83130C3F3090322F8313032F8CA
:1010C00031306FEA43436FEA53439BB222F8313029
:1010D0003B1905EBC303DB7C022B0FD130F8213029
:1010E00023F4E04323F040031B041B0C83F0200394
:1010F00043F4004343F0800320F82130284609F0F0
:1011000019F82868B9F1000F7FF418AD3B1905EB09
:10111000C3031A7C30F8223023F4E04323F0700339
:101120001B041B0C43F4404343F0800320F822309F
:1011300004E5AEEB030EC2F828E0BEF1000F98D034
:10114000B9F1000F0FD130F821E02EF4E04E2EF06F
:10115000700E4FEA0E4E4FEA1E4E4EF4404E4EF0C9
:10116000800E20F821E007EB040E05EBCE0E9EF872
:101170003480B8F1010F7FF41EAFDEF8246006EB77
:101180000308CEF82480D66A06EB0309C2F82C9037
:10119000DEF83090DEF820209145C0F0D081A9EB38
:1011A0000203CEF8303093B207EB040E05EBCE0EFF
:1011B0009EF811B0BBF1000F40F0B681B0F850E0DE
:1011C0001AFA8EFE3EF83190F444C9F309092EF85C
:1011D0003190002A40F0E4813EF831206FEA42422B
:1011E0006FEA524292B22EF831203A1905EBC20250
:1011F0004146528B03F026FC2868DCE6002B62D0C7
:10120000012B7FF408AEB0F85030127C00F206409B
:1012100010FA83F323F83280FDE5B0F850C04FEAAE
:10122000C20919FA8CFC18F4804ED1F86831844454
:101230004FD0BCF802C4CCF3090C9C45E14600F247
:101240004781A3EB0C03C1F868317BB930F8221059
:1012500021F4804121F070010904090C81F400514E
:1012600041F4004141F0800120F8221018F0400FB5
:101270000DD030F8223023F4E04323F070031B0438
:101280001B0C43F4004343F0C00320F82230BCF1B0
:10129000000F3FF4F6AC391905EBC101B1F8582144
:1012A0006346D1F8641103F0DDFBEAE4012B7FF41F
:1012B000B2ADB0F85030127C00F2024010FA83F365
:1012C00023F83210A7E5B0F85030117C00F2064048
:1012D00092E5BCF806C4CCF3090C9C45E14600F24B
:1012E000FB80A3EB0C03C1F868317BB930F8221006
:1012F00021F4804121F070010904090C81F40051AE
:1013000041F4004141F0800120F8221018F0400F14
:101310000DD130F8223023F4E04323F070031B0496
:101320001B0C43F4004343F0C00320F82230BCF10F
:10133000000F3FF4A6AC391905EBC101B1F85A21F1
:101340006346D1F8641103F08DFB9AE4DEF8246063
:1013500006EB0309CEF82490D66A06EB030AC2F81E
:101360002CA0DEF830A0DEF820209245C0F0F980F5
:10137000AAEB0203CEF8303093B207EB040E05EB74
:10138000CE0E9EF811B0BBF1000F40F0DF80B0F838
:1013900050E018FA8EFE3EF83180F444C8F3090894
:1013A0002EF83180002A40F022813EF831206FEA89
:1013B00042426FEA524292B22EF831203A1905EBBE
:1013C000C2024946128B03F03DFB2868F3E52A6808
:1013D000B2F8443023F080031B041B0CA2F8443005
:1013E00095F8C832002B5AD10121B2F84030284676
:1013F0009BB243F00403A2F84030B2F840309BB2F5
:1014000043F00803A2F8403085F8C812B2F854300F
:10141000C3F38D0303F03C03C5F8CC32BDE8F84FAD
:1014200000F096BA2A682846B2F840309BB243F0E2
:101430000803A2F84030B2F8443023F400631B04E0
:101440001B0CA2F84430B2F840309BB243F00403C6
:10145000A2F8403008F08EFEFFF76DBB48F2800125
:1014600040F68F72038823F4804323F070031B043B
:101470001B0C83F480530B430380038823F4E04365
:1014800023F040031B041B0C83F01003194301805D
:101490000388134043F080030380FFF74CBB2846CA
:1014A00008F068FEFFF747BB2A682846B2F84430C8
:1014B00023F400731B041B0CA2F8443008F044FE14
:1014C000FFF739BB284685F8C81200F041FAE7E477
:1014D0000023C1F86831B9E6C1F868E106E7012BDD
:1014E0007FF429ADB0F8503000F2064218FA83F3C9
:1014F00023F831C0B0F8503012FA83F323F831C02A
:1015000019E5012B7FF4E4AD0022B0F8503000F271
:10151000024C1CFA83F323F83120B0F850301AFA49
:1015200083F323F83120D3E5BBF1010F7FF45DAEE7
:10153000B0F850201AFA82F222F8313055E6B9F1AB
:10154000000F15D11A468EF834902DE6BBF1010F2D
:101550007FF434AFB0F8502018FA82F222F831301C
:101560002CE7BAF1000F2AD11A468EF834A004E70E
:1015700000229EF811B01FFA89F3CEF830208EF8C1
:101580003420BBF1000FCFD1B0F850E04A461AFA30
:101590008EFE3EF83190F444C9F309092EF83190DB
:1015A0003E2A33D8BCF8001002F0010E89B20EEBCF
:1015B000520241EA822292B2ACF8002015E60022E3
:1015C0009EF811B01FFA8AF38EF83420CEF830203E
:1015D000BBF1000FBAD15246B0F850E018FA8EFEB7
:1015E0003EF83180F444C8F309082EF831803E2AD1
:1015F0001ED8BCF8001002F0010E89B20EEB5202A8
:1016000041EA822292B2ACF80020D7E65109D20614
:10161000BCF8002008BF01F1FF3192B242EA8122FA
:101620006FEA42426FEA524292B2ACF80020DCE527
:101630005109D606BCF8002008BF01F1FF3192B273
:1016400042EA81226FEA42426FEA524292B2ACF819
:101650000020B3E690F89022012A0DD010B50122A7
:1016600004460068217384F8902203F0D5F9002322
:1016700084F89032184610BD0220704701F0070C24
:1016800010B5090604460CEB8C004FEAC00021D4CB
:101690004FF0000E00F5A871204480F851E121447C
:1016A000022BCB7008BF0023C2F30A0208BF0B71E4
:1016B00081F800C00A6194F89032012B13D0012305
:1016C000206884F8903202F069FC002384F890329C
:1016D000184610BD4FF0010E00F11001204480F8B3
:1016E00011E02144DCE7022010BD00BF01F0070239
:1016F00002EB8203090610B54FEAC303044616D471
:1017000003F5A87101440344002083F851010A70D5
:1017100094F89032012B15D00123206884F8903280
:1017200002F06CFE002384F89032184610BD03F1DD
:10173000100101440344012058740A7094F8903257
:10174000012BE9D1022010BD10B5002401F00701E2
:1017500001EB810E00EBCE0C8CF850118CF851414E
:101760000068CCF86421CCE95A340CF5A87102F079
:101770002BFF204610BD00BF01F0070101EB8101E6
:1017800000EBC100D0F86C01704700BF01F0070109
:1017900038B501EB810E00EBCE0C01258CF8101052
:1017A000002461468CF834508CF811500068CCF855
:1017B0002420CCE90B43CCF82830103102F004FF90
:1017C000204638BD10B50379044601F00700834276
:1017D0002ED30B061AD401EB8101C90001F5A872C2
:1017E0006318A118002283F85121012308708B701F
:1017F00094F890229A4219D084F89032206803F02D
:1018000095F8002384F89032184610BD012200EBB1
:101810008003DB0003F1100123445A7401232144A7
:1018200008708B7094F890229A42E5D1022010BD86
:10183000012010BD38B5027901F00F039A422FD371
:1018400001F0070202EB8203090604464FEAC303D4
:1018500017D403F5A871014403440025002083F840
:1018600051010A708D7094F89032012B16D001232B
:10187000206884F8903203F081F884F8905228466A
:1018800038BD03F1100101440344002501205874C0
:101890000A708D7094F89032012BE8D1022038BD87
:1018A000012038BD90F89032012B17D0012310B5DC
:1018B0000446006884F890320B0606D402F06CFBF4
:1018C000002384F89032184610BD01F0070102F0A1
:1018D00061FB002384F89032184610BD0220704747
:1018E00011F0800F0CD001F0070101EB810100EB3A
:1018F000C100103099B262B9C180027300207047F4
:1019000001EB810100EBC10000F5A87099B2002A3B
:10191000F2D0012283600273002070470246002348
:1019200010B40124116882F8C8321846B1F8543056
:10193000C2F8D0429BB22343A1F85430B1F85430DE
:101940005DF8044B9BB243F00203A1F8543070479A
:10195000704700BF024B186800F4C060704700BFBA
:1019600000700040174A1368116911F4104F25D018
:10197000D168090422D403F4C06383421CD01368E5
:10198000114923F4C063034313600B680F495B09DB
:10199000A1FB03135169DB0903EB8303480503F142
:1019A000010305D55169013B490501D5002BF9D14A
:1019B000044B5B695B0503D400207047012070472E
:1019C00003207047007000408C010320C55A7C0A38
:1019D000024A536843F480635360704700700040CC
:1019E000024A936843F4804393607047007000405C
:1019F00030B51E4C0546A36D83B0DB0021D5FFF743
:101A0000A9FF30F4007315D0802D2AD82BD0A5F172
:101A10007003B3FA83F35B0915490A6822F00F02D9
:101A20001A430A60086800F00F00C01A18BF0120AE
:101A300003B030BD802DEFD9A02D8CBF0223012330
:101A4000EAE7A36D43F08053A365A36D03F08053D1
:101A50000193019BFFF77EFFA36D23F08053A365E5
:101A6000CFE70323D8E70223D6E700BF00100240E8
:101A7000002002402B4A9368D26813F00C0307D071
:101A80000C2B33D0042B39D0082B35D000207047D5
:101A9000244A1168090754BFD2F8942012682249D9
:101AA00054BFC2F30322C2F3031251F82200002BE9
:101AB000EDD01C49CA68CB6802F00302C3F30313DC
:101AC000022A03F1010324D0032A19D0B0FBF3F05A
:101AD000CB68C3F3062303FB00F0124BDB68C3F3B0
:101AE000416301335B00B0FBF3F0704702F0030287
:101AF000012ACDD00020DCE70C4870470C48704725
:101B00000A4AC868B2FBF3F3C0F3062003FB00F0F7
:101B1000E3E7074AC868B2FBF3F3C0F3062003FB10
:101B200000F0DAE7001002400812020880969800E0
:101B30000024F400002800F0DE809F4A2DE9F843DD
:101B40001368814603F00F038B420C460CD21368D6
:101B500023F00F030B431360136803F00F038B4252
:101B600002D00120BDE8F883D9F80030980703F0CF
:101B7000010240F19A80914DD9F80800A96801F05E
:101B8000F001884204D9A96821F0F0010143A9605D
:101B9000002A4DD0D9F80450884B032D00F08D80D9
:101BA000022D1B6800F0A380002D40F0A6809E0748
:101BB000D7D5FFF75FFF824B984205D97F4B9A68D4
:101BC00012F0F00F00F09F807C4FBB6823F00303FE
:101BD0002B43BB60FCF78AFFBB68D9F8042003F0F5
:101BE0000C03B3EB820F064618BF4FF0000819D064
:101BF00041F28837714DFCF779FFD9F80430821B28
:101C0000BA424FEA830304D9AA6802F00C029A424E
:101C100077D1AA6802F00C029A42ECD1B8F1000F19
:101C200040F08C80D9F80030990707D5D9F8080022
:101C300062498A6802F0F002824252D85E490A681C
:101C400002F00F02A24209D90A6822F00F022243D1
:101C50000A600A6802F00F02A24282D15A0707D531
:101C60005649D9F80C008A6822F4E06202438A607F
:101C70001B0708D5514AD9F81010936823F4605314
:101C800043EAC1039360FFF7F5FE03464B4A4D4913
:101C900092684D48C2F30312895C4C4ACB401360F2
:101CA0000068BDE8F843FCF7B5BD002AC6D0D9F8F6
:101CB0000450424B032D7FF473AF1A6891017FF5F6
:101CC00050AFD968DA6801F00301C2F303120229A8
:101CD00002F1010238D0032965D0012954D0DB6814
:101CE00072E78A6822F0F00202438A60A6E79F0347
:101CF0003FF55FAF35E70120704758057FF531AFFD
:101D000057E703202EE79A6822F0F00242F08002A3
:101D10009A602A4FBB6823F003032B43BB60FCF798
:101D2000E5FEBB68D9F8042003F00C03B3EB820F87
:101D3000064618BF4FF080087FF45AAF1F4A9368D9
:101D400023F0F00393606DE72149DB68B1FBF2F209
:101D5000C3F3062303FB02F218491948CB68C3F307
:101D6000416301335B00B2FBF3F383427FF62CAF98
:101D70008B6813F0F00F7FF427AF8B6823F0F0032C
:101D800043F080038B60C4E71A68120754BFD3F88E
:101D900094301B680F4A54BFC3F30323C3F30313E8
:101DA00052F82320D8E70C49DB68B1FBF2F2C3F309
:101DB000062303FB02F2CFE700200240001002409E
:101DC00000B4C40450120208940103208C010320C3
:101DD0000024F4000812020880969800002800F001
:101DE000B7832DE9F041174B02689D68DE68D10684
:101DF0000446134682B005F00C0506F003063BD5F9
:101E0000002D00F06A810C2D00F06481E3690D4F14
:101E1000D3B13B6843F001033B60FCF767FE8046AB
:101E20003B689A0700F1CA82FCF760FEA0EB08004D
:101E30000228F5D93B689B07F2D4032002B0BDE825
:101E4000F08100BF001002403B6823F001033B60BB
:101E5000FCF74CFE3B68804699070BD5FCF746FE25
:101E6000A0EB0800022802D93B689A07E5D43B683A
:101E70009B07F3D422681346D1072DD5082D00F017
:101E800095810C2D00F08F816368B3F5803F00F0E1
:101E9000B681B3F5A02F00F005838B4F3A6822F48A
:101EA00080323A603A6822F480223A60002B40F097
:101EB000AB81FCF71BFE3B6880469A030BD5FCF711
:101EC00015FEA0EB0800642802D93B689B03B4D43C
:101ED0003B689903F3D423689A0713D5042D40F087
:101EE0003D81794B1B685B0503D5E368002B00F04F
:101EF0005881754A2169536823F0FE4343EA016320
:101F0000536023681A072BD56369002B00F05981B1
:101F1000A3696D4A002B40F0D681D2F8943023F0AB
:101F20001003C2F89430684DD5F8943043F00103A3
:101F3000C5F89430FCF7DAFDD5F8943006469B07D7
:101F40000DD4FCF7D3FD801B072804D9D5F89430B5
:101F50009F077FF572AFD5F894309907F1D52368C4
:101F60005D0765D5584B9A6DD00000F12881012599
:101F70009A6D42F080529A659B6D03F080530193F5
:101F8000019B524E3368D90540F1D981A368DA0725
:101F900040F150815A0740F126824B4BD3F89020F4
:101FA00042F00402C3F89020D3F8902042F00102DE
:101FB000C3F89020FCF79AFD434F0646D7F89030BF
:101FC0009B070FD441F28838FCF790FD801B4045F9
:101FD00004D9D7F890309A077FF52FAFD7F8903013
:101FE0009B07F1D5A368190640F10582364FD7F853
:101FF000903043F08003C7F89030D7F8903019053F
:102000000FD441F28838FCF771FD801B404504D99C
:10201000D7F890301A057FF510AFD7F890301B0530
:10202000F1D525B1284A936D23F080539365236839
:102030009A061FD5A36A244D002B00F06381D5F8C2
:10204000983043F00103C5F89830FCF74FFDD5F800
:10205000983006469B070DD4FCF748FD801B0228EC
:1020600004D9D5F898309F077FF5E7AED5F89830BA
:102070009907F1D5E36A23B3134DAA6802F00C0265
:102080000C2A00F0D581022B2B6823F080732B6083
:1020900000F01582FCF72AFD2B68044699010BD548
:1020A000FCF724FD001B022803D92B689A013FF599
:1020B000C4AE2B689B01F3D4034A054BD1680B4097
:1020C000D3600020BAE600BF00100240007000405C
:1020D000FCFFEEFE012E7FF499AEA64B1B689B071A
:1020E0005CD4A44B606A1A68170756BFD3F89430C3
:1020F0001B681B0903F0F003984200F243819D4BDB
:102100001A6842F008021A601A6822F0F0020243CC
:102110001A605A68216A22F47F4242EA01225A6018
:10212000002D00F0B981FFF7A5FC0346914A9249C2
:102130009268C2F30312895C904ACB401068904ABF
:102140001360FCF767FB00287FF478AE2368D9079B
:102150001A463FF596AE99077FF5D4AE0C2D00F0E8
:102160002981E368834D002B00F0B4802B6843F491
:1021700080732B60FCF7BAFC2B6806465F053FF5C1
:10218000B8AEFCF7B3FC801B022803D92B685905B5
:102190007FF553AE2B685A05F3D5AAE6E369002B09
:1021A0009FD101204AE6032E7FF46EAE714B1B686F
:1021B0009F0302D56368002BF3D01346CBE70025BD
:1021C000DFE66C4DD5F8943023F00103C5F8943068
:1021D000FCF78CFCD5F8943006469A077FF5BFAE25
:1021E000FCF784FC801B072804D9D5F894309B07A2
:1021F0003FF523AED5F894309F07F1D4AFE65D4AA2
:10220000136843F480331360FCF770FC594F804629
:102210003B689A033FF55FAEFCF768FCA0EB080053
:10222000642803D93B689B037FF507AE3B6899039D
:10223000F2D550E64F4ED6F8902022F00102C6F8B3
:102240009020D6F8902022F00402C6F89020002BAF
:102250007FF4B0AEFCF74AFCD6F8903007469907F9
:102260000FD541F28838FCF741FCC01B404504D92A
:10227000D6F890309B073FF5E0ADD6F8903099073F
:10228000F1D43C4ED6F890301A067FF5CAAED6F897
:10229000903023F08003C6F89030D6F890301A05BD
:1022A0007FF5BFAE41F28838FCF720FCC01B4045EB
:1022B00004D9D6F890301B053FF5BFADD6F8903065
:1022C0001905F1D4ADE6D2F8943043F01003C2F80A
:1022D000943028E62B6823F480732B60FCF706FC0F
:1022E0002B6806465B050BD5FCF700FC801B02281B
:1022F00003D92B685F053FF5A0AD2B685905F3D4D2
:102300002368FFE5D5F8983023F00103C5F898302D
:10231000FCF7ECFBD5F8983006469A077FF5AAAE95
:10232000FCF7E4FB801B022804D9D5F898309B0702
:102330003FF583ADD5F898309F07F1D49AE633681E
:1023400043F480733360FCF7D1FB33680746DB0549
:102350003FF51CAE03E03368D9053FF517AEFCF737
:10236000C5FBC01B0228F6D93368D8057FF565ADDB
:10237000F1E700BF00100240501202089401032050
:102380008C010320FFF734FB00287FF40AAF714B68
:102390001A6842F008021A601A68616A22F0F002B4
:1023A0000A431A605A68216A22F47F4242EA0122F3
:1023B0005A60B8E6022E7FF4D4AE92E5654B1A68F7
:1023C00042F008021A601A68616A22F0F0020A43B9
:1023D0001A605A68216A22F47F4242EA01225A6056
:1023E0002268134648E55B4AD2F8903043F0010377
:1023F000C2F89030DEE5574FD7F8903023F08003D5
:10240000C7F89030D7F8903019057FF50AAE41F241
:102410008838FCF76BFB801B404504D9D7F8903017
:102420001A053FF50AADD7F890301B05F1D4F8E551
:10243000012B3FF4B6AEEB68226B03F0030191422F
:102440007FF4AFAE616B03F0F0020139B2EB011F14
:102450007FF4A7AEA16B03F4FE42B2EB012F7FF431
:10246000A0AEE16B03F07842B2EBC16F7FF499AE9E
:10247000226C03F4C0015208013AB1EB425F7FF4D1
:1024800090AE626C03F0C0635208013AB3EB426F46
:1024900014BF01200020D1E4FFF7AAFA00283FF47E
:1024A00042AE7EE603F18043A3F53C331A6842F462
:1024B00080221A601A6842F480321A60A4E6FCF79F
:1024C00015FB2B68064699010BD5FCF70FFB801B0B
:1024D000022803D92B689B013FF5AFAC2B689F0105
:1024E000F3D41C4D1C4BE968226B0B40606B13430B
:1024F000D4E90E1243EA012343EAC2630138D4E966
:102500001012490843EA001301395208013A43EA1C
:10251000415343EA4263EB602B6843F080732B60C6
:10252000EB6843F08073EB60FCF7E0FA2B6804463D
:102530009A013FF5C6ADFCF7D9FA001B022803D972
:102540002B689E017FF579AC2B689801F3D5B8E52F
:1025500001207047001002400C809F0108B5FFF772
:1025600089FA074B07499A689B68C2F303128A5C91
:102570000549C3F3C223CB5CD040D84008BD00BF9F
:102580000010024050120208481202080F220E4B9F
:1025900010B402609A680D4C02F0030242609A681F
:1025A00002F0F00282609A6802F4E062C2609B6806
:1025B000DB0803F4E063036123685DF8044B03F078
:1025C0000F030B60704700BF001002400020024064
:1025D000F8B5044600680F4602284ED0032845D0BF
:1025E000012848D1394B1B689E073ED5374D2B68D3
:1025F00023F080632B60FCF779FA064604E0FCF7D1
:1026000075FA831B022B4AD82B681901F7D4D4E939
:102610000132013B100221681A01002F33D0012F33
:102620002A4D45D02E692A4B33400B4303431343B5
:1026300062695208013A43EA42632B61234D2B68D9
:1026400043F080632B60FCF751FA064604E0FCF788
:102650004DFA831B022B27D82B681B01F7D50020CE
:102660001A4AA16913690B431361F8BD174B1B6824
:1026700013F4C02FBAD10120F8BD144B1B685D05BF
:10268000B4D40120F8E7114D124B2E6933400B43AF
:10269000E168034343EAC16313432B61CEE72B6830
:1026A0001801B4D50320F8BD2B681A01FAD5D6E776
:1026B0002E69094B33400B430343134322695208ED
:1026C000013A43EA42532B61B8E700BF00100240D1
:1026D0000C80FFF90C80FF070C809FFF70B504464B
:1026E0000068022847D003283ED0012841D1294B59
:1026F0001B689E0737D5274D2B6823F080532B602E
:10270000FCF7F4F9064604E0FCF7F0F9831B022B12
:1027100037D82B689900F7D41E4D1F4B6969226882
:102720000B401343D4E9021243EA012343EAC26394
:102730006268013A43EA02136B612B6843F08053ED
:102740002B60FCF7D3F9064604E0FCF7CFF9831BB6
:10275000022B1BD82B689B00F7D500200D4A21695E
:1027600053690B43536170BD0A4B1B6813F4C02FB0
:10277000C1D1012070BD074B1B685D05BBD4012092
:10278000F8E72B689800C7D5032070BD2B689A0026
:10279000FAD5E2E7001002400C80FF072DE9F04770
:1027A0000368044613F4006582B01BD0C16E402953
:1027B00000F03D8200F25882002900F02282202998
:1027C00040F058822030FFF789FF054623684DB955
:1027D000E16E0025B648D0F89C2022F0E0020A43C2
:1027E000C0F89C20DF0440F14F81216FB1F5007FDC
:1027F00000F0168200F23F81002900F00782B1F557
:10280000807F40F0408104F12000FFF767FF07461A
:102810002368002F40F00282A549206FD1F89C2048
:102820009E0322F4E06242EA0002C1F89C2000F11B
:102830002F81D90708D59E49606BD1F8882022F0F6
:1028400003020243C1F888209A0708D59849A06B73
:10285000D1F8882022F00C020243C1F888205E07DC
:1028600008D59349E06BD1F8882022F0300202436A
:10287000C1F88820180708D58D49206CD1F8882028
:1028800022F0C0020243C1F88820D90608D5884941
:10289000606CD1F8882022F440720243C1F888208D
:1028A0009A0608D58249A06CD1F8882022F44062AB
:1028B0000243C1F888209E0508D57D49E06DD1F816
:1028C000882022F440220243C1F88820580508D508
:1028D0007749206ED1F8882022F440120243C1F8D3
:1028E0008820590208D57249606ED1F8882022F4F8
:1028F00040020243C1F888209A010CD5A26EB2F1C1
:10290000807F00F06D81B2F1007F00F02681002A07
:1029100000F0298101255F0608D56549E06CD1F8F2
:10292000882022F440520243C1F888201E0608D5B0
:102930005F49206DD1F8882022F440420243C1F85B
:102940008820D80508D55A49606DD1F8882022F42E
:1029500040320243C1F88820D90208D55449A06DFD
:10296000D1F89C2022F003020243C1F89C209A0473
:1029700011D54F49606FD1F88820B0F1006F22F077
:10298000406242EA0002C1F8882000F02481B0F1E0
:10299000806F00F060811F031BD5A16FB1F5804FE0
:1029A00000F005814248B1F1806FD0F8882022F014
:1029B000406242EA0102C0F88820D0F89C2022F44C
:1029C0008042C0F89C2000F05781B1F1006F00F008
:1029D00034815E0311D53649E06FD1F88820B0F11B
:1029E000006F22F0406242EA0002C1F8882000F045
:1029F000D980B0F1806F00F0258158040ED52C48A5
:102A0000D4F88010D0F88820B1F1805F22F04052D5
:102A100042EA0102C0F8882000F0EA80D90309D513
:102A20002349D4F88400D1F89C2022F00402024308
:102A3000C1F89C209A0209D51D49D4F88800D1F824
:102A40009C2022F018020243C1F89C20DB010ED525
:102A5000174AD4F88C10D2F89C30B1F5001F23F43B
:102A6000401343EA0103C2F89C3000F0AC802846D2
:102A700002B0BDE8F087B1F5407F00F0D680B1F537
:102A8000806F00F0D28001252F469E037FF5D1AEE6
:102A9000074B9A6DD00054D54FF00008054E3368AF
:102AA00043F480733360FCF721F881460AE000BFED
:102AB0000010024000700040FCF718F8A0EB09007D
:102AC00002285BD83368DA05F6D5002F5CD1DFF831
:102AD000C8A1D4F89010DAF8903013F4407327D0DE
:102AE0008B4225D0DAF89020DAF8903043F4803326
:102AF000CAF89030DAF8903023F48033CAF8903076
:102B000022F44073CAF89030D30711D5FBF7EEFFDB
:102B100041F28839064605E0FBF7E8FF801B48458F
:102B200000F2B380DAF890309807F5D5D4F8901019
:102B3000594AD2F8903023F440730B43C2F89030D6
:102B400023E09A6D4FF0010842F080529A659B6D28
:102B500003F080530193019BA0E70021201DFFF7A4
:102B600037FD07462368DFB94B49A06ED1F88820AE
:102B700022F040720243C1F88820CCE63368D905C0
:102B8000A3D403252F4600E03D462368B8F1000F8B
:102B90003FF44FAE40498A6D22F080528A6548E684
:102BA0003D46B8E6CA6842F48012CA6025E73A4A50
:102BB000D2F89C1041F48041C2F89C10D16841F4D5
:102BC0008031D16005E72846D36843F48013D36091
:102BD00002B0BDE8F087CA6842F48012CA60DAE643
:102BE0002D49CA6842F48012CA60002FD8D1BBE7D1
:102BF0000221201DFFF7ECFC2368002818BF0546C2
:102C00000CE70430FFF7E4FC0546DFE5201DFFF785
:102C1000DFFC07462368002F3FF4FEAD3D4634E756
:102C20001D49CA6842F48032CA602F46F1E51A484D
:102C3000C26842F48032C260CBE5C26842F48012BE
:102C4000C260C6E60121201DFFF7C2FC23680028F0
:102C500018BF0546D1E60121201DFFF7B9FC236806
:102C6000002818BF054696E660293FF4B2AD8029DA
:102C70003FF4AFAD0125B5E50121201DFFF7A8FC0C
:102C80002368002818BF0546A3E6DAF890309E07AF
:102C90007FF577AF4AE700BF00100240114B10B438
:102CA000996B114A41F080719963996B21F08071A1
:102CB00099630368D0E9014123430B43D0E9034101
:102CC000234343EA014353601368416923F4FE43FD
:102CD00043EA0123136013685DF8044B43F060037B
:102CE00013607047001002400060004000285AD076
:102CF00038B5437A044603F0FF02002B49D0D4E9EB
:102D0000003502214AF2B3206172284A19682A4329
:102D1000274D21F0040119601A601D6118611A68BD
:102D200022F080421A60FBF7E1FE054623681A682C
:102D300051000ED5FBF7DAFE401B02282368F6D9B6
:102D40001A685200F3D50122022362720120E36067
:102D500038BD1A6842F004021A605B68580603D551
:102D600004236372012038BDFBF7C0FE05462368CB
:102D70005B68D90711D4FBF7B9FE401B0228236812
:102D8000F6D95A68D207F3D4042202236272E360B0
:102D9000E8E70272FBF7A0FBB1E7012200236272B1
:102DA0001846E36038BD0120704700BF000DF040B9
:102DB000BC0A5917704700BF026810B55368044633
:102DC000990613D4580605D5590723D4516821F024
:102DD00040015160DB0708D5136823F00803136036
:102DE0009168637A2161042B0CD110BD1023C3605C
:102DF000042320466372F8F7A9FF6FF0600223688E
:102E00005A6010BD01220023204662722372FFF730
:102E1000D1FF10BD0823E360136823F0080313609B
:102E2000E6E700BF002300B5026883B00193536852
:102E3000014658070AD4536823F04003536000202A
:102E4000CB6823F00803CB6003B000BD02201368F9
:102E500043F080431360136823F0804313600190B4
:102E600002E013685B0012D5019B013B0193019BBB
:102E7000002BF6D101224A720B72CB68084643F050
:102E80000203CB60F8F762FF012003B000BD536876
:102E900058060CD40223019302E053685B07CED599
:102EA000019B013B0193019B002BF6D1E2E75368A4
:102EB00023F040035360EDE7F8B5037A012B43D0CC
:102EC0000122437A04469342DFB2027206D0042301
:102ED0001746C360002323723846F8BD02220368F8
:102EE00042725B680E46590616D4FBF7FFFD054695
:102EF00023685A68D20718D4FBF7F8FD401B022854
:102F00002368F6D95A6812F00102F2D10121022396
:102F100061722272E360DFE70823C360FFF782FF7C
:102F20000128E2D12023E360D6E79A685B6822613A
:102F300013F0400316BF08231F46E3604FF0010360
:102F400008BF32606372C5E702273846F8BD00BF8C
:102F5000F0B50D46144683B00646FBF7C7FD2C447A
:102F6000241AFBF7C3FD0746264B1B68C3F3CB337C
:102F700004FB03F3019332689368190604D56B1CB4
:102F800006D193681C06FCD4002003B0F0BD1C469B
:102F9000FBF7ACFDC31B9C4206D9019B0BBB3268FF
:102FA00092681006F3D4EFE7D6E900315A68B1F51C
:102FB000827F22F0E0025A6017D0B26AB2F5005F59
:102FC00007D11A6822F400521A601A6842F40052BB
:102FD0001A6001220023032086F85D2086F85C3009
:102FE000D3E7019B013B0193C5E7B268B2F5004FFF
:102FF00002D0B2F5806FE0D11A6822F040021A6068
:10300000DBE700BF8C0103202DE9F04700241D46BB
:1030100082B01746064688468DF80340FBF766FDEA
:103020003D442D1AFBF762FDD6F8009082464C46CF
:103030002F4B1B6803EB8303C3EBC3031B0D05FB83
:1030400003F30193A36818EA030F08D0B8F5C06F23
:103050000DD07B1C14D1A36813F4C05FFBD10020FA
:1030600002B0BDE8F087A36813F4C06FF7D099F8F9
:103070000C307A1CDBB28DF803309DF80330F2D0AF
:10308000FBF734FDA0EB0A00A842346803D2019B91
:10309000EBB91D46D6E76368726823F0E003B2F52A
:1030A000827F636017D0B36AB3F5005F07D12368EE
:1030B00023F400532360236843F400532360012268
:1030C0000023032086F85D2086F85C30C8E7019B6A
:1030D000013B0193B6E7B368B3F5004F02D0B3F5F7
:1030E000806FE0D1236823F040032360DBE700BF5B
:1030F0008C01032070B50D46164613464FF4C0519F
:103100002A460446FFF780FF70B93246294620461A
:10311000FFF71EFF40B933462A464FF4C0612046F0
:10312000FFF772FF00B970BD236E032043F0200348
:10313000236670BD002879D02DE9F84F0446406A17
:10314000002857D00023C4E90433002294F85D30EE
:10315000A26203F0FF01002B5BD00223256884F8F4
:103160005D30E2682B68B2F5E06F23F040032B601E
:1031700046D855D04FF4805E0027BB46A7624FF07B
:10318000010C0026636802F47068A26803F482737D
:1031900002F4044213432269A16902F002021343BC
:1031A0006269E76902EA0C021343626B07F03809AF
:1031B00001F4007A276A02F00802090C42EA0802C8
:1031C00043EA0A0301F0040100F0100007F0800850
:1031D00043EA09030A4343EA0803024343EA0B03B1
:1031E00042EA0E022B606A60266684F85DC03046B3
:1031F000BDE8F88F6368B3F5827FA6D0E061A4E7ED
:10320000B2F5706F14D1A76A4FF0000E07F4005B9F
:10321000B5E7204684F85C10FBF78EF9606A9CE7FE
:10322000A76A4FF4805E07F4005BA8E701207047AF
:103230004FF0000EA0E700BF70B590F85D30012B95
:1032400065D1DDB2002960D0002A5ED090F85C30F4
:103250000446012B5BD000234FF0030C80F85C5038
:103260008163828780682668B0F5004F84F85DC06E
:10327000C4E9133323662364E287A4F84430A4F836
:10328000463007D1336823F040033360336843F49A
:10329000804333600023606D274A036473680263D0
:1032A000264A23F48043C262254AC2637360E368FE
:1032B000B3F5E06F0FD88369B3F5806F0BD1E38F5F
:1032C00013F0010F73682ED123F480437360E38FF2
:1032D000C3F34E03E387E38F06F10C029BB2FBF7C7
:1032E000A1FDB8B923681A68520603D41A6842F0DF
:1032F00040021A60002584F85C505A6842F02002AF
:103300005A605A6842F002025A60284670BD02258F
:10331000284670BD0022236E84F85C2043F0100321
:103320002846236670BD43F480437360E38FC3F384
:103330004E030133E387CEE7493301087D330108AB
:1033400059330108704700BF08B5806AFFF7FAFFDC
:1033500008BD00BF704700BF0121806A08B5026840
:10336000536823F003035360036E43F010030366B6
:1033700080F85D10FFF7EEFF08BD00BF30B50546D1
:1033800083B0846AFBF7B2FB2B681B689B0622D4D0
:10339000236802465868642120F02000586058686D
:1033A00020F0020058602046FFF7A4FE18B1236EFB
:1033B00043F020032366A36833B922680193D368DE
:1033C000019393680193019B01230022E28784F813
:1033D0005D30236E23B92046F8F714FA03B030BDF0
:1033E0002046FFF7B7FF03B030BD00BF30B502681D
:1033F00004465168936885B013F0400FC3F38015FD
:1034000019D113F0010F2FD1980745D49D0600F173
:103410009180DB050DD58D060BD50020236E43F082
:1034200008032366039093680393039B236E002B8A
:103430005AD105B030BD13F002001AD008067CD472
:1034400013F020002CD18D06F3D594F85D50032D98
:1034500079D0256E45F0040525660090D06800906F
:103460009068009000983AE011F0400FCCD0C36C07
:1034700065E08D06DDD594F85D50032D63D0256E93
:1034800045F0040525660090D06800909068009093
:103490000098980623D515E008064ED49806B8D5AE
:1034A0008806C6D575B194F85D0003284BD0206E10
:1034B00040F00400206600200090D06800909068E2
:1034C00000900098206E40F00100206600200290DD
:1034D00090680290106820F0400010600298DB05B0
:1034E0009BD4236E002BA4D0012053688D0723F0BA
:1034F000E003536084F85D002DD05368A06D23F085
:103500000303536040B1164B0364FBF71BFD18B176
:10351000236E43F040032366606D002889D0104B72
:103520000364FBF70FFD002883D0236E43F04003B4
:1035300023667EE78806C5D47BE72046236D05B069
:10354000BDE83040184700230193D3680193936886
:103550000193019B6DE72046FFF7FCFE69E700BF82
:103560006535010808B50023806AA0F84630C38796
:10357000FFF7F0FE08BD00BF30B4036A124D046AC5
:10358000A84224F0010404620ED0104CA0420BD0DB
:1035900004F54064A04207D004F58064A04203D043
:1035A00004F58064A04203D1046A24F00404046298
:1035B000846923F00A0324F0F00C4CEA0212194348
:1035C000826130BC01627047002C01400034014030
:1035D00090F83D30012B23D102210368164A80F870
:1035E0003D1093421ED0B3F1804F1BD0A2F5943210
:1035F000934217D002F58062934213D002F58062A5
:1036000093420FD002F5943293420BD002F5406200
:10361000934207D01A6842F001021A6000207047F6
:10362000012070479968054A0A40062AF6D0B2F58B
:10363000803FEFD100207047002C014007000100BF
:1036400090F83D30012B26D10222036880F83D20FE
:10365000DA68174942F001028B42DA601DD0B3F1FB
:10366000804F1AD0134A934217D002F580629342DA
:1036700013D002F5806293420FD002F59432934248
:103680000BD002F54062934207D01A6842F0010263
:103690001A6000207047012070479968064A0A4066
:1036A000062AF6D0B2F5803FEFD10020704700BF68
:1036B000002C0140000400400700010038B590F8DC
:1036C0003C30012B6AD0044602250123006884F8AF
:1036D0003C3084F83D5085684B4A2A4082600A6835
:1036E000602A6AD010D8402A5AD02CD8202A4BD031
:1036F00048D832F0100147D018460122002384F840
:103700003D2084F83C3038BDB2F5805F13D0B2F56F
:10371000005F27D0702AEFD1D1E901538268C968D0
:103720002B4322F47F4243EA0123134383608368DF
:1037300043F0770383600122002384F83D2084F85E
:103740003C30002038BD502AD6D1CA684968FFF7FE
:1037500013FF836823F4401323F0700343F05703EF
:103760008360E8E78268D1E90153C9682B4322F4FA
:103770007F4243EA012313438360836843F4804319
:103780008360D8E7302AB7D1836823F4401323F04D
:103790007003134343F007038360CCE7022038BD76
:1037A000CA684968FFF7E8FE836823F4401323F0F2
:1037B000700343F047038360BDE7036A026A4D6804
:1037C00022F01002C9680262104A904217D002F536
:1037D0000062904213D0826923F0A00322F4704269
:1037E00043EA051342EA013282610362836823F4EB
:1037F000401323F0700343F0670383609BE7026A82
:1038000022F040020262E6E78800CEFF002C014071
:10381000704700BF704700BF704700BF704700BFD0
:10382000036870B5DE681C690546A20701D5B107BB
:103830005AD4630701D5700743D4210701D5320755
:103840002DD4E00601D5F10616D4E20701D5F30721
:1038500063D414F4025F0AD0300666D4600601D542
:10386000710673D4A20601D5B3064DD470BDE2052E
:10387000F4D5330662D4F1E76FF0100108222B680B
:10388000284619612A77DB6913F4407F6FD1FFF76F
:10389000BFFF2846FFF7C0FF00232B77D5E76FF067
:1038A000080104222B68284619612A77DB699B07E7
:1038B0005AD1FFF7ADFF2846FFF7AEFF00232B7765
:1038C000BFE76FF0040102222B68284619612A77AE
:1038D0009B6913F4407F44D1FFF79AFF2846FFF716
:1038E0009BFF00232B77A8E76FF002021A610122E9
:1038F00002779B699A0731D1FFF78AFF2846FFF7C5
:103900008BFF00232B7794E76FF020022B6828466B
:10391000BDE870401A6100F005B96FF001022B6834
:1039200028461A61EDF7E8FC93E76FF402522B6822
:1039300028461A6100F0F8F8E1058FD56FF480721F
:103940002B6828461A6100F0F1F887E76FF0400213
:103950002B6828461A61FFF761FF83E7FFF75AFFDC
:10396000CFE7FFF757FFBCE7FFF754FFA6E7FFF7E6
:1039700051FF91E770B4284E0368B0424A698D68E0
:103980000C6839D0B0F1804F20D0A6F59436B04203
:103990001CD006F58066B04218D006F58066B042AD
:1039A00014D006F59436B04226D01C4EB04227D033
:1039B00006F58066B04223D006F58066B0421FD07F
:1039C00023F08003C5621A4384620CE04E6823F042
:1039D0007003C968334323F440730B4323F080031F
:1039E000C5621A438462012170BC036843F004037A
:1039F00003604161026070474E6823F070033343F7
:103A0000CE6823F440733343C56223F0800384629D
:103A10001A430B690363E6E7002C014000400140B4
:103A200070B310B590F83D30044603F0FF0213B3B5
:103A30000223214684F83D3051F8040BFFF79AFF2A
:103A4000012384F8483084F83E3084F83F3084F80D
:103A5000403084F8413084F8423084F8433084F8B0
:103A6000443084F8453084F8463084F8473084F890
:103A70003D30002010BD80F83C20FAF7EFFDD7E77D
:103A80000120704790F83C20012A45D003460220CF
:103A900070B41A68214E83F83D00B24250680D6838
:103AA000946827D006F50066B2422CD020F0700052
:103AB0002843B2F1804F50600ED0194882420BD09B
:103AC00000F58060824207D000F58060824203D01A
:103AD00000F59A30824204D1896824F080040C43B6
:103AE00094600022012183F83C2083F83D101046A9
:103AF00070BC70474E6820F47000304320F07000B6
:103B000028435060E8E74E6820F47000304320F00E
:103B1000700005435560DFE702207047002C01402C
:103B200000040040704700BF704700BF704700BFEF
:103B300010B4026852E8003F23F4907342E8003169
:103B40000029F7D1144C02F1080353E8003F234049
:103B500002F1080C4CE800310029F4D1C36E012BAE
:103B600008D0002320225DF8044BC0F88C20436766
:103B7000C366704752E8003F23F0100342E800316B
:103B80000029EED052E8003F23F0100342E8003154
:103B90000029EFD1E5E700BFFEFFFFEF704700BF50
:103BA000704700BF08B5806AFFF7FAFF08BD00BF85
:103BB000704700BF40F60F0C70B504680546E36916
:103BC000216813EA0C0FA26829D19E0607D501F0DF
:103BD000200C02F080565CEA060C40F0F080E86EA3
:103BE000012800F0AC80D80200F19E80180606D5AE
:103BF00002F4000201F08000104340F0E7805A0612
:103C000002D54E0600F1C380180202D54A0000F129
:103C10000C81DB0102D50029C0F23D8170BDA348B3
:103C2000104040F0C580A24E3142D8D0DE0740F1AE
:103C3000DC80CE0540F1D28001262662D5F8906066
:103C400046F00106C5F890609E0740F1C980D6078E
:103C500040F1CB8002202062D5F890005E0740F052
:103C60000400C5F8900040F1DD8004202062D5F802
:103C7000900040F00200C5F89000180700F1BD80E8
:103C800018050AD54E0108D54FF400602062D5F81A
:103C9000900040F02000C5F89000D5F89000002872
:103CA000BCD0980606D501F0200102F080521143E5
:103CB00040F0AC80D5F89020A36802F0280203F011
:103CC000400353EA0206284600F0EA80FFF730FF7F
:103CD000A3685B0640F1A28004F1080353E8003FAB
:103CE00023F0400304F1080141E8003262B12C687E
:103CF00004F1080353E8003F23F0400304F10801F6
:103D000041E80032002AF3D1D5F88000002800F005
:103D10008580684B0364FBF715F900283FF47EAFFC
:103D2000D5F88000036C4EE056027FF55FAF4FF48C
:103D3000801328462362BDE8704000F0FBB8DE0621
:103D40007FF551AFC8067FF54EAF1022B5F85C3055
:103D50002262A268520640F1AF80D5F88000026866
:103D6000516889B2002900F0DC80994280F0D98046
:103D7000A5F85E10126896065CD502222A67B5F88F
:103D80005E102846591A89B2FFF712FF70BD54E839
:103D9000003F23F0400344E80032002AF7D12022FC
:103DA00000232846C5F88820AB67FFF7F7FE70BDF3
:103DB000DE077FF549AFCE057FF546AF3CE7436FA1
:103DC000002B3FF42BAFBDE870401847AB6F002BC2
:103DD0003FF424AF2846BDE8704018479E0704D43E
:103DE0005E0702D5D6073FF540AF1E077FF548AF07
:103DF00001F0200606433FF443AF08202062D5F8C7
:103E0000900040F00800C5F8900039E76B6F002B78
:103E10003FF450AF284698472C684BE72846FFF7F9
:103E2000BFFE70BD1807E8D42AE72846BDE87040F9
:103E300000F084B854E8003F23F4807344E8003273
:103E4000002AF7D104F1080353E8003F23F00103EF
:103E500004F1080141E80032002AF3D104F108031B
:103E600053E8003F23F0400304F1080141E8003229
:103E7000002AF3D12023C5F88C30EA6654E8003FCD
:103E800023F0100344E80032002AF7D1FBF722F8B0
:103E9000B5F85C3071E72846BDE8704000F04CB8DA
:103EA000FFF77EFEC5F8906070BD00BF01000010F6
:103EB00020010004A53B0108B5F85E10B5F85E20AE
:103EC00089B292B2002A3FF4A9AE5B1A99B20029D6
:103ED0003FF4A4AE54E8003F23F4907344E800326A
:103EE000002AF7D1124804F1080353E8003F0340C9
:103EF00004F1080646E80032002AF4D120236A675C
:103F0000C5F88C30EA6654E8003F23F0100344E81B
:103F10000032002AF7D1022328462B67FFF748FE1C
:103F200070BD99427FF47AAE13689C06F3D470BDDD
:103F3000FEFFFFEF704700BF704700BF704700BF34
:103F4000034600224BF68071A3F844201046A3F8E4
:103F500040107047034644F27F02B3F8401000203F
:103F60000A40A3F8402070474FF0000C00B583B022
:103F700002AB4FF0010E03E9060003466046A3F8CA
:103F800040E0A3F840C0A3F844C0A3F850C003B079
:103F900000BD00BF002070470020704770B50A7850
:103FA000034630F8220091F803E020F4EC4020F0C2
:103FB00070000004000CBEF1030F00F20582DFE880
:103FC0000EF0CDD0B10240F4C06048F2800C40EA5F
:103FD0000C0023F8220033F8220020F4E04020F007
:103FE00070000004000C10434CEA000C23F822C0BF
:103FF000087B002800F0B880002033F822C02CF4A1
:10400000E24C2CF0700C4FEA0C4C4FEA1C4C4CF478
:10401000004C4CF0800C23F822C00C89B3F85050AF
:1040200003EBC20C640864001CFA85F5A5F8004493
:104030004C89B3F85050640864001CFA85F5A5F863
:1040400004444C78002C40F01C8133F82240640476
:104050000DD533F8224024F4E04424F07004240405
:10406000240C44F4404444F0800423F8224033F804
:10407000224066060DD533F8224024F4E04424F0B3
:1040800070042404240C44F4004444F0C00423F8D5
:1040900022400D69B3F850101CFA81F1B1F80244C6
:1040A0000CF2064CC4F30904A1F80244002D00F000
:1040B00030813E2D00F2658105F0010404EB5504CA
:1040C000A402A5B2B1F80244A4B22C43A1F8024460
:1040D000B3F8501089B231F80C40C4F3090421F848
:1040E0000C4031F80C40A4B22C4321F80C4048F2AB
:1040F000800433F8221021F4804121F0700109047A
:10410000090C81F44051214323F8221033F8221086
:1041100021F4E04121F040010904090C0C4323F88B
:10412000224070BD48F28005284323F8220033F86E
:104130002200B14C80B220401043054323F82250A6
:10414000087B88B133F8220080B2204040F401405F
:1041500040F0800023F8220000205EE740F4007069
:1041600033E740F4806030E70020CC884E78640864
:10417000640003EBC205F6B3B3F8501015FA81F1F1
:10418000A1F8004433F8221049060DD533F8221067
:1041900021F4E04121F070010904090C41F40041CF
:1041A00041F0C00123F8221033F82210BEF1010FB4
:1041B00021F4E04121F040014FEA01414FEA114171
:1041C00012D081F0200141F4004141F0800123F838
:1041D000221070BD33F8221021F4804121F07001CB
:1041E0000904090C81F4005141F4004141F08001BF
:1041F00023F8221070BD0E69B3F8501015FA81F142
:10420000A1F80444B3F8501015FA81F1B1F806444E
:10421000C4F30904A1F80644002E00F096803E2E57
:1042200000F29D80B1F8064406F00105A4B205EB4A
:10423000560544EA8524A4B2A1F8064433F82210B6
:104240004D040DD533F8221021F4E04121F0700126
:104250000904090C41F4404141F0800123F8221087
:10426000002AB7D11A8822F4804222F07002120488
:10427000120C82F4405242F4004242F080021A8052
:1042800070BD33F822104C040DD533F8221021F400
:10429000E04121F070010904090C41F4404141F072
:1042A000800123F8221033F8221049060DD533F887
:1042B000221021F4E04121F070010904090C41F4BD
:1042C000004141F0C00123F8221033F82210BEF162
:1042D000010F21F4E04121F040014FEA01414FEA92
:1042E000114118BF81F0200141F4004141F08001EB
:1042F00023F8221033F8221021F4804121F07001BC
:104300000904090C41F4004141F0800123F8221016
:1043100070BDB1F802446FEA44446FEA5444A4B259
:10432000A1F80244B3F85040A4B234F80C10C1F321
:10433000090124F80C1034F80C106FEA41416FEABF
:10434000514189B224F80C10D1E6B1F806446FEA65
:1043500044446FEA5444A4B2A1F806446EE7B1F8AD
:1043600006447509F60608BF05F1FF35A4B244EA14
:1043700085246FEA44446FEA5444A4B2A1F8064489
:104380005CE76C09ED0608BF04F1FF34B1F8025494
:10439000A402A4B2ADB2254345F40045A1F80254ED
:1043A000B3F85050ADB235F80C10C1F3090125F83F
:1043B0000C1035F80C1021436FEA41416FEA51416E
:1043C00089B225F80C1092E648F28004204323F8C5
:1043D000220033F8220020F4E04020F070000004B6
:1043E000000C1043044323F82240087B08B101204D
:1043F00003E60120B9E600BF8F8FFFFF10B40C7BEE
:104400004A780B78CCB9002A00F0B58030F8232028
:10441000540600F1C98030F8232022F4E04222F053
:1044200040021204120C42F4004242F0800220F8D2
:1044300023205DF8044B00207047002A4DD130F84E
:10444000232052040DD530F8232022F4E04222F03C
:1044500070021204120C42F4404242F0800220F832
:10446000232030F8232054060DD530F8232022F4E1
:10447000E04222F070021204120C42F4004242F0B8
:10448000C00220F8232048F2800130F823205DF894
:10449000044B22F4E04222F070021204120C42F4A7
:1044A000004242F0C00220F8232030F8232022F4FA
:1044B000804222F070021204120C0A4320F82320DA
:1044C00030F8232022F4E04222F040021204120CC1
:1044D000114320F823100020704730F823205104A6
:1044E0000DD530F8232022F4E04222F070021204AD
:1044F000120C42F4404242F0800220F8232030F8AF
:10450000232052060DD530F8232022F4E04222F079
:1045100070021204120C42F4004242F0C00220F871
:10452000232048F2800130F823205DF8044B22F468
:10453000E04222F070021204120C42F4404242F0B7
:10454000800220F8232030F8232022F4E04222F0D9
:1045500040021204120C0A4320F8232030F82320D2
:1045600022F4804222F070021204120C114320F84F
:1045700023100020704730F8232051040DD530F867
:10458000232022F4E04222F070021204120C42F4C2
:10459000404242F0800220F8232030F8232022F409
:1045A000804222F070023CE730F8232022F4E042FF
:1045B00022F070021204120C42F4004242F0C002D7
:1045C00020F8232027E700BF2DE9F04F4B780C7B24
:1045D000012B83B035D0ECB1CB78022B00F0FD80FD
:1045E000012B40F0878000230A788B6130F822305D
:1045F00023F4804323F070031B041B0C83F440530B
:1046000043F4004343F0800320F82230002003B03D
:10461000BDE8F08F8A690C78002A55D1CB78002B41
:1046200040F0F98030F8243023F4E04323F07003A5
:104630001B041B0C43F4014343F0800320F8243097
:10464000D1E70E698A694B69B24228BF324600F54C
:104650008067002C00F0A880CD780C6A022D91F8BC
:1046600000E04BD0A41A30F82E500C6294B2013402
:1046700015F0400F92B2B0F850504FEA540400F0D9
:10468000D98000F2064616FA85F525F83E204D89B8
:104690003D443CB103EB4404ED1A1A885A530233EB
:1046A0009C42FAD10A7830F8223023F4E04323F018
:1046B00040031B041B0C83F0300343F4004343F01E
:1046C000800320F82230A1E730F8243023F4E243BD
:1046D00023F070031B041B0C43F4004343F08003DE
:1046E00020F824300B699A427FF67DAFD31A8B6194
:1046F0000A787BE7012003B0BDE8F08FA64200F204
:10470000024B80F0DF8030F82E50A41A25F4E045EB
:1047100025F070052D042D0C45F4014545F080056C
:1047200020F82E5030F82EC095B201351CF0400F05
:104730000C62B0F850C04FEA55051FFA82F800F23B
:10474000064900F08E8019FA8CFC2CF83E80B1F8F6
:104750000A90B94475B19C46A9EB030903EB450ADD
:104760000196BCF800602CF809600CF1020CD445ED
:10477000F7D1019E1344A6424B6180F0C880A21A73
:104780000A62B0F850201BFA82F222F83E800C89AF
:104790003C44002D86D003EB4505E41A1A881A53D1
:1047A00002339D42FAD17DE795B2CE8801356D087E
:1047B0003E4492B207D003EB4505F61A1C889C5381
:1047C0000233AB42FAD1B0F850300C7800F2024517
:1047D00015FA83F323F8342064E7CB690A78002BB9
:1047E0003FF404AF30F8223003F040045B0435D4CA
:1047F000002C7FF4FBAE30F8223023F4E04323F0AA
:1048000070031B041B0C43F4004343F0C00320F867
:1048100022300A78EAE630F8243023F4E24323F029
:1048200070031B041B0C43F4004343F0800320F887
:104830002430D8E600F2024616FA85F525F83E2027
:104840000D893D44002C3FF42DAF03EB4404ED1AD9
:104850001A885A5302339C42FAD123E7002CCAD15A
:10486000C4E61BFA8CFC2CF83E80B1F808A0BA44D0
:1048700075B19C46AAEB030A03EB450B0196BCF805
:1048800000602CF80A600CF1020CDC45F7D1019EA7
:104890001344A6424B6141D2A41AB0F850200C62D6
:1048A00019FA82F222F83E804C893C44002D3FF4F4
:1048B000F9AE03EB4505E41A1A881A530233AB42EA
:1048C000FAD1EFE6A5B22C4630F82E20013422F4BE
:1048D000E24222F070021204120C42F4004242F052
:1048E000800220F82E20B0F8502064081BFA82F2D3
:1048F00022F83E500D893D443FF4D4AE03EB44040E
:10490000ED1A1A885A5302339C42FAD1CAE6A5B26C
:10491000013500221FFA84F86D0831E7A5B2013590
:104920001FFA84F86D080024B7E700BF4B780A78B7
:104930008BB130F8223023F4E04323F040031B0412
:104940001B0C83F0100343F4004343F0800320F872
:1049500022300020704730F8223023F4804323F0C7
:1049600070031B041B0C83F4805343F4004343F097
:10497000800320F822300020704700BF4B780A786F
:1049800033B330F822305B060DD530F8223023F4F3
:10499000E04323F070031B041B0C43F4004343F07B
:1049A000C00320F82230CB78012B0FD030F8223012
:1049B00023F4E04323F040031B041B0C83F020038B
:1049C00043F4004343F0800320F822300020704776
:1049D00030F822305B040DD530F8223023F4E04368
:1049E00023F070031B041B0C43F4404343F080038B
:1049F00020F8223030F8223023F4804323F0700373
:104A00001B041B0C83F4405343F4004343F0800326
:104A100020F822300020704711B98023A0F84C30D4
:104A2000002070470246B2F8583000206FEA434336
:104A30006FEA53439BB2A2F858307047B0F8440075
:104A400080B27047013302F580625B08104408D0E1
:104A50000A4601EB4301801A1388135202328A423C
:104A6000FAD1704770B502F580625D0800EB020470
:104A700019D06FF001008E1C3246AC46401A20441B
:104A8000815ABCF1010C89B24FEA112E02F10202E7
:104A900002F8041C02F803ECF2D1013D023406EBEB
:104AA000450104EB4504DB0744BF23880B7070BD50
:104AB000D0E90023F0B4D0E90267D0E90445D0E999
:104AC0000601B1F1FF3F08BFB0F1FF3F18D1B5F1CA
:104AD000FF3F08BFB4F1FF3F0FD1B7F1FF3F08BF61
:104AE000B6F1FF3F0FD1F0BCB3F1FF3F08BFB2F109
:104AF000FF3F14BF0120002070470320F0BC704727
:104B00000420F0BC70470220F0BC704710B54FF68F
:104B1000FD7E1F4B0446B3F8E0C000F580330CF176
:104B2000FF3292B272454FEAC32008D84FF4783270
:104B3000184B03EA4C23B2FBF3F203FB02000329F8
:104B40004FF0AA324FF0AA3312D0042908D002291C
:104B500016D000F041FFC0B90F4B00201C7010BDF3
:104B6000183000F039FF003818BF0120400010BD98
:104B7000103000F031FF003818BF0120400010BD98
:104B8000083000F029FF0028E6D0022010BD00BF49
:104B90000005FA0B00FE1F0088410320F8B504460B
:104BA00000F052FF002840F0BD804FF6FD73634ACD
:104BB000B2F8E0C00CF1FF3291B2994200F2B0803D
:104BC0004FF478355E4B03EA4C23B5FBF3F503FB5A
:104BD00005F5C5F57835ED0A4FF6FD7391B29942AA
:104BE00012D999E04FF6FD77544E2846012100F086
:104BF000F7FE0135002840F08D80B6F8E0C00CF1DA
:104C0000FF3293B2BB4237D84FF478334C4901EAB4
:104C10004C21B3FBF1F301FB03F3C3F57833DB0A5B
:104C200004339D422AD2002CDCD04FF47836B6FBF8
:104C3000F1F01127EB0203F1006301FB003303F5F0
:104C4000006ED3E90001B1F1FF3F08BFB0F1FF3FB3
:104C500003F1080318BF10279E45F2D1102F47D04B
:104C60004FF6FD7391B2994205F10105CCD9802D23
:104C700004D04FF48021DAE7802DB6D100F0E2FEB7
:104C80004FF6FD712D4BB3F8E020531E9BB28B42C3
:104C90004AD84FF478302A4B022103EA4223B0FB72
:104CA000F3F003FB00F0C0F57830C00AFFF72EFFE9
:104CB00000283FD14FF6FD71224A204B1080B3F8F7
:104CC000E020531E9BB28B4236D84FF478331C49F8
:104CD00001EA4222B3FBF2F302FB03F3C3F578339C
:104CE000C3F3C7232021184C184A23701160F8BD64
:104CF0000121284600F074FE60B9104B0135B3F86D
:104D0000E0C04FF6FD730CF1FF3291B299427FF68D
:104D10007BAFACE70120F8BD80234FF4802180E712
:104D20007C2559E70E20F8BD7C200221FFF7EEFE1E
:104D30000028BFD00220F8BD7C23D3E70005FA0B82
:104D400000FE1F008A41032088410320B401032094
:104D50004FF6FD71224B2DE9F041B3F8E02082B00F
:104D6000531E9BB28B4220D84FF478351D4B03EA7B
:104D70004223B5FBF3F503FB05F5C5F57834E40AEA
:104D8000271D05F1006606EBC420FFF791FE0428FD
:104D90004FEAC42804F102030BD09F4203D8052038
:104DA00002B0BDE8F0811C46EDE780277C24002599
:104DB000E7E7621C9A4206D30221204600F010FE6B
:104DC00048B10120ECE708F108202844FFF770FE05
:104DD0000428F1D0E3E7019000F034FE0198DFE70A
:104DE0000005FA0B00FE1F002DE9F0474FF6FD7499
:104DF000444A454BB2F8E0101E784A1E92B206F5BE
:104E00008033A24280464FEAC3234FD84FF478390B
:104E10003E4C04EA4124B9FBF4F904FB09F94B4484
:104E20001846FFF745FE4FF47833B3FBF4F304FB69
:104E300003F3C3F57833A6EBD32A0AF1010505F095
:104E4000030505EBD325074605F5803009EBC020A7
:104E5000DC0AFFF72DFEB8F1010F12D0B8F1020FF6
:104E60000AD0022F1FD0012F1BD10AF1030A0AF02A
:104E7000030A0AEB040616E098B92E463046BDE850
:104E8000F087022F17D0012F0BD1214C2368B3F5E7
:104E9000006F08D304282BD003213046FFF736FEDD
:104EA000E0B14FF0FF363046BDE8F0874FF0000923
:104EB0004FF48024B4E7164C2368B3F5006FF2D3A7
:104EC00004281AD003213046FFF720FE0028E8D13D
:104ED00002212846FFF71AFE30B1E2E701212846F9
:104EE000FFF714FE0028DCD120232E462360C5E7FF
:104EF000FFF72EFF0028CFD0D3E7FFF729FF0028C8
:104F0000E0D0CEE70005FA0B8841032000FE1F0029
:104F1000B40103202DE9F041074600200E46FFF7BB
:104F200063FF431C6DD000F58031CC024FF6FD715C
:104F3000354B8046B3F8E020531E9BB28B4208D815
:104F40004FF47831314B03EA4223B1FBF3F203FB18
:104F500002442046FFF7ACFD831EDBB2022B4BD888
:104F60002B4D04F5FF6C04F1180101E08C451CD0B9
:104F7000DCE90023B3F1FF3F08BFB2F1FF3FACF122
:104F8000080C1FFA82FEF1D0BE45EFD1A86840F0B0
:104F90000100A8602B602F802C68A4B2B4EB124FE4
:104FA000E4D100203360BDE8F0814FF6FD71164B6F
:104FB000B3F8E020531E9BB28B421FD84FF47831D8
:104FC000124B03EA4223B1FBF3F103FB01F1C1F5FC
:104FD0007833DB0A08F10308A8EB030808F003089C
:104FE000984408F5803301EBC3242046FFF760FDA9
:104FF000831EDBB2022BB4D90720D4E700217C2327
:10500000E8E70320BDE8F0810005FA0B00FE1F0071
:10501000003002404FF6FD72431E9BB2934201D90D
:1050200008207047002310B582B00C4601A90193F7
:10503000FFF770FF019B236002B010BD70B50646FC
:1050400001200D46FFF7D0FE431C3AD04FF6FD710C
:105050001D4B00F5803CB3F8E0204FEACC2C531EEA
:105060009BB28B4227D84FF47830184B03EA422387
:10507000B0FBF3F003FB00F0CDB1154CA36843F097
:105080000103A3602560268022681204114C2B4680
:10509000216832438C44604400F09EFC78B90E498C
:1050A00022680B880832013322600B8070BD002E0D
:1050B000E3D13246EAE70020002DDED1F7E70220F7
:1050C00070BD032070BD00BF0005FA0B00FE1F007D
:1050D00000300240B40103208A4103202DE9F04F43
:1050E000002785B0CDE90001C2F10200C0B214462C
:1050F0000397FFF779FE431C00F068812023BB4A29
:10510000BB4D1070BB4A06462F801360002C00F088
:1051100042814FF6FD71B84BB3F8E020531E9BB2AD
:105120008B4200F23F814FF47833B44901EA4222C6
:10513000B3FBF2F302FB03F31A46C3F57833DB0A41
:105140000336F61A06F003061E4406F5803002EB1D
:10515000C020FFF7ADFC022800F08680042800F094
:105160008980012C40F0DB80032840F0D8809F4BE1
:105170002C881E789F4B4FF0000B1A6804F1FC033B
:10518000C2EBC62C0CF1006C4FF6FD7A9B4F0CF174
:10519000200C1FFA83FE09E01FFA89F474454FF0D2
:1051A000010B2C8002F1080200F01981924BB3F838
:1051B000E03003F1FF381FFA88F1514598BF4FF4F2
:1051C000783107EA432996BFB1FBF9F0002009FBCB
:1051D00000F00CEB02010144D1E90001B1F1FF3F05
:1051E00008BFB0F1FF3F04F10109D5D14146BBF141
:1051F000000F01D07F4802604FF6FD77DFF8FC8199
:1052000089B204F57C7AB942DFF8EC911FFA8AFA88
:1052100008EA432325D84FF47830B0FBF3F003FBC2
:1052200000F0C0F57832D20AC2F10303334403F030
:1052300003039E1806F5803300EBC320FFF738FC0C
:10524000032804F1FC0340F0C8809CB254452C8034
:1052500078D0B9F8E030591E89B2B94208EA432340
:10526000D9D97C220020DFE704213046FFF74EFC2D
:1052700000285ED14FF6FD715F4BB3F8E020531E5E
:105280009BB28B4200F2A6804FF478335B4901EA6F
:105290004222B3FBF2F302FB03F31A46C3F5783361
:1052A000DB0A06F10309A9EB030909F00309994494
:1052B00009F5803002EBC020FFF7FAFBC31EDBB21A
:1052C000012B3AD84C4F4D4E1AE04FF47833B3FBD4
:1052D000F1F301FB03F31846C3F57833DB0A09F158
:1052E0000309A9EB030909F00309994409F580337F
:1052F00000EBC320FFF7DCFBC31EDBB2012B1CD885
:10530000032810D04FF6FD72B7F8E03006EA4321CB
:10531000013B9BB29342D8D900207C23DFE70A20CF
:1053200005B0BDE8F08F04214846FFF7EFFB0028E9
:10533000E8D0022005B0BDE8F08F012CB5F800A040
:105340003FF415AFBAF5FC7FF3D2DDE90001FFF7BA
:1053500075FE0028EDD12C88022C26D80124009F50
:105360000CE02B88B3F5FC7F2CD230460399FFF775
:1053700065FE0028D4D10134FB2C19D0BC42A6B262
:10538000F9D0304603A9FFF7C5FD0028E9D007286A
:10539000F1D00320C4E70121FFF7B8FB00283FF458
:1053A000B8AEC6E700227C23CAE6023CFA2CD6D966
:1053B0000E4B02211878FFF7A9FB0028B9D14FF452
:1053C0008070ADE7122005B0BDE8F08F042005B075
:1053D000BDE8F08F00227C2363E7A246B2E7054BCD
:1053E0001A60054BB3F8E030591E05E788410320E9
:1053F0008A410320B40103200005FA0B00FE1F00C0
:105400002DE9F04F89B0064600F01EFB002840F061
:10541000D281074648F2050001244FF6FD71C04BCA
:105420009A6C42F480529A649B6CBE4A03F4805397
:105430000793079B50619368BB4823F0180343F020
:1054400008039360B94B0470B3F8E020531E9BB27D
:105450008B4200F242814FF4783AB54B03EA422383
:10546000BAFBF3FA03FB0AF3C3F57834E40A0393B7
:1054700004F58033049304F10408A446039AAD496B
:1054800002F5006202EBC3224FEAC32EA2F50063CD
:105490000B60F3E802AB9A42FAD10CF1010CC4455F
:1054A00002F50062F2D3039B4FF0000C0EEB030BEE
:1054B0005B46E1466546A3469A46CDE901CC80F8B5
:1054C00000C05046FFF7F4FA421ED2B2012A40F261
:1054D0000B81032807D1019BCDF808B0002B08BF32
:1054E000D946013301930BF1010BC3450AF5006A5C
:1054F000E7D3002D00F064814FF6FD718B4BB3F8BC
:10550000E020531E9BB28B4200F2E481884B03EAF9
:1055100042234FF47832B2FBF3F203FB02FBCBF5EC
:1055200078334FEAD32909F58035294609F1040A71
:105530004FF0030803964C464646884609F102039D
:105540000BEBC52501932846FFF7B2FA012800F0BE
:10555000FB800134544505F5006506F10106F2D3E0
:105560000023039E01934FF6FD71704BB3F8E020CA
:10557000531E9BB28B4200F2A5814FF4783C6C4BDA
:1055800003EA4223BCFBF3FC03FB0CFCCCF57835AF
:10559000ED0A05F58034224605F104084FF00009B4
:1055A0000CEBC424CA46A346039704964F461646FE
:1055B000A94664465846FFF77BFA022800F0968019
:1055C000032808BFCDF80890791C01EB0509C145F7
:1055D0000F460BF5006BEDD3DDE903765346002B48
:1055E00000F08681544D002220202B78DFF8548172
:1055F0004FEAC32C0293514B4FF6FD7B9646DFF8E2
:105600002CA1DFF82C910CF1006CA8F80020186098
:1056100008E00830B0F5006F4FF0010EA8F8002048
:1056200000F08381BAF8E0300132591E8DB25D4539
:1056300098BF4FF4783509EA432496BFB5FBF4F5DB
:10564000002565430CEB00042C44D4E90045B5F17A
:10565000FF3F08BFB4F1FF3F92B2DAD1BEF1000FB5
:1056600001D0364A10604FF6FD750A46DDF808A0F5
:105670002F4CDFF8B89028E04FF47831B1FBF3F10C
:1056800003FB01F1C1F57832D20A0AF103039B1A38
:10569000924503F0030302F1020000F0B38050458D
:1056A00000F0B08003EB020A0AF5803001EBC02065
:1056B000FFF7FEF9032840F01681B8F80030FC33FC
:1056C000A8F80030B9F8E0305A1E92B2AA4204EAB3
:1056D0004323D1D97C220021D7E7194B4FF0800812
:1056E0007C2404930397C8E60135FCE6A94549D01C
:1056F000022F47D0F81C00F00300304404EBC02018
:10570000FFF7D6F903287FF45FAFBAF1000F40F03E
:10571000EA80094A4FF0010A791C82F8009054E7A8
:105720000010024000300240804103200005FA0BC7
:1057300000FE1F008441032088410320B4010320A0
:105740007C0001008A4103204C4528D0019BA342E4
:1057500025D006F0030040440BEBC020FFF7A8F96A
:1057600003287FF4F6AE0021744D01220846039E03
:105770002C70FFF7B3FCB0F5807F40F0DD80012393
:105780000193F0E6791C01F00300304404EBC020E3
:105790000591FFF78DF90028B7D0059915E7B01EE0
:1057A00000F0030040440BEBC020FFF781F9002814
:1057B0007FF4CFAED7E70E27384609B0BDE8F08FAB
:1057C000019B002B00F0AB80C4F10300049B484414
:1057D00000F003001844039B03EBC020FFF768F9B7
:1057E00004287FF489AE029BC4F10100184400F044
:1057F000030001212044FFF789F900283FF47CAE23
:105800000227D9E7029D0135AD1A05F003051544BD
:1058100005F58033AA4501EBC32127D0484C002E63
:1058200037D10121284600F0DBF8002872D14FF66D
:10583000FD71B4F8E020531E9BB28B423FD84FF469
:105840007831404B03EA4223B1FBF3F103FB01F152
:10585000C1F57833DB0A0135ED1A05F003051D4467
:1058600005F58033AA4501EBC321D8D100F0EAF851
:10587000019B002BA0D1B8F80030B3F5FC7F9BD280
:1058800001990846FFF7DAFB071E18BF01277F00C2
:1058900092E74FF0110C01F50060D1E90023B3F15C
:1058A000FF3F08BFB2F1FF3F01F1080118BF4FF001
:1058B000100C8142F1D1BCF1100FB8D1B1E7002139
:1058C0007C23C8E7204A4FF080087C254FF0000C6D
:1058D000144663E61C494FF0800A4FF07C094FF0F4
:1058E000000B0D4624E60A27384609B0BDE8F08FC4
:1058F000EDB2029AC5F10103134403F003031D4402
:10590000E8B20E4D02212870FFF700F900283FF49D
:105910006AAE75E70127384609B0BDE8F08F0198F7
:1059200009B0BDE8F04FFFF739B9084B1860044BD8
:10593000B3F8E030591E96E60C273DE78841032076
:105940000005FA0B00FE1F007C000100B4010320DB
:105950004FF6FD72431E9BB2934201D90820704757
:10596000044B1B88B3F5FC7F01D2FFF767BB002215
:10597000FFF7B4BB8A410320134B144A196CB2F8E9
:10598000E02011F4801F02F1FF334FF6FD719BB24E
:105990000CD18B4297BF0E4B0E4B03EA422303F10F
:1059A000006383428CBF0120022070478B4297BF67
:1059B000074B084B03EA422303F1006383428CBF89
:1059C00002200120704700BF002002400005FA0BB2
:1059D00000FE1F000000040801460120FAF750B83D
:1059E0004FF6FD7C70B50026144B0446B3F8E0205A
:1059F00086B0531E9BB200F5803063450D4601967C
:105A00004FEAC02008D80E4B03EA42234FF4783205
:105A1000B2FBF3F203FB0200FFF7AEFF02220346E4
:105A200001A902A8CDE9033405950292FAF73CFAE0
:105A3000003818BF012006B070BD00BF0005FA0B8A
:105A400000FE1F00704700BFFF2300B58BB001A808
:105A50000293FAF793F9079B13F4800F0CBF0E2003
:105A600000200BB000BD00BF38B50446012540231F
:105A70000222842104F016FCA4F874504023022270
:105A80000421204604F00EFC102003228321A4F8F8
:105A9000B451A4F862000823204604F003FCA4F8E3
:105AA00060500025D4F8C0321B689847D4F8BC3247
:105AB0000421C3F834522046C3F8405200F0CEFC13
:105AC000284638BD0023F0B5D0F8BC6283B08DF80D
:105AD0000530ADF8063066B10B78054613F0600C62
:105AE0000C4623D0BCF1200F06D02146284601F0F9
:105AF000B1F8032003B0F0BDCF8891F801C09FB387
:105B00001B0654D502F1B00350F823303A46314613
:105B100060469B689847E2883146072A28BF0722DB
:105B2000284601F0CBF8002003B0F0BD4B780B2BDA
:105B3000DBD801A252F823F09B5B0108275B010828
:105B4000EB5A0108EB5A0108EB5A0108EB5A01081D
:105B5000EB5A0108EB5A0108EB5A0108EB5A01080D
:105B6000875B01087D5B010802F1B00350F8233028
:105B70003A4660469B6898470020D5E790F89C32EB
:105B8000032BD0D0B1E790F89C32032BADD101228A
:105B90000DF1050101F092F8C5E790F89C32032B56
:105BA000A3D102220DF1060101F088F8BBE73A46C5
:105BB000314686F800C286F8017201F097F8B2E724
:105BC00038B50568044615B1012D07D038BD00F081
:105BD000FDF80A4B84F872501D7538BD00F0AEF820
:105BE0006368064AC3F30011C3F3C01384F872500C
:105BF00084F8681084F87030157538BD740103207E
:105C0000844610B54B8802684168163350F823006B
:105C10000A44DCF80830DCF81010DCF80CC082B064
:105C20005FFA8CF40094DBB2D2B289B200F04CF887
:105C300002B010BD30B504464B8802684168E56883
:105C4000163350F823000A44A368216983B0EDB2EB
:105C5000DBB2D2B289B2009500F046F8012384F895
:105C6000713003B030BD00BF10B5054C206800B1E5
:105C700010BD0C21012004F095FB206010BD00BF79
:105C80009041032000210A460E4B10B45C6993F842
:105C900024C064F30701DC696CF3070264F30F218D
:105CA0001C6A6CF30F2264F317419C696CF3174272
:105CB00064F31F616CF31F62C0E900315DF8044BAF
:105CC000826070472C2903201A4402FB0111054809
:105CD00008B5B0FBF1F0EEF777F8B0FA80F04009C4
:105CE00008BD00BF006CDC022DE9F04114460646F9
:105CF0000F4698469DF8185000F050F9826894427B
:105D000018D3C3689C4215D80369984512D34369D8
:105D100098450FD875B183699D420BD8002367F36E
:105D2000070364F30F2368F3174365F31F63012030
:105D3000B36000E00020BDE8F08100BFF0B5204D69
:105D400083B02C68FCB9012107264FF4007390F84A
:105D500071204FF6C87C82EA010712FB0612502020
:105D6000B3FBF2F317FB0C072B6063B1154E3946FA
:105D7000012004F017FBF060F0B12B680134A3425E
:105D800006F11406F3D8104F386801F04DFD88B9BC
:105D90002B687BB104460B4E00234FF0FF3238686E
:105DA00001A9019601F08EFA2B680134A34206F195
:105DB0001406F1D803B0F0BDEBF7BAFADDE700BF87
:105DC0008C410320BC6702201C06032070B5084EDE
:105DD000356855B1074C05EB850504EB8505E06892
:105DE000143404F003FBAC42F9D10023336070BDDE
:105DF0008C410320BC670220014B1868704700BF2C
:105E00008C41032038B54B78202B01D0032038BDBE
:105E10008B880C46042B054618D0052B05D021464F
:105E2000284600F017FF002038BD4B88002BF6D124
:105E300092220D490D48F8F78BF9E2882846922AFC
:105E400028BF9222094900F039FFECE728220849CF
:105E50000648F8F77DF9E2882846282A28BF282234
:105E6000024900F02BFFDEE7701202089072032057
:105E70000413020870B5402302228121044604F075
:105E800011FA054608B1284670BD012602224023BA
:105E900011462687204604F005FA0E4B0E4A196873
:105EA000D4F8C43212681B68A4F88C612046984765
:105EB000FFF7DAFE0646FFF7E5FED4F8BC32D3F86A
:105EC0004C2202B1966500222846C3F83822C3F856
:105ED000442270BD1C0603207006032070B50B78A9
:105EE0000C4603F06003202B05460ED0402B0CD04F
:105EF0002BB12146284600F0ADFE002070BD4B7846
:105F00000A2B13D00B2BF4D1F7E7D5F8BC325BB1D9
:105F10006278D3F84C62082A06D8DFE802F00C0C4D
:105F20000C051722250C3100032070BD01221849F1
:105F300000F0C4FEE1E72068616806F1400303C396
:105F400031462846E28800F0D1FED6E728221149E2
:105F50003046F8F7FDF831462846E28800F0AEFEFC
:105F6000CBE70C220C49F3E7304606F16C01042222
:105F7000F8F7EEF804223146284600F09FFEBCE711
:105F8000012286F871202068616806F14003D6E797
:105F9000944103202C130208541302080048704750
:105FA0002C13020808B5D0F8BC3223B1022100F04E
:105FB00055FA002008BD032008BD00BF2DE9F843B5
:105FC0001446D0F8BC020422D0F84C9220460D466C
:105FD0001E46F8F7BDF80422A018A918F8F7B8F87B
:105FE0002B7A04F10C0023726B7A6372AB7AA37282
:105FF000EB7AE372E9682A7AF8F7AAF895F808804C
:1060000099F8711008F10C073C4451B92046C8F1C9
:106010000802F8F799F899F8683063B93780BDE855
:10602000F88300212046C8F14002F8F78DF899F86E
:106030006830002BF2D00422204605F1100108F14F
:106040001007F8F785F83780BDE8F88330B5D0F849
:10605000BC52A3B0D5F84C520DF1060302AA044677
:10606000FFF7ACFF95F87030BDF806003BB902466B
:1060700002A9204604F01AF8C0B223B030BD02AB2A
:10608000C0F1800200211844F8F75EF88020EEE7A6
:10609000F8B51C46D0F8BC32042220460D46D3F891
:1060A0004C62F8F755F80422A918A018F8F750F830
:1060B0002A7AE06822726B7A05F10C016372AB7A7E
:1060C000A372EB7AE372F8F743F8227AE06896F865
:1060D000711002F10C07384439B9C2F10802F8F71F
:1060E00033F896F868304BB9F8BD0021C2F1400290
:1060F000F8F72AF896F86830002BF5D0E91904F182
:1061000010000422BDE8F840F8F722B8D0F8BC32FD
:10611000D3F84C0208B190F87200704703466A2227
:1061200001481A80704700BF0802032003460A2274
:1061300001481A80704700BF74020320EE2903D182
:10614000122305481380704710B50024214614809F
:1061500000F080FD204610BDF401032038B5D0F8D2
:10616000BC524DB30429044617D0022905D004F0CF
:106170000FF9C5F82402002038BD04F009F9D4F85D
:10618000C432C5F82002002BF5D020469B68D5F814
:10619000081205F508729847EDE704F0F9F8D4F80D
:1061A000C032C5F81C02002BE5D0DB68D5F804022C
:1061B00005F507719847DEE7032038BD70B5D0F8C4
:1061C000BC42ACB301EB810E00EB8E05AB690A4615
:1061D00084465BB9DCF8C0320BB1042A18D0DCF875
:1061E000C4320BB1012A1ED0002070BDD0F8CC62A1
:1061F00006EBCE0EDEF82060B3FBF6FE06FB1E3388
:10620000002BE7D11A46AB6104F0AAF80020ECE7B6
:1062100000251B69D4F8100204F50A71C4F8345241
:1062200098470020E1E700230020C4F83832DCE77B
:10623000032070BD30B5D0F8BC5283B0002D57D0CC
:10624000D5F84C4294F84130A3B92378002B48D1BB
:1062500095F80032FF2B0AD0D0F8C0222946184604
:10626000936895F801229847FF2385F800320020B3
:1062700003B030BD013B04F14001072BE8D801A277
:1062800052F823F0D3620108C36201085162010889
:10629000516201085162010851620108B5620108AA
:1062A000A5620108B4F84230002BE0D12046FFF788
:1062B000C1FCDCE7042221460DEB0200F7F748FFA2
:1062C000D5E7B4F84230002BD1D12046FFF778FC57
:1062D000CDE7B4F84230002BC9D12046FFF790FC3F
:1062E000C5E70422214604F14800F7F731FFBEE775
:1062F000032003B030BD00BF8B8870B50C46064646
:1063000073B1012B01D0032504E00022FFF7DAFB73
:1063100005461DB12146304600F09CFC284670BD64
:10632000FFF7DCFD0546F4E738B504460025842177
:1063300003F0C6FF04212046A4F8745003F0C0FF08
:1063400083212046A4F8B45103F0BAFF81212046EE
:10635000256603F0B5FF02212046258703F0B0FF34
:10636000D4F8BC32A4F88C5173B1D4F8C0325B6855
:106370009847D4F8C43220465B689847D4F8BC02EA
:1063800004F00EF8C4F8BC52002038BD10B5044625
:106390004FF4147004F000F8034680B12046C4F8AE
:1063A000BC32FFF761FB00B110BD2046FFF762FD74
:1063B0000028F9D12046BDE81040FFF7F3BD0220C8
:1063C000C4F8BC3210BD00BF034621B1B03200207A
:1063D00043F8221070470320704700BFD0F8BC027A
:1063E00038B100EB8303C3F810120020C3F8282251
:1063F00070470320704700BFD0F8BC322BB103EBCD
:1064000082030020C3F8041270470320704700BFC6
:10641000D0F8BC2202B302EB810310B5D3F83442AA
:106420006CB90124C3F8344259B9D2F82832842116
:10643000D2F81022836603F093FF002010BD0120E4
:1064400010BD0129F9D1D2F82C328121D2F81422C1
:10645000C36203F085FFF0E703207047D0F8BC2249
:10646000A2B1042908B503D0022908D0002008BD34
:106470004023D2F8042203F07FFF002008BD8023D0
:10648000D2F8082203F078FF002008BD03207047EF
:1064900088B10023C0E9B033C0F8B832C0F8C832C0
:1064A000C0F8D43209B1C0F8B4120123027080F8E8
:1064B0009C3203F089BE0320704700BF002310B553
:1064C00082B0ADF8063061B1CB6A0446C0F8B812AC
:1064D00023B10DF106009847C4F8D402002002B0A1
:1064E00010BD032002B010BD03F0D0BED0F8B8320A
:1064F0000BB11B6818470320704700BF08B5D0F8E0
:10650000B8320BB15B689847002008BD38B5044627
:1065100000F2AA25284600F091FB012294F8AA1265
:10652000B4F8B032C029C4F89422C4F898320DD01F
:1065300001F01F03012B1BD0022B13D063B12046A7
:10654000BDE8384001F0800103F0D2BE2046BDE82E
:106550003840802103F0CCBE29462046BDE83840B3
:1065600000F0F6B829462046BDE8384000F0C8BA29
:1065700029462046BDE8384000F08CBA70B5044684
:1065800031B91346D0F89422032A0DD0002070BDF3
:1065900090F89C32032BF9D1D0F8B8329B69002BCC
:1065A000F4D0BDE870401847D0E95752954208D85A
:1065B00090F89C32032B0ED0204600F0AFFB002059
:1065C00070BDAD1AAA4228BF2A461946C0F85C51D0
:1065D00000F09AFBDAE7D0F8B8321B69002BEBD059
:1065E0009847E9E770B5044649B9D0F89432022BD0
:1065F00011D094F8A032012B22D0002070BD90F869
:106600009C32032BF9D1D0F8B8325B69002BF4D05F
:10661000BDE870401847D0E90736B3420D4614D89C
:1066200020D094F89C32032B2FD08021204603F0F9
:106630005FFE204600F07EFB94F8A032012BDCD1F7
:10664000002384F8A032002070BD9B1B1146C3615B
:106650001A4600F041FB2B462A462946204603F005
:106660008BFEC6E782699342DBD8D0F898329A4213
:10667000D7D20A4600F030FB2B462A462946204650
:10668000C4F8985203F078FEB3E7D4F8B832DB6868
:10669000002BCAD020469847C7E700BF002101223F
:1066A000D0F8B83280F89C224160C0F89412C0F84B
:1066B000A412EBB1D0F8BC2270B5044612B15B68ED
:1066C00003B1984700224025012611464023204669
:1066D00003F0E8FD002280212B462046A4F86461E7
:1066E000C4F8605103F0DEFD0020A684256270BD71
:1066F00003207047034600201974704703460421A5
:1067000093F89C220020D2B283F89D2283F89C1239
:10671000704700BF90F89C32042B04D190F89D3252
:10672000DBB280F89C320020704700BFD0F8B8225E
:1067300062B108B590F89C32032B01D0002008BD4F
:10674000D369002BFAD09847002008BD032070477A
:1067500030B50B780D4603F06003202B044683B060
:1067600028D0402B26D05BB18021204603F0C0FD0D
:106770000021204603F0BCFD0025284603B030BDB3
:106780004B78092BF0D801A252F823F0FF670108DB
:1067900027680108696701084568010869670108F9
:1067A0004D6801088768010869670108BD6801082C
:1067B000C767010829462046D4F8B8329B6803B061
:1067C000BDE8304018478978B14D0129297000F2A1
:1067D0003B8190F89C32022BDAB200F01D81032A33
:1067E00000F0FA80802103F083FD0021204603F0B1
:1067F0007FFD20462978FFF781FE0325BDE790F84D
:106800009C32013B022BAFD8CA88022AACD1D0F807
:10681000A4320146003B18BF01235B0041F80C3F46
:1068200000F04CFAA8E790F89C32013B022B9BD871
:106830004B88012BA0D100232046C4F8A43200F0DD
:106840006DFA99E74B88012B96D1F5E78B88002BE1
:106850008AD1CB88002B87D14B887F2B84D890F8A6
:106860009C22032A80D0DDB2294680F89E5203F094
:106870006BFD204600F052FA002D00F0FB80022351
:1068800084F89C3278E700216A88ADF80610130A74
:10689000013B062B3FF668AF01A151F823F000BF82
:1068A00051690108376901086169010869670108D0
:1068B0006967010821690108E5680108CA88012A99
:1068C0007FF452AF90F89C32022BD9B200F2B5801F
:1068D00000293FF449AF0146002341F8083F00F08A
:1068E000EDF949E7037C002B7FF43EAFD0F8B832D6
:1068F0000DF106001B6B984707234370EB88002BB4
:1069000066D0BDF80620002A3FF42EAF9A4228BF79
:106910001A4601462046ADF8062000F0CFF92BE7D5
:10692000037C002B7FF420AFD0F8B8320DF10600C5
:106930005B6B9847E2E7027CD0F8B832002A40F05F
:106940008B809B6A0DF10600984702234370D5E7C0
:10695000D0F8B4320DF106011B68007C9847CDE7F2
:10696000D1B2052900F28A80DFE801F026201A144E
:106970000E03D0F8B4329B69002B3FF4F5AE207CB7
:106980000DF106019847B9E7D0F8B4325B69002BE6
:10699000F5D1E9E6D0F8B4321B69002BEFD1E3E67C
:1069A000D0F8B432DB68002BE9D1DDE6D0F8B432A0
:1069B0009B68002BE3D1D7E6D0F8B4325B68002B9C
:1069C000DDD1D1E60223416080F89C32FFF796FDCD
:1069D000204600F0A3F9CFE60029F3D04168012951
:1069E000F6D0C9B2FFF78AFD297820466160FFF72B
:1069F0007DFD05460028EBD08021204603F078FC81
:106A00000021204603F074FC20462179FFF776FD33
:106A1000022384F89C32B0E60029D9D001214160DC
:106A2000FFF764FD0546F0B18021204603F060FCCD
:106A30000021204603F05CFC9FE603297FF494AE1E
:106A4000011D00F03BF997E6802103F051FC002185
:106A5000204603F04DFCD0E6DB6A0DF106009847B6
:106A6000022343704AE7204600F058F9032384F8D4
:106A70009C3281E6012384F89C327DE6D0F8B8325E
:106A80009B6B002B3FF470AE0DF10602984735E783
:106A9000A441032038B50B780D465A0604460DD59F
:106AA00003F06002402A09D0802103F021FC00217C
:106AB000204603F01DFC0025284638BD94F89C3282
:106AC000013B022B12D82B79032B0FD8D4F8B83204
:106AD00029469B6820469847EB880546002BEBD15A
:106AE0000028E9D1204600F019F9E5E78021204689
:106AF00003F0FEFB0021204603F0FAFBDBE700BFBA
:106B000070B50B780D4603F06003202B04464CD083
:106B1000402B4AD04BB18021204603F0E9FB0021F5
:106B2000204603F0E5FB002070BD6B788A88012BBE
:106B3000D1B22BD0032B40D0002BECD190F89C325B
:106B4000022BD8B253D00328E5D101F00F0303EB99
:106B50008303120604EB830358D4B3F86431002B8B
:106B6000D9D001EB810504EB850505F5AA7500294F
:106B700058D0204603F0D4FB002859D001232B60C5
:106B800002222946204600F099F8CCE790F89C3282
:106B9000022BDAB222D0032ABDD16B88002BC2D1DE
:106BA0004E0642D1204600F0B9F8D4F8B832294652
:106BB0002046BDE870409B68184790F89C32022B35
:106BC000DAB20BD0032AA6D16B881BB94A0601D0D2
:106BD000EB887BB3204600F0A1F8A4E74B069AD0DF
:106BE00003F086FB8021204603F082FB9BE74806EA
:106BF00091D1002311064CBF04F1140104F5AA71D0
:106C0000022220460B6000F059F88CE79B8C002B89
:106C100081D001F07F05013505EB8505802904EB66
:106C20008505A6D100232B60AAE703F06DFBB9E729
:106C30002860A5E703F05CFBCCE700BF0B7803708E
:106C40004B7843704B8843808B888380CB88C3808C
:106C5000704700BF10B50446802103F049FB204671
:106C6000BDE81040002103F043BB00BF08B370B57E
:106C7000037805460E461446E3B10130E9F7E0FA21
:106C8000431CDBB201335B00DAB223800323327092
:106C900073702C7864B12846022300215A1CD2B2AA
:106CA000F454B15410F8014F0233DBB2002CF5D18B
:106CB00070BD704702221346E7E700BF10B51346C8
:106CC00002240A46C0E906330021C0F8944203F0CA
:106CD00047FB002010BD00BF8C4608B500211346BD
:106CE000624603F03DFB002008BD00BF10B513460F
:106CF00003240A46C0E956330021C0F8944203F049
:106D00003BFB002010BD00BF8C4608B50021134698
:106D1000624603F031FB002008BD00BF002310B520
:106D200004241A461946C0F8944203F019FB0020C7
:106D300010BD00BF002310B505241A461946C0F83F
:106D4000944203F019FB002010BD00BF08B54FF0BE
:106D5000E0231B6901F09AFF012800D108BDBDE8BE
:106D6000084002F0E7BC00BF08B5EFF3058313B19C
:106D70006FF0050008BD01F089FF012807D0EFF38F
:106D80001083002BF4D1EFF31183002BF0D101F02D
:106D90007DFF0128034604D1034A106808B9136037
:106DA00008BD4FF0FF3008BD004F0320EFF305830F
:106DB00013B16FF00500704710B501F067FF0128AF
:106DC00009D0EFF3108313B16FF0050010BDEFF39E
:106DD0001183002BF8D101F059FF01280CD1084B89
:106DE0001A68012A08D1002402220649CC771A60C9
:106DF00001F04AFC204610BD4FF0FF3010BD00BF2F
:106E0000004F032000ED00E0F0B5002587B01446E8
:106E10000595EFF3058212B1002007B0F0BD0746DB
:106E20000E4601F033FF012809D0EFF3108313B1B0
:106E3000059807B0F0BDEFF31183002BF8D1002FB8
:106E4000F6D00CB3A569DDB918256368DB07E3D478
:106E500063693BB39A08A068D4F800C0E16820B326
:106E6000AB29E5D921690029E2D0002BE0D0CDE99A
:106E70000110334661463846009501F097FACCE799
:106E80006B1E372BE1D9C7E74FF4807218252146D6
:106E900005AC334638460095019401F0BBFA012851
:106EA000BAD1C5E74FF48072D5E70029C0D1236974
:106EB000002BBDD1644692B2E9E700BF01F0E0BE0D
:106EC00038B5EFF3058313B16FF0050038BD044604
:106ED0000D4601F0DBFE012807D0EFF31083002BF5
:106EE000F2D1EFF31183002BEED144B16B1E372B9F
:106EF00005D82046294601F063FB002038BD6FF01D
:106F0000030038BDEFF3058313B16FF00500704740
:106F100010B5044601F0BAFE012809D0EFF3108342
:106F200013B16FF0050010BDEFF31183002BF8D102
:106F30000CB9002010BD204601F0DAFAF9E700BFD5
:106F4000EFF305830BB10020704770B584B006469F
:106F50000D46144601F09AFE012809D0EFF3108384
:106F600013B1002004B070BDEFF31183002BF8D1F2
:106F7000002EF6D0002DF4D054B3D4E902328BB1F8
:106F80004F2AEED92269002AEBD005FB06F1606991
:106F90008842E6D3294600253046009500F036F9B0
:106FA00070B9DEE7002ADCD12369002BD9D16269F0
:106FB000002AD6D12946304600F058F90028D0D012
:106FC00021680029CED0039000F03CFC0398C9E76B
:106FD00022462946304604B0BDE8704000F046B96C
:106FE0004FF4807330B4034D034C05600C601360A4
:106FF00030BC7047544E0320544A03204FF40073B2
:1070000030B4034D034C05600C60136030BC704716
:10701000A8490320A84103204FF0FF31002200F1CE
:107020000803C0E90131C0E903330260704700BFC3
:1070300000230361704700BF30B40D686B1C10D093
:1070400000F108031C465B681A68AA42FAD9026874
:107050004B60013299608C606160086130BC0260F5
:10706000704704696368F2E7036910B4D0E901125C
:107070005C688A6051600021844208BF5A601A68C7
:107080000161013A1A6018685DF8044B704700BF4F
:1070900070B51646026C0446856B2AB90668013540
:1070A0004EB31046A56370BD8EB9406803F0F6FA82
:1070B0006368216CA2680B449342636028BF236815
:1070C00005F1010528BF63600020A56370BDC0689D
:1070D00003F0E4FA226CE36851429B1A2268E360F1
:1070E000934202D2A3680B44E360022E08D001351C
:1070F0000020A56370BD806801F020FEA660D1E786
:10710000012D38BF0125DFE770B5054602F0F0FA22
:1071100095F845305CB2002C14DD05F1240603E03F
:10712000631EDAB25CB26AB16B6A5BB1304601F0E1
:10713000DFFB0028F4D001F0A1FC631EDAB25CB2E0
:10714000002AF1D1FF2385F8453002F0DFFA02F082
:10715000CFFA95F844305CB2002C14DD05F110062E
:1071600003E0631EDAB25CB26AB12B695BB13046F0
:1071700001F0BEFB0028F4D001F080FC631EDAB2FF
:107180005CB2002AF1D1FF2385F84430BDE870409D
:1071900002F0BCBA70B568B3C56B0446F5B1026CB9
:1071A000A2FB0525D5B90E4602F0A2FAD4E90F30AC
:1071B000FF2100FB03F32268181A626013440244A3
:1071C000A563C4E9023284F8441084F8451046B936
:1071D000236993B902F09AFA012070BD02F0DAFB3C
:1071E000FEE704F11000FFF717FF04F12400FFF79A
:1071F00013FFEFE702F0CEFBFEE704F1100001F011
:1072000077FB0028E6D002F067FAE3E770B582B0BA
:107210009DF8186033B3054650B11C465AB139B1D8
:1072200050230193019B502B0DD002F0B3FBFEE7DE
:1072300002F0B0FBFEE70029FAD150230193019B35
:10724000502BF2D12246C4E90F5101212046226081
:1072500084F84610019BFFF79DFF204684F84C60A0
:1072600002B070BD02F096FBFEE700BFF0B583B040
:1072700048B1A1FB003604460D4626B901FB00F0DB
:1072800010F1510F02D902F085FBFEE75030019258
:1072900002F010FC074680B1019A80F846607DB18B
:1072A00000F1500301213846C7E90F453B600192C8
:1072B000FFF770FF019A87F84C20384603B0F0BD05
:1072C0000346EFE7F0B585B00192002800F0878013
:1072D00004460E461D46002961D0022D02D1E36B03
:1072E000012B6FD101F0D2FC00284ED002F000FA41
:1072F000A26BE36B9A4258D3022D56D0002007466A
:107300000DE002F003FA2046FFF7FEFE01F014FA4A
:1073100002F0EEF9A26BE36B01209A4245D3019B88
:10732000002B5FD0002836D002F0F0F901F0FCF914
:1073300002F0DEF994F84430FF2B08BF84F8447063
:1073400094F84500FF2808BF84F8457002F0DEF984
:1073500001A902A801F05AFB002848D102F0C8F99F
:10736000A26BE36B9A42CCD102F0D0F9019904F1FF
:10737000100001F07DFA2046FFF7C6FE01F0DCF9AF
:107380000028C5D102F0A8F9C2E7019B002BADD0BF
:1073900002F000FBFEE702A801F02CFBC4E7036C3F
:1073A000002B9AD002F0F6FAFEE72A463146204634
:1073B000FFF76EFE636A5BB938B902F0A7F90120E6
:1073C00005B0F0BD02F0E6FAFEE702F085F9F4E759
:1073D00004F1240001F08CFA0028EED0F5E702F069
:1073E000D9FAFEE702F092F9002005B0F0BD204680
:1073F000FFF78AFE01F0A0F9F6E700BF70B582B092
:1074000011B350230193019B502B1AD10C46002637
:1074100001210546C4E90F1684F846102046246071
:10742000019BFFF7B7FE334632463146204684F8CB
:107430004C50A6602660E660FFF744FF204602B08D
:1074400070BD02F0A7FAFEE702F0A4FAFEE700BF63
:107450002DE9F041002847D004460D4617461E4648
:1074600071B3022E1CD1E36B012B2FD102F03CFA39
:1074700002F090FA8046A36B294694F845503246B4
:1074800020466DB2A36BFFF703FE6B1C21D1636A2C
:107490006BBB0124404602F089FA2046BDE8F0812A
:1074A00002F022FA02F076FAA26BE36B80469A426F
:1074B000E2D30024404602F079FA2046BDE8F0818C
:1074C000036C002BCDD002F065FAFEE702F062FA01
:1074D000FEE701F045F98542DBD27F2D12D06B1C0F
:1074E0005BB284F84530D4E702F054FAFEE704F1C9
:1074F000240001F0FDF90028CBD0002FC9D00123D2
:107500003B60C6E702F046FAFEE700BFF0B585B083
:10751000019200286BD004460E4600295BD001F092
:10752000B5FB00285DD002F0E3F8A56B002D61D11A
:10753000019B002B42D002A801F05CFA2F4602F01A
:10754000E5F801F0F1F802F0D3F894F84430FF2B9D
:1075500008BF84F8447094F84530FF2B08BF84F8C6
:10756000457002F0D3F801A902A801F04FFA98B9CA
:1075700002F0BEF8A36B33BB02F0C8F8019904F126
:10758000240001F075F92046FFF7BEFD01F0D4F8A4
:1075900068B902F0A1F80AE02046FFF7B5FD01F056
:1075A000CBF802F0A5F8A36B43B102F0AFF802F0FC
:1075B0009FF8A56BF5B9019B002BC0D102F0A6F88E
:1075C000002005B0F0BD02F0A1F82046FFF79CFDB9
:1075D00001F0B2F8EBE7036C002BA0D002F0DAF96F
:1075E000FEE7019B002B9ED002F0D4F9FEE702F0EB
:1075F000D1F9FEE7226C5AB1E168A36811449942BF
:10760000E16028BF2168304628BFE16003F046F8FA
:10761000013DA56323691BB902F078F80120D0E78A
:1076200004F1100001F064F90028F5D002F054F8DC
:10763000F2E700BFF0B585B00191002878D0036C67
:107640000446002B3FD101F021FB10B9019B002B18
:107650006BD102F04DF8A56B002D7AD1019B002B68
:1076600060D002A801F0C6F92E462F4602F04EF86F
:1076700001F05AF802F03CF894F84430FF2B08BFB0
:1076800084F8447094F84530FF2B08BF84F84570A7
:1076900002F03CF801A902A801F0B8F9B0B902F073
:1076A00027F8A36B23B302F031F82046FFF72CFD37
:1076B00001F042F802F01CF8A56B002D49D1019BA6
:1076C000002BD3D12EE002F065F9FEE72046FFF74C
:1076D0001BFD01F031F802F00BF8A36B2BB902F09F
:1076E00015F8C6B9002005B0F0BD02F00FF8E1E7CB
:1076F00002F00CF823681BB3019904F1240001F097
:10770000B7F82046FFF700FD01F016F80028D1D1A8
:1077100001F0E2FFCEE701F0EBFF616A59B9A06822
:1077200001F054FB01F0F2FFDCE702F033F9FEE771
:1077300002F030F9FEE7236B1968C1F13801EEE77A
:1077400001F0D6FFA06801F0B1FA064601F0DEFFB5
:10775000D2E72368013DA56373B123691BB901F02A
:10776000D5FF0120BFE704F1100001F0C1F80028A7
:10777000F5D001F0B1FFF2E701F076FBA060ECE795
:107780002DE9F84300283DD004460F46164631B394
:1077900002F0AAF802F0FEF8A56B8146CDB194F88C
:1077A0004480226C4FFA88F85AB1E168A36811440A
:1077B0009942E16028BF2168384628BFE16002F0A5
:1077C0006DFF013DB8F1FF3FA5630ED12369E3B919
:1077D0000125484602F0EAF82846BDE8F883036C24
:1077E000002BD5D002F0D6F8FEE700F0B9FF8045B7
:1077F000EED2B8F17F0F13D008F101035BB284F829
:107800004430E5E702F0C6F8FEE704F1100001F0AD
:107810006FF80028DCD0002EDAD001233360D7E7E0
:1078200002F0B8F8FEE700BF10B538B1044601F029
:107830005FFFA46B01F06AFF204610BD02F0AAF8BA
:10784000FEE700BF38B500B3A1B1124C6268234611
:1078500082421DD0A44600221D68013208337DB14A
:10786000082A07D05D689C46A842F5D104EBC20CFB
:10787000CCE9001038BD5D68A842F7D0013208336A
:10788000082AF8D1CCE90010F4E702F083F8FEE70B
:107890000022EBE7084F032070B504460E4615465C
:1078A00001F026FF94F84430FF2B04BF002384F836
:1078B000443094F84530FF2B04BF002384F8453052
:1078C00001F024FFA36B23B12046BDE87040FFF711
:1078D0001BBC04F124002A46314600F0DDFF20469F
:1078E000BDE87040FFF710BC2DE9F8431C468368E3
:1078F0001646A3EB04089045474628BF1746E219F1
:10790000934202D202F046F8FEE7054680693A4605
:107910002044894602F0C2FEB0450BD2AB68F21B90
:107920009A4202D902F036F8FEE7A86909EB07018E
:1079300002F0B4FEAB68A019984228BFC01ABDE897
:10794000F88300BF2DE9F0411C460B4681681546BF
:10795000A1EB04089045474628BF1746E21991421B
:1079600002D202F017F8FEE7816906463A46184649
:10797000214402F093FEA84506D3B36860199842EB
:1079800028BFC01ABDE8F081B1693844EA1B02F093
:1079900085FEF2E7F0B51646027F1C46D207054683
:1079A0000F46036883B006D4B44228BF34467CB97E
:1079B000204603B0F0BD04220DEB0201FFF7C2FF29
:1079C000019A034696420CD20024204603B0F0BD33
:1079D000224639462846FFF7B5FF2860204603B007
:1079E000F0BD1646043CDFE7F0B51646027F1C46A4
:1079F000D20705460F46436883B007D5089A01961B
:107A0000944211D20024204603B0F0BDB44228BFF6
:107A10003446002CF7D0224639462846FFF764FF4B
:107A20006860204603B0F0BD04220DEB0201FFF7B1
:107A30005BFF34460346002CE5D0ECE72DE9F0412E
:107A400082B0CBB11D46089BE3B1814204460E468D
:107A50000FD8002A0CBF4FF002084FF0030804288B
:107A60000DD924230193019F9F420ED001F092FF74
:107A7000FEE701F08FFFFEE701F08CFFFEE701F06B
:107A800089FFFEE701F086FFFEE702465521284602
:107A900002F062FD854202D001F07CFFFEE73A462B
:107AA0000021089802F058FD089B012E38BF0126DE
:107AB00018469D619C6083F81C80DE6002B0BDE8C2
:107AC000F08100BF38B568B1856802680168446814
:107AD00003689A42F9D168180138001B854298BFA3
:107AE000401B38BD01F056FFFEE700BF08B540B1AE
:107AF000826843680168D018401A824298BF801A91
:107B000008BD01F047FFFEE72DE9F04387B003937E
:107B1000002900F084800446002800F08380037F61
:107B20008568DB0717460E4605F1FF325ED4BA4280
:107B300028BF3A469046039B002B33D004A800F0A0
:107B400043FF01F0D5FDA1682068256862682368BD
:107B50009842F9D10D44013DAD1AA94298BF6D1A62
:107B6000A84565D90021084601F0A6FBD4F8149079
:107B7000B9F1000F5FD101F083F8606101F0C6FD3B
:107B8000039A494600924B464A46484601F0AEF9F0
:107B900003A904A8C4F8149000F038FF0028D0D03E
:107BA0005DB9A56822682168606823689A42F9D1A6
:107BB0004B1E1B1A5D1938BF1D462B463A463146EF
:107BC0002046CDF80080FFF70FFF054650B1A268B0
:107BD0006368216813445B1A9A4298BF9B1AE26853
:107BE0009A420CD9284607B0BDE8F08307F1040893
:107BF00047451AD242459ED200230393D2E700F0B4
:107C000093FD236943B1002620693346324631464D
:107C1000009601F0B7F9266100F08EFDE2E701F071
:107C2000B9FEFEE701F0B6FEFEE701F0B3FEFEE7A7
:107C300001F06CFDB4E701F0ADFEFEE7F0B583B0F6
:107C4000002942D00446002842D01F4690F81CC0AC
:107C5000D0F808E00CF0010C02EB8C0C25682668CB
:107C6000636820688542F9D17644013EF31A9E4547
:107C7000204698BFA3EB0E03CDF800C0FFF7B4FE7B
:107C8000054650B1A2686368216813445B1A9A42A2
:107C900098BF9B1AE2689A4202D9284603B0F0BD09
:107CA00001F078FE236906464BB120690197002751
:107CB0003B463A463946009701F0E4F927613046E1
:107CC00001F074FE284603B0F0BD01F063FEFEE74C
:107CD00001F060FEFEE700BF2DE9F04383B000290C
:107CE00049D00446002849D0077F0E4607F0010717
:107CF00090469946BF0073B9A368656822681D4421
:107D0000AD1AAB4298BFED1ABD4212D800252846E5
:107D100003B0BDE8F08301F0EBFCA368656822685E
:107D20001D44AD1AAB4298BFED1ABD421AD901F0FD
:107D3000EDFC2B46424631462046FFF72BFE05461A
:107D40000028E3D000F0F0FC636943B100266069CD
:107D5000334632463146009601F014F9666100F070
:107D6000EBFCD4E70021084601F0A6FA256945B1ED
:107D700001F010FEFEE701F00DFEFEE701F00AFE45
:107D8000FEE700F07DFF206101F0C0FC2B462A4693
:107D900029462846CDF8009001F0A8F82561ABE708
:107DA0002DE9F041054601F0A3FC374A374F13682F
:107DB000013313603B68002B35D0354CEB6A2268E9
:107DC00052B3344E344935480A6805F1040C013287
:107DD0006A640A6002689A4238BF036003EB830357
:107DE00006EB830041689B00A960F258D1F808E0D7
:107DF0000132C5F80CE0CEF804C0C1F808C06861D3
:107E0000F25001F083FC236823B13A68EB6AD26A2E
:107E10009A4210D3BDE8F0813A681E4ED26A9A4267
:107E200098BF3D60CEE73D601368012B07D0EB6A39
:107E3000184E174CC6E7BDE8F04101F04DBC154E99
:107E4000344606F58C6820461434FFF7E5F84445BF
:107E5000F9D1DFF86480124C4046FFF7DDF8204688
:107E6000FFF7DAF80F48FFF7D7F80F48FFF7D4F815
:107E70000E48FFF7D1F80E4BC3F800800D4B1C6085
:107E8000EB6A034C9EE700BF784F03204C5403205D
:107E90006C4F0320EC4F03205C4F0320704F0320F6
:107EA000C44F0320A84F0320944F03207C4F03208E
:107EB000C04F0320BC4F0320D84F0320F8B5044621
:107EC000214B224E1D6830680F460430FFF7CCF876
:107ED000631C17D033682D195D600BD21C4B1868DA
:107EE00031680431FFF7A8F81A4B1A68AA4200D982
:107EF0001D60F8BD184B18683168BDE8F8400431C2
:107F0000FFF79AB86FB933686A1E5A60002DF1D135
:107F10000F4B186831680431FFF78EF80D4B1B6862
:107F2000F8BD0E4B31685A6837688A60306831682E
:107F300035681C68043001341C6094680431FC60AE
:107F4000606091606B61F8BD744F03204C54032056
:107F5000C04F0320584F0320BC4F03207C4F032009
:107F60002DE9F0478A460A9C95000746A5212A4636
:107F7000206B9846089E02F0EFFAD4F83090BAF1E0
:107F8000000F0FD00AF1FF3C0AF10F0104F1330E8C
:107F90001CF8012F0EF8012F0AB18C45F8D10023EF
:107FA00084F84330372E02D901F0F4FCFEE7E66294
:107FB000E664201DFFF73CF8C6F1380604F118000E
:107FC000FFF736F84C220021A6612461646204F1B7
:107FD000580002F0C1FA0B49043D01F16803E16564
:107FE00009EB0500D0312366616643463A46216BB2
:107FF00020F0070001F0CCFB099B206003B11C605E
:10800000BDE8F0876C76032080B51E4DDFF88480D4
:108010001D4E1E4F1E4C2B684BB301F069FBD8F868
:108020000C30D3F80C9009F10400FFF71DF8336809
:10803000013B33602B68013B2B6001F067FB386824
:10804000583002F091FA99F8A93033B1012B14D0CD
:10805000022BE0D001F09EFCFEE7D9F8300001F0E1
:10806000B1FD484601F0AEFD2B68002BD5D1236849
:10807000012BD0D901F030FBCDE7484601F0A2FD3D
:10808000C9E700BF904F0320784F03204C540320D2
:10809000EC4F0320944F03202DE9F04F604B83B049
:1080A0001C6801341C60002C79D05E4B1A68944225
:1080B0007CD35D4D2A681268002A00F0AC804FF036
:1080C000000CCDE9004366465848DFF874E1584F8C
:1080D00058E0D3F81490D3E90241A1609C684C6049
:1080E000D9F80410914204BFD968C9F80410D9F82E
:1080F00000105E610139C9F80010D3F82890B9F179
:10810000000F11D0D3E90741A160DC694C60D9F8B8
:108110000410414504BF196AC9F80410D9F80010C9
:108120009E620139C9F80010D3F82C80D7F800906E
:1081300008EB880100EB810AC845DAF8049088BF93
:10814000C7F8008050F82180C3F80890D9F808B02B
:1081500008F10108C3F80CB0CBF80420C9F80820D6
:10816000C3F814A040F82180DEF80020D5F8008084
:10817000D96AD26AD8F80030914288BF4CF0010C1D
:10818000002B43D02B68009CDB68DB6859681A1D04
:108190008C4203F118089CD2019B19600BE0224B22
:1081A0001A681268DAB101F0F5FBFEE74FF0000C37
:1081B0001E48DFF88CE0DEF800301E4ADB6A03EB75
:1081C00083039B00C0581368012898BF002B14BF7D
:1081D0000120002040EA0C0003B0BDE8F08F164AF1
:1081E000186811681960154910600A6801320A6040
:1081F0001A68126822B94FF0FF320A4B1A6055E72D
:108200001A68084BD26812681A604FE7019B4FF05A
:10821000FF321A60CFE794460448DFF824E0F6E71F
:10822000744F0320584F0320C04F0320EC4F03200E
:10823000704F0320644F0320BC4F0320604F032086
:108240004C5403202DE9F04F4E4C83B001F050FA0E
:108250002368013B23602668002E40F083804A4B50
:108260001B68002B7ED0494D2B68002B00F08680C8
:10827000474F4848DFF82CC1DFF82C810196EB68A6
:10828000DB681A6ADE69996AB260DE6903F1180E6A
:1082900056604A68019E724504BF1A6A4A600A68BD
:1082A0009E62013A0A60D9689E685A69B1609E6808
:1082B00003F1040E4E605168714504BFD9685160E6
:1082C000116801391160DA6AD7F8009002EB820177
:1082D00000EB810A4A45DAF8049088BF3A6050F80A
:1082E0002120C3F80890D9F808B00132C3F80CB0C7
:1082F000CBF804E0C9F808E0C3F814A040F8212046
:10830000DCF80010DA6ACB6A9A4284BF0123C8F80D
:1083100000302B68002BB2D11F4B1A68126842B391
:108320001A681E4BD26812681A601D4E356895B1E6
:10833000012706E0FFF7B0FE08B1C8F80070013D64
:1083400008D02368002BF5D03368013D03F1010309
:108350003360F6D13560D8F800301BB101F0BCF9BC
:10836000012400E0002401F0D1F9204603B0BDE86B
:10837000F08F4FF0FF32094B1A60D6E7DFF8288004
:10838000D3E700BF504F0320784F0320A84F0320AE
:10839000704F0320EC4F0320C04F0320584F0320A1
:1083A000684F03204C540320644F03202DE9F04113
:1083B00088B0DDE90F573DB34FB31646AC220792A4
:1083C000079AAC2A02D001F0E5FAFEE70446884697
:1083D000384607990021059302F0BEF820460E9C0E
:1083E0003D6300940224029787F8A94006AC324608
:1083F0004146059B0194FFF7B3FD3846FFF7D0FCDB
:10840000069808B0BDE8F08101F0C4FAFEE701F07B
:10841000C1FAFEE72DE9F043064685B09000154607
:108420000F46984601F046FB08B30446AC2001F025
:1084300041FB8146C0B1AC22002102F08DF8C9F8A1
:1084400030400D9C434601940C9C2A4639463046E8
:10845000CDF808900094FFF783FD4846FFF7A0FC95
:10846000012005B0BDE8F083204601F0ABFB4FF0E2
:10847000FF3005B0BDE8F08338B578B3D1B11A4C00
:1084800023682BBB236801332360184B02681D68E7
:1084900053182CBF01210021AA420ED8D9B1036084
:1084A0000021581BFFF70AFD236801255BB901F085
:1084B00071FAFEE701F06EFAFEE761B90360236826
:1084C0000025002BF3D0FFF7BDFE50B1284638BD84
:1084D00001F060FAFEE79D42E1D3EFE701F05AFABE
:1084E000FEE701F0F9F8F1E7504F0320744F032045
:1084F000C0B110B50C4C216811B101F04BFAFEE788
:10850000236801332360FFF7D9FC23681BB1FFF711
:1085100099FE18B110BD01F03DFAFEE7BDE810402C
:1085200001F0DAB801F0D8B8504F03202DE9F0413E
:1085300050B31D4B04461B6883421DD001F0D8F890
:108540001A4B1B4AA66A17686569D3F8008001F0C8
:10855000DDF8184B9E421AD0BD4212D0454510D0CE
:10856000154B9D420BD0154B9D421AD0002D0CBFD0
:1085700004200120BDE8F0810020BDE8F081A36A5D
:1085800043B10220BDE8F08101F004FAFEE70120CA
:10859000BDE8F08194F8A830012B0CBF0220032025
:1085A000EBE70420E9E700BF4C540320BC4F032055
:1085B000C04F0320A84F03207C4F0320944F03207B
:1085C0003729F8B502D901F0E5F9FEE704460D4672
:1085D00001F08EF86CB3E26C954226D0274B09D996
:1085E0001968A14248D01B68DE6AAE422CBF002643
:1085F000012604E01E68361BB6FA86F67609E36AA1
:10860000E5649A42A26908BFE562002AA4BFC5F1E9
:108610003805A5611A4D626903EB830305EB8303FB
:108620009A420CD00EB101F057F8BDE8F84001F0C5
:108630006DB8124B1C68E26C9542CFD1F5E7271D4F
:108640003846FEF711FD0F4AE36A11688B4288BF76
:10865000136003EB830305EB830041689B00EA583A
:10866000A160D1F808C00132C4F80CC0CCF8047085
:108670008F606061EA50D5E70026C0E74C540320C4
:10868000EC4F0320704F032030B5002489B007AAB7
:1086900006A905A8CDE90544FEF7A2FCDDE90523FE
:1086A0001849CDE9013218482346079A0094FFF78C
:1086B0007DFE164B186030B100F0B6FF012805466C
:1086C00008D0013503D0124B1B6809B030BD01F052
:1086D00061F9FEE701F05EF94FF0FF300D4B0E4AF5
:1086E0001B680E49583313600D4A0E4B0860156025
:1086F0001C60E8F72FFA01F087F8054B1B6809B0FA
:1087000030BD00BFC8E5010809800108544F0320AF
:10871000601302084C540320F8020320584F032032
:108720006C4F0320744F0320024A13680133136017
:10873000704700BF504F032008B5054B1B6813B9A5
:1087400001F028F9FEE7BDE80840FFF77BBD00BF58
:10875000504F0320014B1868704700BF744F03202F
:10876000014B1868704700BF784F0320054B1B680A
:108770000BB9FFF791BC044A002013680133136062
:10878000704700BF504F0320684F0320304B1B68D9
:108790001BB101222F4B1A6070472E4A70B513602F
:1087A000E8F7E2F92C4B2D4A1860156819682C4C33
:1087B000A94205D91E682068416D491B31444165B5
:1087C0001968236811601B6B1A68B2F1A53F07D1C5
:1087D0005A68B2F1A53F03D19A68B2F1A53F32D0F1
:1087E000206821683431E7F733FD1E4D1E492B68A0
:1087F00003EB830292008A58980042B903B3013B0D
:1088000003EB830251F822209800002AF6D0184486
:1088100001EB800C6246DCF8041008324968914292
:10882000CCF8041008BFDCF80C10104A08BFCCF8D4
:108830000410C96821602B6023685833136070BD31
:1088400001F0A8F8FEE7DB68B3F1A53FC8D1CCE79B
:10885000504F0320644F0320484F03204C4F032008
:108860004C540320704F0320EC4F0320F8020320E8
:1088700010B558B10C46074B19681831FEF7DCFBF0
:108880002046BDE810400121FFF718BB01F082F837
:10889000FEE700BF4C540320F8B5034610B3134C59
:1088A0005D680846002A11462268D4F800E0D561C8
:1088B00026682268D4F800C002F118041A68AF686C
:1088C00006F1180602F10102CEF8207018BF4FF031
:1088D000FF307E60AC60CCF828301A60BDE8F8400C
:1088E000FFF7ECBA01F056F8FEE700BF4C54032046
:1088F000C36870B5DB68002B57D0D3E907019A6ACB
:108900008160DD6954684D60002503F118008442E0
:1089100008BF196A264C08BF516011689D62013971
:1089200011602268AAB1234A5468DC61A168196207
:1089300048601168A06001319A6211601E49DA6ACC
:108940000B68DB6A9A422ED901231C4A1846136031
:1089500070BD5A69D3E9020181609C6850681D1D91
:108960004C60A84208BFD968154808BF516011681B
:1089700001391160DA6A01688A42124988BF0260CF
:1089800002EB82024FEA820C01EB8202546851F83A
:108990000C009C60A6680130DE607560A5605A61BD
:1089A00041F80C00CAE7002070BD00F0F3FFFEE7BD
:1089B000504F0320A84F03204C540320644F032042
:1089C000704F0320EC4F032010B560B1044600F057
:1089D0008FFE064A064B12681B68C4E90023BDE8F7
:1089E000104000F093BE00F0D5FFFEE7604F03207B
:1089F000744F0320034A044B12681B68C0E900232C
:108A0000704700BF604F0320744F0320F8B568B370
:108A10000D4641B3044600F06BFE2B68154A581C06
:108A200011681BD0D4E90060DFF84CC0DCF800709E
:108A3000BE4208D0884206D8002301242B6000F0F3
:108A400065FE2046F8BD0F1ABB42F5D95B1ADCF86B
:108A50000010126803442B60C4E90012002400F0E7
:108A600055FE2046F8BD00F095FFFEE700F092FFAE
:108A7000FEE700BF744F0320604F03200122014B2B
:108A80001A607047644F032070B50D4616460028E3
:108A900033D0044604F13402C5E90042E26A052BF2
:108AA0002A61226BEA61626CAA60E26C6A61626DA3
:108AB000AA6128D01F4A1268A24221D0032B2B732F
:108AC00026D000F015FE1C4BA26A9A4204BF012377
:108AD0002B7300F01BFE76B1266B3378A52B27D1C4
:108AE0003346184613F8011FA529FAD0C6F101062E
:108AF0000644C6F38F062E8470BD0E4A1468C9E77B
:108B000000232B73E7E72046FFF710FD2873E2E709
:108B10000A4B1A6801321A60A26A0AB102222A7349
:108B20001B6813B900F036FFFEE7FFF78BFBC8E7C1
:108B30000026E0E74C540320A84F0320504F0320A9
:108B40004B682DE9F0475E6801F108094E4508BF02
:108B5000CE680D46904604460027D6F80CA000E0EB
:108B60006E68706821468145686008BFE8684346C2
:108B7000C66808BF686001223046FFF785FFB2452E
:108B800007F1010704F12404EAD13846BDE8F08773
:108B90002DE9F047334F3B6801333B60324B1B6894
:108BA0008B425CD80025DFF8D4A09046814638245B
:108BB0002A46AAF24C4600E09A46013C04EB8403A4
:108BC00056F82330501909EB80004BB10122514671
:108BD000FFF7B6FF054405EBC500EA0009EB80008E
:108BE000B245AAF11403E7D1204B19680B683BB1D9
:108BF0000222FFF7A5FF054405EBC50009EB800045
:108C00001B4B19680B683BB10222FFF799FF054423
:108C100005EBC50009EB800016490B683BB1042247
:108C2000FFF78EFF054405EBC50009EB80001249F4
:108C30000B681BB10322FFF783FF0544B8F1000F57
:108C400003D0E7F791FFC8F800003B6813B900F0C4
:108C5000A1FEFEE7FFF7F6FA2846BDE8F0870025FB
:108C6000F3E700BF504F0320784F0320C04F03208D
:108C7000BC4F0320944F03207C4F03203854032023
:108C8000014B1868704700BF4C540320054B1B680C
:108C900033B1054B1868B0FA80F0400940007047C6
:108CA000012070476C4F0320504F0320F8B5044655
:108CB000C8B11F4DC36A2A68D26A934214D282692E
:108CC000002A04DB2A68D26AC2F138028261194E96
:108CD000626903EB830306EB83039A420CD02B6893
:108CE000DB6AE3620120F8BD2B68C06CDB6A984246
:108CF0002CBF00200120F8BD271D3846FEF7B4F92F
:108D00002B680D4ADB6A1168E3628B4288BF1360EF
:108D100003EB8303980006EB830359683258A16084
:108D20008D680132E5606F608F6063613250D9E712
:108D30004C540320EC4F0320704F032098B1204B7C
:108D400070B51B680446834202D000F023FEFEE7A4
:108D50001B6D53B1C16AC26C013B9142036500D0E7
:108D600033B1002070BD0020704700F013FEFEE715
:108D7000051D2846FEF778F9E36C124AC3F1380066
:108D8000A06101201168E3628B4288BF13600E4A24
:108D900003EB83034FEA830E02EB8303D3F804C093
:108DA00052F80E10C4F808C0DCF808600144E66010
:108DB0007560CCF80850636142F80E1070BD00BFBA
:108DC0004C540320704F0320EC4F032080B1036DFF
:108DD00070B504464BB1C06CE26A814238BF0146AF
:108DE0008A4201D0012B04D070BD00F0D3FDFEE714
:108DF00070471A4B1B68A3422CD0A369E162002B79
:108E0000A8BFC1F13801164DA8BFA16102EB8202D3
:108E1000616905EB82039942E6D1261D3046FEF7D3
:108E200023F9104AE36A11688B4288BF136003EB91
:108E30008303980005EB830359682A58A160D1F891
:108E400008C00132C4F80CC0CCF804608E606361C5
:108E50002A5070BD00F09EFDFEE700BF4C54032079
:108E6000EC4F0320704F0320044B1A681AB11968A5
:108E70000A6D01320A651868704700BF4C54032020
:108E800070B510B100F086FDFEE7174D0E46144692
:108E900000F02EFC2B68D3F8A43023B901212B68F5
:108EA00083F8A810CCB900F031FC00F021FC2B684D
:108EB000D3F8A44024B15EB100222B68C3F8A420EB
:108EC00000222B6883F8A82000F020FC204670BD0B
:108ED0002B68621EC3F8A420F2E72046FEF7EEFFDF
:108EE00000F0FAFBDFE700BF4C540320F8B510B1E7
:108EF00000F050FDFEE7224E1D460C46174600F0DE
:108F0000F7FB336893F8A830022B0CD001213268AC
:108F1000D2F8A43023EA0403C2F8A430336883F8FB
:108F2000A810069BFBB900F0F1FB00F0E1FB1DB1BE
:108F30003368D3F8A4302B60336893F8A830022B41
:108F400008D000240022336883F8A82000F0DEFB5C
:108F50002046F8BD32680124D2F8A43023EA070382
:108F6000C2F8A430EEE71846FEF7A8FF00F0B4FB05
:108F700000F0CCFB00F0BCFB002DD9D1DCE700BF3A
:108F80004C54032070B531BB0446B0B11D461646A3
:108F900000F0AEFB049B1BB1D4F8A430049A13601C
:108FA000022294F8A83084F8A820DBB2042D5AD805
:108FB000DFE805F00A1A1408060000F0EBFCFEE7F3
:108FC000022B4ED0C4F8A460012B13D0012400F072
:108FD0009DFB204670BD00F0DDFCFEE7D4F8A42028
:108FE0000132C4F8A420EFE7D4F8A4203243C4F837
:108FF000A420E9E76369D4E902128A60A06859688D
:10900000251D5060A94208BFE2681A4908BF5A608E
:109010001A68013A1A60E36A0A689342164A88BFDE
:109020000B6003EB83039E0002EB830358689159A6
:10903000A060D0F808C00131C4F80CC0CCF80450CE
:1090400085606361A36A915113B100F0A3FCFEE750
:109050000A4BE26A1B68DB6A9A42B7D900F03CFB14
:10906000B4E70024B3E7064A1268002AACD000F047
:1090700091FCFEE7704F0320EC4F03204C5403207B
:10908000744F032070B5A0B3C9B91D4604461646F7
:1090900000F02AFC00F07EFC049B1BB1D4F8A43045
:1090A000049A1360022294F8A83084F8A820DBB256
:1090B000042D72D8DFE805F00A171108060000F049
:1090C00069FCFEE7022B66D0C4F8A460012B13D024
:1090D000012400F06BFC204670BDD4F8A4200132BE
:1090E000C4F8A420F2E7D4F8A4203243C4F8A420A2
:1090F000ECE700F04FFCFEE7A36A13B100F04AFC76
:10910000FEE7294B1B68DBB1284B5A681968E261FE
:1091100095680131196004F1180125626960916058
:10912000A362234BE26A1B68DB6A9A42D0D9059B93
:1091300013B10123059A136001221E4B1A60C7E781
:109140006369D4E902128A60A168261D51605A68D9
:10915000B24204BFE2685A601A68013A1A60164ABD
:10916000E36A11688B4288BF1360144A03EB8303E0
:1091700002EB830CDCF804509B00D158A560D5F8B5
:1091800008E00131C4F80CE0CEF80460AE60C4F829
:1091900014C0D150C5E700249BE7094A1268002A91
:1091A00094D000F0F7FBFEE7504F0320A84F0320B8
:1091B0004C540320644F0320704F0320EC4F0320D6
:1091C000744F0320F8B500283BD0B9B904461546C2
:1091D00000F08AFB00F0DEFB022394F8A82084F85C
:1091E000A830D4F8A430012A03F10103C4F8A43054
:1091F00023D1A36A2BB100F0CDFBFEE700F0CAFB40
:10920000FEE7274B1B68FBB1264B5A681968E261E1
:1092100096680131196004F118012662716091604D
:10922000A362214BE26A1B68DB6A9A4205D90DB141
:1092300001232B6001221D4B1A60BDE8F84000F0AD
:10924000B5BB00F0A7FBFEE76369D4E902128A60B0
:10925000A16804F1040E51605A68724504BFE268C7
:109260005A601A68013A1A60114AE36A11688B421F
:1092700088BF13600F4A03EB83039E0002EB830356
:10928000D3F804C09159C4F808C0DCF80870013163
:10929000E760C7F804E0CCF808E063619151C0E7EB
:1092A000504F0320A84F03204C540320644F032049
:1092B000704F0320EC4F032038B599B9044670B1C4
:1092C00000F016FA94F8A830022B05BF0023012500
:1092D000002584F8A83000F019FA284638BD034B61
:1092E0001C68EDE700F056FBFEE700BF4C5403207E
:1092F000F0B5124C83B000F0FBF9256825B103B03E
:10930000BDE8F04000F002BA0D4E0E4F3046FDF7BA
:1093100083FE3846FDF780FE0B490C4B00950A2072
:109320001F600E600A4B10210A4AFDF76FFF206094
:109330000028E4D00849FEF785FAE0E74855032005
:109340006855032054550320505503204C550320E5
:1093500050540320A0540320D0E501082DE9F04724
:10936000DFF884900546D9F800300F46DB68DC68EA
:1093700004F104084046FDF777FE94F828305A07B8
:109380000ED423F0010384F828302046236ABDE878
:10939000F047184793421BD82046236A9847354622
:1093A000A3697A1BEE182CBF01210021B742666029
:1093B0002461EFD2AF4201D20029EDD0D9F80000EC
:1093C0004146FDF739FE2046236ABDE8F0471847BD
:1093D000044B41461868FDF72FFE2046236ABDE87E
:1093E000F04718474C550320505503202DE9F0470E
:1093F000894D8A4E8A4F8B4C84B02B68D3F80090ED
:10940000B9F1000F40F0D480FFF78EF9FFF7A2F911
:109410003368804698423DD33B6830601A68B2FAA0
:1094200082F252092068A9EB0801FEF735FAFFF72E
:1094300083F9002800F0CD80002269462068FEF7FD
:1094400065F80028D9D0009B0298002BC0F2A880B4
:10945000DDF80880D8F814301BB108F10400FDF7DE
:1094600003FEFFF777F933688146984224D3009BC7
:10947000C6F80090013B082BDED8DFE803F0252575
:109480008169882525816900DB684FF0FF31186804
:10949000FFF764FF2B681A68002AF5D13A68C6F80E
:1094A00000802A603B60FFF747F9C5E7DB684FF0B3
:1094B000FF311868FFF752FF2B681A68002AF5D1B0
:1094C0003A683B602A60D2E798F82810019AD8F8E9
:1094D000180041F0010C131888F828C02CBF4FF079
:1094E000010C4FF0000C4B45C8F80430C8F8108050
:1094F00072D8A9EB020290423CD84A0711D421F05D
:10950000010188F828104046D8F82030984793E7A2
:10951000904277D84046D8F8203098475346D8F83C
:10952000180010EB030A2CBF01210021D145A9EB43
:109530000302C8F804A0C8F81080E9D2994501D206
:109540000029E7D0286808F10401FDF775FDDAE786
:1095500098F82820019B42F0010288F82820C8F8DA
:109560001830002B54D04B444B45C8F80430C8F891
:10957000108036D8386808F10401FDF75DFD5BE71F
:1095800098F8283023F0010388F8283054E798F839
:1095900028309A0732D523F0010388F828304BE7AA
:1095A000019B03999847009B002BFFF645AF4FE7BF
:1095B000DB68D3F80090FFF7B7F8FFF7CBF8336814
:1095C00080469842FFF466AF814530600FD9002293
:1095D00028E700F081F82FE74A4502D9BCF1000FD7
:1095E0008BD0286808F10401FDF726FD24E7FFF77A
:1095F000A3F841464846FFF7B1FE1DE7404600F09C
:10960000E1FA19E7386808F10401FDF715FD7AE77A
:1096100000F0C0F9FEE700BF50550320405503207D
:109620004C5503204855032010B588B0FFF760FE65
:109630000F4B1B68CBB1002407AA06A905A8CDE9EA
:109640000544FDF7DBFC02222346059C00920294B0
:10965000069C08490848079A0194FEF7A7FE074BA5
:10966000186010B1012008B010BD00F093F9FEE7BA
:1096700048550320D8E50108ED930108445503201F
:10968000002200B5074B83B001921B68013302D062
:1096900000F080F9FEE700F07DF9019B002BFCD083
:1096A00003B000BD800203204FF0E022002307201A
:1096B00010B4074C13619361236806495DF8044BAD
:1096C000A1FB03139B09013B53611061704700BF6D
:1096D0008C010320D34D62104FF0E0234FF08052F5
:1096E000C3F8042DBFF34F8FBFF36F8F704700BFD8
:1096F00008B500F04FF9044A136801331360BFF353
:109700004F8FBFF36F8F08BD8002032008B5084B51
:109710001A684AB11A68013A1A60186800B108BD9F
:10972000BDE8084000F042B900F034F9FEE700BFA0
:109730008002032010B500F02DF90446FFF716F85B
:1097400028B14FF0E0234FF08052C3F8042D20469B
:10975000BDE8104000F02AB908B5836913F8023C4F
:10976000662B02D000F016F9FEE74FF0E023D3F8A5
:10977000882D42F47002C3F8882DD3F8342F42F0BC
:109780004042C3F8342FBDE8084000F0D1B800BF14
:109790002DE9F04F4FF0113E4FF0807440E909E39E
:1097A0004FF0073340F8044C164C40F8343C40E985
:1097B00003424FF005334FF006324FF0123B40E9C1
:1097C0000F324FF0033A4FF002394FF001384FF0AB
:1097D00010374FF009364FF008354FF004346FF072
:1097E000430340E905AB40E9078940E90B6740F8CE
:1097F000305C40F8404C40F8443C40F8481DBDE81F
:10980000F08F00BF8196010800204FF0E0234FF059
:109810007F4130B585B00290D3F81C0D2F4A0190DE
:10982000C3F81C1DD3F81C3D1B0E8DF803309DF8AA
:10983000033003F0A0031370002B41D09DF80330D8
:10984000DB4313F0A00F0BD000F0A4F8FEE7029B5F
:10985000013302939DF803305B00DBB28DF80330D7
:109860009DF803301B06F2D4029B082B2BD0029AE2
:10987000C2F10702120202F4E0624FF0E023002579
:1098800001991748174C0260C3F81C1DD3F8202D0E
:1098900042F47F02C3F8202DD3F8202D42F07F42FE
:1098A000C3F8202DFFF700FF256000F061F8FEF7F8
:1098B0006DFF03952368013307D000F06BF8FEE7D6
:1098C00000F068F8FEE70022D7E700F063F8039B9A
:1098D000002BFCD0002005B030BD00BF8055032018
:1098E0007C5503208002032008B5EFF305830F2B7E
:1098F00005D90B490B4A5B5C12789A420DD84FF0A0
:10990000E023094AD3F80C3D126803F4E063934264
:1099100000D808BD00F03EF8FEE700F03BF8FEE797
:10992000F0E300E0805503207C5503200000000098
:109930000B4A1168086806C881F30B88022181F37D
:109940001488203080F30988BFF36F8F4FF0000038
:1099500080F31188104700BFAFF30080AFF30080A1
:109960004C54032000000000000000000000000034
:1099700007480068006880F3088862B661B6BFF3E4
:109980004F8FBFF36F8F66DF00BF00BFAFF3008064
:1099900008ED00E0EFF311804FF0A00181F3118892
:1099A000BFF34F8FBFF36F8F704700BF80F31188F5
:1099B000BFF34F8FBFF36F8F704700BF00000000F1
:1099C000EFF309801EF0100F08BF20ED108AEFF3AF
:1099D0000B82734620E9FC0F114A116808604FF0B2
:1099E000A00080F31188BFF34F8FBFF36F8FFEF796
:1099F000CDFE4FF0000080F31188094A1168086815
:109A0000B0E8FC0F13F0100F08BFB0EC108A82F31F
:109A10000B8880F309881847AFF30080AFF300800C
:109A20004C54032000000000000000000000000073
:109A30001EF0040F0CBFEFF30880EFF30980044918
:109A4000084700BFAFF30080AFF30080AFF30080A2
:109A50005997010810B4154B1A461B688342FBD373
:109A60005468416802EB040C604513D04418A342CB
:109A700006D00360824218BF10605DF8044B704747
:109A80000B4C2468A342F4D0D3E900342144036092
:109A90004160EFE72144501883425160EDD1044802
:109AA00000688342E9D01046EEE700BF98550320D6
:109AB00094550320F8B53D4E0446FEF735FE336855
:109AC000002B52D0631E0A332ED814F0070304F182
:109AD000080121D1002927DB354F3D688D4223D372
:109AE000344B18461C6803E0236823B120461C460B
:109AF00062688A42F8D33368A34215D023680668A7
:109B00000360531A102B06F1080617D96018420794
:109B10000FD0FFF73FFFFEE7A3F109028A4203D30C
:109B20001034E11A0029D7DCFEF706FE0026304685
:109B3000F8BD43606160FFF78DFF626800201E4B37
:109B4000AD1A196842F000428D421C4938BF1D60B1
:109B50000B686260013320600B603D60FEF7ECFD36
:109B60007307E4D0FFF716FFFEE7154A510719D037
:109B7000D11D21F0070102F5C052531A0A460020F8
:109B80000B44083B23F007030A4D9A1AC5E900105D
:109B90003360C3E90000C1E900320749044B0A60A1
:109BA0001A608FE711464FF4C053E8E7945503203D
:109BB00090550320985503208C5503208855032089
:109BC000A055032070B150F8043C10B5002B04469A
:109BD00005DA50F8082C32B1FFF7DCFEFEE7FFF79C
:109BE000D9FEFEE7704723F0004340F8043CFEF73F
:109BF0009BFD094A54F8043C1168A4F108000B4489
:109C00001360FFF727FFBDE81040044A13680133D3
:109C10001360FEF791BD00BF9055032084550320CB
:109C200008B5012217491848FCF732FCA8B91749B2
:109C30001548FCF743FCC0B9002215491248FCF74F
:109C4000C3FBE0B9012213490F48FCF7BDFB98B9EB
:109C50000D48FCF749FC58B908BDE7F769FB0B490B
:109C60000948FCF72BFC0028E6D0E7F761FBE3E7A7
:109C7000BDE80840E7F75CBBE7F75AFBE8E7E7F722
:109C800057FBDFE7CC020320A06D0320B8010320BF
:109C900084020320E802032000207047212819D005
:109CA000222810B50AD0202806D1124B0C688888CB
:109CB0008A791C6098809A71002010BD498811F043
:109CC000010110D00C4B1B68002BF5D000210B4874
:109CD0009847F1E7074B18689A889B7908608A8053
:109CE00000208B717047064B1B68002BE4D00348A3
:109CF0009847E1E7787003209C410320A06D032082
:109D0000984103200B4B1B6893B1002100B583B031
:109D1000186801AA0191FFF755FA019B2BB14FF08A
:109D2000E0234FF08052C3F8042D002003B000BDA3
:109D300000207047847003202DE9F04700240A6852
:109D400082B001942AB30F46804642F20206314D9A
:109D5000DFF8D4900AE00021D9F80030298013B14F
:109D60002D4898473A680134A24212D92B88B34251
:109D7000F1D818F804100A29F5D00029F3D00D29DC
:109D80000FD0264A0134D1543A680133A2422B80C5
:109D9000ECD804212048FCF761FB002002B0BDE8AC
:109DA000F087013B9BB2B34210D8DFF880A0DAF80D
:109DB00000305BB11868FDF785FE2B8802339842AE
:109DC00007D2174A9368013393603A6800232B80C7
:109DD000C9E7DAF80030022218680E490023FDF7BF
:109DE0002DFFDAF8002000230C4910682A88FDF7BF
:109DF00025FF0C4B00211B6801AA1868FFF7E2F948
:109E0000019B2BB14FF0E0234FF08052C3F8042D9B
:109E10003A68DBE780700320A06D0320BC8F02202E
:109E20007401032088700320A04103208C7003205C
:109E300008B54FF40062002305490648FCF7CEFA46
:109E4000002205490348FCF7D7FA002008BD00BFEF
:109E5000C0AF0220A06D0320C0B7022030B4044B75
:109E6000044C054D20602A60196030BC704700BF6B
:109E7000887003208C70032084700320054BD3F876
:109E8000BC322BB1D3F83402003818BF0120704720
:109E900001207047A06D0320054810B5D0F8BC42E2
:109EA000842100F019FA14B10023C4F8343210BD33
:109EB000A06D032038B50A4CD4F8BC3213B1D3F8E6
:109EC00034520DB1012038BD2B460A4601462046CA
:109ED000FCF784FA29462046BDE83840FCF798BADA
:109EE000A06D0320122301480B807047B8020320A5
:109EF000042301480B807047B402032008B50A46CA
:109F000002480349FCF7B2FE014808BDE0E501083C
:109F10009070032008B50A4602480349FCF7A6FEE4
:109F2000014808BDFCE501089070032008B50A4609
:109F300002480349FCF79AFE014808BD14E60108EF
:109F40009070032008B50A4602480349FCF78EFECC
:109F5000014808BD20E601089070032010B51A24BE
:109F60001A48D0F89035D0F898250C809B1801D16C
:109F7000174810BD164A00241146D0F8940502F186
:109F8000100E4FEA137CB3F1204F34BF0CF1300CAC
:109F90000CF1370C81F802C0CC7002318E454FEACB
:109FA0000313EED14FF0000C0A49030FB0F1204F1C
:109FB00034BF30333733937482F813C00232914286
:109FC0004FEA0010F1D1024810BD00BF0000FA0BAB
:109FD00098020320A0020320D0F8BC322DE9F04102
:109FE000D3F84C520446D3F82002EB6D0F2803F14E
:109FF000010382B0EB6508D8032502212046FCF757
:10A000002DFA284602B0BDE8F08105F154080F464C
:10A0100016464146E86C01AAFDF7B2FB0128EBD1D8
:10A020006B6D394620463288FCF732F8286D0023E4
:10A03000414601AAFDF70CFA0025DEE7D0F8BC3254
:10A0400010B50446D3F84C0200F0D0F90020A4F873
:10A050008C01208710BD00BFF8B505460F460120D2
:10A060007421164600F09EF90446012300220C4993
:10A070000C48FCF7B3F901220B490A48FCF7BCF97C
:10A08000D5F8BC223CB10023C4E913761846C2F8C7
:10A090004C426365F8BD0320C2F84C42F8BD00BFD6
:10A0A00050730320A06D03209073032038B5D0F8BF
:10A0B000BC5275B1D5F838420CB1012038BD1346F9
:10A0C0000A460121C5F83812812100F049F92046DD
:10A0D00038BD032038BD00BFF8B5D0F8D85200F520
:10A0E000267605F2AA27044631463846FCF7A6FD37
:10A0F00095F8AA32C02B0CD0C12B06D03146D4F82B
:10A10000D802BDE8F840FCF701BAB5F8AC32012B33
:10A11000F4D839462846FBF775FE0328EED0F8BD83
:10A1200001EB810300EBC303D3F86421D0F8D8021C
:10A13000FCF724BA01EB810300EBC3035A6AD0F8A1
:10A14000D802FCF74FBA00BFD0F8D802FCF7EEBA3D
:10A1500010B543790446022B01D0E7F7E9F8D4F8AB
:10A16000D8020121FCF7C6FAD4F8D802BDE81040A5
:10A17000FCF794BA10B50446D0F8D802FCF7BEFA42
:10A18000637A23B1024A136943F00603136110BDD9
:10A1900000ED00E010B5437A04462BB9D4F8D8029C
:10A1A000BDE81040FCF7B6BA064A136923F006036F
:10A1B0001361E6F7E1FCD4F8D802BDE81040FCF7E3
:10A1C000A9BA00BF00ED00E038B52E4D0446C5F831
:10A1D000D802C0F8CC52F7F7FBFB40F2052102226F
:10A1E00000232948A98028602846C5F80720EB727B
:10A1F000F6F70AFC002842D100222D791146EB0027
:10A20000D4F8CC02F7F76CFB4023002203EBC50324
:10A210008021D4F8CC02F7F763FB8023002203EB04
:10A22000C5038421D4F8CC02F7F75AFBC0230022DF
:10A2300003EBC5030421D4F8CC02F7F751FB4FF42C
:10A240008073002203EBC5038321D4F8CC02F7F717
:10A2500047FB4FF48473002203EBC5038121D4F83C
:10A26000CC02F7F73DFB4FF4A47300220221D4F88F
:10A27000CC0203EBC503F7F733FB002038BDE7F74B
:10A2800057F8B9E7A422032000D4004008B5D0F85D
:10A29000CC02F6F707FC18B102280CBF01200320FE
:10A2A00008BD00BF944608B51A46D0F8CC026346F4
:10A2B000F7F7E4F918B102280CBF0120032008BD0C
:10A2C00008B5D0F8CC02F7F711FA18B102280CBF84
:10A2D0000120032008BD00BF08B5D0F8CC02F7F775
:10A2E000E1FA18B102280CBF0120032008BD00BF0D
:10A2F00008B5D0F8CC02F7F765FA18B102280CBF00
:10A300000120032008BD00BF08B5D0F8CC02F7F744
:10A3100091FA18B102280CBF0120032008BD00BF2C
:10A320000A06D0F8CC3206D401EB810103EBC1035D
:10A3300093F85201704701F07F0101EB810103EBBB
:10A34000C103987C704700BF08B5D0F8CC02F7F77E
:10A3500081F918B102280CBF0120032008BD00BFFD
:10A3600008B5D0F8CC02F7F711FA18B102280CBFE3
:10A370000120032008BD00BF08B5D0F8CC02F7F7D4
:10A38000E3F918B102280CBF0120032008BD00BF6B
:10A39000D0F8CC02F7F7F0B90048704710740320EA
:10A3A000704700BF024B0A460146186800F002B829
:10A3B000F802032070B5A1FB025434B9294600F01D
:10A3C0003FF8064628B9304670BD0C2200260260D0
:10A3D000F9E72A46214600F0BFF8F4E7024B0146B0
:10A3E000186800F02DB800BFF8020320024B0146A8
:10A3F000186800F061B900BFF802032070B50F4E75
:10A400000C460546316811B900F00CF93060214660
:10A41000284600F007F9431C03D14FF0FF342046D3
:10A4200070BDC41C24F00304A042F8D0211A2846B1
:10A4300000F0F8F80130F2D1EFE700BF64760320B6
:10A440002DE9F843CD1C064625F0030508350C2DF3
:10A4500038BF0C25002D01DBA94204D90C23336041
:10A460000020BDE8F883DFF8D48000F069F8D8F860
:10A4700000301C4644BB29463046FFF7BFFF431C53
:10A48000044658D1D8F800402746002F43D1002C6D
:10A490004BD023683946304604EB030900F0C2F87C
:10A4A000814542D1216830466D1A2946FFF7A6FF43
:10A4B00001303AD023682B442360D8F800305A6822
:10A4C00062BBC8F800700FE02268521B20D40B2A30
:10A4D00017D96119A342256018BF5960636808BF86
:10A4E000C8F8001062514B60304600F02FF804F1BC
:10A4F0000B00231D20F00700C21A1CBF1B1AA3501B
:10A50000AFE76268A3420CBFC8F800205A60EBE7CF
:10A5100023466468AEE73C467F68B6E71A465B6848
:10A52000A342FBD100235360DEE70C2330463360A7
:10A5300000F00CF894E70560D6E700BF68760320CA
:10A54000014800F0A9B800BFA8770320014800F037
:10A55000A4B800BFA877032002440346934200D169
:10A56000704703F8011BF9E72D4B1B68834270B558
:10A57000044653D0C3691BB3DB6863B10025E369AC
:10A58000DB685959B1B90435802DF8D1E36920460B
:10A59000D96800F091F8E369196811B1204600F01C
:10A5A0008BF8E3699D685DB1294620462D6800F06F
:10A5B00083F8F8E70E68204600F07EF83146E1E7C0
:10A5C000616911B1204600F077F8E16911B12046C8
:10A5D00000F072F8216B11B1204600F06DF8616B4C
:10A5E00011B1204600F068F8A16B11B1204600F0CF
:10A5F00063F8A16C11B1204600F05EF8616C11B1F6
:10A60000204600F059F8E16A11B1204600F054F8F4
:10A61000236A1BB12046BDE87040184770BD00BFDB
:10A62000F802032038B50023054D044608462B6088
:10A63000F4F78EF9431C02D12B6803B1236038BDB7
:10A64000A4770320014B1868704700BFF80203206D
:10A6500070B50D4B00260D4D5B1B9C10A64209D119
:10A660000B4D00F073F80B4B00265B1B9C10A642B1
:10A6700005D170BD55F8043B01369847EEE755F813
:10A68000043B01369847F2E76C1302086C1302088A
:10A690006C13020870130208704770470A44431E87
:10A6A000914200D1704710B511F8014B914203F867
:10A6B000014FF9D110BD000038B50546002941D041
:10A6C00051F8043C0C1F002BB8BFE418FFF738FF0B
:10A6D0001D4A136833B9636014602846BDE83840EA
:10A6E000FFF734BFA34208D9206821188B4201BF6D
:10A6F00019685B6809182160EDE71A465B680BB1C1
:10A70000A342FAD911685018A0420BD12068014425
:10A71000501811608342E0D118685B6808445360A8
:10A720001060DAE702D90C232B60D6E720682118E5
:10A730008B4202BF19685B680918636008BF21601B
:10A740005460CAE738BD00BF68760320F8B500BF83
:10A75000F8BC08BC9E467047F8B500BFF8BC08BC02
:10A760009E467047000000005FF800F04903032098
:10A7700078A701080B001000000000000000000096
:10A7800000000000000000000000000000000000C9
:10A79000000000000000000000000C000C000C0095
:10A7A0000C000C000C000C000C0000000C00000061
:10A7B0000000000000000000000000001DC01DC0DF
:10A7C00008800880088000000000000000000000F1
:10A7D000000000000000000000000D800D800D80D2
:10A7E0000D803FC01B003FC01B001B001B001B0057
:10A7F000000000000000000004001F803180318054
:10A8000038001E000F000380318031803F000400BB
:10A8100004000000000000000000180024002400D4
:10A8200018C007801E0031800240024001800000F5
:10A830000000000000000000000000000F001800F1
:10A84000180018000C001D80370033001D80000028
:10A8500000000000000000000000000007000700EA
:10A8600002000200020000000000000000000000E2
:10A8700000000000000000000000030003000600CC
:10A880000E000C000C000C000C000E000600030073
:10A8900003000000000000000000180018000C0079
:10A8A0000600060006000600060006000C001C005C
:10A8B00018000000000000000000060006003FC075
:10A8C0003FC00F001F801980000000000000000042
:10A8D0000000000000000000000000000000040074
:10A8E000040004003F800400040004000000000095
:10A8F0000000000000000000000000000000000058
:10A9000000000000000000000000060004000C0031
:10A910000800080000000000000000000000000027
:10A92000000000003F800000000000000000000068
:10A930000000000000000000000000000000000017
:10A94000000000000000000000000C000C000000EF
:10A95000000000000000000000C000C00180018075
:10A960000300030006000C000C0018001800300063
:10A97000300000000000000000000E001B003180CD
:10A98000318031803180318031801B000E00000029
:10A990000000000000000000000006003E0006006D
:10A9A0000600060006000600060006003FC0000084
:10A9B000000000000000000000000F00198031803E
:10A9C0003180030006000C00180030003F800000BA
:10A9D000000000000000000000003F0061800180D6
:10A9E00003001F0003800180018061803F000000A0
:10A9F00000000000000000000000070007000F003A
:10AA00000B001B00130033003F8003000F80000089
:10AA1000000000000000000000001F801800180067
:10AA200018001F0011800180018021801F0000009C
:10AA30000000000000000000000007801C0018005B
:10AA40003000370039803180318019800F000000DC
:10AA5000000000000000000000007F004300030031
:10AA600006000600060006000C000C000C000000AA
:10AA7000000000000000000000001F003180318055
:10AA800031801F0031803180318031801F00000013
:10AA9000000000000000000000001E0033003180B4
:10AAA000318033801D800180030007003C000000DE
:10AAB0000000000000000000000000000000000096
:10AAC0000C000C000000000000000C000C00000056
:10AAD0000000000000000000000000000000000076
:10AAE000030003000000000000000600040008004E
:10AAF00008000000000000000000000000C003008B
:10AB000004001800600018000400030000C00000EA
:10AB10000000000000000000000000000000000035
:10AB200000007FC000007FC00000000000000000A7
:10AB3000000000000000000000000000600018009D
:10AB40000400030000C003000400180060000000BF
:10AB50000000000000000000000000001F00318025
:10AB60003180018007000C000C0000000C00000088
:10AB7000000000000000000000000E001100210095
:10AB800021002700290029002700200011000E00C5
:10AB90000000000000000000000000003F000F0067
:10ABA0000900198019801F8030C030C079E0000092
:10ABB0000000000000000000000000007F00318065
:10ABC000318031803F003180318031807F00000052
:10ABD0000000000000000000000000001F4030C026
:10ABE0006040600060006000604030801F00000036
:10ABF0000000000000000000000000007F00318025
:10AC000030C030C030C030C030C031807F00000064
:10AC10000000000000000000000000007F80308085
:10AC2000308032003E003200308030807F80000073
:10AC30000000000000000000000000007FC0304065
:10AC4000304032003E003200300030007C00000016
:10AC50000000000000000000000000001E803180A5
:10AC600060806000600067C0618031801F0000006C
:10AC70000000000000000000000000007BC03180E8
:10AC8000318031803F803180318031807BC0000055
:10AC90000000000000000000000000003FC00600AF
:10ACA0000600060006000600060006003FC0000081
:10ACB0000000000000000000000000001FC00300B2
:10ACC0000300030003006300630063003E00000014
:10ACD0000000000000000000000000007BC0318088
:10ACE000330036003C003E003300318079C0000064
:10ACF0000000000000000000000000007E001800BE
:10AD00001800180018001840184018407FC00000B4
:10AD1000000000000000000000000000E0E060C053
:10AD200071C07BC06AC06EC064C060C0FBE0000040
:10AD300000000000000000000000000073C031802F
:10AD400039803D80358037803380318079800000C4
:10AD50000000000000000000000000001F00318023
:10AD600060C060C060C060C060C031801F00000073
:10AD70000000000000000000000000007F003180A3
:10AD80003180318031803F00300030007E00000093
:10AD90000000000000000000000000001F003180E3
:10ADA00060C060C060C060C060C031801F000CC067
:10ADB0001F80000000000000000000007F003180C4
:10ADC000318031803E003300318031807CE00000F2
:10ADD0000000000000000000000000001F80318023
:10ADE000318038001F000380318031803F00000037
:10ADF0000000000000000000000000007F804C8088
:10AE00004C804C800C000C000C000C003F0000003B
:10AE10000000000000000000000000007BC0318046
:10AE20003180318031803180318031801F000000DD
:10AE30000000000000000000000000007BC0318026
:10AE400031801B001B001B000A000E000E000000DA
:10AE5000000000000000000000000000FBE060C0F7
:10AE600064C06EC06EC02A803B803B803180000091
:10AE70000000000000000000000000007BC03180E6
:10AE80001B000E000E000E001B0031807BC0000076
:10AE900000000000000000000000000079E030C069
:10AEA00019800F0006000600060006001F80000043
:10AEB0000000000000000000000000003F80218032
:10AEC0002300060004000C00188030803F80000042
:10AED00000000000000000000000078006000600DF
:10AEE0000600060006000600060006000600060032
:10AEF000078000000000000030003000180018003B
:10AF00000C000C000600030003000180018000C05B
:10AF100000C000000000000000001E000600060047
:10AF200006000600060006000600060006000600F1
:10AF30001E0000000000000004000A000A001100CA
:10AF400020802080000000000000000000000000C1
:10AF500000000000000000000000000000000000F1
:10AF600000000000000000000000000000000000E1
:10AF7000000000000000FFE00800040002000000E4
:10AF800000000000000000000000000000000000C1
:10AF900000000000000000000000000000000000B1
:10AFA0001F00018001801F80318033801DC00000A0
:10AFB00000000000000000000000700030003000C1
:10AFC0003700398030C030C030C039807700000091
:10AFD0000000000000000000000000000000000071
:10AFE0001E80318060806000608031801F00000022
:10AFF00000000000000000000000038001800180CC
:10B000001D80338061806180618033801DC00000BD
:10B010000000000000000000000000000000000030
:10B020001F00318060C07FC0600030C01F80000002
:10B030000000000000000000000007E00C000C0011
:10B040003F800C000C000C000C000C003F80000046
:10B0500000000000000000000000000000000000F0
:10B060001DC0338061806180618033801D800180DC
:10B0700001801F0000000000000070003000300060
:10B080003700398031803180318031807BC00000D1
:10B0900000000000000000000000060006000000A4
:10B0A0001E00060006000600060006003FC0000065
:10B0B0000000000000000000000006000600000084
:10B0C0003F0003000300030003000300030003002C
:10B0D00003003E000000000000007000300030005F
:10B0E000378036003C003C003600330077C000005B
:10B0F000000000000000000000001E000600060026
:10B100000600060006000600060006003FC000001C
:10B11000000000000000000000000000000000002F
:10B120007F8036C036C036C036C036C076E00000FC
:10B13000000000000000000000000000000000000F
:10B140007700398031803180318031807BC00000D0
:10B1500000000000000000000000000000000000EF
:10B160001F00318060C060C060C031801F000000DF
:10B1700000000000000000000000000000000000CF
:10B180007700398030C030C030C03980370030009F
:10B1900030007C0000000000000000000000000003
:10B1A0001DC0338061806180618033801D8001809B
:10B1B000018007C000000000000000000000000047
:10B1C0007B801CC018001800180018007F000000C9
:10B1D000000000000000000000000000000000006F
:10B1E0001F8031803C001F00038031803F00000041
:10B1F0000000000000000000000018001800180007
:10B200007F00180018001800180018800F000000B8
:10B21000000000000000000000000000000000002E
:10B220007380318031803180318033801DC00000D7
:10B23000000000000000000000000000000000000E
:10B240007BC0318031801B001B000E000E0000000F
:10B2500000000000000000000000000000000000EE
:10B26000F1E060C064C06EC03B803B803180000074
:10B2700000000000000000000000000000000000CE
:10B280007BC01B000E000E000E001B007BC00000E8
:10B2900000000000000000000000000000000000AE
:10B2A00079E030C0198019800B000F0006000600FD
:10B2B0000C003E0000000000000000000000000044
:10B2C0003F80218003000E00180030803F80000086
:10B2D0000000000000000000000006000C000C0050
:10B2E0000C000C000C0018000C000C000C000C00F2
:10B2F0000600000000000000000006000600060036
:10B30000060006000600060006000600060006000D
:10B31000060000000000000000000C00060006000F
:10B3200006000600060003000600060006000600F0
:10B330000C00000000000000000000000000000001
:10B34000000018002480030000000000000000003E
:10B3500000000000000000004572726F72207072E1
:10B360006F63657373696E6720555342204275663B
:10B370006665722E0D0000000700000052414D4E20
:10B380005F47535553425F53656E645175657565EC
:10B390000000000052414D4E5F47535553425F50ED
:10B3A0006F6F6C51756575650000000052414D4E20
:10B3B0005F47535553425F526563765175657565B6
:10B3C0000000000052414D4E5F54785461736B325F
:10B3D0000000000052414D4E5F52785461736B3251
:10B3E0000000000052414D4E5F53656E645553425C
:10B3F0000000000052414D4E5F446961675458009F
:10B4000052414D4E5F4469616752580052414D4E62
:10B410005F4572726F725461736B000052414D4E02
:10B420005F506572696F64696300000052414D4E60
:10B430005F53656E6443414E0000000052414D4E23
:10B440005F5265636569766543414E0052414D4EDA
:10B450005F52656365697665555342004572726F48
:10B46000722067656E65726174696E6720657870B9
:10B4700065637465642062697473747265616D0DCF
:10B48000000000004672616D6520746F6F20736864
:10B490006F72740D000000004E6F742061207661A1
:10B4A0006C696420534F460D00000000534F462046
:10B4B00020202020202020207C20300D00000000B3
:10B4C0004944202020202020202020207C20000013
:10B4D00020283078000000005254522F535252203E
:10B4E000202020207C2000000D0000004944452041
:10B4F00020202020202020207C2000004672616D2A
:10B500006520746F6F2073686F72742E0D000000D9
:10B5100049445F4558542020202020207C200000F2
:10B520005254522020202020202020207C20000067
:10B530007231202020202020202020207C2000008C
:10B540007230202020202020202020207C2000007D
:10B55000444C432020202020202020207C2000005C
:10B560004672616D6520746F6F2073686F7274200E
:10B57000666F7220646C632E0D00000044415441DC
:10B5800020202020202020207C2000004352432027
:10B5900020202020202020207C20000029200000C6
:10B5A000435243204F4B0D00435243204241440D30
:10B5B000000000005441494C202020202020202061
:10B5C0007C20000074726967000000006E6F7700D5
:10B5D0007472696767657200616E790069646C6591
:10B5E000000000005761726E696E673A2043414E59
:10B5F000204944203E203746462C20656E61626C0F
:10B60000696E6720657874656E6465640D0000007E
:10B610007072657363616C65720000006269745FCB
:10B620007175616E7461000073616D706C696E6735
:10B630005F7175616E746100657874656E646564D0
:10B6400000000000300000004572726F723A2074F2
:10B6500072696767657220726571756972657320BA
:10B66000657874656E6465642049440D00000000CF
:10B67000310000007274720074696D656F7574003A
:10B680000D74696D656F75742000000020286D735E
:10B690007E290D00747269672000000020286E6FFB
:10B6A000772900002028616E79290000202869642C
:10B6B0006C6529000D657874656E64656420000012
:10B6C0000D727472200000000D0D43414E2054692C
:10B6D0006D696E672073657474696E67733A0D7077
:10B6E00072657363616C6572200000000D6269749D
:10B6F0005F7175616E746120000000000D73616DF3
:10B70000706C696E675F7175616E74612000000016
:10B7100054696D656F75742076616C756520746F02
:10B720006F2073686F72742E0D0000005472696789
:10B730006765722054696D656F75742E0D00000089
:10B740004572726F723A2074726967676572206E13
:10B750006F7420636F6D70617469626C65207769C6
:10B7600074682074686973206D6F64756C652E0D44
:10B77000000000004572726F723A20547269676768
:10B7800065722054696D656F75742E0D00000000A0
:10B79000436F756C64206E6F7420646574656374A8
:10B7A00020454F460D000000426974207374726991
:10B7B0006E6720746F6F2073686F72740D000000E5
:10B7C0002028526177290D004241442053545546A8
:10B7D00046494E470D000000202844657374756685
:10B7E000666564290D0D00005761726E696E673AD7
:10B7F00020796F752073686F756C64207573652090
:10B80000746865202769646C6527207472696767AE
:10B8100065722E0D00000000496E76616C6964202F
:10B82000747269676765722E0D0000005472696753
:10B830006765722074696D656F75742E0D00000068
:10B840003331303130323234303100003331303145
:10B850003032323430300000436F6D6D616E6420E1
:10B86000746F6F206C6F6E672E0D00000D3E0D0023
:10B87000200000004E6F20636F6D6D616E64206666
:10B880006F756E642E2054797065202268656C7027
:10B890002220666F722068656C702E0D000000001B
:10B8A00068656C700000000048656C700000000066
:10B8B00048454C50000000006D616E007468656D75
:10B8C000650000002D2D2D2D2D2D2D2D2D2D2D2DF7
:10B8D0002D2D2D2D2D2D2D2D2D2D2D2D2D2D2D2D98
:10B8E0002D2D2D2D2D2D2D2D2D2D2D2D2D2D2D2D88
:10B8F0002D2D2D2D2D2D2D2D2D2D2D2D2D2D2D2D78
:10B900002D0D00002020202020202020202020207D
:10B910002020202020202020202052414D4E204356
:10B920006F6D6D616E642048656C700D00000000E5
:10B93000436F6D6D616E643A207468656D650D00CE
:10B940004465736372697074696F6E3A0D0000002C
:10B95000202020205365742074686520636F6C6F0D
:10B9600072207468656D6520666F7220746865204A
:10B97000646576696365204C434420736372656532
:10B980006E2E0D0055736167653A0D002020202052
:10B990007468656D65203C7468656D655F6E756D76
:10B9A0006265723E0D0000004F7074696F6E733AED
:10B9B0000D000000202020203C7468656D655F6EDE
:10B9C000756D6265723E202020546865207468653C
:10B9D0006D65206E756D62657220746F20626520E2
:10B9E0007365742C2072616E67696E672066726F72
:10B9F0006D203120746F20372E0D00004578616D69
:10BA0000706C65733A0D0000202020202D20546FAB
:10BA100020736574207468652064657669636520A9
:10BA20004C43442073637265656E207468656D6570
:10BA300020746F207468656D65206E756D62657227
:10BA400020332C20656E7465723A0D002020202072
:10BA500020207468656D6520330D0000656E61629D
:10BA60006C650000436F6D6D616E643A20656E61B8
:10BA7000626C650D0000000020202020456E616290
:10BA80006C652074686520706F77657220737570BF
:10BA9000706C79206F6620616E6F746865722045E6
:10BAA00043552028422C20432C206F722044292EFD
:10BAB0000D00000020202020656E61626C65203C36
:10BAC0004543553E0D000000202020203C454355B5
:10BAD0003E2020205468652045435520746F206225
:10BAE0006520656E61626C65642C206964656E74A6
:10BAF00069666965642062792061206C657474658B
:10BB0000722028422C20432C206F722044292E0DB5
:10BB100000000000202020202D20546F20656E6141
:10BB2000626C652045435520422C207573653A0DA3
:10BB300000000000202020202020656E61626C65DE
:10BB400020420D00202020202D20546F20656E61A2
:10BB5000626C652045435520432C207573653A0D72
:10BB600000000000202020202020656E61626C65AE
:10BB700020430D00202020202D20546F20656E6171
:10BB8000626C652045435520442C207573653A0D41
:10BB900000000000202020202020656E61626C657E
:10BBA00020440D00202020202D20546F20656E6140
:10BBB000626C652045435520422C20432C204420B4
:10BBC0006174206F6E63652C207573653A0D0000FB
:10BBD000202020202020656E61626C652042434455
:10BBE0000D00000064697361626C6500436F6D6DE8
:10BBF000616E643A2064697361626C650D000000D7
:10BC00002020202044697361626C6520746865207F
:10BC1000706F77657220737570706C79206F662015
:10BC2000616E6F74686572204543552028422C2050
:10BC3000432C206F722044292E0D0000202020204C
:10BC400064697361626C65203C4543553E0D00009C
:10BC5000202020203C4543553E202020546865206C
:10BC600045435520746F2062652064697361626C7E
:10BC700065642C206964656E746966696564206218
:10BC8000792061206C65747465722028422C2043F1
:10BC90002C206F722044292E0D000000202020202F
:10BCA0002D20546F2064697361626C652045435593
:10BCB00020422C207573653A0D00000020202020C2
:10BCC000202064697361626C6520420D00000000F1
:10BCD000202020202D20546F2064697361626C65E0
:10BCE0002045435520432C207573653A0D00000014
:10BCF00020202020202064697361626C6520430D40
:10BD000000000000202020202D20546F2064697343
:10BD100061626C652045435520442C207573653A5B
:10BD20000D00000020202020202064697361626CD7
:10BD30006520440D00000000202020202D20546F9D
:10BD40002064697361626C652045435520422C2054
:10BD5000432C2044206174206F6E63652C20757322
:10BD6000653A0D0020202020202064697361626CF8
:10BD700065204243440D00004E6F2068656C7020C2
:10BD80007061676520666F756E6420666F722074DF
:10BD900068697320636F6D6D616E642E0D00000025
:10BDA000456E64206F6620636F6D6D616E64206800
:10BDB000656C7020706167652E2054797065202253
:10BDC00068656C702220776974686F757420617281
:10BDD00067756D656E7420666F7220746865206784
:10BDE000656E6572616C2068656C70207061676556
:10BDF0002E0D00005468697320696E746572666167
:10BE0000636520616C6C6F777320796F7520746F38
:10BE100020696E7465726163742077697468207636
:10BE20006172696F75732052414D4E2066756E6365
:10BE300074696F6E7320616E6420636F6E74726FCD
:10BE40006C20746865206465766963652773206F6C
:10BE50007065726174696F6E73207468726F756754
:10BE600068206120736574206F6620636F6D6D615B
:10BE70006E64732E0D547970652027622720746FCD
:10BE800020676F206261636B20746F20736C636145
:10BE90006E206D6F64652E00436F6D6D616E64730F
:10BEA0003A0D0000202020202D20617361703A207F
:10BEB000496D6D6564696174656C79206F76657232
:10BEC00077726974652064617461206F66204341F4
:10BED0004E206672616D6573207769746820737097
:10BEE000656369666965642043414E2049442E209C
:10BEF00055736167653A2061736170203C63616EC0
:10BF00005F69645F6865783E205B646174615F6847
:10BF100065785D2E0D000000202020202D2063611B
:10BF20006E3A207570646174652045435520412048
:10BF300043414E2073657474696E67733A20707262
:10BF4000657363616C65722C2074736567312C2096
:10BF500074736567322C20736A772C206175746F57
:10BF600072657472792C207472616E736D6974706D
:10BF7000617573652C206175746F7265636F76658A
:10BF8000722C2061636B2E204578616D706C653A70
:10BF9000202763616E2061636B2030272E0D000027
:10BFA000202020202D20636C6561723A20436C654F
:10BFB00061727320796F75722073657269616C208C
:10BFC0007465726D696E616C2E0D0000202020205A
:10BFD0002D2064697361626C653A20446973616203
:10BFE0006C652074686520706F776572207375705A
:10BFF000706C7920666F7220616E6F746865722054
:10C000004543552E2055736167653A206469736115
:10C01000626C65203C4543553E2E0D0020202020BB
:10C020002D20656E61626C653A20456E61626C65BB
:10C030002074686520706F77657220737570706CFE
:10C040007920666F7220616E6F7468657220454357
:10C05000552E2055736167653A20656E61626C6587
:10C06000203C4543553E2E0D00000000202020209E
:10C070002D20657869743A20457869742074686960
:10C080007320646562756720696E746572666163AA
:10C090006520616E642072657665727420746F200D
:10C0A000736C63616E206D6F64652E2055736167DC
:10C0B000653A20657869742E0D000000202020204C
:10C0C0002D20666C6F6F643A20666C6F6F6420621F
:10C0D000757320776974682070726F76696465641F
:10C0E0002043414E206672616D652E205573616755
:10C0F000653A20666C6F6F64203C63616E5F6964B3
:10C100005F6865783E205B646174615F6865785D37
:10C110002E0D0000202020202D2068656C703A2014
:10C12000446973706C61792067656E6572616C201B
:10C1300068656C702C206F722068656C7020666F6B
:10C1400072206120737065636966696320636F6D37
:10C150006D616E64207768656E20617661696C61DF
:10C16000626C652E2055736167653A2068656C7056
:10C17000203C636F6D6D616E643E2E0D000000000B
:10C18000202020202D20623A20416C6961732066B6
:10C190006F72207468652022657869742220636F4D
:10C1A0006D6D616E642E0D00202020202D20717594
:10C1B00069743A20416C69617320666F72207468FB
:10C1C000652022657869742220636F6D6D616E64ED
:10C1D0002E0D0000202020202D2072616E646F6DD6
:10C1E000697A653A2052616E646F6D697A65206282
:10C1F0006F6F742064656C61797320746F20707246
:10C200006576656E7420454355206265696E6720CA
:10C2100073796E6368726F6E697A65642E205573E8
:10C220006167653A2072616E646F6D697A652E0D83
:10C2300000000000202020202D2073696C656E63B3
:10C24000652F74616C6B203C4543553E3A20557315
:10C25000652055445320746F2061736B204543550E
:10C2600020746F2073746F70207472616E736D69C7
:10C270007474696E6720706572696F646963616C5C
:10C280006C792028627574206B656570206C697309
:10C2900074656E696E67292E0D0000002020202035
:10C2A0002D207265736574203C4543553E3A2050FD
:10C2B0006F7765722D5265736574207468652064AC
:10C2C00065766963652E2055736167653A207265EE
:10C2D000736574206F72207265736574203C4543EA
:10C2E000553E2E0D00000000202020202D207265DC
:10C2F00073657463616E203C4543553E3A2053613B
:10C300006D652061732061626F76652062757420AF
:10C310006F6E6C7920666F722043414E207065729B
:10C320006970686572616C732E0D000020202020FA
:10C330002D20736C63616E3A20416C6961732066D5
:10C340006F72207468652022657869742220636F9B
:10C350006D6D616E642E0D00202020202D207564EF
:10C3600073203C4543553E203C7061796C6F61649D
:10C370003E3A20436F6D6D616E6420746F2071755D
:10C3800069636B6C792073656E64206120756473DA
:10C39000207061796C6F61642028757020746F2043
:10C3A00037206279746573206F6E6C79292E0D00C9
:10C3B000202020202D207468656D653A2053657417
:10C3C0002074686520636F6C6F72207468656D659A
:10C3D00020666F722045435520412773204C43440B
:10C3E0002073637265656E2E2055736167653A2010
:10C3F0007468656D65203C7468656D65206E756D4B
:10C400006265723E2E0D0000202020202D207472C7
:10C4100061666669636D6F64653A2053776974631A
:10C4200068207468652043414E20747261666669B5
:10C43000632070726F66696C65206C697665206F29
:10C440006E20616C6C20454355732E2055736167D7
:10C45000653A20747261666669636D6F6465205B1E
:10C460003C64656661756C747C6A313933393E5D54
:10C470002E0D0000202020202D20706C61793A20A4
:10C48000506C617920612067616D65206F6E204579
:10C49000435520412773204C4344207363726565E4
:10C4A0006E2E2055736167653A20706C6179203C6F
:10C4B00067616D65206E756D6265723E2E0D0000C0
:10C4C000202020202D2073746F703A2053746F70D9
:10C4D00020616E79206F6E676F696E672067616D8E
:10C4E000652E2055736167653A2073746F702E0D49
:10C4F00000000000436F6D6D616E647320617265B2
:10C5000020636173652073656E7369746976652E47
:10C510000D000000496E76616C6964206E756D6275
:10C520006572206F6620617267756D656E74732E1B
:10C530002054797065202268656C7020646973618D
:10C54000626C652220666F722068656C702075735E
:10C55000696E67207468697320636F6D6D616E64C6
:10C560002E0D000043616E6E6F742064697361620A
:10C570006C652045435520412E205479706520225A
:10C5800072657365742220746F2072657365742000
:10C5900069742028616C6F6E672077697468206FFA
:10C5A000746865722045435573292E0D0000000004
:10C5B00053657474696E6720454355204220706F3F
:10C5C00077657220737570706C7920746F204F4698
:10C5D000462E0D0053657474696E672045435520DF
:10C5E0004320706F77657220737570706C7920745A
:10C5F0006F204F46462E0D0053657474696E672098
:10C60000454355204420706F7765722073757070B4
:10C610006C7920746F204F46462E0D00496E76616E
:10C620006C6964204543552E204D757374206265F6
:10C6300020412C20422C20432C206F7220442E0DB0
:10C6400000000000496E76616C6964206E756D6251
:10C650006572206F6620617267756D656E74732EEA
:10C660002054797065202268656C7020656E616267
:10C670006C652220666F722068656C702075736926
:10C680006E67207468697320636F6D6D616E642ED0
:10C690000D000000454355204120697320616C77EF
:10C6A00061797320656E61626C65642E0D00000017
:10C6B00053657474696E6720454355204220706F3E
:10C6C00077657220737570706C7920746F204F4E8F
:10C6D0002E0D000053657474696E67204543552024
:10C6E0004320706F77657220737570706C79207459
:10C6F0006F204F4E2E0D000053657474696E6720D5
:10C70000454355204420706F7765722073757070B3
:10C710006C7920746F204F4E2E0D00006173617094
:10C720000000000061736170206D6F64756C65209E
:10C7300073746F707065642E0D000000557361672F
:10C74000653A2061736170203C63616E5F69645F6C
:10C750006865783E205B646174615F6865785D0D33
:10C7600000000000496E76616C69642043414E20F0
:10C77000494420286D757374206265203C3D20304B
:10C7800078374646292E0D0061736170206672610C
:10C790006D6520757064617465642028444C433D68
:10C7A00030292E0D00000000496E76616C6964200E
:10C7B00064617461206669656C642E0D0000000080
:10C7C000617361702073706F6F66696E67206F6E42
:10C7D000676F696E67202873637265656E2077697D
:10C7E0006C6C20667265657A65290D00666C6F6FEA
:10C7F00064000000466C6F6F64696E67206D6F6443
:10C80000756C652073746F707065642E0D00000088
:10C8100055736167653A20666C6F6F64203C636195
:10C820006E5F69645F6865783E205B646174615F18
:10C830006865785D0D000000496E76616C69642062
:10C8400043414E20494420286D7573742062652051
:10C850007374616E646172642031312D6269742970
:10C860002E0D0000466C6F6F64206672616D65204E
:10C87000757064617465642028444C433D30292EF2
:10C880000D000000466C6F6F64206F6E676F696EFD
:10C8900067202873637265656E2077696C6C20660B
:10C8A0007265657A65292E0D0000000063616E00D7
:10C8B00055736167653A2063616E203C70617261F7
:10C8C0006D3E203C76616C75653E0D0043414E2007
:10C8D0007072657363616C657220757064617465F4
:10C8E000642E0D00747365673100000043414E20D3
:10C8F000545345473120757064617465642E0D0092
:10C90000747365673200000043414E20545345471D
:10C910003220757064617465642E0D00736A77004F
:10C9200043414E20534A5720757064617465642EEC
:10C930000D0000006175746F7265747279000000FB
:10C9400043414E207472616E736D697373696F6ECB
:10C95000206175746F72657472792075706461748A
:10C9600065642E0D000000007472616E736D697451
:10C97000706175736500000043414E205472616E12
:10C98000736D697450617573652075706461746549
:10C99000642E0D006175746F7265636F7665720049
:10C9A0004275734F6666206175746F207265636FA0
:10C9B0007665727920757064617465642E0D00006F
:10C9C00061636B004C697374656E2D6F6E6C7920BA
:10C9D0006D6F646520286E6F2041434B292E0D003A
:10C9E0004E6F726D616C206D6F64652028772F200B
:10C9F00041434B292E0D0000556E6B6E6F776E20F4
:10CA000043414E20706172616D657465722E0D0038
:10CA10007564730055736167653A20756473203CD3
:10CA2000427C437C447C2A3E203C6865785F706190
:10CA3000796C6F61643E2E20557365202A20666FE5
:10CA4000722062726F6164636173742E0D00000066
:10CA50002A000000420000004300000044000000E3
:10CA6000410000004572726F723A20557365207361
:10CA70006C63616E20746F2073656E64205544533F
:10CA800020636F6D6D616E647320746F2045435534
:10CA900020412E0D00000000496E76616C69642013
:10CAA0004543552E2055736520422C20432C2044AD
:10CAB0002C206F72202A2E0D00000000496E766136
:10CAC0006C6964207061796C6F61642E204D7573A0
:10CAD0007420626520312D37206279746573206877
:10CAE00065782E0D00000000554453205061796C8C
:10CAF0006F61642073656E742E0D000073696C6540
:10CB00006E63650055736167653A2073696C656E85
:10CB10006365203C427C437C447C2A3E0D0000003F
:10CB200053696C656E63696E6720616C6C20454368
:10CB30005573202862726F616463617374292E0DCE
:10CB4000000000003331303130323030000000005E
:10CB5000454355204120646F6573206E6F742073C8
:10CB60007570706F7274207468697320636F6D6D77
:10CB7000616E642E0D00000053696C656E63696E12
:10CB8000672045435520422E0D00000053696C6517
:10CB90006E63696E672045435520432E0D000000EB
:10CBA00053696C656E63696E672045435520442E5A
:10CBB0000D00000074616C6B00000000557361672C
:10CBC000653A2074616C6B203C427C437C447C2A37
:10CBD0003E0D0000526573746F72696E6720636F5B
:10CBE0006D6D756E69636174696F6E20666F72201A
:10CBF000616C6C20454355732E0D0000333130328B
:10CC00003032303000000000526573746F72696E0C
:10CC10006720454355204220636F6D6D756E6963D3
:10CC20006174696F6E2E0D00526573746F72696E58
:10CC30006720454355204320636F6D6D756E6963B2
:10CC40006174696F6E2E0D00526573746F72696E38
:10CC50006720454355204420636F6D6D756E696391
:10CC60006174696F6E2E0D00747261666669636D22
:10CC70006F646500416374697665207472616666ED
:10CC80006963206D6F646520284543552041293A2A
:10CC9000206A313933392E0D000000004163746978
:10CCA00076652074726166666963206D6F646520C5
:10CCB000284543552041293A2064656661756C74A6
:10CCC0002E0D000064656661756C74006A3139333D
:10CCD00039000000496E76616C6964206D6F64658F
:10CCE0002E2055736167653A2074726166666963C8
:10CCF0006D6F6465203C64656661756C747C6A3137
:10CD00003933393E2E0D00005377697463686564CA
:10CD10002074726166666963206D6F6465206F6E52
:10CD200020616C6C20454355732E0D0072616E645A
:10CD30006F6D697A65000000546F6F206D616E79C8
:10CD400020617267756D656E74732E20557361670F
:10CD5000653A2072616E646F6D697A652E0D000010
:10CD600052616E646F6D697A696E6720626F6F746D
:10CD70002064656C61797320666F7220454355208D
:10CD8000422F432F442E204E6F74652074686174C7
:10CD900020626F6F74206F72646572206973206106
:10CDA0006C77617973207468652073616D652028E4
:10CDB000422D3E432D3E44292E0D000072657365C1
:10CDC0007463616E0000000055736167653A2072FC
:10CDD0006573657463616E203C427C437C443E0D08
:10CDE00000000000526573657474696E67204341EA
:10CDF0004E205065726970686572616C206F6620A4
:10CE000045435520422E0D0033313031303232331C
:10CE100000000000526573657474696E67204341B9
:10CE20004E205065726970686572616C206F662073
:10CE300045435520432E0D00526573657474696E29
:10CE4000672043414E205065726970686572616C5D
:10CE5000206F662045435520442E0D00496E7661B3
:10CE60006C6964204543552E2055736520422C2063
:10CE7000432C206F7220442E0D00000062620000DF
:10CE800062697462616E6700496E76616C696420E4
:10CE90006E756D626572206F6620617267756D6573
:10CEA0006E74732E205479706520226269746261F9
:10CEB0006E672068656C702220666F722068656CF2
:10CEC000702E0D0042697462616E6720636F6D6D34
:10CED000616E64733A0D2062622072656164202085
:10CEE0002020202020202020202D20526561642039
:10CEF000616E64207061727365206F6E65204341BE
:10CF00004E206672616D6520286D69676874206FB8
:10CF100063636173696F6E616C6C79206C6F7365AC
:10CF20002073796E6320616E642073617920626181
:10CF30006420435243290D206262206A616D2020E3
:10CF4000202020202020202020202D204A616D201C
:10CF50007468652043414E206275732062792061B8
:10CF60006C7465726E6174696E67203020616E64E6
:10CF7000203120756E74696C2074696D656F7574ED
:10CF8000202869676E6F72657320747269676765C0
:10CF900072290D206262206275736C6F61642020BB
:10CFA0002020202020202D204D6561737572652082
:10CFB00043414E20627573206C6F61640D20626284
:10CFC0002064756D7020202020202020202020202B
:10CFD0002D2044756D702043414E20627573206290
:10CFE0006974730D2062622064656E79203C6E3E28
:10CFF000202020202020202D2053656E64206F6E7D
:10D000006520646F6D696E616E742061667465720F
:10D0100020362B6E207265636573736976652062B6
:10D0200069747320286C6F6F707320756E74696CEF
:10D030002074696D656F75743B207365652062654A
:10D040006C6F77290D2062622064656E796F6E6364
:10D0500065203C6E3E2020202D2053616D652061AF
:10D06000732064656E792C20627574206578656321
:10D0700075746564206F6E6365207768696C6520E0
:10D080007265636F7264696E672E0D206262207331
:10D09000656E64203C6D73673E20202020202D208B
:10D0A00053656E642072617720626974737472656F
:10D0B000616D20286F6E636529207768656E207426
:10D0C000726967676572656420287374617274732E
:10D0D000206F6E206E6578742062697420616674BA
:10D0E0006572207472696767657220636F6E646928
:10D0F00074696F6E206465746563746564292E0DB0
:10D10000206262206C6F6F706F66202020202020CC
:10D110002020202D2053656E642061206C6F6F707D
:10D12000206F66206F7665726C6F61642066726135
:10D130006D657320616674657220747269676765D6
:10D1400072206D6573736167652028756E74696CF4
:10D150002074696D656F7574290D20626220736596
:10D1600074203C703E203C763E202020202D205311
:10D17000657420706172616D657465722E205365EF
:10D1800065202762622073686F772720666F7220A0
:10D190006C6973742E0D2062622073686F77202093
:10D1A0002020202020202020202D2053686F772051
:10D1B000636F6E66696775726174696F6E0D0D4895
:10D1C0004F5720544F2055534520287365652064E0
:10D1D0006F63756D656E746174696F6E20666F72D2
:10D1E0002064657461696C73290D0D4669727374EE
:10D1F00020736574206120747269676765722028E6
:10D2000073706563696669632043414E2049442019
:10D210002F27616E79272F2769646C65272F276E6A
:10D220006F77272920616E642074696D656F75744E
:10D230002076616C75652077697468207468652054
:10D2400073657420636F6D6D616E642E0D4578613A
:10D250006D706C65733A2762622073657420747216
:10D26000696720303234272C20276262207365746E
:10D27000207472696720616E79272C2027626220F2
:10D280007365742074696D656F7574203530303046
:10D29000272E0D436F6D6D616E64732077696C6C22
:10D2A0002072657475726E207768656E207468658B
:10D2B000792073756363656564206F722077686594
:10D2C0006E20746865792074696D656F75742028A7
:10D2D000747269676765722074696D656F75742013
:10D2E0006F7220656E64206F66206C6F6F70292EE0
:10D2F0000D0D436F6D6D616E6473202764656E79EB
:10D300002720616E64202764656E795F6F6E6365A8
:10D31000272074617267657420746865206269747F
:10D320002070726F766964656420696E206172672F
:10D33000756D656E743A206E3D30202D3E20454F50
:10D340004631202872782F7478206572726F7229A6
:10D350002C206E3D31202D3E20454F463020287434
:10D3600078206572726F72292C206E3D32202D3E1E
:10D37000204946533220284F46292C206E3D332029
:10D380002D3E204946533120284F46292C206E3D02
:10D39000342D3E204946533020284F4B292E0D4531
:10D3A00043552044277320636865636B20656E676F
:10D3B000696E65204C4544206C69676874732075FC
:10D3C00070206F6E2043414E206572726F72206133
:10D3D0006E6420626C696E6B73206F6E2062757371
:10D3E000206F66662E20596F752063616E2072650E
:10D3F00073657420454355204427732063616E2074
:10D40000776974682027726573657463616E204460
:10D41000272028666F7220627573206F66662C2045
:10D4200075736520277265736574204427292E0D56
:10D430004543557320686176652061757265747225
:10D44000616E736D6974204F4E2062792064656649
:10D4500061756C742120796F752063616E20646939
:10D460007361626C65206974207769746820554423
:10D47000532C20652E672E2C2027756473204420A2
:10D480003331303130323232303030303030272E9C
:10D490002028666972737420303020666F722062B3
:10D4A00075736F6666206175746F7265636F7665FC
:10D4B000722C207365636F6E6420303020666F724B
:10D4C000206175746F2072657472616E736D69741A
:10D4D0002C206C61737420303020666F722074725F
:10D4E000616E736D6974207061757365292E0D0D01
:10D4F0000D5761726E696E673A2043414E20746920
:10D500006D696E6720706172616D657465727320FC
:10D51000617265206E6F7420636865636B6564205B
:10D520002D206D6F64756C65206D61792068616E6A
:10D530006720696620746865792061726520696E6C
:10D5400076616C69642E0D436F6D6D616E6473203E
:10D5500073756368206173206275736C6F616420FA
:10D560006F72207265616420617373756D65206EE2
:10D570006F206572726F7273206F6E207468652001
:10D5800043414E206275732E0D0000007265616488
:10D59000000000006A616D004A616D6D696E672E62
:10D5A0002E2E0000446F6E65210D00006275736CB5
:10D5B0006F6164004D6561737572696E6720627595
:10D5C00073206C6F61642E2E2E0D000064756D70DB
:10D5D0000000000044756D70696E672062757320ED
:10D5E000626974732E2E2E0D0000000064656E7942
:10D5F000000000004572726F723A2064656E7920F7
:10D600007265717569726573203120706172616D28
:10D61000657465722E0D000044656E79696E672E23
:10D620002E2E0D00446F6E652E0D0000496E766142
:10D630006C6964206E756D6265722E0D00000000CD
:10D6400064656E796F6E6365000000004572726FED
:10D65000723A2064656E796F6E63652072657175CC
:10D6600069726573203120706172616D65746572D5
:10D670002E0D000073656E640000000053656E643B
:10D68000696E672E2E2E0D00496E76616C696420DE
:10D690006E756D626572206F6620617267756D656B
:10D6A0006E74730D000000006C6F6F706F66000089
:10D6B0004C6F6F70696E67204F7665726C6F616436
:10D6C000204672616D65732E2E2E0D0073657400F9
:10D6D0004572726F722073657474696E6720706131
:10D6E00072616D657465722E0D00000073686F774E
:10D6F00000000000496E76616C69642062697462A2
:10D70000616E6720636F6D6D616E642E2054797059
:10D7100065202762697462616E672068656C702796
:10D7200020666F722068656C702E0D00496E766100
:10D730006C6964206E756D626572206F662061721F
:10D7400067756D656E74732E20547970652022683C
:10D75000656C70207468656D652220666F72206844
:10D76000656C70207573696E6720746869732063D7
:10D770006F6D6D616E642E0D000000005570646168
:10D780007465642E0D0000003300000034000000BA
:10D790003500000036000000370000005468656D59
:10D7A00065206E756D626572206E6F7420666F7590
:10D7B0006E642E20547279206265747765656E20E0
:10D7C0003120616E6420372E0D00000062000000E1
:10D7D00065786974000000007175697400000000CC
:10D7E000736C63616E000000726573657400000005
:10D7F000526573657474696E672E2052656D656D30
:10D8000062657220746F2066697273742073656E2E
:10D8100064207468652022232220636F6D6D616E21
:10D820006420746F207265656E7465722074686917
:10D830007320696E746572666163652E0D00000069
:10D84000546F6F206D616E7920706172616D6574C7
:10D850006572732E20557365202772657365742772
:10D8600020746F2072657365742074686520776812
:10D870006F6C6520626F6172642C206F7220707211
:10D880006F7669646520422F432F442061732061C5
:10D890007267756D656E742E20466F7220657861B3
:10D8A0006D706C652C2075736520277265736574C7
:10D8B00020422720746F207265736574204543559C
:10D8C00020422E00557365202772657365742720EA
:10D8D00077697468206E6F20706172616D65746520
:10D8E000727320746F2072657365742045435520F0
:10D8F000412028616E64206F74686572204543552D
:10D90000732077697468206974292E0D0000000067
:10D91000526573657474696E672045435520422EC5
:10D920000D000000526573657474696E672045438D
:10D930005520432E0D000000526573657474696EA6
:10D94000672045435520442E0D000000636C65613F
:10D95000720000000D0D0D0D0D0D0D0D0D0D0D0DB9
:10D960000D0D0D0D0D0D0D0D0D0D0D0D0D0D0D0DE7
:10D970000D0D0D0D0D0D0D0D0D0D0D0D0D0D0D0DD7
:10D980000D0D0D0D0D0D0D0D0D0D0D0D0D0D0D0DC7
:10D990000D0D0D0D0D0D0D0D0D0D0D0D0D0D0D0DB7
:10D9A0000D0D0D0D0D0D0D0D0D0D0D0D0D0D0D0DA7
:10D9B0000D0D0D0D0D0D0D0D0D0D0D0D0D0D0D0D97
:10D9C0000D0D0D0D0D0D0D0D0D0D0D0D0D0D0000A1
:10D9D000706C617900000000496E76616C696420AA
:10D9E0006E756D626572206F6620617267756D6518
:10D9F0006E74732E0D0000005374617274696E674B
:10DA00002067616D6520312E0D0000005374617236
:10DA100074696E672067616D6520322E0D0000000D
:10DA20005374617274696E672067616D6520332E6F
:10DA30000D00000047616D65206E756D6265722096
:10DA40006E6F7420666F756E642E2054727920623A
:10DA500065747765656E203120616E6420332E0D0C
:10DA60000000000073746F700000000053746F704A
:10DA700070696E672067616D652E0D004E6F206FB7
:10DA80006E676F696E672067616D652E0D0000001F
:10DA9000556E6B6E6F776E20636F6D6D616E643A5D
:10DAA000200000000D54797065202268656C70229A
:10DAB00020666F722068656C702E2052656D656DF2
:10DAC0006265722074686520696E74657266616350
:10DAD0006520697320636173652073656E73697473
:10DAE0006976652E0D0000000D3E00003F3F3F3F70
:10DAF0003F000000563120534C43414E2052344DDC
:10DB00004E202800563120534C43414E2052414D67
:10DB10004E202800536570202034203230323600E9
:10DB200030313A31303A32310000000057656C63D1
:10DB30006F6D6520746F2052414D4E20434C492E2D
:10DB40002054797065202768656C702720666F7295
:10DB50002068656C702E0D3E0000000068747470C3
:10DB6000733A2F2F72616D6E2E727466642E696F18
:10DB70002F0D0000710000007A5A000064205265E9
:10DB800073657474696E670D00000000546F6F2038
:10DB90006D616E79207461736B730D0053746174E1
:10DBA0007320636F6D70757465642066726F6D208D
:10DBB000626F6F742073746174652E2055736520D5
:10DBC00072696768746D6F73742076616C756573C4
:10DBD00020746F20636F6D707574652064656C745C
:10DBE00061732E0D000000004E6F095461736B20AD
:10DBF0004E616D650953746174650955736167659C
:10DC000009537461636B09002028756C546F74614B
:10DC10006C52756E54696D65290D00003A0900005B
:10DC2000090900000900000025000000666C61671A
:10DC30007B5553425F434F4D4D414E447D000000A4
:10DC40003237373632000000666C61677B555342CD
:10DC50005F4252555445464F5243457D00000000F7
:10DC600057726F6E672050617373776F72640D0027
:10DC700052756E6E696E67005265616479000000CE
:10DC8000426C6F636B00000053757370656E6400C7
:10DC900044656C6574656400496E76616C69640006
:10DCA000F0909090F02060202070F010F080F0F064
:10DCB00010F010F09090F01010F080F010F0F08064
:10DCC000F090F0F010204040F090F090F0F090F0E4
:10DCD00010F0F090F09090E090E090E0F080808084
:10DCE000F0E0909090E0F080F080F0F080F08080A4
:10DCF0003C7EE7C3C3C3C3E77E3C183858181818E6
:10DD00001818183C3E7FC3060C183060FFFF3C7E9D
:10DD1000C3030E0E03C37E3C060E1E3666C6FFFF0F
:10DD20000606FFFFC0C0FCFE03C37E3C3E7CC0C0B5
:10DD3000FCFEC3C37E3CFFFF03060C18306060602E
:10DD40003C7EC3C37E7EC3C37E3C3C7EC3C37F3F59
:10DD500003033E7C00000000490000004500000075
:10DD600064202D2D2D2D2D2D2D2D2D2D2D2D2D2DB9
:10DD70002D2D2D2D2D2D2D2D2D2D2D2D2D2D2D2DD3
:10DD80002D2D2D2D2D2D2D2D2D2D2D2D2D2D2D2DC3
:10DD90002D2D200D0000000064204552524F5220CE
:10DDA00021205265676973746572732064756D70A4
:10DDB00065642062656C6F770D00000048414C5F20
:10DDC000464443414E5F4552524F525F54494D4580
:10DDD0004F5554200000000048414C5F46444341E9
:10DDE0004E5F4552524F525F4E4F545F494E495419
:10DDF00049414C495A4544200000000048414C5FCD
:10DE0000464443414E5F4552524F525F4E4F545F1E
:10DE1000524541445920000048414C5F464443412B
:10DE20004E5F4552524F525F4E4F545F53544152D2
:10DE3000544544200000000048414C5F46444341A3
:10DE40004E5F4552524F525F4E4F545F53555050A4
:10DE50004F5254454420000048414C5F46444341E2
:10DE60004E5F4552524F525F504152414D2000008B
:10DE700048414C5F464443414E5F4552524F525FCA
:10DE800050454E44494E47200000000048414C5F39
:10DE9000464443414E5F4552524F525F52414D5F9F
:10DEA000414343455353200048414C5F464443415E
:10DEB0004E5F4552524F525F4649464F5F454D5067
:10DEC0005459200048414C5F464443414E5F4552FF
:10DED000524F525F4649464F5F46554C4C2000001A
:10DEE00048414C5F464443414E5F4552524F525F5A
:10DEF0004C4F475F4F564552464C4F57200000004D
:10DF000048414C5F464443414E5F4552524F525F39
:10DF100052414D5F574447200000000064204841B3
:10DF20004C5F464443414E5F4552524F525F505200
:10DF30004F544F434F4C5F41524254202D3E2000DE
:10DF4000464443414E5F50524F544F434F4C5F4500
:10DF500052524F525F535455464620004644434167
:10DF60004E5F50524F544F434F4C5F4552524F52A9
:10DF70005F464F524D200000464443414E5F505291
:10DF80004F544F434F4C5F4552524F525F41434BAA
:10DF900020000000464443414E5F50524F544F43CF
:10DFA0004F4C5F4552524F525F424954312000005E
:10DFB000464443414E5F50524F544F434F4C5F4590
:10DFC00052524F525F424954302000004644434170
:10DFD0004E5F50524F544F434F4C5F4552524F5239
:10DFE0005F43524320000000464443414E5F50527D
:10DFF0004F544F434F4C5F4552524F525F4E4F5F0D
:10E000004348414E47452000642048414C5F464408
:10E0100043414E5F4552524F525F50524F544F430F
:10E020004F4C5F44415441202D3E20006420484124
:10E030004C5F464443414E5F4552524F525F5241FE
:10E040004D5F574447200D006420545820455252DC
:10E050004F52533A20307800206672616D65732903
:10E06000205258204552524F52533A2030780000E7
:10E0700020455252204C4F473A2030780000000093
:10E0800020434F4D503A203078000000642021207A
:10E090005258204572726F722068617320726561F8
:10E0A00063686564206572726F7220706173736952
:10E0B0007665206C6576656C206F6620313238207D
:10E0C000210D0000642043757272656E74205374D4
:10E0D0006174653A200000004E6F6465206973200A
:10E0E00073796E6368726F6E697A696E67206F6E9E
:10E0F0002043414E20636F6D6D756E696361746975
:10E100006F6E00004E6F6465206973206E656974E0
:10E11000686572207265636569766572206E6F72DC
:10E12000207472616E736D69747465720000000012
:10E130004E6F6465206973206F7065726174696EDB
:10E1400067206173207265636569766572000000FF
:10E150004E6F6465206973206F7065726174696EBB
:10E1600067206173207472616E736D697474657277
:10E1700000000000496E76616C696420636F6D6D0C
:10E18000756E69636174696F6E2073746174650084
:10E19000642054686520464443414E2069732069D9
:10E1A0006E204572726F725F50617373697665207D
:10E1B00073746174650D000064204174206C6561A6
:10E1C0007374206F6E65206F6620746865206572B9
:10E1D000726F7220636F756E7465727320686173FD
:10E1E0002072656163686564207468652045727299
:10E1F0006F725F5761726E696E67206C696D6974CA
:10E20000206F662039360D0064205468652046442E
:10E2100043414E20697320696E204275735F4F66DB
:10E22000662073746174650D0000000064204C6109
:10E2300073742072656365697665642043414E207E
:10E240004644206D65737361676520686164206969
:10E2500074732045534920666C6167207365740DA3
:10E260000000000064204C6173742072656365696E
:10E270007665642043414E204644206D657373618A
:10E280006765206861642069747320425253206678
:10E290006C6167207365740D0000000064204E659A
:10E2A00077206D6573736167652072656365697654
:10E2B00065642073696E6365206C6173742070728D
:10E2C0006F746F636F6C207374617475730D0000ED
:10E2D000642050726F746F636F6C20657863657033
:10E2E00074696F6E206576656E74206F63637572F6
:10E2F0007265640D00000000642043414E204255C9
:10E3000053204F4B0D000000642042756666657215
:10E31000206F76657272756E207265706F727465AB
:10E3200064206F6E2043414E2052656365707469AE
:10E330006F6E0D0064204572726F72207265706F8F
:10E340007274656420627920555342206D6F647544
:10E350006C6520286F766572666C6F773F29200D9B
:10E360000000000064202D2D2D2D2D2D2D2D2D2D67
:10E370002D2D2D2D2D2D2D2D2D2D2D2D2D2D2D2DCD
:10E380002D2D2D2D2D2D2D2D2D2D2D2D2D2D2D2DBD
:10E390002D2D2D2D2D2D200D0D00000043414C491C
:10E3A00042524154494F4E20494430004543554163
:10E3B0002D496E666F7461696E6D656E7400000044
:10E3C00052582044554D500020204F4E0000000070
:10E3D00053544F50000000004F766572666C6F77A3
:10E3E00020202020202020202020202000000000AD
:10E3F00043414E205258204D4F4E49544F52000039
:10E400004F5646005475726E204B657920746F200C
:10E41000717569742E000000557365204252414B9E
:10E420004520746F20636F6E74726F6C0D67616D41
:10E43000652073706565642E0000000043484950F4
:10E440002D38000044616E6D616B75004361766527
:10E45000204578706C6F7265720000004F63746FB6
:10E460007065670020557365204543552043205350
:10E4700068696674200D746F20636F6E74726F6CC0
:10E480002073637265656E0053544154530000005D
:10E4900043414E20525820203A203078000000009E
:10E4A00043414E20545820203A203078000000008C
:10E4B00043414E20455252203A203078000000005F
:10E4C00043414E204F5646203A00000043414E2023
:10E4D000425553203A0000005553422045525220E5
:10E4E0003A20307800000000434443204F56462035
:10E4F0003A20307800000000515545204552522006
:10E500003A203078000000005359535449434B20BF
:10E510003A20307800000000594553004E4F20004B
:10E520004F4646004F4E2000554453204452415719
:10E5300000000000557365205544532053657276E2
:10E5400069636520746F0A6472617720616E206967
:10E550006D61676520686572652E000072616D6E81
:10E560002E72656164746865646F63732E696F00F1
:10E570005354454552204252414B204143434C00A5
:10E580005550000044570000525400004C54000005
:10E590004D4400002020000053420000434C000086
:10E5A0004C420000484200004143430049474E00AE
:10E5B0003F3F3F0030313A31303A32330000000003
:10E5C00052414D4E0000000049444C4500000000FF
:10E5D000546D725100000000546D72205376630038
:10E5E000546F796F7461204D6F746F7220436F7236
:10E5F000706F726174696F6E0000000052414D4E81
:10E6000020436F6D706F736974652044657669632C
:10E61000650000004D444320436F6E66696700004B
:10E620004D444320496E7465726661636500000065
:10E630007CB30108000000007805032050000000B2
:10E64000745501200008000094B301080000000088
:10E65000CC05032050000000745D0120000800007C
:10E66000ACB30108000000002006032050000000A9
:10E670007465012000080000C4B301080000000018
:10E680000000000000000000000000000004000086
:10E690002A0000000000000000000000D4B30108C0
:10E6A000000000000000000000000000000000006A
:10E6B0000008000029000000000000000000000029
:10E6C000E4B30108000000000000000000000000AA
:10E6D0000000000000040000300000000000000006
:10E6E00000000000F4B301080000000080060320D1
:10E6F000AC0000002C070320000400000F00000005
:10E70000000000000000000000B40108000000004C
:10E71000300B0320AC000000DC0B032000040000E1
:10E720001000000000000000000000000CB4010810
:10E7300000000000E00F0320AC0000008C1003205C
:10E740000004000031000000000000000000000094
:10E750001CB401080000000090140320AC0000006D
:10E760003C15032000040000200000000000000011
:10E77000000000002CB40108000000004019032034
:10E78000AC000000EC190320000400002800000089
:10E7900000000000000000003CB401080000000080
:10E7A000F01D0320AC0000009C1E032000040000AC
:10E7B0001800000000000000000000004CB4010838
:10E7C0000000000000000000000000000000000049
:10E7D000000400001800000000000000000000001D
:10E7E0000001010001010000D53400084933000890
:10E7F0000D350008653300083935000895330008E9
:10E80000A5380008D138000851350008AD3300089C
:10E8100069350008C533000881350008DD3300087C
:10E82000AD35000865370008000000007D3700089E
:10E83000C535000805340008E9350008153400081E
:10E84000FD35000821340008313600084534000841
:10E85000553600085534000875360008953700080D
:10E86000A536000829380008F1360008C13700082D
:10E87000653400088134000801390008C5390008F2
:10E880001D390008F1390008393900081D3A00081F
:10E8900055390008493A000871390008753A0008EE
:10E8A0008D390008A13A00082D33000831330008E3
:10E8B00000000000AD3400087D3800086D38000805
:10E8C0008138000871380008353300083D330008EE
:10E8D000A9390008CD3A00088538000875380008C5
:10E8E00089380008793800089138000899380008FC
:10E8F0008D3800082538000870DC010878DC010834
:10E9000080DC010888DC010890DC010898DC010843
:10E91000B80D00001C16220A6280222800EE60ADAD
:10E920006191A28CF155A2B4F155601261D0A2C8D8
:10E93000F155601261D2A2CCF15500EE6500640180
:10E940003401124422A0F06530FF1242450000EE6F
:10E950006000640012448504228CF065830022C8A4
:10E96000803080546E098E054F01126A70F6830064
:10E97000650122B4F055229022B8803012728300D3
:10E98000650022B4F05522CC340112823500128089
:10E99000229022B822A4805080443000122C00EE35
:10E9A000000000EEA28CF1656F0181F480F4A28C6E
:10E9B000F15500EE000000EEA2A0F1656F0181F4B8
:10E9C00080F4A2A0F15500EE000000EEA2B4F165C3
:10E9D0006F0181F480F4A2B4F15500EE000000EE66
:10E9E000000000EE72FBF0296F01D2F500EE61002D
:10E9F00062806E00AD91F11E7101F06522D07E0142
:10EA00003E0612E000EEF11E7101F06540FF60006D
:10EA1000F029D3457E0100EE635D64046E00610061
:10EA2000AD8873FB22F23E06130C6F006124620472
:10EA3000AF9A2EE93FFF131C00EE635D64046E0085
:10EA40006100AD9973FB22F23E03132E6F00612427
:10EA50006204AF932EE93FFF133E00EE635D640452
:10EA60006E006100000073FB22F23E0513506F0040
:10EA700061246204AF9F2EE93FFF136000EEADA05A
:10EA8000F06561016201AD086E00D1227E01710363
:10EA90003E0A1384610172035E00137600EEADA09E
:10EAA000F065239870FFADA0F05500EE61016201A2
:10EAB000AD08400113B46E0171033E0A13AE61014B
:10EAC00072037E015E0013A4D12200EEADA0F065BA
:10EAD000301413C213C47001ADA0F055239800EE9A
:10EAE00075047504350013E6ADA3F06523EC7004DE
:10EAF0004028600023ECADA3F05500EEADA3F06517
:10EB0000AD77623F24A2D12100EEAD0B6008610811
:10EB1000D01860206100D0186058AD13D01871086B
:10EB20006070D0186058AD3BD0186020AD33D0185D
:10EB30006008AD1B7008D018301814206058700899
:10EB4000D0183068142A602061007008D018305046
:10EB50001436AD2B607061087108D0183138144438
:10EB6000AD23600861087108D01831381452248E22
:10EB700000EEAD4B60006138D0186078D018AD5B06
:10EB80006108D0186000D018AD537108D01831302A
:10EB90001476610860787108D0183130148224CC62
:10EBA00000EEAD436117623A6E00D1267E0171130B
:10EBB0003E05149600EEB4A4610D00EE612000EE57
:10EBC000613300EE614600EE615900EE616C00EECB
:10EBD000615900EE614600EE613300EE612000EE07
:10EBE000ADA4F065400014E46100623EAD6370FFC7
:10EBF00072FED122300014DA00EEADA4F06570018F
:10EC0000ADA4F0556100820E6F3E82F7AD63301BFC
:10EC1000152080206E0082007202252A7E0126F0D7
:10EC20003E0915026001ADA4F0557202AD63D12218
:10EC300023B800EED12200EEAD636178620AD128DC
:10EC40007208D1287208D1287208D1287208D128F8
:10EC50007208D1287208D12400EEADA5F0653034D9
:10EC6000157C8100ADA7F065300015766E006F0051
:10EC7000612F6204AF8C2EE93FFF15607E0126E410
:10EC80003E10155AADA76001F0558010701400EECB
:10EC90007001ADA5F055617882006F3E82F7AD63DB
:10ECA000D12100EE6E006F0061256204AF822EE973
:10ECB0003FFF15987E0126E43E10159200EED341E9
:10ECC00000EE6508800E4F0125AA730275FF35001E
:10ECD00015B000EE000000EEA5C0F1658F2081F4B4
:10ECE00080F4A5C0F15500EE000000000000800E89
:10ECF000800E800E2EA7A5C0F15566006700680043
:10ED000069006310641025C0F0656AE06B1F8A0219
:10ED10008B023A201636F0658200AD0A8020360656
:10ED200016166600770173A0740A37041620670070
:10ED300074DA78014000162825AE162A7310760181
:10ED40007BFF3B001608620225C43A40164E89B08C
:10ED5000899E620125C4A5D4F155620225C4A5D6B9
:10ED6000F1553A60165CF16583048414620325C48E
:10ED70003A801670660067006800690063106410CE
:10ED8000620125C43AA0167E8CB0620125C4A5D8C4
:10ED9000F1553AC016967CFF4C001692A5D8F16545
:10EDA000A5C0F1551696620125C4490016B06F0141
:10EDB0008F923F0016A6A5D416A8A5D6F165A5C0CA
:10EDC000F15579FF25C0F065300015F600EE6F3C77
:10EDD000FF15FF076004E0A16F006007E0A16F006E
:10EDE0006009E0A16F006005E0A16F006008E0A18C
:10EDF0006F003F0016BE00EE6F02FF15FF073F00D9
:10EE000016E800EE6F01FF15FF073F0016F400EE55
:10EE10006E3D8E774F011726AD78F5552766279002
:10EE200027A2802028362872AD78F56577FF6D011E
:10EE3000690488864C0178801728299200EE24E620
:10EE4000730125466FF08F323F00254670026FF840
:10EE500080F2700884043F011752749CADA6F065DF
:10EE60007001ADA6F055AD78F555276627A2282686
:10EE700028362872AD78F56500EEAD0A80608170A5
:10EE80006200D0113F00178AD01172014201700157
:10EE900042027101420370FFD0114F0017748E2699
:10EEA00082E300EED011AD9CF16586008710F1651C
:10EEB0008A008B1000EE3C0017D6380078FF3D002A
:10EEC00017B2809017B66000809561008E008E8723
:10EED0003F01710183068E308E873F017104838666
:10EEE0008E008E373F0171021824380078013D00F2
:10EEF00018026000808561008E008E953F017101CF
:10EF000083968E308E073F01710483068E908E3774
:10EF10003F017102182461008E908E853F016101CE
:10EF2000839673808E308E853F0171048386738053
:10EF30008E908E353F01710200EE60008EAE4F0163
:10EF400070018EBE4F01700200EE6E006F038F03E2
:10EF500092006E0192F06E013E0018686E028E22E1
:10EF60003E00185C6E028E0260024E00600418665D
:10EF70006E028E0260044E006002186A6001810217
:10EF80003100610100EE2C146F003200188831004E
:10EF900018844C006F0218884D006F013201189AD6
:10EFA000310018964C016F02189A4D006F01320221
:10EFB00018AC310018A84C006F0218AC4D016F015D
:10EFC000320318BE310018BA4C016F0218BE4D0151
:10EFD0006F014F0018CC4F0129924F02298800EE93
:10EFE0008E268EF3300118EA3E0018DC298829921B
:10EFF0008F80889089F08FC08CD08DF018EC28F02D
:10F000002C1400EE8300808680068196811680068F
:10F010004C0170E081164D0171E082164D01728045
:10F020003E01191688108824191C68008815882547
:10F030003304192488051926880482064C0172803D
:10F040003E01193689008924193C69008905892502
:10F0500033041944891419468915888E3F01195AB9
:10F06000888E4F006804480068046F011962888E1A
:10F070004F0168FC6F008CF0899E3F01197A899ED0
:10F08000480068043F00197869046F011984899E5B
:10F090003F01198469FC6F008DF000EE6F0089F765
:10F0A0006F018DF300EE6F0088F76F018CF300EEB7
:10F0B00080808190703D7103D01500EEADA1F165A7
:10F0C00088008910AD70603C6103D017AD6B299C3E
:10F0D00063006FF085F223CC4500AD6B299C60077F
:10F0E000E0A178FF6009E0A178016005E0A179FF67
:10F0F0006008E0A179016006E0A16301486378013E
:10F10000489E78FF497F7901499F79FF299C26E431
:10F11000430019C2299C238AAD70603C6103D0175B
:10F12000ADA180808190F1556300649CADA6600024
:10F13000F05500EE29A8663F67056A806B80AD0830
:10F14000D6726080610188048CF08C1389048DF084
:10F150008D13888E888E888E899E899E899E23CE67
:10F16000AD9C80608170F15580A081B0F1556E0337
:10F1700089E43F011A6C3D011A6A6D001A6C69FC42
:10F180003C011A7C6E008E858AE54F0076FF1A805E
:10F190008A8486F43D011A906E008E958BE54F00AF
:10F1A00077FF1A948B9487F46E0C8E774F011AD0E8
:10F1B0003D011AC06E238E674F011AAC670B298878
:10F1C0006E5B8E654F011AB8670B298837031AC02A
:10F1D0006703298836231AC84C012992365B1AD056
:10F1E0004C0029923C011ADE360B1ADC660B299280
:10F1F0001AE636731AE666732992ADA7F0654000E9
:10F200001AFE61028013ADA7F055AF07617A620A5A
:10F21000D125AD9CF165AD08D0126004E09E1B10B5
:10F22000673E6600373E1B161B36D6723F011B3603
:10F230002C14D672807070046E3A8E054F011B300C
:10F2400026FC1B32272AAD08D67226F0373E1A4A12
:10F25000ADA3F06524A271FC81676E0E8E174F017D
:10F260001B5223B82590AD99F333F2658F208200AD
:10F2700080F0AD99F2557464AD89F433F2658F2056
:10F28000820080F0AD89F155ADA6F065AD8B4000F0
:10F290001B8CF033F2658F20820080F0AD8BF2552D
:10F2A00060FFF05560AD6188A2A0F15522022C14D8
:10F2B000ADA7F0658A004A001BE84A011BB2AF0700
:10F2C000617A620AD125ADA76000F05546001BDEC9
:10F2D000600024A28E607E048E1560F861137008B1
:10F2E0008E154F011BCA2DA8A2A0F155A350F155B0
:10F2F0001BE06A00ADA56000F0552524232626BA40
:10F300002326230426BA23044A001C0A6A00220288
:10F31000234826F0234826F07A013A1E1BFCADA0B4
:10F32000F06530001A2000EE00EE66016F00610B00
:10F33000620AAFA52EE93FFF1C1EA2026410600006
:10F34000610062086E0074FF34001C40C40F740337
:10F35000A20AF41ED018F21E70087E013E081C405E
:10F3600036011C6460006111620F6E00D01FF21E36
:10F3700070087E013E081C5861006007E0A1610131
:10F380006009E0A161016005E0A161016008E0A100
:10F3900061016006E0A1610126E441001C2A00FF32
:10F3A000220A00E06107ADEAF06580068206801758
:10F3B0008025ADA0F05523F6245EADEAF06525DA90
:10F3C00022DA236AADA56000F05523E82A20ADEAD1
:10F3D000F0657001ADEAF05530081C8E2CCC1C187D
:10F3E00000E000FE6F0061026212AFAD2EE93FFF48
:10F3F0001CD6633264196E006100AD9173FB22F27A
:10F400003E071CE66000610062006300AD91F355A9
:10F41000F355ADEAF055ADA4F05500EEC0C080FF45
:10F4200080BFA0A0A0A0A0FF01FD0505050505FF68
:10F4300000FF0000000000A0A0A0A0A0A0A0A005C8
:10F4400005050505050505A020E0000000000005F4
:10F4500004070000000000307878FCFCFCFCFC5A3B
:10F4600042424242427E005A4242424242424200AC
:10F470007E4242424242423C3C3C3C3C3C3C3C2082
:10F4800020F82020BDC3DBDBC37E3CFE0000000073
:10F4900000000000000000000000000000FFFFFF6F
:10F4A000FFFFFFFFFF000000000000000000000061
:10F4B000000000000080880000000000BDAA60ADD0
:10F4C00061E500EE010260AD61E000EE030360ADB6
:10F4D00061DA00EE040560AD61DA00EE060760ADAA
:10F4E00061E000EE080960AD61E500EE0A0B080678
:10F4F000070203FF00000806FF00000801FF0026C6
:10F50000442611264426AA00385560000338AA0074
:10F51000A221FF240021FFC02C00A221FF240021F2
:10F52000FFC0600100A2220022552200C038AA00BC
:10F53000A53844C0002C556001002C662C002C9985
:10F5400000A53888600100C00038E060030038077B
:10F5500060FD00383860030038C1006001004321BD
:10F560000721C043217F21FC4321DB21B643213207
:10F57000219843211F21F043217F21FC43217F213A
:10F58000FC43212621C843213F21F843217F21FC50
:10F5900043211F21F0432104214043213F21F8430F
:10F5A000213F21F843217F21FC260043217F21FCBC
:10F5B00043211F21F04321D2219600BEA960AD61F5
:10F5C000EB00EE010260AD61F400EE030360AD619B
:10F5D000FC00EE040560AE611C00EE060760AE6143
:10F5E0002100EE080960AE612D00EE080960AE61F1
:10F5F0003500EE0A0B60AE614700EE00EEFF1EF034
:10F600006530FF1EF76FFF00EE1F05AF0CF01E8088
:10F61000F0D1258F0071067F0100EEF080F0808030
:10F6200090A0C0A09078807008F0F820202020885A
:10F6300050204080F088F088F080808850205088EA
:10F64000F888F880F080808080F88888F88888883A
:10F650008870F0888888F088F09088D8A8888850CA
:10F66000502078808080788098887088888870881A
:10F67000889878F880F080F8202020F8102040F852
:10F68000202020C088C8A8988888A8A8505050007A
:10F690005000000000002236535371141D2525FF31
:10F6A00022533D53366CFF050A36531D00FF1B0ADB
:10F6B000361DFF144A642D05FF4A420A4A16534676
:10F6C000FF2257641D2505424A3653FF27050000D7
:10F6D00014E2E000807900600C0C3E0C9BFD20637E
:10F6E0001C0C3E0CFBCD70E71C1E230CF3FDF8CF69
:10F6F0001E1F210CC3FDD8CD1E9B211CE3CDDDDDDB
:10F700009EBF2198F38DCDD99F3F23F8F99DCDD988
:10F71000DB713FF098F9CDD9D9603C0000F80000CA
:10F720000000001E1010101E101010EAAAAAAAEE67
:10F73000EA8A8E8AEAAEA84C484EE484E420E4FFCC
:10F7400000000000000000A0A00000505000006079
:10F75000600060006000C0A06000305060000005E4
:10F760000F00006000600060A0C0006050300060CA
:10F77000600000C0C00000303000C060C0006060A9
:10F780000000C0C0000030300000A040A000000019
:10F7900060600000C0C00000303000E06A386B0BD1
:10F7A000A203DAB1F0657AF84AF87B014AF86A38C0
:10F7B0003B1512D26405E4A100EE6407E4A100EE5B
:10F7C0006408E4A100EE6409E4A100EEA202600076
:10F7D000C11F71F66F0B8F174F0012E4710A623C64
:10F7E000402012E4D012D2123F0112E4700472FCE5
:10F7F000131000E0631F653FA265601A610ED0150B
:10F800007008A26AD015A000600361016220662022
:10F81000642082048605841587208B102366876008
:10F8200023668B4023668720236670017101402088
:10F8300070018052133C8B3287526C006F158F77AA
:10F840004F007C016F298F754F007C016F0A8FB7C5
:10F850004F007C016F138FB54F007C016F008FC587
:10F860004F00D7B400EE00E0A25B6019610DD01527
:10F87000A2607008D015F00AF00A00EE60FF2420A4
:10F88000A29E833E833EF31ED45400EE8C00800E75
:10F890008AF0860480C08AF288F088A588A58484CE
:10F8A0008C10811E8AF0871481C08AF28DF08DA59C
:10F8B0008DA585D46FFA8F073F0013F280243F0097
:10F8C000802583806F018F854F0063026F018FD584
:10F8D0004F006D028DDE8DDE83D16F3E8F453F0080
:10F8E000141623AC141E6F1D8F554F0023AC00EE71
:10F8F000ABB8FB1EF75500EE6B00ABB8FB1EF7650F
:10F9000040FF143EA272833E833EF31ED4547B0814
:10F910003B00142A00EE6B00ABB8FB1EF76530FF0E
:10F9200023BC30FF24207B083B00144800EEAB547E
:10F93000F755A28EF065ABB8F01EF765680030FF92
:10F940001480A28EF0658A007008A28EF0556801BE
:10F95000AB54F7656300ABB8FA1E00EEFF073F003B
:10F96000148C6F01FF1500EEA28FF16583168206DD
:10F97000A2AAD2336205E29E14B071FF4101610276
:10F980006207E29E14BC70FF400160026209E29EC1
:10F9900014C87001402360226208E29E14D47101F1
:10F9A000413A6139A28FF15583168206A2AAD23359
:10F9B00000EE22CA69006000A2ADF0556B00A26F94
:10F9C000F765ABB8F7557B013B2014F400E0A25378
:10F9D00060396100D01871086F208F174F0015042F
:10F9E000A28FF16583168206A2AAD2332428249816
:10F9F0004F01153424468D90255C4DFF2538790143
:10FA0000248C151C239614E2A2ADF0657001A2AD02
:10FA1000F055623D610180063F00155A40011556C0
:10FA2000710470FF154CA2BAD21300EEA2ADF065BE
:10FA30006F0180F23001156E4D8C69FE1574A2AD18
:10FA4000F065B71500EEF755A27ED45400EE6007BE
:10FA500080D230071596CC1F245E6202C03F70AA88
:10FA6000643785C025761574600380D2300315CCC9
:10FA7000CC1F245E380115B6C07F707F643985C005
:10FA8000612362002576CC1F245E380115CCC07F2F
:10FA9000707F643985C0619B620025761574000013
:10FAA00000CE32D22ED62ADA26DE22E21EE61AEA6C
:10FAB00016EE12F20EF60AFA06FE02FA82F686F246
:10FAC0008AEE8EEA92E696E29ADE9EDAA2D6A6D276
:10FAD000AACEAEA5CEFD33A5CEF2653200162540E6
:10FAE00001710A40027114811EF11EF165245E64E9
:10FAF0003C651025761574600F80D2300F1655CCFA
:10FB00001F643C85C060966100245E6208257624EF
:10FB10005E62042576642D604B245E618725762421
:10FB20005E610A25761574CC1F245E643285C06040
:10FB3000E661002576245E64362576245E643A25E7
:10FB40007600EE601F80D2301F1691CC1F245E64B9
:10FB50002385C06042610C62022576245E618225A5
:10FB6000764D4026574D8026574DC0265715746058
:10FB70000780D2300716C3602080D2400016B565DA
:10FB80001C61A016B96500611EC41F741F60BE24ED
:10FB90005E25761574600780D2300716E760108006
:10FBA000D2651C61A0300016DD6500611E60006238
:10FBB00000C41F245E25761574600F80D2300F17A5
:10FBC0000F85D6855685566432605F6100620524D4
:10FBD0005E25766114245E25766194245E25761573
:10FBE00074232214E2157E15981603162716731631
:10FBF0009F16C516E9171100E30C00001EA5202072
:10FC0000200020F010700040E090E0909090E09094
:10FC1000E090E08080D0B0B0909090906060909044
:10FC2000906090D0B0909090502040000000000074
:10FC30006090F09090F09090F080E080808080F074
:10FC400080E080F0404040F0204080F0202020C044
:10FC500060908090609090B07080B09070806010E4
:10FC6000E090A0C0A09090B0B0D0F0404040409054
:10FC7000907010E000000000000000000000000094
:10FC80000000000000000000000000000000000074
:10FC90000000000000000000000000000000000064
:10FCA0000000000000000000000000000000000054
:10FCB0000000000000000000000000000000000044
:10FCC0000000000000000000000000000000000034
:10FCD00000000000000000000000000007E000003D
:10FCE00000000000081800000000000010040000E0
:10FCF00000000000200200000000000020020000C0
:10FD00000000000028210000000000004001000069
:10FD10000000000040010000000000004001000061
:10FD200000000FC04F8100000000103046010000AD
:10FD30000000200820020000000030E8200200003F
:10FD400000004F04100C0000000050841FF600005B
:10FD5000000040047709000000004F849790C00025
:10FD60000000504C0EE020000000201E0C0010008F
:10FD700000007FFF0A41320C712D3A1F0A2D2D2DF4
:10FD80005E52351F1F3D052D2D2D2D2D2D2D2D2D79
:10FD9000241F00351F672D32101F1A6C2D2D2D2D9D
:10FDA00000000000000000000000000000700000E3
:10FDB000003E00703C8C7F0001C18188428480E05D
:10FDC0000200420442848010040044022104801096
:10FDD00008004401210500101003880110050710D8
:10FDE0001407080090450FD0100C086090090670A9
:10FDF00020180870900901A0201810B05419008034
:10FE0000281010904C1A07002010D0F0A83246603D
:10FE1000200F580028B203902920D100243300106D
:10FE20003009D47217734010144398F8B663021067
:10FE30001AA71B9A3361D0300D1E1F8D63C1FAD0F3
:10FE40000FFC0D07E181FF7004600002C0008C20F0
:10FE50000000000080000000000000000000000022
:10FE600000FB379873CFBC0000FBF7D8FBEFBE0058
:10FE700000C1E6D8DB6C360000F0C7D8DBEF3E00EF
:10FE800000C1E798DBCC3C0000FBF61EFB6FB60020
:10FE900000FB361E736FB60000000000000000007B
:10FEA0000004003D97FFFFFFFFFDFF9D4BFF8B47C9
:10FEB0002004005DCBFFD84F2604001D05FFDB5F4B
:10FEC0002104001D85FFDB4720847C1C05FFFFFF0C
:10FED0002084DA5DC5FF8B472094BCDDE5FF995B8C
:10FEE00020B4E61DE61FBA5B2094C2DDCFE78B4746
:10FEF00020857DDC3FF9FFFF2FF5839FFFFEFFFF8D
:10FF00002005FF1FFFFF7FFFFFFCFE1FFFF3BF0762
:10FF1000FFFCFE1FFFEDDEFBA22DF80C07DDEDFD63
:10FF20002AA807F7F9D9E37EAAABFFEC1ED6F3FEA9
:10FF3000A225F80006E71BFEFFFA07F80377C07E4C
:10FF4000000BBFFE037BF8FCFFFB9FFF817CEDF8FD
:10FF5000000BBFFF817F0E00FFFBAFF0617FEE6003
:10FF6000FFFBBA3FF97FDC98FFFDBDFFFE3FDCF8E9
:10FF7000FFFDBCFFFFCFDCFC0001BD7FFFF1BCFC3F
:10FF8000FFFDBDBF000E3CDC00011DC8FFFF8FDE82
:10FF900000001DF3FFFFF3BE000004FBFFFFFC7C2D
:10FFA000F8711F1A2D3541320A2D2D2D2D322D0AB3
:10FFB0001A17103D412D45242D6C35412D0C455E01
:10FFC0006C322452414D1A5E6C2D322D101A24527F
:10FFD000351F3A2D5A1F3D0C052D351F671A5E41FE
:10FFE0003D415E5E00523D45171045245A2D1F1AB3
:10FFF0006C711F1A2D4117410A5A412D2D6C1F2D6E
:020000040802F0
:100000000C3249493D45245A2D5E1A243D455A3546
:100010006C322D27455E451F242D1F3A2D322D129F
:10002000710A3217450C052D325E41520A416C2D82
:1000300067323D3D055E1F17411F24412D3D413A6A
:100040006C6C3541450A2D5E631A3D3D2D35410AE4
:1000500041052D5A0A1F5E5E00711F1A2D171A5E88
:100060006C2D2D2D2D0A416C1A0A242D6C1F2D2D5F
:100070002D6735410A412D6C35455E2D2D323D3DB4
:100080002D10415A3224322D0C41320C2D41240CBA
:10009000052D241A6C5E005E2467416700E0600055
:1000A000610062006301D011F31E720170084040CC
:1000B000710140406000312016AA00EE6102620129
:1000C0006300A000F31EF065A202F01ED1257105A9
:1000D000413E7206413E61027301534016C600EE76
:1000E0006080F015F007300016E800EEA5A460046B
:1000F0006116D0116034611DD01100EE60A36178EB
:10010000A6C6F155641326C000EE60A3618BA6C697
:10011000F155640C26C000EE60A36197A6C6F155A8
:10012000640D26C000EE0000000000000000FFFF8C
:10013000FFFFFFFFFFFF00FE5522880000000000C8
:100140000011918B8FDFC3BDBDBDB9B9BDBD817E2F
:100150005A7E7E5A7E81E7E7C3818242DB93E7E7DE
:10016000C3814142DBC90401010301010300020113
:10017000010101010103000201010101010100006F
:10018000020202020106040103010301010102014E
:100190000101010101050001010601010202000146
:1001A0000202010500000301010101010104010136
:1001B0000102020202020501010101010101020521
:1001C000010106010105010101010301010304010F
:1001D0000601010101050201020101010202000103
:1001E00000050101000005010300030101040101F4
:1001F00001030101010201010101010101000202EB
:1002000001060105020004010101010101010201D1
:1002100001060105010500010102010101010001C2
:1002200001000105010500030105010101040301AD
:1002300001010101010201010105020101000505A1
:100240000106000101000303010401050303050584
:100250000101010105050101010101010101020185
:10026000010601010105A76A00EEA78A00EEA7AA10
:1002700000EEA7CA00EEA7EA00EEA80A00EEA82A40
:1002800000EEA84A00EE80EE800EB86A6800288A68
:10029000F81EF765A3A4F81EF755780838201892C1
:1002A00000EE800E800E800EA72AF01E00EE6A007F
:1002B00069008D108DD68DD68DD68C208CC68CC6BF
:1002C0008CC600EE289000E0610062006300A3A4E9
:1002D000F31EF065400628B228A6D12873017108E4
:1002E0004140720841406100322018D200EE802E59
:1002F000800E800E8014A3A4F01E00EE28F2F0659C
:1003000028A6811E811E811E822E822E822ED12839
:1003100000EE8130824000EE29162900291628F2CD
:100320008050F0552916290000EE81D082C000EEE1
:1003300083D084C000EE292E816400EE292E72FF46
:1003400000EE292E720100EE292E290000EE294030
:1003500028F2F06500EE60004C0000EE29523005F6
:1003600060004005600100EE6700680788153F01E6
:1003700000EE680388253F0100EE28F2F065400199
:1003800067014004670100EE293483642916720175
:10039000296C3701199E7401199000EE291628F274
:1003A000F06540046901294C292E28F26001F055BE
:1003B000294C8D308C40650685A4291C00EE650112
:1003C000293474FF291C00EE650519C4293483649F
:1003D00074FF29A000EE29408164296C370100EEEA
:1003E0002940816472FF296C370100EE29C229D0AF
:1003F00029CC00EE2940296C370100EE29408164A8
:10040000296C370100EE29D000EE292E8164296C79
:10041000370119DA292E816472FF296C370100EE49
:1004200029C2298C29A029CC00EE295A30001A0EA5
:10043000292E8164296C370119F8298C29A000EE36
:1004400066FF4A001A2E29346506291C6A0000EE50
:1004500066014A011A2E29346507291C6A0100EE3B
:10046000293A296C370100EE293474FF6501291CF3
:10047000298C6505291C00EE66014A0066FF295A91
:1004800030001A64293A28F2F065300500EE29524E
:10049000300100EE293483646501291C293474FF7E
:1004A0006505291C00EE00A378FD5528C8FB0A4B02
:1004B0000428C84B072A444B092A544B062A7C4976
:1004C000001AB16020F01800E0AAAAF0657001AA35
:1004D000AAF055A378FD6500EE0040000000204022
:1004E00000004020000000000060F0F0600060604C
:1004F000007040F0500102040810204080030607FD
:10050000040E06070403030C040705070407060985
:10051000040A040B03050305030503050300020198
:10052000050A0607070809030C0C0C0C0E0304024D
:1005300001090806070A090A0B0D0E0F0D0002013A
:100540000A0D0305060809040B0B0B0B0B00030235
:1005500000010506070504080B0D0D030F28EB0A23
:100560007A02EF282A6A4A5A427A0A6E2808084A0A
:1005700008FF405E52427E40CF084A080800705093
:1005800050D7545454545454D514147C002828285B
:10059000EB0A6A0A3A223A2A2E2038082808081C50
:1005A0007F5CC9081C601C08081C601C0810000344
:1005B000F3101010DFD01616101010101000024AA1
:1005C0006670787CFF7C7870664A02000000765284
:1005D0005A040039FB3900045A52760000107E0894
:1005E0007E107E087E107E087E107E10100808D8CF
:1005F00052D010382B3A1202C24E781018105410F4
:10060000FF047C407C041C1000286C743800F2EA63
:100610000202C30AFA02FAA28A22F29A38080808E9
:100620003E22FB223E0808080808080808080808B7
:100630003E22FB223E0808080808080A08080808A5
:100640003E22FB223E080808080A080A0808080893
:100650003E22FB223E08080A080A080A083D060056
:10066000EE340700EE65FC00EE00E06100640083FC
:10067000DE833E833E833EAB61F31EF41EF0658550
:100680000062002C61AADDC00CF01E85563F00AA56
:10069000EDD124720432201C897104740134101CC1
:1006A0007B6AFF69FFA278FD1EF065300000EE80D6
:1006B000DEAB01F01EF1658A008910800E800E818C
:1006C0001E811EAAEDD014AAF5D01400EE80CE80B3
:1006D0000E81BE811EAAF1D01400EE88C087B00042
:1006E000EE5CA000EE5B9000EE660100EEAB618078
:1006F000DE800E800E800EF01E630F82C08232F20A
:100700001EF0658100AAF9630782B08232F21EF002
:100710006580126F0130002CE5300000EE8C808B7C
:10072000706F0000EEFD1EF06590D000EE8D002C85
:100730006D00EE7CFF2CF14F0000EE3CFF00EEABB5
:10074000516C0F1D297C012CF14F0000EE3C100074
:10075000EE6C00AB311D297BFF2CF14F0000EE3B0E
:10076000FF00EE6B07AB211D297B012CF14F000030
:10077000EE3B0800EE6B00AB411D2942071D3742DE
:10078000091D4942051D5B42081D6D00EE600CF01D
:100790005500E060A561A5A6C6F155642426C0F009
:1007A0000A00EEABA92D9100EEABAE2D9100EE004C
:1007B000E060A561C9A6C6F155642026C0F00A0014
:1007C000EE00E060A66115A6C6F155642426C0F0CF
:1007D0000A00EE00E060A66139A6C6F15564242641
:1007E000C0F00A00EE00E060A6618AA6C6F155647A
:1007F0001126C0F00A00EE00E060A6619BA6C6F1DB
:1008000055640526C0F00A00EE00EE6E002AAB002B
:10081000EE6E012AAB00EE6E022AAB00EE6E032AEA
:10082000AB00EE6E042AAB00EE6E052AAB00EE6E56
:10083000062AAB00EE6E072AAB00E060A561E9A6D0
:10084000C6F155642C26C0F00AA4A426A01E511E91
:10085000391DB31E151E0F1DAD1DD71E1B1DA71E56
:10086000211E331DE900EE1DC51E271DFB1E2DAAEE
:10087000AAF065300700EE7001AAAAF05500E0600A
:10088000A6615DA6C6F155642D26C0F00AAB3160A5
:1008900000F05500EEA278FD1E6001F05580DEBE2E
:1008A00053A27826A0270026E4270026F0270E264C
:1008B000E4270E26F0271C26E4271CA3A426A0F07C
:1008C0000A6C0A6B042C6D2CD1F20A2CD12CDF6639
:1008D000002D7F36002E992E7336002C6D1ECB0016
:1008E00000000000963007772C610EEEBA5109998E
:1008F00019C46D078FF46A7035A563E9A395649EEA
:100900003288DB0EA4B8DC791EE9D5E088D9D2970D
:100910002B4CB609BD7CB17E072DB8E7911DBF9069
:100920006410B71DF220B06A4871B9F3DE41BE848D
:100930007DD4DA1AEBE4DD6D51B5D4F4C785D383E9
:1009400056986C13C0A86B647AF962FDECC9658A8D
:100950004F5C0114D96C0663633D0FFAF50D088DE9
:10096000C8206E3B5E10694CE44160D5727167A28D
:10097000D1E4033C47D4044BFD850DD26BB50AA5E9
:10098000FAA8B5356C98B242D6C9BBDB40F9BCAC0D
:10099000E36CD832755CDF45CF0DD6DC593DD1AB69
:1009A000AC30D9263A00DE518051D7C81661D0BF8D
:1009B000B5F4B42123C4B3569995BACF0FA5BDB8E9
:1009C0009EB802280888055FB2D90CC624E90BB18D
:1009D000877C6F2F114C6858AB1D61C13D2D66B6E9
:1009E0009041DC760671DB01BC20D2982A10D5EF4D
:1009F0008985B1711FB5B606A5E4BF9F33D4B8E8A9
:100A0000A2C9077834F9000F8EA8099618980EE14C
:100A1000BB0D6A7F2D3D6D08976C6491015C63E6A8
:100A2000F4516B6B62616C1CD83065854E0062F2CC
:100A3000ED95066C7BA5011BC1F4088257C40FF528
:100A4000C6D9B06550E9B712EAB8BE8B7C88B9FC4C
:100A5000DF1DDD62492DDA15F37CD38C654CD4FBA8
:100A60005861B24DCE51B53A7400BCA3E230BBD44C
:100A700041A5DF4AD795D83D6DC4D1A4FBF4D6D3A8
:100A80006AE96943FCD96E34468867ADD0B860DA4C
:100A9000732D0444E51D03335F4C0AAAC97C0DDDA8
:100AA0003C710550AA41022710100BBE86200CC9CC
:100AB00025B56857B3856F2009D466B99FE461CE28
:100AC0000EF9DE5E98C9D9292298D0B0B4A8D7C74C
:100AD000173DB359810DB42E3B5CBDB7AD6CBAC0A8
:100AE0002083B8EDB6B3BF9A0CE2B6039AD2B174C4
:100AF0003947D5EAAF77D29D1526DB048316DC7320
:100B0000120B63E3843B64943E6A6D0DA85A6A7AC3
:100B10000BCF0EE49DFF099327AE000AB19E077D1F
:100B200044930FF0D2A3088768F2011EFEC2066943
:100B30005D5762F7CB67658071366C19E7066B6E9F
:100B4000761BD4FEE02BD3895A7ADA10CC4ADD67C3
:100B50006FDFB9F9F9EFBE8E43BEB717D58EB0601F
:100B6000E8A3D6D67E93D1A1C4C2D83852F2DF4FC3
:100B7000F167BBD16757BCA6DD06B53F4B36B2481F
:100B8000DA2B0DD84C1B0AAFF64A0336607A0441C3
:100B9000C3EF60DF55DF67A8EF8E6E3179BE69461F
:100BA0008CB361CB1A8366BCA0D26F2536E2685243
:100BB00095770CCC03470BBBB91602222F2605559F
:100BC000BE3BBAC5280BBDB2925AB42B046AB35CC3
:100BD000A7FFD7C231CFD0B58B9ED92C1DAEDE5B1F
:100BE000B0C2649B26F263EC9CA36A750A936D0203
:100BF000A906099C3F360EEB85670772135700055F
:100C0000824ABF95147AB8E2AE2BB17B381BB60C82
:100C10009B8ED2920DBED5E5B7EFDC7C21DFDB0BDE
:100C2000D4D2D38642E2D4F1F8B3DD686E83DA1F02
:100C3000CD16BE815B26B9F6E177B06F7747B7185E
:100C4000E65A0888706A0FFFCA3B06665C0B011102
:100C5000FF9E658F69AE62F8D3FF6B6145CF6C165E
:100C600078E20AA0EED20DD75483044EC2B3033902
:100C7000612667A7F71660D04D476949DB776E3E5E
:100C80004A6AD1AEDC5AD6D9660BDF40F03BD83782
:100C900053AEBCA9C59EBBDE7FCFB247E9FFB530DE
:100CA0001CF2BDBD8AC2BACA3093B353A6A3B42402
:100CB0000536D0BA9306D7CD2957DE54BF67D9235E
:100CC0002E7A66B3B84A61C4021B685D942B6F2A02
:100CD00037BE0BB4A18E0CC31BDF055A8DEF022D5E
:100CE00052414D4E2A4543555F412A303030312A1A
:100CF000554E4954312A0000100220000FA0000177
:100D0000FF070000FF070000FF070000FF070000CB
:100D1000FF070000FF070000FF070000FF070000BB
:100D2000FF070000FF070000F0070000F0070000C9
:100D300000000000240000003900000062000000F4
:100D4000770000009800000050010000A70100009B
:100D5000B8010000BB010000D301000050050000F5
:100D6000E00700000000000000FFFF0000FFFF00A0
:100D700000FFFF0000FFFF0000FFFF0000FFFF007B
:100D800000FFFF0000FFFF0000FFFF0000FFFF006B
:100D900000F0FF0000F0FF00000000005A01F01812
:100DA0005A03F0181309F0180305F0185AD4FD1867
:100DB0004741FE0C05CCFD0C21D4FD182100FF1885
:100DC0000DFAFE180000551800007E180000000003
:100DD000E0000320AC00032094000320F400032073
:100DE000C000032008010320E8E70108180F0208EB
:100DF00007000000100E02081000010070E8010852
:100E0000F80F020807000000900E02081100000011
:100E100001F00000010000000004000000000000DC
:100E200003F00000030000000000000002000000CA
:100E300004F000000400000009F0000006000000BB
:100E400005F000000800000000010000070000009D
:100E5000FAFE00000D000000F1FE00000C00000092
:100E6000CCFD00000B00000041FE00000F00000060
:100E700000FF00001000000002FF0000FF00000063
:100E800000EF0000FF000000D4FD0000FF000000A4
:100E900024000000010000001A0000000000000013
:100EA00039000000030000002F00000002000000D5
:100EB0004300000004000000620000000600000083
:100EC0005800000005000000770000000800000046
:100ED0006D000000070000009800000009000000FD
:100EE000A20000000A000000D30100000D00000075
:100EF000C90100000C000000A70100000B00000069
:100F0000B80100000E000000500100000F000000BA
:100F1000BB010000100000002A0B04040000004088
:100F200000000000000000000800000014000000A5
:100F3000FFFFFFFF000000002A00000C000000403F
:100F40000000000000000000080000000A0000008F
:100F5000FFFFFFFF020000002A04F00C0000004029
:100F60000000000000000000080000001400000065
:100F7000FFFFFFFF040000002A13EF0800000040FD
:100F80000000000000000000080000001400000045
:100F9000FFFFFFFF050000002A03010C00000040D6
:100FA0000000000000000000080000003200000007
:100FB000FFFFFFFF070000002A5AEF180000004063
:100FC00000000000000000000800000064000000B5
:100FD000FFFFFFFF0A0000002AF1FE18000000409A
:100FE0000000000000000000080000006400000095
:100FF000FFFFFFFF0C0000001A00000000000000CF
:101000000000000000000000080000000A000000CE
:1010100010002000000000002F0000000000000071
:101020000000000000000000080000000A000000AE
:10103000100020000200000043000000000000003B
:101040000000000000000000080000000A0000008E
:101050001000200004000000580000000000000004
:101060000000000000000000080000000A0000006E
:1010700010002000050000006D00000000000000CE
:1010800000000000000000000800000064000000F4
:101090001000200007000000A20000000000000077
:1010A00000000000000000000800000064000000D4
:1010B000100020000A000000C9010000000000002C
:1010C00000000000000000000800000064000000B4
:1010D000100020000C00000056554C4E4552414275
:1010E000494C495459000000000102030405060759
:1010F000080C101418203040303132333435363774
:1011000038394142434445460000000000000000D9
:1011100000000000000000000000000000000000CF
:1011200000000000000000000000000000000000BF
:101130000000000000000000000102030405060793
:101140000809000000000000000A0B0C0D0E0F0043
:10115000000000000000000000000000000000008F
:101160000000000000000000000A0B0C0D0E0F0034
:10117000000000000000000000000000000000006F
:10118000000000000000000000000000000000005F
:10119000000000000000000000000000000000004F
:1011A000000000000000000000000000000000003F
:1011B000000000000000000000000000000000002F
:1011C000000000000000000000000000000000001F
:1011D000000000000000000000000000000000000F
:1011E00000000000000000000000000000000000FF
:1011F00000000000000000000000000000000000EF
:101200000000000000000000A0860100400D030067
:10121000801A060000350C0040420F0080841E003A
:1012200000093D0000127A000024F40000366E012F
:101230000048E801006CDC02000000000000000033
:101240000000000000000000000000000102030494
:101250000000000000000000010203040607080966
:101260000001020304050607080C10141820304082
:101270009200000000010500010088000000070046
:1012800000002A00440065007600690063006500E4
:1012900049006E0074006500720066006100630022
:1012A00065004700550049004400730000005000ED
:1012B00000007B0063003100350062003400330021
:1012C000300038002D0030003400640033002D0061
:1012D00031003100650036002D00620033006500EA
:1012E00061002D0036003000350037003100380035
:1012F0003900650036003400340033007D00000002
:1013000000000000280000000001040001000000AF
:1013100000000000000157494E55534200000000F4
:10132000000000000000000000000000F3000000CA
:10133000006CDC0201000000100000000200000050
:10134000080000000400000001000000000200008E
:101350000100000000000000010000000200000089
:041360003700000052
:08136400DCEEFD7F010000003A
:04136C00250200084E
:04137000010200086E
:10137400D0070000FFFFFFFF5000A00001000000A5
:101384000000000000000000000000000000000059
:101394000000000000000000000000000000000049
:1013A4000000000000000000000000000200000037
:1013B40001000000000000000000000000000040E8
:1013C4000000000002000000010000000000000016
:1013D40000000000FFFF204003002E001800000062
:1013E40000000000000000000000FF0701000100F1
:1013F40000000000000000000100000000000000E8
:101404000000010139A00008D19C0008C99C000813
:101414007DA00008B19A00080100000009A100089D
:10142400D1A30008E1A000080000000059A10008B1
:10143400A1A60008D9A6000800000000A1A8000881
:101444000000000044E401084CE401085CE40108E5
:1014540079AC000831AB0008000000001DAB0008A7
:10146400000000007DAC000881AD00080000000011
:10147400000000000000000035AF0008CDAE0008F9
:101484000000000000000000000000000100200037
:10149400FC0D020800000000E80700000000000046
:1014A4000000000000000000000000000000000038
:1014B4000000000000000000000000000000000028
:1014C400E807000000000000000000000000000029
:1014D4000000000000000000000000000000000008
:1014E40000000000000100000000000000000000F7
:1014F40000000000000000000000000000093D00A2
:1015040001000000080000000000000000000000CE
:1015140000000000000000000100000000000000C6
:1015240000000000200000008D6301082963010809
:10153400F96201080000000035620108BD6101087C
:101544005D610108000000000000000000000000D0
:101554001D6101081D6101081D6101082D6101085B
:101564003D61010812034D00530046005400310050
:10157400300030002000000009026A0003010080EE
:10158400FA080B0001FFFFFF000904000002FFFF3F
:10159400FF00070581024000000705020240000029
:1015A400080B010202020102090401000102020106
:1015B4000005240010010524010002042402020590
:1015C4002406010207058303080008090402000237
:1015D4000A000000070504024000000705840240D9
:1015E400000000000A0600020000004001000000A4
:1015F400AAAAAAAA319E0108999C01089D9C0108E7
:10160400399D0108059D01081A030000000000002F
:1016140000000000000000000000000000000000C6
:10162400000000000403090412010002EF0201405B
:10163400501D6F600001010203010000E59E0108D6
:10164400F19E0108FD9E0108159F01085D9F010898
:101654002D9F0108459F010859A001083DA00108DC
:10166400D99F0108ADA00108FC020320000000007E
:101674006C760320D47603203C770320000000001E
:101684000000000000000000000000000000000056
:101694000000000000000000000000000000000046
:1016A4000000000000000000000000000000000036
:1016B400000000000000000070B58AB072B6AA24D1
:1016C4004FF40055684600F067F80621069BCDE903
:1016D400044543F08063284A00910693936A002BE3
:1016E40003DA2649264B91609360234B9A6A520091
:1016F40003D52449244A19611A61244C2378012B07
:1017040036D0012300264FF47A702370666000F00F
:101714003FF8054668B12670174B9A6A42F080423A
:101724009A629A6A42F000429A6262B601200AB052
:1017340070BD114E049A336C4FF47A7023F0FF039A
:1017440013433364326C069B22F0806203F080639F
:1017540013433364B36A43F40033B36200F018F8FC
:1017640025700028D8D1B36A43F00063B362DCE784
:1017740002200AB070BD00BF00200240230167456B
:10178400AB89EFCD3B2A19087F6E5D4C980103208D
:101794005FF800F01DFA00085FF800F07DFD000816
:040000050800EA5DA8
:00000001FF
