:020000040800F2
:1000000000000420C5690008416800084568000830
:10001000496800084D68000851680008156A000822
:10002000000000000000000000000000E10E0108D8
:100030005568000800000000710E010815E700086F
:10004000156A0008156A0008156A0008156A000894
:10005000156A0008156A0008156A0008156A000884
:10006000156A0008156A0008156A0008156A000874
:10007000156A0008156A0008156A0008156A000864
:10008000156A0008156A0008156A0008156A000854
:10009000156A0008156A0008156A0008156A000844
:1000A000156A0008156A0008156A0008156A000834
:1000B000156A00085968000865680008156A000894
:1000C000156A0008156A0008156A0008156A000814
:1000D000156A0008156A0008156A000871680008AA
:1000E0007D680008156A000889680008156A00081C
:1000F000156A0008156A0008156A0008156A0008E4
:10010000156A000895680008A1680008156A0008CB
:10011000156A0008156A0008156A0008156A0008C3
:10012000156A0008AD680008B9680008156A00087B
:10013000C5680008156A0008156A0008156A0008F5
:10014000156A0008156A0008D1680008156A0008D9
:10015000156A0008156A0008156A0008156A000883
:10016000156A0008DD680008156A0008156A0008AD
:10017000156A000800000000156A00080000000071
:10018000E9680008156A0008156A0008156A000881
:10019000156A0008156A0008156A0008156A000843
:1001A000156A0008156A0008156A0008156A000833
:1001B000156A000800000000F5680008156A0008CC
:1001C000156A000800000000156A0008156A00089A
:1001D000156A0008156A0008156A0008156A000803
:1001E000156A0008156A0008156A0008156A0008F3
:0401F000000000000B
:1002000010B5054C237833B9044B13B10448AFF350
:1002100000800123237010BD600203200000000055
:100220003814010808B5034B1BB103490348AFF369
:10023000008008BD0000000064020320381401089B
:10024000034613F8012B002AFBD1181A0138704716
:10025000704700BF02F05EB8F0B52B4C2B4E9BB040
:100260004FF0FF332822694620680FF0C7F828288E
:10027000F6D1039805F06EFD054600283BD1029BA0
:10028000D3B929460AAA009802F0E0F80FF0BCFDA5
:100290000AA90246684602F05FFA0FF0B5FD0AA906
:1002A0000246684601F0BEFE0FF0AEFD0AA9024606
:1002B000684602F015F8D3E7B3F1005FEDD140F2E4
:1002C0000372009B9342E8D10822039900279142D0
:1002D00028BF11460D46C6E90577B760019F0C4956
:1002E0000C48C6E90037F56005F040FD3046094985
:1002F00001F006FDD1E74FF0FF332A4620680AA936
:100300000FF07CF8BBE700BFB82703209002032062
:100310009005FA0B840203202DE9F0431F4D9BB09A
:10032000DFF8808001AE0AAF002404EBC401C4F101
:1003300024024FF0FF33286806EB81010FF05EF8CE
:100340000444232CF1D9049805F004FD039B814655
:10035000B3F1005F00D0A0B9114807F0F5FD50B12E
:100360003A4631460E4807F0B9FCD8F80C30013354
:10037000C8F80C30D8E74FF0FF3201210FF0D8FF5A
:10038000EAE70024A9EB040239194FF0FF3328688B
:100390000FF034F804444C45F4D3DDE7B4270320D0
:1003A000582603200000032000B583B001F0ECFFC5
:1003B00001F08CFB03221B491B4806F025FF03F0CC
:1003C00025FC00F037FE03F03DFC0FF01DFD01F0B1
:1003D00023FE0FF019FD01F07DFF14480BF098FC8F
:1003E00013480BF05DFC134C0FF00EFD019003F071
:1003F0000FFC019803F02CFC019800F033FE2378E9
:100400002BB9019802F014F9019801F093FE0198BC
:1004100001F070FF019802F093F90A2101A80FF092
:1004200033FCE1E7182A0320482703209023032008
:10043000F8220320760003202DE9F0410026214D0B
:10044000DFF88C80204FA6B012E010F0B7FB98F8D0
:10045000003033B10B9B23B164200EF013FA01F08E
:1004600035FB002202231146386800960FF0E2FFA8
:100470004FF0FF32012100200FF05AFF10F090FBE7
:10048000124807F0B7FE044606A9104807F022FDFF
:1004900002A90E4807F046FD5422294611A8AC6077
:1004A00010F072FF094B1E66189BB3F5003FCCD9C4
:1004B000AB689B02C9D5012385F820300B9301F06E
:1004C000ADFBC2E700000320181B032058260320C1
:1004D0008002032000232DE9F04D84B07D4EDFF82B
:1004E0000082DFF804B27C4DDFF800A20DF10E07A8
:1004F0008DF80B3013E028680EF08AFE012808D929
:100500004FF0FF330222286803A90EF077FF02287C
:1005100045D000214FF0FF3208460FF009FF306848
:100520000EF076FE0028E6D04FF0FF33012230684F
:100530000DF10B010EF062FF0128DCD130680EF0E6
:1005400067FE0128D7D94FF0FF330222306803A994
:100550000EF054FF0228CED1BDF80C20B2F5845F16
:10056000C9D8002A40F0A5809DF80B40002C52D13C
:100570000FF04AFC594B5A49BDF80C20009705F082
:1005800067FBBDF80E30002B79D10FF03DFC534BCB
:100590005349BDF80C20009705F0AAFBABE7BDF866
:1005A0000C20B2F5805FB4D272B10024121B08EBAC
:1005B00004014FF0FF3328680EF020FFBDF80C2037
:1005C000204484B2A242F1D10FF01EFC434B4146BD
:1005D000BDF80C20009705F0EBFCBDF80E30002BA9
:1005E00097D039464FF0FF330222DAF800000EF0C0
:1005F0001DFEBDF80E204FF0FF333849DAF8000039
:100600000EF014FE002202231146DBF800000092D7
:100610000FF010FF7DE70FF0F7FB304B3049BDF8CE
:100620000C20009705F03CFBBDF80E30002BACD041
:100630002A490A787F2A08D1022BA6D98B78A3F100
:100640001102012AA1D9312B9FD0264839460446F0
:100650004FF0FF33022200680EF0E8FDBDF80E20D7
:100660004FF0FF331D4920680EF0E0FD0022022309
:100670001146DBF8000000920FF0DCFE85E7194818
:1006800039464FF0FF33022200680EF0CFFD1548C7
:10069000BDF80E204FF0FF33104900680EF0C6FD84
:1006A000022322462146DBF8000000940FF0C2FE30
:1006B0006BE70024121B4FF0FF3308EB0401306896
:1006C0000EF09CFEBDF80C2023189CB2A242F1D182
:1006D0004AE700BFC4020320B8020320507F012074
:1006E000D48F0120C002032058080320B402032045
:1006F0002DE9F04FDFF8148185B0404E404DDFF812
:1007000010A108F19C0908F5805B02AF14E028688D
:100710000EF07EFD012809D94FF0FF330222286830
:100720000DF106010EF06AFE022846D000214FF0BE
:10073000FF3208460FF0FCFD30680EF069FD01281D
:10074000E5D94FF0FF3302222E4930680EF056FEF5
:100750000228DCD1B8F89420B2F5845FD7D872B102
:100760000024121B09EB04014FF0FF3330680EF038
:1007700045FEB8F89420204484B2A242F1D10FF093
:1007800043FB0146204802F0DDFB0028BFD103E017
:100790009BF823010EF076F80FF036FB05F05EF9BA
:1007A0000128B4D030680EF033FD0128AFD89AF894
:1007B0000030002BECD10A20ECE7BDF80620082A17
:1007C000B4D86AB10024121B39194FF0FF332868DE
:1007D0000EF014FEBDF80620204484B2A242F2D1ED
:1007E0000FF012FB3946BDF8062005F079FB012811
:1007F0009CD00A200EF046F8F2E700BFC0020320AA
:10080000B4020320ECB0012058A0012058B0012010
:100810007600032001F082BD01F084BD002001F0CC
:1008200085BD00BF0022024B02481A600BF070BA6F
:100830007C02032044230320014B1868704700BF4B
:100840007C0203200000000010B59EB04822002169
:100850000CA810F00DFD00234FF40070CDE9023319
:10086000CDE90433CDE90733CDE90933019306938C
:100870000B9309F017FC08B172B6FEE701230222C0
:10088000169311931993179210231D9207229FED2F
:100890001E7BCDE91A320324042312900CA81C936A
:1008A0008DED0C7B189409F039FE034608B172B641
:1008B000FEE70F22214601A8CDE9033305930294F8
:1008C000019209F0D7FC034608B172B6FEE7104A60
:1008D0004FF0005C916D4BF67F3441F08071916573
:1008E000926D069302F080720092089322222023D8
:1008F00006A8CDE90A230099CDF81CC009940AF096
:100900006DFD1EB010BD00BF2900000000000100F9
:10091000001002402DE9F04194B072B64FF0006231
:10092000AA4B9A60BFF34F8F62B6002406F074F8AA
:10093000FFF78AFFCDE90E44CDE91044A44D12948F
:10094000EB6C4FF4604143F00403EB64EB6C224624
:1009500003F004030793079BEB6C9E4843F080036E
:10096000EB64EB6C012603F080030893089BEB6CAF
:100970004FF4007843F00103EB64EB6C082703F0BD
:1009800001030993099BEB6C43F00203EB64EB6CEE
:1009900003F002030A930A9B08F0C4F8224640F2CF
:1009A00001118D4808F0BEF8224641F2E4018B485F
:1009B00008F0B8F84FF4604386480EA9CDE90E362A
:1009C0001094119407F000FF40F2011382480EA921
:1009D000CDE90E36CDE9104407F0F6FE41F2E4030E
:1009E0007E480EA9CDE90E36CDE9104407F0ECFEA5
:1009F00079480EA9CDE90E84109607F0E5FE7848F7
:100A00000EA9CDE90E74109407F0DEFEAB6C052143
:100A100043F00403AB64AB6C224603F0040304937D
:100A2000049BAB6C1D203343AB64AB6C334005932C
:100A3000059BAB6C43F00203AB64AB6C03F00203A9
:100A40000693069B06F0D2FC1D2006F009FD224607
:100A500005211E2006F0CAFC1E2006F001FD2246DC
:100A60000521502006F0C2FC502006F0F9FC20467B
:100A700008F0D6FB08B172B6FEE708F0E5FB0346C6
:100A800048B958484360584B03600AF0CFFC03460E
:100A900018B172B6FEE772B6FEE710224FF4407E40
:100AA0004FF03C0C0F2113240425504882618262D0
:100AB0004F4AC0E90E634360C360837413704D4BAB
:100AC000C0E907C40360C0E90C560682466146626D
:100AD000C0F808E0C16206F057FF0346D8B9072204
:100AE0004FF4E0614FF482744348C0E90433C0E935
:100AF0000833C0E90A3283600363404BC0F81880B2
:100B00000360C76147634460C1600AF0B3FE0346F7
:100B100018B172B6FEE772B6FEE70BAF0B90CDE9E7
:100B20000E00CDE91000CDE91200C7E901004FF435
:100B300080704FF4301C03214FF48052304CC4E9D4
:100B4000023384F82030A362E36284F838302D4BFE
:100B500020832046266184F830606561C4F804C0B3
:100B6000E1616263236005F07BFF08B172B6FEE7C6
:100B70000B903946204606F0C1FB08B172B6FEE77D
:100B800006237F220F93204B109013900EA920462E
:100B9000129511920E9306F091F808B172B6FEE725
:100BA0000C231A4A20460EA90E920F9306F086F8DF
:100BB00008B172B6FEE71223154A20460EA90E921E
:100BC0000F9306F07BF828B372B6FEE700ED00E065
:100BD00000100240000802420000024200040242EB
:100BE000001C02425C25032000080C42582603200A
:100BF0008002032000A40040F824032000380040B5
:100C00004827032000800242400020190002B0253E
:100C10000004002A002301225149C1E905338B80D9
:100C2000504B08460B600A6206F04CFC034608B1C4
:100C300072B6FEE74C484D4AC37202604FF402732D
:100C400002228380C0F8072008F008FB08B172B6C2
:100C5000FEE741F63F75464C464ACDE90E00C4E931
:100C600001001090A06120462260E5600BF040FA80
:100C7000034608B172B6FEE720460EA90E93109304
:100C80000BF068FA034608B172B6FEE73A4CCDE9BC
:100C90000E331093A360A36142F20F73374A2046CC
:100CA000C4E90023E5600BF023FA034608B172B6ED
:100CB000FEE720460EA90E9310930BF04BFA034665
:100CC00008B172B6FEE74F254FF6FF742C482D4A47
:100CD000C0E904338360836102604560C4600BF047
:100CE00007FA034608B172B6FEE72748C0E9015388
:100CF000C0E90343C0E90533244B03600BF0F8F966
:100D000008B172B6FEE74FF080414FF0FF32204C41
:100D10000B90CDE90E00CDE91000C7E90100C4E950
:100D200001002061A06120462160E2600BF0E0F943
:100D300008B172B6FEE74FF4805320460EA90E9319
:100D40000BF024F808B172B6FEE7002339461048CC
:100D50000B930D930BF0FEF90446D8B172B6FEE783
:100D6000BC26032000300240D01F032000D40040E6
:100D7000442303200014004090230320001000406F
:100D8000F822032000440140AC2203200048014027
:100D9000DC230320624822460121624B0090CDE90A
:100DA000014446F206000EF0DBF902465E4D5F4E4E
:100DB00000950121CDE901445D4B326046F2060009
:100DC00022460EF0CDF95B4B5B4A01210092CDE942
:100DD000014422461860594B4FF47A600EF0C0F976
:100DE000574D584B224600930121CDE90144564B03
:100DF00028604FF47A600EF0B3F9544B224600930A
:100E0000534B0121CDE901441860524B4FF4A040EF
:100E10000EF0A6F9504B22460093504B0121CDE92C
:100E2000014418604E4B4FF4A0400EF099F94D4B21
:100E30004D4918604D4802F09BFF01F037FD0EF060
:100E4000E3FF32464A4B4B49009501F05FFC4A48AC
:100E500002F0CEFF494801F093F84948494A4A490F
:100E600000F01AFE0EA80E9401F016FD20B90E9B9C
:100E700013B9464801F0E8FC0DF05AFC0021444A41
:100E800044480DF0A5FC0446434B0021434A444826
:100E90001C600DF09DFC0446424B0021424A434831
:100EA0001C600DF095FC0446374B0021404A414838
:100EB0001C600DF08DFC04462B4B00213E4A3F4840
:100EC0001C600DF085FC04462E4B00213C4A3D4839
:100ED0001C600DF07DFC0446264B00213A4A3B483D
:100EE0001C600DF075FC0446394B0021394A3A4824
:100EF0001C600DF06DFC0446384B0021384A39481F
:100F00001C600DF065FC0446374B0021374A384819
:100F10001C600DF05DFC374B18600DF02BFCFEE7FC
:100F20007C030320481F012058030320C402032030
:100F300040BF0020C002032034030320A0AF0020E4
:100F4000B80203201003032000A00020EC020320BD
:100F5000B402032000500020C8020320B827032059
:100F600000000020B427032068160320F824032083
:100F7000BC020320080D03205C250320BC260320AF
:100F800058260320B8110320181B03200400918069
:100F90009C17010855020008CC1F03207817010890
:100FA00059020008C81F032054170108190300083C
:100FB00030170108A90300080C17010839040008BC
:100FC000E8160108D5040008C4160108F106000857
:100FD00058080320A016010815080008A8030320DC
:100FE0007C16010819080008A403032058160108FC
:100FF0001D080008A0030320094A0368934206D095
:10100000084A93420AD0084A934205D07047074ADB
:10101000136801331360704701F074B905F00EBD19
:1010200000140040002C0140001000407C0203200E
:1010300072B6FEE7024B0348DB8B037002F0B8BECA
:1010400054000320B1270320054AD38B9BB211B172
:101050000343D383704723EA0003D383704700BF61
:101060005400032070B5154E154D336804461B68B7
:10107000A88B1B6F134980B298473368E88B1B68B5
:101080001149D3F8803080B2984740F6B7330F4A01
:10109000E98B9C4211700E4B01D8197831B10122B5
:1010A0001A700A48BDE8704002F082BEFF23137038
:1010B0000648BDE8704002F07BBE00BF7C00032004
:1010C0005400032044290320B8290320B12703201A
:1010D000B02703200870704700787047030A087033
:1010E0004B707047012994BF00780088704700BF9B
:1010F000012908D94FF6FE2302889A4203D8981A8C
:10110000C0F34F0070470020704700BF012911D97C
:101110004378FA2B07D8084AC3EB0330A2FB002020
:10112000C0F30F10704740F6FF72FF2B0CBF00207A
:101130001046704700207047D34D6210022907D92E
:101140004FF6FF73B0F80100984208BF00207047C7
:1011500000207047042907D94FF6FF73B0F8030049
:10116000984208BF0020704700207047012907D926
:101170004FF6FF730088984208BF4FF40060704735
:101180000020704701290ED94FF6FF73008898425E
:1011900009D047F27F53984238BF1846A0F5EA407D
:1011A0007F3880B270474FF400607047032986BFD4
:1011B000C078C0F381000020704700BF09B10078FB
:1011C00070470846704700BF012906D9437803F0ED
:1011D0000F03013BDBB2022B01D900207047024A0A
:1011E00032F81300704700BFC017010819B1017829
:1011F000C1F3810070470846704700BF032986BFCE
:10120000C07800F003000020704700BF034600B51F
:1012100083B008465BBA02220DF10601ADF8063034
:1012200004F0A4FD03B000BD8446002310B50C46B5
:1012300082B00DF1060002226146ADF8063004F0DE
:1012400095FDBDF80600012C98BFC0B240BA80B22F
:1012500002B010BD002300B5012983B0ADF80630FF
:1012600002D8184603B000BD014602220DF1060067
:1012700004F07CFD9DF8060003B000BD38B50D46B6
:1012800004460822FF21284604F06CFDB4F5FB4F0C
:101290000ADAC4F5FA447F34640004F0FE03C4F3B0
:1012A00007242B706C7038BD002423466C702B70A3
:1012B00038BD00BF38B50D460822FF210446284638
:1012C00004F050FDFA2204FB02F2044BA3FB0213CC
:1012D000D21A03EB5203DB0A6B7038BD0101100018
:1012E00038B50C4605460822FF21204604F03AFD99
:1012F0002B0A6570A37038BD38B50C460546082228
:10130000FF21204604F02EFD2B0AE570237138BD25
:1013100038B50C4605460822FF21204604F022FD80
:101320002B0A2570637038BD38B50C460822054677
:10133000FF21204604F016FD48F6802247F27F5335
:10134000954294BF5B199B189BB21A0A2370627076
:1013500038BD00BF38B50D4604460822FF21284697
:101360007D3404F0FFFCAC7038BD00BF38B50D46CD
:1013700004460822FF21284604F0F4FCEB78A40080
:1013800023F00C0304F00C042343EB7038BD00BFC2
:1013900038B50C4605460822FF21204604F0E2FC41
:1013A000257038BDFF2838B50D460FD9C3B2002BC4
:1013B0000CBF012403240822FF21284604F0D2FC9C
:1013C0006B7823F00F031C436C7038BD031E18BFED
:1013D00001235C00EFE700BF38B50D460446082244
:1013E000FF21284604F0BEFC2B78A40023F00C0358
:1013F00004F00C0423432B7038BD00BF38B50C46F5
:1014000005460822FF21204604F0ACFCE37805F0F5
:10141000030523F003032B43E37038BD38B50D46B5
:1014200004460822FF21284604F09CFC012C0AD027
:10143000022C05D0032C0CBFD723FF23AB7038BD83
:10144000C723AB7038BDC323AB7038BD38B50C466D
:1014500005460822FF21204604F084FCEBB2022B53
:1014600012D0032B09D0042B0CBF51230023FF2DD6
:1014700088BF43F00403237038BD1123FF2D88BFBC
:1014800043F00403237038BD0123FF2D88BF43F0D0
:101490000403237038BD00BF38B50C46054608224A
:1014A000FF21204604F05EFC15F0080F0CBF002160
:1014B000FA2115F0100F0CBF0022FA2215F0200FB0
:1014C0000CBF0023FA2315F0400F0CBF0020FA20B8
:1014D00015F0800FE0700CBF0020FA2015F0010F0E
:1014E00021700CBF0021FA2115F0020F62700CBFB1
:1014F0000022FA2215F0040FA3700CBF0023FA2378
:1015000020716171A271E37138BD00BF022906D953
:1015100080787D38C0B2812888BF002070470020C5
:10152000704700BF032906D9C0787D38C0B2812832
:1015300088BF002070470020704700BF02290FD9E4
:10154000837803F00C02042A01D001207047C3F312
:101550000113012B06D0002B0CBF02200120704785
:10156000002070470320704707292DD9037842785F
:10157000A3F1FA03B3FA83F3FA2A4FEA53138278FA
:101580004FEAC30308BF43F01003FA2AC27808BF2A
:1015900043F02003FA2A027908BF43F04003FA2AF5
:1015A000427908BF43F08003FA2A827908BF43F0EA
:1015B0000103FA2AC27908BF43F00203FA2A08BFDE
:1015C00043F00403184670470020704700787047C6
:1015D000D9B103789A09012A0ED003F03002102AFB
:1015E00015D003F00302012A14BF0120022003F0EA
:1015F0000C03042B06D0704703F00C03042B4FF0B0
:101600000400F8D140F47F4070470846704703203B
:10161000EDE700BF007870470078704700787047AA
:1016200000787047087070470870704708707047FE
:101630000870704708707047030A08704B70704755
:10164000012994BF00780088704700BF38B50D4667
:101650000822FF210446284604F084FBFA2204FBFA
:1016600002F2044BA3FB0213D21A03EB5203DB0A70
:101670006B7038BD01011000012911D94378FA2B94
:1016800007D8084AC3EB0330A2FB0020C0F30F10B9
:10169000704740F6FF72FF2B0CBF002010467047CA
:1016A00000207047D34D6210034600B583B0084652
:1016B0005BBA02220DF10601ADF8063004F056FBCC
:1016C00003B000BD034600B583B008465BBA0222F2
:1016D0000DF10601ADF8063004F048FB03B000BD83
:1016E000034600B583B008465BBA02220DF106013D
:1016F000ADF8063004F03AFB03B000BD034600B578
:1017000083B008465BBA02220DF10601ADF806303F
:1017100004F02CFB03B000BD034600B583B00846BF
:101720005BBA02220DF10601ADF8063004F01EFB93
:1017300003B000BD034600B583B008465BBA022281
:101740000DF10601ADF8063004F010FB03B000BD4A
:10175000034600B583B008465BBA02220DF10601CC
:10176000ADF8063004F002FB03B000BD8446002350
:1017700010B50C4682B00DF1060002226146ADF8AC
:10178000063004F0F3FABDF80600012C98BFC0B291
:1017900040BA80B202B010BD8446002310B50C469A
:1017A00082B00DF1060002226146ADF8063004F069
:1017B000DDFABDF80600012C98BFC0B240BA80B275
:1017C00002B010BD8446002310B50C4682B00DF166
:1017D000060002226146ADF8063004F0C7FABDF8F3
:1017E0000600012C98BFC0B240BA80B202B010BD52
:1017F0008446002310B50C4682B00DF1060002228B
:101800006146ADF8063004F0B1FABDF80600012CCF
:1018100098BFC0B240BA80B202B010BD8446002367
:1018200010B50C4682B00DF1060002226146ADF8FB
:10183000063004F09BFABDF80600012C98BFC0B238
:1018400040BA80B202B010BD8446002310B50C46E9
:1018500082B00DF1060002226146ADF8063004F0B8
:1018600085FABDF80600012C98BFC0B240BA80B21C
:1018700002B010BD8446002310B50C4682B00DF1B5
:10188000060002226146ADF8063004F06FFABDF89A
:101890000600012C98BFC0B240BA80B202B010BDA1
:1018A000002300B5012983B0ADF8063002D81846F0
:1018B00003B000BD014602220DF1060004F056FA05
:1018C000BDF80600000A03B000BD00BF012918D909
:1018D000037803F00302012A17D003F00C02042A54
:1018E00015D003F03002102A0DD003F0C003402BB6
:1018F0000FD0437803F00303012B0CBF0620012017
:101900007047002070470520704702207047032071
:1019100070470420704700BF2DE9F04F3A4B8346D3
:10192000984283B007D8394B984260D94FF02809C4
:101930004FF4487609E036494FF02509B1FBFBF139
:10194000C9B2192940F2EE265BD90124304B01348B
:10195000A4B2B3FBF4F1B1FBFBF1C9B21929F6D87B
:10196000B4F5806F3FD201202A4BCDF804B01F6838
:1019700023186FF0004C4FF47A759B461FFA83FAD8
:10198000A1F1020EBEEB510F4FEA51031ADD01F136
:10199000FF385FFA88F805FB03F2B2FBF1F2B21AE6
:1019A000002AB8BF5242624509DA914507DB0020A0
:1019B0009446A8EB0302D2B2FB617C613A62013328
:1019C0007345E8DB124B1FFA8BF4B3FBFAF1019B72
:1019D000B4F5806FB1FBF3F10AF1010AC9B203D08B
:1019E00004F1010BCCE7012003B0BDE8F08F0849FA
:1019F0004FF02B09B1FBFBF1C9B2192940F26B364C
:101A0000A3D80124AFE700BF00350C0020A10700D8
:101A1000005A6202AC2803204FF0804102220123C9
:101A20002DE9F041174C0025C4E91123164E174F3C
:101A3000DFF86080E16311E0D8F800202365937C33
:101A4000003B18BF012312493868A36406F086F8EA
:101A500078B96B1C022B4FF0010511D056F8043BEE
:101A60002564E364002BE7D06FF060420123226518
:101A7000E9E7FFF7DDFA6B1C022B4FF00105EDD112
:101A8000BDE8F08100000320D8180108AC2803202D
:101A90003C0003207C00032038B50C46064D074966
:101AA000074B0A602860074901201C600DF0F8F818
:101AB000054B186038BD00BFAC280320A4280320C4
:101AC000A8280320BC2703200C280320F0B54D4E86
:101AD00083B0306806F0ECF8306805F055FF002858
:101AE0006FD10022484D402148482A71EA602A619E
:101AF0006A61AA61AA60EA6185F8202007F012F8FD
:101B0000306806F0D5F80D2202233068C0E90D23B5
:101B100005F03AFF002871D100240222012340F28F
:101B2000FF71C5E90B233A4FA9636C6202E00134EF
:101B30000D2C0ED037F8023B36493068AC626B632F
:101B400006F00CF80028F2D00134FFF771FA0D2CE2
:101B5000F0D1FFF761FF00230222306811460093A5
:101B600006F028F8002846D1306806F045F800282D
:101B70003ED100220121306806F0ECF9A8BB00221A
:101B80000621306806F0E6F960BB07224FF4F051F9
:101B9000306806F0DFF910BB07228021306806F0BC
:101BA000D9F9C8B900221C49306806F0D3F980B9C8
:101BB00000224FF46021306806F0CCF920B903B060
:101BC000F0BDFFF735FA8CE703B0BDE8F040FFF752
:101BD0002FBAFFF72DFAEBE7FFF72AFAE2E7FFF754
:101BE00027FAD9E7FFF724FACFE7FFF721FAC6E78C
:101BF000FFF71EFABDE7FFF71BFAB5E7FFF718FA84
:101C00008AE700BFAC280320000003200004024242
:101C1000E01801082400032000407100014B1868FF
:101C200006F046B8AC280320FFF7F6BE082824D8F3
:101C3000DFE800F0080C1014171A1D2005001448E6
:101C4000FFF76ABE42F21070FFF766BE44F62060EE
:101C5000FFF762BE4CF25030FFF75EBE0D48FFF753
:101C60005BBE0D48FFF758BE0C48FFF755BE0C4849
:101C7000FFF752BE0B48FFF74FBE0B4AA0F51C53AF
:101C8000103B934201D901207047FFF745BE00BFCA
:101C900040420F00A086010048E8010090D00300F8
:101CA00020A1070000350C00301B0F000346054A39
:101CB0001978002051615978D16199781162DB78E7
:101CC00093617047582603200246024B00209A6118
:101CD000704700BF58260320034600B5064A93F814
:101CE00001E093F800C082F810E004499B7881F885
:101CF00000C05374002000BD58260320800203203A
:101D00002DE9F047054682B0C0680F4604F022F87E
:101D1000AB68B3F1005F3ED00646824600F124096D
:101D2000264C4FF0FF3120680DF078F80128F8D1EB
:101D3000DFF89480D8F800000DF056FA484517D225
:101D400002251F4A13792B431371002320681A467A
:101D500019460CF009FF1B4A022312681068002282
:101D6000114600920EF066FB284602B0BDE8F087EF
:101D700029464FF0FF332422D8F800000DF056FA20
:101D8000054686B94D450CD00D4A0125137943F01F
:101D900008031371D9E74FF0000A4FF024095646A3
:101DA000BEE70025D1E7524639464FF0FF33D8F859
:101DB00000000DF03BFA0544E4E700BF0C280320C7
:101DC00000000320A8280320B42703202DE9F047B2
:101DD00000250C4682B0C9070646019516D4A20715
:101DE00007D50221314A137943F001031371336897
:101DF0001965630738D4019B2BB14FF0E0234FF0F6
:101E00008052C3F8042D02B0BDE8F087DFF8A89037
:101E1000DFF8988040214A46254B05F0C1FFD8F8ED
:101E20001430D9F80C000133C8F8143003F092FFD5
:101E3000DFF888A00746DAF800000DF0D5F907F1C1
:101E40002803984224D349462822DAF8000001AB3F
:101E50000DF086FA002FC2D03A46DAF80000144995
:101E600001AB0DF07DFABAE70424104B11499A69D1
:101E7000086801329A611A79002142F008021A7149
:101E8000336800680DEB04021C650EF0F3FBB2E74B
:101E9000D8F8183029460133C8F81830054B01AA84
:101EA0001B6818680EF0E6FB99E700BF00000320EE
:101EB00064280320A42803203C280320B8270320FB
:101EC000002110B50A4A0B4C1268236982B01068D1
:101ED000013301AA236101910EF0CCFB019B2BB1D0
:101EE0004FF0E0234FF08052C3F8042D02B010BD34
:101EF000A828032000000320002110B50A4A0B4C3B
:101F00001268E36982B01068013301AAE3610191AC
:101F10000EF0B0FB019B2BB14FF0E0234FF080524D
:101F2000C3F8042D02B010BDA42803200000032034
:101F300038B50C46104D294605F0CCFFA10303D55A
:101F4000EB68A3B90D4A1360620309D52B690B4AEC
:101F5000012B13790CBF43F0040303F0FB0313714F
:101F6000230303D50122054B83F8202038BD4FF011
:101F70000042024B1A60E7E710280320000003200C
:101F8000704700BF91B14FF0FF3210B4084C0144CC
:101F900010F8013B5340DBB254F82330884283EA07
:101FA0001222F5D1D0435DF8044B704708467047C4
:101FB000FC1801082DE9F8430024154E0F46306047
:101FC0000846C6E90544C6E9014403F0F9FEE8B154
:101FD000804612E08146054603F0C2FE03463919E9
:101FE0004A460C482C44F360A4B203F0BFFE0949F2
:101FF0000748FFF785FEA04508D9A8EB040008288C
:10200000C0B2E7D908252846A946E5E7BDE8F88328
:10201000F0280320E42803200022014B1A607047B7
:102020001429032038B5836804460D4643B1B3F143
:10203000005F04D140F2727302689A4256D038BDF4
:1020400040F256420368934242D040F257429342D4
:1020500033D0304A93420FD0A368002BEFD12268CF
:10206000B2F58B6FEBD1E268002AE8D101212A4A50
:102070002A481170036038BD2B78502BDFD16B7864
:10208000342BDCD1AB78242BD9D1EB78242BD6D1CF
:102090002B79572BD3D16B79302BD0D1AB79522BF5
:1020A000CDD1EB79442BCAD140F273701C49FFF7B4
:1020B00081FFA368002BD2D0C1E708222846194926
:1020C00003F060FE00B3A368002BB8D12368C0E71B
:1020D0004FF4EE601449FFF76DFFA2682368B2F178
:1020E000005F0AD140F272729342A8D140F272703E
:1020F0000E49FFF75FFFA2682368002A9FD140F2D4
:1021000057429342A5D1D8E740F271700849FFF7D2
:1021100051FFD8E7FECA7700B62803201429032010
:102120004015010820150108F014010808150108E0
:102130002C1501082DE9F843584B1B788BB1584FEB
:10214000584A3B68584903FB02F2B1EB720F32D296
:10215000564A574903FB02F2B1EBB20F03D20133E7
:102160003B60BDE8F883002340F2F2600021514D4E
:10217000514EC5E90001C5E90533DFF844813488D3
:10218000DFF84C91AB60002C79D1012003F0E8FD21
:1021900088F80040E86041464648FFF7B1FD3488C2
:1021A0000134A4B2982C4FEAD40234805CD90022C6
:1021B0003B683280D3E700234FF4DE6000213F4EBE
:1021C0003C4DB6F80080C5E90001C5E90533AB60B8
:1021D000B8F1000F5CD1022003F0C2FD384CE8607A
:1021E00084F8018032883748531C9BB2812B28BF6A
:1021F0000023D143D2083380835C01F007021341EE
:1022000003F001032E492B482370FFF779FD0020CE
:1022100040F2F16200232C4EC5E90023B6F800809D
:10222000C5E90500A860B8F1000F2DD1012003F029
:1022300097FD84F80080E86032882448531C9BB2E4
:10224000912B28BF0023D143D2083380835C01F057
:10225000070213415B0703F0005319491548AB60AF
:10226000FFF74EFD3B6873E7E34319F8022003F0E4
:10227000070342FA03F3DB0785D43B686FE70020CE
:1022800003F06EFDE86086E703F06AFDE860D3E7DF
:10229000012003F065FD0A4CE860A3E7B62803209F
:1022A00014290320CDCCCCCC99999919295C8FC2E3
:1022B000285C8F02C0280320B0280320B428032004
:1022C000B82803205C150108B22803207015010806
:1022D000841501080022014B1A6070471C29032055
:1022E000034B1B689B7C03B9704700F083BE00BFA3
:1022F0007C000320024A136801331360704700BF5B
:102300001C290320024A136801331360704700BF81
:102310001829032000200DF041BC00BF00200DF063
:102320003DBC00BF00200DF039BC00BF00200DF007
:1023300035BC00BF124B1B681989F9B130B40024B9
:102340005B68104A03EB4111D3E90050C2E9005029
:102350009D6898699561DD682033556153F8105C7C
:102360008B42C2E9024553F80C5C02F1740242F858
:10237000105C42F8040CE7D130BC7047704700BFD6
:102380007C0003202029032038B50025124B0822A9
:102390001B6812489C7C124B641B18BF01246442CA
:1023A000E4B221461D700EF063FF9FED097B0B4BDD
:1023B000214603F17400A3F12404082283ED117B6C
:1023C0000EF056FFC4E93755BDE83840FFF7B2BFFD
:1023D00000000000000000007C00032044290320CE
:1023E0007600032048B3F8B5144B1A68824223D014
:1023F000847C0121003C18BF0124114E6442E4B2E8
:1024000037781860082231700E4821460EF030FFF0
:10241000002300220C4D2146C5E91A2305F198003E
:1024200008220EF025FF0023FFB2C5E93733FFF77E
:1024300081FFFFF7F9FB3770F8BD70477C00032080
:1024400076000320442903202029032000293CD0C2
:10245000F0B5744B83B01D68AF7C6FB906462C8A0B
:1024600044B1EB6803EBC40C1C68B4420FD00833D2
:102470006345F9D103B0F0BDC0F30743EF2B4FEA3A
:102480001024C0F31126EAD8674E2640E7E71C79EE
:10249000E7B1B6F56F4F49D04FF6D4539E4266D0A0
:1024A0004FF602739E4200F0AD800F2C10D12B68C6
:1024B0001046DB6F00929847009A137803F00303ED
:1024C000032BD7D0594B1883D4E77047082C3BD047
:1024D0002B68104603EBC4035B689847102CC9D8DF
:1024E00001A353F824F000BF91250008C52500087A
:1024F000CB250008D1250008D7250008DD250008D8
:10250000E3250008E9250008EF250008A9250008B3
:10251000B1250008B9250008BF2500089D25000841
:10252000A3250008C524000897250008C0F307204C
:10253000132860D05A289DD12B6810465B6D9847B0
:102540003A4AC3B2D37595E72B6810465B6C00918D
:10255000019298470099354CC0B20129207389D067
:10256000019A1046FFF79CF984F8200082E7C3B275
:10257000212B4ED05A2B7FF47DAF2B681046DB6C9D
:102580009847C3B2032B3FF475AF284A937571E7A0
:10259000264B58806EE7254BD8836BE7234B188278
:1025A00068E7224B988365E7204BC0B2987561E7D6
:1025B0001E4BC0B2D8755DE71C4B58835AE71B4BC6
:1025C000588257E7194B188054E7184BD88051E7C9
:1025D000164B98804EE7154B98824BE7134B58816A
:1025E00048E7124B188145E7104BD88142E70F4B63
:1025F000C0B218733EE72B681046DB6A98470B4B56
:10260000588137E71046FFF761F9084B83F820003F
:1026100030E72B6810465B6F9847044AC3B2938338
:1026200028E700BF7C00032000FF030054000320C4
:10263000324B1B78002B5FD12DE9F04FDFF8C490AF
:1026400003F0FF05D9F8003083B01B89002B50D070
:102650002B4F06463C46DFF8B08008E0D9F8003042
:1026600001351A89ABB29A4204F1740441D9E36E80
:10267000626EF31A9342F1D3C5F1000AB4F97030D7
:102680000AF0740A0AF1240000EBE300002B38443E
:1026900008DBB4F8683002225BBA01A9ADF8043057
:1026A00003F064FBB4F9723004F1240B002B4FEA01
:1026B000E30112DB5846FFF765FC0422B4F97230DF
:1026C0000190002B0AF12400B8BF073300EBE300B0
:1026D00038440DEB020103F049FBD8F800305946AD
:1026E00023612046FFF70CFBA36EE6660133A36669
:1026F000B4E703B0BDE8F08F704700BF7600032059
:10270000202903207C0003200000032038B5044664
:10271000084B094D1A60094B049A29601A6000F0B1
:102720004DF8204603F04EF9204603F0B9FB002097
:1027300038BD00BF0C2A0320102A0320082A0320DA
:1027400038B5054603F05EF90446284603F0B4FBAD
:102750002043C0B238BD00BF70B5154B82B01B68B6
:1027600004460D46164603F083F901280AD0114BA2
:102770003246294620461B6803F0C8FB01280BD0CF
:1027800002B070BD00220C4B11461B681868022372
:1027900000920DF04FFEEAE7002207490223096884
:1027A0000868114600920DF045FE02B070BD00BFF2
:1027B0000C2A0320082A0320102A032000B583B026
:1027C000102001A900F09EF808B903B000BD002157
:1027D000102000F07FF8003818BF012003B000BDC2
:1027E00000B583B0102001A900F08CF820B9014693
:1027F000019820B903B000BD012003B000BD102036
:1028000000F068F8003818BF012003B000BD00BF19
:1028100070B5002682B004460D46102001A901962D
:1028200000F070F810B9019BA34202D8012002B059
:1028300070BD04F11100294680B200F063F8801BDE
:1028400018BF012002B070BD002210B5114B82B03C
:102850001B78019213B9184602B010BD044601A9B5
:10286000102000F04FF840B901981130FF2804D82B
:10287000214680B200F02EF818B10123184602B0AC
:1028800010BD01991020013100F024F8031E18BF7B
:102890000123E0E777000320014608B5102000F08F
:1028A00031F8003818BF012008BD00BF10B505F091
:1028B000A3FC00200BF00CF8044618B905F0B0FC9E
:1028C000204610BD00200AF0D1FB05F0A9FC2046EF
:1028D00010BD00BF38B504460D4605F08DFC2046FE
:1028E00029460BF09DFAC305044603D405F098FC75
:1028F000204638BD0AF094FC0443A4B205F090FCD5
:10290000204638BD0AF0EEBD84462DE9F8430CF5AB
:102910000055104695F827210CF580540F461E46A9
:10292000B4F89210B4F8943072B3002940F08E805D
:10293000072B40F2A0803E2B40F2B9804FF04008B8
:10294000B3F5805F4246C1465FD21B0A43F01003D5
:102950000370B4F894300CF584514370023A1C3182
:10296000023003F003FA01220223A8F1020887F8DB
:102970000090A4F89280A5F81C2184F891300120E1
:10298000C4F89860BDE8F883B1B307224FF0080897
:102990005B1A1FFA83F9B5F81C31914503F00F0358
:1029A00043F0200300F8013BB4F8923003F5845360
:1029B00003F11C030CEB03014CD903F0D7F987F8A2
:1029C0000080B4F89230B5F81C21013B9844A4F87B
:1029D000928095F822313BB1B2FBF3F103FB112356
:1029E00013B9022384F891300132A5F81C2101208B
:1029F000C4F89860BDE8F883072B3CD94FF008086D
:102A0000B3F5805F4246C1469FD310230360B4F8FC
:102A100094300CF584511B0A0371B4F89430063AD3
:102A200043711C31063003F0A1F901220223A8F101
:102A3000060887F80090A4F89280A5F81C2184F875
:102A400091300120C4F89860BDE8F8833F224FF030
:102A500040089DE74A4603F089F9032309F1010282
:102A60003A7084F89130B4F89230B5F81C2199444A
:102A7000A4F89290B8E700F8013B0CF58451B4F843
:102A800094201C3103F072F901210322B4F8943030
:102A90000B443B70B4F894300120A4F89230A5F8B0
:102AA0001C1184F89120C4F89860BDE8F883017087
:102AB000B4F894300CF584514370B4F894201C3170
:102AC000023003F053F9B4F89430012103220233A9
:102AD000DFE700BF70B500240E4600F58053047098
:102AE000C0F8024004738460C3F89240C3F8984071
:102AF000A3F88E40A3F8904000F500530546214608
:102B00004FF48452C3E94744C3F82861C3F8244111
:102B10000D300EF0ADFB4FF48452A8182146BDE8ED
:102B200070401C300EF0A4BBF0B591B0169D044669
:102B3000856019B3964612788C46100903281DD873
:102B4000DFE800F0024C7A22003B18BF012304F5B5
:102B5000005282F82631237823B10621002382F81F
:102B6000241123709EF80050BCF1080F05F00F05EA
:102B700000F2D1800123002D40F0D680237B012B71
:102B800000F0A78011B0F0BD04F5805797F89110C0
:102B900002F00F0204F500564B1E012A86F821218F
:102BA000DBB200F00B81022A00F01181002A40F014
:102BB000FB80BCF1010F00F01E819EF80130BCF1DA
:102BC000020F86F8223101D09EF80220022986F8F1
:102BD0002321D3D1012387F89130CFE7003B18BFE1
:102BE000012304F5005686F82631227822B1062208
:102BF00086F8242100222270BCF1070FBED99EF86E
:102C000000209EF8010002F00F01014340F09C807B
:102C1000DEF8022012BA072AB0D9B2F5845F40F27A
:102C2000F0800222072086F81E2186F824012170F8
:102C300096F81F21322159E02378012B9ED104F50B
:102C40008057B7F88E1002F00F0201F00F039A427E
:102C500040F0A2806088A38897F890201B1A9BB24E
:102C6000002A00F0BE80551EAEB29E4280F0BC80AD
:102C7000944583D14A1C92B2EDB20D30A7F88E2054
:102C80000EF101012A46204403F070F86388A288FF
:102C90002B449BB29A42638000F0B08004F500564A
:102CA00096F81F21002A3FF469AFB7F88E30013B38
:102CB00093FBF2F102FB1133002B7FF45FAF96F828
:102CC000263196F81E11003B18BF012341F0300158
:102CD0000CE004F5005696F8263196F81E11003BDC
:102CE00018BF012396F81F2141F0300100208DF814
:102CF000012003228DF8001096F820112073D6F8D9
:102D000028015B058DF8021083616946C260FEF7F9
:102D1000F7FF11B0F0BD002D7FF430AF9EF80150E9
:102D20000223002D3FF42AAFACEB03018D423FF7A5
:102D300025AF0EEB03012A4604F10D0003F016F84F
:102D400002236580237019E7120202F470620243C5
:102D5000072A7FF613AF02210B46ACEB0303DDB26B
:102D600004F58057A28071442A4687F890C004F188
:102D70000D0002F0FBFF012300226580237086F81E
:102D80001E21A7F88E3096F826313021003B18BF5F
:102D9000012396F81F21A9E70421002304F500521E
:102DA00082F824112370E9E6012B3FF6E7AE0522F5
:102DB000032386F8252187F89130DFE6012B3FF6C3
:102DC000DDAE0223C7F8985087F89130D6E6012B84
:102DD0003FF6D4AE0822032386F8252187F89130E8
:102DE000CCE6072B3FF6CAAE9C457FF6C7AE4A1C21
:102DF00092B2DDB241E786F82221E7E60223237092
:102E0000BCE606210B46A8E70378012B01D0002081
:102E100070478268064B891A9942F8DD0321002326
:102E200000F5005282F8241103700020704700BFA3
:102E3000400D03002DE9F04100F58055144695F84A
:102E4000912092B0561E012E05D9032A0ED00020E3
:102E500012B0BDE8F081D5F89830394ECB1AB342A4
:102E60000BD9022300F5005080F825310023012002
:102E700085F8913012B0BDE8F081012AE7D100F564
:102E8000005696F9237196F82321002F05DA0F32A8
:102E9000D2B2082A8CBF7F2201229A42D7D80B4691
:102EA00002AA0DF10701FFF72FFD9DF80780B8F189
:102EB000080F38D9B8F10C0F37D9B8F1100F36D93F
:102EC000B8F1140F35D9B8F1180F34D9B8F1200F73
:102ED00033D9B8F1310F34BF0E270F27384602F02F
:102EE00039FF80450AD2A0EB0802013AD2B202AB08
:102EF0000021013203EB08000EF0BAF9E76096F802
:102F00002731003B18BF01235B05A36102E00120CC
:102F100002F062FF204602A9FEF7F2FE0028F6D179
:102F200095F8912091E74746D8E70927D6E70A2781
:102F3000D4E70B27D2E70C27D0E70D27CEE700BF59
:102F4000400D030000F58052B2F89430B3F5845F71
:102F500014D892F891309BB900F5005300204FF03F
:102F6000010CA2F89200A3F81C01C2F8981093F883
:102F7000261183F8271182F891C07047012070470D
:102F80004FF0090C00F5005383F825C1E6E700BFB8
:102F9000830F032BC0F30D4020D0012B0ED0B3B90B
:102FA000B0F5B97F21D01F235FFA80FC000A01220F
:102FB00081F800C048708B70CA70704740F263534C
:102FC0009842F0D102204FF0740C0D23EFE79128C6
:102FD000E9D10B204FF0380C0223E8E72928E2D191
:102FE00002204FF07F0C0923E1E70B204FF0EF0C9C
:102FF000DDE700BF2DE9F04F456893B0B5F1804F94
:1030000002D013B0BDE8F08F0668C068C6F307476A
:103010000C4602F09FFEEA2FC6F3072832D0EC2FB1
:10302000EFD1B8F1210FECD10728EAD92378102B82
:10303000E7D1E3793002C549A27980B201436479CE
:1030400008201B0443EA0223234300224FF0FF34ED
:10305000099123FA00F18DF821308DF822101B0C14
:103060000C9007A909A8CDE90D22CDE90F220A95F8
:103070008DF823300B92119207948DF82040FEF7C3
:103080003FFEBEE70228BCD9B8F1FF0F23D0B8F14C
:10309000210FB6D1A378617822781B0443EA01237B
:1030A0001343B3F56E4F40F0C480A94A33029BB27C
:1030B0001A4300234FF080450824A64909A8CDE90A
:1030C0000A53CDE90C43CDE90E33CDE91033099213
:1030D000FEF716FE95E7A378617822781B0443EA91
:1030E00001231343B3F56E4F00F02E814FF6C55206
:1030F000934200F0CB804FF6CA62934281D14FF0E9
:10310000000904A8CDF81090FFF7C6FB924B049A73
:10311000B3F81EA0012ACAF3400A4FEA8A1A4AF0FD
:103120003F0A5FFA8AF440F22981920002321FFAC4
:1031300082FA8A4B0AF10601A3FB0103C91A03EBC9
:103140005103C3F387074FF0804385490A930991E0
:10315000082120230C91834907AA08910DF1240B23
:103160004FEA1A218DF81E10584611468DF81C3072
:103170001546CDE90D99CDE90F99CDF82C90CDF8F4
:1031800044908DF81DA08DF81F70FEF7B9FD764BA9
:103190000993002F3FF435AFCDE9027B4FF00108D2
:1031A000A3460DF123060822FF21284602F0DAFD8E
:1031B000334656469A4608F1FF34C4EBC4048DF8F2
:1031C0001C80A4B20195A6421ADDA3B243B3012B21
:1031D0002DD0A7B2023F05A9B810CDF8149007F082
:1031E0000307FFF715FB059806A9FFF7D1FE0DEBC6
:1031F00007031B7E05F8013FAA4504F10104E2D153
:103200005346019D03982946B24608F101081E461F
:10321000FEF776FD029B5FFA88F84345C3D2F0E6DD
:1032200005F801BFAA4504F10104CED1E8E7FF2368
:10323000E0E74FF6C552934228D04FF6CA62934258
:103240003FF45DAF08270022FF240A956FF0FE05CA
:1032500006FA07F0454980B20143099123FA07F1C4
:103260008DF821308DF822101B0C07A909A8CDE993
:103270000B27CDE90D22CDE90F228DF823301192D5
:1032800007958DF82040FEF73BFDBAE6384802F07E
:1032900097FD00224FF080410824314DCDE90A12FC
:1032A000099505462021CDE90C42CDE90E22CDE954
:1032B0001022304A294B0892AA1D8DF81C10A3FB3E
:1032C0000213D21A07A803EB520325FA04F10DF1F9
:1032D000240BC3F387088DF81E1007460146584695
:1032E0008DF81D508DF81F80FEF70AFD1E4B0993C7
:1032F000B8F1000F3FF485AE0124DFF874900DF1B2
:103300002306A4EB090A0822FF21384602F02AFD11
:103310003A46631EC3EBC3039BB2013B8DF81C40CE
:103320004B440AEB03018D4205DD13F8011F02F83F
:10333000011F9642F5D1013439465846E4B2FEF7F2
:10334000DFFCA045DFD25CE60B4AB2E62100EC1CB4
:103350002100EE18141D0108540003202549922471
:1033600021FFEC1CFFCAFE0021FFEB1C2100E81826
:10337000FC1C0108FFC5FD0021FFEE1808224FF0DC
:10338000804316490C92099107A908460D46FF2172
:103390000A93CDE90D99CDE90F99CDF82C90CDF890
:1033A000449002F0DFFCFF22049B8DF81C40012BAF
:1033B0008DF81D2006D0CDF81E90294609A8FEF7ED
:1033C0009FFC1EE606A94846CDF81890FFF720FAA4
:1033D00006980DF11E01FFF7DBFDEEE721CAFE188E
:1033E0002DE9F043144602780646013A1D4685B0A1
:1033F000092A11D8DFE812F01C0010000A0082012F
:10340000100010000A0010005E010A00012900F0FF
:1034100082817F22122101E07F2211210323227069
:103420003278A17062702B80002005B0BDE8F08377
:103430000229EED141232370437863709A2BE8D898
:1034400001A252F823F000BF81380008613800085B
:103450001334000813340008BD380008B3380008DE
:103460001334000813340008133400081334000820
:1034700013340008133400089D3800088D38000804
:103480001334000813340008133400082B380008E4
:1034900013340008133400081334000813340008F0
:1034A00013340008133400081334000813340008E0
:1034B00013340008133400081334000813340008D0
:1034C0001334000841380008353800082138000856
:1034D00013340008133400081334000813340008B0
:1034E00013340008133400081334000813340008A0
:1034F0001334000813340008133400081334000890
:1035000013340008133400082B3800082138000851
:10351000133400081334000813340008133400086F
:10352000133400081334000813340008133400085F
:10353000133400081334000813340008133400084F
:10354000133400081334000825390008193900081D
:103550000D39000813340008133400081334000830
:10356000033900081334000813340008133400082A
:1035700013340008133400081334000821380008FD
:1035800021380008133400081334000813340008ED
:1035900013340008133400081334000813340008EF
:1035A00013340008133400081334000813340008DF
:1035B00013340008F93800081334000813340008E5
:1035C0001334000813340008EB38000813340008E3
:1035D00013340008133400081334000813340008AF
:1035E000133400081334000813340008133400089F
:1035F000133400081334000813340008133400088F
:10360000133400081334000813340008133400087E
:10361000133400081334000813340008133400086E
:10362000133400081334000813340008133400085E
:10363000133400081334000813340008133400084E
:103640001334000813340008DD3800081334000870
:10365000133400081334000813340008133400082E
:10366000133400081334000813340008133400081E
:10367000133400081334000813340008133400080E
:1036800013340008133400081334000813340008FE
:1036900013340008133400081334000813340008EE
:1036A00013340008133400081334000813340008DE
:1036B000C738000802297FF4ACAE49232370437851
:1036C00063700A2B3FF6A5AE01A252F823F000BFAB
:1036D0006F370008133400088F37000813340008D0
:1036E0007D3700081334000811380008133400082F
:1036F0001334000813340008F337000801297FF45D
:1037000088AE0191FFF76CF8019968BB33784033BC
:103710002370298088E602A8FFF7BEF820BB029B31
:103720005A1C52002A80327863704032DBB2227019
:10373000002B3FF479AE074604F1020904F10308B7
:103740000CE0039B1A0E09F817201B0C9DF80820AB
:1037500008F8173001379742BFF466AE384603A920
:10376000FFF756F80028ECD07F22102156E644F2ED
:1037700054020623C4F802202B8055E601236D492C
:10378000A370E01C02F014FB13232B804CE61423DF
:103790000120E61CA07031462B80FFF7B3F8E11D35
:1037A00005460220FFF7AEF8034604F10B010320A3
:1037B0001D43FFF7A7F8034604F10F010420ADB243
:1037C0001D43FFF79FF8034604F113010520ADB236
:1037D00045EA0304FFF796F8A4B244EA00039BB25B
:1037E000002B3FF421AE11220021304602F0BAFA3C
:1037F0001AE60123E61CA37014220021304602F0D1
:10380000B1FA30464C4902F0D3FA17232B800BE66D
:10381000782207234949A271C4F802102B8003E6DD
:10382000042200232A806380FEE5032200232A80ED
:10383000A370F9E50622424B2A80C4F80230F3E572
:1038400004232B800CF0E0FA3E4DA5FB00239B0BDC
:10385000A3700CF0D9FAA5FB00539B09E370E3E5D4
:1038600003A8FFF719F8002862D1039A02F07F023B
:10387000002306212980A270E37023716371D3E5D0
:103880000622314B2A80C4F80230CDE503222F4BAB
:103890002A809B8AC3F30723A370C5E504232B4A20
:1038A0002B809388C3F34A13A3709388DB00E370E3
:1038B000BAE5032274232A80A370B5E503224C23C2
:1038C0002A80A370B0E509204FF4606200232049EC
:1038D0002880C4F80210E2802372A5E506224FF08A
:1038E00080432A80C4F802309EE506224FF08073A0
:1038F0002A80C4F8023097E503226D232A80A37042
:1039000092E5032251232A80A3708DE504224BF611
:1039100035732A80638087E5062200232A80C4F855
:10392000023081E506220B4B2A80C4F802307BE589
:1039300000229DE798150108A815010801123456C8
:1039400080018001D34D6210981880035400032039
:1039500006003240A40C0021814204D900F17840D5
:10396000B0F5802F01D30020704701F17841013973
:10397000B1F5802F2CBF002001207047814208D96B
:10398000B0F1005F05D3044881428CBF00200120C4
:1039900070470020704700BF00000420814211D909
:1039A000B0F1005F10D31A4B994219D9194B9842C4
:1039B00008D9194881428CBF002001207047B0F11E
:1039C000006F15D200207047144B98420AD8144B50
:1039D0009842F4D9134881428CBF002001207047DF
:1039E00001207047104881428CBF002001207047A1
:1039F0000E4B9942E6D80E4BB3F8E030B3F5007F9A
:103A0000EED00C4881428CBF00200120704700BFDF
:103A1000000004203F20024040210240FFFFF90B3C
:103A2000FFFFF80B0080F90B0002FA0B00000808FA
:103A30000005FA0B0000040800B58BB001A804F0E3
:103A4000D7FD0598AA3818BF01200BB000BD00BFF4
:103A500000B58BB072B601A804F0CAFD04214FF482
:103A60000052079B019143F08063CDE9062304F0E7
:103A7000C3FB18B162B601200BB000BD04F0DCFB43
:103A80000028F7D101A804F091FC10B904F0F6FB6E
:103A9000F0E704F0E5FB04F0C3FBEBE710B58AB0F8
:103AA00004F0AAFB044604F0C7FB044301A804F099
:103AB0009FFD04214FF480729DF81E30E4B2C3F3E1
:103AC000001383F001031B05CDE90623019134B1F6
:103AD00004F0C6FB04F0A4FB01200AB010BD01A84D
:103AE00004F064FC0028F3D104F0C8FB044604F0A1
:103AF000B7FB044304F094FBE4B22043C0B20038A7
:103B000018BF01200AB010BD30B58BB004F074FBB3
:103B1000044601A804F06CFD0023802207980221CE
:103B200010F4801FCDE9033200930CBF0223012360
:103B3000019101A86946029304F0F0FD054604F0E6
:103B40006FFB28432043C0B2003818BF01200BB0E0
:103B500030BD00BF70B504F04FFB05460F4C104E52
:103B6000D4E90023B3F1FF3F08BFB2F1FF3F04F5F2
:103B7000802107D0012004F0BDFB002818BF45F0CC
:103B80000105EDB20834B442EAD104F049FB284300
:103B9000C0B2003818BF012070BD00BF00E00308AC
:103BA00000000408002330B58FB0009304F024FB1C
:103BB0000223044605A8019304F01AFD0B9B04227E
:103BC00013F4801F4FF07C0014BF022301236946C9
:103BD00003900DEB02000492029304F09FFD054652
:103BE00004F01EFB054344EA0500C0B2003818BFCC
:103BF00001200FB030BD00BF014608B5012004F020
:103C000079FB003818BF012008BD00BF704700BF16
:103C1000094A0A4B52880A491878B2F5407F087061
:103C200006D9B2F5206F8CBF032202221A707047AA
:103C300001221A70704700BF182A03207800032061
:103C4000142A03200022014B1A7070471E2A0320F9
:103C500070B505460120424B424C1B78424E991EDE
:103C600081428CBF00210121A383FDF7EDF9218B57
:103C7000022089B2FF2994BF00210121FDF7E4F958
:103C8000F369002B62D14FF47A71384B96F82020FB
:103C9000A3FB05039B0901FB1355B5F5FA7F34BF60
:103CA00000250125012A56D023889BB20F2B49D825
:103CB000218A89B2003918BF01210420FDF7C4F917
:103CC000238BDBB2022B0BD0238BDBB2032B07D071
:103CD000218BC9B2A1F10401B1FA81F1490900E0D7
:103CE00001210820FDF7B0F9238BDBB2032B2BD089
:103CF000218BC9B2A1F10401B1FA81F14909102067
:103D0000FDF7A2F9218B2020C9B2A1F10401B1FA7B
:103D100081F14909FDF798F9638B40209BB2FF2B95
:103D200094BF002105F00101FDF78EF9638B80201F
:103D3000DBB2002B0CBF002105F00101BDE8704093
:103D4000FDF782B90121B8E70121D8E7012102205E
:103D5000FDF77AF997E729460220FDF775F9A3E701
:103D6000780003205400032000000320D34D62108C
:103D7000024A034B10601960704700BF242A0320D9
:103D8000202A0320002100B5084B83B01B6801AA3C
:103D9000186801910CF06EFC019B2BB14FF0E023F1
:103DA0004FF08052C3F8042D03B000BD202A032039
:103DB00010B50446002204210B4804F0B3FE0B4B5F
:103DC00001222146186807F0D7FD30B1BDE8104048
:103DD00001220421044804F0A5BE4FF0FF32012166
:103DE0000CF0A6FAF2E700BF00040242242A0320E6
:103DF000014B1860704700BF282A0320704700BF9E
:103E000000B5044B83B0186801A907F0F5FB0198D1
:103E100003B000BD282A03200D4B02781B684032F6
:103E200001291A700FD900B5A1F1020E10FA8EFE09
:103E3000024610F801CF724503F801CFF8D1054BC7
:103E40001B68198000BD034B1B681980704700BFB9
:103E5000642A0320602A032030B54378044685B0E5
:103E600013B98378442B0FD07F204FF0310C0321FE
:103E70003C4B3D4A1B6812681870207883F802C0DA
:103E80005870118005B030BD0B2903D07F204FF052
:103E9000130CECE7354B1978022903D04FF07F0C57
:103EA0007F20E4E71B7F022B11D1314D6B7B13F098
:103EB000FB030FD07F20242503212A4B2A4A1B68AD
:103EC0001268187020789D7058701180DAE74FF0F2
:103ED000330CE5E7D0F80300AB6001232B73D4F873
:103EE000073000BA1BBAC1186B6001922860FFF757
:103EF00033FD1C4B19681C4BD3F800C040B36B68F2
:103F0000019A13F0070F0AD07F2370200B70032350
:103F100094F800E0887081F801E0ACF80030237874
:103F20006A734FF20F04202540338DF80C3003AA3A
:103F30004B1EC81C8DF80D50ADF80E4012F8011B39
:103F400003F8011F8342F9D10423ACF8003099E74C
:103F50007F22312003230A70227888704A70ACF8DF
:103F600000308FE7642A0320602A0320402A0320C0
:103F70006C2A032003780F2B40F283802DE9F04751
:103F8000A3F11002044688468EB0772A7FD8DFE876
:103F900012F0F101E0017E007E00CF017E007E0084
:103FA0007E007E00B5017E007E007E007E007E00E9
:103FB0007E007E007E006002020236027E007E00ED
:103FC0007401A8019B0143027E008E017E0026023F
:103FD00019027E0050027E007E0060014F01360112
:103FE000250118017E007E007E007E000101F000A8
:103FF0007E00DF007E007E007E007E007E007E0070
:104000007E007E007E007E007E007E007E007E00C0
:104010007E007E007E007E007E007E007E007E00B0
:104020007E007E007E007E007E007E007E007E00A0
:104030007E007E007E007E007E007E007E007E0090
:104040007E007E007E007E007E007E007E007E0080
:104050007E007E007E007E007E007E007E007E0070
:104060007E007E007E007E007E007E007E007E0060
:104070007E007E007E007E00D200C500B400A70056
:104080008D00A74BA74A1B681268FFF7A9B97F20CC
:1040900011250321A34BA24A1B68126818702078CF
:1040A0009D70587011800EB0BDE8F087B8F1010F17
:1040B00040F28385427802F07F03012B00F09D855A
:1040C000032B00F088857F2012250321954B944A0D
:1040D0001B681268187020789D7058701180E2E794
:1040E0007F20112503218F4B8D4A1B6812681870A1
:1040F00020789D7058701180D5E7B8F1020F00F05C
:1041000058847F2013250321864B854A1B6812683B
:10411000187020789D7058701180C4E77F20122598
:104120000321804B7E4A1B681268187020789D70AE
:1041300058701180B7E77F2011250321794B784A09
:104140001B681268187020789D7058701180AAE75B
:10415000744BB8F1040F1B6800F006847F20132510
:1041600003216F4A1870207812689D705870118072
:1041700099E7B8F1020F00F007847F20132503218F
:10418000684B674A1B681268187020789D705870D9
:10419000118088E7B8F1010F40F2B183437803F052
:1041A0000F02042A00F097857F20122503215D4B22
:1041B0005B4A1B681268187020789D7058701180D7
:1041C00071E77F2011250321564B554A1B68126861
:1041D000187020789D705870118064E7514B504AD8
:1041E000B8F1010F1B68166800F09D847F21132031
:1041F00003221970217898705970328053E7B8F112
:10420000010F40F25283484E737B012B00F02F8543
:10421000444A4349022B1268086800F0F2857F2166
:1042200024250323117021789570517003803AE79B
:10423000B8F1020F00F21E817F2013250321394BB4
:10424000374A1B681268187020789D70587011806A
:1042500029E7364BB3F8E030B3F5007F00F0F58482
:104260007F20112503212F4B2D4A1B6812681870DF
:1042700020789D705870118015E7B8F1010F40F259
:104280002283467806F07F06012E00F04985022E33
:1042900000F034857F2012250321224B204A1B6821
:1042A0001268187020789D7058701180FBE67F208E
:1042B000112503211B4B1A4A1B68126818702078BD
:1042C0009D7058701180EEE67F2011250321154B5B
:1042D000134A1B681268187020789D7058701180FE
:1042E000E1E67F20112503210E4B0D4A1B68126861
:1042F000187020789D7058701180D4E6094EB8F17E
:10430000020F336800F2BE807F2013250321044A88
:104310001870207812689D7058701180C3E600BF35
:10432000602A0320642A03206C2A03200005FA0B6C
:10433000B8F1040F00F0F1827F20132503219D4B7B
:104340009D4A1B681268187020789D705870118003
:10435000A9E6984B984AB8F1020F1B68166800F05E
:10436000EE827F21132003221970217898705970F2
:10437000328098E6B8F1020F00F0F6837F20132513
:1043800003218C4B8C4A1B681268187020789D7032
:104390005870118087E6B8F1010F40F2A28243788D
:1043A00003F00F02042A00F083847F2012250321EA
:1043B000804B814A1B681268187020789D70587075
:1043C000118070E67F20112503217A4B7A4A1B6801
:1043D0001268187020789D705870118063E6B8F1EB
:1043E000020F76D87F2013250321724B724A1B6877
:1043F0001268187020789D705870118053E67F20E5
:10440000112503216B4B6C4A1B68126818702078C9
:104410009D705870118046E67F2011250321654B61
:10442000654A1B681268187020789D70587011805A
:1044300039E6B8F1030F5DD87F20132503215D4BCA
:104440005D4A1B681268187020789D705870118042
:1044500029E6B8F1030F00F0C3827F201325032162
:10446000544B554A1B681268187020789D7058701C
:10447000118018E60222414620460EB0BDE8F04702
:10448000FFF7EABC592204211A70427899705A70D9
:10449000427802F07F02012A00F06B84022A00F0C9
:1044A00060847F2512270320434A1D7025781168F8
:1044B0009F705D70088094F90130002BBFF6F3AD5A
:1044C00033681B787F2B3FF4EEAD00211368198011
:1044D000E9E53A4B1E78022E00F063847F22032028
:1044E000344B35491B6809681A7024789A705C70DF
:1044F0000880D8E590F901204378002ABCBF03F07A
:104500007F0343704388B8BF01265BBA9BB2A8BF44
:104510000026B3F5097F00F3BE85B3F5007F2ADBE3
:10452000A3F50073242B26D8DFE813F0AC016C014F
:104530008D0114017E015C01C300B2003401290128
:10454000F600EE002500250025002500A0008B00C8
:104550002500250025002500250025002500250033
:1045600025002500250025002500250084007D006C
:1045700062004A003D007F20312103220D4B1B6861
:104580001870207899700C4958700B681A80002EAA
:104590003FF489AD074A126812787F2A3FF483AD51
:1045A00000221A807FE5B8F1050F01F009807F2015
:1045B0001321E2E7642A0320602A0320402A032013
:1045C000B8F1040FF3D1FDF781FA0A200AF05AF985
:1045D000A94B1A68A94B1B6821784031117061788A
:1045E0005170A1789170E178D170A3F80080CEE786
:1045F000B8F1070FDBD10430FDF76EFBFDF766FA6B
:104600000A200AF03FF904209B4B21781A689B4B43
:1046100040311B68117061785170A1789170E17818
:10462000D1701880B3E7B8F1050FC0D10079FDF75C
:104630004BFBE3E7B8F1070FB9D10430FDF736FBC8
:10464000DCE7B8F1040FB2D18D4B1A78022A01F0E1
:10465000F3807F227F200321874B1B68187020780E
:104660009A70864A58701368198090E7B8F1040F61
:104670009DD1834B1A78022AEBD11B7F022B41F08C
:104680003A804378012B01F040817F20122174E7AA
:10469000794A7A4BB8F1040F12681B6800F06A87F8
:1046A0007F21132011702178907051704FF0030812
:1046B0009BE7B8F10B0F7FF67AAF456887682DBA94
:1046C0003FBA28467919FFF769F900283FF453AF3C
:1046D00039462846FDF756FC01460827664B2578E3
:1046E0001A68403515706078644B5070A0781B686C
:1046F0009070E078D171D070080E1071080CF940FC
:10470000507191711F8042E75D4B1B7F022B00F0BF
:104710003D877F20332130E7594B1B7F022BF8D197
:1047200041F27A02A8F105039BB2934241F257800D
:104730007F2713250320504B504A1B6811681F70B8
:1047400024789D705C70088013681A88002A3FF4F2
:10475000AAAC1CE7484B71201968A8F102030A466D
:10476000087014FA83F3214614F8010F8B4202F803
:10477000010FF8D1414B1B68A3F8008007E7404BBD
:104780001B7F022BC5D1BFF34F8FBFF36F8F431D2C
:10479000984738E7B8F1080F7FF409AF4378012B49
:1047A0007FF473AFC379042B7FF4E5AE807922796F
:1047B0006379000240EA026040EA034040F00400EE
:1047C000FEF742F8002800F00A867F2072250321B8
:1047D000294A2A4B12681B68107020789570507017
:1047E0001980D4E6244A254BB8F1060F11681B68DE
:1047F00000F09F867F2213200A70227888704A700A
:104800000322C3E6FFF7CEF91B4B1A681B4B1B684C
:10481000002800F09E867F217220117021784FF0D1
:10482000030890705170E0E671200421124B1A6861
:10483000124B107060781B685070A0789070E07810
:10484000D0701980A3E6FFF785F90B4B1A680B4B64
:104850001B680028DFD12146207840301070A8F175
:10486000020014FA80F00C4611F8017FA04202F811
:10487000017FF8D1B9E600BF642A0320602A032033
:10488000402A0320AF4AB04BB8F1040F12681B68EE
:104890007FF406AF4178012901F00080022940F041
:1048A000D9870020A949087096E67F2013250321A7
:1048B000A44BA54A1B681268187020789D70587028
:1048C0001180FFF7F0BB7F20132503219D4B9E4AEB
:1048D0001B681268187020789D7058701180FFF75F
:1048E000E2BB7F2013250321964B974A1B68126871
:1048F000187020789D7058701180FFF7D4BB7F200E
:10490000132503218F4B904A1B681268187020787A
:104910009D7058701180FFF7C6BB4378FF2B00F0E5
:10492000A1827F2031250321864B874A1B681268AC
:10493000187020789D7058701180FFF7B4BB844ABE
:104940001278012A00F0B882427802F07F02012A30
:1049500000F0E9837F2112200322197021789870DA
:1049600059703280FFF79FBB4278772A00F0AD8202
:104970007F2012250321744A1870207812689D70D8
:1049800058701180FFF78FBB4378002B00F0C68270
:10499000802B3FF488AB7F2012250321694B6A4AA4
:1049A0001B681268187020789D7058701180FFF78E
:1049B0007ABB427802F07F03012B00F06E82022B5B
:1049C00000F056837F20122503215E4B5E4A1B6850
:1049D0001268187020789D7058701180FFF763BBC3
:1049E0000022B0F80110CDE9012248BA80B2A0F54A
:1049F0000076B6F5007FCDE903220092C0F07A82FE
:104A00004FF29012904212D84FF28312904240F22D
:104A10000B83A0F5714084380C2808D8DFE800F03B
:104A200072076C63070707075A07070715007F20FF
:104A300031250321434B444A1B68126818702078C3
:104A40009D7058701180FFF72EBB69460120FDF75D
:104A500059FF01A905460220FDF754FF034602A9AC
:104A600003201D43FDF74EFF034603A90420ADB20A
:104A70001D43FDF747FF034604A90520ADB21D43C2
:104A8000FDF740FFADB20543ADB2112269460DF10D
:104A9000170001F06BF9002DC9D114212378294AA0
:104AA00065781068A27840334C1E8DF814308DF86C
:104AB00016208DF8155005AA431E10FA84F412F83A
:104AC000010B03F8010FA342F9D11F4B1B6819809A
:104AD000FFF7E9BA1F490C220DF1170001F046F962
:104AE0000F212378DBE71C4904220DF1170001F0A8
:104AF0003DF907212378D2E7154A042112788DF871
:104B00001720CCE70C2215490DF1170001F02EF902
:104B100020231349092209A88DF8233001F026F932
:104B200019212378BBE70F4A517B032900F0AA82A1
:104B30007F212420032219702178987059703280C7
:104B4000FFF7B1BA642A0320602A0320760003200D
:104B5000402A03209005FA0B0C160108F4150108F1
:104B6000001601086C2A0320437803F07F03022B10
:104B700000F04582032B00F02E82012B40F06A8268
:104B80000022AE49AE48C1E903220B70AD4B026072
:104B90005A734A610A778A6194F901306278002B6E
:104BA000FFF681AA5020A84BA8491B6809685A70D3
:104BB0001870A1F80080FFF776BA7F201325032133
:104BC000A14BA24A1B681268187020789D7058701B
:104BD0001180FFF768BA9A4D2968002940F01F81BB
:104BE0007F202225984A9949126809681070207818
:104BF000957050700B80FFF756BAB8F1020F00F0B5
:104C000084828378103B032B00F2B786DFE803F041
:104C10001917021B8E4B8A4A136094F90130002B3E
:104C2000FFF641AA0221884A237812684033874D53
:104C3000137060782B6850701980FFF734BA854B79
:104C4000E9E7854BE7E7854BE5E7B8F1020F00F2AE
:104C5000B1817F20132503217B4B7C4A1B6812689E
:104C6000187020789D7058701180FFF71CBAA8F159
:104C7000020111F007051FFA81F840F0B480B36813
:104C800072684344934200F2AE80327B4378934291
:104C900000F0CA847F20732503216B4B6B4A1B688D
:104CA0001268187020789D7058701180FFF7FBB95A
:104CB00003F0F002402A40F265817F201225032193
:104CC000614B624A1B681268187020789D7058709A
:104CD0001180FFF7E8B903F0F002402A40F22A8180
:104CE0007F2012250321584B584A1B681268187000
:104CF00020789D7058701180FFF7D5B9B8F1060F74
:104D000000F069827F20132503214F4B4F4A1B6817
:104D10001268187020789D7058701180FFF7C3B921
:104D200040F26713ADF81430FFF76AF84C4A434B72
:104D30004240C3E903021E7794F9013000BA002B08
:104D4000CDF81600FFF6AFA906213F4B05981B686A
:104D50003E4A1860BDF81800126898801180FFF76D
:104D6000A2B9B8F1030F00F056827F251327FFF791
:104D70009ABBB8F1030FF8D1002205A8DA70FDF74D
:104D80008BFD324A33681768002800F0B9837F2111
:104D900019707221207899705870A7F80080FFF779
:104DA0008ABB4FF28412B0F8013058BA80B220F0BA
:104DB0000801914200F0018149F2F102934200F0B2
:104DC0005982B8F1070F00F07C847F20132503215E
:104DD0001D4B1E4A1B681268187020789D70587011
:104DE0001180FFF760B97F2071250321164B174A08
:104DF0001B681268187020789D7058701180FFF73A
:104E000052B9B8F1020F00F09E817F217125032372
:104E100011702178957051700380FFF744B9130623
:104E200000F16081C7200221074B084A1B68126805
:104E30001870607858701180FFF735B9402A032048
:104E4000682A03206C2A0320642A0320602A032096
:104E500020A1070090D0030048E8010040420F0065
:104E6000785634128378FF2B7FF45BADC378FF2B29
:104E70007FF457ADFDF7B4FC002800F0CC847F2010
:104E800072250321B74BB84A1B6812681870207846
:104E90009D7058701180FFF706B911063FF503A900
:104EA000C521B04BB04A1B6812681970417859701F
:104EB000A2F80080FFF7F7B87F2203211A7000786C
:104EC0009A7058703180FFF7EEB8A84A1278012A1C
:104ED00000F076818278132A00F023827F2031252A
:104EE0000321A14A1870207812689D7058701180B3
:104EF000FFF7D9B86946FDF705FD002800F03E81AF
:104F00007F213120974B984A1B68126819702178CD
:104F100098705970A2F80080FFF7C5B87E21914BB8
:104F2000914A1B681268197041785970A2F8008084
:104F3000FFF7B9B81B095A1D424580F2C580002B06
:104F400000F0C6830027591E0530C90010F8012F54
:104F50008A4008393A4311F1080F97B2F6D19E1DE5
:104F6000F319984500F079827F20132503217D4BAA
:104F70007D4A1B681268187020789D7058701180E7
:104F8000FFF791B8794A1278012A00F037811B099E
:104F90009A1D904500F02A827F2013250321714B32
:104FA000714A1B681268187020789D7058701180C3
:104FB000FFF779B80122FFF75EBA7F203125032180
:104FC000684B694A1B681268187020789D70587089
:104FD0001180FFF768B8664A928A92B2B2F5805F94
:104FE000C0F082817F2088255E4A5F491268096887
:104FF00010702078957050700B80FFF754B85C4BA0
:105000009B8A9BB2B3F5805FC0F09D817F202225F3
:105010000321544B544A1B681268187020789D7005
:1050200058701180FFF73FB8B1F5007F00F0B381F1
:1050300044F27723994200F0A481B1F5807F7FF498
:10504000F6AC13224B490DF1170000F08FFE16212C
:10505000237824E57F2012250321424B424A1B6816
:105060001268187020789D7058701180FFF71BB877
:1050700012063FF518A8414620460EB0BDE8F0479D
:10508000FEF7CABE04215173027840321A70A6F8A6
:105090000080FFF708B8B3F57F4F00F08A814FF624
:1050A000017293427FF467AAB8F1040F7FF47FAADC
:1050B0004378012B7FF4E9AA2C4B1A78022A00F0DE
:1050C00018847E22FFF7C6BA7F2013250321254BC3
:1050D000254A1B681268187020789D7058701180DE
:1050E000FEF7E1BF0123244C26782370FCF796FDE0
:1050F0004FF47A7009F0C6FBF6B22868FCF796FD0B
:10510000FCF7E4FC2670FEF7CEBF7F2013250321B9
:10511000144B154A1B681268187020789D705870DF
:105120001180FEF7C0BF51221A7042785A70A6F85B
:10513000008090F90130002BBEF6B5AF0EB0BDE88F
:10514000F04702F0ADB9317B63788B4200F0B38158
:105150007F2173250323117021789570517003808E
:10516000FEF7A1BF642A0320602A0320402A0320FF
:1051700054000320B41501087600032060782378DA
:10518000A478403304228DF8150069460DF117000C
:105190008DF814308DF8164000F0E8FDB84B0DF195
:1051A00013021868431E063012F8011F03F8011F8E
:1051B0009842F9D10722B34B1B681A80FEF773BFE0
:1051C0007F220320AF491A70247809689A705C70B6
:1051D0000880FEF768BFAC4B9A69042A40F2298127
:1051E0007F2036250321A64BA64A1B68126818703B
:1051F00020789D7058701180FEF755BF7F220320E4
:105200009F4BA0491B6809681A7024789A705C70DB
:105210000880FEF748BF002205A8DA70FDF73CFBC6
:105220008146002840F03A81059B002B00F0248342
:1052300005466F4614E09DF80320336803F8082004
:10524000BDF8022003F82520009A4344120A9A7000
:10525000009ADA70059B08F10408AB4240F25881CD
:1052600028463946FDF7D4FA01350028E3D04FF03F
:105270000109EFE7B8F1140F7FF4A7ADD4F80310DC
:105280000120FDF727FBD4F8071005463046FDF74F
:1052900021FB0346D4F80B1003201D43FDF71AFB36
:1052A0000346D4F80F100420ADB21D43FDF712FBE6
:1052B0000346E17C0520ADB21D43FDF70BFBADB20B
:1052C00045EA00039BB26E4A6E4912680968002BDA
:1052D00000F0D9827F20722503231070207895700A
:1052E00050700B80FEF7DFBE002267496748C1E9B6
:1052F00003220B70664B42731A604A610A778A6117
:1053000094F9013060789342FEF6CDAE50215C4BAB
:105310005C4A1B68126858701970A2F80080FEF78A
:10532000C2BEC278372A7FF4D9AD18468023142232
:1053300000F8013B574900F019FD1522514B1B683D
:105340001A80FEF7B0BE00234F4A5148C2E903332A
:105350004E4903604B7353611377936194F90130A5
:105360006078002B82F80080FEF69DAE5021444B01
:10537000444A1B68126858701970A2F80080FEF742
:1053800092BE454915220DF1170000F0EFFC1821DF
:105390002378FFF784BB3C4B1B7F022B00F062821B
:1053A00042F23F233322238041462378A270FFF745
:1053B00076BBB8F1040F7FF4FAA84378012B7FF491
:1053C00064A9314B1A78022A7FF47BAE1B7F022B33
:1053D00040F09181FEF798FB00287FF4F6A90421A4
:1053E0002046FEF719FD274AFFF7AEB9002B00F063
:1053F000FC800025013B411DDB0011F8012F9A4084
:10540000083B13F1080F45EA0205F6D140F6FE739A
:105410009D4240F2EB807F2031250321184B194A31
:105420001B681268187020789D7058701180FEF704
:105430003ABE58685969411A092900F24B817F2008
:10544000372503210E4B0F4A1B681268187020780D
:105450009D7058701180FEF726BE0B4B1A78022AF9
:1054600000F0A2817F227F250320054B05491B68A0
:1054700009681D7024789A705C700880FEF713BE6E
:10548000642A0320602A0320402A03206C2A032078
:10549000682A032028160108DC1501087F227220E3
:1054A00033681A702178BA4A597098701368A3F853
:1054B0000080FFF700B801333373237800214033B5
:1054C0001370637802F8013FB3680BE03468013170
:1054D000E35CB1F57F6F02F8013FB36803F10103AC
:1054E000B36003D07468A342F0D389B2726802310A
:1054F00093420180FEF4D7AD03237373FEF7D3BD4F
:10550000062005995971090A19713880FEF7D3BF31
:10551000B9F1000F00F0B0817F2133687225197056
:10552000032120789A4A58709D7013681980FEF7FD
:10553000C2BF828840F6FB7052BA92B2824240F2F9
:10554000DD807F2231200A70227888704A70FFF750
:1055500057B92146207840301070A8F1020014FAA3
:1055600080F00C4611F8017FA04202F8017FF8D1CB
:10557000FFF73BB84178012900F0D680022940F0BE
:105580006981002083490870FFF726B841F27A024A
:10559000A8F105039BB293423FF609A80023211D01
:1055A0007D4804F8083000F003FC7C497A4800F09C
:1055B0001FFC00287FF413AF7F203125FFF707B9C8
:1055C0004378012B7FF461A80379002B00F07A81E6
:1055D000012B7EF4D0AF7248FCF704FF4146204611
:1055E000FEF71AFC6A4AFFF7AFB81D46D4F80270FE
:1055F0003EBA3046A919FEF7D1F96A4B1B6800285C
:1056000000F00B8121781A46403158191970F31AAD
:1056100002E0995C02F8011F8242FAD15C4A6B1CDD
:1056200012681380FEF73FBD0133337302F0E4FDCF
:10563000B8F1000F00F096802746AA46A946B06848
:105640003B797A791B0403EB0263FA78397A03EB2E
:1056500002237A7A090401EB0261BA780AF1080A96
:10566000134419EB0302FB79083701EB032331687C
:1056700001F58021084417F8021C0B44FEF7BCFA20
:1056800040EA0503B068D04500F10800DDB2B06023
:10569000D6D802F0C5FDD6E901329A4224BF0323D1
:1056A0007373002D66D07F21722003223D4B1B684F
:1056B0001970217898705970354B1B681A80FEF765
:1056C000F2BCD4F8031009BAFDF704F90346FAE571
:1056D0001F4644E4197F01292AD07F202425032175
:1056E000304B2B4A1B681268187020789D705870D8
:1056F0001180FEF7D8BC3322FEF7ACBF71200870D2
:10570000084665784D70A5788D70E4780021151FE6
:1057100000F8034F02E000F8011F0131A942FADB53
:10572000043292B2FEF732BF1A480170FEF754BF3E
:10573000D4F802101D6909BA8D4200F0B380002729
:105740007F2658613525032001329A61154A104998
:1057500012681F7716702378096853709570088057
:10576000FEF7A1BC02F05CFDD6E901329A4201D3FA
:105770000323737302200B4A054923781268647867
:1057800009684033137054700880FEF78CBC00BF6A
:10579000602A03201E2A03202C2A0320CC1E010885
:1057A0001C1D0108642A03201B7F022B62D1D4F840
:1057B00002502DBA28467919FEF7E0F8002840F08B
:1057C000AD807F2031250321744B754A1B68126818
:1057D000187020789D7058701180FEF764BC00230B
:1057E000211D05A804F8083000F0E2FA6D4905A86B
:1057F00000F0FEFA00287FF4F2AD7F203121674BE4
:10580000674A1B68187020789970032158701368D4
:105810001980FEF799BF01212EE4634A974253D0C5
:105820007F20312503215E4A1870207812689D7010
:1058300058701180FEF737BC1B7F022B7FF45BAFE3
:105840004378012B7EF421AFFEF728F900287EF47F
:10585000BCAFC4E57F211220117021789070517087
:10586000FEF724BF132251490DF1170000F07EFA14
:10587000FFF7EDBB3322F6E5494A9B00116803337D
:105880000B80FEF718BE60782378A578507003204F
:105890004033137095700880FEF705BC44480170D2
:1058A000FEF79ABE1E7794F90130002BFEF6FBAB93
:1058B00040F26721394A3A4B12681B6811801E80FA
:1058C000FEF7F1BB3B4887E6112DA9D821781A468F
:1058D0004031197038482B4403E010F8011B02F8DE
:1058E000011F9A42F9D12E4A6B1C12681380FEF7F1
:1058F000DABB1B7F022B7FF4FEAE304B5B7B042BAD
:10590000A2D07F202221FEF738BEFEF795F8C8B955
:10591000FEF79EF800287EF458AF60E5022F26D0EF
:10592000042F1ED0082F13D06FF00603E21D1B1B9F
:1059300002E012F8011F29709918B942F9D33146D3
:10594000FFF79ABB0BF084FD00287EF43EAF46E5DE
:10595000A168E0680BBA02BA3146C5E90023FFF737
:105960008BBBA36831461BBA2B60FFF785BB23892D
:1059700031465BBA2B80FFF77FBB7F2200263120A8
:105980000321064B0E4D1B682E601A70044A2478C2
:1059900012685C7098701180FEF785BB642A032042
:1059A000602A0320CC1E010801234567C8150108A1
:1059B00076000320301D0108141601086C2A03200C
:1059C000682A032038B500240122094B09490A4DF1
:1059D0004C73586009490A48C3E90344C3E90544C4
:1059E0002C601A701C77FDF775F8204638BD00BF93
:1059F000402A03206C2A0320682A03208000032009
:105A000058A00120114B01461A78032A02D01048F1
:105A1000FDF7FAB941F288305A688A1A8242F6D9FB
:105A200000224FF0010C0B4810B40B4C427383F86A
:105A300000C01A77226006485DF8044BC3E90322D0
:105A4000C3E905225960FDF7DFB900BF402A0320F2
:105A500058A001206C2A0320682A03200146024A2C
:105A60000248FDF7E7B900BFA800032058A00120B5
:105A70002DE9F043002585B004468DF80D50ADF8B2
:105A80000E50D0E90050B0F1804F0F4690461E46B0
:105A9000C5F382690CD038B940F2E3739D4263D0FC
:105AA00040F2DF739D420ED0002005B0BDE8F083C8
:105AB000C5F30743DA2BC5F3072200F09980DB2BEF
:105AC000F2D1FF2AF0D1E06800F044F90028EBD0D1
:105AD0003B780F2BE8D8002B00F09680072BE3D8FB
:105AE00001388342E0D8A2690137ADF80E30A2F543
:105AF00000120123B2FA82F28DF80D30504B520998
:105B000083F826216168B1F1804F00F08F8040F268
:105B1000EB7200214B484C4B0260C3E9002141600D
:105B20004FF0FF3301220DF10D01306809F07EFBCB
:105B30004FF0FF33022204460DF10E01306809F0E8
:105B400075FB02464FF0FF33144439463068BDF808
:105B50000E2009F06BFBBDF80E3004440333A34262
:105B600044D0FBF765FA41E040F2EB73364AC2E9F4
:105B70000030344AC2E90030E06800F0EBF8CDF8BC
:105B80000080A369314CA3F50013B3FA83F30146F7
:105B90003A4620465B09FCF7C7FF2578022D83D1E2
:105BA00000274FF0FF3301220DF10D0130688DF811
:105BB0000D7009F03BFB2A464FF0FF330546A11C50
:105BC000306809F033FB02464FF0FF33154430686C
:105BD000628804F10D0109F029FB63880544033351
:105BE000AB4201D0FBF724FA0023237001205CE7CD
:105BF000212A7FF459AF2B029BB243EA896343F415
:105C00005A0343F02103B1E7A269B2F5001F7FF404
:105C10004BAF08287FF648AF7B78002B3FF444AFAA
:105C2000023883423FF640AF02375EE72A0292B263
:105C300042EA896242F45A0242F021026AE700BF56
:105C400058C0012080000320A800032058A0012094
:105C50004FF0000C10B5029CA4F800C08C460D4912
:105C60000B600D490C600D494860114622B1BDE83A
:105C700010406046FEF77EB94FF07F0E8CF8002092
:105C80001320032283F800E09CF8001098705970EC
:105C9000228010BD642A0320602A0320402A0320AA
:105CA0004FF0000C10B5029CA4F800C08C460D49C2
:105CB0000B600D490C600D494860114622B1BDE8EA
:105CC00010406046FEF756B94FF07F0E8CF800206A
:105CD0001320032283F800E09CF80010987059709C
:105CE000228010BD642A0320602A0320402A03205A
:105CF00038B5049A12884AB11978512907D0C729B2
:105D000004D1012A02D05B78032B08D038BD4FF4B0
:105D1000FA7008F0B7FDBDE8384001F0C1BB4FF4A0
:105D2000FA7008F0AFFD0123084C25782370FBF7CB
:105D300075FF4FF47A7008F0A5FD054BEDB21868B9
:105D4000FBF774FFFBF7C2FE257038BD7600032019
:105D5000682A0320014BC0B2185C7047DC1E0108A2
:105D6000704700BF0AB10BF083BA70474AB1013ADD
:105D70004B1E0138114413F8012F8B4200F8012FFC
:105D8000F9D170477AB1013A431E0139104401E05C
:105D9000834208D013F801CF11F8012F9445F7D0B2
:105DA00003D901207047002070474FF0FF30704743
:105DB000421E11F8013B02F8013F002BF9D1704758
:105DC00008B503782BB10130FAF73AFA013080B206
:105DD00008BD184608BD00BF4FF47A7202FB00F000
:105DE000024BA3FB0030800908F04CBDD34D62107C
:105DF00088B179B103781BB915E010F8013F5BB1A8
:105E00008C4611F8012B9A42F7D0981AB0FA80F01C
:105E100040097047084670479CF80120981AB0FA6C
:105E200080F0400970470A78EFE700BFF8B5417885
:105E3000072909D942F2FE2002221649164B0968A9
:105E40001B6808801A80F8BD144D04462869014477
:105E5000FDF7A4FD0F4A104B012816681F6805D0F6
:105E600042F2FE22022332803B80F8BDFF233370D2
:105E7000637863B100232A6912780133DBB2F254EC
:105E80002A6901322A6161789942F5D8481C388024
:105E9000F8BD00BF802A03207C2A0320842A032027
:105EA00000220146034B1046C3E903221A705960D1
:105EB0001A817047842A0320084B1A785AB14EF68B
:105EC00060215A68821A8A4205D90022C3E9032256
:105ED00058601A701A810020704700BF842A03207E
:105EE00038B5D0B20C46FFF73BFF074DE86002E043
:105EF0000A2008F0C7FC21462846FBF701FF0028CE
:105F0000F6D1012038BD00BFD000032070B5D0E924
:105F10000042B2F1804F0D461E4682B007D01AB93A
:105F200040F256539C4219D0002002B070BDC4F319
:105F30000743EF2BF8D1C4F30723212BF4D1E3B2AD
:105F40003F2B01D05A2BEFD123029BB204F0E05437
:105F50001C4344F46F0444F0210401E040F2575420
:105F6000124BC068C3E90042FFF7F4FEADF806002B
:105F70000028D9D04FF0FF3302220DF1060130681E
:105F800009F054F94FF0FF3304462946BDF80620C6
:105F9000306809F04BF9BDF8063004440233A342DF
:105FA00001D10120C1E7FBF743F8FAE7D000032055
:105FB0002DE9F041069D944F944E954C35606060FC
:105FC0003B604AB1FF2018700878FF2824D094F86D
:105FD00000C0BCF1010F01D0BDE8F081CE383028FF
:105FE00027D8DFE800F03326262626262626262672
:105FF000262C2C2626262626262626262626262635
:1060000026332626262626262626268D837C746180
:1060100053264339AFA16C00012A00F098804A78DA
:10602000002A00F0948042F2FE21022219802A8088
:10603000D2E742F2FE01022219802A80CCE7002238
:10604000C3F801205A6008232B80C5E700210322F2
:10605000A3F801102A80BFE7002201200821C3F81D
:106060000120A3F80520D8712980B5E7012A30D096
:106070004A78002AD7D104200821C3F80120A3F8C8
:106080000520644AD87129802261A5E7012A20D021
:10609000227A012A03D04A78002A00F08280002167
:1060A000022259702A8097E7052A12D9627A012ABA
:1060B00064D042F6FE11022219802A808CE7002368
:1060C0000122C4E90333237023812A8084E7082A4C
:1060D0004ED042F2FE11022219802A807CE7012A6A
:1060E000F7D0BDE8F0410846FFF7A0BE072AF0D977
:1060F0004B6808461BBA2361BDE8F041FFF796BE26
:10610000072AE6D94D68206995FA85F808EB000161
:10611000FDF744FC01283F68366857D042F2FE2262
:1061200002233A80338057E700215970227A0620F3
:10613000013A18BF01221201D970197159719A7070
:10614000288049E7FE21022219802A8044E70022A4
:1061500001214FF4807608202F4FC4E903222281C9
:106160002170C3F80170A3F80560D971288033E766
:1061700001224B681BBA23612A802DE7D1F8021057
:10618000E668264809BA7040884236D0002242F2BA
:10619000FE50022118802980C4E903222270228146
:1061A0001AE7FDF72DFE0121042206253B68E06079
:1061B00061725A70E27B31689A70E289DA70E26843
:1061C000120A1A71E2685A710D8005E75DB1002369
:1061D0001D46226912F8011B013398450D442261C6
:1061E000F8D895FA85F8032100220823C7F804801F
:1061F000A7F80110FA703380EEE622810021022216
:1062000059702A80E8E600BF802A03207C2A0320F8
:10621000842A0320EC1E0108000108087856341275
:1062200010B50F4B82B0186E002240F001001866C6
:106230001C6E072104F001040094009C9C6D6FF01B
:10624000010044F080549C659B6D03F080530193E2
:10625000019B01F0CBF802B0BDE8104003F060BF35
:106260000010024070B500210446ACB0942207A88B
:10627000CDE90211CDE9041106910AF0F9FF324B84
:1062800022689A4201D02CB070BD03234FF48042A3
:106290004FF08051CDE9072309931822112327914C
:1062A000CDE90A23022108224FF0807307A8CDE927
:1062B0000D230C9104F012FE00283BD1234B002645
:1062C000DA6C02A942F40052DA64DA6C204D02F46E
:1062D00000520092009ADA6C42F00102DA64DB6C40
:1062E000322203F001030193032301981948CDE9F9
:1062F0000223049602F068FA80224FF4807305218D
:10630000C5E903626B614FF480622023C5E9011681
:1063100011492846C5E906232E62296001F074F967
:1063200070B910210A4801F01FFB30B92565AC6235
:106330002CB070BDFAF77CFEC0E7FAF779FEF5E7FE
:10634000FAF776FEEDE700BF00800242001002403F
:10635000E02603200000024208040240094B0268C4
:106360009A4200D07047A3F500539A6C82B042F471
:1063700080529A649B6C03F480530193019B02B09A
:10638000704700BF0030024010B500210446ACB099
:10639000942207A8CDE90211CDE9041106910AF073
:1063A00067FF274B22689A4201D02CB010BD4FF0F6
:1063B00000724FF0807307A80792219304F08EFDBE
:1063C000002832D19FED1A6B9FED1B7B09241D4BDA
:1063D00002A9DA6D1C4842F40072DA65DA6D02F443
:1063E00000720092009ADA6C42F00202DA64DB6C0E
:1063F0008DED026B03F0020301938DED047B019B95
:10640000069402F0E1F900220521272000F0EEFFBA
:10641000272001F025F800220521282000F0E6FFC2
:10642000282001F01DF82CB010BDFAF701FEC9E7D5
:106430000003000002000000000000000000000057
:1064400000A40040001002400004024208B50268A7
:106450000A4B9A4200D008BD094A4FF44071D36DEF
:10646000084823F40073D36502F0B4FA272001F042
:1064700005F8BDE80840282001F000B800A400405D
:10648000001002400004024210B50446A6B0942257
:10649000002101A80AF0ECFE114B22689A4201D0BB
:1064A00026B010BD4FF4802301A8019304F016FD1F
:1064B00098B90C4B0022D86C052140F48020D86498
:1064C000DB6C5E2003F480230093009B00F08EFFC2
:1064D0005E2000F0C5FF26B010BDFAF7A9FDE8E781
:1064E00000080C4200100240F0B50024414B026845
:1064F00089B09A42CDE90244CDE90444069401D022
:1065000009B0F0BD03F5EC339A6D052642F48042E4
:106510009A659A6D032702F480420092009ADA6C21
:10652000054642F00202DA64DB6C4FF4204203F0CD
:1065300002030193022301992F4802A9CDE9022306
:10654000CDE9057602F040F902224FF48043CDE90F
:1065500002320123284802A906960493059702F007
:1065600033F980230E211022244EC6E90343244B25
:106570003046C6E90112C6E90544C6E9074433605E
:1065800001F042F848BB10211C4801F0EDF968BB4E
:10659000002380220D211B4C6E65C4E90233C4E93F
:1065A0000423C4E906332362174B2046B5626160B9
:1065B000236001F029F8B0B91021124801F0D4F994
:1065C00070B9002205213C20AC65A56200F00EFFE9
:1065D0003C2000F045FF09B0F0BDFAF729FDD2E7F5
:1065E000FAF726FDEDE7FAF723FDE5E7FAF720FDD8
:1065F000CEE700BF00380040000402429024032090
:1066000008000240282403201C00024000B5036853
:1066100087B0B3F1804F0DD02E4A934238D02E4A26
:10662000934214D02D4A934226D02D4A934244D00F
:1066300007B000BD03F504339A6D42F001029A657C
:106640009B6D03F001030193019B07B000BD254B37
:106650000022986D052140F0200098659B6D322046
:1066600003F020030393039B00F0C0FE322007B029
:106670005DF804EB00F0F4BE1A4B1A6E42F40032DF
:106680001A661B6E03F400330493049B07B000BD2D
:10669000144B0022986D052140F0100098659B6D09
:1066A000312003F010030293029B00F09FFE312083
:1066B00007B05DF804EB00F0D3BE0A4B1A6E42F44B
:1066C00080221A661B6E03F480230593059B07B096
:1066D00000BD00BF00100040001400400044014015
:1066E000004801400010024010B500210446AEB041
:1066F000942209A8CDE90411CDE9061108910AF008
:10670000B7FD2D4B22689A4201D02EB010BD4FF438
:10671000005309A8099304F0E1FB00283FD19FED45
:10672000226B9FED237B0A22244C2548E36C04A9AD
:1067300043F00103E364E36C8DED046B03F00103AC
:106740000193019B8DED067B089202F03DF8E36D0D
:1067500043F40013E365E36D03F400130293029B1B
:10676000A36DDB0018D4A36D43F08053A365A36D24
:1067700003F080530393039B03F0CAFCA36D23F043
:106780008053A36500220521492000F02FFE4920F7
:1067900000F066FE2EB010BD03F0BAFCF2E7FAF787
:1067A00047FCBCE7AFF300800018000002000000C7
:1067B000000000000000000000D400400010024073
:1067C0000000024210B5014688B000222A2000F0E5
:1067D0000DFE2A2000F044FE154B01A91A6E03A8F5
:1067E00042F400621A661B6E124C03F400630293BB
:1067F000029B04F06BFA04F051FA0346002140F2C8
:10680000E7300D4A2161A2FB0323A1609B0C0B49D9
:10681000E060013B20462160636005F069FC10B137
:10682000012008B010BD204605F072FA08B010BD76
:1068300000100240982A032083DE1B43002C0140F5
:10684000FEE700BFFEE700BFFEE700BFFEE700BFB8
:10685000FEE700BF704700BF014801F013B800BF5A
:1068600090240320014801F00DB800BF2824032024
:10687000014801F0F9BB00BF58260320014801F090
:10688000F3BB00BF58260320014805F031BB00BF11
:10689000982A0320014805F02BBB00BF902303205A
:1068A000014805F025BB00BF44230320014802F046
:1068B0003FB900BF04260320014802F0D7BA00BF49
:1068C00004260320014805F0F9B800BFF82403208E
:1068D000014805F0D7BC00BF70250320014802F035
:1068E0000BBD00BFD01F0320014800F0CBBF00BF8D
:1068F000E0260320014804F0FFBD00BF5C25032013
:10690000034AD2F8883043F47003C2F888307047E5
:1069100000ED00E0254B25491A68120754BFD3F853
:1069200094301B688A6858BFC3F3032302F00C023B
:1069300048BFC3F30313082A12D01D480C2A50F88D
:1069400023300FD01B49042A08BF0B46174A1A48A8
:1069500092681A49C2F30312825CD3400B607047FD
:10696000174BF3E7C868CA6800F00301C2F30312CB
:10697000022902F1010211D0032913D0B3FBF2F175
:106980000A4AD368D268C3F3062301FB03F3C2F3B8
:10699000416201325200B3FBF2F3D7E70549B1FB84
:1069A000F2F1EDE70649B1FBF2F1E9E70010024030
:1069B000F41E01080024F4003C1F0108F400032029
:1069C00080969800DFF834D0FFF79AFF002103E0AB
:1069D0000B4B5B58435004310A480B4B42189A4208
:1069E000F6D30A4A02E0002342F8043B084B9A42DD
:1069F000F9D30AF0A3FCF9F78DFFFEE700000420AD
:106A0000701F0108000003206002032060020320C1
:106A100030580320FEE70000042010B500F0D4FC3D
:106A2000FFF778FF0020FFF7CDFE10B101242046CC
:106A300010BD0446FFF7F4FB204610BD034A044B8B
:106A400011681B780B441360704700BFE42A0320D1
:106A5000F8000320014B1868704700BFE42A0320A8
:106A6000002330B583B00193002800F09E80856D2F
:106A70000446002D00F09C80226893689D0005D597
:106A8000936823F0204323F03F0393609368D8007A
:106A900019D45C4B5C481B6891689B09A0FB0303FD
:106AA00021F010419B0921F03F0101335B0041F0CF
:106AB000805191600193019B2BB1019B013B01939C
:106AC000019B002BF9D19368D90064D40120A36DF8
:106AD00043F01003A365E36D0343E365936813F08C
:106AE000040FA36D5DD1DB065BD4A36D23F481732A
:106AF00043F00203A3659368DD0708D4434B9B680A
:106B000013F0010F424B9B6801D1D90763D5E568AB
:106B1000636B94F820102B43A568012943EA050311
:106B2000657E43EA453343EA01434FD0A16A21B170
:106B3000E56A01F4707129430B43D5683549294052
:106B40001943D16093681B0716D494F83030257E22
:106B5000D1685B0043EA8533E56C21F4804121F084
:106B600006012B430B43D36094F83830012B3AD005
:106B7000136923F0010313612369012B1ED0136BEA
:106B800023F00F031363A36D23F0030343F001030A
:106B9000A36503B030BD9368002013F0040FA36D0C
:106BA000A1D0A36D43F01003A365012003B030BD55
:106BB000FFF758FBE56584F854505DE7116BE36916
:106BC00021F00F01013B0B431363DCE7616A0139DC
:106BD00043EA4143AAE7104965688B6823F47C13B4
:106BE0002B438B6093E71169E36B256C6FF38A018C
:106BF0002B430B43616C0B43A16C0B4343F001032C
:106C00001361B9E7F4000320632D3E0500800242C2
:106C10000081024207C0F0FF00830242704700BFBC
:106C2000704700BF08B5806AFFF7FAFF08BD00BFD4
:106C3000704700BF836A10B59A6D12F0500F9A6DBD
:106C40001DD1196842F400729A650A6812F0080FA3
:106C5000CA681BD012F4406F0DD1CA6894040AD4DC
:106C60009A6D22F480729A659A6DD10403D49A6D5C
:106C700042F001029A651846FFF7D0FF10BDD20618
:106C80000AD4BDE810401B6DDB6B18479007E7D5B1
:106C90001846FFF7C3FFF1E71846FFF7C9FF10BD1D
:106CA000806A08B5836D43F040038365C36D43F08C
:106CB0000403C365FFF7BCFF08BD00BF0022F0B5A9
:106CC00083B0019290F85420012A00F0F38003462B
:106CD00001201A6883F854009068400709D5012004
:106CE0009A6D42F020029A65002283F8542003B086
:106CF000F0BD1F24486802F1300500F01F0C4FEA78
:106D0000901E08680EF00C0EC0F3846000FA0CF0C0
:106D100004FA0CFC55F80E4024EA0C0C40EA0C0076
:106D200045F80E00906810F0040F906835D1070701
:106D300033D4072408688D68C0F30456B440C00DEE
:106D4000B5F1004F6FEA040400F0040000F0FC808D
:106D500002F11407B5403E5834402C433C50506972
:106D600020F0004050610E69D468042E086800F0DD
:106D7000B88002F1600757F826C0BA4D00F0F8401D
:106D80000CEA05050543C4F3C10448696400A0404A
:106D9000284340F0004047F826009068C60701D518
:106DA0000020A1E7CE680C68AF48D2F8B05006F0DA
:106DB0001807F840C4F31207204025EA07052843C6
:106DC000C2F8B000A948864226D0A9490C42E7D0B3
:106DD000A848A94986688D68ED076ED4A74DAD68AF
:106DE000EF073FF57CAFA64D06F0E077AC4200F030
:106DF0005F81A44DAC4200F07F81A34DAC42CFD166
:106E00007402CDD48A42CBD1826822F0E0723A4338
:106E100042F480028260C3E7002F51D094FAA4F0BC
:106E2000002800F0D080B0FA80F0013000F01F00A0
:106E3000092840F2C88094FAA4F0002800F072817A
:106E4000B0FA80F00130800600F0F84094FAA4F522
:106E5000002D00F06C810126B5FA85F5354405F06A
:106E60001F0506FA05F5284394FAA4F4002C00F057
:106E70005C81B4FA84F4013404F01F0404EB44048C
:106E80001E3C240544F0007407272043C50D8E687E
:106E900005F0040502F1140C5CF80540C0F3045041
:106EA000864007FA00F024EA000030434CF8050061
:106EB0000C688AE7022003B0F0BD704A92680EE7C2
:106EC0000120A40E013404F01F06A40604F0F845C6
:106ED000B040092E06EB460440EA0500D0D8240550
:106EE000D2E7146E146EC0F31205C4F38464002D4F
:106EF00034D1C0F38466B44200F08B80546E556E7A
:106F000002F16004C5F3846502F1640CB54200F03F
:106F10009480A568A56804F10807C5F38465C0F3EB
:106F20008466AE4200F0B280E568E56804F10C06C4
:106F3000C5F38464C0F38460A0427FF42EAF306850
:106F400020F00040306028E702F1140635582C404C
:106F50003450506940F00040506104E790FAA0F5C9
:106F60001DB1B5FA85F5AC4253D0546E556E02F1A1
:106F70006004C5F3846502F1640C90FAA0F604F194
:106F80000807BE461EB1B6FA86F6AE4257D0A568CF
:106F9000A568C5F3846590FAA0FC04F10C06B6461A
:106FA000BCF1000F03D0BCFA8CFCAC4570D0E56896
:106FB000E468C4F3846490FAA0F000283FF4EDAED6
:106FC000B0FA80F0B8E794FAA4F0002800F0A480AA
:106FD000B0FA80F00130800600F0F84094FAA4F591
:106FE000002D00F097800126B5FA85F5354405F0AF
:106FF0001F0506FA05F5284394FAA4F4002C00F0C6
:107000008E80B4FA84F4013404F01F0404EB4404C9
:1070100065E71446106E02F1640C20F0004044F85D
:10702000600F506E0868556EC0F31206C5F3846594
:10703000002EA2D1C0F3846668E704F1080EDCF8E4
:107040000000774620F00040CCF80000A0680868F7
:10705000A568C0F31206C5F38465002E3FF45FAF48
:1070600099E700BF00F0FF03FFFF070000007F402B
:107070000000088000830242008002420081024238
:10708000000052C7000084CB0100008004F10C0E08
:107090003868764620F000403860E0680868E468A8
:1070A000C0F31205C4F38464002D3FF443AF82E7BC
:1070B00036023FF575AE8A427FF472AE82681D4992
:1070C00022F0E0723A4342F4000282600A681A49F0
:1070D0009209A1FB02129209013202EB42029200D4
:1070E0000192019A002A3FF45BAE019A013A0192A3
:1070F000019A002AF9D153E6F5013FF551AE8A42D3
:107100007FF44EAE826822F0E0723A4342F0807221
:10711000826045E602256EE74FF080605EE74FF43F
:107120004014B1E64FF0806090E6044CACE60225D6
:1071300099E600BFF4000320632D3E05000050FED9
:10714000002370B582B0019303689A68D2072CD4EB
:107150009968284A054611422AD19A68264922F0A0
:10716000004222F03F0242F001029A608B681E0248
:1071700029D4FFF76FFC2B6806461A68D40714D48D
:107180001E4C9A68D00704D49A68224042F001024B
:107190009A60FFF75FFC821B022A2B6802D91A68EB
:1071A000D10705D51A68D207EBD5002002B070BD13
:1071B0000120AB6D43F01003AB65EB6D43F00103B1
:1071C000EB6502B070BD0E4B0E4A1B689B09A2FB1B
:1071D00003239B09013303EB43039B000193019BB2
:1071E000002BC6D0019B013B0193019B002BF9D1E1
:1071F000BFE700BF3F00008000830242C0FFFF7F67
:10720000F4000320632D3E052DE9F041364B05685F
:107210009B68AD6815F0040516D1164690F8542009
:107220000446012A10D040F2212C03F01F0801234C
:107230002CFA08FC1CEA030C80F8543007D180F8C3
:1072400054C00120BDE8F0810220BDE8F0810F4666
:10725000FFF776FF002840D1A36D216823F4706307
:1072600023F0010343F48073A365204B994237D088
:10727000A36D23F48013A365A36D002513F480533D
:1072800018BFE36D206D18BF23F00603E365334696
:107290001C263A46164F4031C762164F0763164FF9
:1072A000C76341F8406C84F8545051F83C5C45F099
:1072B000100541F83C5C51F8345C45F0010541F89B
:1072C000345C00F017FA2268936823F0004323F03F
:1072D0003F0343F004039360B7E784F85450B0E7EA
:1072E000B8F1000FC8D1C3E7008302420081024217
:1072F000356C0008256C0008A16C000890F854203B
:10730000012A46D0034600220120F0B42B4D1C6810
:107310009AB0AC42169283F85400179208D0996D37
:1073200083F8542041F0200199651AB0F0BC7047F1
:10733000234A906840070BD5A26801209A6D42F05D
:1073400020029A65002283F854201AB0F0BC7047DE
:10735000A0684507F1D40D68EDB11A4E4F68B068CA
:1073600093F830C020F46040384340EA4C30B060BD
:10737000A0689268C0070AD4D70708D4B2688968A1
:1073800022F471620D4322F00F021543B560002014
:10739000D8E7022070470B48816821F46041816082
:1073A000A1689268CD07F2D4D407F0D4826822F4A1
:1073B000716222F00F028260E9E700BF00800242A2
:1073C00000810242008302424FF6FF0C064903028D
:1073D000CA6803F4E06302EA0C02134343F0BF639C
:1073E00043F40033CB60704700ED00E01A4B00B56A
:1073F000DB68C3F30223C3F1070EBEF1030F03F1F1
:10740000030C28BF4FF0030EBCF1060F1BD9A3F1EC
:10741000040C4FF0FF3303FA0CF322EA03024FF09F
:10742000FF3303FA0EF321EA030303FA0CF31343C9
:107430005B010028DBB209DB00F1604000F5614030
:1074400080F8003300BD00229446E8E7034A00F0CC
:107450000F000244137600BD00ED00E0FCEC00E0FC
:10746000002807DB012300F01F01034A40098B407D
:1074700042F82030704700BF00E100E000280CDB3C
:1074800001220649430900F01F002033824041F8E1
:107490002320BFF34F8FBFF36F8F704700E100E0F1
:1074A000BFF34F8F0549064BCA6802F4E0621343ED
:1074B000CB60BFF34F8F00BFFDE700BF00ED00E0E2
:1074C0000400FA05002836D038B5437F044603F09F
:1074D000FF0263B3022223796277F3B92368174A64
:1074E0005A619A6822F018029A6062798AB1226918
:1074F0001A6101219A68656922F060022A439A6044
:107500009A68A56922F080022A439A606177002078
:1075100038BD4FF0FF321A61EBE72046D4E9021282
:1075200000F00EF808B92368DFE7012038BD0277C4
:10753000FEF714FFCEE70120704700BFB71DC1045E
:10754000CB071AD51E2310B401E0013B17D321FA53
:1075500003FC1CF0010FF8D0182A11D8DFE802F064
:107560001610101010101010241010101010101001
:1075700021101010101010101400012070472AB1B3
:1075800001205DF8044B7047062BF9D804680020F1
:107590006161A36823F018031343A3605DF8044BF3
:1075A0007047072BF2D9EBE70F2BEFD9E8E700BFC5
:1075B00011490368C26C8B4288BF104922F0030254
:1075C00094BF02F1804189184FF0010210B4DBB280
:1075D0000B4CA3F10803A4FB03430A4CC3F30413AD
:1075E00098BF01F5023102FA03F3C0E91414836570
:1075F0005DF8044B704700BF0704024020080240BA
:10760000CDCCCCCC8008024000285ED00268304B44
:1076100070B59A42044646D92E4B2F491344A1FB1C
:1076200003132E481B099B000221C4E91203D4E96D
:10763000025320692B430343606984F825100343F8
:10764000A06911680343E0696FF310110343206AD6
:1076500003430B4320461360FFF7AAFFD4E91461EC
:10766000B5F5804FA06D27D06368DAB2013B032BDC
:107670003260486024D801210020194B194D134471
:10768000013A01FA02F218499B00E3656266256639
:1076900018604A6400230122636484F8243084F86B
:1076A0002520184670BD114B0B491344A1FB031351
:1076B0001B090F489B00B7E70023636033604860F5
:1076C0000023C4E917336366E4E70120704700BF75
:1076D00007040240F8FBFDBFCDCCCCCC0004024037
:1076E0003F8200104009024000090240F8FFFDBF40
:1076F00000000240F0B590F82440012C0AD04FF071
:10770000010C90F8254080F824C0644504D0002383
:1077100080F824300220F0BD0026D0E9157C4FF01F
:10772000020E046880F825E046642668C56D26F0E0
:1077300001062660C7F804C015B1D0E91867776064
:107740000126C76C07F01C0C876C06FA0CF67E60ED
:1077500063608368102B036B0BBFA260A160E160C4
:10776000E260B3B1236843F00E032360036D1A682F
:10777000D20303D51A6842F480721A601DB12B68D7
:1077800043F480732B602368002043F001032360DF
:10779000F0BD236823F004032360236843F00A0349
:1077A0002360E3E790F825200346022A06D004224E
:1077B0005A640022012083F824207047026870B4C4
:1077C000046D1068D96C20F00E00106020689E6C6B
:1077D00020F480702060106801F01C0120F001008E
:1077E00010600122D3E91545D86D8A40726065604A
:1077F00030B1D3E91814026822F4807202604C6040
:10780000012283F82520002283F82420002070BC68
:10781000704700BF90F825200346022A03D00422B7
:1078200001205A647047026870B5046D1068D96C05
:1078300020F00E00106010689E6C20F001001060B7
:107840002268D86D22F4807222600122D3E91545A6
:1078500001F01C018A407260656030B1D3E91814F0
:10786000026822F4807202604C60012000211A6CD0
:1078700083F8250083F824100AB1184690470020A9
:1078800070BD00BF0421F0B4C26C866C02F01C0213
:1078900035680468914029420346276812D017F0E2
:1078A000040F0FD02268170439D42268950603D438
:1078B000226822F0040222601A6B716092B1F0BC5F
:1078C000184610470221914029420DD0B8070BD528
:1078D000226812F4004F226829D0D4033CD45A6B9A
:1078E000002AECD1F0BC7047082191402942F9D020
:1078F0003907F7D52168002021F00E012160012110
:10790000DC6B01FA02F27260596483F8240083F898
:107910002510002CE6D018462346F0BC18477160AD
:107920002268D60314D4036B002BF6D1DAE7900655
:1079300006D4226822F00A022260012283F8252060
:107940000020DA6A716083F82400002AB7D1C9E701
:10795000836B002BE1D1C5E7DA6A002AAFD1C1E71A
:1079600090F82500704700BF60B10368C8061A6828
:1079700005D5C9024CBF42F4801222F480120020C7
:107980001A60704701207047002800F0D78038B592
:1079900090F85C30044603F0FF02002B70D02268A0
:1079A000936923F010039361FFF754F8054604E050
:1079B000FFF750F8401B0A2859D823689A69110725
:1079C000F6D49A6942F001029A61FFF743F805463E
:1079D00004E0FFF73FF8401B0A2848D823689A695B
:1079E000D207F6D59A696068574942F002029A6157
:1079F0000860227C012A9A690CBF22F0400242F002
:107A000040029A61627C012A9A690CBF42F480426A
:107A100022F480429A61A27C012A9A690CBF22F466
:107A2000805242F480529A619A69A06822F44072AE
:107A300002439A619A69E16822F0A4029A611A6984
:107A4000012922F010021A611FD011B302299A698C
:107A500076D042F080029A611A69032942F010023E
:107A60001A6116D19A6942F020029A6111E003224C
:107A7000236E012043F00103236684F85C2038BDA7
:107A800080F85D20FEF780FC89E79A6942F00402E5
:107A90009A61D4E90612013A0139120242EA4162BE
:107AA000216AB0F5407F01F1FF3142EA01026169CC
:107AB00001F1FF3142EA0142DA610ED1D4E90B0251
:107AC000A16A013A01381201013942EA00220A434F
:107AD000616A013942EA0142DA60D3F8C020E06B02
:107AE000616B0243C3F8C020D3F88020174822F40A
:107AF000F81242EA01422064C3F88020D3F88020C3
:107B0000A16B134D22F0706242EA01626564C3F812
:107B10008020104B10494035C4E91253F033C4E9BA
:107B200014134FF45472002109F0A2FB0023012228
:107B3000236684F85C201846A36538BD0120704791
:107B400042F020029A61A4E700A5004000AC00408A
:107B500070AC004088AD004060AE004090F85C2002
:107B60000346013A012A05D91A6E012042F00202A9
:107B70001A6670478A6870B4D1E90354486992075D
:107B8000D1E9006156B942EAC56202431B6C42EA80
:107B90000442002070BC43F8212070475B6C44EA2B
:107BA000457443F83140104303EBC103586070BC87
:107BB00000207047844690F85C00012807D0DCF86C
:107BC0006030012043F00403CCF86030704710B4FB
:107BD0000198DCF8004040EA4303D4F8800043EA0F
:107BE000820242EA011120F03F030B430020C4F857
:107BF00080305DF8044B704790F85C200346012A02
:107C000005D01A6E012042F004021A667047022263
:107C1000002110B4046880F85C20A269084622F0B4
:107C20000102A2615DF8044B1966704790F85C3060
:107C30000146022B17D10268936943F00103936157
:107C40009369DB0758BF0B2313D49069C00710D486
:107C5000013BFAD103220B6E012043F001030B66B6
:107C600081F85C207047036E43F00803036601202F
:107C70007047936923F01003936193691B0748BF12
:107C80000B2305D59069000702D5013BFAD1E1E746
:107C90004FF0010C10B400249369204643F0020316
:107CA000936181F85CC08C655DF8044B704700BF40
:107CB00088B110B50446FFF7B9FF22682046D36D9E
:107CC00023F00303D365FEF7C1FB0023236684F88A
:107CD0005C30184610BD0120704700BFF0B590F829
:107CE0005C308646022B0BD10568D5F8C43013F4FE
:107CF000001C0BD0036E43F4007303660120F0BD3B
:107D0000036E43F0080303660120F0BDD5F8C4609C
:107D10004B680C6988680F68C6F30146002B37D1A1
:107D2000044344EA8744D1E906030343486906EB68
:107D3000C6070343086A43EA0063C86843EA00438E
:107D4000DEF8540040F8374000EBC7004360134CA6
:107D5000CB68E35CA3B19378D7781B0443EA07634D
:107D6000177804323B4312F8037C43EA07230CEBF9
:107D70000007BB60CB680CF1040CE35C9C45EAD3C4
:107D80000123B340C5F8CC300020CEF85830F0BD08
:107D90003C43044344F08044C5E700BF4C1F010846
:107DA0002DE9F04190F85C40022C64D1402905682F
:107DB0006DD0D5F89840270764D0D5F89870D5F8DD
:107DC0009840C7F30128E60107D5D5F88040E405BF
:107DD00044BF08F1010707F00308C46C08EBC806AC
:107DE00004EBC604266806F080465660D4F800C04E
:107DF000002E66D1CCF38A461660266806F000563F
:107E00009660266806F000461661A688D661B4F82A
:107E100006C00CF00F0CC2F80CC0666806F48016A1
:107E20005661666806F400169661E67906F07F06EC
:107E30001662274E676816F80CE04FEAD77CC2F846
:107E400024C0BEF1000F10D0013B04F1070EF44630
:107E50001EF8015FACF1060C03F8015FD568ACEBCE
:107E6000040C755D6545F2D8056840292CD0C5F82D
:107E70009C80002004E0036E43F0080303660120A9
:107E8000BDE8F081036E43F480730366F7E7D5F82D
:107E900090402707F6D0D5F89070D5F89040C7F3FA
:107EA0000128E60107D5D5F88040A40544BF08F1B4
:107EB000010707F00308846C08EBC80604EBC6044E
:107EC00090E72CF0604697E7C5F89480D1E700BFB3
:107ED0004C1F010803461B6830B45B6C002003F0A4
:107EE0000704C3F30222C1E90042C3F34014C3F301
:107EF0008012C1E90342C3F3C014C3F3C022C1E935
:107F00000542C3F30034C3F3403203F01805C1E95E
:107F10000742C3F38032C3F306438D60C1E90923EE
:107F200030BC7047034630B41B6800201B6CDCB2C9
:107F3000C3F3C035C3F30622C3F30743C1E90042CC
:107F40008D60CB6030BC70470368D3F8C40000F08C
:107F500007007047034690F85C000138012805D9F6
:107F60001A6E012042F002021A6670471B6870B454
:107F700011F00705986D01F0380420D0C6071ED413
:107F8000DD6D45F00105DD650CB384071FD5D86DA7
:107F900040F00200D8650C0604D5D3F8DC0010438D
:107FA000C3F8DC00C80504D5D3F8E0000243C3F8E9
:107FB000E0205A6D002070BC0A435A65704704B334
:107FC00086071ED4DE6D46F00106DE6525BB11F482
:107FD000E07F01D04607DAD411F4F05F01D0050745
:107FE000D5D411F4604F01D0C406D0D411F4403F71
:107FF00001D08606CBD411F47C0FCCD04506C6D474
:10800000C9E711F4E07F0AD0460708D4DE6D46F0D8
:108010000106DE65002DB7D0C507B5D5B7E711F469
:10802000F05F01D00607F1D511F4604F01D0C6060C
:10803000ECD511F4403F01D08606E7D511F47C0F52
:10804000E8D04606E2D5002D9ED0E5E7704700BF98
:10805000704700BF704700BF704700BF704700BF48
:10806000704700BF704700BF2DE9F84F0368044612
:108070001A6D596D02EA010A1A6D596D0AF4E05A37
:1080800002EA01091A6D596D1E6D02EA01085A6D66
:108090001F6D16405A6DD3F854B01D6D1740690618
:1080A00009F0070908F0380806F4710607F460279C
:1080B00002D51BF0400F73D1EA0502D51BF4807F77
:1080C0005DD1BAF1000F4AD1B9F1000F35D1B8F145
:1080D000000F3CD1AB0502D51BF4007F75D12806FB
:1080E00002D51BF0800F78D1A90402D51BF4005FE4
:1080F0005BD12A0402D51BF4004F5ED16B040AD574
:108100001BF4804F07D04FF4804223681A65236E1A
:1081100043F0800323664FB926B123681E65236EA2
:1081200033432366236E2BBBBDE8F88F23683946A3
:1081300020461F65F9F7FCFEEEE723684946204616
:10814000C3F85090F9F742FEB8F1000FC2D023688F
:1081500041462046C3F85080FFF77AFFBAE723680C
:1081600051462046C3F850A0FFF770FFB9F1000F49
:10817000ADD0E2E72046F9F7BFFEBDE8F88F4FF437
:10818000807223682046D3F8D8C0D3F8E0101A656F
:108190000CEA0101FFF760FFBAF1000F94D0DEE7AF
:1081A00040221A65FFF75EFF86E74FF4005223680E
:1081B00020461A65FFF752FF9BE74FF40042236801
:1081C00020461A65FFF74CFF98E74FF400722368CA
:1081D00020461A65FFF73EFF81E78022236820468C
:1081E000D3F8D4C0D3F8DC101A650CEA0101F9F712
:1081F00067FE79E7006E7047064B9A6A002A01DB3A
:10820000002070470449054A99609A60986AC00F37
:10821000704700BF0020024023016745AB89EFCDC6
:10822000044B9A6A42F000429A62986AC043C00FB7
:10823000704700BF00200240064B986A10F0804053
:1082400006D00549054A19611A61986AC0F3807021
:10825000704700BF002002403B2A19087F6E5D4C2A
:10826000054B9A6A42F080429A62986A80F0804098
:10827000C0F38070704700BF00200240034A012015
:10828000936A43F000639362704700BF002002408E
:1082900070B5164C0546FEF7DDFB236ADE0306D5F6
:1082A0006A1C18BF064612D1236AD803FCD442F2D6
:1082B000FA010E4A136A0B4010D1136A0020DB0743
:1082C00044BF0123136270BD236AD903EFD5FEF7C3
:1082D000C1FB801BA842F7D3032070BD044C0120D2
:1082E000616813621943616070BD00BF00200240E5
:1082F000000103202DE9F0411A4C94F800C0BCF1B4
:10830000010F2CD0984601232370002307464FF419
:108310007A700D4616466360FFF7BAFF18B1002366
:108320002370BDE8F081A760EFF3108272B60E4FA4
:10833000BB6A43F00103BB622E60BFF36F8FC5F8C9
:10834000048082F310884FF47A70FFF7A1FFA268CF
:10835000BB6A22F0004223EA0203BB62DFE702208D
:10836000BDE8F08100010320002002400E4B1A6C92
:10837000510212D5C20703D59A6A42F004029A62EA
:10838000830704D5084A936A43F400439362064A7C
:10839000936A43F48033936270479A6A42F40042CE
:1083A00042F004029A62F2E70020024070B58E4D5E
:1083B0002B78012B20D00122002304464FF47A7041
:1083C0002A706B60FFF764FF98B92068C10700F15D
:1083D000C480820712D4430719D4030700F1AF8089
:1083E000824A4FF47A70936A43F400339362FFF742
:1083F0004FFF00232B7070BD022070BD7B4A2169A6
:10840000136C23F0FF030B4313644307E5D5D4E952
:10841000052612F0010316BF4FF4E061194606EA83
:10842000010312F0020F05D006F4805C41F4805184
:1084300043EA0C0312F0040F05D006F4005C41F48B
:10844000005143EA0C0312F0080F05D006F4804CEB
:1084500041F4804143EA0C0312F0100F05D006F4FA
:10846000803C41F4803143EA0C0312F0200F05D028
:1084700006F4003C41F4003143EA0C0312F0400FD3
:1084800005D006F4802C41F4802143EA0C0312F05D
:10849000800F05D006F4002C41F4002143EA0C03C0
:1084A00012F4807F05D006F4801C41F4801143EA69
:1084B0000C0312F4007F05D006F4001C41F40011F7
:1084C00043EA0C0312F4006F05D006F0807C41F003
:1084D000807143EA0C0312F4805F05D006F0007C43
:1084E00041F0007143EA0C0312F4005F05D006F07E
:1084F000806C41F0806143EA0C0312F4804F05D098
:1085000006F0006C41F0006143EA0C0312F4004FE6
:1085100005D006F0805C41F0805143EA0C03D203A1
:1085200004D506F00046334341F000412F4E326C33
:1085300022EA01021343336403077FF551AFD4E904
:108540000732012B48D0022B7FF44AAF27498B6CAE
:1085500003F07F0313438B6442E76368D4E902129C
:10856000013B072B3FF635AF01A656F823F000BFBD
:10857000C7850008B5850008D3830008A3850008D7
:10858000D3830008D3830008D383000891850008B3
:10859000164EF36E23F07F130B4343EA0243F36658
:1085A00017E7124EB36E23F07F130B4343EA0243E7
:1085B000B3660EE70D4EF36D23F07F130B4343EAD2
:1085C0000243F36505E7094EB36D23F07F130B43B8
:1085D00043EA0243B365FCE604494B6C03F07F03B6
:1085E00013434B64FCE600BF00010320002002405F
:1085F000062243680260082B04D84FF48B72DA40DD
:10860000D20717D4334B1B6CDBB2AA2B05D0552BEA
:1086100003D0CC2B0CBFCC23BB232E49C2690361F2
:108620000B6C02F1FF3C23F0FF03BCF1010F8361EF
:1086300018D970470722013B0260072BE2D801A23C
:1086400052F823F0B7860008A386000805860008C4
:108650008F86000805860008058600080586000844
:108660007B8600080368012A43F0080303602CD0CE
:108670008B6C23F07F0303627047164AD36E03F0BE
:108680007F038360D36EC3F30643C360BAE7114A26
:10869000936E03F07F038360936EC3F30643C3605E
:1086A000B0E70C4AD36D03F07F038360D36DC3F34F
:1086B0000643C360A6E7074A936D03F07F03836018
:1086C000936DC3F30643C3609CE74B6C23F07F03B9
:1086D00003627047002002400F4B1A6C12F4800FA7
:1086E0009A6A01D0C90712D522F400629A620A4A36
:1086F000936A23F47E7323F0020343EAC00343F03A
:1087000002039362936A43F480339362704742F4A6
:1087100000629A62EBE700BF002002402DE9F041C1
:10872000274E3378012B3DD00122002304464FF41D
:108730007A70884632707360FFF7AAFD074660BB07
:1087400048F204022368B36023F0004393422DD023
:108750004FF0FF33C8F80030D4E902532B449D4258
:1087600006D312E00135D4E902321344AB420CD9EE
:1087700028466168FFF7B0FF4FF47A70FFF788FD75
:108780000028EFD00746C8F800500E49B2688B6A3F
:1087900022F0004223EA02038B6200233370384642
:1087A000BDE8F08102273846BDE8F0816068FFF738
:1087B000DDFD4FF47A70FFF76BFD0746E5E700BF7C
:1087C00000010320002002402DE9F04F0C6883B027
:1087D000002C00F0908000238946774F012202FA96
:1087E00003F515EA040800F081800326D9F8041087
:1087F00003FA02F201F0030E0EF1FF3A06FA02FC50
:10880000BAF1010F6FEA0C0CD9F8086076D9BEF105
:10881000030F01D1012E05D0C568964005EA0C056D
:108820002E43C66005680EFA02F205EA0C052A43DB
:1088300011F4403F026059D04FF00F0C23F00302B7
:1088400002F1804202F53D3203F00306156EF60098
:108850000CFA06FC25EA0C0E584DA84222D005F56C
:108860008065A84200F08C80554DA84200F08F80B2
:10887000DFF850C160457CD0DFF84CC1604500F0A6
:108880008D80DFF848C1604500F08F80DFF840C17F
:1088900060450CBF4FF0060C4FF0070C0CFA06F6C3
:1088A0004EEA060E6FEA0805C2F860E03A68CE02AA
:1088B00054BF2A4048EA02023A607A688E0254BFE6
:1088C0002A4048EA02027A60D7F884208E0354BF17
:1088D0002A4048EA0202C7F88420D7F88020C9035A
:1088E00054BF2A4048EA0202C7F88020013334FA14
:1088F00003F27FF473AF03B0BDE8F08F9640D0F879
:1089000008B00196D9F80C600BEA0C0B06FA02FAD3
:108910004AEA0B0AC0F808A0D0F804A0019E2AEA8F
:10892000050AC1F300159D4045EA0A054560C56882
:10893000BEF1020F05EA0C0546EA0506C6607FF4A3
:1089400071AFD9F8105003F00706B600B540019595
:108950000F254FEAD30A00EB8A0ADAF820B005FAAD
:1089600006F6019D2BEA060B45EA0B05CAF82050D6
:1089700058E74FF0030C0CFA06F64EEA060E91E7A4
:108980004FF0010C0CFA06F64EEA060E8AE74FF09D
:10899000020C0CFA06F64EEA060E83E74FF0040CC2
:1089A0000CFA06F64EEA060E7CE74FF0050C0CFAC0
:1089B00006F64EEA060E75E700F402400000024299
:1089C00000080242000C024200100242001402425F
:1089D00000180242002900F095802DE9F04F002395
:1089E0004FF00F094FF0030A474E01229A4012EA56
:1089F000010E69D023F0030505F18045434F05F5CD
:108A00003D3503F00304D5F860C0E40009FA04F82A
:108A1000B84208EA0C0C1BD007F58067B84259D061
:108A20003B4FB8425AD03B4FB84261D03A4FB84260
:108A300063D0DFF8E8B0584555D0DFF8E4B05845CA
:108A40000CBF4FF0060B4FF0070B0BFA04F400E0DD
:108A50000024A44517D1D6F8804024EA0E04C6F8B5
:108A60008040D6F8844024EA0E04C6F88440746836
:108A700024EA0E047460346824EA0E0434602C6E18
:108A800024EA08042C6604685D000AFA05F52C4304
:108A90004FEAD30C046000EB8C0C03F00704DCF805
:108AA00020E0A40009FA04F42EEA0404CCF82040E3
:108AB000846824EA05048460446824EA020242606F
:108AC000C26822EA0502C260013331FA03F28CD196
:108AD000BDE8F08F012707FA04F4BAE74FF0020B64
:108AE0000BFA04F4B5E74FF0050B0BFA04F4B0E70A
:108AF0004FF0030B0BFA04F4ABE74FF0040B0BFA47
:108B000004F4A6E7704700BF00F4024000000242F0
:108B100000080242000C024200100242001402420D
:108B2000001802420AB1816170478162704700BF3C
:108B30000268436B9169126803B11847704700BF20
:108B4000704700BF704700BF0022016810B50B6876
:108B500080F842205A040CD50B6823F480430B6044
:108B600090F84130292B0ED090F841302A2B24D098
:108B700010BD1B04F4D50B6823F400430B6090F880
:108B80004130292BF0D14FF0280C212380F841C02F
:108B9000036390F84130002203EA0C03634514BFDD
:108BA0006FF0F20C6FF0420C0B6803EA0C030B60E1
:108BB00080F84020FFF7C4FF10BD2824222380F84E
:108BC0004140036390F8413000222340A34214BF88
:108BD0006FF0F4036FF044030C6823400B6080F8DF
:108BE0004020FFF7AFFF10BD704700BF70B50468AD
:108BF000C368A169A269022B4FEA1242A5688446A4
:108C0000E668C1F3004102F0FE020FD182EAD513FB
:108C100013F00603C5F3090206D1856C013585649E
:108C2000856C022D0CD070BD06F0FE020025236875
:108C300023F0B80323608CF84050FFF7D5FF70BDD8
:108C400008258364E56180F84030FFF7CDFF70BDF3
:108C5000704700BF0023202210B5174C4363C46245
:108C6000036380F8412080F842304B0712D5026838
:108C7000436A526A1A70436A028D013343624AB1F1
:108C8000438D013A013B9BB24385436C028543F01F
:108C90000403436410240021036890F8412090F8F5
:108CA00041201A6822F0FE021A60DC6180F8401050
:108CB000FFF7CEFF10BD00BF0000FFFF704700BFF1
:108CC000704700BF806A08B5836B0BB100221A643D
:108CD000C36B0BB100221A6490F84130602B4FF047
:108CE000000305D0036380F84030FFF7E7FF08BDBD
:108CF000202280F8403080F841200363FFF7E0FF36
:108D000008BD00BF70B50025554B90F8412080F894
:108D10004250C3624585436C283A0B43022A4364A0
:108D20000446036833D890F8411090F8412001F0D0
:108D30002801282908BF462102F0280218BFF62181
:108D4000282A0CBFC9436FF0F60128201A680A4090
:108D500044491A6084F84100A06B226B616318B12A
:108D6000112A3ED0212A3CD0E06B18B1122A4ED0F5
:108D7000222A4CD094F84130602B4FF0000365D08C
:108D80002046236384F84030FFF798FF70BD90F8C9
:108D9000412090F841201A6822F0FE021A609A6978
:108DA000920748BF9D629A69D60703D49A6942F038
:108DB00001029A6194F84120602A10D0202284F8A0
:108DC00041209A6995060AD59A69D00605D51022E0
:108DD000DA61626C42F0040262642022DA610021EE
:108DE000BAE71A6851042CD4FEF7BAFD0128C1D0A5
:108DF0000023A06B1C4A026484F84030FEF70AFD91
:108E00000028C3D0A06BBDE87040036C18471A68F7
:108E1000120403D51A6822F400421A60FEF7A0FD7E
:108E20000128A7D00023E06B0F4A026484F8403089
:108E3000FEF7F0FC0028A9D0E06BBDE87040036CA1
:108E400018471A6822F480421A60CDE72022204693
:108E500084F8412084F840302363FFF731FF70BD70
:108E60000000FFFFCD900008C58C0008036810B417
:108E70009A69196812F4807F02F4806408D00906A8
:108E800026D4416C11F00B0F19D15DF8044B7047DB
:108E9000CCB10906F5D54FF48064416C920541F0E0
:108EA00008014164DC61ECD54FF40071426C42F082
:108EB00002024264D961416C11F00B0FE5D05DF8FC
:108EC000044BFFF71FBF9405DBD50A06ECD4D8E7A7
:108ED000416C41F0010141644FF48071D961002C73
:108EE000D9D19405CDD5DFE770B5044620260368B7
:108EF0000D461968C06A94F84120DE61213A092ABA
:108F00000ED8DFE802F077050D0D0D0D0DAA7705DF
:108F1000222694F841201A6822F0FC021A60266387
:108F20005A68684E42F400425A605A6832405A60A9
:108F30009A69920744BF00229A629A69D60703D4BD
:108F40009A6942F001029A614A043BD51A6822F4F8
:108F500080421A60A26B1AB11268526892B262859E
:108F60006A070AD55A6A636A25F004051A70636AAB
:108F700001336362238D002B68D1638D9BB21BB1DB
:108F8000636C43F004036364EB0601D5CE063AD468
:108F9000002384F84230666C6363002E68D1E36A74
:108FA000494DAB4218D194F841302046222B4FF066
:108FB000200384F8406084F84130266376D0FFF7C0
:108FC000BFFD70BD0E04CBD51A6822F400421A60B2
:108FD000E26B002AC0D1C3E72046FFF7B5FD20238E
:108FE000E562204684F8413084F840602663FFF74C
:108FF0002FFE70BD212694F841201A6822F0FA0253
:109000001A6026638CE7638D9BB2002B3ED194F8E7
:109010004130282B4DD094F841202368292A4FF065
:109020001002DA61B4D110F5803FB1D09A6991078E
:1090300044BF00229A629A69D20703D49A6942F027
:1090400001029A612046FFF77FFDA1E7013B2385DE
:10905000638D013B9BB263858FE7002694F8412026
:1090600094F841201A6822F0FE021A60266357E73E
:109070002046616CFFF746FE94F84130282BA0D1C2
:1090800029462046BDE87040FFF7E4BD1022236862
:10909000DA61636C43F00403636430F080737FF43F
:1090A00077AF2046616CFFF72DFE71E7FFF74AFDB1
:1090B00070BDB0F1007FAED129462046FFF7CAFD52
:1090C00066E700BF00E800FE0000FFFF38B590F83B
:1090D00040C0C56ABCF1010F70D04FF0010C11F017
:1090E000200F04460B4680F840C002D012F0200F3B
:1090F00053D1D80617D5D10615D5628D92B2002A64
:109100005ED194F84120282A00F0818094F8412013
:109110002368292A4FF01002DA6164D00023184630
:1091200084F8403038BD590719D4190701D5100704
:109130003AD49907F2D59307F0D5638D9BB2002BF3
:109140004DD0616A236811F8010B228D9862638DFE
:10915000013A013B9BB2616263852285DEE75007DD
:10916000E3D5638D9BB26BB12268636A526A1A7051
:10917000638D616A228D013B0131013A9BB26162CC
:1091800022856385638D9BB2002BC7D115F5803F87
:10919000C4D02046FFF7D8FCC0E7FFF7A5FE0023A8
:1091A000184684F84030BDE794F8413003F02803B6
:1091B000282B28D008222368DA61AFE7022038BDC7
:1091C00010222368DA61636C43F00403636435F0B2
:1091D0008073A3D12046616CFFF794FD9EE735F0C4
:1091E00080739BD1D5E715F5803F97D09A69950795
:1091F00044BF00229A629A69D007CAD49A6942F0A1
:1092000001029A61C5E72046FFF7F0FC86E7B5F159
:10921000007F7FF47BAF19462046FFF71BFD7DE7FB
:1092200008490B6813F001030AD1024610B40C6818
:10923000184624F0040313435DF8044B0B60704799
:109240000120704700040340034A0020136843F0E4
:1092500001031360704700BF00040340002844D09E
:1092600070B590F89132064603F0FF02C3B30323B2
:10927000306886F8913203F0CBF93579FDB10021E1
:109280003346324601200C4611740131A942C2E92D
:1092900008445074D47442F8284FF5D100210A468E
:1092A00083F850110131A942C3E9582283F85121B2
:1092B00083F85321C3F8682103F12803F0D1334622
:1092C00053F8040B93E8060003F0ACF901220021E7
:1092D000B37A3173934286F8912208D0002070BD92
:1092E00080F89022FDF700FAC1E701207047304670
:1092F00000F0B4FE002070BD2DE9F84F054600686F
:1093000003F004FE10F400442BD1430500F17C82ED
:1093100047041BD410F4005140F09382C60400F1BE
:10932000BD81040500F19284010600F16484820588
:1093300000F1CE84C30512D52A68B2F8443023F474
:1093400080731B041B0CA2F8443008E02A68B2F8B2
:10935000443023F480431B041B0CA2F84430BDE8C6
:10936000F88F2868B0F844301904F8D5B0F84440B4
:10937000A1B214F00F0436D111F0100100F0E18019
:10938000018811F400648BB200F0AA8095F8502196
:10939000B0F8503000EBC20212FA83F3B3F806348F
:1093A000C3F30903082BC5F86C3140F06B84B5F8A2
:1093B000562105F5267103F0BDFD40F68F732A682E
:1093C000284611880B4043F08003138007F080FE8D
:1093D0002868B0F844301904C1D5B0F84440A1B2AF
:1093E00014F00F04C8D030F82430A7001FFA83F817
:1093F0001B0439D418F0800FB4D030F824309BB25D
:1094000023F4E14323F0700343F4004320F82430B5
:109410003B1905EBC302D17CDB00012900F0EB8096
:10942000117C18F48079D2F828E04FEAC10C40F0A2
:109430005881B0F850401CFA84F40444B4F8024453
:10944000C4F30904744580F00381AEEB04011033CA
:109450009162E918536A23445362D36A2344D36266
:1094600003F026FB28687DE740F68F7330F8242050
:109470003919134043F0800320F8243005EBC10173
:1094800091F85C3191F85021002B40F08580B0F8C4
:109490005030D20012FA83F30344B3F80694C9F3B0
:1094A0000909B9F1000F40F0E481391905EBC10356
:1094B000D3F86C21C9004A44C3F86C21D3F8682161
:1094C00022B1D3F860214A4540F2C6813B1905EB31
:1094D000C303284693F8501107F00CFE286889E76B
:1094E0001A047FF53FAF40F68F730288134043F0B4
:1094F0008003038095F85021B0F8503000EBC20291
:1095000012FA83F3B3F80634C3F30903C5F86C31D8
:10951000002B00F0B480D5F8641100293FF422AF8D
:10952000B5F8562103F006FDD5F86431D5F86C2165
:10953000284613442146C5F8643107F0DBFD28684E
:1095400010E703889BB223F4E14323F0700343F454
:10955000004303802A7CB0F8503000EBC20212FABC
:1095600083F3B3F802346A6AC3F309031A44284642
:10957000EB626A6207F0C8FD2B7B2868002B3FF482
:10958000F1AEAB6A002B7FF4EDAE2A7B42F0800295
:10959000A0F84C202B73E5E691F85331022B00F034
:1095A000508230F822309BB223F4E04323F0700362
:1095B00043F4004343F0C00320F8223091F85031C7
:1095C00030F82320DB0012F4804FB0F8502013FA5B
:1095D00082F3034443D0B3F80294C9F30909B9F103
:1095E000000F3FF462AFB1F858214B46D1F8641137
:1095F00003F0A0FC59E70021631C03EB830345F84B
:109600003310137FDBB118F04008537C00F00A825E
:10961000002B40F05F82117CB0F8503000F2024025
:1096200010FA83F333F83120C2F3090223F8312012
:1096300033F8312092B242F4004223F8312027441B
:1096400005EBC7072846397C07F05EFD286889E6E8
:109650002846C2F8289007F057FD286882E6B3F83C
:109660000694C9F30909B9F1000F3FF41EAFB1F830
:109670005A214B46D1F8641103F05CFC15E70388CE
:1096800023F4804323F070031B041B0C83F440532A
:1096900043F4004343F08003038063E62A68B2F892
:1096A000403023F004031B041B0CA2F84030B2F836
:1096B000403023F008031B041B0CA2F8403095F83F
:1096C000C832012B00F01283284607F04DFD2A68AE
:1096D000B2F8443023F480531B041B0CA2F844302E
:1096E0003DE608F4804918F04008B0F8503000F02A
:1096F000C88000F2024818FA83F333F83130C3F31C
:10970000090373454AD34FF0000C537CC2F828C0BC
:10971000002B40F0F882B0F8503018FA83F333F899
:109720003120C2F3090223F8312033F8312092B2FC
:1097300042F4004223F83120B0F8503000F20642E3
:1097400012FA83F333F83120C2F3090223F83120EF
:1097500033F8312092B242F4004223F831203B1911
:1097600005EBC303DB7C022B0FD130F8213023F44F
:10977000E04323F040031B041B0C83F0200343F45D
:10978000004343F0800320F82130284607F0BCFC5A
:109790002868B9F1000F3FF4E5ADCBE0AEEB030E66
:1097A000C2F828E0B9F1000F0FD030F821E02EF414
:1097B000E04E2EF0700E4FEA0E4E4FEA1E4E4EF463
:1097C000404E4EF0800E20F821E007EB040E05EB32
:1097D000CE0E9EF83490B9F1010F00F0CB812744F2
:1097E00005EBC7073A7C30F8223023F4E04323F03E
:1097F00040031B041B0C83F0300343F4004343F08D
:10980000800320F82230ADE52A682846B2F84430BB
:1098100023F480631B041B0CA2F8443007F082FC85
:1098200095F89032012B3FF49AAD01232146286828
:109830002C7385F8903203F063FB85F89042BDE805
:10984000F88F2A68B2F8443023F400531B041B0C31
:10985000A2F84430BDE8F88FD3F8642101F5A8716F
:109860004A4428682944C3F8642103F021F9286890
:10987000C0E5B1F856214B46D1F8641103F05AFB0C
:1098800013E600F2064A1AFA83F333F83130C3F3D1
:109890000903734561D9C2F828803B1905EBC3035E
:1098A0005B7C002B40F04182B0F8502000F2024374
:1098B00013FA82F232F83130C3F3090322F831305F
:1098C00032F831306FEA43436FEA53439BB222F8D8
:1098D0003130B0F850201AFA82F232F83130C3F346
:1098E000090322F8313032F831306FEA43436FEA2E
:1098F00053439BB222F831303B1905EBC303DB7CA9
:10990000022B0FD130F8213023F4E04323F0400341
:109910001B041B0C83F0200343F4004343F080033B
:1099200020F82130284607F0EFFB2868B9F1000F36
:109930007FF418AD3B1905EBC3031A7C30F82230D5
:1099400023F4E04323F070031B041B0C43F4404357
:1099500043F0800320F8223004E5AEEB030EC2F89A
:1099600028E0BEF1000F98D0B9F1000F0FD130F808
:1099700021E02EF4E04E2EF0700E4FEA0E4E4FEA2C
:109980001E4E4EF4404E4EF0800E20F821E007EBC4
:10999000040E05EBCE0E9EF83480B8F1010F7FF473
:1099A0001EAFDEF8246006EB0308CEF82480D66AEA
:1099B00006EB0309C2F82C90DEF83090DEF8202088
:1099C0009145C0F0D081A9EB0203CEF8303093B2BC
:1099D00007EB040E05EBCE0E9EF811B0BBF1000FA5
:1099E00040F0B681B0F850E01AFA8EFE3EF83190A1
:1099F000F444C9F309092EF83190002A40F0E481BB
:109A00003EF831206FEA42426FEA524292B22EF89B
:109A100031203A1905EBC2024146528B03F07AFA23
:109A20002868DCE6002B62D0012B7FF408AEB0F88A
:109A30005030127C00F2064010FA83F323F8328093
:109A4000FDE5B0F850C04FEAC20919FA8CFC18F4D1
:109A5000804ED1F8683184444FD0BCF802C4CCF3B6
:109A6000090C9C45E14600F24781A3EB0C03C1F8C9
:109A700068317BB930F8221021F4804121F0700167
:109A80000904090C81F4005141F4004141F08001C6
:109A900020F8221018F0400F0DD030F8223023F4B7
:109AA000E04323F070031B041B0C43F4004343F01A
:109AB000C00320F82230BCF1000F3FF4F6AC391996
:109AC00005EBC101B1F858216346D1F8641103F0E8
:109AD00031FAEAE4012B7FF4B2ADB0F85030127CD9
:109AE00000F2024010FA83F323F83210A7E5B0F831
:109AF0005030117C00F2064092E5BCF806C4CCF36D
:109B0000090C9C45E14600F2FB80A3EB0C03C1F875
:109B100068317BB930F8221021F4804121F07001C6
:109B20000904090C81F4005141F4004141F0800125
:109B300020F8221018F0400F0DD130F8223023F415
:109B4000E04323F070031B041B0C43F4004343F079
:109B5000C00320F82230BCF1000F3FF4A6AC391945
:109B600005EBC101B1F85A216346D1F8641103F045
:109B7000E1F99AE4DEF8246006EB0309CEF82490BC
:109B8000D66A06EB030AC2F82CA0DEF830A0DEF895
:109B900020209245C0F0F980AAEB0203CEF83030C5
:109BA00093B207EB040E05EBCE0E9EF811B0BBF19D
:109BB000000F40F0DF80B0F850E018FA8EFE3EF85B
:109BC0003180F444C8F309082EF83180002A40F0AF
:109BD00022813EF831206FEA42426FEA524292B24D
:109BE0002EF831203A1905EBC2024946128B03F0D8
:109BF00091F92868F3E52A68B2F8443023F080032D
:109C00001B041B0CA2F8443095F8C832002B5AD123
:109C10000121B2F8403028469BB243F00403A2F879
:109C20004030B2F840309BB243F00803A2F8403015
:109C300085F8C812B2F85430C3F38D0303F03C0327
:109C4000C5F8CC32BDE8F84F00F022BA2A682846A1
:109C5000B2F840309BB243F00803A2F84030B2F8AB
:109C6000443023F400631B041B0CA2F84430B2F808
:109C700040309BB243F00403A2F8403007F064FA8E
:109C8000FFF76DBB48F2800140F68F72038823F422
:109C9000804323F070031B041B0C83F480530B439D
:109CA0000380038823F4E04323F040031B041B0CD0
:109CB00083F01003194301800388134043F08003AD
:109CC0000380FFF74CBB284607F03EFAFFF747BB7F
:109CD0002A682846B2F8443023F400731B041B0C96
:109CE000A2F8443007F01AFAFFF739BB284685F886
:109CF000C81200F0CDF9E7E40023C1F86831B9E6F5
:109D0000C1F868E106E7012B7FF429ADB0F85030C7
:109D100000F2064218FA83F323F831C0B0F850304D
:109D200012FA83F323F831C019E5012B7FF4E4AD77
:109D30000022B0F8503000F2024C1CFA83F323F8F2
:109D40003120B0F850301AFA83F323F83120D3E5EC
:109D5000BBF1010F7FF45DAEB0F850201AFA82F229
:109D600022F8313055E6B9F1000F15D11A468EF8B8
:109D700034902DE6BBF1010F7FF434AFB0F85020E2
:109D800018FA82F222F831302CE7BAF1000F2AD10A
:109D90001A468EF834A004E700229EF811B01FFA8C
:109DA00089F3CEF830208EF83420BBF1000FCFD1EC
:109DB000B0F850E04A461AFA8EFE3EF83190F4446C
:109DC000C9F309092EF831903E2A33D8BCF80010A7
:109DD00002F0010E89B20EEB520241EA822292B2E7
:109DE000ACF8002015E600229EF811B01FFA8AF3A5
:109DF0008EF83420CEF83020BBF1000FBAD1524695
:109E0000B0F850E018FA8EFE3EF83180F444C8F302
:109E100009082EF831803E2A1ED8BCF8001002F046
:109E2000010E89B20EEB520241EA822292B2ACF8E4
:109E30000020D7E65109D206BCF8002008BF01F186
:109E4000FF3192B242EA81226FEA42426FEA524205
:109E500092B2ACF80020DCE55109D606BCF800202F
:109E600008BF01F1FF3192B242EA81226FEA424219
:109E70006FEA524292B2ACF80020B3E690F890221A
:109E8000012A0DD010B5012204460068217384F820
:109E9000902203F035F8002384F89032184610BD64
:109EA0000220704701F0070C10B5090604460CEBC0
:109EB0008C004FEAC00021D44FF0000E00F5A871CD
:109EC000204480F851E12144022BCB7008BF0023CD
:109ED000C2F30A0208BF0B7181F800C00A6194F84E
:109EE0009032012B13D00123206884F8903202F0C5
:109EF000AFFB002384F89032184610BD4FF0010EDE
:109F000000F11001204480F811E02144DCE7022038
:109F100010BD00BF10B5002401F0070101EB810E58
:109F200000EBCE0C8CF850118CF851410068CCF845
:109F30006421CCE95A340CF5A87102F0B9FD204631
:109F400010BD00BF01F0070138B501EB810E00EB39
:109F5000CE0C01258CF81010002461468CF834508A
:109F60008CF811500068CCF82420CCE90B43CCF8D5
:109F70002830103102F09CFD204638BD10B5037921
:109F8000044601F0070083422ED30B061AD401EBDE
:109F90008101C90001F5A8726318A118002283F895
:109FA0005121012308708B7094F890229A4219D0A5
:109FB00084F89032206802F02DFF002384F890325C
:109FC000184610BD012200EB8003DB0003F11001F5
:109FD00023445A740123214408708B7094F8902212
:109FE0009A42E5D1022010BD012010BD38B502799A
:109FF00001F00F039A422FD301F0070202EB820314
:10A00000090604464FEAC30317D403F5A8710144B7
:10A0100003440025002083F851010A708D7094F8E4
:10A020009032012B16D00123206884F8903202F080
:10A0300019FF84F89052284638BD03F110010144FD
:10A0400003440025012058740A708D7094F89032F2
:10A05000012BE8D1022038BD012038BD0246002383
:10A0600010B40124116882F8C8321846B1F854308F
:10A07000C2F8D0429BB22343A1F85430B1F8543017
:10A080005DF8044B9BB243F00203A1F854307047D3
:10A09000704700BF024B186800F4C060704700BFF3
:10A0A00000700040174A1368116911F4104F25D051
:10A0B000D168090422D403F4C06383421CD013681E
:10A0C000114923F4C063034313600B680F495B0914
:10A0D000A1FB03135169DB0903EB8303480503F17B
:10A0E000010305D55169013B490501D5002BF9D183
:10A0F000044B5B695B0503D4002070470120704767
:10A100000320704700700040F4000320C55A7C0A09
:10A11000024A536843F48063536070470070004004
:10A12000024A936843F48043936070470070004094
:10A1300030B51E4C0546A36D83B0DB0021D5FFF77B
:10A14000A9FF30F4007315D0802D2AD82BD0A5F1AB
:10A150007003B3FA83F35B0915490A6822F00F0212
:10A160001A430A60086800F00F00C01A18BF0120E7
:10A1700003B030BD802DEFD9A02D8CBF0223012369
:10A18000EAE7A36D43F08053A365A36D03F080530A
:10A190000193019BFFF77EFFA36D23F08053A3651E
:10A1A000CFE70323D8E70223D6E700BF0010024021
:10A1B000002002402B4A9368D26813F00C0307D0AA
:10A1C0000C2B33D0042B39D0082B35D0002070470E
:10A1D000244A1168090754BFD2F894201268224912
:10A1E00054BFC2F30322C2F3031251F82200002B22
:10A1F000EDD01C49CA68CB6802F00302C3F3031315
:10A20000022A03F1010324D0032A19D0B0FBF3F092
:10A21000CB68C3F3062303FB00F0124BDB68C3F3E8
:10A22000416301335B00B0FBF3F0704702F00302BF
:10A23000012ACDD00020DCE70C4870470C4870475D
:10A240000A4AC868B2FBF3F3C0F3062003FB00F030
:10A25000E3E7074AC868B2FBF3F3C0F3062003FB49
:10A2600000F0DAE700100240F41E01088096980022
:10A270000024F400002800F0DE809F4A2DE9F84316
:10A280001368814603F00F038B420C460CD213680F
:10A2900023F00F030B431360136803F00F038B428B
:10A2A00002D00120BDE8F883D9F80030980703F008
:10A2B000010240F19A80914DD9F80800A96801F097
:10A2C000F001884204D9A96821F0F0010143A96096
:10A2D000002A4DD0D9F80450884B032D00F08D8012
:10A2E000022D1B6800F0A380002D40F0A6809E0781
:10A2F000D7D5FFF75FFF824B984205D97F4B9A680D
:10A3000012F0F00F00F09F807C4FBB6823F0030336
:10A310002B43BB60FCF79EFBBB68D9F8042003F01D
:10A320000C03B3EB820F064618BF4FF0000819D09C
:10A3300041F28837714DFCF78DFBD9F80430821B50
:10A34000BA424FEA830304D9AA6802F00C029A4287
:10A3500077D1AA6802F00C029A42ECD1B8F1000F52
:10A3600040F08C80D9F80030990707D5D9F808005B
:10A3700062498A6802F0F002824252D85E490A6855
:10A3800002F00F02A24209D90A6822F00F0222430A
:10A390000A600A6802F00F02A24282D15A0707D56A
:10A3A0005649D9F80C008A6822F4E06202438A60B8
:10A3B0001B0708D5514AD9F81010936823F460534D
:10A3C00043EAC1039360FFF7F5FE03464B4A4D494C
:10A3D00092684D48C2F30312895C4C4ACB4013602B
:10A3E0000068BDE8F843FCF7EDB9002AC6D0D9F8FB
:10A3F0000450424B032D7FF473AF1A6891017FF52F
:10A4000050AFD968DA6801F00301C2F303120229E0
:10A4100002F1010238D0032965D0012954D0DB684C
:10A4200072E78A6822F0F00202438A60A6E79F037F
:10A430003FF55FAF35E70120704758057FF531AF35
:10A4400057E703202EE79A6822F0F00242F08002DC
:10A450009A602A4FBB6823F003032B43BB60FCF7D1
:10A46000F9FABB68D9F8042003F00C03B3EB820FB0
:10A47000064618BF4FF080087FF45AAF1F4A936812
:10A4800023F0F00393606DE72149DB68B1FBF2F242
:10A49000C3F3062303FB02F218491948CB68C3F340
:10A4A000416301335B00B2FBF3F383427FF62CAFD1
:10A4B0008B6813F0F00F7FF427AF8B6823F0F00365
:10A4C00043F080038B60C4E71A68120754BFD3F8C7
:10A4D00094301B680F4A54BFC3F30323C3F3031321
:10A4E00052F82320D8E70C49DB68B1FBF2F2C3F342
:10A4F000062303FB02F2CFE70020024000100240D7
:10A5000000B4C4043C1F0108FC000320F400032035
:10A510000024F400F41E010880969800002800F042
:10A52000B7832DE9F041174B02689D68DE68D106BC
:10A530000446134682B005F00C0506F003063BD531
:10A54000002D00F06A810C2D00F06481E3690D4F4D
:10A55000D3B13B6843F001033B60FCF77BFA8046D4
:10A560003B689A0700F1CA82FCF774FAA0EB080076
:10A570000228F5D93B689B07F2D4032002B0BDE85E
:10A58000F08100BF001002403B6823F001033B60F4
:10A59000FCF760FA3B68804699070BD5FCF75AFA3E
:10A5A000A0EB0800022802D93B689A07E5D43B6873
:10A5B0009B07F3D422681346D1072DD5082D00F050
:10A5C00095810C2D00F08F816368B3F5803F00F01A
:10A5D000B681B3F5A02F00F005838B4F3A6822F4C3
:10A5E00080323A603A6822F480223A60002B40F0D0
:10A5F000AB81FCF72FFA3B6880469A030BD5FCF73A
:10A6000029FAA0EB0800642802D93B689B03B4D464
:10A610003B689903F3D423689A0713D5042D40F0BF
:10A620003D81794B1B685B0503D5E368002B00F087
:10A630005881754A2169536823F0FE4343EA016358
:10A64000536023681A072BD56369002B00F05981EA
:10A65000A3696D4A002B40F0D681D2F8943023F0E4
:10A660001003C2F89430684DD5F8943043F00103DC
:10A67000C5F89430FCF7EEF9D5F8943006469B0700
:10A680000DD4FCF7E7F9801B072804D9D5F89430DE
:10A690009F077FF572AFD5F894309907F1D52368FD
:10A6A0005D0765D5584B9A6DD00000F128810125D2
:10A6B0009A6D42F080529A659B6D03F0805301932E
:10A6C000019B524E3368D90540F1D981A368DA075E
:10A6D00040F150815A0740F126824B4BD3F890202D
:10A6E00042F00402C3F89020D3F8902042F0010217
:10A6F000C3F89020FCF7AEF9434F0646D7F89030E8
:10A700009B070FD441F28838FCF7A4F9801B404521
:10A7100004D9D7F890309A077FF52FAFD7F890304B
:10A720009B07F1D5A368190640F10582364FD7F88B
:10A73000903043F08003C7F89030D7F89030190577
:10A740000FD441F28838FCF785F9801B404504D9C5
:10A75000D7F890301A057FF510AFD7F890301B0569
:10A76000F1D525B1284A936D23F080539365236872
:10A770009A061FD5A36A244D002B00F06381D5F8FB
:10A78000983043F00103C5F89830FCF763F9D5F829
:10A79000983006469B070DD4FCF75CF9801B022815
:10A7A00004D9D5F898309F077FF5E7AED5F89830F3
:10A7B0009907F1D5E36A23B3134DAA6802F00C029E
:10A7C0000C2A00F0D581022B2B6823F080732B60BC
:10A7D00000F01582FCF73EF92B68044699010BD571
:10A7E000FCF738F9001B022803D92B689A013FF5C2
:10A7F000C4AE2B689B01F3D4034A054BD1680B40D0
:10A80000D3600020BAE600BF001002400070004094
:10A81000FCFFEEFE012E7FF499AEA64B1B689B0752
:10A820005CD4A44B606A1A68170756BFD3F89430FB
:10A830001B681B0903F0F003984200F243819D4B13
:10A840001A6842F008021A601A6822F0F002024305
:10A850001A605A68216A22F47F4242EA01225A6051
:10A86000002D00F0B981FFF7A5FC0346914A9249FB
:10A870009268C2F30312895C904ACB401068904AF8
:10A880001360FBF79FFF00287FF478AE2368D90799
:10A890001A463FF596AE99077FF5D4AE0C2D00F021
:10A8A0002981E368834D002B00F0B4802B6843F4CA
:10A8B00080732B60FCF7CEF82B6806465F053FF5EA
:10A8C000B8AEFCF7C7F8801B022803D92B685905DE
:10A8D0007FF553AE2B685A05F3D5AAE6E369002B42
:10A8E0009FD101204AE6032E7FF46EAE714B1B68A8
:10A8F0009F0302D56368002BF3D01346CBE70025F6
:10A90000DFE66C4DD5F8943023F00103C5F89430A0
:10A91000FCF7A0F8D5F8943006469A077FF5BFAE4D
:10A92000FCF798F8801B072804D9D5F894309B07CA
:10A930003FF523AED5F894309F07F1D4AFE65D4ADA
:10A94000136843F480331360FCF784F8594F804652
:10A950003B689A033FF55FAEFCF77CF8A0EB08007C
:10A96000642803D93B689B037FF507AE3B689903D6
:10A97000F2D550E64F4ED6F8902022F00102C6F8EC
:10A980009020D6F8902022F00402C6F89020002BE8
:10A990007FF4B0AEFCF75EF8D6F890300746990722
:10A9A0000FD541F28838FCF755F8C01B404504D953
:10A9B000D6F890309B073FF5E0ADD6F89030990778
:10A9C000F1D43C4ED6F890301A067FF5CAAED6F8D0
:10A9D000903023F08003C6F89030D6F890301A05F6
:10A9E0007FF5BFAE41F28838FCF734F8C01B404514
:10A9F00004D9D6F890301B053FF5BFADD6F890309E
:10AA00001905F1D4ADE6D2F8943043F01003C2F842
:10AA1000943028E62B6823F480732B60FCF71AF837
:10AA20002B6806465B050BD5FCF714F8801B022843
:10AA300003D92B685F053FF5A0AD2B685905F3D40A
:10AA40002368FFE5D5F8983023F00103C5F8983066
:10AA5000FCF700F8D5F8983006469A077FF5AAAEBD
:10AA6000FBF7F8FF801B022804D9D5F898309B0724
:10AA70003FF583ADD5F898309F07F1D49AE6336857
:10AA800043F480733360FBF7E5FF33680746DB056B
:10AA90003FF51CAE03E03368D9053FF517AEFBF771
:10AAA000D9FFC01B0228F6D93368D8057FF565ADFC
:10AAB000F1E700BF001002403C1F0108FC0003202A
:10AAC000F4000320FFF734FB00287FF40AAF714B3A
:10AAD0001A6842F008021A601A68616A22F0F002ED
:10AAE0000A431A605A68216A22F47F4242EA01222C
:10AAF0005A60B8E6022E7FF4D4AE92E5654B1A6830
:10AB000042F008021A601A68616A22F0F0020A43F1
:10AB10001A605A68216A22F47F4242EA01225A608E
:10AB20002268134648E55B4AD2F8903043F00103AF
:10AB3000C2F89030DEE5574FD7F8903023F080030D
:10AB4000C7F89030D7F8903019057FF50AAE41F27A
:10AB50008838FBF77FFF801B404504D9D7F8903039
:10AB60001A053FF50AADD7F890301B05F1D4F8E58A
:10AB7000012B3FF4B6AEEB68226B03F00301914268
:10AB80007FF4AFAE616B03F0F0020139B2EB011F4D
:10AB90007FF4A7AEA16B03F4FE42B2EB012F7FF46A
:10ABA000A0AEE16B03F07842B2EBC16F7FF499AED7
:10ABB000226C03F4C0015208013AB1EB425F7FF40A
:10ABC00090AE626C03F0C0635208013AB3EB426F7F
:10ABD00014BF01200020D1E4FFF7AAFA00283FF4B7
:10ABE00042AE7EE603F18043A3F53C331A6842F49B
:10ABF00080221A601A6842F480321A60A4E6FBF7D9
:10AC000029FF2B68064699010BD5FBF723FF801B14
:10AC1000022803D92B689B013FF5AFAC2B689F013D
:10AC2000F3D41C4D1C4BE968226B0B40606B134343
:10AC3000D4E90E1243EA012343EAC2630138D4E99E
:10AC40001012490843EA001301395208013A43EA55
:10AC5000415343EA4263EB602B6843F080732B60FF
:10AC6000EB6843F08073EB60FBF7F4FE2B6804465F
:10AC70009A013FF5C6ADFBF7EDFE001B022803D994
:10AC80002B689E017FF579AC2B689801F3D5B8E568
:10AC900001207047001002400C809F0108B5FFF7AB
:10ACA00089FA074B07499A689B68C2F303128A5CCA
:10ACB0000549C3F3C223CB5CD040D84008BD00BFD8
:10ACC000001002403C1F0108341F01080F220E4BE8
:10ACD00010B402609A680D4C02F0030242609A6858
:10ACE00002F0F00282609A6802F4E062C2609B683F
:10ACF000DB0803F4E063036123685DF8044B03F0B1
:10AD00000F030B60704700BF00100240002002409C
:10AD1000F8B5044600680F4602284ED0032845D0F7
:10AD2000012848D1394B1B689E073ED5374D2B680B
:10AD300023F080632B60FBF78DFE064604E0FBF7F3
:10AD400089FE831B022B4AD82B681901F7D4D4E95A
:10AD50000132013B100221681A01002F33D0012F6C
:10AD60002A4D45D02E692A4B33400B4303431343EE
:10AD700062695208013A43EA42632B61234D2B6812
:10AD800043F080632B60FBF765FE064604E0FBF7AB
:10AD900061FE831B022B27D82B681B01F7D50020EF
:10ADA0001A4AA16913690B431361F8BD174B1B685D
:10ADB00013F4C02FBAD10120F8BD144B1B685D05F8
:10ADC000B4D40120F8E7114D124B2E6933400B43E8
:10ADD000E168034343EAC16313432B61CEE72B6869
:10ADE0001801B4D50320F8BD2B681A01FAD5D6E7AF
:10ADF0002E69094B33400B43034313432269520826
:10AE0000013A43EA42532B61B8E700BF0010024009
:10AE10000C80FFF90C80FF070C809FFF70B5044683
:10AE20000068022847D003283ED0012841D1294B91
:10AE30001B689E0737D5274D2B6823F080532B6066
:10AE4000FBF708FE064604E0FBF704FE831B022B1B
:10AE500037D82B689900F7D41E4D1F4B69692268BB
:10AE60000B401343D4E9021243EA012343EAC263CD
:10AE70006268013A43EA02136B612B6843F0805326
:10AE80002B60FBF7E7FD064604E0FBF7E3FD831BC1
:10AE9000022B1BD82B689B00F7D500200D4A216997
:10AEA00053690B43536170BD0A4B1B6813F4C02FE9
:10AEB000C1D1012070BD074B1B685D05BBD40120CB
:10AEC000F8E72B689800C7D5032070BD2B689A005F
:10AED000FAD5E2E7001002400C80FF072DE9F047A9
:10AEE0000368044613F4006582B01BD0C16E40298C
:10AEF00000F03D8200F25882002900F022822029D1
:10AF000040F058822030FFF789FF054623684DB98D
:10AF1000E16E0025B648D0F89C2022F0E0020A43FA
:10AF2000C0F89C20DF0440F14F81216FB1F5007F14
:10AF300000F0168200F23F81002900F00782B1F58F
:10AF4000807F40F0408104F12000FFF767FF074653
:10AF50002368002F40F00282A549206FD1F89C2081
:10AF60009E0322F4E06242EA0002C1F89C2000F154
:10AF70002F81D90708D59E49606BD1F8882022F02F
:10AF800003020243C1F888209A0708D59849A06BAC
:10AF9000D1F8882022F00C020243C1F888205E0715
:10AFA00008D59349E06BD1F8882022F030020243A3
:10AFB000C1F88820180708D58D49206CD1F8882061
:10AFC00022F0C0020243C1F88820D90608D588497A
:10AFD000606CD1F8882022F440720243C1F88820C6
:10AFE0009A0608D58249A06CD1F8882022F44062E4
:10AFF0000243C1F888209E0508D57D49E06DD1F84F
:10B00000882022F440220243C1F88820580508D540
:10B010007749206ED1F8882022F440120243C1F80B
:10B020008820590208D57249606ED1F8882022F430
:10B0300040020243C1F888209A010CD5A26EB2F1F9
:10B04000807F00F06D81B2F1007F00F02681002A40
:10B0500000F0298101255F0608D56549E06CD1F82B
:10B06000882022F440520243C1F888201E0608D5E9
:10B070005F49206DD1F8882022F440420243C1F894
:10B080008820D80508D55A49606DD1F8882022F467
:10B0900040320243C1F88820D90208D55449A06D36
:10B0A000D1F89C2022F003020243C1F89C209A04AC
:10B0B00011D54F49606FD1F88820B0F1006F22F0B0
:10B0C000406242EA0002C1F8882000F02481B0F119
:10B0D000806F00F060811F031BD5A16FB1F5804F19
:10B0E00000F005814248B1F1806FD0F8882022F04D
:10B0F000406242EA0102C0F88820D0F89C2022F485
:10B100008042C0F89C2000F05781B1F1006F00F040
:10B1100034815E0311D53649E06FD1F88820B0F153
:10B12000006F22F0406242EA0002C1F8882000F07D
:10B13000D980B0F1806F00F0258158040ED52C48DD
:10B14000D4F88010D0F88820B1F1805F22F040520E
:10B1500042EA0102C0F8882000F0EA80D90309D54C
:10B160002349D4F88400D1F89C2022F00402024341
:10B17000C1F89C209A0209D51D49D4F88800D1F85D
:10B180009C2022F018020243C1F89C20DB010ED55E
:10B19000174AD4F88C10D2F89C30B1F5001F23F474
:10B1A000401343EA0103C2F89C3000F0AC8028460B
:10B1B00002B0BDE8F087B1F5407F00F0D680B1F570
:10B1C000806F00F0D28001252F469E037FF5D1AE1F
:10B1D000074B9A6DD00054D54FF00008054E3368E8
:10B1E00043F480733360FBF735FC81460AE000BF0F
:10B1F0000010024000700040FBF72CFCA0EB09009F
:10B2000002285BD83368DA05F6D5002F5CD1DFF869
:10B21000C8A1D4F89010DAF8903013F4407327D016
:10B220008B4225D0DAF89020DAF8903043F480335E
:10B23000CAF89030DAF8903023F48033CAF89030AE
:10B2400022F44073CAF89030D30711D5FBF702FC03
:10B2500041F28839064605E0FBF7FCFB801B4845B8
:10B2600000F2B380DAF890309807F5D5D4F8901052
:10B27000594AD2F8903023F440730B43C2F890300F
:10B2800023E09A6D4FF0010842F080529A659B6D61
:10B2900003F080530193019BA0E70021201DFFF7DD
:10B2A00037FD07462368DFB94B49A06ED1F88820E7
:10B2B00022F040720243C1F88820CCE63368D905F9
:10B2C000A3D403252F4600E03D462368B8F1000FC4
:10B2D0003FF44FAE40498A6D22F080528A6548E6BD
:10B2E0003D46B8E6CA6842F48012CA6025E73A4A89
:10B2F000D2F89C1041F48041C2F89C10D16841F40E
:10B300008031D16005E72846D36843F48013D360C9
:10B3100002B0BDE8F087CA6842F48012CA60DAE67B
:10B320002D49CA6842F48012CA60002FD8D1BBE709
:10B330000221201DFFF7ECFC2368002818BF0546FA
:10B340000CE70430FFF7E4FC0546DFE5201DFFF7BE
:10B35000DFFC07462368002F3FF4FEAD3D4634E78F
:10B360001D49CA6842F48032CA602F46F1E51A4886
:10B37000C26842F48032C260CBE5C26842F48012F7
:10B38000C260C6E60121201DFFF7C2FC2368002829
:10B3900018BF0546D1E60121201DFFF7B9FC23683F
:10B3A000002818BF054696E660293FF4B2AD802913
:10B3B0003FF4AFAD0125B5E50121201DFFF7A8FC45
:10B3C0002368002818BF0546A3E6DAF890309E07E8
:10B3D0007FF577AF4AE700BF00100240114B10B471
:10B3E000996B114A41F080719963996B21F08071DA
:10B3F00099630368D0E9014123430B43D0E903413A
:10B40000234343EA014353601368416923F4FE4335
:10B4100043EA0123136013685DF8044B43F06003B3
:10B4200013607047001002400060004000285AD0AE
:10B4300038B5437A044603F0FF02002B49D0D4E923
:10B44000003502214AF2B3206172284A19682A4362
:10B45000274D21F0040119601A601D6118611A68F6
:10B4600022F080421A60FBF7F5FA054623681A6855
:10B4700051000ED5FBF7EEFA401B02282368F6D9DF
:10B480001A685200F3D50122022362720120E360A0
:10B4900038BD1A6842F004021A605B68580603D58A
:10B4A00004236372012038BDFBF7D4FA05462368F4
:10B4B0005B68D90711D4FBF7CDFA401B022823683B
:10B4C000F6D95A68D207F3D4042202236272E360E9
:10B4D000E8E70272FAF7D8FFB1E7012200236272AF
:10B4E0001846E36038BD0120704700BF000DF040F2
:10B4F000BC0A5917704700BF026810B5536804466C
:10B50000990613D4580605D5590723D4516821F05C
:10B5100040015160DB0708D5136823F0080313606E
:10B520009168637A2161042B0CD110BD1023C36094
:10B53000042320466372F8F761FC6FF06002236811
:10B540005A6010BD01220023204662722372FFF769
:10B55000D1FF10BD0823E360136823F008031360D4
:10B56000E6E700BF002300B5026883B0019353688B
:10B57000014658070AD4536823F040035360002063
:10B58000CB6823F00803CB6003B000BD0220136832
:10B5900043F080431360136823F0804313600190ED
:10B5A00002E013685B0012D5019B013B0193019BF4
:10B5B000002BF6D101224A720B72CB68084643F089
:10B5C0000203CB60F8F71AFC012003B000BD5368FA
:10B5D00058060CD40223019302E053685B07CED5D2
:10B5E000019B013B0193019B002BF6D1E2E75368DD
:10B5F00023F040035360EDE7F8B5037A012B43D005
:10B600000122437A04469342DFB2027206D0042339
:10B610001746C360002323723846F8BD0222036830
:10B6200042725B680E46590616D4FBF713FA0546BC
:10B6300023685A68D20718D4FBF70CFA401B02287B
:10B640002368F6D95A6812F00102F2D101210223CF
:10B6500061722272E360DFE70823C360FFF782FFB5
:10B660000128E2D12023E360D6E79A685B68226173
:10B6700013F0400316BF08231F46E3604FF0010399
:10B6800008BF32606372C5E702273846F8BD00BFC5
:10B69000F0B50D46144683B00646FBF7DBF92C44A3
:10B6A000241AFBF7D7F90746264B1B68C3F3CB33A5
:10B6B00004FB03F3019332689368190604D56B1CED
:10B6C00006D193681C06FCD4002003B0F0BD1C46D4
:10B6D000FBF7C0F9C31B9C4206D9019B0BBB326828
:10B6E00092681006F3D4EFE7D6E900315A68B1F555
:10B6F000827F22F0E0025A6017D0B26AB2F5005F92
:10B7000007D11A6822F400521A601A6842F40052F3
:10B710001A6001220023032086F85D2086F85C3041
:10B72000D3E7019B013B0193C5E7B268B2F5004F37
:10B7300002D0B2F5806FE0D11A6822F040021A60A0
:10B74000DBE700BFF40003202DE9F04700241D468D
:10B7500082B01746064688468DF80340FBF77AF913
:10B760003D442D1AFBF776F9D6F8009082464C46F8
:10B770002F4B1B6803EB8303C3EBC3031B0D05FBBC
:10B7800003F30193A36818EA030F08D0B8F5C06F5C
:10B790000DD07B1C14D1A36813F4C05FFBD1002033
:10B7A00002B0BDE8F087A36813F4C06FF7D099F832
:10B7B0000C307A1CDBB28DF803309DF80330F2D0E8
:10B7C000FBF748F9A0EB0A00A842346803D2019BBA
:10B7D000EBB91D46D6E76368726823F0E003B2F563
:10B7E000827F636017D0B36AB3F5005F07D1236827
:10B7F00023F400532360236843F4005323600122A1
:10B800000023032086F85D2086F85C30C8E7019BA2
:10B81000013B0193B6E7B368B3F5004F02D0B3F52F
:10B82000806FE0D1236823F040032360DBE700BF93
:10B83000F400032070B50D46164613464FF4C05170
:10B840002A460446FFF780FF70B932462946204653
:10B85000FFF71EFF40B933462A464FF4C061204629
:10B86000FFF772FF00B970BD236E032043F0200381
:10B87000236670BD002879D02DE9F84F0446406A50
:10B88000002857D00023C4E90433002294F85D3027
:10B89000A26203F0FF01002B5BD00223256884F82D
:10B8A0005D30E2682B68B2F5E06F23F040032B6057
:10B8B00046D855D04FF4805E0027BB46A7624FF0B4
:10B8C000010C0026636802F47068A26803F48273B6
:10B8D00002F4044213432269A16902F002021343F5
:10B8E0006269E76902EA0C021343626B07F03809E8
:10B8F00001F4007A276A02F00802090C42EA080201
:10B9000043EA0A0301F0040100F0100007F0800888
:10B9100043EA09030A4343EA0803024343EA0B03E9
:10B9200042EA0E022B606A60266684F85DC03046EB
:10B93000BDE8F88F6368B3F5827FA6D0E061A4E725
:10B94000B2F5706F14D1A76A4FF0000E07F4005BD8
:10B95000B5E7204684F85C10FAF7C6FD606A9CE7FC
:10B96000A76A4FF4805E07F4005BA8E701207047E8
:10B970004FF0000EA0E700BF002943D0002A41D0BD
:10B9800090F85D30012B5FFA83FC39D190F85C3080
:10B99000012B35D000B500234FF0030E8163C16841
:10B9A00080F85DE0B1F5E06F03660364C287A0F83C
:10B9B0004430A0F84630C364836882878CBF124A43
:10B9C000124AB3F5004F026580F85CC0026807D1E7
:10B9D000136823F040031360136843F4804313603B
:10B9E00013685B0603D4136843F04003136000231D
:10B9F00080F85C305168184641F0A001516000BDEC
:10BA0000022070470120704791BA00086DBA000803
:10BA1000704700BF30B5044683B0FBF71BF82568BC
:10BA200002466B68642123F0A00320466B60FFF799
:10BA300001FF18B1236E43F020032366A36833B9D6
:10BA400022680193D368019393680193019B0123BA
:10BA500084F85D30236E20461BB1FFF7D9FF03B099
:10BA600030BDF8F78FF903B030BD00BF816B0268BD
:10BA700009781173C28F816B013A92B2C287C28F6B
:10BA8000013192B2816302B17047FFF7C3BF00BFBB
:10BA9000816B10B4026831F8024BD460C28F8163AD
:10BAA000013A92B2C287C38F9BB213B15DF8044BC7
:10BAB00070475DF8044BFFF7ADBF00BF30B50268BB
:10BAC00004465168936885B013F0400FC3F38015A6
:10BAD00019D113F0010F2FD1980745D49D0600F11D
:10BAE0009180DB050DD58D060BD50020236E43F02C
:10BAF00008032366039093680393039B236E002B34
:10BB00005AD105B030BD13F002001AD008067CD41B
:10BB100013F020002CD18D06F3D594F85D50032D41
:10BB200079D0256E45F0040525660090D068009018
:10BB30009068009000983AE011F0400FCCD0C36CB0
:10BB400065E08D06DDD594F85D50032D63D0256E3C
:10BB500045F0040525660090D0680090906800903C
:10BB60000098980623D515E008064ED49806B8D557
:10BB70008806C6D575B194F85D0003284BD0206EB9
:10BB800040F00400206600200090D068009090688B
:10BB900000900098206E40F0010020660020029086
:10BBA00090680290106820F0400010600298DB0559
:10BBB0009BD4236E002BA4D0012053688D0723F063
:10BBC000E003536084F85D002DD05368A06D23F02E
:10BBD0000303536040B1164B0364FBF71BFE18B11F
:10BBE000236E43F040032366606D002889D0104B1C
:10BBF0000364FBF70FFE002883D0236E43F040035D
:10BC000023667EE78806C5D47BE72046236D05B012
:10BC1000BDE83040184700230193D368019393682F
:10BC20000193019B6DE72046FFF7F2FE69E700BF35
:10BC300035BC000808B50023806AA0F84630C387E9
:10BC4000FFF7E6FE08BD00BF30B4036A124D046A78
:10BC5000A84224F0010404620ED0104CA0420BD084
:10BC600004F54064A04207D004F58064A04203D0EC
:10BC700004F58064A04203D1046A24F00404046241
:10BC8000846923F00A0324F0F00C4CEA02121943F1
:10BC9000826130BC01627047002C014000340140D9
:10BCA00090F83D30012B23D102210368164A80F819
:10BCB0003D1093421ED0B3F1804F1BD0A2F59432B9
:10BCC000934217D002F58062934213D002F580624E
:10BCD00093420FD002F5943293420BD002F54062AA
:10BCE000934207D01A6842F001021A6000207047A0
:10BCF000012070479968054A0A40062AF6D0B2F535
:10BD0000803FEFD100207047002C01400700010068
:10BD100090F83D30012B26D10222036880F83D20A7
:10BD2000DA68174942F001028B42DA601DD0B3F1A4
:10BD3000804F1AD0134A934217D002F58062934283
:10BD400013D002F5806293420FD002F594329342F1
:10BD50000BD002F54062934207D01A6842F001020C
:10BD60001A6000207047012070479968064A0A400F
:10BD7000062AF6D0B2F5803FEFD10020704700BF11
:10BD8000002C0140000400400700010038B590F885
:10BD90003C30012B6AD0044602250123006884F858
:10BDA0003C3084F83D5085684B4A2A4082600A68DE
:10BDB000602A6AD010D8402A5AD02CD8202A4BD0DA
:10BDC00048D832F0100147D018460122002384F8E9
:10BDD0003D2084F83C3038BDB2F5805F13D0B2F519
:10BDE000005F27D0702AEFD1D1E901538268C9687A
:10BDF0002B4322F47F4243EA012313438360836889
:10BE000043F0770383600122002384F83D2084F807
:10BE10003C30002038BD502AD6D1CA684968FFF7A7
:10BE200013FF836823F4401323F0700343F0570398
:10BE30008360E8E78268D1E90153C9682B4322F4A3
:10BE40007F4243EA012313438360836843F48043C2
:10BE50008360D8E7302AB7D1836823F4401323F0F6
:10BE60007003134343F007038360CCE7022038BD1F
:10BE7000CA684968FFF7E8FE836823F4401323F09B
:10BE8000700343F047038360BDE7036A026A4D68AD
:10BE900022F01002C9680262104A904217D002F5DF
:10BEA0000062904213D0826923F0A00322F4704212
:10BEB00043EA051342EA013282610362836823F494
:10BEC000401323F0700343F0670383609BE7026A2B
:10BED00022F040020262E6E78800CEFF002C01401B
:10BEE000704700BF704700BF704700BF704700BF7A
:10BEF000036870B5DE681C690546A20701D5B10765
:10BF00005AD4630701D5700743D4210701D53207FE
:10BF10002DD4E00601D5F10616D4E20701D5F307CA
:10BF200063D414F4025F0AD0300666D4600601D5EB
:10BF3000710673D4A20601D5B3064DD470BDE205D7
:10BF4000F4D5330662D4F1E76FF0100108222B68B4
:10BF5000284619612A77DB6913F4407F6FD1FFF718
:10BF6000BFFF2846FFF7C0FF00232B77D5E76FF010
:10BF7000080104222B68284619612A77DB699B0790
:10BF80005AD1FFF7ADFF2846FFF7AEFF00232B770E
:10BF9000BFE76FF0040102222B68284619612A7757
:10BFA0009B6913F4407F44D1FFF79AFF2846FFF7BF
:10BFB0009BFF00232B77A8E76FF002021A61012292
:10BFC00002779B699A0731D1FFF78AFF2846FFF76E
:10BFD0008BFF00232B7794E76FF020022B68284615
:10BFE000BDE870401A6100F005B96FF001022B68DE
:10BFF00028461A61F5F700F893E76FF402522B68B0
:10C0000028461A6100F0F8F8E1058FD56FF48072C8
:10C010002B6828461A6100F0F1F887E76FF04002BC
:10C020002B6828461A61FFF761FF83E7FFF75AFF85
:10C03000CFE7FFF757FFBCE7FFF754FFA6E7FFF78F
:10C0400051FF91E770B4284E0368B0424A698D6889
:10C050000C6839D0B0F1804F20D0A6F59436B042AC
:10C060001CD006F58066B04218D006F58066B04256
:10C0700014D006F59436B04226D01C4EB04227D0DC
:10C0800006F58066B04223D006F58066B0421FD028
:10C0900023F08003C5621A4384620CE04E6823F0EB
:10C0A0007003C968334323F440730B4323F08003C8
:10C0B000C5621A438462012170BC036843F0040323
:10C0C00003604161026070474E6823F070033343A0
:10C0D000CE6823F440733343C56223F08003846247
:10C0E0001A430B690363E6E7002C0140004001405E
:10C0F00070B310B590F83D30044603F0FF0213B35F
:10C100000223214684F83D3051F8040BFFF79AFFD3
:10C11000012384F8483084F83E3084F83F3084F8B6
:10C12000403084F8413084F8423084F8433084F859
:10C13000443084F8453084F8463084F8473084F839
:10C140003D30002010BD80F83C20FAF75FFAD7E7B9
:10C150000120704790F83C20012A45D00346022078
:10C1600070B41A68214E83F83D00B24250680D68E1
:10C17000946827D006F50066B2422CD020F07000FB
:10C180002843B2F1804F50600ED0194882420BD044
:10C1900000F58060824207D000F58060824203D0C3
:10C1A00000F59A30824204D1896824F080040C435F
:10C1B00094600022012183F83C2083F83D10104652
:10C1C00070BC70474E6820F47000304320F070005F
:10C1D00028435060E8E74E6820F47000304320F0B8
:10C1E000700005435560DFE702207047002C0140D6
:10C1F00000040040704700BF704700BF704700BF99
:10C2000010B4026852E8003F23F4907342E8003112
:10C210000029F7D1144C02F1080353E8003F2340F2
:10C2200002F1080C4CE800310029F4D1C36E012B57
:10C2300008D0002320225DF8044BC0F88C2043670F
:10C24000C366704752E8003F23F0100342E8003114
:10C250000029EED052E8003F23F0100342E80031FD
:10C260000029EFD1E5E700BFFEFFFFEF704700BFF9
:10C27000704700BF08B5806AFFF7FAFF08BD00BF2E
:10C28000704700BF40F60F0C70B504680546E369BF
:10C29000216813EA0C0FA26829D19E0607D501F088
:10C2A000200C02F080565CEA060C40F0F080E86E4C
:10C2B000012800F0AC80D80200F19E80180606D557
:10C2C00002F4000201F08000104340F0E7805A06BB
:10C2D00002D54E0600F1C380180202D54A0000F1D3
:10C2E0000C81DB0102D50029C0F23D8170BDA3485D
:10C2F000104040F0C580A24E3142D8D0DE0740F158
:10C30000DC80CE0540F1D28001262662D5F890600F
:10C3100046F00106C5F890609E0740F1C980D60737
:10C3200040F1CB8002202062D5F890005E0740F0FB
:10C330000400C5F8900040F1DD8004202062D5F8AB
:10C34000900040F00200C5F89000180700F1BD8091
:10C3500018050AD54E0108D54FF400602062D5F8C3
:10C36000900040F02000C5F89000D5F8900000281B
:10C37000BCD0980606D501F0200102F0805211438E
:10C3800040F0AC80D5F89020A36802F0280203F0BA
:10C39000400353EA0206284600F0EA80FFF730FF28
:10C3A000A3685B0640F1A28004F1080353E8003F54
:10C3B00023F0400304F1080141E8003262B12C6827
:10C3C00004F1080353E8003F23F0400304F108019F
:10C3D00041E80032002AF3D1D5F88000002800F0AF
:10C3E0008580684B0364FBF715FA00283FF47EAFA5
:10C3F000D5F88000036C4EE056027FF55FAF4FF436
:10C40000801328462362BDE8704000F0FBB8DE06CA
:10C410007FF551AFC8067FF54EAF1022B5F85C30FE
:10C420002262A268520640F1AF80D5F8800002680F
:10C43000516889B2002900F0DC80994280F0D980EF
:10C44000A5F85E10126896065CD502222A67B5F838
:10C450005E102846591A89B2FFF712FF70BD54E8E2
:10C46000003F23F0400344E80032002AF7D12022A5
:10C4700000232846C5F88820AB67FFF7F7FE70BD9C
:10C48000DE077FF549AFCE057FF546AF3CE7436F4A
:10C49000002B3FF42BAFBDE870401847AB6F002B6B
:10C4A0003FF424AF2846BDE8704018479E0704D4E7
:10C4B0005E0702D5D6073FF540AF1E077FF548AFB0
:10C4C00001F0200606433FF443AF08202062D5F870
:10C4D000900040F00800C5F8900039E76B6F002B22
:10C4E0003FF450AF284698472C684BE72846FFF7A3
:10C4F000BFFE70BD1807E8D42AE72846BDE87040A3
:10C5000000F084B854E8003F23F4807344E800321C
:10C51000002AF7D104F1080353E8003F23F0010398
:10C5200004F1080141E80032002AF3D104F10803C4
:10C5300053E8003F23F0400304F1080141E80032D2
:10C54000002AF3D12023C5F88C30EA6654E8003F76
:10C5500023F0100344E80032002AF7D1FBF722F958
:10C56000B5F85C3071E72846BDE8704000F04CB883
:10C57000FFF77EFEC5F8906070BD00BF010000109F
:10C580002001000475C20008B5F85E10B5F85E2001
:10C5900089B292B2002A3FF4A9AE5B1A99B200297F
:10C5A0003FF4A4AE54E8003F23F4907344E8003213
:10C5B000002AF7D1124804F1080353E8003F034072
:10C5C00004F1080646E80032002AF4D120236A6705
:10C5D000C5F88C30EA6654E8003F23F0100344E8C5
:10C5E0000032002AF7D1022328462B67FFF748FEC6
:10C5F00070BD99427FF47AAE13689C06F3D470BD87
:10C60000FEFFFFEF704700BF704700BF704700BFDD
:10C61000034644F27F02B3F8401000200A40A3F81A
:10C62000402070474FF0000C00B583B002AB4FF0D4
:10C63000010E03E9060003466046A3F840E0A3F8B4
:10C6400040C0A3F844C0A3F850C003B000BD00BF71
:10C6500070B50A78034630F8220091F803E020F420
:10C66000EC4020F070000004000CBEF1030F00F25B
:10C670000582DFE80EF0CDD0B10240F4C06048F290
:10C68000800C40EA0C0023F8220033F8220020F44A
:10C69000E04020F070000004000C10434CEA000C55
:10C6A00023F822C0087B002800F0B880002033F86F
:10C6B00022C02CF4E24C2CF0700C4FEA0C4C4FEAE8
:10C6C0001C4C4CF4004C4CF0800C23F822C00C891C
:10C6D000B3F8505003EBC20C640864001CFA85F5F3
:10C6E000A5F800444C89B3F85050640864001CFA63
:10C6F00085F5A5F804444C78002C40F01C8133F8F3
:10C70000224064040DD533F8224024F4E04424F0A0
:10C7100070042404240C44F4404444F0800423F8BE
:10C72000224033F8224066060DD533F8224024F427
:10C73000E04424F070042404240C44F4004444F045
:10C74000C00423F822400D69B3F850101CFA81F19F
:10C75000B1F802440CF2064CC4F30904A1F80244F7
:10C76000002D00F030813E2D00F2658105F00104BE
:10C7700004EB5504A402A5B2B1F80244A4B22C43C0
:10C78000A1F80244B3F8501089B231F80C40C4F358
:10C79000090421F80C4031F80C40A4B22C4321F8D4
:10C7A0000C4048F2800433F8221021F4804121F03B
:10C7B00070010904090C81F44051214323F822102F
:10C7C00033F8221021F4E04121F040010904090C62
:10C7D0000C4323F8224070BD48F28005284323F81B
:10C7E000220033F82200B14C80B2204010430543B0
:10C7F00023F82250087B88B133F8220080B2204011
:10C8000040F4014040F0800023F8220000205EE761
:10C8100040F4007033E740F4806030E70020CC88BB
:10C820004E786408640003EBC205F6B3B3F8501009
:10C8300015FA81F1A1F8004433F8221049060DD50C
:10C8400033F8221021F4E04121F070010904090CB1
:10C8500041F4004141F0C00123F8221033F82210C6
:10C86000BEF1010F21F4E04121F040014FEA014106
:10C870004FEA114112D081F0200141F4004141F012
:10C88000800123F8221070BD33F8221021F480417A
:10C8900021F070010904090C81F4005141F40041B8
:10C8A00041F0800123F8221070BD0E69B3F85010DA
:10C8B00015FA81F1A1F80444B3F8501015FA81F18A
:10C8C000B1F80644C4F30904A1F80644002E00F0B0
:10C8D00096803E2E00F29D80B1F8064406F00105D8
:10C8E000A4B205EB560544EA8524A4B2A1F8064497
:10C8F00033F822104D040DD533F8221021F4E04115
:10C9000021F070010904090C41F4404141F080011B
:10C9100023F82210002AB7D11A8822F4804222F08C
:10C9200070021204120C82F4405242F4004242F0AF
:10C9300080021A8070BD33F822104C040DD533F8F4
:10C94000221021F4E04121F070010904090C41F4A6
:10C95000404141F0800123F8221033F822104906AB
:10C960000DD533F8221021F4E04121F070010904C3
:10C97000090C41F4004141F0C00123F8221033F8C2
:10C980002210BEF1010F21F4E04121F040014FEAF5
:10C9900001414FEA114118BF81F0200141F40041EB
:10C9A00041F0800123F8221033F8221021F4804155
:10C9B00021F070010904090C41F4004141F08001AB
:10C9C00023F8221070BDB1F802446FEA44446FEAC4
:10C9D0005444A4B2A1F80244B3F85040A4B234F8CD
:10C9E0000C10C1F3090124F80C1034F80C106FEA94
:10C9F00041416FEA514189B224F80C10D1E6B1F8F7
:10CA000006446FEA44446FEA5444A4B2A1F80644D1
:10CA10006EE7B1F806447509F60608BF05F1FF3563
:10CA2000A4B244EA85246FEA44446FEA5444A4B2B1
:10CA3000A1F806445CE76C09ED0608BF04F1FF3479
:10CA4000B1F80254A402A4B2ADB2254345F40045A6
:10CA5000A1F80254B3F85050ADB235F80C10C1F340
:10CA6000090125F80C1035F80C1021436FEA4141FB
:10CA70006FEA514189B225F80C1092E648F2800421
:10CA8000204323F8220033F8220020F4E04020F075
:10CA900070000004000C1043044323F82240087B7C
:10CAA00008B1012003E60120B9E600BF8F8FFFFF28
:10CAB0002DE9F04F4B780C7B012B83B035D0ECB1D6
:10CAC000CB78022B00F0FD80012B40F08780002303
:10CAD0000A788B6130F8223023F4804323F070030E
:10CAE0001B041B0C83F4405343F4004343F08003C6
:10CAF00020F82230002003B0BDE8F08F8A690C785E
:10CB0000002A55D1CB78002B40F0F98030F8243042
:10CB100023F4E04323F070031B041B0C43F4014394
:10CB200043F0800320F82430D1E70E698A694B690D
:10CB3000B24228BF324600F58067002C00F0A88082
:10CB4000CD780C6A022D91F800E04BD0A41A30F891
:10CB50002E500C6294B2013415F0400F92B2B0F82E
:10CB600050504FEA540400F0D98000F2064616FAFD
:10CB700085F525F83E204D893D443CB103EB440446
:10CB8000ED1A1A885A5302339C42FAD10A7830F8C7
:10CB9000223023F4E04323F040031B041B0C83F0FA
:10CBA000300343F4004343F0800320F82230A1E730
:10CBB00030F8243023F4E24323F070031B041B0CF1
:10CBC00043F4004343F0800320F824300B699A4279
:10CBD0007FF67DAFD31A8B610A787BE7012003B023
:10CBE000BDE8F08FA64200F2024B80F0DF8030F803
:10CBF0002E50A41A25F4E04525F070052D042D0CC7
:10CC000045F4014545F0800520F82E5030F82EC03F
:10CC100095B201351CF0400F0C62B0F850C04FEADD
:10CC200055051FFA82F800F2064900F08E8019FAC5
:10CC30008CFC2CF83E80B1F80A90B94475B19C4642
:10CC4000A9EB030903EB450A0196BCF800602CF838
:10CC500009600CF1020CD445F7D1019E1344A642A1
:10CC60004B6180F0C880A21A0A62B0F850201BFA0B
:10CC700082F222F83E800C893C44002D86D003EBE2
:10CC80004505E41A1A881A5302339D42FAD17DE70A
:10CC900095B2CE8801356D083E4492B207D003EBC1
:10CCA0004505F61A1C889C530233AB42FAD1B0F802
:10CCB00050300C7800F2024515FA83F323F8342043
:10CCC00064E7CB690A78002B3FF404AF30F82230D8
:10CCD00003F040045B0435D4002C7FF4FBAE30F845
:10CCE000223023F4E04323F070031B041B0C43F4B5
:10CCF000004343F0C00320F822300A78EAE630F817
:10CD0000243023F4E24323F070031B041B0C43F490
:10CD1000004343F0800320F82430D8E600F20246B6
:10CD200016FA85F525F83E200D893D44002C3FF488
:10CD30002DAF03EB4404ED1A1A885A5302339C4278
:10CD4000FAD123E7002CCAD1C4E61BFA8CFC2CF8DC
:10CD50003E80B1F808A0BA4475B19C46AAEB030A1C
:10CD600003EB450B0196BCF800602CF80A600CF14F
:10CD7000020CDC45F7D1019E1344A6424B6141D21F
:10CD8000A41AB0F850200C6219FA82F222F83E8000
:10CD90004C893C44002D3FF4F9AE03EB4505E41A01
:10CDA0001A881A530233AB42FAD1EFE6A5B22C46E9
:10CDB00030F82E20013422F4E24222F070021204F4
:10CDC000120C42F4004242F0800220F82E20B0F80B
:10CDD000502064081BFA82F222F83E500D893D442F
:10CDE0003FF4D4AE03EB4404ED1A1A885A530233CD
:10CDF0009C42FAD1CAE6A5B2013500221FFA84F896
:10CE00006D0831E7A5B201351FFA84F86D080024DA
:10CE1000B7E700BF4B780A788BB130F8223023F4A3
:10CE2000E04323F040031B041B0C83F0100343F486
:10CE3000004343F0800320F822300020704730F890
:10CE4000223023F4804323F070031B041B0C83F473
:10CE5000805343F4004343F0800320F82230002045
:10CE6000704700BF4B780A7833B330F822305B0646
:10CE70000DD530F8223023F4E04323F070031B0477
:10CE80001B0C43F4004343F0C00320F82230CB785E
:10CE9000012B0FD030F8223023F4E04323F040037D
:10CEA0001B041B0C83F0200343F4004343F0800376
:10CEB00020F822300020704730F822305B040DD576
:10CEC00030F8223023F4E04323F070031B041B0CE2
:10CED00043F4404343F0800320F8223030F82230FE
:10CEE00023F4804323F070031B041B0C83F4405392
:10CEF00043F4004343F0800320F8223000207047C1
:10CF000011B98023A0F84C3000207047B0F84400DD
:10CF100080B27047013302F580625B08104408D08C
:10CF20000A4601EB4301801A1388135202328A42E7
:10CF3000FAD1704770B502F580625D0800EB02041B
:10CF400019D06FF001008E1C3246AC46401A2044C6
:10CF5000815ABCF1010C89B24FEA112E02F1020292
:10CF600002F8041C02F803ECF2D1013D023406EB96
:10CF7000450104EB4504DB0744BF23880B7070BDFB
:10CF8000D0E90023F0B4D0E90267D0E90445D0E944
:10CF90000601B1F1FF3F08BFB0F1FF3F18D1B5F175
:10CFA000FF3F08BFB4F1FF3F0FD1B7F1FF3F08BF0C
:10CFB000B6F1FF3F0FD1F0BCB3F1FF3F08BFB2F1B4
:10CFC000FF3F14BF0120002070470320F0BC7047D2
:10CFD0000420F0BC70470220F0BC704710B54FF63B
:10CFE000FD7E1F4B0446B3F8E0C000F580330CF122
:10CFF000FF3292B272454FEAC32008D84FF478321C
:10D00000184B03EA4C23B2FBF3F203FB02000329A3
:10D010004FF0AA324FF0AA3312D0042908D00229C7
:10D0200016D000F041FFC0B90F4B00201C7010BD9E
:10D03000183000F039FF003818BF0120400010BD43
:10D04000103000F031FF003818BF0120400010BD43
:10D05000083000F029FF0028E6D0022010BD00BFF4
:10D060000005FA0B00FE1F00F02A0320F8B5044665
:10D0700000F052FF002840F0BD804FF6FD73634A78
:10D08000B2F8E0C00CF1FF3291B2994200F2B080E8
:10D090004FF478355E4B03EA4C23B5FBF3F503FB05
:10D0A00005F5C5F57835ED0A4FF6FD7391B2994255
:10D0B00012D999E04FF6FD77544E2846012100F031
:10D0C000F7FE0135002840F08D80B6F8E0C00CF185
:10D0D000FF3293B2BB4237D84FF478334C4901EA60
:10D0E0004C21B3FBF1F301FB03F3C3F57833DB0A07
:10D0F00004339D422AD2002CDCD04FF47836B6FBA4
:10D10000F1F01127EB0203F1006301FB003303F59B
:10D11000006ED3E90001B1F1FF3F08BFB0F1FF3F5E
:10D1200003F1080318BF10279E45F2D1102F47D0F6
:10D130004FF6FD7391B2994205F10105CCD9802DCE
:10D1400004D04FF48021DAE7802DB6D100F0E2FE62
:10D150004FF6FD712D4BB3F8E020531E9BB28B426E
:10D160004AD84FF478302A4B022103EA4223B0FB1D
:10D17000F3F003FB00F0C0F57830C00AFFF72EFF94
:10D1800000283FD14FF6FD71224A204B1080B3F8A2
:10D19000E020531E9BB28B4236D84FF478331C49A3
:10D1A00001EA4222B3FBF2F302FB03F3C3F5783347
:10D1B000C3F3C7232021184C184A23701160F8BD0F
:10D1C0000121284600F074FE60B9104B0135B3F818
:10D1D000E0C04FF6FD730CF1FF3291B299427FF639
:10D1E0007BAFACE70120F8BD80234FF4802180E7BE
:10D1F0007C2559E70E20F8BD7C200221FFF7EEFECA
:10D200000028BFD00220F8BD7C23D3E70005FA0B2D
:10D2100000FE1F00F22A0320F02A03201C01032035
:10D220004FF6FD71224B2DE9F041B3F8E02082B0BA
:10D23000531E9BB28B4220D84FF478351D4B03EA26
:10D240004223B5FBF3F503FB05F5C5F57834E40A95
:10D25000271D05F1006606EBC420FFF791FE0428A8
:10D260004FEAC42804F102030BD09F4203D80520E3
:10D2700002B0BDE8F0811C46EDE780277C24002544
:10D28000E7E7621C9A4206D30221204600F010FE16
:10D2900048B10120ECE708F108202844FFF770FEB0
:10D2A0000428F1D0E3E7019000F034FE0198DFE7B5
:10D2B0000005FA0B00FE1F002DE9F0474FF6FD7444
:10D2C000444A454BB2F8E0101E784A1E92B206F569
:10D2D0008033A24280464FEAC3234FD84FF47839B7
:10D2E0003E4C04EA4124B9FBF4F904FB09F94B4430
:10D2F0001846FFF745FE4FF47833B3FBF4F304FB15
:10D3000003F3C3F57833A6EBD32A0AF1010505F040
:10D31000030505EBD325074605F5803009EBC02052
:10D32000DC0AFFF72DFEB8F1010F12D0B8F1020FA1
:10D330000AD0022F1FD0012F1BD10AF1030A0AF0D5
:10D34000030A0AEB040616E098B92E463046BDE8FB
:10D35000F087022F17D0012F0BD1214C2368B3F592
:10D36000006F08D304282BD003213046FFF736FE88
:10D37000E0B14FF0FF363046BDE8F0874FF00009CE
:10D380004FF48024B4E7164C2368B3F5006FF2D352
:10D3900004281AD003213046FFF720FE0028E8D1E8
:10D3A00002212846FFF71AFE30B1E2E701212846A4
:10D3B000FFF714FE0028DCD120232E462360C5E7AA
:10D3C000FFF72EFF0028CFD0D3E7FFF729FF002873
:10D3D000E0D0CEE70005FA0BF02A032000FE1F0084
:10D3E0001C0103202DE9F041074600200E46FFF7FF
:10D3F00063FF431C6DD000F58031CC024FF6FD7108
:10D40000354B8046B3F8E020531E9BB28B4208D8C0
:10D410004FF47831314B03EA4223B1FBF3F203FBC3
:10D4200002442046FFF7ACFD831EDBB2022B4BD833
:10D430002B4D04F5FF6C04F1180101E08C451CD064
:10D44000DCE90023B3F1FF3F08BFB2F1FF3FACF1CD
:10D45000080C1FFA82FEF1D0BE45EFD1A86840F05B
:10D460000100A8602B602F802C68A4B2B4EB124F8F
:10D47000E4D100203360BDE8F0814FF6FD71164B1A
:10D48000B3F8E020531E9BB28B421FD84FF4783183
:10D49000124B03EA4223B1FBF3F103FB01F1C1F5A7
:10D4A0007833DB0A08F10308A8EB030808F0030847
:10D4B000984408F5803301EBC3242046FFF760FD54
:10D4C000831EDBB2022BB4D90720D4E700217C23D2
:10D4D000E8E70320BDE8F0810005FA0B00FE1F001D
:10D4E000003002404FF6FD72431E9BB2934201D9B9
:10D4F00008207047002310B582B00C4601A90193A3
:10D50000FFF770FF019B236002B010BD70B50646A7
:10D5100001200D46FFF7D0FE431C3AD04FF6FD71B7
:10D520001D4B00F5803CB3F8E0204FEACC2C531E95
:10D530009BB28B4227D84FF47830184B03EA422332
:10D54000B0FBF3F003FB00F0CDB1154CA36843F042
:10D550000103A3602560268022681204114C2B462B
:10D56000216832438C44604400F09EFC78B90E4937
:10D5700022680B880832013322600B8070BD002EB8
:10D58000E3D13246EAE70020002DDED1F7E70220A2
:10D5900070BD032070BD00BF0005FA0B00FE1F0028
:10D5A000003002401C010320F22A03202DE9F04F35
:10D5B000002785B0CDE90001C2F10200C0B21446D7
:10D5C0000397FFF779FE431C00F068812023BB4AD4
:10D5D000BB4D1070BB4A06462F801360002C00F034
:10D5E00042814FF6FD71B84BB3F8E020531E9BB259
:10D5F0008B4200F23F814FF47833B44901EA422272
:10D60000B3FBF2F302FB03F31A46C3F57833DB0AEC
:10D610000336F61A06F003061E4406F5803002EBC8
:10D62000C020FFF7ADFC022800F08680042800F03F
:10D630008980012C40F0DB80032840F0D8809F4B8C
:10D640002C881E789F4B4FF0000B1A6804F1FC03E6
:10D65000C2EBC62C0CF1006C4FF6FD7A9B4F0CF11F
:10D66000200C1FFA83FE09E01FFA89F474454FF07D
:10D67000010B2C8002F1080200F01981924BB3F8E3
:10D68000E03003F1FF381FFA88F1514598BF4FF49D
:10D69000783107EA432996BFB1FBF9F0002009FB76
:10D6A00000F00CEB02010144D1E90001B1F1FF3FB0
:10D6B00008BFB0F1FF3F04F10109D5D14146BBF1EC
:10D6C000000F01D07F4802604FF6FD77DFF8FC8144
:10D6D00089B204F57C7AB942DFF8EC911FFA8AFA34
:10D6E00008EA432325D84FF47830B0FBF3F003FB6E
:10D6F00000F0C0F57832D20AC2F10303334403F0DC
:10D7000003039E1806F5803300EBC320FFF738FCB7
:10D71000032804F1FC0340F0C8809CB254452C80DF
:10D7200078D0B9F8E030591E89B2B94208EA4323EB
:10D73000D9D97C220020DFE704213046FFF74EFCD8
:10D7400000285ED14FF6FD715F4BB3F8E020531E09
:10D750009BB28B4200F2A6804FF478335B4901EA1A
:10D760004222B3FBF2F302FB03F31A46C3F578330C
:10D77000DB0A06F10309A9EB030909F0030999443F
:10D7800009F5803002EBC020FFF7FAFBC31EDBB2C5
:10D79000012B3AD84C4F4D4E1AE04FF47833B3FB7F
:10D7A000F1F301FB03F31846C3F57833DB0A09F103
:10D7B0000309A9EB030909F00309994409F580332A
:10D7C00000EBC320FFF7DCFBC31EDBB2012B1CD830
:10D7D000032810D04FF6FD72B7F8E03006EA432177
:10D7E000013B9BB29342D8D900207C23DFE70A207B
:10D7F00005B0BDE8F08F04214846FFF7EFFB002895
:10D80000E8D0022005B0BDE8F08F012CB5F800A0EB
:10D810003FF415AFBAF5FC7FF3D2DDE90001FFF765
:10D8200075FE0028EDD12C88022C26D80124009FFB
:10D830000CE02B88B3F5FC7F2CD230460399FFF720
:10D8400065FE0028D4D10134FB2C19D0BC42A6B20D
:10D85000F9D0304603A9FFF7C5FD0028E9D0072815
:10D86000F1D00320C4E70121FFF7B8FB00283FF403
:10D87000B8AEC6E700227C23CAE6023CFA2CD6D911
:10D880000E4B02211878FFF7A9FB0028B9D14FF4FD
:10D890008070ADE7122005B0BDE8F08F042005B020
:10D8A000BDE8F08F00227C2363E7A246B2E7054B78
:10D8B0001A60054BB3F8E030591E05E7F02A032043
:10D8C000F22A03201C0103200005FA0B00FE1F00B2
:10D8D0002DE9F04F89B0064600F01EFB002840F00D
:10D8E000D281074648F2050001244FF6FD71C04B76
:10D8F0009A6C42F480529A649B6CBE4A03F4805343
:10D900000793079B50619368BB4823F0180343F0CB
:10D9100008039360B94B0470B3F8E020531E9BB228
:10D920008B4200F242814FF4783AB54B03EA42232E
:10D93000BAFBF3FA03FB0AF3C3F57834E40A039362
:10D9400004F58033049304F10408A446039AAD4916
:10D9500002F5006202EBC3224FEAC32EA2F5006378
:10D960000B60F3E802AB9A42FAD10CF1010CC4450A
:10D9700002F50062F2D3039B4FF0000C0EEB030B99
:10D980005B46E1466546A3469A46CDE901CC80F860
:10D9900000C05046FFF7F4FA421ED2B2012A40F20C
:10D9A0000B81032807D1019BCDF808B0002B08BFDD
:10D9B000D946013301930BF1010BC3450AF5006A07
:10D9C000E7D3002D00F064814FF6FD718B4BB3F867
:10D9D000E020531E9BB28B4200F2E481884B03EAA5
:10D9E00042234FF47832B2FBF3F203FB02FBCBF598
:10D9F00078334FEAD32909F58035294609F1040A1D
:10DA00004FF0030803964C464646884609F1020348
:10DA10000BEBC52501932846FFF7B2FA012800F069
:10DA2000FB800134544505F5006506F10106F2D38B
:10DA30000023039E01934FF6FD71704BB3F8E02075
:10DA4000531E9BB28B4200F2A5814FF4783C6C4B85
:10DA500003EA4223BCFBF3FC03FB0CFCCCF578355A
:10DA6000ED0A05F58034224605F104084FF000095F
:10DA70000CEBC424CA46A346039704964F461646A9
:10DA8000A94664465846FFF77BFA022800F09680C4
:10DA9000032808BFCDF80890791C01EB0509C145A2
:10DAA0000F460BF5006BEDD3DDE903765346002BF3
:10DAB00000F08681544D002220202B78DFF854811D
:10DAC0004FEAC32C0293514B4FF6FD7B9646DFF88D
:10DAD0002CA1DFF82C910CF1006CA8F80020186044
:10DAE00008E00830B0F5006F4FF0010EA8F80020F4
:10DAF00000F08381BAF8E0300132591E8DB25D45E5
:10DB000098BF4FF4783509EA432496BFB5FBF4F586
:10DB1000002565430CEB00042C44D4E90045B5F125
:10DB2000FF3F08BFB4F1FF3F92B2DAD1BEF1000F60
:10DB300001D0364A10604FF6FD750A46DDF808A0A0
:10DB40002F4CDFF8B89028E04FF47831B1FBF3F1B7
:10DB500003FB01F1C1F57832D20A0AF103039B1AE3
:10DB6000924503F0030302F1020000F0B380504538
:10DB700000F0B08003EB020A0AF5803001EBC02010
:10DB8000FFF7FEF9032840F01681B8F80030FC33A7
:10DB9000A8F80030B9F8E0305A1E92B2AA4204EA5E
:10DBA0004323D1D97C220021D7E7194B4FF08008BD
:10DBB0007C2404930397C8E60135FCE6A94549D0C7
:10DBC000022F47D0F81C00F00300304404EBC020C3
:10DBD000FFF7D6F903287FF45FAFBAF1000F40F0EA
:10DBE000EA80094A4FF0010A791C82F8009054E754
:10DBF0000010024000300240E82A03200005FA0B22
:10DC000000FE1F00EC2A0320F02A03201C01032041
:10DC10007C000100F22A03204C4528D0019BA3423E
:10DC200025D006F0030040440BEBC020FFF7A8F915
:10DC300003287FF4F6AE0021744D01220846039EAE
:10DC40002C70FFF7B3FCB0F5807F40F0DD8001233E
:10DC50000193F0E6791C01F00300304404EBC0208E
:10DC60000591FFF78DF90028B7D0059915E7B01E8B
:10DC700000F0030040440BEBC020FFF781F90028BF
:10DC80007FF4CFAED7E70E27384609B0BDE8F08F56
:10DC9000019B002B00F0AB80C4F10300049B4844BF
:10DCA00000F003001844039B03EBC020FFF768F962
:10DCB00004287FF489AE029BC4F10100184400F0EF
:10DCC000030001212044FFF789F900283FF47CAECE
:10DCD0000227D9E7029D0135AD1A05F00305154469
:10DCE00005F58033AA4501EBC32127D0484C002E0F
:10DCF00037D10121284600F0DBF8002872D14FF619
:10DD0000FD71B4F8E020531E9BB28B423FD84FF414
:10DD10007831404B03EA4223B1FBF3F103FB01F1FD
:10DD2000C1F57833DB0A0135ED1A05F003051D4412
:10DD300005F58033AA4501EBC321D8D100F0EAF8FC
:10DD4000019B002BA0D1B8F80030B3F5FC7F9BD22B
:10DD500001990846FFF7DAFB071E18BF01277F006D
:10DD600092E74FF0110C01F50060D1E90023B3F107
:10DD7000FF3F08BFB2F1FF3F01F1080118BF4FF0AC
:10DD8000100C8142F1D1BCF1100FB8D1B1E70021E4
:10DD90007C23C8E7204A4FF080087C254FF0000C18
:10DDA000144663E61C494FF0800A4FF07C094FF09F
:10DDB000000B0D4624E60A27384609B0BDE8F08F6F
:10DDC000EDB2029AC5F10103134403F003031D44AD
:10DDD000E8B20E4D02212870FFF700F900283FF449
:10DDE0006AAE75E70127384609B0BDE8F08F0198A3
:10DDF00009B0BDE8F04FFFF739B9084B1860044B84
:10DE0000B3F8E030591E96E60C273DE7F02A0320D0
:10DE10000005FA0B00FE1F007C0001001C0103201E
:10DE20004FF6FD72431E9BB2934201D90820704702
:10DE3000044B1B88B3F5FC7F01D2FFF767BB0022C0
:10DE4000FFF7B4BBF22A0320134B144A196CB2F843
:10DE5000E02011F4801F02F1FF334FF6FD719BB2F9
:10DE60000CD18B4297BF0E4B0E4B03EA422303F1BA
:10DE7000006383428CBF0120022070478B4297BF12
:10DE8000074B084B03EA422303F1006383428CBF34
:10DE900002200120704700BF002002400005FA0B5D
:10DEA00000FE1F000000040801460120FAF722BA14
:10DEB0004FF6FD7C70B50026144B0446B3F8E02005
:10DEC00086B0531E9BB200F5803063450D46019627
:10DED0004FEAC02008D80E4B03EA42234FF47832B1
:10DEE000B2FBF3F203FB0200FFF7AEFF0222034690
:10DEF00001A902A8CDE9033405950292FAF70EFCB8
:10DF0000003818BF012006B070BD00BF0005FA0B35
:10DF100000FE1F00704700BFFF2300B58BB001A8B3
:10DF20000293FAF765FB079B13F4800F0CBF0E20DA
:10DF300000200BB000BD00BFD0F8B8320BB11B6899
:10DF400018470320704700BF08B5D0F8B8320BB1AE
:10DF50005B689847002008BD38B5044600F2AA2542
:10DF6000284600F091FB012294F8AA12B4F8B032CE
:10DF7000C029C4F89422C4F898320DD001F01F03D0
:10DF8000012B1BD0022B13D063B12046BDE83840D3
:10DF900001F0800103F010B92046BDE8384080212F
:10DFA00003F00AB929462046BDE8384000F0F6B82B
:10DFB00029462046BDE8384000F0C8BA2946204628
:10DFC000BDE8384000F08CBA70B5044631B913464C
:10DFD000D0F89422032A0DD0002070BD90F89C3216
:10DFE000032BF9D1D0F8B8329B69002BF4D0BDE8EF
:10DFF00070401847D0E95752954208D890F89C32A3
:10E00000032B0ED0204600F06DFB002070BDAD1A32
:10E01000AA4228BF2A461946C0F85C5100F058FBB6
:10E02000DAE7D0F8B8321B69002BEBD09847E9E764
:10E0300070B5044649B9D0F89432022B11D094F847
:10E04000A032012B22D0002070BD90F89C32032B0F
:10E05000F9D1D0F8B8325B69002BF4D0BDE870403C
:10E060001847D0E90736B3420D4614D820D094F8AB
:10E070009C32032B2FD08021204603F09DF82046B0
:10E0800000F03CFB94F8A032012BDCD1002384F893
:10E09000A032002070BD9B1B1146C3611A4600F0E0
:10E0A0000DFB2B462A462946204603F0C9F8C6E751
:10E0B00082699342DBD8D0F898329A42D7D20A4686
:10E0C00000F0FCFA2B462A4629462046C4F898520E
:10E0D00003F0B6F8B3E7D4F8B832DB68002BCAD047
:10E0E00020469847C7E700BF00210122D0F8B83288
:10E0F00080F89C224160C0F89412C0F8A412EBB1E1
:10E10000D0F8BC2270B5044612B15B6803B19847E1
:10E1100000224025012611464023204603F03EF808
:10E12000002280212B462046A4F86461C4F8605187
:10E1300003F034F80020A684256270BD03207047E8
:10E1400003460020197470470346042193F89C226B
:10E150000020D2B283F89D2283F89C12704700BF42
:10E1600090F89C32042B04D190F89D32DBB280F8F9
:10E170009C320020704700BFD0F8B82262B108B5C9
:10E1800090F89C32032B01D0002008BDD369002BEE
:10E19000FAD09847002008BD0320704730B50B78AF
:10E1A0000D4603F06003202B044683B028D0402B9B
:10E1B00026D05BB18021204602F0FEFF00212046E0
:10E1C00002F0FAFF0025284603B030BD4B78092B3A
:10E1D000F0D801A252F823F04BE2000873E20008E5
:10E1E000B5E1000891E20008B5E1000899E20008F5
:10E1F000D3E20008B5E1000809E3000813E20008D3
:10E2000029462046D4F8B8329B6803B0BDE83040B8
:10E2100018478978B14D0129297000F23B8190F8A7
:10E220009C32022BDAB200F01D81032A00F0FA8042
:10E23000802102F0C1FF0021204602F0BDFF2046F0
:10E240002978FFF781FE0325BDE790F89C32013B5A
:10E25000022BAFD8CA88022AACD1D0F8A43201462A
:10E26000003B18BF01235B0041F80C3F00F018FA97
:10E27000A8E790F89C32013B022B9BD84B88012BDE
:10E28000A0D100232046C4F8A43200F02BFA99E76D
:10E290004B88012B96D1F5E78B88002B8AD1CB8850
:10E2A000002B87D14B887F2B84D890F89C22032A9F
:10E2B00080D0DDB2294680F89E5202F0A9FF2046A8
:10E2C00000F010FA002D00F0FB80022384F89C324D
:10E2D00078E700216A88ADF80610130A013B062B87
:10E2E0003FF668AF01A151F823F000BF9DE300089D
:10E2F00083E30008ADE30008B5E10008B5E10008DC
:10E300006DE3000831E30008CA88012A7FF452AFA8
:10E3100090F89C32022BD9B200F2B58000293FF46C
:10E3200049AF0146002341F8083F00F0B9F949E739
:10E33000037C002B7FF43EAFD0F8B8320DF106001D
:10E340001B6B984707234370EB88002B66D0BDF802
:10E350000620002A3FF42EAF9A4228BF1A460146F3
:10E360002046ADF8062000F09BF92BE7037C002B3C
:10E370007FF420AFD0F8B8320DF106005B6B984700
:10E38000E2E7027CD0F8B832002A40F08B809B6A2A
:10E390000DF10600984702234370D5E7D0F8B43258
:10E3A0000DF106011B68007C9847CDE7D1B2052925
:10E3B00000F28A80DFE801F026201A140E03D0F85C
:10E3C000B4329B69002B3FF4F5AE207C0DF10601C1
:10E3D0009847B9E7D0F8B4325B69002BF5D1E9E68C
:10E3E000D0F8B4321B69002BEFD1E3E6D0F8B43299
:10E3F000DB68002BE9D1DDE6D0F8B4329B68002B56
:10E40000E3D1D7E6D0F8B4325B68002BDDD1D1E69A
:10E410000223416080F89C32FFF796FD204600F011
:10E4200061F9CFE60029F3D041680129F6D0C9B2DD
:10E43000FFF78AFD297820466160FFF77DFD0546DC
:10E440000028EBD08021204602F0B6FE00212046B5
:10E4500002F0B2FE20462179FFF776FD022384F810
:10E460009C32B0E60029D9D001214160FFF764FD5C
:10E470000546F0B18021204602F09EFE0021204694
:10E4800002F09AFE9FE603297FF494AE011D00F08E
:10E4900007F997E6802102F08FFE0021204602F066
:10E4A0008BFED0E6DB6A0DF106009847022343702D
:10E4B0004AE7204600F016F9032384F89C3281E6EF
:10E4C000012384F89C327DE6D0F8B8329B6B002B98
:10E4D0003FF470AE0DF10602984735E7F42A0320A9
:10E4E00038B50B780D465A0604460DD503F0600288
:10E4F000402A09D0802102F05FFE0021204602F070
:10E500005BFE0025284638BD94F89C32013B022B67
:10E5100012D82B79032B0FD8D4F8B83229469B6830
:10E5200020469847EB880546002BEBD10028E9D11F
:10E53000204600F0D7F8E5E78021204602F03CFEB7
:10E540000021204602F038FEDBE700BF70B50B78F3
:10E550000D4603F06003202B04464CD0402B4AD0DC
:10E560004BB18021204602F027FE0021204602F018
:10E5700023FE002070BD6B788A88012BD1B22BD08E
:10E58000032B40D0002BECD190F89C32022BD8B258
:10E5900053D00328E5D101F00F0303EB83031206E8
:10E5A00004EB830358D4B3F86431002BD9D001EBCA
:10E5B000810504EB850505F5AA75002958D020468C
:10E5C00002F012FE002859D001232B6002222946B6
:10E5D000204600F065F8CCE790F89C32022BDAB2C6
:10E5E00022D0032ABDD16B88002BC2D14E0642D166
:10E5F000204600F077F8D4F8B83229462046BDE826
:10E6000070409B68184790F89C32022BDAB20BD00E
:10E61000032AA6D16B881BB94A0601D0EB887BB3CD
:10E62000204600F05FF8A4E74B069AD002F0C4FD44
:10E630008021204602F0C0FD9BE7480691D10023CF
:10E6400011064CBF04F1140104F5AA710222204600
:10E650000B6000F025F88CE79B8C002B81D001F03B
:10E660007F05013505EB8505802904EB8505A6D1DD
:10E6700000232B60AAE702F0ABFDB9E72860A5E70D
:10E6800002F09AFDCCE700BF0B7803704B78437023
:10E690004B8843808B888380CB88C380704700BFC2
:10E6A00010B5134602240A46C0E906330021C0F81B
:10E6B000944202F0B9FD002010BD00BF8C4608B5A1
:10E6C00000211346624602F0AFFD002008BD00BFE6
:10E6D0008C4608B500211346624602F0B1FD0020C9
:10E6E00008BD00BF002310B504241A461946C0F81F
:10E6F000944202F099FD002010BD00BF002310B528
:10E7000005241A461946C0F8944202F099FD0020EB
:10E7100010BD00BF08B54FF0E0231B6901F00EFDEE
:10E72000012800D108BDBDE8084002F05BBA00BF77
:10E7300008B5EFF3058313B16FF0050008BD01F0D4
:10E74000FDFC012807D0EFF31083002BF4D1EFF389
:10E750001183002BF0D101F0F1FC0128034604D114
:10E76000034A106808B9136008BD4FF0FF3008BDB8
:10E7700050380320EFF3058313B16FF005007047A5
:10E7800010B501F0DBFC012809D0EFF3108313B1C1
:10E790006FF0050010BDEFF31183002BF8D101F0ED
:10E7A000CDFC01280CD1084B1A68012A08D100249D
:10E7B00002220649CC771A6001F0C0FA204610BD4B
:10E7C0004FF0FF3010BD00BF5038032000ED00E0D7
:10E7D000F0B5002587B014460595EFF3058212B118
:10E7E000002007B0F0BD07460E4601F0A7FC012847
:10E7F00009D0EFF3108313B1059807B0F0BDEFF324
:10E800001183002BF8D1002FF6D00CB3A569DDB928
:10E8100018256368DB07E3D463693BB39A08A068F3
:10E82000D4F800C0E16820B3AB29E5D921690029FB
:10E83000E2D0002BE0D0CDE90110334661463846E6
:10E84000009501F045F9CCE76B1E372BE1D9C7E7FE
:10E850004FF480721825214605AC334638460095A2
:10E86000019401F069F90128BAD1C5E74FF480722B
:10E87000D5E70029C0D12369002BBDD1644692B2EF
:10E88000E9E700BFEFF3058313B16FF005007047B0
:10E8900010B5044601F052FC012809D0EFF31083B3
:10E8A00013B16FF0050010BDEFF31183002BF8D109
:10E8B0000CB9002010BD204601F022FAF9E700BF94
:10E8C0004FF4807330B4034D034C05600C6013604B
:10E8D00030BC7047A4370320A43303204FF40073E7
:10E8E00030B4034D034C05600C60136030BC7047BE
:10E8F000F8320320F82A03204FF0FF31002200F104
:10E900000803C0E90131C0E903330260704700BF6A
:10E9100000230361704700BF4268036810B4946825
:10E920000133C1E90124616091605DF8044B086125
:10E930000360704730B40D686B1C10D000F1080301
:10E940001C465B681A68AA42FAD902684B60013219
:10E9500099608C606160086130BC02607047046936
:10E960006368F2E7036910B4D0E901125C688A6059
:10E9700051600021844208BF5A601A680161013A5F
:10E980001A6018685DF8044B704700BF70B51646F2
:10E99000026C0446856B2AB9066801354EB31046F1
:10E9A000A56370BD8EB9406802F0EEFC6368216C0F
:10E9B000A2680B449342636028BF236805F10105F8
:10E9C00028BF63600020A56370BDC06802F0DCFC56
:10E9D000226CE36851429B1A2268E360934202D2A0
:10E9E000A3680B44E360022E08D001350020A56324
:10E9F00070BD806801F0FAFBA660D1E7012D38BF39
:10EA00000125DFE770B5054602F0CAF895F84530F4
:10EA10005CB2002C14DD05F1240603E0631EDAB2BB
:10EA20005CB26AB16B6A5BB1304601F0B5FA00289E
:10EA3000F4D001F077FB631EDAB25CB2002AF1D1A8
:10EA4000FF2385F8453002F0B9F802F0A9F895F8EF
:10EA500044305CB2002C14DD05F1100603E0631EA7
:10EA6000DAB25CB26AB12B695BB1304601F094FA5C
:10EA70000028F4D001F056FB631EDAB25CB2002A23
:10EA8000F1D1FF2385F84430BDE8704002F096B81C
:10EA900070B568B3C56B0446F5B1026CA2FB0525E1
:10EAA000D5B90E4602F07CF8D4E90F30FF2100FB07
:10EAB00003F32268181A626013440244A563C4E990
:10EAC000023284F8441084F8451046B9236993B99A
:10EAD00002F074F8012070BD02F0B4F9FEE704F111
:10EAE0001000FFF709FF04F12400FFF705FFEFE72F
:10EAF00002F0A8F9FEE704F1100001F04DFA002839
:10EB0000E6D002F041F8E3E770B582B09DF81860F6
:10EB100033B3054650B11C465AB139B15023019365
:10EB2000019B502B0DD002F08DF9FEE702F08AF91F
:10EB3000FEE70029FAD150230193019B502BF2D11B
:10EB40002246C4E90F5101212046226084F8461074
:10EB5000019BFFF79DFF204684F84C6002B070BD1A
:10EB600002F070F9FEE700BFF0B585B00192002811
:10EB700000F0878004460E461D46002961D0022D14
:10EB800002D1E36B012B6FD101F0D8FA00284ED0EF
:10EB900002F006F8A26BE36B9A4258D3022D56D0CE
:10EBA000002007460DE002F009F82046FFF72AFF93
:10EBB00001F01CF901F0F4FFA26BE36B01209A4213
:10EBC00045D3019B002B5FD0002836D001F0F6FF23
:10EBD00001F004F901F0E4FF94F84430FF2B08BF82
:10EBE00084F8447094F84500FF2808BF84F8457005
:10EBF00001F0E4FF01A902A801F05CFA002848D165
:10EC000001F0CEFFA26BE36B9A42CCD101F0D6FFAC
:10EC1000019904F1100001F07FF92046FFF7F2FEA0
:10EC200001F0E4F80028C5D101F0AEFFC2E7019B76
:10EC3000002BADD002F006F9FEE702A801F02EFA93
:10EC4000C4E7036C002B9AD002F0FCF8FEE72A46DA
:10EC500031462046FFF79AFE636A5BB938B901F086
:10EC6000ADFF012005B0F0BD02F0ECF8FEE701F0C9
:10EC70008BFFF4E704F1240001F08EF90028EED0B8
:10EC8000F5E702F0DFF8FEE701F098FF002005B09D
:10EC9000F0BD2046FFF7B6FE01F0A8F8F6E700BF8A
:10ECA00070B582B011B350230193019B502B1AD140
:10ECB0000C46002601210546C4E90F1684F84610CB
:10ECC00020462460019BFFF7E3FE3346324631467F
:10ECD000204684F84C50A6602660E660FFF744FFAB
:10ECE000204602B070BD02F0ADF8FEE702F0AAF8CF
:10ECF000FEE700BFF0B585B0019200286BD0044656
:10ED00000E4600295BD001F019FA00285DD001F011
:10ED100047FFA56B002D61D1019B002B42D002A8BB
:10ED200001F0BCF92F4601F049FF01F057F801F05E
:10ED300037FF94F84430FF2B08BF84F8447094F8F0
:10ED40004530FF2B08BF84F8457001F037FF01A95B
:10ED500002A801F0AFF998B901F022FFA36B33BB11
:10ED600001F02CFF019904F1240001F0D5F82046B0
:10ED7000FFF748FE01F03AF868B901F005FF0AE034
:10ED80002046FFF73FFE01F031F801F009FFA36BC9
:10ED900043B101F013FF01F003FFA56BF5B9019B2F
:10EDA000002BC0D101F00AFF002005B0F0BD01F03A
:10EDB00005FF2046FFF726FE01F018F8EBE7036C8D
:10EDC000002BA0D002F03EF8FEE7019B002B9ED066
:10EDD00002F038F8FEE702F035F8FEE7226C5AB18F
:10EDE000E168A36811449942E16028BF2168304678
:10EDF00028BFE16002F0C8FA013DA56323691BB991
:10EE000001F0DCFE0120D0E704F1100001F0C4F8AD
:10EE10000028F5D001F0B8FEF2E700BFF0B585B0EC
:10EE20000191002878D0036C0446002B3FD101F0FB
:10EE300085F910B9019B002B6BD101F0B1FEA56BD8
:10EE4000002D7AD1019B002B60D002A801F026F999
:10EE50002E462F4601F0B2FE00F0C0FF01F0A0FEEA
:10EE600094F84430FF2B08BF84F8447094F8453080
:10EE7000FF2B08BF84F8457001F0A0FE01A902A88D
:10EE800001F018F9B0B901F08BFEA36B23B301F0C8
:10EE900095FE2046FFF7B6FD00F0A8FF01F080FECA
:10EEA000A56B002D49D1019B002BD3D12EE001F0A1
:10EEB000C9FFFEE72046FFF7A5FD00F097FF01F030
:10EEC0006FFEA36B2BB901F079FEC6B9002005B027
:10EED000F0BD01F073FEE1E701F070FE23681BB3A3
:10EEE000019904F1240001F017F82046FFF78AFD8C
:10EEF00000F07CFF0028D1D101F046FECEE701F002
:10EF00004FFE616A59B9A06801F0B8F901F056FEE8
:10EF1000DCE701F097FFFEE701F094FFFEE7236BCB
:10EF20001968C1F13801EEE701F03AFEA06801F07E
:10EF300015F9064601F042FED2E72368013DA563BC
:10EF400073B123691BB901F039FE0120BFE704F159
:10EF5000100001F021F80028F5D001F015FEF2E7CD
:10EF600001F0DAF9A060ECE738B500B3A1B1124CBA
:10EF70006268234682421DD0A44600221D680132E9
:10EF800008337DB1082A07D05D689C46A842F5D1B8
:10EF900004EBC20CCCE9001038BD5D68A842F7D084
:10EFA00001320833082AF8D1CCE90010F4E701F067
:10EFB00049FFFEE70022EBE75838032070B504460E
:10EFC0000E46154601F0ECFD94F84430FF2B04BFCB
:10EFD000002384F8443094F84530FF2B04BF00230D
:10EFE00084F8453001F0EAFDA36B23B12046BDE86B
:10EFF0007040FFF707BD04F124002A46314600F0B7
:10F000009FFF2046BDE87040FFF7FCBC2DE9F843A8
:10F010001C4683681646A3EB04089045474628BF64
:10F020001746E219934202D201F00CFFFEE70546B3
:10F0300080693A462044894602F0A6F9B0450BD2D1
:10F04000AB68F21B9A4202D901F0FCFEFEE7A86908
:10F0500009EB070102F098F9AB68A019984228BFA4
:10F06000C01ABDE8F88300BF2DE9F0411C460B46ED
:10F0700081681546A1EB04089045474628BF17460E
:10F08000E219914202D201F0DDFEFEE781690646F7
:10F090003A461846214402F077F9A84506D3B368EA
:10F0A0006019984228BFC01ABDE8F081B1693844A0
:10F0B000EA1B02F069F9F2E7F0B51646027F1C463A
:10F0C000D20705460F46036883B006D4B44228BF72
:10F0D00034467CB9204603B0F0BD04220DEB02019A
:10F0E000FFF7C2FF019A034696420CD20024204645
:10F0F00003B0F0BD224639462846FFF7B5FF286029
:10F10000204603B0F0BD1646043CDFE7F0B51646D6
:10F11000027F1C46D20705460F46436883B007D5D9
:10F12000089A0196944211D20024204603B0F0BD03
:10F13000B44228BF3446002CF7D022463946284630
:10F14000FFF764FF6860204603B0F0BD04220DEBBA
:10F150000201FFF75BFF34460346002CE5D0ECE7E5
:10F160002DE9F04182B0CBB11D46089BE3B181424D
:10F1700004460E460FD8002A0CBF4FF002084FF08D
:10F18000030804280DD924230193019F9F420ED028
:10F1900001F058FEFEE701F055FEFEE701F052FED9
:10F1A000FEE701F04FFEFEE701F04CFEFEE70246EF
:10F1B0005521284602F05CF8854202D001F042FE5B
:10F1C000FEE73A460021089802F052F8089B012E0B
:10F1D00038BF012618469D619C6083F81C80DE6064
:10F1E00002B0BDE8F08100BF38B568B1856802683B
:10F1F0000168446803689A42F9D168180138001B15
:10F20000854298BF401B38BD01F01CFEFEE700BFE1
:10F2100008B540B1826843680168D018401A82423C
:10F2200098BF801A08BD01F00DFEFEE72DE9F043FE
:10F2300087B00393002900F084800446002800F082
:10F240008380037F8568DB0717460E4605F1FF3292
:10F250005ED4BA4228BF3A469046039B002B33D077
:10F2600004A800F005FF01F09BFCA1682068256858
:10F27000626823689842F9D10D44013DAD1AA94254
:10F2800098BF6D1AA84565D90021084601F06CFAAF
:10F29000D4F81490B9F1000F5FD100F049FF60611C
:10F2A00001F08CFC039A494600924B464A46484678
:10F2B00001F074F803A904A8C4F8149000F0FAFE51
:10F2C0000028D0D05DB9A5682268216860682368ED
:10F2D0009A42F9D14B1E1B1A5D1938BF1D462B46A9
:10F2E0003A4631462046CDF80080FFF70FFF05462D
:10F2F00050B1A2686368216813445B1A9A4298BFB0
:10F300009B1AE2689A420CD9284607B0BDE8F08300
:10F3100007F1040847451AD242459ED200230393C1
:10F32000D2E700F05BFD236943B100262069334634
:10F3300032463146009601F07DF8266100F056FD18
:10F34000E2E701F07FFDFEE701F07CFDFEE701F062
:10F3500079FDFEE701F032FCB4E701F073FDFEE752
:10F36000F0B583B0002942D00446002842D01F46A1
:10F3700090F81CC0D0F808E00CF0010C02EB8C0CEB
:10F3800025682668636820688542F9D17644013E85
:10F39000F31A9E45204698BFA3EB0E03CDF800C09C
:10F3A000FFF7B4FE054650B1A268636821681344B4
:10F3B0005B1A9A4298BF9B1AE2689A4202D9284681
:10F3C00003B0F0BD01F03EFD236906464BB1206954
:10F3D000019700273B463A463946009701F0AAF8C4
:10F3E0002761304601F03AFD284603B0F0BD01F038
:10F3F00029FDFEE701F026FDFEE700BF2DE9F04301
:10F4000083B0002949D00446002849D0077F0E4622
:10F4100007F0010790469946BF0073B9A368656875
:10F4200022681D44AD1AAB4298BFED1ABD4212D8F6
:10F430000025284603B0BDE8F08301F0B1FBA368C6
:10F44000656822681D44AD1AAB4298BFED1ABD42F3
:10F450001AD901F0B3FB2B46424631462046FFF74E
:10F460002BFE05460028E3D000F0B8FC636943B1E9
:10F4700000266069334632463146009600F0DAFFD6
:10F48000666100F0B3FCD4E70021084601F06CF996
:10F49000256945B101F0D6FCFEE701F0D3FCFEE79B
:10F4A00001F0D0FCFEE700F043FE206101F086FB96
:10F4B0002B462A4629462846CDF8009000F06EFFDC
:10F4C0002561ABE72DE9F041054601F069FB374ABC
:10F4D000374F1368013313603B68002B35D0354C30
:10F4E000EB6A226852B3344E344935480A6805F154
:10F4F000040C01326A640A6002689A4238BF0360F1
:10F5000003EB830306EB830041689B00A960F2587C
:10F51000D1F808E00132C5F80CE0CEF804C0C1F81B
:10F5200008C06861F25001F049FB236823B13A68D2
:10F53000EB6AD26A9A4210D3BDE8F0813A681E4E57
:10F54000D26A9A4298BF3D60CEE73D601368012BB6
:10F5500007D0EB6A184E174CC6E7BDE8F04101F042
:10F5600013BB154E344606F58C6820461434FFF75D
:10F57000C3F94445F9D1DFF86480124C4046FFF7E7
:10F58000BBF92046FFF7B8F90F48FFF7B5F90F4868
:10F59000FFF7B2F90E48FFF7AFF90E4BC3F8008042
:10F5A0000D4B1C60EB6A034C9EE700BFC83803207C
:10F5B0009C3D0320BC3803203C390320AC38032099
:10F5C000C038032014390320F8380320E43803201E
:10F5D000CC380320103903200C39032028390320AC
:10F5E000F8B50446214B224E1D6830680F460430A2
:10F5F000FFF7B8F9631C17D033682D195D600BD283
:10F600001C4B186831680431FFF794F91A4B1A68DB
:10F61000AA4200D91D60F8BD184B18683168BDE8D2
:10F62000F8400431FFF786B96FB933686A1E5A6033
:10F63000002DF1D10F4B186831680431FFF77AF9CA
:10F640000D4B1B68F8BD0E4B31685A6837688A60ED
:10F650003068316835681C68043001341C60946877
:10F660000431FC60606091606B61F8BDC4380320B8
:10F670009C3D032010390320A83803200C390320B7
:10F68000CC3803202DE9F0478A460A9C95000746AE
:10F69000A5212A46206B9846089E01F0E9FDD4F882
:10F6A0003090BAF1000F0FD00AF1FF3C0AF10F01C0
:10F6B00004F1330E1CF8012F0EF8012F0AB18C450E
:10F6C000F8D1002384F84330372E02D901F0BAFB79
:10F6D000FEE7E662E664201DFFF71AF9C6F1380678
:10F6E00004F11800FFF714F94C220021A6612461EF
:10F6F000646204F1580001F0BBFD0B49043D01F1C7
:10F700006803E16509EB0500D03123666166434675
:10F710003A46216B20F0070001F092FA099B206025
:10F7200003B11C60BDE8F087F456032080B51E4D80
:10F73000DFF884801D4E1E4F1E4C2B684BB301F02A
:10F740002FFAD8F80C30D3F80C9009F10400FFF729
:10F7500009F93368013B33602B68013B2B6001F0F2
:10F760002DFA3868583001F08BFD99F8A93033B183
:10F77000012B14D0022BE0D001F064FBFEE7D9F896
:10F78000300001F077FC484601F074FC2B68002B38
:10F79000D5D12368012BD0D901F0F6F9CDE7484641
:10F7A00001F068FCC9E700BFE0380320C838032037
:10F7B0009C3D03203C390320E43803202DE9F04F21
:10F7C000604B83B01C6801341C60002C79D05E4B08
:10F7D0001A6894427CD35D4D2A681268002A00F0B2
:10F7E000AC804FF0000CCDE9004366465848DFF886
:10F7F00074E1584F58E0D3F81490D3E90241A16066
:10F800009C684C60D9F80410914204BFD968C9F8CB
:10F810000410D9F800105E610139C9F80010D3F85E
:10F820002890B9F1000F11D0D3E90741A160DC693C
:10F830004C60D9F80410414504BF196AC9F8041096
:10F84000D9F800109E620139C9F80010D3F82C8055
:10F85000D7F8009008EB880100EB810AC845DAF878
:10F86000049088BFC7F8008050F82180C3F8089042
:10F87000D9F808B008F10108C3F80CB0CBF804209F
:10F88000C9F80820C3F814A040F82180DEF8002051
:10F89000D5F80080D96AD26AD8F80030914288BF82
:10F8A0004CF0010C002B43D02B68009CDB68DB681C
:10F8B00059681A1D8C4203F118089CD2019B1960EB
:10F8C0000BE0224B1A681268DAB101F0BBFAFEE7CE
:10F8D0004FF0000C1E48DFF88CE0DEF800301E4AC6
:10F8E000DB6A03EB83039B00C0581368012898BFB1
:10F8F000002B14BF0120002040EA0C0003B0BDE83B
:10F90000F08F164A186811681960154910600A6866
:10F9100001320A601A68126822B94FF0FF320A4BAE
:10F920001A6055E71A68084BD26812681A604FE7E8
:10F93000019B4FF0FF321A60CFE794460448DFF88E
:10F9400024E0F6E7C4380320A83803201039032048
:10F950003C390320C0380320B43803200C3903207D
:10F96000B03803209C3D03202DE9F04F4E4C83B06E
:10F9700001F016F92368013B23602668002E40F051
:10F9800083804A4B1B68002B7ED0494D2B68002B8F
:10F9900000F08680474F4848DFF82CC1DFF82C8103
:10F9A0000196EB68DB681A6ADE69996AB260DE6903
:10F9B00003F1180E56604A68019E724504BF1A6A28
:10F9C0004A600A689E62013A0A60D9689E685A696C
:10F9D000B1609E6803F1040E4E605168714504BF2A
:10F9E000D9685160116801391160DA6AD7F800905E
:10F9F00002EB820100EB810A4A45DAF8049088BFE5
:10FA00003A6050F82120C3F80890D9F808B00132C4
:10FA1000C3F80CB0CBF804E0C9F808E0C3F814A0B0
:10FA200040F82120DCF80010DA6ACB6A9A4284BFE1
:10FA30000123C8F800302B68002BB2D11F4B1A6885
:10FA4000126842B31A681E4BD26812681A601D4EC3
:10FA5000356895B1012706E0FFF7B0FE08B1C8F898
:10FA60000070013D08D02368002BF5D03368013DBC
:10FA700003F101033360F6D13560D8F800301BB1D3
:10FA800001F082F8012400E0002401F097F82046FC
:10FA900003B0BDE8F08F4FF0FF32094B1A60D6E794
:10FAA000DFF82880D3E700BFA0380320C838032040
:10FAB000F8380320C03803203C39032010390320D4
:10FAC000A8380320B83803209C3D0320B438032015
:10FAD0002DE9F04188B0DDE90F573DB34FB316462D
:10FAE000AC220792079AAC2A02D001F0ABF9FEE7EC
:10FAF00004468846384607990021059301F0B8FB73
:10FB000020460E9C3D6300940224029787F8A9408A
:10FB100006AC32464146059B0194FFF7B3FD3846DB
:10FB2000FFF7D0FC069808B0BDE8F08101F08AF933
:10FB3000FEE701F087F9FEE72DE9F043064685B0C0
:10FB4000900015460F46984601F00CFA08B304469B
:10FB5000AC2001F007FA8146C0B1AC22002101F0CF
:10FB600087FBC9F830400D9C434601940C9C2A4603
:10FB700039463046CDF808900094FFF783FD48469B
:10FB8000FFF7A0FC012005B0BDE8F083204601F09E
:10FB900071FA4FF0FF3005B0BDE8F08370B5044650
:10FBA000304D00F0FDFF002C42D0261D3046FEF700
:10FBB000D9FEA36A1BB104F11800FEF7D3FE2A4A4E
:10FBC0001368013313602B68A34228D0274A2849C1
:10FBD0001368013B13600B681B68DBB10A68254B97
:10FBE000D26812681A6000F0E9FF2B68A3420AD0BD
:10FBF0002868583001F044FB94F8A9301BB3012B5E
:10FC000028D0022B16D11C4B1B6813B12B68A342C2
:10FC100013D070BD4FF0FF32164B1A60E3E7314648
:10FC20001648FEF779FE164A136801331360DAE7C7
:10FC30002C68BAE701F006F9FEE7124B1B686BB1BE
:10FC400001F000F9FEE7206B01F014FA204601F004
:10FC500011FAD8E7204601F00DFAD4E7BDE870406C
:10FC600000F092BF9C3D0320AC380320C83803202D
:10FC700010390320A8380320BC380320E4380320BF
:10FC8000E0380320A038032038B578B3D1B11A4C3E
:10FC900023682BBB236801332360184B02681D685F
:10FCA00053182CBF01210021AA420ED8D9B10360FC
:10FCB0000021581BFFF794FC236801255BB901F074
:10FCC000C1F8FEE701F0BEF8FEE761B90360236802
:10FCD0000025002BF3D0FFF747FE50B1284638BD72
:10FCE00001F0B0F8FEE79D42E1D3EFE701F0AAF89A
:10FCF000FEE700F049FFF1E7A0380320C4380320F5
:10FD0000C0B110B50C4C216811B101F09BF8FEE7B1
:10FD1000236801332360FFF763FC23681BB1FFF7FF
:10FD200023FE18B110BD01F08DF8FEE7BDE81040CC
:10FD300000F02ABF00F028BFA038032030B500240F
:10FD400089B007AA06A905A8CDE90544FEF7B8FDC4
:10FD5000DDE905231849CDE9013218482346079A01
:10FD60000094FFF7B5FE164B186030B100F0B4FEFA
:10FD70000128054608D0013503D0124B1B6809B095
:10FD800030BD01F05FF8FEE701F05CF84FF0FF30A6
:10FD90000D4B0E4A1B680E49583313600D4A0E4B2B
:10FDA000086015601C60F0F73DFD00F085FF054B15
:10FDB0001B6809B030BD00BF401601082DF70008D0
:10FDC000A43803205C1F01089C3D0320240103206C
:10FDD000A8380320BC380320C4380320024A136823
:10FDE00001331360704700BFA038032008B5054BEE
:10FDF0001B6813B901F026F8FEE7BDE80840FFF7DD
:10FE0000B3BD00BFA0380320014B1868704700BF86
:10FE1000C4380320054B1B680BB9FFF7CFBC044A5D
:10FE20000020136801331360704700BFA03803201F
:10FE3000B8380320304B1B681BB101222F4B1A60CE
:10FE400070472E4A70B51360F0F7F6FC2C4B2D4A24
:10FE50001860156819682C4CA94205D91E682068DD
:10FE6000416D491B314441651968236811601B6B62
:10FE70001A68B2F1A53F07D15A68B2F1A53F03D184
:10FE80009A68B2F1A53F32D0206821683431F0F78A
:10FE9000DFF91E4D1E492B6803EB830292008A583E
:10FEA000980042B903B3013B03EB830251F82220CF
:10FEB0009800002AF6D0184401EB800C6246DCF86A
:10FEC0000410083249689142CCF8041008BFDCF8ED
:10FED0000C10104A08BFCCF80410C96821602B60D0
:10FEE00023685833136070BD00F0ACFFFEE7DB6899
:10FEF000B3F1A53FC8D1CCE7A0380320B438032024
:10FF0000983803209C3803209C3D0320C0380320F0
:10FF10003C3903202401032010B558B10C46074B8F
:10FF200019681831FEF706FD2046BDE81040012192
:10FF3000FFF756BB00F086FFFEE700BF9C3D0320A5
:10FF4000F8B5034610B3134C5D680846002A114605
:10FF50002268D4F800E0D56126682268D4F800C091
:10FF600002F118041A68AF6806F1180602F10102DE
:10FF7000CEF8207018BF4FF0FF307E60AC60CCF838
:10FF800028301A60BDE8F840FFF72ABB00F05AFF9E
:10FF9000FEE700BF9C3D0320C36870B5DB68002B03
:10FFA00057D0D3E907019A6A8160DD6954684D60D2
:10FFB000002503F11800844208BF196A264C08BFC7
:10FFC000516011689D62013911602268AAB1234A0B
:10FFD0005468DC61A168196248601168A060013151
:10FFE0009A6211601E49DA6A0B68DB6A9A422ED95E
:10FFF00001231C4A1846136070BD5A69D3E90201F7
:020000040801F1
:1000000081609C6850681D1D4C60A84208BFD9687B
:10001000154808BF5160116801391160DA6A01683A
:100020008A42124988BF026002EB82024FEA820CC8
:1000300001EB8202546851F80C009C60A668013004
:10004000DE607560A5605A6141F80C00CAE70020C7
:1000500070BD00F0F7FEFEE7A0380320F83803205B
:100060009C3D0320B4380320C03803203C390320D2
:1000700010B560B1044600F093FD064A064B1268C5
:100080001B68C4E90023BDE8104000F097BD00F0F4
:10009000D9FEFEE7B0380320C4380320034A044BDE
:1000A00012681B68C0E90023704700BFB038032006
:1000B000C4380320F8B568B30D4641B3044600F0D8
:1000C0006FFD2B68154A581C11681BD0D4E90060DD
:1000D000DFF84CC0DCF80070BE4208D0884206D879
:1000E000002301242B6000F069FD2046F8BD0F1AA3
:1000F000BB42F5D95B1ADCF80010126803442B6090
:10010000C4E90012002400F059FD2046F8BD00F0BB
:1001100099FEFEE700F096FEFEE700BFC43803201C
:10012000B03803200122014B1A607047B438032015
:10013000014B1868704700BF9C3D0320054B1B68AE
:1001400033B1054B1868B0FA80F0400940007047A1
:1001500001207047BC380320A0380320F8B50446BE
:10016000C8B11F4DC36A2A68D26A934214D2826909
:10017000002A04DB2A68D26AC2F138028261194E71
:10018000626903EB830306EB83039A420CD02B686E
:10019000DB6AE3620120F8BD2B68C06CDB6A984221
:1001A0002CBF00200120F8BD271D3846FEF7DAFBE2
:1001B0002B680D4ADB6A1168E3628B4288BF1360CB
:1001C00003EB8303980006EB830359683258A16060
:1001D0008D680132E5606F608F6063613250D9E7EE
:1001E0009C3D03203C390320C038032098B1204BAC
:1001F00070B51B680446834202D000F023FEFEE780
:100200001B6D53B1C16AC26C013B9142036500D0C2
:1002100033B1002070BD0020704700F013FEFEE7F0
:10022000051D2846FEF79EFBE36C124AC3F1380019
:10023000A06101201168E3628B4288BF13600E4AFF
:1002400003EB83034FEA830E02EB8303D3F804C06E
:1002500052F80E10C4F808C0DCF808600144E660EB
:100260007560CCF80850636142F80E1070BD00BF95
:100270009C3D0320C03803203C39032080B1036D2E
:1002800070B504464BB1C06CE26A814238BF01468A
:100290008A4201D0012B04D070BD00F0D3FDFEE7EF
:1002A00070471A4B1B68A3422CD0A369E162002B54
:1002B000A8BFC1F13801164DA8BFA16102EB8202AF
:1002C000616905EB82039942E6D1261D3046FEF7AF
:1002D00049FB104AE36A11688B4288BF136003EB45
:1002E0008303980005EB830359682A58A160D1F86D
:1002F00008C00132C4F80CC0CCF804608E606361A1
:100300002A5070BD00F09EFDFEE700BF9C3D03201B
:100310003C390320C0380320044B1A681AB119680D
:100320000A6D01320A651868704700BF9C3D0320C2
:1003300070B510B100F086FDFEE7174D0E4614466D
:1003400000F02EFC2B68D3F8A43023B901212B68D0
:1003500083F8A810CCB900F031FC00F021FC2B6828
:10036000D3F8A44024B15EB100222B68C3F8A420C6
:1003700000222B6883F8A82000F020FC204670BDE6
:100380002B68621EC3F8A420F2E72046FFF728F985
:1003900000F0FAFBDFE700BF9C3D0320F8B510B189
:1003A00000F050FDFEE7224E1D460C46174600F0B9
:1003B000F7FB336893F8A830022B0CD00121326888
:1003C000D2F8A43023EA0403C2F8A430336883F8D7
:1003D000A810069BFBB900F0F1FB00F0E1FB1DB19A
:1003E0003368D3F8A4302B60336893F8A830022B1D
:1003F00008D000240022336883F8A82000F0DEFB38
:100400002046F8BD32680124D2F8A43023EA07035D
:10041000C2F8A430EEE71846FFF7E2F800F0B4FBAC
:1004200000F0CCFB00F0BCFB002DD9D1DCE700BF15
:100430009C3D032070B531BB0446B0B11D46164645
:1004400000F0AEFB049B1BB1D4F8A430049A1360F7
:10045000022294F8A83084F8A820DBB2042D5AD8E0
:10046000DFE805F00A1A1408060000F0EBFCFEE7CE
:10047000022B4ED0C4F8A460012B13D0012400F04D
:100480009DFB204670BD00F0DDFCFEE7D4F8A42003
:100490000132C4F8A420EFE7D4F8A4203243C4F812
:1004A000A420E9E76369D4E902128A60A068596868
:1004B000251D5060A94208BFE2681A4908BF5A606A
:1004C0001A68013A1A60E36A0A689342164A88BFBA
:1004D0000B6003EB83039E0002EB83035868915982
:1004E000A060D0F808C00131C4F80CC0CCF80450AA
:1004F00085606361A36A915113B100F0A3FCFEE72C
:100500000A4BE26A1B68DB6A9A42B7D900F03CFBEF
:10051000B4E70024B3E7064A1268002AACD000F022
:1005200091FCFEE7C03803203C3903209C3D0320AA
:10053000C438032070B5A0B3C9B91D460446164699
:1005400000F02AFC00F07EFC049B1BB1D4F8A43020
:10055000049A1360022294F8A83084F8A820DBB231
:10056000042D72D8DFE805F00A171108060000F024
:1005700069FCFEE7022B66D0C4F8A460012B13D0FF
:10058000012400F06BFC204670BDD4F8A420013299
:10059000C4F8A420F2E7D4F8A4203243C4F8A4207D
:1005A000ECE700F04FFCFEE7A36A13B100F04AFC51
:1005B000FEE7294B1B68DBB1284B5A681968E261DA
:1005C00095680131196004F1180125626960916034
:1005D000A362234BE26A1B68DB6A9A42D0D9059B6F
:1005E00013B10123059A136001221E4B1A60C7E75D
:1005F0006369D4E902128A60A168261D51605A68B5
:10060000B24204BFE2685A601A68013A1A60164A98
:10061000E36A11688B4288BF1360144A03EB8303BB
:1006200002EB830CDCF804509B00D158A560D5F890
:1006300008E00131C4F80CE0CEF80460AE60C4F804
:1006400014C0D150C5E700249BE7094A1268002A6C
:1006500094D000F0F7FBFEE7A0380320F838032021
:100660009C3D0320B4380320C03803203C390320CC
:10067000C4380320F8B500283BD0B9B90446154664
:1006800000F08AFB00F0DEFB022394F8A82084F837
:10069000A830D4F8A430012A03F10103C4F8A4302F
:1006A00023D1A36A2BB100F0CDFBFEE700F0CAFB1B
:1006B000FEE7274B1B68FBB1264B5A681968E261BD
:1006C00096680131196004F1180126627160916029
:1006D000A362214BE26A1B68DB6A9A4205D90DB11D
:1006E00001232B6001221D4B1A60BDE8F84000F089
:1006F000B5BB00F0A7FBFEE76369D4E902128A608C
:10070000A16804F1040E51605A68724504BFE268A2
:100710005A601A68013A1A60114AE36A11688B42FA
:1007200088BF13600F4A03EB83039E0002EB830331
:10073000D3F804C09159C4F808C0DCF8087001313E
:10074000E760C7F804E0CCF808E063619151C0E7C6
:10075000A0380320F83803209C3D0320B438032040
:10076000C03803203C39032038B599B9044670B12C
:1007700000F016FA94F8A830022B05BF00230125DB
:10078000002584F8A83000F019FA284638BD034B3C
:100790001C68EDE700F056FBFEE700BF9C3D032020
:1007A000F0B5124C83B000F0FBF9256825B103B019
:1007B000BDE8F04000F002BA0D4E0E4F3046FEF795
:1007C0009BF83846FEF798F80B490C4B00950A2029
:1007D0001F600E600A4B10210A4AFEF795F920604F
:1007E0000028E4D00849FEF7BFFBE0E7983E03206D
:1007F000B83E0320A43E0320A03E03209C3E0320DD
:10080000A03D0320F03D0320481601082DE9F047E4
:10081000DFF884900546D9F800300F46DB68DC68C5
:1008200004F104084046FEF79DF894F828305A0772
:100830000ED423F0010384F828302046236ABDE853
:10084000F047184793421BD82046236A98473546FD
:10085000A3697A1BEE182CBF01210021B742666004
:100860002461EFD2AF4201D20029EDD0D9F80000C7
:100870004146FEF75FF82046236ABDE8F047184777
:10088000044B41461868FEF755F82046236ABDE838
:10089000F04718479C3E0320A03E03202DE9F04777
:1008A000894D8A4E8A4F8B4C84B02B68D3F80090C8
:1008B000B9F1000F40F0D480FFF790FAFFF7A4FAE7
:1008C0003368804698423DD33B6830601A68B2FA7C
:1008D00082F252092068A9EB0801FEF76FFBFFF7CF
:1008E00085FA002800F0CD80002269462068FEF7D6
:1008F00001FA0028D9D0009B0298002BC0F2A880F2
:10090000DDF80880D8F814301BB108F10400FEF7B8
:1009100029F8FFF779FA33688146984224D3009B7F
:10092000C6F80090013B082BDED8DFE803F0252550
:100930008169882525816900DB684FF0FF311868DF
:10094000FFF764FF2B681A68002AF5D13A68C6F8E9
:1009500000802A603B60FFF749FAC5E7DB684FF08B
:10096000FF311868FFF752FF2B681A68002AF5D18B
:100970003A683B602A60D2E798F82810019AD8F8C4
:10098000180041F0010C131888F828C02CBF4FF054
:10099000010C4FF0000C4B45C8F80430C8F810802B
:1009A00072D8A9EB020290423CD84A0711D421F038
:1009B000010188F828104046D8F82030984793E77E
:1009C000904277D84046D8F8203098475346D8F818
:1009D000180010EB030A2CBF01210021D145A9EB1F
:1009E0000302C8F804A0C8F81080E9D2994501D2E2
:1009F0000029E7D0286808F10401FDF79BFFDAE73A
:100A000098F82820019B42F0010288F82820C8F8B5
:100A10001830002B54D04B444B45C8F80430C8F86C
:100A2000108036D8386808F10401FDF783FF5BE7D2
:100A300098F8283023F0010388F8283054E798F814
:100A400028309A0732D523F0010388F828304BE785
:100A5000019B03999847009B002BFFF645AF4FE79A
:100A6000DB68D3F80090FFF7B9F9FFF7CDF93368E9
:100A700080469842FFF466AF814530600FD900226E
:100A800028E700F081F82FE74A4502D9BCF1000FB2
:100A90008BD0286808F10401FDF74CFF24E7FFF72D
:100AA000A5F941464846FFF7B1FE1DE7404600F074
:100AB000E1FA19E7386808F10401FDF73BFF7AE72E
:100AC00000F0C0F9FEE700BFA03E0320903E0320E7
:100AD0009C3E0320983E032010B588B0FFF760FECF
:100AE0000F4B1B68CBB1002407AA06A905A8CDE9C6
:100AF0000544FDF7F3FE02222346059C0092029472
:100B0000069C08490848079A0194FEF7E1FF074B45
:100B1000186010B1012008B010BD00F093F9FEE795
:100B2000983E0320501601089D080108943E0320BA
:100B3000002200B5074B83B001921B68013302D03D
:100B400000F080F9FEE700F07DF9019B002BFCD05E
:100B500003B000BD200103204FF0E0220023072056
:100B600010B4074C13619361236806495DF8044B88
:100B7000A1FB03139B09013B53611061704700BF48
:100B8000F4000320D34D62104FF0E0234FF0805269
:100B9000C3F8042DBFF34F8FBFF36F8F704700BFB3
:100BA00008B500F04FF9044A136801331360BFF32E
:100BB0004F8FBFF36F8F08BD2001032008B5084B8E
:100BC0001A684AB11A68013A1A60186800B108BD7B
:100BD000BDE8084000F042B900F034F9FEE700BF7C
:100BE0002001032010B500F02DF90446FFF712F99B
:100BF00028B14FF0E0234FF08052C3F8042D204677
:100C0000BDE8104000F02AB908B5836913F8023C2A
:100C1000662B02D000F016F9FEE74FF0E023D3F880
:100C2000882D42F47002C3F8882DD3F8342F42F097
:100C30004042C3F8342FBDE8084000F0D1B800BFEF
:100C40002DE9F04F4FF0113E4FF0807440E909E379
:100C50004FF0073340F8044C164C40F8343C40E960
:100C600003424FF005334FF006324FF0123B40E99C
:100C70000F324FF0033A4FF002394FF001384FF086
:100C800010374FF009364FF008354FF004346FF04D
:100C9000430340E905AB40E9078940E90B6740F8A9
:100CA000305C40F8404C40F8443C40F8481DBDE8FA
:100CB000F08F00BF310B010800204FF0E0234FF010
:100CC0007F4130B585B00290D3F81C0D2F4A0190BA
:100CD000C3F81C1DD3F81C3D1B0E8DF803309DF886
:100CE000033003F0A0031370002B41D09DF80330B4
:100CF000DB4313F0A00F0BD000F0A4F8FEE7029B3B
:100D0000013302939DF803305B00DBB28DF80330B2
:100D10009DF803301B06F2D4029B082B2BD0029ABD
:100D2000C2F10702120202F4E0624FF0E023002554
:100D300001991748174C0260C3F81C1DD3F8202DE9
:100D400042F47F02C3F8202DD3F8202D42F07F42D9
:100D5000C3F8202DFFF700FF256000F061F8FFF7D2
:100D600069F803952368013307D000F06BF8FEE7BC
:100D700000F068F8FEE70022D7E700F063F8039B75
:100D8000002BFCD0002005B030BD00BFD03E0320BA
:100D9000CC3E03202001032008B5EFF305830F2B81
:100DA00005D90B490B4A5B5C12789A420DD84FF07B
:100DB000E023094AD3F80C3D126803F4E063934240
:100DC00000D808BD00F03EF8FEE700F03BF8FEE773
:100DD000F0E300E0D03E0320CC3E03200000000002
:100DE0000B4A1168086806C881F30B88022181F359
:100DF0001488203080F30988BFF36F8F4FF0000014
:100E000080F31188104700BFAFF30080AFF300807C
:100E10009C3D0320000000000000000000000000D6
:100E200007480068006880F3088862B661B6BFF3BF
:100E30004F8FBFF36F8F66DF00BF00BFAFF300803F
:100E400008ED00E0EFF311804FF0A00181F311886D
:100E5000BFF34F8FBFF36F8F704700BF80F31188D0
:100E6000BFF34F8FBFF36F8F704700BF00000000CC
:100E7000EFF309801EF0100F08BF20ED108AEFF38A
:100E80000B82734620E9FC0F114A116808604FF08D
:100E9000A00080F31188BFF34F8FBFF36F8FFEF771
:100EA000C9FF4FF0000080F31188094A11680868F3
:100EB000B0E8FC0F13F0100F08BFB0EC108A82F3FB
:100EC0000B8880F309881847AFF30080AFF30080E8
:100ED0009C3D032000000000000000000000000016
:100EE0001EF0040F0CBFEFF30880EFF309800449F4
:100EF000084700BFAFF30080AFF30080AFF300807E
:100F0000090C010810B4154B1A461B688342FBD329
:100F10005468416802EB040C604513D04418A342A6
:100F200006D00360824218BF10605DF8044B704722
:100F30000B4C2468A342F4D0D3E90034214403606D
:100F40004160EFE72144501883425160EDD10448DD
:100F500000688342E9D01046EEE700BFE83E032078
:100F6000E43E0320F8B53D4E0446FEF737FF3368F4
:100F7000002B52D0631E0A332ED814F0070304F15D
:100F8000080121D1002927DB354F3D688D4223D34D
:100F9000344B18461C6803E0236823B120461C46E6
:100FA00062688A42F8D33368A34215D02368066882
:100FB0000360531A102B06F1080617D96018420770
:100FC0000FD0FFF73FFFFEE7A3F109028A4203D3E8
:100FD0001034E11A0029D7DCFEF708FF002630465E
:100FE000F8BD43606160FFF78DFF626800201E4B13
:100FF000AD1A196842F000428D421C4938BF1D608D
:101000000B686260013320600B603D60FEF7EEFE0E
:101010007307E4D0FFF716FFFEE7154A510719D012
:10102000D11D21F0070102F5C052531A0A460020D3
:101030000B44083B23F007030A4D9A1AC5E9001038
:101040003360C3E90000C1E900320749044B0A607C
:101050001A608FE711464FF4C053E8E7E43E0320DF
:10106000E03E0320E83E0320DC3E0320D83E032080
:10107000F03E032070B150F8043C10B5002B04463C
:1010800005DA50F8082C32B1FFF7DCFEFEE7FFF777
:10109000D9FEFEE7704723F0004340F8043CFEF71A
:1010A0009DFE094A54F8043C1168A4F108000B4461
:1010B0001360FFF727FFBDE81040044A13680133AF
:1010C0001360FEF793BE00BFE03E0320D43E032032
:1010D00038B50446D0F8D80204F52675294600F242
:1010E000AA20FDF7D1FA2946D4F8D802BDE8384045
:1010F000FCF732BF01EB810300EBC303D3F864219B
:10110000D0F8D802FCF760BF01EB810300EBC3030A
:101110005A6AD0F8D802FCF78BBF00BFD0F8D802CB
:10112000FDF72AB810B543790446022B01D0EFF73A
:101130007FFFD4F8D8020121FDF702F8D4F8D802D5
:10114000BDE81040FCF7D0BF10B50446D0F8D80277
:10115000FCF7FAFF637A23B1024A136943F00603EE
:10116000136110BD00ED00E010B5437A04462BB9C1
:10117000D4F8D802BDE81040FCF7F2BF064A136964
:1011800023F006031361EFF75FFBD4F8D802BDE844
:101190001040FCF7E5BF00BF00ED00E0944608B545
:1011A0001A46D0F8CC026346F8F77CFE18B1022844
:1011B0000CBF0120032008BD08B5D0F8CC02F8F719
:1011C000DDFE18B102280CBF0120032008BD00BFBE
:1011D00008B5D0F8CC02F8F709FF18B102280CBF07
:1011E0000120032008BD00BF0A06D0F8CC3206D487
:1011F00001EB810103EBC10393F85201704701F049
:101200007F0101EB810103EBC103987C704700BFB4
:1012100008B5D0F8CC02F8F731FE18B102280CBF9F
:101220000120032008BD00BF08B5D0F8CC02F8F7B4
:1012300089FE18B102280CBF0120032008BD00BFA1
:1012400008B5D0F8CC02F8F765FE18B102280CBF3B
:101250000120032008BD00BF014800F093B800BF83
:101260002C580320014800F08EB800BF2C580320F2
:1012700002440346934200D1704703F8011BF9E78B
:101280002D4B1B68834270B5044653D0C3691BB312
:10129000DB6863B10025E369DB685959B1B90435EE
:1012A000802DF8D1E3692046D96800F07BF8E36926
:1012B000196811B1204600F075F8E3699D685DB1C9
:1012C000294620462D6800F06DF8F8E70E682046A4
:1012D00000F068F83146E1E7616911B1204600F09D
:1012E00061F8E16911B1204600F05CF8216B11B1A1
:1012F000204600F057F8616B11B1204600F052F81B
:10130000A16B11B1204600F04DF8A16C11B120463F
:1013100000F048F8616C11B1204600F043F8E16A32
:1013200011B1204600F03EF8236A1BB12046BDE80B
:101330007040184770BD00BF2401032070B50D4BED
:1013400000260D4D5B1B9C10A64209D10B4D00F0F1
:1013500073F80B4B00265B1B9C10A64205D170BD99
:1013600055F8043B01369847EEE755F8043B013643
:101370009847F2E7681F0108681F0108681F010805
:101380006C1F0108704770470A44431E914200D108
:10139000704710B511F8014B914203F8014FF9D194
:1013A00010BD000038B50546002941D051F8043C75
:1013B0000C1F002BB8BFE418FFF74EFF1D4A13683F
:1013C00033B9636014602846BDE83840FFF74ABF70
:1013D000A34208D9206821188B4201BF19685B68B5
:1013E00009182160EDE71A465B680BB1A342FAD9F0
:1013F00011685018A0420BD12068014450181160A8
:101400008342E0D118685B68084453601060DAE7F3
:1014100002D90C232B60D6E7206821188B4202BF2B
:1014200019685B680918636008BF21605460CAE7E7
:1014300038BD00BFF0560320F8B500BFF8BC08BCAB
:101440009E467047F8B500BFF8BC08BC9E46704782
:081450005FF800F075010320B4
:1014580052414D4E5F54785461736B320000000066
:1014680052414D4E5F52785461736B320000000058
:1014780052414D4E5F53656E645553420000000063
:1014880052414D4E5F4469616754580052414D4E78
:101498005F4469616752580052414D4E5F45727210
:1014A8006F725461736B000052414D4E5F5065720C
:1014B800696F64696300000052414D4E5F53656E69
:1014C8006443414E0000000052414D4E5F52656337
:1014D8006569766543414E0052414D4E5F526563E2
:1014E8006569766555534200666C61677B43414E7A
:1014F8005F46495253545F4D4553534147457D001C
:10150800666C61677B43414E5F5254525F414E5354
:101518005745527D0000000047495645464C414713
:1015280000000000666C61677B43414E5F464C419A
:10153800475F4745547D0000666C61677B43414EB9
:101548005F42494E4152595F414E414C59534953AC
:101558007D000000666C61677B4F4E455F42595FB6
:101568004F4E457D00000000666C61677B494E5F09
:1015780043414E5F464C4147537D0000666C6167AE
:101588007B494E5F43414E5F54494D494E477D006C
:1015980043414C4942524154494F4E20494430003E
:1015A800454355442D426F6479000000666C6167BD
:1015B8007B5544535F444154415F524541447D004B
:1015C800666C61677B41555448454E5449434154C4
:1015D80045447D00666C61677B5544535F454E55B5
:1015E8004D45524154494F4E7D00000053657020CF
:1015F800203420323032360030313A31313A313409
:101608000000000052414D4E00000000666C61670A
:101618007B524541445F4D454D4F52597D00000076
:10162800666C61677B48494444454E5F5345525652
:101638004943457D0000000049444C450000000036
:10164800546D725100000000546D7220537663008F
:10165800581401080000000000000000000000000D
:1016680000000000000400002A0000000000000044
:1016780000000000681401080000000000000000DD
:101688000000000000000000000800002900000021
:1016980000000000000000007814010800000000AD
:1016A800000000000000000000000000000400002E
:1016B800300000000000000000000000881401084D
:1016C80000000000AC030320AC0000005804032015
:1016D800000400000F0000000000000000000000EF
:1016E80094140108000000005C080320AC0000000E
:1016F800080903200004000010000000000000009A
:1017080000000000A0140108000000000C0D0320D8
:10171800AC000000B80D03200004000031000000F8
:101728000000000000000000B014010800000000E4
:10173800BC110320AC000000681203200004000064
:10174800200000000000000000000000C014010894
:10175800000000006C160320AC00000018170320DE
:101768000004000028000000000000000000000045
:10177800D0140108000000001C1B0320AC0000006E
:10178800C81B03200004000018000000000000002F
:1017980000000000E0140108000000000000000044
:1017A8000000000000000000000400001800000015
:1017B800000000000000000000010100010100001D
:1017C8007D120008F1100008B51200080D1100087C
:1017D800E11200083D1100084D16000879160008AE
:1017E800F912000855110008111300086D110008BE
:1017F8002913000885110008551300080D15000865
:1018080000000000251500086D130008AD11000840
:1018180091130008BD110008A5130008C91100089C
:10182800D9130008ED110008FD130008FD11000888
:101838001D1400083D1500084D140008D1150008B6
:1018480099140008691500080D12000829120008EB
:10185800A91600086D170008C51600089917000892
:10186800E1160008C5170008FD160008F117000862
:10187800191700081D18000835170008491800082E
:10188800D5100008D9100008000000005512000803
:10189800251600081516000829160008191600084C
:1018A800DD100008E5100008511700087518000839
:1018B8002D1600081D16000831160008211600080C
:1018C800391600084116000835160008CD1500081D
:1018D800FECA77000000000024004300D301A701DE
:1018E8005001E307DF07560503075604720757043C
:1018F8005804000000000000963007772C610EEEB7
:10190800BA51099919C46D078FF46A7035A563E94E
:10191800A395649E3288DB0EA4B8DC791EE9D5E075
:1019280088D9D2972B4CB609BD7CB17E072DB8E774
:10193800911DBF906410B71DF220B06A4871B9F3C9
:10194800DE41BE847DD4DA1AEBE4DD6D51B5D4F402
:10195800C785D38356986C13C0A86B647AF962FD67
:10196800ECC9658A4F5C0114D96C0663633D0FFAB4
:10197800F50D088DC8206E3B5E10694CE44160D5BA
:10198800727167A2D1E4033C47D4044BFD850DD2A4
:101998006BB50AA5FAA8B5356C98B242D6C9BBDBB7
:1019A80040F9BCACE36CD832755CDF45CF0DD6DCB2
:1019B800593DD1ABAC30D9263A00DE518051D7C859
:1019C8001661D0BFB5F4B42123C4B3569995BACFE4
:1019D8000FA5BDB89EB802280888055FB2D90CC605
:1019E80024E90BB1877C6F2F114C6858AB1D61C17E
:1019F8003D2D66B69041DC760671DB01BC20D2989D
:101A08002A10D5EF8985B1711FB5B606A5E4BF9F29
:101A180033D4B8E8A2C9077834F9000F8EA809961C
:101A280018980EE1BB0D6A7F2D3D6D08976C649187
:101A3800015C63E6F4516B6B62616C1CD8306585A0
:101A48004E0062F2ED95066C7BA5011BC1F408827D
:101A580057C40FF5C6D9B06550E9B712EAB8BE8BBE
:101A68007C88B9FCDF1DDD62492DDA15F37CD38C47
:101A7800654CD4FB5861B24DCE51B53A7400BCA345
:101A8800E230BBD441A5DF4AD795D83D6DC4D1A477
:101A9800FBF4D6D36AE96943FCD96E34468867AD4E
:101AA800D0B860DA732D0444E51D03335F4C0AAAED
:101AB800C97C0DDD3C710550AA41022710100BBEF0
:101AC80086200CC925B56857B3856F2009D466B937
:101AD8009FE461CE0EF9DE5E98C9D9292298D0B06C
:101AE800B4A8D7C7173DB359810DB42E3B5CBDB719
:101AF800AD6CBAC02083B8EDB6B3BF9A0CE2B6039A
:101B08009AD2B1743947D5EAAF77D29D1526DB044E
:101B18008316DC73120B63E3843B64943E6A6D0D99
:101B2800A85A6A7A0BCF0EE49DFF099327AE000AE4
:101B3800B19E077D44930FF0D2A3088768F2011E77
:101B4800FEC206695D5762F7CB67658071366C190E
:101B5800E7066B6E761BD4FEE02BD3895A7ADA102F
:101B6800CC4ADD676FDFB9F9F9EFBE8E43BEB71710
:101B7800D58EB060E8A3D6D67E93D1A1C4C2D8389A
:101B880052F2DF4FF167BBD16757BCA6DD06B53F00
:101B98004B36B248DA2B0DD84C1B0AAFF64A03363F
:101BA800607A0441C3EF60DF55DF67A8EF8E6E31BE
:101BB80079BE69468CB361CB1A8366BCA0D26F2507
:101BC80036E2685295770CCC03470BBBB916022254
:101BD8002F260555BE3BBAC5280BBDB2925AB42B69
:101BE800046AB35CA7FFD7C231CFD0B58B9ED92C7E
:101BF8001DAEDE5BB0C2649B26F263EC9CA36A75E3
:101C08000A936D02A906099C3F360EEB8567077299
:101C180013570005824ABF95147AB8E2AE2BB17B00
:101C2800381BB60C9B8ED2920DBED5E5B7EFDC7C87
:101C380021DFDB0BD4D2D38642E2D4F1F8B3DD68DE
:101C48006E83DA1FCD16BE815B26B9F6E177B06FD9
:101C58007747B718E65A0888706A0FFFCA3B0666C6
:101C68005C0B0111FF9E658F69AE62F8D3FF6B6153
:101C780045CF6C1678E20AA0EED20DD75483044EF5
:101C8800C2B30339612667A7F71660D04D47694983
:101C9800DB776E3E4A6AD1AEDC5AD6D9660BDF4096
:101CA800F03BD83753AEBCA9C59EBBDE7FCFB24749
:101CB800E9FFB5301CF2BDBD8AC2BACA3093B3532E
:101CC800A6A3B4240536D0BA9306D7CD2957DE5437
:101CD800BF67D9232E7A66B3B84A61C4021B685D10
:101CE800942B6F2A37BE0BB4A18E0CC31BDF055A89
:101CF8008DEF022D52414D4E2A4543555F442A30FF
:101D08003030342A554E4954342A000010021A0043
:101D18001F600004C81701084C1E010802000000DB
:101D2800441D010810000100501801088C1E01080C
:101D380002000000C41D01081100000001F00000AD
:101D480001000000000400000000000003F0000093
:101D580003000000000000000200000004F0000082
:101D68000400000009F000000600000005F0000073
:101D7800080000000001000007000000FAFE000053
:101D88000D000000F1FE00000C000000CCFD00007A
:101D98000B00000041FE00000F00000000FF0000E3
:101DA8001000000002FF0000FF00000000EF00002C
:101DB800FF000000D4FD0000FF0000002400000028
:101DC800010000001A0000000000000039000000B7
:101DD800030000002F000000020000004300000084
:101DE8000400000062000000060000005800000027
:101DF8000500000077000000080000006D000000EA
:101E0800070000009800000009000000A200000080
:101E18000A000000D30100000D000000C901000005
:101E28000C000000A70100000B000000B801000032
:101E38000E000000500100000F000000BB01000070
:101E48001000000021D4FD18000000400000000030
:101E5800000000000800000064000000FFFFFFFF12
:101E68000E0000002100FF180000004000000000E4
:101E7800000000000800000064000000FFFFFFFFF2
:101E880010000000B8010000000000000000000081
:101E9800000000000800000064000000100020009E
:101EA8000E000000BB010000000000000000000060
:101EB800000000000800000064000000100020007E
:101EC8001000000056554C4E45524142494C495469
:101ED800590000000001020304050607080C10144D
:101EE800182030404543554400000000A0860100FA
:101EF800400D0300801A060000350C0040420F0018
:101F080080841E0000093D0000127A000024F400BD
:101F180000366E010048E801006CDC020000000099
:101F280000000000000000000000000000000000A9
:101F38000102030400000000000000000102030485
:101F4800060708090001020304050607080C101417
:081F58001820304037000000A2
:081F6000E0E2FE7F0100000039
:041F68002502000846
:041F6C000102000866
:101F70000000000000000000000000000000000061
:101F80000000000000000000000000000000000051
:101F9000000000000000000000000000020000003F
:101FA00001000000000000000000000000000040F0
:101FB000000000000200000001000000000000001E
:101FC0000000000000000000000000000000FF070B
:101FD00001000100000000000000000001000000FE
:101FE000000000000000010101000000301D010898
:101FF000EB070000000000000000000000000000EF
:1020000000000000000000000000000000000000D0
:102010000000000000000000EB07000000000000CE
:1020200000000000000000000000000000000000B0
:1020300000000000000000000000000000000000A0
:102040005705000000000000000000000000000034
:102050000000000000000000000000000000000080
:102060000000000000093D00010000000800000021
:102070000000000000000000000000000000000060
:10208000010000000000000000000000200000002F
:10209000AAAAAAAA2801032000000000F4560320DF
:1020A0005C570320C457032000000000000000001C
:1020B0000000000000000000000000000000000020
:1020C0000000000000000000000000000000000010
:1020D0000000000000000000000000000000000000
:1020E0000000000070B58AB072B6AA244FF4005503
:1020F000684600F069F80621069BCDE9044543F0E7
:102100008063284A00910693936A002B03DA2649DC
:10211000264B91609360234B9A6A520003D5244961
:10212000244A19611A61244C2378012B36D00123EB
:1021300000264FF47A702370666000F041F805467F
:1021400068B12670174B9A6A42F080429A629A6A86
:1021500042F000429A6262B601200AB070BD114E90
:10216000049A336C4FF47A7023F0FF031343336403
:10217000326C069B22F0806203F080631343336469
:10218000B36A43F40033B36200F01AF825700028F4
:10219000D8D1B36A43F00063B362DCE702200AB02F
:1021A00070BD00BF0020024023016745AB89EFCD21
:1021B0003B2A19087F6E5D4C0001032000000000DF
:1021C0005FF800F0918200085FF800F0F1850008E8
:04000005080069C5C1
:00000001FF
