:020000040800F2
:1000000000000420E5600008615F0008655F0008EB
:10001000695F00086D5F0008715F000835610008C6
:10002000000000000000000000000000E1010108E5
:10003000755F000800000000710101080DDA00087A
:100040003561000835610008356100083561000838
:100050003561000835610008356100083561000828
:100060003561000835610008356100083561000818
:100070003561000835610008356100083561000808
:1000800035610008356100083561000835610008F8
:1000900035610008356100083561000835610008E8
:1000A00035610008356100083561000835610008D8
:1000B00035610008795F0008855F00083561000838
:1000C00035610008356100083561000835610008B8
:1000D000356100083561000835610008915F00084E
:1000E0009D5F000835610008A95F000835610008C0
:1000F0003561000835610008356100083561000888
:1001000035610008B55F0008C15F0008356100086F
:100110003561000835610008356100083561000867
:1001200035610008CD5F0008D95F0008356100081F
:10013000E55F000835610008356100083561000899
:100140003561000835610008F15F0008356100087D
:100150003561000835610008356100083561000827
:1001600035610008FD5F0008356100083561000851
:100170003561000800000000356100080000000043
:100180000960000835610008356100083561000824
:1001900035610008356100083561000835610008E7
:1001A00035610008356100083561000835610008D7
:1001B0003561000800000000156000083561000886
:1001C0003561000800000000356100083561000855
:1001D00035610008356100083561000835610008A7
:1001E0003561000835610008356100083561000897
:0401F000000000000B
:1002000010B5054C237833B9044B13B10448AFF350
:1002100000800123237010BD600203200000000055
:100220003807010808B5034B1BB103490348AFF376
:10023000008008BD000000006402032038070108A8
:10024000034613F8012B002AFBD1181A0138704716
:10025000704700BF01F06ABEF0B5274C274E9BB037
:100260004FF0FF332822694620680EF043FA282811
:10027000F6D1039805F0C2F90546002834D1029B57
:100280009BB929460AAA009801F0DEFE0EF038FF5D
:100290000AA90246684602F05BF80EF031FF0AA98F
:1002A0000246684601F028FEDAE7B3F1005FF4D1B8
:1002B00040F20172009B9342EFD10822039900277C
:1002C000914228BF11460D46C6E90577B760019FE8
:1002D0000B490C48C6E90037F56005F09BF930463C
:1002E000084901F0A9FCD8E74FF0FF332A462068FF
:1002F0000AA90EF0FFF9C2E7B427032090020320F9
:100300009005FA0B840203202DE9F0431F4D9BB0AA
:10031000DFF8808001AE0AAF002404EBC401C4F111
:1003200024024FF0FF33286806EB81010EF0E2F95A
:100330000444232CF1D9049805F060F9039B81460D
:10034000B3F1005F00D0A0B9114807F08DF950B1AA
:100350003A4631460E4807F051F8D8F80C300133D0
:10036000C8F80C30D8E74FF0FF3201210FF05CF9EC
:10037000EAE70024A9EB040239194FF0FF3328689B
:100380000EF0B8F904444C45F4D3DDE7B027032060
:10039000582603200000032000B583B001F000FEC2
:1003A00001F030FB03221849184806F0BDFA03F0AB
:1003B00035FA00F005FE03F08DFA0EF0A1FE01F013
:1003C00095FD13480AF020FE12480AF0E5FD124C94
:1003D0000EF096FE019003F027FA019803F080FAE0
:1003E000019800F0EFFD237813B9019801F01EFF8A
:1003F000019801F08BFD019801F09EFF0A2101A8F0
:100400000EF0BEFDE4E700BF202A032048270320AA
:1004100090230320F8220320760003202DE9F041E9
:100420000026214DDFF88C80204FA6B012E00FF09F
:1004300041FD98F8003033B10B9B23B164200DF0DF
:100440009DFB01F0DFFA0022022311463868009676
:100450000FF06CF94FF0FF32012100200FF0E4F8AB
:100460000FF01AFD124807F055FA044606A9104885
:1004700007F0C0F802A90E4807F0E4F85422294614
:1004800011A8AC6010F000F9094B1E66189BB3F57B
:10049000003FCCD9AB689B02C9D5012385F8203039
:1004A0000B9301F057FBC2E700000320181B032049
:1004B000582603208002032000232DE9F04D84B04C
:1004C0007D4EDFF80082DFF804B27C4DDFF800A239
:1004D0000DF10E078DF80B3013E028680EF014F8BC
:1004E000012808D94FF0FF330222286803A90EF033
:1004F00001F9022845D000214FF0FF3208460FF0E5
:1005000093F830680EF000F80028E6D04FF0FF3383
:10051000012230680DF10B010EF0ECF80128DCD15E
:1005200030680DF0F1FF0128D7D94FF0FF330222D8
:10053000306803A90EF0DEF80228CED1BDF80C20F9
:10054000B2F5845FC9D8002A40F0A5809DF80B4021
:10055000002C52D10EF0D4FD594B5A49BDF80C2055
:10056000009704F0C9FFBDF80E30002B79D10EF0D2
:10057000C7FD534B5349BDF80C20009705F00CF80C
:10058000ABE7BDF80C20B2F5805FB4D272B10024A5
:10059000121B08EB04014FF0FF3328680EF0AAF895
:1005A000BDF80C20204484B2A242F1D10EF0A8FD87
:1005B000434B4146BDF80C20009705F019F9BDF8F2
:1005C0000E30002B97D039464FF0FF330222DAF875
:1005D00000000DF0A7FFBDF80E204FF0FF333849A3
:1005E000DAF800000DF09EFF002202231146DBF82E
:1005F000000000920FF09AF87DE70EF081FD304B7D
:100600003049BDF80C20009704F09EFFBDF80E3075
:10061000002BACD02A490A787F2A08D1022BA6D910
:100620008B78A3F11102012AA1D9312B9FD0264842
:10063000394604464FF0FF33022200680DF072FF86
:10064000BDF80E204FF0FF331D4920680DF06AFF02
:10065000002202231146DBF8000000920FF066F83A
:1006600085E7194839464FF0FF33022200680DF044
:1006700059FF1548BDF80E204FF0FF3310490068B0
:100680000DF050FF022322462146DBF800000094C3
:100690000FF04CF86BE70024121B4FF0FF3308EB10
:1006A000040130680EF026F8BDF80C2023189CB227
:1006B000A242F1D14AE700BFC4020320B8020320DE
:1006C000507F0120D48F0120C0020320580803204E
:1006D000B40203202DE9F04FDFF8148185B0404EBD
:1006E000404DDFF810A108F19C0908F5805B02AFCE
:1006F00014E028680DF008FF012809D94FF0FF33F6
:10070000022228680DF106010DF0F4FF022846D000
:1007100000214FF0FF3208460EF086FF30680DF0E2
:10072000F3FE0128E5D94FF0FF3302222E4930684D
:100730000DF0E0FF0228DCD1B8F89420B2F5845F18
:10074000D7D872B10024121B09EB04014FF0FF331C
:1007500030680DF0CFFFB8F89420204484B2A24254
:10076000F1D10EF0CDFC0146204802F0E7F9002857
:10077000BFD103E09BF823010DF000FA0EF0C0FC9E
:1007800004F0C0FD0128B4D030680DF0BDFE012892
:10079000AFD89AF80030002BECD10A20ECE7BDF876
:1007A0000620082AB4D86AB10024121B39194FF068
:1007B000FF3328680DF09EFFBDF80620204484B268
:1007C000A242F2D10EF09CFC3946BDF8062004F09E
:1007D000A7FF01289CD00A200DF0D0F9F2E700BF56
:1007E000C0020320B4020320ECB0012058A0012075
:1007F00058B001207600032001F09CBB01F09EBBA5
:10080000002001F09FBB00BF0022024B02481A608B
:100810000AF0FABB7C02032044230320014B186832
:10082000704700BF7C02032010B59EB04822002113
:100830000CA80FF09DFE00234FF40070CDE90233A9
:10084000CDE90433CDE90733CDE9093301930693AC
:100850000B9308F0B7FF08B172B6FEE7012302223E
:10086000169311931993179210231D9207229FED4F
:100870001E7BCDE91A320324042312900CA81C938A
:100880008DED0C7B189409F0D9F9034608B172B6C6
:10089000FEE70F22214601A8CDE903330593029418
:1008A000019209F077F8034608B172B6FEE7104AE4
:1008B0004FF0005C916D4BF67F3441F08071916593
:1008C000926D069302F080720092089322222023F8
:1008D00006A8CDE90A230099CDF81CC009940AF0B6
:1008E0000DF91EB010BD00BF29000000000001007E
:1008F00000100240F0B595B072B64FF00062AA4BFE
:100900009A60BFF34F8F62B6002405F015FCFFF725
:100910008BFFCDE90E44CDE91044A44D1294EB6C4D
:100920004FF4604143F00403EB64EB6C224603F0A8
:1009300004030793079BEB6C9D4843F08003EB6433
:10094000EB6C012603F080030893089BEB6C43F0EB
:100950000103EB64EB6C03F001030993099BEB6C5F
:1009600043F00203EB64EB6C03F002030A930A9B6F
:1009700007F068FC224640F201118E4807F062FC45
:10098000224641F2E4018C4807F05CFC4FF46043DE
:1009900087480EA9CDE90E361094119407F0A4FAF9
:1009A00040F2011383480EA9CDE90E36CDE910447B
:1009B00007F09AFA41F2E4037F480EA9CDE90E361A
:1009C000CDE9104407F090FA4FF4007379480EA96E
:1009D000CDE90E34109607F087FA082377480EA960
:1009E000CDE90E34109407F07FFAAB6C052143F08B
:1009F0000403AB64AB6C224603F004030493049B32
:100A0000AB6C1D203343AB64AB6C33400593059B4B
:100A1000AB6C43F00203AB64AB6C03F002030693D0
:100A2000069B06F073F81D2006F0AAF82246052161
:100A30001E2006F06BF81E2006F0A2F822460521C3
:100A4000502006F063F8502006F09AF8204607F090
:100A500077FF08B172B6FEE707F086FF034640B99C
:100A60005748584AC0E900230AF070F818B172B626
:100A7000FEE772B6FEE7544A544B1070544A4FF4E6
:100A800040711A60102299609A619A620F211322B4
:100A90003C2404275860D8609874D8631846C3E98A
:100AA0000D661E825E615E62DC61D9621A621F633E
:100AB00006F0FAFA034650BB0BAD0B90CDE90E00E1
:100AC000CDE91000CDE91200C5E901004FF48070B6
:100AD0004FF4301C03214FF480523E4CC4E90233E2
:100AE000C4E90A3384F8203084F838303A4B208344
:100AF0002046C4E90467C4F804C0E161626384F875
:100B00003060236005F03CFB18B172B6FEE772B6A8
:100B1000FEE70B902946204605F080FF08B172B62B
:100B2000FEE706230F937F2311932C4B1090139015
:100B30000EA9204612970E9305F050FC08B172B62C
:100B4000FEE7274B20460E930C230EA90F9305F0CA
:100B500045FC08B172B6FEE7224B20460E931223E5
:100B60000EA90F9305F03AFC034608B172B6FEE7F2
:100B70001D48C0E9053383801C4B0662036006F004
:100B800031F808B172B6FEE700234FF40271022279
:100B90001748C372174B8180C0F80720036007F025
:100BA000EDFE48B372B6FEE700ED00E00010024033
:100BB000000802420000024200040242001C0242FD
:100BC0005C25032000080C428002032058260320E5
:100BD00000A4004048270320008002424000201962
:100BE0000002B0250004002ABC2603200030024089
:100BF000D01F032000D4004041F63F76A34CA44A06
:100C0000CDE90E00C4E901001090A06120462260E9
:100C1000E6600AF0E9FB034608B172B6FEE720463B
:100C20000EA90E9310930AF011FC034608B172B698
:100C3000FEE7984CCDE90E331093A360A36142F216
:100C40000F73954A2046C4E90023E6600AF0CCFB06
:100C5000034608B172B6FEE720460EA90E93109324
:100C60000AF0F4FB034608B172B6FEE74F264FF6D2
:100C7000FF748A488A4AC0E9043383608361026052
:100C80004660C4600AF0B0FB034608B172B6FEE7E6
:100C90008448C0E90163C0E90343C0E90533824BDE
:100CA00003600AF0A1FB08B172B6FEE74FF0804185
:100CB0004FF0FF327D4C0B90CDE90E00CDE91000D6
:100CC000C5E90100C4E901002061A061204621605E
:100CD000E2600AF089FB08B172B6FEE74FF4805378
:100CE00020460EA90E930AF0CDF9034608B172B65C
:100CF000FEE7294620460B930D930AF0A7FB08B1A7
:100D000072B6FEE700246A4A01216A4B009246F25D
:100D100006002246CDE901440DF09EFB0246664DD9
:100D2000664E00950121CDE90144654B326046F2E3
:100D3000060022460DF090FB624B634A01210092AF
:100D4000CDE9014422461860604B4FF47A600DF003
:100D500083FB5F4D5F4B224600930121CDE90144A7
:100D60005D4B28604FF47A600DF076FB5B4B2246BA
:100D700000935B4B0121CDE901441860594B4FF4BE
:100D8000A0400DF069FB584B22460093574B0121C0
:100D9000CDE901441860564B4FF4A0400DF05CFBC8
:100DA000544B186001F07EFB0EF0AAF93246524B0C
:100DB0005249009501F0A6FA514802F0C3FD51488E
:100DC00001F07AF85048514A514900F001FE0EA84E
:100DD0000E9401F05DFB20B90E9B13B94D4801F054
:100DE0002FFB0CF021FE00214B4A4C480CF06CFE0E
:100DF00004464B4B00214B4A4B481C600CF064FEF0
:100E000004464A4B00214A4A4A481C600CF05CFEEA
:100E100004463F4B0021484A48481C600CF054FEF1
:100E20000446474B0021474A47481C600CF04CFEE3
:100E30000446364B0021454A45481C600CF044FEF0
:100E400004462E4B0021434A43481C600CF03CFEF4
:100E50000446424B0021424A42481C600CF034FEDA
:100E60000446414B0021414A41481C600CF02CFED5
:100E70000446404B0021404A40481C600CF024FED0
:100E80003F4B18600CF0F2FDFEE700BF4423032047
:100E9000001400409023032000100040F82203209B
:100EA00000440140AC22032000480140DC23032021
:100EB0007C030320481F012058030320C4020320A1
:100EC00040BF0020C002032034030320A0AF002055
:100ED000B80203201003032000A00020EC0203202E
:100EE000B402032000500020C8020320B4270320CE
:100EF00000000020B0270320BC020320080D0320BF
:100F00005C250320BC26032058260320B8110320AB
:100F1000181B0320040063458C09010855020008D2
:100F2000CC1F03206809010859020008C81F0320CC
:100F30004409010809030008200901089903000871
:100F400068160320FC0801081D040008D8080108E1
:100F5000B9040008B4080108D506000858080320A1
:100F600090080108F9070008A80303206C0801088D
:100F7000FD070008A4030320480801080108000831
:100F8000A0030320094A0368934206D0084A93420B
:100F90000AD0084A934205D07047074A13680133C4
:100FA0001360704700F0BABF05F0D8B800140040D5
:100FB000002C0140001000407C02032072B6FEE7C6
:100FC000704700BF70B50E4D0E4C2B6820891B6812
:100FD0000D491B6B80B298472B68208A0A4E1B680C
:100FE00006F174019B6E80B298472B68208B1B68BA
:100FF00006F1E8019B6F80B2BDE87040184700BF62
:101000007C00032054000320D82803200870704778
:1010100000787047030A08704B707047012994BF2D
:1010200000780088704700BF012908D94FF6FE23D9
:1010300002889A4203D8981AC0F34F0070470020E4
:10104000704700BF012911D94378FA2B07D8084A05
:10105000C3EB0330A2FB0020C0F30F10704740F633
:10106000FF72FF2B0CBF0020104670470020704716
:10107000D34D6210022907D94FF6FF73B0F8010073
:10108000984208BF0020704700207047042907D904
:101090004FF6FF73B0F80300984208BF0020704776
:1010A00000207047012907D94FF6FF730088984246
:1010B00008BF4FF4006070470020704701290ED927
:1010C0004FF6FF730088984209D047F27F53984249
:1010D00038BF1846A0F5EA407F3880B270474FF419
:1010E00000607047032986BFC078C0F381000020EC
:1010F000704700BF09B1007870470846704700BFCD
:10110000012906D9437803F00F03013BDBB2022B20
:1011100001D900207047024A32F81300704700BF1F
:10112000B009010819B10178C1F381007047084680
:10113000704700BF032986BFC07800F0030000207D
:10114000704700BF034600B583B008465BBA022271
:101150000DF10601ADF8063004F05CFA03B000BDF5
:101160008446002310B50C4682B00DF10600022221
:101170006146ADF8063004F04DFABDF80600012CCA
:1011800098BFC0B240BA80B202B010BD002300B513
:10119000012983B0ADF8063002D8184603B000BD6F
:1011A000014602220DF1060004F034FA9DF8060013
:1011B00003B000BD38B50D4604460822FF2128467D
:1011C00004F024FAB4F5FB4F0ADAC4F5FA447F348C
:1011D000640004F0FE03C4F307242B706C7038BD68
:1011E000002423466C702B7038BD00BF38B50D4607
:1011F0000822FF210446284604F008FAFA2204FBDC
:1012000002F2044BA3FB0213D21A03EB5203DB0AD4
:101210006B7038BD0101100038B50C460546082238
:10122000FF21204604F0F2F92B0A6570A37038BD47
:1012300038B50C4605460822FF21204604F0E6F9A1
:101240002B0AE570237138BD38B50C4605460822D7
:10125000FF21204604F0DAF92B0A2570637038BDAF
:1012600038B50C4608220546FF21204604F0CEF989
:1012700048F6802247F27F53954294BF5B199B1832
:101280009BB21A0A2370627038BD00BF38B50D4694
:1012900004460822FF2128467D3404F0B7F9AC70DB
:1012A00038BD00BF38B50D4604460822FF21284648
:1012B00004F0ACF9EB78A40023F00C0304F00C0468
:1012C0002343EB7038BD00BF38B50C4605460822F5
:1012D000FF21204604F09AF9257038BDFF2838B563
:1012E0000D460FD9C3B2002B0CBF012403240822E2
:1012F000FF21284604F08AF96B7823F00F031C4382
:101300006C7038BD031E18BF01235C00EFE700BFFF
:1013100038B50D4604460822FF21284604F076F928
:101320002B78A40023F00C0304F00C0423432B704F
:1013300038BD00BF38B50C4605460822FF212046BF
:1013400004F064F9E37805F0030523F003032B436D
:10135000E37038BD38B50D4604460822FF21284603
:1013600004F054F9012C0AD0022C05D0032C0CBF38
:10137000D723FF23AB7038BDC723AB7038BDC32361
:10138000AB7038BD38B50C4605460822FF21204613
:1013900004F03CF9EBB2022B12D0032B09D0042B42
:1013A0000CBF51230023FF2D88BF43F0040323709B
:1013B00038BD1123FF2D88BF43F00403237038BDCF
:1013C0000123FF2D88BF43F00403237038BD00BF05
:1013D00038B50C4605460822FF21204604F016F9D0
:1013E00015F0080F0CBF0021FA2115F0100F0CBFEB
:1013F0000022FA2215F0200F0CBF0023FA2315F06B
:10140000400F0CBF0020FA2015F0800FE0700CBFD9
:101410000020FA2015F0010F21700CBF0021FA21E5
:1014200015F0020F62700CBF0022FA2215F0040FB3
:10143000A3700CBF0023FA2320716171A271E371C4
:1014400038BD00BF022906D980787D38C0B2812816
:1014500088BF002070470020704700BF032906D9CD
:10146000C0787D38C0B2812888BF00207047002036
:10147000704700BF02290FD9837803F00C02042AB9
:1014800001D001207047C3F30113012B06D0002BBC
:101490000CBF0220012070470020704703207047D6
:1014A00007292DD903784278A3F1FA03B3FA83F31D
:1014B000FA2A4FEA531382784FEAC30308BF43F076
:1014C0001003FA2AC27808BF43F02003FA2A0279EF
:1014D00008BF43F04003FA2A427908BF43F0800373
:1014E000FA2A827908BF43F00103FA2AC27908BFB9
:1014F00043F00203FA2A08BF43F00403184670477A
:101500000020704700787047D9B103789A09012A02
:101510000ED003F03002102A15D003F00302012A86
:1015200014BF0120022003F00C03042B06D07047E7
:1015300003F00C03042B4FF00400F8D140F47F407B
:101540007047084670470320EDE700BF00787047FA
:1015500000787047007870470078704708707047CF
:1015600008707047087070470870704708707047BF
:10157000030A08704B707047012994BF00780088F7
:10158000704700BF38B50D460822FF2104462846A3
:1015900004F03CF8FA2204FB02F2044BA3FB021312
:1015A000D21A03EB5203DB0A6B7038BD0101100045
:1015B000012911D94378FA2B07D8084AC3EB033025
:1015C000A2FB0020C0F30F10704740F6FF72FF2B04
:1015D0000CBF00201046704700207047D34D6210AA
:1015E000034600B583B008465BBA02220DF106013E
:1015F000ADF8063004F00EF803B000BD034600B5A8
:1016000083B008465BBA02220DF10601ADF8063040
:1016100004F000F803B000BD034600B583B00846EF
:101620005BBA02220DF10601ADF8063003F0F2FFBD
:1016300003B000BD034600B583B008465BBA022282
:101640000DF10601ADF8063003F0E4FF03B000BD74
:10165000034600B583B008465BBA02220DF10601CD
:10166000ADF8063003F0D6FF03B000BD034600B569
:1016700083B008465BBA02220DF10601ADF80630D0
:1016800003F0C8FF03B000BD034600B583B00846B1
:101690005BBA02220DF10601ADF8063003F0BAFF85
:1016A00003B000BD8446002310B50C4682B00DF196
:1016B000060002226146ADF8063003F0ABFFBDF82C
:1016C0000600012C98BFC0B240BA80B202B010BD73
:1016D0008446002310B50C4682B00DF106000222AC
:1016E0006146ADF8063003F095FFBDF80600012C09
:1016F00098BFC0B240BA80B202B010BD8446002389
:1017000010B50C4682B00DF1060002226146ADF81C
:10171000063003F07FFFBDF80600012C98BFC0B271
:1017200040BA80B202B010BD8446002310B50C460A
:1017300082B00DF1060002226146ADF8063003F0DA
:1017400069FFBDF80600012C98BFC0B240BA80B254
:1017500002B010BD8446002310B50C4682B00DF1D6
:10176000060002226146ADF8063003F053FFBDF8D3
:101770000600012C98BFC0B240BA80B202B010BDC2
:101780008446002310B50C4682B00DF106000222FB
:101790006146ADF8063003F03DFFBDF80600012CB0
:1017A00098BFC0B240BA80B202B010BD84460023D8
:1017B00010B50C4682B00DF1060002226146ADF86C
:1017C000063003F027FFBDF80600012C98BFC0B219
:1017D00040BA80B202B010BD002300B5012983B029
:1017E000ADF8063002D8184603B000BD014602220B
:1017F0000DF1060003F00EFFBDF80600000A03B06D
:1018000000BD00BF012918D9037803F00302012AA3
:1018100017D003F00C02042A15D003F03002102A6E
:101820000DD003F0C003402B0FD0437803F0030327
:10183000012B0CBF062001207047002070470520B7
:10184000704702207047032070470420704700BF94
:101850002DE9F04F3A4B8346984283B007D8394B75
:10186000984260D94FF028094FF4487609E036498C
:101870004FF02509B1FBFBF1C9B2192940F2EE2660
:101880005BD90124304B0134A4B2B3FBF4F1B1FBBA
:10189000FBF1C9B21929F6D8B4F5806F3FD2012007
:1018A0002A4BCDF804B01F6823186FF0004C4FF49A
:1018B0007A759B461FFA83FAA1F1020EBEEB510F17
:1018C0004FEA51031ADD01F1FF385FFA88F805FB92
:1018D00003F2B2FBF1F2B21A002AB8BF52426245DB
:1018E00009DA914507DB00209446A8EB0302D2B247
:1018F000FB617C613A6201337345E8DB124B1FFAEE
:101900008BF4B3FBFAF1019BB4F5806FB1FBF3F1FB
:101910000AF1010AC9B203D004F1010BCCE701209E
:1019200003B0BDE8F08F08494FF02B09B1FBFBF184
:10193000C9B2192940F26B36A3D80124AFE700BF22
:1019400000350C0020A10700005A6202A8280320DD
:101950004FF08041022201232DE9F041174C002570
:10196000C4E91123164E174FDFF86080E16311E0E0
:10197000D8F800202365937C003B18BF012312494F
:101980003868A36405F07AFC78B96B1C022B4FF021
:10199000010511D056F8043B2564E364002BE7D021
:1019A0006FF0604201232265E9E7FFF707FB6B1C3C
:1019B000022B4FF00105EDD1BDE8F08100000320BE
:1019C000C80A0108A82803203C0003207C0003204B
:1019D00038B50C46064D0749074B0A602860074991
:1019E00001201C600CF0D8FA054B186038BD00BF10
:1019F000A8280320A0280320A4280320B827032018
:101A000008280320F0B54D4E83B0306805F0E0FCA7
:101A1000306805F049FB00286FD10022484D402175
:101A200048482A71EA602A616A61AA61AA60EA618B
:101A300085F8202006F006FC306805F0C9FC082275
:101A400002233068C0E90D2305F02EFB002871D178
:101A500000240222012340F2FF71C5E90B233A4F13
:101A6000A9636C6202E00134082C0ED037F8023F03
:101A700036493068AC626B6305F000FC0028F2D098
:101A80000134FFF79BFA082CF0D1FFF761FF002328
:101A9000022230681146009305F01CFC002846D154
:101AA000306805F039FC00283ED100220121306861
:101AB00005F0E0FDA8BB00220621306805F0DAFD44
:101AC00060BB07224FF4F051306805F0D3FD10BB26
:101AD00007228021306805F0CDFDC8B900221C49DD
:101AE000306805F0C7FD80B900224FF460213068EE
:101AF00005F0C0FD20B903B0F0BDFFF75FFA8CE739
:101B000003B0BDE8F040FFF759BAFFF757FAEBE72B
:101B1000FFF754FAE2E7FFF751FAD9E7FFF74EFA79
:101B2000CFE7FFF74BFAC6E7FFF748FABDE7FFF745
:101B300045FAB5E7FFF742FA8AE700BFA828032075
:101B40000000032000040242CE0A01082400032002
:101B500000407100014B186805F03ABCA82803202A
:101B6000FFF7F6BE082824D8DFE800F0080C1014B0
:101B7000171A1D2005001448FFF76ABE42F21070C4
:101B8000FFF766BE44F62060FFF762BE4CF25030AD
:101B9000FFF75EBE0D48FFF75BBE0D48FFF758BE6E
:101BA0000C48FFF755BE0C48FFF752BE0B48FFF735
:101BB0004FBE0B4AA0F51C53103B934201D90120A4
:101BC0007047FFF745BE00BF40420F00A0860100EE
:101BD00048E8010090D0030020A1070000350C0068
:101BE000301B0F000346054A1978002051615978CF
:101BF000D16199781162DB78936170475826032090
:101C00000246024B00209A61704700BF582603200D
:101C1000034600B5064A93F801E093F800C082F845
:101C200010E004499B7881F800C05374002000BD87
:101C300058260320800203202DE9F047054682B094
:101C4000C0680F4603F0DAFCAB68B3F1005F3ED02A
:101C50000646824600F12409264C4FF0FF312068E9
:101C60000CF058FA0128F8D1DFF89480D8F8000079
:101C70000CF036FC484517D202251F4A13792B4336
:101C80001371002320681A4619460CF0E9F81B4A24
:101C90000223126810680022114600920DF046FDE2
:101CA000284602B0BDE8F08729464FF0FF332422D2
:101CB000D8F800000CF036FC054686B94D450CD02E
:101CC0000D4A0125137943F008031371D9E74FF04A
:101CD000000A4FF024095646BEE70025D1E75246D8
:101CE00039464FF0FF33D8F800000CF01BFC0544D8
:101CF000E4E700BF0828032000000320A4280320F5
:101D0000B02703202DE9F04700250C4682B0C90713
:101D10000646019516D4A20707D50221314A137948
:101D200043F00103137133681965630738D4019BCD
:101D30002BB14FF0E0234FF08052C3F8042D02B0D6
:101D4000BDE8F087DFF8A890DFF8988040214A4688
:101D5000254B05F0B5FBD8F81430D9F80C00013349
:101D6000C8F8143003F04AFCDFF888A00746DAF818
:101D700000000CF0B5FB07F12803984224D3494634
:101D80002822DAF8000001AB0CF066FC002FC2D06C
:101D90003A46DAF80000144901AB0CF05DFCBAE7F2
:101DA0000424104B11499A69086801329A611A7922
:101DB000002142F008021A71336800680DEB04023A
:101DC0001C650DF0D3FDB2E7D8F818302946013371
:101DD000C8F81830054B01AA1B6818680DF0C6FD3D
:101DE00099E700BF0000032060280320A0280320FB
:101DF00038280320B4270320002110B50A4A0B4CD1
:101E00001268236982B01068013301AA236101912D
:101E10000DF0ACFD019B2BB14FF0E0234FF0805251
:101E2000C3F8042D02B010BDA42803200000032035
:101E3000002110B50A4A0B4C1268E36982B01068A1
:101E4000013301AAE36101910DF090FD019B2BB1DB
:101E50004FF0E0234FF08052C3F8042D02B010BDC4
:101E6000A02803200000032038B50C46104D294659
:101E700005F0C0FBA10303D5EB68A3B90D4A1360BD
:101E8000620309D52B690B4A012B13790CBF43F070
:101E9000040303F0FB031371230303D50122054B55
:101EA00083F8202038BD4FF00042024B1A60E7E76C
:101EB0000C28032000000320704700BF91B14FF0B1
:101EC000FF3210B4084C014410F8013B5340DBB220
:101ED00054F82330884283EA1222F5D1D0435DF8CA
:101EE000044B704708467047E00A01080022014B86
:101EF0001A607047B0280320034B1B689B7C03B912
:101F0000704700F073BE00BF7C000320024A1368D4
:101F100001331360704700BFB0280320024A1368E2
:101F200001331360704700BFAC28032000200CF081
:101F3000B1BF00BF00200CF0ADBF00BF00200CF00F
:101F4000A9BF00BF00200CF0A5BF00BF124B1B684B
:101F50001989F9B130B400245B68104A03EB4111D0
:101F6000D3E90050C2E900509D6898699561DD6829
:101F70002033556153F8105C8B42C2E9024553F897
:101F80000C5C02F1740242F8105C42F8040CE7D1D8
:101F900030BC7047704700BF7C000320B42803208A
:101FA00070B500250D4B0E4A1B6815709C7C0D4BBF
:101FB000641B18BF0124644203F5AE76E4B21846F0
:101FC000082221460EF0D4FA03467433B342C0E926
:101FD0001155F4D1BDE87040FFF7B8BF7C00032075
:101FE00076000320D828032038B3144B1A688242A5
:101FF00023D02DE9F041847C0122003C18BF01244C
:1020000000250F4E186037780E4B644203F5AE780A
:10201000FFB23270E4B21846082221460EF0A8FA48
:10202000034674334345C0E91155F4D1FFF78EFFE1
:10203000FFF796FD3770BDE8F08170477C00032004
:1020400076000320D828032000293CD0F0B5744B3B
:1020500083B01D68AF7C6FB906462C8A44B1EB682B
:1020600003EBC40C1C68B4420FD008336345F9D1AC
:1020700003B0F0BDC0F30743EF2B4FEA1024C0F3C9
:102080001126EAD8674E2640E7E71C79E7B1B6F596
:102090006F4F49D04FF6D4539E4266D04FF602732D
:1020A0009E4200F0AD800F2C10D12B681046DB6FE4
:1020B00000929847009A137803F00303032BD7D0BC
:1020C000594B1883D4E77047082C3BD02B68104637
:1020D00003EBC4035B689847102CC9D801A353F8DD
:1020E00024F000BF8D210008C1210008C72100088D
:1020F000CD210008D3210008D9210008DF210008E4
:10210000E5210008EB210008A5210008AD21000809
:10211000B5210008BB210008992100089F21000873
:10212000C120000893210008C0F30720132860D0C5
:102130005A289DD12B6810465B6D98473A4AC3B226
:10214000D37595E72B6810465B6C00910192984718
:102150000099354CC0B20129207389D0019A1046EC
:10216000FFF73AFB84F8200082E7C3B2212B4ED060
:102170005A2B7FF47DAF2B681046DB6C9847C3B2B7
:10218000032B3FF475AF284A937571E7264B5880AF
:102190006EE7254BD8836BE7234B188268E7224B09
:1021A000988365E7204BC0B2987561E71E4BC0B2BB
:1021B000D8755DE71C4B58835AE71B4B588257E78D
:1021C000194B188054E7184BD88051E7164B98806C
:1021D0004EE7154B98824BE7134B588148E7124B5B
:1021E000188145E7104BD88142E70F4BC0B21873F6
:1021F0003EE72B681046DB6A98470B4B588137E760
:102200001046FFF7FFFA084B83F8200030E72B68F1
:1022100010465B6F9847044AC3B2938328E700BF18
:102220007C00032000FF030054000320314B1B7887
:10223000002B5DD12DE9F04FDFF8C4A003F0FF05BE
:10224000DAF8003083B01B89002B4ED02A4F0646A7
:102250003C464FF0740908E0DAF8003001351A897D
:10226000ABB29A4204F174043FD9E36E626EF31A82
:102270009342F1D3B4F9703009FB05FB002B0DDB61
:10228000B4F868200BF1240052BA00EBE300ADF87B
:1022900004203844022201A903F0BCF9B4F97210F9
:1022A00004F1240800294FEAE10112DB4046FFF760
:1022B00005FEB4F972200190002AB8BF07320BF175
:1022C000240000EBE200042238440DEB020103F08D
:1022D000A1F90A4B41461A6820462261FFF7ACFC7F
:1022E000A36EE6660133A366B6E703B0BDE8F08FE0
:1022F000704700BF76000320B428032000000320AD
:102300007C00032038B50446084B094D1A60094B80
:10231000049A29601A6000F04DF8204602F0A6FFEA
:10232000204603F0DDF9002038BD00BF142A032049
:10233000182A0320102A032038B5054602F0B6FFFC
:102340000446284603F0D8F92043C0B238BD00BF88
:1023500070B5154B82B01B6804460D46164602F058
:10236000DBFF01280AD0114B3246294620461B6864
:1023700003F0ECF901280BD002B070BD00220C4B29
:1023800011461B681868022300920DF0CFF9EAE7A6
:1023900000220749022309680868114600920DF0DF
:1023A000C5F902B070BD00BF142A0320102A032013
:1023B000182A032000B583B0102001A900F09EF870
:1023C00008B903B000BD0021102000F07FF80038EC
:1023D00018BF012003B000BD00B583B0102001A9D3
:1023E00000F08CF820B90146019820B903B000BD77
:1023F000012003B000BD102000F068F8003818BFBD
:10240000012003B000BD00BF70B5002682B00446B5
:102410000D46102001A9019600F070F810B9019B3B
:10242000A34202D8012002B070BD04F11100294678
:1024300080B200F063F8801B18BF012002B070BDAD
:10244000002210B5114B82B01B78019213B91846C7
:1024500002B010BD044601A9102000F04FF840B9A9
:1024600001981130FF2804D8214680B200F02EF8E0
:1024700018B10123184602B010BD01991020013196
:1024800000F024F8031E18BF0123E0E777000320C3
:10249000014608B5102000F031F8003818BF0120BF
:1024A00008BD00BF10B505F037FA00200AF08CFB1C
:1024B000044618B905F044FA204610BD002009F082
:1024C00051FF05F03DFA204610BD00BF38B5044667
:1024D0000D4605F021FA204629460AF01DFEC305E7
:1024E000044603D405F02CFA204638BD0AF014F84F
:1024F0000443A4B205F024FA204638BD0AF06EB9B0
:1025000084462DE9F8430CF50055104695F827212F
:102510000CF580540F461E46B4F89210B4F894306F
:1025200072B3002940F08E80072B40F2A0803E2B32
:1025300040F2B9804FF04008B3F5805F4246C14693
:102540005FD21B0A43F010030370B4F894300CF50B
:1025500084514370023A1C31023003F05BF80122CF
:102560000223A8F1020887F80090A4F89280A5F849
:102570001C2184F891300120C4F89860BDE8F883EC
:10258000B1B307224FF008085B1A1FFA83F9B5F8B8
:102590001C31914503F00F0343F0200300F8013B89
:1025A000B4F8923003F5845303F11C030CEB0301E0
:1025B0004CD903F02FF887F80080B4F89230B5F8C2
:1025C0001C21013B9844A4F8928095F822313BB13C
:1025D000B2FBF3F103FB112313B9022384F891300A
:1025E0000132A5F81C210120C4F89860BDE8F883E9
:1025F000072B3CD94FF00808B3F5805F4246C1462F
:102600009FD310230360B4F894300CF584511B0A57
:102610000371B4F89430063A43711C31063002F06D
:10262000F9FF01220223A8F1060887F80090A4F818
:102630009280A5F81C2184F891300120C4F898609C
:10264000BDE8F8833F224FF040089DE74A4602F07C
:10265000E1FF032309F101023A7084F89130B4F8E4
:102660009230B5F81C219944A4F89290B8E700F88C
:10267000013B0CF58451B4F894201C3102F0CAFFE0
:1026800001210322B4F894300B443B70B4F8943029
:102690000120A4F89230A5F81C1184F89120C4F808
:1026A0009860BDE8F8830170B4F894300CF584515B
:1026B0004370B4F894201C31023002F0ABFFB4F840
:1026C0009430012103220233DFE700BF70B50024FC
:1026D0000E4600F580530470C0F802400473846015
:1026E000C3F89240C3F89840A3F88E40A3F89040F6
:1026F00000F50053054621464FF48452C3E9474490
:10270000C3F82861C3F824410D300DF031FF4FF4B8
:102710008452A8182146BDE870401C300DF028BF37
:10272000F0B591B0169D0446856019B396461278AF
:102730008C46100903281DD8DFE800F0024C7A22ED
:10274000003B18BF012304F5005282F8263123789C
:1027500023B10621002382F8241123709EF8005033
:10276000BCF1080F05F00F0500F2D1800123002D08
:1027700040F0D680237B012B00F0A78011B0F0BD84
:1027800004F5805797F8911002F00F0204F50056F7
:102790004B1E012A86F82121DBB200F00B81022AB0
:1027A00000F01181002A40F0FB80BCF1010F00F025
:1027B0001E819EF80130BCF1020F86F8223101D053
:1027C0009EF80220022986F82321D3D1012387F81D
:1027D0009130CFE7003B18BF012304F5005686F87F
:1027E0002631227822B1062286F824210022227086
:1027F000BCF1070FBED99EF800209EF8010002F040
:102800000F01014340F09C80DEF8022012BA072A33
:10281000B0D9B2F5845F40F2F0800222072086F83A
:102820001E2186F82401217096F81F21322159E0DB
:102830002378012B9ED104F58057B7F88E1002F053
:102840000F0201F00F039A4240F0A2806088A38833
:1028500097F890201B1A9BB2002A00F0BE80551EEC
:10286000AEB29E4280F0BC80944583D14A1C92B2A5
:10287000EDB20D30A7F88E200EF101012A4620445A
:1028800002F0C8FE6388A2882B449BB29A42638000
:1028900000F0B08004F5005696F81F21002A3FF49E
:1028A00069AFB7F88E30013B93FBF2F102FB1133B5
:1028B000002B7FF45FAF96F8263196F81E11003B8F
:1028C00018BF012341F030010CE004F5005696F8E2
:1028D000263196F81E11003B18BF012396F81F21E0
:1028E00041F0300100208DF8012003228DF8001006
:1028F00096F820112073D6F828015B058DF8021098
:1029000083616946C260FFF797F911B0F0BD002DF1
:102910007FF430AF9EF801500223002D3FF42AAF20
:10292000ACEB03018D423FF725AF0EEB03012A46C6
:1029300004F10D0002F06EFE02236580237019E79A
:10294000120202F470620243072A7FF613AF0221DB
:102950000B46ACEB0303DDB204F58057A280714453
:102960002A4687F890C004F10D0002F053FE0123BF
:1029700000226580237086F81E21A7F88E3096F815
:1029800026313021003B18BF012396F81F21A9E70B
:102990000421002304F5005282F824112370E9E693
:1029A000012B3FF6E7AE0522032386F8252187F8A1
:1029B0009130DFE6012B3FF6DDAE0223C7F89850D9
:1029C00087F89130D6E6012B3FF6D4AE08220323D8
:1029D00086F8252187F89130CCE6072B3FF6CAAE62
:1029E0009C457FF6C7AE4A1C92B2DDB241E786F83D
:1029F0002221E7E602232370BCE606210B46A8E766
:102A00000378012B01D0002070478268064B891A99
:102A10009942F8DD0321002300F5005282F82411C9
:102A200003700020704700BF400D03002DE9F04106
:102A300000F58055144695F8912092B0561E012E4F
:102A400005D9032A0ED0002012B0BDE8F081D5F8D8
:102A50009830394ECB1AB3420BD9022300F50050FF
:102A600080F825310023012085F8913012B0BDE8AF
:102A7000F081012AE7D100F5005696F9237196F806
:102A80002321002F05DA0F32D2B2082A8CBF7F2211
:102A900001229A42D7D80B4602AA0DF10701FFF78F
:102AA0002FFD9DF80780B8F1080F38D9B8F10C0F49
:102AB00037D9B8F1100F36D9B8F1140F35D9B8F1AC
:102AC000180F34D9B8F1200F33D9B8F1310F34BF12
:102AD0000E270F27384602F091FD80450AD2A0EB61
:102AE0000802013AD2B202AB0021013203EB080026
:102AF0000DF03EFDE76096F82731003B18BF01233B
:102B00005B05A36102E0012002F0A4FD204602A9BA
:102B1000FFF792F80028F6D195F8912091E7474603
:102B2000D8E70927D6E70A27D4E70B27D2E70C27EF
:102B3000D0E70D27CEE700BF400D030000F580521F
:102B4000B2F89430B3F5845F14D892F891309BB901
:102B500000F5005300204FF0010CA2F89200A3F8FA
:102B60001C01C2F8981093F8261183F8271182F8F7
:102B700091C07047012070474FF0090C00F50053D9
:102B800083F825C1E6E700BF830F032BC0F30D4098
:102B900020D0012B0ED0B3B9B0F5B97F21D01F23BF
:102BA0005FFA80FC000A012281F800C048708B7037
:102BB000CA70704740F263539842F0D102204FF040
:102BC000740C0D23EFE79128E9D10B204FF0380C5E
:102BD0000223E8E72928E2D102204FF07F0C0923E5
:102BE000E1E70B204FF0EF0CDDE700BF2DE9F04FE0
:102BF000456893B0B5F1804F02D013B0BDE8F08FB7
:102C00000668C068C6F307470C4602F0F7FCEA2FD7
:102C1000C6F3072832D0EC2FEFD1B8F1130FECD167
:102C20000728EAD92378102BE7D1E3793002C54988
:102C3000A27980B20143647908201B0443EA02238D
:102C4000234300224FF0FF34099123FA00F18DF85D
:102C500021308DF822101B0C0C9007A909A8CDE992
:102C60000D22CDE90F220A958DF823300B92119297
:102C700007948DF82040FEF7DFFFBEE70228BCD99D
:102C8000B8F1FF0F23D0B8F1130FB6D1A378617854
:102C900022781B0443EA01231343B3F56E4F40F03F
:102CA000C480A94A33029BB21A4300234FF08045E7
:102CB0000824A64909A8CDE90A53CDE90C43CDE97A
:102CC0000E33CDE910330992FEF7B6FF95E7A378EE
:102CD000617822781B0443EA01231343B3F56E4F56
:102CE00000F02E814FF6C552934200F0CB804FF694
:102CF000CA62934281D14FF0000904A8CDF8109028
:102D0000FFF7C6FB924B049AB3F81EA0012ACAF340
:102D1000400A4FEA8A1A4AF03F0A5FFA8AF440F200
:102D20002981920002321FFA82FA8A4B0AF10601C7
:102D3000A3FB0103C91A03EB5103C3F387074FF049
:102D4000804385490A930991082120230C918349E6
:102D500007AA08910DF1240B4FEA1A218DF81E10D5
:102D6000584611468DF81C301546CDE90D99CDE930
:102D70000F99CDF82C90CDF844908DF81DA08DF8CA
:102D80001F70FEF759FF764B0993002F3FF435AFC4
:102D9000CDE9027B4FF00108A3460DF1230608227E
:102DA000FF21284602F032FC334656469A4608F187
:102DB000FF34C4EBC4048DF81C80A4B20195A64274
:102DC0001ADDA3B243B3012B2DD0A7B2023F05A950
:102DD000B810CDF8149007F00307FFF715FB05981E
:102DE00006A9FFF7D1FE0DEB07031B7E05F8013F97
:102DF000AA4504F10104E2D15346019D03982946F6
:102E0000B24608F101081E46FEF716FF029B5FFA64
:102E100088F84345C3D2F0E605F801BFAA4504F19E
:102E20000104CED1E8E7FF23E0E74FF6C552934215
:102E300028D04FF6CA6293423FF45DAF08270022C4
:102E4000FF240A956FF0FE0506FA07F0454980B2A7
:102E50000143099123FA07F18DF821308DF82210F2
:102E60001B0C07A909A8CDE90B27CDE90D22CDE957
:102E70000F228DF82330119207958DF82040FEF730
:102E8000DBFEBAE6384802F0D9FB00224FF0804161
:102E90000824314DCDE90A12099505462021CDE9D6
:102EA0000C42CDE90E22CDE91022304A294B08927E
:102EB000AA1D8DF81C10A3FB0213D21A07A803EB5E
:102EC000520325FA04F10DF1240BC3F387088DF8A2
:102ED0001E100746014658468DF81D508DF81F807C
:102EE000FEF7AAFE1E4B0993B8F1000F3FF485AE22
:102EF0000124DFF874900DF12306A4EB090A0822DF
:102F0000FF21384602F082FB3A46631EC3EBC3033F
:102F10009BB2013B8DF81C404B440AEB03018D42F0
:102F200005DD13F8011F02F8011F9642F5D10134A7
:102F300039465846E4B2FEF77FFEA045DFD25CE694
:102F40000B4AB2E61300EC1C1300EE18F80E010851
:102F5000540003202549922413FFEC1CFFCAFE00F5
:102F600013FFEB1C1300E818E00E0108FFC5FD007D
:102F700013FFEE1808224FF0804316490C92099176
:102F800007A908460D46FF210A93CDE90D99CDE921
:102F90000F99CDF82C90CDF8449002F037FBFF222A
:102FA000049B8DF81C40012B8DF81D2006D0CDF818
:102FB0001E90294609A8FEF73FFE1EE606A94846D0
:102FC000CDF81890FFF720FA06980DF11E01FFF7D3
:102FD000DBFDEEE713CAFE182DE9F0431446027834
:102FE0000646013A1D4685B0092A11D8DFE812F0DD
:102FF0001C0010000A009A01100010000A001000C6
:1030000076010A00012900F09A817F22122101E055
:103010007F221121032322703278A17062702B80ED
:10302000002005B0BDE8F0830229EED141232370D2
:1030300043786370A62BE8D801A252F823F000BFB2
:1030400007350008E93400080B3000080B30000891
:10305000B3340008A93400080B3000080B30000816
:103060000B3000080B3000080B3000080B30000854
:1030700093340008833400080B3000080B3000083C
:103080000B300008533400080B3000080B300008E8
:103090000B3000080B3000080B3000080B30000824
:1030A0000B3000080B3000080B3000080B30000814
:1030B0000B3000080B3000080B300008BD3400084E
:1030C00077340008493400080B3000080B30000842
:1030D0000B3000080B3000080B3000080B300008E4
:1030E0000B3000080B3000080B3000080B300008D4
:1030F0000B3000080B3000080B3000080B300008C4
:1031000053340008493400080B3000080B30000825
:103110000B3000080B3000080B3000080B300008A3
:103120000B3000080B3000080B3000080B30000893
:103130000B3000080B3000080B3000080B30000883
:1031400035350008293500081D3500080B3000080A
:103150000B3000080B300008133500080B30000856
:103160000B3000080B3000080B3000080B30000853
:103170000B30000849340008493400080B300008BF
:103180000B3000080B3000080B3000080B30000833
:103190000B3000080B3000080B3000080B30000823
:1031A0000B3000080B3000080B3000080B30000813
:1031B0000B3000080B3000080B3000080B30000803
:1031C0005D3400080B3000080B3000080B3000089D
:1031D0000B3000080B3000080B3000080B300008E3
:1031E0000B3000080B3000080B3000080B300008D3
:1031F0000B3000080B3000080B3000080B300008C3
:103200000B3000080B3000080B3000080B300008B2
:103210000B3000080B3000080B3000080B300008A2
:103220000B3000080B3000080B3000080B30000892
:103230000B3000080B3000080B3000080B30000882
:103240005D3400080B3000080B3000080B3000081C
:103250000B3000080B3000080B3000080B30000862
:103260000B3000080B3000080B3000080B30000852
:103270000B3000080B3000080B3000080B30000842
:103280000B3000080B3000080B3000080B30000832
:103290000B3000080B3000080B3000080B30000822
:1032A0000B3000080B3000080B3000080B30000812
:1032B0000B3000080B3000080B3000080B30000802
:1032C000DD3400080B3000080B3000080B3000081C
:1032D0000B3000080B3000086B34000802297FF423
:1032E00094AE49232370437863700A2B3FF68DAE6A
:1032F00001A252F823F000BF973300080B300008FA
:10330000B73300080B300008A53300080B30000865
:10331000393400080B3000080B3000080B3000086F
:103320001B34000801297FF470AE0191FFF754F8B7
:10333000019968BB337840332370298070E602A876
:10334000FFF7A6F820BB029B5A1C52002A80327855
:1033500063704032DBB22270002B3FF461AE07464F
:1033600004F1020904F103080CE0039B1A0E09F8AA
:1033700017201B0C9DF8082008F817300137BA42B7
:103380007FF64EAE384603A9FFF73EF80028ECD092
:103390007F2210213EE644F254020623C4F80220A4
:1033A0002B803DE601236749A370E01C02F03EF943
:1033B00013232B8034E614230120E61CA070314631
:1033C0002B80FFF79BF8E11D05460220FFF796F8DA
:1033D000034604F10B0103201D43FFF78FF803465A
:1033E00004F10F010420ADB21D43FFF787F8034637
:1033F00004F113010520ADB245EA0304FFF77EF89E
:10340000A4B244EA00039BB2002B3FF409AE1122A0
:103410000021304602F0FAF802E60123E61CA37010
:1034200014220021304602F0F1F83046464902F0FD
:10343000FDF817232B80F3E5782207234349A27177
:10344000C4F802102B80EBE5042200232A8063805D
:10345000E6E5032200232A80A370E1E506224FF06F
:1034600080732A80C4F80230DAE50622384B2A80BD
:10347000C4F80230D4E50622364B2A80C4F8023064
:10348000CEE50322344B2A809B8AC3F30723A37023
:10349000C6E50423304A2B809388C3F34A13A370F4
:1034A0009388DB00E370BBE5032274232A80A370BA
:1034B000B6E503224C232A80A370B1E504232B80B8
:1034C0000BF01EFE254DA5FB00239B0BA3700BF0FC
:1034D00017FEA5FB00539B09E370A1E50622042318
:1034E0002A80C4F802309BE503A8FEF7D1FF38BB61
:1034F000039A02F07F02002306212980A270E37064
:10350000237163718CE50622154B2A80C4F80230C2
:1035100086E5032251232A80A37081E504224BF61D
:1035200035732A8063807BE5062200232A80C4F855
:10353000023075E506220B4B2A80C4F802306FE595
:103540000022D8E7F00701080008010801123456EC
:10355000123456788001800154000320D34D62104C
:1035600098188003A40C0001814204D900F178402E
:10357000B0F5802F01D30020704701F17841013967
:10358000B1F5802F2CBF002001207047814208D95F
:10359000B0F1005F05D3044881428CBF00200120B8
:1035A00070470020704700BF00000420814211D9FD
:1035B000B0F1005F10D31A4B994219D9194B9842B8
:1035C00008D9194881428CBF002001207047B0F112
:1035D000006F15D200207047144B98420AD8144B44
:1035E0009842F4D9134881428CBF002001207047D3
:1035F00001207047104881428CBF00200120704795
:103600000E4B9942E6D80E4BB3F8E030B3F5007F8D
:10361000EED00C4881428CBF00200120704700BFD3
:10362000000004203F20024040210240FFFFF90B30
:10363000FFFFF80B0080F90B0002FA0B00000808EE
:103640000005FA0B0000040800B58BB001A804F0D7
:103650005FFB0598AA3818BF01200BB000BD00BF62
:1036600000B58BB072B601A804F052FB04214FF4F0
:103670000052079B019143F08063CDE9062304F0DB
:103680004BF918B162B601200BB000BD04F064F92B
:103690000028F7D101A804F019FA10B904F07EF956
:1036A000F0E704F06DF904F04BF9EBE710B58AB0E0
:1036B00004F032F9044604F04FF9044301A804F081
:1036C00027FB04214FF480729DF81E30E4B2C3F34F
:1036D000001383F001031B05CDE90623019134B1EA
:1036E00004F04EF904F02CF901200AB010BD01A835
:1036F00004F0ECF90028F3D104F050F9044604F08A
:103700003FF9044304F01CF9E4B22043C0B200388E
:1037100018BF01200AB010BD30B58BB004F0FCF822
:10372000044601A804F0F4FA00238022079802213D
:1037300010F4801FCDE9033200930CBF0223012354
:10374000019101A86946029304F078FB054604F054
:10375000F7F828432043C0B2003818BF01200BB04F
:1037600030BD00BF70B504F0D7F805460F4C104EC1
:10377000D4E90023B3F1FF3F08BFB2F1FF3F04F5E6
:10378000802107D0012004F045F9002818BF45F03A
:103790000105EDB20834B442EAD104F0D1F828436F
:1037A000C0B2003818BF012070BD00BF00E00308A0
:1037B00000000408002330B58FB0009304F0ACF88B
:1037C0000223044605A8019304F0A2FA0B9B0422ED
:1037D00013F4801F4FF07C0014BF022301236946BD
:1037E00003900DEB02000492029304F027FB0546C0
:1037F00004F0A6F8054344EA0500C0B2003818BF3B
:1038000001200FB030BD00BF014608B5012004F013
:1038100001F9003818BF012008BD00BF0022014B8C
:103820001A6070471C2A032010B4264C2388002BF2
:103830003FD0B3F57B6F41D240F6FF71224AC3EB14
:103840000333A2FB0323A1EBD32189B2B4F802C056
:10385000A388BCF5E06F34BF4FF0000C4FF0010CB3
:103860001A4AB3F5306F118082F802C013D2B3F553
:10387000E06F21D2B3F5407F22D2B3F5807F8CBFB9
:1038800000230123D1789B00994208D1104B186086
:103890005DF8044B70470123D1789942F6D00C4C67
:1038A0002168411AFA29F3D9D37020605DF8044BDE
:1038B000704740F6FF71C9E70223EDE70021C5E735
:1038C0000323E9E7202A0320BFBF8C82780003206E
:1038D0001C2A03200022014B1A707047262A03205D
:1038E000154B164A1B78108891787BB16FF4FC63F6
:1038F000C3183E2B124B14D91881188B60F0FF00AF
:1039000080B2188321B9598A89B201E00C4B188121
:103910001982D27822B1198B01F47F410A431A83AC
:103920007047588980B21881188BC0B21883588AA2
:1039300080B21882E6E700BF262A03207800032021
:1039400054000320014B1860704700BF282A032051
:10395000704700BF00B5044B83B0186801A907F099
:10396000DBF9019803B000BD282A03200D4B027833
:103970001B68403201291A700FD900B5A1F1020E5F
:1039800010FA8EFE024610F801CF724503F801CFFF
:10399000F8D1054B1B68198000BD034B1B681980CB
:1039A000704700BF542A0320502A032030B54378C3
:1039B000044685B013B98378442B0FD07F204FF095
:1039C000310C03213C4B3D4A1B681268187020786B
:1039D00083F802C05870118005B030BD0B2903D0A8
:1039E0007F204FF0130CECE7354B1978022903D0F8
:1039F0004FF07F0C7F20E4E71B7F022B11D1314D6C
:103A00006B7B13F0FB030FD07F20242503212A4B6F
:103A10002A4A1B681268187020789D7058701180AF
:103A2000DAE74FF0330CE5E7D0F80300AB60012391
:103A30002B73D4F8073000BA1BBAC1186B6001921F
:103A40002860FFF791FD1C4B19681C4BD3F800C090
:103A500040B36B68019A13F0070F0AD07F237020E0
:103A60000B70032394F800E0887081F801E0ACF853
:103A7000003023786A734FF20F04202540338DF80D
:103A80000C3003AA4B1EC81C8DF80D50ADF80E402B
:103A900012F8011B03F8011F8342F9D10423ACF88B
:103AA000003099E77F22312003230A702278887042
:103AB0004A70ACF800308FE7542A0320502A0320C4
:103AC000302A03205C2A032003780F2B40F28380E6
:103AD0002DE9F047A3F1100204460D468EB0772A77
:103AE0007FD8DFE812F0420232027E007E00C5017C
:103AF0007E007E007E007E00AC017E007E007E00A7
:103B00007E007E007E007E007E00F801E201080259
:103B10007E007E006C019F01920115027E008501EE
:103B20007E002202D5017E005C017E007E004801FD
:103B30002201ED00DD00D0007E007E007E007E00D0
:103B4000320105017E007E007E007E007E007E0048
:103B50007E007E007E007E007E007E007E007E0075
:103B60007E007E007E007E007E007E007E007E0065
:103B70007E007E007E007E007E007E007E007E0055
:103B80007E007E007E007E007E007E007E007E0045
:103B90007E007E007E007E007E007E007E007E0035
:103BA0007E007E007E007E007E007E007E007E0025
:103BB0007E007E007E007E007E007E007E007E0015
:103BC0007E007E007E007E007E007E001501C30028
:103BD000B300A6008D00A24BA24A1B681268FFF733
:103BE000FBB97F20112503219E4B9D4A1B6812685B
:103BF000187020789D70587011800EB0BDE8F08765
:103C0000012D40F2FA84427802F07F03012B00F08C
:103C10001485032B00F0FF847F2012250321914B94
:103C20008F4A1B681268187020789D705870118038
:103C3000E3E77F20112503218A4B894A1B6812681C
:103C4000187020789D7058701180D6E7022D00F012
:103C5000A8847F2013250321824B814A1B681268A8
:103C6000187020789D7058701180C6E77F2012254B
:103C700003217C4B7A4A1B681268187020789D706B
:103C800058701180B9E77F2011250321754B744AC4
:103C90001B681268187020789D7058701180ACE70E
:103CA000704B6F4A012D1B68166800F0A9837F21B5
:103CB00013200322197021789870597032809CE784
:103CC000012D40F23B83684E737B012B00F01A8577
:103CD000644A6349022B1268086800F0C2857F219C
:103CE000242503231170217895705170038084E797
:103CF000022D00F06D847F2013250321594B584A73
:103D00001B681268187020789D705870118074E7D5
:103D10007F2011250321534B514A1B6812681870EC
:103D200020789D705870118067E7022D00F22D8178
:103D30007F20132503214B4B494A1B6812681870DA
:103D400020789D705870118057E7012D40F2038351
:103D5000437803F00F02042A00F0C1847F2012256B
:103D60000321404B3E4A1B681268187020789D70F2
:103D70005870118041E73D4BB3F8E030B3F5007F58
:103D800000F09C847F2011250321364B344A1B68A8
:103D90001268187020789D70587011802DE7032DDF
:103DA00000F2FB807F20132503212E4B2C4A1B6839
:103DB0001268187020789D70587011801DE7012DD1
:103DC00040F2E382467806F07F06012E00F0CD84B3
:103DD000022E00F0EB847F2012250321214B204A84
:103DE0001B681268187020789D705870118004E765
:103DF0007F20112503211B4B194A1B68126818707C
:103E000020789D7058701180F7E67F2011250321DE
:103E1000144B134A1B681268187020789D705870F4
:103E20001180EAE67F20112503210E4B0C4A1B6806
:103E30001268187020789D7058701180DDE6094F67
:103E4000022D3B6800F242827F2013250321044AA1
:103E50001870207812689D7058701180CDE600BFF0
:103E6000502A0320542A03205C2A03200005FA0B61
:103E7000042D00F0B3827F2013250321A44BA54A13
:103E80001B681268187020789D7058701180B4E615
:103E90007F20112503219E4B9E4A1B6812681870D3
:103EA00020789D7058701180A7E6012D40F2608245
:103EB000437803F00F02042A00F044847F20122587
:103EC0000321934B934A1B681268187020789D70E9
:103ED0005870118091E6032D00F0A1827F201325F8
:103EE00003218B4B8B4A1B681268187020789D70D9
:103EF0005870118081E67F2011250321844B854A6B
:103F00001B681268187020789D705870118074E6D4
:103F10007F20112503217E4B7E4A1B681268187092
:103F200020789D705870118067E6022D00F2F581AF
:103F30007F2013250321764B764A1B681268187080
:103F400020789D705870118057E6714B714A022D90
:103F50001B68166800F026827F2113200322197047
:103F6000217898705970328047E6022D00F0F18276
:103F70007F2013250321664B664A1B681268187060
:103F800020789D705870118037E60222294620461D
:103F90000EB0BDE8F047FFF709BD90F90120437866
:103FA000002ABCBF03F07F0343704388B8BF0126DB
:103FB0005BBA9BB2A8BF0026B3F5097F00F35F850B
:103FC000B3F5007F2ADBA3F50073242B26D8DFE8A6
:103FD00013F0ED00D600C500B200A3009000680009
:103FE0005900500148012500250025002500250025
:103FF00025001401FF0025002500250025002500CF
:104000002500250025002500250025002500250088
:10401000250041012601760143003D007F2031212A
:1040200003223B4B1B6818702078997039495870EF
:104030000B681A80002E3FF4E0AD354A1268127802
:104040007F2A3FF4DAAD00221A80D6E5052D00F074
:1040500069877F201321E3E7042DFAD1FDF7D2FC15
:104060000A2009F08BFD2A4B1A682A4B1B6821781D
:104070004031117061785170A1789170E178D17000
:104080001D80D7E7224A234B042D12681B6800F0DD
:104090002D877F2113201170217890705170032596
:1040A000EEE70B2DD5D9456887682DBA3FBA28466B
:1040B0007919FFF77BFA0028B0D039462846FDF77A
:1040C000FDFE01460827124B25781A684035157009
:1040D0006078104B5070A0781B689070E078D171B8
:1040E000D070080E1071080CF940507191711F804A
:1040F000A0E7074A074B062D11681B6800F00287EE
:104100007F2213200A70227888704A70032290E779
:10411000542A0320502A032071200421AB4B1A6833
:10412000AB4B107060781B685070A0789070E0788E
:10413000D07019807EE7A54B71201968AB1E0A4626
:10414000087014FA83F3214614F8010F8B4202F829
:10415000010FF8D19E4B1B681D806BE7FFF702FB38
:104160009A4B1A689A4B1B68002800F00F877F2132
:1041700072201170217803259070517080E7FFF74D
:1041800019FB924B1A68924B1B680028EFD121460D
:10419000207840301070A81E14FA80F00C4611F8F8
:1041A000017F844202F8017FF8D169E7874A884B92
:1041B000042D12681B687FF46CAF4178012900F070
:1041C0009487022940F089870020824908704EE7D1
:1041D000042D7FF43EAF804B1A78022A00F0AA87A4
:1041E0007F227F200321794B1B68187020789A70FA
:1041F000774A5870136819801CE7042D7FF429AFA3
:10420000754B1A78022AEBD11B7F022B40F08F8767
:104210004378012B00F0CF877F20122100E7052D86
:104220007FF417AF0079FDF7EBFCFDF7EBFB0A20FD
:1042300009F0A4FC0420654B21781A68644B4031D6
:104240001B68117061785170A1789170E178D1701C
:104250001880EFE6072D7FF4FCAE0430FDF7C2FCBA
:10426000E3E75D4B1B7F022B00F011867F2033219B
:10427000D6E6082D7FF4EDAE4378012BCCD1C3797F
:10428000042B7FF4CBAE807922796379000240EA77
:10429000026040EA034040F00400FEF7D1F8002835
:1042A00000F056857F2072250321484A484B12684A
:1042B0001B6810702078957050701980BAE6072D31
:1042C0007FF4C7AE0430FDF7A3FCAEE7592204210A
:1042D0001A70427899705A70427802F07F02012A6F
:1042E00000F09C82022A00F093827F251226032090
:1042F000374A1D70257811689E705D70088094F9AA
:104300000130002BBFF679AC3B681B787F2B3FF464
:1043100074AC0021136819806FE42F4B1E78022EB5
:1043200000F055827F220320284B29491B68096829
:104330001A7024789A705C7008805EE47F201325E0
:104340000321224B224A1B681268187020789D7046
:104350005870118051E47F20132503211B4B1C4A08
:104360001B681268187020789D705870118044E4A2
:104370007F2013250321154B154A1B6812681870FE
:1043800020789D705870118037E47F201325032119
:104390000E4B0F4A1B681268187020789D70587079
:1043A00011802AE40C4A1278012A00F076824278C1
:1043B00002F07F02012A00F0A9837F21122003224C
:1043C0001970217898705970328016E4542A0320AD
:1043D000502A032076000320302A03204378FF2B45
:1043E00000F072827F2031250321A74BA74A1B686A
:1043F0001268187020789D7058701180FFF7FDBB0F
:10440000A34A517B032900F032837F212420032219
:1044100019702178987059703280FFF7EEBBB0F8B0
:10442000012052BA90B20022A0F50071B1F5007FD0
:10443000CDE90122CDE903220092C0F06B82A0F504
:104440007142843A0C2A08D8DFE802F072076C63E4
:10445000070707075A07070715007F2031250321A3
:10446000894B8A4A1B681268187020789D705870B2
:104470001180FFF7C2BB69460120FEF73FF801A992
:1044800005460220FEF73AF8034602A903201D4321
:10449000FEF734F8034603A90420ADB21D43FEF72E
:1044A0002DF8034604A90520ADB21D43FEF726F8FA
:1044B000ADB20543ADB2112269460DF1170001F00E
:1044C000A9F8002DC9D1142523786F4A66781168A0
:1044D000A2784033681E8DF814308DF816208DF8C0
:1044E000156005AA4B1E11FA80F012F8011B03F8A3
:1044F000011F8342F9D1654B1B681D80FFF77DBB0F
:104500000C2264490DF1170001F084F80F2523787F
:10451000DBE7042260490DF1170001F07BF8072565
:104520002378D2E75D4A042512788DF81720CCE76E
:104530000C225B490DF1170001F06CF820230922D1
:10454000584909A88DF82330192501F063F823781C
:10455000BBE7437803F07F03022B00F05B82032B61
:1045600000F04482012B40F06A8200224B494E4801
:10457000C1E903220B70464B02605A734A610A7705
:104580008A6194F901306278002BFFF636AB502037
:104590003D4B3E491B6809685A7018700D80FFF743
:1045A0002CBB427802F07F03012B00F07F81022BAD
:1045B00000F053827F2012250321334B334A1B68BE
:1045C0001268187020789D7058701180FFF715BB25
:1045D0004378002B00F09381802B3FF40EAB7F20BB
:1045E00012250321284B294A1B681268187020786D
:1045F0009D7058701180FFF700BB7F2013250321A9
:10460000214B224A1B681268187020789D705870E0
:104610001180FFF7F2BA244D2968002940F02E815D
:104620007F202225184A19491268096810702078DD
:10463000957050700B80FFF7E0BA022D00F03782C2
:104640008378103B032B00F2F285DFE803F01917A3
:10465000021B164B144A136094F90130002BFFF62D
:10466000CCAA0221084A237812684033074D137000
:1046700060782B6850701980FFF7BFBA0C4BE9E7E0
:104680000C4BE7E70C4BE5E7542A0320502A0320A4
:104690005C2A03209005FA0B28080108302A032021
:1046A000100801081C080108582A032020A107004F
:1046B00090D0030048E8010040420F00022D00F2B4
:1046C0003C817F2013250321B14BB24A1B6812683D
:1046D000187020789D7058701180FFF78EBA03F023
:1046E000F002402A40F22C817F2012250321A84BA2
:1046F000A84A1B681268187020789D705870118045
:10470000FFF77BBAA91E11F007051FFA81F840F0E8
:104710009A80B36872684344934200F29480327B7B
:104720004378934200F042847F2073250321984B05
:10473000984A1B681268187020789D705870118014
:10474000FFF75BBA03F0F002402A40F229817F2094
:10475000122503218E4B8F4A1B681268187020782F
:104760009D7058701180FFF748BA40F26713ADF89A
:104770001430FFF7EFF8884A884B4240C3E9030240
:104780001E7794F9013000BA002BCDF81600FFF621
:1047900034AA06217E4B05981B687E4A1860BDF836
:1047A0001800126898801180FFF727BA062D00F0D4
:1047B000CB817F2013250321754B764A1B68126835
:1047C000187020789D7058701180FFF716BA4FF25C
:1047D0008412B0F8013058BA80B220F0080191423A
:1047E00000F0F68049F2F102934200F06382072D57
:1047F00000F057837F2013250321654B654A1B6812
:104800001268187020789D7058701180FFF7F5B904
:10481000032D00F0CE817F25132668E5032DFAD104
:10482000002205A8DA70FDF733FE5A4A3B68166885
:10483000002800F024837F2119707221207899705C
:10484000587035805BE57F2071250321504B514A1C
:104850001B681268187020789D7058701180FFF7DF
:10486000CCB9022D00F061817F21712503231170E5
:104870002178957051700380FFF7BFB9130600F1DE
:104880002481C7200221424B424A1B6812681870DB
:10489000607858701180FFF7B0B97F2203211A7039
:1048A00000789A7058703180FFF7A7B911063FF56C
:1048B000A4A9C521364B374A1B6812681970417884
:1048C00059701580FFF799B98378FF2B7FF48AAD73
:1048D000C378FF2B7FF486ADFDF77EFD002800F046
:1048E0001D847F2072250321294B2A4A1B681268E8
:1048F000187020789D7058701180FFF77EB97E2166
:10490000234B244A1B68126819704178597015802E
:10491000FFF773B96946FDF7F1FD002800F0278124
:104920007F2131201A4B1B4A1B68126819702178AD
:10493000987059701580FFF760B90122FFF726BB08
:104940001B095A1DAA4280F2D380002B00F0A782D7
:104950000027591E0530C90010F8012F8A40083978
:104960003A4311F1080F97B2F6D19E1DF3199D42FB
:1049700000F072827F2013250321054B054A1B6836
:104980001268187020789D7058701180FFF735B943
:10499000542A0320502A032078563412302A032048
:1049A000AF4A1278012A00F032811B099A1D954204
:1049B00000F0EE817F2013250321AA4BAA4A1B6831
:1049C0001268187020789D7058701180FFF715B923
:1049D0007F2031250321A34BA34A1B68126818705E
:1049E00020789D7058701180FFF707B99F4A928A0E
:1049F00092B2B2F5805FC0F041817F208825994A4C
:104A000099491268096810702078957050700B8071
:104A1000FFF7F3B8954B9B8A9BB2B3F5805FC0F06C
:104A200003817F20222503218E4B8F4A1B68126849
:104A3000187020789D7058701180FFF7DEB87F20C5
:104A400012250321874B884A1B681268187020784A
:104A50009D7058701180FFF7D0B812063FF5CDA8B1
:104A6000294620460EB0BDE8F047FEF77FBF04217F
:104A70005173027840321A703580FFF7BEB8B3F533
:104A80007F4F00F050814FF6017293427FF4C6AA27
:104A9000042D7FF4DEAA4378012B7FF4BDAB704B6D
:104AA0001A78022A00F07C837E22FFF79ABB7F20CF
:104AB000132503216B4B6C4A1B6812681870207811
:104AC0009D7058701180FFF798B80123684C2678C4
:104AD0002370FDF73FF84FF47A7009F04FF8F6B203
:104AE0002868FDF73FF8FCF78DFF2670FFF785B8C3
:104AF0007F20132503215B4B5B4A1B6812681870EB
:104B000020789D7058701180FFF777B851221A7085
:104B100042785A70358090F90130002BBFF66DA8AD
:104B20000EB0BDE8F04702F04BB8317B63788B42A2
:104B300000F050817F217325032311702178957037
:104B400051700380FFF759B8454B9A69042A40F227
:104B50000B817F2036250321424B434A1B68126894
:104B6000187020789D7058701180FFF746B86078F3
:104B70002378A478403304228DF8150069460DF19E
:104B800017008DF814308DF8164000F043FD354BBA
:104B90000DF113021868431E063012F8011F03F8C6
:104BA000011F9842F9D107222F4B1B681A80FFF78B
:104BB00024B8002205A8DA70FDF76AFC81460028B7
:104BC00040F02D81059B002B00F0AA8280466E46A6
:104BD00012E09DF803203B685A55BDF8022003F807
:104BE0002820009A2B44120A9A70009ADA70059BCA
:104BF0000435984580F01F8140463146FDF704FC9E
:104C000008F101080028E4D04FF00109EFE77F2206
:104C10000320144B14491B6809681A7024789A7091
:104C20005C700880FEF7E9BF00230D4A1148C2E915
:104C30000333114903604B7353611377936194F904
:104C400001306078002B1570FEF6D7AF5021054B70
:104C5000054A1B681268587019701580FEF7CDBFA1
:104C6000302A0320542A0320502A03205400032012
:104C700076000320582A03205C2A03200022B3492F
:104C8000B348C1E903220B70B24B42731A604A6108
:104C90000A778A6194F9013060789342FEF6ADAFED
:104CA0005021AD4BAD4A1B681268587019701580C1
:104CB000FEF7A3BF142D7FF49DADD4F8031001209F
:104CC000FDF704FCD4F8071005463046FDF7FEFB5F
:104CD0000346D4F80B1003201D43FDF7F7FB0346F2
:104CE000D4F80F100420ADB21D43FDF7EFFB0346CF
:104CF000E17C0520ADB21D43FDF7E8FBADB245EA0E
:104D000000039BB2944A954912680968002B00F091
:104D1000F0817F20722503231070207895705070E9
:104D20000B80FEF76ABF042D7FF493A94378012B13
:104D30007FF472AA854B1A78022A7FF4B5AE1B7FE6
:104D4000022B40F0F481FEF7E7FC00287FF4AAAACA
:104D500004212046FEF70AFE804B1B681A88002AB1
:104D60003EF44BAFFFF766B958685969411A0929F3
:104D700000F2FA807F2037250321774B774A1B68A2
:104D80001268187020789D7058701180FEF735BF3A
:104D9000002B00F08D800026013B411DDB0011F847
:104DA000012F9A40083B13F1080F46EA0206F6D19C
:104DB00040F6FE739E427CD97F2031250321664B4D
:104DC000664A1B681268187020789D7058701180B0
:104DD000FEF713BF01333373237800214033137080
:104DE000637802F8013FB3680BE034680131E35C9B
:104DF000B1F57F6F02F8013FB36803F10103B360BF
:104E000003D07468A342F0D389B27268023193422E
:104E10000180FEF4F2AE03237373FEF7EEBE7F2231
:104E200072203B681A7021784C4A59709870136848
:104E30001D80FFF764BAB9F1000F00F071817F2186
:104E40003B687225197003212078444A58709D7080
:104E500013681980FFF753BA3C4B1A78022A00F006
:104E6000F0807F227F2503203B4B3C491B6809686B
:104E70001D7024789A705C700880FEF7BEBE062014
:104E800005995971090A19713080FFF738BABFF3D3
:104E90004F8FBFF36F8F431D9847FFF7CBB91F4666
:104EA00063E5D4F8031009BAFDF710FB034629E7C0
:104EB0001E46D4F802502DBA71192846FEF776FB2B
:104EC000254B264A1B681168002800F01D812278B6
:104ED000ED1A40321A709A1902E0E85C03F8010FEB
:104EE0009A42FAD1731C0B80FEF787BE41780129E4
:104EF00000F0D980022940F0F080002018490870A5
:104F0000FFF7B5B8828840F6FB7052BA92B282427F
:104F100040F2CD807F2231200A70227888704A705A
:104F2000FFF7F4B84378012B7FF476A90379002BBF
:104F300000F04A81012B7FF471A80A48FDF754F86C
:104F400029462046FEF712FD06E700BF302A03205F
:104F50005C2A0320582A0320542A0320502A0320C5
:104F6000262A0320000F0108197F012900F0EF8095
:104F70007F2024250321B64BB64A1B68126818709F
:104F800020789D7058701180FEF737BE214620783A
:104F900040301070A81E14FA80F00C4611F8017F02
:104FA000844202F8017FF8D1FFF76AB80133337306
:104FB00002F0B2FCB8F1000F5ED02746AA46A9461F
:104FC000B0683B797A791B0403EB0263FA78397A8B
:104FD00003EB02237A7A090401EB0261BA780AF141
:104FE000080A134419EB0302FB79083701EB03238A
:104FF000316801F58021084417F8021C0B44FEF7C4
:1050000003FC40EA0503B068D04500F10800DDB2BA
:10501000B060D6D802F094FCD6E901329A4224BF9F
:105020000323737385B37F2172200322884B1B688F
:105030001970217898705970864B1B681A80FEF79A
:10504000DCBD1B7F022B2CD1D4F802502DBA284690
:105050007919FEF79BFA002840F0BE807F203125A9
:1050600003217B4B7B4A1B681268187020789D7067
:1050700058701180FEF7C1BD02F062FCD6E9012331
:105080009A4201D8032373730220714A714923782D
:105090001268647809684033137054700880FEF712
:1050A000ACBD3322DEE66C480170FEF7E0BF712034
:1050B0000870084665784D70A5788D70E4780021F9
:1050C000151F00F8034F02E000F8011F01318D4267
:1050D000FADC043292B2FEF7ACBF7F2112201170CD
:1050E000217890705170FEF7DABF5C480170FEF7CE
:1050F000BEBF60782378A5785070032040331370CA
:1051000095700880FEF779BD7F2031250322187045
:1051100020789D7058700A80FEF76FBD0121A0E4D1
:105120004C4A9B00116803330B80FFF7E8B8332229
:10513000FFF757B81B7F022BF9D14378012B7FF47F
:105140006BA8FEF7B3FA00287FF4ACA800E6D4F809
:1051500002101D6909BA8D4212D000277F265861BE
:105160003525032001329A61394A3A4912681F777E
:10517000167023780968537095700880FEF73DBD5E
:105180001E7794F90130002BFEF637AD40F267210F
:105190002F4A304B12681B6811801E80FEF72DBD10
:1051A0001B7F022BC3D12E4B5B7B042BC9D07F20EE
:1051B0002221FEF735BFFEF747FA00BBFEF750FA93
:1051C00000287FF46FA8C3E52648FCF70DFF2946A9
:1051D0002046FEF7CBFBBFE5022F23D0042F1CD0C7
:1051E000082F12D06FF00603E21D1B1B02E012F81D
:1051F000011F29709918B942F9D3314631E40BF0F7
:10520000A7FA00287FF44EA8A2E5A168E0680BBACF
:1052100002BA3146C5E9002323E4A36831461BBA2C
:105220002B601EE4238931465BBA2B8019E47F2270
:10523000002631200321064B0B4D1B682E601A708F
:10524000044A247812685C7098701180FEF7D5BC0F
:10525000542A0320502A0320262A03207600032004
:105260005C2A0320140F0108582A032038B50024B3
:105270000122094B09490A4D4C73586009490A48F3
:10528000C3E90344C3E905442C601A701C77FDF799
:105290001DFA204638BD00BF302A03205C2A0320B7
:1052A000582A03208000032058A00120114B0146FA
:1052B0001A78032A02D01048FDF7A2BB41F28830C9
:1052C0005A688A1A8242F6D900224FF0010C0B4824
:1052D00010B40B4C427383F800C01A772260064862
:1052E0005DF8044BC3E90322C3E905225960FDF7C9
:1052F00087BB00BF302A032058A001205C2A03206E
:10530000582A03200146024A0248FDF78FBB00BF1E
:10531000A800032058A001202DE9F043002585B006
:1053200004468DF80D50ADF80E50D0E90050B0F1A4
:10533000804F0F4690461E46C5F382690CD038B99F
:1053400040F2E1739D4263D040F2DF739D420ED084
:10535000002005B0BDE8F083C5F30743DA2BC5F3A1
:10536000072200F09980DB2BF2D1FF2AF0D1E06810
:1053700000F044F90028EBD03B780F2BE8D8002B45
:1053800000F09680072BE3D801388342E0D8A26969
:105390000137ADF80E30A2F500120123B2FA82F205
:1053A0008DF80D30504B520983F826216168B1F118
:1053B000804F00F08F8040F2E97200214B484C4B47
:1053C0000260C3E9002141604FF0FF3301220DF17B
:1053D0000D01306809F0A6F84FF0FF3302220446B1
:1053E0000DF10E01306809F09DF802464FF0FF33D1
:1053F000144439463068BDF80E2009F093F8BDF822
:105400000E3004440333A34244D0FBF7D7FD41E000
:1054100040F2E973364AC2E90030344AC2E900304A
:10542000E06800F0EBF8CDF80080A369314CA3F5FB
:105430000013B3FA83F301463A4620465B09FDF7B1
:105440006FF92578022D83D100274FF0FF33012219
:105450000DF10D0130688DF80D7009F063F82A46E2
:105460004FF0FF330546A11C306809F05BF8024697
:105470004FF0FF3315443068628804F10D0109F0E4
:1054800051F8638805440333AB4201D0FBF796FD26
:105490000023237001205CE7132A7FF459AF2B020D
:1054A0009BB243EA896343F45A0343F01303B1E721
:1054B000A269B2F5001F7FF44BAF08287FF648AF12
:1054C0007B78002B3FF444AF023883423FF640AF75
:1054D00002375EE72A0292B242EA896242F45A0235
:1054E00042F013026AE700BF58C001208000032089
:1054F000A800032058A001204FF0000C10B5029C1A
:10550000A4F800C08C460D490B600D490C600D4994
:105510004860114622B1BDE810406046FEF7D4BA9B
:105520004FF07F0E8CF800201320032283F800E058
:105530009CF8001098705970228010BD542A0320E6
:10554000502A0320302A03204FF0000C10B5029C93
:10555000A4F800C08C460D490B600D490C600D4944
:105560004860114622B1BDE810406046FEF7ACBA73
:105570004FF07F0E8CF800201320032283F800E008
:105580009CF8001098705970228010BD542A032096
:10559000502A0320302A032038B5049A12884AB1D1
:1055A0001978512907D0C72904D1012A02D05B7884
:1055B000032B08D038BD4FF4FA7008F0DFFABDE8CD
:1055C000384001F0FDBA4FF4FA7008F0D7FA012321
:1055D000084C25782370FCF7BDFA4FF47A7008F078
:1055E000CDFA054BEDB21868FCF7BCFAFCF70AFAE5
:1055F000257038BD76000320582A0320014BC0B225
:10560000185C7047F0100108704700BF0AB10AF03B
:10561000AFBF70474AB1013A4B1E0138114413F82D
:10562000012F8B4200F8012FF9D17047421E11F86B
:10563000013B02F8013F002BF9D1704708B5037810
:105640002BB10130FAF7FCFD013080B208BD1846DD
:1056500008BD00BF4FF47A7202FB00F0024BA3FBBF
:105660000030800908F08ABAD34D6210F8B541784D
:10567000072909D942F2FE2002221649164B096871
:105680001B6808801A80F8BD144D0446286901443F
:10569000FDF78CFF0F4A104B012816681F6805D0D4
:1056A00042F2FE22022332803B80F8BDFF2333709A
:1056B000637863B100232A6912780133DBB2F254B4
:1056C0002A6901322A6161789942F5D8481C3880EC
:1056D000F8BD00BF702A03206C2A0320742A03201F
:1056E00000220146034B1046C3E903221A70596099
:1056F0001A817047742A0320084B1A785AB14EF663
:1057000060215A68821A8A4205D90022C3E903221D
:1057100058601A701A810020704700BF742A032055
:1057200038B5D0B20C46FFF76FFF074DE86002E0D6
:105730000A2008F023FA21462846FCF77DFA0028C3
:10574000F6D1012038BD00BFD000032070B5D0E9EC
:105750000042B2F1804F0D461E4682B007D01AB902
:1057600040F252539C4219D0002002B070BDC4F3E5
:105770000743EF2BF8D1C4F30723132BF4D1E3B283
:105780003F2B01D05A2BEFD123029BB204F0E054FF
:105790001C4344F46F0444F0130401E040F25354FA
:1057A000124BC068C3E90042FFF728FFADF80600BE
:1057B0000028D9D04FF0FF3302220DF106013068E6
:1057C00008F0B0FE4FF0FF3304462946BDF806202E
:1057D000306808F0A7FEBDF8063004440233A34247
:1057E00001D10120C1E7FBF7E9FBFAE7D000032074
:1057F0002DE9F041069D944F944E954C35606060C4
:105800003B604AB1FF2018700878FF2824D094F834
:1058100000C0BCF1010F01D0BDE8F081CE383028C6
:1058200027D8DFE800F03326262626262626262639
:10583000262C2C26262626262626262626262626FC
:1058400026332626262626262626268D837C746148
:1058500053264339AFA16C00012A00F098804A78A2
:10586000002A00F0948042F2FE21022219802A8050
:10587000D2E742F2FE01022219802A80CCE7002200
:10588000C3F801205A6008232B80C5E700210322BA
:10589000A3F801102A80BFE7002201200821C3F8E5
:1058A0000120A3F80520D8712980B5E7012A30D05E
:1058B0004A78002AD7D104200821C3F80120A3F890
:1058C0000520644AD87129802261A5E7012A20D0E9
:1058D000227A012A03D04A78002A00F0828000212F
:1058E000022259702A8097E7052A12D9627A012A82
:1058F00064D042F6FE11022219802A808CE7002330
:105900000122C4E90333237023812A8084E7082A13
:105910004ED042F2FE11022219802A807CE7012A31
:10592000F7D0BDE8F0410846FFF7A0BE072AF0D93E
:105930004B6808461BBA2361BDE8F041FFF796BEED
:10594000072AE6D94D68206995FA85F808EB000129
:10595000FDF72CFE01283F68366857D042F2FE2240
:1059600002233A80338057E700215970227A0620BB
:10597000013A18BF01221201D970197159719A7038
:10598000288049E7FE21022219802A8044E700226C
:1059900001214FF4807608202F4FC4E90322228191
:1059A0002170C3F80170A3F80560D971288033E72E
:1059B00001224B681BBA23612A802DE7D1F802101F
:1059C000E668264809BA7040884236D0002242F282
:1059D000FE50022118802980C4E90322227022810E
:1059E0001AE7FDF7B7FF0121042206253B68E060B6
:1059F00061725A70E27B31689A70E289DA70E2680B
:105A0000120A1A71E2685A710D8005E75DB1002330
:105A10001D46226912F8011B013398450D4422618D
:105A2000F8D895FA85F8032100220823C7F80480E6
:105A3000A7F80110FA703380EEE6228100210222DD
:105A400059702A80E8E600BF702A03206C2A0320E0
:105A5000742A032000110108000108087856341246
:105A600010B50F4B82B0186E002240F0010018668E
:105A70001C6E072104F001040094009C9C6D6FF0E3
:105A8000010044F080549C659B6D03F080530193AA
:105A9000019B01F03BF802B0BDE8104003F0D0BE1E
:105AA0000010024070B500210446ACB0942207A853
:105AB000CDE90211CDE9041106910AF059FD324BEE
:105AC00022689A4201D02CB070BD03234FF480426B
:105AD0004FF08051CDE90723099318221123279114
:105AE000CDE90A23022108224FF0807307A8CDE9EF
:105AF0000D230C9104F082FD00283BD1234B00269E
:105B0000DA6C02A942F40052DA64DA6C204D02F435
:105B100000520092009ADA6C42F00102DA64DB6C07
:105B2000322203F001030193032301981948CDE9C0
:105B30000223049602F0D8F980224FF480730521E5
:105B4000C5E903626B614FF480622023C5E9011649
:105B500011492846C5E906232E62296001F0E4F8C0
:105B600070B910210A4801F08FFA30B92565AC628E
:105B70002CB070BDFBF722FAC0E7FBF71FFAF5E780
:105B8000FBF71CFAEDE700BF008002420010024064
:105B9000E02603200000024208040240094B02688C
:105BA0009A4200D07047A3F500539A6C82B042F439
:105BB00080529A649B6C03F480530193019B02B062
:105BC000704700BF0030024010B500210446ACB061
:105BD000942207A8CDE90211CDE9041106910AF03B
:105BE000C7FC274B22689A4201D02CB010BD4FF061
:105BF00000724FF0807307A80792219304F0FEFC17
:105C0000002832D19FED1A6B9FED1B7B09241D4BA1
:105C100002A9DA6D1C4842F40072DA65DA6D02F40A
:105C200000720092009ADA6C42F00202DA64DB6CD5
:105C30008DED026B03F0020301938DED047B019B5C
:105C4000069402F051F900220521272000F05EFFA2
:105C5000272000F095FF00220521282000F056FFA4
:105C6000282000F08DFF2CB010BDFBF7A7F9C9E785
:105C7000000300000200000000000000000000001F
:105C800000A40040001002400004024208B502686F
:105C90000A4B9A4200D008BD094A4FF44071D36DB7
:105CA000084823F40073D36502F024FA272000F09B
:105CB00075FFBDE80840282000F070BF00A4004038
:105CC000001002400004024210B50446A6B094221F
:105CD000002101A80AF04CFC114B22689A4201D025
:105CE00026B010BD4FF4802301A8019304F086FC78
:105CF00098B90C4B0022D86C052140F48020D86460
:105D0000DB6C5E2003F480230093009B00F0FEFE1A
:105D10005E2000F035FF26B010BDFBF74FF9E8E735
:105D200000080C420010024000B5036887B0B3F1D0
:105D3000804F0DD02E4A934238D02E4A934214D031
:105D40002D4A934226D02D4A934244D007B000BD3D
:105D500003F504339A6D42F001029A659B6D03F0DE
:105D600001030193019B07B000BD254B0022986DF4
:105D7000052140F0200098659B6D322003F0200340
:105D80000393039B00F0C2FE322007B05DF804EBE2
:105D900000F0F6BE1A4B1A6E42F400321A661B6E01
:105DA00003F400330493049B07B000BD144B00229E
:105DB000986D052140F0100098659B6D312003F02F
:105DC00010030293029B00F0A1FE312007B05DF8A2
:105DD00004EB00F0D5BE0A4B1A6E42F480221A661C
:105DE0001B6E03F480230593059B07B000BD00BF25
:105DF00000100040001400400044014000480140F1
:105E0000001002400000000010B500210446AEB0B2
:105E1000942209A8CDE90411CDE9061108910AF0F0
:105E2000A7FB2D4B22689A4201D02EB010BD4FF433
:105E3000005309A8099304F0E1FB00283FD19FED2E
:105E4000226B9FED237B0A22244C2548E36C04A996
:105E500043F00103E364E36C8DED046B03F0010395
:105E60000193019B8DED067B089202F03DF8E36DF6
:105E700043F40013E365E36D03F400130293029B04
:105E8000A36DDB0018D4A36D43F08053A365A36D0D
:105E900003F080530393039B03F0CAFCA36D23F02C
:105EA0008053A36500220521492000F02FFE4920E0
:105EB00000F066FE2EB010BD03F0BAFCF2E7FBF76F
:105EC0007DF8BCE7AFF3008000180000020000007E
:105ED000000000000000000000D40040001002405C
:105EE0000000024210B5014688B000222A2000F0CE
:105EF0000DFE2A2000F044FE154B01A91A6E03A8DE
:105F000042F400621A661B6E124C03F400630293A3
:105F1000029B04F06BFA04F051FA0346002140F2B0
:105F2000E7300D4A2161A2FB0323A1609B0C0B49C2
:105F3000E060013B20462160636005F055FA10B136
:105F4000012008B010BD204605F05EF808B010BD75
:105F500000100240882A032083DE1B43002C0140EE
:105F6000FEE700BFFEE700BFFEE700BFFEE700BFA1
:105F7000FEE700BF704700BF014801F013B800BF43
:105F800090240320014801F00DB800BF282403200D
:105F9000014801F0F9BB00BF58260320014801F079
:105FA000F3BB00BF58260320014805F01DB900BF10
:105FB000882A0320014805F017B900BF9023032069
:105FC000014805F011B900BF44230320014802F045
:105FD0003FB900BF04260320014802F0D7BA00BF32
:105FE00004260320014804F0E5BE00BFF824032086
:105FF000014805F0C3BA00BF70250320014802F034
:106000000BBD00BFD01F0320014800F0CBBF00BF75
:10601000E0260320014804F0FFBD00BF5C250320FB
:10602000034AD2F8883043F47003C2F888307047CE
:1060300000ED00E0254B25491A68120754BFD3F83C
:1060400094301B688A6858BFC3F3032302F00C0224
:1060500048BFC3F30313082A12D01D480C2A50F876
:1060600023300FD01B49042A08BF0B46174A1A4891
:1060700092681A49C2F30312825CD3400B607047E6
:10608000174BF3E7C868CA6800F00301C2F30312B4
:10609000022902F1010211D0032913D0B3FBF2F15E
:1060A0000A4AD368D268C3F3062301FB03F3C2F3A1
:1060B000416201325200B3FBF2F3D7E70549B1FB6D
:1060C000F2F1EDE70649B1FBF2F1E9E70010024019
:1060D000081101080024F40050110108F400032005
:1060E00080969800DFF834D0FFF79AFF002103E094
:1060F0000B4B5B58435004310A480B4B42189A42F1
:10610000F6D30A4A02E0002342F8043B084B9A42C5
:10611000F9D30AF093FAFAF7EDFBFEE7000004204A
:1061200084110108000003206002032060020320A4
:1061300020580320FEE70000042010B500F0D4FC36
:10614000FFF778FF0020FFF7CDFE10B101242046B5
:1061500010BD0446FFF784FC204610BD034A044BE3
:1061600011681B780B441360704700BFD42A0320CA
:10617000F8000320014B1868704700BFD42A0320A1
:10618000002330B583B00193002800F09E80856D18
:106190000446002D00F09C80226893689D0005D580
:1061A000936823F0204323F03F0393609368D80063
:1061B00019D45C4B5C481B6891689B09A0FB0303E6
:1061C00021F010419B0921F03F0101335B0041F0B8
:1061D000805191600193019B2BB1019B013B019385
:1061E000019B002BF9D19368D90064D40120A36DE1
:1061F00043F01003A365E36D0343E365936813F075
:10620000040FA36D5DD1DB065BD4A36D23F4817312
:1062100043F00203A3659368DD0708D4434B9B68F2
:1062200013F0010F424B9B6801D1D90763D5E56894
:10623000636B94F820102B43A568012943EA0503FA
:10624000657E43EA453343EA01434FD0A16A21B159
:10625000E56A01F4707129430B43D568354929403B
:106260001943D16093681B0716D494F83030257E0B
:10627000D1685B0043EA8533E56C21F4804121F06D
:1062800006012B430B43D36094F83830012B3AD0EE
:10629000136923F0010313612369012B1ED0136BD3
:1062A00023F00F031363A36D23F0030343F00103F3
:1062B000A36503B030BD9368002013F0040FA36DF5
:1062C000A1D0A36D43F01003A365012003B030BD3E
:1062D000FFF7E8FBE56584F854505DE7116BE3696F
:1062E00021F00F01013B0B431363DCE7616A0139C5
:1062F00043EA4143AAE7104965688B6823F47C139D
:106300002B438B6093E71169E36B256C6FF38A0174
:106310002B430B43616C0B43A16C0B4343F0010314
:106320001361B9E7F4000320632D3E0500800242AB
:106330000081024207C0F0FF00830242704700BFA5
:10634000704700BF08B5806AFFF7FAFF08BD00BFBD
:10635000704700BF836A10B59A6D12F0500F9A6DA6
:106360001DD1196842F400729A650A6812F0080F8C
:10637000CA681BD012F4406F0DD1CA6894040AD4C5
:106380009A6D22F480729A659A6DD10403D49A6D45
:1063900042F001029A651846FFF7D0FF10BDD20601
:1063A0000AD4BDE810401B6DDB6B18479007E7D59A
:1063B0001846FFF7C3FFF1E71846FFF7C9FF10BD06
:1063C000806A08B5836D43F040038365C36D43F075
:1063D0000403C365FFF7BCFF08BD00BF0022F0B592
:1063E00083B0019290F85420012A00F0F380034614
:1063F00001201A6883F854009068400709D50120ED
:106400009A6D42F020029A65002283F8542003B06E
:10641000F0BD1F24486802F1300500F01F0C4FEA60
:10642000901E08680EF00C0EC0F3846000FA0CF0A9
:1064300004FA0CFC55F80E4024EA0C0C40EA0C005F
:1064400045F80E00906810F0040F906835D10707EA
:1064500033D4072408688D68C0F30456B440C00DD7
:10646000B5F1004F6FEA040400F0040000F0FC8076
:1064700002F11407B5403E5834402C433C5050695B
:1064800020F0004050610E69D468042E086800F0C6
:10649000B88002F1600757F826C0BA4D00F0F84006
:1064A0000CEA05050543C4F3C10448696400A04033
:1064B000284340F0004047F826009068C60701D501
:1064C0000020A1E7CE680C68AF48D2F8B05006F0C3
:1064D0001807F840C4F31207204025EA07052843AF
:1064E000C2F8B000A948864226D0A9490C42E7D09C
:1064F000A848A94986688D68ED076ED4A74DAD6898
:10650000EF073FF57CAFA64D06F0E077AC4200F018
:106510005F81A44DAC4200F07F81A34DAC42CFD14E
:106520007402CDD48A42CBD1826822F0E0723A4321
:1065300042F480028260C3E7002F51D094FAA4F0A5
:10654000002800F0D080B0FA80F0013000F01F0089
:10655000092840F2C88094FAA4F0002800F0728163
:10656000B0FA80F00130800600F0F84094FAA4F50B
:10657000002D00F06C810126B5FA85F5354405F053
:106580001F0506FA05F5284394FAA4F4002C00F040
:106590005C81B4FA84F4013404F01F0404EB440475
:1065A0001E3C240544F0007407272043C50D8E6867
:1065B00005F0040502F1140C5CF80540C0F304502A
:1065C000864007FA00F024EA000030434CF805004A
:1065D0000C688AE7022003B0F0BD704A92680EE7AB
:1065E0000120A40E013404F01F06A40604F0F845AF
:1065F000B040092E06EB460440EA0500D0D8240539
:10660000D2E7146E146EC0F31205C4F38464002D37
:1066100034D1C0F38466B44200F08B80546E556E62
:1066200002F16004C5F3846502F1640CB54200F028
:106630009480A568A56804F10807C5F38465C0F3D4
:106640008466AE4200F0B280E568E56804F10C06AD
:10665000C5F38464C0F38460A0427FF42EAF306839
:1066600020F00040306028E702F1140635582C4035
:106670003450506940F00040506104E790FAA0F5B2
:106680001DB1B5FA85F5AC4253D0546E556E02F18A
:106690006004C5F3846502F1640C90FAA0F604F17D
:1066A0000807BE461EB1B6FA86F6AE4257D0A568B8
:1066B000A568C5F3846590FAA0FC04F10C06B64603
:1066C000BCF1000F03D0BCFA8CFCAC4570D0E5687F
:1066D000E468C4F3846490FAA0F000283FF4EDAEBF
:1066E000B0FA80F0B8E794FAA4F0002800F0A48093
:1066F000B0FA80F00130800600F0F84094FAA4F57A
:10670000002D00F097800126B5FA85F5354405F097
:106710001F0506FA05F5284394FAA4F4002C00F0AE
:106720008E80B4FA84F4013404F01F0404EB4404B2
:1067300065E71446106E02F1640C20F0004044F846
:10674000600F506E0868556EC0F31206C5F384657D
:10675000002EA2D1C0F3846668E704F1080EDCF8CD
:106760000000774620F00040CCF80000A0680868E0
:10677000A568C0F31206C5F38465002E3FF45FAF31
:1067800099E700BF00F0FF03FFFF070000007F4014
:106790000000088000830242008002420081024221
:1067A000000052C7000084CB0100008004F10C0EF1
:1067B0003868764620F000403860E0680868E46891
:1067C000C0F31205C4F38464002D3FF443AF82E7A5
:1067D00036023FF575AE8A427FF472AE82681D497B
:1067E00022F0E0723A4342F4000282600A681A49D9
:1067F0009209A1FB02129209013202EB42029200BD
:106800000192019A002A3FF45BAE019A013A01928B
:10681000019A002AF9D153E6F5013FF551AE8A42BB
:106820007FF44EAE826822F0E0723A4342F080720A
:10683000826045E602256EE74FF080605EE74FF428
:106840004014B1E64FF0806090E6044CACE60225BF
:1068500099E600BFF4000320632D3E05000050FEC2
:10686000002370B582B0019303689A68D2072CD4D4
:106870009968284A054611422AD19A68264922F089
:10688000004222F03F0242F001029A608B681E0231
:1068900029D4FFF76FFC2B6806461A68D40714D476
:1068A0001E4C9A68D00704D49A68224042F0010234
:1068B0009A60FFF75FFC821B022A2B6802D91A68D4
:1068C000D10705D51A68D207EBD5002002B070BDFC
:1068D0000120AB6D43F01003AB65EB6D43F001039A
:1068E000EB6502B070BD0E4B0E4A1B689B09A2FB04
:1068F00003239B09013303EB43039B000193019B9B
:10690000002BC6D0019B013B0193019B002BF9D1C9
:10691000BFE700BF3F00008000830242C0FFFF7F4F
:10692000F4000320632D3E052DE9F041364B056848
:106930009B68AD6815F0040516D1164690F85420F2
:106940000446012A10D040F2212C03F01F08012335
:106950002CFA08FC1CEA030C80F8543007D180F8AC
:1069600054C00120BDE8F0810220BDE8F0810F464F
:10697000FFF776FF002840D1A36D216823F47063F0
:1069800023F0010343F48073A365204B994237D071
:10699000A36D23F48013A365A36D002513F4805326
:1069A00018BFE36D206D18BF23F00603E36533467F
:1069B0001C263A46164F4031C762164F0763164FE2
:1069C000C76341F8406C84F8545051F83C5C45F082
:1069D000100541F83C5C51F8345C45F0010541F884
:1069E000345C00F017FA2268936823F0004323F028
:1069F0003F0343F004039360B7E784F85450B0E7D3
:106A0000B8F1000FC8D1C3E70083024200810242FF
:106A10005563000845630008C163000890F85420DE
:106A2000012A46D0034600220120F0B42B4D1C68F9
:106A30009AB0AC42169283F85400179208D0996D20
:106A400083F8542041F0200199651AB0F0BC7047DA
:106A5000234A906840070BD5A26801209A6D42F046
:106A600020029A65002283F854201AB0F0BC7047C7
:106A7000A0684507F1D40D68EDB11A4E4F68B068B3
:106A800093F830C020F46040384340EA4C30B060A6
:106A9000A0689268C0070AD4D70708D4B26889688A
:106AA00022F471620D4322F00F021543B5600020FD
:106AB000D8E7022070470B48816821F4604181606B
:106AC000A1689268CD07F2D4D407F0D4826822F48A
:106AD000716222F00F028260E9E700BF008002428B
:106AE00000810242008302424FF6FF0C0649030276
:106AF000CA6803F4E06302EA0C02134343F0BF6385
:106B000043F40033CB60704700ED00E01A4B00B552
:106B1000DB68C3F30223C3F1070EBEF1030F03F1D9
:106B2000030C28BF4FF0030EBCF1060F1BD9A3F1D5
:106B3000040C4FF0FF3303FA0CF322EA03024FF088
:106B4000FF3303FA0EF321EA030303FA0CF31343B2
:106B50005B010028DBB209DB00F1604000F5614019
:106B600080F8003300BD00229446E8E7034A00F0B5
:106B70000F000244137600BD00ED00E0FCEC00E0E5
:106B8000002807DB012300F01F01034A40098B4066
:106B900042F82030704700BF00E100E000280CDB25
:106BA00001220649430900F01F002033824041F8CA
:106BB0002320BFF34F8FBFF36F8F704700E100E0DA
:106BC000BFF34F8F0549064BCA6802F4E0621343D6
:106BD000CB60BFF34F8F00BFFDE700BF00ED00E0CB
:106BE0000400FA05002836D038B5437F044603F088
:106BF000FF0263B3022223796277F3B92368174A4D
:106C00005A619A6822F018029A6062798AB1226900
:106C10001A6101219A68656922F060022A439A602C
:106C20009A68A56922F080022A439A606177002061
:106C300038BD4FF0FF321A61EBE72046D4E902126B
:106C400000F00EF808B92368DFE7012038BD0277AD
:106C5000FEF7A4FFCEE70120704700BFB71DC104B7
:106C6000CB071AD51E2310B401E0013B17D321FA3C
:106C700003FC1CF0010FF8D0182A11D8DFE802F04D
:106C800016101010101010102410101010101010EA
:106C900021101010101010101400012070472AB19C
:106CA00001205DF8044B7047062BF9D804680020DA
:106CB0006161A36823F018031343A3605DF8044BDC
:106CC0007047072BF2D9EBE70F2BEFD9E8E700BFAE
:106CD00011490368C26C8B4288BF104922F003023D
:106CE00094BF02F1804189184FF0010210B4DBB269
:106CF0000B4CA3F10803A4FB03430A4CC3F3041396
:106D000098BF01F5023102FA03F3C0E91414836558
:106D10005DF8044B704700BF0704024020080240A2
:106D2000CDCCCCCC8008024000285ED00268304B2D
:106D300070B59A42044646D92E4B2F491344A1FB05
:106D400003132E481B099B000221C4E91203D4E956
:106D5000025320692B430343606984F825100343E1
:106D6000A06911680343E0696FF310110343206ABF
:106D700003430B4320461360FFF7AAFFD4E91461D5
:106D8000B5F5804FA06D27D06368DAB2013B032BC5
:106D90003260486024D801210020194B194D13445A
:106DA000013A01FA02F218499B00E3656266256622
:106DB00018604A6400230122636484F8243084F854
:106DC0002520184670BD114B0B491344A1FB03133A
:106DD0001B090F489B00B7E70023636033604860DE
:106DE0000023C4E917336366E4E70120704700BF5E
:106DF00007040240F8FBFDBFCDCCCCCC0004024020
:106E00003F8200104009024000090240F8FFFDBF28
:106E100000000240F0B590F82440012C0AD04FF059
:106E2000010C90F8254080F824C0644504D000236C
:106E300080F824300220F0BD0026D0E9157C4FF008
:106E4000020E046880F825E046642668C56D26F0C9
:106E500001062660C7F804C015B1D0E9186777604D
:106E60000126C76C07F01C0C876C06FA0CF67E60D6
:106E700063608368102B036B0BBFA260A160E160AD
:106E8000E260B3B1236843F00E032360036D1A6818
:106E9000D20303D51A6842F480721A601DB12B68C0
:106EA00043F480732B602368002043F001032360C8
:106EB000F0BD236823F004032360236843F00A0332
:106EC0002360E3E790F825200346022A06D0042237
:106ED0005A640022012083F824207047026870B4AD
:106EE000046D1068D96C20F00E00106020689E6C54
:106EF00020F480702060106801F01C0120F0010077
:106F000010600122D3E91545D86D8A407260656032
:106F100030B1D3E91814026822F4807202604C6028
:106F2000012283F82520002283F82420002070BC51
:106F3000704700BF90F825200346022A03D00422A0
:106F400001205A647047026870B5046D1068D96CEE
:106F500020F00E00106010689E6C20F001001060A0
:106F60002268D86D22F4807222600122D3E915458F
:106F700001F01C018A407260656030B1D3E91814D9
:106F8000026822F4807202604C60012000211A6CB9
:106F900083F8250083F824100AB118469047002092
:106FA00070BD00BF0421F0B4C26C866C02F01C02FC
:106FB00035680468914029420346276812D017F0CB
:106FC000040F0FD02268170439D42268950603D421
:106FD000226822F0040222601A6B716092B1F0BC48
:106FE000184610470221914029420DD0B8070BD511
:106FF000226812F4004F226829D0D4033CD45A6B83
:10700000002AECD1F0BC7047082191402942F9D008
:107010003907F7D52168002021F00E0121600121F8
:10702000DC6B01FA02F27260596483F8240083F881
:107030002510002CE6D018462346F0BC1847716096
:107040002268D60314D4036B002BF6D1DAE790063E
:1070500006D4226822F00A022260012283F8252049
:107060000020DA6A716083F82400002AB7D1C9E7EA
:10707000836B002BE1D1C5E7DA6A002AAFD1C1E703
:1070800090F82500704700BF60B10368C8061A6811
:1070900005D5C9024CBF42F4801222F480120020B0
:1070A0001A60704701207047002800F0D78038B57B
:1070B00090F85C30044603F0FF02002B70D0226889
:1070C000936923F010039361FFF754F8054604E039
:1070D000FFF750F8401B0A2859D823689A6911070E
:1070E000F6D49A6942F001029A61FFF743F8054627
:1070F00004E0FFF73FF8401B0A2848D823689A6944
:10710000D207F6D59A696068574942F002029A613F
:107110000860227C012A9A690CBF22F0400242F0EA
:1071200040029A61627C012A9A690CBF42F4804253
:1071300022F480429A61A27C012A9A690CBF22F44F
:10714000805242F480529A619A69A06822F4407297
:1071500002439A619A69E16822F0A4029A611A696D
:10716000012922F010021A611FD011B302299A6975
:1071700076D042F080029A611A69032942F0100227
:107180001A6116D19A6942F020029A6111E0032235
:10719000236E012043F00103236684F85C2038BD90
:1071A00080F85D20FEF710FD89E79A6942F004023D
:1071B0009A61D4E90612013A0139120242EA4162A7
:1071C000216AB0F5407F01F1FF3142EA01026169B5
:1071D00001F1FF3142EA0142DA610ED1D4E90B023A
:1071E000A16A013A01381201013942EA00220A4338
:1071F000616A013942EA0142DA60D3F8C020E06BEB
:10720000616B0243C3F8C020D3F88020174822F4F2
:10721000F81242EA01422064C3F88020D3F88020AB
:10722000A16B134D22F0706242EA01626564C3F8FB
:107230008020104B10494035C4E91253F033C4E9A3
:1072400014134FF45472002109F092F90023012223
:10725000236684F85C201846A36538BD012070477A
:1072600042F020029A61A4E700A5004000AC004073
:1072700070AC004088AD004060AE004090F85C20EB
:107280000346013A012A05D91A6E012042F0020292
:107290001A6670478A6870B4D1E903544869920746
:1072A000D1E9006156B942EAC56202431B6C42EA69
:1072B0000442002070BC43F8212070475B6C44EA14
:1072C000457443F83140104303EBC103586070BC70
:1072D00000207047844690F85C00012807D0DCF855
:1072E0006030012043F00403CCF86030704710B4E4
:1072F0000198DCF8004040EA4303D4F8800043EAF8
:10730000820242EA011120F03F030B430020C4F83F
:1073100080305DF8044B704790F85C200346012AEA
:1073200005D01A6E012042F004021A66704702224C
:10733000002110B4046880F85C20A269084622F09D
:107340000102A2615DF8044B1966704790F85C3049
:107350000146022B17D10268936943F00103936140
:107360009369DB0758BF0B2313D49069C00710D46F
:10737000013BFAD103220B6E012043F001030B669F
:1073800081F85C207047036E43F008030366012018
:107390007047936923F01003936193691B0748BFFB
:1073A0000B2305D59069000702D5013BFAD1E1E72F
:1073B0004FF0010C10B400249369204643F00203FF
:1073C000936181F85CC08C655DF8044B704700BF29
:1073D00088B110B50446FFF7B9FF22682046D36D87
:1073E00023F00303D365FEF751FC0023236684F8E2
:1073F0005C30184610BD0120704700BFF0B590F812
:107400005C308646022B0BD10568D5F8C43013F4E6
:10741000001C0BD0036E43F4007303660120F0BD23
:10742000036E43F0080303660120F0BDD5F8C46085
:107430004B680C6988680F68C6F30146002B37D18A
:10744000044344EA8744D1E906030343486906EB51
:10745000C6070343086A43EA0063C86843EA004377
:10746000DEF8540040F8374000EBC7004360134C8F
:10747000CB68E35CA3B19378D7781B0443EA076336
:10748000177804323B4312F8037C43EA07230CEBE2
:107490000007BB60CB680CF1040CE35C9C45EAD3AD
:1074A0000123B340C5F8CC300020CEF85830F0BDF1
:1074B0003C43044344F08044C5E700BF6011010829
:1074C0002DE9F04190F85C40022C64D14029056818
:1074D0006DD0D5F89840270764D0D5F89870D5F8C6
:1074E0009840C7F30128E60107D5D5F88040E405A8
:1074F00044BF08F1010707F00308C46C08EBC80695
:1075000004EBC604266806F080465660D4F800C036
:10751000002E66D1CCF38A461660266806F0005627
:107520009660266806F000461661A688D661B4F813
:1075300006C00CF00F0CC2F80CC0666806F480168A
:107540005661666806F400169661E67906F07F06D5
:107550001662274E676816F80CE04FEAD77CC2F82F
:1075600024C0BEF1000F10D0013B04F1070EF44619
:107570001EF8015FACF1060C03F8015FD568ACEBB7
:10758000040C755D6545F2D8056840292CD0C5F816
:107590009C80002004E0036E43F008030366012092
:1075A000BDE8F081036E43F480730366F7E7D5F816
:1075B00090402707F6D0D5F89070D5F89040C7F3E3
:1075C0000128E60107D5D5F88040A40544BF08F19D
:1075D000010707F00308846C08EBC80604EBC60437
:1075E00090E72CF0604697E7C5F89480D1E700BF9C
:1075F0006011010803461B6830B45B6C002003F087
:107600000704C3F30222C1E90042C3F34014C3F3E9
:107610008012C1E90342C3F3C014C3F3C022C1E91D
:107620000542C3F30034C3F3403203F01805C1E947
:107630000742C3F38032C3F306438D60C1E90923D7
:1076400030BC7047034630B41B6800201B6CDCB2B2
:10765000C3F3C035C3F30622C3F30743C1E90042B5
:107660008D60CB6030BC70470368D3F8C40000F075
:1076700007007047034690F85C000138012805D9DF
:107680001A6E012042F002021A6670471B6870B43D
:1076900011F00705986D01F0380420D0C6071ED4FC
:1076A000DD6D45F00105DD650CB384071FD5D86D90
:1076B00040F00200D8650C0604D5D3F8DC00104376
:1076C000C3F8DC00C80504D5D3F8E0000243C3F8D2
:1076D000E0205A6D002070BC0A435A65704704B31D
:1076E00086071ED4DE6D46F00106DE6525BB11F46B
:1076F000E07F01D04607DAD411F4F05F01D005072E
:10770000D5D411F4604F01D0C406D0D411F4403F59
:1077100001D08606CBD411F47C0FCCD04506C6D45C
:10772000C9E711F4E07F0AD0460708D4DE6D46F0C1
:107730000106DE65002DB7D0C507B5D5B7E711F452
:10774000F05F01D00607F1D511F4604F01D0C606F5
:10775000ECD511F4403F01D08606E7D511F47C0F3B
:10776000E8D04606E2D5002D9ED0E5E7704700BF81
:10777000704700BF704700BF704700BF704700BF31
:10778000704700BF704700BF2DE9F84F03680446FB
:107790001A6D596D02EA010A1A6D596D0AF4E05A20
:1077A00002EA01091A6D596D1E6D02EA01085A6D4F
:1077B0001F6D16405A6DD3F854B01D6D1740690601
:1077C00009F0070908F0380806F4710607F4602785
:1077D00002D51BF0400F73D1EA0502D51BF4807F60
:1077E0005DD1BAF1000F4AD1B9F1000F35D1B8F12E
:1077F000000F3CD1AB0502D51BF4007F75D12806E4
:1078000002D51BF0800F78D1A90402D51BF4005FCC
:107810005BD12A0402D51BF4004F5ED16B040AD55C
:107820001BF4804F07D04FF4804223681A65236E03
:1078300043F0800323664FB926B123681E65236E8B
:1078400033432366236E2BBBBDE8F88F236839468C
:1078500020461F65FAF708FBEEE7236849462046F5
:10786000C3F85090FAF74EFAB8F1000FC2D023686F
:1078700041462046C3F85080FFF77AFFBAE72368F5
:1078800051462046C3F850A0FFF770FFB9F1000F32
:10789000ADD0E2E72046FAF7CBFABDE8F88F4FF417
:1078A000807223682046D3F8D8C0D3F8E0101A6558
:1078B0000CEA0101FFF760FFBAF1000F94D0DEE798
:1078C00040221A65FFF75EFF86E74FF400522368F7
:1078D00020461A65FFF752FF9BE74FF400422368EA
:1078E00020461A65FFF74CFF98E74FF400722368B3
:1078F00020461A65FFF73EFF81E780222368204675
:10790000D3F8D4C0D3F8DC101A650CEA0101FAF7F9
:1079100073FA79E7006E7047064B9A6A002A01DB1A
:10792000002070470449054A99609A60986AC00F20
:10793000704700BF0020024023016745AB89EFCDAF
:10794000044B9A6A42F000429A62986AC043C00FA0
:10795000704700BF00200240064B986A10F080403C
:1079600006D00549054A19611A61986AC0F380700A
:10797000704700BF002002403B2A19087F6E5D4C13
:10798000054B9A6A42F080429A62986A80F0804081
:10799000C0F38070704700BF00200240034A0120FE
:1079A000936A43F000639362704700BF0020024077
:1079B00070B5164C0546FEF7DDFB236ADE0306D5DF
:1079C0006A1C18BF064612D1236AD803FCD442F2BF
:1079D000FA010E4A136A0B4010D1136A0020DB072C
:1079E00044BF0123136270BD236AD903EFD5FEF7AC
:1079F000C1FB801BA842F7D3032070BD044C0120BB
:107A0000616813621943616070BD00BF00200240CD
:107A1000000103202DE9F0411A4C94F800C0BCF19C
:107A2000010F2CD0984601232370002307464FF402
:107A30007A700D4616466360FFF7BAFF18B100234F
:107A40002370BDE8F081A760EFF3108272B60E4F8D
:107A5000BB6A43F00103BB622E60BFF36F8FC5F8B2
:107A6000048082F310884FF47A70FFF7A1FFA268B8
:107A7000BB6A22F0004223EA0203BB62DFE7022076
:107A8000BDE8F08100010320002002400E4B1A6C7B
:107A9000510212D5C20703D59A6A42F004029A62D3
:107AA000830704D5084A936A43F400439362064A65
:107AB000936A43F48033936270479A6A42F40042B7
:107AC00042F004029A62F2E70020024070B58E4D47
:107AD0002B78012B20D00122002304464FF47A702A
:107AE0002A706B60FFF764FF98B92068C10700F146
:107AF000C480820712D4430719D4030700F1AF8072
:107B0000824A4FF47A70936A43F400339362FFF72A
:107B10004FFF00232B7070BD022070BD7B4A21698E
:107B2000136C23F0FF030B4313644307E5D5D4E93B
:107B3000052612F0010316BF4FF4E061194606EA6C
:107B4000010312F0020F05D006F4805C41F480516D
:107B500043EA0C0312F0040F05D006F4005C41F474
:107B6000005143EA0C0312F0080F05D006F4804CD4
:107B700041F4804143EA0C0312F0100F05D006F4E3
:107B8000803C41F4803143EA0C0312F0200F05D011
:107B900006F4003C41F4003143EA0C0312F0400FBC
:107BA00005D006F4802C41F4802143EA0C0312F046
:107BB000800F05D006F4002C41F4002143EA0C03A9
:107BC00012F4807F05D006F4801C41F4801143EA52
:107BD0000C0312F4007F05D006F4001C41F40011E0
:107BE00043EA0C0312F4006F05D006F0807C41F0EC
:107BF000807143EA0C0312F4805F05D006F0007C2C
:107C000041F0007143EA0C0312F4005F05D006F066
:107C1000806C41F0806143EA0C0312F4804F05D080
:107C200006F0006C41F0006143EA0C0312F4004FCF
:107C300005D006F0805C41F0805143EA0C03D2038A
:107C400004D506F00046334341F000412F4E326C1C
:107C500022EA01021343336403077FF551AFD4E9ED
:107C60000732012B48D0022B7FF44AAF27498B6C97
:107C700003F07F0313438B6442E76368D4E9021285
:107C8000013B072B3FF635AF01A656F823F000BFA6
:107C9000E77C0008D57C0008F37A0008C37C000864
:107CA000F37A0008F37A0008F37A0008B17C000840
:107CB000164EF36E23F07F130B4343EA0243F36641
:107CC00017E7124EB36E23F07F130B4343EA0243D0
:107CD000B3660EE70D4EF36D23F07F130B4343EABB
:107CE0000243F36505E7094EB36D23F07F130B43A1
:107CF00043EA0243B365FCE604494B6C03F07F039F
:107D000013434B64FCE600BF000103200020024047
:107D1000062243680260082B04D84FF48B72DA40C5
:107D2000D20717D4334B1B6CDBB2AA2B05D0552BD3
:107D300003D0CC2B0CBFCC23BB232E49C2690361DB
:107D40000B6C02F1FF3C23F0FF03BCF1010F8361D8
:107D500018D970470722013B0260072BE2D801A225
:107D600052F823F0D77D0008C37D0008257D000868
:107D7000AF7D0008257D0008257D0008257D0008D1
:107D80009B7D00080368012A43F0080303602CD0A0
:107D90008B6C23F07F0303627047164AD36E03F0A7
:107DA0007F038360D36EC3F30643C360BAE7114A0F
:107DB000936E03F07F038360936EC3F30643C36047
:107DC000B0E70C4AD36D03F07F038360D36DC3F338
:107DD0000643C360A6E7074A936D03F07F03836001
:107DE000936DC3F30643C3609CE74B6C23F07F03A2
:107DF00003627047002002400F4B1A6C12F4800F90
:107E00009A6A01D0C90712D522F400629A620A4A1E
:107E1000936A23F47E7323F0020343EAC00343F022
:107E200002039362936A43F480339362704742F48F
:107E300000629A62EBE700BF002002402DE9F041AA
:107E4000274E3378012B3DD00122002304464FF406
:107E50007A70884632707360FFF7AAFD074660BBF0
:107E600048F204022368B36023F0004393422DD00C
:107E70004FF0FF33C8F80030D4E902532B449D4241
:107E800006D312E00135D4E902321344AB420CD9D7
:107E900028466168FFF7B0FF4FF47A70FFF788FD5E
:107EA0000028EFD00746C8F800500E49B2688B6A28
:107EB00022F0004223EA02038B620023337038462B
:107EC000BDE8F08102273846BDE8F0816068FFF721
:107ED000DDFD4FF47A70FFF76BFD0746E5E700BF65
:107EE00000010320002002402DE9F04F0C6883B010
:107EF000002C00F0908000238946774F012202FA7F
:107F000003F515EA040800F081800326D9F804106F
:107F100003FA02F201F0030E0EF1FF3A06FA02FC38
:107F2000BAF1010F6FEA0C0CD9F8086076D9BEF1EE
:107F3000030F01D1012E05D0C568964005EA0C0556
:107F40002E43C66005680EFA02F205EA0C052A43C4
:107F500011F4403F026059D04FF00F0C23F00302A0
:107F600002F1804202F53D3203F00306156EF60081
:107F70000CFA06FC25EA0C0E584DA84222D005F555
:107F80008065A84200F08C80554DA84200F08F809B
:107F9000DFF850C160457CD0DFF84CC1604500F08F
:107FA0008D80DFF848C1604500F08F80DFF840C168
:107FB00060450CBF4FF0060C4FF0070C0CFA06F6AC
:107FC0004EEA060E6FEA0805C2F860E03A68CE0293
:107FD00054BF2A4048EA02023A607A688E0254BFCF
:107FE0002A4048EA02027A60D7F884208E0354BF00
:107FF0002A4048EA0202C7F88420D7F88020C90343
:1080000054BF2A4048EA0202C7F88020013334FAFC
:1080100003F27FF473AF03B0BDE8F08F9640D0F861
:1080200008B00196D9F80C600BEA0C0B06FA02FABC
:108030004AEA0B0AC0F808A0D0F804A0019E2AEA78
:10804000050AC1F300159D4045EA0A054560C5686B
:10805000BEF1020F05EA0C0546EA0506C6607FF48C
:1080600071AFD9F8105003F00706B600B54001957E
:108070000F254FEAD30A00EB8A0ADAF820B005FA96
:1080800006F6019D2BEA060B45EA0B05CAF82050BF
:1080900058E74FF0030C0CFA06F64EEA060E91E78D
:1080A0004FF0010C0CFA06F64EEA060E8AE74FF086
:1080B000020C0CFA06F64EEA060E83E74FF0040CAB
:1080C0000CFA06F64EEA060E7CE74FF0050C0CFAA9
:1080D00006F64EEA060E75E700F402400000024282
:1080E00000080242000C0242001002420014024248
:1080F00000180242002900F095802DE9F04F00237E
:108100004FF00F094FF0030A474E01229A4012EA3E
:10811000010E69D023F0030505F18045434F05F5B5
:108120003D3503F00304D5F860C0E40009FA04F813
:10813000B84208EA0C0C1BD007F58067B84259D04A
:108140003B4FB8425AD03B4FB84261D03A4FB84249
:1081500063D0DFF8E8B0584555D0DFF8E4B05845B3
:108160000CBF4FF0060B4FF0070B0BFA04F400E0C6
:108170000024A44517D1D6F8804024EA0E04C6F89E
:108180008040D6F8844024EA0E04C6F8844074681F
:1081900024EA0E047460346824EA0E0434602C6E01
:1081A00024EA08042C6604685D000AFA05F52C43ED
:1081B0004FEAD30C046000EB8C0C03F00704DCF8EE
:1081C00020E0A40009FA04F42EEA0404CCF82040CC
:1081D000846824EA05048460446824EA0202426058
:1081E000C26822EA0502C260013331FA03F28CD17F
:1081F000BDE8F08F012707FA04F4BAE74FF0020B4D
:108200000BFA04F4B5E74FF0050B0BFA04F4B0E7F2
:108210004FF0030B0BFA04F4ABE74FF0040B0BFA2F
:1082200004F4A6E7704700BF00F4024000000242D9
:1082300000080242000C02420010024200140242F6
:10824000001802420AB1816170478162704700BF25
:108250000268436B9169126803B11847704700BF09
:10826000704700BF704700BF0022016810B50B685F
:1082700080F842205A040CD50B6823F480430B602D
:1082800090F84130292B0ED090F841302A2B24D081
:1082900010BD1B04F4D50B6823F400430B6090F869
:1082A0004130292BF0D14FF0280C212380F841C018
:1082B000036390F84130002203EA0C03634514BFC6
:1082C0006FF0F20C6FF0420C0B6803EA0C030B60CA
:1082D00080F84020FFF7C4FF10BD2824222380F837
:1082E0004140036390F8413000222340A34214BF71
:1082F0006FF0F4036FF044030C6823400B6080F8C8
:108300004020FFF7AFFF10BD704700BF70B5046895
:10831000C368A169A269022B4FEA1242A56884468C
:10832000E668C1F3004102F0FE020FD182EAD513E4
:1083300013F00603C5F3090206D1856C0135856487
:10834000856C022D0CD070BD06F0FE02002523685E
:1083500023F0B80323608CF84050FFF7D5FF70BDC1
:1083600008258364E56180F84030FFF7CDFF70BDDC
:10837000704700BF0023202210B5174C4363C4622E
:10838000036380F8412080F842304B0712D5026821
:10839000436A526A1A70436A028D013343624AB1DA
:1083A000438D013A013B9BB24385436C028543F008
:1083B0000403436410240021036890F8412090F8DE
:1083C00041201A6822F0FE021A60DC6180F8401039
:1083D000FFF7CEFF10BD00BF0000FFFF704700BFDA
:1083E000704700BF806A08B5836B0BB100221A6426
:1083F000C36B0BB100221A6490F84130602B4FF030
:10840000000305D0036380F84030FFF7E7FF08BDA5
:10841000202280F8403080F841200363FFF7E0FF1E
:1084200008BD00BF70B50025554B90F8412080F87D
:108430004250C3624585436C283A0B43022A436489
:108440000446036833D890F8411090F8412001F0B9
:108450002801282908BF462102F0280218BFF6216A
:10846000282A0CBFC9436FF0F60128201A680A4079
:1084700044491A6084F84100A06B226B616318B113
:10848000112A3ED0212A3CD0E06B18B1122A4ED0DE
:10849000222A4CD094F84130602B4FF0000365D075
:1084A0002046236384F84030FFF798FF70BD90F8B2
:1084B000412090F841201A6822F0FE021A609A6961
:1084C000920748BF9D629A69D60703D49A6942F021
:1084D00001029A6194F84120602A10D0202284F889
:1084E00041209A6995060AD59A69D00605D51022C9
:1084F000DA61626C42F0040262642022DA610021D7
:10850000BAE71A6851042CD4FEF7BAFD0128C1D08D
:108510000023A06B1C4A026484F84030FEF70AFD79
:108520000028C3D0A06BBDE87040036C18471A68E0
:10853000120403D51A6822F400421A60FEF7A0FD67
:108540000128A7D00023E06B0F4A026484F8403072
:10855000FEF7F0FC0028A9D0E06BBDE87040036C8A
:1085600018471A6822F480421A60CDE7202220467C
:1085700084F8412084F840302363FFF731FF70BD59
:108580000000FFFFED870008E5830008036810B4D2
:108590009A69196812F4807F02F4806408D0090691
:1085A00026D4416C11F00B0F19D15DF8044B7047C4
:1085B000CCB10906F5D54FF48064416C920541F0C9
:1085C00008014164DC61ECD54FF40071426C42F06B
:1085D00002024264D961416C11F00B0FE5D05DF8E5
:1085E000044BFFF71FBF9405DBD50A06ECD4D8E790
:1085F000416C41F0010141644FF48071D961002C5C
:10860000D9D19405CDD5DFE770B50446202603689F
:108610000D461968C06A94F84120DE61213A092AA2
:108620000ED8DFE802F077050D0D0D0D0DAA7705C8
:10863000222694F841201A6822F0FC021A60266370
:108640005A68684E42F400425A605A6832405A6092
:108650009A69920744BF00229A629A69D60703D4A6
:108660009A6942F001029A614A043BD51A6822F4E1
:1086700080421A60A26B1AB11268526892B2628587
:108680006A070AD55A6A636A25F004051A70636A94
:1086900001336362238D002B68D1638D9BB21BB1C4
:1086A000636C43F004036364EB0601D5CE063AD451
:1086B000002384F84230666C6363002E68D1E36A5D
:1086C000494DAB4218D194F841302046222B4FF04F
:1086D000200384F8406084F84130266376D0FFF7A9
:1086E000BFFD70BD0E04CBD51A6822F400421A609B
:1086F000E26B002AC0D1C3E72046FFF7B5FD202377
:10870000E562204684F8413084F840602663FFF734
:108710002FFE70BD212694F841201A6822F0FA023B
:108720001A6026638CE7638D9BB2002B3ED194F8D0
:108730004130282B4DD094F841202368292A4FF04E
:108740001002DA61B4D110F5803FB1D09A69910777
:1087500044BF00229A629A69D20703D49A6942F010
:1087600001029A612046FFF77FFDA1E7013B2385C7
:10877000638D013B9BB263858FE7002694F841200F
:1087800094F841201A6822F0FE021A60266357E727
:108790002046616CFFF746FE94F84130282BA0D1AB
:1087A00029462046BDE87040FFF7E4BD102223684B
:1087B000DA61636C43F00403636430F080737FF428
:1087C00077AF2046616CFFF72DFE71E7FFF74AFD9A
:1087D00070BDB0F1007FAED129462046FFF7CAFD3B
:1087E00066E700BF00E800FE0000FFFF38B590F824
:1087F00040C0C56ABCF1010F70D04FF0010C11F000
:10880000200F04460B4680F840C002D012F0200F23
:1088100053D1D80617D5D10615D5628D92B2002A4C
:108820005ED194F84120282A00F0818094F84120FC
:108830002368292A4FF01002DA6164D00023184619
:1088400084F8403038BD590719D4190701D51007ED
:108850003AD49907F2D59307F0D5638D9BB2002BDC
:108860004DD0616A236811F8010B228D9862638DE7
:10887000013A013B9BB2616263852285DEE75007C6
:10888000E3D5638D9BB26BB12268636A526A1A703A
:10889000638D616A228D013B0131013A9BB26162B5
:1088A00022856385638D9BB2002BC7D115F5803F70
:1088B000C4D02046FFF7D8FCC0E7FFF7A5FE002391
:1088C000184684F84030BDE794F8413003F028039F
:1088D000282B28D008222368DA61AFE7022038BDB0
:1088E00010222368DA61636C43F00403636435F09B
:1088F0008073A3D12046616CFFF794FD9EE735F0AD
:1089000080739BD1D5E715F5803F97D09A6995077D
:1089100044BF00229A629A69D007CAD49A6942F089
:1089200001029A61C5E72046FFF7F0FC86E7B5F142
:10893000007F7FF47BAF19462046FFF71BFD7DE7E4
:1089400008490B6813F001030AD1024610B40C6801
:10895000184624F0040313435DF8044B0B60704782
:108960000120704700040340034A0020136843F0CD
:1089700001031360704700BF00040340002844D087
:1089800070B590F89132064603F0FF02C3B303239B
:10899000306886F8913202F0B7FF3579FDB10021D9
:1089A0003346324601200C4611740131A942C2E916
:1089B00008445074D47442F8284FF5D100210A4677
:1089C00083F850110131A942C3E9582283F851219B
:1089D00083F85321C3F8682103F12803F0D133460B
:1089E00053F8040B93E8060002F098FF01220021DF
:1089F000B37A3173934286F8912208D0002070BD7B
:108A000080F89022FDF700FAC1E701207047304658
:108A100000F0B4FE002070BD2DE9F84F0546006857
:108A200003F0F0FB10F400442BD1430500F17C82ED
:108A300047041BD410F4005140F09382C60400F1A7
:108A4000BD81040500F19284010600F16484820571
:108A500000F1CE84C30512D52A68B2F8443023F45D
:108A600080731B041B0CA2F8443008E02A68B2F89B
:108A7000443023F480431B041B0CA2F84430BDE8AF
:108A8000F88F2868B0F844301904F8D5B0F844409D
:108A9000A1B214F00F0436D111F0100100F0E18002
:108AA000018811F400648BB200F0AA8095F850217F
:108AB000B0F8503000EBC20212FA83F3B3F8063478
:108AC000C3F30903082BC5F86C3140F06B84B5F88B
:108AD000562105F5267103F0A9FB40F68F732A682D
:108AE000284611880B4043F08003138007F070FC88
:108AF0002868B0F844301904C1D5B0F84440A1B298
:108B000014F00F04C8D030F82430A7001FFA83F8FF
:108B10001B0439D418F0800FB4D030F824309BB245
:108B200023F4E14323F0700343F4004320F824309E
:108B30003B1905EBC302D17CDB00012900F0EB807F
:108B4000117C18F48079D2F828E04FEAC10C40F08B
:108B50005881B0F850401CFA84F40444B4F802443C
:108B6000C4F30904744580F00381AEEB04011033B3
:108B70009162E918536A23445362D36A2344D3624F
:108B800003F012F928687DE740F68F7330F824204F
:108B90003919134043F0800320F8243005EBC1015C
:108BA00091F85C3191F85021002B40F08580B0F8AD
:108BB0005030D20012FA83F30344B3F80694C9F399
:108BC0000909B9F1000F40F0E481391905EBC1033F
:108BD000D3F86C21C9004A44C3F86C21D3F868214A
:108BE00022B1D3F860214A4540F2C6813B1905EB1A
:108BF000C303284693F8501107F0FCFB286889E767
:108C00001A047FF53FAF40F68F730288134043F09C
:108C10008003038095F85021B0F8503000EBC20279
:108C200012FA83F3B3F80634C3F30903C5F86C31C1
:108C3000002B00F0B480D5F8641100293FF422AF76
:108C4000B5F8562103F0F2FAD5F86431D5F86C2165
:108C5000284613442146C5F8643107F0CBFB286849
:108C600010E703889BB223F4E14323F0700343F43D
:108C7000004303802A7CB0F8503000EBC20212FAA5
:108C800083F3B3F802346A6AC3F309031A4428462B
:108C9000EB626A6207F0B8FB2B7B2868002B3FF47D
:108CA000F1AEAB6A002B7FF4EDAE2A7B42F080027E
:108CB000A0F84C202B73E5E691F85331022B00F01D
:108CC000508230F822309BB223F4E04323F070034B
:108CD00043F4004343F0C00320F8223091F85031B0
:108CE00030F82320DB0012F4804FB0F8502013FA44
:108CF00082F3034443D0B3F80294C9F30909B9F1EC
:108D0000000F3FF462AFB1F858214B46D1F864111F
:108D100003F08CFA59E70021631C03EB830345F849
:108D20003310137FDBB118F04008537C00F00A8247
:108D3000002B40F05F82117CB0F8503000F202400E
:108D400010FA83F333F83120C2F3090223F83120FB
:108D500033F8312092B242F4004223F83120274404
:108D600005EBC7072846397C07F04EFB286889E6E3
:108D70002846C2F8289007F047FB286882E6B3F837
:108D80000694C9F30909B9F1000F3FF41EAFB1F819
:108D90005A214B46D1F8641103F048FA15E70388CD
:108DA00023F4804323F070031B041B0C83F4405313
:108DB00043F4004343F08003038063E62A68B2F87B
:108DC000403023F004031B041B0CA2F84030B2F81F
:108DD000403023F008031B041B0CA2F8403095F828
:108DE000C832012B00F01283284607F03DFB2A68A9
:108DF000B2F8443023F480531B041B0CA2F8443017
:108E00003DE608F4804918F04008B0F8503000F012
:108E1000C88000F2024818FA83F333F83130C3F304
:108E2000090373454AD34FF0000C537CC2F828C0A5
:108E3000002B40F0F882B0F8503018FA83F333F882
:108E40003120C2F3090223F8312033F8312092B2E5
:108E500042F4004223F83120B0F8503000F20642CC
:108E600012FA83F333F83120C2F3090223F83120D8
:108E700033F8312092B242F4004223F831203B19FA
:108E800005EBC303DB7C022B0FD130F8213023F438
:108E9000E04323F040031B041B0C83F0200343F446
:108EA000004343F0800320F82130284607F0ACFA55
:108EB0002868B9F1000F3FF4E5ADCBE0AEEB030E4F
:108EC000C2F828E0B9F1000F0FD030F821E02EF4FD
:108ED000E04E2EF0700E4FEA0E4E4FEA1E4E4EF44C
:108EE000404E4EF0800E20F821E007EB040E05EB1B
:108EF000CE0E9EF83490B9F1010F00F0CB812744DB
:108F000005EBC7073A7C30F8223023F4E04323F026
:108F100040031B041B0C83F0300343F4004343F075
:108F2000800320F82230ADE52A682846B2F84430A4
:108F300023F480631B041B0CA2F8443007F072FA80
:108F400095F89032012B3FF49AAD01232146286811
:108F50002C7385F8903203F04FF985F89042BDE804
:108F6000F88F2A68B2F8443023F400531B041B0C1A
:108F7000A2F84430BDE8F88FD3F8642101F5A87158
:108F80004A4428682944C3F8642102F00DFF286888
:108F9000C0E5B1F856214B46D1F8641103F046F90B
:108FA00013E600F2064A1AFA83F333F83130C3F3BA
:108FB0000903734561D9C2F828803B1905EBC30347
:108FC0005B7C002B40F04182B0F8502000F202435D
:108FD00013FA82F232F83130C3F3090322F8313048
:108FE00032F831306FEA43436FEA53439BB222F8C1
:108FF0003130B0F850201AFA82F232F83130C3F32F
:10900000090322F8313032F831306FEA43436FEA16
:1090100053439BB222F831303B1905EBC303DB7C91
:10902000022B0FD130F8213023F4E04323F040032A
:109030001B041B0C83F0200343F4004343F0800324
:1090400020F82130284607F0DFF92868B9F1000F31
:109050007FF418AD3B1905EBC3031A7C30F82230BE
:1090600023F4E04323F070031B041B0C43F4404340
:1090700043F0800320F8223004E5AEEB030EC2F883
:1090800028E0BEF1000F98D0B9F1000F0FD130F8F1
:1090900021E02EF4E04E2EF0700E4FEA0E4E4FEA15
:1090A0001E4E4EF4404E4EF0800E20F821E007EBAD
:1090B000040E05EBCE0E9EF83480B8F1010F7FF45C
:1090C0001EAFDEF8246006EB0308CEF82480D66AD3
:1090D00006EB0309C2F82C90DEF83090DEF8202071
:1090E0009145C0F0D081A9EB0203CEF8303093B2A5
:1090F00007EB040E05EBCE0E9EF811B0BBF1000F8E
:1091000040F0B681B0F850E01AFA8EFE3EF8319089
:10911000F444C9F309092EF83190002A40F0E481A3
:109120003EF831206FEA42426FEA524292B22EF884
:1091300031203A1905EBC2024146528B03F066F822
:109140002868DCE6002B62D0012B7FF408AEB0F873
:109150005030127C00F2064010FA83F323F832807C
:10916000FDE5B0F850C04FEAC20919FA8CFC18F4BA
:10917000804ED1F8683184444FD0BCF802C4CCF39F
:10918000090C9C45E14600F24781A3EB0C03C1F8B2
:1091900068317BB930F8221021F4804121F0700150
:1091A0000904090C81F4005141F4004141F08001AF
:1091B00020F8221018F0400F0DD030F8223023F4A0
:1091C000E04323F070031B041B0C43F4004343F003
:1091D000C00320F82230BCF1000F3FF4F6AC39197F
:1091E00005EBC101B1F858216346D1F8641103F0D1
:1091F0001DF8EAE4012B7FF4B2ADB0F85030127CD8
:1092000000F2024010FA83F323F83210A7E5B0F819
:109210005030117C00F2064092E5BCF806C4CCF355
:10922000090C9C45E14600F2FB80A3EB0C03C1F85E
:1092300068317BB930F8221021F4804121F07001AF
:109240000904090C81F4005141F4004141F080010E
:1092500020F8221018F0400F0DD130F8223023F4FE
:10926000E04323F070031B041B0C43F4004343F062
:10927000C00320F82230BCF1000F3FF4A6AC39192E
:1092800005EBC101B1F85A216346D1F8641102F02F
:10929000CDFF9AE4DEF8246006EB0309CEF82490B3
:1092A000D66A06EB030AC2F82CA0DEF830A0DEF87E
:1092B00020209245C0F0F980AAEB0203CEF83030AE
:1092C00093B207EB040E05EBCE0E9EF811B0BBF186
:1092D000000F40F0DF80B0F850E018FA8EFE3EF844
:1092E0003180F444C8F309082EF83180002A40F098
:1092F00022813EF831206FEA42426FEA524292B236
:109300002EF831203A1905EBC2024946128B02F0C1
:109310007DFF2868F3E52A68B2F8443023F0800323
:109320001B041B0CA2F8443095F8C832002B5AD10C
:109330000121B2F8403028469BB243F00403A2F862
:109340004030B2F840309BB243F00803A2F84030FE
:1093500085F8C812B2F85430C3F38D0303F03C0310
:10936000C5F8CC32BDE8F84F00F022BA2A6828468A
:10937000B2F840309BB243F00803A2F84030B2F894
:10938000443023F400631B041B0CA2F84430B2F8F1
:1093900040309BB243F00403A2F8403007F054F889
:1093A000FFF76DBB48F2800140F68F72038823F40B
:1093B000804323F070031B041B0C83F480530B4386
:1093C0000380038823F4E04323F040031B041B0CB9
:1093D00083F01003194301800388134043F0800396
:1093E0000380FFF74CBB284607F02EF8FFF747BB7A
:1093F0002A682846B2F8443023F400731B041B0C7F
:10940000A2F8443007F00AF8FFF739BB284685F880
:10941000C81200F0CDF9E7E40023C1F86831B9E6DD
:10942000C1F868E106E7012B7FF429ADB0F85030B0
:1094300000F2064218FA83F323F831C0B0F8503036
:1094400012FA83F323F831C019E5012B7FF4E4AD60
:109450000022B0F8503000F2024C1CFA83F323F8DB
:109460003120B0F850301AFA83F323F83120D3E5D5
:10947000BBF1010F7FF45DAEB0F850201AFA82F212
:1094800022F8313055E6B9F1000F15D11A468EF8A1
:1094900034902DE6BBF1010F7FF434AFB0F85020CB
:1094A00018FA82F222F831302CE7BAF1000F2AD1F3
:1094B0001A468EF834A004E700229EF811B01FFA75
:1094C00089F3CEF830208EF83420BBF1000FCFD1D5
:1094D000B0F850E04A461AFA8EFE3EF83190F44455
:1094E000C9F309092EF831903E2A33D8BCF8001090
:1094F00002F0010E89B20EEB520241EA822292B2D0
:10950000ACF8002015E600229EF811B01FFA8AF38D
:109510008EF83420CEF83020BBF1000FBAD152467D
:10952000B0F850E018FA8EFE3EF83180F444C8F3EB
:1095300009082EF831803E2A1ED8BCF8001002F02F
:10954000010E89B20EEB520241EA822292B2ACF8CD
:109550000020D7E65109D206BCF8002008BF01F16F
:10956000FF3192B242EA81226FEA42426FEA5242EE
:1095700092B2ACF80020DCE55109D606BCF8002018
:1095800008BF01F1FF3192B242EA81226FEA424202
:109590006FEA524292B2ACF80020B3E690F8902203
:1095A000012A0DD010B5012204460068217384F809
:1095B000902202F021FE002384F89032184610BD5C
:1095C0000220704701F0070C10B5090604460CEBA9
:1095D0008C004FEAC00021D44FF0000E00F5A871B6
:1095E000204480F851E12144022BCB7008BF0023B6
:1095F000C2F30A0208BF0B7181F800C00A6194F837
:109600009032012B13D00123206884F8903202F0AD
:109610009BF9002384F89032184610BD4FF0010EDC
:1096200000F11001204480F811E02144DCE7022021
:1096300010BD00BF10B5002401F0070101EB810E41
:1096400000EBCE0C8CF850118CF851410068CCF82E
:109650006421CCE95A340CF5A87102F0A5FB204630
:1096600010BD00BF01F0070138B501EB810E00EB22
:10967000CE0C01258CF81010002461468CF8345073
:109680008CF811500068CCF82420CCE90B43CCF8BE
:109690002830103102F088FB204638BD10B5037920
:1096A000044601F0070083422ED30B061AD401EBC7
:1096B0008101C90001F5A8726318A118002283F87E
:1096C0005121012308708B7094F890229A4219D08E
:1096D00084F89032206802F019FD002384F890325B
:1096E000184610BD012200EB8003DB0003F11001DE
:1096F00023445A740123214408708B7094F89022FB
:109700009A42E5D1022010BD012010BD38B5027982
:1097100001F00F039A422FD301F0070202EB8203FC
:10972000090604464FEAC30317D403F5A8710144A0
:1097300003440025002083F851010A708D7094F8CD
:109740009032012B16D00123206884F8903202F069
:1097500005FD84F89052284638BD03F110010144FC
:1097600003440025012058740A708D7094F89032DB
:10977000012BE8D1022038BD012038BD024600236C
:1097800010B40124116882F8C8321846B1F8543078
:10979000C2F8D0429BB22343A1F85430B1F8543000
:1097A0005DF8044B9BB243F00203A1F854307047BC
:1097B000704700BF024B186800F4C060704700BFDC
:1097C00000700040174A1368116911F4104F25D03A
:1097D000D168090422D403F4C06383421CD0136807
:1097E000114923F4C063034313600B680F495B09FD
:1097F000A1FB03135169DB0903EB8303480503F164
:10980000010305D55169013B490501D5002BF9D16B
:10981000044B5B695B0503D400207047012070474F
:109820000320704700700040F4000320C55A7C0AF2
:10983000024A536843F480635360704700700040ED
:10984000024A936843F4804393607047007000407D
:1098500030B51E4C0546A36D83B0DB0021D5FFF764
:10986000A9FF30F4007315D0802D2AD82BD0A5F194
:109870007003B3FA83F35B0915490A6822F00F02FB
:109880001A430A60086800F00F00C01A18BF0120D0
:1098900003B030BD802DEFD9A02D8CBF0223012352
:1098A000EAE7A36D43F08053A365A36D03F08053F3
:1098B0000193019BFFF77EFFA36D23F08053A36507
:1098C000CFE70323D8E70223D6E700BF001002400A
:1098D000002002402B4A9368D26813F00C0307D093
:1098E0000C2B33D0042B39D0082B35D000207047F7
:1098F000244A1168090754BFD2F8942012682249FB
:1099000054BFC2F30322C2F3031251F82200002B0A
:10991000EDD01C49CA68CB6802F00302C3F30313FD
:10992000022A03F1010324D0032A19D0B0FBF3F07B
:10993000CB68C3F3062303FB00F0124BDB68C3F3D1
:10994000416301335B00B0FBF3F0704702F00302A8
:10995000012ACDD00020DCE70C4870470C48704746
:109960000A4AC868B2FBF3F3C0F3062003FB00F019
:10997000E3E7074AC868B2FBF3F3C0F3062003FB32
:1099800000F0DAE700100240081101088096980004
:109990000024F400002800F0DE809F4A2DE9F843FF
:1099A0001368814603F00F038B420C460CD21368F8
:1099B00023F00F030B431360136803F00F038B4274
:1099C00002D00120BDE8F883D9F80030980703F0F1
:1099D000010240F19A80914DD9F80800A96801F080
:1099E000F001884204D9A96821F0F0010143A9607F
:1099F000002A4DD0D9F80450884B032D00F08D80FB
:109A0000022D1B6800F0A380002D40F0A6809E0769
:109A1000D7D5FFF75FFF824B984205D97F4B9A68F5
:109A200012F0F00F00F09F807C4FBB6823F003031F
:109A30002B43BB60FCF79EFBBB68D9F8042003F006
:109A40000C03B3EB820F064618BF4FF0000819D085
:109A500041F28837714DFCF78DFBD9F80430821B39
:109A6000BA424FEA830304D9AA6802F00C029A4270
:109A700077D1AA6802F00C029A42ECD1B8F1000F3B
:109A800040F08C80D9F80030990707D5D9F8080044
:109A900062498A6802F0F002824252D85E490A683E
:109AA00002F00F02A24209D90A6822F00F022243F3
:109AB0000A600A6802F00F02A24282D15A0707D553
:109AC0005649D9F80C008A6822F4E06202438A60A1
:109AD0001B0708D5514AD9F81010936823F4605336
:109AE00043EAC1039360FFF7F5FE03464B4A4D4935
:109AF00092684D48C2F30312895C4C4ACB40136014
:109B00000068BDE8F843FCF7EDB9002AC6D0D9F8E3
:109B10000450424B032D7FF473AF1A6891017FF517
:109B200050AFD968DA6801F00301C2F303120229C9
:109B300002F1010238D0032965D0012954D0DB6835
:109B400072E78A6822F0F00202438A60A6E79F0368
:109B50003FF55FAF35E70120704758057FF531AF1E
:109B600057E703202EE79A6822F0F00242F08002C5
:109B70009A602A4FBB6823F003032B43BB60FCF7BA
:109B8000F9FABB68D9F8042003F00C03B3EB820F99
:109B9000064618BF4FF080087FF45AAF1F4A9368FB
:109BA00023F0F00393606DE72149DB68B1FBF2F22B
:109BB000C3F3062303FB02F218491948CB68C3F329
:109BC000416301335B00B2FBF3F383427FF62CAFBA
:109BD0008B6813F0F00F7FF427AF8B6823F0F0034E
:109BE00043F080038B60C4E71A68120754BFD3F8B0
:109BF00094301B680F4A54BFC3F30323C3F303130A
:109C000052F82320D8E70C49DB68B1FBF2F2C3F32A
:109C1000062303FB02F2CFE70020024000100240BF
:109C200000B4C40450110108FC000320F400032018
:109C30000024F4000811010880969800002800F024
:109C4000B7832DE9F041174B02689D68DE68D106A5
:109C50000446134682B005F00C0506F003063BD51A
:109C6000002D00F06A810C2D00F06481E3690D4F36
:109C7000D3B13B6843F001033B60FCF77BFA8046BD
:109C80003B689A0700F1CA82FCF774FAA0EB08005F
:109C90000228F5D93B689B07F2D4032002B0BDE847
:109CA000F08100BF001002403B6823F001033B60DD
:109CB000FCF760FA3B68804699070BD5FCF75AFA27
:109CC000A0EB0800022802D93B689A07E5D43B685C
:109CD0009B07F3D422681346D1072DD5082D00F039
:109CE00095810C2D00F08F816368B3F5803F00F003
:109CF000B681B3F5A02F00F005838B4F3A6822F4AC
:109D000080323A603A6822F480223A60002B40F0B8
:109D1000AB81FCF72FFA3B6880469A030BD5FCF722
:109D200029FAA0EB0800642802D93B689B03B4D44D
:109D30003B689903F3D423689A0713D5042D40F0A8
:109D40003D81794B1B685B0503D5E368002B00F070
:109D50005881754A2169536823F0FE4343EA016341
:109D6000536023681A072BD56369002B00F05981D3
:109D7000A3696D4A002B40F0D681D2F8943023F0CD
:109D80001003C2F89430684DD5F8943043F00103C5
:109D9000C5F89430FCF7EEF9D5F8943006469B07E9
:109DA0000DD4FCF7E7F9801B072804D9D5F89430C7
:109DB0009F077FF572AFD5F894309907F1D52368E6
:109DC0005D0765D5584B9A6DD00000F128810125BB
:109DD0009A6D42F080529A659B6D03F08053019317
:109DE000019B524E3368D90540F1D981A368DA0747
:109DF00040F150815A0740F126824B4BD3F8902016
:109E000042F00402C3F89020D3F8902042F00102FF
:109E1000C3F89020FCF7AEF9434F0646D7F89030D0
:109E20009B070FD441F28838FCF7A4F9801B40450A
:109E300004D9D7F890309A077FF52FAFD7F8903034
:109E40009B07F1D5A368190640F10582364FD7F874
:109E5000903043F08003C7F89030D7F89030190560
:109E60000FD441F28838FCF785F9801B404504D9AE
:109E7000D7F890301A057FF510AFD7F890301B0552
:109E8000F1D525B1284A936D23F08053936523685B
:109E90009A061FD5A36A244D002B00F06381D5F8E4
:109EA000983043F00103C5F89830FCF763F9D5F812
:109EB000983006469B070DD4FCF75CF9801B0228FE
:109EC00004D9D5F898309F077FF5E7AED5F89830DC
:109ED0009907F1D5E36A23B3134DAA6802F00C0287
:109EE0000C2A00F0D581022B2B6823F080732B60A5
:109EF00000F01582FCF73EF92B68044699010BD55A
:109F0000FCF738F9001B022803D92B689A013FF5AA
:109F1000C4AE2B689B01F3D4034A054BD1680B40B8
:109F2000D3600020BAE600BF00100240007000407D
:109F3000FCFFEEFE012E7FF499AEA64B1B689B073B
:109F40005CD4A44B606A1A68170756BFD3F89430E4
:109F50001B681B0903F0F003984200F243819D4BFC
:109F60001A6842F008021A601A6822F0F0020243EE
:109F70001A605A68216A22F47F4242EA01225A603A
:109F8000002D00F0B981FFF7A5FC0346914A9249E4
:109F90009268C2F30312895C904ACB401068904AE1
:109FA0001360FBF79FFF00287FF478AE2368D90782
:109FB0001A463FF596AE99077FF5D4AE0C2D00F00A
:109FC0002981E368834D002B00F0B4802B6843F4B3
:109FD00080732B60FCF7CEF82B6806465F053FF5D3
:109FE000B8AEFCF7C7F8801B022803D92B685905C7
:109FF0007FF553AE2B685A05F3D5AAE6E369002B2B
:10A000009FD101204AE6032E7FF46EAE714B1B6890
:10A010009F0302D56368002BF3D01346CBE70025DE
:10A02000DFE66C4DD5F8943023F00103C5F8943089
:10A03000FCF7A0F8D5F8943006469A077FF5BFAE36
:10A04000FCF798F8801B072804D9D5F894309B07B3
:10A050003FF523AED5F894309F07F1D4AFE65D4AC3
:10A06000136843F480331360FCF784F8594F80463B
:10A070003B689A033FF55FAEFCF77CF8A0EB080065
:10A08000642803D93B689B037FF507AE3B689903BF
:10A09000F2D550E64F4ED6F8902022F00102C6F8D5
:10A0A0009020D6F8902022F00402C6F89020002BD1
:10A0B0007FF4B0AEFCF75EF8D6F89030074699070B
:10A0C0000FD541F28838FCF755F8C01B404504D93C
:10A0D000D6F890309B073FF5E0ADD6F89030990761
:10A0E000F1D43C4ED6F890301A067FF5CAAED6F8B9
:10A0F000903023F08003C6F89030D6F890301A05DF
:10A100007FF5BFAE41F28838FCF734F8C01B4045FC
:10A1100004D9D6F890301B053FF5BFADD6F8903086
:10A120001905F1D4ADE6D2F8943043F01003C2F82B
:10A13000943028E62B6823F480732B60FCF71AF820
:10A140002B6806465B050BD5FCF714F8801B02282C
:10A1500003D92B685F053FF5A0AD2B685905F3D4F3
:10A160002368FFE5D5F8983023F00103C5F898304F
:10A17000FCF700F8D5F8983006469A077FF5AAAEA6
:10A18000FBF7F8FF801B022804D9D5F898309B070D
:10A190003FF583ADD5F898309F07F1D49AE6336840
:10A1A00043F480733360FBF7E5FF33680746DB0554
:10A1B0003FF51CAE03E03368D9053FF517AEFBF75A
:10A1C000D9FFC01B0228F6D93368D8057FF565ADE5
:10A1D000F1E700BF0010024050110108FC0003200D
:10A1E000F4000320FFF734FB00287FF40AAF714B23
:10A1F0001A6842F008021A601A68616A22F0F002D6
:10A200000A431A605A68216A22F47F4242EA012214
:10A210005A60B8E6022E7FF4D4AE92E5654B1A6818
:10A2200042F008021A601A68616A22F0F0020A43DA
:10A230001A605A68216A22F47F4242EA01225A6077
:10A240002268134648E55B4AD2F8903043F0010398
:10A25000C2F89030DEE5574FD7F8903023F08003F6
:10A26000C7F89030D7F8903019057FF50AAE41F263
:10A270008838FBF77FFF801B404504D9D7F8903022
:10A280001A053FF50AADD7F890301B05F1D4F8E573
:10A29000012B3FF4B6AEEB68226B03F00301914251
:10A2A0007FF4AFAE616B03F0F0020139B2EB011F36
:10A2B0007FF4A7AEA16B03F4FE42B2EB012F7FF453
:10A2C000A0AEE16B03F07842B2EBC16F7FF499AEC0
:10A2D000226C03F4C0015208013AB1EB425F7FF4F3
:10A2E00090AE626C03F0C0635208013AB3EB426F68
:10A2F00014BF01200020D1E4FFF7AAFA00283FF4A0
:10A3000042AE7EE603F18043A3F53C331A6842F483
:10A3100080221A601A6842F480321A60A4E6FBF7C1
:10A3200029FF2B68064699010BD5FBF723FF801BFD
:10A33000022803D92B689B013FF5AFAC2B689F0126
:10A34000F3D41C4D1C4BE968226B0B40606B13432C
:10A35000D4E90E1243EA012343EAC2630138D4E987
:10A360001012490843EA001301395208013A43EA3E
:10A37000415343EA4263EB602B6843F080732B60E8
:10A38000EB6843F08073EB60FBF7F4FE2B68044648
:10A390009A013FF5C6ADFBF7EDFE001B022803D97D
:10A3A0002B689E017FF579AC2B689801F3D5B8E551
:10A3B00001207047001002400C809F0108B5FFF794
:10A3C00089FA074B07499A689B68C2F303128A5CB3
:10A3D0000549C3F3C223CB5CD040D84008BD00BFC1
:10A3E0000010024050110108481101080F220E4BC5
:10A3F00010B402609A680D4C02F0030242609A6841
:10A4000002F0F00282609A6802F4E062C2609B6827
:10A41000DB0803F4E063036123685DF8044B03F099
:10A420000F030B60704700BF001002400020024085
:10A43000F8B5044600680F4602284ED0032845D0E0
:10A44000012848D1394B1B689E073ED5374D2B68F4
:10A4500023F080632B60FBF78DFE064604E0FBF7DC
:10A4600089FE831B022B4AD82B681901F7D4D4E943
:10A470000132013B100221681A01002F33D0012F55
:10A480002A4D45D02E692A4B33400B4303431343D7
:10A4900062695208013A43EA42632B61234D2B68FB
:10A4A00043F080632B60FBF765FE064604E0FBF794
:10A4B00061FE831B022B27D82B681B01F7D50020D8
:10A4C0001A4AA16913690B431361F8BD174B1B6846
:10A4D00013F4C02FBAD10120F8BD144B1B685D05E1
:10A4E000B4D40120F8E7114D124B2E6933400B43D1
:10A4F000E168034343EAC16313432B61CEE72B6852
:10A500001801B4D50320F8BD2B681A01FAD5D6E797
:10A510002E69094B33400B4303431343226952080E
:10A52000013A43EA42532B61B8E700BF00100240F2
:10A530000C80FFF90C80FF070C809FFF70B504466C
:10A540000068022847D003283ED0012841D1294B7A
:10A550001B689E0737D5274D2B6823F080532B604F
:10A56000FBF708FE064604E0FBF704FE831B022B04
:10A5700037D82B689900F7D41E4D1F4B69692268A4
:10A580000B401343D4E9021243EA012343EAC263B6
:10A590006268013A43EA02136B612B6843F080530F
:10A5A0002B60FBF7E7FD064604E0FBF7E3FD831BAA
:10A5B000022B1BD82B689B00F7D500200D4A216980
:10A5C00053690B43536170BD0A4B1B6813F4C02FD2
:10A5D000C1D1012070BD074B1B685D05BBD40120B4
:10A5E000F8E72B689800C7D5032070BD2B689A0048
:10A5F000FAD5E2E7001002400C80FF072DE9F04792
:10A600000368044613F4006582B01BD0C16E402974
:10A6100000F03D8200F25882002900F022822029B9
:10A6200040F058822030FFF789FF054623684DB976
:10A63000E16E0025B648D0F89C2022F0E0020A43E3
:10A64000C0F89C20DF0440F14F81216FB1F5007FFD
:10A6500000F0168200F23F81002900F00782B1F578
:10A66000807F40F0408104F12000FFF767FF07463C
:10A670002368002F40F00282A549206FD1F89C206A
:10A680009E0322F4E06242EA0002C1F89C2000F13D
:10A690002F81D90708D59E49606BD1F8882022F018
:10A6A00003020243C1F888209A0708D59849A06B95
:10A6B000D1F8882022F00C020243C1F888205E07FE
:10A6C00008D59349E06BD1F8882022F0300202438C
:10A6D000C1F88820180708D58D49206CD1F888204A
:10A6E00022F0C0020243C1F88820D90608D5884963
:10A6F000606CD1F8882022F440720243C1F88820AF
:10A700009A0608D58249A06CD1F8882022F44062CC
:10A710000243C1F888209E0508D57D49E06DD1F837
:10A72000882022F440220243C1F88820580508D529
:10A730007749206ED1F8882022F440120243C1F8F4
:10A740008820590208D57249606ED1F8882022F419
:10A7500040020243C1F888209A010CD5A26EB2F1E2
:10A76000807F00F06D81B2F1007F00F02681002A29
:10A7700000F0298101255F0608D56549E06CD1F814
:10A78000882022F440520243C1F888201E0608D5D2
:10A790005F49206DD1F8882022F440420243C1F87D
:10A7A0008820D80508D55A49606DD1F8882022F450
:10A7B00040320243C1F88820D90208D55449A06D1F
:10A7C000D1F89C2022F003020243C1F89C209A0495
:10A7D00011D54F49606FD1F88820B0F1006F22F099
:10A7E000406242EA0002C1F8882000F02481B0F102
:10A7F000806F00F060811F031BD5A16FB1F5804F02
:10A8000000F005814248B1F1806FD0F8882022F035
:10A81000406242EA0102C0F88820D0F89C2022F46D
:10A820008042C0F89C2000F05781B1F1006F00F029
:10A8300034815E0311D53649E06FD1F88820B0F13C
:10A84000006F22F0406242EA0002C1F8882000F066
:10A85000D980B0F1806F00F0258158040ED52C48C6
:10A86000D4F88010D0F88820B1F1805F22F04052F7
:10A8700042EA0102C0F8882000F0EA80D90309D535
:10A880002349D4F88400D1F89C2022F0040202432A
:10A89000C1F89C209A0209D51D49D4F88800D1F846
:10A8A0009C2022F018020243C1F89C20DB010ED547
:10A8B000174AD4F88C10D2F89C30B1F5001F23F45D
:10A8C000401343EA0103C2F89C3000F0AC802846F4
:10A8D00002B0BDE8F087B1F5407F00F0D680B1F559
:10A8E000806F00F0D28001252F469E037FF5D1AE08
:10A8F000074B9A6DD00054D54FF00008054E3368D1
:10A9000043F480733360FBF735FC81460AE000BFF7
:10A910000010024000700040FBF72CFCA0EB090087
:10A9200002285BD83368DA05F6D5002F5CD1DFF852
:10A93000C8A1D4F89010DAF8903013F4407327D0FF
:10A940008B4225D0DAF89020DAF8903043F4803347
:10A95000CAF89030DAF8903023F48033CAF8903097
:10A9600022F44073CAF89030D30711D5FBF702FCEC
:10A9700041F28839064605E0FBF7FCFB801B4845A1
:10A9800000F2B380DAF890309807F5D5D4F890103B
:10A99000594AD2F8903023F440730B43C2F89030F8
:10A9A00023E09A6D4FF0010842F080529A659B6D4A
:10A9B00003F080530193019BA0E70021201DFFF7C6
:10A9C00037FD07462368DFB94B49A06ED1F88820D0
:10A9D00022F040720243C1F88820CCE63368D905E2
:10A9E000A3D403252F4600E03D462368B8F1000FAD
:10A9F0003FF44FAE40498A6D22F080528A6548E6A6
:10AA00003D46B8E6CA6842F48012CA6025E73A4A71
:10AA1000D2F89C1041F48041C2F89C10D16841F4F6
:10AA20008031D16005E72846D36843F48013D360B2
:10AA300002B0BDE8F087CA6842F48012CA60DAE664
:10AA40002D49CA6842F48012CA60002FD8D1BBE7F2
:10AA50000221201DFFF7ECFC2368002818BF0546E3
:10AA60000CE70430FFF7E4FC0546DFE5201DFFF7A7
:10AA7000DFFC07462368002F3FF4FEAD3D4634E778
:10AA80001D49CA6842F48032CA602F46F1E51A486F
:10AA9000C26842F48032C260CBE5C26842F48012E0
:10AAA000C260C6E60121201DFFF7C2FC2368002812
:10AAB00018BF0546D1E60121201DFFF7B9FC236828
:10AAC000002818BF054696E660293FF4B2AD8029FC
:10AAD0003FF4AFAD0125B5E50121201DFFF7A8FC2E
:10AAE0002368002818BF0546A3E6DAF890309E07D1
:10AAF0007FF577AF4AE700BF00100240114B10B45A
:10AB0000996B114A41F080719963996B21F08071C2
:10AB100099630368D0E9014123430B43D0E9034122
:10AB2000234343EA014353601368416923F4FE431E
:10AB300043EA0123136013685DF8044B43F060039C
:10AB400013607047001002400060004000285AD097
:10AB500038B5437A044603F0FF02002B49D0D4E90C
:10AB6000003502214AF2B3206172284A19682A434B
:10AB7000274D21F0040119601A601D6118611A68DF
:10AB800022F080421A60FBF7F5FA054623681A683E
:10AB900051000ED5FBF7EEFA401B02282368F6D9C8
:10ABA0001A685200F3D50122022362720120E36089
:10ABB00038BD1A6842F004021A605B68580603D573
:10ABC00004236372012038BDFBF7D4FA05462368DD
:10ABD0005B68D90711D4FBF7CDFA401B0228236824
:10ABE000F6D95A68D207F3D4042202236272E360D2
:10ABF000E8E70272FBF768F8B1E70122002362720E
:10AC00001846E36038BD0120704700BF000DF040DA
:10AC1000BC0A5917704700BF026810B55368044654
:10AC2000990613D4580605D5590723D4516821F045
:10AC300040015160DB0708D5136823F00803136057
:10AC40009168637A2161042B0CD110BD1023C3607D
:10AC5000042320466372F8F77BFE6FF060022368DE
:10AC60005A6010BD01220023204662722372FFF752
:10AC7000D1FF10BD0823E360136823F008031360BD
:10AC8000E6E700BF002300B5026883B00193536874
:10AC9000014658070AD4536823F04003536000204C
:10ACA000CB6823F00803CB6003B000BD022013681B
:10ACB00043F080431360136823F0804313600190D6
:10ACC00002E013685B0012D5019B013B0193019BDD
:10ACD000002BF6D101224A720B72CB68084643F072
:10ACE0000203CB60F8F734FE012003B000BD5368C7
:10ACF00058060CD40223019302E053685B07CED5BB
:10AD0000019B013B0193019B002BF6D1E2E75368C5
:10AD100023F040035360EDE7F8B5037A012B43D0ED
:10AD20000122437A04469342DFB2027206D0042322
:10AD30001746C360002323723846F8BD0222036819
:10AD400042725B680E46590616D4FBF713FA0546A5
:10AD500023685A68D20718D4FBF70CFA401B022864
:10AD60002368F6D95A6812F00102F2D101210223B8
:10AD700061722272E360DFE70823C360FFF782FF9E
:10AD80000128E2D12023E360D6E79A685B6822615C
:10AD900013F0400316BF08231F46E3604FF0010382
:10ADA00008BF32606372C5E702273846F8BD00BFAE
:10ADB000704700BF30B5026804465168936885B09B
:10ADC00013F0400FC3F3801519D113F0010F2FD1E9
:10ADD000980745D49D0600F19180DB050DD58D06C1
:10ADE0000BD50020236E43F008032366039093687D
:10ADF0000393039B236E002B5AD105B030BD13F093
:10AE000002001AD008067CD413F020002CD18D0645
:10AE1000F3D594F85D50032D79D0256E45F00405E7
:10AE200025660090D06800909068009000983AE005
:10AE300011F0400FCCD0C36C65E08D06DDD594F8E1
:10AE40005D50032D63D0256E45F004052566009006
:10AE5000D0680090906800900098980623D515E07F
:10AE600008064ED49806B8D58806C6D575B194F8AC
:10AE70005D0003284BD0206E40F0040020660020C7
:10AE80000090D0680090906800900098206E40F08C
:10AE9000010020660020029090680290106820F067
:10AEA000400010600298DB059BD4236E002BA4D0D9
:10AEB000012053688D0723F0E003536084F85D00A0
:10AEC0002DD05368A06D23F00303536040B1164B9F
:10AED0000364FCF72FF818B1236E43F04003236698
:10AEE000606D002889D0104B0364FCF723F800281C
:10AEF00083D0236E43F0400323667EE78806C5D4E3
:10AF00007BE72046236D05B0BDE83040184700239D
:10AF10000193D368019393680193019B6DE72046E9
:10AF2000FFF746FF69E700BF2DAF000808B5002313
:10AF3000806AA0F84630C387FFF73AFF08BD00BF1C
:10AF400030B4036A124D046AA84224F0010404627A
:10AF50000ED0104CA0420BD004F54064A04207D0A4
:10AF600004F58064A04203D004F58064A04203D1BC
:10AF7000046A24F004040462846923F00A0324F0C0
:10AF8000F00C4CEA02121943826130BC0162704736
:10AF9000002C01400034014090F83D30012B23D1BA
:10AFA00002210368164A80F83D1093421ED0B3F187
:10AFB000804F1BD0A2F59432934217D002F58062E5
:10AFC000934213D002F5806293420FD002F594327F
:10AFD00093420BD002F54062934207D01A6842F0C8
:10AFE00001021A6000207047012070479968054AE5
:10AFF0000A40062AF6D0B2F5803FEFD10020704714
:10B00000002C01400700010090F83D30012B26D1B3
:10B010000222036880F83D20DA68174942F00102F5
:10B020008B42DA601DD0B3F1804F1AD0134A93429D
:10B0300017D002F58062934213D002F580629342EA
:10B040000FD002F5943293420BD002F54062934246
:10B0500007D01A6842F001021A60002070470120F0
:10B0600070479968064A0A40062AF6D0B2F5803F32
:10B07000EFD10020704700BF002C014000040040C9
:10B080000700010038B590F83C30012B6AD0044627
:10B0900002250123006884F83C3084F83D5085681F
:10B0A0004B4A2A4082600A68602A6AD010D8402A37
:10B0B0005AD02CD8202A4BD048D832F0100147D093
:10B0C00018460122002384F83D2084F83C3038BD26
:10B0D000B2F5805F13D0B2F5005F27D0702AEFD1B0
:10B0E000D1E901538268C9682B4322F47F4243EAC5
:10B0F000012313438360836843F077038360012255
:10B10000002384F83D2084F83C30002038BD502ACC
:10B11000D6D1CA684968FFF713FF836823F4401348
:10B1200023F0700343F057038360E8E78268D1E9B6
:10B130000153C9682B4322F47F4243EA012313439E
:10B140008360836843F480438360D8E7302AB7D1B3
:10B15000836823F4401323F07003134343F0070381
:10B160008360CCE7022038BDCA684968FFF7E8FE73
:10B17000836823F4401323F0700343F04703836094
:10B18000BDE7036A026A4D6822F01002C9680262D4
:10B19000104A904217D002F50062904213D08269A3
:10B1A00023F0A00322F4704243EA051342EA01327D
:10B1B00082610362836823F4401323F0700343F039
:10B1C000670383609BE7026A22F040020262E6E7BF
:10B1D0008800CEFF002C0140704700BF704700BFC1
:10B1E000704700BF704700BF036870B5DE681C6918
:10B1F0000546A20701D5B1075AD4630701D57007E8
:10B2000043D4210701D532072DD4E00601D5F1063C
:10B2100016D4E20701D5F30763D414F4025F0AD011
:10B22000300666D4600601D5710673D4A20601D536
:10B23000B3064DD470BDE205F4D5330662D4F1E710
:10B240006FF0100108222B68284619612A77DB6904
:10B2500013F4407F6FD1FFF7BFFF2846FFF7C0FF11
:10B2600000232B77D5E76FF0080104222B682846CE
:10B2700019612A77DB699B075AD1FFF7ADFF284692
:10B28000FFF7AEFF00232B77BFE76FF00401022228
:10B290002B68284619612A779B6913F4407F44D1B3
:10B2A000FFF79AFF2846FFF79BFF00232B77A8E7BD
:10B2B0006FF002021A61012202779B699A0731D16D
:10B2C000FFF78AFF2846FFF78BFF00232B7794E7D1
:10B2D0006FF020022B682846BDE870401A6100F02C
:10B2E00005B96FF001022B6828461A61F5F74AFE8E
:10B2F00093E76FF402522B6828461A6100F0F8F8C1
:10B30000E1058FD56FF480722B6828461A6100F032
:10B31000F1F887E76FF040022B6828461A61FFF7C3
:10B3200061FF83E7FFF75AFFCFE7FFF757FFBCE75F
:10B33000FFF754FFA6E7FFF751FF91E770B4284EDF
:10B340000368B0424A698D680C6839D0B0F1804F0B
:10B3500020D0A6F59436B0421CD006F58066B042E7
:10B3600018D006F58066B04214D006F59436B04287
:10B3700026D01C4EB04227D006F58066B04223D0BE
:10B3800006F58066B0421FD023F08003C5621A43E1
:10B3900084620CE04E6823F07003C968334323F4E1
:10B3A00040730B4323F08003C5621A43846201217A
:10B3B00070BC036843F0040303604161026070479E
:10B3C0004E6823F070033343CE6823F44073334355
:10B3D000C56223F0800384621A430B690363E6E7C6
:10B3E000002C01400040014070B310B590F83D3092
:10B3F000044603F0FF0213B30223214684F83D30D4
:10B4000051F8040BFFF79AFF012384F8483084F8C1
:10B410003E3084F83F3084F8403084F8413084F87E
:10B42000423084F8433084F8443084F8453084F85E
:10B43000463084F8473084F83D30002010BD80F855
:10B440003C20FAF771FCD7E70120704790F83C20C8
:10B45000012A45D00346022070B41A68214E83F8B1
:10B460003D00B24250680D68946827D006F500662A
:10B47000B2422CD020F070002843B2F1804F5060CF
:10B480000ED0194882420BD000F58060824207D06E
:10B4900000F58060824203D000F59A30824204D1E8
:10B4A000896824F080040C4394600022012183F811
:10B4B0003C2083F83D10104670BC70474E6820F465
:10B4C0007000304320F0700028435060E8E74E6879
:10B4D00020F47000304320F0700005435560DFE732
:10B4E00002207047002C014000040040704700BF5C
:10B4F000704700BF704700BF10B4026852E8003FB9
:10B5000023F4907342E800310029F7D1144C02F182
:10B51000080353E8003F234002F1080C4CE80031D7
:10B520000029F4D1C36E012B08D0002320225DF83E
:10B53000044BC0F88C204367C366704752E8003F55
:10B5400023F0100342E800310029EED052E8003F1A
:10B5500023F0100342E800310029EFD1E5E700BFF6
:10B56000FEFFFFEF704700BF704700BF08B5806A5D
:10B57000FFF7FAFF08BD00BF704700BF40F60F0C91
:10B5800070B504680546E369216813EA0C0FA268E8
:10B5900029D19E0607D501F0200C02F080565CEA06
:10B5A000060C40F0F080E86E012800F0AC80D80274
:10B5B00000F19E80180606D502F4000201F080001A
:10B5C000104340F0E7805A0602D54E0600F1C380D2
:10B5D000180202D54A0000F10C81DB0102D50029D6
:10B5E000C0F23D8170BDA348104040F0C580A24E1E
:10B5F0003142D8D0DE0740F1DC80CE0540F1D28068
:10B6000001262662D5F8906046F00106C5F89060E4
:10B610009E0740F1C980D60740F1CB80022020620E
:10B62000D5F890005E0740F00400C5F8900040F1A6
:10B63000DD8004202062D5F8900040F00200C5F8BB
:10B640009000180700F1BD8018050AD54E0108D5F5
:10B650004FF400602062D5F8900040F02000C5F85B
:10B660009000D5F890000028BCD0980606D501F0CF
:10B67000200102F08052114340F0AC80D5F89020B8
:10B68000A36802F0280203F0400353EA02062846AA
:10B6900000F0EA80FFF730FFA3685B0640F1A2806C
:10B6A00004F1080353E8003F23F0400304F10801CC
:10B6B00041E8003262B12C6804F1080353E8003F0E
:10B6C00023F0400304F1080141E80032002AF3D1DD
:10B6D000D5F88000002800F08580684B0364FBF7F4
:10B6E00029FC00283FF47EAFD5F88000036C4EE0C3
:10B6F00056027FF55FAF4FF4801328462362BDE802
:10B70000704000F0FBB8DE067FF551AFC8067FF54C
:10B710004EAF1022B5F85C302262A268520640F1AA
:10B72000AF80D5F880000268516889B2002900F026
:10B73000DC80994280F0D980A5F85E1012689606E8
:10B740005CD502222A67B5F85E102846591A89B2DC
:10B75000FFF712FF70BD54E8003F23F0400344E8B8
:10B760000032002AF7D1202200232846C5F888207D
:10B77000AB67FFF7F7FE70BDDE077FF549AFCE057B
:10B780007FF546AF3CE7436F002B3FF42BAFBDE89E
:10B7900070401847AB6F002B3FF424AF2846BDE83C
:10B7A000704018479E0704D45E0702D5D6073FF5C0
:10B7B00040AF1E077FF548AF01F0200606433FF477
:10B7C00043AF08202062D5F8900040F00800C5F88B
:10B7D000900039E76B6F002B3FF450AF2846984735
:10B7E0002C684BE72846FFF7BFFE70BD1807E8D46A
:10B7F0002AE72846BDE8704000F084B854E8003FCE
:10B8000023F4807344E80032002AF7D104F10803DE
:10B8100053E8003F23F0010304F1080141E800323E
:10B82000002AF3D104F1080353E8003F23F040035A
:10B8300004F1080141E80032002AF3D12023C5F8C1
:10B840008C30EA6654E8003F23F0100344E80032ED
:10B85000002AF7D1FBF736FBB5F85C3071E72846D4
:10B86000BDE8704000F04CB8FFF77EFEC5F8906070
:10B8700070BD00BF01000010200100046DB500087C
:10B88000B5F85E10B5F85E2089B292B2002A3FF496
:10B89000A9AE5B1A99B200293FF4A4AE54E8003F68
:10B8A00023F4907344E80032002AF7D1124804F1DF
:10B8B000080353E8003F034004F1080646E800325D
:10B8C000002AF4D120236A67C5F88C30EA6654E870
:10B8D000003F23F0100344E80032002AF7D102238E
:10B8E00028462B67FFF748FE70BD99427FF47AAE79
:10B8F00013689C06F3D470BDFEFFFFEF704700BFD6
:10B90000704700BF704700BF034644F27F02B3F8A0
:10B91000401000200A40A3F8402070474FF0000C70
:10B9200000B583B002AB4FF0010E03E906000346F9
:10B930006046A3F840E0A3F840C0A3F844C0A3F8D1
:10B9400050C003B000BD00BF70B50A78034630F8A0
:10B95000220091F803E020F4EC4020F07000000495
:10B96000000CBEF1030F00F20582DFE80EF0CDD02F
:10B97000B10240F4C06048F2800C40EA0C0023F8A9
:10B98000220033F8220020F4E04020F07000000490
:10B99000000C10434CEA000C23F822C0087B00285E
:10B9A00000F0B880002033F822C02CF4E24C2CF0D8
:10B9B000700C4FEA0C4C4FEA1C4C4CF4004C4CF011
:10B9C000800C23F822C00C89B3F8505003EBC20C52
:10B9D000640864001CFA85F5A5F800444C89B3F8A6
:10B9E0005050640864001CFA85F5A5F804444C78AE
:10B9F000002C40F01C8133F8224064040DD533F84C
:10BA0000224024F4E04424F070042404240C44F480
:10BA1000404444F0800423F8224033F82240660674
:10BA20000DD533F8224024F4E04424F070042404BB
:10BA3000240C44F4004444F0C00423F822400D696F
:10BA4000B3F850101CFA81F1B1F802440CF2064C24
:10BA5000C4F30904A1F80244002D00F030813E2D0A
:10BA600000F2658105F0010404EB5504A402A5B2BF
:10BA7000B1F80244A4B22C43A1F80244B3F8501028
:10BA800089B231F80C40C4F3090421F80C4031F8B4
:10BA90000C40A4B22C4321F80C4048F2800433F847
:10BAA000221021F4804121F070010904090C81F475
:10BAB0004051214323F8221033F8221021F4E041B1
:10BAC00021F040010904090C0C4323F8224070BD09
:10BAD00048F28005284323F8220033F82200B14CB5
:10BAE00080B220401043054323F82250087B88B1E0
:10BAF00033F8220080B2204040F4014040F0800042
:10BB000023F8220000205EE740F4007033E740F4A1
:10BB1000806030E70020CC884E786408640003EB36
:10BB2000C205F6B3B3F8501015FA81F1A1F800443C
:10BB300033F8221049060DD533F8221021F4E041E4
:10BB400021F070010904090C41F4004141F0C001E9
:10BB500023F8221033F82210BEF1010F21F4E04146
:10BB600021F040014FEA01414FEA114112D081F02A
:10BB7000200141F4004141F0800123F8221070BD02
:10BB800033F8221021F4804121F070010904090CDE
:10BB900081F4005141F4004141F0800123F822106A
:10BBA00070BD0E69B3F8501015FA81F1A1F8044484
:10BBB000B3F8501015FA81F1B1F80644C4F3090442
:10BBC000A1F80644002E00F096803E2E00F29D80E3
:10BBD000B1F8064406F00105A4B205EB560544EAA7
:10BBE0008524A4B2A1F8064433F822104D040DD5E3
:10BBF00033F8221021F4E04121F070010904090C0E
:10BC000041F4404141F0800123F82210002AB7D1CD
:10BC10001A8822F4804222F070021204120C82F47C
:10BC2000405242F4004242F080021A8070BD33F864
:10BC300022104C040DD533F8221021F4E04121F0FC
:10BC400070010904090C41F4404141F0800123F8DE
:10BC5000221033F8221049060DD533F8221021F4B2
:10BC6000E04121F070010904090C41F4004141F068
:10BC7000C00123F8221033F82210BEF1010F21F485
:10BC8000E04121F040014FEA01414FEA114118BF64
:10BC900081F0200141F4004141F0800123F822109D
:10BCA00033F8221021F4804121F070010904090CBD
:10BCB00041F4004141F0800123F8221070BDB1F839
:10BCC00002446FEA44446FEA5444A4B2A1F8024427
:10BCD000B3F85040A4B234F80C10C1F3090124F8B1
:10BCE0000C1034F80C106FEA41416FEA514189B2EF
:10BCF00024F80C10D1E6B1F806446FEA44446FEA28
:10BD00005444A4B2A1F806446EE7B1F8064475099C
:10BD1000F60608BF05F1FF35A4B244EA85246FEAB0
:10BD200044446FEA5444A4B2A1F806445CE76C09A9
:10BD3000ED0608BF04F1FF34B1F80254A402A4B226
:10BD4000ADB2254345F40045A1F80254B3F8505074
:10BD5000ADB235F80C10C1F3090125F80C1035F817
:10BD60000C1021436FEA41416FEA514189B225F835
:10BD70000C1092E648F28004204323F8220033F8A6
:10BD8000220020F4E04020F070000004000C10437A
:10BD9000044323F82240087B08B1012003E6012078
:10BDA000B9E600BF8F8FFFFF2DE9F04F4B780C7B7A
:10BDB000012B83B035D0ECB1CB78022B00F0FD80A5
:10BDC000012B40F0878000230A788B6130F8223005
:10BDD00023F4804323F070031B041B0C83F44053B3
:10BDE00043F4004343F0800320F82230002003B0E6
:10BDF000BDE8F08F8A690C78002A55D1CB78002BEA
:10BE000040F0F98030F8243023F4E04323F070034D
:10BE10001B041B0C43F4014343F0800320F824303F
:10BE2000D1E70E698A694B69B24228BF324600F5F4
:10BE30008067002C00F0A880CD780C6A022D91F864
:10BE400000E04BD0A41A30F82E500C6294B20134AA
:10BE500015F0400F92B2B0F850504FEA540400F081
:10BE6000D98000F2064616FA85F525F83E204D8960
:10BE70003D443CB103EB4404ED1A1A885A53023393
:10BE80009C42FAD10A7830F8223023F4E04323F0C0
:10BE900040031B041B0C83F0300343F4004343F0C6
:10BEA000800320F82230A1E730F8243023F4E24365
:10BEB00023F070031B041B0C43F4004343F0800386
:10BEC00020F824300B699A427FF67DAFD31A8B613C
:10BED0000A787BE7012003B0BDE8F08FA64200F2AC
:10BEE000024B80F0DF8030F82E50A41A25F4E04594
:10BEF00025F070052D042D0C45F4014545F0800515
:10BF000020F82E5030F82EC095B201351CF0400FAD
:10BF10000C62B0F850C04FEA55051FFA82F800F2E3
:10BF2000064900F08E8019FA8CFC2CF83E80B1F89E
:10BF30000A90B94475B19C46A9EB030903EB450A85
:10BF40000196BCF800602CF809600CF1020CD44595
:10BF5000F7D1019E1344A6424B6180F0C880A21A1B
:10BF60000A62B0F850201BFA82F222F83E800C8957
:10BF70003C44002D86D003EB4505E41A1A881A5379
:10BF800002339D42FAD17DE795B2CE8801356D0826
:10BF90003E4492B207D003EB4505F61A1C889C5329
:10BFA0000233AB42FAD1B0F850300C7800F20245BF
:10BFB00015FA83F323F8342064E7CB690A78002B61
:10BFC0003FF404AF30F8223003F040045B0435D472
:10BFD000002C7FF4FBAE30F8223023F4E04323F052
:10BFE00070031B041B0C43F4004343F0C00320F810
:10BFF00022300A78EAE630F8243023F4E24323F0D2
:10C0000070031B041B0C43F4004343F0800320F82F
:10C010002430D8E600F2024616FA85F525F83E20CF
:10C020000D893D44002C3FF42DAF03EB4404ED1A81
:10C030001A885A5302339C42FAD123E7002CCAD102
:10C04000C4E61BFA8CFC2CF83E80B1F808A0BA4478
:10C0500075B19C46AAEB030A03EB450B0196BCF8AD
:10C0600000602CF80A600CF1020CDC45F7D1019E4F
:10C070001344A6424B6141D2A41AB0F850200C627E
:10C0800019FA82F222F83E804C893C44002D3FF49C
:10C09000F9AE03EB4505E41A1A881A530233AB4292
:10C0A000FAD1EFE6A5B22C4630F82E20013422F466
:10C0B000E24222F070021204120C42F4004242F0FA
:10C0C000800220F82E20B0F8502064081BFA82F27B
:10C0D00022F83E500D893D443FF4D4AE03EB4404B6
:10C0E000ED1A1A885A5302339C42FAD1CAE6A5B215
:10C0F000013500221FFA84F86D0831E7A5B2013539
:10C100001FFA84F86D080024B7E700BF4B780A785F
:10C110008BB130F8223023F4E04323F040031B04BA
:10C120001B0C83F0100343F4004343F0800320F81A
:10C1300022300020704730F8223023F4804323F06F
:10C1400070031B041B0C83F4805343F4004343F03F
:10C15000800320F822300020704700BF4B780A7817
:10C1600033B330F822305B060DD530F8223023F49B
:10C17000E04323F070031B041B0C43F4004343F023
:10C18000C00320F82230CB78012B0FD030F82230BA
:10C1900023F4E04323F040031B041B0C83F0200333
:10C1A00043F4004343F0800320F82230002070471E
:10C1B00030F822305B040DD530F8223023F4E04310
:10C1C00023F070031B041B0C43F4404343F0800333
:10C1D00020F8223030F8223023F4804323F070031B
:10C1E0001B041B0C83F4405343F4004343F08003CF
:10C1F00020F822300020704711B98023A0F84C307D
:10C2000000207047B0F8440080B27047013302F557
:10C2100080625B08104408D00A4601EB4301801A93
:10C220001388135202328A42FAD1704770B502F570
:10C2300080625D0800EB020419D06FF001008E1CD3
:10C240003246AC46401A2044815ABCF1010C89B2F6
:10C250004FEA112E02F1020202F8041C02F803EC6C
:10C26000F2D1013D023406EB450104EB4504DB0746
:10C2700044BF23880B7070BDD0E90023F0B4D0E92F
:10C280000267D0E90445D0E90601B1F1FF3F08BFDC
:10C29000B0F1FF3F18D1B5F1FF3F08BFB4F1FF3F48
:10C2A0000FD1B7F1FF3F08BFB6F1FF3F0FD1F0BC90
:10C2B000B3F1FF3F08BFB2F1FF3F14BF01200020E0
:10C2C00070470320F0BC70470420F0BC7047022088
:10C2D000F0BC704710B54FF6FD7E1F4B0446B3F817
:10C2E000E0C000F580330CF1FF3292B272454FEAA4
:10C2F000C32008D84FF47832184B03EA4C23B2FB22
:10C30000F3F203FB020003294FF0AA324FF0AA33E5
:10C3100012D0042908D0022916D000F041FFC0B97C
:10C320000F4B00201C7010BD183000F039FF003892
:10C3300018BF0120400010BD103000F031FF003860
:10C3400018BF0120400010BD083000F029FF002870
:10C35000E6D0022010BD00BF0005FA0B00FE1F0052
:10C36000E02A0320F8B5044600F052FF002840F010
:10C37000BD804FF6FD73634AB2F8E0C00CF1FF32A6
:10C3800091B2994200F2B0804FF478355E4B03EAE7
:10C390004C23B5FBF3F503FB05F5C5F57835ED0A40
:10C3A0004FF6FD7391B2994212D999E04FF6FD779D
:10C3B000544E2846012100F0F7FE0135002840F0D8
:10C3C0008D80B6F8E0C00CF1FF3293B2BB4237D893
:10C3D0004FF478334C4901EA4C21B3FBF1F301FBF4
:10C3E00003F3C3F57833DB0A04339D422AD2002CD1
:10C3F000DCD04FF47836B6FBF1F01127EB0203F1F5
:10C40000006301FB003303F5006ED3E90001B1F1D5
:10C41000FF3F08BFB0F1FF3F03F1080318BF10272B
:10C420009E45F2D1102F47D04FF6FD7391B299423D
:10C4300005F10105CCD9802D04D04FF48021DAE735
:10C44000802DB6D100F0E2FE4FF6FD712D4BB3F812
:10C45000E020531E9BB28B424AD84FF478302A4BCF
:10C46000022103EA4223B0FBF3F003FB00F0C0F526
:10C470007830C00AFFF72EFF00283FD14FF6FD713C
:10C48000224A204B1080B3F8E020531E9BB28B420F
:10C4900036D84FF478331C4901EA4222B3FBF2F359
:10C4A00002FB03F3C3F57833C3F3C7232021184CF1
:10C4B000184A23701160F8BD0121284600F074FE6F
:10C4C00060B9104B0135B3F8E0C04FF6FD730CF1C5
:10C4D000FF3291B299427FF67BAFACE70120F8BD05
:10C4E00080234FF4802180E77C2559E70E20F8BD9A
:10C4F0007C200221FFF7EEFE0028BFD00220F8BD0D
:10C500007C23D3E70005FA0B00FE1F00E22A03207C
:10C51000E02A03201C0103204FF6FD71224B2DE978
:10C52000F041B3F8E02082B0531E9BB28B4220D87A
:10C530004FF478351D4B03EA4223B5FBF3F503FBBB
:10C5400005F5C5F57834E40A271D05F1006606EB0C
:10C55000C420FFF791FE04284FEAC42804F1020327
:10C560000BD09F4203D8052002B0BDE8F0811C46E5
:10C57000EDE780277C240025E7E7621C9A4206D37A
:10C580000221204600F010FE48B10120ECE708F13E
:10C5900008202844FFF770FE0428F1D0E3E701905B
:10C5A00000F034FE0198DFE70005FA0B00FE1F00E3
:10C5B0002DE9F0474FF6FD74444A454BB2F8E010C0
:10C5C0001E784A1E92B206F58033A24280464FEA98
:10C5D000C3234FD84FF478393E4C04EA4124B9FBC9
:10C5E000F4F904FB09F94B441846FFF745FE4FF4F4
:10C5F0007833B3FBF4F304FB03F3C3F57833A6EB12
:10C60000D32A0AF1010505F0030505EBD3250746FA
:10C6100005F5803009EBC020DC0AFFF72DFEB8F1EC
:10C62000010F12D0B8F1020F0AD0022F1FD0012F34
:10C630001BD10AF1030A0AF0030A0AEB040616E00A
:10C6400098B92E463046BDE8F087022F17D0012F4B
:10C650000BD1214C2368B3F5006F08D304282BD0ED
:10C6600003213046FFF736FEE0B14FF0FF3630468B
:10C67000BDE8F0874FF000094FF48024B4E7164C72
:10C680002368B3F5006FF2D304281AD00321304693
:10C69000FFF720FE0028E8D102212846FFF71AFE06
:10C6A00030B1E2E701212846FFF714FE0028DCD173
:10C6B00020232E462360C5E7FFF72EFF0028CFD0AA
:10C6C000D3E7FFF729FF0028E0D0CEE70005FA0BFB
:10C6D000E02A032000FE1F001C0103202DE9F04189
:10C6E000074600200E46FFF763FF431C6DD000F5A0
:10C6F0008031CC024FF6FD71354B8046B3F8E02017
:10C70000531E9BB28B4208D84FF47831314B03EA69
:10C710004223B1FBF3F203FB02442046FFF7ACFDDA
:10C72000831EDBB2022B4BD82B4D04F5FF6C04F1BA
:10C73000180101E08C451CD0DCE90023B3F1FF3F78
:10C7400008BFB2F1FF3FACF1080C1FFA82FEF1D036
:10C75000BE45EFD1A86840F00100A8602B602F8093
:10C760002C68A4B2B4EB124FE4D100203360BDE8D2
:10C77000F0814FF6FD71164BB3F8E020531E9BB2CB
:10C780008B421FD84FF47831124B03EA4223B1FB9E
:10C79000F3F103FB01F1C1F57833DB0A08F103087B
:10C7A000A8EB030808F00308984408F5803301EB70
:10C7B000C3242046FFF760FD831EDBB2022BB4D9F1
:10C7C0000720D4E700217C23E8E70320BDE8F081BF
:10C7D0000005FA0B00FE1F00003002404FF6FD720C
:10C7E000431E9BB2934201D908207047002310B525
:10C7F00082B00C4601A90193FFF770FF019B2360F3
:10C8000002B010BD70B5064601200D46FFF7D0FE00
:10C81000431C3AD04FF6FD711D4B00F5803CB3F838
:10C82000E0204FEACC2C531E9BB28B4227D84FF40A
:10C830007830184B03EA4223B0FBF3F003FB00F01F
:10C84000CDB1154CA36843F00103A3602560268099
:10C8500022681204114C2B46216832438C446044F8
:10C8600000F09EFC78B90E4922680B88083201332B
:10C8700022600B8070BD002EE3D13246EAE7002033
:10C88000002DDED1F7E7022070BD032070BD00BF90
:10C890000005FA0B00FE1F00003002401C010320BF
:10C8A000E22A03202DE9F04F002785B0CDE90001F1
:10C8B000C2F10200C0B214460397FFF779FE431C91
:10C8C00000F068812023BB4ABB4D1070BB4A06466E
:10C8D0002F801360002C00F042814FF6FD71B84BA1
:10C8E000B3F8E020531E9BB28B4200F23F814FF41D
:10C8F0007833B44901EA4222B3FBF2F302FB03F3BB
:10C900001A46C3F57833DB0A0336F61A06F0030637
:10C910001E4406F5803002EBC020FFF7ADFC022874
:10C9200000F08680042800F08980012C40F0DB8034
:10C93000032840F0D8809F4B2C881E789F4B4FF0E7
:10C94000000B1A6804F1FC03C2EBC62C0CF1006C5E
:10C950004FF6FD7A9B4F0CF1200C1FFA83FE09E085
:10C960001FFA89F474454FF0010B2C8002F1080284
:10C9700000F01981924BB3F8E03003F1FF381FFA51
:10C9800088F1514598BF4FF4783107EA432996BFA3
:10C99000B1FBF9F0002009FB00F00CEB02010144AF
:10C9A000D1E90001B1F1FF3F08BFB0F1FF3F04F151
:10C9B0000109D5D14146BBF1000F01D07F4802608B
:10C9C0004FF6FD77DFF8FC8189B204F57C7AB94235
:10C9D000DFF8EC911FFA8AFA08EA432325D84FF4CE
:10C9E0007830B0FBF3F003FB00F0C0F57832D20AE8
:10C9F000C2F10303334403F003039E1806F58033AA
:10CA000000EBC320FFF738FC032804F1FC0340F0DF
:10CA1000C8809CB254452C8078D0B9F8E030591EBB
:10CA200089B2B94208EA4323D9D97C220020DFE742
:10CA300004213046FFF74EFC00285ED14FF6FD7111
:10CA40005F4BB3F8E020531E9BB28B4200F2A680EE
:10CA50004FF478335B4901EA4222B3FBF2F302FB65
:10CA600003F31A46C3F57833DB0A06F10309A9EB91
:10CA7000030909F00309994409F5803002EBC0204D
:10CA8000FFF7FAFBC31EDBB2012B3AD84C4F4D4ED9
:10CA90001AE04FF47833B3FBF1F301FB03F31846CC
:10CAA000C3F57833DB0A09F10309A9EB030909F09F
:10CAB0000309994409F5803300EBC320FFF7DCFB41
:10CAC000C31EDBB2012B1CD8032810D04FF6FD7219
:10CAD000B7F8E03006EA4321013B9BB29342D8D934
:10CAE00000207C23DFE70A2005B0BDE8F08F042199
:10CAF0004846FFF7EFFB0028E8D0022005B0BDE86C
:10CB0000F08F012CB5F800A03FF415AFBAF5FC7F0B
:10CB1000F3D2DDE90001FFF775FE0028EDD12C8886
:10CB2000022C26D80124009F0CE02B88B3F5FC7F53
:10CB30002CD230460399FFF765FE0028D4D101348A
:10CB4000FB2C19D0BC42A6B2F9D0304603A9FFF79E
:10CB5000C5FD0028E9D00728F1D00320C4E7012152
:10CB6000FFF7B8FB00283FF4B8AEC6E700227C23ED
:10CB7000CAE6023CFA2CD6D90E4B02211878FFF7F0
:10CB8000A9FB0028B9D14FF48070ADE7122005B0A1
:10CB9000BDE8F08F042005B0BDE8F08F00227C23B3
:10CBA00063E7A246B2E7054B1A60054BB3F8E030E5
:10CBB000591E05E7E02A0320E22A03201C01032076
:10CBC0000005FA0B00FE1F002DE9F04F89B0064664
:10CBD00000F01EFB002840F0D281074648F2050015
:10CBE00001244FF6FD71C04B9A6C42F480529A6456
:10CBF0009B6CBE4A03F480530793079B5061936874
:10CC0000BB4823F0180343F008039360B94B04704A
:10CC1000B3F8E020531E9BB28B4200F242814FF4E6
:10CC2000783AB54B03EA4223BAFBF3FA03FB0AF363
:10CC3000C3F57834E40A039304F58033049304F1D4
:10CC40000408A446039AAD4902F5006202EBC32230
:10CC50004FEAC32EA2F500630B60F3E802AB9A42E1
:10CC6000FAD10CF1010CC44502F50062F2D3039B2A
:10CC70004FF0000C0EEB030B5B46E1466546A34606
:10CC80009A46CDE901CC80F800C05046FFF7F4FA8F
:10CC9000421ED2B2012A40F20B81032807D1019B28
:10CCA000CDF808B0002B08BFD946013301930BF132
:10CCB000010BC3450AF5006AE7D3002D00F064813B
:10CCC0004FF6FD718B4BB3F8E020531E9BB28B42A5
:10CCD00000F2E481884B03EA42234FF47832B2FB3E
:10CCE000F3F203FB02FBCBF578334FEAD32909F5C6
:10CCF0008035294609F1040A4FF0030803964C4693
:10CD00004646884609F102030BEBC52501932846E8
:10CD1000FFF7B2FA012800F0FB800134544505F515
:10CD2000006506F10106F2D30023039E01934FF63E
:10CD3000FD71704BB3F8E020531E9BB28B4200F2A2
:10CD4000A5814FF4783C6C4B03EA4223BCFBF3FC17
:10CD500003FB0CFCCCF57835ED0A05F58034224652
:10CD600005F104084FF000090CEBC424CA46A346A1
:10CD7000039704964F461646A94664465846FFF761
:10CD80007BFA022800F09680032808BFCDF80890AF
:10CD9000791C01EB0509C1450F460BF5006BEDD37E
:10CDA000DDE903765346002B00F08681544D0022C6
:10CDB00020202B78DFF854814FEAC32C0293514B8B
:10CDC0004FF6FD7B9646DFF82CA1DFF82C910CF195
:10CDD000006CA8F80020186008E00830B0F5006F7B
:10CDE0004FF0010EA8F8002000F08381BAF8E0307F
:10CDF0000132591E8DB25D4598BF4FF4783509EA6E
:10CE0000432496BFB5FBF4F5002565430CEB000405
:10CE10002C44D4E90045B5F1FF3F08BFB4F1FF3F12
:10CE200092B2DAD1BEF1000F01D0364A10604FF64F
:10CE3000FD750A46DDF808A02F4CDFF8B89028E011
:10CE40004FF47831B1FBF3F103FB01F1C1F5783216
:10CE5000D20A0AF103039B1A924503F0030302F17D
:10CE6000020000F0B380504500F0B08003EB020AEE
:10CE70000AF5803001EBC020FFF7FEF9032840F0EF
:10CE80001681B8F80030FC33A8F80030B9F8E0306B
:10CE90005A1E92B2AA4204EA4323D1D97C2200212D
:10CEA000D7E7194B4FF080087C2404930397C8E61A
:10CEB0000135FCE6A94549D0022F47D0F81C00F007
:10CEC0000300304404EBC020FFF7D6F903287FF4B9
:10CED0005FAFBAF1000F40F0EA80094A4FF0010A53
:10CEE000791C82F8009054E70010024000300240A4
:10CEF000D82A03200005FA0B00FE1F00DC2A0320BD
:10CF0000E02A03201C0103207C000100E22A032008
:10CF10004C4528D0019BA34225D006F00300404495
:10CF20000BEBC020FFF7A8F903287FF4F6AE002131
:10CF3000744D01220846039E2C70FFF7B3FCB0F538
:10CF4000807F40F0DD8001230193F0E6791C01F041
:10CF50000300304404EBC0200591FFF78DF9002851
:10CF6000B7D0059915E7B01E00F0030040440BEB65
:10CF7000C020FFF781F900287FF4CFAED7E70E2756
:10CF8000384609B0BDE8F08F019B002B00F0AB8064
:10CF9000C4F10300049B484400F003001844039BC1
:10CFA00003EBC020FFF768F904287FF489AE029BE9
:10CFB000C4F10100184400F0030001212044FFF7F0
:10CFC00089F900283FF47CAE0227D9E7029D01359C
:10CFD000AD1A05F00305154405F58033AA4501EBAC
:10CFE000C32127D0484C002E37D10121284600F01C
:10CFF000DBF8002872D14FF6FD71B4F8E020531E23
:10D000009BB28B423FD84FF47831404B03EA422326
:10D01000B1FBF3F103FB01F1C1F57833DB0A013514
:10D02000ED1A05F003051D4405F58033AA4501EB13
:10D03000C321D8D100F0EAF8019B002BA0D1B8F8A9
:10D040000030B3F5FC7F9BD201990846FFF7DAFB6D
:10D05000071E18BF01277F0092E74FF0110C01F562
:10D060000060D1E90023B3F1FF3F08BFB2F1FF3FF9
:10D0700001F1080118BF4FF0100C8142F1D1BCF151
:10D08000100FB8D1B1E700217C23C8E7204A4FF048
:10D0900080087C254FF0000C144663E61C494FF0D5
:10D0A000800A4FF07C094FF0000B0D4624E60A275A
:10D0B000384609B0BDE8F08FEDB2029AC5F1010320
:10D0C000134403F003031D44E8B20E4D02212870FF
:10D0D000FFF700F900283FF46AAE75E701273846EC
:10D0E00009B0BDE8F08F019809B0BDE8F04FFFF737
:10D0F00039B9084B1860044BB3F8E030591E96E676
:10D100000C273DE7E02A03200005FA0B00FE1F0074
:10D110007C0001001C0103204FF6FD72431E9BB2F0
:10D12000934201D908207047044B1B88B3F5FC7F5C
:10D1300001D2FFF767BB0022FFF7B4BBE22A03204E
:10D14000134B144A196CB2F8E02011F4801F02F15D
:10D15000FF334FF6FD719BB20CD18B4297BF0E4B44
:10D160000E4B03EA422303F1006383428CBF01208C
:10D17000022070478B4297BF074B084B03EA4223BC
:10D1800003F1006383428CBF02200120704700BF7F
:10D19000002002400005FA0B00FE1F0000000408FA
:10D1A00001460120FAF736BC4FF6FD7C70B500262B
:10D1B000144B0446B3F8E02086B0531E9BB200F532
:10D1C000803063450D4601964FEAC02008D80E4BCB
:10D1D00003EA42234FF47832B2FBF3F203FB02007E
:10D1E000FFF7AEFF0222034601A902A8CDE90334EE
:10D1F00005950292FAF722FE003818BF012006B00A
:10D2000070BD00BF0005FA0B00FE1F00704700BF95
:10D21000FF2300B58BB001A80293FAF779FD079BB5
:10D2200013F4800F0CBF0E2000200BB000BD00BF18
:10D23000D0F8B8320BB11B6818470320704700BF05
:10D2400008B5D0F8B8320BB15B689847002008BD2C
:10D2500038B5044600F2AA25284600F091FB0122C9
:10D2600094F8AA12B4F8B032C029C4F89422C4F8D1
:10D2700098320DD001F01F03012B1BD0022B13D0CD
:10D2800063B12046BDE8384001F0800103F014B9D5
:10D290002046BDE83840802103F00EB929462046DB
:10D2A000BDE8384000F0F6B829462046BDE83840D1
:10D2B00000F0C8BA29462046BDE8384000F08CBAD4
:10D2C00070B5044631B91346D0F89422032A0DD024
:10D2D000002070BD90F89C32032BF9D1D0F8B83201
:10D2E0009B69002BF4D0BDE870401847D0E9575235
:10D2F000954208D890F89C32032B0ED0204600F0BF
:10D300006DFB002070BDAD1AAA4228BF2A461946FF
:10D31000C0F85C5100F058FBDAE7D0F8B8321B696E
:10D32000002BEBD09847E9E770B5044649B9D0F82F
:10D330009432022B11D094F8A032012B22D000207D
:10D3400070BD90F89C32032BF9D1D0F8B8325B69EC
:10D35000002BF4D0BDE870401847D0E90736B3423F
:10D360000D4614D820D094F89C32032B2FD0802166
:10D37000204603F0A1F8204600F03CFB94F8A032D0
:10D38000012BDCD1002384F8A032002070BD9B1B50
:10D390001146C3611A4600F00DFB2B462A4629466A
:10D3A000204603F0CDF8C6E782699342DBD8D0F877
:10D3B00098329A42D7D20A4600F0FCFA2B462A4607
:10D3C00029462046C4F8985203F0BAF8B3E7D4F8D7
:10D3D000B832DB68002BCAD020469847C7E700BFA9
:10D3E00000210122D0F8B83280F89C224160C0F8B8
:10D3F0009412C0F8A412EBB1D0F8BC2270B5044668
:10D4000012B15B6803B198470022402501261146FE
:10D410004023204603F042F8002280212B4620467C
:10D42000A4F86461C4F8605103F038F80020A684C1
:10D43000256270BD032070470346002019747047B1
:10D440000346042193F89C220020D2B283F89D2247
:10D4500083F89C12704700BF90F89C32042B04D1D3
:10D4600090F89D32DBB280F89C320020704700BFFC
:10D47000D0F8B82262B108B590F89C32032B01D0E5
:10D48000002008BDD369002BFAD09847002008BDC2
:10D490000320704730B50B780D4603F06003202B56
:10D4A000044683B028D0402B26D05BB18021204693
:10D4B00003F002F80021204602F0FEFF0025284676
:10D4C00003B030BD4B78092BF0D801A252F823F0FD
:10D4D00043D500086BD50008ADD4000889D50008F5
:10D4E000ADD4000891D50008CBD50008ADD4000814
:10D4F00001D600080BD5000829462046D4F8B832DA
:10D500009B6803B0BDE8304018478978B14D0129C8
:10D51000297000F23B8190F89C32022BDAB200F0C5
:10D520001D81032A00F0FA80802102F0C5FF00214E
:10D53000204602F0C1FF20462978FFF781FE03252F
:10D54000BDE790F89C32013B022BAFD8CA88022A73
:10D55000ACD1D0F8A4320146003B18BF01235B00D8
:10D5600041F80C3F00F018FAA8E790F89C32013B14
:10D57000022B9BD84B88012BA0D100232046C4F856
:10D58000A43200F02BFA99E74B88012B96D1F5E7EE
:10D590008B88002B8AD1CB88002B87D14B887F2B9F
:10D5A00084D890F89C22032A80D0DDB2294680F8E6
:10D5B0009E5202F0ADFF204600F010FA002D00F060
:10D5C000FB80022384F89C3278E700216A88ADF85A
:10D5D0000610130A013B062B3FF668AF01A151F874
:10D5E00023F000BF95D600087BD60008A5D600081A
:10D5F000ADD40008ADD4000865D6000829D60008CF
:10D60000CA88012A7FF452AF90F89C32022BD9B21B
:10D6100000F2B58000293FF449AF0146002341F8EC
:10D62000083F00F0B9F949E7037C002B7FF43EAFD7
:10D63000D0F8B8320DF106001B6B984707234370F2
:10D64000EB88002B66D0BDF80620002A3FF42EAFF1
:10D650009A4228BF1A4601462046ADF8062000F03F
:10D660009BF92BE7037C002B7FF420AFD0F8B83276
:10D670000DF106005B6B9847E2E7027CD0F8B83208
:10D68000002A40F08B809B6A0DF106009847022328
:10D690004370D5E7D0F8B4320DF106011B68007C69
:10D6A0009847CDE7D1B2052900F28A80DFE801F082
:10D6B00026201A140E03D0F8B4329B69002B3FF4D5
:10D6C000F5AE207C0DF106019847B9E7D0F8B432E9
:10D6D0005B69002BF5D1E9E6D0F8B4321B69002B69
:10D6E000EFD1E3E6D0F8B432DB68002BE9D1DDE618
:10D6F000D0F8B4329B68002BE3D1D7E6D0F8B4322F
:10D700005B68002BDDD1D1E60223416080F89C32BA
:10D71000FFF796FD204600F061F9CFE60029F3D02F
:10D7200041680129F6D0C9B2FFF78AFD2978204661
:10D730006160FFF77DFD05460028EBD08021204683
:10D7400002F0BAFE0021204602F0B6FE2046217902
:10D75000FFF776FD022384F89C32B0E60029D9D089
:10D7600001214160FFF764FD0546F0B180212046AC
:10D7700002F0A2FE0021204602F09EFE9FE6032951
:10D780007FF494AE011D00F007F997E6802102F0C6
:10D7900093FE0021204602F08FFED0E6DB6A0DF1F9
:10D7A00006009847022343704AE7204600F016F926
:10D7B000032384F89C3281E6012384F89C327DE6C1
:10D7C000D0F8B8329B6B002B3FF470AE0DF106021F
:10D7D000984735E7E42A032038B50B780D465A06FA
:10D7E00004460DD503F06002402A09D0802102F0E2
:10D7F00063FE0021204602F05FFE0025284638BD6A
:10D8000094F89C32013B022B12D82B79032B0FD8B2
:10D81000D4F8B83229469B6820469847EB880546DD
:10D82000002BEBD10028E9D1204600F0D7F8E5E73E
:10D830008021204602F040FE0021204602F03CFEFE
:10D84000DBE700BF70B50B780D4603F06003202BBB
:10D8500004464CD0402B4AD04BB18021204602F0E8
:10D860002BFE0021204602F027FE002070BD6B78C1
:10D870008A88012BD1B22BD0032B40D0002BECD1C6
:10D8800090F89C32022BD8B253D00328E5D101F096
:10D890000F0303EB8303120604EB830358D4B3F89E
:10D8A0006431002BD9D001EB810504EB850505F52A
:10D8B000AA75002958D0204602F016FE002859D03B
:10D8C00001232B6002222946204600F065F8CCE7B0
:10D8D00090F89C32022BDAB222D0032ABDD16B8899
:10D8E000002BC2D14E0642D1204600F077F8D4F882
:10D8F000B83229462046BDE870409B68184790F82A
:10D900009C32022BDAB20BD0032AA6D16B881BB94A
:10D910004A0601D0EB887BB3204600F05FF8A4E70D
:10D920004B069AD002F0C8FD8021204602F0C4FDCB
:10D930009BE7480691D1002311064CBF04F1140166
:10D9400004F5AA71022220460B6000F025F88CE74E
:10D950009B8C002B81D001F07F05013505EB8505FF
:10D96000802904EB8505A6D100232B60AAE702F0ED
:10D97000AFFDB9E72860A5E702F09EFDCCE700BF48
:10D980000B7803704B7843704B8843808B8883807F
:10D99000CB88C380704700BF10B5134602240A46E7
:10D9A000C0E906330021C0F8944202F0BDFD00201A
:10D9B00010BD00BF8C4608B500211346624602F038
:10D9C000B3FD002008BD00BF8C4608B500211346FA
:10D9D000624602F0B5FD002008BD00BF002310B56F
:10D9E00004241A461946C0F8944202F09DFD002016
:10D9F00010BD00BF002310B505241A461946C0F813
:10DA0000944202F09DFD002010BD00BF08B54FF00C
:10DA1000E0231B6901F00EFD012800D108BDBDE81F
:10DA2000084002F05BBA00BF08B5EFF3058313B1FD
:10DA30006FF0050008BD01F0FDFC012807D0EFF3F1
:10DA40001083002BF4D1EFF31183002BF0D101F000
:10DA5000F1FC0128034604D1034A106808B9136099
:10DA600008BD4FF0FF3008BD40380320EFF30583B9
:10DA700013B16FF00500704710B501F0DBFC012811
:10DA800009D0EFF3108313B16FF0050010BDEFF371
:10DA90001183002BF8D101F0CDFC01280CD1084BEB
:10DAA0001A68012A08D1002402220649CC771A609C
:10DAB00001F0C0FA204610BD4FF0FF3010BD00BF8E
:10DAC0004038032000ED00E0F0B5002587B0144693
:10DAD0000595EFF3058212B1002007B0F0BD0746AF
:10DAE0000E4601F0A7FC012809D0EFF3108313B113
:10DAF000059807B0F0BDEFF31183002BF8D1002F8C
:10DB0000F6D00CB3A569DDB918256368DB07E3D44B
:10DB100063693BB39A08A068D4F800C0E16820B3F9
:10DB2000AB29E5D921690029E2D0002BE0D0CDE96D
:10DB30000110334661463846009501F045F9CCE7BF
:10DB40006B1E372BE1D9C7E74FF4807218252146A9
:10DB500005AC334638460095019401F069F9012877
:10DB6000BAD1C5E74FF48072D5E70029C0D1236947
:10DB7000002BBDD1644692B2E9E700BFEFF3058305
:10DB800013B16FF00500704710B5044601F052FC68
:10DB9000012809D0EFF3108313B16FF0050010BD19
:10DBA000EFF31183002BF8D10CB9002010BD2046F3
:10DBB00001F022FAF9E700BF4FF4807330B4034D4F
:10DBC000034C05600C60136030BC70479437032031
:10DBD000943303204FF4007330B4034D034C0560BD
:10DBE0000C60136030BC7047E8320320E82A032041
:10DBF0004FF0FF31002200F10803C0E90131C0E914
:10DC000003330260704700BF00230361704700BF09
:10DC10004268036810B494680133C1E9012461606B
:10DC200091605DF8044B08610360704730B40D6883
:10DC30006B1C10D000F108031C465B681A68AA42EE
:10DC4000FAD902684B60013299608C6061600861AA
:10DC500030BC0260704704696368F2E7036910B47E
:10DC6000D0E901125C688A6051600021844208BFDB
:10DC70005A601A680161013A1A6018685DF8044B2D
:10DC8000704700BF70B51646026C0446856B2AB912
:10DC9000066801354EB31046A56370BD8EB9406865
:10DCA00002F0F2FC6368216CA2680B44934263604B
:10DCB00028BF236805F1010528BF63600020A56324
:10DCC00070BDC06802F0E0FC226CE36851429B1A10
:10DCD0002268E360934202D2A3680B44E360022E01
:10DCE00008D001350020A56370BD806801F0FAFB03
:10DCF000A660D1E7012D38BF0125DFE770B50546E5
:10DD000002F0CAF895F845305CB2002C14DD05F13C
:10DD1000240603E0631EDAB25CB26AB16B6A5BB1DF
:10DD2000304601F0B5FA0028F4D001F077FB631E0D
:10DD3000DAB25CB2002AF1D1FF2385F8453002F057
:10DD4000B9F802F0A9F895F844305CB2002C14DD63
:10DD500005F1100603E0631EDAB25CB26AB12B690A
:10DD60005BB1304601F094FA0028F4D001F056FB84
:10DD7000631EDAB25CB2002AF1D1FF2385F8443089
:10DD8000BDE8704002F096B870B568B3C56B044644
:10DD9000F5B1026CA2FB0525D5B90E4602F07CF860
:10DDA000D4E90F30FF2100FB03F32268181A6260E8
:10DDB00013440244A563C4E9023284F8441084F891
:10DDC000451046B9236993B902F074F8012070BD7B
:10DDD00002F0B8F9FEE704F11000FFF709FF04F1C3
:10DDE0002400FFF705FFEFE702F0ACF9FEE704F1CE
:10DDF000100001F04DFA0028E6D002F041F8E3E708
:10DE000070B582B09DF8186033B3054650B11C461A
:10DE10005AB139B150230193019B502B0DD002F020
:10DE200091F9FEE702F08EF9FEE70029FAD15023BE
:10DE30000193019B502BF2D12246C4E90F510121DD
:10DE40002046226084F84610019BFFF79DFF204684
:10DE500084F84C6002B070BD02F074F9FEE700BFB8
:10DE6000F0B585B00192002800F0878004460E4688
:10DE70001D46002961D0022D02D1E36B012B6FD129
:10DE800001F0D8FA00284ED002F006F8A26BE36B3E
:10DE90009A4258D3022D56D0002007460DE002F0DA
:10DEA00009F82046FFF72AFF01F01CF901F0F4FF02
:10DEB000A26BE36B01209A4245D3019B002B5FD0FC
:10DEC000002836D001F0F6FF01F004F901F0E4FF7C
:10DED00094F84430FF2B08BF84F8447094F8450050
:10DEE000FF2808BF84F8457001F0E4FF01A902A8EB
:10DEF00001F05CFA002848D101F0CEFFA26BE36B81
:10DF00009A42CCD101F0D6FF019904F1100001F042
:10DF10007FF92046FFF7F2FE01F0E4F80028C5D1B2
:10DF200001F0AEFFC2E7019B002BADD002F00AF971
:10DF3000FEE702A801F02EFAC4E7036C002B9AD08A
:10DF400002F000F9FEE72A4631462046FFF79AFE26
:10DF5000636A5BB938B901F0ADFF012005B0F0BDCF
:10DF600002F0F0F8FEE701F08BFFF4E704F1240083
:10DF700001F08EF90028EED0F5E702F0E3F8FEE7B5
:10DF800001F098FF002005B0F0BD2046FFF7B6FE77
:10DF900001F0A8F8F6E700BF70B582B011B35023C6
:10DFA0000193019B502B1AD10C46002601210546F6
:10DFB000C4E90F1684F8461020462460019BFFF741
:10DFC000E3FE334632463146204684F84C50A66084
:10DFD0002660E660FFF744FF204602B070BD02F005
:10DFE000B1F8FEE702F0AEF8FEE700BFF0B585B08D
:10DFF000019200286BD004460E4600295BD001F048
:10E0000019FA00285DD001F047FFA56B002D61D102
:10E01000019B002B42D002A801F0BCF92F4601F071
:10E0200049FF01F057F801F037FF94F84430FF2B17
:10E0300008BF84F8447094F84530FF2B08BF84F87B
:10E04000457001F037FF01A902A801F0AFF998B9B6
:10E0500001F022FFA36B33BB01F02CFF019904F107
:10E06000240001F0D5F82046FFF748FE01F03AF809
:10E0700068B901F005FF0AE02046FFF73FFE01F016
:10E0800031F801F009FFA36B43B101F013FF01F078
:10E0900003FFA56BF5B9019B002BC0D101F00AFF6E
:10E0A000002005B0F0BD01F005FF2046FFF726FE79
:10E0B00001F018F8EBE7036C002BA0D002F042F857
:10E0C000FEE7019B002B9ED002F03CF8FEE702F039
:10E0D00039F8FEE7226C5AB1E168A368114499420D
:10E0E000E16028BF2168304628BFE16002F0CCFA29
:10E0F000013DA56323691BB901F0DCFE0120D0E7D7
:10E1000004F1100001F0C4F80028F5D001F0B8FEC9
:10E11000F2E700BFF0B585B00191002878D0036C1C
:10E120000446002B3FD101F085F910B9019B002B6B
:10E130006BD101F0B1FEA56B002D7AD1019B002BB4
:10E1400060D002A801F026F92E462F4601F0B2FE5B
:10E1500000F0C0FF01F0A0FE94F84430FF2B08BF90
:10E1600084F8447094F84530FF2B08BF84F845705C
:10E1700001F0A0FE01A902A801F018F9B0B901F060
:10E180008BFEA36B23B301F095FE2046FFF7B6FD8F
:10E1900000F0A8FF01F080FEA56B002D49D1019B86
:10E1A000002BD3D12EE001F0CDFFFEE72046FFF794
:10E1B000A5FD00F097FF01F06FFEA36B2BB901F0F6
:10E1C00079FEC6B9002005B0F0BD01F073FEE1E7AD
:10E1D00001F070FE23681BB3019904F1240001F0E3
:10E1E00017F82046FFF78AFD00F07CFF0028D1D108
:10E1F00001F046FECEE701F04FFE616A59B9A06812
:10E2000001F0B8F901F056FEDCE701F09BFFFEE7F4
:10E2100001F098FFFEE7236B1968C1F13801EEE7C2
:10E2200001F03AFEA06801F015F9064601F042FE41
:10E23000D2E72368013DA56373B123691BB901F0DF
:10E2400039FE0120BFE704F1100001F021F8002899
:10E25000F5D001F015FEF2E701F0DAF9A060ECE785
:10E2600038B500B3A1B1124C6268234682421DD07A
:10E27000A44600221D68013208337DB1082A07D068
:10E280005D689C46A842F5D104EBC20CCCE90010B5
:10E2900038BD5D68A842F7D001320833082AF8D1AA
:10E2A000CCE90010F4E701F04DFFFEE70022EBE7B8
:10E2B0004838032070B504460E46154601F0ECFDC3
:10E2C00094F84430FF2B04BF002384F8443094F8C2
:10E2D0004530FF2B04BF002384F8453001F0EAFDF0
:10E2E000A36B23B12046BDE87040FFF707BD04F1E2
:10E2F00024002A46314600F09FFF2046BDE87040CA
:10E30000FFF7FCBC2DE9F8431C4683681646A3EBD7
:10E3100004089045474628BF1746E219934202D2A7
:10E3200001F010FFFEE7054680693A462044894621
:10E3300002F0AAF9B0450BD2AB68F21B9A4202D99F
:10E3400001F000FFFEE7A86909EB070102F09CF964
:10E35000AB68A019984228BFC01ABDE8F88300BF77
:10E360002DE9F0411C460B4681681546A1EB0408D7
:10E370009045474628BF1746E219914202D201F064
:10E38000E1FEFEE7816906463A461846214402F05E
:10E390007BF9A84506D3B3686019984228BFC01A14
:10E3A000BDE8F081B1693844EA1B02F06DF9F2E78B
:10E3B000F0B51646027F1C46D20705460F46036895
:10E3C00083B006D4B44228BF34467CB9204603B09B
:10E3D000F0BD04220DEB0201FFF7C2FF019A0346D4
:10E3E00096420CD20024204603B0F0BD22463946A6
:10E3F0002846FFF7B5FF2860204603B0F0BD16465B
:10E40000043CDFE7F0B51646027F1C46D2070546FE
:10E410000F46436883B007D5089A0196944211D2FB
:10E420000024204603B0F0BDB44228BF3446002C7F
:10E43000F7D0224639462846FFF764FF6860204639
:10E4400003B0F0BD04220DEB0201FFF75BFF344681
:10E450000346002CE5D0ECE72DE9F04182B0CBB1CA
:10E460001D46089BE3B1814204460E460FD8002AA0
:10E470000CBF4FF002084FF0030804280DD92423E5
:10E480000193019F9F420ED001F05CFEFEE701F078
:10E4900059FEFEE701F056FEFEE701F053FEFEE7EF
:10E4A00001F050FEFEE702465521284602F060F8D2
:10E4B000854202D001F046FEFEE73A460021089868
:10E4C00002F056F8089B012E38BF012618469D61C0
:10E4D0009C6083F81C80DE6002B0BDE8F08100BF64
:10E4E00038B568B1856802680168446803689A4273
:10E4F000F9D168180138001B854298BF401B38BD10
:10E5000001F020FEFEE700BF08B540B18268436815
:10E510000168D018401A824298BF801A08BD01F0E5
:10E5200011FEFEE72DE9F04387B00393002900F0C8
:10E5300084800446002800F08380037F8568DB0721
:10E5400017460E4605F1FF325ED4BA4228BF3A465E
:10E550009046039B002B33D004A800F005FF01F088
:10E560009BFCA16820682568626823689842F9D1FD
:10E570000D44013DAD1AA94298BF6D1AA84565D951
:10E580000021084601F06CFAD4F81490B9F1000F9C
:10E590005FD100F049FF606101F08CFC039A4946AD
:10E5A00000924B464A46484601F074F803A904A875
:10E5B000C4F8149000F0FAFE0028D0D05DB9A56828
:10E5C00022682168606823689A42F9D14B1E1B1AA1
:10E5D0005D1938BF1D462B463A4631462046CDF8D8
:10E5E0000080FFF70FFF054650B1A26863682168FD
:10E5F00013445B1A9A4298BF9B1AE2689A420CD95C
:10E60000284607B0BDE8F08307F1040847451AD251
:10E6100042459ED200230393D2E700F05BFD2369BD
:10E6200043B100262069334632463146009601F058
:10E630007DF8266100F056FDE2E701F083FDFEE77C
:10E6400001F080FDFEE701F07DFDFEE701F032FC08
:10E65000B4E701F077FDFEE7F0B583B0002942D0C2
:10E660000446002842D01F4690F81CC0D0F808E0AD
:10E670000CF0010C02EB8C0C25682668636820689E
:10E680008542F9D17644013EF31A9E45204698BF53
:10E69000A3EB0E03CDF800C0FFF7B4FE054650B162
:10E6A000A2686368216813445B1A9A4298BF9B1A58
:10E6B000E2689A4202D9284603B0F0BD01F042FD5B
:10E6C000236906464BB12069019700273B463A462D
:10E6D0003946009701F0AAF82761304601F03EFD67
:10E6E000284603B0F0BD01F02DFDFEE701F02AFD44
:10E6F000FEE700BF2DE9F04383B0002949D004466E
:10E70000002849D0077F0E4607F00107904699463A
:10E71000BF0073B9A368656822681D44AD1AAB4297
:10E7200098BFED1ABD4212D80025284603B0BDE8B7
:10E73000F08301F0B1FBA368656822681D44AD1A3F
:10E74000AB4298BFED1ABD421AD901F0B3FB2B467C
:10E75000424631462046FFF72BFE05460028E3D00F
:10E7600000F0B8FC636943B1002660693346324665
:10E770003146009600F0DAFF666100F0B3FCD4E7A2
:10E780000021084601F06CF9256945B101F0DAFC79
:10E79000FEE701F0D7FCFEE701F0D4FCFEE700F055
:10E7A00043FE206101F086FB2B462A462946284677
:10E7B000CDF8009000F06EFF2561ABE72DE9F04148
:10E7C000054601F069FB374A374F13680133136080
:10E7D0003B68002B35D0354CEB6A226852B3344E7F
:10E7E000344935480A6805F1040C01326A640A604C
:10E7F00002689A4238BF036003EB830306EB830091
:10E8000041689B00A960F258D1F808E00132C5F8D0
:10E810000CE0CEF804C0C1F808C06861F25001F005
:10E8200049FB236823B13A68EB6AD26A9A4210D353
:10E83000BDE8F0813A681E4ED26A9A4298BF3D60A8
:10E84000CEE73D601368012B07D0EB6A184E174CDA
:10E85000C6E7BDE8F04101F013BB154E344606F59E
:10E860008C6820461434FFF7C3F94445F9D1DFF82A
:10E870006480124C4046FFF7BBF92046FFF7B8F919
:10E880000F48FFF7B5F90F48FFF7B2F90E48FFF749
:10E89000AFF90E4BC3F800800D4B1C60EB6A034CC4
:10E8A0009EE700BFB83803208C3D0320AC3803201E
:10E8B0002C3903209C380320B0380320043903206E
:10E8C000E8380320D4380320BC3803200039032063
:10E8D000FC38032018390320F8B50446214B224E9A
:10E8E0001D6830680F460430FFF7B8F9631C17D075
:10E8F00033682D195D600BD21C4B186831680431E8
:10E90000FFF794F91A4B1A68AA4200D91D60F8BDA6
:10E91000184B18683168BDE8F8400431FFF786B934
:10E920006FB933686A1E5A60002DF1D10F4B186819
:10E9300031680431FFF77AF90D4B1B68F8BD0E4BB7
:10E9400031685A6837688A603068316835681C6891
:10E95000043001341C6094680431FC606060916094
:10E960006B61F8BDB43803208C3D032000390320CF
:10E9700098380320FC380320BC3803202DE9F047E9
:10E980008A460A9C95000746A5212A46206B984690
:10E99000089E01F0EDFDD4F83090BAF1000F0FD0D1
:10E9A0000AF1FF3C0AF10F0104F1330E1CF8012FAC
:10E9B0000EF8012F0AB18C45F8D1002384F84330BA
:10E9C000372E02D901F0BEFBFEE7E662E664201DA9
:10E9D000FFF71AF9C6F1380604F11800FFF714F929
:10E9E0004C220021A6612461646204F1580001F008
:10E9F000BFFD0B49043D01F16803E16509EB05002A
:10EA0000D0312366616643463A46216B20F0070009
:10EA100001F092FA099B206003B11C60BDE8F08709
:10EA2000E456032080B51E4DDFF884801D4E1E4F36
:10EA30001E4C2B684BB301F02FFAD8F80C30D3F8EA
:10EA40000C9009F10400FFF709F93368013B3360CA
:10EA50002B68013B2B6001F02DFA3868583001F02B
:10EA60008FFD99F8A93033B1012B14D0022BE0D0DF
:10EA700001F068FBFEE7D9F8300001F07BFC484666
:10EA800001F078FC2B68002BD5D12368012BD0D95D
:10EA900001F0F6F9CDE7484601F06CFCC9E700BF8C
:10EAA000D0380320B83803208C3D03202C390320B4
:10EAB000D43803202DE9F04F604B83B01C6801343B
:10EAC0001C60002C79D05E4B1A6894427CD35D4D5B
:10EAD0002A681268002A00F0AC804FF0000CCDE9E3
:10EAE000004366465848DFF874E1584F58E0D3F8C1
:10EAF0001490D3E90241A1609C684C60D9F80410DD
:10EB0000914204BFD968C9F80410D9F800105E61B9
:10EB10000139C9F80010D3F82890B9F1000F11D0CD
:10EB2000D3E90741A160DC694C60D9F80410414584
:10EB300004BF196AC9F80410D9F800109E6201399F
:10EB4000C9F80010D3F82C80D7F8009008EB8801A2
:10EB500000EB810AC845DAF8049088BFC7F8008046
:10EB600050F82180C3F80890D9F808B008F10108DE
:10EB7000C3F80CB0CBF80420C9F80820C3F814A0DF
:10EB800040F82180DEF80020D5F80080D96AD26AEA
:10EB9000D8F80030914288BF4CF0010C002B43D0D4
:10EBA0002B68009CDB68DB6859681A1D8C4203F1F6
:10EBB00018089CD2019B19600BE0224B1A6812685E
:10EBC000DAB101F0BFFAFEE74FF0000C1E48DFF8A3
:10EBD0008CE0DEF800301E4ADB6A03EB83039B0007
:10EBE000C0581368012898BF002B14BF01200020D3
:10EBF00040EA0C0003B0BDE8F08F164A18681168AF
:10EC00001960154910600A6801320A601A681268B2
:10EC100022B94FF0FF320A4B1A6055E71A68084BC9
:10EC2000D26812681A604FE7019B4FF0FF321A60FA
:10EC3000CFE794460448DFF824E0F6E7B438032031
:10EC400098380320003903202C390320B0380320E2
:10EC5000A4380320FC380320A03803208C3D032077
:10EC60002DE9F04F4E4C83B001F016F92368013BBB
:10EC700023602668002E40F083804A4B1B68002BDF
:10EC80007ED0494D2B68002B00F08680474F4848C6
:10EC9000DFF82CC1DFF82C810196EB68DB681A6A7B
:10ECA000DE69996AB260DE6903F1180E56604A683F
:10ECB000019E724504BF1A6A4A600A689E62013A60
:10ECC0000A60D9689E685A69B1609E6803F1040EB3
:10ECD0004E605168714504BFD968516011680139AF
:10ECE0001160DA6AD7F8009002EB820100EB810A2A
:10ECF0004A45DAF8049088BF3A6050F82120C3F8FA
:10ED00000890D9F808B00132C3F80CB0CBF804E091
:10ED1000C9F808E0C3F814A040F82120DCF800107E
:10ED2000DA6ACB6A9A4284BF0123C8F800302B68A4
:10ED3000002BB2D11F4B1A68126842B31A681E4BDF
:10ED4000D26812681A601D4E356895B1012706E039
:10ED5000FFF7B0FE08B1C8F80070013D08D0236885
:10ED6000002BF5D03368013D03F101033360F6D188
:10ED70003560D8F800301BB101F082F8012400E0C2
:10ED8000002401F097F8204603B0BDE8F08F4FF063
:10ED9000FF32094B1A60D6E7DFF82880D3E700BFBF
:10EDA00090380320B8380320E8380320B038032017
:10EDB0002C3903200039032098380320A838032079
:10EDC0008C3D0320A43803202DE9F04188B0DDE913
:10EDD0000F573DB34FB31646AC220792079AAC2AA1
:10EDE00002D001F0AFF9FEE704468846384607999D
:10EDF0000021059301F0BCFB20460E9C3D6300946E
:10EE00000224029787F8A94006AC32464146059B8A
:10EE10000194FFF7B3FD3846FFF7D0FC069808B021
:10EE2000BDE8F08101F08EF9FEE701F08BF9FEE715
:10EE30002DE9F043064685B0900015460F469846EA
:10EE400001F010FA08B30446AC2001F00BFA814639
:10EE5000C0B1AC22002101F08BFBC9F830400D9C01
:10EE6000434601940C9C2A4639463046CDF808901A
:10EE70000094FFF783FD4846FFF7A0FC012005B092
:10EE8000BDE8F083204601F075FA4FF0FF3005B081
:10EE9000BDE8F08370B50446304D00F0FDFF002C56
:10EEA00042D0261D3046FEF7D9FEA36A1BB104F1FD
:10EEB0001800FEF7D3FE2A4A1368013313602B684B
:10EEC000A34228D0274A28491368013B13600B68E6
:10EED0001B68DBB10A68254BD26812681A6000F023
:10EEE000E9FF2B68A3420AD02868583001F048FB9C
:10EEF00094F8A9301BB3012B28D0022B16D11C4B40
:10EF00001B6813B12B68A34213D070BD4FF0FF32C2
:10EF1000164B1A60E3E731461648FEF779FE164AAB
:10EF2000136801331360DAE72C68BAE701F00AF9D5
:10EF3000FEE7124B1B686BB101F004F9FEE7206B92
:10EF400001F018FA204601F015FAD8E7204601F042
:10EF500011FAD4E7BDE8704000F092BF8C3D032069
:10EF60009C380320B8380320003903209838032048
:10EF7000AC380320D4380320D03803209038032045
:10EF800038B578B3D1B11A4C23682BBB2368013351
:10EF90002360184B02681D6853182CBF0121002103
:10EFA000AA420ED8D9B103600021581BFFF794FC88
:10EFB000236801255BB901F0C5F8FEE701F0C2F84E
:10EFC000FEE761B9036023680025002BF3D0FFF74B
:10EFD00047FE50B1284638BD01F0B4F8FEE79D4227
:10EFE000E1D3EFE701F0AEF8FEE700F049FFF1E70B
:10EFF00090380320B4380320C0B110B50C4C216800
:10F0000011B101F09FF8FEE7236801332360FFF799
:10F0100063FC23681BB1FFF723FE18B110BD01F09C
:10F0200091F8FEE7BDE8104000F02ABF00F028BFCD
:10F030009038032030B5002489B007AA06A905A896
:10F04000CDE90544FEF7B8FDDDE905231849CDE912
:10F05000013218482346079A0094FFF7B5FE164B75
:10F06000186030B100F0B4FE0128054608D0013523
:10F0700003D0124B1B6809B030BD01F063F8FEE706
:10F0800001F060F84FF0FF300D4B0E4A1B680E493F
:10F09000583313600D4A0E4B086015601C60F1F781
:10F0A000B3FB00F085FF054B1B6809B030BD00BF06
:10F0B0003008010825EA000894380320701101087F
:10F0C0008C3D03202401032098380320AC38032012
:10F0D000B4380320024A136801331360704700BF3D
:10F0E0009038032008B5054B1B6813B901F02AF8C6
:10F0F000FEE7BDE80840FFF7B3BD00BF903803202E
:10F10000014B1868704700BFB4380320054B1B68DB
:10F110000BB9FFF7CFBC044A00201368013313601A
:10F12000704700BF90380320A8380320304B1B687D
:10F130001BB101222F4B1A6070472E4A70B5136025
:10F14000F1F76CFB2C4B2D4A1860156819682C4C94
:10F15000A94205D91E682068416D491B31444165AB
:10F160001968236811601B6B1A68B2F1A53F07D1BB
:10F170005A68B2F1A53F03D19A68B2F1A53F32D0E7
:10F18000206821683431F1F763F81E4D1E492B6861
:10F1900003EB830292008A58980042B903B3013B03
:10F1A00003EB830251F822209800002AF6D018447D
:10F1B00001EB800C6246DCF8041008324968914289
:10F1C000CCF8041008BFDCF80C10104A08BFCCF8CB
:10F1D0000410C96821602B6023685833136070BD28
:10F1E00000F0B0FFFEE7DB68B3F1A53FC8D1CCE784
:10F1F00090380320A4380320883803208C3803205B
:10F200008C3D0320B03803202C3903202401032037
:10F2100010B558B10C46074B19681831FEF706FDBA
:10F220002046BDE810400121FFF756BB00F08AFFE1
:10F23000FEE700BF8C3D0320F8B5034610B3134C26
:10F240005D680846002A11462268D4F800E0D561BE
:10F2500026682268D4F800C002F118041A68AF6862
:10F2600006F1180602F10102CEF8207018BF4FF027
:10F27000FF307E60AC60CCF828301A60BDE8F84002
:10F28000FFF72ABB00F05EFFFEE700BF8C3D0320C6
:10F29000C36870B5DB68002B57D0D3E907019A6AC1
:10F2A0008160DD6954684D60002503F118008442D7
:10F2B00008BF196A264C08BF516011689D62013968
:10F2C00011602268AAB1234A5468DC61A1681962FE
:10F2D00048601168A06001319A6211601E49DA6AC3
:10F2E0000B68DB6A9A422ED901231C4A1846136028
:10F2F00070BD5A69D3E9020181609C6850681D1D88
:10F300004C60A84208BFD968154808BF5160116811
:10F3100001391160DA6A01688A42124988BF0260C5
:10F3200002EB82024FEA820C01EB8202546851F830
:10F330000C009C60A6680130DE607560A5605A61B3
:10F3400041F80C00CAE7002070BD00F0FBFEFEE7AC
:10F3500090380320E83803208C3D0320A438032094
:10F36000B03803202C39032010B560B1044600F0FA
:10F3700093FD064A064B12681B68C4E90023BDE8EA
:10F38000104000F097BD00F0DDFEFEE7A03803203E
:10F39000B4380320034A044B12681B68C0E90023F9
:10F3A000704700BFA0380320B4380320F8B568B315
:10F3B0000D4641B3044600F06FFD2B68154A581CFA
:10F3C00011681BD0D4E90060DFF84CC0DCF8007095
:10F3D000BE4208D0884206D8002301242B6000F0EA
:10F3E00069FD2046F8BD0F1ABB42F5D95B1ADCF85F
:10F3F0000010126803442B60C4E90012002400F0DE
:10F4000059FD2046F8BD00F09DFEFEE700F09AFE93
:10F41000FEE700BFB4380320A03803200122014BCF
:10F420001A607047A4380320014B1868704700BF6A
:10F430008C3D0320054B1B6833B1054B1868B0FAAF
:10F4400080F040094000704701207047AC3803202D
:10F4500090380320F8B50446C8B11F4DC36A2A6826
:10F46000D26A934214D28269002A04DB2A68D26AE3
:10F47000C2F138028261194E626903EB830306EB25
:10F4800083039A420CD02B68DB6AE3620120F8BD4B
:10F490002B68C06CDB6A98422CBF00200120F8BDAD
:10F4A000271D3846FEF7DAFB2B680D4ADB6A116828
:10F4B000E3628B4288BF136003EB8303980006EB83
:10F4C000830359683258A1608D680132E5606F602E
:10F4D0008F6063613250D9E78C3D03202C390320C3
:10F4E000B038032098B1204B70B51B6804468342A6
:10F4F00002D000F027FEFEE71B6D53B1C16AC26C5B
:10F50000013B9142036500D033B1002070BD002063
:10F51000704700F017FEFEE7051D2846FEF79EFB2C
:10F52000E36C124AC3F13800A06101201168E36264
:10F530008B4288BF13600E4A03EB83034FEA830EAE
:10F5400002EB8303D3F804C052F80E10C4F808C0CD
:10F55000DCF808600144E6607560CCF8085063612F
:10F5600042F80E1070BD00BF8C3D0320B038032060
:10F570002C39032080B1036D70B504464BB1C06CCB
:10F58000E26A814238BF01468A4201D0012B04D091
:10F5900070BD00F0D7FDFEE770471A4B1B68A34211
:10F5A0002CD0A369E162002BA8BFC1F13801164D30
:10F5B000A8BFA16102EB8202616905EB8203994257
:10F5C000E6D1261D3046FEF749FB104AE36A116872
:10F5D0008B4288BF136003EB8303980005EB830322
:10F5E00059682A58A160D1F808C00132C4F80CC08B
:10F5F000CCF804608E6063612A5070BD00F0A2FDFB
:10F60000FEE700BF8C3D03202C390320B0380320D7
:10F61000044B1A681AB119680A6D01320A65186834
:10F62000704700BF8C3D032070B510B100F08AFD1B
:10F63000FEE7174D0E46144600F02EFC2B68D3F85B
:10F64000A43023B901212B6883F8A810CCB900F0AD
:10F6500031FC00F021FC2B68D3F8A44024B15EB14A
:10F6600000222B68C3F8A42000222B6883F8A8206E
:10F6700000F020FC204670BD2B68621EC3F8A42059
:10F68000F2E72046FFF728F900F0FAFBDFE700BFBA
:10F690008C3D0320F8B510B100F054FDFEE7224E7A
:10F6A0001D460C46174600F0F7FB336893F8A83068
:10F6B000022B0CD001213268D2F8A43023EA0403D3
:10F6C000C2F8A430336883F8A810069BFBB900F099
:10F6D000F1FB00F0E1FB1DB13368D3F8A4302B60DF
:10F6E000336893F8A830022B08D000240022336836
:10F6F00083F8A82000F0DEFB2046F8BD3268012424
:10F70000D2F8A43023EA0703C2F8A430EEE7184683
:10F71000FFF7E2F800F0B4FB00F0CCFB00F0BCFB1C
:10F72000002DD9D1DCE700BF8C3D032070B531BB83
:10F730000446B0B11D46164600F0AEFB049B1BB15B
:10F74000D4F8A430049A1360022294F8A83084F804
:10F75000A820DBB2042D5AD8DFE805F00A1A1408F5
:10F76000060000F0EFFCFEE7022B4ED0C4F8A460C8
:10F77000012B13D0012400F09DFB204670BD00F04A
:10F78000E1FCFEE7D4F8A4200132C4F8A420EFE79E
:10F79000D4F8A4203243C4F8A420E9E76369D4E98B
:10F7A00002128A60A0685968251D5060A94208BFEE
:10F7B000E2681A4908BF5A601A68013A1A60E36A97
:10F7C0000A689342164A88BF0B6003EB83039E00CE
:10F7D00002EB830358689159A060D0F808C001314A
:10F7E000C4F80CC0CCF8045085606361A36A9151E1
:10F7F00013B100F0A7FCFEE70A4BE26A1B68DB6A64
:10F800009A42B7D900F03CFBB4E70024B3E7064ABC
:10F810001268002AACD000F095FCFEE7B038032057
:10F820002C3903208C3D0320B438032070B5A0B3DD
:10F83000C9B91D460446164600F02AFC00F082FCB9
:10F84000049B1BB1D4F8A430049A1360022294F8EC
:10F85000A83084F8A820DBB2042D72D8DFE805F0C8
:10F860000A171108060000F06DFCFEE7022B66D0B7
:10F87000C4F8A460012B13D0012400F06FFC2046D3
:10F8800070BDD4F8A4200132C4F8A420F2E7D4F863
:10F89000A4203243C4F8A420ECE700F053FCFEE7B8
:10F8A000A36A13B100F04EFCFEE7294B1B68DBB1E5
:10F8B000284B5A681968E26195680131196004F1B2
:10F8C0001801256269609160A362234BE26A1B689C
:10F8D000DB6A9A42D0D9059B13B10123059A1360C4
:10F8E00001221E4B1A60C7E76369D4E902128A60DD
:10F8F000A168261D51605A68B24204BFE2685A608E
:10F900001A68013A1A60164AE36A11688B4288BF86
:10F910001360144A03EB830302EB830CDCF80450FE
:10F920009B00D158A560D5F808E00131C4F80CE07F
:10F93000CEF80460AE60C4F814C0D150C5E700240E
:10F940009BE7094A1268002A94D000F0FBFBFEE70F
:10F9500090380320E83803208C3D0320A43803208E
:10F96000B03803202C390320B4380320F8B5002820
:10F970003BD0B9B90446154600F08AFB00F0E2FB23
:10F98000022394F8A82084F8A830D4F8A430012ADF
:10F9900003F10103C4F8A43023D1A36A2BB100F012
:10F9A000D1FBFEE700F0CEFBFEE7274B1B68FBB167
:10F9B000264B5A681968E26196680131196004F1B2
:10F9C0001801266271609160A362214BE26A1B6894
:10F9D000DB6A9A4205D90DB101232B6001221D4B30
:10F9E0001A60BDE8F84000F0B9BB00F0ABFBFEE7E1
:10F9F0006369D4E902128A60A16804F1040E5160BF
:10FA00005A68724504BFE2685A601A68013A1A607F
:10FA1000114AE36A11688B4288BF13600F4A03EBF7
:10FA200083039E0002EB8303D3F804C09159C4F80A
:10FA300008C0DCF808700131E760C7F804E0CCF8D2
:10FA400008E063619151C0E790380320E838032053
:10FA50008C3D0320A4380320B03803202C39032028
:10FA600038B599B9044670B100F016FA94F8A83088
:10FA7000022B05BF00230125002584F8A83000F0E3
:10FA800019FA284638BD034B1C68EDE700F05AFB15
:10FA9000FEE700BF8C3D0320F0B5124C83B000F0B0
:10FAA000FBF9256825B103B0BDE8F04000F002BACB
:10FAB0000D4E0E4F3046FEF79BF83846FEF798F88D
:10FAC0000B490C4B00950A201F600E600A4B102159
:10FAD0000A4AFEF795F920600028E4D00849FEF7AD
:10FAE000BFFBE0E7883E0320A83E0320943E0320AE
:10FAF000903E03208C3E0320903D0320E03D0320F8
:10FB0000380801082DE9F047DFF884900546D9F858
:10FB100000300F46DB68DC6804F104084046FEF75D
:10FB20009DF894F828305A070ED423F0010384F886
:10FB300028302046236ABDE8F047184793421BD877
:10FB40002046236A98473546A3697A1BEE182CBFD6
:10FB500001210021B74266602461EFD2AF4201D299
:10FB60000029EDD0D9F800004146FEF75FF82046A5
:10FB7000236ABDE8F0471847044B41461868FEF772
:10FB800055F82046236ABDE8F04718478C3E03200D
:10FB9000903E03202DE9F047894D8A4E8A4F8B4CC9
:10FBA00084B02B68D3F80090B9F1000F40F0D480F6
:10FBB000FFF790FAFFF7A4FA3368804698423DD3E6
:10FBC0003B6830601A68B2FA82F252092068A9EBE9
:10FBD0000801FEF76FFBFFF785FA002800F0CD80E3
:10FBE000002269462068FEF701FA0028D9D0009B60
:10FBF0000298002BC0F2A880DDF80880D8F81430F5
:10FC00001BB108F10400FEF729F8FFF779FA336811
:10FC10008146984224D3009BC6F80090013B082BF4
:10FC2000DED8DFE803F02525816988252581690074
:10FC3000DB684FF0FF311868FFF764FF2B681A6824
:10FC4000002AF5D13A68C6F800802A603B60FFF7C9
:10FC500049FAC5E7DB684FF0FF311868FFF752FF3C
:10FC60002B681A68002AF5D13A683B602A60D2E70F
:10FC700098F82810019AD8F8180041F0010C1318D0
:10FC800088F828C02CBF4FF0010C4FF0000C4B45FA
:10FC9000C8F80430C8F8108072D8A9EB020290426C
:10FCA0003CD84A0711D421F0010188F828104046B9
:10FCB000D8F82030984793E7904277D84046D8F854
:10FCC000203098475346D8F8180010EB030A2CBF91
:10FCD00001210021D145A9EB0302C8F804A0C8F80E
:10FCE0001080E9D2994501D20029E7D0286808F1AF
:10FCF0000401FDF79BFFDAE798F82820019B42F00A
:10FD0000010288F82820C8F81830002B54D04B4442
:10FD10004B45C8F80430C8F8108036D8386808F168
:10FD20000401FDF783FF5BE798F8283023F0010317
:10FD300088F8283054E798F828309A0732D523F00D
:10FD4000010388F828304BE7019B03999847009BF3
:10FD5000002BFFF645AF4FE7DB68D3F80090FFF7C5
:10FD6000B9F9FFF7CDF9336880469842FFF466AFE2
:10FD7000814530600FD9002228E700F081F82FE795
:10FD80004A4502D9BCF1000F8BD0286808F1040164
:10FD9000FDF74CFF24E7FFF7A5F941464846FFF77A
:10FDA000B1FE1DE7404600F0E5FA19E7386808F1B2
:10FDB0000401FDF73BFF7AE700F0C4F9FEE700BF5E
:10FDC000903E0320803E03208C3E0320883E03208B
:10FDD00010B588B0FFF760FE0F4B1B68CBB1002455
:10FDE00007AA06A905A8CDE90544FDF7F3FE0222FE
:10FDF0002346059C00920294069C08490848079AED
:10FE00000194FEF7E1FF074B186010B1012008B024
:10FE100010BD00F097F9FEE7883E03204008010876
:10FE200095FB0008843E0320002200B5074B83B0F9
:10FE300001921B68013302D000F084F9FEE700F064
:10FE400081F9019B002BFCD003B000BD20010320F1
:10FE50004FF0E0220023072010B4074C1361936198
:10FE6000236806495DF8044BA1FB03139B09013B82
:10FE700053611061704700BFF4000320D34D62103E
:10FE80004FF0E0234FF08052C3F8042DBFF34F8FA3
:10FE9000BFF36F8F704700BF08B500F053F9044AF5
:10FEA000136801331360BFF34F8FBFF36F8F08BD2B
:10FEB0002001032008B5084B1A684AB11A68013AB4
:10FEC0001A60186800B108BDBDE8084000F046B9E6
:10FED00000F038F9FEE700BF2001032010B500F064
:10FEE00031F90446FFF712F928B14FF0E0234FF043
:10FEF0008052C3F8042D2046BDE8104000F02EB912
:10FF000008B5836913F8023C662B02D000F01AF999
:10FF1000FEE74FF0E023D3F8882D42F47002C3F8D7
:10FF2000882DD3F8342F42F04042C3F8342FBDE877
:10FF3000084000F0D5B800BF2DE9F04F4FF0113E5A
:10FF40004FF0807440E909E34FF0073340F8044C68
:10FF5000164C40F8343C40E903424FF005334FF073
:10FF600006324FF0123B40E90F324FF0033A4FF0A8
:10FF700002394FF001384FF010374FF009364FF08B
:10FF800008354FF004346FF0430340E905AB40E916
:10FF9000078940E90B6740F8305C40F8404C40F876
:10FFA000443C40F8481DBDE8F08F00BF29FE000822
:10FFB00000204FF0E0234FF07F4130B585B0029034
:10FFC000D3F81C0D2F4A0190C3F81C1DD3F81C3D1B
:10FFD0001B0E8DF803309DF8033003F0A00313705F
:10FFE000002B41D09DF80330DB4313F0A00F0BD062
:10FFF00000F0A8F8FEE7029B013302939DF803305E
:020000040801F1
:100000005B00DBB28DF803309DF803301B06F2D4A1
:10001000029B082B2BD0029AC2F10702120202F4B3
:10002000E0624FF0E023002501991748174C026069
:10003000C3F81C1DD3F8202D42F47F02C3F8202DF5
:10004000D3F8202D42F07F42C3F8202DFFF700FFA8
:10005000256000F065F8FFF769F803952368013320
:1000600007D000F06FF8FEE700F06CF8FEE7002222
:10007000D7E700F067F8039B002BFCD0002005B009
:1000800030BD00BFC03E0320BC3E03202001032042
:1000900008B5EFF305830F2B05D90B490B4A5B5CC1
:1000A00012789A420DD84FF0E023094AD3F80C3D5C
:1000B000126803F4E063934200D808BD00F042F8F0
:1000C000FEE700F03FF8FEE7F0E300E0C03E03206B
:1000D000BC3E032000000000000000000000000003
:1000E0000B4A1168086806C881F30B88022181F366
:1000F0001488203080F30988BFF36F8F4FF0000021
:1001000080F31188104700BFAFF30080AFF3008089
:100110008C3D0320000000000000000000000000F3
:1001200007480068006880F3088862B661B6BFF3CC
:100130004F8FBFF36F8F66DF00BF00BFAFF300804C
:1001400008ED00E0EFF311804FF0A00181F311887A
:10015000BFF34F8FBFF36F8F704700BF80F31188DD
:10016000BFF34F8FBFF36F8F704700BF00000000D9
:10017000EFF309801EF0100F08BF20ED108AEFF397
:100180000B82734620E9FC0F114A116808604FF09A
:10019000A00080F31188BFF34F8FBFF36F8FFEF77E
:1001A000C5FF4FF0000080F31188094A1168086804
:1001B000B0E8FC0F13F0100F08BFB0EC108A82F308
:1001C0000B8880F309881847AFF30080AFF30080F5
:1001D0008C3D032000000000000000000000000033
:1001E0001EF0040F0CBFEFF30880EFF30980044901
:1001F000084700BFAFF30080AFF30080AFF300808B
:1002000001FF000810B4154B1A461B688342FBD34C
:100210005468416802EB040C604513D04418A342B3
:1002200006D00360824218BF10605DF8044B70472F
:100230000B4C2468A342F4D0D3E90034214403607A
:100240004160EFE72144501883425160EDD10448EA
:1002500000688342E9D01046EEE700BFD83E032095
:10026000D43E0320F8B53D4E0446FEF733FF336815
:10027000002B52D0631E0A332ED814F0070304F16A
:10028000080121D1002927DB354F3D688D4223D35A
:10029000344B18461C6803E0236823B120461C46F3
:1002A00062688A42F8D33368A34215D0236806688F
:1002B0000360531A102B06F1080617D9601842077D
:1002C0000FD0FFF73FFFFEE7A3F109028A4203D3F5
:1002D0001034E11A0029D7DCFEF704FF002630466F
:1002E000F8BD43606160FFF78DFF626800201E4B20
:1002F000AD1A196842F000428D421C4938BF1D609A
:100300000B686260013320600B603D60FEF7EAFE1F
:100310007307E4D0FFF716FFFEE7154A510719D01F
:10032000D11D21F0070102F5C052531A0A460020E0
:100330000B44083B23F007030A4D9A1AC5E9001045
:100340003360C3E90000C1E900320749044B0A6089
:100350001A608FE711464FF4C053E8E7D43E0320FC
:10036000D03E0320D83E0320CC3E0320C83E0320CD
:10037000E03E032070B150F8043C10B5002B044659
:1003800005DA50F8082C32B1FFF7DCFEFEE7FFF784
:10039000D9FEFEE7704723F0004340F8043CFEF727
:1003A00099FE094A54F8043C1168A4F108000B4472
:1003B0001360FFF727FFBDE81040044A13680133BC
:1003C0001360FEF78FBE00BFD03E0320C43E032063
:1003D00038B50446D0F8D80204F52675294600F24F
:1003E000AA20FDF7CDFA2946D4F8D802BDE8384056
:1003F000FCF72EBF01EB810300EBC303D3F86421AC
:10040000D0F8D802FCF75CBF01EB810300EBC3031B
:100410005A6AD0F8D802FCF787BF00BFD0F8D802DC
:10042000FDF726B810B543790446022B01D0F0F74A
:10043000C5FDD4F8D8020121FCF7FEFFD4F8D8029C
:10044000BDE81040FCF7CCBF10B50446D0F8D80288
:10045000FCF7F6FF637A23B1024A136943F00603FF
:10046000136110BD00ED00E010B5437A04462BB9CE
:10047000D4F8D802BDE81040FCF7EEBF064A136975
:1004800023F006031361F0F7CFF9D4F8D802BDE8E2
:100490001040FCF7E1BF00BF00ED00E0944608B556
:1004A0001A46D0F8CC026346F9F78CF818B1022846
:1004B0000CBF0120032008BD08B5D0F8CC02F9F725
:1004C000EDF818B102280CBF0120032008BD00BFC1
:1004D00008B5D0F8CC02F9F719F918B102280CBF09
:1004E0000120032008BD00BF0A06D0F8CC3206D494
:1004F00001EB810103EBC10393F85201704701F056
:100500007F0101EB810103EBC103987C704700BFC1
:1005100008B5D0F8CC02F9F741F818B102280CBFA1
:100520000120032008BD00BF08B5D0F8CC02F9F7C0
:1005300099F818B102280CBF0120032008BD00BFA4
:1005400008B5D0F8CC02F9F775F818B102280CBF3D
:100550000120032008BD00BF014800F093B800BF90
:100560001C580320014800F08EB800BF1C5803201F
:1005700002440346934200D1704703F8011BF9E798
:100580002D4B1B68834270B5044653D0C3691BB31F
:10059000DB6863B10025E369DB685959B1B90435FB
:1005A000802DF8D1E3692046D96800F07BF8E36933
:1005B000196811B1204600F075F8E3699D685DB1D6
:1005C000294620462D6800F06DF8F8E70E682046B1
:1005D00000F068F83146E1E7616911B1204600F0AA
:1005E00061F8E16911B1204600F05CF8216B11B1AE
:1005F000204600F057F8616B11B1204600F052F828
:10060000A16B11B1204600F04DF8A16C11B120464C
:1006100000F048F8616C11B1204600F043F8E16A3F
:1006200011B1204600F03EF8236A1BB12046BDE818
:100630007040184770BD00BF2401032070B50D4BFA
:1006400000260D4D5B1B9C10A64209D10B4D00F0FE
:1006500073F80B4B00265B1B9C10A64205D170BDA6
:1006600055F8043B01369847EEE755F8043B013650
:100670009847F2E77C1101087C1101087C11010800
:1006800080110108704770470A44431E914200D10F
:10069000704710B511F8014B914203F8014FF9D1A1
:1006A00010BD000038B50546002941D051F8043C82
:1006B0000C1F002BB8BFE418FFF74EFF1D4A13684C
:1006C00033B9636014602846BDE83840FFF74ABF7D
:1006D000A34208D9206821188B4201BF19685B68C2
:1006E00009182160EDE71A465B680BB1A342FAD9FD
:1006F00011685018A0420BD12068014450181160B5
:100700008342E0D118685B68084453601060DAE700
:1007100002D90C232B60D6E7206821188B4202BF38
:1007200019685B680918636008BF21605460CAE7F4
:1007300038BD00BFE0560320F8B500BFF8BC08BCC8
:100740009E467047F8B500BFF8BC08BC9E4670478F
:080750005FF800F075010320C1
:1007580052414D4E5F54785461736B320000000073
:1007680052414D4E5F52785461736B320000000065
:1007780052414D4E5F53656E645553420000000070
:1007880052414D4E5F4469616754580052414D4E85
:100798005F4469616752580052414D4E5F4572721D
:1007A8006F725461736B000052414D4E5F50657219
:1007B800696F64696300000052414D4E5F53656E76
:1007C8006443414E0000000052414D4E5F52656344
:1007D8006569766543414E0052414D4E5F526563EF
:1007E800656976655553420043414C49425241542C
:1007F800494F4E2049443000454355422D436861D6
:100808007373697300000000536570202034203230
:100818003032360030313A31303A3234000000009C
:1008280052414D4E0000000049444C450000000074
:10083800546D725100000000546D722053766300AD
:100848005807010800000000000000000000000038
:1008580000000000000400002A0000000000000062
:100868000000000068070108000000000000000008
:10087800000000000000000000080000290000003F
:1008880000000000000000007807010800000000D8
:10089800000000000000000000000000000400004C
:1008A8003000000000000000000000008807010878
:1008B80000000000AC030320AC0000005804032033
:1008C800000400000F00000000000000000000000D
:1008D80094070108000000005C080320AC00000039
:1008E80008090320000400001000000000000000B8
:1008F80000000000A0070108000000000C0D032004
:10090800AC000000B80D0320000400003100000016
:100918000000000000000000B0070108000000000F
:10092800BC110320AC000000681203200004000082
:10093800200000000000000000000000C0070108BF
:10094800000000006C160320AC00000018170320FC
:100958000004000028000000000000000000000063
:10096800D0070108000000001C1B0320AC00000099
:10097800C81B03200004000018000000000000004D
:1009880000000000E007010800000000000000006F
:100998000000000000000000000400001800000033
:1009A800000000000000000000010100010100003B
:1009B800B511000829100008ED11000845100008BD
:1009C800191200087510000885150008B1150008EF
:1009D800311200088D10000849120008A5100008FF
:1009E80061120008BD1000088D12000845140008A7
:1009F800000000005D140008A5120008E5100008BA
:100A0800C9120008F5100008DD12000801110008DD
:100A180011130008251100083513000835110008C6
:100A280055130008751400088513000809150008F7
:100A3800D1130008A114000845110008611100082D
:100A4800E1150008A5160008FD150008D1160008D4
:100A580019160008FD1600083516000829170008A1
:100A680051160008551700086D1600088117000870
:100A78000D10000811100008000000008D1100087A
:100A88005D1500084D15000861150008511500088E
:100A9800151000081D10000889160008AD17000879
:100AA800651500085515000869150008591500084E
:100AB80071150008791500086D150008051500085E
:100AC800FECA77000000000043005800C901500129
:100AD800E107DF075205010700000000963007779D
:100AE8002C610EEEBA51099919C46D078FF46A701A
:100AF80035A563E9A395649E3288DB0EA4B8DC793A
:100B08001EE9D5E088D9D2972B4CB609BD7CB17EB9
:100B1800072DB8E7911DBF906410B71DF220B06A89
:100B28004871B9F3DE41BE847DD4DA1AEBE4DD6D99
:100B380051B5D4F4C785D38356986C13C0A86B6499
:100B48007AF962FDECC9658A4F5C0114D96C0663B9
:100B5800633D0FFAF50D088DC8206E3B5E10694C99
:100B6800E44160D5727167A2D1E4033C47D4044BD9
:100B7800FD850DD26BB50AA5FAA8B5356C98B242B9
:100B8800D6C9BBDB40F9BCACE36CD832755CDF4539
:100B9800CF0DD6DC593DD1ABAC30D9263A00DE5169
:100BA8008051D7C81661D0BFB5F4B42123C4B35659
:100BB8009995BACF0FA5BDB89EB802280888055FD9
:100BC800B2D90CC624E90BB1877C6F2F114C685839
:100BD800AB1D61C13D2D66B69041DC760671DB0127
:100BE800BC20D2982A10D5EF8985B1711FB5B606F9
:100BF800A5E4BF9F33D4B8E8A2C9077834F9000F39
:100C08008EA8099618980EE1BB0D6A7F2D3D6D08D8
:100C1800976C6491015C63E6F4516B6B62616C1CC8
:100C2800D83065854E0062F2ED95066C7BA5011BF8
:100C3800C1F4088257C40FF5C6D9B06550E9B71298
:100C4800EAB8BE8B7C88B9FCDF1DDD62492DDA1558
:100C5800F37CD38C654CD4FB5861B24DCE51B53A78
:100C68007400BCA3E230BBD441A5DF4AD795D83D78
:100C78006DC4D1A4FBF4D6D36AE96943FCD96E34B8
:100C8800468867ADD0B860DA732D0444E51D033398
:100C98005F4C0AAAC97C0DDD3C710550AA410227A8
:100CA80010100BBE86200CC925B56857B3856F2078
:100CB80009D466B99FE461CE0EF9DE5E98C9D929D8
:100CC8002298D0B0B4A8D7C7173DB359810DB42E18
:100CD8003B5CBDB7AD6CBAC02083B8EDB6B3BF9A64
:100CE8000CE2B6039AD2B1743947D5EAAF77D29DF0
:100CF8001526DB048316DC73120B63E3843B6494D0
:100D08003E6A6D0DA85A6A7A0BCF0EE49DFF0993CF
:100D180027AE000AB19E077D44930FF0D2A308873F
:100D280068F2011EFEC206695D5762F7CB676580EF
:100D380071366C19E7066B6E761BD4FEE02BD389EF
:100D48005A7ADA10CC4ADD676FDFB9F9F9EFBE8E4F
:100D580043BEB717D58EB060E8A3D6D67E93D1A18F
:100D6800C4C2D83852F2DF4FF167BBD16757BCA66F
:100D7800DD06B53F4B36B248DA2B0DD84C1B0AAF0F
:100D8800F64A0336607A0441C3EF60DF55DF67A88F
:100D9800EF8E6E3179BE69468CB361CB1A8366BC1F
:100DA800A0D26F2536E2685295770CCC03470BBB6F
:100DB800B91602222F260555BE3BBAC5280BBDB26F
:100DC800925AB42B046AB35CA7FFD7C231CFD0B50F
:100DD8008B9ED92C1DAEDE5BB0C2649B26F263EC01
:100DE8009CA36A750A936D02A906099C3F360EEB0F
:100DF8008567077213570005824ABF95147AB8E2CF
:100E0800AE2BB17B381BB60C9B8ED2920DBED5E5AE
:100E1800B7EFDC7C21DFDB0BD4D2D38642E2D4F1FE
:100E2800F8B3DD686E83DA1FCD16BE815B26B9F68E
:100E3800E177B06F7747B718E65A0888706A0FFFEE
:100E4800CA3B06665C0B0111FF9E658F69AE62F8AE
:100E5800D3FF6B6145CF6C1678E20AA0EED20DD7AE
:100E68005483044EC2B30339612667A7F71660D0CE
:100E78004D476949DB776E3E4A6AD1AEDC5AD6D90E
:100E8800660BDF40F03BD83753AEBCA9C59EBBDE2E
:100E98007FCFB247E9FFB5301CF2BDBD8AC2BACADE
:100EA8003093B353A6A3B4240536D0BA9306D7CD4E
:100EB8002957DE54BF67D9232E7A66B3B84A61C46E
:100EC800021B685D942B6F2A37BE0BB4A18E0CC32E
:100ED8001BDF055A8DEF022D52414D4E2A454355D1
:100EE8005F422A303030322A554E4954322A0000A7
:100EF800100210003F600002B80901083010010814
:100F080003000000280F010810000100400A010832
:100F18009010010803000000A80F0108110000004C
:100F280001F00000010000000004000000000000C3
:100F380003F00000030000000000000002000000B1
:100F480004F000000400000009F0000006000000A2
:100F580005F0000008000000000100000700000084
:100F6800FAFE00000D000000F1FE00000C00000079
:100F7800CCFD00000B00000041FE00000F00000047
:100F880000FF00001000000002FF0000FF0000004A
:100F980000EF0000FF000000D4FD0000FF0000008B
:100FA80024000000010000001A00000000000000FA
:100FB80039000000030000002F00000002000000BC
:100FC800430000000400000062000000060000006A
:100FD800580000000500000077000000080000002D
:100FE8006D000000070000009800000009000000E4
:100FF800A20000000A000000D30100000D0000005C
:10100800C90100000C000000A70100000B0000004F
:10101800B80100000E000000500100000F000000A1
:10102800BB010000100000001309F0180000004088
:101038000000000000000000080000000A00000096
:10104800FFFFFFFF060000000DFAFE180000004039
:10105800000000000000000008000000E803000095
:10106800FFFFFFFF0D0000004741FE0C000000409D
:1010780000000000000000000800000064000000FC
:10108800FFFFFFFF0F0000006200000000000000EB
:101098000000000000000000080000000A00000036
:1010A8001000200006000000D3010000000000002E
:1010B80000000000000000000800000064000000BC
:1010C800100020000D00000050010000000000008A
:1010D800000000000000000008000000640000009C
:1010E800100020000F00000000010203040506079D
:1010F800080C1014182030404543554200000000E9
:10110800A0860100400D0300801A060000350C007F
:1011180040420F0080841E0000093D0000127A0042
:101128000024F40000366E010048E801006CDC027F
:1011380000000000000000000000000000000000A7
:10114800000000000102030400000000000000008D
:101158000102030406070809000102030405060743
:0C116800080C1014182030403700000064
:08117400CCF0FE7F0100000039
:04117C002502000840
:041180000102000860
:10118400000000000000000000000000000000005B
:10119400000000000000000000000000000000004B
:1011A4000000000000000000000000000200000039
:1011B40001000000000000000000000000000040EA
:1011C4000000000002000000010000000000000018
:1011D4000000000000000000000000000000FF0705
:1011E40001000100000000000000000001000000F8
:1011F4000000000000000101FF070204140F0108B1
:10120400E9070000000000000000000000000000EA
:1012140000000000000000000000000000000000CA
:101224000000000000000000E907000000000000CA
:1012340000000000000000000000000000000000AA
:10124400000000000000000000000000000000009A
:101254005305000000000000000000000000000032
:10126400000000000000000000000000000000007A
:101274000000000000093D0001000000080000001B
:10128400000000000000000000000000000000005A
:101294000100000000000000000000002000000029
:1012A400AAAAAAAA2801032000000000E4560320E9
:1012B4004C570320B4570320000000000000000036
:1012C400000000000000000000000000000000001A
:1012D400000000000000000000000000000000000A
:1012E40000000000000000000000000000000000FA
:1012F4000000000070B58AB072B6AA244FF40055FD
:10130400684600F065F80621069BCDE9044543F0E4
:101314008063284A00910693936A002B03DA2649D6
:10132400264B91609360234B9A6A520003D524495B
:10133400244A19611A61244C2378012B36D00123E5
:1013440000264FF47A702370666000F045F8054675
:1013540068B12670174B9A6A42F080429A629A6A80
:1013640042F000429A6262B601200AB070BD114E8A
:10137400049A336C4FF47A7023F0FF0313433364FD
:10138400326C069B22F0806203F080631343336463
:10139400B36A43F40033B36200F01EF825700028EA
:1013A400D8D1B36A43F00063B362DCE702200AB029
:1013B40070BD00BF0020024023016745AB89EFCD1B
:1013C4003B2A19087F6E5D4C0001032000000000D9
:1013D4005FF800F0117D00085FF800F0B1790008B3
:04000005080060E5AA
:00000001FF
